iteration_id,cost_metrics_area,cost_metrics_dollar_cost,cost_metrics_embCarbon,cost_metrics_energy,cost_metrics_latency,cost_metrics_opeCarbon,iteration_id,Chiplet_1_area,Chiplet_1_power,Chiplet_1_sram_buf,Chiplet_1_sys_array_size,Chiplet_1_tech_node,Chiplet_2_area,Chiplet_2_power,Chiplet_2_sram_buf,Chiplet_2_sys_array_size,Chiplet_2_tech_node,Chiplet_3_area,Chiplet_3_power,Chiplet_3_sram_buf,Chiplet_3_sys_array_size,Chiplet_3_tech_node,Chiplet_4_area,Chiplet_4_power,Chiplet_4_sram_buf,Chiplet_4_sys_array_size,Chiplet_4_tech_node,Chiplet_5_area,Chiplet_5_power,Chiplet_5_sram_buf,Chiplet_5_sys_array_size,Chiplet_5_tech_node,Chiplet_6_area,Chiplet_6_power,Chiplet_6_sram_buf,Chiplet_6_sys_array_size,Chiplet_6_tech_node,pkg_HI_pkg_type,pkg_inter_pkg_conn,pkg_mem_pkg_conn_Chiplet_1,pkg_mem_pkg_conn_Chiplet_2,pkg_mem_pkg_conn_Chiplet_3,pkg_mem_pkg_conn_Chiplet_4,pkg_mem_pkg_conn_Chiplet_5,pkg_mem_pkg_conn_Chiplet_6,pkg_mem_pkg_conn_mem_type,pkg_protocol_2.5d,pkg_protocol_3d,WL_mapping_mapping_assign_workload_in_ascending_order,WL_mapping_mapping_chiplet_data_sharing_enabled,WL_mapping_mapping_dataflow,WL_mapping_mapping_if_splitting_k,WL_mapping_mapping_merge_tiles,WL_mapping_mapping_static_tiling
0,22.231546952681768,2280442.95,51305.74542019843,50217760.099371284,5521.666666666667,3192.36288702823,0,0.957922696,2.51875,1024,96x96,7,4.9976252555201786,6.821646341899999,1024,128x128,14,0.784712696,2.51875,512,96x96,7,3.3193280905479132,5.538366334949999,3072,128x128,10,2.927572174079395,3.8395579270749995,1024,96x96,14,0.378988,1.11875,256,64x64,7,2.5d,"{'from': 'Chiplet_2', 'to': 'Chiplet_4', 'connection_type': '2.5d_rdl', 'loc': '2.5d_chiplet'},{'from': 'Chiplet_2', 'to': 'Chiplet_5', 'connection_type': '2.5d_rdl', 'loc': '2.5d_chiplet'},{'from': 'Chiplet_2', 'to': 'Chiplet_1', 'connection_type': '2.5d_rdl', 'loc': '2.5d_chiplet'},{'from': 'Chiplet_2', 'to': 'Chiplet_3', 'connection_type': '2.5d_rdl', 'loc': '2.5d_chiplet'},{'from': 'Chiplet_1', 'to': 'Chiplet_3', 'connection_type': '2.5d_rdl', 'loc': '2.5d_chiplet'},{'from': 'Chiplet_1', 'to': 'Chiplet_2', 'connection_type': '2.5d_rdl', 'loc': '2.5d_chiplet'},{'from': 'Chiplet_3', 'to': 'Chiplet_1', 'connection_type': '2.5d_rdl', 'loc': '2.5d_chiplet'},{'from': 'Chiplet_3', 'to': 'Chiplet_2', 'connection_type': '2.5d_rdl', 'loc': '2.5d_chiplet'},{'from': 'Chiplet_4', 'to': 'Chiplet_5', 'connection_type': '2.5d_rdl', 'loc': '2.5d_chiplet'},{'from': 'Chiplet_4', 'to': 'Chiplet_2', 'connection_type': '2.5d_rdl', 'loc': '2.5d_chiplet'},{'from': 'Chiplet_4', 'to': 'Chiplet_6', 'connection_type': '2.5d_rdl', 'loc': '2.5d_chiplet'},{'from': 'Chiplet_5', 'to': 'Chiplet_4', 'connection_type': '2.5d_rdl', 'loc': '2.5d_chiplet'},{'from': 'Chiplet_5', 'to': 'Chiplet_2', 'connection_type': '2.5d_rdl', 'loc': '2.5d_chiplet'},{'from': 'Chiplet_5', 'to': 'Chiplet_6', 'connection_type': '2.5d_rdl', 'loc': '2.5d_chiplet'},{'from': 'Chiplet_6', 'to': 'Chiplet_4', 'connection_type': '2.5d_rdl', 'loc': '2.5d_chiplet'},{'from': 'Chiplet_6', 'to': 'Chiplet_5', 'connection_type': '2.5d_rdl', 'loc': '2.5d_chiplet'}",1,6,1,4,3,1,hbm2,ucie_std,na,0,0,ws,0,0,0
1,23.603377120471997,2205564.55,155065.29820205134,100476326.82403806,15803.1181318414,8601.881512519107,1,1.8849981800824636,3.1172648505374996,2048,96x96,10,1.7117881800824635,3.1172648505374996,1536,96x96,10,6.315940422320179,6.821646341899999,3072,128x128,14,0.784712696,2.51875,512,96x96,7,2.597993382379395,3.8395579270749995,512,96x96,14,3.5867297574793953,3.8395579270749995,2048,96x96,14,2.5d,"{'from': 'Chiplet_3', 'to': 'Chiplet_4', 'connection_type': '2.5d_emib', 'loc': '2.5d_chiplet'},{'from': 'Chiplet_3', 'to': 'Chiplet_5', 'connection_type': '2.5d_emib', 'loc': '2.5d_chiplet'},{'from': 'Chiplet_3', 'to': 'Chiplet_2', 'connection_type': '2.5d_emib', 'loc': '2.5d_chiplet'},{'from': 'Chiplet_3', 'to': 'Chiplet_6', 'connection_type': '2.5d_emib', 'loc': '2.5d_chiplet'},{'from': 'Chiplet_2', 'to': 'Chiplet_4', 'connection_type': '2.5d_emib', 'loc': '2.5d_chiplet'},{'from': 'Chiplet_2', 'to': 'Chiplet_3', 'connection_type': '2.5d_emib', 'loc': '2.5d_chiplet'},{'from': 'Chiplet_4', 'to': 'Chiplet_3', 'connection_type': '2.5d_emib', 'loc': '2.5d_chiplet'},{'from': 'Chiplet_4', 'to': 'Chiplet_2', 'connection_type': '2.5d_emib', 'loc': '2.5d_chiplet'},{'from': 'Chiplet_6', 'to': 'Chiplet_3', 'connection_type': '2.5d_emib', 'loc': '2.5d_chiplet'},{'from': 'Chiplet_6', 'to': 'Chiplet_5', 'connection_type': '2.5d_emib', 'loc': '2.5d_chiplet'},{'from': 'Chiplet_6', 'to': 'Chiplet_1', 'connection_type': '2.5d_emib', 'loc': '2.5d_chiplet'},{'from': 'Chiplet_5', 'to': 'Chiplet_3', 'connection_type': '2.5d_emib', 'loc': '2.5d_chiplet'},{'from': 'Chiplet_5', 'to': 'Chiplet_1', 'connection_type': '2.5d_emib', 'loc': '2.5d_chiplet'},{'from': 'Chiplet_5', 'to': 'Chiplet_6', 'connection_type': '2.5d_emib', 'loc': '2.5d_chiplet'},{'from': 'Chiplet_1', 'to': 'Chiplet_5', 'connection_type': '2.5d_emib', 'loc': '2.5d_chiplet'},{'from': 'Chiplet_1', 'to': 'Chiplet_6', 'connection_type': '2.5d_emib', 'loc': '2.5d_chiplet'}",1,1,3,1,1,1,ddr5,bow,na,0,0,ws,1,0,0
2,19.28656946032989,2466399.76,56157.76478379505,48678651.643121086,3402.7863368254248,2406.359704661725,2,4.1253109519999995,10.4826,4096,192x192,7,0.784712696,2.51875,512,96x96,7,1.8849981800824636,3.1172648505374996,2048,96x96,10,3.665749090547913,5.538366334949999,4096,128x128,10,0.378988,1.11875,256,64x64,7,0.656621759447044,1.3845915837374998,256,64x64,10,2.5d,"{'from': 'Chiplet_1', 'to': 'Chiplet_4', 'connection_type': '2.5d_rdl', 'loc': '2.5d_chiplet'},{'from': 'Chiplet_1', 'to': 'Chiplet_2', 'connection_type': '2.5d_rdl', 'loc': '2.5d_chiplet'},{'from': 'Chiplet_1', 'to': 'Chiplet_6', 'connection_type': '2.5d_rdl', 'loc': '2.5d_chiplet'},{'from': 'Chiplet_2', 'to': 'Chiplet_1', 'connection_type': '2.5d_rdl', 'loc': '2.5d_chiplet'},{'from': 'Chiplet_2', 'to': 'Chiplet_6', 'connection_type': '2.5d_rdl', 'loc': '2.5d_chiplet'},{'from': 'Chiplet_6', 'to': 'Chiplet_1', 'connection_type': '2.5d_rdl', 'loc': '2.5d_chiplet'},{'from': 'Chiplet_6', 'to': 'Chiplet_2', 'connection_type': '2.5d_rdl', 'loc': '2.5d_chiplet'},{'from': 'Chiplet_4', 'to': 'Chiplet_3', 'connection_type': '2.5d_rdl', 'loc': '2.5d_chiplet'},{'from': 'Chiplet_4', 'to': 'Chiplet_5', 'connection_type': '2.5d_rdl', 'loc': '2.5d_chiplet'},{'from': 'Chiplet_4', 'to': 'Chiplet_1', 'connection_type': '2.5d_rdl', 'loc': '2.5d_chiplet'},{'from': 'Chiplet_3', 'to': 'Chiplet_4', 'connection_type': '2.5d_rdl', 'loc': '2.5d_chiplet'},{'from': 'Chiplet_3', 'to': 'Chiplet_5', 'connection_type': '2.5d_rdl', 'loc': '2.5d_chiplet'},{'from': 'Chiplet_5', 'to': 'Chiplet_3', 'connection_type': '2.5d_rdl', 'loc': '2.5d_chiplet'},{'from': 'Chiplet_5', 'to': 'Chiplet_4', 'connection_type': '2.5d_rdl', 'loc': '2.5d_chiplet'}",6,1,2,5,1,1,hbm3,ucie_std,na,0,0,is,0,0,0
3,47.080163084721676,4556593.13,110665.0838657783,188503688.3016678,3243.954248366013,6234.737585182338,3,14.117807839976791,15.979573171754398,6144,192x192,14,0.916436759447044,1.3845915837374998,1024,64x64,10,4.1253109519999995,10.4826,4096,192x192,7,8.112421457366196,12.973514847541198,8192,192x192,10,1.86237254,4.475,2048,128x128,7,0.552198,1.11875,768,64x64,7,2.5d,"{'from': 'Chiplet_1', 'to': 'Chiplet_4', 'connection_type': '2.5d_rdl', 'loc': '2.5d_chiplet'},{'from': 'Chiplet_1', 'to': 'Chiplet_3', 'connection_type': '2.5d_rdl', 'loc': '2.5d_chiplet'},{'from': 'Chiplet_1', 'to': 'Chiplet_6', 'connection_type': '2.5d_rdl', 'loc': '2.5d_chiplet'},{'from': 'Chiplet_6', 'to': 'Chiplet_3', 'connection_type': '2.5d_rdl', 'loc': '2.5d_chiplet'},{'from': 'Chiplet_6', 'to': 'Chiplet_1', 'connection_type': '2.5d_rdl', 'loc': '2.5d_chiplet'},{'from': 'Chiplet_4', 'to': 'Chiplet_3', 'connection_type': '2.5d_rdl', 'loc': '2.5d_chiplet'},{'from': 'Chiplet_4', 'to': 'Chiplet_5', 'connection_type': '2.5d_rdl', 'loc': '2.5d_chiplet'},{'from': 'Chiplet_4', 'to': 'Chiplet_1', 'connection_type': '2.5d_rdl', 'loc': '2.5d_chiplet'},{'from': 'Chiplet_3', 'to': 'Chiplet_4', 'connection_type': '2.5d_rdl', 'loc': '2.5d_chiplet'},{'from': 'Chiplet_3', 'to': 'Chiplet_1', 'connection_type': '2.5d_rdl', 'loc': '2.5d_chiplet'},{'from': 'Chiplet_3', 'to': 'Chiplet_2', 'connection_type': '2.5d_rdl', 'loc': '2.5d_chiplet'},{'from': 'Chiplet_3', 'to': 'Chiplet_6', 'connection_type': '2.5d_rdl', 'loc': '2.5d_chiplet'},{'from': 'Chiplet_3', 'to': 'Chiplet_5', 'connection_type': '2.5d_rdl', 'loc': '2.5d_chiplet'},{'from': 'Chiplet_5', 'to': 'Chiplet_3', 'connection_type': '2.5d_rdl', 'loc': '2.5d_chiplet'},{'from': 'Chiplet_5', 'to': 'Chiplet_4', 'connection_type': '2.5d_rdl', 'loc': '2.5d_chiplet'},{'from': 'Chiplet_5', 'to': 'Chiplet_2', 'connection_type': '2.5d_rdl', 'loc': '2.5d_chiplet'},{'from': 'Chiplet_2', 'to': 'Chiplet_3', 'connection_type': '2.5d_rdl', 'loc': '2.5d_chiplet'},{'from': 'Chiplet_2', 'to': 'Chiplet_5', 'connection_type': '2.5d_rdl', 'loc': '2.5d_chiplet'}",3,1,1,1,1,1,ddr4,ucie_std,na,0,0,os,0,0,0
4,15.406669205009456,2647611.43,131867.73229379574,45199399.73275508,6946.709556139684,4086.5118169727307,4,1.51595254,4.475,1024,128x128,7,0.638803,1.11875,1024,64x64,7,2.597993382379395,3.8395579270749995,512,96x96,14,0.916436759447044,1.3845915837374998,1024,64x64,10,1.249405813087535,1.7054115854749998,256,64x64,14,6.726740457366197,12.973514847541198,4096,192x192,10,2.5d_3d,"{'from': 'Chiplet_3', 'to': 'Chiplet_4', 'connection_type': '3d_hyb_bond', 'loc': 'stack0_base'},{'from': 'Chiplet_4', 'to': 'na', 'connection_type': '3d_hyb_bond', 'loc': 'stack0_top'},{'from': 'Chiplet_6', 'to': 'Chiplet_3', 'connection_type': '2.5d_emib', 'loc': '2.5d_chiplet'},{'from': 'Chiplet_6', 'to': 'Chiplet_1', 'connection_type': '2.5d_emib', 'loc': '2.5d_chiplet'},{'from': 'Chiplet_3', 'to': 'Chiplet_5', 'connection_type': '2.5d_emib', 'loc': '2.5d_chiplet'},{'from': 'Chiplet_3', 'to': 'Chiplet_1', 'connection_type': '2.5d_emib', 'loc': '2.5d_chiplet'},{'from': 'Chiplet_3', 'to': 'Chiplet_2', 'connection_type': '2.5d_emib', 'loc': '2.5d_chiplet'},{'from': 'Chiplet_3', 'to': 'Chiplet_6', 'connection_type': '2.5d_emib', 'loc': '2.5d_chiplet'},{'from': 'Chiplet_2', 'to': 'Chiplet_3', 'connection_type': '2.5d_emib', 'loc': '2.5d_chiplet'},{'from': 'Chiplet_2', 'to': 'Chiplet_5', 'connection_type': '2.5d_emib', 'loc': '2.5d_chiplet'},{'from': 'Chiplet_1', 'to': 'Chiplet_3', 'connection_type': '2.5d_emib', 'loc': '2.5d_chiplet'},{'from': 'Chiplet_1', 'to': 'Chiplet_5', 'connection_type': '2.5d_emib', 'loc': '2.5d_chiplet'},{'from': 'Chiplet_1', 'to': 'Chiplet_6', 'connection_type': '2.5d_emib', 'loc': '2.5d_chiplet'},{'from': 'Chiplet_5', 'to': 'Chiplet_3', 'connection_type': '2.5d_emib', 'loc': '2.5d_chiplet'},{'from': 'Chiplet_5', 'to': 'Chiplet_1', 'connection_type': '2.5d_emib', 'loc': '2.5d_chiplet'},{'from': 'Chiplet_5', 'to': 'Chiplet_2', 'connection_type': '2.5d_emib', 'loc': '2.5d_chiplet'}",2,1,3,1,1,8,hbm2,aib,ucie_3d,1,0,os,1,0,0
5,13.459637698525109,2858622.04,73855.95041181962,45903435.38804905,3770.103148751357,2590.262856756785,5,2.55521354,4.475,4096,128x128,7,3.3193280905479132,5.538366334949999,3072,128x128,10,3.665749090547913,5.538366334949999,4096,128x128,10,4.9976252555201786,6.821646341899999,1024,128x128,14,0.638803,1.11875,1024,64x64,7,1.4141952089375351,1.7054115854749998,512,64x64,14,2.5d_3d,"{'from': 'Chiplet_4', 'to': 'Chiplet_3', 'connection_type': '3d_hyb_bond', 'loc': 'stack0_base'},{'from': 'Chiplet_3', 'to': 'Chiplet_1', 'connection_type': '3d_hyb_bond', 'loc': 'stack0_middle1'},{'from': 'Chiplet_1', 'to': 'Chiplet_6', 'connection_type': '3d_hyb_bond', 'loc': 'stack0_middle2'},{'from': 'Chiplet_6', 'to': 'na', 'connection_type': '3d_hyb_bond', 'loc': 'stack0_top'},{'from': 'Chiplet_4', 'to': 'Chiplet_5', 'connection_type': '2.5d_rdl', 'loc': '2.5d_chiplet'},{'from': 'Chiplet_4', 'to': 'Chiplet_2', 'connection_type': '2.5d_rdl', 'loc': '2.5d_chiplet'},{'from': 'Chiplet_2', 'to': 'Chiplet_4', 'connection_type': '2.5d_rdl', 'loc': '2.5d_chiplet'},{'from': 'Chiplet_2', 'to': 'Chiplet_5', 'connection_type': '2.5d_rdl', 'loc': '2.5d_chiplet'},{'from': 'Chiplet_5', 'to': 'Chiplet_4', 'connection_type': '2.5d_rdl', 'loc': '2.5d_chiplet'},{'from': 'Chiplet_5', 'to': 'Chiplet_2', 'connection_type': '2.5d_rdl', 'loc': '2.5d_chiplet'}",2,3,4,5,1,1,hbm3,ucie_std,ucie_3d,1,0,os,0,0,0
6,30.111351256473935,3764845.25,95553.90876415813,141695490.089161,22153.12171770197,17240.716957273275,6,1.304342696,2.51875,2048,96x96,7,3.3193280905479132,5.538366334949999,3072,128x128,10,5.5109919519999995,10.4826,8192,192x192,7,0.829831759447044,1.3845915837374998,768,64x64,10,3.665749090547913,5.538366334949999,4096,128x128,10,5.5109919519999995,10.4826,8192,192x192,7,2.5d,"{'from': 'Chiplet_3', 'to': 'Chiplet_4', 'connection_type': '2.5d_rdl', 'loc': '2.5d_chiplet'},{'from': 'Chiplet_3', 'to': 'Chiplet_5', 'connection_type': '2.5d_rdl', 'loc': '2.5d_chiplet'},{'from': 'Chiplet_3', 'to': 'Chiplet_6', 'connection_type': '2.5d_rdl', 'loc': '2.5d_chiplet'},{'from': 'Chiplet_5', 'to': 'Chiplet_4', 'connection_type': '2.5d_rdl', 'loc': '2.5d_chiplet'},{'from': 'Chiplet_5', 'to': 'Chiplet_3', 'connection_type': '2.5d_rdl', 'loc': '2.5d_chiplet'},{'from': 'Chiplet_4', 'to': 'Chiplet_3', 'connection_type': '2.5d_rdl', 'loc': '2.5d_chiplet'},{'from': 'Chiplet_4', 'to': 'Chiplet_5', 'connection_type': '2.5d_rdl', 'loc': '2.5d_chiplet'},{'from': 'Chiplet_6', 'to': 'Chiplet_3', 'connection_type': '2.5d_rdl', 'loc': '2.5d_chiplet'},{'from': 'Chiplet_6', 'to': 'Chiplet_1', 'connection_type': '2.5d_rdl', 'loc': '2.5d_chiplet'},{'from': 'Chiplet_6', 'to': 'Chiplet_2', 'connection_type': '2.5d_rdl', 'loc': '2.5d_chiplet'},{'from': 'Chiplet_2', 'to': 'Chiplet_1', 'connection_type': '2.5d_rdl', 'loc': '2.5d_chiplet'},{'from': 'Chiplet_2', 'to': 'Chiplet_6', 'connection_type': '2.5d_rdl', 'loc': '2.5d_chiplet'},{'from': 'Chiplet_1', 'to': 'Chiplet_2', 'connection_type': '2.5d_rdl', 'loc': '2.5d_chiplet'},{'from': 'Chiplet_1', 'to': 'Chiplet_6', 'connection_type': '2.5d_rdl', 'loc': '2.5d_chiplet'}",1,1,2,1,1,2,ddr4,ucie_std,na,1,0,ws,1,0,0
7,27.345007625663502,3077385.34,162955.5838269198,32201372.196591593,27965.777291623875,16697.20931684545,7,3.3193280905479132,5.538366334949999,3072,128x128,10,4.9976252555201786,6.821646341899999,1024,128x128,14,2.597993382379395,3.8395579270749995,512,96x96,14,1.51595254,4.475,1024,128x128,7,2.597993382379395,3.8395579270749995,512,96x96,14,4.9976252555201786,6.821646341899999,1024,128x128,14,2.5d,"{'from': 'Chiplet_2', 'to': 'Chiplet_4', 'connection_type': '2.5d_emib', 'loc': '2.5d_chiplet'},{'from': 'Chiplet_2', 'to': 'Chiplet_1', 'connection_type': '2.5d_emib', 'loc': '2.5d_chiplet'},{'from': 'Chiplet_2', 'to': 'Chiplet_6', 'connection_type': '2.5d_emib', 'loc': '2.5d_chiplet'},{'from': 'Chiplet_1', 'to': 'Chiplet_4', 'connection_type': '2.5d_emib', 'loc': '2.5d_chiplet'},{'from': 'Chiplet_1', 'to': 'Chiplet_2', 'connection_type': '2.5d_emib', 'loc': '2.5d_chiplet'},{'from': 'Chiplet_4', 'to': 'Chiplet_1', 'connection_type': '2.5d_emib', 'loc': '2.5d_chiplet'},{'from': 'Chiplet_4', 'to': 'Chiplet_2', 'connection_type': '2.5d_emib', 'loc': '2.5d_chiplet'},{'from': 'Chiplet_6', 'to': 'Chiplet_3', 'connection_type': '2.5d_emib', 'loc': '2.5d_chiplet'},{'from': 'Chiplet_6', 'to': 'Chiplet_5', 'connection_type': '2.5d_emib', 'loc': '2.5d_chiplet'},{'from': 'Chiplet_6', 'to': 'Chiplet_2', 'connection_type': '2.5d_emib', 'loc': '2.5d_chiplet'},{'from': 'Chiplet_3', 'to': 'Chiplet_5', 'connection_type': '2.5d_emib', 'loc': '2.5d_chiplet'},{'from': 'Chiplet_3', 'to': 'Chiplet_6', 'connection_type': '2.5d_emib', 'loc': '2.5d_chiplet'},{'from': 'Chiplet_5', 'to': 'Chiplet_3', 'connection_type': '2.5d_emib', 'loc': '2.5d_chiplet'},{'from': 'Chiplet_5', 'to': 'Chiplet_6', 'connection_type': '2.5d_emib', 'loc': '2.5d_chiplet'}",3,4,2,1,2,4,hbm3,ucie_adv,na,0,0,is,1,0,0
8,55.464552962738125,5535983.53,110322.94679434499,58965664.84138131,5383.713878713878,5369.198937914758,8,3.2571509657793953,3.8395579270749995,1536,96x96,14,15.436124909546791,15.979573171754398,8192,192x192,14,4.1253109519999995,10.4826,4096,192x192,7,6.315940422320179,6.821646341899999,3072,128x128,14,1.743774000637535,1.7054115854749998,1024,64x64,14,1.86237254,4.475,2048,128x128,7,2.5d,"{'from': 'Chiplet_2', 'to': 'Chiplet_4', 'connection_type': '2.5d_rdl', 'loc': '2.5d_chiplet'},{'from': 'Chiplet_2', 'to': 'Chiplet_5', 'connection_type': '2.5d_rdl', 'loc': '2.5d_chiplet'},{'from': 'Chiplet_5', 'to': 'Chiplet_4', 'connection_type': '2.5d_rdl', 'loc': '2.5d_chiplet'},{'from': 'Chiplet_5', 'to': 'Chiplet_2', 'connection_type': '2.5d_rdl', 'loc': '2.5d_chiplet'},{'from': 'Chiplet_5', 'to': 'Chiplet_3', 'connection_type': '2.5d_rdl', 'loc': '2.5d_chiplet'},{'from': 'Chiplet_4', 'to': 'Chiplet_3', 'connection_type': '2.5d_rdl', 'loc': '2.5d_chiplet'},{'from': 'Chiplet_4', 'to': 'Chiplet_1', 'connection_type': '2.5d_rdl', 'loc': '2.5d_chiplet'},{'from': 'Chiplet_4', 'to': 'Chiplet_2', 'connection_type': '2.5d_rdl', 'loc': '2.5d_chiplet'},{'from': 'Chiplet_4', 'to': 'Chiplet_6', 'connection_type': '2.5d_rdl', 'loc': '2.5d_chiplet'},{'from': 'Chiplet_4', 'to': 'Chiplet_5', 'connection_type': '2.5d_rdl', 'loc': '2.5d_chiplet'},{'from': 'Chiplet_6', 'to': 'Chiplet_4', 'connection_type': '2.5d_rdl', 'loc': '2.5d_chiplet'},{'from': 'Chiplet_6', 'to': 'Chiplet_1', 'connection_type': '2.5d_rdl', 'loc': '2.5d_chiplet'},{'from': 'Chiplet_3', 'to': 'Chiplet_4', 'connection_type': '2.5d_rdl', 'loc': '2.5d_chiplet'},{'from': 'Chiplet_3', 'to': 'Chiplet_5', 'connection_type': '2.5d_rdl', 'loc': '2.5d_chiplet'},{'from': 'Chiplet_3', 'to': 'Chiplet_1', 'connection_type': '2.5d_rdl', 'loc': '2.5d_chiplet'},{'from': 'Chiplet_1', 'to': 'Chiplet_3', 'connection_type': '2.5d_rdl', 'loc': '2.5d_chiplet'},{'from': 'Chiplet_1', 'to': 'Chiplet_4', 'connection_type': '2.5d_rdl', 'loc': '2.5d_chiplet'},{'from': 'Chiplet_1', 'to': 'Chiplet_6', 'connection_type': '2.5d_rdl', 'loc': '2.5d_chiplet'}",2,7,2,3,1,1,hbm3,ucie_std,na,1,0,is,0,0,0
9,25.815344053064294,2726647.82,71346.57504492506,110902414.57057425,10325.233784544052,7153.929673065921,9,1.5385781800824634,3.1172648505374996,1024,96x96,10,1.578984604787535,1.7054115854749998,768,64x64,14,5.5109919519999995,10.4826,8192,192x192,7,1.578984604787535,1.7054115854749998,768,64x64,14,6.315940422320179,6.821646341899999,3072,128x128,14,1.8849981800824636,3.1172648505374996,2048,96x96,10,2.5d,"{'from': 'Chiplet_5', 'to': 'Chiplet_3', 'connection_type': '2.5d_rdl', 'loc': '2.5d_chiplet'},{'from': 'Chiplet_5', 'to': 'Chiplet_1', 'connection_type': '2.5d_rdl', 'loc': '2.5d_chiplet'},{'from': 'Chiplet_5', 'to': 'Chiplet_2', 'connection_type': '2.5d_rdl', 'loc': '2.5d_chiplet'},{'from': 'Chiplet_5', 'to': 'Chiplet_6', 'connection_type': '2.5d_rdl', 'loc': '2.5d_chiplet'},{'from': 'Chiplet_2', 'to': 'Chiplet_5', 'connection_type': '2.5d_rdl', 'loc': '2.5d_chiplet'},{'from': 'Chiplet_2', 'to': 'Chiplet_1', 'connection_type': '2.5d_rdl', 'loc': '2.5d_chiplet'},{'from': 'Chiplet_1', 'to': 'Chiplet_5', 'connection_type': '2.5d_rdl', 'loc': '2.5d_chiplet'},{'from': 'Chiplet_1', 'to': 'Chiplet_2', 'connection_type': '2.5d_rdl', 'loc': '2.5d_chiplet'},{'from': 'Chiplet_3', 'to': 'Chiplet_4', 'connection_type': '2.5d_rdl', 'loc': '2.5d_chiplet'},{'from': 'Chiplet_3', 'to': 'Chiplet_5', 'connection_type': '2.5d_rdl', 'loc': '2.5d_chiplet'},{'from': 'Chiplet_3', 'to': 'Chiplet_6', 'connection_type': '2.5d_rdl', 'loc': '2.5d_chiplet'},{'from': 'Chiplet_6', 'to': 'Chiplet_4', 'connection_type': '2.5d_rdl', 'loc': '2.5d_chiplet'},{'from': 'Chiplet_6', 'to': 'Chiplet_5', 'connection_type': '2.5d_rdl', 'loc': '2.5d_chiplet'},{'from': 'Chiplet_6', 'to': 'Chiplet_3', 'connection_type': '2.5d_rdl', 'loc': '2.5d_chiplet'},{'from': 'Chiplet_4', 'to': 'Chiplet_3', 'connection_type': '2.5d_rdl', 'loc': '2.5d_chiplet'},{'from': 'Chiplet_4', 'to': 'Chiplet_6', 'connection_type': '2.5d_rdl', 'loc': '2.5d_chiplet'}",1,1,2,1,2,1,ddr5,ucie_std,na,0,0,is,1,0,0
10,37.61313743948954,5207208.14,171070.3955429002,111155345.93464106,5075.22321945122,7328.718540193991,10,1.249405813087535,1.7054115854749998,256,64x64,14,2.20879254,4.475,3072,128x128,7,8.112421457366196,12.973514847541198,8192,192x192,10,2.972908090547913,5.538366334949999,2048,128x128,10,12.799492673176792,15.979573171754398,4096,192x192,14,12.799492673176792,15.979573171754398,4096,192x192,14,2.5d_3d,"{'from': 'Chiplet_5', 'to': 'Chiplet_3', 'connection_type': '3d_tsv', 'loc': 'stack0_base'},{'from': 'Chiplet_3', 'to': 'Chiplet_4', 'connection_type': '3d_tsv', 'loc': 'stack0_middle1'},{'from': 'Chiplet_4', 'to': 'na', 'connection_type': '3d_tsv', 'loc': 'stack0_top'},{'from': 'Chiplet_5', 'to': 'Chiplet_2', 'connection_type': '2.5d_emib', 'loc': '2.5d_chiplet'},{'from': 'Chiplet_5', 'to': 'Chiplet_6', 'connection_type': '2.5d_emib', 'loc': '2.5d_chiplet'},{'from': 'Chiplet_2', 'to': 'Chiplet_5', 'connection_type': '2.5d_emib', 'loc': '2.5d_chiplet'},{'from': 'Chiplet_2', 'to': 'Chiplet_1', 'connection_type': '2.5d_emib', 'loc': '2.5d_chiplet'},{'from': 'Chiplet_6', 'to': 'Chiplet_5', 'connection_type': '2.5d_emib', 'loc': '2.5d_chiplet'},{'from': 'Chiplet_6', 'to': 'Chiplet_1', 'connection_type': '2.5d_emib', 'loc': '2.5d_chiplet'},{'from': 'Chiplet_1', 'to': 'Chiplet_2', 'connection_type': '2.5d_emib', 'loc': '2.5d_chiplet'},{'from': 'Chiplet_1', 'to': 'Chiplet_6', 'connection_type': '2.5d_emib', 'loc': '2.5d_chiplet'}",1,1,1,1,2,2,ddr5,ucie_adv,ucie_3d,1,0,os,1,0,0
11,21.681180455128946,4417285.65,94492.47985589769,50118818.88233442,3230.228327228327,3267.192022645662,11,4.1253109519999995,10.4826,4096,192x192,7,2.6264880905479133,5.538366334949999,1024,128x128,10,5.656782838920179,6.821646341899999,2048,128x128,14,1.743774000637535,1.7054115854749998,1024,64x64,14,5.5109919519999995,10.4826,8192,192x192,7,1.86237254,4.475,2048,128x128,7,2.5d_3d,"{'from': 'Chiplet_1', 'to': 'Chiplet_6', 'connection_type': '3d_u_bump', 'loc': 'stack0_base'},{'from': 'Chiplet_6', 'to': 'Chiplet_4', 'connection_type': '3d_u_bump', 'loc': 'stack0_middle1'},{'from': 'Chiplet_4', 'to': 'na', 'connection_type': '3d_u_bump', 'loc': 'stack0_top'},{'from': 'Chiplet_3', 'to': 'Chiplet_5', 'connection_type': '2.5d_rdl', 'loc': '2.5d_chiplet'},{'from': 'Chiplet_3', 'to': 'Chiplet_2', 'connection_type': '2.5d_rdl', 'loc': '2.5d_chiplet'},{'from': 'Chiplet_2', 'to': 'Chiplet_3', 'connection_type': '2.5d_rdl', 'loc': '2.5d_chiplet'},{'from': 'Chiplet_2', 'to': 'Chiplet_1', 'connection_type': '2.5d_rdl', 'loc': '2.5d_chiplet'},{'from': 'Chiplet_5', 'to': 'Chiplet_3', 'connection_type': '2.5d_rdl', 'loc': '2.5d_chiplet'},{'from': 'Chiplet_5', 'to': 'Chiplet_1', 'connection_type': '2.5d_rdl', 'loc': '2.5d_chiplet'},{'from': 'Chiplet_1', 'to': 'Chiplet_5', 'connection_type': '2.5d_rdl', 'loc': '2.5d_chiplet'},{'from': 'Chiplet_1', 'to': 'Chiplet_2', 'connection_type': '2.5d_rdl', 'loc': '2.5d_chiplet'}",3,2,4,1,4,2,hbm3,ucie_std,ucie_3d,0,0,is,0,0,0
12,37.66084721570079,4711360.0,188992.37809164394,55004234.80785006,4500.675675675676,5062.101660968391,12,6.033899457366197,12.973514847541198,2048,192x192,10,2.597993382379395,3.8395579270749995,512,96x96,14,3.665749090547913,5.538366334949999,4096,128x128,10,6.726740457366197,12.973514847541198,4096,192x192,10,4.9976252555201786,6.821646341899999,1024,128x128,14,5.656782838920179,6.821646341899999,2048,128x128,14,2.5d,"{'from': 'Chiplet_4', 'to': 'Chiplet_5', 'connection_type': '2.5d_emib', 'loc': '2.5d_chiplet'},{'from': 'Chiplet_4', 'to': 'Chiplet_1', 'connection_type': '2.5d_emib', 'loc': '2.5d_chiplet'},{'from': 'Chiplet_4', 'to': 'Chiplet_2', 'connection_type': '2.5d_emib', 'loc': '2.5d_chiplet'},{'from': 'Chiplet_5', 'to': 'Chiplet_4', 'connection_type': '2.5d_emib', 'loc': '2.5d_chiplet'},{'from': 'Chiplet_5', 'to': 'Chiplet_2', 'connection_type': '2.5d_emib', 'loc': '2.5d_chiplet'},{'from': 'Chiplet_2', 'to': 'Chiplet_4', 'connection_type': '2.5d_emib', 'loc': '2.5d_chiplet'},{'from': 'Chiplet_2', 'to': 'Chiplet_5', 'connection_type': '2.5d_emib', 'loc': '2.5d_chiplet'},{'from': 'Chiplet_1', 'to': 'Chiplet_4', 'connection_type': '2.5d_emib', 'loc': '2.5d_chiplet'},{'from': 'Chiplet_1', 'to': 'Chiplet_3', 'connection_type': '2.5d_emib', 'loc': '2.5d_chiplet'},{'from': 'Chiplet_1', 'to': 'Chiplet_6', 'connection_type': '2.5d_emib', 'loc': '2.5d_chiplet'},{'from': 'Chiplet_6', 'to': 'Chiplet_3', 'connection_type': '2.5d_emib', 'loc': '2.5d_chiplet'},{'from': 'Chiplet_6', 'to': 'Chiplet_1', 'connection_type': '2.5d_emib', 'loc': '2.5d_chiplet'},{'from': 'Chiplet_3', 'to': 'Chiplet_1', 'connection_type': '2.5d_emib', 'loc': '2.5d_chiplet'},{'from': 'Chiplet_3', 'to': 'Chiplet_6', 'connection_type': '2.5d_emib', 'loc': '2.5d_chiplet'}",3,1,2,4,3,3,hbm2,aib,na,1,0,is,0,0,0
13,21.643073816061342,2100915.33,54133.80781552316,125008278.4729046,12487.566436073748,8046.206658316656,13,6.033899457366197,12.973514847541198,2048,192x192,10,2.20879254,4.475,3072,128x128,7,1.578984604787535,1.7054115854749998,768,64x64,14,1.5385781800824634,3.1172648505374996,1024,96x96,10,0.656621759447044,1.3845915837374998,256,64x64,10,0.916436759447044,1.3845915837374998,1024,64x64,10,2.5d,"{'from': 'Chiplet_1', 'to': 'Chiplet_5', 'connection_type': '2.5d_rdl', 'loc': '2.5d_chiplet'},{'from': 'Chiplet_1', 'to': 'Chiplet_2', 'connection_type': '2.5d_rdl', 'loc': '2.5d_chiplet'},{'from': 'Chiplet_5', 'to': 'Chiplet_3', 'connection_type': '2.5d_rdl', 'loc': '2.5d_chiplet'},{'from': 'Chiplet_5', 'to': 'Chiplet_1', 'connection_type': '2.5d_rdl', 'loc': '2.5d_chiplet'},{'from': 'Chiplet_5', 'to': 'Chiplet_2', 'connection_type': '2.5d_rdl', 'loc': '2.5d_chiplet'},{'from': 'Chiplet_2', 'to': 'Chiplet_3', 'connection_type': '2.5d_rdl', 'loc': '2.5d_chiplet'},{'from': 'Chiplet_2', 'to': 'Chiplet_4', 'connection_type': '2.5d_rdl', 'loc': '2.5d_chiplet'},{'from': 'Chiplet_2', 'to': 'Chiplet_1', 'connection_type': '2.5d_rdl', 'loc': '2.5d_chiplet'},{'from': 'Chiplet_2', 'to': 'Chiplet_6', 'connection_type': '2.5d_rdl', 'loc': '2.5d_chiplet'},{'from': 'Chiplet_2', 'to': 'Chiplet_5', 'connection_type': '2.5d_rdl', 'loc': '2.5d_chiplet'},{'from': 'Chiplet_6', 'to': 'Chiplet_4', 'connection_type': '2.5d_rdl', 'loc': '2.5d_chiplet'},{'from': 'Chiplet_6', 'to': 'Chiplet_2', 'connection_type': '2.5d_rdl', 'loc': '2.5d_chiplet'},{'from': 'Chiplet_3', 'to': 'Chiplet_4', 'connection_type': '2.5d_rdl', 'loc': '2.5d_chiplet'},{'from': 'Chiplet_3', 'to': 'Chiplet_5', 'connection_type': '2.5d_rdl', 'loc': '2.5d_chiplet'},{'from': 'Chiplet_3', 'to': 'Chiplet_2', 'connection_type': '2.5d_rdl', 'loc': '2.5d_chiplet'},{'from': 'Chiplet_4', 'to': 'Chiplet_3', 'connection_type': '2.5d_rdl', 'loc': '2.5d_chiplet'},{'from': 'Chiplet_4', 'to': 'Chiplet_2', 'connection_type': '2.5d_rdl', 'loc': '2.5d_chiplet'},{'from': 'Chiplet_4', 'to': 'Chiplet_6', 'connection_type': '2.5d_rdl', 'loc': '2.5d_chiplet'}",3,1,1,1,1,1,ddr4,ucie_std,na,0,0,os,1,0,0
14,14.961936378599747,2847756.88,79979.4246626902,176342034.69205147,5156.831006831007,6752.630154243322,14,0.784712696,2.51875,512,96x96,7,3.665749090547913,5.538366334949999,4096,128x128,10,4.1253109519999995,10.4826,4096,192x192,7,0.656621759447044,1.3845915837374998,256,64x64,10,0.552198,1.11875,768,64x64,7,11.481175603606792,15.979573171754398,2048,192x192,14,2.5d_3d,"{'from': 'Chiplet_6', 'to': 'Chiplet_3', 'connection_type': '3d_tsv', 'loc': 'stack0_base'},{'from': 'Chiplet_3', 'to': 'Chiplet_2', 'connection_type': '3d_tsv', 'loc': 'stack0_middle1'},{'from': 'Chiplet_2', 'to': 'Chiplet_4', 'connection_type': '3d_tsv', 'loc': 'stack0_middle2'},{'from': 'Chiplet_4', 'to': 'Chiplet_5', 'connection_type': '3d_tsv', 'loc': 'stack0_middle3'},{'from': 'Chiplet_5', 'to': 'na', 'connection_type': '3d_tsv', 'loc': 'stack0_top'},{'from': 'Chiplet_6', 'to': 'Chiplet_1', 'connection_type': '2.5d_rdl', 'loc': '2.5d_chiplet'},{'from': 'Chiplet_1', 'to': 'Chiplet_6', 'connection_type': '2.5d_rdl', 'loc': '2.5d_chiplet'}",1,1,1,1,1,3,ddr4,ucie_std,ucie_3d,1,0,ws,0,0,0
15,14.744812387663488,1620294.38,45789.85806087567,92425667.59110455,31539.85551471744,13799.124033289387,15,2.597993382379395,3.8395579270749995,512,96x96,14,0.656621759447044,1.3845915837374998,256,64x64,10,1.5385781800824634,3.1172648505374996,1024,96x96,10,1.304342696,2.51875,2048,96x96,7,2.972908090547913,5.538366334949999,2048,128x128,10,1.51595254,4.475,1024,128x128,7,2.5d,"{'from': 'Chiplet_5', 'to': 'Chiplet_1', 'connection_type': '2.5d_rdl', 'loc': '2.5d_chiplet'},{'from': 'Chiplet_5', 'to': 'Chiplet_2', 'connection_type': '2.5d_rdl', 'loc': '2.5d_chiplet'},{'from': 'Chiplet_5', 'to': 'Chiplet_6', 'connection_type': '2.5d_rdl', 'loc': '2.5d_chiplet'},{'from': 'Chiplet_6', 'to': 'Chiplet_5', 'connection_type': '2.5d_rdl', 'loc': '2.5d_chiplet'},{'from': 'Chiplet_6', 'to': 'Chiplet_2', 'connection_type': '2.5d_rdl', 'loc': '2.5d_chiplet'},{'from': 'Chiplet_2', 'to': 'Chiplet_5', 'connection_type': '2.5d_rdl', 'loc': '2.5d_chiplet'},{'from': 'Chiplet_2', 'to': 'Chiplet_6', 'connection_type': '2.5d_rdl', 'loc': '2.5d_chiplet'},{'from': 'Chiplet_1', 'to': 'Chiplet_3', 'connection_type': '2.5d_rdl', 'loc': '2.5d_chiplet'},{'from': 'Chiplet_1', 'to': 'Chiplet_5', 'connection_type': '2.5d_rdl', 'loc': '2.5d_chiplet'},{'from': 'Chiplet_1', 'to': 'Chiplet_4', 'connection_type': '2.5d_rdl', 'loc': '2.5d_chiplet'},{'from': 'Chiplet_3', 'to': 'Chiplet_4', 'connection_type': '2.5d_rdl', 'loc': '2.5d_chiplet'},{'from': 'Chiplet_3', 'to': 'Chiplet_1', 'connection_type': '2.5d_rdl', 'loc': '2.5d_chiplet'},{'from': 'Chiplet_4', 'to': 'Chiplet_3', 'connection_type': '2.5d_rdl', 'loc': '2.5d_chiplet'},{'from': 'Chiplet_4', 'to': 'Chiplet_1', 'connection_type': '2.5d_rdl', 'loc': '2.5d_chiplet'}",2,1,1,1,2,1,ddr5,ucie_std,na,1,0,os,1,0,0
16,23.77322883762282,2415701.92,67960.66167099013,123149504.46220586,15539.960006114377,10890.676071994978,16,2.6264880905479133,5.538366334949999,1024,128x128,10,0.743226759447044,1.3845915837374998,512,64x64,10,0.552198,1.11875,768,64x64,7,1.743774000637535,1.7054115854749998,1024,64x64,14,11.481175603606792,15.979573171754398,2048,192x192,14,1.86237254,4.475,2048,128x128,7,2.5d,"{'from': 'Chiplet_5', 'to': 'Chiplet_1', 'connection_type': '2.5d_rdl', 'loc': '2.5d_chiplet'},{'from': 'Chiplet_5', 'to': 'Chiplet_6', 'connection_type': '2.5d_rdl', 'loc': '2.5d_chiplet'},{'from': 'Chiplet_1', 'to': 'Chiplet_3', 'connection_type': '2.5d_rdl', 'loc': '2.5d_chiplet'},{'from': 'Chiplet_1', 'to': 'Chiplet_4', 'connection_type': '2.5d_rdl', 'loc': '2.5d_chiplet'},{'from': 'Chiplet_1', 'to': 'Chiplet_2', 'connection_type': '2.5d_rdl', 'loc': '2.5d_chiplet'},{'from': 'Chiplet_1', 'to': 'Chiplet_6', 'connection_type': '2.5d_rdl', 'loc': '2.5d_chiplet'},{'from': 'Chiplet_1', 'to': 'Chiplet_5', 'connection_type': '2.5d_rdl', 'loc': '2.5d_chiplet'},{'from': 'Chiplet_2', 'to': 'Chiplet_3', 'connection_type': '2.5d_rdl', 'loc': '2.5d_chiplet'},{'from': 'Chiplet_2', 'to': 'Chiplet_1', 'connection_type': '2.5d_rdl', 'loc': '2.5d_chiplet'},{'from': 'Chiplet_3', 'to': 'Chiplet_1', 'connection_type': '2.5d_rdl', 'loc': '2.5d_chiplet'},{'from': 'Chiplet_3', 'to': 'Chiplet_2', 'connection_type': '2.5d_rdl', 'loc': '2.5d_chiplet'},{'from': 'Chiplet_6', 'to': 'Chiplet_4', 'connection_type': '2.5d_rdl', 'loc': '2.5d_chiplet'},{'from': 'Chiplet_6', 'to': 'Chiplet_5', 'connection_type': '2.5d_rdl', 'loc': '2.5d_chiplet'},{'from': 'Chiplet_6', 'to': 'Chiplet_1', 'connection_type': '2.5d_rdl', 'loc': '2.5d_chiplet'},{'from': 'Chiplet_4', 'to': 'Chiplet_1', 'connection_type': '2.5d_rdl', 'loc': '2.5d_chiplet'},{'from': 'Chiplet_4', 'to': 'Chiplet_6', 'connection_type': '2.5d_rdl', 'loc': '2.5d_chiplet'}",1,1,1,1,3,1,ddr4,ucie_std,na,1,0,is,1,0,0
17,27.606177157316075,4010414.42,100358.31804555375,106609134.00236571,12204.973150468699,12385.29726580015,17,2.972908090547913,5.538366334949999,2048,128x128,10,1.86237254,4.475,2048,128x128,7,14.117807839976791,15.979573171754398,6144,192x192,14,12.799492673176792,15.979573171754398,4096,192x192,14,0.829831759447044,1.3845915837374998,768,64x64,10,1.7117881800824635,3.1172648505374996,1536,96x96,10,2.5d_3d,"{'from': 'Chiplet_3', 'to': 'Chiplet_4', 'connection_type': '3d_tsv', 'loc': 'stack0_base'},{'from': 'Chiplet_4', 'to': 'Chiplet_2', 'connection_type': '3d_tsv', 'loc': 'stack0_middle1'},{'from': 'Chiplet_2', 'to': 'Chiplet_6', 'connection_type': '3d_tsv', 'loc': 'stack0_middle2'},{'from': 'Chiplet_6', 'to': 'na', 'connection_type': '3d_tsv', 'loc': 'stack0_top'},{'from': 'Chiplet_3', 'to': 'Chiplet_5', 'connection_type': '2.5d_rdl', 'loc': '2.5d_chiplet'},{'from': 'Chiplet_3', 'to': 'Chiplet_1', 'connection_type': '2.5d_rdl', 'loc': '2.5d_chiplet'},{'from': 'Chiplet_1', 'to': 'Chiplet_3', 'connection_type': '2.5d_rdl', 'loc': '2.5d_chiplet'},{'from': 'Chiplet_1', 'to': 'Chiplet_5', 'connection_type': '2.5d_rdl', 'loc': '2.5d_chiplet'},{'from': 'Chiplet_5', 'to': 'Chiplet_3', 'connection_type': '2.5d_rdl', 'loc': '2.5d_chiplet'},{'from': 'Chiplet_5', 'to': 'Chiplet_1', 'connection_type': '2.5d_rdl', 'loc': '2.5d_chiplet'}",1,1,2,2,1,1,ddr5,ucie_std,ucie_3d,1,0,is,1,0,0
18,14.832293497732925,3418639.18,78730.73773568886,49193208.2873337,9689.315471938635,5992.589451154762,18,5.5109919519999995,10.4826,8192,192x192,7,1.5385781800824634,3.1172648505374996,1024,96x96,10,0.46559300000000003,1.11875,512,64x64,7,2.927572174079395,3.8395579270749995,1024,96x96,14,2.55521354,4.475,4096,128x128,7,3.665749090547913,5.538366334949999,4096,128x128,10,2.5d_3d,"{'from': 'Chiplet_1', 'to': 'Chiplet_4', 'connection_type': '3d_u_bump', 'loc': 'stack0_base'},{'from': 'Chiplet_4', 'to': 'Chiplet_5', 'connection_type': '3d_u_bump', 'loc': 'stack0_middle1'},{'from': 'Chiplet_5', 'to': 'na', 'connection_type': '3d_u_bump', 'loc': 'stack0_top'},{'from': 'Chiplet_1', 'to': 'Chiplet_2', 'connection_type': '2.5d_rdl', 'loc': '2.5d_chiplet'},{'from': 'Chiplet_1', 'to': 'Chiplet_6', 'connection_type': '2.5d_rdl', 'loc': '2.5d_chiplet'},{'from': 'Chiplet_6', 'to': 'Chiplet_3', 'connection_type': '2.5d_rdl', 'loc': '2.5d_chiplet'},{'from': 'Chiplet_6', 'to': 'Chiplet_1', 'connection_type': '2.5d_rdl', 'loc': '2.5d_chiplet'},{'from': 'Chiplet_6', 'to': 'Chiplet_2', 'connection_type': '2.5d_rdl', 'loc': '2.5d_chiplet'},{'from': 'Chiplet_2', 'to': 'Chiplet_3', 'connection_type': '2.5d_rdl', 'loc': '2.5d_chiplet'},{'from': 'Chiplet_2', 'to': 'Chiplet_1', 'connection_type': '2.5d_rdl', 'loc': '2.5d_chiplet'},{'from': 'Chiplet_2', 'to': 'Chiplet_6', 'connection_type': '2.5d_rdl', 'loc': '2.5d_chiplet'},{'from': 'Chiplet_3', 'to': 'Chiplet_2', 'connection_type': '2.5d_rdl', 'loc': '2.5d_chiplet'},{'from': 'Chiplet_3', 'to': 'Chiplet_6', 'connection_type': '2.5d_rdl', 'loc': '2.5d_chiplet'}",5,1,1,3,2,4,hbm3,ucie_std,ucie_3d,1,0,is,1,0,0
19,23.920103513805444,2644940.37,58388.500815644744,45355281.05782423,8825.698539018127,5233.280640417885,19,0.656621759447044,1.3845915837374998,256,64x64,10,0.378988,1.11875,256,64x64,7,4.9976252555201786,6.821646341899999,1024,128x128,14,1.3653681800824635,3.1172648505374996,512,96x96,10,1.4141952089375351,1.7054115854749998,512,64x64,14,7.419580457366196,12.973514847541198,6144,192x192,10,2.5d,"{'from': 'Chiplet_6', 'to': 'Chiplet_3', 'connection_type': '2.5d_rdl', 'loc': '2.5d_chiplet'},{'from': 'Chiplet_6', 'to': 'Chiplet_5', 'connection_type': '2.5d_rdl', 'loc': '2.5d_chiplet'},{'from': 'Chiplet_6', 'to': 'Chiplet_1', 'connection_type': '2.5d_rdl', 'loc': '2.5d_chiplet'},{'from': 'Chiplet_1', 'to': 'Chiplet_5', 'connection_type': '2.5d_rdl', 'loc': '2.5d_chiplet'},{'from': 'Chiplet_1', 'to': 'Chiplet_6', 'connection_type': '2.5d_rdl', 'loc': '2.5d_chiplet'},{'from': 'Chiplet_3', 'to': 'Chiplet_4', 'connection_type': '2.5d_rdl', 'loc': '2.5d_chiplet'},{'from': 'Chiplet_3', 'to': 'Chiplet_5', 'connection_type': '2.5d_rdl', 'loc': '2.5d_chiplet'},{'from': 'Chiplet_3', 'to': 'Chiplet_6', 'connection_type': '2.5d_rdl', 'loc': '2.5d_chiplet'},{'from': 'Chiplet_5', 'to': 'Chiplet_4', 'connection_type': '2.5d_rdl', 'loc': '2.5d_chiplet'},{'from': 'Chiplet_5', 'to': 'Chiplet_3', 'connection_type': '2.5d_rdl', 'loc': '2.5d_chiplet'},{'from': 'Chiplet_5', 'to': 'Chiplet_1', 'connection_type': '2.5d_rdl', 'loc': '2.5d_chiplet'},{'from': 'Chiplet_5', 'to': 'Chiplet_2', 'connection_type': '2.5d_rdl', 'loc': '2.5d_chiplet'},{'from': 'Chiplet_5', 'to': 'Chiplet_6', 'connection_type': '2.5d_rdl', 'loc': '2.5d_chiplet'},{'from': 'Chiplet_4', 'to': 'Chiplet_3', 'connection_type': '2.5d_rdl', 'loc': '2.5d_chiplet'},{'from': 'Chiplet_4', 'to': 'Chiplet_5', 'connection_type': '2.5d_rdl', 'loc': '2.5d_chiplet'},{'from': 'Chiplet_4', 'to': 'Chiplet_2', 'connection_type': '2.5d_rdl', 'loc': '2.5d_chiplet'},{'from': 'Chiplet_2', 'to': 'Chiplet_4', 'connection_type': '2.5d_rdl', 'loc': '2.5d_chiplet'},{'from': 'Chiplet_2', 'to': 'Chiplet_5', 'connection_type': '2.5d_rdl', 'loc': '2.5d_chiplet'}",1,1,5,1,1,7,hbm3,ucie_std,na,0,0,ws,1,0,0
20,29.91225252841628,3543404.34,81257.47754158417,58822604.40520395,3426.0,3168.316590021305,20,0.957922696,2.51875,1024,96x96,7,14.117807839976791,15.979573171754398,6144,192x192,14,0.743226759447044,1.3845915837374998,512,64x64,10,4.1253109519999995,10.4826,4096,192x192,7,0.829831759447044,1.3845915837374998,768,64x64,10,0.743226759447044,1.3845915837374998,512,64x64,10,2.5d,"{'from': 'Chiplet_2', 'to': 'Chiplet_4', 'connection_type': '2.5d_rdl', 'loc': '2.5d_chiplet'},{'from': 'Chiplet_2', 'to': 'Chiplet_1', 'connection_type': '2.5d_rdl', 'loc': '2.5d_chiplet'},{'from': 'Chiplet_2', 'to': 'Chiplet_6', 'connection_type': '2.5d_rdl', 'loc': '2.5d_chiplet'},{'from': 'Chiplet_4', 'to': 'Chiplet_5', 'connection_type': '2.5d_rdl', 'loc': '2.5d_chiplet'},{'from': 'Chiplet_4', 'to': 'Chiplet_1', 'connection_type': '2.5d_rdl', 'loc': '2.5d_chiplet'},{'from': 'Chiplet_4', 'to': 'Chiplet_2', 'connection_type': '2.5d_rdl', 'loc': '2.5d_chiplet'},{'from': 'Chiplet_1', 'to': 'Chiplet_4', 'connection_type': '2.5d_rdl', 'loc': '2.5d_chiplet'},{'from': 'Chiplet_1', 'to': 'Chiplet_5', 'connection_type': '2.5d_rdl', 'loc': '2.5d_chiplet'},{'from': 'Chiplet_1', 'to': 'Chiplet_2', 'connection_type': '2.5d_rdl', 'loc': '2.5d_chiplet'},{'from': 'Chiplet_1', 'to': 'Chiplet_6', 'connection_type': '2.5d_rdl', 'loc': '2.5d_chiplet'},{'from': 'Chiplet_6', 'to': 'Chiplet_3', 'connection_type': '2.5d_rdl', 'loc': '2.5d_chiplet'},{'from': 'Chiplet_6', 'to': 'Chiplet_1', 'connection_type': '2.5d_rdl', 'loc': '2.5d_chiplet'},{'from': 'Chiplet_6', 'to': 'Chiplet_2', 'connection_type': '2.5d_rdl', 'loc': '2.5d_chiplet'},{'from': 'Chiplet_5', 'to': 'Chiplet_4', 'connection_type': '2.5d_rdl', 'loc': '2.5d_chiplet'},{'from': 'Chiplet_5', 'to': 'Chiplet_1', 'connection_type': '2.5d_rdl', 'loc': '2.5d_chiplet'},{'from': 'Chiplet_5', 'to': 'Chiplet_3', 'connection_type': '2.5d_rdl', 'loc': '2.5d_chiplet'},{'from': 'Chiplet_3', 'to': 'Chiplet_5', 'connection_type': '2.5d_rdl', 'loc': '2.5d_chiplet'},{'from': 'Chiplet_3', 'to': 'Chiplet_6', 'connection_type': '2.5d_rdl', 'loc': '2.5d_chiplet'}",1,10,1,2,1,1,hbm2,ucie_std,na,1,0,ws,0,0,0
21,42.78553008657721,4674411.75,93095.9472392745,44511164.831279196,10721.217664247992,9343.412018447703,21,6.975099908490179,6.821646341899999,4096,128x128,14,0.378988,1.11875,256,64x64,7,3.3193280905479132,5.538366334949999,3072,128x128,10,8.112421457366196,12.973514847541198,8192,192x192,10,2.927572174079395,3.8395579270749995,1024,96x96,14,6.033899457366197,12.973514847541198,2048,192x192,10,2.5d,"{'from': 'Chiplet_4', 'to': 'Chiplet_3', 'connection_type': '2.5d_rdl', 'loc': '2.5d_chiplet'},{'from': 'Chiplet_4', 'to': 'Chiplet_5', 'connection_type': '2.5d_rdl', 'loc': '2.5d_chiplet'},{'from': 'Chiplet_4', 'to': 'Chiplet_1', 'connection_type': '2.5d_rdl', 'loc': '2.5d_chiplet'},{'from': 'Chiplet_4', 'to': 'Chiplet_6', 'connection_type': '2.5d_rdl', 'loc': '2.5d_chiplet'},{'from': 'Chiplet_3', 'to': 'Chiplet_4', 'connection_type': '2.5d_rdl', 'loc': '2.5d_chiplet'},{'from': 'Chiplet_3', 'to': 'Chiplet_5', 'connection_type': '2.5d_rdl', 'loc': '2.5d_chiplet'},{'from': 'Chiplet_5', 'to': 'Chiplet_3', 'connection_type': '2.5d_rdl', 'loc': '2.5d_chiplet'},{'from': 'Chiplet_5', 'to': 'Chiplet_4', 'connection_type': '2.5d_rdl', 'loc': '2.5d_chiplet'},{'from': 'Chiplet_1', 'to': 'Chiplet_4', 'connection_type': '2.5d_rdl', 'loc': '2.5d_chiplet'},{'from': 'Chiplet_1', 'to': 'Chiplet_2', 'connection_type': '2.5d_rdl', 'loc': '2.5d_chiplet'},{'from': 'Chiplet_1', 'to': 'Chiplet_6', 'connection_type': '2.5d_rdl', 'loc': '2.5d_chiplet'},{'from': 'Chiplet_6', 'to': 'Chiplet_4', 'connection_type': '2.5d_rdl', 'loc': '2.5d_chiplet'},{'from': 'Chiplet_6', 'to': 'Chiplet_1', 'connection_type': '2.5d_rdl', 'loc': '2.5d_chiplet'},{'from': 'Chiplet_6', 'to': 'Chiplet_2', 'connection_type': '2.5d_rdl', 'loc': '2.5d_chiplet'},{'from': 'Chiplet_2', 'to': 'Chiplet_1', 'connection_type': '2.5d_rdl', 'loc': '2.5d_chiplet'},{'from': 'Chiplet_2', 'to': 'Chiplet_6', 'connection_type': '2.5d_rdl', 'loc': '2.5d_chiplet'}",4,1,2,4,2,3,hbm3,ucie_std,na,0,0,is,1,0,0
22,50.47883679693796,4922249.94,97610.25407614058,44944858.07480697,9803.501196124358,8955.237776949756,22,11.481175603606792,15.979573171754398,2048,192x192,14,1.7117881800824635,3.1172648505374996,1536,96x96,10,0.743226759447044,1.3845915837374998,512,64x64,10,3.3193280905479132,5.538366334949999,3072,128x128,10,12.799492673176792,15.979573171754398,4096,192x192,14,1.8849981800824636,3.1172648505374996,2048,96x96,10,2.5d,"{'from': 'Chiplet_5', 'to': 'Chiplet_4', 'connection_type': '2.5d_rdl', 'loc': '2.5d_chiplet'},{'from': 'Chiplet_5', 'to': 'Chiplet_1', 'connection_type': '2.5d_rdl', 'loc': '2.5d_chiplet'},{'from': 'Chiplet_5', 'to': 'Chiplet_2', 'connection_type': '2.5d_rdl', 'loc': '2.5d_chiplet'},{'from': 'Chiplet_5', 'to': 'Chiplet_6', 'connection_type': '2.5d_rdl', 'loc': '2.5d_chiplet'},{'from': 'Chiplet_6', 'to': 'Chiplet_5', 'connection_type': '2.5d_rdl', 'loc': '2.5d_chiplet'},{'from': 'Chiplet_6', 'to': 'Chiplet_2', 'connection_type': '2.5d_rdl', 'loc': '2.5d_chiplet'},{'from': 'Chiplet_2', 'to': 'Chiplet_5', 'connection_type': '2.5d_rdl', 'loc': '2.5d_chiplet'},{'from': 'Chiplet_2', 'to': 'Chiplet_6', 'connection_type': '2.5d_rdl', 'loc': '2.5d_chiplet'},{'from': 'Chiplet_1', 'to': 'Chiplet_4', 'connection_type': '2.5d_rdl', 'loc': '2.5d_chiplet'},{'from': 'Chiplet_1', 'to': 'Chiplet_5', 'connection_type': '2.5d_rdl', 'loc': '2.5d_chiplet'},{'from': 'Chiplet_1', 'to': 'Chiplet_3', 'connection_type': '2.5d_rdl', 'loc': '2.5d_chiplet'},{'from': 'Chiplet_4', 'to': 'Chiplet_3', 'connection_type': '2.5d_rdl', 'loc': '2.5d_chiplet'},{'from': 'Chiplet_4', 'to': 'Chiplet_5', 'connection_type': '2.5d_rdl', 'loc': '2.5d_chiplet'},{'from': 'Chiplet_4', 'to': 'Chiplet_1', 'connection_type': '2.5d_rdl', 'loc': '2.5d_chiplet'},{'from': 'Chiplet_3', 'to': 'Chiplet_4', 'connection_type': '2.5d_rdl', 'loc': '2.5d_chiplet'},{'from': 'Chiplet_3', 'to': 'Chiplet_1', 'connection_type': '2.5d_rdl', 'loc': '2.5d_chiplet'}",6,1,1,1,6,1,hbm3,ucie_std,na,0,0,ws,1,0,0
23,33.05621382260231,4170228.17,180471.4171192472,50888566.21349655,6264.6831428005025,4830.2711115891425,23,1.4141952089375351,1.7054115854749998,512,64x64,14,1.3653681800824635,3.1172648505374996,512,96x96,10,5.5109919519999995,10.4826,8192,192x192,7,1.578984604787535,1.7054115854749998,768,64x64,14,8.112421457366196,12.973514847541198,8192,192x192,10,3.5867297574793953,3.8395579270749995,2048,96x96,14,2.5d,"{'from': 'Chiplet_5', 'to': 'Chiplet_3', 'connection_type': '2.5d_emib', 'loc': '2.5d_chiplet'},{'from': 'Chiplet_5', 'to': 'Chiplet_4', 'connection_type': '2.5d_emib', 'loc': '2.5d_chiplet'},{'from': 'Chiplet_5', 'to': 'Chiplet_2', 'connection_type': '2.5d_emib', 'loc': '2.5d_chiplet'},{'from': 'Chiplet_5', 'to': 'Chiplet_6', 'connection_type': '2.5d_emib', 'loc': '2.5d_chiplet'},{'from': 'Chiplet_4', 'to': 'Chiplet_5', 'connection_type': '2.5d_emib', 'loc': '2.5d_chiplet'},{'from': 'Chiplet_4', 'to': 'Chiplet_2', 'connection_type': '2.5d_emib', 'loc': '2.5d_chiplet'},{'from': 'Chiplet_2', 'to': 'Chiplet_4', 'connection_type': '2.5d_emib', 'loc': '2.5d_chiplet'},{'from': 'Chiplet_2', 'to': 'Chiplet_5', 'connection_type': '2.5d_emib', 'loc': '2.5d_chiplet'},{'from': 'Chiplet_3', 'to': 'Chiplet_5', 'connection_type': '2.5d_emib', 'loc': '2.5d_chiplet'},{'from': 'Chiplet_3', 'to': 'Chiplet_1', 'connection_type': '2.5d_emib', 'loc': '2.5d_chiplet'},{'from': 'Chiplet_3', 'to': 'Chiplet_6', 'connection_type': '2.5d_emib', 'loc': '2.5d_chiplet'},{'from': 'Chiplet_6', 'to': 'Chiplet_3', 'connection_type': '2.5d_emib', 'loc': '2.5d_chiplet'},{'from': 'Chiplet_6', 'to': 'Chiplet_5', 'connection_type': '2.5d_emib', 'loc': '2.5d_chiplet'},{'from': 'Chiplet_6', 'to': 'Chiplet_1', 'connection_type': '2.5d_emib', 'loc': '2.5d_chiplet'},{'from': 'Chiplet_1', 'to': 'Chiplet_3', 'connection_type': '2.5d_emib', 'loc': '2.5d_chiplet'},{'from': 'Chiplet_1', 'to': 'Chiplet_6', 'connection_type': '2.5d_emib', 'loc': '2.5d_chiplet'}",1,1,4,1,6,3,hbm3,aib,na,0,0,is,0,0,0
24,56.992047366907855,4864659.39,114727.27211174477,145527379.92102215,13071.030049354495,13816.95271414787,24,2.597993382379395,3.8395579270749995,512,96x96,14,15.436124909546791,15.979573171754398,8192,192x192,14,0.957922696,2.51875,1024,96x96,7,14.117807839976791,15.979573171754398,6144,192x192,14,1.304342696,2.51875,2048,96x96,7,2.972908090547913,5.538366334949999,2048,128x128,10,2.5d,"{'from': 'Chiplet_2', 'to': 'Chiplet_4', 'connection_type': '2.5d_rdl', 'loc': '2.5d_chiplet'},{'from': 'Chiplet_2', 'to': 'Chiplet_1', 'connection_type': '2.5d_rdl', 'loc': '2.5d_chiplet'},{'from': 'Chiplet_2', 'to': 'Chiplet_3', 'connection_type': '2.5d_rdl', 'loc': '2.5d_chiplet'},{'from': 'Chiplet_2', 'to': 'Chiplet_6', 'connection_type': '2.5d_rdl', 'loc': '2.5d_chiplet'},{'from': 'Chiplet_1', 'to': 'Chiplet_3', 'connection_type': '2.5d_rdl', 'loc': '2.5d_chiplet'},{'from': 'Chiplet_1', 'to': 'Chiplet_2', 'connection_type': '2.5d_rdl', 'loc': '2.5d_chiplet'},{'from': 'Chiplet_3', 'to': 'Chiplet_1', 'connection_type': '2.5d_rdl', 'loc': '2.5d_chiplet'},{'from': 'Chiplet_3', 'to': 'Chiplet_2', 'connection_type': '2.5d_rdl', 'loc': '2.5d_chiplet'},{'from': 'Chiplet_4', 'to': 'Chiplet_5', 'connection_type': '2.5d_rdl', 'loc': '2.5d_chiplet'},{'from': 'Chiplet_4', 'to': 'Chiplet_2', 'connection_type': '2.5d_rdl', 'loc': '2.5d_chiplet'},{'from': 'Chiplet_4', 'to': 'Chiplet_6', 'connection_type': '2.5d_rdl', 'loc': '2.5d_chiplet'},{'from': 'Chiplet_6', 'to': 'Chiplet_4', 'connection_type': '2.5d_rdl', 'loc': '2.5d_chiplet'},{'from': 'Chiplet_6', 'to': 'Chiplet_5', 'connection_type': '2.5d_rdl', 'loc': '2.5d_chiplet'},{'from': 'Chiplet_6', 'to': 'Chiplet_2', 'connection_type': '2.5d_rdl', 'loc': '2.5d_chiplet'},{'from': 'Chiplet_5', 'to': 'Chiplet_4', 'connection_type': '2.5d_rdl', 'loc': '2.5d_chiplet'},{'from': 'Chiplet_5', 'to': 'Chiplet_6', 'connection_type': '2.5d_rdl', 'loc': '2.5d_chiplet'}",1,2,1,2,1,1,ddr4,ucie_std,na,1,0,is,1,0,0
25,35.293568981855316,6111189.46,173165.7593771887,53059394.10932211,11547.465842492033,12403.760088352537,25,4.818150952,10.4826,6144,192x192,7,5.656782838920179,6.821646341899999,2048,128x128,14,2.55521354,4.475,4096,128x128,7,1.7117881800824635,3.1172648505374996,1536,96x96,10,6.033899457366197,12.973514847541198,2048,192x192,10,15.436124909546791,15.979573171754398,8192,192x192,14,2.5d_3d,"{'from': 'Chiplet_2', 'to': 'Chiplet_1', 'connection_type': '3d_tsv', 'loc': 'stack0_base'},{'from': 'Chiplet_1', 'to': 'Chiplet_3', 'connection_type': '3d_tsv', 'loc': 'stack0_middle1'},{'from': 'Chiplet_3', 'to': 'na', 'connection_type': '3d_tsv', 'loc': 'stack0_top'},{'from': 'Chiplet_6', 'to': 'Chiplet_5', 'connection_type': '2.5d_emib', 'loc': '2.5d_chiplet'},{'from': 'Chiplet_6', 'to': 'Chiplet_2', 'connection_type': '2.5d_emib', 'loc': '2.5d_chiplet'},{'from': 'Chiplet_5', 'to': 'Chiplet_4', 'connection_type': '2.5d_emib', 'loc': '2.5d_chiplet'},{'from': 'Chiplet_5', 'to': 'Chiplet_2', 'connection_type': '2.5d_emib', 'loc': '2.5d_chiplet'},{'from': 'Chiplet_5', 'to': 'Chiplet_6', 'connection_type': '2.5d_emib', 'loc': '2.5d_chiplet'},{'from': 'Chiplet_2', 'to': 'Chiplet_4', 'connection_type': '2.5d_emib', 'loc': '2.5d_chiplet'},{'from': 'Chiplet_2', 'to': 'Chiplet_5', 'connection_type': '2.5d_emib', 'loc': '2.5d_chiplet'},{'from': 'Chiplet_2', 'to': 'Chiplet_6', 'connection_type': '2.5d_emib', 'loc': '2.5d_chiplet'},{'from': 'Chiplet_4', 'to': 'Chiplet_5', 'connection_type': '2.5d_emib', 'loc': '2.5d_chiplet'},{'from': 'Chiplet_4', 'to': 'Chiplet_2', 'connection_type': '2.5d_emib', 'loc': '2.5d_chiplet'}",2,2,1,1,3,7,hbm3,ucie_adv,ucie_3d,1,0,is,1,0,0
26,9.993130488207564,1746470.97,52143.57661732346,95665199.44725254,39783.35803361899,16426.32095324662,26,1.4141952089375351,1.7054115854749998,512,64x64,14,1.3653681800824635,3.1172648505374996,512,96x96,10,2.6264880905479133,5.538366334949999,1024,128x128,10,0.829831759447044,1.3845915837374998,768,64x64,10,2.20879254,4.475,3072,128x128,7,3.5867297574793953,3.8395579270749995,2048,96x96,14,2.5d_3d,"{'from': 'Chiplet_5', 'to': 'Chiplet_1', 'connection_type': '3d_hyb_bond', 'loc': 'stack0_base'},{'from': 'Chiplet_1', 'to': 'Chiplet_2', 'connection_type': '3d_hyb_bond', 'loc': 'stack0_middle1'},{'from': 'Chiplet_2', 'to': 'Chiplet_4', 'connection_type': '3d_hyb_bond', 'loc': 'stack0_middle2'},{'from': 'Chiplet_4', 'to': 'na', 'connection_type': '3d_hyb_bond', 'loc': 'stack0_top'},{'from': 'Chiplet_6', 'to': 'Chiplet_3', 'connection_type': '2.5d_rdl', 'loc': '2.5d_chiplet'},{'from': 'Chiplet_6', 'to': 'Chiplet_5', 'connection_type': '2.5d_rdl', 'loc': '2.5d_chiplet'},{'from': 'Chiplet_3', 'to': 'Chiplet_5', 'connection_type': '2.5d_rdl', 'loc': '2.5d_chiplet'},{'from': 'Chiplet_3', 'to': 'Chiplet_6', 'connection_type': '2.5d_rdl', 'loc': '2.5d_chiplet'},{'from': 'Chiplet_5', 'to': 'Chiplet_3', 'connection_type': '2.5d_rdl', 'loc': '2.5d_chiplet'},{'from': 'Chiplet_5', 'to': 'Chiplet_6', 'connection_type': '2.5d_rdl', 'loc': '2.5d_chiplet'}",1,1,2,1,1,2,ddr5,ucie_std,ucie_3d,1,0,is,1,0,0
27,67.28818896848509,6888263.53,240439.86917286174,111715212.46980816,7978.0298300057975,11992.125319188644,27,12.799492673176792,15.979573171754398,4096,192x192,14,14.117807839976791,15.979573171754398,6144,192x192,14,5.5109919519999995,10.4826,8192,192x192,7,6.726740457366197,12.973514847541198,4096,192x192,10,3.3193280905479132,5.538366334949999,3072,128x128,10,6.975099908490179,6.821646341899999,4096,128x128,14,2.5d,"{'from': 'Chiplet_2', 'to': 'Chiplet_4', 'connection_type': '2.5d_emib', 'loc': '2.5d_chiplet'},{'from': 'Chiplet_2', 'to': 'Chiplet_5', 'connection_type': '2.5d_emib', 'loc': '2.5d_chiplet'},{'from': 'Chiplet_2', 'to': 'Chiplet_1', 'connection_type': '2.5d_emib', 'loc': '2.5d_chiplet'},{'from': 'Chiplet_2', 'to': 'Chiplet_6', 'connection_type': '2.5d_emib', 'loc': '2.5d_chiplet'},{'from': 'Chiplet_4', 'to': 'Chiplet_5', 'connection_type': '2.5d_emib', 'loc': '2.5d_chiplet'},{'from': 'Chiplet_4', 'to': 'Chiplet_2', 'connection_type': '2.5d_emib', 'loc': '2.5d_chiplet'},{'from': 'Chiplet_5', 'to': 'Chiplet_4', 'connection_type': '2.5d_emib', 'loc': '2.5d_chiplet'},{'from': 'Chiplet_5', 'to': 'Chiplet_2', 'connection_type': '2.5d_emib', 'loc': '2.5d_chiplet'},{'from': 'Chiplet_1', 'to': 'Chiplet_3', 'connection_type': '2.5d_emib', 'loc': '2.5d_chiplet'},{'from': 'Chiplet_1', 'to': 'Chiplet_2', 'connection_type': '2.5d_emib', 'loc': '2.5d_chiplet'},{'from': 'Chiplet_1', 'to': 'Chiplet_6', 'connection_type': '2.5d_emib', 'loc': '2.5d_chiplet'},{'from': 'Chiplet_6', 'to': 'Chiplet_3', 'connection_type': '2.5d_emib', 'loc': '2.5d_chiplet'},{'from': 'Chiplet_6', 'to': 'Chiplet_1', 'connection_type': '2.5d_emib', 'loc': '2.5d_chiplet'},{'from': 'Chiplet_6', 'to': 'Chiplet_2', 'connection_type': '2.5d_emib', 'loc': '2.5d_chiplet'},{'from': 'Chiplet_3', 'to': 'Chiplet_1', 'connection_type': '2.5d_emib', 'loc': '2.5d_chiplet'},{'from': 'Chiplet_3', 'to': 'Chiplet_6', 'connection_type': '2.5d_emib', 'loc': '2.5d_chiplet'}",2,2,1,1,1,1,ddr5,bow,na,1,0,os,1,0,0
28,28.378352627445807,3004171.18,172811.41447360045,100309146.0910755,7137.163712571146,6280.081259088886,28,0.957922696,2.51875,1024,96x96,7,12.799492673176792,15.979573171754398,4096,192x192,14,1.5385781800824634,3.1172648505374996,1024,96x96,10,3.3193280905479132,5.538366334949999,3072,128x128,10,0.46559300000000003,1.11875,512,64x64,7,3.3193280905479132,5.538366334949999,3072,128x128,10,2.5d,"{'from': 'Chiplet_2', 'to': 'Chiplet_4', 'connection_type': '2.5d_emib', 'loc': '2.5d_chiplet'},{'from': 'Chiplet_2', 'to': 'Chiplet_6', 'connection_type': '2.5d_emib', 'loc': '2.5d_chiplet'},{'from': 'Chiplet_4', 'to': 'Chiplet_3', 'connection_type': '2.5d_emib', 'loc': '2.5d_chiplet'},{'from': 'Chiplet_4', 'to': 'Chiplet_2', 'connection_type': '2.5d_emib', 'loc': '2.5d_chiplet'},{'from': 'Chiplet_4', 'to': 'Chiplet_6', 'connection_type': '2.5d_emib', 'loc': '2.5d_chiplet'},{'from': 'Chiplet_3', 'to': 'Chiplet_4', 'connection_type': '2.5d_emib', 'loc': '2.5d_chiplet'},{'from': 'Chiplet_3', 'to': 'Chiplet_1', 'connection_type': '2.5d_emib', 'loc': '2.5d_chiplet'},{'from': 'Chiplet_6', 'to': 'Chiplet_4', 'connection_type': '2.5d_emib', 'loc': '2.5d_chiplet'},{'from': 'Chiplet_6', 'to': 'Chiplet_5', 'connection_type': '2.5d_emib', 'loc': '2.5d_chiplet'},{'from': 'Chiplet_6', 'to': 'Chiplet_1', 'connection_type': '2.5d_emib', 'loc': '2.5d_chiplet'},{'from': 'Chiplet_6', 'to': 'Chiplet_2', 'connection_type': '2.5d_emib', 'loc': '2.5d_chiplet'},{'from': 'Chiplet_1', 'to': 'Chiplet_3', 'connection_type': '2.5d_emib', 'loc': '2.5d_chiplet'},{'from': 'Chiplet_1', 'to': 'Chiplet_5', 'connection_type': '2.5d_emib', 'loc': '2.5d_chiplet'},{'from': 'Chiplet_1', 'to': 'Chiplet_6', 'connection_type': '2.5d_emib', 'loc': '2.5d_chiplet'},{'from': 'Chiplet_5', 'to': 'Chiplet_1', 'connection_type': '2.5d_emib', 'loc': '2.5d_chiplet'},{'from': 'Chiplet_5', 'to': 'Chiplet_6', 'connection_type': '2.5d_emib', 'loc': '2.5d_chiplet'}",1,3,1,1,1,1,ddr5,bow,na,1,0,ws,1,0,0
29,23.69997990743741,2678969.84,156852.34080649808,40159569.59031562,11360.418005245554,6496.357710508037,29,6.033899457366197,12.973514847541198,2048,192x192,10,0.378988,1.11875,256,64x64,7,0.46559300000000003,1.11875,512,64x64,7,4.9976252555201786,6.821646341899999,1024,128x128,14,1.4141952089375351,1.7054115854749998,512,64x64,14,3.2571509657793953,3.8395579270749995,1536,96x96,14,2.5d,"{'from': 'Chiplet_1', 'to': 'Chiplet_4', 'connection_type': '2.5d_emib', 'loc': '2.5d_chiplet'},{'from': 'Chiplet_1', 'to': 'Chiplet_5', 'connection_type': '2.5d_emib', 'loc': '2.5d_chiplet'},{'from': 'Chiplet_1', 'to': 'Chiplet_3', 'connection_type': '2.5d_emib', 'loc': '2.5d_chiplet'},{'from': 'Chiplet_1', 'to': 'Chiplet_6', 'connection_type': '2.5d_emib', 'loc': '2.5d_chiplet'},{'from': 'Chiplet_5', 'to': 'Chiplet_3', 'connection_type': '2.5d_emib', 'loc': '2.5d_chiplet'},{'from': 'Chiplet_5', 'to': 'Chiplet_1', 'connection_type': '2.5d_emib', 'loc': '2.5d_chiplet'},{'from': 'Chiplet_5', 'to': 'Chiplet_2', 'connection_type': '2.5d_emib', 'loc': '2.5d_chiplet'},{'from': 'Chiplet_3', 'to': 'Chiplet_5', 'connection_type': '2.5d_emib', 'loc': '2.5d_chiplet'},{'from': 'Chiplet_3', 'to': 'Chiplet_1', 'connection_type': '2.5d_emib', 'loc': '2.5d_chiplet'},{'from': 'Chiplet_3', 'to': 'Chiplet_2', 'connection_type': '2.5d_emib', 'loc': '2.5d_chiplet'},{'from': 'Chiplet_2', 'to': 'Chiplet_3', 'connection_type': '2.5d_emib', 'loc': '2.5d_chiplet'},{'from': 'Chiplet_2', 'to': 'Chiplet_5', 'connection_type': '2.5d_emib', 'loc': '2.5d_chiplet'},{'from': 'Chiplet_4', 'to': 'Chiplet_1', 'connection_type': '2.5d_emib', 'loc': '2.5d_chiplet'},{'from': 'Chiplet_4', 'to': 'Chiplet_6', 'connection_type': '2.5d_emib', 'loc': '2.5d_chiplet'},{'from': 'Chiplet_6', 'to': 'Chiplet_4', 'connection_type': '2.5d_emib', 'loc': '2.5d_chiplet'},{'from': 'Chiplet_6', 'to': 'Chiplet_1', 'connection_type': '2.5d_emib', 'loc': '2.5d_chiplet'}",6,1,1,4,1,3,hbm2,aib,na,1,0,is,1,0,0
30,22.289671857517007,2511942.69,68222.87400524183,185738324.9908666,5343.605664488017,6012.50938471403,30,0.656621759447044,1.3845915837374998,256,64x64,10,5.5109919519999995,10.4826,8192,192x192,7,0.916436759447044,1.3845915837374998,1024,64x64,10,1.131132696,2.51875,1536,96x96,7,5.656782838920179,6.821646341899999,2048,128x128,14,2.597993382379395,3.8395579270749995,512,96x96,14,2.5d,"{'from': 'Chiplet_5', 'to': 'Chiplet_4', 'connection_type': '2.5d_rdl', 'loc': '2.5d_chiplet'},{'from': 'Chiplet_5', 'to': 'Chiplet_3', 'connection_type': '2.5d_rdl', 'loc': '2.5d_chiplet'},{'from': 'Chiplet_5', 'to': 'Chiplet_2', 'connection_type': '2.5d_rdl', 'loc': '2.5d_chiplet'},{'from': 'Chiplet_4', 'to': 'Chiplet_3', 'connection_type': '2.5d_rdl', 'loc': '2.5d_chiplet'},{'from': 'Chiplet_4', 'to': 'Chiplet_5', 'connection_type': '2.5d_rdl', 'loc': '2.5d_chiplet'},{'from': 'Chiplet_4', 'to': 'Chiplet_1', 'connection_type': '2.5d_rdl', 'loc': '2.5d_chiplet'},{'from': 'Chiplet_3', 'to': 'Chiplet_4', 'connection_type': '2.5d_rdl', 'loc': '2.5d_chiplet'},{'from': 'Chiplet_3', 'to': 'Chiplet_5', 'connection_type': '2.5d_rdl', 'loc': '2.5d_chiplet'},{'from': 'Chiplet_3', 'to': 'Chiplet_1', 'connection_type': '2.5d_rdl', 'loc': '2.5d_chiplet'},{'from': 'Chiplet_3', 'to': 'Chiplet_6', 'connection_type': '2.5d_rdl', 'loc': '2.5d_chiplet'},{'from': 'Chiplet_1', 'to': 'Chiplet_4', 'connection_type': '2.5d_rdl', 'loc': '2.5d_chiplet'},{'from': 'Chiplet_1', 'to': 'Chiplet_3', 'connection_type': '2.5d_rdl', 'loc': '2.5d_chiplet'},{'from': 'Chiplet_2', 'to': 'Chiplet_5', 'connection_type': '2.5d_rdl', 'loc': '2.5d_chiplet'},{'from': 'Chiplet_2', 'to': 'Chiplet_6', 'connection_type': '2.5d_rdl', 'loc': '2.5d_chiplet'},{'from': 'Chiplet_6', 'to': 'Chiplet_3', 'connection_type': '2.5d_rdl', 'loc': '2.5d_chiplet'},{'from': 'Chiplet_6', 'to': 'Chiplet_2', 'connection_type': '2.5d_rdl', 'loc': '2.5d_chiplet'}",1,2,1,1,2,1,ddr4,ucie_std,na,1,0,ws,0,0,0
31,19.91477783330512,4933679.61,131700.0771071967,50798545.60467432,11130.218047334503,10321.950482918548,31,4.818150952,10.4826,6144,192x192,7,11.481175603606792,15.979573171754398,2048,192x192,14,1.4141952089375351,1.7054115854749998,512,64x64,14,2.972908090547913,5.538366334949999,2048,128x128,10,5.5109919519999995,10.4826,8192,192x192,7,1.578984604787535,1.7054115854749998,768,64x64,14,2.5d_3d,"{'from': 'Chiplet_2', 'to': 'Chiplet_1', 'connection_type': '3d_hyb_bond', 'loc': 'stack0_base'},{'from': 'Chiplet_1', 'to': 'Chiplet_4', 'connection_type': '3d_hyb_bond', 'loc': 'stack0_middle1'},{'from': 'Chiplet_4', 'to': 'Chiplet_6', 'connection_type': '3d_hyb_bond', 'loc': 'stack0_middle2'},{'from': 'Chiplet_6', 'to': 'Chiplet_3', 'connection_type': '3d_hyb_bond', 'loc': 'stack0_middle3'},{'from': 'Chiplet_3', 'to': 'na', 'connection_type': '3d_hyb_bond', 'loc': 'stack0_top'},{'from': 'Chiplet_2', 'to': 'Chiplet_5', 'connection_type': '2.5d_rdl', 'loc': '2.5d_chiplet'},{'from': 'Chiplet_5', 'to': 'Chiplet_2', 'connection_type': '2.5d_rdl', 'loc': '2.5d_chiplet'}",3,6,1,2,3,1,hbm3,ucie_std,ucie_3d,1,0,is,1,0,0
32,20.49313887274305,2180419.18,50782.91105381562,41269115.86537073,4898.56153219234,2656.675572556337,32,0.378988,1.11875,256,64x64,7,3.5867297574793953,3.8395579270749995,2048,96x96,14,5.656782838920179,6.821646341899999,2048,128x128,14,1.51595254,4.475,1024,128x128,7,1.249405813087535,1.7054115854749998,256,64x64,14,1.7117881800824635,3.1172648505374996,1536,96x96,10,2.5d,"{'from': 'Chiplet_3', 'to': 'Chiplet_5', 'connection_type': '2.5d_rdl', 'loc': '2.5d_chiplet'},{'from': 'Chiplet_3', 'to': 'Chiplet_2', 'connection_type': '2.5d_rdl', 'loc': '2.5d_chiplet'},{'from': 'Chiplet_3', 'to': 'Chiplet_6', 'connection_type': '2.5d_rdl', 'loc': '2.5d_chiplet'},{'from': 'Chiplet_5', 'to': 'Chiplet_3', 'connection_type': '2.5d_rdl', 'loc': '2.5d_chiplet'},{'from': 'Chiplet_5', 'to': 'Chiplet_6', 'connection_type': '2.5d_rdl', 'loc': '2.5d_chiplet'},{'from': 'Chiplet_2', 'to': 'Chiplet_3', 'connection_type': '2.5d_rdl', 'loc': '2.5d_chiplet'},{'from': 'Chiplet_2', 'to': 'Chiplet_4', 'connection_type': '2.5d_rdl', 'loc': '2.5d_chiplet'},{'from': 'Chiplet_2', 'to': 'Chiplet_6', 'connection_type': '2.5d_rdl', 'loc': '2.5d_chiplet'},{'from': 'Chiplet_6', 'to': 'Chiplet_3', 'connection_type': '2.5d_rdl', 'loc': '2.5d_chiplet'},{'from': 'Chiplet_6', 'to': 'Chiplet_4', 'connection_type': '2.5d_rdl', 'loc': '2.5d_chiplet'},{'from': 'Chiplet_6', 'to': 'Chiplet_1', 'connection_type': '2.5d_rdl', 'loc': '2.5d_chiplet'},{'from': 'Chiplet_6', 'to': 'Chiplet_2', 'connection_type': '2.5d_rdl', 'loc': '2.5d_chiplet'},{'from': 'Chiplet_6', 'to': 'Chiplet_5', 'connection_type': '2.5d_rdl', 'loc': '2.5d_chiplet'},{'from': 'Chiplet_4', 'to': 'Chiplet_1', 'connection_type': '2.5d_rdl', 'loc': '2.5d_chiplet'},{'from': 'Chiplet_4', 'to': 'Chiplet_2', 'connection_type': '2.5d_rdl', 'loc': '2.5d_chiplet'},{'from': 'Chiplet_4', 'to': 'Chiplet_6', 'connection_type': '2.5d_rdl', 'loc': '2.5d_chiplet'},{'from': 'Chiplet_1', 'to': 'Chiplet_4', 'connection_type': '2.5d_rdl', 'loc': '2.5d_chiplet'},{'from': 'Chiplet_1', 'to': 'Chiplet_6', 'connection_type': '2.5d_rdl', 'loc': '2.5d_chiplet'}",1,4,6,2,1,2,hbm3,ucie_std,na,1,0,os,0,0,0
33,16.09834449394156,3114355.85,151817.28405502922,129904198.79292655,4141.872964169381,4728.695537781571,33,5.5109919519999995,10.4826,8192,192x192,7,1.4141952089375351,1.7054115854749998,512,64x64,14,3.3193280905479132,5.538366334949999,3072,128x128,10,6.315940422320179,6.821646341899999,3072,128x128,14,1.4141952089375351,1.7054115854749998,512,64x64,14,1.51595254,4.475,1024,128x128,7,2.5d_3d,"{'from': 'Chiplet_4', 'to': 'Chiplet_1', 'connection_type': '3d_hyb_bond', 'loc': 'stack0_base'},{'from': 'Chiplet_1', 'to': 'na', 'connection_type': '3d_hyb_bond', 'loc': 'stack0_top'},{'from': 'Chiplet_4', 'to': 'Chiplet_3', 'connection_type': '2.5d_emib', 'loc': '2.5d_chiplet'},{'from': 'Chiplet_4', 'to': 'Chiplet_6', 'connection_type': '2.5d_emib', 'loc': '2.5d_chiplet'},{'from': 'Chiplet_3', 'to': 'Chiplet_4', 'connection_type': '2.5d_emib', 'loc': '2.5d_chiplet'},{'from': 'Chiplet_3', 'to': 'Chiplet_2', 'connection_type': '2.5d_emib', 'loc': '2.5d_chiplet'},{'from': 'Chiplet_3', 'to': 'Chiplet_6', 'connection_type': '2.5d_emib', 'loc': '2.5d_chiplet'},{'from': 'Chiplet_6', 'to': 'Chiplet_4', 'connection_type': '2.5d_emib', 'loc': '2.5d_chiplet'},{'from': 'Chiplet_6', 'to': 'Chiplet_5', 'connection_type': '2.5d_emib', 'loc': '2.5d_chiplet'},{'from': 'Chiplet_6', 'to': 'Chiplet_3', 'connection_type': '2.5d_emib', 'loc': '2.5d_chiplet'},{'from': 'Chiplet_6', 'to': 'Chiplet_2', 'connection_type': '2.5d_emib', 'loc': '2.5d_chiplet'},{'from': 'Chiplet_2', 'to': 'Chiplet_3', 'connection_type': '2.5d_emib', 'loc': '2.5d_chiplet'},{'from': 'Chiplet_2', 'to': 'Chiplet_5', 'connection_type': '2.5d_emib', 'loc': '2.5d_chiplet'},{'from': 'Chiplet_2', 'to': 'Chiplet_6', 'connection_type': '2.5d_emib', 'loc': '2.5d_chiplet'},{'from': 'Chiplet_5', 'to': 'Chiplet_2', 'connection_type': '2.5d_emib', 'loc': '2.5d_chiplet'},{'from': 'Chiplet_5', 'to': 'Chiplet_6', 'connection_type': '2.5d_emib', 'loc': '2.5d_chiplet'}",2,1,1,2,1,1,ddr5,bow,ucie_3d,0,0,os,0,0,0
34,24.087858029933873,3578696.64,177099.83641487622,50018209.80621295,6787.654487669652,4852.671604863661,34,2.6264880905479133,5.538366334949999,1024,128x128,10,4.1253109519999995,10.4826,4096,192x192,7,1.131132696,2.51875,1536,96x96,7,5.5109919519999995,10.4826,8192,192x192,7,0.743226759447044,1.3845915837374998,512,64x64,10,0.46559300000000003,1.11875,512,64x64,7,2.5d,"{'from': 'Chiplet_4', 'to': 'Chiplet_3', 'connection_type': '2.5d_emib', 'loc': '2.5d_chiplet'},{'from': 'Chiplet_4', 'to': 'Chiplet_5', 'connection_type': '2.5d_emib', 'loc': '2.5d_chiplet'},{'from': 'Chiplet_4', 'to': 'Chiplet_1', 'connection_type': '2.5d_emib', 'loc': '2.5d_chiplet'},{'from': 'Chiplet_4', 'to': 'Chiplet_2', 'connection_type': '2.5d_emib', 'loc': '2.5d_chiplet'},{'from': 'Chiplet_3', 'to': 'Chiplet_4', 'connection_type': '2.5d_emib', 'loc': '2.5d_chiplet'},{'from': 'Chiplet_3', 'to': 'Chiplet_5', 'connection_type': '2.5d_emib', 'loc': '2.5d_chiplet'},{'from': 'Chiplet_5', 'to': 'Chiplet_3', 'connection_type': '2.5d_emib', 'loc': '2.5d_chiplet'},{'from': 'Chiplet_5', 'to': 'Chiplet_4', 'connection_type': '2.5d_emib', 'loc': '2.5d_chiplet'},{'from': 'Chiplet_2', 'to': 'Chiplet_4', 'connection_type': '2.5d_emib', 'loc': '2.5d_chiplet'},{'from': 'Chiplet_2', 'to': 'Chiplet_1', 'connection_type': '2.5d_emib', 'loc': '2.5d_chiplet'},{'from': 'Chiplet_2', 'to': 'Chiplet_6', 'connection_type': '2.5d_emib', 'loc': '2.5d_chiplet'},{'from': 'Chiplet_1', 'to': 'Chiplet_4', 'connection_type': '2.5d_emib', 'loc': '2.5d_chiplet'},{'from': 'Chiplet_1', 'to': 'Chiplet_2', 'connection_type': '2.5d_emib', 'loc': '2.5d_chiplet'},{'from': 'Chiplet_1', 'to': 'Chiplet_6', 'connection_type': '2.5d_emib', 'loc': '2.5d_chiplet'},{'from': 'Chiplet_6', 'to': 'Chiplet_1', 'connection_type': '2.5d_emib', 'loc': '2.5d_chiplet'},{'from': 'Chiplet_6', 'to': 'Chiplet_2', 'connection_type': '2.5d_emib', 'loc': '2.5d_chiplet'}",3,4,1,6,1,1,hbm2,bow,na,1,0,is,1,0,0
35,26.690612494242348,2794957.61,77599.31517520467,100674231.01620182,18600.270316447615,12996.183541712822,35,3.3193280905479132,5.538366334949999,3072,128x128,10,2.20879254,4.475,3072,128x128,7,12.799492673176792,15.979573171754398,4096,192x192,14,0.656621759447044,1.3845915837374998,256,64x64,10,0.743226759447044,1.3845915837374998,512,64x64,10,2.927572174079395,3.8395579270749995,1024,96x96,14,2.5d,"{'from': 'Chiplet_3', 'to': 'Chiplet_1', 'connection_type': '2.5d_rdl', 'loc': '2.5d_chiplet'},{'from': 'Chiplet_3', 'to': 'Chiplet_6', 'connection_type': '2.5d_rdl', 'loc': '2.5d_chiplet'},{'from': 'Chiplet_1', 'to': 'Chiplet_3', 'connection_type': '2.5d_rdl', 'loc': '2.5d_chiplet'},{'from': 'Chiplet_1', 'to': 'Chiplet_5', 'connection_type': '2.5d_rdl', 'loc': '2.5d_chiplet'},{'from': 'Chiplet_1', 'to': 'Chiplet_4', 'connection_type': '2.5d_rdl', 'loc': '2.5d_chiplet'},{'from': 'Chiplet_1', 'to': 'Chiplet_6', 'connection_type': '2.5d_rdl', 'loc': '2.5d_chiplet'},{'from': 'Chiplet_5', 'to': 'Chiplet_4', 'connection_type': '2.5d_rdl', 'loc': '2.5d_chiplet'},{'from': 'Chiplet_5', 'to': 'Chiplet_1', 'connection_type': '2.5d_rdl', 'loc': '2.5d_chiplet'},{'from': 'Chiplet_4', 'to': 'Chiplet_5', 'connection_type': '2.5d_rdl', 'loc': '2.5d_chiplet'},{'from': 'Chiplet_4', 'to': 'Chiplet_1', 'connection_type': '2.5d_rdl', 'loc': '2.5d_chiplet'},{'from': 'Chiplet_4', 'to': 'Chiplet_2', 'connection_type': '2.5d_rdl', 'loc': '2.5d_chiplet'},{'from': 'Chiplet_6', 'to': 'Chiplet_3', 'connection_type': '2.5d_rdl', 'loc': '2.5d_chiplet'},{'from': 'Chiplet_6', 'to': 'Chiplet_1', 'connection_type': '2.5d_rdl', 'loc': '2.5d_chiplet'},{'from': 'Chiplet_6', 'to': 'Chiplet_2', 'connection_type': '2.5d_rdl', 'loc': '2.5d_chiplet'},{'from': 'Chiplet_2', 'to': 'Chiplet_4', 'connection_type': '2.5d_rdl', 'loc': '2.5d_chiplet'},{'from': 'Chiplet_2', 'to': 'Chiplet_6', 'connection_type': '2.5d_rdl', 'loc': '2.5d_chiplet'}",1,1,3,1,1,1,ddr5,ucie_std,na,0,0,os,1,0,0
36,17.557786643440856,2475898.37,168507.28433020881,95375315.4061887,6989.291878943361,5467.676135906649,36,2.55521354,4.475,4096,128x128,7,1.5385781800824634,3.1172648505374996,1024,96x96,10,2.20879254,4.475,3072,128x128,7,1.131132696,2.51875,1536,96x96,7,3.432469952,10.4826,2048,192x192,7,2.597993382379395,3.8395579270749995,512,96x96,14,2.5d,"{'from': 'Chiplet_5', 'to': 'Chiplet_3', 'connection_type': '2.5d_emib', 'loc': '2.5d_chiplet'},{'from': 'Chiplet_5', 'to': 'Chiplet_4', 'connection_type': '2.5d_emib', 'loc': '2.5d_chiplet'},{'from': 'Chiplet_5', 'to': 'Chiplet_1', 'connection_type': '2.5d_emib', 'loc': '2.5d_chiplet'},{'from': 'Chiplet_5', 'to': 'Chiplet_6', 'connection_type': '2.5d_emib', 'loc': '2.5d_chiplet'},{'from': 'Chiplet_3', 'to': 'Chiplet_4', 'connection_type': '2.5d_emib', 'loc': '2.5d_chiplet'},{'from': 'Chiplet_3', 'to': 'Chiplet_5', 'connection_type': '2.5d_emib', 'loc': '2.5d_chiplet'},{'from': 'Chiplet_4', 'to': 'Chiplet_3', 'connection_type': '2.5d_emib', 'loc': '2.5d_chiplet'},{'from': 'Chiplet_4', 'to': 'Chiplet_5', 'connection_type': '2.5d_emib', 'loc': '2.5d_chiplet'},{'from': 'Chiplet_6', 'to': 'Chiplet_5', 'connection_type': '2.5d_emib', 'loc': '2.5d_chiplet'},{'from': 'Chiplet_6', 'to': 'Chiplet_1', 'connection_type': '2.5d_emib', 'loc': '2.5d_chiplet'},{'from': 'Chiplet_6', 'to': 'Chiplet_2', 'connection_type': '2.5d_emib', 'loc': '2.5d_chiplet'},{'from': 'Chiplet_1', 'to': 'Chiplet_5', 'connection_type': '2.5d_emib', 'loc': '2.5d_chiplet'},{'from': 'Chiplet_1', 'to': 'Chiplet_2', 'connection_type': '2.5d_emib', 'loc': '2.5d_chiplet'},{'from': 'Chiplet_1', 'to': 'Chiplet_6', 'connection_type': '2.5d_emib', 'loc': '2.5d_chiplet'},{'from': 'Chiplet_2', 'to': 'Chiplet_1', 'connection_type': '2.5d_emib', 'loc': '2.5d_chiplet'},{'from': 'Chiplet_2', 'to': 'Chiplet_6', 'connection_type': '2.5d_emib', 'loc': '2.5d_chiplet'}",1,1,1,1,2,2,ddr5,ucie_adv,na,0,0,os,1,0,0
37,20.19770331455701,2134854.68,50532.34341056757,34140490.327231884,24996.16608687821,10054.947765041627,37,1.7117881800824635,3.1172648505374996,1536,96x96,10,0.784712696,2.51875,512,96x96,7,3.2571509657793953,3.8395579270749995,1536,96x96,14,6.315940422320179,6.821646341899999,3072,128x128,14,0.784712696,2.51875,512,96x96,7,1.249405813087535,1.7054115854749998,256,64x64,14,2.5d,"{'from': 'Chiplet_4', 'to': 'Chiplet_3', 'connection_type': '2.5d_rdl', 'loc': '2.5d_chiplet'},{'from': 'Chiplet_4', 'to': 'Chiplet_5', 'connection_type': '2.5d_rdl', 'loc': '2.5d_chiplet'},{'from': 'Chiplet_4', 'to': 'Chiplet_1', 'connection_type': '2.5d_rdl', 'loc': '2.5d_chiplet'},{'from': 'Chiplet_5', 'to': 'Chiplet_4', 'connection_type': '2.5d_rdl', 'loc': '2.5d_chiplet'},{'from': 'Chiplet_5', 'to': 'Chiplet_1', 'connection_type': '2.5d_rdl', 'loc': '2.5d_chiplet'},{'from': 'Chiplet_3', 'to': 'Chiplet_4', 'connection_type': '2.5d_rdl', 'loc': '2.5d_chiplet'},{'from': 'Chiplet_3', 'to': 'Chiplet_1', 'connection_type': '2.5d_rdl', 'loc': '2.5d_chiplet'},{'from': 'Chiplet_3', 'to': 'Chiplet_6', 'connection_type': '2.5d_rdl', 'loc': '2.5d_chiplet'},{'from': 'Chiplet_1', 'to': 'Chiplet_4', 'connection_type': '2.5d_rdl', 'loc': '2.5d_chiplet'},{'from': 'Chiplet_1', 'to': 'Chiplet_3', 'connection_type': '2.5d_rdl', 'loc': '2.5d_chiplet'},{'from': 'Chiplet_1', 'to': 'Chiplet_2', 'connection_type': '2.5d_rdl', 'loc': '2.5d_chiplet'},{'from': 'Chiplet_1', 'to': 'Chiplet_6', 'connection_type': '2.5d_rdl', 'loc': '2.5d_chiplet'},{'from': 'Chiplet_1', 'to': 'Chiplet_5', 'connection_type': '2.5d_rdl', 'loc': '2.5d_chiplet'},{'from': 'Chiplet_6', 'to': 'Chiplet_3', 'connection_type': '2.5d_rdl', 'loc': '2.5d_chiplet'},{'from': 'Chiplet_6', 'to': 'Chiplet_1', 'connection_type': '2.5d_rdl', 'loc': '2.5d_chiplet'},{'from': 'Chiplet_6', 'to': 'Chiplet_2', 'connection_type': '2.5d_rdl', 'loc': '2.5d_chiplet'},{'from': 'Chiplet_2', 'to': 'Chiplet_1', 'connection_type': '2.5d_rdl', 'loc': '2.5d_chiplet'},{'from': 'Chiplet_2', 'to': 'Chiplet_6', 'connection_type': '2.5d_rdl', 'loc': '2.5d_chiplet'}",2,1,4,7,1,1,hbm3,ucie_std,na,0,0,is,1,0,0
38,24.919628176062336,3435740.73,65687.99250057056,41888155.55166082,13190.147621007874,7596.189775938529,38,0.916436759447044,1.3845915837374998,1024,64x64,10,0.638803,1.11875,1024,64x64,7,6.726740457366197,12.973514847541198,4096,192x192,10,6.975099908490179,6.821646341899999,4096,128x128,14,0.743226759447044,1.3845915837374998,512,64x64,10,1.51595254,4.475,1024,128x128,7,2.5d_3d,"{'from': 'Chiplet_1', 'to': 'Chiplet_2', 'connection_type': '3d_hyb_bond', 'loc': 'stack0_base'},{'from': 'Chiplet_2', 'to': 'na', 'connection_type': '3d_hyb_bond', 'loc': 'stack0_top'},{'from': 'Chiplet_4', 'to': 'Chiplet_3', 'connection_type': '2.5d_rdl', 'loc': '2.5d_chiplet'},{'from': 'Chiplet_4', 'to': 'Chiplet_5', 'connection_type': '2.5d_rdl', 'loc': '2.5d_chiplet'},{'from': 'Chiplet_4', 'to': 'Chiplet_1', 'connection_type': '2.5d_rdl', 'loc': '2.5d_chiplet'},{'from': 'Chiplet_1', 'to': 'Chiplet_4', 'connection_type': '2.5d_rdl', 'loc': '2.5d_chiplet'},{'from': 'Chiplet_1', 'to': 'Chiplet_5', 'connection_type': '2.5d_rdl', 'loc': '2.5d_chiplet'},{'from': 'Chiplet_5', 'to': 'Chiplet_4', 'connection_type': '2.5d_rdl', 'loc': '2.5d_chiplet'},{'from': 'Chiplet_5', 'to': 'Chiplet_1', 'connection_type': '2.5d_rdl', 'loc': '2.5d_chiplet'},{'from': 'Chiplet_5', 'to': 'Chiplet_6', 'connection_type': '2.5d_rdl', 'loc': '2.5d_chiplet'},{'from': 'Chiplet_3', 'to': 'Chiplet_4', 'connection_type': '2.5d_rdl', 'loc': '2.5d_chiplet'},{'from': 'Chiplet_3', 'to': 'Chiplet_6', 'connection_type': '2.5d_rdl', 'loc': '2.5d_chiplet'},{'from': 'Chiplet_6', 'to': 'Chiplet_3', 'connection_type': '2.5d_rdl', 'loc': '2.5d_chiplet'},{'from': 'Chiplet_6', 'to': 'Chiplet_5', 'connection_type': '2.5d_rdl', 'loc': '2.5d_chiplet'}",1,1,6,6,1,1,hbm3,ucie_std,ucie_3d,0,0,is,1,0,0
39,32.57592705908695,3465515.33,181128.93110279512,121003386.53484693,10706.315188294562,10054.967674206937,39,1.51595254,4.475,1024,128x128,7,6.975099908490179,6.821646341899999,4096,128x128,14,3.432469952,10.4826,2048,192x192,7,6.033899457366197,12.973514847541198,2048,192x192,10,0.957922696,2.51875,1024,96x96,7,1.304342696,2.51875,2048,96x96,7,2.5d,"{'from': 'Chiplet_2', 'to': 'Chiplet_4', 'connection_type': '2.5d_emib', 'loc': '2.5d_chiplet'},{'from': 'Chiplet_2', 'to': 'Chiplet_1', 'connection_type': '2.5d_emib', 'loc': '2.5d_chiplet'},{'from': 'Chiplet_2', 'to': 'Chiplet_3', 'connection_type': '2.5d_emib', 'loc': '2.5d_chiplet'},{'from': 'Chiplet_2', 'to': 'Chiplet_6', 'connection_type': '2.5d_emib', 'loc': '2.5d_chiplet'},{'from': 'Chiplet_1', 'to': 'Chiplet_2', 'connection_type': '2.5d_emib', 'loc': '2.5d_chiplet'},{'from': 'Chiplet_1', 'to': 'Chiplet_6', 'connection_type': '2.5d_emib', 'loc': '2.5d_chiplet'},{'from': 'Chiplet_6', 'to': 'Chiplet_1', 'connection_type': '2.5d_emib', 'loc': '2.5d_chiplet'},{'from': 'Chiplet_6', 'to': 'Chiplet_2', 'connection_type': '2.5d_emib', 'loc': '2.5d_chiplet'},{'from': 'Chiplet_4', 'to': 'Chiplet_3', 'connection_type': '2.5d_emib', 'loc': '2.5d_chiplet'},{'from': 'Chiplet_4', 'to': 'Chiplet_5', 'connection_type': '2.5d_emib', 'loc': '2.5d_chiplet'},{'from': 'Chiplet_4', 'to': 'Chiplet_2', 'connection_type': '2.5d_emib', 'loc': '2.5d_chiplet'},{'from': 'Chiplet_3', 'to': 'Chiplet_4', 'connection_type': '2.5d_emib', 'loc': '2.5d_chiplet'},{'from': 'Chiplet_3', 'to': 'Chiplet_5', 'connection_type': '2.5d_emib', 'loc': '2.5d_chiplet'},{'from': 'Chiplet_3', 'to': 'Chiplet_2', 'connection_type': '2.5d_emib', 'loc': '2.5d_chiplet'},{'from': 'Chiplet_5', 'to': 'Chiplet_3', 'connection_type': '2.5d_emib', 'loc': '2.5d_chiplet'},{'from': 'Chiplet_5', 'to': 'Chiplet_4', 'connection_type': '2.5d_emib', 'loc': '2.5d_chiplet'}",1,2,1,2,1,1,ddr4,bow,na,1,0,ws,1,0,0
40,30.90280803232416,4306997.8,153813.2154740887,48421822.89972833,3770.103148751357,3337.651115264797,40,5.656782838920179,6.821646341899999,2048,128x128,14,6.033899457366197,12.973514847541198,2048,192x192,10,1.249405813087535,1.7054115854749998,256,64x64,14,2.55521354,4.475,4096,128x128,7,6.975099908490179,6.821646341899999,4096,128x128,14,0.957922696,2.51875,1024,96x96,7,2.5d_3d,"{'from': 'Chiplet_3', 'to': 'Chiplet_6', 'connection_type': '3d_u_bump', 'loc': 'stack0_base'},{'from': 'Chiplet_6', 'to': 'na', 'connection_type': '3d_u_bump', 'loc': 'stack0_top'},{'from': 'Chiplet_5', 'to': 'Chiplet_4', 'connection_type': '2.5d_emib', 'loc': '2.5d_chiplet'},{'from': 'Chiplet_5', 'to': 'Chiplet_3', 'connection_type': '2.5d_emib', 'loc': '2.5d_chiplet'},{'from': 'Chiplet_5', 'to': 'Chiplet_1', 'connection_type': '2.5d_emib', 'loc': '2.5d_chiplet'},{'from': 'Chiplet_5', 'to': 'Chiplet_2', 'connection_type': '2.5d_emib', 'loc': '2.5d_chiplet'},{'from': 'Chiplet_4', 'to': 'Chiplet_3', 'connection_type': '2.5d_emib', 'loc': '2.5d_chiplet'},{'from': 'Chiplet_4', 'to': 'Chiplet_5', 'connection_type': '2.5d_emib', 'loc': '2.5d_chiplet'},{'from': 'Chiplet_3', 'to': 'Chiplet_4', 'connection_type': '2.5d_emib', 'loc': '2.5d_chiplet'},{'from': 'Chiplet_3', 'to': 'Chiplet_5', 'connection_type': '2.5d_emib', 'loc': '2.5d_chiplet'},{'from': 'Chiplet_2', 'to': 'Chiplet_5', 'connection_type': '2.5d_emib', 'loc': '2.5d_chiplet'},{'from': 'Chiplet_2', 'to': 'Chiplet_1', 'connection_type': '2.5d_emib', 'loc': '2.5d_chiplet'},{'from': 'Chiplet_1', 'to': 'Chiplet_5', 'connection_type': '2.5d_emib', 'loc': '2.5d_chiplet'},{'from': 'Chiplet_1', 'to': 'Chiplet_2', 'connection_type': '2.5d_emib', 'loc': '2.5d_chiplet'}",4,4,1,2,4,1,hbm3,ucie_adv,ucie_3d,0,0,os,0,0,0
41,31.864328689063868,4289142.35,84956.6399353226,49948093.69886573,19916.01553085605,14461.831272207482,41,2.6264880905479133,5.538366334949999,1024,128x128,10,12.799492673176792,15.979573171754398,4096,192x192,14,1.5385781800824634,3.1172648505374996,1024,96x96,10,6.315940422320179,6.821646341899999,3072,128x128,14,1.4141952089375351,1.7054115854749998,512,64x64,14,3.2571509657793953,3.8395579270749995,1536,96x96,14,2.5d_3d,"{'from': 'Chiplet_6', 'to': 'Chiplet_3', 'connection_type': '3d_hyb_bond', 'loc': 'stack0_base'},{'from': 'Chiplet_3', 'to': 'na', 'connection_type': '3d_hyb_bond', 'loc': 'stack0_top'},{'from': 'Chiplet_2', 'to': 'Chiplet_4', 'connection_type': '2.5d_rdl', 'loc': '2.5d_chiplet'},{'from': 'Chiplet_2', 'to': 'Chiplet_6', 'connection_type': '2.5d_rdl', 'loc': '2.5d_chiplet'},{'from': 'Chiplet_4', 'to': 'Chiplet_1', 'connection_type': '2.5d_rdl', 'loc': '2.5d_chiplet'},{'from': 'Chiplet_4', 'to': 'Chiplet_2', 'connection_type': '2.5d_rdl', 'loc': '2.5d_chiplet'},{'from': 'Chiplet_4', 'to': 'Chiplet_6', 'connection_type': '2.5d_rdl', 'loc': '2.5d_chiplet'},{'from': 'Chiplet_6', 'to': 'Chiplet_4', 'connection_type': '2.5d_rdl', 'loc': '2.5d_chiplet'},{'from': 'Chiplet_6', 'to': 'Chiplet_5', 'connection_type': '2.5d_rdl', 'loc': '2.5d_chiplet'},{'from': 'Chiplet_6', 'to': 'Chiplet_1', 'connection_type': '2.5d_rdl', 'loc': '2.5d_chiplet'},{'from': 'Chiplet_6', 'to': 'Chiplet_2', 'connection_type': '2.5d_rdl', 'loc': '2.5d_chiplet'},{'from': 'Chiplet_1', 'to': 'Chiplet_4', 'connection_type': '2.5d_rdl', 'loc': '2.5d_chiplet'},{'from': 'Chiplet_1', 'to': 'Chiplet_5', 'connection_type': '2.5d_rdl', 'loc': '2.5d_chiplet'},{'from': 'Chiplet_1', 'to': 'Chiplet_6', 'connection_type': '2.5d_rdl', 'loc': '2.5d_chiplet'},{'from': 'Chiplet_5', 'to': 'Chiplet_1', 'connection_type': '2.5d_rdl', 'loc': '2.5d_chiplet'},{'from': 'Chiplet_5', 'to': 'Chiplet_6', 'connection_type': '2.5d_rdl', 'loc': '2.5d_chiplet'}",1,7,1,4,1,2,hbm2,ucie_std,ucie_3d,0,0,ws,1,0,0
42,22.781513185372873,2906681.55,64021.08866431946,135864750.99120992,3725.8429439211195,4244.113626856601,42,3.2571509657793953,3.8395579270749995,1536,96x96,14,0.552198,1.11875,768,64x64,7,0.656621759447044,1.3845915837374998,256,64x64,10,2.972908090547913,5.538366334949999,2048,128x128,10,1.7117881800824635,3.1172648505374996,1536,96x96,10,5.5109919519999995,10.4826,8192,192x192,7,2.5d_3d,"{'from': 'Chiplet_4', 'to': 'Chiplet_2', 'connection_type': '3d_hyb_bond', 'loc': 'stack0_base'},{'from': 'Chiplet_2', 'to': 'na', 'connection_type': '3d_hyb_bond', 'loc': 'stack0_top'},{'from': 'Chiplet_6', 'to': 'Chiplet_4', 'connection_type': '2.5d_rdl', 'loc': '2.5d_chiplet'},{'from': 'Chiplet_6', 'to': 'Chiplet_5', 'connection_type': '2.5d_rdl', 'loc': '2.5d_chiplet'},{'from': 'Chiplet_6', 'to': 'Chiplet_1', 'connection_type': '2.5d_rdl', 'loc': '2.5d_chiplet'},{'from': 'Chiplet_5', 'to': 'Chiplet_4', 'connection_type': '2.5d_rdl', 'loc': '2.5d_chiplet'},{'from': 'Chiplet_5', 'to': 'Chiplet_6', 'connection_type': '2.5d_rdl', 'loc': '2.5d_chiplet'},{'from': 'Chiplet_1', 'to': 'Chiplet_4', 'connection_type': '2.5d_rdl', 'loc': '2.5d_chiplet'},{'from': 'Chiplet_1', 'to': 'Chiplet_3', 'connection_type': '2.5d_rdl', 'loc': '2.5d_chiplet'},{'from': 'Chiplet_1', 'to': 'Chiplet_6', 'connection_type': '2.5d_rdl', 'loc': '2.5d_chiplet'},{'from': 'Chiplet_4', 'to': 'Chiplet_3', 'connection_type': '2.5d_rdl', 'loc': '2.5d_chiplet'},{'from': 'Chiplet_4', 'to': 'Chiplet_5', 'connection_type': '2.5d_rdl', 'loc': '2.5d_chiplet'},{'from': 'Chiplet_4', 'to': 'Chiplet_1', 'connection_type': '2.5d_rdl', 'loc': '2.5d_chiplet'},{'from': 'Chiplet_4', 'to': 'Chiplet_6', 'connection_type': '2.5d_rdl', 'loc': '2.5d_chiplet'},{'from': 'Chiplet_3', 'to': 'Chiplet_4', 'connection_type': '2.5d_rdl', 'loc': '2.5d_chiplet'},{'from': 'Chiplet_3', 'to': 'Chiplet_1', 'connection_type': '2.5d_rdl', 'loc': '2.5d_chiplet'}",1,1,1,1,1,3,ddr5,ucie_std,ucie_3d,0,0,ws,0,0,0
43,47.2932591814301,3381420.42,75041.66630059935,124055633.43257536,19408.03650111943,14848.302056738316,43,1.249405813087535,1.7054115854749998,256,64x64,14,0.784712696,2.51875,512,96x96,7,4.9976252555201786,6.821646341899999,1024,128x128,14,0.743226759447044,1.3845915837374998,512,64x64,10,4.9976252555201786,6.821646341899999,1024,128x128,14,11.481175603606792,15.979573171754398,2048,192x192,14,2.5d,"{'from': 'Chiplet_6', 'to': 'Chiplet_3', 'connection_type': '2.5d_rdl', 'loc': '2.5d_chiplet'},{'from': 'Chiplet_6', 'to': 'Chiplet_4', 'connection_type': '2.5d_rdl', 'loc': '2.5d_chiplet'},{'from': 'Chiplet_4', 'to': 'Chiplet_3', 'connection_type': '2.5d_rdl', 'loc': '2.5d_chiplet'},{'from': 'Chiplet_4', 'to': 'Chiplet_6', 'connection_type': '2.5d_rdl', 'loc': '2.5d_chiplet'},{'from': 'Chiplet_3', 'to': 'Chiplet_4', 'connection_type': '2.5d_rdl', 'loc': '2.5d_chiplet'},{'from': 'Chiplet_3', 'to': 'Chiplet_5', 'connection_type': '2.5d_rdl', 'loc': '2.5d_chiplet'},{'from': 'Chiplet_3', 'to': 'Chiplet_1', 'connection_type': '2.5d_rdl', 'loc': '2.5d_chiplet'},{'from': 'Chiplet_3', 'to': 'Chiplet_6', 'connection_type': '2.5d_rdl', 'loc': '2.5d_chiplet'},{'from': 'Chiplet_1', 'to': 'Chiplet_3', 'connection_type': '2.5d_rdl', 'loc': '2.5d_chiplet'},{'from': 'Chiplet_1', 'to': 'Chiplet_2', 'connection_type': '2.5d_rdl', 'loc': '2.5d_chiplet'},{'from': 'Chiplet_5', 'to': 'Chiplet_3', 'connection_type': '2.5d_rdl', 'loc': '2.5d_chiplet'},{'from': 'Chiplet_5', 'to': 'Chiplet_2', 'connection_type': '2.5d_rdl', 'loc': '2.5d_chiplet'},{'from': 'Chiplet_2', 'to': 'Chiplet_5', 'connection_type': '2.5d_rdl', 'loc': '2.5d_chiplet'},{'from': 'Chiplet_2', 'to': 'Chiplet_1', 'connection_type': '2.5d_rdl', 'loc': '2.5d_chiplet'}",1,1,1,1,1,3,ddr4,ucie_std,na,1,0,ws,1,0,0
44,40.11201789096075,5220932.87,105213.96311706257,44122314.4202055,11641.922342116297,10869.49632932627,44,0.784712696,2.51875,512,96x96,7,0.957922696,2.51875,1024,96x96,7,2.6264880905479133,5.538366334949999,1024,128x128,10,14.117807839976791,15.979573171754398,6144,192x192,14,11.481175603606792,15.979573171754398,2048,192x192,14,1.51595254,4.475,1024,128x128,7,2.5d_3d,"{'from': 'Chiplet_5', 'to': 'Chiplet_6', 'connection_type': '3d_u_bump', 'loc': 'stack0_base'},{'from': 'Chiplet_6', 'to': 'Chiplet_2', 'connection_type': '3d_u_bump', 'loc': 'stack0_middle1'},{'from': 'Chiplet_2', 'to': 'Chiplet_1', 'connection_type': '3d_u_bump', 'loc': 'stack0_middle2'},{'from': 'Chiplet_1', 'to': 'na', 'connection_type': '3d_u_bump', 'loc': 'stack0_top'},{'from': 'Chiplet_4', 'to': 'Chiplet_3', 'connection_type': '2.5d_rdl', 'loc': '2.5d_chiplet'},{'from': 'Chiplet_4', 'to': 'Chiplet_5', 'connection_type': '2.5d_rdl', 'loc': '2.5d_chiplet'},{'from': 'Chiplet_5', 'to': 'Chiplet_4', 'connection_type': '2.5d_rdl', 'loc': '2.5d_chiplet'},{'from': 'Chiplet_5', 'to': 'Chiplet_3', 'connection_type': '2.5d_rdl', 'loc': '2.5d_chiplet'},{'from': 'Chiplet_3', 'to': 'Chiplet_4', 'connection_type': '2.5d_rdl', 'loc': '2.5d_chiplet'},{'from': 'Chiplet_3', 'to': 'Chiplet_5', 'connection_type': '2.5d_rdl', 'loc': '2.5d_chiplet'}",1,1,1,7,5,1,hbm3,ucie_std,ucie_3d,0,0,is,1,0,0
45,26.53544742488355,3779551.89,178347.7467892081,53426519.23142396,4500.675675675676,4183.247718118696,45,6.033899457366197,12.973514847541198,2048,192x192,10,3.3193280905479132,5.538366334949999,3072,128x128,10,0.743226759447044,1.3845915837374998,512,64x64,10,2.20879254,4.475,3072,128x128,7,4.1253109519999995,10.4826,4096,192x192,7,2.597993382379395,3.8395579270749995,512,96x96,14,2.5d,"{'from': 'Chiplet_1', 'to': 'Chiplet_3', 'connection_type': '2.5d_emib', 'loc': '2.5d_chiplet'},{'from': 'Chiplet_1', 'to': 'Chiplet_5', 'connection_type': '2.5d_emib', 'loc': '2.5d_chiplet'},{'from': 'Chiplet_1', 'to': 'Chiplet_2', 'connection_type': '2.5d_emib', 'loc': '2.5d_chiplet'},{'from': 'Chiplet_1', 'to': 'Chiplet_6', 'connection_type': '2.5d_emib', 'loc': '2.5d_chiplet'},{'from': 'Chiplet_6', 'to': 'Chiplet_3', 'connection_type': '2.5d_emib', 'loc': '2.5d_chiplet'},{'from': 'Chiplet_6', 'to': 'Chiplet_1', 'connection_type': '2.5d_emib', 'loc': '2.5d_chiplet'},{'from': 'Chiplet_3', 'to': 'Chiplet_1', 'connection_type': '2.5d_emib', 'loc': '2.5d_chiplet'},{'from': 'Chiplet_3', 'to': 'Chiplet_6', 'connection_type': '2.5d_emib', 'loc': '2.5d_chiplet'},{'from': 'Chiplet_5', 'to': 'Chiplet_4', 'connection_type': '2.5d_emib', 'loc': '2.5d_chiplet'},{'from': 'Chiplet_5', 'to': 'Chiplet_1', 'connection_type': '2.5d_emib', 'loc': '2.5d_chiplet'},{'from': 'Chiplet_5', 'to': 'Chiplet_2', 'connection_type': '2.5d_emib', 'loc': '2.5d_chiplet'},{'from': 'Chiplet_2', 'to': 'Chiplet_4', 'connection_type': '2.5d_emib', 'loc': '2.5d_chiplet'},{'from': 'Chiplet_2', 'to': 'Chiplet_5', 'connection_type': '2.5d_emib', 'loc': '2.5d_chiplet'},{'from': 'Chiplet_2', 'to': 'Chiplet_1', 'connection_type': '2.5d_emib', 'loc': '2.5d_chiplet'},{'from': 'Chiplet_4', 'to': 'Chiplet_5', 'connection_type': '2.5d_emib', 'loc': '2.5d_chiplet'},{'from': 'Chiplet_4', 'to': 'Chiplet_2', 'connection_type': '2.5d_emib', 'loc': '2.5d_chiplet'}",5,3,1,2,3,2,hbm2,ucie_adv,na,0,0,is,0,0,0
46,30.331810810093327,2777463.42,163719.98449350803,123757060.11256999,4595.206297502715,4707.41478981595,46,1.8849981800824636,3.1172648505374996,2048,96x96,10,1.249405813087535,1.7054115854749998,256,64x64,14,3.432469952,10.4826,2048,192x192,7,6.975099908490179,6.821646341899999,4096,128x128,14,0.552198,1.11875,768,64x64,7,2.6264880905479133,5.538366334949999,1024,128x128,10,2.5d,"{'from': 'Chiplet_4', 'to': 'Chiplet_3', 'connection_type': '2.5d_emib', 'loc': '2.5d_chiplet'},{'from': 'Chiplet_4', 'to': 'Chiplet_2', 'connection_type': '2.5d_emib', 'loc': '2.5d_chiplet'},{'from': 'Chiplet_2', 'to': 'Chiplet_3', 'connection_type': '2.5d_emib', 'loc': '2.5d_chiplet'},{'from': 'Chiplet_2', 'to': 'Chiplet_4', 'connection_type': '2.5d_emib', 'loc': '2.5d_chiplet'},{'from': 'Chiplet_2', 'to': 'Chiplet_6', 'connection_type': '2.5d_emib', 'loc': '2.5d_chiplet'},{'from': 'Chiplet_3', 'to': 'Chiplet_4', 'connection_type': '2.5d_emib', 'loc': '2.5d_chiplet'},{'from': 'Chiplet_3', 'to': 'Chiplet_1', 'connection_type': '2.5d_emib', 'loc': '2.5d_chiplet'},{'from': 'Chiplet_3', 'to': 'Chiplet_2', 'connection_type': '2.5d_emib', 'loc': '2.5d_chiplet'},{'from': 'Chiplet_3', 'to': 'Chiplet_6', 'connection_type': '2.5d_emib', 'loc': '2.5d_chiplet'},{'from': 'Chiplet_3', 'to': 'Chiplet_5', 'connection_type': '2.5d_emib', 'loc': '2.5d_chiplet'},{'from': 'Chiplet_5', 'to': 'Chiplet_3', 'connection_type': '2.5d_emib', 'loc': '2.5d_chiplet'},{'from': 'Chiplet_5', 'to': 'Chiplet_1', 'connection_type': '2.5d_emib', 'loc': '2.5d_chiplet'},{'from': 'Chiplet_6', 'to': 'Chiplet_3', 'connection_type': '2.5d_emib', 'loc': '2.5d_chiplet'},{'from': 'Chiplet_6', 'to': 'Chiplet_1', 'connection_type': '2.5d_emib', 'loc': '2.5d_chiplet'},{'from': 'Chiplet_6', 'to': 'Chiplet_2', 'connection_type': '2.5d_emib', 'loc': '2.5d_chiplet'},{'from': 'Chiplet_1', 'to': 'Chiplet_3', 'connection_type': '2.5d_emib', 'loc': '2.5d_chiplet'},{'from': 'Chiplet_1', 'to': 'Chiplet_5', 'connection_type': '2.5d_emib', 'loc': '2.5d_chiplet'},{'from': 'Chiplet_1', 'to': 'Chiplet_6', 'connection_type': '2.5d_emib', 'loc': '2.5d_chiplet'}",1,1,1,3,1,1,ddr5,ucie_adv,na,0,0,ws,0,0,0
47,33.05621382260231,4172176.47,180361.38499120148,63316067.77570636,4337.837837837838,3835.585531182065,47,5.5109919519999995,10.4826,8192,192x192,7,1.7117881800824635,3.1172648505374996,1536,96x96,10,1.249405813087535,1.7054115854749998,256,64x64,14,3.5867297574793953,3.8395579270749995,2048,96x96,14,0.829831759447044,1.3845915837374998,768,64x64,10,8.112421457366196,12.973514847541198,8192,192x192,10,2.5d,"{'from': 'Chiplet_6', 'to': 'Chiplet_4', 'connection_type': '2.5d_emib', 'loc': '2.5d_chiplet'},{'from': 'Chiplet_6', 'to': 'Chiplet_5', 'connection_type': '2.5d_emib', 'loc': '2.5d_chiplet'},{'from': 'Chiplet_6', 'to': 'Chiplet_1', 'connection_type': '2.5d_emib', 'loc': '2.5d_chiplet'},{'from': 'Chiplet_6', 'to': 'Chiplet_2', 'connection_type': '2.5d_emib', 'loc': '2.5d_chiplet'},{'from': 'Chiplet_2', 'to': 'Chiplet_5', 'connection_type': '2.5d_emib', 'loc': '2.5d_chiplet'},{'from': 'Chiplet_2', 'to': 'Chiplet_6', 'connection_type': '2.5d_emib', 'loc': '2.5d_chiplet'},{'from': 'Chiplet_5', 'to': 'Chiplet_2', 'connection_type': '2.5d_emib', 'loc': '2.5d_chiplet'},{'from': 'Chiplet_5', 'to': 'Chiplet_6', 'connection_type': '2.5d_emib', 'loc': '2.5d_chiplet'},{'from': 'Chiplet_1', 'to': 'Chiplet_4', 'connection_type': '2.5d_emib', 'loc': '2.5d_chiplet'},{'from': 'Chiplet_1', 'to': 'Chiplet_3', 'connection_type': '2.5d_emib', 'loc': '2.5d_chiplet'},{'from': 'Chiplet_1', 'to': 'Chiplet_6', 'connection_type': '2.5d_emib', 'loc': '2.5d_chiplet'},{'from': 'Chiplet_4', 'to': 'Chiplet_3', 'connection_type': '2.5d_emib', 'loc': '2.5d_chiplet'},{'from': 'Chiplet_4', 'to': 'Chiplet_1', 'connection_type': '2.5d_emib', 'loc': '2.5d_chiplet'},{'from': 'Chiplet_4', 'to': 'Chiplet_6', 'connection_type': '2.5d_emib', 'loc': '2.5d_chiplet'},{'from': 'Chiplet_3', 'to': 'Chiplet_4', 'connection_type': '2.5d_emib', 'loc': '2.5d_chiplet'},{'from': 'Chiplet_3', 'to': 'Chiplet_1', 'connection_type': '2.5d_emib', 'loc': '2.5d_chiplet'}",4,1,1,3,1,6,hbm2,bow,na,1,0,os,0,0,0
48,37.395450809265654,5155882.62,97652.9001246996,57063888.808576375,5383.713878713878,4943.784918239209,48,7.419580457366196,12.973514847541198,6144,192x192,10,1.249405813087535,1.7054115854749998,256,64x64,14,15.436124909546791,15.979573171754398,8192,192x192,14,1.4141952089375351,1.7054115854749998,512,64x64,14,1.86237254,4.475,2048,128x128,7,1.131132696,2.51875,1536,96x96,7,2.5d_3d,"{'from': 'Chiplet_5', 'to': 'Chiplet_2', 'connection_type': '3d_hyb_bond', 'loc': 'stack0_base'},{'from': 'Chiplet_2', 'to': 'Chiplet_6', 'connection_type': '3d_hyb_bond', 'loc': 'stack0_middle1'},{'from': 'Chiplet_6', 'to': 'na', 'connection_type': '3d_hyb_bond', 'loc': 'stack0_top'},{'from': 'Chiplet_3', 'to': 'Chiplet_5', 'connection_type': '2.5d_rdl', 'loc': '2.5d_chiplet'},{'from': 'Chiplet_3', 'to': 'Chiplet_1', 'connection_type': '2.5d_rdl', 'loc': '2.5d_chiplet'},{'from': 'Chiplet_1', 'to': 'Chiplet_3', 'connection_type': '2.5d_rdl', 'loc': '2.5d_chiplet'},{'from': 'Chiplet_1', 'to': 'Chiplet_5', 'connection_type': '2.5d_rdl', 'loc': '2.5d_chiplet'},{'from': 'Chiplet_1', 'to': 'Chiplet_4', 'connection_type': '2.5d_rdl', 'loc': '2.5d_chiplet'},{'from': 'Chiplet_5', 'to': 'Chiplet_3', 'connection_type': '2.5d_rdl', 'loc': '2.5d_chiplet'},{'from': 'Chiplet_5', 'to': 'Chiplet_4', 'connection_type': '2.5d_rdl', 'loc': '2.5d_chiplet'},{'from': 'Chiplet_5', 'to': 'Chiplet_1', 'connection_type': '2.5d_rdl', 'loc': '2.5d_chiplet'},{'from': 'Chiplet_4', 'to': 'Chiplet_5', 'connection_type': '2.5d_rdl', 'loc': '2.5d_chiplet'},{'from': 'Chiplet_4', 'to': 'Chiplet_1', 'connection_type': '2.5d_rdl', 'loc': '2.5d_chiplet'}",4,1,8,1,1,1,hbm3,ucie_std,ucie_3d,0,0,is,0,0,0
49,42.08819187795185,5233577.51,168220.57189421917,43152224.83258232,10558.355271633505,10122.84332180563,49,6.315940422320179,6.821646341899999,3072,128x128,14,11.481175603606792,15.979573171754398,2048,192x192,14,11.481175603606792,15.979573171754398,2048,192x192,14,1.51595254,4.475,1024,128x128,7,1.7117881800824635,3.1172648505374996,1536,96x96,10,1.249405813087535,1.7054115854749998,256,64x64,14,2.5d_3d,"{'from': 'Chiplet_4', 'to': 'Chiplet_6', 'connection_type': '3d_tsv', 'loc': 'stack0_base'},{'from': 'Chiplet_6', 'to': 'na', 'connection_type': '3d_tsv', 'loc': 'stack0_top'},{'from': 'Chiplet_2', 'to': 'Chiplet_3', 'connection_type': '2.5d_emib', 'loc': '2.5d_chiplet'},{'from': 'Chiplet_2', 'to': 'Chiplet_1', 'connection_type': '2.5d_emib', 'loc': '2.5d_chiplet'},{'from': 'Chiplet_1', 'to': 'Chiplet_5', 'connection_type': '2.5d_emib', 'loc': '2.5d_chiplet'},{'from': 'Chiplet_1', 'to': 'Chiplet_2', 'connection_type': '2.5d_emib', 'loc': '2.5d_chiplet'},{'from': 'Chiplet_3', 'to': 'Chiplet_4', 'connection_type': '2.5d_emib', 'loc': '2.5d_chiplet'},{'from': 'Chiplet_3', 'to': 'Chiplet_5', 'connection_type': '2.5d_emib', 'loc': '2.5d_chiplet'},{'from': 'Chiplet_3', 'to': 'Chiplet_2', 'connection_type': '2.5d_emib', 'loc': '2.5d_chiplet'},{'from': 'Chiplet_5', 'to': 'Chiplet_4', 'connection_type': '2.5d_emib', 'loc': '2.5d_chiplet'},{'from': 'Chiplet_5', 'to': 'Chiplet_1', 'connection_type': '2.5d_emib', 'loc': '2.5d_chiplet'},{'from': 'Chiplet_5', 'to': 'Chiplet_3', 'connection_type': '2.5d_emib', 'loc': '2.5d_chiplet'},{'from': 'Chiplet_4', 'to': 'Chiplet_3', 'connection_type': '2.5d_emib', 'loc': '2.5d_chiplet'},{'from': 'Chiplet_4', 'to': 'Chiplet_5', 'connection_type': '2.5d_emib', 'loc': '2.5d_chiplet'}",3,5,5,1,1,1,hbm2,ucie_adv,ucie_3d,0,0,ws,1,0,0
50,22.21279246438999,3246727.62,72320.67667598708,53308167.74299532,5687.427757427758,3968.092689736988,50,12.799492673176792,15.979573171754398,4096,192x192,14,1.578984604787535,1.7054115854749998,768,64x64,14,0.743226759447044,1.3845915837374998,512,64x64,10,1.131132696,2.51875,1536,96x96,7,1.131132696,2.51875,1536,96x96,7,2.20879254,4.475,3072,128x128,7,2.5d_3d,"{'from': 'Chiplet_1', 'to': 'Chiplet_2', 'connection_type': '3d_tsv', 'loc': 'stack0_base'},{'from': 'Chiplet_2', 'to': 'na', 'connection_type': '3d_tsv', 'loc': 'stack0_top'},{'from': 'Chiplet_1', 'to': 'Chiplet_4', 'connection_type': '2.5d_rdl', 'loc': '2.5d_chiplet'},{'from': 'Chiplet_1', 'to': 'Chiplet_6', 'connection_type': '2.5d_rdl', 'loc': '2.5d_chiplet'},{'from': 'Chiplet_6', 'to': 'Chiplet_3', 'connection_type': '2.5d_rdl', 'loc': '2.5d_chiplet'},{'from': 'Chiplet_6', 'to': 'Chiplet_5', 'connection_type': '2.5d_rdl', 'loc': '2.5d_chiplet'},{'from': 'Chiplet_6', 'to': 'Chiplet_4', 'connection_type': '2.5d_rdl', 'loc': '2.5d_chiplet'},{'from': 'Chiplet_6', 'to': 'Chiplet_1', 'connection_type': '2.5d_rdl', 'loc': '2.5d_chiplet'},{'from': 'Chiplet_3', 'to': 'Chiplet_5', 'connection_type': '2.5d_rdl', 'loc': '2.5d_chiplet'},{'from': 'Chiplet_3', 'to': 'Chiplet_6', 'connection_type': '2.5d_rdl', 'loc': '2.5d_chiplet'},{'from': 'Chiplet_4', 'to': 'Chiplet_5', 'connection_type': '2.5d_rdl', 'loc': '2.5d_chiplet'},{'from': 'Chiplet_4', 'to': 'Chiplet_1', 'connection_type': '2.5d_rdl', 'loc': '2.5d_chiplet'},{'from': 'Chiplet_4', 'to': 'Chiplet_6', 'connection_type': '2.5d_rdl', 'loc': '2.5d_chiplet'},{'from': 'Chiplet_5', 'to': 'Chiplet_4', 'connection_type': '2.5d_rdl', 'loc': '2.5d_chiplet'},{'from': 'Chiplet_5', 'to': 'Chiplet_3', 'connection_type': '2.5d_rdl', 'loc': '2.5d_chiplet'},{'from': 'Chiplet_5', 'to': 'Chiplet_6', 'connection_type': '2.5d_rdl', 'loc': '2.5d_chiplet'}",10,1,1,1,1,2,hbm3,ucie_std,ucie_3d,1,0,ws,0,0,0
51,38.267114591554325,4866800.42,193017.48751866043,46225304.59929847,11098.820034077708,9199.488470651902,51,1.743774000637535,1.7054115854749998,1024,64x64,14,8.112421457366196,12.973514847541198,8192,192x192,10,1.51595254,4.475,1024,128x128,7,1.86237254,4.475,2048,128x128,7,4.818150952,10.4826,6144,192x192,7,6.315940422320179,6.821646341899999,3072,128x128,14,2.5d,"{'from': 'Chiplet_2', 'to': 'Chiplet_4', 'connection_type': '2.5d_emib', 'loc': '2.5d_chiplet'},{'from': 'Chiplet_2', 'to': 'Chiplet_5', 'connection_type': '2.5d_emib', 'loc': '2.5d_chiplet'},{'from': 'Chiplet_2', 'to': 'Chiplet_1', 'connection_type': '2.5d_emib', 'loc': '2.5d_chiplet'},{'from': 'Chiplet_2', 'to': 'Chiplet_6', 'connection_type': '2.5d_emib', 'loc': '2.5d_chiplet'},{'from': 'Chiplet_4', 'to': 'Chiplet_1', 'connection_type': '2.5d_emib', 'loc': '2.5d_chiplet'},{'from': 'Chiplet_4', 'to': 'Chiplet_2', 'connection_type': '2.5d_emib', 'loc': '2.5d_chiplet'},{'from': 'Chiplet_1', 'to': 'Chiplet_4', 'connection_type': '2.5d_emib', 'loc': '2.5d_chiplet'},{'from': 'Chiplet_1', 'to': 'Chiplet_2', 'connection_type': '2.5d_emib', 'loc': '2.5d_chiplet'},{'from': 'Chiplet_6', 'to': 'Chiplet_3', 'connection_type': '2.5d_emib', 'loc': '2.5d_chiplet'},{'from': 'Chiplet_6', 'to': 'Chiplet_5', 'connection_type': '2.5d_emib', 'loc': '2.5d_chiplet'},{'from': 'Chiplet_6', 'to': 'Chiplet_2', 'connection_type': '2.5d_emib', 'loc': '2.5d_chiplet'},{'from': 'Chiplet_5', 'to': 'Chiplet_3', 'connection_type': '2.5d_emib', 'loc': '2.5d_chiplet'},{'from': 'Chiplet_5', 'to': 'Chiplet_2', 'connection_type': '2.5d_emib', 'loc': '2.5d_chiplet'},{'from': 'Chiplet_5', 'to': 'Chiplet_6', 'connection_type': '2.5d_emib', 'loc': '2.5d_chiplet'},{'from': 'Chiplet_3', 'to': 'Chiplet_5', 'connection_type': '2.5d_emib', 'loc': '2.5d_chiplet'},{'from': 'Chiplet_3', 'to': 'Chiplet_6', 'connection_type': '2.5d_emib', 'loc': '2.5d_chiplet'}",1,6,1,1,3,4,hbm3,aib,na,1,0,is,1,0,0
52,15.353252323950466,1599209.59,146605.69036939918,197279791.02105018,5429.3852676205615,5292.118734387075,52,0.784712696,2.51875,512,96x96,7,0.552198,1.11875,768,64x64,7,1.249405813087535,1.7054115854749998,256,64x64,14,1.8849981800824636,3.1172648505374996,2048,96x96,10,6.975099908490179,6.821646341899999,4096,128x128,14,0.743226759447044,1.3845915837374998,512,64x64,10,2.5d,"{'from': 'Chiplet_5', 'to': 'Chiplet_4', 'connection_type': '2.5d_emib', 'loc': '2.5d_chiplet'},{'from': 'Chiplet_5', 'to': 'Chiplet_3', 'connection_type': '2.5d_emib', 'loc': '2.5d_chiplet'},{'from': 'Chiplet_4', 'to': 'Chiplet_3', 'connection_type': '2.5d_emib', 'loc': '2.5d_chiplet'},{'from': 'Chiplet_4', 'to': 'Chiplet_5', 'connection_type': '2.5d_emib', 'loc': '2.5d_chiplet'},{'from': 'Chiplet_4', 'to': 'Chiplet_1', 'connection_type': '2.5d_emib', 'loc': '2.5d_chiplet'},{'from': 'Chiplet_4', 'to': 'Chiplet_6', 'connection_type': '2.5d_emib', 'loc': '2.5d_chiplet'},{'from': 'Chiplet_6', 'to': 'Chiplet_4', 'connection_type': '2.5d_emib', 'loc': '2.5d_chiplet'},{'from': 'Chiplet_6', 'to': 'Chiplet_1', 'connection_type': '2.5d_emib', 'loc': '2.5d_chiplet'},{'from': 'Chiplet_3', 'to': 'Chiplet_4', 'connection_type': '2.5d_emib', 'loc': '2.5d_chiplet'},{'from': 'Chiplet_3', 'to': 'Chiplet_5', 'connection_type': '2.5d_emib', 'loc': '2.5d_chiplet'},{'from': 'Chiplet_3', 'to': 'Chiplet_1', 'connection_type': '2.5d_emib', 'loc': '2.5d_chiplet'},{'from': 'Chiplet_3', 'to': 'Chiplet_2', 'connection_type': '2.5d_emib', 'loc': '2.5d_chiplet'},{'from': 'Chiplet_1', 'to': 'Chiplet_3', 'connection_type': '2.5d_emib', 'loc': '2.5d_chiplet'},{'from': 'Chiplet_1', 'to': 'Chiplet_4', 'connection_type': '2.5d_emib', 'loc': '2.5d_chiplet'},{'from': 'Chiplet_1', 'to': 'Chiplet_2', 'connection_type': '2.5d_emib', 'loc': '2.5d_chiplet'},{'from': 'Chiplet_1', 'to': 'Chiplet_6', 'connection_type': '2.5d_emib', 'loc': '2.5d_chiplet'},{'from': 'Chiplet_2', 'to': 'Chiplet_3', 'connection_type': '2.5d_emib', 'loc': '2.5d_chiplet'},{'from': 'Chiplet_2', 'to': 'Chiplet_1', 'connection_type': '2.5d_emib', 'loc': '2.5d_chiplet'}",1,1,1,1,3,1,ddr4,bow,na,1,0,os,0,0,0
53,19.959504636272246,2013750.14,46866.08501739794,33441377.415578492,38330.63783879443,13858.777877935754,53,1.8849981800824636,3.1172648505374996,2048,96x96,10,0.656621759447044,1.3845915837374998,256,64x64,10,0.784712696,2.51875,512,96x96,7,0.46559300000000003,1.11875,512,64x64,7,3.2571509657793953,3.8395579270749995,1536,96x96,14,5.656782838920179,6.821646341899999,2048,128x128,14,2.5d,"{'from': 'Chiplet_6', 'to': 'Chiplet_5', 'connection_type': '2.5d_rdl', 'loc': '2.5d_chiplet'},{'from': 'Chiplet_6', 'to': 'Chiplet_1', 'connection_type': '2.5d_rdl', 'loc': '2.5d_chiplet'},{'from': 'Chiplet_6', 'to': 'Chiplet_2', 'connection_type': '2.5d_rdl', 'loc': '2.5d_chiplet'},{'from': 'Chiplet_2', 'to': 'Chiplet_1', 'connection_type': '2.5d_rdl', 'loc': '2.5d_chiplet'},{'from': 'Chiplet_2', 'to': 'Chiplet_6', 'connection_type': '2.5d_rdl', 'loc': '2.5d_chiplet'},{'from': 'Chiplet_5', 'to': 'Chiplet_3', 'connection_type': '2.5d_rdl', 'loc': '2.5d_chiplet'},{'from': 'Chiplet_5', 'to': 'Chiplet_1', 'connection_type': '2.5d_rdl', 'loc': '2.5d_chiplet'},{'from': 'Chiplet_5', 'to': 'Chiplet_6', 'connection_type': '2.5d_rdl', 'loc': '2.5d_chiplet'},{'from': 'Chiplet_1', 'to': 'Chiplet_3', 'connection_type': '2.5d_rdl', 'loc': '2.5d_chiplet'},{'from': 'Chiplet_1', 'to': 'Chiplet_4', 'connection_type': '2.5d_rdl', 'loc': '2.5d_chiplet'},{'from': 'Chiplet_1', 'to': 'Chiplet_2', 'connection_type': '2.5d_rdl', 'loc': '2.5d_chiplet'},{'from': 'Chiplet_1', 'to': 'Chiplet_6', 'connection_type': '2.5d_rdl', 'loc': '2.5d_chiplet'},{'from': 'Chiplet_1', 'to': 'Chiplet_5', 'connection_type': '2.5d_rdl', 'loc': '2.5d_chiplet'},{'from': 'Chiplet_3', 'to': 'Chiplet_4', 'connection_type': '2.5d_rdl', 'loc': '2.5d_chiplet'},{'from': 'Chiplet_3', 'to': 'Chiplet_5', 'connection_type': '2.5d_rdl', 'loc': '2.5d_chiplet'},{'from': 'Chiplet_3', 'to': 'Chiplet_1', 'connection_type': '2.5d_rdl', 'loc': '2.5d_chiplet'},{'from': 'Chiplet_4', 'to': 'Chiplet_3', 'connection_type': '2.5d_rdl', 'loc': '2.5d_chiplet'},{'from': 'Chiplet_4', 'to': 'Chiplet_1', 'connection_type': '2.5d_rdl', 'loc': '2.5d_chiplet'}",2,1,1,1,4,7,hbm3,ucie_std,na,1,0,ws,1,0,0
54,14.806024648197099,2213294.29,115770.15658246836,125219585.32517603,8330.065032731927,5982.479192686649,54,0.552198,1.11875,768,64x64,7,1.743774000637535,1.7054115854749998,1024,64x64,14,0.829831759447044,1.3845915837374998,768,64x64,10,1.304342696,2.51875,2048,96x96,7,5.656782838920179,6.821646341899999,2048,128x128,14,3.432469952,10.4826,2048,192x192,7,2.5d_3d,"{'from': 'Chiplet_2', 'to': 'Chiplet_3', 'connection_type': '3d_u_bump', 'loc': 'stack0_base'},{'from': 'Chiplet_3', 'to': 'Chiplet_1', 'connection_type': '3d_u_bump', 'loc': 'stack0_middle1'},{'from': 'Chiplet_1', 'to': 'na', 'connection_type': '3d_u_bump', 'loc': 'stack0_top'},{'from': 'Chiplet_5', 'to': 'Chiplet_2', 'connection_type': '2.5d_emib', 'loc': '2.5d_chiplet'},{'from': 'Chiplet_5', 'to': 'Chiplet_6', 'connection_type': '2.5d_emib', 'loc': '2.5d_chiplet'},{'from': 'Chiplet_6', 'to': 'Chiplet_4', 'connection_type': '2.5d_emib', 'loc': '2.5d_chiplet'},{'from': 'Chiplet_6', 'to': 'Chiplet_5', 'connection_type': '2.5d_emib', 'loc': '2.5d_chiplet'},{'from': 'Chiplet_6', 'to': 'Chiplet_2', 'connection_type': '2.5d_emib', 'loc': '2.5d_chiplet'},{'from': 'Chiplet_2', 'to': 'Chiplet_4', 'connection_type': '2.5d_emib', 'loc': '2.5d_chiplet'},{'from': 'Chiplet_2', 'to': 'Chiplet_5', 'connection_type': '2.5d_emib', 'loc': '2.5d_chiplet'},{'from': 'Chiplet_2', 'to': 'Chiplet_6', 'connection_type': '2.5d_emib', 'loc': '2.5d_chiplet'},{'from': 'Chiplet_4', 'to': 'Chiplet_2', 'connection_type': '2.5d_emib', 'loc': '2.5d_chiplet'},{'from': 'Chiplet_4', 'to': 'Chiplet_6', 'connection_type': '2.5d_emib', 'loc': '2.5d_chiplet'}",1,1,1,1,3,1,ddr4,ucie_adv,ucie_3d,0,0,ws,1,0,0
55,45.5162678476872,6399859.34,124110.83951605062,69051388.35528621,8601.24476305201,8602.304750410845,55,4.818150952,10.4826,6144,192x192,7,15.436124909546791,15.979573171754398,8192,192x192,14,1.578984604787535,1.7054115854749998,768,64x64,14,0.46559300000000003,1.11875,512,64x64,7,0.638803,1.11875,1024,64x64,7,14.117807839976791,15.979573171754398,6144,192x192,14,2.5d_3d,"{'from': 'Chiplet_6', 'to': 'Chiplet_1', 'connection_type': '3d_hyb_bond', 'loc': 'stack0_base'},{'from': 'Chiplet_1', 'to': 'Chiplet_3', 'connection_type': '3d_hyb_bond', 'loc': 'stack0_middle1'},{'from': 'Chiplet_3', 'to': 'na', 'connection_type': '3d_hyb_bond', 'loc': 'stack0_top'},{'from': 'Chiplet_2', 'to': 'Chiplet_5', 'connection_type': '2.5d_rdl', 'loc': '2.5d_chiplet'},{'from': 'Chiplet_2', 'to': 'Chiplet_6', 'connection_type': '2.5d_rdl', 'loc': '2.5d_chiplet'},{'from': 'Chiplet_6', 'to': 'Chiplet_4', 'connection_type': '2.5d_rdl', 'loc': '2.5d_chiplet'},{'from': 'Chiplet_6', 'to': 'Chiplet_5', 'connection_type': '2.5d_rdl', 'loc': '2.5d_chiplet'},{'from': 'Chiplet_6', 'to': 'Chiplet_2', 'connection_type': '2.5d_rdl', 'loc': '2.5d_chiplet'},{'from': 'Chiplet_5', 'to': 'Chiplet_4', 'connection_type': '2.5d_rdl', 'loc': '2.5d_chiplet'},{'from': 'Chiplet_5', 'to': 'Chiplet_2', 'connection_type': '2.5d_rdl', 'loc': '2.5d_chiplet'},{'from': 'Chiplet_5', 'to': 'Chiplet_6', 'connection_type': '2.5d_rdl', 'loc': '2.5d_chiplet'},{'from': 'Chiplet_4', 'to': 'Chiplet_5', 'connection_type': '2.5d_rdl', 'loc': '2.5d_chiplet'},{'from': 'Chiplet_4', 'to': 'Chiplet_6', 'connection_type': '2.5d_rdl', 'loc': '2.5d_chiplet'}",1,6,1,1,1,6,hbm2,ucie_std,ucie_3d,0,0,is,1,0,0
56,16.798513845570778,2061326.29,52486.83599827933,99038054.99293534,37413.31847493137,17191.678728272916,56,1.5385781800824634,3.1172648505374996,1024,96x96,10,2.20879254,4.475,3072,128x128,7,5.656782838920179,6.821646341899999,2048,128x128,14,1.3653681800824635,3.1172648505374996,512,96x96,10,1.7117881800824635,3.1172648505374996,1536,96x96,10,1.743774000637535,1.7054115854749998,1024,64x64,14,2.5d_3d,"{'from': 'Chiplet_3', 'to': 'Chiplet_4', 'connection_type': '3d_tsv', 'loc': 'stack0_base'},{'from': 'Chiplet_4', 'to': 'na', 'connection_type': '3d_tsv', 'loc': 'stack0_top'},{'from': 'Chiplet_3', 'to': 'Chiplet_1', 'connection_type': '2.5d_rdl', 'loc': '2.5d_chiplet'},{'from': 'Chiplet_3', 'to': 'Chiplet_2', 'connection_type': '2.5d_rdl', 'loc': '2.5d_chiplet'},{'from': 'Chiplet_3', 'to': 'Chiplet_6', 'connection_type': '2.5d_rdl', 'loc': '2.5d_chiplet'},{'from': 'Chiplet_1', 'to': 'Chiplet_3', 'connection_type': '2.5d_rdl', 'loc': '2.5d_chiplet'},{'from': 'Chiplet_1', 'to': 'Chiplet_6', 'connection_type': '2.5d_rdl', 'loc': '2.5d_chiplet'},{'from': 'Chiplet_2', 'to': 'Chiplet_3', 'connection_type': '2.5d_rdl', 'loc': '2.5d_chiplet'},{'from': 'Chiplet_2', 'to': 'Chiplet_5', 'connection_type': '2.5d_rdl', 'loc': '2.5d_chiplet'},{'from': 'Chiplet_2', 'to': 'Chiplet_6', 'connection_type': '2.5d_rdl', 'loc': '2.5d_chiplet'},{'from': 'Chiplet_6', 'to': 'Chiplet_3', 'connection_type': '2.5d_rdl', 'loc': '2.5d_chiplet'},{'from': 'Chiplet_6', 'to': 'Chiplet_5', 'connection_type': '2.5d_rdl', 'loc': '2.5d_chiplet'},{'from': 'Chiplet_6', 'to': 'Chiplet_1', 'connection_type': '2.5d_rdl', 'loc': '2.5d_chiplet'},{'from': 'Chiplet_6', 'to': 'Chiplet_2', 'connection_type': '2.5d_rdl', 'loc': '2.5d_chiplet'},{'from': 'Chiplet_5', 'to': 'Chiplet_2', 'connection_type': '2.5d_rdl', 'loc': '2.5d_chiplet'},{'from': 'Chiplet_5', 'to': 'Chiplet_6', 'connection_type': '2.5d_rdl', 'loc': '2.5d_chiplet'}",1,1,3,1,1,1,ddr5,ucie_std,ucie_3d,1,0,ws,1,0,0
57,37.30925051289122,4495632.44,78573.45164553024,58181049.274118304,3992.7777777777774,3750.6723378437223,57,4.9976252555201786,6.821646341899999,1024,128x128,14,6.315940422320179,6.821646341899999,3072,128x128,14,5.656782838920179,6.821646341899999,2048,128x128,14,6.726740457366197,12.973514847541198,4096,192x192,10,0.656621759447044,1.3845915837374998,256,64x64,10,1.4141952089375351,1.7054115854749998,512,64x64,14,2.5d_3d,"{'from': 'Chiplet_6', 'to': 'Chiplet_5', 'connection_type': '3d_hyb_bond', 'loc': 'stack0_base'},{'from': 'Chiplet_5', 'to': 'na', 'connection_type': '3d_hyb_bond', 'loc': 'stack0_top'},{'from': 'Chiplet_4', 'to': 'Chiplet_1', 'connection_type': '2.5d_rdl', 'loc': '2.5d_chiplet'},{'from': 'Chiplet_4', 'to': 'Chiplet_2', 'connection_type': '2.5d_rdl', 'loc': '2.5d_chiplet'},{'from': 'Chiplet_4', 'to': 'Chiplet_6', 'connection_type': '2.5d_rdl', 'loc': '2.5d_chiplet'},{'from': 'Chiplet_1', 'to': 'Chiplet_4', 'connection_type': '2.5d_rdl', 'loc': '2.5d_chiplet'},{'from': 'Chiplet_1', 'to': 'Chiplet_6', 'connection_type': '2.5d_rdl', 'loc': '2.5d_chiplet'},{'from': 'Chiplet_6', 'to': 'Chiplet_3', 'connection_type': '2.5d_rdl', 'loc': '2.5d_chiplet'},{'from': 'Chiplet_6', 'to': 'Chiplet_4', 'connection_type': '2.5d_rdl', 'loc': '2.5d_chiplet'},{'from': 'Chiplet_6', 'to': 'Chiplet_1', 'connection_type': '2.5d_rdl', 'loc': '2.5d_chiplet'},{'from': 'Chiplet_2', 'to': 'Chiplet_4', 'connection_type': '2.5d_rdl', 'loc': '2.5d_chiplet'},{'from': 'Chiplet_2', 'to': 'Chiplet_3', 'connection_type': '2.5d_rdl', 'loc': '2.5d_chiplet'},{'from': 'Chiplet_3', 'to': 'Chiplet_2', 'connection_type': '2.5d_rdl', 'loc': '2.5d_chiplet'},{'from': 'Chiplet_3', 'to': 'Chiplet_6', 'connection_type': '2.5d_rdl', 'loc': '2.5d_chiplet'}",3,4,3,4,1,1,hbm2,ucie_std,ucie_3d,1,0,os,0,0,0
58,32.46791191616137,4152512.52,96658.65281875992,60167810.51911552,9556.962128492458,7855.169945641878,58,4.1253109519999995,10.4826,4096,192x192,7,0.784712696,2.51875,512,96x96,7,0.957922696,2.51875,1024,96x96,7,15.436124909546791,15.979573171754398,8192,192x192,14,0.743226759447044,1.3845915837374998,512,64x64,10,3.665749090547913,5.538366334949999,4096,128x128,10,2.5d,"{'from': 'Chiplet_4', 'to': 'Chiplet_1', 'connection_type': '2.5d_rdl', 'loc': '2.5d_chiplet'},{'from': 'Chiplet_4', 'to': 'Chiplet_6', 'connection_type': '2.5d_rdl', 'loc': '2.5d_chiplet'},{'from': 'Chiplet_1', 'to': 'Chiplet_4', 'connection_type': '2.5d_rdl', 'loc': '2.5d_chiplet'},{'from': 'Chiplet_1', 'to': 'Chiplet_2', 'connection_type': '2.5d_rdl', 'loc': '2.5d_chiplet'},{'from': 'Chiplet_1', 'to': 'Chiplet_6', 'connection_type': '2.5d_rdl', 'loc': '2.5d_chiplet'},{'from': 'Chiplet_2', 'to': 'Chiplet_3', 'connection_type': '2.5d_rdl', 'loc': '2.5d_chiplet'},{'from': 'Chiplet_2', 'to': 'Chiplet_1', 'connection_type': '2.5d_rdl', 'loc': '2.5d_chiplet'},{'from': 'Chiplet_6', 'to': 'Chiplet_4', 'connection_type': '2.5d_rdl', 'loc': '2.5d_chiplet'},{'from': 'Chiplet_6', 'to': 'Chiplet_5', 'connection_type': '2.5d_rdl', 'loc': '2.5d_chiplet'},{'from': 'Chiplet_6', 'to': 'Chiplet_1', 'connection_type': '2.5d_rdl', 'loc': '2.5d_chiplet'},{'from': 'Chiplet_6', 'to': 'Chiplet_3', 'connection_type': '2.5d_rdl', 'loc': '2.5d_chiplet'},{'from': 'Chiplet_3', 'to': 'Chiplet_5', 'connection_type': '2.5d_rdl', 'loc': '2.5d_chiplet'},{'from': 'Chiplet_3', 'to': 'Chiplet_2', 'connection_type': '2.5d_rdl', 'loc': '2.5d_chiplet'},{'from': 'Chiplet_3', 'to': 'Chiplet_6', 'connection_type': '2.5d_rdl', 'loc': '2.5d_chiplet'},{'from': 'Chiplet_5', 'to': 'Chiplet_3', 'connection_type': '2.5d_rdl', 'loc': '2.5d_chiplet'},{'from': 'Chiplet_5', 'to': 'Chiplet_6', 'connection_type': '2.5d_rdl', 'loc': '2.5d_chiplet'}",2,1,1,9,1,2,hbm2,ucie_std,na,0,0,os,1,0,0
59,24.58690362331692,2473666.36,54391.608429556596,53203589.06893031,5521.666666666667,3058.054385993687,59,0.638803,1.11875,1024,64x64,7,2.597993382379395,3.8395579270749995,512,96x96,14,6.315940422320179,6.821646341899999,3072,128x128,14,1.86237254,4.475,2048,128x128,7,0.638803,1.11875,1024,64x64,7,1.8849981800824636,3.1172648505374996,2048,96x96,10,2.5d,"{'from': 'Chiplet_3', 'to': 'Chiplet_1', 'connection_type': '2.5d_rdl', 'loc': '2.5d_chiplet'},{'from': 'Chiplet_3', 'to': 'Chiplet_2', 'connection_type': '2.5d_rdl', 'loc': '2.5d_chiplet'},{'from': 'Chiplet_1', 'to': 'Chiplet_3', 'connection_type': '2.5d_rdl', 'loc': '2.5d_chiplet'},{'from': 'Chiplet_1', 'to': 'Chiplet_2', 'connection_type': '2.5d_rdl', 'loc': '2.5d_chiplet'},{'from': 'Chiplet_1', 'to': 'Chiplet_6', 'connection_type': '2.5d_rdl', 'loc': '2.5d_chiplet'},{'from': 'Chiplet_2', 'to': 'Chiplet_3', 'connection_type': '2.5d_rdl', 'loc': '2.5d_chiplet'},{'from': 'Chiplet_2', 'to': 'Chiplet_4', 'connection_type': '2.5d_rdl', 'loc': '2.5d_chiplet'},{'from': 'Chiplet_2', 'to': 'Chiplet_1', 'connection_type': '2.5d_rdl', 'loc': '2.5d_chiplet'},{'from': 'Chiplet_2', 'to': 'Chiplet_6', 'connection_type': '2.5d_rdl', 'loc': '2.5d_chiplet'},{'from': 'Chiplet_2', 'to': 'Chiplet_5', 'connection_type': '2.5d_rdl', 'loc': '2.5d_chiplet'},{'from': 'Chiplet_5', 'to': 'Chiplet_4', 'connection_type': '2.5d_rdl', 'loc': '2.5d_chiplet'},{'from': 'Chiplet_5', 'to': 'Chiplet_2', 'connection_type': '2.5d_rdl', 'loc': '2.5d_chiplet'},{'from': 'Chiplet_6', 'to': 'Chiplet_4', 'connection_type': '2.5d_rdl', 'loc': '2.5d_chiplet'},{'from': 'Chiplet_6', 'to': 'Chiplet_1', 'connection_type': '2.5d_rdl', 'loc': '2.5d_chiplet'},{'from': 'Chiplet_6', 'to': 'Chiplet_2', 'connection_type': '2.5d_rdl', 'loc': '2.5d_chiplet'},{'from': 'Chiplet_4', 'to': 'Chiplet_5', 'connection_type': '2.5d_rdl', 'loc': '2.5d_chiplet'},{'from': 'Chiplet_4', 'to': 'Chiplet_2', 'connection_type': '2.5d_rdl', 'loc': '2.5d_chiplet'},{'from': 'Chiplet_4', 'to': 'Chiplet_6', 'connection_type': '2.5d_rdl', 'loc': '2.5d_chiplet'}",1,3,7,2,1,2,hbm2,ucie_std,na,1,0,ws,0,0,0
60,31.172863557168274,2896546.3,70994.09401821416,131983784.22359298,5937.287581699347,5551.827677789585,60,1.7117881800824635,3.1172648505374996,1536,96x96,10,2.55521354,4.475,4096,128x128,7,0.784712696,2.51875,512,96x96,7,8.112421457366196,12.973514847541198,8192,192x192,10,1.4141952089375351,1.7054115854749998,512,64x64,14,3.2571509657793953,3.8395579270749995,1536,96x96,14,2.5d,"{'from': 'Chiplet_4', 'to': 'Chiplet_3', 'connection_type': '2.5d_rdl', 'loc': '2.5d_chiplet'},{'from': 'Chiplet_4', 'to': 'Chiplet_6', 'connection_type': '2.5d_rdl', 'loc': '2.5d_chiplet'},{'from': 'Chiplet_3', 'to': 'Chiplet_4', 'connection_type': '2.5d_rdl', 'loc': '2.5d_chiplet'},{'from': 'Chiplet_3', 'to': 'Chiplet_2', 'connection_type': '2.5d_rdl', 'loc': '2.5d_chiplet'},{'from': 'Chiplet_3', 'to': 'Chiplet_6', 'connection_type': '2.5d_rdl', 'loc': '2.5d_chiplet'},{'from': 'Chiplet_6', 'to': 'Chiplet_4', 'connection_type': '2.5d_rdl', 'loc': '2.5d_chiplet'},{'from': 'Chiplet_6', 'to': 'Chiplet_3', 'connection_type': '2.5d_rdl', 'loc': '2.5d_chiplet'},{'from': 'Chiplet_6', 'to': 'Chiplet_1', 'connection_type': '2.5d_rdl', 'loc': '2.5d_chiplet'},{'from': 'Chiplet_6', 'to': 'Chiplet_2', 'connection_type': '2.5d_rdl', 'loc': '2.5d_chiplet'},{'from': 'Chiplet_6', 'to': 'Chiplet_5', 'connection_type': '2.5d_rdl', 'loc': '2.5d_chiplet'},{'from': 'Chiplet_5', 'to': 'Chiplet_1', 'connection_type': '2.5d_rdl', 'loc': '2.5d_chiplet'},{'from': 'Chiplet_5', 'to': 'Chiplet_6', 'connection_type': '2.5d_rdl', 'loc': '2.5d_chiplet'},{'from': 'Chiplet_2', 'to': 'Chiplet_3', 'connection_type': '2.5d_rdl', 'loc': '2.5d_chiplet'},{'from': 'Chiplet_2', 'to': 'Chiplet_1', 'connection_type': '2.5d_rdl', 'loc': '2.5d_chiplet'},{'from': 'Chiplet_2', 'to': 'Chiplet_6', 'connection_type': '2.5d_rdl', 'loc': '2.5d_chiplet'},{'from': 'Chiplet_1', 'to': 'Chiplet_5', 'connection_type': '2.5d_rdl', 'loc': '2.5d_chiplet'},{'from': 'Chiplet_1', 'to': 'Chiplet_2', 'connection_type': '2.5d_rdl', 'loc': '2.5d_chiplet'},{'from': 'Chiplet_1', 'to': 'Chiplet_6', 'connection_type': '2.5d_rdl', 'loc': '2.5d_chiplet'}",1,1,1,3,1,1,ddr5,ucie_std,na,1,0,ws,0,0,0
61,20.584320418670924,2632150.24,64580.51093213779,89527885.8372017,11072.243775665302,8038.422110528479,61,0.378988,1.11875,256,64x64,7,3.2571509657793953,3.8395579270749995,1536,96x96,14,0.638803,1.11875,1024,64x64,7,6.033899457366197,12.973514847541198,2048,192x192,10,2.972908090547913,5.538366334949999,2048,128x128,10,4.9976252555201786,6.821646341899999,1024,128x128,14,2.5d_3d,"{'from': 'Chiplet_5', 'to': 'Chiplet_3', 'connection_type': '3d_u_bump', 'loc': 'stack0_base'},{'from': 'Chiplet_3', 'to': 'Chiplet_1', 'connection_type': '3d_u_bump', 'loc': 'stack0_middle1'},{'from': 'Chiplet_1', 'to': 'na', 'connection_type': '3d_u_bump', 'loc': 'stack0_top'},{'from': 'Chiplet_4', 'to': 'Chiplet_5', 'connection_type': '2.5d_rdl', 'loc': '2.5d_chiplet'},{'from': 'Chiplet_4', 'to': 'Chiplet_2', 'connection_type': '2.5d_rdl', 'loc': '2.5d_chiplet'},{'from': 'Chiplet_4', 'to': 'Chiplet_6', 'connection_type': '2.5d_rdl', 'loc': '2.5d_chiplet'},{'from': 'Chiplet_5', 'to': 'Chiplet_4', 'connection_type': '2.5d_rdl', 'loc': '2.5d_chiplet'},{'from': 'Chiplet_5', 'to': 'Chiplet_2', 'connection_type': '2.5d_rdl', 'loc': '2.5d_chiplet'},{'from': 'Chiplet_6', 'to': 'Chiplet_4', 'connection_type': '2.5d_rdl', 'loc': '2.5d_chiplet'},{'from': 'Chiplet_6', 'to': 'Chiplet_2', 'connection_type': '2.5d_rdl', 'loc': '2.5d_chiplet'},{'from': 'Chiplet_2', 'to': 'Chiplet_4', 'connection_type': '2.5d_rdl', 'loc': '2.5d_chiplet'},{'from': 'Chiplet_2', 'to': 'Chiplet_5', 'connection_type': '2.5d_rdl', 'loc': '2.5d_chiplet'},{'from': 'Chiplet_2', 'to': 'Chiplet_6', 'connection_type': '2.5d_rdl', 'loc': '2.5d_chiplet'}",1,1,1,2,1,2,ddr5,ucie_std,ucie_3d,1,0,is,1,0,0
62,28.21145562979964,3900605.48,96223.95530861737,136126032.69780007,5919.356200846955,7365.638924976263,62,2.927572174079395,3.8395579270749995,1024,96x96,14,14.117807839976791,15.979573171754398,6144,192x192,14,2.972908090547913,5.538366334949999,2048,128x128,10,6.726740457366197,12.973514847541198,4096,192x192,10,1.304342696,2.51875,2048,96x96,7,3.2571509657793953,3.8395579270749995,1536,96x96,14,2.5d_3d,"{'from': 'Chiplet_2', 'to': 'Chiplet_4', 'connection_type': '3d_tsv', 'loc': 'stack0_base'},{'from': 'Chiplet_4', 'to': 'Chiplet_3', 'connection_type': '3d_tsv', 'loc': 'stack0_middle1'},{'from': 'Chiplet_3', 'to': 'Chiplet_5', 'connection_type': '3d_tsv', 'loc': 'stack0_middle2'},{'from': 'Chiplet_5', 'to': 'na', 'connection_type': '3d_tsv', 'loc': 'stack0_top'},{'from': 'Chiplet_2', 'to': 'Chiplet_1', 'connection_type': '2.5d_rdl', 'loc': '2.5d_chiplet'},{'from': 'Chiplet_2', 'to': 'Chiplet_6', 'connection_type': '2.5d_rdl', 'loc': '2.5d_chiplet'},{'from': 'Chiplet_6', 'to': 'Chiplet_1', 'connection_type': '2.5d_rdl', 'loc': '2.5d_chiplet'},{'from': 'Chiplet_6', 'to': 'Chiplet_2', 'connection_type': '2.5d_rdl', 'loc': '2.5d_chiplet'},{'from': 'Chiplet_1', 'to': 'Chiplet_2', 'connection_type': '2.5d_rdl', 'loc': '2.5d_chiplet'},{'from': 'Chiplet_1', 'to': 'Chiplet_6', 'connection_type': '2.5d_rdl', 'loc': '2.5d_chiplet'}",1,3,1,1,1,1,ddr4,ucie_std,ucie_3d,0,0,os,1,0,0
63,14.111794507990892,2336929.96,119684.23662845636,141668757.5310744,4814.016958134605,4650.954261241504,63,1.578984604787535,1.7054115854749998,768,64x64,14,0.784712696,2.51875,512,96x96,7,2.55521354,4.475,4096,128x128,7,1.8849981800824636,3.1172648505374996,2048,96x96,10,5.656782838920179,6.821646341899999,2048,128x128,14,2.55521354,4.475,4096,128x128,7,2.5d_3d,"{'from': 'Chiplet_3', 'to': 'Chiplet_1', 'connection_type': '3d_tsv', 'loc': 'stack0_base'},{'from': 'Chiplet_1', 'to': 'Chiplet_2', 'connection_type': '3d_tsv', 'loc': 'stack0_middle1'},{'from': 'Chiplet_2', 'to': 'na', 'connection_type': '3d_tsv', 'loc': 'stack0_top'},{'from': 'Chiplet_5', 'to': 'Chiplet_3', 'connection_type': '2.5d_emib', 'loc': '2.5d_chiplet'},{'from': 'Chiplet_5', 'to': 'Chiplet_6', 'connection_type': '2.5d_emib', 'loc': '2.5d_chiplet'},{'from': 'Chiplet_3', 'to': 'Chiplet_4', 'connection_type': '2.5d_emib', 'loc': '2.5d_chiplet'},{'from': 'Chiplet_3', 'to': 'Chiplet_5', 'connection_type': '2.5d_emib', 'loc': '2.5d_chiplet'},{'from': 'Chiplet_3', 'to': 'Chiplet_6', 'connection_type': '2.5d_emib', 'loc': '2.5d_chiplet'},{'from': 'Chiplet_4', 'to': 'Chiplet_3', 'connection_type': '2.5d_emib', 'loc': '2.5d_chiplet'},{'from': 'Chiplet_4', 'to': 'Chiplet_6', 'connection_type': '2.5d_emib', 'loc': '2.5d_chiplet'},{'from': 'Chiplet_6', 'to': 'Chiplet_3', 'connection_type': '2.5d_emib', 'loc': '2.5d_chiplet'},{'from': 'Chiplet_6', 'to': 'Chiplet_5', 'connection_type': '2.5d_emib', 'loc': '2.5d_chiplet'},{'from': 'Chiplet_6', 'to': 'Chiplet_4', 'connection_type': '2.5d_emib', 'loc': '2.5d_chiplet'}",1,1,1,1,3,1,ddr5,bow,ucie_3d,1,0,ws,0,0,0
64,55.22466323993874,5818307.48,198801.3248939867,52183860.55869712,7348.261503691631,7046.707702134174,64,1.249405813087535,1.7054115854749998,256,64x64,14,14.117807839976791,15.979573171754398,6144,192x192,14,8.112421457366196,12.973514847541198,8192,192x192,10,1.7117881800824635,3.1172648505374996,1536,96x96,10,1.86237254,4.475,2048,128x128,7,6.975099908490179,6.821646341899999,4096,128x128,14,2.5d,"{'from': 'Chiplet_2', 'to': 'Chiplet_3', 'connection_type': '2.5d_emib', 'loc': '2.5d_chiplet'},{'from': 'Chiplet_2', 'to': 'Chiplet_5', 'connection_type': '2.5d_emib', 'loc': '2.5d_chiplet'},{'from': 'Chiplet_2', 'to': 'Chiplet_1', 'connection_type': '2.5d_emib', 'loc': '2.5d_chiplet'},{'from': 'Chiplet_2', 'to': 'Chiplet_6', 'connection_type': '2.5d_emib', 'loc': '2.5d_chiplet'},{'from': 'Chiplet_5', 'to': 'Chiplet_1', 'connection_type': '2.5d_emib', 'loc': '2.5d_chiplet'},{'from': 'Chiplet_5', 'to': 'Chiplet_2', 'connection_type': '2.5d_emib', 'loc': '2.5d_chiplet'},{'from': 'Chiplet_1', 'to': 'Chiplet_5', 'connection_type': '2.5d_emib', 'loc': '2.5d_chiplet'},{'from': 'Chiplet_1', 'to': 'Chiplet_2', 'connection_type': '2.5d_emib', 'loc': '2.5d_chiplet'},{'from': 'Chiplet_3', 'to': 'Chiplet_4', 'connection_type': '2.5d_emib', 'loc': '2.5d_chiplet'},{'from': 'Chiplet_3', 'to': 'Chiplet_2', 'connection_type': '2.5d_emib', 'loc': '2.5d_chiplet'},{'from': 'Chiplet_3', 'to': 'Chiplet_6', 'connection_type': '2.5d_emib', 'loc': '2.5d_chiplet'},{'from': 'Chiplet_6', 'to': 'Chiplet_4', 'connection_type': '2.5d_emib', 'loc': '2.5d_chiplet'},{'from': 'Chiplet_6', 'to': 'Chiplet_3', 'connection_type': '2.5d_emib', 'loc': '2.5d_chiplet'},{'from': 'Chiplet_6', 'to': 'Chiplet_2', 'connection_type': '2.5d_emib', 'loc': '2.5d_chiplet'},{'from': 'Chiplet_4', 'to': 'Chiplet_3', 'connection_type': '2.5d_emib', 'loc': '2.5d_chiplet'},{'from': 'Chiplet_4', 'to': 'Chiplet_6', 'connection_type': '2.5d_emib', 'loc': '2.5d_chiplet'}",1,6,4,1,1,3,hbm3,ucie_adv,na,1,0,ws,1,0,0
65,25.705186432498415,3625635.07,70881.22961679072,54479686.34460528,3992.7777777777774,3313.9611736737843,65,1.8849981800824636,3.1172648505374996,2048,96x96,10,3.3193280905479132,5.538366334949999,3072,128x128,10,1.743774000637535,1.7054115854749998,1024,64x64,14,3.5867297574793953,3.8395579270749995,2048,96x96,14,6.315940422320179,6.821646341899999,3072,128x128,14,3.432469952,10.4826,2048,192x192,7,2.5d_3d,"{'from': 'Chiplet_4', 'to': 'Chiplet_1', 'connection_type': '3d_u_bump', 'loc': 'stack0_base'},{'from': 'Chiplet_1', 'to': 'na', 'connection_type': '3d_u_bump', 'loc': 'stack0_top'},{'from': 'Chiplet_5', 'to': 'Chiplet_4', 'connection_type': '2.5d_rdl', 'loc': '2.5d_chiplet'},{'from': 'Chiplet_5', 'to': 'Chiplet_2', 'connection_type': '2.5d_rdl', 'loc': '2.5d_chiplet'},{'from': 'Chiplet_5', 'to': 'Chiplet_6', 'connection_type': '2.5d_rdl', 'loc': '2.5d_chiplet'},{'from': 'Chiplet_2', 'to': 'Chiplet_5', 'connection_type': '2.5d_rdl', 'loc': '2.5d_chiplet'},{'from': 'Chiplet_2', 'to': 'Chiplet_6', 'connection_type': '2.5d_rdl', 'loc': '2.5d_chiplet'},{'from': 'Chiplet_4', 'to': 'Chiplet_3', 'connection_type': '2.5d_rdl', 'loc': '2.5d_chiplet'},{'from': 'Chiplet_4', 'to': 'Chiplet_5', 'connection_type': '2.5d_rdl', 'loc': '2.5d_chiplet'},{'from': 'Chiplet_4', 'to': 'Chiplet_6', 'connection_type': '2.5d_rdl', 'loc': '2.5d_chiplet'},{'from': 'Chiplet_6', 'to': 'Chiplet_3', 'connection_type': '2.5d_rdl', 'loc': '2.5d_chiplet'},{'from': 'Chiplet_6', 'to': 'Chiplet_5', 'connection_type': '2.5d_rdl', 'loc': '2.5d_chiplet'},{'from': 'Chiplet_6', 'to': 'Chiplet_4', 'connection_type': '2.5d_rdl', 'loc': '2.5d_chiplet'},{'from': 'Chiplet_6', 'to': 'Chiplet_2', 'connection_type': '2.5d_rdl', 'loc': '2.5d_chiplet'},{'from': 'Chiplet_3', 'to': 'Chiplet_4', 'connection_type': '2.5d_rdl', 'loc': '2.5d_chiplet'},{'from': 'Chiplet_3', 'to': 'Chiplet_6', 'connection_type': '2.5d_rdl', 'loc': '2.5d_chiplet'}",1,3,1,3,5,3,hbm2,ucie_std,ucie_3d,0,0,os,0,0,0
66,17.597850958362486,1987779.44,154487.2138695304,101032883.10222489,14187.164351061912,6874.015232334795,66,1.578984604787535,1.7054115854749998,768,64x64,14,1.249405813087535,1.7054115854749998,256,64x64,14,0.638803,1.11875,1024,64x64,7,1.131132696,2.51875,1536,96x96,7,1.4141952089375351,1.7054115854749998,512,64x64,14,4.818150952,10.4826,6144,192x192,7,2.5d,"{'from': 'Chiplet_6', 'to': 'Chiplet_3', 'connection_type': '2.5d_emib', 'loc': '2.5d_chiplet'},{'from': 'Chiplet_6', 'to': 'Chiplet_1', 'connection_type': '2.5d_emib', 'loc': '2.5d_chiplet'},{'from': 'Chiplet_3', 'to': 'Chiplet_5', 'connection_type': '2.5d_emib', 'loc': '2.5d_chiplet'},{'from': 'Chiplet_3', 'to': 'Chiplet_1', 'connection_type': '2.5d_emib', 'loc': '2.5d_chiplet'},{'from': 'Chiplet_3', 'to': 'Chiplet_6', 'connection_type': '2.5d_emib', 'loc': '2.5d_chiplet'},{'from': 'Chiplet_1', 'to': 'Chiplet_3', 'connection_type': '2.5d_emib', 'loc': '2.5d_chiplet'},{'from': 'Chiplet_1', 'to': 'Chiplet_5', 'connection_type': '2.5d_emib', 'loc': '2.5d_chiplet'},{'from': 'Chiplet_1', 'to': 'Chiplet_4', 'connection_type': '2.5d_emib', 'loc': '2.5d_chiplet'},{'from': 'Chiplet_1', 'to': 'Chiplet_6', 'connection_type': '2.5d_emib', 'loc': '2.5d_chiplet'},{'from': 'Chiplet_4', 'to': 'Chiplet_1', 'connection_type': '2.5d_emib', 'loc': '2.5d_chiplet'},{'from': 'Chiplet_4', 'to': 'Chiplet_2', 'connection_type': '2.5d_emib', 'loc': '2.5d_chiplet'},{'from': 'Chiplet_5', 'to': 'Chiplet_3', 'connection_type': '2.5d_emib', 'loc': '2.5d_chiplet'},{'from': 'Chiplet_5', 'to': 'Chiplet_1', 'connection_type': '2.5d_emib', 'loc': '2.5d_chiplet'},{'from': 'Chiplet_5', 'to': 'Chiplet_2', 'connection_type': '2.5d_emib', 'loc': '2.5d_chiplet'},{'from': 'Chiplet_2', 'to': 'Chiplet_4', 'connection_type': '2.5d_emib', 'loc': '2.5d_chiplet'},{'from': 'Chiplet_2', 'to': 'Chiplet_5', 'connection_type': '2.5d_emib', 'loc': '2.5d_chiplet'}",1,1,1,1,1,3,ddr5,ucie_adv,na,0,0,ws,1,0,0
67,27.83842850088569,4883434.92,104172.60415090689,44272329.67337341,8590.603514910836,7967.310775645549,67,1.249405813087535,1.7054115854749998,256,64x64,14,3.432469952,10.4826,2048,192x192,7,0.552198,1.11875,768,64x64,7,3.665749090547913,5.538366334949999,4096,128x128,10,4.1253109519999995,10.4826,4096,192x192,7,12.799492673176792,15.979573171754398,4096,192x192,14,2.5d_3d,"{'from': 'Chiplet_5', 'to': 'Chiplet_4', 'connection_type': '3d_hyb_bond', 'loc': 'stack0_base'},{'from': 'Chiplet_4', 'to': 'Chiplet_2', 'connection_type': '3d_hyb_bond', 'loc': 'stack0_middle1'},{'from': 'Chiplet_2', 'to': 'na', 'connection_type': '3d_hyb_bond', 'loc': 'stack0_top'},{'from': 'Chiplet_6', 'to': 'Chiplet_5', 'connection_type': '2.5d_rdl', 'loc': '2.5d_chiplet'},{'from': 'Chiplet_6', 'to': 'Chiplet_1', 'connection_type': '2.5d_rdl', 'loc': '2.5d_chiplet'},{'from': 'Chiplet_5', 'to': 'Chiplet_3', 'connection_type': '2.5d_rdl', 'loc': '2.5d_chiplet'},{'from': 'Chiplet_5', 'to': 'Chiplet_1', 'connection_type': '2.5d_rdl', 'loc': '2.5d_chiplet'},{'from': 'Chiplet_5', 'to': 'Chiplet_6', 'connection_type': '2.5d_rdl', 'loc': '2.5d_chiplet'},{'from': 'Chiplet_1', 'to': 'Chiplet_3', 'connection_type': '2.5d_rdl', 'loc': '2.5d_chiplet'},{'from': 'Chiplet_1', 'to': 'Chiplet_5', 'connection_type': '2.5d_rdl', 'loc': '2.5d_chiplet'},{'from': 'Chiplet_1', 'to': 'Chiplet_6', 'connection_type': '2.5d_rdl', 'loc': '2.5d_chiplet'},{'from': 'Chiplet_3', 'to': 'Chiplet_5', 'connection_type': '2.5d_rdl', 'loc': '2.5d_chiplet'},{'from': 'Chiplet_3', 'to': 'Chiplet_1', 'connection_type': '2.5d_rdl', 'loc': '2.5d_chiplet'}",1,2,1,2,2,8,hbm3,ucie_std,ucie_3d,0,0,ws,1,0,0
68,17.352158618661765,2008837.65,147749.32073792865,50475093.49378322,7888.349619978284,3284.944976768834,68,3.5867297574793953,3.8395579270749995,2048,96x96,14,6.975099908490179,6.821646341899999,4096,128x128,14,1.578984604787535,1.7054115854749998,768,64x64,14,0.743226759447044,1.3845915837374998,512,64x64,10,0.638803,1.11875,1024,64x64,7,0.743226759447044,1.3845915837374998,512,64x64,10,2.5d,"{'from': 'Chiplet_2', 'to': 'Chiplet_3', 'connection_type': '2.5d_emib', 'loc': '2.5d_chiplet'},{'from': 'Chiplet_2', 'to': 'Chiplet_1', 'connection_type': '2.5d_emib', 'loc': '2.5d_chiplet'},{'from': 'Chiplet_1', 'to': 'Chiplet_3', 'connection_type': '2.5d_emib', 'loc': '2.5d_chiplet'},{'from': 'Chiplet_1', 'to': 'Chiplet_5', 'connection_type': '2.5d_emib', 'loc': '2.5d_chiplet'},{'from': 'Chiplet_1', 'to': 'Chiplet_4', 'connection_type': '2.5d_emib', 'loc': '2.5d_chiplet'},{'from': 'Chiplet_1', 'to': 'Chiplet_2', 'connection_type': '2.5d_emib', 'loc': '2.5d_chiplet'},{'from': 'Chiplet_3', 'to': 'Chiplet_4', 'connection_type': '2.5d_emib', 'loc': '2.5d_chiplet'},{'from': 'Chiplet_3', 'to': 'Chiplet_1', 'connection_type': '2.5d_emib', 'loc': '2.5d_chiplet'},{'from': 'Chiplet_3', 'to': 'Chiplet_2', 'connection_type': '2.5d_emib', 'loc': '2.5d_chiplet'},{'from': 'Chiplet_3', 'to': 'Chiplet_6', 'connection_type': '2.5d_emib', 'loc': '2.5d_chiplet'},{'from': 'Chiplet_4', 'to': 'Chiplet_3', 'connection_type': '2.5d_emib', 'loc': '2.5d_chiplet'},{'from': 'Chiplet_4', 'to': 'Chiplet_5', 'connection_type': '2.5d_emib', 'loc': '2.5d_chiplet'},{'from': 'Chiplet_4', 'to': 'Chiplet_1', 'connection_type': '2.5d_emib', 'loc': '2.5d_chiplet'},{'from': 'Chiplet_4', 'to': 'Chiplet_6', 'connection_type': '2.5d_emib', 'loc': '2.5d_chiplet'},{'from': 'Chiplet_5', 'to': 'Chiplet_4', 'connection_type': '2.5d_emib', 'loc': '2.5d_chiplet'},{'from': 'Chiplet_5', 'to': 'Chiplet_1', 'connection_type': '2.5d_emib', 'loc': '2.5d_chiplet'},{'from': 'Chiplet_6', 'to': 'Chiplet_3', 'connection_type': '2.5d_emib', 'loc': '2.5d_chiplet'},{'from': 'Chiplet_6', 'to': 'Chiplet_4', 'connection_type': '2.5d_emib', 'loc': '2.5d_chiplet'}",4,8,1,1,1,1,hbm3,ucie_adv,na,0,0,is,0,0,0
69,30.323549257451685,4098256.67,87331.8542363705,47253564.89184867,4223.43648208469,3867.3537849481218,69,1.578984604787535,1.7054115854749998,768,64x64,14,0.638803,1.11875,1024,64x64,7,12.799492673176792,15.979573171754398,4096,192x192,14,0.784712696,2.51875,512,96x96,7,3.432469952,10.4826,2048,192x192,7,5.656782838920179,6.821646341899999,2048,128x128,14,2.5d_3d,"{'from': 'Chiplet_3', 'to': 'Chiplet_2', 'connection_type': '3d_tsv', 'loc': 'stack0_base'},{'from': 'Chiplet_2', 'to': 'na', 'connection_type': '3d_tsv', 'loc': 'stack0_top'},{'from': 'Chiplet_3', 'to': 'Chiplet_5', 'connection_type': '2.5d_rdl', 'loc': '2.5d_chiplet'},{'from': 'Chiplet_3', 'to': 'Chiplet_6', 'connection_type': '2.5d_rdl', 'loc': '2.5d_chiplet'},{'from': 'Chiplet_6', 'to': 'Chiplet_3', 'connection_type': '2.5d_rdl', 'loc': '2.5d_chiplet'},{'from': 'Chiplet_6', 'to': 'Chiplet_5', 'connection_type': '2.5d_rdl', 'loc': '2.5d_chiplet'},{'from': 'Chiplet_6', 'to': 'Chiplet_1', 'connection_type': '2.5d_rdl', 'loc': '2.5d_chiplet'},{'from': 'Chiplet_5', 'to': 'Chiplet_3', 'connection_type': '2.5d_rdl', 'loc': '2.5d_chiplet'},{'from': 'Chiplet_5', 'to': 'Chiplet_4', 'connection_type': '2.5d_rdl', 'loc': '2.5d_chiplet'},{'from': 'Chiplet_5', 'to': 'Chiplet_1', 'connection_type': '2.5d_rdl', 'loc': '2.5d_chiplet'},{'from': 'Chiplet_5', 'to': 'Chiplet_6', 'connection_type': '2.5d_rdl', 'loc': '2.5d_chiplet'},{'from': 'Chiplet_1', 'to': 'Chiplet_4', 'connection_type': '2.5d_rdl', 'loc': '2.5d_chiplet'},{'from': 'Chiplet_1', 'to': 'Chiplet_5', 'connection_type': '2.5d_rdl', 'loc': '2.5d_chiplet'},{'from': 'Chiplet_1', 'to': 'Chiplet_6', 'connection_type': '2.5d_rdl', 'loc': '2.5d_chiplet'},{'from': 'Chiplet_4', 'to': 'Chiplet_5', 'connection_type': '2.5d_rdl', 'loc': '2.5d_chiplet'},{'from': 'Chiplet_4', 'to': 'Chiplet_1', 'connection_type': '2.5d_rdl', 'loc': '2.5d_chiplet'}",1,1,8,1,2,3,hbm3,ucie_std,ucie_3d,1,0,ws,0,0,0
70,30.419564993321437,4418927.29,90001.71204178328,55546572.75878379,8715.39306754816,7810.31305055336,70,2.597993382379395,3.8395579270749995,512,96x96,14,0.916436759447044,1.3845915837374998,1024,64x64,10,11.481175603606792,15.979573171754398,2048,192x192,14,6.975099908490179,6.821646341899999,4096,128x128,14,7.419580457366196,12.973514847541198,6144,192x192,10,0.916436759447044,1.3845915837374998,1024,64x64,10,2.5d_3d,"{'from': 'Chiplet_5', 'to': 'Chiplet_1', 'connection_type': '3d_tsv', 'loc': 'stack0_base'},{'from': 'Chiplet_1', 'to': 'Chiplet_2', 'connection_type': '3d_tsv', 'loc': 'stack0_middle1'},{'from': 'Chiplet_2', 'to': 'Chiplet_6', 'connection_type': '3d_tsv', 'loc': 'stack0_middle2'},{'from': 'Chiplet_6', 'to': 'na', 'connection_type': '3d_tsv', 'loc': 'stack0_top'},{'from': 'Chiplet_3', 'to': 'Chiplet_4', 'connection_type': '2.5d_rdl', 'loc': '2.5d_chiplet'},{'from': 'Chiplet_3', 'to': 'Chiplet_5', 'connection_type': '2.5d_rdl', 'loc': '2.5d_chiplet'},{'from': 'Chiplet_5', 'to': 'Chiplet_3', 'connection_type': '2.5d_rdl', 'loc': '2.5d_chiplet'},{'from': 'Chiplet_5', 'to': 'Chiplet_4', 'connection_type': '2.5d_rdl', 'loc': '2.5d_chiplet'},{'from': 'Chiplet_4', 'to': 'Chiplet_3', 'connection_type': '2.5d_rdl', 'loc': '2.5d_chiplet'},{'from': 'Chiplet_4', 'to': 'Chiplet_5', 'connection_type': '2.5d_rdl', 'loc': '2.5d_chiplet'}",1,1,6,3,4,1,hbm2,ucie_std,ucie_3d,1,0,os,1,0,0
71,26.585424687506798,3734240.6,72203.70286352989,44862367.15795617,4880.867709815078,3571.805012023608,71,5.5109919519999995,10.4826,8192,192x192,7,0.784712696,2.51875,512,96x96,7,3.2571509657793953,3.8395579270749995,1536,96x96,14,2.597993382379395,3.8395579270749995,512,96x96,14,4.9976252555201786,6.821646341899999,1024,128x128,14,1.7117881800824635,3.1172648505374996,1536,96x96,10,2.5d_3d,"{'from': 'Chiplet_4', 'to': 'Chiplet_6', 'connection_type': '3d_u_bump', 'loc': 'stack0_base'},{'from': 'Chiplet_6', 'to': 'na', 'connection_type': '3d_u_bump', 'loc': 'stack0_top'},{'from': 'Chiplet_1', 'to': 'Chiplet_4', 'connection_type': '2.5d_rdl', 'loc': '2.5d_chiplet'},{'from': 'Chiplet_1', 'to': 'Chiplet_5', 'connection_type': '2.5d_rdl', 'loc': '2.5d_chiplet'},{'from': 'Chiplet_1', 'to': 'Chiplet_2', 'connection_type': '2.5d_rdl', 'loc': '2.5d_chiplet'},{'from': 'Chiplet_4', 'to': 'Chiplet_1', 'connection_type': '2.5d_rdl', 'loc': '2.5d_chiplet'},{'from': 'Chiplet_4', 'to': 'Chiplet_2', 'connection_type': '2.5d_rdl', 'loc': '2.5d_chiplet'},{'from': 'Chiplet_2', 'to': 'Chiplet_4', 'connection_type': '2.5d_rdl', 'loc': '2.5d_chiplet'},{'from': 'Chiplet_2', 'to': 'Chiplet_1', 'connection_type': '2.5d_rdl', 'loc': '2.5d_chiplet'},{'from': 'Chiplet_2', 'to': 'Chiplet_3', 'connection_type': '2.5d_rdl', 'loc': '2.5d_chiplet'},{'from': 'Chiplet_5', 'to': 'Chiplet_3', 'connection_type': '2.5d_rdl', 'loc': '2.5d_chiplet'},{'from': 'Chiplet_5', 'to': 'Chiplet_1', 'connection_type': '2.5d_rdl', 'loc': '2.5d_chiplet'},{'from': 'Chiplet_3', 'to': 'Chiplet_5', 'connection_type': '2.5d_rdl', 'loc': '2.5d_chiplet'},{'from': 'Chiplet_3', 'to': 'Chiplet_2', 'connection_type': '2.5d_rdl', 'loc': '2.5d_chiplet'}",5,1,3,2,4,1,hbm3,ucie_std,ucie_3d,0,0,ws,0,0,0
72,21.829403506665475,2642358.79,157053.5363641325,51924325.71916208,9577.482244060902,5088.690827636876,72,0.656621759447044,1.3845915837374998,256,64x64,10,4.818150952,10.4826,6144,192x192,7,1.578984604787535,1.7054115854749998,768,64x64,14,1.249405813087535,1.7054115854749998,256,64x64,14,0.743226759447044,1.3845915837374998,512,64x64,10,4.9976252555201786,6.821646341899999,1024,128x128,14,2.5d,"{'from': 'Chiplet_6', 'to': 'Chiplet_4', 'connection_type': '2.5d_emib', 'loc': '2.5d_chiplet'},{'from': 'Chiplet_6', 'to': 'Chiplet_5', 'connection_type': '2.5d_emib', 'loc': '2.5d_chiplet'},{'from': 'Chiplet_6', 'to': 'Chiplet_2', 'connection_type': '2.5d_emib', 'loc': '2.5d_chiplet'},{'from': 'Chiplet_4', 'to': 'Chiplet_5', 'connection_type': '2.5d_emib', 'loc': '2.5d_chiplet'},{'from': 'Chiplet_4', 'to': 'Chiplet_6', 'connection_type': '2.5d_emib', 'loc': '2.5d_chiplet'},{'from': 'Chiplet_5', 'to': 'Chiplet_4', 'connection_type': '2.5d_emib', 'loc': '2.5d_chiplet'},{'from': 'Chiplet_5', 'to': 'Chiplet_6', 'connection_type': '2.5d_emib', 'loc': '2.5d_chiplet'},{'from': 'Chiplet_2', 'to': 'Chiplet_3', 'connection_type': '2.5d_emib', 'loc': '2.5d_chiplet'},{'from': 'Chiplet_2', 'to': 'Chiplet_1', 'connection_type': '2.5d_emib', 'loc': '2.5d_chiplet'},{'from': 'Chiplet_2', 'to': 'Chiplet_6', 'connection_type': '2.5d_emib', 'loc': '2.5d_chiplet'},{'from': 'Chiplet_3', 'to': 'Chiplet_1', 'connection_type': '2.5d_emib', 'loc': '2.5d_chiplet'},{'from': 'Chiplet_3', 'to': 'Chiplet_2', 'connection_type': '2.5d_emib', 'loc': '2.5d_chiplet'},{'from': 'Chiplet_1', 'to': 'Chiplet_3', 'connection_type': '2.5d_emib', 'loc': '2.5d_chiplet'},{'from': 'Chiplet_1', 'to': 'Chiplet_2', 'connection_type': '2.5d_emib', 'loc': '2.5d_chiplet'}",1,5,2,1,1,6,hbm2,bow,na,1,0,is,1,0,0
73,16.77493373485419,2213855.16,62596.65099950481,142543814.24140674,5340.947712418301,4934.731076780692,73,0.378988,1.11875,256,64x64,7,5.656782838920179,6.821646341899999,2048,128x128,14,6.315940422320179,6.821646341899999,3072,128x128,14,2.927572174079395,3.8395579270749995,1024,96x96,14,0.552198,1.11875,768,64x64,7,3.5867297574793953,3.8395579270749995,2048,96x96,14,2.5d_3d,"{'from': 'Chiplet_3', 'to': 'Chiplet_2', 'connection_type': '3d_u_bump', 'loc': 'stack0_base'},{'from': 'Chiplet_2', 'to': 'Chiplet_1', 'connection_type': '3d_u_bump', 'loc': 'stack0_middle1'},{'from': 'Chiplet_1', 'to': 'na', 'connection_type': '3d_u_bump', 'loc': 'stack0_top'},{'from': 'Chiplet_3', 'to': 'Chiplet_4', 'connection_type': '2.5d_rdl', 'loc': '2.5d_chiplet'},{'from': 'Chiplet_3', 'to': 'Chiplet_5', 'connection_type': '2.5d_rdl', 'loc': '2.5d_chiplet'},{'from': 'Chiplet_3', 'to': 'Chiplet_6', 'connection_type': '2.5d_rdl', 'loc': '2.5d_chiplet'},{'from': 'Chiplet_5', 'to': 'Chiplet_4', 'connection_type': '2.5d_rdl', 'loc': '2.5d_chiplet'},{'from': 'Chiplet_5', 'to': 'Chiplet_3', 'connection_type': '2.5d_rdl', 'loc': '2.5d_chiplet'},{'from': 'Chiplet_6', 'to': 'Chiplet_3', 'connection_type': '2.5d_rdl', 'loc': '2.5d_chiplet'},{'from': 'Chiplet_6', 'to': 'Chiplet_4', 'connection_type': '2.5d_rdl', 'loc': '2.5d_chiplet'},{'from': 'Chiplet_4', 'to': 'Chiplet_3', 'connection_type': '2.5d_rdl', 'loc': '2.5d_chiplet'},{'from': 'Chiplet_4', 'to': 'Chiplet_5', 'connection_type': '2.5d_rdl', 'loc': '2.5d_chiplet'},{'from': 'Chiplet_4', 'to': 'Chiplet_6', 'connection_type': '2.5d_rdl', 'loc': '2.5d_chiplet'}",1,2,2,1,1,1,ddr5,ucie_std,ucie_3d,0,0,os,0,0,0
74,23.26731682694055,2373805.88,52288.59523446598,32360472.057208095,30375.764327708162,13088.791252181116,74,1.51595254,4.475,1024,128x128,7,0.916436759447044,1.3845915837374998,1024,64x64,10,1.86237254,4.475,2048,128x128,7,2.597993382379395,3.8395579270749995,512,96x96,14,0.656621759447044,1.3845915837374998,256,64x64,10,5.656782838920179,6.821646341899999,2048,128x128,14,2.5d,"{'from': 'Chiplet_6', 'to': 'Chiplet_4', 'connection_type': '2.5d_rdl', 'loc': '2.5d_chiplet'},{'from': 'Chiplet_6', 'to': 'Chiplet_2', 'connection_type': '2.5d_rdl', 'loc': '2.5d_chiplet'},{'from': 'Chiplet_2', 'to': 'Chiplet_4', 'connection_type': '2.5d_rdl', 'loc': '2.5d_chiplet'},{'from': 'Chiplet_2', 'to': 'Chiplet_3', 'connection_type': '2.5d_rdl', 'loc': '2.5d_chiplet'},{'from': 'Chiplet_2', 'to': 'Chiplet_6', 'connection_type': '2.5d_rdl', 'loc': '2.5d_chiplet'},{'from': 'Chiplet_4', 'to': 'Chiplet_3', 'connection_type': '2.5d_rdl', 'loc': '2.5d_chiplet'},{'from': 'Chiplet_4', 'to': 'Chiplet_1', 'connection_type': '2.5d_rdl', 'loc': '2.5d_chiplet'},{'from': 'Chiplet_4', 'to': 'Chiplet_2', 'connection_type': '2.5d_rdl', 'loc': '2.5d_chiplet'},{'from': 'Chiplet_4', 'to': 'Chiplet_6', 'connection_type': '2.5d_rdl', 'loc': '2.5d_chiplet'},{'from': 'Chiplet_4', 'to': 'Chiplet_5', 'connection_type': '2.5d_rdl', 'loc': '2.5d_chiplet'},{'from': 'Chiplet_5', 'to': 'Chiplet_4', 'connection_type': '2.5d_rdl', 'loc': '2.5d_chiplet'},{'from': 'Chiplet_5', 'to': 'Chiplet_1', 'connection_type': '2.5d_rdl', 'loc': '2.5d_chiplet'},{'from': 'Chiplet_3', 'to': 'Chiplet_4', 'connection_type': '2.5d_rdl', 'loc': '2.5d_chiplet'},{'from': 'Chiplet_3', 'to': 'Chiplet_1', 'connection_type': '2.5d_rdl', 'loc': '2.5d_chiplet'},{'from': 'Chiplet_3', 'to': 'Chiplet_2', 'connection_type': '2.5d_rdl', 'loc': '2.5d_chiplet'},{'from': 'Chiplet_1', 'to': 'Chiplet_3', 'connection_type': '2.5d_rdl', 'loc': '2.5d_chiplet'},{'from': 'Chiplet_1', 'to': 'Chiplet_5', 'connection_type': '2.5d_rdl', 'loc': '2.5d_chiplet'},{'from': 'Chiplet_1', 'to': 'Chiplet_4', 'connection_type': '2.5d_rdl', 'loc': '2.5d_chiplet'}",2,1,2,3,1,7,hbm3,ucie_std,na,1,0,is,1,0,0
75,38.12405997842409,4327630.14,94166.79256763023,56308427.10001825,23534.896350383046,17943.2762958581,75,0.743226759447044,1.3845915837374998,512,64x64,10,1.8849981800824636,3.1172648505374996,2048,96x96,10,6.726740457366197,12.973514847541198,4096,192x192,10,1.8849981800824636,3.1172648505374996,2048,96x96,10,1.131132696,2.51875,1536,96x96,7,15.436124909546791,15.979573171754398,8192,192x192,14,2.5d,"{'from': 'Chiplet_6', 'to': 'Chiplet_3', 'connection_type': '2.5d_rdl', 'loc': '2.5d_chiplet'},{'from': 'Chiplet_6', 'to': 'Chiplet_5', 'connection_type': '2.5d_rdl', 'loc': '2.5d_chiplet'},{'from': 'Chiplet_6', 'to': 'Chiplet_2', 'connection_type': '2.5d_rdl', 'loc': '2.5d_chiplet'},{'from': 'Chiplet_3', 'to': 'Chiplet_4', 'connection_type': '2.5d_rdl', 'loc': '2.5d_chiplet'},{'from': 'Chiplet_3', 'to': 'Chiplet_2', 'connection_type': '2.5d_rdl', 'loc': '2.5d_chiplet'},{'from': 'Chiplet_3', 'to': 'Chiplet_6', 'connection_type': '2.5d_rdl', 'loc': '2.5d_chiplet'},{'from': 'Chiplet_2', 'to': 'Chiplet_4', 'connection_type': '2.5d_rdl', 'loc': '2.5d_chiplet'},{'from': 'Chiplet_2', 'to': 'Chiplet_5', 'connection_type': '2.5d_rdl', 'loc': '2.5d_chiplet'},{'from': 'Chiplet_2', 'to': 'Chiplet_3', 'connection_type': '2.5d_rdl', 'loc': '2.5d_chiplet'},{'from': 'Chiplet_2', 'to': 'Chiplet_6', 'connection_type': '2.5d_rdl', 'loc': '2.5d_chiplet'},{'from': 'Chiplet_5', 'to': 'Chiplet_1', 'connection_type': '2.5d_rdl', 'loc': '2.5d_chiplet'},{'from': 'Chiplet_5', 'to': 'Chiplet_2', 'connection_type': '2.5d_rdl', 'loc': '2.5d_chiplet'},{'from': 'Chiplet_5', 'to': 'Chiplet_6', 'connection_type': '2.5d_rdl', 'loc': '2.5d_chiplet'},{'from': 'Chiplet_4', 'to': 'Chiplet_3', 'connection_type': '2.5d_rdl', 'loc': '2.5d_chiplet'},{'from': 'Chiplet_4', 'to': 'Chiplet_1', 'connection_type': '2.5d_rdl', 'loc': '2.5d_chiplet'},{'from': 'Chiplet_4', 'to': 'Chiplet_2', 'connection_type': '2.5d_rdl', 'loc': '2.5d_chiplet'},{'from': 'Chiplet_1', 'to': 'Chiplet_4', 'connection_type': '2.5d_rdl', 'loc': '2.5d_chiplet'},{'from': 'Chiplet_1', 'to': 'Chiplet_5', 'connection_type': '2.5d_rdl', 'loc': '2.5d_chiplet'}",1,1,3,1,1,9,hbm2,ucie_std,na,1,0,os,1,0,0
76,29.96145855308714,3557191.02,95429.90281951033,106668768.01932201,19587.197054635035,15250.576556917353,76,1.51595254,4.475,1024,128x128,7,2.597993382379395,3.8395579270749995,512,96x96,14,6.315940422320179,6.821646341899999,3072,128x128,14,5.5109919519999995,10.4826,8192,192x192,7,2.55521354,4.475,4096,128x128,7,6.315940422320179,6.821646341899999,3072,128x128,14,2.5d,"{'from': 'Chiplet_3', 'to': 'Chiplet_4', 'connection_type': '2.5d_rdl', 'loc': '2.5d_chiplet'},{'from': 'Chiplet_3', 'to': 'Chiplet_6', 'connection_type': '2.5d_rdl', 'loc': '2.5d_chiplet'},{'from': 'Chiplet_4', 'to': 'Chiplet_3', 'connection_type': '2.5d_rdl', 'loc': '2.5d_chiplet'},{'from': 'Chiplet_4', 'to': 'Chiplet_2', 'connection_type': '2.5d_rdl', 'loc': '2.5d_chiplet'},{'from': 'Chiplet_6', 'to': 'Chiplet_3', 'connection_type': '2.5d_rdl', 'loc': '2.5d_chiplet'},{'from': 'Chiplet_6', 'to': 'Chiplet_5', 'connection_type': '2.5d_rdl', 'loc': '2.5d_chiplet'},{'from': 'Chiplet_6', 'to': 'Chiplet_2', 'connection_type': '2.5d_rdl', 'loc': '2.5d_chiplet'},{'from': 'Chiplet_2', 'to': 'Chiplet_4', 'connection_type': '2.5d_rdl', 'loc': '2.5d_chiplet'},{'from': 'Chiplet_2', 'to': 'Chiplet_5', 'connection_type': '2.5d_rdl', 'loc': '2.5d_chiplet'},{'from': 'Chiplet_2', 'to': 'Chiplet_1', 'connection_type': '2.5d_rdl', 'loc': '2.5d_chiplet'},{'from': 'Chiplet_2', 'to': 'Chiplet_6', 'connection_type': '2.5d_rdl', 'loc': '2.5d_chiplet'},{'from': 'Chiplet_5', 'to': 'Chiplet_1', 'connection_type': '2.5d_rdl', 'loc': '2.5d_chiplet'},{'from': 'Chiplet_5', 'to': 'Chiplet_2', 'connection_type': '2.5d_rdl', 'loc': '2.5d_chiplet'},{'from': 'Chiplet_5', 'to': 'Chiplet_6', 'connection_type': '2.5d_rdl', 'loc': '2.5d_chiplet'},{'from': 'Chiplet_1', 'to': 'Chiplet_5', 'connection_type': '2.5d_rdl', 'loc': '2.5d_chiplet'},{'from': 'Chiplet_1', 'to': 'Chiplet_2', 'connection_type': '2.5d_rdl', 'loc': '2.5d_chiplet'}",1,1,2,1,1,2,ddr5,ucie_std,na,0,0,is,1,0,0
77,18.795957840309654,3062272.04,133332.61692722343,128998000.28589159,11019.834115415159,9558.810359545023,77,2.6264880905479133,5.538366334949999,1024,128x128,10,2.6264880905479133,5.538366334949999,1024,128x128,10,3.2571509657793953,3.8395579270749995,1536,96x96,14,1.86237254,4.475,2048,128x128,7,1.3653681800824635,3.1172648505374996,512,96x96,10,8.112421457366196,12.973514847541198,8192,192x192,10,2.5d_3d,"{'from': 'Chiplet_1', 'to': 'Chiplet_2', 'connection_type': '3d_u_bump', 'loc': 'stack0_base'},{'from': 'Chiplet_2', 'to': 'Chiplet_4', 'connection_type': '3d_u_bump', 'loc': 'stack0_middle1'},{'from': 'Chiplet_4', 'to': 'na', 'connection_type': '3d_u_bump', 'loc': 'stack0_top'},{'from': 'Chiplet_6', 'to': 'Chiplet_3', 'connection_type': '2.5d_emib', 'loc': '2.5d_chiplet'},{'from': 'Chiplet_6', 'to': 'Chiplet_1', 'connection_type': '2.5d_emib', 'loc': '2.5d_chiplet'},{'from': 'Chiplet_3', 'to': 'Chiplet_5', 'connection_type': '2.5d_emib', 'loc': '2.5d_chiplet'},{'from': 'Chiplet_3', 'to': 'Chiplet_1', 'connection_type': '2.5d_emib', 'loc': '2.5d_chiplet'},{'from': 'Chiplet_3', 'to': 'Chiplet_6', 'connection_type': '2.5d_emib', 'loc': '2.5d_chiplet'},{'from': 'Chiplet_1', 'to': 'Chiplet_3', 'connection_type': '2.5d_emib', 'loc': '2.5d_chiplet'},{'from': 'Chiplet_1', 'to': 'Chiplet_5', 'connection_type': '2.5d_emib', 'loc': '2.5d_chiplet'},{'from': 'Chiplet_1', 'to': 'Chiplet_6', 'connection_type': '2.5d_emib', 'loc': '2.5d_chiplet'},{'from': 'Chiplet_5', 'to': 'Chiplet_3', 'connection_type': '2.5d_emib', 'loc': '2.5d_chiplet'},{'from': 'Chiplet_5', 'to': 'Chiplet_1', 'connection_type': '2.5d_emib', 'loc': '2.5d_chiplet'}",1,1,1,1,1,3,ddr4,aib,ucie_3d,0,0,os,1,0,0
78,18.828140679379054,2064209.92,154873.00101832117,138231406.77307612,7090.947712418301,5396.095829671577,78,0.916436759447044,1.3845915837374998,1024,64x64,10,2.20879254,4.475,3072,128x128,7,2.6264880905479133,5.538366334949999,1024,128x128,10,3.665749090547913,5.538366334949999,4096,128x128,10,0.552198,1.11875,768,64x64,7,2.927572174079395,3.8395579270749995,1024,96x96,14,2.5d,"{'from': 'Chiplet_4', 'to': 'Chiplet_3', 'connection_type': '2.5d_emib', 'loc': '2.5d_chiplet'},{'from': 'Chiplet_4', 'to': 'Chiplet_5', 'connection_type': '2.5d_emib', 'loc': '2.5d_chiplet'},{'from': 'Chiplet_4', 'to': 'Chiplet_2', 'connection_type': '2.5d_emib', 'loc': '2.5d_chiplet'},{'from': 'Chiplet_4', 'to': 'Chiplet_6', 'connection_type': '2.5d_emib', 'loc': '2.5d_chiplet'},{'from': 'Chiplet_2', 'to': 'Chiplet_4', 'connection_type': '2.5d_emib', 'loc': '2.5d_chiplet'},{'from': 'Chiplet_2', 'to': 'Chiplet_5', 'connection_type': '2.5d_emib', 'loc': '2.5d_chiplet'},{'from': 'Chiplet_5', 'to': 'Chiplet_4', 'connection_type': '2.5d_emib', 'loc': '2.5d_chiplet'},{'from': 'Chiplet_5', 'to': 'Chiplet_2', 'connection_type': '2.5d_emib', 'loc': '2.5d_chiplet'},{'from': 'Chiplet_6', 'to': 'Chiplet_4', 'connection_type': '2.5d_emib', 'loc': '2.5d_chiplet'},{'from': 'Chiplet_6', 'to': 'Chiplet_1', 'connection_type': '2.5d_emib', 'loc': '2.5d_chiplet'},{'from': 'Chiplet_6', 'to': 'Chiplet_3', 'connection_type': '2.5d_emib', 'loc': '2.5d_chiplet'},{'from': 'Chiplet_3', 'to': 'Chiplet_4', 'connection_type': '2.5d_emib', 'loc': '2.5d_chiplet'},{'from': 'Chiplet_3', 'to': 'Chiplet_1', 'connection_type': '2.5d_emib', 'loc': '2.5d_chiplet'},{'from': 'Chiplet_3', 'to': 'Chiplet_6', 'connection_type': '2.5d_emib', 'loc': '2.5d_chiplet'},{'from': 'Chiplet_1', 'to': 'Chiplet_3', 'connection_type': '2.5d_emib', 'loc': '2.5d_chiplet'},{'from': 'Chiplet_1', 'to': 'Chiplet_6', 'connection_type': '2.5d_emib', 'loc': '2.5d_chiplet'}",1,1,1,2,1,2,ddr5,ucie_adv,na,0,0,is,0,0,0
79,28.07824647664256,3050474.44,72199.90189382345,126415589.35420524,11326.218418907905,8982.906294286504,79,0.957922696,2.51875,1024,96x96,7,11.481175603606792,15.979573171754398,2048,192x192,14,2.927572174079395,3.8395579270749995,1024,96x96,14,5.656782838920179,6.821646341899999,2048,128x128,14,0.378988,1.11875,256,64x64,7,1.249405813087535,1.7054115854749998,256,64x64,14,2.5d_3d,"{'from': 'Chiplet_4', 'to': 'Chiplet_6', 'connection_type': '3d_hyb_bond', 'loc': 'stack0_base'},{'from': 'Chiplet_6', 'to': 'Chiplet_5', 'connection_type': '3d_hyb_bond', 'loc': 'stack0_middle1'},{'from': 'Chiplet_5', 'to': 'na', 'connection_type': '3d_hyb_bond', 'loc': 'stack0_top'},{'from': 'Chiplet_2', 'to': 'Chiplet_4', 'connection_type': '2.5d_rdl', 'loc': '2.5d_chiplet'},{'from': 'Chiplet_2', 'to': 'Chiplet_3', 'connection_type': '2.5d_rdl', 'loc': '2.5d_chiplet'},{'from': 'Chiplet_4', 'to': 'Chiplet_3', 'connection_type': '2.5d_rdl', 'loc': '2.5d_chiplet'},{'from': 'Chiplet_4', 'to': 'Chiplet_1', 'connection_type': '2.5d_rdl', 'loc': '2.5d_chiplet'},{'from': 'Chiplet_4', 'to': 'Chiplet_2', 'connection_type': '2.5d_rdl', 'loc': '2.5d_chiplet'},{'from': 'Chiplet_3', 'to': 'Chiplet_4', 'connection_type': '2.5d_rdl', 'loc': '2.5d_chiplet'},{'from': 'Chiplet_3', 'to': 'Chiplet_1', 'connection_type': '2.5d_rdl', 'loc': '2.5d_chiplet'},{'from': 'Chiplet_3', 'to': 'Chiplet_2', 'connection_type': '2.5d_rdl', 'loc': '2.5d_chiplet'},{'from': 'Chiplet_1', 'to': 'Chiplet_3', 'connection_type': '2.5d_rdl', 'loc': '2.5d_chiplet'},{'from': 'Chiplet_1', 'to': 'Chiplet_4', 'connection_type': '2.5d_rdl', 'loc': '2.5d_chiplet'}",1,3,1,1,1,1,ddr5,ucie_std,ucie_3d,1,0,is,0,0,0
80,15.804041978218367,1997484.1,56851.30506973956,125088145.37882353,16353.652816571896,9515.438259601477,80,1.8849981800824636,3.1172648505374996,2048,96x96,10,1.131132696,2.51875,1536,96x96,7,3.432469952,10.4826,2048,192x192,7,1.578984604787535,1.7054115854749998,768,64x64,14,1.743774000637535,1.7054115854749998,1024,64x64,14,2.20879254,4.475,3072,128x128,7,2.5d,"{'from': 'Chiplet_3', 'to': 'Chiplet_5', 'connection_type': '2.5d_rdl', 'loc': '2.5d_chiplet'},{'from': 'Chiplet_3', 'to': 'Chiplet_1', 'connection_type': '2.5d_rdl', 'loc': '2.5d_chiplet'},{'from': 'Chiplet_3', 'to': 'Chiplet_2', 'connection_type': '2.5d_rdl', 'loc': '2.5d_chiplet'},{'from': 'Chiplet_3', 'to': 'Chiplet_6', 'connection_type': '2.5d_rdl', 'loc': '2.5d_chiplet'},{'from': 'Chiplet_5', 'to': 'Chiplet_3', 'connection_type': '2.5d_rdl', 'loc': '2.5d_chiplet'},{'from': 'Chiplet_5', 'to': 'Chiplet_2', 'connection_type': '2.5d_rdl', 'loc': '2.5d_chiplet'},{'from': 'Chiplet_2', 'to': 'Chiplet_3', 'connection_type': '2.5d_rdl', 'loc': '2.5d_chiplet'},{'from': 'Chiplet_2', 'to': 'Chiplet_5', 'connection_type': '2.5d_rdl', 'loc': '2.5d_chiplet'},{'from': 'Chiplet_6', 'to': 'Chiplet_3', 'connection_type': '2.5d_rdl', 'loc': '2.5d_chiplet'},{'from': 'Chiplet_6', 'to': 'Chiplet_4', 'connection_type': '2.5d_rdl', 'loc': '2.5d_chiplet'},{'from': 'Chiplet_6', 'to': 'Chiplet_1', 'connection_type': '2.5d_rdl', 'loc': '2.5d_chiplet'},{'from': 'Chiplet_1', 'to': 'Chiplet_3', 'connection_type': '2.5d_rdl', 'loc': '2.5d_chiplet'},{'from': 'Chiplet_1', 'to': 'Chiplet_4', 'connection_type': '2.5d_rdl', 'loc': '2.5d_chiplet'},{'from': 'Chiplet_1', 'to': 'Chiplet_6', 'connection_type': '2.5d_rdl', 'loc': '2.5d_chiplet'},{'from': 'Chiplet_4', 'to': 'Chiplet_1', 'connection_type': '2.5d_rdl', 'loc': '2.5d_chiplet'},{'from': 'Chiplet_4', 'to': 'Chiplet_6', 'connection_type': '2.5d_rdl', 'loc': '2.5d_chiplet'}",1,1,2,1,1,2,ddr4,ucie_std,na,1,0,is,1,0,0
81,17.37671682111175,2815077.23,88987.62353292931,174714437.27949858,3683.954248366013,5248.215658023645,81,1.249405813087535,1.7054115854749998,256,64x64,14,2.20879254,4.475,3072,128x128,7,1.578984604787535,1.7054115854749998,768,64x64,14,11.481175603606792,15.979573171754398,2048,192x192,14,1.578984604787535,1.7054115854749998,768,64x64,14,2.55521354,4.475,4096,128x128,7,2.5d_3d,"{'from': 'Chiplet_6', 'to': 'Chiplet_2', 'connection_type': '3d_hyb_bond', 'loc': 'stack0_base'},{'from': 'Chiplet_2', 'to': 'Chiplet_5', 'connection_type': '3d_hyb_bond', 'loc': 'stack0_middle1'},{'from': 'Chiplet_5', 'to': 'Chiplet_3', 'connection_type': '3d_hyb_bond', 'loc': 'stack0_middle2'},{'from': 'Chiplet_3', 'to': 'Chiplet_1', 'connection_type': '3d_hyb_bond', 'loc': 'stack0_middle3'},{'from': 'Chiplet_1', 'to': 'na', 'connection_type': '3d_hyb_bond', 'loc': 'stack0_top'},{'from': 'Chiplet_4', 'to': 'Chiplet_6', 'connection_type': '2.5d_rdl', 'loc': '2.5d_chiplet'},{'from': 'Chiplet_6', 'to': 'Chiplet_4', 'connection_type': '2.5d_rdl', 'loc': '2.5d_chiplet'}",1,1,1,3,1,1,ddr4,ucie_std,ucie_3d,1,0,ws,0,0,0
82,29.244701995895873,2796386.68,166630.91485178523,186749477.95580676,6487.908496732026,6865.602249034455,82,2.927572174079395,3.8395579270749995,1024,96x96,14,14.117807839976791,15.979573171754398,6144,192x192,14,1.4141952089375351,1.7054115854749998,512,64x64,14,1.86237254,4.475,2048,128x128,7,0.656621759447044,1.3845915837374998,256,64x64,10,0.743226759447044,1.3845915837374998,512,64x64,10,2.5d,"{'from': 'Chiplet_2', 'to': 'Chiplet_4', 'connection_type': '2.5d_emib', 'loc': '2.5d_chiplet'},{'from': 'Chiplet_2', 'to': 'Chiplet_1', 'connection_type': '2.5d_emib', 'loc': '2.5d_chiplet'},{'from': 'Chiplet_1', 'to': 'Chiplet_4', 'connection_type': '2.5d_emib', 'loc': '2.5d_chiplet'},{'from': 'Chiplet_1', 'to': 'Chiplet_3', 'connection_type': '2.5d_emib', 'loc': '2.5d_chiplet'},{'from': 'Chiplet_1', 'to': 'Chiplet_2', 'connection_type': '2.5d_emib', 'loc': '2.5d_chiplet'},{'from': 'Chiplet_1', 'to': 'Chiplet_6', 'connection_type': '2.5d_emib', 'loc': '2.5d_chiplet'},{'from': 'Chiplet_6', 'to': 'Chiplet_3', 'connection_type': '2.5d_emib', 'loc': '2.5d_chiplet'},{'from': 'Chiplet_6', 'to': 'Chiplet_1', 'connection_type': '2.5d_emib', 'loc': '2.5d_chiplet'},{'from': 'Chiplet_4', 'to': 'Chiplet_3', 'connection_type': '2.5d_emib', 'loc': '2.5d_chiplet'},{'from': 'Chiplet_4', 'to': 'Chiplet_5', 'connection_type': '2.5d_emib', 'loc': '2.5d_chiplet'},{'from': 'Chiplet_4', 'to': 'Chiplet_1', 'connection_type': '2.5d_emib', 'loc': '2.5d_chiplet'},{'from': 'Chiplet_4', 'to': 'Chiplet_2', 'connection_type': '2.5d_emib', 'loc': '2.5d_chiplet'},{'from': 'Chiplet_3', 'to': 'Chiplet_4', 'connection_type': '2.5d_emib', 'loc': '2.5d_chiplet'},{'from': 'Chiplet_3', 'to': 'Chiplet_5', 'connection_type': '2.5d_emib', 'loc': '2.5d_chiplet'},{'from': 'Chiplet_3', 'to': 'Chiplet_1', 'connection_type': '2.5d_emib', 'loc': '2.5d_chiplet'},{'from': 'Chiplet_3', 'to': 'Chiplet_6', 'connection_type': '2.5d_emib', 'loc': '2.5d_chiplet'},{'from': 'Chiplet_5', 'to': 'Chiplet_4', 'connection_type': '2.5d_emib', 'loc': '2.5d_chiplet'},{'from': 'Chiplet_5', 'to': 'Chiplet_3', 'connection_type': '2.5d_emib', 'loc': '2.5d_chiplet'}",1,3,1,1,1,1,ddr4,ucie_adv,na,1,0,os,0,0,0
83,37.99417657525536,4081900.31,193957.5533641566,103018635.8745178,14392.029669566373,13252.530837062968,83,15.436124909546791,15.979573171754398,8192,192x192,14,6.033899457366197,12.973514847541198,2048,192x192,10,0.957922696,2.51875,1024,96x96,7,1.304342696,2.51875,2048,96x96,7,1.86237254,4.475,2048,128x128,7,1.86237254,4.475,2048,128x128,7,2.5d,"{'from': 'Chiplet_1', 'to': 'Chiplet_4', 'connection_type': '2.5d_emib', 'loc': '2.5d_chiplet'},{'from': 'Chiplet_1', 'to': 'Chiplet_5', 'connection_type': '2.5d_emib', 'loc': '2.5d_chiplet'},{'from': 'Chiplet_1', 'to': 'Chiplet_2', 'connection_type': '2.5d_emib', 'loc': '2.5d_chiplet'},{'from': 'Chiplet_2', 'to': 'Chiplet_5', 'connection_type': '2.5d_emib', 'loc': '2.5d_chiplet'},{'from': 'Chiplet_2', 'to': 'Chiplet_1', 'connection_type': '2.5d_emib', 'loc': '2.5d_chiplet'},{'from': 'Chiplet_2', 'to': 'Chiplet_6', 'connection_type': '2.5d_emib', 'loc': '2.5d_chiplet'},{'from': 'Chiplet_5', 'to': 'Chiplet_4', 'connection_type': '2.5d_emib', 'loc': '2.5d_chiplet'},{'from': 'Chiplet_5', 'to': 'Chiplet_1', 'connection_type': '2.5d_emib', 'loc': '2.5d_chiplet'},{'from': 'Chiplet_5', 'to': 'Chiplet_2', 'connection_type': '2.5d_emib', 'loc': '2.5d_chiplet'},{'from': 'Chiplet_5', 'to': 'Chiplet_6', 'connection_type': '2.5d_emib', 'loc': '2.5d_chiplet'},{'from': 'Chiplet_4', 'to': 'Chiplet_3', 'connection_type': '2.5d_emib', 'loc': '2.5d_chiplet'},{'from': 'Chiplet_4', 'to': 'Chiplet_5', 'connection_type': '2.5d_emib', 'loc': '2.5d_chiplet'},{'from': 'Chiplet_4', 'to': 'Chiplet_1', 'connection_type': '2.5d_emib', 'loc': '2.5d_chiplet'},{'from': 'Chiplet_6', 'to': 'Chiplet_3', 'connection_type': '2.5d_emib', 'loc': '2.5d_chiplet'},{'from': 'Chiplet_6', 'to': 'Chiplet_5', 'connection_type': '2.5d_emib', 'loc': '2.5d_chiplet'},{'from': 'Chiplet_6', 'to': 'Chiplet_2', 'connection_type': '2.5d_emib', 'loc': '2.5d_chiplet'},{'from': 'Chiplet_3', 'to': 'Chiplet_4', 'connection_type': '2.5d_emib', 'loc': '2.5d_chiplet'},{'from': 'Chiplet_3', 'to': 'Chiplet_6', 'connection_type': '2.5d_emib', 'loc': '2.5d_chiplet'}",3,1,1,1,1,1,ddr5,ucie_adv,na,0,0,is,1,0,0
84,39.70440405586447,3891253.59,101523.47244486843,108255637.88275006,17238.12921253683,14159.059148883942,84,0.46559300000000003,1.11875,512,64x64,7,5.656782838920179,6.821646341899999,2048,128x128,14,1.86237254,4.475,2048,128x128,7,2.20879254,4.475,3072,128x128,7,3.665749090547913,5.538366334949999,4096,128x128,10,15.436124909546791,15.979573171754398,8192,192x192,14,2.5d,"{'from': 'Chiplet_6', 'to': 'Chiplet_5', 'connection_type': '2.5d_rdl', 'loc': '2.5d_chiplet'},{'from': 'Chiplet_6', 'to': 'Chiplet_2', 'connection_type': '2.5d_rdl', 'loc': '2.5d_chiplet'},{'from': 'Chiplet_2', 'to': 'Chiplet_3', 'connection_type': '2.5d_rdl', 'loc': '2.5d_chiplet'},{'from': 'Chiplet_2', 'to': 'Chiplet_5', 'connection_type': '2.5d_rdl', 'loc': '2.5d_chiplet'},{'from': 'Chiplet_2', 'to': 'Chiplet_4', 'connection_type': '2.5d_rdl', 'loc': '2.5d_chiplet'},{'from': 'Chiplet_2', 'to': 'Chiplet_6', 'connection_type': '2.5d_rdl', 'loc': '2.5d_chiplet'},{'from': 'Chiplet_3', 'to': 'Chiplet_4', 'connection_type': '2.5d_rdl', 'loc': '2.5d_chiplet'},{'from': 'Chiplet_3', 'to': 'Chiplet_2', 'connection_type': '2.5d_rdl', 'loc': '2.5d_chiplet'},{'from': 'Chiplet_5', 'to': 'Chiplet_4', 'connection_type': '2.5d_rdl', 'loc': '2.5d_chiplet'},{'from': 'Chiplet_5', 'to': 'Chiplet_1', 'connection_type': '2.5d_rdl', 'loc': '2.5d_chiplet'},{'from': 'Chiplet_5', 'to': 'Chiplet_2', 'connection_type': '2.5d_rdl', 'loc': '2.5d_chiplet'},{'from': 'Chiplet_5', 'to': 'Chiplet_6', 'connection_type': '2.5d_rdl', 'loc': '2.5d_chiplet'},{'from': 'Chiplet_4', 'to': 'Chiplet_3', 'connection_type': '2.5d_rdl', 'loc': '2.5d_chiplet'},{'from': 'Chiplet_4', 'to': 'Chiplet_5', 'connection_type': '2.5d_rdl', 'loc': '2.5d_chiplet'},{'from': 'Chiplet_4', 'to': 'Chiplet_1', 'connection_type': '2.5d_rdl', 'loc': '2.5d_chiplet'},{'from': 'Chiplet_4', 'to': 'Chiplet_2', 'connection_type': '2.5d_rdl', 'loc': '2.5d_chiplet'},{'from': 'Chiplet_1', 'to': 'Chiplet_4', 'connection_type': '2.5d_rdl', 'loc': '2.5d_chiplet'},{'from': 'Chiplet_1', 'to': 'Chiplet_5', 'connection_type': '2.5d_rdl', 'loc': '2.5d_chiplet'}",1,1,1,1,1,3,ddr5,ucie_std,na,1,0,ws,1,0,0
85,10.535274715151967,1894817.93,51473.35606111206,137216554.5230988,45241.79634485008,20593.45579835639,85,1.51595254,4.475,1024,128x128,7,2.55521354,4.475,4096,128x128,7,0.656621759447044,1.3845915837374998,256,64x64,10,1.86237254,4.475,2048,128x128,7,2.972908090547913,5.538366334949999,2048,128x128,10,0.743226759447044,1.3845915837374998,512,64x64,10,2.5d_3d,"{'from': 'Chiplet_1', 'to': 'Chiplet_6', 'connection_type': '3d_tsv', 'loc': 'stack0_base'},{'from': 'Chiplet_6', 'to': 'Chiplet_3', 'connection_type': '3d_tsv', 'loc': 'stack0_middle1'},{'from': 'Chiplet_3', 'to': 'na', 'connection_type': '3d_tsv', 'loc': 'stack0_top'},{'from': 'Chiplet_5', 'to': 'Chiplet_1', 'connection_type': '2.5d_rdl', 'loc': '2.5d_chiplet'},{'from': 'Chiplet_5', 'to': 'Chiplet_2', 'connection_type': '2.5d_rdl', 'loc': '2.5d_chiplet'},{'from': 'Chiplet_1', 'to': 'Chiplet_4', 'connection_type': '2.5d_rdl', 'loc': '2.5d_chiplet'},{'from': 'Chiplet_1', 'to': 'Chiplet_5', 'connection_type': '2.5d_rdl', 'loc': '2.5d_chiplet'},{'from': 'Chiplet_2', 'to': 'Chiplet_4', 'connection_type': '2.5d_rdl', 'loc': '2.5d_chiplet'},{'from': 'Chiplet_2', 'to': 'Chiplet_5', 'connection_type': '2.5d_rdl', 'loc': '2.5d_chiplet'},{'from': 'Chiplet_4', 'to': 'Chiplet_1', 'connection_type': '2.5d_rdl', 'loc': '2.5d_chiplet'},{'from': 'Chiplet_4', 'to': 'Chiplet_2', 'connection_type': '2.5d_rdl', 'loc': '2.5d_chiplet'}",1,2,1,1,2,1,ddr4,ucie_std,ucie_3d,0,0,os,1,0,0
86,11.623782255996355,2501091.05,111056.08766687807,124585170.0747168,3956.4425427872857,4224.11065107473,86,1.51595254,4.475,1024,128x128,7,1.4141952089375351,1.7054115854749998,512,64x64,14,1.4141952089375351,1.7054115854749998,512,64x64,14,0.656621759447044,1.3845915837374998,256,64x64,10,4.9976252555201786,6.821646341899999,1024,128x128,14,5.5109919519999995,10.4826,8192,192x192,7,2.5d_3d,"{'from': 'Chiplet_6', 'to': 'Chiplet_5', 'connection_type': '3d_hyb_bond', 'loc': 'stack0_base'},{'from': 'Chiplet_5', 'to': 'Chiplet_3', 'connection_type': '3d_hyb_bond', 'loc': 'stack0_middle1'},{'from': 'Chiplet_3', 'to': 'Chiplet_4', 'connection_type': '3d_hyb_bond', 'loc': 'stack0_middle2'},{'from': 'Chiplet_4', 'to': 'na', 'connection_type': '3d_hyb_bond', 'loc': 'stack0_top'},{'from': 'Chiplet_6', 'to': 'Chiplet_1', 'connection_type': '2.5d_emib', 'loc': '2.5d_chiplet'},{'from': 'Chiplet_6', 'to': 'Chiplet_2', 'connection_type': '2.5d_emib', 'loc': '2.5d_chiplet'},{'from': 'Chiplet_1', 'to': 'Chiplet_2', 'connection_type': '2.5d_emib', 'loc': '2.5d_chiplet'},{'from': 'Chiplet_1', 'to': 'Chiplet_6', 'connection_type': '2.5d_emib', 'loc': '2.5d_chiplet'},{'from': 'Chiplet_2', 'to': 'Chiplet_1', 'connection_type': '2.5d_emib', 'loc': '2.5d_chiplet'},{'from': 'Chiplet_2', 'to': 'Chiplet_6', 'connection_type': '2.5d_emib', 'loc': '2.5d_chiplet'}",1,1,1,1,2,2,ddr5,bow,ucie_3d,0,0,os,0,0,0
87,61.89004252988205,5486087.49,186297.18776169993,64373197.96407719,10973.784045766684,8235.822637820233,87,6.975099908490179,6.821646341899999,4096,128x128,14,15.436124909546791,15.979573171754398,8192,192x192,14,1.131132696,2.51875,1536,96x96,7,0.46559300000000003,1.11875,512,64x64,7,1.249405813087535,1.7054115854749998,256,64x64,14,6.315940422320179,6.821646341899999,3072,128x128,14,2.5d,"{'from': 'Chiplet_2', 'to': 'Chiplet_4', 'connection_type': '2.5d_emib', 'loc': '2.5d_chiplet'},{'from': 'Chiplet_2', 'to': 'Chiplet_1', 'connection_type': '2.5d_emib', 'loc': '2.5d_chiplet'},{'from': 'Chiplet_4', 'to': 'Chiplet_1', 'connection_type': '2.5d_emib', 'loc': '2.5d_chiplet'},{'from': 'Chiplet_4', 'to': 'Chiplet_2', 'connection_type': '2.5d_emib', 'loc': '2.5d_chiplet'},{'from': 'Chiplet_1', 'to': 'Chiplet_4', 'connection_type': '2.5d_emib', 'loc': '2.5d_chiplet'},{'from': 'Chiplet_1', 'to': 'Chiplet_3', 'connection_type': '2.5d_emib', 'loc': '2.5d_chiplet'},{'from': 'Chiplet_1', 'to': 'Chiplet_2', 'connection_type': '2.5d_emib', 'loc': '2.5d_chiplet'},{'from': 'Chiplet_1', 'to': 'Chiplet_6', 'connection_type': '2.5d_emib', 'loc': '2.5d_chiplet'},{'from': 'Chiplet_3', 'to': 'Chiplet_5', 'connection_type': '2.5d_emib', 'loc': '2.5d_chiplet'},{'from': 'Chiplet_3', 'to': 'Chiplet_1', 'connection_type': '2.5d_emib', 'loc': '2.5d_chiplet'},{'from': 'Chiplet_6', 'to': 'Chiplet_5', 'connection_type': '2.5d_emib', 'loc': '2.5d_chiplet'},{'from': 'Chiplet_6', 'to': 'Chiplet_1', 'connection_type': '2.5d_emib', 'loc': '2.5d_chiplet'},{'from': 'Chiplet_5', 'to': 'Chiplet_3', 'connection_type': '2.5d_emib', 'loc': '2.5d_chiplet'},{'from': 'Chiplet_5', 'to': 'Chiplet_6', 'connection_type': '2.5d_emib', 'loc': '2.5d_chiplet'}",3,7,1,1,1,3,hbm2,bow,na,0,0,os,1,0,0
88,26.9639558807979,4301211.64,169015.80615844435,110138486.70160212,5526.924753807813,5933.394490404937,88,0.638803,1.11875,1024,64x64,7,4.818150952,10.4826,6144,192x192,7,1.4141952089375351,1.7054115854749998,512,64x64,14,5.5109919519999995,10.4826,8192,192x192,7,7.419580457366196,12.973514847541198,6144,192x192,10,1.249405813087535,1.7054115854749998,256,64x64,14,2.5d_3d,"{'from': 'Chiplet_2', 'to': 'Chiplet_6', 'connection_type': '3d_hyb_bond', 'loc': 'stack0_base'},{'from': 'Chiplet_6', 'to': 'na', 'connection_type': '3d_hyb_bond', 'loc': 'stack0_top'},{'from': 'Chiplet_5', 'to': 'Chiplet_4', 'connection_type': '2.5d_emib', 'loc': '2.5d_chiplet'},{'from': 'Chiplet_5', 'to': 'Chiplet_3', 'connection_type': '2.5d_emib', 'loc': '2.5d_chiplet'},{'from': 'Chiplet_5', 'to': 'Chiplet_1', 'connection_type': '2.5d_emib', 'loc': '2.5d_chiplet'},{'from': 'Chiplet_5', 'to': 'Chiplet_2', 'connection_type': '2.5d_emib', 'loc': '2.5d_chiplet'},{'from': 'Chiplet_3', 'to': 'Chiplet_5', 'connection_type': '2.5d_emib', 'loc': '2.5d_chiplet'},{'from': 'Chiplet_3', 'to': 'Chiplet_1', 'connection_type': '2.5d_emib', 'loc': '2.5d_chiplet'},{'from': 'Chiplet_1', 'to': 'Chiplet_3', 'connection_type': '2.5d_emib', 'loc': '2.5d_chiplet'},{'from': 'Chiplet_1', 'to': 'Chiplet_5', 'connection_type': '2.5d_emib', 'loc': '2.5d_chiplet'},{'from': 'Chiplet_4', 'to': 'Chiplet_5', 'connection_type': '2.5d_emib', 'loc': '2.5d_chiplet'},{'from': 'Chiplet_4', 'to': 'Chiplet_2', 'connection_type': '2.5d_emib', 'loc': '2.5d_chiplet'},{'from': 'Chiplet_2', 'to': 'Chiplet_4', 'connection_type': '2.5d_emib', 'loc': '2.5d_chiplet'},{'from': 'Chiplet_2', 'to': 'Chiplet_5', 'connection_type': '2.5d_emib', 'loc': '2.5d_chiplet'}",1,1,1,2,2,1,ddr5,ucie_adv,ucie_3d,1,0,ws,1,0,0
89,14.413357230758828,2030748.44,150099.78020088185,34297650.725261666,8390.1392493055,3905.1549870488957,89,1.4141952089375351,1.7054115854749998,512,64x64,14,1.4141952089375351,1.7054115854749998,512,64x64,14,3.432469952,10.4826,2048,192x192,7,0.957922696,2.51875,1024,96x96,7,1.743774000637535,1.7054115854749998,1024,64x64,14,1.8849981800824636,3.1172648505374996,2048,96x96,10,2.5d,"{'from': 'Chiplet_3', 'to': 'Chiplet_4', 'connection_type': '2.5d_emib', 'loc': '2.5d_chiplet'},{'from': 'Chiplet_3', 'to': 'Chiplet_5', 'connection_type': '2.5d_emib', 'loc': '2.5d_chiplet'},{'from': 'Chiplet_3', 'to': 'Chiplet_1', 'connection_type': '2.5d_emib', 'loc': '2.5d_chiplet'},{'from': 'Chiplet_3', 'to': 'Chiplet_6', 'connection_type': '2.5d_emib', 'loc': '2.5d_chiplet'},{'from': 'Chiplet_1', 'to': 'Chiplet_4', 'connection_type': '2.5d_emib', 'loc': '2.5d_chiplet'},{'from': 'Chiplet_1', 'to': 'Chiplet_3', 'connection_type': '2.5d_emib', 'loc': '2.5d_chiplet'},{'from': 'Chiplet_4', 'to': 'Chiplet_3', 'connection_type': '2.5d_emib', 'loc': '2.5d_chiplet'},{'from': 'Chiplet_4', 'to': 'Chiplet_1', 'connection_type': '2.5d_emib', 'loc': '2.5d_chiplet'},{'from': 'Chiplet_6', 'to': 'Chiplet_3', 'connection_type': '2.5d_emib', 'loc': '2.5d_chiplet'},{'from': 'Chiplet_6', 'to': 'Chiplet_5', 'connection_type': '2.5d_emib', 'loc': '2.5d_chiplet'},{'from': 'Chiplet_6', 'to': 'Chiplet_2', 'connection_type': '2.5d_emib', 'loc': '2.5d_chiplet'},{'from': 'Chiplet_5', 'to': 'Chiplet_3', 'connection_type': '2.5d_emib', 'loc': '2.5d_chiplet'},{'from': 'Chiplet_5', 'to': 'Chiplet_2', 'connection_type': '2.5d_emib', 'loc': '2.5d_chiplet'},{'from': 'Chiplet_5', 'to': 'Chiplet_6', 'connection_type': '2.5d_emib', 'loc': '2.5d_chiplet'},{'from': 'Chiplet_2', 'to': 'Chiplet_5', 'connection_type': '2.5d_emib', 'loc': '2.5d_chiplet'},{'from': 'Chiplet_2', 'to': 'Chiplet_6', 'connection_type': '2.5d_emib', 'loc': '2.5d_chiplet'}",2,2,5,1,3,3,hbm3,ucie_adv,na,1,0,os,1,0,0
90,12.352677128932898,1191449.59,36041.96603596307,300442905.89980406,4923.464052287582,6941.338042229695,90,1.3653681800824635,3.1172648505374996,512,96x96,10,0.784712696,2.51875,512,96x96,7,0.957922696,2.51875,1024,96x96,7,2.927572174079395,3.8395579270749995,1024,96x96,14,0.378988,1.11875,256,64x64,7,0.784712696,2.51875,512,96x96,7,2.5d,"{'from': 'Chiplet_4', 'to': 'Chiplet_1', 'connection_type': '2.5d_rdl', 'loc': '2.5d_chiplet'},{'from': 'Chiplet_4', 'to': 'Chiplet_6', 'connection_type': '2.5d_rdl', 'loc': '2.5d_chiplet'},{'from': 'Chiplet_6', 'to': 'Chiplet_3', 'connection_type': '2.5d_rdl', 'loc': '2.5d_chiplet'},{'from': 'Chiplet_6', 'to': 'Chiplet_4', 'connection_type': '2.5d_rdl', 'loc': '2.5d_chiplet'},{'from': 'Chiplet_6', 'to': 'Chiplet_1', 'connection_type': '2.5d_rdl', 'loc': '2.5d_chiplet'},{'from': 'Chiplet_1', 'to': 'Chiplet_4', 'connection_type': '2.5d_rdl', 'loc': '2.5d_chiplet'},{'from': 'Chiplet_1', 'to': 'Chiplet_3', 'connection_type': '2.5d_rdl', 'loc': '2.5d_chiplet'},{'from': 'Chiplet_1', 'to': 'Chiplet_2', 'connection_type': '2.5d_rdl', 'loc': '2.5d_chiplet'},{'from': 'Chiplet_1', 'to': 'Chiplet_6', 'connection_type': '2.5d_rdl', 'loc': '2.5d_chiplet'},{'from': 'Chiplet_1', 'to': 'Chiplet_5', 'connection_type': '2.5d_rdl', 'loc': '2.5d_chiplet'},{'from': 'Chiplet_5', 'to': 'Chiplet_1', 'connection_type': '2.5d_rdl', 'loc': '2.5d_chiplet'},{'from': 'Chiplet_5', 'to': 'Chiplet_2', 'connection_type': '2.5d_rdl', 'loc': '2.5d_chiplet'},{'from': 'Chiplet_3', 'to': 'Chiplet_1', 'connection_type': '2.5d_rdl', 'loc': '2.5d_chiplet'},{'from': 'Chiplet_3', 'to': 'Chiplet_2', 'connection_type': '2.5d_rdl', 'loc': '2.5d_chiplet'},{'from': 'Chiplet_3', 'to': 'Chiplet_6', 'connection_type': '2.5d_rdl', 'loc': '2.5d_chiplet'},{'from': 'Chiplet_2', 'to': 'Chiplet_3', 'connection_type': '2.5d_rdl', 'loc': '2.5d_chiplet'},{'from': 'Chiplet_2', 'to': 'Chiplet_5', 'connection_type': '2.5d_rdl', 'loc': '2.5d_chiplet'},{'from': 'Chiplet_2', 'to': 'Chiplet_1', 'connection_type': '2.5d_rdl', 'loc': '2.5d_chiplet'}",1,1,1,3,1,1,ddr4,ucie_std,na,0,0,os,0,0,0
91,53.21075170993139,5363323.14,192845.16734710106,71609777.28570113,8716.812327160433,7435.8088781077495,91,15.436124909546791,15.979573171754398,8192,192x192,14,15.436124909546791,15.979573171754398,8192,192x192,14,1.4141952089375351,1.7054115854749998,512,64x64,14,0.638803,1.11875,1024,64x64,7,1.249405813087535,1.7054115854749998,256,64x64,14,1.743774000637535,1.7054115854749998,1024,64x64,14,2.5d,"{'from': 'Chiplet_1', 'to': 'Chiplet_4', 'connection_type': '2.5d_emib', 'loc': '2.5d_chiplet'},{'from': 'Chiplet_1', 'to': 'Chiplet_2', 'connection_type': '2.5d_emib', 'loc': '2.5d_chiplet'},{'from': 'Chiplet_1', 'to': 'Chiplet_6', 'connection_type': '2.5d_emib', 'loc': '2.5d_chiplet'},{'from': 'Chiplet_6', 'to': 'Chiplet_4', 'connection_type': '2.5d_emib', 'loc': '2.5d_chiplet'},{'from': 'Chiplet_6', 'to': 'Chiplet_1', 'connection_type': '2.5d_emib', 'loc': '2.5d_chiplet'},{'from': 'Chiplet_4', 'to': 'Chiplet_1', 'connection_type': '2.5d_emib', 'loc': '2.5d_chiplet'},{'from': 'Chiplet_4', 'to': 'Chiplet_6', 'connection_type': '2.5d_emib', 'loc': '2.5d_chiplet'},{'from': 'Chiplet_2', 'to': 'Chiplet_3', 'connection_type': '2.5d_emib', 'loc': '2.5d_chiplet'},{'from': 'Chiplet_2', 'to': 'Chiplet_5', 'connection_type': '2.5d_emib', 'loc': '2.5d_chiplet'},{'from': 'Chiplet_2', 'to': 'Chiplet_1', 'connection_type': '2.5d_emib', 'loc': '2.5d_chiplet'},{'from': 'Chiplet_3', 'to': 'Chiplet_5', 'connection_type': '2.5d_emib', 'loc': '2.5d_chiplet'},{'from': 'Chiplet_3', 'to': 'Chiplet_2', 'connection_type': '2.5d_emib', 'loc': '2.5d_chiplet'},{'from': 'Chiplet_5', 'to': 'Chiplet_3', 'connection_type': '2.5d_emib', 'loc': '2.5d_chiplet'},{'from': 'Chiplet_5', 'to': 'Chiplet_2', 'connection_type': '2.5d_emib', 'loc': '2.5d_chiplet'}",6,6,1,1,1,1,hbm3,aib,na,1,0,ws,1,0,0
92,40.171909540254696,3895482.96,100044.78083628348,184959540.39385587,3243.954248366013,5808.48161569838,92,1.743774000637535,1.7054115854749998,1024,64x64,14,2.20879254,4.475,3072,128x128,7,3.2571509657793953,3.8395579270749995,1536,96x96,14,15.436124909546791,15.979573171754398,8192,192x192,14,6.726740457366197,12.973514847541198,4096,192x192,10,0.829831759447044,1.3845915837374998,768,64x64,10,2.5d,"{'from': 'Chiplet_4', 'to': 'Chiplet_3', 'connection_type': '2.5d_rdl', 'loc': '2.5d_chiplet'},{'from': 'Chiplet_4', 'to': 'Chiplet_5', 'connection_type': '2.5d_rdl', 'loc': '2.5d_chiplet'},{'from': 'Chiplet_5', 'to': 'Chiplet_4', 'connection_type': '2.5d_rdl', 'loc': '2.5d_chiplet'},{'from': 'Chiplet_5', 'to': 'Chiplet_2', 'connection_type': '2.5d_rdl', 'loc': '2.5d_chiplet'},{'from': 'Chiplet_5', 'to': 'Chiplet_3', 'connection_type': '2.5d_rdl', 'loc': '2.5d_chiplet'},{'from': 'Chiplet_5', 'to': 'Chiplet_6', 'connection_type': '2.5d_rdl', 'loc': '2.5d_chiplet'},{'from': 'Chiplet_6', 'to': 'Chiplet_5', 'connection_type': '2.5d_rdl', 'loc': '2.5d_chiplet'},{'from': 'Chiplet_6', 'to': 'Chiplet_2', 'connection_type': '2.5d_rdl', 'loc': '2.5d_chiplet'},{'from': 'Chiplet_3', 'to': 'Chiplet_4', 'connection_type': '2.5d_rdl', 'loc': '2.5d_chiplet'},{'from': 'Chiplet_3', 'to': 'Chiplet_5', 'connection_type': '2.5d_rdl', 'loc': '2.5d_chiplet'},{'from': 'Chiplet_3', 'to': 'Chiplet_1', 'connection_type': '2.5d_rdl', 'loc': '2.5d_chiplet'},{'from': 'Chiplet_3', 'to': 'Chiplet_2', 'connection_type': '2.5d_rdl', 'loc': '2.5d_chiplet'},{'from': 'Chiplet_2', 'to': 'Chiplet_3', 'connection_type': '2.5d_rdl', 'loc': '2.5d_chiplet'},{'from': 'Chiplet_2', 'to': 'Chiplet_5', 'connection_type': '2.5d_rdl', 'loc': '2.5d_chiplet'},{'from': 'Chiplet_2', 'to': 'Chiplet_1', 'connection_type': '2.5d_rdl', 'loc': '2.5d_chiplet'},{'from': 'Chiplet_2', 'to': 'Chiplet_6', 'connection_type': '2.5d_rdl', 'loc': '2.5d_chiplet'},{'from': 'Chiplet_1', 'to': 'Chiplet_3', 'connection_type': '2.5d_rdl', 'loc': '2.5d_chiplet'},{'from': 'Chiplet_1', 'to': 'Chiplet_2', 'connection_type': '2.5d_rdl', 'loc': '2.5d_chiplet'}",1,1,1,3,1,1,ddr4,ucie_std,na,1,0,os,0,0,0
93,31.5726693074005,3741437.04,81963.50024858472,174083018.89329022,5316.938997821351,6920.261786434641,93,1.8849981800824636,3.1172648505374996,2048,96x96,10,1.86237254,4.475,2048,128x128,7,6.033899457366197,12.973514847541198,2048,192x192,10,5.656782838920179,6.821646341899999,2048,128x128,14,3.2571509657793953,3.8395579270749995,1536,96x96,14,6.315940422320179,6.821646341899999,3072,128x128,14,2.5d_3d,"{'from': 'Chiplet_4', 'to': 'Chiplet_1', 'connection_type': '3d_hyb_bond', 'loc': 'stack0_base'},{'from': 'Chiplet_1', 'to': 'na', 'connection_type': '3d_hyb_bond', 'loc': 'stack0_top'},{'from': 'Chiplet_6', 'to': 'Chiplet_3', 'connection_type': '2.5d_rdl', 'loc': '2.5d_chiplet'},{'from': 'Chiplet_6', 'to': 'Chiplet_5', 'connection_type': '2.5d_rdl', 'loc': '2.5d_chiplet'},{'from': 'Chiplet_6', 'to': 'Chiplet_2', 'connection_type': '2.5d_rdl', 'loc': '2.5d_chiplet'},{'from': 'Chiplet_5', 'to': 'Chiplet_2', 'connection_type': '2.5d_rdl', 'loc': '2.5d_chiplet'},{'from': 'Chiplet_5', 'to': 'Chiplet_6', 'connection_type': '2.5d_rdl', 'loc': '2.5d_chiplet'},{'from': 'Chiplet_2', 'to': 'Chiplet_4', 'connection_type': '2.5d_rdl', 'loc': '2.5d_chiplet'},{'from': 'Chiplet_2', 'to': 'Chiplet_5', 'connection_type': '2.5d_rdl', 'loc': '2.5d_chiplet'},{'from': 'Chiplet_2', 'to': 'Chiplet_6', 'connection_type': '2.5d_rdl', 'loc': '2.5d_chiplet'},{'from': 'Chiplet_3', 'to': 'Chiplet_4', 'connection_type': '2.5d_rdl', 'loc': '2.5d_chiplet'},{'from': 'Chiplet_3', 'to': 'Chiplet_6', 'connection_type': '2.5d_rdl', 'loc': '2.5d_chiplet'},{'from': 'Chiplet_4', 'to': 'Chiplet_3', 'connection_type': '2.5d_rdl', 'loc': '2.5d_chiplet'},{'from': 'Chiplet_4', 'to': 'Chiplet_2', 'connection_type': '2.5d_rdl', 'loc': '2.5d_chiplet'}",1,1,2,1,1,2,ddr4,ucie_std,ucie_3d,1,0,is,0,0,0
94,10.381803432534722,1933617.43,85205.81124057615,35702733.49256672,5376.442542787287,2809.161238066206,94,0.378988,1.11875,256,64x64,7,3.2571509657793953,3.8395579270749995,1536,96x96,14,0.378988,1.11875,256,64x64,7,3.432469952,10.4826,2048,192x192,7,0.656621759447044,1.3845915837374998,256,64x64,10,2.597993382379395,3.8395579270749995,512,96x96,14,2.5d_3d,"{'from': 'Chiplet_4', 'to': 'Chiplet_5', 'connection_type': '3d_tsv', 'loc': 'stack0_base'},{'from': 'Chiplet_5', 'to': 'Chiplet_3', 'connection_type': '3d_tsv', 'loc': 'stack0_middle1'},{'from': 'Chiplet_3', 'to': 'Chiplet_1', 'connection_type': '3d_tsv', 'loc': 'stack0_middle2'},{'from': 'Chiplet_1', 'to': 'na', 'connection_type': '3d_tsv', 'loc': 'stack0_top'},{'from': 'Chiplet_4', 'to': 'Chiplet_2', 'connection_type': '2.5d_emib', 'loc': '2.5d_chiplet'},{'from': 'Chiplet_4', 'to': 'Chiplet_6', 'connection_type': '2.5d_emib', 'loc': '2.5d_chiplet'},{'from': 'Chiplet_2', 'to': 'Chiplet_4', 'connection_type': '2.5d_emib', 'loc': '2.5d_chiplet'},{'from': 'Chiplet_2', 'to': 'Chiplet_6', 'connection_type': '2.5d_emib', 'loc': '2.5d_chiplet'},{'from': 'Chiplet_6', 'to': 'Chiplet_4', 'connection_type': '2.5d_emib', 'loc': '2.5d_chiplet'},{'from': 'Chiplet_6', 'to': 'Chiplet_2', 'connection_type': '2.5d_emib', 'loc': '2.5d_chiplet'}",1,4,1,5,1,4,hbm3,aib,ucie_3d,1,0,ws,0,0,0
95,57.991190095870934,5265618.23,121110.27195296357,149676751.72378236,19053.03076119718,20274.598073010176,95,1.86237254,4.475,2048,128x128,7,1.304342696,2.51875,2048,96x96,7,0.638803,1.11875,1024,64x64,7,14.117807839976791,15.979573171754398,6144,192x192,14,8.112421457366196,12.973514847541198,8192,192x192,10,8.112421457366196,12.973514847541198,8192,192x192,10,2.5d,"{'from': 'Chiplet_4', 'to': 'Chiplet_5', 'connection_type': '2.5d_rdl', 'loc': '2.5d_chiplet'},{'from': 'Chiplet_4', 'to': 'Chiplet_1', 'connection_type': '2.5d_rdl', 'loc': '2.5d_chiplet'},{'from': 'Chiplet_4', 'to': 'Chiplet_2', 'connection_type': '2.5d_rdl', 'loc': '2.5d_chiplet'},{'from': 'Chiplet_1', 'to': 'Chiplet_4', 'connection_type': '2.5d_rdl', 'loc': '2.5d_chiplet'},{'from': 'Chiplet_1', 'to': 'Chiplet_2', 'connection_type': '2.5d_rdl', 'loc': '2.5d_chiplet'},{'from': 'Chiplet_2', 'to': 'Chiplet_4', 'connection_type': '2.5d_rdl', 'loc': '2.5d_chiplet'},{'from': 'Chiplet_2', 'to': 'Chiplet_1', 'connection_type': '2.5d_rdl', 'loc': '2.5d_chiplet'},{'from': 'Chiplet_2', 'to': 'Chiplet_6', 'connection_type': '2.5d_rdl', 'loc': '2.5d_chiplet'},{'from': 'Chiplet_5', 'to': 'Chiplet_4', 'connection_type': '2.5d_rdl', 'loc': '2.5d_chiplet'},{'from': 'Chiplet_5', 'to': 'Chiplet_3', 'connection_type': '2.5d_rdl', 'loc': '2.5d_chiplet'},{'from': 'Chiplet_5', 'to': 'Chiplet_6', 'connection_type': '2.5d_rdl', 'loc': '2.5d_chiplet'},{'from': 'Chiplet_3', 'to': 'Chiplet_5', 'connection_type': '2.5d_rdl', 'loc': '2.5d_chiplet'},{'from': 'Chiplet_3', 'to': 'Chiplet_6', 'connection_type': '2.5d_rdl', 'loc': '2.5d_chiplet'},{'from': 'Chiplet_6', 'to': 'Chiplet_3', 'connection_type': '2.5d_rdl', 'loc': '2.5d_chiplet'},{'from': 'Chiplet_6', 'to': 'Chiplet_5', 'connection_type': '2.5d_rdl', 'loc': '2.5d_chiplet'},{'from': 'Chiplet_6', 'to': 'Chiplet_2', 'connection_type': '2.5d_rdl', 'loc': '2.5d_chiplet'}",1,1,1,3,1,1,ddr4,ucie_std,na,0,0,is,1,0,0
96,31.2100202657537,3689811.98,174778.43982917623,40200513.23122434,5383.713878713878,4266.201094907031,96,0.784712696,2.51875,512,96x96,7,4.1253109519999995,10.4826,4096,192x192,7,1.578984604787535,1.7054115854749998,768,64x64,14,0.46559300000000003,1.11875,512,64x64,7,3.2571509657793953,3.8395579270749995,1536,96x96,14,11.481175603606792,15.979573171754398,2048,192x192,14,2.5d,"{'from': 'Chiplet_6', 'to': 'Chiplet_5', 'connection_type': '2.5d_emib', 'loc': '2.5d_chiplet'},{'from': 'Chiplet_6', 'to': 'Chiplet_2', 'connection_type': '2.5d_emib', 'loc': '2.5d_chiplet'},{'from': 'Chiplet_2', 'to': 'Chiplet_3', 'connection_type': '2.5d_emib', 'loc': '2.5d_chiplet'},{'from': 'Chiplet_2', 'to': 'Chiplet_5', 'connection_type': '2.5d_emib', 'loc': '2.5d_chiplet'},{'from': 'Chiplet_2', 'to': 'Chiplet_1', 'connection_type': '2.5d_emib', 'loc': '2.5d_chiplet'},{'from': 'Chiplet_2', 'to': 'Chiplet_6', 'connection_type': '2.5d_emib', 'loc': '2.5d_chiplet'},{'from': 'Chiplet_1', 'to': 'Chiplet_3', 'connection_type': '2.5d_emib', 'loc': '2.5d_chiplet'},{'from': 'Chiplet_1', 'to': 'Chiplet_2', 'connection_type': '2.5d_emib', 'loc': '2.5d_chiplet'},{'from': 'Chiplet_5', 'to': 'Chiplet_3', 'connection_type': '2.5d_emib', 'loc': '2.5d_chiplet'},{'from': 'Chiplet_5', 'to': 'Chiplet_4', 'connection_type': '2.5d_emib', 'loc': '2.5d_chiplet'},{'from': 'Chiplet_5', 'to': 'Chiplet_2', 'connection_type': '2.5d_emib', 'loc': '2.5d_chiplet'},{'from': 'Chiplet_5', 'to': 'Chiplet_6', 'connection_type': '2.5d_emib', 'loc': '2.5d_chiplet'},{'from': 'Chiplet_3', 'to': 'Chiplet_4', 'connection_type': '2.5d_emib', 'loc': '2.5d_chiplet'},{'from': 'Chiplet_3', 'to': 'Chiplet_5', 'connection_type': '2.5d_emib', 'loc': '2.5d_chiplet'},{'from': 'Chiplet_3', 'to': 'Chiplet_1', 'connection_type': '2.5d_emib', 'loc': '2.5d_chiplet'},{'from': 'Chiplet_3', 'to': 'Chiplet_2', 'connection_type': '2.5d_emib', 'loc': '2.5d_chiplet'},{'from': 'Chiplet_4', 'to': 'Chiplet_3', 'connection_type': '2.5d_emib', 'loc': '2.5d_chiplet'},{'from': 'Chiplet_4', 'to': 'Chiplet_5', 'connection_type': '2.5d_emib', 'loc': '2.5d_chiplet'}",1,3,1,1,2,8,hbm3,aib,na,0,0,is,0,0,0
97,28.99144603228725,5164213.86,110513.01688862644,43244105.696694374,6888.335961793395,7833.697040759926,97,11.481175603606792,15.979573171754398,2048,192x192,14,1.304342696,2.51875,2048,96x96,7,3.432469952,10.4826,2048,192x192,7,6.033899457366197,12.973514847541198,2048,192x192,10,6.315940422320179,6.821646341899999,3072,128x128,14,6.315940422320179,6.821646341899999,3072,128x128,14,2.5d_3d,"{'from': 'Chiplet_1', 'to': 'Chiplet_6', 'connection_type': '3d_tsv', 'loc': 'stack0_base'},{'from': 'Chiplet_6', 'to': 'Chiplet_3', 'connection_type': '3d_tsv', 'loc': 'stack0_middle1'},{'from': 'Chiplet_3', 'to': 'Chiplet_2', 'connection_type': '3d_tsv', 'loc': 'stack0_middle2'},{'from': 'Chiplet_2', 'to': 'na', 'connection_type': '3d_tsv', 'loc': 'stack0_top'},{'from': 'Chiplet_1', 'to': 'Chiplet_4', 'connection_type': '2.5d_rdl', 'loc': '2.5d_chiplet'},{'from': 'Chiplet_1', 'to': 'Chiplet_5', 'connection_type': '2.5d_rdl', 'loc': '2.5d_chiplet'},{'from': 'Chiplet_5', 'to': 'Chiplet_4', 'connection_type': '2.5d_rdl', 'loc': '2.5d_chiplet'},{'from': 'Chiplet_5', 'to': 'Chiplet_1', 'connection_type': '2.5d_rdl', 'loc': '2.5d_chiplet'},{'from': 'Chiplet_4', 'to': 'Chiplet_5', 'connection_type': '2.5d_rdl', 'loc': '2.5d_chiplet'},{'from': 'Chiplet_4', 'to': 'Chiplet_1', 'connection_type': '2.5d_rdl', 'loc': '2.5d_chiplet'}",5,1,1,3,3,3,hbm2,ucie_std,ucie_3d,1,0,os,1,0,0
98,14.515153590410298,1636162.4,38821.17458544942,32431522.445443198,4898.56153219234,2226.3964007366562,98,2.597993382379395,3.8395579270749995,512,96x96,14,2.6264880905479133,5.538366334949999,1024,128x128,10,1.3653681800824635,3.1172648505374996,512,96x96,10,0.957922696,2.51875,1024,96x96,7,1.743774000637535,1.7054115854749998,1024,64x64,14,0.743226759447044,1.3845915837374998,512,64x64,10,2.5d,"{'from': 'Chiplet_2', 'to': 'Chiplet_3', 'connection_type': '2.5d_rdl', 'loc': '2.5d_chiplet'},{'from': 'Chiplet_2', 'to': 'Chiplet_4', 'connection_type': '2.5d_rdl', 'loc': '2.5d_chiplet'},{'from': 'Chiplet_2', 'to': 'Chiplet_1', 'connection_type': '2.5d_rdl', 'loc': '2.5d_chiplet'},{'from': 'Chiplet_3', 'to': 'Chiplet_4', 'connection_type': '2.5d_rdl', 'loc': '2.5d_chiplet'},{'from': 'Chiplet_3', 'to': 'Chiplet_2', 'connection_type': '2.5d_rdl', 'loc': '2.5d_chiplet'},{'from': 'Chiplet_4', 'to': 'Chiplet_3', 'connection_type': '2.5d_rdl', 'loc': '2.5d_chiplet'},{'from': 'Chiplet_4', 'to': 'Chiplet_2', 'connection_type': '2.5d_rdl', 'loc': '2.5d_chiplet'},{'from': 'Chiplet_1', 'to': 'Chiplet_5', 'connection_type': '2.5d_rdl', 'loc': '2.5d_chiplet'},{'from': 'Chiplet_1', 'to': 'Chiplet_2', 'connection_type': '2.5d_rdl', 'loc': '2.5d_chiplet'},{'from': 'Chiplet_1', 'to': 'Chiplet_6', 'connection_type': '2.5d_rdl', 'loc': '2.5d_chiplet'},{'from': 'Chiplet_5', 'to': 'Chiplet_1', 'connection_type': '2.5d_rdl', 'loc': '2.5d_chiplet'},{'from': 'Chiplet_5', 'to': 'Chiplet_6', 'connection_type': '2.5d_rdl', 'loc': '2.5d_chiplet'},{'from': 'Chiplet_6', 'to': 'Chiplet_5', 'connection_type': '2.5d_rdl', 'loc': '2.5d_chiplet'},{'from': 'Chiplet_6', 'to': 'Chiplet_1', 'connection_type': '2.5d_rdl', 'loc': '2.5d_chiplet'}",4,4,2,2,3,1,hbm3,ucie_std,na,1,0,os,0,0,0
99,38.475087373697036,3213387.2,80143.56542208232,99197607.86862653,12338.042795644758,9560.842215006665,99,6.315940422320179,6.821646341899999,3072,128x128,14,3.2571509657793953,3.8395579270749995,1536,96x96,14,0.638803,1.11875,1024,64x64,7,0.784712696,2.51875,512,96x96,7,11.481175603606792,15.979573171754398,2048,192x192,14,3.5867297574793953,3.8395579270749995,2048,96x96,14,2.5d,"{'from': 'Chiplet_5', 'to': 'Chiplet_4', 'connection_type': '2.5d_rdl', 'loc': '2.5d_chiplet'},{'from': 'Chiplet_5', 'to': 'Chiplet_1', 'connection_type': '2.5d_rdl', 'loc': '2.5d_chiplet'},{'from': 'Chiplet_5', 'to': 'Chiplet_3', 'connection_type': '2.5d_rdl', 'loc': '2.5d_chiplet'},{'from': 'Chiplet_5', 'to': 'Chiplet_6', 'connection_type': '2.5d_rdl', 'loc': '2.5d_chiplet'},{'from': 'Chiplet_4', 'to': 'Chiplet_3', 'connection_type': '2.5d_rdl', 'loc': '2.5d_chiplet'},{'from': 'Chiplet_4', 'to': 'Chiplet_5', 'connection_type': '2.5d_rdl', 'loc': '2.5d_chiplet'},{'from': 'Chiplet_3', 'to': 'Chiplet_4', 'connection_type': '2.5d_rdl', 'loc': '2.5d_chiplet'},{'from': 'Chiplet_3', 'to': 'Chiplet_5', 'connection_type': '2.5d_rdl', 'loc': '2.5d_chiplet'},{'from': 'Chiplet_1', 'to': 'Chiplet_5', 'connection_type': '2.5d_rdl', 'loc': '2.5d_chiplet'},{'from': 'Chiplet_1', 'to': 'Chiplet_2', 'connection_type': '2.5d_rdl', 'loc': '2.5d_chiplet'},{'from': 'Chiplet_1', 'to': 'Chiplet_6', 'connection_type': '2.5d_rdl', 'loc': '2.5d_chiplet'},{'from': 'Chiplet_6', 'to': 'Chiplet_5', 'connection_type': '2.5d_rdl', 'loc': '2.5d_chiplet'},{'from': 'Chiplet_6', 'to': 'Chiplet_1', 'connection_type': '2.5d_rdl', 'loc': '2.5d_chiplet'},{'from': 'Chiplet_6', 'to': 'Chiplet_2', 'connection_type': '2.5d_rdl', 'loc': '2.5d_chiplet'},{'from': 'Chiplet_2', 'to': 'Chiplet_1', 'connection_type': '2.5d_rdl', 'loc': '2.5d_chiplet'},{'from': 'Chiplet_2', 'to': 'Chiplet_6', 'connection_type': '2.5d_rdl', 'loc': '2.5d_chiplet'}",1,1,1,1,3,1,ddr5,ucie_std,na,0,0,ws,1,0,0
100,30.044854368974665,3368310.21,168318.88921579046,62531167.61977242,10767.427757427757,6600.94672910625,100,1.7117881800824635,3.1172648505374996,1536,96x96,10,1.578984604787535,1.7054115854749998,768,64x64,14,1.4141952089375351,1.7054115854749998,512,64x64,14,15.436124909546791,15.979573171754398,8192,192x192,14,0.784712696,2.51875,512,96x96,7,1.131132696,2.51875,1536,96x96,7,2.5d,"{'from': 'Chiplet_4', 'to': 'Chiplet_1', 'connection_type': '2.5d_emib', 'loc': '2.5d_chiplet'},{'from': 'Chiplet_4', 'to': 'Chiplet_2', 'connection_type': '2.5d_emib', 'loc': '2.5d_chiplet'},{'from': 'Chiplet_1', 'to': 'Chiplet_4', 'connection_type': '2.5d_emib', 'loc': '2.5d_chiplet'},{'from': 'Chiplet_1', 'to': 'Chiplet_5', 'connection_type': '2.5d_emib', 'loc': '2.5d_chiplet'},{'from': 'Chiplet_1', 'to': 'Chiplet_2', 'connection_type': '2.5d_emib', 'loc': '2.5d_chiplet'},{'from': 'Chiplet_1', 'to': 'Chiplet_6', 'connection_type': '2.5d_emib', 'loc': '2.5d_chiplet'},{'from': 'Chiplet_6', 'to': 'Chiplet_5', 'connection_type': '2.5d_emib', 'loc': '2.5d_chiplet'},{'from': 'Chiplet_6', 'to': 'Chiplet_1', 'connection_type': '2.5d_emib', 'loc': '2.5d_chiplet'},{'from': 'Chiplet_5', 'to': 'Chiplet_3', 'connection_type': '2.5d_emib', 'loc': '2.5d_chiplet'},{'from': 'Chiplet_5', 'to': 'Chiplet_1', 'connection_type': '2.5d_emib', 'loc': '2.5d_chiplet'},{'from': 'Chiplet_5', 'to': 'Chiplet_6', 'connection_type': '2.5d_emib', 'loc': '2.5d_chiplet'},{'from': 'Chiplet_2', 'to': 'Chiplet_4', 'connection_type': '2.5d_emib', 'loc': '2.5d_chiplet'},{'from': 'Chiplet_2', 'to': 'Chiplet_1', 'connection_type': '2.5d_emib', 'loc': '2.5d_chiplet'},{'from': 'Chiplet_2', 'to': 'Chiplet_3', 'connection_type': '2.5d_emib', 'loc': '2.5d_chiplet'},{'from': 'Chiplet_3', 'to': 'Chiplet_5', 'connection_type': '2.5d_emib', 'loc': '2.5d_chiplet'},{'from': 'Chiplet_3', 'to': 'Chiplet_2', 'connection_type': '2.5d_emib', 'loc': '2.5d_chiplet'}",1,1,1,11,1,1,hbm3,bow,na,1,0,is,0,0,0
101,39.53359250137069,4411542.66,88689.94583729494,46780862.623890884,3424.4079584470464,3537.9180130317054,101,6.033899457366197,12.973514847541198,2048,192x192,10,5.656782838920179,6.821646341899999,2048,128x128,14,8.112421457366196,12.973514847541198,8192,192x192,10,0.552198,1.11875,768,64x64,7,1.8849981800824636,3.1172648505374996,2048,96x96,10,2.972908090547913,5.538366334949999,2048,128x128,10,2.5d,"{'from': 'Chiplet_3', 'to': 'Chiplet_5', 'connection_type': '2.5d_rdl', 'loc': '2.5d_chiplet'},{'from': 'Chiplet_3', 'to': 'Chiplet_1', 'connection_type': '2.5d_rdl', 'loc': '2.5d_chiplet'},{'from': 'Chiplet_3', 'to': 'Chiplet_2', 'connection_type': '2.5d_rdl', 'loc': '2.5d_chiplet'},{'from': 'Chiplet_3', 'to': 'Chiplet_6', 'connection_type': '2.5d_rdl', 'loc': '2.5d_chiplet'},{'from': 'Chiplet_6', 'to': 'Chiplet_3', 'connection_type': '2.5d_rdl', 'loc': '2.5d_chiplet'},{'from': 'Chiplet_6', 'to': 'Chiplet_5', 'connection_type': '2.5d_rdl', 'loc': '2.5d_chiplet'},{'from': 'Chiplet_5', 'to': 'Chiplet_3', 'connection_type': '2.5d_rdl', 'loc': '2.5d_chiplet'},{'from': 'Chiplet_5', 'to': 'Chiplet_6', 'connection_type': '2.5d_rdl', 'loc': '2.5d_chiplet'},{'from': 'Chiplet_1', 'to': 'Chiplet_3', 'connection_type': '2.5d_rdl', 'loc': '2.5d_chiplet'},{'from': 'Chiplet_1', 'to': 'Chiplet_4', 'connection_type': '2.5d_rdl', 'loc': '2.5d_chiplet'},{'from': 'Chiplet_1', 'to': 'Chiplet_2', 'connection_type': '2.5d_rdl', 'loc': '2.5d_chiplet'},{'from': 'Chiplet_2', 'to': 'Chiplet_3', 'connection_type': '2.5d_rdl', 'loc': '2.5d_chiplet'},{'from': 'Chiplet_2', 'to': 'Chiplet_4', 'connection_type': '2.5d_rdl', 'loc': '2.5d_chiplet'},{'from': 'Chiplet_2', 'to': 'Chiplet_1', 'connection_type': '2.5d_rdl', 'loc': '2.5d_chiplet'},{'from': 'Chiplet_4', 'to': 'Chiplet_1', 'connection_type': '2.5d_rdl', 'loc': '2.5d_chiplet'},{'from': 'Chiplet_4', 'to': 'Chiplet_2', 'connection_type': '2.5d_rdl', 'loc': '2.5d_chiplet'}",4,3,5,1,1,2,hbm3,ucie_std,na,0,0,ws,0,0,0
102,16.733217327204052,2010860.47,47089.40937693521,38815376.339564234,21754.631996753316,9186.800917946535,102,1.249405813087535,1.7054115854749998,256,64x64,14,1.51595254,4.475,1024,128x128,7,1.578984604787535,1.7054115854749998,768,64x64,14,1.578984604787535,1.7054115854749998,768,64x64,14,0.552198,1.11875,768,64x64,7,3.432469952,10.4826,2048,192x192,7,2.5d,"{'from': 'Chiplet_6', 'to': 'Chiplet_3', 'connection_type': '2.5d_rdl', 'loc': '2.5d_chiplet'},{'from': 'Chiplet_6', 'to': 'Chiplet_1', 'connection_type': '2.5d_rdl', 'loc': '2.5d_chiplet'},{'from': 'Chiplet_1', 'to': 'Chiplet_3', 'connection_type': '2.5d_rdl', 'loc': '2.5d_chiplet'},{'from': 'Chiplet_1', 'to': 'Chiplet_4', 'connection_type': '2.5d_rdl', 'loc': '2.5d_chiplet'},{'from': 'Chiplet_1', 'to': 'Chiplet_6', 'connection_type': '2.5d_rdl', 'loc': '2.5d_chiplet'},{'from': 'Chiplet_3', 'to': 'Chiplet_4', 'connection_type': '2.5d_rdl', 'loc': '2.5d_chiplet'},{'from': 'Chiplet_3', 'to': 'Chiplet_1', 'connection_type': '2.5d_rdl', 'loc': '2.5d_chiplet'},{'from': 'Chiplet_3', 'to': 'Chiplet_2', 'connection_type': '2.5d_rdl', 'loc': '2.5d_chiplet'},{'from': 'Chiplet_3', 'to': 'Chiplet_6', 'connection_type': '2.5d_rdl', 'loc': '2.5d_chiplet'},{'from': 'Chiplet_2', 'to': 'Chiplet_3', 'connection_type': '2.5d_rdl', 'loc': '2.5d_chiplet'},{'from': 'Chiplet_2', 'to': 'Chiplet_5', 'connection_type': '2.5d_rdl', 'loc': '2.5d_chiplet'},{'from': 'Chiplet_4', 'to': 'Chiplet_3', 'connection_type': '2.5d_rdl', 'loc': '2.5d_chiplet'},{'from': 'Chiplet_4', 'to': 'Chiplet_5', 'connection_type': '2.5d_rdl', 'loc': '2.5d_chiplet'},{'from': 'Chiplet_4', 'to': 'Chiplet_1', 'connection_type': '2.5d_rdl', 'loc': '2.5d_chiplet'},{'from': 'Chiplet_5', 'to': 'Chiplet_4', 'connection_type': '2.5d_rdl', 'loc': '2.5d_chiplet'},{'from': 'Chiplet_5', 'to': 'Chiplet_2', 'connection_type': '2.5d_rdl', 'loc': '2.5d_chiplet'}",2,2,3,3,1,5,hbm2,ucie_std,na,0,0,ws,1,0,0
103,32.08045889663581,3605262.8,76287.25465894691,49376211.58520907,12828.205899066155,9167.337536053597,103,2.6264880905479133,5.538366334949999,1024,128x128,10,0.656621759447044,1.3845915837374998,256,64x64,10,3.2571509657793953,3.8395579270749995,1536,96x96,14,2.20879254,4.475,3072,128x128,7,6.033899457366197,12.973514847541198,2048,192x192,10,6.975099908490179,6.821646341899999,4096,128x128,14,2.5d,"{'from': 'Chiplet_6', 'to': 'Chiplet_3', 'connection_type': '2.5d_rdl', 'loc': '2.5d_chiplet'},{'from': 'Chiplet_6', 'to': 'Chiplet_5', 'connection_type': '2.5d_rdl', 'loc': '2.5d_chiplet'},{'from': 'Chiplet_6', 'to': 'Chiplet_1', 'connection_type': '2.5d_rdl', 'loc': '2.5d_chiplet'},{'from': 'Chiplet_6', 'to': 'Chiplet_2', 'connection_type': '2.5d_rdl', 'loc': '2.5d_chiplet'},{'from': 'Chiplet_1', 'to': 'Chiplet_2', 'connection_type': '2.5d_rdl', 'loc': '2.5d_chiplet'},{'from': 'Chiplet_1', 'to': 'Chiplet_6', 'connection_type': '2.5d_rdl', 'loc': '2.5d_chiplet'},{'from': 'Chiplet_2', 'to': 'Chiplet_1', 'connection_type': '2.5d_rdl', 'loc': '2.5d_chiplet'},{'from': 'Chiplet_2', 'to': 'Chiplet_6', 'connection_type': '2.5d_rdl', 'loc': '2.5d_chiplet'},{'from': 'Chiplet_5', 'to': 'Chiplet_3', 'connection_type': '2.5d_rdl', 'loc': '2.5d_chiplet'},{'from': 'Chiplet_5', 'to': 'Chiplet_4', 'connection_type': '2.5d_rdl', 'loc': '2.5d_chiplet'},{'from': 'Chiplet_5', 'to': 'Chiplet_6', 'connection_type': '2.5d_rdl', 'loc': '2.5d_chiplet'},{'from': 'Chiplet_3', 'to': 'Chiplet_4', 'connection_type': '2.5d_rdl', 'loc': '2.5d_chiplet'},{'from': 'Chiplet_3', 'to': 'Chiplet_5', 'connection_type': '2.5d_rdl', 'loc': '2.5d_chiplet'},{'from': 'Chiplet_3', 'to': 'Chiplet_6', 'connection_type': '2.5d_rdl', 'loc': '2.5d_chiplet'},{'from': 'Chiplet_4', 'to': 'Chiplet_3', 'connection_type': '2.5d_rdl', 'loc': '2.5d_chiplet'},{'from': 'Chiplet_4', 'to': 'Chiplet_5', 'connection_type': '2.5d_rdl', 'loc': '2.5d_chiplet'}",2,1,2,2,4,5,hbm2,ucie_std,na,1,0,os,1,0,0
104,15.908977329395048,2467367.18,128823.38085522823,53336905.15691967,4446.111111111111,2674.4341816005417,104,2.6264880905479133,5.538366334949999,1024,128x128,10,1.51595254,4.475,1024,128x128,7,0.829831759447044,1.3845915837374998,768,64x64,10,6.975099908490179,6.821646341899999,4096,128x128,14,0.552198,1.11875,768,64x64,7,0.829831759447044,1.3845915837374998,768,64x64,10,2.5d_3d,"{'from': 'Chiplet_6', 'to': 'Chiplet_3', 'connection_type': '3d_hyb_bond', 'loc': 'stack0_base'},{'from': 'Chiplet_3', 'to': 'na', 'connection_type': '3d_hyb_bond', 'loc': 'stack0_top'},{'from': 'Chiplet_4', 'to': 'Chiplet_1', 'connection_type': '2.5d_emib', 'loc': '2.5d_chiplet'},{'from': 'Chiplet_4', 'to': 'Chiplet_2', 'connection_type': '2.5d_emib', 'loc': '2.5d_chiplet'},{'from': 'Chiplet_1', 'to': 'Chiplet_4', 'connection_type': '2.5d_emib', 'loc': '2.5d_chiplet'},{'from': 'Chiplet_1', 'to': 'Chiplet_2', 'connection_type': '2.5d_emib', 'loc': '2.5d_chiplet'},{'from': 'Chiplet_1', 'to': 'Chiplet_6', 'connection_type': '2.5d_emib', 'loc': '2.5d_chiplet'},{'from': 'Chiplet_2', 'to': 'Chiplet_4', 'connection_type': '2.5d_emib', 'loc': '2.5d_chiplet'},{'from': 'Chiplet_2', 'to': 'Chiplet_5', 'connection_type': '2.5d_emib', 'loc': '2.5d_chiplet'},{'from': 'Chiplet_2', 'to': 'Chiplet_1', 'connection_type': '2.5d_emib', 'loc': '2.5d_chiplet'},{'from': 'Chiplet_2', 'to': 'Chiplet_6', 'connection_type': '2.5d_emib', 'loc': '2.5d_chiplet'},{'from': 'Chiplet_6', 'to': 'Chiplet_5', 'connection_type': '2.5d_emib', 'loc': '2.5d_chiplet'},{'from': 'Chiplet_6', 'to': 'Chiplet_1', 'connection_type': '2.5d_emib', 'loc': '2.5d_chiplet'},{'from': 'Chiplet_6', 'to': 'Chiplet_2', 'connection_type': '2.5d_emib', 'loc': '2.5d_chiplet'},{'from': 'Chiplet_5', 'to': 'Chiplet_2', 'connection_type': '2.5d_emib', 'loc': '2.5d_chiplet'},{'from': 'Chiplet_5', 'to': 'Chiplet_6', 'connection_type': '2.5d_emib', 'loc': '2.5d_chiplet'}",3,2,1,8,1,1,hbm2,aib,ucie_3d,0,0,ws,0,0,0
105,14.78103214210109,1730163.91,41158.54150897582,37017854.41493197,30468.85901322815,10836.64522280914,105,0.378988,1.11875,256,64x64,7,1.3653681800824635,3.1172648505374996,512,96x96,10,0.46559300000000003,1.11875,512,64x64,7,1.249405813087535,1.7054115854749998,256,64x64,14,3.665749090547913,5.538366334949999,4096,128x128,10,2.6264880905479133,5.538366334949999,1024,128x128,10,2.5d,"{'from': 'Chiplet_5', 'to': 'Chiplet_4', 'connection_type': '2.5d_rdl', 'loc': '2.5d_chiplet'},{'from': 'Chiplet_5', 'to': 'Chiplet_2', 'connection_type': '2.5d_rdl', 'loc': '2.5d_chiplet'},{'from': 'Chiplet_5', 'to': 'Chiplet_6', 'connection_type': '2.5d_rdl', 'loc': '2.5d_chiplet'},{'from': 'Chiplet_4', 'to': 'Chiplet_5', 'connection_type': '2.5d_rdl', 'loc': '2.5d_chiplet'},{'from': 'Chiplet_4', 'to': 'Chiplet_2', 'connection_type': '2.5d_rdl', 'loc': '2.5d_chiplet'},{'from': 'Chiplet_6', 'to': 'Chiplet_3', 'connection_type': '2.5d_rdl', 'loc': '2.5d_chiplet'},{'from': 'Chiplet_6', 'to': 'Chiplet_5', 'connection_type': '2.5d_rdl', 'loc': '2.5d_chiplet'},{'from': 'Chiplet_6', 'to': 'Chiplet_2', 'connection_type': '2.5d_rdl', 'loc': '2.5d_chiplet'},{'from': 'Chiplet_2', 'to': 'Chiplet_4', 'connection_type': '2.5d_rdl', 'loc': '2.5d_chiplet'},{'from': 'Chiplet_2', 'to': 'Chiplet_3', 'connection_type': '2.5d_rdl', 'loc': '2.5d_chiplet'},{'from': 'Chiplet_2', 'to': 'Chiplet_1', 'connection_type': '2.5d_rdl', 'loc': '2.5d_chiplet'},{'from': 'Chiplet_2', 'to': 'Chiplet_6', 'connection_type': '2.5d_rdl', 'loc': '2.5d_chiplet'},{'from': 'Chiplet_2', 'to': 'Chiplet_5', 'connection_type': '2.5d_rdl', 'loc': '2.5d_chiplet'},{'from': 'Chiplet_3', 'to': 'Chiplet_1', 'connection_type': '2.5d_rdl', 'loc': '2.5d_chiplet'},{'from': 'Chiplet_3', 'to': 'Chiplet_2', 'connection_type': '2.5d_rdl', 'loc': '2.5d_chiplet'},{'from': 'Chiplet_3', 'to': 'Chiplet_6', 'connection_type': '2.5d_rdl', 'loc': '2.5d_chiplet'},{'from': 'Chiplet_1', 'to': 'Chiplet_3', 'connection_type': '2.5d_rdl', 'loc': '2.5d_chiplet'},{'from': 'Chiplet_1', 'to': 'Chiplet_2', 'connection_type': '2.5d_rdl', 'loc': '2.5d_chiplet'}",1,2,1,2,6,4,hbm2,ucie_std,na,0,0,os,1,0,0
106,27.53473114107592,3520717.5,78906.3326376232,56326777.469692826,4446.111111111111,4199.146103436419,106,0.552198,1.11875,768,64x64,7,1.3653681800824635,3.1172648505374996,512,96x96,10,1.4141952089375351,1.7054115854749998,512,64x64,14,6.033899457366197,12.973514847541198,2048,192x192,10,7.419580457366196,12.973514847541198,6144,192x192,10,5.656782838920179,6.821646341899999,2048,128x128,14,2.5d,"{'from': 'Chiplet_5', 'to': 'Chiplet_4', 'connection_type': '2.5d_rdl', 'loc': '2.5d_chiplet'},{'from': 'Chiplet_5', 'to': 'Chiplet_2', 'connection_type': '2.5d_rdl', 'loc': '2.5d_chiplet'},{'from': 'Chiplet_5', 'to': 'Chiplet_3', 'connection_type': '2.5d_rdl', 'loc': '2.5d_chiplet'},{'from': 'Chiplet_5', 'to': 'Chiplet_6', 'connection_type': '2.5d_rdl', 'loc': '2.5d_chiplet'},{'from': 'Chiplet_3', 'to': 'Chiplet_5', 'connection_type': '2.5d_rdl', 'loc': '2.5d_chiplet'},{'from': 'Chiplet_3', 'to': 'Chiplet_1', 'connection_type': '2.5d_rdl', 'loc': '2.5d_chiplet'},{'from': 'Chiplet_3', 'to': 'Chiplet_2', 'connection_type': '2.5d_rdl', 'loc': '2.5d_chiplet'},{'from': 'Chiplet_2', 'to': 'Chiplet_3', 'connection_type': '2.5d_rdl', 'loc': '2.5d_chiplet'},{'from': 'Chiplet_2', 'to': 'Chiplet_5', 'connection_type': '2.5d_rdl', 'loc': '2.5d_chiplet'},{'from': 'Chiplet_2', 'to': 'Chiplet_1', 'connection_type': '2.5d_rdl', 'loc': '2.5d_chiplet'},{'from': 'Chiplet_1', 'to': 'Chiplet_3', 'connection_type': '2.5d_rdl', 'loc': '2.5d_chiplet'},{'from': 'Chiplet_1', 'to': 'Chiplet_2', 'connection_type': '2.5d_rdl', 'loc': '2.5d_chiplet'},{'from': 'Chiplet_4', 'to': 'Chiplet_5', 'connection_type': '2.5d_rdl', 'loc': '2.5d_chiplet'},{'from': 'Chiplet_4', 'to': 'Chiplet_6', 'connection_type': '2.5d_rdl', 'loc': '2.5d_chiplet'},{'from': 'Chiplet_6', 'to': 'Chiplet_4', 'connection_type': '2.5d_rdl', 'loc': '2.5d_chiplet'},{'from': 'Chiplet_6', 'to': 'Chiplet_5', 'connection_type': '2.5d_rdl', 'loc': '2.5d_chiplet'}",1,1,1,4,5,4,hbm2,ucie_std,na,0,0,ws,0,0,0
107,22.108178429559633,3123416.46,168542.18565899547,49442550.38375695,8022.119466049593,5077.586096948211,107,0.46559300000000003,1.11875,512,64x64,7,2.972908090547913,5.538366334949999,2048,128x128,10,2.20879254,4.475,3072,128x128,7,3.665749090547913,5.538366334949999,4096,128x128,10,4.1253109519999995,10.4826,4096,192x192,7,0.46559300000000003,1.11875,512,64x64,7,2.5d,"{'from': 'Chiplet_5', 'to': 'Chiplet_4', 'connection_type': '2.5d_emib', 'loc': '2.5d_chiplet'},{'from': 'Chiplet_5', 'to': 'Chiplet_1', 'connection_type': '2.5d_emib', 'loc': '2.5d_chiplet'},{'from': 'Chiplet_5', 'to': 'Chiplet_3', 'connection_type': '2.5d_emib', 'loc': '2.5d_chiplet'},{'from': 'Chiplet_3', 'to': 'Chiplet_5', 'connection_type': '2.5d_emib', 'loc': '2.5d_chiplet'},{'from': 'Chiplet_3', 'to': 'Chiplet_1', 'connection_type': '2.5d_emib', 'loc': '2.5d_chiplet'},{'from': 'Chiplet_1', 'to': 'Chiplet_3', 'connection_type': '2.5d_emib', 'loc': '2.5d_chiplet'},{'from': 'Chiplet_1', 'to': 'Chiplet_5', 'connection_type': '2.5d_emib', 'loc': '2.5d_chiplet'},{'from': 'Chiplet_4', 'to': 'Chiplet_5', 'connection_type': '2.5d_emib', 'loc': '2.5d_chiplet'},{'from': 'Chiplet_4', 'to': 'Chiplet_2', 'connection_type': '2.5d_emib', 'loc': '2.5d_chiplet'},{'from': 'Chiplet_4', 'to': 'Chiplet_6', 'connection_type': '2.5d_emib', 'loc': '2.5d_chiplet'},{'from': 'Chiplet_2', 'to': 'Chiplet_4', 'connection_type': '2.5d_emib', 'loc': '2.5d_chiplet'},{'from': 'Chiplet_2', 'to': 'Chiplet_6', 'connection_type': '2.5d_emib', 'loc': '2.5d_chiplet'},{'from': 'Chiplet_6', 'to': 'Chiplet_4', 'connection_type': '2.5d_emib', 'loc': '2.5d_chiplet'},{'from': 'Chiplet_6', 'to': 'Chiplet_2', 'connection_type': '2.5d_emib', 'loc': '2.5d_chiplet'}",1,3,2,4,5,1,hbm2,ucie_adv,na,1,0,is,1,0,0
108,49.93982776929631,4880520.22,96329.49026716463,66023745.90557902,5550.833333333333,5410.234867621787,108,5.656782838920179,6.821646341899999,2048,128x128,14,0.378988,1.11875,256,64x64,7,1.8849981800824636,3.1172648505374996,2048,96x96,10,14.117807839976791,15.979573171754398,6144,192x192,14,7.419580457366196,12.973514847541198,6144,192x192,10,0.378988,1.11875,256,64x64,7,2.5d,"{'from': 'Chiplet_4', 'to': 'Chiplet_5', 'connection_type': '2.5d_rdl', 'loc': '2.5d_chiplet'},{'from': 'Chiplet_4', 'to': 'Chiplet_1', 'connection_type': '2.5d_rdl', 'loc': '2.5d_chiplet'},{'from': 'Chiplet_4', 'to': 'Chiplet_2', 'connection_type': '2.5d_rdl', 'loc': '2.5d_chiplet'},{'from': 'Chiplet_4', 'to': 'Chiplet_6', 'connection_type': '2.5d_rdl', 'loc': '2.5d_chiplet'},{'from': 'Chiplet_2', 'to': 'Chiplet_4', 'connection_type': '2.5d_rdl', 'loc': '2.5d_chiplet'},{'from': 'Chiplet_2', 'to': 'Chiplet_6', 'connection_type': '2.5d_rdl', 'loc': '2.5d_chiplet'},{'from': 'Chiplet_6', 'to': 'Chiplet_4', 'connection_type': '2.5d_rdl', 'loc': '2.5d_chiplet'},{'from': 'Chiplet_6', 'to': 'Chiplet_2', 'connection_type': '2.5d_rdl', 'loc': '2.5d_chiplet'},{'from': 'Chiplet_5', 'to': 'Chiplet_4', 'connection_type': '2.5d_rdl', 'loc': '2.5d_chiplet'},{'from': 'Chiplet_5', 'to': 'Chiplet_1', 'connection_type': '2.5d_rdl', 'loc': '2.5d_chiplet'},{'from': 'Chiplet_5', 'to': 'Chiplet_3', 'connection_type': '2.5d_rdl', 'loc': '2.5d_chiplet'},{'from': 'Chiplet_1', 'to': 'Chiplet_4', 'connection_type': '2.5d_rdl', 'loc': '2.5d_chiplet'},{'from': 'Chiplet_1', 'to': 'Chiplet_5', 'connection_type': '2.5d_rdl', 'loc': '2.5d_chiplet'},{'from': 'Chiplet_1', 'to': 'Chiplet_3', 'connection_type': '2.5d_rdl', 'loc': '2.5d_chiplet'},{'from': 'Chiplet_3', 'to': 'Chiplet_5', 'connection_type': '2.5d_rdl', 'loc': '2.5d_chiplet'},{'from': 'Chiplet_3', 'to': 'Chiplet_1', 'connection_type': '2.5d_rdl', 'loc': '2.5d_chiplet'}",3,1,1,7,3,1,hbm2,ucie_std,na,0,0,is,0,0,0
109,39.18848093549937,4660776.31,189999.6975848827,51543316.18560341,5383.713878713878,4886.818107574796,109,2.20879254,4.475,3072,128x128,7,2.972908090547913,5.538366334949999,2048,128x128,10,1.131132696,2.51875,1536,96x96,7,12.799492673176792,15.979573171754398,4096,192x192,14,6.975099908490179,6.821646341899999,4096,128x128,14,1.86237254,4.475,2048,128x128,7,2.5d,"{'from': 'Chiplet_4', 'to': 'Chiplet_3', 'connection_type': '2.5d_emib', 'loc': '2.5d_chiplet'},{'from': 'Chiplet_4', 'to': 'Chiplet_5', 'connection_type': '2.5d_emib', 'loc': '2.5d_chiplet'},{'from': 'Chiplet_4', 'to': 'Chiplet_2', 'connection_type': '2.5d_emib', 'loc': '2.5d_chiplet'},{'from': 'Chiplet_3', 'to': 'Chiplet_4', 'connection_type': '2.5d_emib', 'loc': '2.5d_chiplet'},{'from': 'Chiplet_3', 'to': 'Chiplet_2', 'connection_type': '2.5d_emib', 'loc': '2.5d_chiplet'},{'from': 'Chiplet_5', 'to': 'Chiplet_4', 'connection_type': '2.5d_emib', 'loc': '2.5d_chiplet'},{'from': 'Chiplet_5', 'to': 'Chiplet_1', 'connection_type': '2.5d_emib', 'loc': '2.5d_chiplet'},{'from': 'Chiplet_5', 'to': 'Chiplet_2', 'connection_type': '2.5d_emib', 'loc': '2.5d_chiplet'},{'from': 'Chiplet_2', 'to': 'Chiplet_4', 'connection_type': '2.5d_emib', 'loc': '2.5d_chiplet'},{'from': 'Chiplet_2', 'to': 'Chiplet_3', 'connection_type': '2.5d_emib', 'loc': '2.5d_chiplet'},{'from': 'Chiplet_2', 'to': 'Chiplet_1', 'connection_type': '2.5d_emib', 'loc': '2.5d_chiplet'},{'from': 'Chiplet_2', 'to': 'Chiplet_6', 'connection_type': '2.5d_emib', 'loc': '2.5d_chiplet'},{'from': 'Chiplet_2', 'to': 'Chiplet_5', 'connection_type': '2.5d_emib', 'loc': '2.5d_chiplet'},{'from': 'Chiplet_1', 'to': 'Chiplet_5', 'connection_type': '2.5d_emib', 'loc': '2.5d_chiplet'},{'from': 'Chiplet_1', 'to': 'Chiplet_2', 'connection_type': '2.5d_emib', 'loc': '2.5d_chiplet'},{'from': 'Chiplet_1', 'to': 'Chiplet_6', 'connection_type': '2.5d_emib', 'loc': '2.5d_chiplet'},{'from': 'Chiplet_6', 'to': 'Chiplet_1', 'connection_type': '2.5d_emib', 'loc': '2.5d_chiplet'},{'from': 'Chiplet_6', 'to': 'Chiplet_2', 'connection_type': '2.5d_emib', 'loc': '2.5d_chiplet'}",1,2,1,7,4,1,hbm3,aib,na,0,0,is,0,0,0
110,12.253614577451442,1205999.77,137708.45754359144,183347496.07555786,9736.857445680975,5815.475551082723,110,1.249405813087535,1.7054115854749998,256,64x64,14,0.638803,1.11875,1024,64x64,7,0.656621759447044,1.3845915837374998,256,64x64,10,0.656621759447044,1.3845915837374998,256,64x64,10,1.131132696,2.51875,1536,96x96,7,2.6264880905479133,5.538366334949999,1024,128x128,10,2.5d,"{'from': 'Chiplet_6', 'to': 'Chiplet_4', 'connection_type': '2.5d_emib', 'loc': '2.5d_chiplet'},{'from': 'Chiplet_6', 'to': 'Chiplet_1', 'connection_type': '2.5d_emib', 'loc': '2.5d_chiplet'},{'from': 'Chiplet_4', 'to': 'Chiplet_5', 'connection_type': '2.5d_emib', 'loc': '2.5d_chiplet'},{'from': 'Chiplet_4', 'to': 'Chiplet_1', 'connection_type': '2.5d_emib', 'loc': '2.5d_chiplet'},{'from': 'Chiplet_4', 'to': 'Chiplet_6', 'connection_type': '2.5d_emib', 'loc': '2.5d_chiplet'},{'from': 'Chiplet_1', 'to': 'Chiplet_4', 'connection_type': '2.5d_emib', 'loc': '2.5d_chiplet'},{'from': 'Chiplet_1', 'to': 'Chiplet_5', 'connection_type': '2.5d_emib', 'loc': '2.5d_chiplet'},{'from': 'Chiplet_1', 'to': 'Chiplet_2', 'connection_type': '2.5d_emib', 'loc': '2.5d_chiplet'},{'from': 'Chiplet_1', 'to': 'Chiplet_6', 'connection_type': '2.5d_emib', 'loc': '2.5d_chiplet'},{'from': 'Chiplet_2', 'to': 'Chiplet_3', 'connection_type': '2.5d_emib', 'loc': '2.5d_chiplet'},{'from': 'Chiplet_2', 'to': 'Chiplet_1', 'connection_type': '2.5d_emib', 'loc': '2.5d_chiplet'},{'from': 'Chiplet_5', 'to': 'Chiplet_4', 'connection_type': '2.5d_emib', 'loc': '2.5d_chiplet'},{'from': 'Chiplet_5', 'to': 'Chiplet_1', 'connection_type': '2.5d_emib', 'loc': '2.5d_chiplet'},{'from': 'Chiplet_5', 'to': 'Chiplet_3', 'connection_type': '2.5d_emib', 'loc': '2.5d_chiplet'},{'from': 'Chiplet_3', 'to': 'Chiplet_5', 'connection_type': '2.5d_emib', 'loc': '2.5d_chiplet'},{'from': 'Chiplet_3', 'to': 'Chiplet_2', 'connection_type': '2.5d_emib', 'loc': '2.5d_chiplet'}",1,1,1,1,1,3,ddr4,bow,na,0,0,is,0,0,0
111,34.88275160206188,4679668.95,191793.13724764858,53507249.654105395,4365.173415173415,4217.060883449155,111,3.5867297574793953,3.8395579270749995,2048,96x96,14,1.4141952089375351,1.7054115854749998,512,64x64,14,2.55521354,4.475,4096,128x128,7,5.5109919519999995,10.4826,8192,192x192,7,6.726740457366197,12.973514847541198,4096,192x192,10,4.9976252555201786,6.821646341899999,1024,128x128,14,2.5d,"{'from': 'Chiplet_5', 'to': 'Chiplet_4', 'connection_type': '2.5d_emib', 'loc': '2.5d_chiplet'},{'from': 'Chiplet_5', 'to': 'Chiplet_1', 'connection_type': '2.5d_emib', 'loc': '2.5d_chiplet'},{'from': 'Chiplet_5', 'to': 'Chiplet_3', 'connection_type': '2.5d_emib', 'loc': '2.5d_chiplet'},{'from': 'Chiplet_5', 'to': 'Chiplet_6', 'connection_type': '2.5d_emib', 'loc': '2.5d_chiplet'},{'from': 'Chiplet_1', 'to': 'Chiplet_3', 'connection_type': '2.5d_emib', 'loc': '2.5d_chiplet'},{'from': 'Chiplet_1', 'to': 'Chiplet_5', 'connection_type': '2.5d_emib', 'loc': '2.5d_chiplet'},{'from': 'Chiplet_3', 'to': 'Chiplet_5', 'connection_type': '2.5d_emib', 'loc': '2.5d_chiplet'},{'from': 'Chiplet_3', 'to': 'Chiplet_1', 'connection_type': '2.5d_emib', 'loc': '2.5d_chiplet'},{'from': 'Chiplet_4', 'to': 'Chiplet_5', 'connection_type': '2.5d_emib', 'loc': '2.5d_chiplet'},{'from': 'Chiplet_4', 'to': 'Chiplet_2', 'connection_type': '2.5d_emib', 'loc': '2.5d_chiplet'},{'from': 'Chiplet_4', 'to': 'Chiplet_6', 'connection_type': '2.5d_emib', 'loc': '2.5d_chiplet'},{'from': 'Chiplet_6', 'to': 'Chiplet_4', 'connection_type': '2.5d_emib', 'loc': '2.5d_chiplet'},{'from': 'Chiplet_6', 'to': 'Chiplet_5', 'connection_type': '2.5d_emib', 'loc': '2.5d_chiplet'},{'from': 'Chiplet_6', 'to': 'Chiplet_2', 'connection_type': '2.5d_emib', 'loc': '2.5d_chiplet'},{'from': 'Chiplet_2', 'to': 'Chiplet_4', 'connection_type': '2.5d_emib', 'loc': '2.5d_chiplet'},{'from': 'Chiplet_2', 'to': 'Chiplet_6', 'connection_type': '2.5d_emib', 'loc': '2.5d_chiplet'}",2,1,2,4,4,3,hbm3,ucie_adv,na,1,0,is,0,0,0
112,22.60679119800054,4173162.59,140374.344363207,50497635.20062882,7218.709556139684,6261.514296959877,112,0.46559300000000003,1.11875,512,64x64,7,3.3193280905479132,5.538366334949999,3072,128x128,10,1.51595254,4.475,1024,128x128,7,7.419580457366196,12.973514847541198,6144,192x192,10,1.3653681800824635,3.1172648505374996,512,96x96,10,7.419580457366196,12.973514847541198,6144,192x192,10,2.5d_3d,"{'from': 'Chiplet_4', 'to': 'Chiplet_2', 'connection_type': '3d_u_bump', 'loc': 'stack0_base'},{'from': 'Chiplet_2', 'to': 'Chiplet_1', 'connection_type': '3d_u_bump', 'loc': 'stack0_middle1'},{'from': 'Chiplet_1', 'to': 'na', 'connection_type': '3d_u_bump', 'loc': 'stack0_top'},{'from': 'Chiplet_4', 'to': 'Chiplet_3', 'connection_type': '2.5d_emib', 'loc': '2.5d_chiplet'},{'from': 'Chiplet_4', 'to': 'Chiplet_6', 'connection_type': '2.5d_emib', 'loc': '2.5d_chiplet'},{'from': 'Chiplet_3', 'to': 'Chiplet_4', 'connection_type': '2.5d_emib', 'loc': '2.5d_chiplet'},{'from': 'Chiplet_3', 'to': 'Chiplet_5', 'connection_type': '2.5d_emib', 'loc': '2.5d_chiplet'},{'from': 'Chiplet_6', 'to': 'Chiplet_4', 'connection_type': '2.5d_emib', 'loc': '2.5d_chiplet'},{'from': 'Chiplet_6', 'to': 'Chiplet_5', 'connection_type': '2.5d_emib', 'loc': '2.5d_chiplet'},{'from': 'Chiplet_5', 'to': 'Chiplet_3', 'connection_type': '2.5d_emib', 'loc': '2.5d_chiplet'},{'from': 'Chiplet_5', 'to': 'Chiplet_6', 'connection_type': '2.5d_emib', 'loc': '2.5d_chiplet'}",1,2,1,6,1,5,hbm2,bow,ucie_3d,0,0,ws,1,0,0
113,8.782990616083877,1529070.59,38242.63677296379,47524962.55466654,3111.454767726161,1708.6445774183521,113,2.927572174079395,3.8395579270749995,1024,96x96,14,1.5385781800824634,3.1172648505374996,1024,96x96,10,0.957922696,2.51875,1024,96x96,7,1.743774000637535,1.7054115854749998,1024,64x64,14,1.4141952089375351,1.7054115854749998,512,64x64,14,1.743774000637535,1.7054115854749998,1024,64x64,14,2.5d_3d,"{'from': 'Chiplet_6', 'to': 'Chiplet_4', 'connection_type': '3d_hyb_bond', 'loc': 'stack0_base'},{'from': 'Chiplet_4', 'to': 'Chiplet_5', 'connection_type': '3d_hyb_bond', 'loc': 'stack0_middle1'},{'from': 'Chiplet_5', 'to': 'na', 'connection_type': '3d_hyb_bond', 'loc': 'stack0_top'},{'from': 'Chiplet_1', 'to': 'Chiplet_3', 'connection_type': '2.5d_rdl', 'loc': '2.5d_chiplet'},{'from': 'Chiplet_1', 'to': 'Chiplet_2', 'connection_type': '2.5d_rdl', 'loc': '2.5d_chiplet'},{'from': 'Chiplet_1', 'to': 'Chiplet_6', 'connection_type': '2.5d_rdl', 'loc': '2.5d_chiplet'},{'from': 'Chiplet_3', 'to': 'Chiplet_1', 'connection_type': '2.5d_rdl', 'loc': '2.5d_chiplet'},{'from': 'Chiplet_3', 'to': 'Chiplet_2', 'connection_type': '2.5d_rdl', 'loc': '2.5d_chiplet'},{'from': 'Chiplet_6', 'to': 'Chiplet_1', 'connection_type': '2.5d_rdl', 'loc': '2.5d_chiplet'},{'from': 'Chiplet_6', 'to': 'Chiplet_2', 'connection_type': '2.5d_rdl', 'loc': '2.5d_chiplet'},{'from': 'Chiplet_2', 'to': 'Chiplet_3', 'connection_type': '2.5d_rdl', 'loc': '2.5d_chiplet'},{'from': 'Chiplet_2', 'to': 'Chiplet_1', 'connection_type': '2.5d_rdl', 'loc': '2.5d_chiplet'},{'from': 'Chiplet_2', 'to': 'Chiplet_6', 'connection_type': '2.5d_rdl', 'loc': '2.5d_chiplet'}",5,2,1,3,2,3,hbm3,ucie_std,ucie_3d,0,0,os,0,0,0
114,51.810535827921576,5417986.25,109275.51599061867,49656552.8146494,7328.335961793395,8200.669974390445,114,3.3193280905479132,5.538366334949999,3072,128x128,10,11.481175603606792,15.979573171754398,2048,192x192,14,6.033899457366197,12.973514847541198,2048,192x192,10,0.784712696,2.51875,512,96x96,7,12.799492673176792,15.979573171754398,4096,192x192,14,0.46559300000000003,1.11875,512,64x64,7,2.5d,"{'from': 'Chiplet_5', 'to': 'Chiplet_3', 'connection_type': '2.5d_rdl', 'loc': '2.5d_chiplet'},{'from': 'Chiplet_5', 'to': 'Chiplet_4', 'connection_type': '2.5d_rdl', 'loc': '2.5d_chiplet'},{'from': 'Chiplet_5', 'to': 'Chiplet_1', 'connection_type': '2.5d_rdl', 'loc': '2.5d_chiplet'},{'from': 'Chiplet_5', 'to': 'Chiplet_2', 'connection_type': '2.5d_rdl', 'loc': '2.5d_chiplet'},{'from': 'Chiplet_1', 'to': 'Chiplet_4', 'connection_type': '2.5d_rdl', 'loc': '2.5d_chiplet'},{'from': 'Chiplet_1', 'to': 'Chiplet_5', 'connection_type': '2.5d_rdl', 'loc': '2.5d_chiplet'},{'from': 'Chiplet_1', 'to': 'Chiplet_6', 'connection_type': '2.5d_rdl', 'loc': '2.5d_chiplet'},{'from': 'Chiplet_4', 'to': 'Chiplet_5', 'connection_type': '2.5d_rdl', 'loc': '2.5d_chiplet'},{'from': 'Chiplet_4', 'to': 'Chiplet_1', 'connection_type': '2.5d_rdl', 'loc': '2.5d_chiplet'},{'from': 'Chiplet_4', 'to': 'Chiplet_6', 'connection_type': '2.5d_rdl', 'loc': '2.5d_chiplet'},{'from': 'Chiplet_6', 'to': 'Chiplet_4', 'connection_type': '2.5d_rdl', 'loc': '2.5d_chiplet'},{'from': 'Chiplet_6', 'to': 'Chiplet_1', 'connection_type': '2.5d_rdl', 'loc': '2.5d_chiplet'},{'from': 'Chiplet_2', 'to': 'Chiplet_3', 'connection_type': '2.5d_rdl', 'loc': '2.5d_chiplet'},{'from': 'Chiplet_2', 'to': 'Chiplet_5', 'connection_type': '2.5d_rdl', 'loc': '2.5d_chiplet'},{'from': 'Chiplet_3', 'to': 'Chiplet_5', 'connection_type': '2.5d_rdl', 'loc': '2.5d_chiplet'},{'from': 'Chiplet_3', 'to': 'Chiplet_2', 'connection_type': '2.5d_rdl', 'loc': '2.5d_chiplet'}",1,5,2,1,6,1,hbm2,ucie_std,na,0,0,ws,1,0,0
115,15.060114549599254,3392671.37,75753.11853194583,47996467.4370324,11218.603796964051,7809.252462133366,115,1.3653681800824635,3.1172648505374996,512,96x96,10,4.818150952,10.4826,6144,192x192,7,1.51595254,4.475,1024,128x128,7,4.1253109519999995,10.4826,4096,192x192,7,1.131132696,2.51875,1536,96x96,7,0.957922696,2.51875,1024,96x96,7,2.5d_3d,"{'from': 'Chiplet_1', 'to': 'Chiplet_5', 'connection_type': '3d_tsv', 'loc': 'stack0_base'},{'from': 'Chiplet_5', 'to': 'Chiplet_6', 'connection_type': '3d_tsv', 'loc': 'stack0_middle1'},{'from': 'Chiplet_6', 'to': 'na', 'connection_type': '3d_tsv', 'loc': 'stack0_top'},{'from': 'Chiplet_2', 'to': 'Chiplet_4', 'connection_type': '2.5d_rdl', 'loc': '2.5d_chiplet'},{'from': 'Chiplet_2', 'to': 'Chiplet_1', 'connection_type': '2.5d_rdl', 'loc': '2.5d_chiplet'},{'from': 'Chiplet_2', 'to': 'Chiplet_3', 'connection_type': '2.5d_rdl', 'loc': '2.5d_chiplet'},{'from': 'Chiplet_1', 'to': 'Chiplet_3', 'connection_type': '2.5d_rdl', 'loc': '2.5d_chiplet'},{'from': 'Chiplet_1', 'to': 'Chiplet_2', 'connection_type': '2.5d_rdl', 'loc': '2.5d_chiplet'},{'from': 'Chiplet_4', 'to': 'Chiplet_3', 'connection_type': '2.5d_rdl', 'loc': '2.5d_chiplet'},{'from': 'Chiplet_4', 'to': 'Chiplet_2', 'connection_type': '2.5d_rdl', 'loc': '2.5d_chiplet'},{'from': 'Chiplet_3', 'to': 'Chiplet_4', 'connection_type': '2.5d_rdl', 'loc': '2.5d_chiplet'},{'from': 'Chiplet_3', 'to': 'Chiplet_1', 'connection_type': '2.5d_rdl', 'loc': '2.5d_chiplet'},{'from': 'Chiplet_3', 'to': 'Chiplet_2', 'connection_type': '2.5d_rdl', 'loc': '2.5d_chiplet'}",2,5,2,5,1,1,hbm2,ucie_std,ucie_3d,1,0,os,1,0,0
116,52.059646729007525,5338074.92,215616.7062796637,197685100.49987555,6223.954248366013,9102.289579998198,116,1.743774000637535,1.7054115854749998,1024,64x64,14,0.638803,1.11875,1024,64x64,7,15.436124909546791,15.979573171754398,8192,192x192,14,1.131132696,2.51875,1536,96x96,7,5.5109919519999995,10.4826,8192,192x192,7,14.117807839976791,15.979573171754398,6144,192x192,14,2.5d,"{'from': 'Chiplet_3', 'to': 'Chiplet_4', 'connection_type': '2.5d_emib', 'loc': '2.5d_chiplet'},{'from': 'Chiplet_3', 'to': 'Chiplet_5', 'connection_type': '2.5d_emib', 'loc': '2.5d_chiplet'},{'from': 'Chiplet_3', 'to': 'Chiplet_1', 'connection_type': '2.5d_emib', 'loc': '2.5d_chiplet'},{'from': 'Chiplet_3', 'to': 'Chiplet_6', 'connection_type': '2.5d_emib', 'loc': '2.5d_chiplet'},{'from': 'Chiplet_1', 'to': 'Chiplet_4', 'connection_type': '2.5d_emib', 'loc': '2.5d_chiplet'},{'from': 'Chiplet_1', 'to': 'Chiplet_3', 'connection_type': '2.5d_emib', 'loc': '2.5d_chiplet'},{'from': 'Chiplet_1', 'to': 'Chiplet_2', 'connection_type': '2.5d_emib', 'loc': '2.5d_chiplet'},{'from': 'Chiplet_4', 'to': 'Chiplet_3', 'connection_type': '2.5d_emib', 'loc': '2.5d_chiplet'},{'from': 'Chiplet_4', 'to': 'Chiplet_1', 'connection_type': '2.5d_emib', 'loc': '2.5d_chiplet'},{'from': 'Chiplet_4', 'to': 'Chiplet_2', 'connection_type': '2.5d_emib', 'loc': '2.5d_chiplet'},{'from': 'Chiplet_2', 'to': 'Chiplet_4', 'connection_type': '2.5d_emib', 'loc': '2.5d_chiplet'},{'from': 'Chiplet_2', 'to': 'Chiplet_1', 'connection_type': '2.5d_emib', 'loc': '2.5d_chiplet'},{'from': 'Chiplet_6', 'to': 'Chiplet_3', 'connection_type': '2.5d_emib', 'loc': '2.5d_chiplet'},{'from': 'Chiplet_6', 'to': 'Chiplet_5', 'connection_type': '2.5d_emib', 'loc': '2.5d_chiplet'},{'from': 'Chiplet_5', 'to': 'Chiplet_3', 'connection_type': '2.5d_emib', 'loc': '2.5d_chiplet'},{'from': 'Chiplet_5', 'to': 'Chiplet_6', 'connection_type': '2.5d_emib', 'loc': '2.5d_chiplet'}",1,1,2,1,1,2,ddr4,bow,na,1,0,is,0,0,0
117,28.375792253761833,3357237.77,89404.04736156708,104143826.61735177,10449.235084132148,9296.101003852025,117,1.304342696,2.51875,2048,96x96,7,6.315940422320179,6.821646341899999,3072,128x128,14,7.419580457366196,12.973514847541198,6144,192x192,10,4.1253109519999995,10.4826,4096,192x192,7,1.304342696,2.51875,2048,96x96,7,1.5385781800824634,3.1172648505374996,1024,96x96,10,2.5d,"{'from': 'Chiplet_3', 'to': 'Chiplet_4', 'connection_type': '2.5d_rdl', 'loc': '2.5d_chiplet'},{'from': 'Chiplet_3', 'to': 'Chiplet_1', 'connection_type': '2.5d_rdl', 'loc': '2.5d_chiplet'},{'from': 'Chiplet_3', 'to': 'Chiplet_2', 'connection_type': '2.5d_rdl', 'loc': '2.5d_chiplet'},{'from': 'Chiplet_3', 'to': 'Chiplet_6', 'connection_type': '2.5d_rdl', 'loc': '2.5d_chiplet'},{'from': 'Chiplet_6', 'to': 'Chiplet_3', 'connection_type': '2.5d_rdl', 'loc': '2.5d_chiplet'},{'from': 'Chiplet_6', 'to': 'Chiplet_5', 'connection_type': '2.5d_rdl', 'loc': '2.5d_chiplet'},{'from': 'Chiplet_6', 'to': 'Chiplet_1', 'connection_type': '2.5d_rdl', 'loc': '2.5d_chiplet'},{'from': 'Chiplet_1', 'to': 'Chiplet_3', 'connection_type': '2.5d_rdl', 'loc': '2.5d_chiplet'},{'from': 'Chiplet_1', 'to': 'Chiplet_5', 'connection_type': '2.5d_rdl', 'loc': '2.5d_chiplet'},{'from': 'Chiplet_1', 'to': 'Chiplet_6', 'connection_type': '2.5d_rdl', 'loc': '2.5d_chiplet'},{'from': 'Chiplet_5', 'to': 'Chiplet_1', 'connection_type': '2.5d_rdl', 'loc': '2.5d_chiplet'},{'from': 'Chiplet_5', 'to': 'Chiplet_6', 'connection_type': '2.5d_rdl', 'loc': '2.5d_chiplet'},{'from': 'Chiplet_2', 'to': 'Chiplet_3', 'connection_type': '2.5d_rdl', 'loc': '2.5d_chiplet'},{'from': 'Chiplet_2', 'to': 'Chiplet_4', 'connection_type': '2.5d_rdl', 'loc': '2.5d_chiplet'},{'from': 'Chiplet_4', 'to': 'Chiplet_3', 'connection_type': '2.5d_rdl', 'loc': '2.5d_chiplet'},{'from': 'Chiplet_4', 'to': 'Chiplet_2', 'connection_type': '2.5d_rdl', 'loc': '2.5d_chiplet'}",1,2,2,1,1,1,ddr5,ucie_std,na,0,0,ws,1,0,0
118,61.14058872132332,6768101.55,135092.18018590778,53169798.342822574,13833.907812222446,14977.01947505636,118,4.818150952,10.4826,6144,192x192,7,5.656782838920179,6.821646341899999,2048,128x128,14,12.799492673176792,15.979573171754398,4096,192x192,14,4.818150952,10.4826,6144,192x192,7,2.20879254,4.475,3072,128x128,7,6.975099908490179,6.821646341899999,4096,128x128,14,2.5d,"{'from': 'Chiplet_3', 'to': 'Chiplet_4', 'connection_type': '2.5d_rdl', 'loc': '2.5d_chiplet'},{'from': 'Chiplet_3', 'to': 'Chiplet_6', 'connection_type': '2.5d_rdl', 'loc': '2.5d_chiplet'},{'from': 'Chiplet_4', 'to': 'Chiplet_3', 'connection_type': '2.5d_rdl', 'loc': '2.5d_chiplet'},{'from': 'Chiplet_4', 'to': 'Chiplet_2', 'connection_type': '2.5d_rdl', 'loc': '2.5d_chiplet'},{'from': 'Chiplet_4', 'to': 'Chiplet_6', 'connection_type': '2.5d_rdl', 'loc': '2.5d_chiplet'},{'from': 'Chiplet_6', 'to': 'Chiplet_3', 'connection_type': '2.5d_rdl', 'loc': '2.5d_chiplet'},{'from': 'Chiplet_6', 'to': 'Chiplet_4', 'connection_type': '2.5d_rdl', 'loc': '2.5d_chiplet'},{'from': 'Chiplet_6', 'to': 'Chiplet_1', 'connection_type': '2.5d_rdl', 'loc': '2.5d_chiplet'},{'from': 'Chiplet_6', 'to': 'Chiplet_2', 'connection_type': '2.5d_rdl', 'loc': '2.5d_chiplet'},{'from': 'Chiplet_6', 'to': 'Chiplet_5', 'connection_type': '2.5d_rdl', 'loc': '2.5d_chiplet'},{'from': 'Chiplet_5', 'to': 'Chiplet_1', 'connection_type': '2.5d_rdl', 'loc': '2.5d_chiplet'},{'from': 'Chiplet_5', 'to': 'Chiplet_6', 'connection_type': '2.5d_rdl', 'loc': '2.5d_chiplet'},{'from': 'Chiplet_2', 'to': 'Chiplet_4', 'connection_type': '2.5d_rdl', 'loc': '2.5d_chiplet'},{'from': 'Chiplet_2', 'to': 'Chiplet_1', 'connection_type': '2.5d_rdl', 'loc': '2.5d_chiplet'},{'from': 'Chiplet_2', 'to': 'Chiplet_6', 'connection_type': '2.5d_rdl', 'loc': '2.5d_chiplet'},{'from': 'Chiplet_1', 'to': 'Chiplet_5', 'connection_type': '2.5d_rdl', 'loc': '2.5d_chiplet'},{'from': 'Chiplet_1', 'to': 'Chiplet_2', 'connection_type': '2.5d_rdl', 'loc': '2.5d_chiplet'},{'from': 'Chiplet_1', 'to': 'Chiplet_6', 'connection_type': '2.5d_rdl', 'loc': '2.5d_chiplet'}",2,2,6,2,1,3,hbm3,ucie_std,na,0,0,os,1,0,0
119,59.026309922567584,6235555.36,121669.62996892966,59142743.85032846,2403.713878713879,3383.6417824595596,119,15.436124909546791,15.979573171754398,8192,192x192,14,5.5109919519999995,10.4826,8192,192x192,7,2.6264880905479133,5.538366334949999,1024,128x128,10,1.131132696,2.51875,1536,96x96,7,1.51595254,4.475,1024,128x128,7,6.033899457366197,12.973514847541198,2048,192x192,10,2.5d,"{'from': 'Chiplet_1', 'to': 'Chiplet_4', 'connection_type': '2.5d_rdl', 'loc': '2.5d_chiplet'},{'from': 'Chiplet_1', 'to': 'Chiplet_6', 'connection_type': '2.5d_rdl', 'loc': '2.5d_chiplet'},{'from': 'Chiplet_4', 'to': 'Chiplet_1', 'connection_type': '2.5d_rdl', 'loc': '2.5d_chiplet'},{'from': 'Chiplet_4', 'to': 'Chiplet_2', 'connection_type': '2.5d_rdl', 'loc': '2.5d_chiplet'},{'from': 'Chiplet_4', 'to': 'Chiplet_6', 'connection_type': '2.5d_rdl', 'loc': '2.5d_chiplet'},{'from': 'Chiplet_6', 'to': 'Chiplet_4', 'connection_type': '2.5d_rdl', 'loc': '2.5d_chiplet'},{'from': 'Chiplet_6', 'to': 'Chiplet_5', 'connection_type': '2.5d_rdl', 'loc': '2.5d_chiplet'},{'from': 'Chiplet_6', 'to': 'Chiplet_1', 'connection_type': '2.5d_rdl', 'loc': '2.5d_chiplet'},{'from': 'Chiplet_6', 'to': 'Chiplet_2', 'connection_type': '2.5d_rdl', 'loc': '2.5d_chiplet'},{'from': 'Chiplet_5', 'to': 'Chiplet_3', 'connection_type': '2.5d_rdl', 'loc': '2.5d_chiplet'},{'from': 'Chiplet_5', 'to': 'Chiplet_6', 'connection_type': '2.5d_rdl', 'loc': '2.5d_chiplet'},{'from': 'Chiplet_2', 'to': 'Chiplet_4', 'connection_type': '2.5d_rdl', 'loc': '2.5d_chiplet'},{'from': 'Chiplet_2', 'to': 'Chiplet_3', 'connection_type': '2.5d_rdl', 'loc': '2.5d_chiplet'},{'from': 'Chiplet_2', 'to': 'Chiplet_6', 'connection_type': '2.5d_rdl', 'loc': '2.5d_chiplet'},{'from': 'Chiplet_3', 'to': 'Chiplet_5', 'connection_type': '2.5d_rdl', 'loc': '2.5d_chiplet'},{'from': 'Chiplet_3', 'to': 'Chiplet_2', 'connection_type': '2.5d_rdl', 'loc': '2.5d_chiplet'}",7,3,1,1,1,3,hbm3,ucie_std,na,1,0,os,0,0,0
120,38.61911468717579,4637595.12,95510.85580175283,56028023.792987,4500.675675675676,4827.098285203372,120,7.419580457366196,12.973514847541198,6144,192x192,10,3.3193280905479132,5.538366334949999,3072,128x128,10,2.55521354,4.475,4096,128x128,7,1.3653681800824635,3.1172648505374996,512,96x96,10,5.656782838920179,6.821646341899999,2048,128x128,14,6.033899457366197,12.973514847541198,2048,192x192,10,2.5d,"{'from': 'Chiplet_1', 'to': 'Chiplet_3', 'connection_type': '2.5d_rdl', 'loc': '2.5d_chiplet'},{'from': 'Chiplet_1', 'to': 'Chiplet_5', 'connection_type': '2.5d_rdl', 'loc': '2.5d_chiplet'},{'from': 'Chiplet_1', 'to': 'Chiplet_2', 'connection_type': '2.5d_rdl', 'loc': '2.5d_chiplet'},{'from': 'Chiplet_1', 'to': 'Chiplet_6', 'connection_type': '2.5d_rdl', 'loc': '2.5d_chiplet'},{'from': 'Chiplet_2', 'to': 'Chiplet_3', 'connection_type': '2.5d_rdl', 'loc': '2.5d_chiplet'},{'from': 'Chiplet_2', 'to': 'Chiplet_1', 'connection_type': '2.5d_rdl', 'loc': '2.5d_chiplet'},{'from': 'Chiplet_3', 'to': 'Chiplet_1', 'connection_type': '2.5d_rdl', 'loc': '2.5d_chiplet'},{'from': 'Chiplet_3', 'to': 'Chiplet_2', 'connection_type': '2.5d_rdl', 'loc': '2.5d_chiplet'},{'from': 'Chiplet_6', 'to': 'Chiplet_4', 'connection_type': '2.5d_rdl', 'loc': '2.5d_chiplet'},{'from': 'Chiplet_6', 'to': 'Chiplet_5', 'connection_type': '2.5d_rdl', 'loc': '2.5d_chiplet'},{'from': 'Chiplet_6', 'to': 'Chiplet_1', 'connection_type': '2.5d_rdl', 'loc': '2.5d_chiplet'},{'from': 'Chiplet_5', 'to': 'Chiplet_4', 'connection_type': '2.5d_rdl', 'loc': '2.5d_chiplet'},{'from': 'Chiplet_5', 'to': 'Chiplet_1', 'connection_type': '2.5d_rdl', 'loc': '2.5d_chiplet'},{'from': 'Chiplet_5', 'to': 'Chiplet_6', 'connection_type': '2.5d_rdl', 'loc': '2.5d_chiplet'},{'from': 'Chiplet_4', 'to': 'Chiplet_5', 'connection_type': '2.5d_rdl', 'loc': '2.5d_chiplet'},{'from': 'Chiplet_4', 'to': 'Chiplet_6', 'connection_type': '2.5d_rdl', 'loc': '2.5d_chiplet'}",4,2,2,1,3,4,hbm2,ucie_std,na,1,0,is,0,0,0
121,27.40460676736154,3586443.36,81275.52244248065,126439696.81371775,3358.275376353552,4893.192640270303,121,6.033899457366197,12.973514847541198,2048,192x192,10,3.665749090547913,5.538366334949999,4096,128x128,10,0.957922696,2.51875,1024,96x96,7,1.51595254,4.475,1024,128x128,7,1.7117881800824635,3.1172648505374996,1536,96x96,10,6.726740457366197,12.973514847541198,4096,192x192,10,2.5d_3d,"{'from': 'Chiplet_4', 'to': 'Chiplet_3', 'connection_type': '3d_u_bump', 'loc': 'stack0_base'},{'from': 'Chiplet_3', 'to': 'na', 'connection_type': '3d_u_bump', 'loc': 'stack0_top'},{'from': 'Chiplet_6', 'to': 'Chiplet_4', 'connection_type': '2.5d_rdl', 'loc': '2.5d_chiplet'},{'from': 'Chiplet_6', 'to': 'Chiplet_5', 'connection_type': '2.5d_rdl', 'loc': '2.5d_chiplet'},{'from': 'Chiplet_6', 'to': 'Chiplet_1', 'connection_type': '2.5d_rdl', 'loc': '2.5d_chiplet'},{'from': 'Chiplet_5', 'to': 'Chiplet_4', 'connection_type': '2.5d_rdl', 'loc': '2.5d_chiplet'},{'from': 'Chiplet_5', 'to': 'Chiplet_6', 'connection_type': '2.5d_rdl', 'loc': '2.5d_chiplet'},{'from': 'Chiplet_4', 'to': 'Chiplet_5', 'connection_type': '2.5d_rdl', 'loc': '2.5d_chiplet'},{'from': 'Chiplet_4', 'to': 'Chiplet_2', 'connection_type': '2.5d_rdl', 'loc': '2.5d_chiplet'},{'from': 'Chiplet_4', 'to': 'Chiplet_6', 'connection_type': '2.5d_rdl', 'loc': '2.5d_chiplet'},{'from': 'Chiplet_1', 'to': 'Chiplet_2', 'connection_type': '2.5d_rdl', 'loc': '2.5d_chiplet'},{'from': 'Chiplet_1', 'to': 'Chiplet_6', 'connection_type': '2.5d_rdl', 'loc': '2.5d_chiplet'},{'from': 'Chiplet_2', 'to': 'Chiplet_4', 'connection_type': '2.5d_rdl', 'loc': '2.5d_chiplet'},{'from': 'Chiplet_2', 'to': 'Chiplet_1', 'connection_type': '2.5d_rdl', 'loc': '2.5d_chiplet'}",2,1,1,1,1,2,ddr5,ucie_std,ucie_3d,1,0,os,0,0,0
122,4.080200990748411,1433261.66,49636.310128091165,36756488.71235966,6027.614379084967,2257.7357972047844,122,1.51595254,4.475,1024,128x128,7,0.552198,1.11875,768,64x64,7,0.916436759447044,1.3845915837374998,1024,64x64,10,2.20879254,4.475,3072,128x128,7,0.638803,1.11875,1024,64x64,7,1.249405813087535,1.7054115854749998,256,64x64,14,2.5d_3d,"{'from': 'Chiplet_4', 'to': 'Chiplet_1', 'connection_type': '3d_u_bump', 'loc': 'stack0_base'},{'from': 'Chiplet_1', 'to': 'Chiplet_3', 'connection_type': '3d_u_bump', 'loc': 'stack0_middle1'},{'from': 'Chiplet_3', 'to': 'Chiplet_5', 'connection_type': '3d_u_bump', 'loc': 'stack0_middle2'},{'from': 'Chiplet_5', 'to': 'Chiplet_2', 'connection_type': '3d_u_bump', 'loc': 'stack0_middle3'},{'from': 'Chiplet_2', 'to': 'na', 'connection_type': '3d_u_bump', 'loc': 'stack0_top'},{'from': 'Chiplet_4', 'to': 'Chiplet_6', 'connection_type': '2.5d_rdl', 'loc': '2.5d_chiplet'},{'from': 'Chiplet_6', 'to': 'Chiplet_4', 'connection_type': '2.5d_rdl', 'loc': '2.5d_chiplet'}",3,1,2,5,2,3,hbm3,ucie_std,ucie_3d,0,0,ws,0,0,0
123,17.44429051986054,2129075.24,149923.1302674624,38391238.447860084,14648.310451636373,6751.316946391209,123,4.9976252555201786,6.821646341899999,1024,128x128,14,0.656621759447044,1.3845915837374998,256,64x64,10,1.51595254,4.475,1024,128x128,7,0.552198,1.11875,768,64x64,7,2.972908090547913,5.538366334949999,2048,128x128,10,1.3653681800824635,3.1172648505374996,512,96x96,10,2.5d,"{'from': 'Chiplet_1', 'to': 'Chiplet_3', 'connection_type': '2.5d_emib', 'loc': '2.5d_chiplet'},{'from': 'Chiplet_1', 'to': 'Chiplet_5', 'connection_type': '2.5d_emib', 'loc': '2.5d_chiplet'},{'from': 'Chiplet_1', 'to': 'Chiplet_4', 'connection_type': '2.5d_emib', 'loc': '2.5d_chiplet'},{'from': 'Chiplet_1', 'to': 'Chiplet_2', 'connection_type': '2.5d_emib', 'loc': '2.5d_chiplet'},{'from': 'Chiplet_2', 'to': 'Chiplet_4', 'connection_type': '2.5d_emib', 'loc': '2.5d_chiplet'},{'from': 'Chiplet_2', 'to': 'Chiplet_1', 'connection_type': '2.5d_emib', 'loc': '2.5d_chiplet'},{'from': 'Chiplet_4', 'to': 'Chiplet_1', 'connection_type': '2.5d_emib', 'loc': '2.5d_chiplet'},{'from': 'Chiplet_4', 'to': 'Chiplet_2', 'connection_type': '2.5d_emib', 'loc': '2.5d_chiplet'},{'from': 'Chiplet_5', 'to': 'Chiplet_3', 'connection_type': '2.5d_emib', 'loc': '2.5d_chiplet'},{'from': 'Chiplet_5', 'to': 'Chiplet_1', 'connection_type': '2.5d_emib', 'loc': '2.5d_chiplet'},{'from': 'Chiplet_5', 'to': 'Chiplet_6', 'connection_type': '2.5d_emib', 'loc': '2.5d_chiplet'},{'from': 'Chiplet_3', 'to': 'Chiplet_5', 'connection_type': '2.5d_emib', 'loc': '2.5d_chiplet'},{'from': 'Chiplet_3', 'to': 'Chiplet_1', 'connection_type': '2.5d_emib', 'loc': '2.5d_chiplet'},{'from': 'Chiplet_3', 'to': 'Chiplet_6', 'connection_type': '2.5d_emib', 'loc': '2.5d_chiplet'},{'from': 'Chiplet_6', 'to': 'Chiplet_3', 'connection_type': '2.5d_emib', 'loc': '2.5d_chiplet'},{'from': 'Chiplet_6', 'to': 'Chiplet_5', 'connection_type': '2.5d_emib', 'loc': '2.5d_chiplet'}",6,1,2,1,4,2,hbm2,ucie_adv,na,0,0,is,1,0,0
124,33.2397765775361,4537563.34,111567.58244181062,107907557.04476547,9948.772964079422,10113.565197511598,124,1.7117881800824635,3.1172648505374996,1536,96x96,10,15.436124909546791,15.979573171754398,8192,192x192,14,3.665749090547913,5.538366334949999,4096,128x128,10,0.957922696,2.51875,1024,96x96,7,4.9976252555201786,6.821646341899999,1024,128x128,14,4.818150952,10.4826,6144,192x192,7,2.5d_3d,"{'from': 'Chiplet_2', 'to': 'Chiplet_5', 'connection_type': '3d_u_bump', 'loc': 'stack0_base'},{'from': 'Chiplet_5', 'to': 'Chiplet_1', 'connection_type': '3d_u_bump', 'loc': 'stack0_middle1'},{'from': 'Chiplet_1', 'to': 'na', 'connection_type': '3d_u_bump', 'loc': 'stack0_top'},{'from': 'Chiplet_2', 'to': 'Chiplet_3', 'connection_type': '2.5d_rdl', 'loc': '2.5d_chiplet'},{'from': 'Chiplet_2', 'to': 'Chiplet_6', 'connection_type': '2.5d_rdl', 'loc': '2.5d_chiplet'},{'from': 'Chiplet_6', 'to': 'Chiplet_3', 'connection_type': '2.5d_rdl', 'loc': '2.5d_chiplet'},{'from': 'Chiplet_6', 'to': 'Chiplet_4', 'connection_type': '2.5d_rdl', 'loc': '2.5d_chiplet'},{'from': 'Chiplet_6', 'to': 'Chiplet_2', 'connection_type': '2.5d_rdl', 'loc': '2.5d_chiplet'},{'from': 'Chiplet_3', 'to': 'Chiplet_4', 'connection_type': '2.5d_rdl', 'loc': '2.5d_chiplet'},{'from': 'Chiplet_3', 'to': 'Chiplet_2', 'connection_type': '2.5d_rdl', 'loc': '2.5d_chiplet'},{'from': 'Chiplet_3', 'to': 'Chiplet_6', 'connection_type': '2.5d_rdl', 'loc': '2.5d_chiplet'},{'from': 'Chiplet_4', 'to': 'Chiplet_3', 'connection_type': '2.5d_rdl', 'loc': '2.5d_chiplet'},{'from': 'Chiplet_4', 'to': 'Chiplet_6', 'connection_type': '2.5d_rdl', 'loc': '2.5d_chiplet'}",1,3,1,1,1,1,ddr5,ucie_std,ucie_3d,0,0,os,1,0,0
125,50.23805303121876,6011411.73,208268.15732590537,58801017.08283374,5511.815577394236,6201.126366151556,125,3.3193280905479132,5.538366334949999,3072,128x128,10,5.5109919519999995,10.4826,8192,192x192,7,2.972908090547913,5.538366334949999,2048,128x128,10,4.1253109519999995,10.4826,4096,192x192,7,12.799492673176792,15.979573171754398,4096,192x192,14,0.784712696,2.51875,512,96x96,7,2.5d,"{'from': 'Chiplet_5', 'to': 'Chiplet_3', 'connection_type': '2.5d_emib', 'loc': '2.5d_chiplet'},{'from': 'Chiplet_5', 'to': 'Chiplet_2', 'connection_type': '2.5d_emib', 'loc': '2.5d_chiplet'},{'from': 'Chiplet_3', 'to': 'Chiplet_4', 'connection_type': '2.5d_emib', 'loc': '2.5d_chiplet'},{'from': 'Chiplet_3', 'to': 'Chiplet_5', 'connection_type': '2.5d_emib', 'loc': '2.5d_chiplet'},{'from': 'Chiplet_3', 'to': 'Chiplet_2', 'connection_type': '2.5d_emib', 'loc': '2.5d_chiplet'},{'from': 'Chiplet_2', 'to': 'Chiplet_3', 'connection_type': '2.5d_emib', 'loc': '2.5d_chiplet'},{'from': 'Chiplet_2', 'to': 'Chiplet_4', 'connection_type': '2.5d_emib', 'loc': '2.5d_chiplet'},{'from': 'Chiplet_2', 'to': 'Chiplet_1', 'connection_type': '2.5d_emib', 'loc': '2.5d_chiplet'},{'from': 'Chiplet_2', 'to': 'Chiplet_6', 'connection_type': '2.5d_emib', 'loc': '2.5d_chiplet'},{'from': 'Chiplet_2', 'to': 'Chiplet_5', 'connection_type': '2.5d_emib', 'loc': '2.5d_chiplet'},{'from': 'Chiplet_6', 'to': 'Chiplet_1', 'connection_type': '2.5d_emib', 'loc': '2.5d_chiplet'},{'from': 'Chiplet_6', 'to': 'Chiplet_2', 'connection_type': '2.5d_emib', 'loc': '2.5d_chiplet'},{'from': 'Chiplet_4', 'to': 'Chiplet_3', 'connection_type': '2.5d_emib', 'loc': '2.5d_chiplet'},{'from': 'Chiplet_4', 'to': 'Chiplet_1', 'connection_type': '2.5d_emib', 'loc': '2.5d_chiplet'},{'from': 'Chiplet_4', 'to': 'Chiplet_2', 'connection_type': '2.5d_emib', 'loc': '2.5d_chiplet'},{'from': 'Chiplet_1', 'to': 'Chiplet_4', 'connection_type': '2.5d_emib', 'loc': '2.5d_chiplet'},{'from': 'Chiplet_1', 'to': 'Chiplet_2', 'connection_type': '2.5d_emib', 'loc': '2.5d_chiplet'},{'from': 'Chiplet_1', 'to': 'Chiplet_6', 'connection_type': '2.5d_emib', 'loc': '2.5d_chiplet'}",2,3,1,2,7,1,hbm2,ucie_adv,na,0,0,os,1,0,0
126,55.23154071381912,4938811.91,91579.85410091336,52373090.958180204,19347.84586931115,15563.986924752946,126,6.315940422320179,6.821646341899999,3072,128x128,14,12.799492673176792,15.979573171754398,4096,192x192,14,1.131132696,2.51875,1536,96x96,7,0.829831759447044,1.3845915837374998,768,64x64,10,0.916436759447044,1.3845915837374998,1024,64x64,10,6.033899457366197,12.973514847541198,2048,192x192,10,2.5d,"{'from': 'Chiplet_2', 'to': 'Chiplet_5', 'connection_type': '2.5d_rdl', 'loc': '2.5d_chiplet'},{'from': 'Chiplet_2', 'to': 'Chiplet_1', 'connection_type': '2.5d_rdl', 'loc': '2.5d_chiplet'},{'from': 'Chiplet_5', 'to': 'Chiplet_1', 'connection_type': '2.5d_rdl', 'loc': '2.5d_chiplet'},{'from': 'Chiplet_5', 'to': 'Chiplet_2', 'connection_type': '2.5d_rdl', 'loc': '2.5d_chiplet'},{'from': 'Chiplet_1', 'to': 'Chiplet_4', 'connection_type': '2.5d_rdl', 'loc': '2.5d_chiplet'},{'from': 'Chiplet_1', 'to': 'Chiplet_5', 'connection_type': '2.5d_rdl', 'loc': '2.5d_chiplet'},{'from': 'Chiplet_1', 'to': 'Chiplet_2', 'connection_type': '2.5d_rdl', 'loc': '2.5d_chiplet'},{'from': 'Chiplet_1', 'to': 'Chiplet_6', 'connection_type': '2.5d_rdl', 'loc': '2.5d_chiplet'},{'from': 'Chiplet_4', 'to': 'Chiplet_3', 'connection_type': '2.5d_rdl', 'loc': '2.5d_chiplet'},{'from': 'Chiplet_4', 'to': 'Chiplet_1', 'connection_type': '2.5d_rdl', 'loc': '2.5d_chiplet'},{'from': 'Chiplet_6', 'to': 'Chiplet_3', 'connection_type': '2.5d_rdl', 'loc': '2.5d_chiplet'},{'from': 'Chiplet_6', 'to': 'Chiplet_1', 'connection_type': '2.5d_rdl', 'loc': '2.5d_chiplet'},{'from': 'Chiplet_3', 'to': 'Chiplet_4', 'connection_type': '2.5d_rdl', 'loc': '2.5d_chiplet'},{'from': 'Chiplet_3', 'to': 'Chiplet_6', 'connection_type': '2.5d_rdl', 'loc': '2.5d_chiplet'}",3,7,1,1,1,3,hbm2,ucie_std,na,1,0,is,1,0,0
127,19.17704188826865,1978587.82,152179.05196378916,123905815.6994277,10313.790270679128,7008.923520221497,127,0.784712696,2.51875,512,96x96,7,0.552198,1.11875,768,64x64,7,1.5385781800824634,3.1172648505374996,1024,96x96,10,3.2571509657793953,3.8395579270749995,1536,96x96,14,0.656621759447044,1.3845915837374998,256,64x64,10,6.033899457366197,12.973514847541198,2048,192x192,10,2.5d,"{'from': 'Chiplet_6', 'to': 'Chiplet_4', 'connection_type': '2.5d_emib', 'loc': '2.5d_chiplet'},{'from': 'Chiplet_6', 'to': 'Chiplet_2', 'connection_type': '2.5d_emib', 'loc': '2.5d_chiplet'},{'from': 'Chiplet_6', 'to': 'Chiplet_3', 'connection_type': '2.5d_emib', 'loc': '2.5d_chiplet'},{'from': 'Chiplet_2', 'to': 'Chiplet_3', 'connection_type': '2.5d_emib', 'loc': '2.5d_chiplet'},{'from': 'Chiplet_2', 'to': 'Chiplet_6', 'connection_type': '2.5d_emib', 'loc': '2.5d_chiplet'},{'from': 'Chiplet_4', 'to': 'Chiplet_3', 'connection_type': '2.5d_emib', 'loc': '2.5d_chiplet'},{'from': 'Chiplet_4', 'to': 'Chiplet_1', 'connection_type': '2.5d_emib', 'loc': '2.5d_chiplet'},{'from': 'Chiplet_4', 'to': 'Chiplet_6', 'connection_type': '2.5d_emib', 'loc': '2.5d_chiplet'},{'from': 'Chiplet_3', 'to': 'Chiplet_4', 'connection_type': '2.5d_emib', 'loc': '2.5d_chiplet'},{'from': 'Chiplet_3', 'to': 'Chiplet_1', 'connection_type': '2.5d_emib', 'loc': '2.5d_chiplet'},{'from': 'Chiplet_3', 'to': 'Chiplet_2', 'connection_type': '2.5d_emib', 'loc': '2.5d_chiplet'},{'from': 'Chiplet_3', 'to': 'Chiplet_6', 'connection_type': '2.5d_emib', 'loc': '2.5d_chiplet'},{'from': 'Chiplet_3', 'to': 'Chiplet_5', 'connection_type': '2.5d_emib', 'loc': '2.5d_chiplet'},{'from': 'Chiplet_1', 'to': 'Chiplet_3', 'connection_type': '2.5d_emib', 'loc': '2.5d_chiplet'},{'from': 'Chiplet_1', 'to': 'Chiplet_5', 'connection_type': '2.5d_emib', 'loc': '2.5d_chiplet'},{'from': 'Chiplet_1', 'to': 'Chiplet_4', 'connection_type': '2.5d_emib', 'loc': '2.5d_chiplet'},{'from': 'Chiplet_5', 'to': 'Chiplet_3', 'connection_type': '2.5d_emib', 'loc': '2.5d_chiplet'},{'from': 'Chiplet_5', 'to': 'Chiplet_1', 'connection_type': '2.5d_emib', 'loc': '2.5d_chiplet'}",1,1,1,1,1,3,ddr4,aib,na,0,0,ws,1,0,0
128,21.527071471771876,2597263.76,157579.88127888922,58158072.84076839,4419.444444444444,2845.083685312868,128,1.86237254,4.475,2048,128x128,7,0.46559300000000003,1.11875,512,64x64,7,3.665749090547913,5.538366334949999,4096,128x128,10,0.656621759447044,1.3845915837374998,256,64x64,10,1.131132696,2.51875,1536,96x96,7,6.315940422320179,6.821646341899999,3072,128x128,14,2.5d,"{'from': 'Chiplet_6', 'to': 'Chiplet_3', 'connection_type': '2.5d_emib', 'loc': '2.5d_chiplet'},{'from': 'Chiplet_6', 'to': 'Chiplet_4', 'connection_type': '2.5d_emib', 'loc': '2.5d_chiplet'},{'from': 'Chiplet_6', 'to': 'Chiplet_1', 'connection_type': '2.5d_emib', 'loc': '2.5d_chiplet'},{'from': 'Chiplet_4', 'to': 'Chiplet_1', 'connection_type': '2.5d_emib', 'loc': '2.5d_chiplet'},{'from': 'Chiplet_4', 'to': 'Chiplet_6', 'connection_type': '2.5d_emib', 'loc': '2.5d_chiplet'},{'from': 'Chiplet_3', 'to': 'Chiplet_5', 'connection_type': '2.5d_emib', 'loc': '2.5d_chiplet'},{'from': 'Chiplet_3', 'to': 'Chiplet_1', 'connection_type': '2.5d_emib', 'loc': '2.5d_chiplet'},{'from': 'Chiplet_3', 'to': 'Chiplet_6', 'connection_type': '2.5d_emib', 'loc': '2.5d_chiplet'},{'from': 'Chiplet_1', 'to': 'Chiplet_4', 'connection_type': '2.5d_emib', 'loc': '2.5d_chiplet'},{'from': 'Chiplet_1', 'to': 'Chiplet_3', 'connection_type': '2.5d_emib', 'loc': '2.5d_chiplet'},{'from': 'Chiplet_1', 'to': 'Chiplet_2', 'connection_type': '2.5d_emib', 'loc': '2.5d_chiplet'},{'from': 'Chiplet_1', 'to': 'Chiplet_6', 'connection_type': '2.5d_emib', 'loc': '2.5d_chiplet'},{'from': 'Chiplet_1', 'to': 'Chiplet_5', 'connection_type': '2.5d_emib', 'loc': '2.5d_chiplet'},{'from': 'Chiplet_5', 'to': 'Chiplet_3', 'connection_type': '2.5d_emib', 'loc': '2.5d_chiplet'},{'from': 'Chiplet_5', 'to': 'Chiplet_1', 'connection_type': '2.5d_emib', 'loc': '2.5d_chiplet'},{'from': 'Chiplet_5', 'to': 'Chiplet_2', 'connection_type': '2.5d_emib', 'loc': '2.5d_chiplet'},{'from': 'Chiplet_2', 'to': 'Chiplet_5', 'connection_type': '2.5d_emib', 'loc': '2.5d_chiplet'},{'from': 'Chiplet_2', 'to': 'Chiplet_1', 'connection_type': '2.5d_emib', 'loc': '2.5d_chiplet'}",2,1,4,1,1,7,hbm2,ucie_adv,na,0,0,is,0,0,0
129,17.34789176105578,2071437.97,157697.78290789545,99564184.9603913,16204.420383659373,8207.201033687952,129,2.597993382379395,3.8395579270749995,512,96x96,14,3.3193280905479132,5.538366334949999,3072,128x128,10,2.55521354,4.475,4096,128x128,7,1.304342696,2.51875,2048,96x96,7,0.957922696,2.51875,1024,96x96,7,0.957922696,2.51875,1024,96x96,7,2.5d,"{'from': 'Chiplet_2', 'to': 'Chiplet_3', 'connection_type': '2.5d_emib', 'loc': '2.5d_chiplet'},{'from': 'Chiplet_2', 'to': 'Chiplet_5', 'connection_type': '2.5d_emib', 'loc': '2.5d_chiplet'},{'from': 'Chiplet_2', 'to': 'Chiplet_4', 'connection_type': '2.5d_emib', 'loc': '2.5d_chiplet'},{'from': 'Chiplet_2', 'to': 'Chiplet_1', 'connection_type': '2.5d_emib', 'loc': '2.5d_chiplet'},{'from': 'Chiplet_4', 'to': 'Chiplet_5', 'connection_type': '2.5d_emib', 'loc': '2.5d_chiplet'},{'from': 'Chiplet_4', 'to': 'Chiplet_2', 'connection_type': '2.5d_emib', 'loc': '2.5d_chiplet'},{'from': 'Chiplet_5', 'to': 'Chiplet_4', 'connection_type': '2.5d_emib', 'loc': '2.5d_chiplet'},{'from': 'Chiplet_5', 'to': 'Chiplet_2', 'connection_type': '2.5d_emib', 'loc': '2.5d_chiplet'},{'from': 'Chiplet_1', 'to': 'Chiplet_3', 'connection_type': '2.5d_emib', 'loc': '2.5d_chiplet'},{'from': 'Chiplet_1', 'to': 'Chiplet_2', 'connection_type': '2.5d_emib', 'loc': '2.5d_chiplet'},{'from': 'Chiplet_1', 'to': 'Chiplet_6', 'connection_type': '2.5d_emib', 'loc': '2.5d_chiplet'},{'from': 'Chiplet_3', 'to': 'Chiplet_1', 'connection_type': '2.5d_emib', 'loc': '2.5d_chiplet'},{'from': 'Chiplet_3', 'to': 'Chiplet_2', 'connection_type': '2.5d_emib', 'loc': '2.5d_chiplet'},{'from': 'Chiplet_3', 'to': 'Chiplet_6', 'connection_type': '2.5d_emib', 'loc': '2.5d_chiplet'},{'from': 'Chiplet_6', 'to': 'Chiplet_3', 'connection_type': '2.5d_emib', 'loc': '2.5d_chiplet'},{'from': 'Chiplet_6', 'to': 'Chiplet_1', 'connection_type': '2.5d_emib', 'loc': '2.5d_chiplet'}",2,2,1,1,1,1,ddr5,bow,na,0,0,is,1,0,0
130,37.369007250722504,4035793.09,98391.85368461462,138246495.7427911,22104.593962228602,18441.365659493164,130,3.2571509657793953,3.8395579270749995,1536,96x96,14,6.315940422320179,6.821646341899999,3072,128x128,14,2.6264880905479133,5.538366334949999,1024,128x128,10,15.436124909546791,15.979573171754398,8192,192x192,14,1.5385781800824634,3.1172648505374996,1024,96x96,10,3.5867297574793953,3.8395579270749995,2048,96x96,14,2.5d_3d,"{'from': 'Chiplet_4', 'to': 'Chiplet_5', 'connection_type': '3d_tsv', 'loc': 'stack0_base'},{'from': 'Chiplet_5', 'to': 'na', 'connection_type': '3d_tsv', 'loc': 'stack0_top'},{'from': 'Chiplet_4', 'to': 'Chiplet_2', 'connection_type': '2.5d_rdl', 'loc': '2.5d_chiplet'},{'from': 'Chiplet_4', 'to': 'Chiplet_6', 'connection_type': '2.5d_rdl', 'loc': '2.5d_chiplet'},{'from': 'Chiplet_2', 'to': 'Chiplet_4', 'connection_type': '2.5d_rdl', 'loc': '2.5d_chiplet'},{'from': 'Chiplet_2', 'to': 'Chiplet_1', 'connection_type': '2.5d_rdl', 'loc': '2.5d_chiplet'},{'from': 'Chiplet_2', 'to': 'Chiplet_3', 'connection_type': '2.5d_rdl', 'loc': '2.5d_chiplet'},{'from': 'Chiplet_2', 'to': 'Chiplet_6', 'connection_type': '2.5d_rdl', 'loc': '2.5d_chiplet'},{'from': 'Chiplet_3', 'to': 'Chiplet_1', 'connection_type': '2.5d_rdl', 'loc': '2.5d_chiplet'},{'from': 'Chiplet_3', 'to': 'Chiplet_2', 'connection_type': '2.5d_rdl', 'loc': '2.5d_chiplet'},{'from': 'Chiplet_6', 'to': 'Chiplet_4', 'connection_type': '2.5d_rdl', 'loc': '2.5d_chiplet'},{'from': 'Chiplet_6', 'to': 'Chiplet_1', 'connection_type': '2.5d_rdl', 'loc': '2.5d_chiplet'},{'from': 'Chiplet_6', 'to': 'Chiplet_2', 'connection_type': '2.5d_rdl', 'loc': '2.5d_chiplet'},{'from': 'Chiplet_1', 'to': 'Chiplet_3', 'connection_type': '2.5d_rdl', 'loc': '2.5d_chiplet'},{'from': 'Chiplet_1', 'to': 'Chiplet_2', 'connection_type': '2.5d_rdl', 'loc': '2.5d_chiplet'},{'from': 'Chiplet_1', 'to': 'Chiplet_6', 'connection_type': '2.5d_rdl', 'loc': '2.5d_chiplet'}",1,1,1,3,1,1,ddr4,ucie_std,ucie_3d,0,0,is,1,0,0
131,37.42648908274547,3441290.97,85367.0845822749,128931873.57549796,13071.030049354495,12225.307881608238,131,1.4141952089375351,1.7054115854749998,512,64x64,14,1.8849981800824636,3.1172648505374996,2048,96x96,10,11.481175603606792,15.979573171754398,2048,192x192,14,6.726740457366197,12.973514847541198,4096,192x192,10,1.578984604787535,1.7054115854749998,768,64x64,14,2.972908090547913,5.538366334949999,2048,128x128,10,2.5d,"{'from': 'Chiplet_3', 'to': 'Chiplet_4', 'connection_type': '2.5d_rdl', 'loc': '2.5d_chiplet'},{'from': 'Chiplet_3', 'to': 'Chiplet_5', 'connection_type': '2.5d_rdl', 'loc': '2.5d_chiplet'},{'from': 'Chiplet_3', 'to': 'Chiplet_6', 'connection_type': '2.5d_rdl', 'loc': '2.5d_chiplet'},{'from': 'Chiplet_5', 'to': 'Chiplet_3', 'connection_type': '2.5d_rdl', 'loc': '2.5d_chiplet'},{'from': 'Chiplet_5', 'to': 'Chiplet_6', 'connection_type': '2.5d_rdl', 'loc': '2.5d_chiplet'},{'from': 'Chiplet_4', 'to': 'Chiplet_3', 'connection_type': '2.5d_rdl', 'loc': '2.5d_chiplet'},{'from': 'Chiplet_4', 'to': 'Chiplet_2', 'connection_type': '2.5d_rdl', 'loc': '2.5d_chiplet'},{'from': 'Chiplet_4', 'to': 'Chiplet_6', 'connection_type': '2.5d_rdl', 'loc': '2.5d_chiplet'},{'from': 'Chiplet_6', 'to': 'Chiplet_3', 'connection_type': '2.5d_rdl', 'loc': '2.5d_chiplet'},{'from': 'Chiplet_6', 'to': 'Chiplet_4', 'connection_type': '2.5d_rdl', 'loc': '2.5d_chiplet'},{'from': 'Chiplet_6', 'to': 'Chiplet_1', 'connection_type': '2.5d_rdl', 'loc': '2.5d_chiplet'},{'from': 'Chiplet_6', 'to': 'Chiplet_2', 'connection_type': '2.5d_rdl', 'loc': '2.5d_chiplet'},{'from': 'Chiplet_6', 'to': 'Chiplet_5', 'connection_type': '2.5d_rdl', 'loc': '2.5d_chiplet'},{'from': 'Chiplet_2', 'to': 'Chiplet_4', 'connection_type': '2.5d_rdl', 'loc': '2.5d_chiplet'},{'from': 'Chiplet_2', 'to': 'Chiplet_1', 'connection_type': '2.5d_rdl', 'loc': '2.5d_chiplet'},{'from': 'Chiplet_2', 'to': 'Chiplet_6', 'connection_type': '2.5d_rdl', 'loc': '2.5d_chiplet'},{'from': 'Chiplet_1', 'to': 'Chiplet_2', 'connection_type': '2.5d_rdl', 'loc': '2.5d_chiplet'},{'from': 'Chiplet_1', 'to': 'Chiplet_6', 'connection_type': '2.5d_rdl', 'loc': '2.5d_chiplet'}",1,1,3,1,1,1,ddr4,ucie_std,na,0,0,is,1,0,0
132,56.24887287754707,5743470.32,112000.57844569355,51232457.49182737,15646.725280537692,14339.562252845773,132,4.1253109519999995,10.4826,4096,192x192,7,1.249405813087535,1.7054115854749998,256,64x64,14,6.975099908490179,6.821646341899999,4096,128x128,14,4.1253109519999995,10.4826,4096,192x192,7,0.552198,1.11875,768,64x64,7,14.117807839976791,15.979573171754398,6144,192x192,14,2.5d,"{'from': 'Chiplet_6', 'to': 'Chiplet_3', 'connection_type': '2.5d_rdl', 'loc': '2.5d_chiplet'},{'from': 'Chiplet_6', 'to': 'Chiplet_2', 'connection_type': '2.5d_rdl', 'loc': '2.5d_chiplet'},{'from': 'Chiplet_2', 'to': 'Chiplet_3', 'connection_type': '2.5d_rdl', 'loc': '2.5d_chiplet'},{'from': 'Chiplet_2', 'to': 'Chiplet_6', 'connection_type': '2.5d_rdl', 'loc': '2.5d_chiplet'},{'from': 'Chiplet_3', 'to': 'Chiplet_4', 'connection_type': '2.5d_rdl', 'loc': '2.5d_chiplet'},{'from': 'Chiplet_3', 'to': 'Chiplet_1', 'connection_type': '2.5d_rdl', 'loc': '2.5d_chiplet'},{'from': 'Chiplet_3', 'to': 'Chiplet_2', 'connection_type': '2.5d_rdl', 'loc': '2.5d_chiplet'},{'from': 'Chiplet_3', 'to': 'Chiplet_6', 'connection_type': '2.5d_rdl', 'loc': '2.5d_chiplet'},{'from': 'Chiplet_3', 'to': 'Chiplet_5', 'connection_type': '2.5d_rdl', 'loc': '2.5d_chiplet'},{'from': 'Chiplet_5', 'to': 'Chiplet_3', 'connection_type': '2.5d_rdl', 'loc': '2.5d_chiplet'},{'from': 'Chiplet_5', 'to': 'Chiplet_4', 'connection_type': '2.5d_rdl', 'loc': '2.5d_chiplet'},{'from': 'Chiplet_1', 'to': 'Chiplet_4', 'connection_type': '2.5d_rdl', 'loc': '2.5d_chiplet'},{'from': 'Chiplet_1', 'to': 'Chiplet_3', 'connection_type': '2.5d_rdl', 'loc': '2.5d_chiplet'},{'from': 'Chiplet_4', 'to': 'Chiplet_3', 'connection_type': '2.5d_rdl', 'loc': '2.5d_chiplet'},{'from': 'Chiplet_4', 'to': 'Chiplet_5', 'connection_type': '2.5d_rdl', 'loc': '2.5d_chiplet'},{'from': 'Chiplet_4', 'to': 'Chiplet_1', 'connection_type': '2.5d_rdl', 'loc': '2.5d_chiplet'}",2,1,3,2,1,7,hbm3,ucie_std,na,1,0,is,1,0,0
133,71.2223393506284,6368079.64,221055.32767950982,192414581.5539888,6223.954248366013,10302.64666170976,133,6.033899457366197,12.973514847541198,2048,192x192,10,1.5385781800824634,3.1172648505374996,1024,96x96,10,3.665749090547913,5.538366334949999,4096,128x128,10,15.436124909546791,15.979573171754398,8192,192x192,14,2.972908090547913,5.538366334949999,2048,128x128,10,15.436124909546791,15.979573171754398,8192,192x192,14,2.5d,"{'from': 'Chiplet_4', 'to': 'Chiplet_1', 'connection_type': '2.5d_emib', 'loc': '2.5d_chiplet'},{'from': 'Chiplet_4', 'to': 'Chiplet_2', 'connection_type': '2.5d_emib', 'loc': '2.5d_chiplet'},{'from': 'Chiplet_4', 'to': 'Chiplet_6', 'connection_type': '2.5d_emib', 'loc': '2.5d_chiplet'},{'from': 'Chiplet_1', 'to': 'Chiplet_4', 'connection_type': '2.5d_emib', 'loc': '2.5d_chiplet'},{'from': 'Chiplet_1', 'to': 'Chiplet_2', 'connection_type': '2.5d_emib', 'loc': '2.5d_chiplet'},{'from': 'Chiplet_2', 'to': 'Chiplet_4', 'connection_type': '2.5d_emib', 'loc': '2.5d_chiplet'},{'from': 'Chiplet_2', 'to': 'Chiplet_1', 'connection_type': '2.5d_emib', 'loc': '2.5d_chiplet'},{'from': 'Chiplet_6', 'to': 'Chiplet_4', 'connection_type': '2.5d_emib', 'loc': '2.5d_chiplet'},{'from': 'Chiplet_6', 'to': 'Chiplet_5', 'connection_type': '2.5d_emib', 'loc': '2.5d_chiplet'},{'from': 'Chiplet_6', 'to': 'Chiplet_3', 'connection_type': '2.5d_emib', 'loc': '2.5d_chiplet'},{'from': 'Chiplet_3', 'to': 'Chiplet_5', 'connection_type': '2.5d_emib', 'loc': '2.5d_chiplet'},{'from': 'Chiplet_3', 'to': 'Chiplet_6', 'connection_type': '2.5d_emib', 'loc': '2.5d_chiplet'},{'from': 'Chiplet_5', 'to': 'Chiplet_3', 'connection_type': '2.5d_emib', 'loc': '2.5d_chiplet'},{'from': 'Chiplet_5', 'to': 'Chiplet_6', 'connection_type': '2.5d_emib', 'loc': '2.5d_chiplet'}",1,1,1,2,1,2,ddr4,aib,na,0,0,is,0,0,0
134,26.856583002248204,3325656.51,138728.63369045744,49091988.93205048,4807.427757427758,3300.295881018794,134,0.916436759447044,1.3845915837374998,1024,64x64,10,1.249405813087535,1.7054115854749998,256,64x64,14,12.799492673176792,15.979573171754398,4096,192x192,14,3.5867297574793953,3.8395579270749995,2048,96x96,14,1.249405813087535,1.7054115854749998,256,64x64,14,0.957922696,2.51875,1024,96x96,7,2.5d_3d,"{'from': 'Chiplet_2', 'to': 'Chiplet_5', 'connection_type': '3d_u_bump', 'loc': 'stack0_base'},{'from': 'Chiplet_5', 'to': 'na', 'connection_type': '3d_u_bump', 'loc': 'stack0_top'},{'from': 'Chiplet_3', 'to': 'Chiplet_4', 'connection_type': '2.5d_emib', 'loc': '2.5d_chiplet'},{'from': 'Chiplet_3', 'to': 'Chiplet_2', 'connection_type': '2.5d_emib', 'loc': '2.5d_chiplet'},{'from': 'Chiplet_4', 'to': 'Chiplet_3', 'connection_type': '2.5d_emib', 'loc': '2.5d_chiplet'},{'from': 'Chiplet_4', 'to': 'Chiplet_2', 'connection_type': '2.5d_emib', 'loc': '2.5d_chiplet'},{'from': 'Chiplet_4', 'to': 'Chiplet_6', 'connection_type': '2.5d_emib', 'loc': '2.5d_chiplet'},{'from': 'Chiplet_2', 'to': 'Chiplet_3', 'connection_type': '2.5d_emib', 'loc': '2.5d_chiplet'},{'from': 'Chiplet_2', 'to': 'Chiplet_4', 'connection_type': '2.5d_emib', 'loc': '2.5d_chiplet'},{'from': 'Chiplet_2', 'to': 'Chiplet_1', 'connection_type': '2.5d_emib', 'loc': '2.5d_chiplet'},{'from': 'Chiplet_2', 'to': 'Chiplet_6', 'connection_type': '2.5d_emib', 'loc': '2.5d_chiplet'},{'from': 'Chiplet_6', 'to': 'Chiplet_4', 'connection_type': '2.5d_emib', 'loc': '2.5d_chiplet'},{'from': 'Chiplet_6', 'to': 'Chiplet_1', 'connection_type': '2.5d_emib', 'loc': '2.5d_chiplet'},{'from': 'Chiplet_6', 'to': 'Chiplet_2', 'connection_type': '2.5d_emib', 'loc': '2.5d_chiplet'},{'from': 'Chiplet_1', 'to': 'Chiplet_2', 'connection_type': '2.5d_emib', 'loc': '2.5d_chiplet'},{'from': 'Chiplet_1', 'to': 'Chiplet_6', 'connection_type': '2.5d_emib', 'loc': '2.5d_chiplet'}",1,1,10,2,1,1,hbm3,bow,ucie_3d,0,0,os,0,0,0
135,31.492051348612833,3386644.25,181522.63297924015,129345501.53896198,2683.1092094539526,4233.506720894606,135,0.552198,1.11875,768,64x64,7,2.597993382379395,3.8395579270749995,512,96x96,14,3.432469952,10.4826,2048,192x192,7,14.117807839976791,15.979573171754398,6144,192x192,14,1.743774000637535,1.7054115854749998,1024,64x64,14,1.86237254,4.475,2048,128x128,7,2.5d,"{'from': 'Chiplet_4', 'to': 'Chiplet_3', 'connection_type': '2.5d_emib', 'loc': '2.5d_chiplet'},{'from': 'Chiplet_4', 'to': 'Chiplet_2', 'connection_type': '2.5d_emib', 'loc': '2.5d_chiplet'},{'from': 'Chiplet_3', 'to': 'Chiplet_4', 'connection_type': '2.5d_emib', 'loc': '2.5d_chiplet'},{'from': 'Chiplet_3', 'to': 'Chiplet_5', 'connection_type': '2.5d_emib', 'loc': '2.5d_chiplet'},{'from': 'Chiplet_3', 'to': 'Chiplet_2', 'connection_type': '2.5d_emib', 'loc': '2.5d_chiplet'},{'from': 'Chiplet_3', 'to': 'Chiplet_6', 'connection_type': '2.5d_emib', 'loc': '2.5d_chiplet'},{'from': 'Chiplet_5', 'to': 'Chiplet_3', 'connection_type': '2.5d_emib', 'loc': '2.5d_chiplet'},{'from': 'Chiplet_5', 'to': 'Chiplet_6', 'connection_type': '2.5d_emib', 'loc': '2.5d_chiplet'},{'from': 'Chiplet_2', 'to': 'Chiplet_4', 'connection_type': '2.5d_emib', 'loc': '2.5d_chiplet'},{'from': 'Chiplet_2', 'to': 'Chiplet_1', 'connection_type': '2.5d_emib', 'loc': '2.5d_chiplet'},{'from': 'Chiplet_2', 'to': 'Chiplet_3', 'connection_type': '2.5d_emib', 'loc': '2.5d_chiplet'},{'from': 'Chiplet_2', 'to': 'Chiplet_6', 'connection_type': '2.5d_emib', 'loc': '2.5d_chiplet'},{'from': 'Chiplet_6', 'to': 'Chiplet_3', 'connection_type': '2.5d_emib', 'loc': '2.5d_chiplet'},{'from': 'Chiplet_6', 'to': 'Chiplet_5', 'connection_type': '2.5d_emib', 'loc': '2.5d_chiplet'},{'from': 'Chiplet_6', 'to': 'Chiplet_1', 'connection_type': '2.5d_emib', 'loc': '2.5d_chiplet'},{'from': 'Chiplet_6', 'to': 'Chiplet_2', 'connection_type': '2.5d_emib', 'loc': '2.5d_chiplet'},{'from': 'Chiplet_1', 'to': 'Chiplet_2', 'connection_type': '2.5d_emib', 'loc': '2.5d_chiplet'},{'from': 'Chiplet_1', 'to': 'Chiplet_6', 'connection_type': '2.5d_emib', 'loc': '2.5d_chiplet'}",1,1,1,3,1,1,ddr5,bow,na,1,0,os,0,0,0
136,22.256913943284466,2264108.81,60105.30053835743,179394554.29504198,10092.898781134076,8426.78411809276,136,0.743226759447044,1.3845915837374998,512,64x64,10,2.972908090547913,5.538366334949999,2048,128x128,10,0.784712696,2.51875,512,96x96,7,0.916436759447044,1.3845915837374998,1024,64x64,10,7.419580457366196,12.973514847541198,6144,192x192,10,2.597993382379395,3.8395579270749995,512,96x96,14,2.5d,"{'from': 'Chiplet_5', 'to': 'Chiplet_2', 'connection_type': '2.5d_rdl', 'loc': '2.5d_chiplet'},{'from': 'Chiplet_5', 'to': 'Chiplet_6', 'connection_type': '2.5d_rdl', 'loc': '2.5d_chiplet'},{'from': 'Chiplet_2', 'to': 'Chiplet_3', 'connection_type': '2.5d_rdl', 'loc': '2.5d_chiplet'},{'from': 'Chiplet_2', 'to': 'Chiplet_5', 'connection_type': '2.5d_rdl', 'loc': '2.5d_chiplet'},{'from': 'Chiplet_2', 'to': 'Chiplet_6', 'connection_type': '2.5d_rdl', 'loc': '2.5d_chiplet'},{'from': 'Chiplet_3', 'to': 'Chiplet_4', 'connection_type': '2.5d_rdl', 'loc': '2.5d_chiplet'},{'from': 'Chiplet_3', 'to': 'Chiplet_2', 'connection_type': '2.5d_rdl', 'loc': '2.5d_chiplet'},{'from': 'Chiplet_6', 'to': 'Chiplet_4', 'connection_type': '2.5d_rdl', 'loc': '2.5d_chiplet'},{'from': 'Chiplet_6', 'to': 'Chiplet_5', 'connection_type': '2.5d_rdl', 'loc': '2.5d_chiplet'},{'from': 'Chiplet_6', 'to': 'Chiplet_1', 'connection_type': '2.5d_rdl', 'loc': '2.5d_chiplet'},{'from': 'Chiplet_6', 'to': 'Chiplet_2', 'connection_type': '2.5d_rdl', 'loc': '2.5d_chiplet'},{'from': 'Chiplet_4', 'to': 'Chiplet_3', 'connection_type': '2.5d_rdl', 'loc': '2.5d_chiplet'},{'from': 'Chiplet_4', 'to': 'Chiplet_1', 'connection_type': '2.5d_rdl', 'loc': '2.5d_chiplet'},{'from': 'Chiplet_4', 'to': 'Chiplet_6', 'connection_type': '2.5d_rdl', 'loc': '2.5d_chiplet'},{'from': 'Chiplet_1', 'to': 'Chiplet_4', 'connection_type': '2.5d_rdl', 'loc': '2.5d_chiplet'},{'from': 'Chiplet_1', 'to': 'Chiplet_6', 'connection_type': '2.5d_rdl', 'loc': '2.5d_chiplet'}",1,1,1,1,3,1,ddr4,ucie_std,na,0,0,is,0,0,0
137,16.43861578610384,2270167.66,56100.11813769287,87949969.29930863,11083.91013976443,7217.299863895342,137,1.304342696,2.51875,2048,96x96,7,2.972908090547913,5.538366334949999,2048,128x128,10,3.432469952,10.4826,2048,192x192,7,2.6264880905479133,5.538366334949999,1024,128x128,10,1.249405813087535,1.7054115854749998,256,64x64,14,1.743774000637535,1.7054115854749998,1024,64x64,14,2.5d_3d,"{'from': 'Chiplet_3', 'to': 'Chiplet_4', 'connection_type': '3d_tsv', 'loc': 'stack0_base'},{'from': 'Chiplet_4', 'to': 'na', 'connection_type': '3d_tsv', 'loc': 'stack0_top'},{'from': 'Chiplet_3', 'to': 'Chiplet_1', 'connection_type': '2.5d_rdl', 'loc': '2.5d_chiplet'},{'from': 'Chiplet_3', 'to': 'Chiplet_2', 'connection_type': '2.5d_rdl', 'loc': '2.5d_chiplet'},{'from': 'Chiplet_1', 'to': 'Chiplet_3', 'connection_type': '2.5d_rdl', 'loc': '2.5d_chiplet'},{'from': 'Chiplet_1', 'to': 'Chiplet_6', 'connection_type': '2.5d_rdl', 'loc': '2.5d_chiplet'},{'from': 'Chiplet_2', 'to': 'Chiplet_3', 'connection_type': '2.5d_rdl', 'loc': '2.5d_chiplet'},{'from': 'Chiplet_2', 'to': 'Chiplet_5', 'connection_type': '2.5d_rdl', 'loc': '2.5d_chiplet'},{'from': 'Chiplet_2', 'to': 'Chiplet_6', 'connection_type': '2.5d_rdl', 'loc': '2.5d_chiplet'},{'from': 'Chiplet_6', 'to': 'Chiplet_5', 'connection_type': '2.5d_rdl', 'loc': '2.5d_chiplet'},{'from': 'Chiplet_6', 'to': 'Chiplet_1', 'connection_type': '2.5d_rdl', 'loc': '2.5d_chiplet'},{'from': 'Chiplet_6', 'to': 'Chiplet_2', 'connection_type': '2.5d_rdl', 'loc': '2.5d_chiplet'},{'from': 'Chiplet_5', 'to': 'Chiplet_2', 'connection_type': '2.5d_rdl', 'loc': '2.5d_chiplet'},{'from': 'Chiplet_5', 'to': 'Chiplet_6', 'connection_type': '2.5d_rdl', 'loc': '2.5d_chiplet'}",1,2,2,1,1,1,ddr5,ucie_std,ucie_3d,0,0,is,1,0,0
138,26.66812635501712,3417199.14,169714.8676217992,52869161.69734801,12750.040039585534,8031.866302550329,138,3.3193280905479132,5.538366334949999,3072,128x128,10,0.638803,1.11875,1024,64x64,7,0.638803,1.11875,1024,64x64,7,2.927572174079395,3.8395579270749995,1024,96x96,14,3.3193280905479132,5.538366334949999,3072,128x128,10,8.112421457366196,12.973514847541198,8192,192x192,10,2.5d,"{'from': 'Chiplet_6', 'to': 'Chiplet_3', 'connection_type': '2.5d_emib', 'loc': '2.5d_chiplet'},{'from': 'Chiplet_6', 'to': 'Chiplet_1', 'connection_type': '2.5d_emib', 'loc': '2.5d_chiplet'},{'from': 'Chiplet_6', 'to': 'Chiplet_2', 'connection_type': '2.5d_emib', 'loc': '2.5d_chiplet'},{'from': 'Chiplet_2', 'to': 'Chiplet_3', 'connection_type': '2.5d_emib', 'loc': '2.5d_chiplet'},{'from': 'Chiplet_2', 'to': 'Chiplet_6', 'connection_type': '2.5d_emib', 'loc': '2.5d_chiplet'},{'from': 'Chiplet_3', 'to': 'Chiplet_5', 'connection_type': '2.5d_emib', 'loc': '2.5d_chiplet'},{'from': 'Chiplet_3', 'to': 'Chiplet_2', 'connection_type': '2.5d_emib', 'loc': '2.5d_chiplet'},{'from': 'Chiplet_3', 'to': 'Chiplet_6', 'connection_type': '2.5d_emib', 'loc': '2.5d_chiplet'},{'from': 'Chiplet_1', 'to': 'Chiplet_4', 'connection_type': '2.5d_emib', 'loc': '2.5d_chiplet'},{'from': 'Chiplet_1', 'to': 'Chiplet_5', 'connection_type': '2.5d_emib', 'loc': '2.5d_chiplet'},{'from': 'Chiplet_1', 'to': 'Chiplet_6', 'connection_type': '2.5d_emib', 'loc': '2.5d_chiplet'},{'from': 'Chiplet_4', 'to': 'Chiplet_5', 'connection_type': '2.5d_emib', 'loc': '2.5d_chiplet'},{'from': 'Chiplet_4', 'to': 'Chiplet_1', 'connection_type': '2.5d_emib', 'loc': '2.5d_chiplet'},{'from': 'Chiplet_5', 'to': 'Chiplet_3', 'connection_type': '2.5d_emib', 'loc': '2.5d_chiplet'},{'from': 'Chiplet_5', 'to': 'Chiplet_4', 'connection_type': '2.5d_emib', 'loc': '2.5d_chiplet'},{'from': 'Chiplet_5', 'to': 'Chiplet_1', 'connection_type': '2.5d_emib', 'loc': '2.5d_chiplet'}",3,1,1,2,2,7,hbm2,bow,na,0,0,os,1,0,0
139,45.5162678476872,6935181.27,146296.27741932392,63264563.474422015,8763.80961999511,10631.69331051856,139,2.927572174079395,3.8395579270749995,1024,96x96,14,14.117807839976791,15.979573171754398,6144,192x192,14,2.55521354,4.475,4096,128x128,7,6.033899457366197,12.973514847541198,2048,192x192,10,3.665749090547913,5.538366334949999,4096,128x128,10,15.436124909546791,15.979573171754398,8192,192x192,14,2.5d_3d,"{'from': 'Chiplet_6', 'to': 'Chiplet_4', 'connection_type': '3d_u_bump', 'loc': 'stack0_base'},{'from': 'Chiplet_4', 'to': 'Chiplet_1', 'connection_type': '3d_u_bump', 'loc': 'stack0_middle1'},{'from': 'Chiplet_1', 'to': 'Chiplet_3', 'connection_type': '3d_u_bump', 'loc': 'stack0_middle2'},{'from': 'Chiplet_3', 'to': 'na', 'connection_type': '3d_u_bump', 'loc': 'stack0_top'},{'from': 'Chiplet_6', 'to': 'Chiplet_5', 'connection_type': '2.5d_rdl', 'loc': '2.5d_chiplet'},{'from': 'Chiplet_6', 'to': 'Chiplet_2', 'connection_type': '2.5d_rdl', 'loc': '2.5d_chiplet'},{'from': 'Chiplet_2', 'to': 'Chiplet_5', 'connection_type': '2.5d_rdl', 'loc': '2.5d_chiplet'},{'from': 'Chiplet_2', 'to': 'Chiplet_6', 'connection_type': '2.5d_rdl', 'loc': '2.5d_chiplet'},{'from': 'Chiplet_5', 'to': 'Chiplet_2', 'connection_type': '2.5d_rdl', 'loc': '2.5d_chiplet'},{'from': 'Chiplet_5', 'to': 'Chiplet_6', 'connection_type': '2.5d_rdl', 'loc': '2.5d_chiplet'}",1,5,1,2,1,6,hbm2,ucie_std,ucie_3d,0,0,os,1,0,0
140,14.817913943134506,2089399.4,159613.29067575824,133486413.17565791,3747.7310513447433,4000.3051017653697,140,0.743226759447044,1.3845915837374998,512,64x64,10,2.6264880905479133,5.538366334949999,1024,128x128,10,0.552198,1.11875,768,64x64,7,5.5109919519999995,10.4826,8192,192x192,7,0.656621759447044,1.3845915837374998,256,64x64,10,0.957922696,2.51875,1024,96x96,7,2.5d,"{'from': 'Chiplet_4', 'to': 'Chiplet_3', 'connection_type': '2.5d_emib', 'loc': '2.5d_chiplet'},{'from': 'Chiplet_4', 'to': 'Chiplet_2', 'connection_type': '2.5d_emib', 'loc': '2.5d_chiplet'},{'from': 'Chiplet_4', 'to': 'Chiplet_6', 'connection_type': '2.5d_emib', 'loc': '2.5d_chiplet'},{'from': 'Chiplet_2', 'to': 'Chiplet_4', 'connection_type': '2.5d_emib', 'loc': '2.5d_chiplet'},{'from': 'Chiplet_2', 'to': 'Chiplet_1', 'connection_type': '2.5d_emib', 'loc': '2.5d_chiplet'},{'from': 'Chiplet_2', 'to': 'Chiplet_6', 'connection_type': '2.5d_emib', 'loc': '2.5d_chiplet'},{'from': 'Chiplet_6', 'to': 'Chiplet_4', 'connection_type': '2.5d_emib', 'loc': '2.5d_chiplet'},{'from': 'Chiplet_6', 'to': 'Chiplet_3', 'connection_type': '2.5d_emib', 'loc': '2.5d_chiplet'},{'from': 'Chiplet_6', 'to': 'Chiplet_1', 'connection_type': '2.5d_emib', 'loc': '2.5d_chiplet'},{'from': 'Chiplet_6', 'to': 'Chiplet_2', 'connection_type': '2.5d_emib', 'loc': '2.5d_chiplet'},{'from': 'Chiplet_3', 'to': 'Chiplet_4', 'connection_type': '2.5d_emib', 'loc': '2.5d_chiplet'},{'from': 'Chiplet_3', 'to': 'Chiplet_5', 'connection_type': '2.5d_emib', 'loc': '2.5d_chiplet'},{'from': 'Chiplet_3', 'to': 'Chiplet_6', 'connection_type': '2.5d_emib', 'loc': '2.5d_chiplet'},{'from': 'Chiplet_1', 'to': 'Chiplet_5', 'connection_type': '2.5d_emib', 'loc': '2.5d_chiplet'},{'from': 'Chiplet_1', 'to': 'Chiplet_2', 'connection_type': '2.5d_emib', 'loc': '2.5d_chiplet'},{'from': 'Chiplet_1', 'to': 'Chiplet_6', 'connection_type': '2.5d_emib', 'loc': '2.5d_chiplet'},{'from': 'Chiplet_5', 'to': 'Chiplet_3', 'connection_type': '2.5d_emib', 'loc': '2.5d_chiplet'},{'from': 'Chiplet_5', 'to': 'Chiplet_1', 'connection_type': '2.5d_emib', 'loc': '2.5d_chiplet'}",1,1,1,3,1,1,ddr5,ucie_adv,na,1,0,ws,0,0,0
141,26.14569998564788,2553251.66,55942.958869395836,44055617.64082454,4887.254901960784,2693.8274911304848,141,1.7117881800824635,3.1172648505374996,1536,96x96,10,1.4141952089375351,1.7054115854749998,512,64x64,14,6.975099908490179,6.821646341899999,4096,128x128,14,0.638803,1.11875,1024,64x64,7,0.743226759447044,1.3845915837374998,512,64x64,10,5.656782838920179,6.821646341899999,2048,128x128,14,2.5d,"{'from': 'Chiplet_3', 'to': 'Chiplet_1', 'connection_type': '2.5d_rdl', 'loc': '2.5d_chiplet'},{'from': 'Chiplet_3', 'to': 'Chiplet_2', 'connection_type': '2.5d_rdl', 'loc': '2.5d_chiplet'},{'from': 'Chiplet_3', 'to': 'Chiplet_6', 'connection_type': '2.5d_rdl', 'loc': '2.5d_chiplet'},{'from': 'Chiplet_2', 'to': 'Chiplet_3', 'connection_type': '2.5d_rdl', 'loc': '2.5d_chiplet'},{'from': 'Chiplet_2', 'to': 'Chiplet_1', 'connection_type': '2.5d_rdl', 'loc': '2.5d_chiplet'},{'from': 'Chiplet_6', 'to': 'Chiplet_3', 'connection_type': '2.5d_rdl', 'loc': '2.5d_chiplet'},{'from': 'Chiplet_6', 'to': 'Chiplet_5', 'connection_type': '2.5d_rdl', 'loc': '2.5d_chiplet'},{'from': 'Chiplet_6', 'to': 'Chiplet_1', 'connection_type': '2.5d_rdl', 'loc': '2.5d_chiplet'},{'from': 'Chiplet_1', 'to': 'Chiplet_3', 'connection_type': '2.5d_rdl', 'loc': '2.5d_chiplet'},{'from': 'Chiplet_1', 'to': 'Chiplet_4', 'connection_type': '2.5d_rdl', 'loc': '2.5d_chiplet'},{'from': 'Chiplet_1', 'to': 'Chiplet_2', 'connection_type': '2.5d_rdl', 'loc': '2.5d_chiplet'},{'from': 'Chiplet_1', 'to': 'Chiplet_6', 'connection_type': '2.5d_rdl', 'loc': '2.5d_chiplet'},{'from': 'Chiplet_1', 'to': 'Chiplet_5', 'connection_type': '2.5d_rdl', 'loc': '2.5d_chiplet'},{'from': 'Chiplet_5', 'to': 'Chiplet_4', 'connection_type': '2.5d_rdl', 'loc': '2.5d_chiplet'},{'from': 'Chiplet_5', 'to': 'Chiplet_1', 'connection_type': '2.5d_rdl', 'loc': '2.5d_chiplet'},{'from': 'Chiplet_5', 'to': 'Chiplet_6', 'connection_type': '2.5d_rdl', 'loc': '2.5d_chiplet'},{'from': 'Chiplet_4', 'to': 'Chiplet_5', 'connection_type': '2.5d_rdl', 'loc': '2.5d_chiplet'},{'from': 'Chiplet_4', 'to': 'Chiplet_1', 'connection_type': '2.5d_rdl', 'loc': '2.5d_chiplet'}",2,1,6,1,1,5,hbm3,ucie_std,na,0,0,ws,0,0,0
142,26.803338649790632,2646195.09,57688.575624579265,37772987.759373985,22621.98508203562,9861.264742258209,142,0.957922696,2.51875,1024,96x96,7,6.975099908490179,6.821646341899999,4096,128x128,14,0.916436759447044,1.3845915837374998,1024,64x64,10,5.656782838920179,6.821646341899999,2048,128x128,14,1.8849981800824636,3.1172648505374996,2048,96x96,10,0.656621759447044,1.3845915837374998,256,64x64,10,2.5d,"{'from': 'Chiplet_2', 'to': 'Chiplet_4', 'connection_type': '2.5d_rdl', 'loc': '2.5d_chiplet'},{'from': 'Chiplet_2', 'to': 'Chiplet_5', 'connection_type': '2.5d_rdl', 'loc': '2.5d_chiplet'},{'from': 'Chiplet_2', 'to': 'Chiplet_1', 'connection_type': '2.5d_rdl', 'loc': '2.5d_chiplet'},{'from': 'Chiplet_2', 'to': 'Chiplet_6', 'connection_type': '2.5d_rdl', 'loc': '2.5d_chiplet'},{'from': 'Chiplet_1', 'to': 'Chiplet_2', 'connection_type': '2.5d_rdl', 'loc': '2.5d_chiplet'},{'from': 'Chiplet_1', 'to': 'Chiplet_6', 'connection_type': '2.5d_rdl', 'loc': '2.5d_chiplet'},{'from': 'Chiplet_6', 'to': 'Chiplet_1', 'connection_type': '2.5d_rdl', 'loc': '2.5d_chiplet'},{'from': 'Chiplet_6', 'to': 'Chiplet_2', 'connection_type': '2.5d_rdl', 'loc': '2.5d_chiplet'},{'from': 'Chiplet_4', 'to': 'Chiplet_3', 'connection_type': '2.5d_rdl', 'loc': '2.5d_chiplet'},{'from': 'Chiplet_4', 'to': 'Chiplet_5', 'connection_type': '2.5d_rdl', 'loc': '2.5d_chiplet'},{'from': 'Chiplet_4', 'to': 'Chiplet_2', 'connection_type': '2.5d_rdl', 'loc': '2.5d_chiplet'},{'from': 'Chiplet_5', 'to': 'Chiplet_3', 'connection_type': '2.5d_rdl', 'loc': '2.5d_chiplet'},{'from': 'Chiplet_5', 'to': 'Chiplet_4', 'connection_type': '2.5d_rdl', 'loc': '2.5d_chiplet'},{'from': 'Chiplet_5', 'to': 'Chiplet_2', 'connection_type': '2.5d_rdl', 'loc': '2.5d_chiplet'},{'from': 'Chiplet_3', 'to': 'Chiplet_4', 'connection_type': '2.5d_rdl', 'loc': '2.5d_chiplet'},{'from': 'Chiplet_3', 'to': 'Chiplet_5', 'connection_type': '2.5d_rdl', 'loc': '2.5d_chiplet'}",1,6,1,5,2,1,hbm3,ucie_std,na,1,0,ws,1,0,0
143,36.37162593685587,3555195.56,179815.86477684838,180291057.02491704,6696.24183006536,7830.578653208557,143,0.743226759447044,1.3845915837374998,512,64x64,10,6.726740457366197,12.973514847541198,4096,192x192,10,2.597993382379395,3.8395579270749995,512,96x96,14,0.829831759447044,1.3845915837374998,768,64x64,10,0.552198,1.11875,768,64x64,7,15.436124909546791,15.979573171754398,8192,192x192,14,2.5d,"{'from': 'Chiplet_6', 'to': 'Chiplet_3', 'connection_type': '2.5d_emib', 'loc': '2.5d_chiplet'},{'from': 'Chiplet_6', 'to': 'Chiplet_2', 'connection_type': '2.5d_emib', 'loc': '2.5d_chiplet'},{'from': 'Chiplet_2', 'to': 'Chiplet_3', 'connection_type': '2.5d_emib', 'loc': '2.5d_chiplet'},{'from': 'Chiplet_2', 'to': 'Chiplet_4', 'connection_type': '2.5d_emib', 'loc': '2.5d_chiplet'},{'from': 'Chiplet_2', 'to': 'Chiplet_6', 'connection_type': '2.5d_emib', 'loc': '2.5d_chiplet'},{'from': 'Chiplet_3', 'to': 'Chiplet_4', 'connection_type': '2.5d_emib', 'loc': '2.5d_chiplet'},{'from': 'Chiplet_3', 'to': 'Chiplet_1', 'connection_type': '2.5d_emib', 'loc': '2.5d_chiplet'},{'from': 'Chiplet_3', 'to': 'Chiplet_2', 'connection_type': '2.5d_emib', 'loc': '2.5d_chiplet'},{'from': 'Chiplet_3', 'to': 'Chiplet_6', 'connection_type': '2.5d_emib', 'loc': '2.5d_chiplet'},{'from': 'Chiplet_4', 'to': 'Chiplet_3', 'connection_type': '2.5d_emib', 'loc': '2.5d_chiplet'},{'from': 'Chiplet_4', 'to': 'Chiplet_5', 'connection_type': '2.5d_emib', 'loc': '2.5d_chiplet'},{'from': 'Chiplet_4', 'to': 'Chiplet_1', 'connection_type': '2.5d_emib', 'loc': '2.5d_chiplet'},{'from': 'Chiplet_4', 'to': 'Chiplet_2', 'connection_type': '2.5d_emib', 'loc': '2.5d_chiplet'},{'from': 'Chiplet_1', 'to': 'Chiplet_3', 'connection_type': '2.5d_emib', 'loc': '2.5d_chiplet'},{'from': 'Chiplet_1', 'to': 'Chiplet_5', 'connection_type': '2.5d_emib', 'loc': '2.5d_chiplet'},{'from': 'Chiplet_1', 'to': 'Chiplet_4', 'connection_type': '2.5d_emib', 'loc': '2.5d_chiplet'},{'from': 'Chiplet_5', 'to': 'Chiplet_4', 'connection_type': '2.5d_emib', 'loc': '2.5d_chiplet'},{'from': 'Chiplet_5', 'to': 'Chiplet_1', 'connection_type': '2.5d_emib', 'loc': '2.5d_chiplet'}",1,1,1,1,1,3,ddr4,bow,na,0,0,os,0,0,0
144,41.58350952363572,3827651.87,182410.63792093602,135882364.0479864,4141.872964169381,5323.115623875747,144,6.975099908490179,6.821646341899999,4096,128x128,14,12.799492673176792,15.979573171754398,4096,192x192,14,1.7117881800824635,3.1172648505374996,1536,96x96,10,1.7117881800824635,3.1172648505374996,1536,96x96,10,1.131132696,2.51875,1536,96x96,7,3.665749090547913,5.538366334949999,4096,128x128,10,2.5d,"{'from': 'Chiplet_2', 'to': 'Chiplet_5', 'connection_type': '2.5d_emib', 'loc': '2.5d_chiplet'},{'from': 'Chiplet_2', 'to': 'Chiplet_1', 'connection_type': '2.5d_emib', 'loc': '2.5d_chiplet'},{'from': 'Chiplet_2', 'to': 'Chiplet_6', 'connection_type': '2.5d_emib', 'loc': '2.5d_chiplet'},{'from': 'Chiplet_5', 'to': 'Chiplet_2', 'connection_type': '2.5d_emib', 'loc': '2.5d_chiplet'},{'from': 'Chiplet_5', 'to': 'Chiplet_6', 'connection_type': '2.5d_emib', 'loc': '2.5d_chiplet'},{'from': 'Chiplet_1', 'to': 'Chiplet_3', 'connection_type': '2.5d_emib', 'loc': '2.5d_chiplet'},{'from': 'Chiplet_1', 'to': 'Chiplet_2', 'connection_type': '2.5d_emib', 'loc': '2.5d_chiplet'},{'from': 'Chiplet_1', 'to': 'Chiplet_6', 'connection_type': '2.5d_emib', 'loc': '2.5d_chiplet'},{'from': 'Chiplet_6', 'to': 'Chiplet_3', 'connection_type': '2.5d_emib', 'loc': '2.5d_chiplet'},{'from': 'Chiplet_6', 'to': 'Chiplet_4', 'connection_type': '2.5d_emib', 'loc': '2.5d_chiplet'},{'from': 'Chiplet_6', 'to': 'Chiplet_1', 'connection_type': '2.5d_emib', 'loc': '2.5d_chiplet'},{'from': 'Chiplet_6', 'to': 'Chiplet_2', 'connection_type': '2.5d_emib', 'loc': '2.5d_chiplet'},{'from': 'Chiplet_6', 'to': 'Chiplet_5', 'connection_type': '2.5d_emib', 'loc': '2.5d_chiplet'},{'from': 'Chiplet_3', 'to': 'Chiplet_4', 'connection_type': '2.5d_emib', 'loc': '2.5d_chiplet'},{'from': 'Chiplet_3', 'to': 'Chiplet_1', 'connection_type': '2.5d_emib', 'loc': '2.5d_chiplet'},{'from': 'Chiplet_3', 'to': 'Chiplet_6', 'connection_type': '2.5d_emib', 'loc': '2.5d_chiplet'},{'from': 'Chiplet_4', 'to': 'Chiplet_3', 'connection_type': '2.5d_emib', 'loc': '2.5d_chiplet'},{'from': 'Chiplet_4', 'to': 'Chiplet_6', 'connection_type': '2.5d_emib', 'loc': '2.5d_chiplet'}",1,3,1,1,1,1,ddr5,ucie_adv,na,1,0,os,0,0,0
145,54.10968874948059,4536013.26,108292.42712626883,136161888.29132283,3562.372549019608,5343.190694035038,145,2.927572174079395,3.8395579270749995,1024,96x96,14,1.304342696,2.51875,2048,96x96,7,0.957922696,2.51875,1024,96x96,7,12.799492673176792,15.979573171754398,4096,192x192,14,0.957922696,2.51875,1024,96x96,7,15.436124909546791,15.979573171754398,8192,192x192,14,2.5d,"{'from': 'Chiplet_6', 'to': 'Chiplet_4', 'connection_type': '2.5d_rdl', 'loc': '2.5d_chiplet'},{'from': 'Chiplet_6', 'to': 'Chiplet_1', 'connection_type': '2.5d_rdl', 'loc': '2.5d_chiplet'},{'from': 'Chiplet_6', 'to': 'Chiplet_2', 'connection_type': '2.5d_rdl', 'loc': '2.5d_chiplet'},{'from': 'Chiplet_2', 'to': 'Chiplet_1', 'connection_type': '2.5d_rdl', 'loc': '2.5d_chiplet'},{'from': 'Chiplet_2', 'to': 'Chiplet_6', 'connection_type': '2.5d_rdl', 'loc': '2.5d_chiplet'},{'from': 'Chiplet_4', 'to': 'Chiplet_3', 'connection_type': '2.5d_rdl', 'loc': '2.5d_chiplet'},{'from': 'Chiplet_4', 'to': 'Chiplet_1', 'connection_type': '2.5d_rdl', 'loc': '2.5d_chiplet'},{'from': 'Chiplet_4', 'to': 'Chiplet_6', 'connection_type': '2.5d_rdl', 'loc': '2.5d_chiplet'},{'from': 'Chiplet_1', 'to': 'Chiplet_3', 'connection_type': '2.5d_rdl', 'loc': '2.5d_chiplet'},{'from': 'Chiplet_1', 'to': 'Chiplet_4', 'connection_type': '2.5d_rdl', 'loc': '2.5d_chiplet'},{'from': 'Chiplet_1', 'to': 'Chiplet_2', 'connection_type': '2.5d_rdl', 'loc': '2.5d_chiplet'},{'from': 'Chiplet_1', 'to': 'Chiplet_6', 'connection_type': '2.5d_rdl', 'loc': '2.5d_chiplet'},{'from': 'Chiplet_1', 'to': 'Chiplet_5', 'connection_type': '2.5d_rdl', 'loc': '2.5d_chiplet'},{'from': 'Chiplet_3', 'to': 'Chiplet_4', 'connection_type': '2.5d_rdl', 'loc': '2.5d_chiplet'},{'from': 'Chiplet_3', 'to': 'Chiplet_5', 'connection_type': '2.5d_rdl', 'loc': '2.5d_chiplet'},{'from': 'Chiplet_3', 'to': 'Chiplet_1', 'connection_type': '2.5d_rdl', 'loc': '2.5d_chiplet'},{'from': 'Chiplet_5', 'to': 'Chiplet_3', 'connection_type': '2.5d_rdl', 'loc': '2.5d_chiplet'},{'from': 'Chiplet_5', 'to': 'Chiplet_1', 'connection_type': '2.5d_rdl', 'loc': '2.5d_chiplet'}",1,1,1,2,1,2,ddr5,ucie_std,na,0,0,ws,0,0,0
146,37.395450809265654,5155745.8,202142.9120244696,65303777.23799936,8569.63990171856,8255.352008235084,146,7.419580457366196,12.973514847541198,6144,192x192,10,0.46559300000000003,1.11875,512,64x64,7,4.818150952,10.4826,6144,192x192,7,0.552198,1.11875,768,64x64,7,1.8849981800824636,3.1172648505374996,2048,96x96,10,15.436124909546791,15.979573171754398,8192,192x192,14,2.5d,"{'from': 'Chiplet_6', 'to': 'Chiplet_3', 'connection_type': '2.5d_emib', 'loc': '2.5d_chiplet'},{'from': 'Chiplet_6', 'to': 'Chiplet_1', 'connection_type': '2.5d_emib', 'loc': '2.5d_chiplet'},{'from': 'Chiplet_1', 'to': 'Chiplet_3', 'connection_type': '2.5d_emib', 'loc': '2.5d_chiplet'},{'from': 'Chiplet_1', 'to': 'Chiplet_5', 'connection_type': '2.5d_emib', 'loc': '2.5d_chiplet'},{'from': 'Chiplet_1', 'to': 'Chiplet_6', 'connection_type': '2.5d_emib', 'loc': '2.5d_chiplet'},{'from': 'Chiplet_3', 'to': 'Chiplet_4', 'connection_type': '2.5d_emib', 'loc': '2.5d_chiplet'},{'from': 'Chiplet_3', 'to': 'Chiplet_5', 'connection_type': '2.5d_emib', 'loc': '2.5d_chiplet'},{'from': 'Chiplet_3', 'to': 'Chiplet_1', 'connection_type': '2.5d_emib', 'loc': '2.5d_chiplet'},{'from': 'Chiplet_3', 'to': 'Chiplet_6', 'connection_type': '2.5d_emib', 'loc': '2.5d_chiplet'},{'from': 'Chiplet_5', 'to': 'Chiplet_3', 'connection_type': '2.5d_emib', 'loc': '2.5d_chiplet'},{'from': 'Chiplet_5', 'to': 'Chiplet_4', 'connection_type': '2.5d_emib', 'loc': '2.5d_chiplet'},{'from': 'Chiplet_5', 'to': 'Chiplet_1', 'connection_type': '2.5d_emib', 'loc': '2.5d_chiplet'},{'from': 'Chiplet_5', 'to': 'Chiplet_2', 'connection_type': '2.5d_emib', 'loc': '2.5d_chiplet'},{'from': 'Chiplet_4', 'to': 'Chiplet_3', 'connection_type': '2.5d_emib', 'loc': '2.5d_chiplet'},{'from': 'Chiplet_4', 'to': 'Chiplet_5', 'connection_type': '2.5d_emib', 'loc': '2.5d_chiplet'},{'from': 'Chiplet_4', 'to': 'Chiplet_2', 'connection_type': '2.5d_emib', 'loc': '2.5d_chiplet'},{'from': 'Chiplet_2', 'to': 'Chiplet_4', 'connection_type': '2.5d_emib', 'loc': '2.5d_chiplet'},{'from': 'Chiplet_2', 'to': 'Chiplet_5', 'connection_type': '2.5d_emib', 'loc': '2.5d_chiplet'}",3,1,2,1,1,8,hbm2,aib,na,0,0,is,1,0,0
147,20.882216883973236,2072571.37,154412.0054598908,99246554.92363892,12185.529856138157,6478.7654833942615,147,1.743774000637535,1.7054115854749998,1024,64x64,14,5.656782838920179,6.821646341899999,2048,128x128,14,0.46559300000000003,1.11875,512,64x64,7,0.378988,1.11875,256,64x64,7,3.665749090547913,5.538366334949999,4096,128x128,10,1.86237254,4.475,2048,128x128,7,2.5d,"{'from': 'Chiplet_2', 'to': 'Chiplet_3', 'connection_type': '2.5d_emib', 'loc': '2.5d_chiplet'},{'from': 'Chiplet_2', 'to': 'Chiplet_5', 'connection_type': '2.5d_emib', 'loc': '2.5d_chiplet'},{'from': 'Chiplet_2', 'to': 'Chiplet_4', 'connection_type': '2.5d_emib', 'loc': '2.5d_chiplet'},{'from': 'Chiplet_2', 'to': 'Chiplet_6', 'connection_type': '2.5d_emib', 'loc': '2.5d_chiplet'},{'from': 'Chiplet_3', 'to': 'Chiplet_4', 'connection_type': '2.5d_emib', 'loc': '2.5d_chiplet'},{'from': 'Chiplet_3', 'to': 'Chiplet_2', 'connection_type': '2.5d_emib', 'loc': '2.5d_chiplet'},{'from': 'Chiplet_4', 'to': 'Chiplet_3', 'connection_type': '2.5d_emib', 'loc': '2.5d_chiplet'},{'from': 'Chiplet_4', 'to': 'Chiplet_2', 'connection_type': '2.5d_emib', 'loc': '2.5d_chiplet'},{'from': 'Chiplet_5', 'to': 'Chiplet_1', 'connection_type': '2.5d_emib', 'loc': '2.5d_chiplet'},{'from': 'Chiplet_5', 'to': 'Chiplet_2', 'connection_type': '2.5d_emib', 'loc': '2.5d_chiplet'},{'from': 'Chiplet_5', 'to': 'Chiplet_6', 'connection_type': '2.5d_emib', 'loc': '2.5d_chiplet'},{'from': 'Chiplet_6', 'to': 'Chiplet_5', 'connection_type': '2.5d_emib', 'loc': '2.5d_chiplet'},{'from': 'Chiplet_6', 'to': 'Chiplet_1', 'connection_type': '2.5d_emib', 'loc': '2.5d_chiplet'},{'from': 'Chiplet_6', 'to': 'Chiplet_2', 'connection_type': '2.5d_emib', 'loc': '2.5d_chiplet'},{'from': 'Chiplet_1', 'to': 'Chiplet_5', 'connection_type': '2.5d_emib', 'loc': '2.5d_chiplet'},{'from': 'Chiplet_1', 'to': 'Chiplet_6', 'connection_type': '2.5d_emib', 'loc': '2.5d_chiplet'}",1,3,1,1,1,1,ddr5,aib,na,0,0,os,1,0,0
148,34.69664653329102,4820975.9,85043.60219205066,49716211.53707147,9759.72087734404,8010.246084835018,148,3.665749090547913,5.538366334949999,4096,128x128,10,1.5385781800824634,3.1172648505374996,1024,96x96,10,7.419580457366196,12.973514847541198,6144,192x192,10,0.552198,1.11875,768,64x64,7,7.419580457366196,12.973514847541198,6144,192x192,10,2.927572174079395,3.8395579270749995,1024,96x96,14,2.5d_3d,"{'from': 'Chiplet_2', 'to': 'Chiplet_4', 'connection_type': '3d_hyb_bond', 'loc': 'stack0_base'},{'from': 'Chiplet_4', 'to': 'na', 'connection_type': '3d_hyb_bond', 'loc': 'stack0_top'},{'from': 'Chiplet_3', 'to': 'Chiplet_5', 'connection_type': '2.5d_rdl', 'loc': '2.5d_chiplet'},{'from': 'Chiplet_3', 'to': 'Chiplet_1', 'connection_type': '2.5d_rdl', 'loc': '2.5d_chiplet'},{'from': 'Chiplet_1', 'to': 'Chiplet_3', 'connection_type': '2.5d_rdl', 'loc': '2.5d_chiplet'},{'from': 'Chiplet_1', 'to': 'Chiplet_6', 'connection_type': '2.5d_rdl', 'loc': '2.5d_chiplet'},{'from': 'Chiplet_5', 'to': 'Chiplet_3', 'connection_type': '2.5d_rdl', 'loc': '2.5d_chiplet'},{'from': 'Chiplet_5', 'to': 'Chiplet_2', 'connection_type': '2.5d_rdl', 'loc': '2.5d_chiplet'},{'from': 'Chiplet_5', 'to': 'Chiplet_6', 'connection_type': '2.5d_rdl', 'loc': '2.5d_chiplet'},{'from': 'Chiplet_6', 'to': 'Chiplet_5', 'connection_type': '2.5d_rdl', 'loc': '2.5d_chiplet'},{'from': 'Chiplet_6', 'to': 'Chiplet_1', 'connection_type': '2.5d_rdl', 'loc': '2.5d_chiplet'},{'from': 'Chiplet_6', 'to': 'Chiplet_2', 'connection_type': '2.5d_rdl', 'loc': '2.5d_chiplet'},{'from': 'Chiplet_2', 'to': 'Chiplet_5', 'connection_type': '2.5d_rdl', 'loc': '2.5d_chiplet'},{'from': 'Chiplet_2', 'to': 'Chiplet_6', 'connection_type': '2.5d_rdl', 'loc': '2.5d_chiplet'}",2,1,5,1,5,2,hbm3,ucie_std,ucie_3d,0,0,ws,1,0,0
149,34.501547818405676,4285986.32,108478.31089055535,178894053.05209053,3734.372549019608,6630.23011633585,149,8.112421457366196,12.973514847541198,8192,192x192,10,3.432469952,10.4826,2048,192x192,7,4.1253109519999995,10.4826,4096,192x192,7,0.46559300000000003,1.11875,512,64x64,7,1.3653681800824635,3.1172648505374996,512,96x96,10,5.5109919519999995,10.4826,8192,192x192,7,2.5d,"{'from': 'Chiplet_1', 'to': 'Chiplet_3', 'connection_type': '2.5d_rdl', 'loc': '2.5d_chiplet'},{'from': 'Chiplet_1', 'to': 'Chiplet_2', 'connection_type': '2.5d_rdl', 'loc': '2.5d_chiplet'},{'from': 'Chiplet_1', 'to': 'Chiplet_6', 'connection_type': '2.5d_rdl', 'loc': '2.5d_chiplet'},{'from': 'Chiplet_2', 'to': 'Chiplet_3', 'connection_type': '2.5d_rdl', 'loc': '2.5d_chiplet'},{'from': 'Chiplet_2', 'to': 'Chiplet_1', 'connection_type': '2.5d_rdl', 'loc': '2.5d_chiplet'},{'from': 'Chiplet_6', 'to': 'Chiplet_3', 'connection_type': '2.5d_rdl', 'loc': '2.5d_chiplet'},{'from': 'Chiplet_6', 'to': 'Chiplet_5', 'connection_type': '2.5d_rdl', 'loc': '2.5d_chiplet'},{'from': 'Chiplet_6', 'to': 'Chiplet_1', 'connection_type': '2.5d_rdl', 'loc': '2.5d_chiplet'},{'from': 'Chiplet_3', 'to': 'Chiplet_4', 'connection_type': '2.5d_rdl', 'loc': '2.5d_chiplet'},{'from': 'Chiplet_3', 'to': 'Chiplet_1', 'connection_type': '2.5d_rdl', 'loc': '2.5d_chiplet'},{'from': 'Chiplet_3', 'to': 'Chiplet_2', 'connection_type': '2.5d_rdl', 'loc': '2.5d_chiplet'},{'from': 'Chiplet_3', 'to': 'Chiplet_6', 'connection_type': '2.5d_rdl', 'loc': '2.5d_chiplet'},{'from': 'Chiplet_3', 'to': 'Chiplet_5', 'connection_type': '2.5d_rdl', 'loc': '2.5d_chiplet'},{'from': 'Chiplet_5', 'to': 'Chiplet_3', 'connection_type': '2.5d_rdl', 'loc': '2.5d_chiplet'},{'from': 'Chiplet_5', 'to': 'Chiplet_4', 'connection_type': '2.5d_rdl', 'loc': '2.5d_chiplet'},{'from': 'Chiplet_5', 'to': 'Chiplet_6', 'connection_type': '2.5d_rdl', 'loc': '2.5d_chiplet'},{'from': 'Chiplet_4', 'to': 'Chiplet_3', 'connection_type': '2.5d_rdl', 'loc': '2.5d_chiplet'},{'from': 'Chiplet_4', 'to': 'Chiplet_5', 'connection_type': '2.5d_rdl', 'loc': '2.5d_chiplet'}",2,1,1,1,1,2,ddr4,ucie_std,na,1,0,is,0,0,0
150,19.22054994207757,2477383.0,165251.61671045257,172272933.87328914,5643.745098039216,6061.9989117498335,150,1.7117881800824635,3.1172648505374996,1536,96x96,10,2.972908090547913,5.538366334949999,2048,128x128,10,4.818150952,10.4826,6144,192x192,7,1.7117881800824635,3.1172648505374996,1536,96x96,10,1.5385781800824634,3.1172648505374996,1024,96x96,10,1.131132696,2.51875,1536,96x96,7,2.5d,"{'from': 'Chiplet_3', 'to': 'Chiplet_5', 'connection_type': '2.5d_emib', 'loc': '2.5d_chiplet'},{'from': 'Chiplet_3', 'to': 'Chiplet_1', 'connection_type': '2.5d_emib', 'loc': '2.5d_chiplet'},{'from': 'Chiplet_3', 'to': 'Chiplet_2', 'connection_type': '2.5d_emib', 'loc': '2.5d_chiplet'},{'from': 'Chiplet_3', 'to': 'Chiplet_6', 'connection_type': '2.5d_emib', 'loc': '2.5d_chiplet'},{'from': 'Chiplet_5', 'to': 'Chiplet_3', 'connection_type': '2.5d_emib', 'loc': '2.5d_chiplet'},{'from': 'Chiplet_5', 'to': 'Chiplet_6', 'connection_type': '2.5d_emib', 'loc': '2.5d_chiplet'},{'from': 'Chiplet_6', 'to': 'Chiplet_3', 'connection_type': '2.5d_emib', 'loc': '2.5d_chiplet'},{'from': 'Chiplet_6', 'to': 'Chiplet_5', 'connection_type': '2.5d_emib', 'loc': '2.5d_chiplet'},{'from': 'Chiplet_2', 'to': 'Chiplet_3', 'connection_type': '2.5d_emib', 'loc': '2.5d_chiplet'},{'from': 'Chiplet_2', 'to': 'Chiplet_4', 'connection_type': '2.5d_emib', 'loc': '2.5d_chiplet'},{'from': 'Chiplet_2', 'to': 'Chiplet_1', 'connection_type': '2.5d_emib', 'loc': '2.5d_chiplet'},{'from': 'Chiplet_1', 'to': 'Chiplet_3', 'connection_type': '2.5d_emib', 'loc': '2.5d_chiplet'},{'from': 'Chiplet_1', 'to': 'Chiplet_4', 'connection_type': '2.5d_emib', 'loc': '2.5d_chiplet'},{'from': 'Chiplet_1', 'to': 'Chiplet_2', 'connection_type': '2.5d_emib', 'loc': '2.5d_chiplet'},{'from': 'Chiplet_4', 'to': 'Chiplet_1', 'connection_type': '2.5d_emib', 'loc': '2.5d_chiplet'},{'from': 'Chiplet_4', 'to': 'Chiplet_2', 'connection_type': '2.5d_emib', 'loc': '2.5d_chiplet'}",1,1,3,1,1,1,ddr4,bow,na,0,0,is,0,0,0
151,29.53658733776328,3627495.43,173199.33964274704,41885507.507620916,5383.713878713878,4498.487569146138,151,0.957922696,2.51875,1024,96x96,7,1.3653681800824635,3.1172648505374996,512,96x96,10,0.916436759447044,1.3845915837374998,1024,64x64,10,11.481175603606792,15.979573171754398,2048,192x192,14,6.726740457366197,12.973514847541198,4096,192x192,10,1.743774000637535,1.7054115854749998,1024,64x64,14,2.5d,"{'from': 'Chiplet_4', 'to': 'Chiplet_3', 'connection_type': '2.5d_emib', 'loc': '2.5d_chiplet'},{'from': 'Chiplet_4', 'to': 'Chiplet_5', 'connection_type': '2.5d_emib', 'loc': '2.5d_chiplet'},{'from': 'Chiplet_4', 'to': 'Chiplet_6', 'connection_type': '2.5d_emib', 'loc': '2.5d_chiplet'},{'from': 'Chiplet_5', 'to': 'Chiplet_4', 'connection_type': '2.5d_emib', 'loc': '2.5d_chiplet'},{'from': 'Chiplet_5', 'to': 'Chiplet_2', 'connection_type': '2.5d_emib', 'loc': '2.5d_chiplet'},{'from': 'Chiplet_5', 'to': 'Chiplet_6', 'connection_type': '2.5d_emib', 'loc': '2.5d_chiplet'},{'from': 'Chiplet_6', 'to': 'Chiplet_4', 'connection_type': '2.5d_emib', 'loc': '2.5d_chiplet'},{'from': 'Chiplet_6', 'to': 'Chiplet_3', 'connection_type': '2.5d_emib', 'loc': '2.5d_chiplet'},{'from': 'Chiplet_6', 'to': 'Chiplet_1', 'connection_type': '2.5d_emib', 'loc': '2.5d_chiplet'},{'from': 'Chiplet_6', 'to': 'Chiplet_2', 'connection_type': '2.5d_emib', 'loc': '2.5d_chiplet'},{'from': 'Chiplet_6', 'to': 'Chiplet_5', 'connection_type': '2.5d_emib', 'loc': '2.5d_chiplet'},{'from': 'Chiplet_3', 'to': 'Chiplet_4', 'connection_type': '2.5d_emib', 'loc': '2.5d_chiplet'},{'from': 'Chiplet_3', 'to': 'Chiplet_6', 'connection_type': '2.5d_emib', 'loc': '2.5d_chiplet'},{'from': 'Chiplet_2', 'to': 'Chiplet_5', 'connection_type': '2.5d_emib', 'loc': '2.5d_chiplet'},{'from': 'Chiplet_2', 'to': 'Chiplet_1', 'connection_type': '2.5d_emib', 'loc': '2.5d_chiplet'},{'from': 'Chiplet_2', 'to': 'Chiplet_6', 'connection_type': '2.5d_emib', 'loc': '2.5d_chiplet'},{'from': 'Chiplet_1', 'to': 'Chiplet_2', 'connection_type': '2.5d_emib', 'loc': '2.5d_chiplet'},{'from': 'Chiplet_1', 'to': 'Chiplet_6', 'connection_type': '2.5d_emib', 'loc': '2.5d_chiplet'}",1,1,1,8,4,1,hbm3,bow,na,0,0,is,0,0,0
152,15.284341052110744,3188366.19,76339.49804051801,42745349.35312567,4906.008895903427,3966.451819450201,152,1.4141952089375351,1.7054115854749998,512,64x64,14,0.916436759447044,1.3845915837374998,1024,64x64,10,1.3653681800824635,3.1172648505374996,512,96x96,10,7.419580457366196,12.973514847541198,6144,192x192,10,1.8849981800824636,3.1172648505374996,2048,96x96,10,6.033899457366197,12.973514847541198,2048,192x192,10,2.5d_3d,"{'from': 'Chiplet_4', 'to': 'Chiplet_6', 'connection_type': '3d_u_bump', 'loc': 'stack0_base'},{'from': 'Chiplet_6', 'to': 'Chiplet_3', 'connection_type': '3d_u_bump', 'loc': 'stack0_middle1'},{'from': 'Chiplet_3', 'to': 'Chiplet_2', 'connection_type': '3d_u_bump', 'loc': 'stack0_middle2'},{'from': 'Chiplet_2', 'to': 'na', 'connection_type': '3d_u_bump', 'loc': 'stack0_top'},{'from': 'Chiplet_4', 'to': 'Chiplet_5', 'connection_type': '2.5d_rdl', 'loc': '2.5d_chiplet'},{'from': 'Chiplet_4', 'to': 'Chiplet_1', 'connection_type': '2.5d_rdl', 'loc': '2.5d_chiplet'},{'from': 'Chiplet_5', 'to': 'Chiplet_4', 'connection_type': '2.5d_rdl', 'loc': '2.5d_chiplet'},{'from': 'Chiplet_5', 'to': 'Chiplet_1', 'connection_type': '2.5d_rdl', 'loc': '2.5d_chiplet'},{'from': 'Chiplet_1', 'to': 'Chiplet_4', 'connection_type': '2.5d_rdl', 'loc': '2.5d_chiplet'},{'from': 'Chiplet_1', 'to': 'Chiplet_5', 'connection_type': '2.5d_rdl', 'loc': '2.5d_chiplet'}",1,1,1,6,2,5,hbm2,ucie_std,ucie_3d,1,0,os,1,0,0
153,19.2707241793443,4351565.58,93675.28367094605,49536570.1642228,14036.066766972313,12039.755897515832,153,5.5109919519999995,10.4826,8192,192x192,7,1.86237254,4.475,2048,128x128,7,0.638803,1.11875,1024,64x64,7,6.726740457366197,12.973514847541198,4096,192x192,10,6.726740457366197,12.973514847541198,4096,192x192,10,0.46559300000000003,1.11875,512,64x64,7,2.5d_3d,"{'from': 'Chiplet_5', 'to': 'Chiplet_4', 'connection_type': '3d_tsv', 'loc': 'stack0_base'},{'from': 'Chiplet_4', 'to': 'Chiplet_3', 'connection_type': '3d_tsv', 'loc': 'stack0_middle1'},{'from': 'Chiplet_3', 'to': 'Chiplet_6', 'connection_type': '3d_tsv', 'loc': 'stack0_middle2'},{'from': 'Chiplet_6', 'to': 'na', 'connection_type': '3d_tsv', 'loc': 'stack0_top'},{'from': 'Chiplet_5', 'to': 'Chiplet_1', 'connection_type': '2.5d_rdl', 'loc': '2.5d_chiplet'},{'from': 'Chiplet_5', 'to': 'Chiplet_2', 'connection_type': '2.5d_rdl', 'loc': '2.5d_chiplet'},{'from': 'Chiplet_1', 'to': 'Chiplet_5', 'connection_type': '2.5d_rdl', 'loc': '2.5d_chiplet'},{'from': 'Chiplet_1', 'to': 'Chiplet_2', 'connection_type': '2.5d_rdl', 'loc': '2.5d_chiplet'},{'from': 'Chiplet_2', 'to': 'Chiplet_5', 'connection_type': '2.5d_rdl', 'loc': '2.5d_chiplet'},{'from': 'Chiplet_2', 'to': 'Chiplet_1', 'connection_type': '2.5d_rdl', 'loc': '2.5d_chiplet'}",4,1,1,5,4,1,hbm3,ucie_std,ucie_3d,1,0,os,1,0,0
154,37.85550871735553,4797554.09,190481.72488223916,38668618.530725315,2305.7139557139562,2850.9999751421647,154,3.432469952,10.4826,2048,192x192,7,6.033899457366197,12.973514847541198,2048,192x192,10,6.033899457366197,12.973514847541198,2048,192x192,10,6.315940422320179,6.821646341899999,3072,128x128,14,3.3193280905479132,5.538366334949999,3072,128x128,10,1.4141952089375351,1.7054115854749998,512,64x64,14,2.5d,"{'from': 'Chiplet_4', 'to': 'Chiplet_5', 'connection_type': '2.5d_emib', 'loc': '2.5d_chiplet'},{'from': 'Chiplet_4', 'to': 'Chiplet_1', 'connection_type': '2.5d_emib', 'loc': '2.5d_chiplet'},{'from': 'Chiplet_4', 'to': 'Chiplet_2', 'connection_type': '2.5d_emib', 'loc': '2.5d_chiplet'},{'from': 'Chiplet_1', 'to': 'Chiplet_4', 'connection_type': '2.5d_emib', 'loc': '2.5d_chiplet'},{'from': 'Chiplet_1', 'to': 'Chiplet_5', 'connection_type': '2.5d_emib', 'loc': '2.5d_chiplet'},{'from': 'Chiplet_5', 'to': 'Chiplet_3', 'connection_type': '2.5d_emib', 'loc': '2.5d_chiplet'},{'from': 'Chiplet_5', 'to': 'Chiplet_4', 'connection_type': '2.5d_emib', 'loc': '2.5d_chiplet'},{'from': 'Chiplet_5', 'to': 'Chiplet_1', 'connection_type': '2.5d_emib', 'loc': '2.5d_chiplet'},{'from': 'Chiplet_2', 'to': 'Chiplet_4', 'connection_type': '2.5d_emib', 'loc': '2.5d_chiplet'},{'from': 'Chiplet_2', 'to': 'Chiplet_3', 'connection_type': '2.5d_emib', 'loc': '2.5d_chiplet'},{'from': 'Chiplet_2', 'to': 'Chiplet_6', 'connection_type': '2.5d_emib', 'loc': '2.5d_chiplet'},{'from': 'Chiplet_6', 'to': 'Chiplet_3', 'connection_type': '2.5d_emib', 'loc': '2.5d_chiplet'},{'from': 'Chiplet_6', 'to': 'Chiplet_2', 'connection_type': '2.5d_emib', 'loc': '2.5d_chiplet'},{'from': 'Chiplet_3', 'to': 'Chiplet_5', 'connection_type': '2.5d_emib', 'loc': '2.5d_chiplet'},{'from': 'Chiplet_3', 'to': 'Chiplet_2', 'connection_type': '2.5d_emib', 'loc': '2.5d_chiplet'},{'from': 'Chiplet_3', 'to': 'Chiplet_6', 'connection_type': '2.5d_emib', 'loc': '2.5d_chiplet'}",2,4,3,4,2,1,hbm3,bow,na,1,0,ws,0,0,0
155,53.10319267065664,4459190.04,102817.10358230412,138487647.40368348,20121.885699470855,18359.701970553288,155,14.117807839976791,15.979573171754398,6144,192x192,14,0.784712696,2.51875,512,96x96,7,3.2571509657793953,3.8395579270749995,1536,96x96,14,4.9976252555201786,6.821646341899999,1024,128x128,14,1.8849981800824636,3.1172648505374996,2048,96x96,10,4.818150952,10.4826,6144,192x192,7,2.5d,"{'from': 'Chiplet_1', 'to': 'Chiplet_4', 'connection_type': '2.5d_rdl', 'loc': '2.5d_chiplet'},{'from': 'Chiplet_1', 'to': 'Chiplet_2', 'connection_type': '2.5d_rdl', 'loc': '2.5d_chiplet'},{'from': 'Chiplet_2', 'to': 'Chiplet_4', 'connection_type': '2.5d_rdl', 'loc': '2.5d_chiplet'},{'from': 'Chiplet_2', 'to': 'Chiplet_1', 'connection_type': '2.5d_rdl', 'loc': '2.5d_chiplet'},{'from': 'Chiplet_2', 'to': 'Chiplet_6', 'connection_type': '2.5d_rdl', 'loc': '2.5d_chiplet'},{'from': 'Chiplet_4', 'to': 'Chiplet_5', 'connection_type': '2.5d_rdl', 'loc': '2.5d_chiplet'},{'from': 'Chiplet_4', 'to': 'Chiplet_1', 'connection_type': '2.5d_rdl', 'loc': '2.5d_chiplet'},{'from': 'Chiplet_4', 'to': 'Chiplet_2', 'connection_type': '2.5d_rdl', 'loc': '2.5d_chiplet'},{'from': 'Chiplet_4', 'to': 'Chiplet_6', 'connection_type': '2.5d_rdl', 'loc': '2.5d_chiplet'},{'from': 'Chiplet_5', 'to': 'Chiplet_4', 'connection_type': '2.5d_rdl', 'loc': '2.5d_chiplet'},{'from': 'Chiplet_5', 'to': 'Chiplet_3', 'connection_type': '2.5d_rdl', 'loc': '2.5d_chiplet'},{'from': 'Chiplet_6', 'to': 'Chiplet_3', 'connection_type': '2.5d_rdl', 'loc': '2.5d_chiplet'},{'from': 'Chiplet_6', 'to': 'Chiplet_4', 'connection_type': '2.5d_rdl', 'loc': '2.5d_chiplet'},{'from': 'Chiplet_6', 'to': 'Chiplet_2', 'connection_type': '2.5d_rdl', 'loc': '2.5d_chiplet'},{'from': 'Chiplet_3', 'to': 'Chiplet_5', 'connection_type': '2.5d_rdl', 'loc': '2.5d_chiplet'},{'from': 'Chiplet_3', 'to': 'Chiplet_6', 'connection_type': '2.5d_rdl', 'loc': '2.5d_chiplet'}",3,1,1,1,1,1,ddr4,ucie_std,na,1,0,os,1,0,0
156,13.442756841471706,2216410.8,62035.21766545625,128593075.62320949,5016.442542787287,4452.444097703189,156,1.578984604787535,1.7054115854749998,768,64x64,14,3.5867297574793953,3.8395579270749995,2048,96x96,14,4.818150952,10.4826,6144,192x192,7,0.916436759447044,1.3845915837374998,1024,64x64,10,2.597993382379395,3.8395579270749995,512,96x96,14,0.743226759447044,1.3845915837374998,512,64x64,10,2.5d_3d,"{'from': 'Chiplet_3', 'to': 'Chiplet_5', 'connection_type': '3d_hyb_bond', 'loc': 'stack0_base'},{'from': 'Chiplet_5', 'to': 'Chiplet_1', 'connection_type': '3d_hyb_bond', 'loc': 'stack0_middle1'},{'from': 'Chiplet_1', 'to': 'Chiplet_6', 'connection_type': '3d_hyb_bond', 'loc': 'stack0_middle2'},{'from': 'Chiplet_6', 'to': 'na', 'connection_type': '3d_hyb_bond', 'loc': 'stack0_top'},{'from': 'Chiplet_3', 'to': 'Chiplet_4', 'connection_type': '2.5d_rdl', 'loc': '2.5d_chiplet'},{'from': 'Chiplet_3', 'to': 'Chiplet_2', 'connection_type': '2.5d_rdl', 'loc': '2.5d_chiplet'},{'from': 'Chiplet_2', 'to': 'Chiplet_3', 'connection_type': '2.5d_rdl', 'loc': '2.5d_chiplet'},{'from': 'Chiplet_2', 'to': 'Chiplet_4', 'connection_type': '2.5d_rdl', 'loc': '2.5d_chiplet'},{'from': 'Chiplet_4', 'to': 'Chiplet_3', 'connection_type': '2.5d_rdl', 'loc': '2.5d_chiplet'},{'from': 'Chiplet_4', 'to': 'Chiplet_2', 'connection_type': '2.5d_rdl', 'loc': '2.5d_chiplet'}",1,2,2,1,1,1,ddr5,ucie_std,ucie_3d,0,0,os,0,0,0
157,25.260552159406743,4669208.07,96729.73377235563,54863559.777407035,10384.640163797481,8855.103998628601,157,7.419580457366196,12.973514847541198,6144,192x192,10,2.20879254,4.475,3072,128x128,7,3.5867297574793953,3.8395579270749995,2048,96x96,14,0.784712696,2.51875,512,96x96,7,6.315940422320179,6.821646341899999,3072,128x128,14,4.1253109519999995,10.4826,4096,192x192,7,2.5d_3d,"{'from': 'Chiplet_5', 'to': 'Chiplet_2', 'connection_type': '3d_hyb_bond', 'loc': 'stack0_base'},{'from': 'Chiplet_2', 'to': 'Chiplet_4', 'connection_type': '3d_hyb_bond', 'loc': 'stack0_middle1'},{'from': 'Chiplet_4', 'to': 'na', 'connection_type': '3d_hyb_bond', 'loc': 'stack0_top'},{'from': 'Chiplet_1', 'to': 'Chiplet_3', 'connection_type': '2.5d_rdl', 'loc': '2.5d_chiplet'},{'from': 'Chiplet_1', 'to': 'Chiplet_5', 'connection_type': '2.5d_rdl', 'loc': '2.5d_chiplet'},{'from': 'Chiplet_1', 'to': 'Chiplet_6', 'connection_type': '2.5d_rdl', 'loc': '2.5d_chiplet'},{'from': 'Chiplet_3', 'to': 'Chiplet_1', 'connection_type': '2.5d_rdl', 'loc': '2.5d_chiplet'},{'from': 'Chiplet_3', 'to': 'Chiplet_6', 'connection_type': '2.5d_rdl', 'loc': '2.5d_chiplet'},{'from': 'Chiplet_5', 'to': 'Chiplet_1', 'connection_type': '2.5d_rdl', 'loc': '2.5d_chiplet'},{'from': 'Chiplet_5', 'to': 'Chiplet_6', 'connection_type': '2.5d_rdl', 'loc': '2.5d_chiplet'},{'from': 'Chiplet_6', 'to': 'Chiplet_3', 'connection_type': '2.5d_rdl', 'loc': '2.5d_chiplet'},{'from': 'Chiplet_6', 'to': 'Chiplet_5', 'connection_type': '2.5d_rdl', 'loc': '2.5d_chiplet'},{'from': 'Chiplet_6', 'to': 'Chiplet_1', 'connection_type': '2.5d_rdl', 'loc': '2.5d_chiplet'}",5,1,2,1,4,3,hbm2,ucie_std,ucie_3d,0,0,is,1,0,0
158,40.48578696272528,5194110.0,196464.07505379312,58962451.1617162,9197.277665313757,9210.321475890603,158,4.9976252555201786,6.821646341899999,1024,128x128,14,1.249405813087535,1.7054115854749998,256,64x64,14,7.419580457366196,12.973514847541198,6144,192x192,10,7.419580457366196,12.973514847541198,6144,192x192,10,4.818150952,10.4826,6144,192x192,7,1.5385781800824634,3.1172648505374996,1024,96x96,10,2.5d,"{'from': 'Chiplet_3', 'to': 'Chiplet_4', 'connection_type': '2.5d_emib', 'loc': '2.5d_chiplet'},{'from': 'Chiplet_3', 'to': 'Chiplet_1', 'connection_type': '2.5d_emib', 'loc': '2.5d_chiplet'},{'from': 'Chiplet_3', 'to': 'Chiplet_2', 'connection_type': '2.5d_emib', 'loc': '2.5d_chiplet'},{'from': 'Chiplet_1', 'to': 'Chiplet_3', 'connection_type': '2.5d_emib', 'loc': '2.5d_chiplet'},{'from': 'Chiplet_1', 'to': 'Chiplet_2', 'connection_type': '2.5d_emib', 'loc': '2.5d_chiplet'},{'from': 'Chiplet_2', 'to': 'Chiplet_3', 'connection_type': '2.5d_emib', 'loc': '2.5d_chiplet'},{'from': 'Chiplet_2', 'to': 'Chiplet_1', 'connection_type': '2.5d_emib', 'loc': '2.5d_chiplet'},{'from': 'Chiplet_4', 'to': 'Chiplet_3', 'connection_type': '2.5d_emib', 'loc': '2.5d_chiplet'},{'from': 'Chiplet_4', 'to': 'Chiplet_5', 'connection_type': '2.5d_emib', 'loc': '2.5d_chiplet'},{'from': 'Chiplet_4', 'to': 'Chiplet_6', 'connection_type': '2.5d_emib', 'loc': '2.5d_chiplet'},{'from': 'Chiplet_5', 'to': 'Chiplet_4', 'connection_type': '2.5d_emib', 'loc': '2.5d_chiplet'},{'from': 'Chiplet_5', 'to': 'Chiplet_6', 'connection_type': '2.5d_emib', 'loc': '2.5d_chiplet'},{'from': 'Chiplet_6', 'to': 'Chiplet_4', 'connection_type': '2.5d_emib', 'loc': '2.5d_chiplet'},{'from': 'Chiplet_6', 'to': 'Chiplet_5', 'connection_type': '2.5d_emib', 'loc': '2.5d_chiplet'}",3,1,4,4,3,1,hbm2,bow,na,0,0,os,1,0,0
159,48.249317896834775,3931006.12,177787.20768562576,102383883.527756,12484.657732863581,10697.014020027345,159,5.656782838920179,6.821646341899999,2048,128x128,14,1.5385781800824634,3.1172648505374996,1024,96x96,10,3.665749090547913,5.538366334949999,4096,128x128,10,12.799492673176792,15.979573171754398,4096,192x192,14,1.3653681800824635,3.1172648505374996,512,96x96,10,2.597993382379395,3.8395579270749995,512,96x96,14,2.5d,"{'from': 'Chiplet_4', 'to': 'Chiplet_5', 'connection_type': '2.5d_emib', 'loc': '2.5d_chiplet'},{'from': 'Chiplet_4', 'to': 'Chiplet_1', 'connection_type': '2.5d_emib', 'loc': '2.5d_chiplet'},{'from': 'Chiplet_5', 'to': 'Chiplet_4', 'connection_type': '2.5d_emib', 'loc': '2.5d_chiplet'},{'from': 'Chiplet_5', 'to': 'Chiplet_1', 'connection_type': '2.5d_emib', 'loc': '2.5d_chiplet'},{'from': 'Chiplet_1', 'to': 'Chiplet_4', 'connection_type': '2.5d_emib', 'loc': '2.5d_chiplet'},{'from': 'Chiplet_1', 'to': 'Chiplet_3', 'connection_type': '2.5d_emib', 'loc': '2.5d_chiplet'},{'from': 'Chiplet_1', 'to': 'Chiplet_2', 'connection_type': '2.5d_emib', 'loc': '2.5d_chiplet'},{'from': 'Chiplet_1', 'to': 'Chiplet_6', 'connection_type': '2.5d_emib', 'loc': '2.5d_chiplet'},{'from': 'Chiplet_1', 'to': 'Chiplet_5', 'connection_type': '2.5d_emib', 'loc': '2.5d_chiplet'},{'from': 'Chiplet_2', 'to': 'Chiplet_1', 'connection_type': '2.5d_emib', 'loc': '2.5d_chiplet'},{'from': 'Chiplet_2', 'to': 'Chiplet_6', 'connection_type': '2.5d_emib', 'loc': '2.5d_chiplet'},{'from': 'Chiplet_3', 'to': 'Chiplet_1', 'connection_type': '2.5d_emib', 'loc': '2.5d_chiplet'},{'from': 'Chiplet_3', 'to': 'Chiplet_6', 'connection_type': '2.5d_emib', 'loc': '2.5d_chiplet'},{'from': 'Chiplet_6', 'to': 'Chiplet_3', 'connection_type': '2.5d_emib', 'loc': '2.5d_chiplet'},{'from': 'Chiplet_6', 'to': 'Chiplet_1', 'connection_type': '2.5d_emib', 'loc': '2.5d_chiplet'},{'from': 'Chiplet_6', 'to': 'Chiplet_2', 'connection_type': '2.5d_emib', 'loc': '2.5d_chiplet'}",1,1,1,3,1,1,ddr5,aib,na,1,0,ws,1,0,0
160,31.2877531707971,3983412.59,131077.9923664851,102960495.08053921,7976.189273200449,7281.258347404937,160,3.5867297574793953,3.8395579270749995,2048,96x96,14,6.315940422320179,6.821646341899999,3072,128x128,14,2.20879254,4.475,3072,128x128,7,1.8849981800824636,3.1172648505374996,2048,96x96,10,1.131132696,2.51875,1536,96x96,7,12.799492673176792,15.979573171754398,4096,192x192,14,2.5d_3d,"{'from': 'Chiplet_1', 'to': 'Chiplet_3', 'connection_type': '3d_hyb_bond', 'loc': 'stack0_base'},{'from': 'Chiplet_3', 'to': 'Chiplet_4', 'connection_type': '3d_hyb_bond', 'loc': 'stack0_middle1'},{'from': 'Chiplet_4', 'to': 'Chiplet_5', 'connection_type': '3d_hyb_bond', 'loc': 'stack0_middle2'},{'from': 'Chiplet_5', 'to': 'na', 'connection_type': '3d_hyb_bond', 'loc': 'stack0_top'},{'from': 'Chiplet_6', 'to': 'Chiplet_1', 'connection_type': '2.5d_emib', 'loc': '2.5d_chiplet'},{'from': 'Chiplet_6', 'to': 'Chiplet_2', 'connection_type': '2.5d_emib', 'loc': '2.5d_chiplet'},{'from': 'Chiplet_2', 'to': 'Chiplet_1', 'connection_type': '2.5d_emib', 'loc': '2.5d_chiplet'},{'from': 'Chiplet_2', 'to': 'Chiplet_6', 'connection_type': '2.5d_emib', 'loc': '2.5d_chiplet'},{'from': 'Chiplet_1', 'to': 'Chiplet_2', 'connection_type': '2.5d_emib', 'loc': '2.5d_chiplet'},{'from': 'Chiplet_1', 'to': 'Chiplet_6', 'connection_type': '2.5d_emib', 'loc': '2.5d_chiplet'}",1,1,1,1,1,3,ddr5,ucie_adv,ucie_3d,1,0,ws,1,0,0
161,16.037350793193045,2616850.89,67162.35410599946,174107456.6498042,4332.653241476771,5592.190531156698,161,2.972908090547913,5.538366334949999,2048,128x128,10,6.726740457366197,12.973514847541198,4096,192x192,10,1.304342696,2.51875,2048,96x96,7,0.743226759447044,1.3845915837374998,512,64x64,10,1.7117881800824635,3.1172648505374996,1536,96x96,10,2.55521354,4.475,4096,128x128,7,2.5d_3d,"{'from': 'Chiplet_1', 'to': 'Chiplet_5', 'connection_type': '3d_tsv', 'loc': 'stack0_base'},{'from': 'Chiplet_5', 'to': 'Chiplet_3', 'connection_type': '3d_tsv', 'loc': 'stack0_middle1'},{'from': 'Chiplet_3', 'to': 'Chiplet_4', 'connection_type': '3d_tsv', 'loc': 'stack0_middle2'},{'from': 'Chiplet_4', 'to': 'na', 'connection_type': '3d_tsv', 'loc': 'stack0_top'},{'from': 'Chiplet_2', 'to': 'Chiplet_1', 'connection_type': '2.5d_rdl', 'loc': '2.5d_chiplet'},{'from': 'Chiplet_2', 'to': 'Chiplet_6', 'connection_type': '2.5d_rdl', 'loc': '2.5d_chiplet'},{'from': 'Chiplet_1', 'to': 'Chiplet_2', 'connection_type': '2.5d_rdl', 'loc': '2.5d_chiplet'},{'from': 'Chiplet_1', 'to': 'Chiplet_6', 'connection_type': '2.5d_rdl', 'loc': '2.5d_chiplet'},{'from': 'Chiplet_6', 'to': 'Chiplet_1', 'connection_type': '2.5d_rdl', 'loc': '2.5d_chiplet'},{'from': 'Chiplet_6', 'to': 'Chiplet_2', 'connection_type': '2.5d_rdl', 'loc': '2.5d_chiplet'}",1,3,1,1,1,1,ddr4,ucie_std,ucie_3d,0,0,ws,0,0,0
162,37.904687685679065,4203563.85,163937.2078526382,102103500.37821431,7111.013167876306,7470.935949169898,162,1.304342696,2.51875,2048,96x96,7,0.743226759447044,1.3845915837374998,512,64x64,10,5.656782838920179,6.821646341899999,2048,128x128,14,14.117807839976791,15.979573171754398,6144,192x192,14,1.7117881800824635,3.1172648505374996,1536,96x96,10,6.033899457366197,12.973514847541198,2048,192x192,10,2.5d_3d,"{'from': 'Chiplet_1', 'to': 'Chiplet_2', 'connection_type': '3d_tsv', 'loc': 'stack0_base'},{'from': 'Chiplet_2', 'to': 'na', 'connection_type': '3d_tsv', 'loc': 'stack0_top'},{'from': 'Chiplet_4', 'to': 'Chiplet_3', 'connection_type': '2.5d_emib', 'loc': '2.5d_chiplet'},{'from': 'Chiplet_4', 'to': 'Chiplet_6', 'connection_type': '2.5d_emib', 'loc': '2.5d_chiplet'},{'from': 'Chiplet_6', 'to': 'Chiplet_4', 'connection_type': '2.5d_emib', 'loc': '2.5d_chiplet'},{'from': 'Chiplet_6', 'to': 'Chiplet_1', 'connection_type': '2.5d_emib', 'loc': '2.5d_chiplet'},{'from': 'Chiplet_6', 'to': 'Chiplet_3', 'connection_type': '2.5d_emib', 'loc': '2.5d_chiplet'},{'from': 'Chiplet_1', 'to': 'Chiplet_5', 'connection_type': '2.5d_emib', 'loc': '2.5d_chiplet'},{'from': 'Chiplet_1', 'to': 'Chiplet_6', 'connection_type': '2.5d_emib', 'loc': '2.5d_chiplet'},{'from': 'Chiplet_3', 'to': 'Chiplet_4', 'connection_type': '2.5d_emib', 'loc': '2.5d_chiplet'},{'from': 'Chiplet_3', 'to': 'Chiplet_5', 'connection_type': '2.5d_emib', 'loc': '2.5d_chiplet'},{'from': 'Chiplet_3', 'to': 'Chiplet_6', 'connection_type': '2.5d_emib', 'loc': '2.5d_chiplet'},{'from': 'Chiplet_5', 'to': 'Chiplet_3', 'connection_type': '2.5d_emib', 'loc': '2.5d_chiplet'},{'from': 'Chiplet_5', 'to': 'Chiplet_1', 'connection_type': '2.5d_emib', 'loc': '2.5d_chiplet'}",1,1,1,3,1,1,ddr5,aib,ucie_3d,1,0,ws,1,0,0
163,16.331174890114365,1667634.41,46627.54730367332,119251847.16532458,19685.115788746443,9808.793155850053,163,2.927572174079395,3.8395579270749995,1024,96x96,14,1.743774000637535,1.7054115854749998,1024,64x64,14,0.378988,1.11875,256,64x64,7,3.432469952,10.4826,2048,192x192,7,0.916436759447044,1.3845915837374998,1024,64x64,10,0.784712696,2.51875,512,96x96,7,2.5d,"{'from': 'Chiplet_4', 'to': 'Chiplet_5', 'connection_type': '2.5d_rdl', 'loc': '2.5d_chiplet'},{'from': 'Chiplet_4', 'to': 'Chiplet_1', 'connection_type': '2.5d_rdl', 'loc': '2.5d_chiplet'},{'from': 'Chiplet_4', 'to': 'Chiplet_2', 'connection_type': '2.5d_rdl', 'loc': '2.5d_chiplet'},{'from': 'Chiplet_4', 'to': 'Chiplet_6', 'connection_type': '2.5d_rdl', 'loc': '2.5d_chiplet'},{'from': 'Chiplet_5', 'to': 'Chiplet_4', 'connection_type': '2.5d_rdl', 'loc': '2.5d_chiplet'},{'from': 'Chiplet_5', 'to': 'Chiplet_6', 'connection_type': '2.5d_rdl', 'loc': '2.5d_chiplet'},{'from': 'Chiplet_6', 'to': 'Chiplet_4', 'connection_type': '2.5d_rdl', 'loc': '2.5d_chiplet'},{'from': 'Chiplet_6', 'to': 'Chiplet_5', 'connection_type': '2.5d_rdl', 'loc': '2.5d_chiplet'},{'from': 'Chiplet_1', 'to': 'Chiplet_4', 'connection_type': '2.5d_rdl', 'loc': '2.5d_chiplet'},{'from': 'Chiplet_1', 'to': 'Chiplet_3', 'connection_type': '2.5d_rdl', 'loc': '2.5d_chiplet'},{'from': 'Chiplet_1', 'to': 'Chiplet_2', 'connection_type': '2.5d_rdl', 'loc': '2.5d_chiplet'},{'from': 'Chiplet_2', 'to': 'Chiplet_4', 'connection_type': '2.5d_rdl', 'loc': '2.5d_chiplet'},{'from': 'Chiplet_2', 'to': 'Chiplet_1', 'connection_type': '2.5d_rdl', 'loc': '2.5d_chiplet'},{'from': 'Chiplet_2', 'to': 'Chiplet_3', 'connection_type': '2.5d_rdl', 'loc': '2.5d_chiplet'},{'from': 'Chiplet_3', 'to': 'Chiplet_1', 'connection_type': '2.5d_rdl', 'loc': '2.5d_chiplet'},{'from': 'Chiplet_3', 'to': 'Chiplet_2', 'connection_type': '2.5d_rdl', 'loc': '2.5d_chiplet'}",2,1,1,2,1,1,ddr4,ucie_std,na,1,0,is,1,0,0
164,55.041811119033106,5625743.59,114665.49240906679,64152993.6386016,5383.713878713878,5394.042136435215,164,2.55521354,4.475,4096,128x128,7,1.131132696,2.51875,1536,96x96,7,1.131132696,2.51875,1536,96x96,7,15.436124909546791,15.979573171754398,8192,192x192,14,0.46559300000000003,1.11875,512,64x64,7,14.117807839976791,15.979573171754398,6144,192x192,14,2.5d,"{'from': 'Chiplet_4', 'to': 'Chiplet_3', 'connection_type': '2.5d_rdl', 'loc': '2.5d_chiplet'},{'from': 'Chiplet_4', 'to': 'Chiplet_1', 'connection_type': '2.5d_rdl', 'loc': '2.5d_chiplet'},{'from': 'Chiplet_4', 'to': 'Chiplet_2', 'connection_type': '2.5d_rdl', 'loc': '2.5d_chiplet'},{'from': 'Chiplet_4', 'to': 'Chiplet_6', 'connection_type': '2.5d_rdl', 'loc': '2.5d_chiplet'},{'from': 'Chiplet_2', 'to': 'Chiplet_3', 'connection_type': '2.5d_rdl', 'loc': '2.5d_chiplet'},{'from': 'Chiplet_2', 'to': 'Chiplet_4', 'connection_type': '2.5d_rdl', 'loc': '2.5d_chiplet'},{'from': 'Chiplet_3', 'to': 'Chiplet_4', 'connection_type': '2.5d_rdl', 'loc': '2.5d_chiplet'},{'from': 'Chiplet_3', 'to': 'Chiplet_2', 'connection_type': '2.5d_rdl', 'loc': '2.5d_chiplet'},{'from': 'Chiplet_6', 'to': 'Chiplet_4', 'connection_type': '2.5d_rdl', 'loc': '2.5d_chiplet'},{'from': 'Chiplet_6', 'to': 'Chiplet_5', 'connection_type': '2.5d_rdl', 'loc': '2.5d_chiplet'},{'from': 'Chiplet_6', 'to': 'Chiplet_1', 'connection_type': '2.5d_rdl', 'loc': '2.5d_chiplet'},{'from': 'Chiplet_1', 'to': 'Chiplet_4', 'connection_type': '2.5d_rdl', 'loc': '2.5d_chiplet'},{'from': 'Chiplet_1', 'to': 'Chiplet_5', 'connection_type': '2.5d_rdl', 'loc': '2.5d_chiplet'},{'from': 'Chiplet_1', 'to': 'Chiplet_6', 'connection_type': '2.5d_rdl', 'loc': '2.5d_chiplet'},{'from': 'Chiplet_5', 'to': 'Chiplet_1', 'connection_type': '2.5d_rdl', 'loc': '2.5d_chiplet'},{'from': 'Chiplet_5', 'to': 'Chiplet_6', 'connection_type': '2.5d_rdl', 'loc': '2.5d_chiplet'}",1,1,1,6,1,6,hbm3,ucie_std,na,0,0,is,0,0,0
165,36.597338709534874,3597052.88,164576.1995579528,54230462.6511884,12010.814952239729,7027.161598566052,165,0.552198,1.11875,768,64x64,7,3.5867297574793953,3.8395579270749995,2048,96x96,14,1.743774000637535,1.7054115854749998,1024,64x64,14,3.5867297574793953,3.8395579270749995,2048,96x96,14,2.597993382379395,3.8395579270749995,512,96x96,14,8.112421457366196,12.973514847541198,8192,192x192,10,2.5d,"{'from': 'Chiplet_6', 'to': 'Chiplet_3', 'connection_type': '2.5d_emib', 'loc': '2.5d_chiplet'},{'from': 'Chiplet_6', 'to': 'Chiplet_2', 'connection_type': '2.5d_emib', 'loc': '2.5d_chiplet'},{'from': 'Chiplet_3', 'to': 'Chiplet_4', 'connection_type': '2.5d_emib', 'loc': '2.5d_chiplet'},{'from': 'Chiplet_3', 'to': 'Chiplet_2', 'connection_type': '2.5d_emib', 'loc': '2.5d_chiplet'},{'from': 'Chiplet_3', 'to': 'Chiplet_6', 'connection_type': '2.5d_emib', 'loc': '2.5d_chiplet'},{'from': 'Chiplet_2', 'to': 'Chiplet_3', 'connection_type': '2.5d_emib', 'loc': '2.5d_chiplet'},{'from': 'Chiplet_2', 'to': 'Chiplet_5', 'connection_type': '2.5d_emib', 'loc': '2.5d_chiplet'},{'from': 'Chiplet_2', 'to': 'Chiplet_4', 'connection_type': '2.5d_emib', 'loc': '2.5d_chiplet'},{'from': 'Chiplet_2', 'to': 'Chiplet_6', 'connection_type': '2.5d_emib', 'loc': '2.5d_chiplet'},{'from': 'Chiplet_5', 'to': 'Chiplet_1', 'connection_type': '2.5d_emib', 'loc': '2.5d_chiplet'},{'from': 'Chiplet_5', 'to': 'Chiplet_2', 'connection_type': '2.5d_emib', 'loc': '2.5d_chiplet'},{'from': 'Chiplet_4', 'to': 'Chiplet_3', 'connection_type': '2.5d_emib', 'loc': '2.5d_chiplet'},{'from': 'Chiplet_4', 'to': 'Chiplet_1', 'connection_type': '2.5d_emib', 'loc': '2.5d_chiplet'},{'from': 'Chiplet_4', 'to': 'Chiplet_2', 'connection_type': '2.5d_emib', 'loc': '2.5d_chiplet'},{'from': 'Chiplet_1', 'to': 'Chiplet_4', 'connection_type': '2.5d_emib', 'loc': '2.5d_chiplet'},{'from': 'Chiplet_1', 'to': 'Chiplet_5', 'connection_type': '2.5d_emib', 'loc': '2.5d_chiplet'}",1,3,1,3,2,6,hbm2,ucie_adv,na,0,0,ws,1,0,0
166,41.00168369061061,4841134.49,210996.0608291073,143679434.77559316,5663.109209453953,7455.781083532544,166,15.436124909546791,15.979573171754398,8192,192x192,14,2.20879254,4.475,3072,128x128,7,5.5109919519999995,10.4826,8192,192x192,7,4.1253109519999995,10.4826,4096,192x192,7,1.8849981800824636,3.1172648505374996,2048,96x96,10,1.578984604787535,1.7054115854749998,768,64x64,14,2.5d,"{'from': 'Chiplet_1', 'to': 'Chiplet_3', 'connection_type': '2.5d_emib', 'loc': '2.5d_chiplet'},{'from': 'Chiplet_1', 'to': 'Chiplet_4', 'connection_type': '2.5d_emib', 'loc': '2.5d_chiplet'},{'from': 'Chiplet_3', 'to': 'Chiplet_4', 'connection_type': '2.5d_emib', 'loc': '2.5d_chiplet'},{'from': 'Chiplet_3', 'to': 'Chiplet_5', 'connection_type': '2.5d_emib', 'loc': '2.5d_chiplet'},{'from': 'Chiplet_3', 'to': 'Chiplet_1', 'connection_type': '2.5d_emib', 'loc': '2.5d_chiplet'},{'from': 'Chiplet_3', 'to': 'Chiplet_2', 'connection_type': '2.5d_emib', 'loc': '2.5d_chiplet'},{'from': 'Chiplet_5', 'to': 'Chiplet_3', 'connection_type': '2.5d_emib', 'loc': '2.5d_chiplet'},{'from': 'Chiplet_5', 'to': 'Chiplet_2', 'connection_type': '2.5d_emib', 'loc': '2.5d_chiplet'},{'from': 'Chiplet_4', 'to': 'Chiplet_3', 'connection_type': '2.5d_emib', 'loc': '2.5d_chiplet'},{'from': 'Chiplet_4', 'to': 'Chiplet_1', 'connection_type': '2.5d_emib', 'loc': '2.5d_chiplet'},{'from': 'Chiplet_4', 'to': 'Chiplet_2', 'connection_type': '2.5d_emib', 'loc': '2.5d_chiplet'},{'from': 'Chiplet_4', 'to': 'Chiplet_6', 'connection_type': '2.5d_emib', 'loc': '2.5d_chiplet'},{'from': 'Chiplet_2', 'to': 'Chiplet_4', 'connection_type': '2.5d_emib', 'loc': '2.5d_chiplet'},{'from': 'Chiplet_2', 'to': 'Chiplet_5', 'connection_type': '2.5d_emib', 'loc': '2.5d_chiplet'},{'from': 'Chiplet_2', 'to': 'Chiplet_3', 'connection_type': '2.5d_emib', 'loc': '2.5d_chiplet'},{'from': 'Chiplet_2', 'to': 'Chiplet_6', 'connection_type': '2.5d_emib', 'loc': '2.5d_chiplet'},{'from': 'Chiplet_6', 'to': 'Chiplet_4', 'connection_type': '2.5d_emib', 'loc': '2.5d_chiplet'},{'from': 'Chiplet_6', 'to': 'Chiplet_2', 'connection_type': '2.5d_emib', 'loc': '2.5d_chiplet'}",3,1,1,1,1,1,ddr5,bow,na,0,0,is,0,0,0
167,31.856239982094703,3834775.2,176844.99145132792,45455406.249420136,11242.645253654038,7620.725767615072,167,4.1253109519999995,10.4826,4096,192x192,7,6.975099908490179,6.821646341899999,4096,128x128,14,0.46559300000000003,1.11875,512,64x64,7,4.9976252555201786,6.821646341899999,1024,128x128,14,2.20879254,4.475,3072,128x128,7,1.7117881800824635,3.1172648505374996,1536,96x96,10,2.5d,"{'from': 'Chiplet_2', 'to': 'Chiplet_4', 'connection_type': '2.5d_emib', 'loc': '2.5d_chiplet'},{'from': 'Chiplet_2', 'to': 'Chiplet_5', 'connection_type': '2.5d_emib', 'loc': '2.5d_chiplet'},{'from': 'Chiplet_2', 'to': 'Chiplet_1', 'connection_type': '2.5d_emib', 'loc': '2.5d_chiplet'},{'from': 'Chiplet_2', 'to': 'Chiplet_3', 'connection_type': '2.5d_emib', 'loc': '2.5d_chiplet'},{'from': 'Chiplet_5', 'to': 'Chiplet_3', 'connection_type': '2.5d_emib', 'loc': '2.5d_chiplet'},{'from': 'Chiplet_5', 'to': 'Chiplet_2', 'connection_type': '2.5d_emib', 'loc': '2.5d_chiplet'},{'from': 'Chiplet_3', 'to': 'Chiplet_5', 'connection_type': '2.5d_emib', 'loc': '2.5d_chiplet'},{'from': 'Chiplet_3', 'to': 'Chiplet_2', 'connection_type': '2.5d_emib', 'loc': '2.5d_chiplet'},{'from': 'Chiplet_4', 'to': 'Chiplet_1', 'connection_type': '2.5d_emib', 'loc': '2.5d_chiplet'},{'from': 'Chiplet_4', 'to': 'Chiplet_2', 'connection_type': '2.5d_emib', 'loc': '2.5d_chiplet'},{'from': 'Chiplet_4', 'to': 'Chiplet_6', 'connection_type': '2.5d_emib', 'loc': '2.5d_chiplet'},{'from': 'Chiplet_1', 'to': 'Chiplet_4', 'connection_type': '2.5d_emib', 'loc': '2.5d_chiplet'},{'from': 'Chiplet_1', 'to': 'Chiplet_2', 'connection_type': '2.5d_emib', 'loc': '2.5d_chiplet'},{'from': 'Chiplet_1', 'to': 'Chiplet_6', 'connection_type': '2.5d_emib', 'loc': '2.5d_chiplet'},{'from': 'Chiplet_6', 'to': 'Chiplet_4', 'connection_type': '2.5d_emib', 'loc': '2.5d_chiplet'},{'from': 'Chiplet_6', 'to': 'Chiplet_1', 'connection_type': '2.5d_emib', 'loc': '2.5d_chiplet'}",3,5,1,4,2,1,hbm2,bow,na,1,0,os,1,0,0
168,18.946554574435243,2629477.25,61169.39096153287,46794731.22207547,3330.5,2585.998025370591,168,1.8849981800824636,3.1172648505374996,2048,96x96,10,1.51595254,4.475,1024,128x128,7,1.51595254,4.475,1024,128x128,7,4.1253109519999995,10.4826,4096,192x192,7,0.784712696,2.51875,512,96x96,7,1.7117881800824635,3.1172648505374996,1536,96x96,10,2.5d,"{'from': 'Chiplet_4', 'to': 'Chiplet_3', 'connection_type': '2.5d_rdl', 'loc': '2.5d_chiplet'},{'from': 'Chiplet_4', 'to': 'Chiplet_1', 'connection_type': '2.5d_rdl', 'loc': '2.5d_chiplet'},{'from': 'Chiplet_3', 'to': 'Chiplet_4', 'connection_type': '2.5d_rdl', 'loc': '2.5d_chiplet'},{'from': 'Chiplet_3', 'to': 'Chiplet_1', 'connection_type': '2.5d_rdl', 'loc': '2.5d_chiplet'},{'from': 'Chiplet_3', 'to': 'Chiplet_6', 'connection_type': '2.5d_rdl', 'loc': '2.5d_chiplet'},{'from': 'Chiplet_1', 'to': 'Chiplet_4', 'connection_type': '2.5d_rdl', 'loc': '2.5d_chiplet'},{'from': 'Chiplet_1', 'to': 'Chiplet_5', 'connection_type': '2.5d_rdl', 'loc': '2.5d_chiplet'},{'from': 'Chiplet_1', 'to': 'Chiplet_3', 'connection_type': '2.5d_rdl', 'loc': '2.5d_chiplet'},{'from': 'Chiplet_1', 'to': 'Chiplet_6', 'connection_type': '2.5d_rdl', 'loc': '2.5d_chiplet'},{'from': 'Chiplet_5', 'to': 'Chiplet_1', 'connection_type': '2.5d_rdl', 'loc': '2.5d_chiplet'},{'from': 'Chiplet_5', 'to': 'Chiplet_2', 'connection_type': '2.5d_rdl', 'loc': '2.5d_chiplet'},{'from': 'Chiplet_6', 'to': 'Chiplet_3', 'connection_type': '2.5d_rdl', 'loc': '2.5d_chiplet'},{'from': 'Chiplet_6', 'to': 'Chiplet_1', 'connection_type': '2.5d_rdl', 'loc': '2.5d_chiplet'},{'from': 'Chiplet_6', 'to': 'Chiplet_2', 'connection_type': '2.5d_rdl', 'loc': '2.5d_chiplet'},{'from': 'Chiplet_2', 'to': 'Chiplet_5', 'connection_type': '2.5d_rdl', 'loc': '2.5d_chiplet'},{'from': 'Chiplet_2', 'to': 'Chiplet_6', 'connection_type': '2.5d_rdl', 'loc': '2.5d_chiplet'}",3,2,2,6,1,2,hbm2,ucie_std,na,0,0,is,0,0,0
169,21.66631305973706,3410732.32,111783.77825052523,48201749.1053026,4268.3108271850715,3387.380810221437,169,3.665749090547913,5.538366334949999,4096,128x128,10,1.51595254,4.475,1024,128x128,7,1.3653681800824635,3.1172648505374996,512,96x96,10,12.799492673176792,15.979573171754398,4096,192x192,14,0.656621759447044,1.3845915837374998,256,64x64,10,0.829831759447044,1.3845915837374998,768,64x64,10,2.5d_3d,"{'from': 'Chiplet_4', 'to': 'Chiplet_1', 'connection_type': '3d_u_bump', 'loc': 'stack0_base'},{'from': 'Chiplet_1', 'to': 'Chiplet_2', 'connection_type': '3d_u_bump', 'loc': 'stack0_middle1'},{'from': 'Chiplet_2', 'to': 'Chiplet_6', 'connection_type': '3d_u_bump', 'loc': 'stack0_middle2'},{'from': 'Chiplet_6', 'to': 'na', 'connection_type': '3d_u_bump', 'loc': 'stack0_top'},{'from': 'Chiplet_4', 'to': 'Chiplet_3', 'connection_type': '2.5d_emib', 'loc': '2.5d_chiplet'},{'from': 'Chiplet_4', 'to': 'Chiplet_5', 'connection_type': '2.5d_emib', 'loc': '2.5d_chiplet'},{'from': 'Chiplet_3', 'to': 'Chiplet_4', 'connection_type': '2.5d_emib', 'loc': '2.5d_chiplet'},{'from': 'Chiplet_3', 'to': 'Chiplet_5', 'connection_type': '2.5d_emib', 'loc': '2.5d_chiplet'},{'from': 'Chiplet_5', 'to': 'Chiplet_4', 'connection_type': '2.5d_emib', 'loc': '2.5d_chiplet'},{'from': 'Chiplet_5', 'to': 'Chiplet_3', 'connection_type': '2.5d_emib', 'loc': '2.5d_chiplet'}",2,1,1,10,1,1,hbm2,aib,ucie_3d,0,0,ws,1,0,0
170,14.208593473219073,1493949.59,138545.0359690513,36949923.42540172,25538.09207636057,6633.543438467169,170,0.46559300000000003,1.11875,512,64x64,7,0.916436759447044,1.3845915837374998,1024,64x64,10,0.552198,1.11875,768,64x64,7,3.2571509657793953,3.8395579270749995,1536,96x96,14,0.656621759447044,1.3845915837374998,256,64x64,10,3.2571509657793953,3.8395579270749995,1536,96x96,14,2.5d,"{'from': 'Chiplet_4', 'to': 'Chiplet_1', 'connection_type': '2.5d_emib', 'loc': '2.5d_chiplet'},{'from': 'Chiplet_4', 'to': 'Chiplet_2', 'connection_type': '2.5d_emib', 'loc': '2.5d_chiplet'},{'from': 'Chiplet_4', 'to': 'Chiplet_6', 'connection_type': '2.5d_emib', 'loc': '2.5d_chiplet'},{'from': 'Chiplet_2', 'to': 'Chiplet_4', 'connection_type': '2.5d_emib', 'loc': '2.5d_chiplet'},{'from': 'Chiplet_2', 'to': 'Chiplet_1', 'connection_type': '2.5d_emib', 'loc': '2.5d_chiplet'},{'from': 'Chiplet_1', 'to': 'Chiplet_4', 'connection_type': '2.5d_emib', 'loc': '2.5d_chiplet'},{'from': 'Chiplet_1', 'to': 'Chiplet_2', 'connection_type': '2.5d_emib', 'loc': '2.5d_chiplet'},{'from': 'Chiplet_6', 'to': 'Chiplet_4', 'connection_type': '2.5d_emib', 'loc': '2.5d_chiplet'},{'from': 'Chiplet_6', 'to': 'Chiplet_5', 'connection_type': '2.5d_emib', 'loc': '2.5d_chiplet'},{'from': 'Chiplet_6', 'to': 'Chiplet_3', 'connection_type': '2.5d_emib', 'loc': '2.5d_chiplet'},{'from': 'Chiplet_5', 'to': 'Chiplet_3', 'connection_type': '2.5d_emib', 'loc': '2.5d_chiplet'},{'from': 'Chiplet_5', 'to': 'Chiplet_6', 'connection_type': '2.5d_emib', 'loc': '2.5d_chiplet'},{'from': 'Chiplet_3', 'to': 'Chiplet_5', 'connection_type': '2.5d_emib', 'loc': '2.5d_chiplet'},{'from': 'Chiplet_3', 'to': 'Chiplet_6', 'connection_type': '2.5d_emib', 'loc': '2.5d_chiplet'}",1,2,1,6,1,5,hbm3,ucie_adv,na,1,0,is,1,0,0
171,27.00504248568274,3173980.72,128538.55033024654,125493987.18500672,5712.9587628865975,5602.991275992123,171,12.799492673176792,15.979573171754398,4096,192x192,14,3.665749090547913,5.538366334949999,4096,128x128,10,1.578984604787535,1.7054115854749998,768,64x64,14,0.957922696,2.51875,1024,96x96,7,1.8849981800824636,3.1172648505374996,2048,96x96,10,0.784712696,2.51875,512,96x96,7,2.5d_3d,"{'from': 'Chiplet_3', 'to': 'Chiplet_4', 'connection_type': '3d_u_bump', 'loc': 'stack0_base'},{'from': 'Chiplet_4', 'to': 'Chiplet_6', 'connection_type': '3d_u_bump', 'loc': 'stack0_middle1'},{'from': 'Chiplet_6', 'to': 'na', 'connection_type': '3d_u_bump', 'loc': 'stack0_top'},{'from': 'Chiplet_1', 'to': 'Chiplet_5', 'connection_type': '2.5d_emib', 'loc': '2.5d_chiplet'},{'from': 'Chiplet_1', 'to': 'Chiplet_2', 'connection_type': '2.5d_emib', 'loc': '2.5d_chiplet'},{'from': 'Chiplet_2', 'to': 'Chiplet_3', 'connection_type': '2.5d_emib', 'loc': '2.5d_chiplet'},{'from': 'Chiplet_2', 'to': 'Chiplet_5', 'connection_type': '2.5d_emib', 'loc': '2.5d_chiplet'},{'from': 'Chiplet_2', 'to': 'Chiplet_1', 'connection_type': '2.5d_emib', 'loc': '2.5d_chiplet'},{'from': 'Chiplet_5', 'to': 'Chiplet_3', 'connection_type': '2.5d_emib', 'loc': '2.5d_chiplet'},{'from': 'Chiplet_5', 'to': 'Chiplet_1', 'connection_type': '2.5d_emib', 'loc': '2.5d_chiplet'},{'from': 'Chiplet_5', 'to': 'Chiplet_2', 'connection_type': '2.5d_emib', 'loc': '2.5d_chiplet'},{'from': 'Chiplet_3', 'to': 'Chiplet_5', 'connection_type': '2.5d_emib', 'loc': '2.5d_chiplet'},{'from': 'Chiplet_3', 'to': 'Chiplet_2', 'connection_type': '2.5d_emib', 'loc': '2.5d_chiplet'}",3,1,1,1,1,1,ddr5,bow,ucie_3d,1,0,is,0,0,0
172,27.123350330521173,2636703.51,163921.4535377596,124094921.250752,6246.218418907905,5800.655349227434,172,2.972908090547913,5.538366334949999,2048,128x128,10,3.5867297574793953,3.8395579270749995,2048,96x96,14,0.743226759447044,1.3845915837374998,512,64x64,10,0.957922696,2.51875,1024,96x96,7,11.481175603606792,15.979573171754398,2048,192x192,14,0.656621759447044,1.3845915837374998,256,64x64,10,2.5d,"{'from': 'Chiplet_5', 'to': 'Chiplet_1', 'connection_type': '2.5d_emib', 'loc': '2.5d_chiplet'},{'from': 'Chiplet_5', 'to': 'Chiplet_2', 'connection_type': '2.5d_emib', 'loc': '2.5d_chiplet'},{'from': 'Chiplet_2', 'to': 'Chiplet_3', 'connection_type': '2.5d_emib', 'loc': '2.5d_chiplet'},{'from': 'Chiplet_2', 'to': 'Chiplet_5', 'connection_type': '2.5d_emib', 'loc': '2.5d_chiplet'},{'from': 'Chiplet_2', 'to': 'Chiplet_4', 'connection_type': '2.5d_emib', 'loc': '2.5d_chiplet'},{'from': 'Chiplet_2', 'to': 'Chiplet_1', 'connection_type': '2.5d_emib', 'loc': '2.5d_chiplet'},{'from': 'Chiplet_3', 'to': 'Chiplet_4', 'connection_type': '2.5d_emib', 'loc': '2.5d_chiplet'},{'from': 'Chiplet_3', 'to': 'Chiplet_2', 'connection_type': '2.5d_emib', 'loc': '2.5d_chiplet'},{'from': 'Chiplet_1', 'to': 'Chiplet_4', 'connection_type': '2.5d_emib', 'loc': '2.5d_chiplet'},{'from': 'Chiplet_1', 'to': 'Chiplet_5', 'connection_type': '2.5d_emib', 'loc': '2.5d_chiplet'},{'from': 'Chiplet_1', 'to': 'Chiplet_2', 'connection_type': '2.5d_emib', 'loc': '2.5d_chiplet'},{'from': 'Chiplet_1', 'to': 'Chiplet_6', 'connection_type': '2.5d_emib', 'loc': '2.5d_chiplet'},{'from': 'Chiplet_4', 'to': 'Chiplet_3', 'connection_type': '2.5d_emib', 'loc': '2.5d_chiplet'},{'from': 'Chiplet_4', 'to': 'Chiplet_1', 'connection_type': '2.5d_emib', 'loc': '2.5d_chiplet'},{'from': 'Chiplet_4', 'to': 'Chiplet_2', 'connection_type': '2.5d_emib', 'loc': '2.5d_chiplet'},{'from': 'Chiplet_4', 'to': 'Chiplet_6', 'connection_type': '2.5d_emib', 'loc': '2.5d_chiplet'},{'from': 'Chiplet_6', 'to': 'Chiplet_4', 'connection_type': '2.5d_emib', 'loc': '2.5d_chiplet'},{'from': 'Chiplet_6', 'to': 'Chiplet_1', 'connection_type': '2.5d_emib', 'loc': '2.5d_chiplet'}",1,1,1,1,3,1,ddr5,ucie_adv,na,1,0,ws,0,0,0
173,55.68618237013186,5347827.87,208949.7428953241,177487250.17872363,2986.9899311075783,6237.1358204540165,173,0.784712696,2.51875,512,96x96,7,1.4141952089375351,1.7054115854749998,512,64x64,14,14.117807839976791,15.979573171754398,6144,192x192,14,6.726740457366197,12.973514847541198,4096,192x192,10,4.1253109519999995,10.4826,4096,192x192,7,4.1253109519999995,10.4826,4096,192x192,7,2.5d,"{'from': 'Chiplet_3', 'to': 'Chiplet_4', 'connection_type': '2.5d_emib', 'loc': '2.5d_chiplet'},{'from': 'Chiplet_3', 'to': 'Chiplet_2', 'connection_type': '2.5d_emib', 'loc': '2.5d_chiplet'},{'from': 'Chiplet_2', 'to': 'Chiplet_4', 'connection_type': '2.5d_emib', 'loc': '2.5d_chiplet'},{'from': 'Chiplet_2', 'to': 'Chiplet_3', 'connection_type': '2.5d_emib', 'loc': '2.5d_chiplet'},{'from': 'Chiplet_4', 'to': 'Chiplet_3', 'connection_type': '2.5d_emib', 'loc': '2.5d_chiplet'},{'from': 'Chiplet_4', 'to': 'Chiplet_1', 'connection_type': '2.5d_emib', 'loc': '2.5d_chiplet'},{'from': 'Chiplet_4', 'to': 'Chiplet_2', 'connection_type': '2.5d_emib', 'loc': '2.5d_chiplet'},{'from': 'Chiplet_4', 'to': 'Chiplet_6', 'connection_type': '2.5d_emib', 'loc': '2.5d_chiplet'},{'from': 'Chiplet_4', 'to': 'Chiplet_5', 'connection_type': '2.5d_emib', 'loc': '2.5d_chiplet'},{'from': 'Chiplet_1', 'to': 'Chiplet_4', 'connection_type': '2.5d_emib', 'loc': '2.5d_chiplet'},{'from': 'Chiplet_1', 'to': 'Chiplet_6', 'connection_type': '2.5d_emib', 'loc': '2.5d_chiplet'},{'from': 'Chiplet_5', 'to': 'Chiplet_4', 'connection_type': '2.5d_emib', 'loc': '2.5d_chiplet'},{'from': 'Chiplet_5', 'to': 'Chiplet_6', 'connection_type': '2.5d_emib', 'loc': '2.5d_chiplet'},{'from': 'Chiplet_6', 'to': 'Chiplet_4', 'connection_type': '2.5d_emib', 'loc': '2.5d_chiplet'},{'from': 'Chiplet_6', 'to': 'Chiplet_5', 'connection_type': '2.5d_emib', 'loc': '2.5d_chiplet'},{'from': 'Chiplet_6', 'to': 'Chiplet_1', 'connection_type': '2.5d_emib', 'loc': '2.5d_chiplet'}",1,1,3,1,1,1,ddr4,ucie_adv,na,0,0,ws,0,0,0
174,33.63046520805358,3546769.41,77390.47638877608,40636272.59023796,4223.43648208469,3538.5390116068716,174,0.656621759447044,1.3845915837374998,256,64x64,10,2.6264880905479133,5.538366334949999,1024,128x128,10,11.481175603606792,15.979573171754398,2048,192x192,14,5.656782838920179,6.821646341899999,2048,128x128,14,1.8849981800824636,3.1172648505374996,2048,96x96,10,1.8849981800824636,3.1172648505374996,2048,96x96,10,2.5d,"{'from': 'Chiplet_3', 'to': 'Chiplet_4', 'connection_type': '2.5d_rdl', 'loc': '2.5d_chiplet'},{'from': 'Chiplet_3', 'to': 'Chiplet_1', 'connection_type': '2.5d_rdl', 'loc': '2.5d_chiplet'},{'from': 'Chiplet_3', 'to': 'Chiplet_2', 'connection_type': '2.5d_rdl', 'loc': '2.5d_chiplet'},{'from': 'Chiplet_1', 'to': 'Chiplet_3', 'connection_type': '2.5d_rdl', 'loc': '2.5d_chiplet'},{'from': 'Chiplet_1', 'to': 'Chiplet_2', 'connection_type': '2.5d_rdl', 'loc': '2.5d_chiplet'},{'from': 'Chiplet_4', 'to': 'Chiplet_3', 'connection_type': '2.5d_rdl', 'loc': '2.5d_chiplet'},{'from': 'Chiplet_4', 'to': 'Chiplet_5', 'connection_type': '2.5d_rdl', 'loc': '2.5d_chiplet'},{'from': 'Chiplet_4', 'to': 'Chiplet_2', 'connection_type': '2.5d_rdl', 'loc': '2.5d_chiplet'},{'from': 'Chiplet_2', 'to': 'Chiplet_3', 'connection_type': '2.5d_rdl', 'loc': '2.5d_chiplet'},{'from': 'Chiplet_2', 'to': 'Chiplet_4', 'connection_type': '2.5d_rdl', 'loc': '2.5d_chiplet'},{'from': 'Chiplet_2', 'to': 'Chiplet_1', 'connection_type': '2.5d_rdl', 'loc': '2.5d_chiplet'},{'from': 'Chiplet_2', 'to': 'Chiplet_6', 'connection_type': '2.5d_rdl', 'loc': '2.5d_chiplet'},{'from': 'Chiplet_2', 'to': 'Chiplet_5', 'connection_type': '2.5d_rdl', 'loc': '2.5d_chiplet'},{'from': 'Chiplet_5', 'to': 'Chiplet_4', 'connection_type': '2.5d_rdl', 'loc': '2.5d_chiplet'},{'from': 'Chiplet_5', 'to': 'Chiplet_2', 'connection_type': '2.5d_rdl', 'loc': '2.5d_chiplet'},{'from': 'Chiplet_5', 'to': 'Chiplet_6', 'connection_type': '2.5d_rdl', 'loc': '2.5d_chiplet'},{'from': 'Chiplet_6', 'to': 'Chiplet_5', 'connection_type': '2.5d_rdl', 'loc': '2.5d_chiplet'},{'from': 'Chiplet_6', 'to': 'Chiplet_2', 'connection_type': '2.5d_rdl', 'loc': '2.5d_chiplet'}",1,2,7,4,1,1,hbm3,ucie_std,na,1,0,ws,0,0,0
175,26.79860192111061,3186804.55,179106.9182853693,132271519.99106377,4595.206297502715,5209.876218703586,175,1.304342696,2.51875,2048,96x96,7,5.656782838920179,6.821646341899999,2048,128x128,14,4.818150952,10.4826,6144,192x192,7,1.8849981800824636,3.1172648505374996,2048,96x96,10,6.315940422320179,6.821646341899999,3072,128x128,14,1.8849981800824636,3.1172648505374996,2048,96x96,10,2.5d,"{'from': 'Chiplet_5', 'to': 'Chiplet_4', 'connection_type': '2.5d_emib', 'loc': '2.5d_chiplet'},{'from': 'Chiplet_5', 'to': 'Chiplet_2', 'connection_type': '2.5d_emib', 'loc': '2.5d_chiplet'},{'from': 'Chiplet_5', 'to': 'Chiplet_6', 'connection_type': '2.5d_emib', 'loc': '2.5d_chiplet'},{'from': 'Chiplet_4', 'to': 'Chiplet_5', 'connection_type': '2.5d_emib', 'loc': '2.5d_chiplet'},{'from': 'Chiplet_4', 'to': 'Chiplet_1', 'connection_type': '2.5d_emib', 'loc': '2.5d_chiplet'},{'from': 'Chiplet_4', 'to': 'Chiplet_6', 'connection_type': '2.5d_emib', 'loc': '2.5d_chiplet'},{'from': 'Chiplet_1', 'to': 'Chiplet_4', 'connection_type': '2.5d_emib', 'loc': '2.5d_chiplet'},{'from': 'Chiplet_1', 'to': 'Chiplet_6', 'connection_type': '2.5d_emib', 'loc': '2.5d_chiplet'},{'from': 'Chiplet_6', 'to': 'Chiplet_4', 'connection_type': '2.5d_emib', 'loc': '2.5d_chiplet'},{'from': 'Chiplet_6', 'to': 'Chiplet_5', 'connection_type': '2.5d_emib', 'loc': '2.5d_chiplet'},{'from': 'Chiplet_6', 'to': 'Chiplet_1', 'connection_type': '2.5d_emib', 'loc': '2.5d_chiplet'},{'from': 'Chiplet_6', 'to': 'Chiplet_3', 'connection_type': '2.5d_emib', 'loc': '2.5d_chiplet'},{'from': 'Chiplet_2', 'to': 'Chiplet_3', 'connection_type': '2.5d_emib', 'loc': '2.5d_chiplet'},{'from': 'Chiplet_2', 'to': 'Chiplet_5', 'connection_type': '2.5d_emib', 'loc': '2.5d_chiplet'},{'from': 'Chiplet_3', 'to': 'Chiplet_2', 'connection_type': '2.5d_emib', 'loc': '2.5d_chiplet'},{'from': 'Chiplet_3', 'to': 'Chiplet_6', 'connection_type': '2.5d_emib', 'loc': '2.5d_chiplet'}",1,2,1,1,2,1,ddr5,ucie_adv,na,0,0,ws,0,0,0
176,56.31996814578132,6175859.02,130684.22602524894,136390218.71037412,17758.516985485836,22212.491671715412,176,6.726740457366197,12.973514847541198,4096,192x192,10,0.638803,1.11875,1024,64x64,7,11.481175603606792,15.979573171754398,2048,192x192,14,11.481175603606792,15.979573171754398,2048,192x192,14,5.5109919519999995,10.4826,8192,192x192,7,3.2571509657793953,3.8395579270749995,1536,96x96,14,2.5d_3d,"{'from': 'Chiplet_3', 'to': 'Chiplet_2', 'connection_type': '3d_u_bump', 'loc': 'stack0_base'},{'from': 'Chiplet_2', 'to': 'na', 'connection_type': '3d_u_bump', 'loc': 'stack0_top'},{'from': 'Chiplet_3', 'to': 'Chiplet_4', 'connection_type': '2.5d_rdl', 'loc': '2.5d_chiplet'},{'from': 'Chiplet_3', 'to': 'Chiplet_1', 'connection_type': '2.5d_rdl', 'loc': '2.5d_chiplet'},{'from': 'Chiplet_1', 'to': 'Chiplet_3', 'connection_type': '2.5d_rdl', 'loc': '2.5d_chiplet'},{'from': 'Chiplet_1', 'to': 'Chiplet_5', 'connection_type': '2.5d_rdl', 'loc': '2.5d_chiplet'},{'from': 'Chiplet_4', 'to': 'Chiplet_3', 'connection_type': '2.5d_rdl', 'loc': '2.5d_chiplet'},{'from': 'Chiplet_4', 'to': 'Chiplet_5', 'connection_type': '2.5d_rdl', 'loc': '2.5d_chiplet'},{'from': 'Chiplet_4', 'to': 'Chiplet_6', 'connection_type': '2.5d_rdl', 'loc': '2.5d_chiplet'},{'from': 'Chiplet_5', 'to': 'Chiplet_4', 'connection_type': '2.5d_rdl', 'loc': '2.5d_chiplet'},{'from': 'Chiplet_5', 'to': 'Chiplet_1', 'connection_type': '2.5d_rdl', 'loc': '2.5d_chiplet'},{'from': 'Chiplet_5', 'to': 'Chiplet_6', 'connection_type': '2.5d_rdl', 'loc': '2.5d_chiplet'},{'from': 'Chiplet_6', 'to': 'Chiplet_4', 'connection_type': '2.5d_rdl', 'loc': '2.5d_chiplet'},{'from': 'Chiplet_6', 'to': 'Chiplet_5', 'connection_type': '2.5d_rdl', 'loc': '2.5d_chiplet'}",1,1,2,2,1,1,ddr4,ucie_std,ucie_3d,1,0,is,1,0,0
177,27.087126324027718,2923561.6,67660.9313707446,111576367.70556575,32546.31622170423,17140.713638654066,177,1.743774000637535,1.7054115854749998,1024,64x64,14,0.829831759447044,1.3845915837374998,768,64x64,10,15.436124909546791,15.979573171754398,8192,192x192,14,0.784712696,2.51875,512,96x96,7,0.784712696,2.51875,512,96x96,7,0.46559300000000003,1.11875,512,64x64,7,2.5d_3d,"{'from': 'Chiplet_4', 'to': 'Chiplet_5', 'connection_type': '3d_hyb_bond', 'loc': 'stack0_base'},{'from': 'Chiplet_5', 'to': 'na', 'connection_type': '3d_hyb_bond', 'loc': 'stack0_top'},{'from': 'Chiplet_3', 'to': 'Chiplet_1', 'connection_type': '2.5d_rdl', 'loc': '2.5d_chiplet'},{'from': 'Chiplet_3', 'to': 'Chiplet_2', 'connection_type': '2.5d_rdl', 'loc': '2.5d_chiplet'},{'from': 'Chiplet_1', 'to': 'Chiplet_3', 'connection_type': '2.5d_rdl', 'loc': '2.5d_chiplet'},{'from': 'Chiplet_1', 'to': 'Chiplet_4', 'connection_type': '2.5d_rdl', 'loc': '2.5d_chiplet'},{'from': 'Chiplet_1', 'to': 'Chiplet_2', 'connection_type': '2.5d_rdl', 'loc': '2.5d_chiplet'},{'from': 'Chiplet_2', 'to': 'Chiplet_3', 'connection_type': '2.5d_rdl', 'loc': '2.5d_chiplet'},{'from': 'Chiplet_2', 'to': 'Chiplet_4', 'connection_type': '2.5d_rdl', 'loc': '2.5d_chiplet'},{'from': 'Chiplet_2', 'to': 'Chiplet_1', 'connection_type': '2.5d_rdl', 'loc': '2.5d_chiplet'},{'from': 'Chiplet_2', 'to': 'Chiplet_6', 'connection_type': '2.5d_rdl', 'loc': '2.5d_chiplet'},{'from': 'Chiplet_4', 'to': 'Chiplet_1', 'connection_type': '2.5d_rdl', 'loc': '2.5d_chiplet'},{'from': 'Chiplet_4', 'to': 'Chiplet_2', 'connection_type': '2.5d_rdl', 'loc': '2.5d_chiplet'},{'from': 'Chiplet_4', 'to': 'Chiplet_6', 'connection_type': '2.5d_rdl', 'loc': '2.5d_chiplet'},{'from': 'Chiplet_6', 'to': 'Chiplet_4', 'connection_type': '2.5d_rdl', 'loc': '2.5d_chiplet'},{'from': 'Chiplet_6', 'to': 'Chiplet_2', 'connection_type': '2.5d_rdl', 'loc': '2.5d_chiplet'}",1,1,3,1,1,1,ddr5,ucie_std,ucie_3d,0,0,is,1,0,0
178,28.881082198381996,2487807.0,67899.3008099577,141190631.86923152,6246.218418907905,5453.422208089563,178,14.117807839976791,15.979573171754398,6144,192x192,14,3.5867297574793953,3.8395579270749995,2048,96x96,14,0.378988,1.11875,256,64x64,7,1.4141952089375351,1.7054115854749998,512,64x64,14,0.46559300000000003,1.11875,512,64x64,7,0.46559300000000003,1.11875,512,64x64,7,2.5d,"{'from': 'Chiplet_1', 'to': 'Chiplet_4', 'connection_type': '2.5d_rdl', 'loc': '2.5d_chiplet'},{'from': 'Chiplet_1', 'to': 'Chiplet_2', 'connection_type': '2.5d_rdl', 'loc': '2.5d_chiplet'},{'from': 'Chiplet_2', 'to': 'Chiplet_4', 'connection_type': '2.5d_rdl', 'loc': '2.5d_chiplet'},{'from': 'Chiplet_2', 'to': 'Chiplet_5', 'connection_type': '2.5d_rdl', 'loc': '2.5d_chiplet'},{'from': 'Chiplet_2', 'to': 'Chiplet_1', 'connection_type': '2.5d_rdl', 'loc': '2.5d_chiplet'},{'from': 'Chiplet_2', 'to': 'Chiplet_3', 'connection_type': '2.5d_rdl', 'loc': '2.5d_chiplet'},{'from': 'Chiplet_4', 'to': 'Chiplet_5', 'connection_type': '2.5d_rdl', 'loc': '2.5d_chiplet'},{'from': 'Chiplet_4', 'to': 'Chiplet_1', 'connection_type': '2.5d_rdl', 'loc': '2.5d_chiplet'},{'from': 'Chiplet_4', 'to': 'Chiplet_2', 'connection_type': '2.5d_rdl', 'loc': '2.5d_chiplet'},{'from': 'Chiplet_4', 'to': 'Chiplet_6', 'connection_type': '2.5d_rdl', 'loc': '2.5d_chiplet'},{'from': 'Chiplet_5', 'to': 'Chiplet_4', 'connection_type': '2.5d_rdl', 'loc': '2.5d_chiplet'},{'from': 'Chiplet_5', 'to': 'Chiplet_2', 'connection_type': '2.5d_rdl', 'loc': '2.5d_chiplet'},{'from': 'Chiplet_5', 'to': 'Chiplet_3', 'connection_type': '2.5d_rdl', 'loc': '2.5d_chiplet'},{'from': 'Chiplet_5', 'to': 'Chiplet_6', 'connection_type': '2.5d_rdl', 'loc': '2.5d_chiplet'},{'from': 'Chiplet_3', 'to': 'Chiplet_5', 'connection_type': '2.5d_rdl', 'loc': '2.5d_chiplet'},{'from': 'Chiplet_3', 'to': 'Chiplet_2', 'connection_type': '2.5d_rdl', 'loc': '2.5d_chiplet'},{'from': 'Chiplet_6', 'to': 'Chiplet_4', 'connection_type': '2.5d_rdl', 'loc': '2.5d_chiplet'},{'from': 'Chiplet_6', 'to': 'Chiplet_5', 'connection_type': '2.5d_rdl', 'loc': '2.5d_chiplet'}",3,1,1,1,1,1,ddr5,ucie_std,na,0,0,ws,0,0,0
179,29.097210269086,3478686.88,77377.98435538955,43985778.09371363,9007.49244714754,6664.189704675738,179,1.3653681800824635,3.1172648505374996,512,96x96,10,0.957922696,2.51875,1024,96x96,7,1.7117881800824635,3.1172648505374996,1536,96x96,10,7.419580457366196,12.973514847541198,6144,192x192,10,4.9976252555201786,6.821646341899999,1024,128x128,14,6.315940422320179,6.821646341899999,3072,128x128,14,2.5d,"{'from': 'Chiplet_4', 'to': 'Chiplet_3', 'connection_type': '2.5d_rdl', 'loc': '2.5d_chiplet'},{'from': 'Chiplet_4', 'to': 'Chiplet_5', 'connection_type': '2.5d_rdl', 'loc': '2.5d_chiplet'},{'from': 'Chiplet_4', 'to': 'Chiplet_1', 'connection_type': '2.5d_rdl', 'loc': '2.5d_chiplet'},{'from': 'Chiplet_4', 'to': 'Chiplet_6', 'connection_type': '2.5d_rdl', 'loc': '2.5d_chiplet'},{'from': 'Chiplet_3', 'to': 'Chiplet_4', 'connection_type': '2.5d_rdl', 'loc': '2.5d_chiplet'},{'from': 'Chiplet_3', 'to': 'Chiplet_1', 'connection_type': '2.5d_rdl', 'loc': '2.5d_chiplet'},{'from': 'Chiplet_3', 'to': 'Chiplet_2', 'connection_type': '2.5d_rdl', 'loc': '2.5d_chiplet'},{'from': 'Chiplet_1', 'to': 'Chiplet_3', 'connection_type': '2.5d_rdl', 'loc': '2.5d_chiplet'},{'from': 'Chiplet_1', 'to': 'Chiplet_4', 'connection_type': '2.5d_rdl', 'loc': '2.5d_chiplet'},{'from': 'Chiplet_1', 'to': 'Chiplet_2', 'connection_type': '2.5d_rdl', 'loc': '2.5d_chiplet'},{'from': 'Chiplet_2', 'to': 'Chiplet_3', 'connection_type': '2.5d_rdl', 'loc': '2.5d_chiplet'},{'from': 'Chiplet_2', 'to': 'Chiplet_1', 'connection_type': '2.5d_rdl', 'loc': '2.5d_chiplet'},{'from': 'Chiplet_6', 'to': 'Chiplet_4', 'connection_type': '2.5d_rdl', 'loc': '2.5d_chiplet'},{'from': 'Chiplet_6', 'to': 'Chiplet_5', 'connection_type': '2.5d_rdl', 'loc': '2.5d_chiplet'},{'from': 'Chiplet_5', 'to': 'Chiplet_4', 'connection_type': '2.5d_rdl', 'loc': '2.5d_chiplet'},{'from': 'Chiplet_5', 'to': 'Chiplet_6', 'connection_type': '2.5d_rdl', 'loc': '2.5d_chiplet'}",1,1,1,5,4,4,hbm3,ucie_std,na,0,0,is,1,0,0
180,8.048015074085033,1175487.47,30287.354809451732,36686038.34739521,57275.60249691867,11781.422956515511,180,0.743226759447044,1.3845915837374998,512,64x64,10,0.638803,1.11875,1024,64x64,7,0.743226759447044,1.3845915837374998,512,64x64,10,3.2571509657793953,3.8395579270749995,1536,96x96,14,0.46559300000000003,1.11875,512,64x64,7,1.578984604787535,1.7054115854749998,768,64x64,14,2.5d_3d,"{'from': 'Chiplet_6', 'to': 'Chiplet_1', 'connection_type': '3d_tsv', 'loc': 'stack0_base'},{'from': 'Chiplet_1', 'to': 'Chiplet_5', 'connection_type': '3d_tsv', 'loc': 'stack0_middle1'},{'from': 'Chiplet_5', 'to': 'na', 'connection_type': '3d_tsv', 'loc': 'stack0_top'},{'from': 'Chiplet_4', 'to': 'Chiplet_3', 'connection_type': '2.5d_rdl', 'loc': '2.5d_chiplet'},{'from': 'Chiplet_4', 'to': 'Chiplet_6', 'connection_type': '2.5d_rdl', 'loc': '2.5d_chiplet'},{'from': 'Chiplet_6', 'to': 'Chiplet_4', 'connection_type': '2.5d_rdl', 'loc': '2.5d_chiplet'},{'from': 'Chiplet_6', 'to': 'Chiplet_2', 'connection_type': '2.5d_rdl', 'loc': '2.5d_chiplet'},{'from': 'Chiplet_6', 'to': 'Chiplet_3', 'connection_type': '2.5d_rdl', 'loc': '2.5d_chiplet'},{'from': 'Chiplet_3', 'to': 'Chiplet_4', 'connection_type': '2.5d_rdl', 'loc': '2.5d_chiplet'},{'from': 'Chiplet_3', 'to': 'Chiplet_2', 'connection_type': '2.5d_rdl', 'loc': '2.5d_chiplet'},{'from': 'Chiplet_3', 'to': 'Chiplet_6', 'connection_type': '2.5d_rdl', 'loc': '2.5d_chiplet'},{'from': 'Chiplet_2', 'to': 'Chiplet_3', 'connection_type': '2.5d_rdl', 'loc': '2.5d_chiplet'},{'from': 'Chiplet_2', 'to': 'Chiplet_6', 'connection_type': '2.5d_rdl', 'loc': '2.5d_chiplet'}",2,1,2,7,1,3,hbm3,ucie_std,ucie_3d,0,0,ws,1,0,0
181,34.13936493386398,5941213.93,168303.46265097975,57773904.62647611,13369.215802351835,14378.874332820093,181,0.46559300000000003,1.11875,512,64x64,7,4.1253109519999995,10.4826,4096,192x192,7,4.9976252555201786,6.821646341899999,1024,128x128,14,6.726740457366197,12.973514847541198,4096,192x192,10,14.117807839976791,15.979573171754398,6144,192x192,14,4.9976252555201786,6.821646341899999,1024,128x128,14,2.5d_3d,"{'from': 'Chiplet_4', 'to': 'Chiplet_6', 'connection_type': '3d_hyb_bond', 'loc': 'stack0_base'},{'from': 'Chiplet_6', 'to': 'Chiplet_1', 'connection_type': '3d_hyb_bond', 'loc': 'stack0_middle1'},{'from': 'Chiplet_1', 'to': 'na', 'connection_type': '3d_hyb_bond', 'loc': 'stack0_top'},{'from': 'Chiplet_5', 'to': 'Chiplet_4', 'connection_type': '2.5d_emib', 'loc': '2.5d_chiplet'},{'from': 'Chiplet_5', 'to': 'Chiplet_3', 'connection_type': '2.5d_emib', 'loc': '2.5d_chiplet'},{'from': 'Chiplet_4', 'to': 'Chiplet_3', 'connection_type': '2.5d_emib', 'loc': '2.5d_chiplet'},{'from': 'Chiplet_4', 'to': 'Chiplet_5', 'connection_type': '2.5d_emib', 'loc': '2.5d_chiplet'},{'from': 'Chiplet_4', 'to': 'Chiplet_2', 'connection_type': '2.5d_emib', 'loc': '2.5d_chiplet'},{'from': 'Chiplet_3', 'to': 'Chiplet_4', 'connection_type': '2.5d_emib', 'loc': '2.5d_chiplet'},{'from': 'Chiplet_3', 'to': 'Chiplet_5', 'connection_type': '2.5d_emib', 'loc': '2.5d_chiplet'},{'from': 'Chiplet_3', 'to': 'Chiplet_2', 'connection_type': '2.5d_emib', 'loc': '2.5d_chiplet'},{'from': 'Chiplet_2', 'to': 'Chiplet_3', 'connection_type': '2.5d_emib', 'loc': '2.5d_chiplet'},{'from': 'Chiplet_2', 'to': 'Chiplet_4', 'connection_type': '2.5d_emib', 'loc': '2.5d_chiplet'}",1,2,2,3,6,2,hbm2,ucie_adv,ucie_3d,1,0,is,1,0,0
182,27.114599046882756,2568443.29,65877.6350900941,140463095.2871393,9183.420339655058,7062.170067540224,182,0.743226759447044,1.3845915837374998,512,64x64,10,0.638803,1.11875,1024,64x64,7,8.112421457366196,12.973514847541198,8192,192x192,10,6.315940422320179,6.821646341899999,3072,128x128,14,1.3653681800824635,3.1172648505374996,512,96x96,10,0.552198,1.11875,768,64x64,7,2.5d,"{'from': 'Chiplet_3', 'to': 'Chiplet_4', 'connection_type': '2.5d_rdl', 'loc': '2.5d_chiplet'},{'from': 'Chiplet_3', 'to': 'Chiplet_5', 'connection_type': '2.5d_rdl', 'loc': '2.5d_chiplet'},{'from': 'Chiplet_3', 'to': 'Chiplet_2', 'connection_type': '2.5d_rdl', 'loc': '2.5d_chiplet'},{'from': 'Chiplet_2', 'to': 'Chiplet_3', 'connection_type': '2.5d_rdl', 'loc': '2.5d_chiplet'},{'from': 'Chiplet_2', 'to': 'Chiplet_5', 'connection_type': '2.5d_rdl', 'loc': '2.5d_chiplet'},{'from': 'Chiplet_4', 'to': 'Chiplet_3', 'connection_type': '2.5d_rdl', 'loc': '2.5d_chiplet'},{'from': 'Chiplet_4', 'to': 'Chiplet_5', 'connection_type': '2.5d_rdl', 'loc': '2.5d_chiplet'},{'from': 'Chiplet_4', 'to': 'Chiplet_1', 'connection_type': '2.5d_rdl', 'loc': '2.5d_chiplet'},{'from': 'Chiplet_5', 'to': 'Chiplet_3', 'connection_type': '2.5d_rdl', 'loc': '2.5d_chiplet'},{'from': 'Chiplet_5', 'to': 'Chiplet_4', 'connection_type': '2.5d_rdl', 'loc': '2.5d_chiplet'},{'from': 'Chiplet_5', 'to': 'Chiplet_1', 'connection_type': '2.5d_rdl', 'loc': '2.5d_chiplet'},{'from': 'Chiplet_5', 'to': 'Chiplet_2', 'connection_type': '2.5d_rdl', 'loc': '2.5d_chiplet'},{'from': 'Chiplet_5', 'to': 'Chiplet_6', 'connection_type': '2.5d_rdl', 'loc': '2.5d_chiplet'},{'from': 'Chiplet_1', 'to': 'Chiplet_4', 'connection_type': '2.5d_rdl', 'loc': '2.5d_chiplet'},{'from': 'Chiplet_1', 'to': 'Chiplet_5', 'connection_type': '2.5d_rdl', 'loc': '2.5d_chiplet'},{'from': 'Chiplet_1', 'to': 'Chiplet_6', 'connection_type': '2.5d_rdl', 'loc': '2.5d_chiplet'},{'from': 'Chiplet_6', 'to': 'Chiplet_5', 'connection_type': '2.5d_rdl', 'loc': '2.5d_chiplet'},{'from': 'Chiplet_6', 'to': 'Chiplet_1', 'connection_type': '2.5d_rdl', 'loc': '2.5d_chiplet'}",1,1,2,2,1,1,ddr5,ucie_std,na,0,0,is,0,0,0
183,16.821119398902297,2153485.85,50237.9394994426,38634926.181690775,3424.4079584470464,2231.195522302766,183,0.656621759447044,1.3845915837374998,256,64x64,10,0.784712696,2.51875,512,96x96,7,0.378988,1.11875,256,64x64,7,3.432469952,10.4826,2048,192x192,7,2.972908090547913,5.538366334949999,2048,128x128,10,1.8849981800824636,3.1172648505374996,2048,96x96,10,2.5d,"{'from': 'Chiplet_4', 'to': 'Chiplet_5', 'connection_type': '2.5d_rdl', 'loc': '2.5d_chiplet'},{'from': 'Chiplet_4', 'to': 'Chiplet_1', 'connection_type': '2.5d_rdl', 'loc': '2.5d_chiplet'},{'from': 'Chiplet_4', 'to': 'Chiplet_2', 'connection_type': '2.5d_rdl', 'loc': '2.5d_chiplet'},{'from': 'Chiplet_2', 'to': 'Chiplet_4', 'connection_type': '2.5d_rdl', 'loc': '2.5d_chiplet'},{'from': 'Chiplet_2', 'to': 'Chiplet_1', 'connection_type': '2.5d_rdl', 'loc': '2.5d_chiplet'},{'from': 'Chiplet_1', 'to': 'Chiplet_4', 'connection_type': '2.5d_rdl', 'loc': '2.5d_chiplet'},{'from': 'Chiplet_1', 'to': 'Chiplet_2', 'connection_type': '2.5d_rdl', 'loc': '2.5d_chiplet'},{'from': 'Chiplet_5', 'to': 'Chiplet_4', 'connection_type': '2.5d_rdl', 'loc': '2.5d_chiplet'},{'from': 'Chiplet_5', 'to': 'Chiplet_3', 'connection_type': '2.5d_rdl', 'loc': '2.5d_chiplet'},{'from': 'Chiplet_5', 'to': 'Chiplet_6', 'connection_type': '2.5d_rdl', 'loc': '2.5d_chiplet'},{'from': 'Chiplet_6', 'to': 'Chiplet_3', 'connection_type': '2.5d_rdl', 'loc': '2.5d_chiplet'},{'from': 'Chiplet_6', 'to': 'Chiplet_5', 'connection_type': '2.5d_rdl', 'loc': '2.5d_chiplet'},{'from': 'Chiplet_3', 'to': 'Chiplet_5', 'connection_type': '2.5d_rdl', 'loc': '2.5d_chiplet'},{'from': 'Chiplet_3', 'to': 'Chiplet_6', 'connection_type': '2.5d_rdl', 'loc': '2.5d_chiplet'}",1,1,1,5,5,3,hbm3,ucie_std,na,1,0,ws,0,0,0
184,52.23263357875696,6019744.74,204741.87495460542,57783712.89921717,2843.713878713879,3869.3597683919925,184,1.5385781800824634,3.1172648505374996,1024,96x96,10,3.665749090547913,5.538366334949999,4096,128x128,10,1.3653681800824635,3.1172648505374996,512,96x96,10,6.726740457366197,12.973514847541198,4096,192x192,10,15.436124909546791,15.979573171754398,8192,192x192,14,6.726740457366197,12.973514847541198,4096,192x192,10,2.5d,"{'from': 'Chiplet_5', 'to': 'Chiplet_4', 'connection_type': '2.5d_emib', 'loc': '2.5d_chiplet'},{'from': 'Chiplet_5', 'to': 'Chiplet_1', 'connection_type': '2.5d_emib', 'loc': '2.5d_chiplet'},{'from': 'Chiplet_5', 'to': 'Chiplet_3', 'connection_type': '2.5d_emib', 'loc': '2.5d_chiplet'},{'from': 'Chiplet_1', 'to': 'Chiplet_3', 'connection_type': '2.5d_emib', 'loc': '2.5d_chiplet'},{'from': 'Chiplet_1', 'to': 'Chiplet_5', 'connection_type': '2.5d_emib', 'loc': '2.5d_chiplet'},{'from': 'Chiplet_3', 'to': 'Chiplet_5', 'connection_type': '2.5d_emib', 'loc': '2.5d_chiplet'},{'from': 'Chiplet_3', 'to': 'Chiplet_1', 'connection_type': '2.5d_emib', 'loc': '2.5d_chiplet'},{'from': 'Chiplet_3', 'to': 'Chiplet_6', 'connection_type': '2.5d_emib', 'loc': '2.5d_chiplet'},{'from': 'Chiplet_4', 'to': 'Chiplet_5', 'connection_type': '2.5d_emib', 'loc': '2.5d_chiplet'},{'from': 'Chiplet_4', 'to': 'Chiplet_2', 'connection_type': '2.5d_emib', 'loc': '2.5d_chiplet'},{'from': 'Chiplet_4', 'to': 'Chiplet_6', 'connection_type': '2.5d_emib', 'loc': '2.5d_chiplet'},{'from': 'Chiplet_2', 'to': 'Chiplet_4', 'connection_type': '2.5d_emib', 'loc': '2.5d_chiplet'},{'from': 'Chiplet_2', 'to': 'Chiplet_6', 'connection_type': '2.5d_emib', 'loc': '2.5d_chiplet'},{'from': 'Chiplet_6', 'to': 'Chiplet_3', 'connection_type': '2.5d_emib', 'loc': '2.5d_chiplet'},{'from': 'Chiplet_6', 'to': 'Chiplet_4', 'connection_type': '2.5d_emib', 'loc': '2.5d_chiplet'},{'from': 'Chiplet_6', 'to': 'Chiplet_2', 'connection_type': '2.5d_emib', 'loc': '2.5d_chiplet'}",1,1,1,3,7,3,hbm3,bow,na,1,0,ws,0,0,0
185,8.100922158223478,1823808.39,49261.4268115146,44169009.55988846,5352.7027027027025,2923.7002490222076,185,3.432469952,10.4826,2048,192x192,7,0.378988,1.11875,256,64x64,7,0.957922696,2.51875,1024,96x96,7,1.4141952089375351,1.7054115854749998,512,64x64,14,0.784712696,2.51875,512,96x96,7,1.3653681800824635,3.1172648505374996,512,96x96,10,2.5d_3d,"{'from': 'Chiplet_4', 'to': 'Chiplet_6', 'connection_type': '3d_u_bump', 'loc': 'stack0_base'},{'from': 'Chiplet_6', 'to': 'Chiplet_3', 'connection_type': '3d_u_bump', 'loc': 'stack0_middle1'},{'from': 'Chiplet_3', 'to': 'Chiplet_5', 'connection_type': '3d_u_bump', 'loc': 'stack0_middle2'},{'from': 'Chiplet_5', 'to': 'na', 'connection_type': '3d_u_bump', 'loc': 'stack0_top'},{'from': 'Chiplet_1', 'to': 'Chiplet_4', 'connection_type': '2.5d_rdl', 'loc': '2.5d_chiplet'},{'from': 'Chiplet_1', 'to': 'Chiplet_2', 'connection_type': '2.5d_rdl', 'loc': '2.5d_chiplet'},{'from': 'Chiplet_4', 'to': 'Chiplet_1', 'connection_type': '2.5d_rdl', 'loc': '2.5d_chiplet'},{'from': 'Chiplet_4', 'to': 'Chiplet_2', 'connection_type': '2.5d_rdl', 'loc': '2.5d_chiplet'},{'from': 'Chiplet_2', 'to': 'Chiplet_4', 'connection_type': '2.5d_rdl', 'loc': '2.5d_chiplet'},{'from': 'Chiplet_2', 'to': 'Chiplet_1', 'connection_type': '2.5d_rdl', 'loc': '2.5d_chiplet'}",6,1,2,3,1,3,hbm2,ucie_std,ucie_3d,1,0,ws,0,0,0
186,31.707060294980163,2988719.46,167347.21435689018,175503174.40765548,4890.272331154683,6075.364039797595,186,3.2571509657793953,3.8395579270749995,1536,96x96,14,2.972908090547913,5.538366334949999,2048,128x128,10,0.378988,1.11875,256,64x64,7,5.656782838920179,6.821646341899999,2048,128x128,14,0.743226759447044,1.3845915837374998,512,64x64,10,7.419580457366196,12.973514847541198,6144,192x192,10,2.5d,"{'from': 'Chiplet_6', 'to': 'Chiplet_4', 'connection_type': '2.5d_emib', 'loc': '2.5d_chiplet'},{'from': 'Chiplet_6', 'to': 'Chiplet_1', 'connection_type': '2.5d_emib', 'loc': '2.5d_chiplet'},{'from': 'Chiplet_6', 'to': 'Chiplet_2', 'connection_type': '2.5d_emib', 'loc': '2.5d_chiplet'},{'from': 'Chiplet_2', 'to': 'Chiplet_1', 'connection_type': '2.5d_emib', 'loc': '2.5d_chiplet'},{'from': 'Chiplet_2', 'to': 'Chiplet_6', 'connection_type': '2.5d_emib', 'loc': '2.5d_chiplet'},{'from': 'Chiplet_4', 'to': 'Chiplet_5', 'connection_type': '2.5d_emib', 'loc': '2.5d_chiplet'},{'from': 'Chiplet_4', 'to': 'Chiplet_1', 'connection_type': '2.5d_emib', 'loc': '2.5d_chiplet'},{'from': 'Chiplet_4', 'to': 'Chiplet_6', 'connection_type': '2.5d_emib', 'loc': '2.5d_chiplet'},{'from': 'Chiplet_1', 'to': 'Chiplet_3', 'connection_type': '2.5d_emib', 'loc': '2.5d_chiplet'},{'from': 'Chiplet_1', 'to': 'Chiplet_4', 'connection_type': '2.5d_emib', 'loc': '2.5d_chiplet'},{'from': 'Chiplet_1', 'to': 'Chiplet_2', 'connection_type': '2.5d_emib', 'loc': '2.5d_chiplet'},{'from': 'Chiplet_1', 'to': 'Chiplet_6', 'connection_type': '2.5d_emib', 'loc': '2.5d_chiplet'},{'from': 'Chiplet_1', 'to': 'Chiplet_5', 'connection_type': '2.5d_emib', 'loc': '2.5d_chiplet'},{'from': 'Chiplet_5', 'to': 'Chiplet_4', 'connection_type': '2.5d_emib', 'loc': '2.5d_chiplet'},{'from': 'Chiplet_5', 'to': 'Chiplet_1', 'connection_type': '2.5d_emib', 'loc': '2.5d_chiplet'},{'from': 'Chiplet_5', 'to': 'Chiplet_3', 'connection_type': '2.5d_emib', 'loc': '2.5d_chiplet'},{'from': 'Chiplet_3', 'to': 'Chiplet_5', 'connection_type': '2.5d_emib', 'loc': '2.5d_chiplet'},{'from': 'Chiplet_3', 'to': 'Chiplet_1', 'connection_type': '2.5d_emib', 'loc': '2.5d_chiplet'}",1,1,1,2,1,2,ddr4,ucie_adv,na,1,0,os,0,0,0
187,48.86340248628165,4532572.06,195853.79892140604,134866479.4840535,2683.1092094539526,4758.921044027244,187,1.578984604787535,1.7054115854749998,768,64x64,14,11.481175603606792,15.979573171754398,2048,192x192,14,0.784712696,2.51875,512,96x96,7,14.117807839976791,15.979573171754398,6144,192x192,14,2.55521354,4.475,4096,128x128,7,2.6264880905479133,5.538366334949999,1024,128x128,10,2.5d,"{'from': 'Chiplet_4', 'to': 'Chiplet_3', 'connection_type': '2.5d_emib', 'loc': '2.5d_chiplet'},{'from': 'Chiplet_4', 'to': 'Chiplet_1', 'connection_type': '2.5d_emib', 'loc': '2.5d_chiplet'},{'from': 'Chiplet_4', 'to': 'Chiplet_2', 'connection_type': '2.5d_emib', 'loc': '2.5d_chiplet'},{'from': 'Chiplet_4', 'to': 'Chiplet_6', 'connection_type': '2.5d_emib', 'loc': '2.5d_chiplet'},{'from': 'Chiplet_1', 'to': 'Chiplet_3', 'connection_type': '2.5d_emib', 'loc': '2.5d_chiplet'},{'from': 'Chiplet_1', 'to': 'Chiplet_4', 'connection_type': '2.5d_emib', 'loc': '2.5d_chiplet'},{'from': 'Chiplet_3', 'to': 'Chiplet_4', 'connection_type': '2.5d_emib', 'loc': '2.5d_chiplet'},{'from': 'Chiplet_3', 'to': 'Chiplet_1', 'connection_type': '2.5d_emib', 'loc': '2.5d_chiplet'},{'from': 'Chiplet_2', 'to': 'Chiplet_4', 'connection_type': '2.5d_emib', 'loc': '2.5d_chiplet'},{'from': 'Chiplet_2', 'to': 'Chiplet_5', 'connection_type': '2.5d_emib', 'loc': '2.5d_chiplet'},{'from': 'Chiplet_2', 'to': 'Chiplet_6', 'connection_type': '2.5d_emib', 'loc': '2.5d_chiplet'},{'from': 'Chiplet_6', 'to': 'Chiplet_4', 'connection_type': '2.5d_emib', 'loc': '2.5d_chiplet'},{'from': 'Chiplet_6', 'to': 'Chiplet_5', 'connection_type': '2.5d_emib', 'loc': '2.5d_chiplet'},{'from': 'Chiplet_6', 'to': 'Chiplet_2', 'connection_type': '2.5d_emib', 'loc': '2.5d_chiplet'},{'from': 'Chiplet_5', 'to': 'Chiplet_2', 'connection_type': '2.5d_emib', 'loc': '2.5d_chiplet'},{'from': 'Chiplet_5', 'to': 'Chiplet_6', 'connection_type': '2.5d_emib', 'loc': '2.5d_chiplet'}",1,2,1,2,1,1,ddr5,ucie_adv,na,1,0,os,0,0,0
188,35.163499065046445,3869727.32,77273.02478395686,51909794.1612805,3056.840390879479,2975.0714385273973,188,1.578984604787535,1.7054115854749998,768,64x64,14,0.743226759447044,1.3845915837374998,512,64x64,10,3.3193280905479132,5.538366334949999,3072,128x128,10,8.112421457366196,12.973514847541198,8192,192x192,10,6.726740457366197,12.973514847541198,4096,192x192,10,0.656621759447044,1.3845915837374998,256,64x64,10,2.5d,"{'from': 'Chiplet_4', 'to': 'Chiplet_3', 'connection_type': '2.5d_rdl', 'loc': '2.5d_chiplet'},{'from': 'Chiplet_4', 'to': 'Chiplet_5', 'connection_type': '2.5d_rdl', 'loc': '2.5d_chiplet'},{'from': 'Chiplet_4', 'to': 'Chiplet_1', 'connection_type': '2.5d_rdl', 'loc': '2.5d_chiplet'},{'from': 'Chiplet_4', 'to': 'Chiplet_2', 'connection_type': '2.5d_rdl', 'loc': '2.5d_chiplet'},{'from': 'Chiplet_1', 'to': 'Chiplet_4', 'connection_type': '2.5d_rdl', 'loc': '2.5d_chiplet'},{'from': 'Chiplet_1', 'to': 'Chiplet_2', 'connection_type': '2.5d_rdl', 'loc': '2.5d_chiplet'},{'from': 'Chiplet_2', 'to': 'Chiplet_4', 'connection_type': '2.5d_rdl', 'loc': '2.5d_chiplet'},{'from': 'Chiplet_2', 'to': 'Chiplet_1', 'connection_type': '2.5d_rdl', 'loc': '2.5d_chiplet'},{'from': 'Chiplet_5', 'to': 'Chiplet_4', 'connection_type': '2.5d_rdl', 'loc': '2.5d_chiplet'},{'from': 'Chiplet_5', 'to': 'Chiplet_3', 'connection_type': '2.5d_rdl', 'loc': '2.5d_chiplet'},{'from': 'Chiplet_5', 'to': 'Chiplet_6', 'connection_type': '2.5d_rdl', 'loc': '2.5d_chiplet'},{'from': 'Chiplet_3', 'to': 'Chiplet_4', 'connection_type': '2.5d_rdl', 'loc': '2.5d_chiplet'},{'from': 'Chiplet_3', 'to': 'Chiplet_5', 'connection_type': '2.5d_rdl', 'loc': '2.5d_chiplet'},{'from': 'Chiplet_3', 'to': 'Chiplet_6', 'connection_type': '2.5d_rdl', 'loc': '2.5d_chiplet'},{'from': 'Chiplet_6', 'to': 'Chiplet_3', 'connection_type': '2.5d_rdl', 'loc': '2.5d_chiplet'},{'from': 'Chiplet_6', 'to': 'Chiplet_5', 'connection_type': '2.5d_rdl', 'loc': '2.5d_chiplet'}",1,1,2,6,5,1,hbm3,ucie_std,na,1,0,os,0,0,0
189,31.61583105000478,4098439.83,181744.12513253136,44630982.20005,7605.9640774792415,5769.540512772078,189,2.20879254,4.475,3072,128x128,7,2.20879254,4.475,3072,128x128,7,2.972908090547913,5.538366334949999,2048,128x128,10,8.112421457366196,12.973514847541198,8192,192x192,10,5.656782838920179,6.821646341899999,2048,128x128,14,0.46559300000000003,1.11875,512,64x64,7,2.5d,"{'from': 'Chiplet_4', 'to': 'Chiplet_3', 'connection_type': '2.5d_emib', 'loc': '2.5d_chiplet'},{'from': 'Chiplet_4', 'to': 'Chiplet_5', 'connection_type': '2.5d_emib', 'loc': '2.5d_chiplet'},{'from': 'Chiplet_4', 'to': 'Chiplet_1', 'connection_type': '2.5d_emib', 'loc': '2.5d_chiplet'},{'from': 'Chiplet_4', 'to': 'Chiplet_6', 'connection_type': '2.5d_emib', 'loc': '2.5d_chiplet'},{'from': 'Chiplet_1', 'to': 'Chiplet_4', 'connection_type': '2.5d_emib', 'loc': '2.5d_chiplet'},{'from': 'Chiplet_1', 'to': 'Chiplet_6', 'connection_type': '2.5d_emib', 'loc': '2.5d_chiplet'},{'from': 'Chiplet_6', 'to': 'Chiplet_4', 'connection_type': '2.5d_emib', 'loc': '2.5d_chiplet'},{'from': 'Chiplet_6', 'to': 'Chiplet_1', 'connection_type': '2.5d_emib', 'loc': '2.5d_chiplet'},{'from': 'Chiplet_5', 'to': 'Chiplet_4', 'connection_type': '2.5d_emib', 'loc': '2.5d_chiplet'},{'from': 'Chiplet_5', 'to': 'Chiplet_2', 'connection_type': '2.5d_emib', 'loc': '2.5d_chiplet'},{'from': 'Chiplet_5', 'to': 'Chiplet_3', 'connection_type': '2.5d_emib', 'loc': '2.5d_chiplet'},{'from': 'Chiplet_3', 'to': 'Chiplet_4', 'connection_type': '2.5d_emib', 'loc': '2.5d_chiplet'},{'from': 'Chiplet_3', 'to': 'Chiplet_5', 'connection_type': '2.5d_emib', 'loc': '2.5d_chiplet'},{'from': 'Chiplet_3', 'to': 'Chiplet_2', 'connection_type': '2.5d_emib', 'loc': '2.5d_chiplet'},{'from': 'Chiplet_2', 'to': 'Chiplet_3', 'connection_type': '2.5d_emib', 'loc': '2.5d_chiplet'},{'from': 'Chiplet_2', 'to': 'Chiplet_5', 'connection_type': '2.5d_emib', 'loc': '2.5d_chiplet'}",2,1,2,6,4,1,hbm3,ucie_adv,na,1,0,is,1,0,0
190,16.573236760391342,2433784.35,167904.57734041236,93141032.88970946,15354.345839995387,10321.078827393601,190,0.784712696,2.51875,512,96x96,7,0.656621759447044,1.3845915837374998,256,64x64,10,1.7117881800824635,3.1172648505374996,1536,96x96,10,0.784712696,2.51875,512,96x96,7,4.1253109519999995,10.4826,4096,192x192,7,4.1253109519999995,10.4826,4096,192x192,7,2.5d,"{'from': 'Chiplet_5', 'to': 'Chiplet_3', 'connection_type': '2.5d_emib', 'loc': '2.5d_chiplet'},{'from': 'Chiplet_5', 'to': 'Chiplet_6', 'connection_type': '2.5d_emib', 'loc': '2.5d_chiplet'},{'from': 'Chiplet_3', 'to': 'Chiplet_5', 'connection_type': '2.5d_emib', 'loc': '2.5d_chiplet'},{'from': 'Chiplet_3', 'to': 'Chiplet_1', 'connection_type': '2.5d_emib', 'loc': '2.5d_chiplet'},{'from': 'Chiplet_3', 'to': 'Chiplet_2', 'connection_type': '2.5d_emib', 'loc': '2.5d_chiplet'},{'from': 'Chiplet_6', 'to': 'Chiplet_4', 'connection_type': '2.5d_emib', 'loc': '2.5d_chiplet'},{'from': 'Chiplet_6', 'to': 'Chiplet_5', 'connection_type': '2.5d_emib', 'loc': '2.5d_chiplet'},{'from': 'Chiplet_6', 'to': 'Chiplet_1', 'connection_type': '2.5d_emib', 'loc': '2.5d_chiplet'},{'from': 'Chiplet_1', 'to': 'Chiplet_3', 'connection_type': '2.5d_emib', 'loc': '2.5d_chiplet'},{'from': 'Chiplet_1', 'to': 'Chiplet_4', 'connection_type': '2.5d_emib', 'loc': '2.5d_chiplet'},{'from': 'Chiplet_1', 'to': 'Chiplet_2', 'connection_type': '2.5d_emib', 'loc': '2.5d_chiplet'},{'from': 'Chiplet_1', 'to': 'Chiplet_6', 'connection_type': '2.5d_emib', 'loc': '2.5d_chiplet'},{'from': 'Chiplet_2', 'to': 'Chiplet_3', 'connection_type': '2.5d_emib', 'loc': '2.5d_chiplet'},{'from': 'Chiplet_2', 'to': 'Chiplet_4', 'connection_type': '2.5d_emib', 'loc': '2.5d_chiplet'},{'from': 'Chiplet_2', 'to': 'Chiplet_1', 'connection_type': '2.5d_emib', 'loc': '2.5d_chiplet'},{'from': 'Chiplet_4', 'to': 'Chiplet_1', 'connection_type': '2.5d_emib', 'loc': '2.5d_chiplet'},{'from': 'Chiplet_4', 'to': 'Chiplet_2', 'connection_type': '2.5d_emib', 'loc': '2.5d_chiplet'},{'from': 'Chiplet_4', 'to': 'Chiplet_6', 'connection_type': '2.5d_emib', 'loc': '2.5d_chiplet'}",1,1,1,1,2,2,ddr5,ucie_adv,na,1,0,ws,1,0,0
191,18.23519855034545,2667345.95,137786.71084710164,134924181.90307915,5064.50142073614,5017.189180600486,191,1.4141952089375351,1.7054115854749998,512,64x64,14,1.7117881800824635,3.1172648505374996,1536,96x96,10,0.957922696,2.51875,1024,96x96,7,7.419580457366196,12.973514847541198,6144,192x192,10,0.743226759447044,1.3845915837374998,512,64x64,10,3.665749090547913,5.538366334949999,4096,128x128,10,2.5d_3d,"{'from': 'Chiplet_4', 'to': 'Chiplet_2', 'connection_type': '3d_hyb_bond', 'loc': 'stack0_base'},{'from': 'Chiplet_2', 'to': 'na', 'connection_type': '3d_hyb_bond', 'loc': 'stack0_top'},{'from': 'Chiplet_4', 'to': 'Chiplet_1', 'connection_type': '2.5d_emib', 'loc': '2.5d_chiplet'},{'from': 'Chiplet_4', 'to': 'Chiplet_6', 'connection_type': '2.5d_emib', 'loc': '2.5d_chiplet'},{'from': 'Chiplet_6', 'to': 'Chiplet_4', 'connection_type': '2.5d_emib', 'loc': '2.5d_chiplet'},{'from': 'Chiplet_6', 'to': 'Chiplet_1', 'connection_type': '2.5d_emib', 'loc': '2.5d_chiplet'},{'from': 'Chiplet_6', 'to': 'Chiplet_3', 'connection_type': '2.5d_emib', 'loc': '2.5d_chiplet'},{'from': 'Chiplet_1', 'to': 'Chiplet_4', 'connection_type': '2.5d_emib', 'loc': '2.5d_chiplet'},{'from': 'Chiplet_1', 'to': 'Chiplet_5', 'connection_type': '2.5d_emib', 'loc': '2.5d_chiplet'},{'from': 'Chiplet_1', 'to': 'Chiplet_3', 'connection_type': '2.5d_emib', 'loc': '2.5d_chiplet'},{'from': 'Chiplet_1', 'to': 'Chiplet_6', 'connection_type': '2.5d_emib', 'loc': '2.5d_chiplet'},{'from': 'Chiplet_3', 'to': 'Chiplet_5', 'connection_type': '2.5d_emib', 'loc': '2.5d_chiplet'},{'from': 'Chiplet_3', 'to': 'Chiplet_1', 'connection_type': '2.5d_emib', 'loc': '2.5d_chiplet'},{'from': 'Chiplet_3', 'to': 'Chiplet_6', 'connection_type': '2.5d_emib', 'loc': '2.5d_chiplet'},{'from': 'Chiplet_5', 'to': 'Chiplet_3', 'connection_type': '2.5d_emib', 'loc': '2.5d_chiplet'},{'from': 'Chiplet_5', 'to': 'Chiplet_1', 'connection_type': '2.5d_emib', 'loc': '2.5d_chiplet'}",1,1,1,3,1,1,ddr5,bow,ucie_3d,0,0,ws,0,0,0
192,60.765491500265504,6087240.37,118287.08167191195,57159334.32624668,8242.507426664743,8331.869957304334,192,15.436124909546791,15.979573171754398,8192,192x192,14,1.7117881800824635,3.1172648505374996,1536,96x96,10,0.829831759447044,1.3845915837374998,768,64x64,10,0.378988,1.11875,256,64x64,7,5.5109919519999995,10.4826,8192,192x192,7,11.481175603606792,15.979573171754398,2048,192x192,14,2.5d,"{'from': 'Chiplet_1', 'to': 'Chiplet_4', 'connection_type': '2.5d_rdl', 'loc': '2.5d_chiplet'},{'from': 'Chiplet_1', 'to': 'Chiplet_5', 'connection_type': '2.5d_rdl', 'loc': '2.5d_chiplet'},{'from': 'Chiplet_1', 'to': 'Chiplet_2', 'connection_type': '2.5d_rdl', 'loc': '2.5d_chiplet'},{'from': 'Chiplet_1', 'to': 'Chiplet_6', 'connection_type': '2.5d_rdl', 'loc': '2.5d_chiplet'},{'from': 'Chiplet_2', 'to': 'Chiplet_4', 'connection_type': '2.5d_rdl', 'loc': '2.5d_chiplet'},{'from': 'Chiplet_2', 'to': 'Chiplet_1', 'connection_type': '2.5d_rdl', 'loc': '2.5d_chiplet'},{'from': 'Chiplet_4', 'to': 'Chiplet_1', 'connection_type': '2.5d_rdl', 'loc': '2.5d_chiplet'},{'from': 'Chiplet_4', 'to': 'Chiplet_2', 'connection_type': '2.5d_rdl', 'loc': '2.5d_chiplet'},{'from': 'Chiplet_6', 'to': 'Chiplet_3', 'connection_type': '2.5d_rdl', 'loc': '2.5d_chiplet'},{'from': 'Chiplet_6', 'to': 'Chiplet_5', 'connection_type': '2.5d_rdl', 'loc': '2.5d_chiplet'},{'from': 'Chiplet_6', 'to': 'Chiplet_1', 'connection_type': '2.5d_rdl', 'loc': '2.5d_chiplet'},{'from': 'Chiplet_5', 'to': 'Chiplet_3', 'connection_type': '2.5d_rdl', 'loc': '2.5d_chiplet'},{'from': 'Chiplet_5', 'to': 'Chiplet_1', 'connection_type': '2.5d_rdl', 'loc': '2.5d_chiplet'},{'from': 'Chiplet_5', 'to': 'Chiplet_6', 'connection_type': '2.5d_rdl', 'loc': '2.5d_chiplet'},{'from': 'Chiplet_3', 'to': 'Chiplet_5', 'connection_type': '2.5d_rdl', 'loc': '2.5d_chiplet'},{'from': 'Chiplet_3', 'to': 'Chiplet_6', 'connection_type': '2.5d_rdl', 'loc': '2.5d_chiplet'}",6,1,1,1,2,5,hbm3,ucie_std,na,1,0,os,1,0,0
193,25.497303688691872,2336135.75,59305.46253420135,92520409.5189094,12914.039760052967,8008.946086909777,193,1.578984604787535,1.7054115854749998,768,64x64,14,1.86237254,4.475,2048,128x128,7,5.656782838920179,6.821646341899999,2048,128x128,14,0.743226759447044,1.3845915837374998,512,64x64,10,1.249405813087535,1.7054115854749998,256,64x64,14,3.432469952,10.4826,2048,192x192,7,2.5d,"{'from': 'Chiplet_3', 'to': 'Chiplet_5', 'connection_type': '2.5d_rdl', 'loc': '2.5d_chiplet'},{'from': 'Chiplet_3', 'to': 'Chiplet_6', 'connection_type': '2.5d_rdl', 'loc': '2.5d_chiplet'},{'from': 'Chiplet_5', 'to': 'Chiplet_3', 'connection_type': '2.5d_rdl', 'loc': '2.5d_chiplet'},{'from': 'Chiplet_5', 'to': 'Chiplet_6', 'connection_type': '2.5d_rdl', 'loc': '2.5d_chiplet'},{'from': 'Chiplet_6', 'to': 'Chiplet_3', 'connection_type': '2.5d_rdl', 'loc': '2.5d_chiplet'},{'from': 'Chiplet_6', 'to': 'Chiplet_4', 'connection_type': '2.5d_rdl', 'loc': '2.5d_chiplet'},{'from': 'Chiplet_6', 'to': 'Chiplet_1', 'connection_type': '2.5d_rdl', 'loc': '2.5d_chiplet'},{'from': 'Chiplet_6', 'to': 'Chiplet_2', 'connection_type': '2.5d_rdl', 'loc': '2.5d_chiplet'},{'from': 'Chiplet_6', 'to': 'Chiplet_5', 'connection_type': '2.5d_rdl', 'loc': '2.5d_chiplet'},{'from': 'Chiplet_4', 'to': 'Chiplet_1', 'connection_type': '2.5d_rdl', 'loc': '2.5d_chiplet'},{'from': 'Chiplet_4', 'to': 'Chiplet_6', 'connection_type': '2.5d_rdl', 'loc': '2.5d_chiplet'},{'from': 'Chiplet_2', 'to': 'Chiplet_1', 'connection_type': '2.5d_rdl', 'loc': '2.5d_chiplet'},{'from': 'Chiplet_2', 'to': 'Chiplet_6', 'connection_type': '2.5d_rdl', 'loc': '2.5d_chiplet'},{'from': 'Chiplet_1', 'to': 'Chiplet_4', 'connection_type': '2.5d_rdl', 'loc': '2.5d_chiplet'},{'from': 'Chiplet_1', 'to': 'Chiplet_2', 'connection_type': '2.5d_rdl', 'loc': '2.5d_chiplet'},{'from': 'Chiplet_1', 'to': 'Chiplet_6', 'connection_type': '2.5d_rdl', 'loc': '2.5d_chiplet'}",1,1,3,1,1,1,ddr5,ucie_std,na,0,0,os,1,0,0
194,30.255623961304615,3627757.09,171724.94963013232,43794409.94673229,19436.63824892328,11521.281291041545,194,8.112421457366196,12.973514847541198,8192,192x192,10,0.552198,1.11875,768,64x64,7,2.927572174079395,3.8395579270749995,1024,96x96,14,2.55521354,4.475,4096,128x128,7,1.8849981800824636,3.1172648505374996,2048,96x96,10,1.51595254,4.475,1024,128x128,7,2.5d,"{'from': 'Chiplet_1', 'to': 'Chiplet_3', 'connection_type': '2.5d_emib', 'loc': '2.5d_chiplet'},{'from': 'Chiplet_1', 'to': 'Chiplet_2', 'connection_type': '2.5d_emib', 'loc': '2.5d_chiplet'},{'from': 'Chiplet_2', 'to': 'Chiplet_3', 'connection_type': '2.5d_emib', 'loc': '2.5d_chiplet'},{'from': 'Chiplet_2', 'to': 'Chiplet_4', 'connection_type': '2.5d_emib', 'loc': '2.5d_chiplet'},{'from': 'Chiplet_2', 'to': 'Chiplet_1', 'connection_type': '2.5d_emib', 'loc': '2.5d_chiplet'},{'from': 'Chiplet_3', 'to': 'Chiplet_4', 'connection_type': '2.5d_emib', 'loc': '2.5d_chiplet'},{'from': 'Chiplet_3', 'to': 'Chiplet_1', 'connection_type': '2.5d_emib', 'loc': '2.5d_chiplet'},{'from': 'Chiplet_3', 'to': 'Chiplet_2', 'connection_type': '2.5d_emib', 'loc': '2.5d_chiplet'},{'from': 'Chiplet_3', 'to': 'Chiplet_6', 'connection_type': '2.5d_emib', 'loc': '2.5d_chiplet'},{'from': 'Chiplet_6', 'to': 'Chiplet_3', 'connection_type': '2.5d_emib', 'loc': '2.5d_chiplet'},{'from': 'Chiplet_6', 'to': 'Chiplet_5', 'connection_type': '2.5d_emib', 'loc': '2.5d_chiplet'},{'from': 'Chiplet_4', 'to': 'Chiplet_3', 'connection_type': '2.5d_emib', 'loc': '2.5d_chiplet'},{'from': 'Chiplet_4', 'to': 'Chiplet_5', 'connection_type': '2.5d_emib', 'loc': '2.5d_chiplet'},{'from': 'Chiplet_4', 'to': 'Chiplet_2', 'connection_type': '2.5d_emib', 'loc': '2.5d_chiplet'},{'from': 'Chiplet_5', 'to': 'Chiplet_4', 'connection_type': '2.5d_emib', 'loc': '2.5d_chiplet'},{'from': 'Chiplet_5', 'to': 'Chiplet_6', 'connection_type': '2.5d_emib', 'loc': '2.5d_chiplet'}",7,1,3,2,2,1,hbm3,ucie_adv,na,1,0,is,1,0,0
195,35.21297371401748,5316970.97,207526.8463312459,63027389.00612135,3330.5,4110.121992382783,195,1.5385781800824634,3.1172648505374996,1024,96x96,10,4.9976252555201786,6.821646341899999,1024,128x128,14,4.1253109519999995,10.4826,4096,192x192,7,4.1253109519999995,10.4826,4096,192x192,7,5.5109919519999995,10.4826,8192,192x192,7,6.975099908490179,6.821646341899999,4096,128x128,14,2.5d,"{'from': 'Chiplet_6', 'to': 'Chiplet_3', 'connection_type': '2.5d_emib', 'loc': '2.5d_chiplet'},{'from': 'Chiplet_6', 'to': 'Chiplet_5', 'connection_type': '2.5d_emib', 'loc': '2.5d_chiplet'},{'from': 'Chiplet_6', 'to': 'Chiplet_1', 'connection_type': '2.5d_emib', 'loc': '2.5d_chiplet'},{'from': 'Chiplet_6', 'to': 'Chiplet_2', 'connection_type': '2.5d_emib', 'loc': '2.5d_chiplet'},{'from': 'Chiplet_3', 'to': 'Chiplet_1', 'connection_type': '2.5d_emib', 'loc': '2.5d_chiplet'},{'from': 'Chiplet_3', 'to': 'Chiplet_6', 'connection_type': '2.5d_emib', 'loc': '2.5d_chiplet'},{'from': 'Chiplet_1', 'to': 'Chiplet_3', 'connection_type': '2.5d_emib', 'loc': '2.5d_chiplet'},{'from': 'Chiplet_1', 'to': 'Chiplet_6', 'connection_type': '2.5d_emib', 'loc': '2.5d_chiplet'},{'from': 'Chiplet_5', 'to': 'Chiplet_4', 'connection_type': '2.5d_emib', 'loc': '2.5d_chiplet'},{'from': 'Chiplet_5', 'to': 'Chiplet_2', 'connection_type': '2.5d_emib', 'loc': '2.5d_chiplet'},{'from': 'Chiplet_5', 'to': 'Chiplet_6', 'connection_type': '2.5d_emib', 'loc': '2.5d_chiplet'},{'from': 'Chiplet_2', 'to': 'Chiplet_4', 'connection_type': '2.5d_emib', 'loc': '2.5d_chiplet'},{'from': 'Chiplet_2', 'to': 'Chiplet_5', 'connection_type': '2.5d_emib', 'loc': '2.5d_chiplet'},{'from': 'Chiplet_2', 'to': 'Chiplet_6', 'connection_type': '2.5d_emib', 'loc': '2.5d_chiplet'},{'from': 'Chiplet_4', 'to': 'Chiplet_5', 'connection_type': '2.5d_emib', 'loc': '2.5d_chiplet'},{'from': 'Chiplet_4', 'to': 'Chiplet_2', 'connection_type': '2.5d_emib', 'loc': '2.5d_chiplet'}",1,3,3,2,3,4,hbm2,bow,na,1,0,is,0,0,0
196,32.62253157559972,3651474.22,92017.17018744082,106510079.82327148,8109.484874033389,7779.83189205304,196,1.249405813087535,1.7054115854749998,256,64x64,14,8.112421457366196,12.973514847541198,8192,192x192,10,3.432469952,10.4826,2048,192x192,7,1.4141952089375351,1.7054115854749998,512,64x64,14,1.743774000637535,1.7054115854749998,1024,64x64,14,5.5109919519999995,10.4826,8192,192x192,7,2.5d,"{'from': 'Chiplet_2', 'to': 'Chiplet_3', 'connection_type': '2.5d_rdl', 'loc': '2.5d_chiplet'},{'from': 'Chiplet_2', 'to': 'Chiplet_5', 'connection_type': '2.5d_rdl', 'loc': '2.5d_chiplet'},{'from': 'Chiplet_2', 'to': 'Chiplet_1', 'connection_type': '2.5d_rdl', 'loc': '2.5d_chiplet'},{'from': 'Chiplet_2', 'to': 'Chiplet_6', 'connection_type': '2.5d_rdl', 'loc': '2.5d_chiplet'},{'from': 'Chiplet_5', 'to': 'Chiplet_1', 'connection_type': '2.5d_rdl', 'loc': '2.5d_chiplet'},{'from': 'Chiplet_5', 'to': 'Chiplet_2', 'connection_type': '2.5d_rdl', 'loc': '2.5d_chiplet'},{'from': 'Chiplet_1', 'to': 'Chiplet_5', 'connection_type': '2.5d_rdl', 'loc': '2.5d_chiplet'},{'from': 'Chiplet_1', 'to': 'Chiplet_2', 'connection_type': '2.5d_rdl', 'loc': '2.5d_chiplet'},{'from': 'Chiplet_6', 'to': 'Chiplet_3', 'connection_type': '2.5d_rdl', 'loc': '2.5d_chiplet'},{'from': 'Chiplet_6', 'to': 'Chiplet_4', 'connection_type': '2.5d_rdl', 'loc': '2.5d_chiplet'},{'from': 'Chiplet_6', 'to': 'Chiplet_2', 'connection_type': '2.5d_rdl', 'loc': '2.5d_chiplet'},{'from': 'Chiplet_3', 'to': 'Chiplet_4', 'connection_type': '2.5d_rdl', 'loc': '2.5d_chiplet'},{'from': 'Chiplet_3', 'to': 'Chiplet_2', 'connection_type': '2.5d_rdl', 'loc': '2.5d_chiplet'},{'from': 'Chiplet_3', 'to': 'Chiplet_6', 'connection_type': '2.5d_rdl', 'loc': '2.5d_chiplet'},{'from': 'Chiplet_4', 'to': 'Chiplet_3', 'connection_type': '2.5d_rdl', 'loc': '2.5d_chiplet'},{'from': 'Chiplet_4', 'to': 'Chiplet_6', 'connection_type': '2.5d_rdl', 'loc': '2.5d_chiplet'}",1,2,1,1,1,2,ddr5,ucie_std,na,0,0,os,1,0,0
197,59.040550967188274,4413481.11,98028.95175797596,136499576.72394034,5663.109209453953,6433.254161882485,197,5.656782838920179,6.821646341899999,2048,128x128,14,1.578984604787535,1.7054115854749998,768,64x64,14,15.436124909546791,15.979573171754398,8192,192x192,14,1.304342696,2.51875,2048,96x96,7,2.927572174079395,3.8395579270749995,1024,96x96,14,5.656782838920179,6.821646341899999,2048,128x128,14,2.5d,"{'from': 'Chiplet_3', 'to': 'Chiplet_4', 'connection_type': '2.5d_rdl', 'loc': '2.5d_chiplet'},{'from': 'Chiplet_3', 'to': 'Chiplet_1', 'connection_type': '2.5d_rdl', 'loc': '2.5d_chiplet'},{'from': 'Chiplet_4', 'to': 'Chiplet_3', 'connection_type': '2.5d_rdl', 'loc': '2.5d_chiplet'},{'from': 'Chiplet_4', 'to': 'Chiplet_1', 'connection_type': '2.5d_rdl', 'loc': '2.5d_chiplet'},{'from': 'Chiplet_4', 'to': 'Chiplet_6', 'connection_type': '2.5d_rdl', 'loc': '2.5d_chiplet'},{'from': 'Chiplet_1', 'to': 'Chiplet_3', 'connection_type': '2.5d_rdl', 'loc': '2.5d_chiplet'},{'from': 'Chiplet_1', 'to': 'Chiplet_5', 'connection_type': '2.5d_rdl', 'loc': '2.5d_chiplet'},{'from': 'Chiplet_1', 'to': 'Chiplet_4', 'connection_type': '2.5d_rdl', 'loc': '2.5d_chiplet'},{'from': 'Chiplet_1', 'to': 'Chiplet_6', 'connection_type': '2.5d_rdl', 'loc': '2.5d_chiplet'},{'from': 'Chiplet_5', 'to': 'Chiplet_1', 'connection_type': '2.5d_rdl', 'loc': '2.5d_chiplet'},{'from': 'Chiplet_5', 'to': 'Chiplet_2', 'connection_type': '2.5d_rdl', 'loc': '2.5d_chiplet'},{'from': 'Chiplet_6', 'to': 'Chiplet_4', 'connection_type': '2.5d_rdl', 'loc': '2.5d_chiplet'},{'from': 'Chiplet_6', 'to': 'Chiplet_1', 'connection_type': '2.5d_rdl', 'loc': '2.5d_chiplet'},{'from': 'Chiplet_6', 'to': 'Chiplet_2', 'connection_type': '2.5d_rdl', 'loc': '2.5d_chiplet'},{'from': 'Chiplet_2', 'to': 'Chiplet_5', 'connection_type': '2.5d_rdl', 'loc': '2.5d_chiplet'},{'from': 'Chiplet_2', 'to': 'Chiplet_6', 'connection_type': '2.5d_rdl', 'loc': '2.5d_chiplet'}",1,1,3,1,1,1,ddr5,ucie_std,na,1,0,is,0,0,0
198,19.781714235762394,3296922.99,82039.95313793312,129169916.92039178,8619.324848482165,8899.68539291328,198,4.818150952,10.4826,6144,192x192,7,6.033899457366197,12.973514847541198,2048,192x192,10,1.51595254,4.475,1024,128x128,7,0.829831759447044,1.3845915837374998,768,64x64,10,0.829831759447044,1.3845915837374998,768,64x64,10,3.432469952,10.4826,2048,192x192,7,2.5d_3d,"{'from': 'Chiplet_3', 'to': 'Chiplet_4', 'connection_type': '3d_tsv', 'loc': 'stack0_base'},{'from': 'Chiplet_4', 'to': 'Chiplet_5', 'connection_type': '3d_tsv', 'loc': 'stack0_middle1'},{'from': 'Chiplet_5', 'to': 'na', 'connection_type': '3d_tsv', 'loc': 'stack0_top'},{'from': 'Chiplet_2', 'to': 'Chiplet_3', 'connection_type': '2.5d_rdl', 'loc': '2.5d_chiplet'},{'from': 'Chiplet_2', 'to': 'Chiplet_1', 'connection_type': '2.5d_rdl', 'loc': '2.5d_chiplet'},{'from': 'Chiplet_2', 'to': 'Chiplet_6', 'connection_type': '2.5d_rdl', 'loc': '2.5d_chiplet'},{'from': 'Chiplet_3', 'to': 'Chiplet_2', 'connection_type': '2.5d_rdl', 'loc': '2.5d_chiplet'},{'from': 'Chiplet_3', 'to': 'Chiplet_6', 'connection_type': '2.5d_rdl', 'loc': '2.5d_chiplet'},{'from': 'Chiplet_1', 'to': 'Chiplet_2', 'connection_type': '2.5d_rdl', 'loc': '2.5d_chiplet'},{'from': 'Chiplet_1', 'to': 'Chiplet_6', 'connection_type': '2.5d_rdl', 'loc': '2.5d_chiplet'},{'from': 'Chiplet_6', 'to': 'Chiplet_3', 'connection_type': '2.5d_rdl', 'loc': '2.5d_chiplet'},{'from': 'Chiplet_6', 'to': 'Chiplet_1', 'connection_type': '2.5d_rdl', 'loc': '2.5d_chiplet'},{'from': 'Chiplet_6', 'to': 'Chiplet_2', 'connection_type': '2.5d_rdl', 'loc': '2.5d_chiplet'}",2,2,1,1,1,1,ddr4,ucie_std,ucie_3d,0,0,os,1,0,0
199,20.626253193424887,2583596.6,167996.62712300758,129159359.47726479,20641.488639679737,12410.804115101751,199,0.916436759447044,1.3845915837374998,1024,64x64,10,1.51595254,4.475,1024,128x128,7,0.784712696,2.51875,512,96x96,7,1.7117881800824635,3.1172648505374996,1536,96x96,10,1.86237254,4.475,2048,128x128,7,5.5109919519999995,10.4826,8192,192x192,7,2.5d,"{'from': 'Chiplet_6', 'to': 'Chiplet_3', 'connection_type': '2.5d_emib', 'loc': '2.5d_chiplet'},{'from': 'Chiplet_6', 'to': 'Chiplet_5', 'connection_type': '2.5d_emib', 'loc': '2.5d_chiplet'},{'from': 'Chiplet_3', 'to': 'Chiplet_4', 'connection_type': '2.5d_emib', 'loc': '2.5d_chiplet'},{'from': 'Chiplet_3', 'to': 'Chiplet_5', 'connection_type': '2.5d_emib', 'loc': '2.5d_chiplet'},{'from': 'Chiplet_3', 'to': 'Chiplet_6', 'connection_type': '2.5d_emib', 'loc': '2.5d_chiplet'},{'from': 'Chiplet_5', 'to': 'Chiplet_3', 'connection_type': '2.5d_emib', 'loc': '2.5d_chiplet'},{'from': 'Chiplet_5', 'to': 'Chiplet_4', 'connection_type': '2.5d_emib', 'loc': '2.5d_chiplet'},{'from': 'Chiplet_5', 'to': 'Chiplet_1', 'connection_type': '2.5d_emib', 'loc': '2.5d_chiplet'},{'from': 'Chiplet_5', 'to': 'Chiplet_6', 'connection_type': '2.5d_emib', 'loc': '2.5d_chiplet'},{'from': 'Chiplet_1', 'to': 'Chiplet_5', 'connection_type': '2.5d_emib', 'loc': '2.5d_chiplet'},{'from': 'Chiplet_1', 'to': 'Chiplet_2', 'connection_type': '2.5d_emib', 'loc': '2.5d_chiplet'},{'from': 'Chiplet_4', 'to': 'Chiplet_3', 'connection_type': '2.5d_emib', 'loc': '2.5d_chiplet'},{'from': 'Chiplet_4', 'to': 'Chiplet_5', 'connection_type': '2.5d_emib', 'loc': '2.5d_chiplet'},{'from': 'Chiplet_4', 'to': 'Chiplet_2', 'connection_type': '2.5d_emib', 'loc': '2.5d_chiplet'},{'from': 'Chiplet_2', 'to': 'Chiplet_4', 'connection_type': '2.5d_emib', 'loc': '2.5d_chiplet'},{'from': 'Chiplet_2', 'to': 'Chiplet_1', 'connection_type': '2.5d_emib', 'loc': '2.5d_chiplet'}",1,1,1,1,1,3,ddr4,aib,na,1,0,os,1,0,0
200,17.907848710574243,3361528.17,97078.03848565588,121552209.80899923,2645.8655256723714,4219.42141523079,200,3.432469952,10.4826,2048,192x192,7,2.20879254,4.475,3072,128x128,7,1.249405813087535,1.7054115854749998,256,64x64,14,6.315940422320179,6.821646341899999,3072,128x128,14,3.432469952,10.4826,2048,192x192,7,4.9976252555201786,6.821646341899999,1024,128x128,14,2.5d_3d,"{'from': 'Chiplet_5', 'to': 'Chiplet_1', 'connection_type': '3d_hyb_bond', 'loc': 'stack0_base'},{'from': 'Chiplet_1', 'to': 'Chiplet_2', 'connection_type': '3d_hyb_bond', 'loc': 'stack0_middle1'},{'from': 'Chiplet_2', 'to': 'Chiplet_3', 'connection_type': '3d_hyb_bond', 'loc': 'stack0_middle2'},{'from': 'Chiplet_3', 'to': 'na', 'connection_type': '3d_hyb_bond', 'loc': 'stack0_top'},{'from': 'Chiplet_4', 'to': 'Chiplet_5', 'connection_type': '2.5d_rdl', 'loc': '2.5d_chiplet'},{'from': 'Chiplet_4', 'to': 'Chiplet_6', 'connection_type': '2.5d_rdl', 'loc': '2.5d_chiplet'},{'from': 'Chiplet_6', 'to': 'Chiplet_4', 'connection_type': '2.5d_rdl', 'loc': '2.5d_chiplet'},{'from': 'Chiplet_6', 'to': 'Chiplet_5', 'connection_type': '2.5d_rdl', 'loc': '2.5d_chiplet'},{'from': 'Chiplet_5', 'to': 'Chiplet_4', 'connection_type': '2.5d_rdl', 'loc': '2.5d_chiplet'},{'from': 'Chiplet_5', 'to': 'Chiplet_6', 'connection_type': '2.5d_rdl', 'loc': '2.5d_chiplet'}",1,1,1,2,1,2,ddr5,ucie_std,ucie_3d,1,0,ws,0,0,0
201,20.712526230276755,2606464.86,157392.06655154427,36276479.638636686,3424.4079584470464,2353.306846083347,201,3.2571509657793953,3.8395579270749995,1536,96x96,14,3.432469952,10.4826,2048,192x192,7,0.916436759447044,1.3845915837374998,1024,64x64,10,1.578984604787535,1.7054115854749998,768,64x64,14,3.2571509657793953,3.8395579270749995,1536,96x96,14,2.6264880905479133,5.538366334949999,1024,128x128,10,2.5d,"{'from': 'Chiplet_2', 'to': 'Chiplet_4', 'connection_type': '2.5d_emib', 'loc': '2.5d_chiplet'},{'from': 'Chiplet_2', 'to': 'Chiplet_1', 'connection_type': '2.5d_emib', 'loc': '2.5d_chiplet'},{'from': 'Chiplet_2', 'to': 'Chiplet_6', 'connection_type': '2.5d_emib', 'loc': '2.5d_chiplet'},{'from': 'Chiplet_6', 'to': 'Chiplet_4', 'connection_type': '2.5d_emib', 'loc': '2.5d_chiplet'},{'from': 'Chiplet_6', 'to': 'Chiplet_2', 'connection_type': '2.5d_emib', 'loc': '2.5d_chiplet'},{'from': 'Chiplet_4', 'to': 'Chiplet_5', 'connection_type': '2.5d_emib', 'loc': '2.5d_chiplet'},{'from': 'Chiplet_4', 'to': 'Chiplet_2', 'connection_type': '2.5d_emib', 'loc': '2.5d_chiplet'},{'from': 'Chiplet_4', 'to': 'Chiplet_6', 'connection_type': '2.5d_emib', 'loc': '2.5d_chiplet'},{'from': 'Chiplet_1', 'to': 'Chiplet_3', 'connection_type': '2.5d_emib', 'loc': '2.5d_chiplet'},{'from': 'Chiplet_1', 'to': 'Chiplet_5', 'connection_type': '2.5d_emib', 'loc': '2.5d_chiplet'},{'from': 'Chiplet_1', 'to': 'Chiplet_2', 'connection_type': '2.5d_emib', 'loc': '2.5d_chiplet'},{'from': 'Chiplet_3', 'to': 'Chiplet_5', 'connection_type': '2.5d_emib', 'loc': '2.5d_chiplet'},{'from': 'Chiplet_3', 'to': 'Chiplet_1', 'connection_type': '2.5d_emib', 'loc': '2.5d_chiplet'},{'from': 'Chiplet_5', 'to': 'Chiplet_4', 'connection_type': '2.5d_emib', 'loc': '2.5d_chiplet'},{'from': 'Chiplet_5', 'to': 'Chiplet_1', 'connection_type': '2.5d_emib', 'loc': '2.5d_chiplet'},{'from': 'Chiplet_5', 'to': 'Chiplet_3', 'connection_type': '2.5d_emib', 'loc': '2.5d_chiplet'}",3,4,1,2,3,3,hbm3,ucie_adv,na,0,0,ws,0,0,0
202,31.262193487425368,4987420.38,122186.4910251718,141654958.35188347,8196.544317207632,10986.381937623093,202,3.3193280905479132,5.538366334949999,3072,128x128,10,8.112421457366196,12.973514847541198,8192,192x192,10,11.481175603606792,15.979573171754398,2048,192x192,14,5.5109919519999995,10.4826,8192,192x192,7,6.315940422320179,6.821646341899999,3072,128x128,14,2.927572174079395,3.8395579270749995,1024,96x96,14,2.5d_3d,"{'from': 'Chiplet_2', 'to': 'Chiplet_4', 'connection_type': '3d_tsv', 'loc': 'stack0_base'},{'from': 'Chiplet_4', 'to': 'Chiplet_1', 'connection_type': '3d_tsv', 'loc': 'stack0_middle1'},{'from': 'Chiplet_1', 'to': 'Chiplet_6', 'connection_type': '3d_tsv', 'loc': 'stack0_middle2'},{'from': 'Chiplet_6', 'to': 'na', 'connection_type': '3d_tsv', 'loc': 'stack0_top'},{'from': 'Chiplet_3', 'to': 'Chiplet_5', 'connection_type': '2.5d_rdl', 'loc': '2.5d_chiplet'},{'from': 'Chiplet_3', 'to': 'Chiplet_2', 'connection_type': '2.5d_rdl', 'loc': '2.5d_chiplet'},{'from': 'Chiplet_2', 'to': 'Chiplet_3', 'connection_type': '2.5d_rdl', 'loc': '2.5d_chiplet'},{'from': 'Chiplet_2', 'to': 'Chiplet_5', 'connection_type': '2.5d_rdl', 'loc': '2.5d_chiplet'},{'from': 'Chiplet_5', 'to': 'Chiplet_3', 'connection_type': '2.5d_rdl', 'loc': '2.5d_chiplet'},{'from': 'Chiplet_5', 'to': 'Chiplet_2', 'connection_type': '2.5d_rdl', 'loc': '2.5d_chiplet'}",1,2,2,1,1,1,ddr4,ucie_std,ucie_3d,0,0,ws,1,0,0
203,43.048579454941006,4418133.56,91850.16886298169,50645431.90129793,9944.0972869191,7783.391610706596,203,0.552198,1.11875,768,64x64,7,1.578984604787535,1.7054115854749998,768,64x64,14,6.975099908490179,6.821646341899999,4096,128x128,14,4.1253109519999995,10.4826,4096,192x192,7,12.799492673176792,15.979573171754398,4096,192x192,14,0.829831759447044,1.3845915837374998,768,64x64,10,2.5d,"{'from': 'Chiplet_5', 'to': 'Chiplet_3', 'connection_type': '2.5d_rdl', 'loc': '2.5d_chiplet'},{'from': 'Chiplet_5', 'to': 'Chiplet_4', 'connection_type': '2.5d_rdl', 'loc': '2.5d_chiplet'},{'from': 'Chiplet_5', 'to': 'Chiplet_1', 'connection_type': '2.5d_rdl', 'loc': '2.5d_chiplet'},{'from': 'Chiplet_1', 'to': 'Chiplet_4', 'connection_type': '2.5d_rdl', 'loc': '2.5d_chiplet'},{'from': 'Chiplet_1', 'to': 'Chiplet_5', 'connection_type': '2.5d_rdl', 'loc': '2.5d_chiplet'},{'from': 'Chiplet_3', 'to': 'Chiplet_4', 'connection_type': '2.5d_rdl', 'loc': '2.5d_chiplet'},{'from': 'Chiplet_3', 'to': 'Chiplet_5', 'connection_type': '2.5d_rdl', 'loc': '2.5d_chiplet'},{'from': 'Chiplet_3', 'to': 'Chiplet_2', 'connection_type': '2.5d_rdl', 'loc': '2.5d_chiplet'},{'from': 'Chiplet_4', 'to': 'Chiplet_3', 'connection_type': '2.5d_rdl', 'loc': '2.5d_chiplet'},{'from': 'Chiplet_4', 'to': 'Chiplet_1', 'connection_type': '2.5d_rdl', 'loc': '2.5d_chiplet'},{'from': 'Chiplet_4', 'to': 'Chiplet_2', 'connection_type': '2.5d_rdl', 'loc': '2.5d_chiplet'},{'from': 'Chiplet_4', 'to': 'Chiplet_6', 'connection_type': '2.5d_rdl', 'loc': '2.5d_chiplet'},{'from': 'Chiplet_4', 'to': 'Chiplet_5', 'connection_type': '2.5d_rdl', 'loc': '2.5d_chiplet'},{'from': 'Chiplet_2', 'to': 'Chiplet_4', 'connection_type': '2.5d_rdl', 'loc': '2.5d_chiplet'},{'from': 'Chiplet_2', 'to': 'Chiplet_3', 'connection_type': '2.5d_rdl', 'loc': '2.5d_chiplet'},{'from': 'Chiplet_2', 'to': 'Chiplet_6', 'connection_type': '2.5d_rdl', 'loc': '2.5d_chiplet'},{'from': 'Chiplet_6', 'to': 'Chiplet_4', 'connection_type': '2.5d_rdl', 'loc': '2.5d_chiplet'},{'from': 'Chiplet_6', 'to': 'Chiplet_2', 'connection_type': '2.5d_rdl', 'loc': '2.5d_chiplet'}",1,1,4,2,7,1,hbm3,ucie_std,na,0,0,ws,1,0,0
204,39.337752389229166,3510667.41,83905.16072204655,133791475.10589886,14382.313241702908,12144.78454626842,204,1.249405813087535,1.7054115854749998,256,64x64,14,5.656782838920179,6.821646341899999,2048,128x128,14,3.2571509657793953,3.8395579270749995,1536,96x96,14,6.315940422320179,6.821646341899999,3072,128x128,14,1.86237254,4.475,2048,128x128,7,7.419580457366196,12.973514847541198,6144,192x192,10,2.5d,"{'from': 'Chiplet_6', 'to': 'Chiplet_4', 'connection_type': '2.5d_rdl', 'loc': '2.5d_chiplet'},{'from': 'Chiplet_6', 'to': 'Chiplet_5', 'connection_type': '2.5d_rdl', 'loc': '2.5d_chiplet'},{'from': 'Chiplet_6', 'to': 'Chiplet_3', 'connection_type': '2.5d_rdl', 'loc': '2.5d_chiplet'},{'from': 'Chiplet_6', 'to': 'Chiplet_2', 'connection_type': '2.5d_rdl', 'loc': '2.5d_chiplet'},{'from': 'Chiplet_3', 'to': 'Chiplet_5', 'connection_type': '2.5d_rdl', 'loc': '2.5d_chiplet'},{'from': 'Chiplet_3', 'to': 'Chiplet_6', 'connection_type': '2.5d_rdl', 'loc': '2.5d_chiplet'},{'from': 'Chiplet_5', 'to': 'Chiplet_3', 'connection_type': '2.5d_rdl', 'loc': '2.5d_chiplet'},{'from': 'Chiplet_5', 'to': 'Chiplet_6', 'connection_type': '2.5d_rdl', 'loc': '2.5d_chiplet'},{'from': 'Chiplet_4', 'to': 'Chiplet_1', 'connection_type': '2.5d_rdl', 'loc': '2.5d_chiplet'},{'from': 'Chiplet_4', 'to': 'Chiplet_2', 'connection_type': '2.5d_rdl', 'loc': '2.5d_chiplet'},{'from': 'Chiplet_4', 'to': 'Chiplet_6', 'connection_type': '2.5d_rdl', 'loc': '2.5d_chiplet'},{'from': 'Chiplet_2', 'to': 'Chiplet_4', 'connection_type': '2.5d_rdl', 'loc': '2.5d_chiplet'},{'from': 'Chiplet_2', 'to': 'Chiplet_1', 'connection_type': '2.5d_rdl', 'loc': '2.5d_chiplet'},{'from': 'Chiplet_2', 'to': 'Chiplet_6', 'connection_type': '2.5d_rdl', 'loc': '2.5d_chiplet'},{'from': 'Chiplet_1', 'to': 'Chiplet_4', 'connection_type': '2.5d_rdl', 'loc': '2.5d_chiplet'},{'from': 'Chiplet_1', 'to': 'Chiplet_2', 'connection_type': '2.5d_rdl', 'loc': '2.5d_chiplet'}",1,1,1,2,1,2,ddr4,ucie_std,na,0,0,ws,1,0,0
205,34.446548184048254,4344807.19,184223.6959869202,43789235.32512133,3770.103148751357,3877.8848949646745,205,2.972908090547913,5.538366334949999,2048,128x128,10,7.419580457366196,12.973514847541198,6144,192x192,10,3.432469952,10.4826,2048,192x192,7,4.9976252555201786,6.821646341899999,1024,128x128,14,1.578984604787535,1.7054115854749998,768,64x64,14,4.9976252555201786,6.821646341899999,1024,128x128,14,2.5d,"{'from': 'Chiplet_2', 'to': 'Chiplet_4', 'connection_type': '2.5d_emib', 'loc': '2.5d_chiplet'},{'from': 'Chiplet_2', 'to': 'Chiplet_5', 'connection_type': '2.5d_emib', 'loc': '2.5d_chiplet'},{'from': 'Chiplet_2', 'to': 'Chiplet_3', 'connection_type': '2.5d_emib', 'loc': '2.5d_chiplet'},{'from': 'Chiplet_3', 'to': 'Chiplet_5', 'connection_type': '2.5d_emib', 'loc': '2.5d_chiplet'},{'from': 'Chiplet_3', 'to': 'Chiplet_2', 'connection_type': '2.5d_emib', 'loc': '2.5d_chiplet'},{'from': 'Chiplet_5', 'to': 'Chiplet_3', 'connection_type': '2.5d_emib', 'loc': '2.5d_chiplet'},{'from': 'Chiplet_5', 'to': 'Chiplet_2', 'connection_type': '2.5d_emib', 'loc': '2.5d_chiplet'},{'from': 'Chiplet_5', 'to': 'Chiplet_6', 'connection_type': '2.5d_emib', 'loc': '2.5d_chiplet'},{'from': 'Chiplet_4', 'to': 'Chiplet_1', 'connection_type': '2.5d_emib', 'loc': '2.5d_chiplet'},{'from': 'Chiplet_4', 'to': 'Chiplet_2', 'connection_type': '2.5d_emib', 'loc': '2.5d_chiplet'},{'from': 'Chiplet_4', 'to': 'Chiplet_6', 'connection_type': '2.5d_emib', 'loc': '2.5d_chiplet'},{'from': 'Chiplet_1', 'to': 'Chiplet_4', 'connection_type': '2.5d_emib', 'loc': '2.5d_chiplet'},{'from': 'Chiplet_1', 'to': 'Chiplet_6', 'connection_type': '2.5d_emib', 'loc': '2.5d_chiplet'},{'from': 'Chiplet_6', 'to': 'Chiplet_4', 'connection_type': '2.5d_emib', 'loc': '2.5d_chiplet'},{'from': 'Chiplet_6', 'to': 'Chiplet_5', 'connection_type': '2.5d_emib', 'loc': '2.5d_chiplet'},{'from': 'Chiplet_6', 'to': 'Chiplet_1', 'connection_type': '2.5d_emib', 'loc': '2.5d_chiplet'}",2,5,2,3,1,3,hbm3,ucie_adv,na,0,0,os,0,0,0
206,13.919359592446003,1903131.2,48835.83506453928,167384490.44676125,4420.745098039216,4975.977197386854,206,0.829831759447044,1.3845915837374998,768,64x64,10,1.4141952089375351,1.7054115854749998,512,64x64,14,1.7117881800824635,3.1172648505374996,1536,96x96,10,2.972908090547913,5.538366334949999,2048,128x128,10,0.46559300000000003,1.11875,512,64x64,7,3.432469952,10.4826,2048,192x192,7,2.5d_3d,"{'from': 'Chiplet_6', 'to': 'Chiplet_2', 'connection_type': '3d_tsv', 'loc': 'stack0_base'},{'from': 'Chiplet_2', 'to': 'na', 'connection_type': '3d_tsv', 'loc': 'stack0_top'},{'from': 'Chiplet_6', 'to': 'Chiplet_4', 'connection_type': '2.5d_rdl', 'loc': '2.5d_chiplet'},{'from': 'Chiplet_6', 'to': 'Chiplet_5', 'connection_type': '2.5d_rdl', 'loc': '2.5d_chiplet'},{'from': 'Chiplet_6', 'to': 'Chiplet_1', 'connection_type': '2.5d_rdl', 'loc': '2.5d_chiplet'},{'from': 'Chiplet_1', 'to': 'Chiplet_5', 'connection_type': '2.5d_rdl', 'loc': '2.5d_chiplet'},{'from': 'Chiplet_1', 'to': 'Chiplet_6', 'connection_type': '2.5d_rdl', 'loc': '2.5d_chiplet'},{'from': 'Chiplet_5', 'to': 'Chiplet_3', 'connection_type': '2.5d_rdl', 'loc': '2.5d_chiplet'},{'from': 'Chiplet_5', 'to': 'Chiplet_1', 'connection_type': '2.5d_rdl', 'loc': '2.5d_chiplet'},{'from': 'Chiplet_5', 'to': 'Chiplet_6', 'connection_type': '2.5d_rdl', 'loc': '2.5d_chiplet'},{'from': 'Chiplet_4', 'to': 'Chiplet_3', 'connection_type': '2.5d_rdl', 'loc': '2.5d_chiplet'},{'from': 'Chiplet_4', 'to': 'Chiplet_6', 'connection_type': '2.5d_rdl', 'loc': '2.5d_chiplet'},{'from': 'Chiplet_3', 'to': 'Chiplet_4', 'connection_type': '2.5d_rdl', 'loc': '2.5d_chiplet'},{'from': 'Chiplet_3', 'to': 'Chiplet_5', 'connection_type': '2.5d_rdl', 'loc': '2.5d_chiplet'}",1,1,1,2,1,2,ddr4,ucie_std,ucie_3d,0,0,ws,0,0,0
207,18.07696497226453,4112117.79,132453.19465588316,50857484.722985506,10274.093276481612,8541.355018394624,207,4.1253109519999995,10.4826,4096,192x192,7,3.665749090547913,5.538366334949999,4096,128x128,10,3.2571509657793953,3.8395579270749995,1536,96x96,14,1.5385781800824634,3.1172648505374996,1024,96x96,10,3.432469952,10.4826,2048,192x192,7,6.975099908490179,6.821646341899999,4096,128x128,14,2.5d_3d,"{'from': 'Chiplet_6', 'to': 'Chiplet_5', 'connection_type': '3d_u_bump', 'loc': 'stack0_base'},{'from': 'Chiplet_5', 'to': 'Chiplet_3', 'connection_type': '3d_u_bump', 'loc': 'stack0_middle1'},{'from': 'Chiplet_3', 'to': 'Chiplet_4', 'connection_type': '3d_u_bump', 'loc': 'stack0_middle2'},{'from': 'Chiplet_4', 'to': 'na', 'connection_type': '3d_u_bump', 'loc': 'stack0_top'},{'from': 'Chiplet_6', 'to': 'Chiplet_1', 'connection_type': '2.5d_emib', 'loc': '2.5d_chiplet'},{'from': 'Chiplet_6', 'to': 'Chiplet_2', 'connection_type': '2.5d_emib', 'loc': '2.5d_chiplet'},{'from': 'Chiplet_1', 'to': 'Chiplet_2', 'connection_type': '2.5d_emib', 'loc': '2.5d_chiplet'},{'from': 'Chiplet_1', 'to': 'Chiplet_6', 'connection_type': '2.5d_emib', 'loc': '2.5d_chiplet'},{'from': 'Chiplet_2', 'to': 'Chiplet_1', 'connection_type': '2.5d_emib', 'loc': '2.5d_chiplet'},{'from': 'Chiplet_2', 'to': 'Chiplet_6', 'connection_type': '2.5d_emib', 'loc': '2.5d_chiplet'}",3,3,2,1,2,5,hbm2,ucie_adv,ucie_3d,0,0,ws,1,0,0
208,54.78619778822536,6006505.6,226216.25385533785,145885225.40097564,13853.481830196522,19129.755103333628,208,3.432469952,10.4826,2048,192x192,7,8.112421457366196,12.973514847541198,8192,192x192,10,1.4141952089375351,1.7054115854749998,512,64x64,14,11.481175603606792,15.979573171754398,2048,192x192,14,4.818150952,10.4826,6144,192x192,7,8.112421457366196,12.973514847541198,8192,192x192,10,2.5d,"{'from': 'Chiplet_4', 'to': 'Chiplet_3', 'connection_type': '2.5d_emib', 'loc': '2.5d_chiplet'},{'from': 'Chiplet_4', 'to': 'Chiplet_5', 'connection_type': '2.5d_emib', 'loc': '2.5d_chiplet'},{'from': 'Chiplet_4', 'to': 'Chiplet_2', 'connection_type': '2.5d_emib', 'loc': '2.5d_chiplet'},{'from': 'Chiplet_5', 'to': 'Chiplet_3', 'connection_type': '2.5d_emib', 'loc': '2.5d_chiplet'},{'from': 'Chiplet_5', 'to': 'Chiplet_4', 'connection_type': '2.5d_emib', 'loc': '2.5d_chiplet'},{'from': 'Chiplet_3', 'to': 'Chiplet_4', 'connection_type': '2.5d_emib', 'loc': '2.5d_chiplet'},{'from': 'Chiplet_3', 'to': 'Chiplet_5', 'connection_type': '2.5d_emib', 'loc': '2.5d_chiplet'},{'from': 'Chiplet_3', 'to': 'Chiplet_6', 'connection_type': '2.5d_emib', 'loc': '2.5d_chiplet'},{'from': 'Chiplet_2', 'to': 'Chiplet_4', 'connection_type': '2.5d_emib', 'loc': '2.5d_chiplet'},{'from': 'Chiplet_2', 'to': 'Chiplet_1', 'connection_type': '2.5d_emib', 'loc': '2.5d_chiplet'},{'from': 'Chiplet_2', 'to': 'Chiplet_6', 'connection_type': '2.5d_emib', 'loc': '2.5d_chiplet'},{'from': 'Chiplet_1', 'to': 'Chiplet_2', 'connection_type': '2.5d_emib', 'loc': '2.5d_chiplet'},{'from': 'Chiplet_1', 'to': 'Chiplet_6', 'connection_type': '2.5d_emib', 'loc': '2.5d_chiplet'},{'from': 'Chiplet_6', 'to': 'Chiplet_3', 'connection_type': '2.5d_emib', 'loc': '2.5d_chiplet'},{'from': 'Chiplet_6', 'to': 'Chiplet_1', 'connection_type': '2.5d_emib', 'loc': '2.5d_chiplet'},{'from': 'Chiplet_6', 'to': 'Chiplet_2', 'connection_type': '2.5d_emib', 'loc': '2.5d_chiplet'}",1,2,1,2,1,1,ddr4,aib,na,1,0,ws,1,0,0
209,19.74855432291205,3859220.41,108527.23869042264,177379124.2250821,3965.0856739092033,6468.3026597468315,209,3.432469952,10.4826,2048,192x192,7,5.5109919519999995,10.4826,8192,192x192,7,2.597993382379395,3.8395579270749995,512,96x96,14,3.3193280905479132,5.538366334949999,3072,128x128,10,6.975099908490179,6.821646341899999,4096,128x128,14,4.9976252555201786,6.821646341899999,1024,128x128,14,2.5d_3d,"{'from': 'Chiplet_5', 'to': 'Chiplet_1', 'connection_type': '3d_u_bump', 'loc': 'stack0_base'},{'from': 'Chiplet_1', 'to': 'Chiplet_4', 'connection_type': '3d_u_bump', 'loc': 'stack0_middle1'},{'from': 'Chiplet_4', 'to': 'Chiplet_3', 'connection_type': '3d_u_bump', 'loc': 'stack0_middle2'},{'from': 'Chiplet_3', 'to': 'na', 'connection_type': '3d_u_bump', 'loc': 'stack0_top'},{'from': 'Chiplet_5', 'to': 'Chiplet_2', 'connection_type': '2.5d_rdl', 'loc': '2.5d_chiplet'},{'from': 'Chiplet_5', 'to': 'Chiplet_6', 'connection_type': '2.5d_rdl', 'loc': '2.5d_chiplet'},{'from': 'Chiplet_2', 'to': 'Chiplet_5', 'connection_type': '2.5d_rdl', 'loc': '2.5d_chiplet'},{'from': 'Chiplet_2', 'to': 'Chiplet_6', 'connection_type': '2.5d_rdl', 'loc': '2.5d_chiplet'},{'from': 'Chiplet_6', 'to': 'Chiplet_5', 'connection_type': '2.5d_rdl', 'loc': '2.5d_chiplet'},{'from': 'Chiplet_6', 'to': 'Chiplet_2', 'connection_type': '2.5d_rdl', 'loc': '2.5d_chiplet'}",1,2,1,1,2,1,ddr4,ucie_std,ucie_3d,1,0,os,0,0,0
210,70.86521067401748,7300813.8,220580.60029824052,69186994.29841769,3010.8333333333335,4551.855465321943,210,1.7117881800824635,3.1172648505374996,1536,96x96,10,15.436124909546791,15.979573171754398,8192,192x192,14,6.975099908490179,6.821646341899999,4096,128x128,14,12.799492673176792,15.979573171754398,4096,192x192,14,11.481175603606792,15.979573171754398,2048,192x192,14,0.656621759447044,1.3845915837374998,256,64x64,10,2.5d,"{'from': 'Chiplet_2', 'to': 'Chiplet_4', 'connection_type': '2.5d_emib', 'loc': '2.5d_chiplet'},{'from': 'Chiplet_2', 'to': 'Chiplet_5', 'connection_type': '2.5d_emib', 'loc': '2.5d_chiplet'},{'from': 'Chiplet_2', 'to': 'Chiplet_1', 'connection_type': '2.5d_emib', 'loc': '2.5d_chiplet'},{'from': 'Chiplet_2', 'to': 'Chiplet_3', 'connection_type': '2.5d_emib', 'loc': '2.5d_chiplet'},{'from': 'Chiplet_3', 'to': 'Chiplet_1', 'connection_type': '2.5d_emib', 'loc': '2.5d_chiplet'},{'from': 'Chiplet_3', 'to': 'Chiplet_2', 'connection_type': '2.5d_emib', 'loc': '2.5d_chiplet'},{'from': 'Chiplet_3', 'to': 'Chiplet_6', 'connection_type': '2.5d_emib', 'loc': '2.5d_chiplet'},{'from': 'Chiplet_1', 'to': 'Chiplet_3', 'connection_type': '2.5d_emib', 'loc': '2.5d_chiplet'},{'from': 'Chiplet_1', 'to': 'Chiplet_2', 'connection_type': '2.5d_emib', 'loc': '2.5d_chiplet'},{'from': 'Chiplet_1', 'to': 'Chiplet_6', 'connection_type': '2.5d_emib', 'loc': '2.5d_chiplet'},{'from': 'Chiplet_6', 'to': 'Chiplet_3', 'connection_type': '2.5d_emib', 'loc': '2.5d_chiplet'},{'from': 'Chiplet_6', 'to': 'Chiplet_1', 'connection_type': '2.5d_emib', 'loc': '2.5d_chiplet'},{'from': 'Chiplet_4', 'to': 'Chiplet_5', 'connection_type': '2.5d_emib', 'loc': '2.5d_chiplet'},{'from': 'Chiplet_4', 'to': 'Chiplet_2', 'connection_type': '2.5d_emib', 'loc': '2.5d_chiplet'},{'from': 'Chiplet_5', 'to': 'Chiplet_4', 'connection_type': '2.5d_emib', 'loc': '2.5d_chiplet'},{'from': 'Chiplet_5', 'to': 'Chiplet_2', 'connection_type': '2.5d_emib', 'loc': '2.5d_chiplet'}",1,5,2,4,3,1,hbm2,ucie_adv,na,0,0,ws,0,0,0
211,15.27144037558376,2047873.76,90710.67989906558,138309223.36613673,18561.909090909092,9143.354412681521,211,0.656621759447044,1.3845915837374998,256,64x64,10,2.927572174079395,3.8395579270749995,1024,96x96,14,1.743774000637535,1.7054115854749998,1024,64x64,14,6.315940422320179,6.821646341899999,3072,128x128,14,0.638803,1.11875,1024,64x64,7,2.55521354,4.475,4096,128x128,7,2.5d_3d,"{'from': 'Chiplet_2', 'to': 'Chiplet_3', 'connection_type': '3d_tsv', 'loc': 'stack0_base'},{'from': 'Chiplet_3', 'to': 'Chiplet_1', 'connection_type': '3d_tsv', 'loc': 'stack0_middle1'},{'from': 'Chiplet_1', 'to': 'Chiplet_5', 'connection_type': '3d_tsv', 'loc': 'stack0_middle2'},{'from': 'Chiplet_5', 'to': 'na', 'connection_type': '3d_tsv', 'loc': 'stack0_top'},{'from': 'Chiplet_4', 'to': 'Chiplet_2', 'connection_type': '2.5d_emib', 'loc': '2.5d_chiplet'},{'from': 'Chiplet_4', 'to': 'Chiplet_6', 'connection_type': '2.5d_emib', 'loc': '2.5d_chiplet'},{'from': 'Chiplet_2', 'to': 'Chiplet_4', 'connection_type': '2.5d_emib', 'loc': '2.5d_chiplet'},{'from': 'Chiplet_2', 'to': 'Chiplet_6', 'connection_type': '2.5d_emib', 'loc': '2.5d_chiplet'},{'from': 'Chiplet_6', 'to': 'Chiplet_4', 'connection_type': '2.5d_emib', 'loc': '2.5d_chiplet'},{'from': 'Chiplet_6', 'to': 'Chiplet_2', 'connection_type': '2.5d_emib', 'loc': '2.5d_chiplet'}",1,1,1,3,1,1,ddr5,bow,ucie_3d,1,0,is,0,0,0
212,14.067342594644519,1897696.62,55616.64512692977,90451671.90187132,17095.831403109547,9461.208369944185,212,0.957922696,2.51875,1024,96x96,7,1.4141952089375351,1.7054115854749998,512,64x64,14,1.86237254,4.475,2048,128x128,7,1.5385781800824634,3.1172648505374996,1024,96x96,10,3.432469952,10.4826,2048,192x192,7,1.304342696,2.51875,2048,96x96,7,2.5d,"{'from': 'Chiplet_5', 'to': 'Chiplet_3', 'connection_type': '2.5d_rdl', 'loc': '2.5d_chiplet'},{'from': 'Chiplet_5', 'to': 'Chiplet_4', 'connection_type': '2.5d_rdl', 'loc': '2.5d_chiplet'},{'from': 'Chiplet_5', 'to': 'Chiplet_1', 'connection_type': '2.5d_rdl', 'loc': '2.5d_chiplet'},{'from': 'Chiplet_5', 'to': 'Chiplet_6', 'connection_type': '2.5d_rdl', 'loc': '2.5d_chiplet'},{'from': 'Chiplet_6', 'to': 'Chiplet_5', 'connection_type': '2.5d_rdl', 'loc': '2.5d_chiplet'},{'from': 'Chiplet_6', 'to': 'Chiplet_1', 'connection_type': '2.5d_rdl', 'loc': '2.5d_chiplet'},{'from': 'Chiplet_1', 'to': 'Chiplet_5', 'connection_type': '2.5d_rdl', 'loc': '2.5d_chiplet'},{'from': 'Chiplet_1', 'to': 'Chiplet_6', 'connection_type': '2.5d_rdl', 'loc': '2.5d_chiplet'},{'from': 'Chiplet_3', 'to': 'Chiplet_4', 'connection_type': '2.5d_rdl', 'loc': '2.5d_chiplet'},{'from': 'Chiplet_3', 'to': 'Chiplet_5', 'connection_type': '2.5d_rdl', 'loc': '2.5d_chiplet'},{'from': 'Chiplet_3', 'to': 'Chiplet_2', 'connection_type': '2.5d_rdl', 'loc': '2.5d_chiplet'},{'from': 'Chiplet_4', 'to': 'Chiplet_3', 'connection_type': '2.5d_rdl', 'loc': '2.5d_chiplet'},{'from': 'Chiplet_4', 'to': 'Chiplet_5', 'connection_type': '2.5d_rdl', 'loc': '2.5d_chiplet'},{'from': 'Chiplet_4', 'to': 'Chiplet_2', 'connection_type': '2.5d_rdl', 'loc': '2.5d_chiplet'},{'from': 'Chiplet_2', 'to': 'Chiplet_4', 'connection_type': '2.5d_rdl', 'loc': '2.5d_chiplet'},{'from': 'Chiplet_2', 'to': 'Chiplet_3', 'connection_type': '2.5d_rdl', 'loc': '2.5d_chiplet'}",1,1,1,1,3,1,ddr5,ucie_std,na,1,0,is,1,0,0
213,34.49590448129325,4935306.62,129509.53467050163,52529278.825045705,7902.285955126211,6978.112508226431,213,14.117807839976791,15.979573171754398,6144,192x192,14,0.552198,1.11875,768,64x64,7,3.432469952,10.4826,2048,192x192,7,0.784712696,2.51875,512,96x96,7,6.975099908490179,6.821646341899999,4096,128x128,14,2.20879254,4.475,3072,128x128,7,2.5d_3d,"{'from': 'Chiplet_5', 'to': 'Chiplet_6', 'connection_type': '3d_tsv', 'loc': 'stack0_base'},{'from': 'Chiplet_6', 'to': 'Chiplet_4', 'connection_type': '3d_tsv', 'loc': 'stack0_middle1'},{'from': 'Chiplet_4', 'to': 'Chiplet_2', 'connection_type': '3d_tsv', 'loc': 'stack0_middle2'},{'from': 'Chiplet_2', 'to': 'na', 'connection_type': '3d_tsv', 'loc': 'stack0_top'},{'from': 'Chiplet_1', 'to': 'Chiplet_3', 'connection_type': '2.5d_emib', 'loc': '2.5d_chiplet'},{'from': 'Chiplet_1', 'to': 'Chiplet_5', 'connection_type': '2.5d_emib', 'loc': '2.5d_chiplet'},{'from': 'Chiplet_5', 'to': 'Chiplet_3', 'connection_type': '2.5d_emib', 'loc': '2.5d_chiplet'},{'from': 'Chiplet_5', 'to': 'Chiplet_1', 'connection_type': '2.5d_emib', 'loc': '2.5d_chiplet'},{'from': 'Chiplet_3', 'to': 'Chiplet_5', 'connection_type': '2.5d_emib', 'loc': '2.5d_chiplet'},{'from': 'Chiplet_3', 'to': 'Chiplet_1', 'connection_type': '2.5d_emib', 'loc': '2.5d_chiplet'}",8,1,2,1,3,1,hbm2,bow,ucie_3d,0,0,ws,1,0,0
214,17.844226755946934,2942860.99,78474.72387109173,175539576.98606786,5316.938997821351,6598.993020262318,214,1.249405813087535,1.7054115854749998,256,64x64,14,0.552198,1.11875,768,64x64,7,4.818150952,10.4826,6144,192x192,7,0.656621759447044,1.3845915837374998,256,64x64,10,6.033899457366197,12.973514847541198,2048,192x192,10,5.656782838920179,6.821646341899999,2048,128x128,14,2.5d_3d,"{'from': 'Chiplet_5', 'to': 'Chiplet_3', 'connection_type': '3d_u_bump', 'loc': 'stack0_base'},{'from': 'Chiplet_3', 'to': 'Chiplet_4', 'connection_type': '3d_u_bump', 'loc': 'stack0_middle1'},{'from': 'Chiplet_4', 'to': 'na', 'connection_type': '3d_u_bump', 'loc': 'stack0_top'},{'from': 'Chiplet_5', 'to': 'Chiplet_2', 'connection_type': '2.5d_rdl', 'loc': '2.5d_chiplet'},{'from': 'Chiplet_5', 'to': 'Chiplet_6', 'connection_type': '2.5d_rdl', 'loc': '2.5d_chiplet'},{'from': 'Chiplet_2', 'to': 'Chiplet_5', 'connection_type': '2.5d_rdl', 'loc': '2.5d_chiplet'},{'from': 'Chiplet_2', 'to': 'Chiplet_1', 'connection_type': '2.5d_rdl', 'loc': '2.5d_chiplet'},{'from': 'Chiplet_6', 'to': 'Chiplet_5', 'connection_type': '2.5d_rdl', 'loc': '2.5d_chiplet'},{'from': 'Chiplet_6', 'to': 'Chiplet_1', 'connection_type': '2.5d_rdl', 'loc': '2.5d_chiplet'},{'from': 'Chiplet_1', 'to': 'Chiplet_2', 'connection_type': '2.5d_rdl', 'loc': '2.5d_chiplet'},{'from': 'Chiplet_1', 'to': 'Chiplet_6', 'connection_type': '2.5d_rdl', 'loc': '2.5d_chiplet'}",1,1,1,1,2,2,ddr4,ucie_std,ucie_3d,0,0,is,0,0,0
215,24.20379093164113,3666199.26,179701.46092743427,55093646.006206065,3604.9549549549547,3001.576648300073,215,2.55521354,4.475,4096,128x128,7,2.55521354,4.475,4096,128x128,7,1.131132696,2.51875,1536,96x96,7,2.6264880905479133,5.538366334949999,1024,128x128,10,4.818150952,10.4826,6144,192x192,7,1.131132696,2.51875,1536,96x96,7,2.5d,"{'from': 'Chiplet_5', 'to': 'Chiplet_4', 'connection_type': '2.5d_emib', 'loc': '2.5d_chiplet'},{'from': 'Chiplet_5', 'to': 'Chiplet_2', 'connection_type': '2.5d_emib', 'loc': '2.5d_chiplet'},{'from': 'Chiplet_2', 'to': 'Chiplet_4', 'connection_type': '2.5d_emib', 'loc': '2.5d_chiplet'},{'from': 'Chiplet_2', 'to': 'Chiplet_5', 'connection_type': '2.5d_emib', 'loc': '2.5d_chiplet'},{'from': 'Chiplet_2', 'to': 'Chiplet_1', 'connection_type': '2.5d_emib', 'loc': '2.5d_chiplet'},{'from': 'Chiplet_4', 'to': 'Chiplet_5', 'connection_type': '2.5d_emib', 'loc': '2.5d_chiplet'},{'from': 'Chiplet_4', 'to': 'Chiplet_1', 'connection_type': '2.5d_emib', 'loc': '2.5d_chiplet'},{'from': 'Chiplet_4', 'to': 'Chiplet_2', 'connection_type': '2.5d_emib', 'loc': '2.5d_chiplet'},{'from': 'Chiplet_4', 'to': 'Chiplet_6', 'connection_type': '2.5d_emib', 'loc': '2.5d_chiplet'},{'from': 'Chiplet_6', 'to': 'Chiplet_4', 'connection_type': '2.5d_emib', 'loc': '2.5d_chiplet'},{'from': 'Chiplet_6', 'to': 'Chiplet_3', 'connection_type': '2.5d_emib', 'loc': '2.5d_chiplet'},{'from': 'Chiplet_1', 'to': 'Chiplet_3', 'connection_type': '2.5d_emib', 'loc': '2.5d_chiplet'},{'from': 'Chiplet_1', 'to': 'Chiplet_4', 'connection_type': '2.5d_emib', 'loc': '2.5d_chiplet'},{'from': 'Chiplet_1', 'to': 'Chiplet_2', 'connection_type': '2.5d_emib', 'loc': '2.5d_chiplet'},{'from': 'Chiplet_3', 'to': 'Chiplet_1', 'connection_type': '2.5d_emib', 'loc': '2.5d_chiplet'},{'from': 'Chiplet_3', 'to': 'Chiplet_6', 'connection_type': '2.5d_emib', 'loc': '2.5d_chiplet'}",3,3,1,3,5,1,hbm2,bow,na,1,0,ws,0,0,0
216,24.66725241030869,3760739.07,87084.68645638826,44350988.28201502,2262.061889250814,2346.043549686952,216,5.5109919519999995,10.4826,8192,192x192,7,1.51595254,4.475,1024,128x128,7,1.304342696,2.51875,2048,96x96,7,3.5867297574793953,3.8395579270749995,2048,96x96,14,1.304342696,2.51875,2048,96x96,7,6.033899457366197,12.973514847541198,2048,192x192,10,2.5d,"{'from': 'Chiplet_6', 'to': 'Chiplet_3', 'connection_type': '2.5d_rdl', 'loc': '2.5d_chiplet'},{'from': 'Chiplet_6', 'to': 'Chiplet_1', 'connection_type': '2.5d_rdl', 'loc': '2.5d_chiplet'},{'from': 'Chiplet_6', 'to': 'Chiplet_2', 'connection_type': '2.5d_rdl', 'loc': '2.5d_chiplet'},{'from': 'Chiplet_2', 'to': 'Chiplet_3', 'connection_type': '2.5d_rdl', 'loc': '2.5d_chiplet'},{'from': 'Chiplet_2', 'to': 'Chiplet_5', 'connection_type': '2.5d_rdl', 'loc': '2.5d_chiplet'},{'from': 'Chiplet_2', 'to': 'Chiplet_6', 'connection_type': '2.5d_rdl', 'loc': '2.5d_chiplet'},{'from': 'Chiplet_3', 'to': 'Chiplet_4', 'connection_type': '2.5d_rdl', 'loc': '2.5d_chiplet'},{'from': 'Chiplet_3', 'to': 'Chiplet_5', 'connection_type': '2.5d_rdl', 'loc': '2.5d_chiplet'},{'from': 'Chiplet_3', 'to': 'Chiplet_2', 'connection_type': '2.5d_rdl', 'loc': '2.5d_chiplet'},{'from': 'Chiplet_3', 'to': 'Chiplet_6', 'connection_type': '2.5d_rdl', 'loc': '2.5d_chiplet'},{'from': 'Chiplet_5', 'to': 'Chiplet_4', 'connection_type': '2.5d_rdl', 'loc': '2.5d_chiplet'},{'from': 'Chiplet_5', 'to': 'Chiplet_3', 'connection_type': '2.5d_rdl', 'loc': '2.5d_chiplet'},{'from': 'Chiplet_5', 'to': 'Chiplet_2', 'connection_type': '2.5d_rdl', 'loc': '2.5d_chiplet'},{'from': 'Chiplet_1', 'to': 'Chiplet_4', 'connection_type': '2.5d_rdl', 'loc': '2.5d_chiplet'},{'from': 'Chiplet_1', 'to': 'Chiplet_6', 'connection_type': '2.5d_rdl', 'loc': '2.5d_chiplet'},{'from': 'Chiplet_4', 'to': 'Chiplet_3', 'connection_type': '2.5d_rdl', 'loc': '2.5d_chiplet'},{'from': 'Chiplet_4', 'to': 'Chiplet_5', 'connection_type': '2.5d_rdl', 'loc': '2.5d_chiplet'},{'from': 'Chiplet_4', 'to': 'Chiplet_1', 'connection_type': '2.5d_rdl', 'loc': '2.5d_chiplet'}",5,1,1,3,1,5,hbm3,ucie_std,na,1,0,os,0,0,0
217,11.523765218671219,2622106.66,61813.15087727926,43174445.07205537,43131.63572355379,20598.782459161386,217,2.597993382379395,3.8395579270749995,512,96x96,14,1.86237254,4.475,2048,128x128,7,2.972908090547913,5.538366334949999,2048,128x128,10,2.55521354,4.475,4096,128x128,7,0.638803,1.11875,1024,64x64,7,2.6264880905479133,5.538366334949999,1024,128x128,10,2.5d_3d,"{'from': 'Chiplet_1', 'to': 'Chiplet_4', 'connection_type': '3d_hyb_bond', 'loc': 'stack0_base'},{'from': 'Chiplet_4', 'to': 'Chiplet_5', 'connection_type': '3d_hyb_bond', 'loc': 'stack0_middle1'},{'from': 'Chiplet_5', 'to': 'na', 'connection_type': '3d_hyb_bond', 'loc': 'stack0_top'},{'from': 'Chiplet_3', 'to': 'Chiplet_2', 'connection_type': '2.5d_rdl', 'loc': '2.5d_chiplet'},{'from': 'Chiplet_3', 'to': 'Chiplet_6', 'connection_type': '2.5d_rdl', 'loc': '2.5d_chiplet'},{'from': 'Chiplet_2', 'to': 'Chiplet_3', 'connection_type': '2.5d_rdl', 'loc': '2.5d_chiplet'},{'from': 'Chiplet_2', 'to': 'Chiplet_1', 'connection_type': '2.5d_rdl', 'loc': '2.5d_chiplet'},{'from': 'Chiplet_6', 'to': 'Chiplet_3', 'connection_type': '2.5d_rdl', 'loc': '2.5d_chiplet'},{'from': 'Chiplet_6', 'to': 'Chiplet_1', 'connection_type': '2.5d_rdl', 'loc': '2.5d_chiplet'},{'from': 'Chiplet_1', 'to': 'Chiplet_2', 'connection_type': '2.5d_rdl', 'loc': '2.5d_chiplet'},{'from': 'Chiplet_1', 'to': 'Chiplet_6', 'connection_type': '2.5d_rdl', 'loc': '2.5d_chiplet'}",3,2,4,3,1,3,hbm2,ucie_std,ucie_3d,0,0,os,1,0,0
218,63.17678294405182,5876588.06,136153.95064817907,181076646.01068333,3243.954248366013,7272.450696542832,218,11.481175603606792,15.979573171754398,2048,192x192,14,0.829831759447044,1.3845915837374998,768,64x64,10,11.481175603606792,15.979573171754398,2048,192x192,14,8.112421457366196,12.973514847541198,8192,192x192,10,6.975099908490179,6.821646341899999,4096,128x128,14,6.726740457366197,12.973514847541198,4096,192x192,10,2.5d,"{'from': 'Chiplet_1', 'to': 'Chiplet_3', 'connection_type': '2.5d_rdl', 'loc': '2.5d_chiplet'},{'from': 'Chiplet_1', 'to': 'Chiplet_4', 'connection_type': '2.5d_rdl', 'loc': '2.5d_chiplet'},{'from': 'Chiplet_1', 'to': 'Chiplet_2', 'connection_type': '2.5d_rdl', 'loc': '2.5d_chiplet'},{'from': 'Chiplet_4', 'to': 'Chiplet_1', 'connection_type': '2.5d_rdl', 'loc': '2.5d_chiplet'},{'from': 'Chiplet_4', 'to': 'Chiplet_2', 'connection_type': '2.5d_rdl', 'loc': '2.5d_chiplet'},{'from': 'Chiplet_2', 'to': 'Chiplet_4', 'connection_type': '2.5d_rdl', 'loc': '2.5d_chiplet'},{'from': 'Chiplet_2', 'to': 'Chiplet_1', 'connection_type': '2.5d_rdl', 'loc': '2.5d_chiplet'},{'from': 'Chiplet_3', 'to': 'Chiplet_5', 'connection_type': '2.5d_rdl', 'loc': '2.5d_chiplet'},{'from': 'Chiplet_3', 'to': 'Chiplet_1', 'connection_type': '2.5d_rdl', 'loc': '2.5d_chiplet'},{'from': 'Chiplet_3', 'to': 'Chiplet_6', 'connection_type': '2.5d_rdl', 'loc': '2.5d_chiplet'},{'from': 'Chiplet_5', 'to': 'Chiplet_3', 'connection_type': '2.5d_rdl', 'loc': '2.5d_chiplet'},{'from': 'Chiplet_5', 'to': 'Chiplet_6', 'connection_type': '2.5d_rdl', 'loc': '2.5d_chiplet'},{'from': 'Chiplet_6', 'to': 'Chiplet_3', 'connection_type': '2.5d_rdl', 'loc': '2.5d_chiplet'},{'from': 'Chiplet_6', 'to': 'Chiplet_5', 'connection_type': '2.5d_rdl', 'loc': '2.5d_chiplet'}",2,1,2,1,1,1,ddr4,ucie_std,na,1,0,os,0,0,0
219,10.938654667017119,2071131.87,106034.88986986133,40443727.70230399,3424.4079584470464,2120.9736278841565,219,0.916436759447044,1.3845915837374998,1024,64x64,10,0.743226759447044,1.3845915837374998,512,64x64,10,3.3193280905479132,5.538366334949999,3072,128x128,10,0.656621759447044,1.3845915837374998,256,64x64,10,3.432469952,10.4826,2048,192x192,7,1.4141952089375351,1.7054115854749998,512,64x64,14,2.5d_3d,"{'from': 'Chiplet_5', 'to': 'Chiplet_6', 'connection_type': '3d_tsv', 'loc': 'stack0_base'},{'from': 'Chiplet_6', 'to': 'Chiplet_4', 'connection_type': '3d_tsv', 'loc': 'stack0_middle1'},{'from': 'Chiplet_4', 'to': 'na', 'connection_type': '3d_tsv', 'loc': 'stack0_top'},{'from': 'Chiplet_5', 'to': 'Chiplet_3', 'connection_type': '2.5d_emib', 'loc': '2.5d_chiplet'},{'from': 'Chiplet_5', 'to': 'Chiplet_2', 'connection_type': '2.5d_emib', 'loc': '2.5d_chiplet'},{'from': 'Chiplet_2', 'to': 'Chiplet_5', 'connection_type': '2.5d_emib', 'loc': '2.5d_chiplet'},{'from': 'Chiplet_2', 'to': 'Chiplet_1', 'connection_type': '2.5d_emib', 'loc': '2.5d_chiplet'},{'from': 'Chiplet_3', 'to': 'Chiplet_5', 'connection_type': '2.5d_emib', 'loc': '2.5d_chiplet'},{'from': 'Chiplet_3', 'to': 'Chiplet_1', 'connection_type': '2.5d_emib', 'loc': '2.5d_chiplet'},{'from': 'Chiplet_1', 'to': 'Chiplet_3', 'connection_type': '2.5d_emib', 'loc': '2.5d_chiplet'},{'from': 'Chiplet_1', 'to': 'Chiplet_2', 'connection_type': '2.5d_emib', 'loc': '2.5d_chiplet'}",2,1,5,1,5,2,hbm3,bow,ucie_3d,1,0,ws,0,0,0
220,18.304608792107402,2255179.35,159919.43614500656,106413485.68362513,8955.4492507517,6175.782597550801,220,1.131132696,2.51875,1536,96x96,7,8.112421457366196,12.973514847541198,8192,192x192,10,0.957922696,2.51875,1024,96x96,7,0.743226759447044,1.3845915837374998,512,64x64,10,1.3653681800824635,3.1172648505374996,512,96x96,10,1.8849981800824636,3.1172648505374996,2048,96x96,10,2.5d,"{'from': 'Chiplet_2', 'to': 'Chiplet_5', 'connection_type': '2.5d_emib', 'loc': '2.5d_chiplet'},{'from': 'Chiplet_2', 'to': 'Chiplet_6', 'connection_type': '2.5d_emib', 'loc': '2.5d_chiplet'},{'from': 'Chiplet_6', 'to': 'Chiplet_3', 'connection_type': '2.5d_emib', 'loc': '2.5d_chiplet'},{'from': 'Chiplet_6', 'to': 'Chiplet_5', 'connection_type': '2.5d_emib', 'loc': '2.5d_chiplet'},{'from': 'Chiplet_6', 'to': 'Chiplet_1', 'connection_type': '2.5d_emib', 'loc': '2.5d_chiplet'},{'from': 'Chiplet_6', 'to': 'Chiplet_2', 'connection_type': '2.5d_emib', 'loc': '2.5d_chiplet'},{'from': 'Chiplet_3', 'to': 'Chiplet_1', 'connection_type': '2.5d_emib', 'loc': '2.5d_chiplet'},{'from': 'Chiplet_3', 'to': 'Chiplet_6', 'connection_type': '2.5d_emib', 'loc': '2.5d_chiplet'},{'from': 'Chiplet_5', 'to': 'Chiplet_4', 'connection_type': '2.5d_emib', 'loc': '2.5d_chiplet'},{'from': 'Chiplet_5', 'to': 'Chiplet_1', 'connection_type': '2.5d_emib', 'loc': '2.5d_chiplet'},{'from': 'Chiplet_5', 'to': 'Chiplet_2', 'connection_type': '2.5d_emib', 'loc': '2.5d_chiplet'},{'from': 'Chiplet_5', 'to': 'Chiplet_6', 'connection_type': '2.5d_emib', 'loc': '2.5d_chiplet'},{'from': 'Chiplet_1', 'to': 'Chiplet_3', 'connection_type': '2.5d_emib', 'loc': '2.5d_chiplet'},{'from': 'Chiplet_1', 'to': 'Chiplet_5', 'connection_type': '2.5d_emib', 'loc': '2.5d_chiplet'},{'from': 'Chiplet_1', 'to': 'Chiplet_4', 'connection_type': '2.5d_emib', 'loc': '2.5d_chiplet'},{'from': 'Chiplet_1', 'to': 'Chiplet_6', 'connection_type': '2.5d_emib', 'loc': '2.5d_chiplet'},{'from': 'Chiplet_4', 'to': 'Chiplet_5', 'connection_type': '2.5d_emib', 'loc': '2.5d_chiplet'},{'from': 'Chiplet_4', 'to': 'Chiplet_1', 'connection_type': '2.5d_emib', 'loc': '2.5d_chiplet'}",1,3,1,1,1,1,ddr5,bow,na,1,0,os,1,0,0
221,35.23628413760706,3586916.57,168329.46150338245,62779391.55877142,10767.427757427757,6837.0762410893485,221,1.4141952089375351,1.7054115854749998,512,64x64,14,4.9976252555201786,6.821646341899999,1024,128x128,14,15.436124909546791,15.979573171754398,8192,192x192,14,1.4141952089375351,1.7054115854749998,512,64x64,14,0.656621759447044,1.3845915837374998,256,64x64,10,0.46559300000000003,1.11875,512,64x64,7,2.5d,"{'from': 'Chiplet_3', 'to': 'Chiplet_5', 'connection_type': '2.5d_emib', 'loc': '2.5d_chiplet'},{'from': 'Chiplet_3', 'to': 'Chiplet_1', 'connection_type': '2.5d_emib', 'loc': '2.5d_chiplet'},{'from': 'Chiplet_3', 'to': 'Chiplet_2', 'connection_type': '2.5d_emib', 'loc': '2.5d_chiplet'},{'from': 'Chiplet_2', 'to': 'Chiplet_3', 'connection_type': '2.5d_emib', 'loc': '2.5d_chiplet'},{'from': 'Chiplet_2', 'to': 'Chiplet_4', 'connection_type': '2.5d_emib', 'loc': '2.5d_chiplet'},{'from': 'Chiplet_2', 'to': 'Chiplet_1', 'connection_type': '2.5d_emib', 'loc': '2.5d_chiplet'},{'from': 'Chiplet_1', 'to': 'Chiplet_3', 'connection_type': '2.5d_emib', 'loc': '2.5d_chiplet'},{'from': 'Chiplet_1', 'to': 'Chiplet_5', 'connection_type': '2.5d_emib', 'loc': '2.5d_chiplet'},{'from': 'Chiplet_1', 'to': 'Chiplet_4', 'connection_type': '2.5d_emib', 'loc': '2.5d_chiplet'},{'from': 'Chiplet_1', 'to': 'Chiplet_2', 'connection_type': '2.5d_emib', 'loc': '2.5d_chiplet'},{'from': 'Chiplet_5', 'to': 'Chiplet_3', 'connection_type': '2.5d_emib', 'loc': '2.5d_chiplet'},{'from': 'Chiplet_5', 'to': 'Chiplet_1', 'connection_type': '2.5d_emib', 'loc': '2.5d_chiplet'},{'from': 'Chiplet_5', 'to': 'Chiplet_6', 'connection_type': '2.5d_emib', 'loc': '2.5d_chiplet'},{'from': 'Chiplet_4', 'to': 'Chiplet_1', 'connection_type': '2.5d_emib', 'loc': '2.5d_chiplet'},{'from': 'Chiplet_4', 'to': 'Chiplet_2', 'connection_type': '2.5d_emib', 'loc': '2.5d_chiplet'},{'from': 'Chiplet_4', 'to': 'Chiplet_6', 'connection_type': '2.5d_emib', 'loc': '2.5d_chiplet'},{'from': 'Chiplet_6', 'to': 'Chiplet_4', 'connection_type': '2.5d_emib', 'loc': '2.5d_chiplet'},{'from': 'Chiplet_6', 'to': 'Chiplet_5', 'connection_type': '2.5d_emib', 'loc': '2.5d_chiplet'}",1,3,9,1,1,1,hbm3,aib,na,1,0,is,0,0,0
222,22.031393386659786,3613328.88,146602.5337071206,53376156.50315814,3604.9549549549547,3256.774968940754,222,3.3193280905479132,5.538366334949999,3072,128x128,10,0.784712696,2.51875,512,96x96,7,1.249405813087535,1.7054115854749998,256,64x64,14,4.1253109519999995,10.4826,4096,192x192,7,6.033899457366197,12.973514847541198,2048,192x192,10,0.638803,1.11875,1024,64x64,7,2.5d_3d,"{'from': 'Chiplet_4', 'to': 'Chiplet_2', 'connection_type': '3d_u_bump', 'loc': 'stack0_base'},{'from': 'Chiplet_2', 'to': 'na', 'connection_type': '3d_u_bump', 'loc': 'stack0_top'},{'from': 'Chiplet_5', 'to': 'Chiplet_4', 'connection_type': '2.5d_emib', 'loc': '2.5d_chiplet'},{'from': 'Chiplet_5', 'to': 'Chiplet_1', 'connection_type': '2.5d_emib', 'loc': '2.5d_chiplet'},{'from': 'Chiplet_5', 'to': 'Chiplet_3', 'connection_type': '2.5d_emib', 'loc': '2.5d_chiplet'},{'from': 'Chiplet_5', 'to': 'Chiplet_6', 'connection_type': '2.5d_emib', 'loc': '2.5d_chiplet'},{'from': 'Chiplet_3', 'to': 'Chiplet_5', 'connection_type': '2.5d_emib', 'loc': '2.5d_chiplet'},{'from': 'Chiplet_3', 'to': 'Chiplet_6', 'connection_type': '2.5d_emib', 'loc': '2.5d_chiplet'},{'from': 'Chiplet_6', 'to': 'Chiplet_3', 'connection_type': '2.5d_emib', 'loc': '2.5d_chiplet'},{'from': 'Chiplet_6', 'to': 'Chiplet_5', 'connection_type': '2.5d_emib', 'loc': '2.5d_chiplet'},{'from': 'Chiplet_4', 'to': 'Chiplet_5', 'connection_type': '2.5d_emib', 'loc': '2.5d_chiplet'},{'from': 'Chiplet_4', 'to': 'Chiplet_1', 'connection_type': '2.5d_emib', 'loc': '2.5d_chiplet'},{'from': 'Chiplet_1', 'to': 'Chiplet_4', 'connection_type': '2.5d_emib', 'loc': '2.5d_chiplet'},{'from': 'Chiplet_1', 'to': 'Chiplet_5', 'connection_type': '2.5d_emib', 'loc': '2.5d_chiplet'}",3,1,1,4,6,1,hbm2,ucie_adv,ucie_3d,1,0,ws,0,0,0
223,20.203303485167165,2386322.65,154467.10958552864,38782796.16776515,25886.178874449855,9440.626265302064,223,1.578984604787535,1.7054115854749998,768,64x64,14,0.378988,1.11875,256,64x64,7,6.975099908490179,6.821646341899999,4096,128x128,14,0.784712696,2.51875,512,96x96,7,1.743774000637535,1.7054115854749998,1024,64x64,14,2.55521354,4.475,4096,128x128,7,2.5d,"{'from': 'Chiplet_3', 'to': 'Chiplet_5', 'connection_type': '2.5d_emib', 'loc': '2.5d_chiplet'},{'from': 'Chiplet_3', 'to': 'Chiplet_6', 'connection_type': '2.5d_emib', 'loc': '2.5d_chiplet'},{'from': 'Chiplet_6', 'to': 'Chiplet_3', 'connection_type': '2.5d_emib', 'loc': '2.5d_chiplet'},{'from': 'Chiplet_6', 'to': 'Chiplet_5', 'connection_type': '2.5d_emib', 'loc': '2.5d_chiplet'},{'from': 'Chiplet_6', 'to': 'Chiplet_4', 'connection_type': '2.5d_emib', 'loc': '2.5d_chiplet'},{'from': 'Chiplet_6', 'to': 'Chiplet_1', 'connection_type': '2.5d_emib', 'loc': '2.5d_chiplet'},{'from': 'Chiplet_4', 'to': 'Chiplet_1', 'connection_type': '2.5d_emib', 'loc': '2.5d_chiplet'},{'from': 'Chiplet_4', 'to': 'Chiplet_6', 'connection_type': '2.5d_emib', 'loc': '2.5d_chiplet'},{'from': 'Chiplet_5', 'to': 'Chiplet_3', 'connection_type': '2.5d_emib', 'loc': '2.5d_chiplet'},{'from': 'Chiplet_5', 'to': 'Chiplet_1', 'connection_type': '2.5d_emib', 'loc': '2.5d_chiplet'},{'from': 'Chiplet_5', 'to': 'Chiplet_2', 'connection_type': '2.5d_emib', 'loc': '2.5d_chiplet'},{'from': 'Chiplet_5', 'to': 'Chiplet_6', 'connection_type': '2.5d_emib', 'loc': '2.5d_chiplet'},{'from': 'Chiplet_1', 'to': 'Chiplet_4', 'connection_type': '2.5d_emib', 'loc': '2.5d_chiplet'},{'from': 'Chiplet_1', 'to': 'Chiplet_5', 'connection_type': '2.5d_emib', 'loc': '2.5d_chiplet'},{'from': 'Chiplet_1', 'to': 'Chiplet_2', 'connection_type': '2.5d_emib', 'loc': '2.5d_chiplet'},{'from': 'Chiplet_1', 'to': 'Chiplet_6', 'connection_type': '2.5d_emib', 'loc': '2.5d_chiplet'},{'from': 'Chiplet_2', 'to': 'Chiplet_5', 'connection_type': '2.5d_emib', 'loc': '2.5d_chiplet'},{'from': 'Chiplet_2', 'to': 'Chiplet_1', 'connection_type': '2.5d_emib', 'loc': '2.5d_chiplet'}",1,1,8,1,2,3,hbm3,aib,na,1,0,is,1,0,0
224,58.039169851437755,5914097.44,197525.08055868142,69291895.38705355,3010.8333333333335,3707.375262338645,224,1.578984604787535,1.7054115854749998,768,64x64,14,14.117807839976791,15.979573171754398,6144,192x192,14,0.378988,1.11875,256,64x64,7,1.4141952089375351,1.7054115854749998,512,64x64,14,5.5109919519999995,10.4826,8192,192x192,7,6.726740457366197,12.973514847541198,4096,192x192,10,2.5d,"{'from': 'Chiplet_2', 'to': 'Chiplet_3', 'connection_type': '2.5d_emib', 'loc': '2.5d_chiplet'},{'from': 'Chiplet_2', 'to': 'Chiplet_6', 'connection_type': '2.5d_emib', 'loc': '2.5d_chiplet'},{'from': 'Chiplet_3', 'to': 'Chiplet_2', 'connection_type': '2.5d_emib', 'loc': '2.5d_chiplet'},{'from': 'Chiplet_3', 'to': 'Chiplet_6', 'connection_type': '2.5d_emib', 'loc': '2.5d_chiplet'},{'from': 'Chiplet_6', 'to': 'Chiplet_3', 'connection_type': '2.5d_emib', 'loc': '2.5d_chiplet'},{'from': 'Chiplet_6', 'to': 'Chiplet_4', 'connection_type': '2.5d_emib', 'loc': '2.5d_chiplet'},{'from': 'Chiplet_6', 'to': 'Chiplet_1', 'connection_type': '2.5d_emib', 'loc': '2.5d_chiplet'},{'from': 'Chiplet_6', 'to': 'Chiplet_2', 'connection_type': '2.5d_emib', 'loc': '2.5d_chiplet'},{'from': 'Chiplet_6', 'to': 'Chiplet_5', 'connection_type': '2.5d_emib', 'loc': '2.5d_chiplet'},{'from': 'Chiplet_4', 'to': 'Chiplet_1', 'connection_type': '2.5d_emib', 'loc': '2.5d_chiplet'},{'from': 'Chiplet_4', 'to': 'Chiplet_6', 'connection_type': '2.5d_emib', 'loc': '2.5d_chiplet'},{'from': 'Chiplet_5', 'to': 'Chiplet_1', 'connection_type': '2.5d_emib', 'loc': '2.5d_chiplet'},{'from': 'Chiplet_5', 'to': 'Chiplet_6', 'connection_type': '2.5d_emib', 'loc': '2.5d_chiplet'},{'from': 'Chiplet_1', 'to': 'Chiplet_4', 'connection_type': '2.5d_emib', 'loc': '2.5d_chiplet'},{'from': 'Chiplet_1', 'to': 'Chiplet_5', 'connection_type': '2.5d_emib', 'loc': '2.5d_chiplet'},{'from': 'Chiplet_1', 'to': 'Chiplet_6', 'connection_type': '2.5d_emib', 'loc': '2.5d_chiplet'}",1,7,1,1,3,3,hbm2,ucie_adv,na,0,0,ws,0,0,0
225,49.11178523716408,5399072.76,112013.0078465231,47492009.405563496,6585.598581556014,7405.808723503825,225,6.033899457366197,12.973514847541198,2048,192x192,10,14.117807839976791,15.979573171754398,6144,192x192,14,0.656621759447044,1.3845915837374998,256,64x64,10,3.2571509657793953,3.8395579270749995,1536,96x96,14,6.726740457366197,12.973514847541198,4096,192x192,10,4.9976252555201786,6.821646341899999,1024,128x128,14,2.5d,"{'from': 'Chiplet_2', 'to': 'Chiplet_4', 'connection_type': '2.5d_rdl', 'loc': '2.5d_chiplet'},{'from': 'Chiplet_2', 'to': 'Chiplet_5', 'connection_type': '2.5d_rdl', 'loc': '2.5d_chiplet'},{'from': 'Chiplet_2', 'to': 'Chiplet_1', 'connection_type': '2.5d_rdl', 'loc': '2.5d_chiplet'},{'from': 'Chiplet_2', 'to': 'Chiplet_3', 'connection_type': '2.5d_rdl', 'loc': '2.5d_chiplet'},{'from': 'Chiplet_4', 'to': 'Chiplet_3', 'connection_type': '2.5d_rdl', 'loc': '2.5d_chiplet'},{'from': 'Chiplet_4', 'to': 'Chiplet_2', 'connection_type': '2.5d_rdl', 'loc': '2.5d_chiplet'},{'from': 'Chiplet_3', 'to': 'Chiplet_4', 'connection_type': '2.5d_rdl', 'loc': '2.5d_chiplet'},{'from': 'Chiplet_3', 'to': 'Chiplet_2', 'connection_type': '2.5d_rdl', 'loc': '2.5d_chiplet'},{'from': 'Chiplet_5', 'to': 'Chiplet_1', 'connection_type': '2.5d_rdl', 'loc': '2.5d_chiplet'},{'from': 'Chiplet_5', 'to': 'Chiplet_2', 'connection_type': '2.5d_rdl', 'loc': '2.5d_chiplet'},{'from': 'Chiplet_5', 'to': 'Chiplet_6', 'connection_type': '2.5d_rdl', 'loc': '2.5d_chiplet'},{'from': 'Chiplet_1', 'to': 'Chiplet_5', 'connection_type': '2.5d_rdl', 'loc': '2.5d_chiplet'},{'from': 'Chiplet_1', 'to': 'Chiplet_2', 'connection_type': '2.5d_rdl', 'loc': '2.5d_chiplet'},{'from': 'Chiplet_1', 'to': 'Chiplet_6', 'connection_type': '2.5d_rdl', 'loc': '2.5d_chiplet'},{'from': 'Chiplet_6', 'to': 'Chiplet_5', 'connection_type': '2.5d_rdl', 'loc': '2.5d_chiplet'},{'from': 'Chiplet_6', 'to': 'Chiplet_1', 'connection_type': '2.5d_rdl', 'loc': '2.5d_chiplet'}",3,6,1,1,3,2,hbm3,ucie_std,na,1,0,os,1,0,0
226,50.435697932168324,7006703.79,189695.69341158803,58931207.69581612,2570.8333333333335,3941.088909914752,226,0.784712696,2.51875,512,96x96,7,2.20879254,4.475,3072,128x128,7,2.972908090547913,5.538366334949999,2048,128x128,10,11.481175603606792,15.979573171754398,2048,192x192,14,11.481175603606792,15.979573171754398,2048,192x192,14,12.799492673176792,15.979573171754398,4096,192x192,14,2.5d_3d,"{'from': 'Chiplet_4', 'to': 'Chiplet_2', 'connection_type': '3d_hyb_bond', 'loc': 'stack0_base'},{'from': 'Chiplet_2', 'to': 'na', 'connection_type': '3d_hyb_bond', 'loc': 'stack0_top'},{'from': 'Chiplet_6', 'to': 'Chiplet_4', 'connection_type': '2.5d_emib', 'loc': '2.5d_chiplet'},{'from': 'Chiplet_6', 'to': 'Chiplet_5', 'connection_type': '2.5d_emib', 'loc': '2.5d_chiplet'},{'from': 'Chiplet_6', 'to': 'Chiplet_1', 'connection_type': '2.5d_emib', 'loc': '2.5d_chiplet'},{'from': 'Chiplet_6', 'to': 'Chiplet_3', 'connection_type': '2.5d_emib', 'loc': '2.5d_chiplet'},{'from': 'Chiplet_3', 'to': 'Chiplet_1', 'connection_type': '2.5d_emib', 'loc': '2.5d_chiplet'},{'from': 'Chiplet_3', 'to': 'Chiplet_6', 'connection_type': '2.5d_emib', 'loc': '2.5d_chiplet'},{'from': 'Chiplet_1', 'to': 'Chiplet_3', 'connection_type': '2.5d_emib', 'loc': '2.5d_chiplet'},{'from': 'Chiplet_1', 'to': 'Chiplet_6', 'connection_type': '2.5d_emib', 'loc': '2.5d_chiplet'},{'from': 'Chiplet_4', 'to': 'Chiplet_5', 'connection_type': '2.5d_emib', 'loc': '2.5d_chiplet'},{'from': 'Chiplet_4', 'to': 'Chiplet_6', 'connection_type': '2.5d_emib', 'loc': '2.5d_chiplet'},{'from': 'Chiplet_5', 'to': 'Chiplet_4', 'connection_type': '2.5d_emib', 'loc': '2.5d_chiplet'},{'from': 'Chiplet_5', 'to': 'Chiplet_6', 'connection_type': '2.5d_emib', 'loc': '2.5d_chiplet'}",1,1,1,4,4,5,hbm2,bow,ucie_3d,1,0,os,0,0,0
227,28.591721206072755,2973792.57,172513.53717227935,131774269.30822523,11715.078042272875,9166.027913659653,227,0.957922696,2.51875,1024,96x96,7,14.117807839976791,15.979573171754398,6144,192x192,14,1.7117881800824635,3.1172648505374996,1536,96x96,10,2.597993382379395,3.8395579270749995,512,96x96,14,0.743226759447044,1.3845915837374998,512,64x64,10,2.20879254,4.475,3072,128x128,7,2.5d,"{'from': 'Chiplet_2', 'to': 'Chiplet_4', 'connection_type': '2.5d_emib', 'loc': '2.5d_chiplet'},{'from': 'Chiplet_2', 'to': 'Chiplet_6', 'connection_type': '2.5d_emib', 'loc': '2.5d_chiplet'},{'from': 'Chiplet_4', 'to': 'Chiplet_5', 'connection_type': '2.5d_emib', 'loc': '2.5d_chiplet'},{'from': 'Chiplet_4', 'to': 'Chiplet_1', 'connection_type': '2.5d_emib', 'loc': '2.5d_chiplet'},{'from': 'Chiplet_4', 'to': 'Chiplet_2', 'connection_type': '2.5d_emib', 'loc': '2.5d_chiplet'},{'from': 'Chiplet_4', 'to': 'Chiplet_6', 'connection_type': '2.5d_emib', 'loc': '2.5d_chiplet'},{'from': 'Chiplet_1', 'to': 'Chiplet_4', 'connection_type': '2.5d_emib', 'loc': '2.5d_chiplet'},{'from': 'Chiplet_1', 'to': 'Chiplet_5', 'connection_type': '2.5d_emib', 'loc': '2.5d_chiplet'},{'from': 'Chiplet_5', 'to': 'Chiplet_4', 'connection_type': '2.5d_emib', 'loc': '2.5d_chiplet'},{'from': 'Chiplet_5', 'to': 'Chiplet_1', 'connection_type': '2.5d_emib', 'loc': '2.5d_chiplet'},{'from': 'Chiplet_5', 'to': 'Chiplet_3', 'connection_type': '2.5d_emib', 'loc': '2.5d_chiplet'},{'from': 'Chiplet_6', 'to': 'Chiplet_3', 'connection_type': '2.5d_emib', 'loc': '2.5d_chiplet'},{'from': 'Chiplet_6', 'to': 'Chiplet_4', 'connection_type': '2.5d_emib', 'loc': '2.5d_chiplet'},{'from': 'Chiplet_6', 'to': 'Chiplet_2', 'connection_type': '2.5d_emib', 'loc': '2.5d_chiplet'},{'from': 'Chiplet_3', 'to': 'Chiplet_5', 'connection_type': '2.5d_emib', 'loc': '2.5d_chiplet'},{'from': 'Chiplet_3', 'to': 'Chiplet_6', 'connection_type': '2.5d_emib', 'loc': '2.5d_chiplet'}",1,3,1,1,1,1,ddr4,bow,na,0,0,ws,1,0,0
228,54.59114297504251,6119792.29,123631.0466268387,55597027.29408608,7069.378900336334,7959.793500781091,228,14.117807839976791,15.979573171754398,6144,192x192,14,1.131132696,2.51875,1536,96x96,7,2.20879254,4.475,3072,128x128,7,1.86237254,4.475,2048,128x128,7,8.112421457366196,12.973514847541198,8192,192x192,10,6.726740457366197,12.973514847541198,4096,192x192,10,2.5d,"{'from': 'Chiplet_1', 'to': 'Chiplet_3', 'connection_type': '2.5d_rdl', 'loc': '2.5d_chiplet'},{'from': 'Chiplet_1', 'to': 'Chiplet_5', 'connection_type': '2.5d_rdl', 'loc': '2.5d_chiplet'},{'from': 'Chiplet_1', 'to': 'Chiplet_2', 'connection_type': '2.5d_rdl', 'loc': '2.5d_chiplet'},{'from': 'Chiplet_1', 'to': 'Chiplet_6', 'connection_type': '2.5d_rdl', 'loc': '2.5d_chiplet'},{'from': 'Chiplet_3', 'to': 'Chiplet_1', 'connection_type': '2.5d_rdl', 'loc': '2.5d_chiplet'},{'from': 'Chiplet_3', 'to': 'Chiplet_2', 'connection_type': '2.5d_rdl', 'loc': '2.5d_chiplet'},{'from': 'Chiplet_2', 'to': 'Chiplet_3', 'connection_type': '2.5d_rdl', 'loc': '2.5d_chiplet'},{'from': 'Chiplet_2', 'to': 'Chiplet_1', 'connection_type': '2.5d_rdl', 'loc': '2.5d_chiplet'},{'from': 'Chiplet_5', 'to': 'Chiplet_4', 'connection_type': '2.5d_rdl', 'loc': '2.5d_chiplet'},{'from': 'Chiplet_5', 'to': 'Chiplet_1', 'connection_type': '2.5d_rdl', 'loc': '2.5d_chiplet'},{'from': 'Chiplet_5', 'to': 'Chiplet_6', 'connection_type': '2.5d_rdl', 'loc': '2.5d_chiplet'},{'from': 'Chiplet_6', 'to': 'Chiplet_4', 'connection_type': '2.5d_rdl', 'loc': '2.5d_chiplet'},{'from': 'Chiplet_6', 'to': 'Chiplet_5', 'connection_type': '2.5d_rdl', 'loc': '2.5d_chiplet'},{'from': 'Chiplet_6', 'to': 'Chiplet_1', 'connection_type': '2.5d_rdl', 'loc': '2.5d_chiplet'},{'from': 'Chiplet_4', 'to': 'Chiplet_5', 'connection_type': '2.5d_rdl', 'loc': '2.5d_chiplet'},{'from': 'Chiplet_4', 'to': 'Chiplet_6', 'connection_type': '2.5d_rdl', 'loc': '2.5d_chiplet'}",6,1,1,1,4,3,hbm3,ucie_std,na,0,0,ws,1,0,0
229,33.55808068554833,4045536.61,143391.38689351137,105237080.06511647,10321.193707772978,8277.37238329012,229,0.638803,1.11875,1024,64x64,7,0.957922696,2.51875,1024,96x96,7,15.436124909546791,15.979573171754398,8192,192x192,14,1.131132696,2.51875,1536,96x96,7,2.55521354,4.475,4096,128x128,7,4.9976252555201786,6.821646341899999,1024,128x128,14,2.5d_3d,"{'from': 'Chiplet_6', 'to': 'Chiplet_2', 'connection_type': '3d_hyb_bond', 'loc': 'stack0_base'},{'from': 'Chiplet_2', 'to': 'Chiplet_1', 'connection_type': '3d_hyb_bond', 'loc': 'stack0_middle1'},{'from': 'Chiplet_1', 'to': 'na', 'connection_type': '3d_hyb_bond', 'loc': 'stack0_top'},{'from': 'Chiplet_3', 'to': 'Chiplet_5', 'connection_type': '2.5d_emib', 'loc': '2.5d_chiplet'},{'from': 'Chiplet_3', 'to': 'Chiplet_6', 'connection_type': '2.5d_emib', 'loc': '2.5d_chiplet'},{'from': 'Chiplet_6', 'to': 'Chiplet_3', 'connection_type': '2.5d_emib', 'loc': '2.5d_chiplet'},{'from': 'Chiplet_6', 'to': 'Chiplet_5', 'connection_type': '2.5d_emib', 'loc': '2.5d_chiplet'},{'from': 'Chiplet_6', 'to': 'Chiplet_4', 'connection_type': '2.5d_emib', 'loc': '2.5d_chiplet'},{'from': 'Chiplet_5', 'to': 'Chiplet_3', 'connection_type': '2.5d_emib', 'loc': '2.5d_chiplet'},{'from': 'Chiplet_5', 'to': 'Chiplet_4', 'connection_type': '2.5d_emib', 'loc': '2.5d_chiplet'},{'from': 'Chiplet_5', 'to': 'Chiplet_6', 'connection_type': '2.5d_emib', 'loc': '2.5d_chiplet'},{'from': 'Chiplet_4', 'to': 'Chiplet_5', 'connection_type': '2.5d_emib', 'loc': '2.5d_chiplet'},{'from': 'Chiplet_4', 'to': 'Chiplet_6', 'connection_type': '2.5d_emib', 'loc': '2.5d_chiplet'}",1,1,3,1,1,1,ddr5,aib,ucie_3d,0,0,is,1,0,0
230,17.404194882334096,2863716.87,61911.780883043015,51553663.24285944,4168.918918918919,3115.12362010521,230,3.665749090547913,5.538366334949999,4096,128x128,10,1.743774000637535,1.7054115854749998,1024,64x64,14,1.4141952089375351,1.7054115854749998,512,64x64,14,2.927572174079395,3.8395579270749995,1024,96x96,14,6.033899457366197,12.973514847541198,2048,192x192,10,1.131132696,2.51875,1536,96x96,7,2.5d_3d,"{'from': 'Chiplet_2', 'to': 'Chiplet_3', 'connection_type': '3d_u_bump', 'loc': 'stack0_base'},{'from': 'Chiplet_3', 'to': 'Chiplet_6', 'connection_type': '3d_u_bump', 'loc': 'stack0_middle1'},{'from': 'Chiplet_6', 'to': 'na', 'connection_type': '3d_u_bump', 'loc': 'stack0_top'},{'from': 'Chiplet_5', 'to': 'Chiplet_4', 'connection_type': '2.5d_rdl', 'loc': '2.5d_chiplet'},{'from': 'Chiplet_5', 'to': 'Chiplet_1', 'connection_type': '2.5d_rdl', 'loc': '2.5d_chiplet'},{'from': 'Chiplet_5', 'to': 'Chiplet_2', 'connection_type': '2.5d_rdl', 'loc': '2.5d_chiplet'},{'from': 'Chiplet_2', 'to': 'Chiplet_4', 'connection_type': '2.5d_rdl', 'loc': '2.5d_chiplet'},{'from': 'Chiplet_2', 'to': 'Chiplet_5', 'connection_type': '2.5d_rdl', 'loc': '2.5d_chiplet'},{'from': 'Chiplet_1', 'to': 'Chiplet_4', 'connection_type': '2.5d_rdl', 'loc': '2.5d_chiplet'},{'from': 'Chiplet_1', 'to': 'Chiplet_5', 'connection_type': '2.5d_rdl', 'loc': '2.5d_chiplet'},{'from': 'Chiplet_4', 'to': 'Chiplet_5', 'connection_type': '2.5d_rdl', 'loc': '2.5d_chiplet'},{'from': 'Chiplet_4', 'to': 'Chiplet_1', 'connection_type': '2.5d_rdl', 'loc': '2.5d_chiplet'},{'from': 'Chiplet_4', 'to': 'Chiplet_2', 'connection_type': '2.5d_rdl', 'loc': '2.5d_chiplet'}",3,2,1,3,6,1,hbm2,ucie_std,ucie_3d,0,0,os,0,0,0
231,22.7930675628431,2721700.6,140153.740942754,98086760.58183303,15830.953283975097,9541.940784113953,231,2.55521354,4.475,4096,128x128,7,0.378988,1.11875,256,64x64,7,1.131132696,2.51875,1536,96x96,7,11.481175603606792,15.979573171754398,2048,192x192,14,0.916436759447044,1.3845915837374998,1024,64x64,10,0.378988,1.11875,256,64x64,7,2.5d_3d,"{'from': 'Chiplet_5', 'to': 'Chiplet_2', 'connection_type': '3d_u_bump', 'loc': 'stack0_base'},{'from': 'Chiplet_2', 'to': 'na', 'connection_type': '3d_u_bump', 'loc': 'stack0_top'},{'from': 'Chiplet_4', 'to': 'Chiplet_3', 'connection_type': '2.5d_emib', 'loc': '2.5d_chiplet'},{'from': 'Chiplet_4', 'to': 'Chiplet_1', 'connection_type': '2.5d_emib', 'loc': '2.5d_chiplet'},{'from': 'Chiplet_1', 'to': 'Chiplet_4', 'connection_type': '2.5d_emib', 'loc': '2.5d_chiplet'},{'from': 'Chiplet_1', 'to': 'Chiplet_5', 'connection_type': '2.5d_emib', 'loc': '2.5d_chiplet'},{'from': 'Chiplet_1', 'to': 'Chiplet_3', 'connection_type': '2.5d_emib', 'loc': '2.5d_chiplet'},{'from': 'Chiplet_3', 'to': 'Chiplet_4', 'connection_type': '2.5d_emib', 'loc': '2.5d_chiplet'},{'from': 'Chiplet_3', 'to': 'Chiplet_5', 'connection_type': '2.5d_emib', 'loc': '2.5d_chiplet'},{'from': 'Chiplet_3', 'to': 'Chiplet_1', 'connection_type': '2.5d_emib', 'loc': '2.5d_chiplet'},{'from': 'Chiplet_3', 'to': 'Chiplet_6', 'connection_type': '2.5d_emib', 'loc': '2.5d_chiplet'},{'from': 'Chiplet_5', 'to': 'Chiplet_3', 'connection_type': '2.5d_emib', 'loc': '2.5d_chiplet'},{'from': 'Chiplet_5', 'to': 'Chiplet_1', 'connection_type': '2.5d_emib', 'loc': '2.5d_chiplet'},{'from': 'Chiplet_5', 'to': 'Chiplet_6', 'connection_type': '2.5d_emib', 'loc': '2.5d_chiplet'},{'from': 'Chiplet_6', 'to': 'Chiplet_3', 'connection_type': '2.5d_emib', 'loc': '2.5d_chiplet'},{'from': 'Chiplet_6', 'to': 'Chiplet_5', 'connection_type': '2.5d_emib', 'loc': '2.5d_chiplet'}",1,1,1,3,1,1,ddr5,bow,ucie_3d,1,0,is,1,0,0
232,36.725039684726234,5035242.56,109675.60834901553,54514126.3089022,3402.7863368254248,3670.9382787471523,232,4.818150952,10.4826,6144,192x192,7,6.975099908490179,6.821646341899999,4096,128x128,14,5.5109919519999995,10.4826,8192,192x192,7,1.304342696,2.51875,2048,96x96,7,5.656782838920179,6.821646341899999,2048,128x128,14,3.3193280905479132,5.538366334949999,3072,128x128,10,2.5d,"{'from': 'Chiplet_2', 'to': 'Chiplet_3', 'connection_type': '2.5d_rdl', 'loc': '2.5d_chiplet'},{'from': 'Chiplet_2', 'to': 'Chiplet_5', 'connection_type': '2.5d_rdl', 'loc': '2.5d_chiplet'},{'from': 'Chiplet_2', 'to': 'Chiplet_4', 'connection_type': '2.5d_rdl', 'loc': '2.5d_chiplet'},{'from': 'Chiplet_2', 'to': 'Chiplet_1', 'connection_type': '2.5d_rdl', 'loc': '2.5d_chiplet'},{'from': 'Chiplet_1', 'to': 'Chiplet_4', 'connection_type': '2.5d_rdl', 'loc': '2.5d_chiplet'},{'from': 'Chiplet_1', 'to': 'Chiplet_2', 'connection_type': '2.5d_rdl', 'loc': '2.5d_chiplet'},{'from': 'Chiplet_4', 'to': 'Chiplet_1', 'connection_type': '2.5d_rdl', 'loc': '2.5d_chiplet'},{'from': 'Chiplet_4', 'to': 'Chiplet_2', 'connection_type': '2.5d_rdl', 'loc': '2.5d_chiplet'},{'from': 'Chiplet_5', 'to': 'Chiplet_3', 'connection_type': '2.5d_rdl', 'loc': '2.5d_chiplet'},{'from': 'Chiplet_5', 'to': 'Chiplet_2', 'connection_type': '2.5d_rdl', 'loc': '2.5d_chiplet'},{'from': 'Chiplet_5', 'to': 'Chiplet_6', 'connection_type': '2.5d_rdl', 'loc': '2.5d_chiplet'},{'from': 'Chiplet_3', 'to': 'Chiplet_5', 'connection_type': '2.5d_rdl', 'loc': '2.5d_chiplet'},{'from': 'Chiplet_3', 'to': 'Chiplet_2', 'connection_type': '2.5d_rdl', 'loc': '2.5d_chiplet'},{'from': 'Chiplet_3', 'to': 'Chiplet_6', 'connection_type': '2.5d_rdl', 'loc': '2.5d_chiplet'},{'from': 'Chiplet_6', 'to': 'Chiplet_3', 'connection_type': '2.5d_rdl', 'loc': '2.5d_chiplet'},{'from': 'Chiplet_6', 'to': 'Chiplet_5', 'connection_type': '2.5d_rdl', 'loc': '2.5d_chiplet'}",3,4,3,1,3,2,hbm3,ucie_std,na,0,0,is,0,0,0
233,27.93939866364656,3007365.48,173446.44920679164,132807391.1009719,3725.8429439211195,4629.736785245348,233,2.55521354,4.475,4096,128x128,7,1.3653681800824635,3.1172648505374996,512,96x96,10,3.665749090547913,5.538366334949999,4096,128x128,10,1.249405813087535,1.7054115854749998,256,64x64,14,0.46559300000000003,1.11875,512,64x64,7,12.799492673176792,15.979573171754398,4096,192x192,14,2.5d,"{'from': 'Chiplet_6', 'to': 'Chiplet_3', 'connection_type': '2.5d_emib', 'loc': '2.5d_chiplet'},{'from': 'Chiplet_6', 'to': 'Chiplet_1', 'connection_type': '2.5d_emib', 'loc': '2.5d_chiplet'},{'from': 'Chiplet_3', 'to': 'Chiplet_4', 'connection_type': '2.5d_emib', 'loc': '2.5d_chiplet'},{'from': 'Chiplet_3', 'to': 'Chiplet_1', 'connection_type': '2.5d_emib', 'loc': '2.5d_chiplet'},{'from': 'Chiplet_3', 'to': 'Chiplet_2', 'connection_type': '2.5d_emib', 'loc': '2.5d_chiplet'},{'from': 'Chiplet_3', 'to': 'Chiplet_6', 'connection_type': '2.5d_emib', 'loc': '2.5d_chiplet'},{'from': 'Chiplet_4', 'to': 'Chiplet_3', 'connection_type': '2.5d_emib', 'loc': '2.5d_chiplet'},{'from': 'Chiplet_4', 'to': 'Chiplet_2', 'connection_type': '2.5d_emib', 'loc': '2.5d_chiplet'},{'from': 'Chiplet_1', 'to': 'Chiplet_3', 'connection_type': '2.5d_emib', 'loc': '2.5d_chiplet'},{'from': 'Chiplet_1', 'to': 'Chiplet_5', 'connection_type': '2.5d_emib', 'loc': '2.5d_chiplet'},{'from': 'Chiplet_1', 'to': 'Chiplet_2', 'connection_type': '2.5d_emib', 'loc': '2.5d_chiplet'},{'from': 'Chiplet_1', 'to': 'Chiplet_6', 'connection_type': '2.5d_emib', 'loc': '2.5d_chiplet'},{'from': 'Chiplet_2', 'to': 'Chiplet_3', 'connection_type': '2.5d_emib', 'loc': '2.5d_chiplet'},{'from': 'Chiplet_2', 'to': 'Chiplet_5', 'connection_type': '2.5d_emib', 'loc': '2.5d_chiplet'},{'from': 'Chiplet_2', 'to': 'Chiplet_4', 'connection_type': '2.5d_emib', 'loc': '2.5d_chiplet'},{'from': 'Chiplet_2', 'to': 'Chiplet_1', 'connection_type': '2.5d_emib', 'loc': '2.5d_chiplet'},{'from': 'Chiplet_5', 'to': 'Chiplet_1', 'connection_type': '2.5d_emib', 'loc': '2.5d_chiplet'},{'from': 'Chiplet_5', 'to': 'Chiplet_2', 'connection_type': '2.5d_emib', 'loc': '2.5d_chiplet'}",1,1,1,1,1,3,ddr5,ucie_adv,na,0,0,ws,0,0,0
234,15.43612490954679,3892001.83,90178.6326989913,53299530.18430963,5288.391304347826,4344.916588258751,234,5.656782838920179,6.821646341899999,2048,128x128,14,0.957922696,2.51875,1024,96x96,7,15.436124909546791,15.979573171754398,8192,192x192,14,1.8849981800824636,3.1172648505374996,2048,96x96,10,1.86237254,4.475,2048,128x128,7,1.4141952089375351,1.7054115854749998,512,64x64,14,3d,"{'from': 'Chiplet_3', 'to': 'Chiplet_1', 'connection_type': '3d_tsv', 'loc': 'stack0_base'},{'from': 'Chiplet_1', 'to': 'Chiplet_4', 'connection_type': '3d_tsv', 'loc': 'stack0_middle1'},{'from': 'Chiplet_4', 'to': 'Chiplet_5', 'connection_type': '3d_tsv', 'loc': 'stack0_middle2'},{'from': 'Chiplet_5', 'to': 'Chiplet_6', 'connection_type': '3d_tsv', 'loc': 'stack0_middle3'},{'from': 'Chiplet_6', 'to': 'Chiplet_2', 'connection_type': '3d_tsv', 'loc': 'stack0_middle4'},{'from': 'Chiplet_2', 'to': 'na', 'connection_type': '3d_tsv', 'loc': 'stack0_top'}",3,1,9,1,1,1,hbm3,na,ucie_3d,1,0,ws,0,0,0
235,24.140486985919587,3276097.19,77133.77408510994,58433389.4538075,3992.7777777777774,3443.6206771430734,235,0.957922696,2.51875,1024,96x96,7,5.656782838920179,6.821646341899999,2048,128x128,14,1.5385781800824634,3.1172648505374996,1024,96x96,10,5.656782838920179,6.821646341899999,2048,128x128,14,0.957922696,2.51875,1024,96x96,7,4.818150952,10.4826,6144,192x192,7,2.5d,"{'from': 'Chiplet_2', 'to': 'Chiplet_4', 'connection_type': '2.5d_rdl', 'loc': '2.5d_chiplet'},{'from': 'Chiplet_2', 'to': 'Chiplet_6', 'connection_type': '2.5d_rdl', 'loc': '2.5d_chiplet'},{'from': 'Chiplet_6', 'to': 'Chiplet_3', 'connection_type': '2.5d_rdl', 'loc': '2.5d_chiplet'},{'from': 'Chiplet_6', 'to': 'Chiplet_2', 'connection_type': '2.5d_rdl', 'loc': '2.5d_chiplet'},{'from': 'Chiplet_4', 'to': 'Chiplet_3', 'connection_type': '2.5d_rdl', 'loc': '2.5d_chiplet'},{'from': 'Chiplet_4', 'to': 'Chiplet_1', 'connection_type': '2.5d_rdl', 'loc': '2.5d_chiplet'},{'from': 'Chiplet_4', 'to': 'Chiplet_2', 'connection_type': '2.5d_rdl', 'loc': '2.5d_chiplet'},{'from': 'Chiplet_3', 'to': 'Chiplet_4', 'connection_type': '2.5d_rdl', 'loc': '2.5d_chiplet'},{'from': 'Chiplet_3', 'to': 'Chiplet_5', 'connection_type': '2.5d_rdl', 'loc': '2.5d_chiplet'},{'from': 'Chiplet_3', 'to': 'Chiplet_1', 'connection_type': '2.5d_rdl', 'loc': '2.5d_chiplet'},{'from': 'Chiplet_3', 'to': 'Chiplet_6', 'connection_type': '2.5d_rdl', 'loc': '2.5d_chiplet'},{'from': 'Chiplet_1', 'to': 'Chiplet_3', 'connection_type': '2.5d_rdl', 'loc': '2.5d_chiplet'},{'from': 'Chiplet_1', 'to': 'Chiplet_5', 'connection_type': '2.5d_rdl', 'loc': '2.5d_chiplet'},{'from': 'Chiplet_1', 'to': 'Chiplet_4', 'connection_type': '2.5d_rdl', 'loc': '2.5d_chiplet'},{'from': 'Chiplet_5', 'to': 'Chiplet_3', 'connection_type': '2.5d_rdl', 'loc': '2.5d_chiplet'},{'from': 'Chiplet_5', 'to': 'Chiplet_1', 'connection_type': '2.5d_rdl', 'loc': '2.5d_chiplet'}",1,5,1,4,1,4,hbm2,ucie_std,na,1,0,os,0,0,0
236,54.243976351763216,5481279.46,110513.79900939496,182056513.83282965,3683.954248366013,6544.43196116831,236,2.20879254,4.475,3072,128x128,7,12.799492673176792,15.979573171754398,4096,192x192,14,12.799492673176792,15.979573171754398,4096,192x192,14,0.656621759447044,1.3845915837374998,256,64x64,10,3.665749090547913,5.538366334949999,4096,128x128,10,3.5867297574793953,3.8395579270749995,2048,96x96,14,2.5d_3d,"{'from': 'Chiplet_6', 'to': 'Chiplet_1', 'connection_type': '3d_hyb_bond', 'loc': 'stack0_base'},{'from': 'Chiplet_1', 'to': 'na', 'connection_type': '3d_hyb_bond', 'loc': 'stack0_top'},{'from': 'Chiplet_2', 'to': 'Chiplet_3', 'connection_type': '2.5d_rdl', 'loc': '2.5d_chiplet'},{'from': 'Chiplet_2', 'to': 'Chiplet_5', 'connection_type': '2.5d_rdl', 'loc': '2.5d_chiplet'},{'from': 'Chiplet_5', 'to': 'Chiplet_2', 'connection_type': '2.5d_rdl', 'loc': '2.5d_chiplet'},{'from': 'Chiplet_5', 'to': 'Chiplet_6', 'connection_type': '2.5d_rdl', 'loc': '2.5d_chiplet'},{'from': 'Chiplet_3', 'to': 'Chiplet_4', 'connection_type': '2.5d_rdl', 'loc': '2.5d_chiplet'},{'from': 'Chiplet_3', 'to': 'Chiplet_2', 'connection_type': '2.5d_rdl', 'loc': '2.5d_chiplet'},{'from': 'Chiplet_3', 'to': 'Chiplet_6', 'connection_type': '2.5d_rdl', 'loc': '2.5d_chiplet'},{'from': 'Chiplet_6', 'to': 'Chiplet_4', 'connection_type': '2.5d_rdl', 'loc': '2.5d_chiplet'},{'from': 'Chiplet_6', 'to': 'Chiplet_5', 'connection_type': '2.5d_rdl', 'loc': '2.5d_chiplet'},{'from': 'Chiplet_6', 'to': 'Chiplet_3', 'connection_type': '2.5d_rdl', 'loc': '2.5d_chiplet'},{'from': 'Chiplet_4', 'to': 'Chiplet_3', 'connection_type': '2.5d_rdl', 'loc': '2.5d_chiplet'},{'from': 'Chiplet_4', 'to': 'Chiplet_6', 'connection_type': '2.5d_rdl', 'loc': '2.5d_chiplet'}",1,2,2,1,1,1,ddr4,ucie_std,ucie_3d,1,0,ws,0,0,0
237,14.955788002824166,2071476.51,128957.80653506076,138919096.71059608,5602.8881822999465,4412.680709584698,237,0.552198,1.11875,768,64x64,7,6.315940422320179,6.821646341899999,3072,128x128,14,0.46559300000000003,1.11875,512,64x64,7,2.55521354,4.475,4096,128x128,7,1.5385781800824634,3.1172648505374996,1024,96x96,10,0.916436759447044,1.3845915837374998,1024,64x64,10,2.5d_3d,"{'from': 'Chiplet_1', 'to': 'Chiplet_3', 'connection_type': '3d_hyb_bond', 'loc': 'stack0_base'},{'from': 'Chiplet_3', 'to': 'na', 'connection_type': '3d_hyb_bond', 'loc': 'stack0_top'},{'from': 'Chiplet_2', 'to': 'Chiplet_4', 'connection_type': '2.5d_emib', 'loc': '2.5d_chiplet'},{'from': 'Chiplet_2', 'to': 'Chiplet_5', 'connection_type': '2.5d_emib', 'loc': '2.5d_chiplet'},{'from': 'Chiplet_4', 'to': 'Chiplet_5', 'connection_type': '2.5d_emib', 'loc': '2.5d_chiplet'},{'from': 'Chiplet_4', 'to': 'Chiplet_2', 'connection_type': '2.5d_emib', 'loc': '2.5d_chiplet'},{'from': 'Chiplet_4', 'to': 'Chiplet_6', 'connection_type': '2.5d_emib', 'loc': '2.5d_chiplet'},{'from': 'Chiplet_5', 'to': 'Chiplet_4', 'connection_type': '2.5d_emib', 'loc': '2.5d_chiplet'},{'from': 'Chiplet_5', 'to': 'Chiplet_1', 'connection_type': '2.5d_emib', 'loc': '2.5d_chiplet'},{'from': 'Chiplet_5', 'to': 'Chiplet_2', 'connection_type': '2.5d_emib', 'loc': '2.5d_chiplet'},{'from': 'Chiplet_5', 'to': 'Chiplet_6', 'connection_type': '2.5d_emib', 'loc': '2.5d_chiplet'},{'from': 'Chiplet_6', 'to': 'Chiplet_4', 'connection_type': '2.5d_emib', 'loc': '2.5d_chiplet'},{'from': 'Chiplet_6', 'to': 'Chiplet_5', 'connection_type': '2.5d_emib', 'loc': '2.5d_chiplet'},{'from': 'Chiplet_6', 'to': 'Chiplet_1', 'connection_type': '2.5d_emib', 'loc': '2.5d_chiplet'},{'from': 'Chiplet_1', 'to': 'Chiplet_5', 'connection_type': '2.5d_emib', 'loc': '2.5d_chiplet'},{'from': 'Chiplet_1', 'to': 'Chiplet_6', 'connection_type': '2.5d_emib', 'loc': '2.5d_chiplet'}",1,3,1,1,1,1,ddr5,ucie_adv,ucie_3d,0,0,ws,0,0,0
238,20.74847670857184,3401202.3,104384.15584670534,133281398.17167082,10736.544317207632,10735.395766462749,238,0.829831759447044,1.3845915837374998,768,64x64,10,6.726740457366197,12.973514847541198,4096,192x192,10,1.3653681800824635,3.1172648505374996,512,96x96,10,11.481175603606792,15.979573171754398,2048,192x192,14,6.315940422320179,6.821646341899999,3072,128x128,14,1.4141952089375351,1.7054115854749998,512,64x64,14,2.5d_3d,"{'from': 'Chiplet_2', 'to': 'Chiplet_5', 'connection_type': '3d_hyb_bond', 'loc': 'stack0_base'},{'from': 'Chiplet_5', 'to': 'Chiplet_6', 'connection_type': '3d_hyb_bond', 'loc': 'stack0_middle1'},{'from': 'Chiplet_6', 'to': 'Chiplet_3', 'connection_type': '3d_hyb_bond', 'loc': 'stack0_middle2'},{'from': 'Chiplet_3', 'to': 'Chiplet_1', 'connection_type': '3d_hyb_bond', 'loc': 'stack0_middle3'},{'from': 'Chiplet_1', 'to': 'na', 'connection_type': '3d_hyb_bond', 'loc': 'stack0_top'},{'from': 'Chiplet_4', 'to': 'Chiplet_2', 'connection_type': '2.5d_rdl', 'loc': '2.5d_chiplet'},{'from': 'Chiplet_2', 'to': 'Chiplet_4', 'connection_type': '2.5d_rdl', 'loc': '2.5d_chiplet'}",1,1,1,3,1,1,ddr4,ucie_std,ucie_3d,0,0,is,1,0,0
239,39.17977892910548,4100061.82,189639.38783034275,97308182.88848434,12528.932197549011,12534.111542268445,239,1.743774000637535,1.7054115854749998,1024,64x64,14,1.4141952089375351,1.7054115854749998,512,64x64,14,4.1253109519999995,10.4826,4096,192x192,7,6.726740457366197,12.973514847541198,4096,192x192,10,6.033899457366197,12.973514847541198,2048,192x192,10,6.315940422320179,6.821646341899999,3072,128x128,14,2.5d,"{'from': 'Chiplet_4', 'to': 'Chiplet_3', 'connection_type': '2.5d_emib', 'loc': '2.5d_chiplet'},{'from': 'Chiplet_4', 'to': 'Chiplet_1', 'connection_type': '2.5d_emib', 'loc': '2.5d_chiplet'},{'from': 'Chiplet_4', 'to': 'Chiplet_6', 'connection_type': '2.5d_emib', 'loc': '2.5d_chiplet'},{'from': 'Chiplet_3', 'to': 'Chiplet_4', 'connection_type': '2.5d_emib', 'loc': '2.5d_chiplet'},{'from': 'Chiplet_3', 'to': 'Chiplet_1', 'connection_type': '2.5d_emib', 'loc': '2.5d_chiplet'},{'from': 'Chiplet_1', 'to': 'Chiplet_3', 'connection_type': '2.5d_emib', 'loc': '2.5d_chiplet'},{'from': 'Chiplet_1', 'to': 'Chiplet_4', 'connection_type': '2.5d_emib', 'loc': '2.5d_chiplet'},{'from': 'Chiplet_6', 'to': 'Chiplet_4', 'connection_type': '2.5d_emib', 'loc': '2.5d_chiplet'},{'from': 'Chiplet_6', 'to': 'Chiplet_5', 'connection_type': '2.5d_emib', 'loc': '2.5d_chiplet'},{'from': 'Chiplet_6', 'to': 'Chiplet_2', 'connection_type': '2.5d_emib', 'loc': '2.5d_chiplet'},{'from': 'Chiplet_5', 'to': 'Chiplet_2', 'connection_type': '2.5d_emib', 'loc': '2.5d_chiplet'},{'from': 'Chiplet_5', 'to': 'Chiplet_6', 'connection_type': '2.5d_emib', 'loc': '2.5d_chiplet'},{'from': 'Chiplet_2', 'to': 'Chiplet_5', 'connection_type': '2.5d_emib', 'loc': '2.5d_chiplet'},{'from': 'Chiplet_2', 'to': 'Chiplet_6', 'connection_type': '2.5d_emib', 'loc': '2.5d_chiplet'}",1,1,1,2,1,2,ddr5,ucie_adv,na,0,0,os,1,0,0
240,25.178911846755796,3945475.74,147228.9512247308,183264766.816024,3965.0856739092033,6435.5185026082345,240,5.656782838920179,6.821646341899999,2048,128x128,14,1.5385781800824634,3.1172648505374996,1024,96x96,10,3.3193280905479132,5.538366334949999,3072,128x128,10,7.419580457366196,12.973514847541198,6144,192x192,10,5.5109919519999995,10.4826,8192,192x192,7,1.3653681800824635,3.1172648505374996,512,96x96,10,2.5d_3d,"{'from': 'Chiplet_1', 'to': 'Chiplet_2', 'connection_type': '3d_tsv', 'loc': 'stack0_base'},{'from': 'Chiplet_2', 'to': 'Chiplet_6', 'connection_type': '3d_tsv', 'loc': 'stack0_middle1'},{'from': 'Chiplet_6', 'to': 'na', 'connection_type': '3d_tsv', 'loc': 'stack0_top'},{'from': 'Chiplet_4', 'to': 'Chiplet_3', 'connection_type': '2.5d_emib', 'loc': '2.5d_chiplet'},{'from': 'Chiplet_4', 'to': 'Chiplet_5', 'connection_type': '2.5d_emib', 'loc': '2.5d_chiplet'},{'from': 'Chiplet_4', 'to': 'Chiplet_1', 'connection_type': '2.5d_emib', 'loc': '2.5d_chiplet'},{'from': 'Chiplet_3', 'to': 'Chiplet_4', 'connection_type': '2.5d_emib', 'loc': '2.5d_chiplet'},{'from': 'Chiplet_3', 'to': 'Chiplet_5', 'connection_type': '2.5d_emib', 'loc': '2.5d_chiplet'},{'from': 'Chiplet_1', 'to': 'Chiplet_4', 'connection_type': '2.5d_emib', 'loc': '2.5d_chiplet'},{'from': 'Chiplet_1', 'to': 'Chiplet_5', 'connection_type': '2.5d_emib', 'loc': '2.5d_chiplet'},{'from': 'Chiplet_5', 'to': 'Chiplet_4', 'connection_type': '2.5d_emib', 'loc': '2.5d_chiplet'},{'from': 'Chiplet_5', 'to': 'Chiplet_1', 'connection_type': '2.5d_emib', 'loc': '2.5d_chiplet'},{'from': 'Chiplet_5', 'to': 'Chiplet_3', 'connection_type': '2.5d_emib', 'loc': '2.5d_chiplet'}",2,1,1,2,1,1,ddr4,bow,ucie_3d,0,0,os,0,0,0
241,24.20679081598882,2870470.16,160852.28006038416,56988435.3795356,5016.442542787287,3261.7426398208477,241,0.46559300000000003,1.11875,512,64x64,7,3.2571509657793953,3.8395579270749995,1536,96x96,14,3.5867297574793953,3.8395579270749995,2048,96x96,14,0.552198,1.11875,768,64x64,7,0.552198,1.11875,768,64x64,7,8.112421457366196,12.973514847541198,8192,192x192,10,2.5d,"{'from': 'Chiplet_6', 'to': 'Chiplet_3', 'connection_type': '2.5d_emib', 'loc': '2.5d_chiplet'},{'from': 'Chiplet_6', 'to': 'Chiplet_2', 'connection_type': '2.5d_emib', 'loc': '2.5d_chiplet'},{'from': 'Chiplet_3', 'to': 'Chiplet_5', 'connection_type': '2.5d_emib', 'loc': '2.5d_chiplet'},{'from': 'Chiplet_3', 'to': 'Chiplet_2', 'connection_type': '2.5d_emib', 'loc': '2.5d_chiplet'},{'from': 'Chiplet_3', 'to': 'Chiplet_6', 'connection_type': '2.5d_emib', 'loc': '2.5d_chiplet'},{'from': 'Chiplet_5', 'to': 'Chiplet_3', 'connection_type': '2.5d_emib', 'loc': '2.5d_chiplet'},{'from': 'Chiplet_5', 'to': 'Chiplet_4', 'connection_type': '2.5d_emib', 'loc': '2.5d_chiplet'},{'from': 'Chiplet_2', 'to': 'Chiplet_4', 'connection_type': '2.5d_emib', 'loc': '2.5d_chiplet'},{'from': 'Chiplet_2', 'to': 'Chiplet_1', 'connection_type': '2.5d_emib', 'loc': '2.5d_chiplet'},{'from': 'Chiplet_2', 'to': 'Chiplet_3', 'connection_type': '2.5d_emib', 'loc': '2.5d_chiplet'},{'from': 'Chiplet_2', 'to': 'Chiplet_6', 'connection_type': '2.5d_emib', 'loc': '2.5d_chiplet'},{'from': 'Chiplet_4', 'to': 'Chiplet_5', 'connection_type': '2.5d_emib', 'loc': '2.5d_chiplet'},{'from': 'Chiplet_4', 'to': 'Chiplet_1', 'connection_type': '2.5d_emib', 'loc': '2.5d_chiplet'},{'from': 'Chiplet_4', 'to': 'Chiplet_2', 'connection_type': '2.5d_emib', 'loc': '2.5d_chiplet'},{'from': 'Chiplet_1', 'to': 'Chiplet_4', 'connection_type': '2.5d_emib', 'loc': '2.5d_chiplet'},{'from': 'Chiplet_1', 'to': 'Chiplet_2', 'connection_type': '2.5d_emib', 'loc': '2.5d_chiplet'}",1,3,3,1,1,7,hbm3,aib,na,0,0,os,0,0,0
242,11.886827642990843,1760746.13,45533.591919449056,94414196.81903936,24675.160259340282,10988.212056808694,242,3.665749090547913,5.538366334949999,4096,128x128,10,1.5385781800824634,3.1172648505374996,1024,96x96,10,0.829831759447044,1.3845915837374998,768,64x64,10,1.3653681800824635,3.1172648505374996,512,96x96,10,1.578984604787535,1.7054115854749998,768,64x64,14,2.6264880905479133,5.538366334949999,1024,128x128,10,2.5d_3d,"{'from': 'Chiplet_2', 'to': 'Chiplet_4', 'connection_type': '3d_hyb_bond', 'loc': 'stack0_base'},{'from': 'Chiplet_4', 'to': 'Chiplet_3', 'connection_type': '3d_hyb_bond', 'loc': 'stack0_middle1'},{'from': 'Chiplet_3', 'to': 'na', 'connection_type': '3d_hyb_bond', 'loc': 'stack0_top'},{'from': 'Chiplet_1', 'to': 'Chiplet_5', 'connection_type': '2.5d_rdl', 'loc': '2.5d_chiplet'},{'from': 'Chiplet_1', 'to': 'Chiplet_2', 'connection_type': '2.5d_rdl', 'loc': '2.5d_chiplet'},{'from': 'Chiplet_1', 'to': 'Chiplet_6', 'connection_type': '2.5d_rdl', 'loc': '2.5d_chiplet'},{'from': 'Chiplet_2', 'to': 'Chiplet_5', 'connection_type': '2.5d_rdl', 'loc': '2.5d_chiplet'},{'from': 'Chiplet_2', 'to': 'Chiplet_1', 'connection_type': '2.5d_rdl', 'loc': '2.5d_chiplet'},{'from': 'Chiplet_6', 'to': 'Chiplet_5', 'connection_type': '2.5d_rdl', 'loc': '2.5d_chiplet'},{'from': 'Chiplet_6', 'to': 'Chiplet_1', 'connection_type': '2.5d_rdl', 'loc': '2.5d_chiplet'},{'from': 'Chiplet_5', 'to': 'Chiplet_1', 'connection_type': '2.5d_rdl', 'loc': '2.5d_chiplet'},{'from': 'Chiplet_5', 'to': 'Chiplet_2', 'connection_type': '2.5d_rdl', 'loc': '2.5d_chiplet'},{'from': 'Chiplet_5', 'to': 'Chiplet_6', 'connection_type': '2.5d_rdl', 'loc': '2.5d_chiplet'}",2,1,1,1,1,2,ddr5,ucie_std,ucie_3d,0,0,os,1,0,0
243,31.86334190911524,4449061.15,89827.08288215374,50098647.47904087,11650.814952239729,9883.648624144995,243,6.726740457366197,12.973514847541198,4096,192x192,10,2.927572174079395,3.8395579270749995,1024,96x96,14,3.2571509657793953,3.8395579270749995,1536,96x96,14,2.927572174079395,3.8395579270749995,1024,96x96,14,12.799492673176792,15.979573171754398,4096,192x192,14,0.743226759447044,1.3845915837374998,512,64x64,10,2.5d_3d,"{'from': 'Chiplet_4', 'to': 'Chiplet_2', 'connection_type': '3d_u_bump', 'loc': 'stack0_base'},{'from': 'Chiplet_2', 'to': 'Chiplet_6', 'connection_type': '3d_u_bump', 'loc': 'stack0_middle1'},{'from': 'Chiplet_6', 'to': 'na', 'connection_type': '3d_u_bump', 'loc': 'stack0_top'},{'from': 'Chiplet_5', 'to': 'Chiplet_3', 'connection_type': '2.5d_rdl', 'loc': '2.5d_chiplet'},{'from': 'Chiplet_5', 'to': 'Chiplet_1', 'connection_type': '2.5d_rdl', 'loc': '2.5d_chiplet'},{'from': 'Chiplet_1', 'to': 'Chiplet_3', 'connection_type': '2.5d_rdl', 'loc': '2.5d_chiplet'},{'from': 'Chiplet_1', 'to': 'Chiplet_5', 'connection_type': '2.5d_rdl', 'loc': '2.5d_chiplet'},{'from': 'Chiplet_1', 'to': 'Chiplet_4', 'connection_type': '2.5d_rdl', 'loc': '2.5d_chiplet'},{'from': 'Chiplet_3', 'to': 'Chiplet_4', 'connection_type': '2.5d_rdl', 'loc': '2.5d_chiplet'},{'from': 'Chiplet_3', 'to': 'Chiplet_5', 'connection_type': '2.5d_rdl', 'loc': '2.5d_chiplet'},{'from': 'Chiplet_3', 'to': 'Chiplet_1', 'connection_type': '2.5d_rdl', 'loc': '2.5d_chiplet'},{'from': 'Chiplet_4', 'to': 'Chiplet_3', 'connection_type': '2.5d_rdl', 'loc': '2.5d_chiplet'},{'from': 'Chiplet_4', 'to': 'Chiplet_1', 'connection_type': '2.5d_rdl', 'loc': '2.5d_chiplet'}",4,1,2,1,7,1,hbm2,ucie_std,ucie_3d,1,0,os,1,0,0
244,32.52221793975577,2834732.65,75492.12332260501,189076922.6699625,12447.908496732027,10172.515724576684,244,0.784712696,2.51875,512,96x96,7,5.656782838920179,6.821646341899999,2048,128x128,14,0.638803,1.11875,1024,64x64,7,1.4141952089375351,1.7054115854749998,512,64x64,14,0.378988,1.11875,256,64x64,7,14.117807839976791,15.979573171754398,6144,192x192,14,2.5d,"{'from': 'Chiplet_6', 'to': 'Chiplet_4', 'connection_type': '2.5d_rdl', 'loc': '2.5d_chiplet'},{'from': 'Chiplet_6', 'to': 'Chiplet_5', 'connection_type': '2.5d_rdl', 'loc': '2.5d_chiplet'},{'from': 'Chiplet_6', 'to': 'Chiplet_2', 'connection_type': '2.5d_rdl', 'loc': '2.5d_chiplet'},{'from': 'Chiplet_2', 'to': 'Chiplet_4', 'connection_type': '2.5d_rdl', 'loc': '2.5d_chiplet'},{'from': 'Chiplet_2', 'to': 'Chiplet_1', 'connection_type': '2.5d_rdl', 'loc': '2.5d_chiplet'},{'from': 'Chiplet_2', 'to': 'Chiplet_6', 'connection_type': '2.5d_rdl', 'loc': '2.5d_chiplet'},{'from': 'Chiplet_4', 'to': 'Chiplet_3', 'connection_type': '2.5d_rdl', 'loc': '2.5d_chiplet'},{'from': 'Chiplet_4', 'to': 'Chiplet_1', 'connection_type': '2.5d_rdl', 'loc': '2.5d_chiplet'},{'from': 'Chiplet_4', 'to': 'Chiplet_2', 'connection_type': '2.5d_rdl', 'loc': '2.5d_chiplet'},{'from': 'Chiplet_4', 'to': 'Chiplet_6', 'connection_type': '2.5d_rdl', 'loc': '2.5d_chiplet'},{'from': 'Chiplet_4', 'to': 'Chiplet_5', 'connection_type': '2.5d_rdl', 'loc': '2.5d_chiplet'},{'from': 'Chiplet_5', 'to': 'Chiplet_4', 'connection_type': '2.5d_rdl', 'loc': '2.5d_chiplet'},{'from': 'Chiplet_5', 'to': 'Chiplet_6', 'connection_type': '2.5d_rdl', 'loc': '2.5d_chiplet'},{'from': 'Chiplet_1', 'to': 'Chiplet_4', 'connection_type': '2.5d_rdl', 'loc': '2.5d_chiplet'},{'from': 'Chiplet_1', 'to': 'Chiplet_3', 'connection_type': '2.5d_rdl', 'loc': '2.5d_chiplet'},{'from': 'Chiplet_1', 'to': 'Chiplet_2', 'connection_type': '2.5d_rdl', 'loc': '2.5d_chiplet'},{'from': 'Chiplet_3', 'to': 'Chiplet_4', 'connection_type': '2.5d_rdl', 'loc': '2.5d_chiplet'},{'from': 'Chiplet_3', 'to': 'Chiplet_1', 'connection_type': '2.5d_rdl', 'loc': '2.5d_chiplet'}",1,1,1,1,1,3,ddr4,ucie_std,na,1,0,is,0,0,0
245,42.12338050782418,5604891.88,154018.89879135345,49669136.42077674,7763.0756385543555,8086.364995844885,245,0.638803,1.11875,1024,64x64,7,1.4141952089375351,1.7054115854749998,512,64x64,14,6.033899457366197,12.973514847541198,2048,192x192,10,12.799492673176792,15.979573171754398,4096,192x192,14,11.481175603606792,15.979573171754398,2048,192x192,14,1.131132696,2.51875,1536,96x96,7,2.5d_3d,"{'from': 'Chiplet_3', 'to': 'Chiplet_6', 'connection_type': '3d_u_bump', 'loc': 'stack0_base'},{'from': 'Chiplet_6', 'to': 'Chiplet_1', 'connection_type': '3d_u_bump', 'loc': 'stack0_middle1'},{'from': 'Chiplet_1', 'to': 'na', 'connection_type': '3d_u_bump', 'loc': 'stack0_top'},{'from': 'Chiplet_4', 'to': 'Chiplet_3', 'connection_type': '2.5d_emib', 'loc': '2.5d_chiplet'},{'from': 'Chiplet_4', 'to': 'Chiplet_5', 'connection_type': '2.5d_emib', 'loc': '2.5d_chiplet'},{'from': 'Chiplet_4', 'to': 'Chiplet_2', 'connection_type': '2.5d_emib', 'loc': '2.5d_chiplet'},{'from': 'Chiplet_2', 'to': 'Chiplet_3', 'connection_type': '2.5d_emib', 'loc': '2.5d_chiplet'},{'from': 'Chiplet_2', 'to': 'Chiplet_4', 'connection_type': '2.5d_emib', 'loc': '2.5d_chiplet'},{'from': 'Chiplet_5', 'to': 'Chiplet_4', 'connection_type': '2.5d_emib', 'loc': '2.5d_chiplet'},{'from': 'Chiplet_5', 'to': 'Chiplet_3', 'connection_type': '2.5d_emib', 'loc': '2.5d_chiplet'},{'from': 'Chiplet_3', 'to': 'Chiplet_4', 'connection_type': '2.5d_emib', 'loc': '2.5d_chiplet'},{'from': 'Chiplet_3', 'to': 'Chiplet_5', 'connection_type': '2.5d_emib', 'loc': '2.5d_chiplet'},{'from': 'Chiplet_3', 'to': 'Chiplet_2', 'connection_type': '2.5d_emib', 'loc': '2.5d_chiplet'}",1,1,2,6,5,1,hbm2,bow,ucie_3d,1,0,is,1,0,0
246,44.26259262516339,4170954.9,91652.91747470599,132053069.3360632,10374.472588245328,9890.716848371616,246,0.784712696,2.51875,512,96x96,7,2.55521354,4.475,4096,128x128,7,0.784712696,2.51875,512,96x96,7,11.481175603606792,15.979573171754398,2048,192x192,14,5.656782838920179,6.821646341899999,2048,128x128,14,6.315940422320179,6.821646341899999,3072,128x128,14,2.5d_3d,"{'from': 'Chiplet_4', 'to': 'Chiplet_3', 'connection_type': '3d_tsv', 'loc': 'stack0_base'},{'from': 'Chiplet_3', 'to': 'na', 'connection_type': '3d_tsv', 'loc': 'stack0_top'},{'from': 'Chiplet_4', 'to': 'Chiplet_5', 'connection_type': '2.5d_rdl', 'loc': '2.5d_chiplet'},{'from': 'Chiplet_4', 'to': 'Chiplet_2', 'connection_type': '2.5d_rdl', 'loc': '2.5d_chiplet'},{'from': 'Chiplet_4', 'to': 'Chiplet_6', 'connection_type': '2.5d_rdl', 'loc': '2.5d_chiplet'},{'from': 'Chiplet_2', 'to': 'Chiplet_4', 'connection_type': '2.5d_rdl', 'loc': '2.5d_chiplet'},{'from': 'Chiplet_2', 'to': 'Chiplet_5', 'connection_type': '2.5d_rdl', 'loc': '2.5d_chiplet'},{'from': 'Chiplet_6', 'to': 'Chiplet_4', 'connection_type': '2.5d_rdl', 'loc': '2.5d_chiplet'},{'from': 'Chiplet_6', 'to': 'Chiplet_5', 'connection_type': '2.5d_rdl', 'loc': '2.5d_chiplet'},{'from': 'Chiplet_6', 'to': 'Chiplet_1', 'connection_type': '2.5d_rdl', 'loc': '2.5d_chiplet'},{'from': 'Chiplet_5', 'to': 'Chiplet_4', 'connection_type': '2.5d_rdl', 'loc': '2.5d_chiplet'},{'from': 'Chiplet_5', 'to': 'Chiplet_1', 'connection_type': '2.5d_rdl', 'loc': '2.5d_chiplet'},{'from': 'Chiplet_5', 'to': 'Chiplet_2', 'connection_type': '2.5d_rdl', 'loc': '2.5d_chiplet'},{'from': 'Chiplet_5', 'to': 'Chiplet_6', 'connection_type': '2.5d_rdl', 'loc': '2.5d_chiplet'},{'from': 'Chiplet_1', 'to': 'Chiplet_5', 'connection_type': '2.5d_rdl', 'loc': '2.5d_chiplet'},{'from': 'Chiplet_1', 'to': 'Chiplet_6', 'connection_type': '2.5d_rdl', 'loc': '2.5d_chiplet'}",1,1,1,3,1,1,ddr4,ucie_std,ucie_3d,0,0,ws,1,0,0
247,30.881664172763156,3635564.88,136856.75620368906,173047875.43373227,5343.605664488017,7327.229640600104,247,6.033899457366197,12.973514847541198,2048,192x192,10,0.656621759447044,1.3845915837374998,256,64x64,10,4.9976252555201786,6.821646341899999,1024,128x128,14,0.784712696,2.51875,512,96x96,7,12.799492673176792,15.979573171754398,4096,192x192,14,0.957922696,2.51875,1024,96x96,7,2.5d_3d,"{'from': 'Chiplet_3', 'to': 'Chiplet_4', 'connection_type': '3d_tsv', 'loc': 'stack0_base'},{'from': 'Chiplet_4', 'to': 'Chiplet_2', 'connection_type': '3d_tsv', 'loc': 'stack0_middle1'},{'from': 'Chiplet_2', 'to': 'na', 'connection_type': '3d_tsv', 'loc': 'stack0_top'},{'from': 'Chiplet_5', 'to': 'Chiplet_3', 'connection_type': '2.5d_emib', 'loc': '2.5d_chiplet'},{'from': 'Chiplet_5', 'to': 'Chiplet_1', 'connection_type': '2.5d_emib', 'loc': '2.5d_chiplet'},{'from': 'Chiplet_1', 'to': 'Chiplet_3', 'connection_type': '2.5d_emib', 'loc': '2.5d_chiplet'},{'from': 'Chiplet_1', 'to': 'Chiplet_5', 'connection_type': '2.5d_emib', 'loc': '2.5d_chiplet'},{'from': 'Chiplet_1', 'to': 'Chiplet_6', 'connection_type': '2.5d_emib', 'loc': '2.5d_chiplet'},{'from': 'Chiplet_3', 'to': 'Chiplet_5', 'connection_type': '2.5d_emib', 'loc': '2.5d_chiplet'},{'from': 'Chiplet_3', 'to': 'Chiplet_1', 'connection_type': '2.5d_emib', 'loc': '2.5d_chiplet'},{'from': 'Chiplet_3', 'to': 'Chiplet_6', 'connection_type': '2.5d_emib', 'loc': '2.5d_chiplet'},{'from': 'Chiplet_6', 'to': 'Chiplet_3', 'connection_type': '2.5d_emib', 'loc': '2.5d_chiplet'},{'from': 'Chiplet_6', 'to': 'Chiplet_1', 'connection_type': '2.5d_emib', 'loc': '2.5d_chiplet'}",1,1,1,1,3,1,ddr4,ucie_adv,ucie_3d,1,0,ws,0,0,0
248,34.82561376951391,3615925.78,89263.7051905646,174191783.68690223,5046.449390567038,7143.4707056119005,248,3.665749090547913,5.538366334949999,4096,128x128,10,3.432469952,10.4826,2048,192x192,7,0.378988,1.11875,256,64x64,7,6.726740457366197,12.973514847541198,4096,192x192,10,2.972908090547913,5.538366334949999,2048,128x128,10,6.975099908490179,6.821646341899999,4096,128x128,14,2.5d,"{'from': 'Chiplet_6', 'to': 'Chiplet_4', 'connection_type': '2.5d_rdl', 'loc': '2.5d_chiplet'},{'from': 'Chiplet_6', 'to': 'Chiplet_3', 'connection_type': '2.5d_rdl', 'loc': '2.5d_chiplet'},{'from': 'Chiplet_6', 'to': 'Chiplet_2', 'connection_type': '2.5d_rdl', 'loc': '2.5d_chiplet'},{'from': 'Chiplet_2', 'to': 'Chiplet_3', 'connection_type': '2.5d_rdl', 'loc': '2.5d_chiplet'},{'from': 'Chiplet_2', 'to': 'Chiplet_6', 'connection_type': '2.5d_rdl', 'loc': '2.5d_chiplet'},{'from': 'Chiplet_3', 'to': 'Chiplet_2', 'connection_type': '2.5d_rdl', 'loc': '2.5d_chiplet'},{'from': 'Chiplet_3', 'to': 'Chiplet_6', 'connection_type': '2.5d_rdl', 'loc': '2.5d_chiplet'},{'from': 'Chiplet_4', 'to': 'Chiplet_5', 'connection_type': '2.5d_rdl', 'loc': '2.5d_chiplet'},{'from': 'Chiplet_4', 'to': 'Chiplet_1', 'connection_type': '2.5d_rdl', 'loc': '2.5d_chiplet'},{'from': 'Chiplet_4', 'to': 'Chiplet_6', 'connection_type': '2.5d_rdl', 'loc': '2.5d_chiplet'},{'from': 'Chiplet_1', 'to': 'Chiplet_4', 'connection_type': '2.5d_rdl', 'loc': '2.5d_chiplet'},{'from': 'Chiplet_1', 'to': 'Chiplet_5', 'connection_type': '2.5d_rdl', 'loc': '2.5d_chiplet'},{'from': 'Chiplet_5', 'to': 'Chiplet_4', 'connection_type': '2.5d_rdl', 'loc': '2.5d_chiplet'},{'from': 'Chiplet_5', 'to': 'Chiplet_1', 'connection_type': '2.5d_rdl', 'loc': '2.5d_chiplet'}",1,1,1,2,1,2,ddr4,ucie_std,na,1,0,is,0,0,0
249,22.27716810593982,3160052.79,138408.22608562454,44931095.99057469,2534.061889250814,2072.1441231328813,249,4.9976252555201786,6.821646341899999,1024,128x128,14,3.3193280905479132,5.538366334949999,3072,128x128,10,1.249405813087535,1.7054115854749998,256,64x64,14,5.656782838920179,6.821646341899999,2048,128x128,14,0.829831759447044,1.3845915837374998,768,64x64,10,2.20879254,4.475,3072,128x128,7,2.5d_3d,"{'from': 'Chiplet_4', 'to': 'Chiplet_2', 'connection_type': '3d_u_bump', 'loc': 'stack0_base'},{'from': 'Chiplet_2', 'to': 'na', 'connection_type': '3d_u_bump', 'loc': 'stack0_top'},{'from': 'Chiplet_4', 'to': 'Chiplet_3', 'connection_type': '2.5d_emib', 'loc': '2.5d_chiplet'},{'from': 'Chiplet_4', 'to': 'Chiplet_5', 'connection_type': '2.5d_emib', 'loc': '2.5d_chiplet'},{'from': 'Chiplet_4', 'to': 'Chiplet_1', 'connection_type': '2.5d_emib', 'loc': '2.5d_chiplet'},{'from': 'Chiplet_4', 'to': 'Chiplet_6', 'connection_type': '2.5d_emib', 'loc': '2.5d_chiplet'},{'from': 'Chiplet_3', 'to': 'Chiplet_4', 'connection_type': '2.5d_emib', 'loc': '2.5d_chiplet'},{'from': 'Chiplet_3', 'to': 'Chiplet_5', 'connection_type': '2.5d_emib', 'loc': '2.5d_chiplet'},{'from': 'Chiplet_5', 'to': 'Chiplet_3', 'connection_type': '2.5d_emib', 'loc': '2.5d_chiplet'},{'from': 'Chiplet_5', 'to': 'Chiplet_4', 'connection_type': '2.5d_emib', 'loc': '2.5d_chiplet'},{'from': 'Chiplet_1', 'to': 'Chiplet_4', 'connection_type': '2.5d_emib', 'loc': '2.5d_chiplet'},{'from': 'Chiplet_1', 'to': 'Chiplet_6', 'connection_type': '2.5d_emib', 'loc': '2.5d_chiplet'},{'from': 'Chiplet_6', 'to': 'Chiplet_4', 'connection_type': '2.5d_emib', 'loc': '2.5d_chiplet'},{'from': 'Chiplet_6', 'to': 'Chiplet_1', 'connection_type': '2.5d_emib', 'loc': '2.5d_chiplet'}",4,3,1,5,1,2,hbm3,ucie_adv,ucie_3d,0,0,ws,0,0,0
250,15.385275209852711,2399779.55,99654.91985138165,129750894.63685438,4350.987907222627,4276.251325987172,250,1.578984604787535,1.7054115854749998,768,64x64,14,6.726740457366197,12.973514847541198,4096,192x192,10,0.916436759447044,1.3845915837374998,1024,64x64,10,0.916436759447044,1.3845915837374998,1024,64x64,10,2.55521354,4.475,4096,128x128,7,1.743774000637535,1.7054115854749998,1024,64x64,14,2.5d_3d,"{'from': 'Chiplet_5', 'to': 'Chiplet_6', 'connection_type': '3d_hyb_bond', 'loc': 'stack0_base'},{'from': 'Chiplet_6', 'to': 'Chiplet_4', 'connection_type': '3d_hyb_bond', 'loc': 'stack0_middle1'},{'from': 'Chiplet_4', 'to': 'Chiplet_3', 'connection_type': '3d_hyb_bond', 'loc': 'stack0_middle2'},{'from': 'Chiplet_3', 'to': 'na', 'connection_type': '3d_hyb_bond', 'loc': 'stack0_top'},{'from': 'Chiplet_2', 'to': 'Chiplet_5', 'connection_type': '2.5d_emib', 'loc': '2.5d_chiplet'},{'from': 'Chiplet_2', 'to': 'Chiplet_1', 'connection_type': '2.5d_emib', 'loc': '2.5d_chiplet'},{'from': 'Chiplet_5', 'to': 'Chiplet_1', 'connection_type': '2.5d_emib', 'loc': '2.5d_chiplet'},{'from': 'Chiplet_5', 'to': 'Chiplet_2', 'connection_type': '2.5d_emib', 'loc': '2.5d_chiplet'},{'from': 'Chiplet_1', 'to': 'Chiplet_5', 'connection_type': '2.5d_emib', 'loc': '2.5d_chiplet'},{'from': 'Chiplet_1', 'to': 'Chiplet_2', 'connection_type': '2.5d_emib', 'loc': '2.5d_chiplet'}",1,3,1,1,1,1,ddr5,ucie_adv,ucie_3d,0,0,os,0,0,0
251,37.407319190236365,3471374.54,90613.1208944244,186143606.64461032,6223.954248366013,7347.215606048279,251,15.436124909546791,15.979573171754398,8192,192x192,14,1.3653681800824635,3.1172648505374996,512,96x96,10,2.20879254,4.475,3072,128x128,7,0.656621759447044,1.3845915837374998,256,64x64,10,6.315940422320179,6.821646341899999,3072,128x128,14,0.957922696,2.51875,1024,96x96,7,2.5d,"{'from': 'Chiplet_1', 'to': 'Chiplet_3', 'connection_type': '2.5d_rdl', 'loc': '2.5d_chiplet'},{'from': 'Chiplet_1', 'to': 'Chiplet_5', 'connection_type': '2.5d_rdl', 'loc': '2.5d_chiplet'},{'from': 'Chiplet_1', 'to': 'Chiplet_4', 'connection_type': '2.5d_rdl', 'loc': '2.5d_chiplet'},{'from': 'Chiplet_5', 'to': 'Chiplet_3', 'connection_type': '2.5d_rdl', 'loc': '2.5d_chiplet'},{'from': 'Chiplet_5', 'to': 'Chiplet_1', 'connection_type': '2.5d_rdl', 'loc': '2.5d_chiplet'},{'from': 'Chiplet_5', 'to': 'Chiplet_2', 'connection_type': '2.5d_rdl', 'loc': '2.5d_chiplet'},{'from': 'Chiplet_3', 'to': 'Chiplet_4', 'connection_type': '2.5d_rdl', 'loc': '2.5d_chiplet'},{'from': 'Chiplet_3', 'to': 'Chiplet_1', 'connection_type': '2.5d_rdl', 'loc': '2.5d_chiplet'},{'from': 'Chiplet_3', 'to': 'Chiplet_2', 'connection_type': '2.5d_rdl', 'loc': '2.5d_chiplet'},{'from': 'Chiplet_3', 'to': 'Chiplet_6', 'connection_type': '2.5d_rdl', 'loc': '2.5d_chiplet'},{'from': 'Chiplet_3', 'to': 'Chiplet_5', 'connection_type': '2.5d_rdl', 'loc': '2.5d_chiplet'},{'from': 'Chiplet_4', 'to': 'Chiplet_3', 'connection_type': '2.5d_rdl', 'loc': '2.5d_chiplet'},{'from': 'Chiplet_4', 'to': 'Chiplet_1', 'connection_type': '2.5d_rdl', 'loc': '2.5d_chiplet'},{'from': 'Chiplet_2', 'to': 'Chiplet_3', 'connection_type': '2.5d_rdl', 'loc': '2.5d_chiplet'},{'from': 'Chiplet_2', 'to': 'Chiplet_5', 'connection_type': '2.5d_rdl', 'loc': '2.5d_chiplet'},{'from': 'Chiplet_2', 'to': 'Chiplet_6', 'connection_type': '2.5d_rdl', 'loc': '2.5d_chiplet'},{'from': 'Chiplet_6', 'to': 'Chiplet_3', 'connection_type': '2.5d_rdl', 'loc': '2.5d_chiplet'},{'from': 'Chiplet_6', 'to': 'Chiplet_2', 'connection_type': '2.5d_rdl', 'loc': '2.5d_chiplet'}",3,1,1,1,1,1,ddr4,ucie_std,na,0,0,is,0,0,0
252,28.99144603228725,3553221.1,85613.48678063975,129157881.60871203,11752.522029375887,11066.34443810702,252,6.315940422320179,6.821646341899999,3072,128x128,14,2.597993382379395,3.8395579270749995,512,96x96,14,3.3193280905479132,5.538366334949999,3072,128x128,10,1.131132696,2.51875,1536,96x96,7,11.481175603606792,15.979573171754398,2048,192x192,14,3.3193280905479132,5.538366334949999,3072,128x128,10,2.5d_3d,"{'from': 'Chiplet_1', 'to': 'Chiplet_6', 'connection_type': '3d_tsv', 'loc': 'stack0_base'},{'from': 'Chiplet_6', 'to': 'Chiplet_2', 'connection_type': '3d_tsv', 'loc': 'stack0_middle1'},{'from': 'Chiplet_2', 'to': 'Chiplet_4', 'connection_type': '3d_tsv', 'loc': 'stack0_middle2'},{'from': 'Chiplet_4', 'to': 'na', 'connection_type': '3d_tsv', 'loc': 'stack0_top'},{'from': 'Chiplet_5', 'to': 'Chiplet_3', 'connection_type': '2.5d_rdl', 'loc': '2.5d_chiplet'},{'from': 'Chiplet_5', 'to': 'Chiplet_1', 'connection_type': '2.5d_rdl', 'loc': '2.5d_chiplet'},{'from': 'Chiplet_1', 'to': 'Chiplet_3', 'connection_type': '2.5d_rdl', 'loc': '2.5d_chiplet'},{'from': 'Chiplet_1', 'to': 'Chiplet_5', 'connection_type': '2.5d_rdl', 'loc': '2.5d_chiplet'},{'from': 'Chiplet_3', 'to': 'Chiplet_5', 'connection_type': '2.5d_rdl', 'loc': '2.5d_chiplet'},{'from': 'Chiplet_3', 'to': 'Chiplet_1', 'connection_type': '2.5d_rdl', 'loc': '2.5d_chiplet'}",1,1,1,1,3,1,ddr4,ucie_std,ucie_3d,0,0,ws,1,0,0
253,23.550135113759115,2890316.31,78661.76450915688,177291526.791704,3734.372549019608,5294.958831350421,253,0.957922696,2.51875,1024,96x96,7,2.927572174079395,3.8395579270749995,1024,96x96,14,2.20879254,4.475,3072,128x128,7,1.86237254,4.475,2048,128x128,7,5.5109919519999995,10.4826,8192,192x192,7,3.5867297574793953,3.8395579270749995,2048,96x96,14,2.5d,"{'from': 'Chiplet_5', 'to': 'Chiplet_3', 'connection_type': '2.5d_rdl', 'loc': '2.5d_chiplet'},{'from': 'Chiplet_5', 'to': 'Chiplet_1', 'connection_type': '2.5d_rdl', 'loc': '2.5d_chiplet'},{'from': 'Chiplet_5', 'to': 'Chiplet_2', 'connection_type': '2.5d_rdl', 'loc': '2.5d_chiplet'},{'from': 'Chiplet_5', 'to': 'Chiplet_6', 'connection_type': '2.5d_rdl', 'loc': '2.5d_chiplet'},{'from': 'Chiplet_3', 'to': 'Chiplet_5', 'connection_type': '2.5d_rdl', 'loc': '2.5d_chiplet'},{'from': 'Chiplet_3', 'to': 'Chiplet_1', 'connection_type': '2.5d_rdl', 'loc': '2.5d_chiplet'},{'from': 'Chiplet_1', 'to': 'Chiplet_3', 'connection_type': '2.5d_rdl', 'loc': '2.5d_chiplet'},{'from': 'Chiplet_1', 'to': 'Chiplet_5', 'connection_type': '2.5d_rdl', 'loc': '2.5d_chiplet'},{'from': 'Chiplet_6', 'to': 'Chiplet_4', 'connection_type': '2.5d_rdl', 'loc': '2.5d_chiplet'},{'from': 'Chiplet_6', 'to': 'Chiplet_5', 'connection_type': '2.5d_rdl', 'loc': '2.5d_chiplet'},{'from': 'Chiplet_6', 'to': 'Chiplet_2', 'connection_type': '2.5d_rdl', 'loc': '2.5d_chiplet'},{'from': 'Chiplet_2', 'to': 'Chiplet_4', 'connection_type': '2.5d_rdl', 'loc': '2.5d_chiplet'},{'from': 'Chiplet_2', 'to': 'Chiplet_5', 'connection_type': '2.5d_rdl', 'loc': '2.5d_chiplet'},{'from': 'Chiplet_2', 'to': 'Chiplet_6', 'connection_type': '2.5d_rdl', 'loc': '2.5d_chiplet'},{'from': 'Chiplet_4', 'to': 'Chiplet_2', 'connection_type': '2.5d_rdl', 'loc': '2.5d_chiplet'},{'from': 'Chiplet_4', 'to': 'Chiplet_6', 'connection_type': '2.5d_rdl', 'loc': '2.5d_chiplet'}",1,1,1,1,2,2,ddr4,ucie_std,na,0,0,is,0,0,0
254,17.563272782415584,2894325.51,138187.02322428295,40483278.375465505,20996.193056672546,11010.510633823871,254,1.51595254,4.475,1024,128x128,7,1.304342696,2.51875,2048,96x96,7,1.86237254,4.475,2048,128x128,7,2.597993382379395,3.8395579270749995,512,96x96,14,1.86237254,4.475,2048,128x128,7,4.9976252555201786,6.821646341899999,1024,128x128,14,2.5d_3d,"{'from': 'Chiplet_5', 'to': 'Chiplet_3', 'connection_type': '3d_u_bump', 'loc': 'stack0_base'},{'from': 'Chiplet_3', 'to': 'na', 'connection_type': '3d_u_bump', 'loc': 'stack0_top'},{'from': 'Chiplet_6', 'to': 'Chiplet_4', 'connection_type': '2.5d_emib', 'loc': '2.5d_chiplet'},{'from': 'Chiplet_6', 'to': 'Chiplet_5', 'connection_type': '2.5d_emib', 'loc': '2.5d_chiplet'},{'from': 'Chiplet_6', 'to': 'Chiplet_2', 'connection_type': '2.5d_emib', 'loc': '2.5d_chiplet'},{'from': 'Chiplet_2', 'to': 'Chiplet_5', 'connection_type': '2.5d_emib', 'loc': '2.5d_chiplet'},{'from': 'Chiplet_2', 'to': 'Chiplet_6', 'connection_type': '2.5d_emib', 'loc': '2.5d_chiplet'},{'from': 'Chiplet_4', 'to': 'Chiplet_5', 'connection_type': '2.5d_emib', 'loc': '2.5d_chiplet'},{'from': 'Chiplet_4', 'to': 'Chiplet_1', 'connection_type': '2.5d_emib', 'loc': '2.5d_chiplet'},{'from': 'Chiplet_4', 'to': 'Chiplet_6', 'connection_type': '2.5d_emib', 'loc': '2.5d_chiplet'},{'from': 'Chiplet_5', 'to': 'Chiplet_4', 'connection_type': '2.5d_emib', 'loc': '2.5d_chiplet'},{'from': 'Chiplet_5', 'to': 'Chiplet_1', 'connection_type': '2.5d_emib', 'loc': '2.5d_chiplet'},{'from': 'Chiplet_5', 'to': 'Chiplet_2', 'connection_type': '2.5d_emib', 'loc': '2.5d_chiplet'},{'from': 'Chiplet_5', 'to': 'Chiplet_6', 'connection_type': '2.5d_emib', 'loc': '2.5d_chiplet'},{'from': 'Chiplet_1', 'to': 'Chiplet_4', 'connection_type': '2.5d_emib', 'loc': '2.5d_chiplet'},{'from': 'Chiplet_1', 'to': 'Chiplet_5', 'connection_type': '2.5d_emib', 'loc': '2.5d_chiplet'}",2,1,2,3,2,6,hbm2,ucie_adv,ucie_3d,1,0,os,1,0,0
255,31.299740628310698,2731302.02,162662.67620656503,103730344.4792237,16804.524057643266,10205.592183599332,255,1.4141952089375351,1.7054115854749998,512,64x64,14,5.656782838920179,6.821646341899999,2048,128x128,14,2.927572174079395,3.8395579270749995,1024,96x96,14,6.315940422320179,6.821646341899999,3072,128x128,14,3.2571509657793953,3.8395579270749995,1536,96x96,14,3.5867297574793953,3.8395579270749995,2048,96x96,14,2.5d,"{'from': 'Chiplet_4', 'to': 'Chiplet_5', 'connection_type': '2.5d_emib', 'loc': '2.5d_chiplet'},{'from': 'Chiplet_4', 'to': 'Chiplet_1', 'connection_type': '2.5d_emib', 'loc': '2.5d_chiplet'},{'from': 'Chiplet_4', 'to': 'Chiplet_2', 'connection_type': '2.5d_emib', 'loc': '2.5d_chiplet'},{'from': 'Chiplet_5', 'to': 'Chiplet_4', 'connection_type': '2.5d_emib', 'loc': '2.5d_chiplet'},{'from': 'Chiplet_5', 'to': 'Chiplet_1', 'connection_type': '2.5d_emib', 'loc': '2.5d_chiplet'},{'from': 'Chiplet_1', 'to': 'Chiplet_4', 'connection_type': '2.5d_emib', 'loc': '2.5d_chiplet'},{'from': 'Chiplet_1', 'to': 'Chiplet_5', 'connection_type': '2.5d_emib', 'loc': '2.5d_chiplet'},{'from': 'Chiplet_2', 'to': 'Chiplet_4', 'connection_type': '2.5d_emib', 'loc': '2.5d_chiplet'},{'from': 'Chiplet_2', 'to': 'Chiplet_3', 'connection_type': '2.5d_emib', 'loc': '2.5d_chiplet'},{'from': 'Chiplet_2', 'to': 'Chiplet_6', 'connection_type': '2.5d_emib', 'loc': '2.5d_chiplet'},{'from': 'Chiplet_6', 'to': 'Chiplet_3', 'connection_type': '2.5d_emib', 'loc': '2.5d_chiplet'},{'from': 'Chiplet_6', 'to': 'Chiplet_2', 'connection_type': '2.5d_emib', 'loc': '2.5d_chiplet'},{'from': 'Chiplet_3', 'to': 'Chiplet_2', 'connection_type': '2.5d_emib', 'loc': '2.5d_chiplet'},{'from': 'Chiplet_3', 'to': 'Chiplet_6', 'connection_type': '2.5d_emib', 'loc': '2.5d_chiplet'}",1,2,1,2,1,1,ddr5,aib,na,0,0,os,1,0,0
256,11.010457469417139,1211151.92,31454.071265987957,181224113.7346737,12194.150326797386,6539.304465897147,256,2.6264880905479133,5.538366334949999,1024,128x128,10,1.3653681800824635,3.1172648505374996,512,96x96,10,0.46559300000000003,1.11875,512,64x64,7,1.578984604787535,1.7054115854749998,768,64x64,14,1.249405813087535,1.7054115854749998,256,64x64,14,0.46559300000000003,1.11875,512,64x64,7,2.5d_3d,"{'from': 'Chiplet_3', 'to': 'Chiplet_6', 'connection_type': '3d_tsv', 'loc': 'stack0_base'},{'from': 'Chiplet_6', 'to': 'na', 'connection_type': '3d_tsv', 'loc': 'stack0_top'},{'from': 'Chiplet_1', 'to': 'Chiplet_4', 'connection_type': '2.5d_rdl', 'loc': '2.5d_chiplet'},{'from': 'Chiplet_1', 'to': 'Chiplet_5', 'connection_type': '2.5d_rdl', 'loc': '2.5d_chiplet'},{'from': 'Chiplet_1', 'to': 'Chiplet_2', 'connection_type': '2.5d_rdl', 'loc': '2.5d_chiplet'},{'from': 'Chiplet_5', 'to': 'Chiplet_1', 'connection_type': '2.5d_rdl', 'loc': '2.5d_chiplet'},{'from': 'Chiplet_5', 'to': 'Chiplet_2', 'connection_type': '2.5d_rdl', 'loc': '2.5d_chiplet'},{'from': 'Chiplet_4', 'to': 'Chiplet_3', 'connection_type': '2.5d_rdl', 'loc': '2.5d_chiplet'},{'from': 'Chiplet_4', 'to': 'Chiplet_1', 'connection_type': '2.5d_rdl', 'loc': '2.5d_chiplet'},{'from': 'Chiplet_4', 'to': 'Chiplet_2', 'connection_type': '2.5d_rdl', 'loc': '2.5d_chiplet'},{'from': 'Chiplet_2', 'to': 'Chiplet_3', 'connection_type': '2.5d_rdl', 'loc': '2.5d_chiplet'},{'from': 'Chiplet_2', 'to': 'Chiplet_5', 'connection_type': '2.5d_rdl', 'loc': '2.5d_chiplet'},{'from': 'Chiplet_2', 'to': 'Chiplet_4', 'connection_type': '2.5d_rdl', 'loc': '2.5d_chiplet'},{'from': 'Chiplet_2', 'to': 'Chiplet_1', 'connection_type': '2.5d_rdl', 'loc': '2.5d_chiplet'},{'from': 'Chiplet_3', 'to': 'Chiplet_4', 'connection_type': '2.5d_rdl', 'loc': '2.5d_chiplet'},{'from': 'Chiplet_3', 'to': 'Chiplet_2', 'connection_type': '2.5d_rdl', 'loc': '2.5d_chiplet'}",3,1,1,1,1,1,ddr4,ucie_std,ucie_3d,1,0,ws,0,0,0
257,30.76445852546202,3395335.0,178146.0397216116,182643345.38323373,5046.449390567038,6661.808507764123,257,4.818150952,10.4826,6144,192x192,7,0.656621759447044,1.3845915837374998,256,64x64,10,7.419580457366196,12.973514847541198,6144,192x192,10,0.829831759447044,1.3845915837374998,768,64x64,10,3.665749090547913,5.538366334949999,4096,128x128,10,2.597993382379395,3.8395579270749995,512,96x96,14,2.5d,"{'from': 'Chiplet_3', 'to': 'Chiplet_5', 'connection_type': '2.5d_emib', 'loc': '2.5d_chiplet'},{'from': 'Chiplet_3', 'to': 'Chiplet_1', 'connection_type': '2.5d_emib', 'loc': '2.5d_chiplet'},{'from': 'Chiplet_3', 'to': 'Chiplet_6', 'connection_type': '2.5d_emib', 'loc': '2.5d_chiplet'},{'from': 'Chiplet_6', 'to': 'Chiplet_3', 'connection_type': '2.5d_emib', 'loc': '2.5d_chiplet'},{'from': 'Chiplet_6', 'to': 'Chiplet_5', 'connection_type': '2.5d_emib', 'loc': '2.5d_chiplet'},{'from': 'Chiplet_1', 'to': 'Chiplet_3', 'connection_type': '2.5d_emib', 'loc': '2.5d_chiplet'},{'from': 'Chiplet_1', 'to': 'Chiplet_5', 'connection_type': '2.5d_emib', 'loc': '2.5d_chiplet'},{'from': 'Chiplet_1', 'to': 'Chiplet_4', 'connection_type': '2.5d_emib', 'loc': '2.5d_chiplet'},{'from': 'Chiplet_5', 'to': 'Chiplet_3', 'connection_type': '2.5d_emib', 'loc': '2.5d_chiplet'},{'from': 'Chiplet_5', 'to': 'Chiplet_4', 'connection_type': '2.5d_emib', 'loc': '2.5d_chiplet'},{'from': 'Chiplet_5', 'to': 'Chiplet_1', 'connection_type': '2.5d_emib', 'loc': '2.5d_chiplet'},{'from': 'Chiplet_5', 'to': 'Chiplet_2', 'connection_type': '2.5d_emib', 'loc': '2.5d_chiplet'},{'from': 'Chiplet_5', 'to': 'Chiplet_6', 'connection_type': '2.5d_emib', 'loc': '2.5d_chiplet'},{'from': 'Chiplet_4', 'to': 'Chiplet_5', 'connection_type': '2.5d_emib', 'loc': '2.5d_chiplet'},{'from': 'Chiplet_4', 'to': 'Chiplet_1', 'connection_type': '2.5d_emib', 'loc': '2.5d_chiplet'},{'from': 'Chiplet_4', 'to': 'Chiplet_2', 'connection_type': '2.5d_emib', 'loc': '2.5d_chiplet'},{'from': 'Chiplet_2', 'to': 'Chiplet_4', 'connection_type': '2.5d_emib', 'loc': '2.5d_chiplet'},{'from': 'Chiplet_2', 'to': 'Chiplet_5', 'connection_type': '2.5d_emib', 'loc': '2.5d_chiplet'}",1,1,3,1,1,1,ddr4,bow,na,1,0,is,0,0,0
258,30.102816045704497,5017836.43,101428.72324741483,56482710.610957965,2843.713878713879,3079.817151061044,258,2.55521354,4.475,4096,128x128,7,0.378988,1.11875,256,64x64,7,12.799492673176792,15.979573171754398,4096,192x192,14,1.51595254,4.475,1024,128x128,7,1.131132696,2.51875,1536,96x96,7,5.5109919519999995,10.4826,8192,192x192,7,2.5d_3d,"{'from': 'Chiplet_1', 'to': 'Chiplet_5', 'connection_type': '3d_hyb_bond', 'loc': 'stack0_base'},{'from': 'Chiplet_5', 'to': 'Chiplet_2', 'connection_type': '3d_hyb_bond', 'loc': 'stack0_middle1'},{'from': 'Chiplet_2', 'to': 'na', 'connection_type': '3d_hyb_bond', 'loc': 'stack0_top'},{'from': 'Chiplet_3', 'to': 'Chiplet_1', 'connection_type': '2.5d_rdl', 'loc': '2.5d_chiplet'},{'from': 'Chiplet_3', 'to': 'Chiplet_6', 'connection_type': '2.5d_rdl', 'loc': '2.5d_chiplet'},{'from': 'Chiplet_6', 'to': 'Chiplet_3', 'connection_type': '2.5d_rdl', 'loc': '2.5d_chiplet'},{'from': 'Chiplet_6', 'to': 'Chiplet_4', 'connection_type': '2.5d_rdl', 'loc': '2.5d_chiplet'},{'from': 'Chiplet_6', 'to': 'Chiplet_1', 'connection_type': '2.5d_rdl', 'loc': '2.5d_chiplet'},{'from': 'Chiplet_1', 'to': 'Chiplet_3', 'connection_type': '2.5d_rdl', 'loc': '2.5d_chiplet'},{'from': 'Chiplet_1', 'to': 'Chiplet_4', 'connection_type': '2.5d_rdl', 'loc': '2.5d_chiplet'},{'from': 'Chiplet_1', 'to': 'Chiplet_6', 'connection_type': '2.5d_rdl', 'loc': '2.5d_chiplet'},{'from': 'Chiplet_4', 'to': 'Chiplet_1', 'connection_type': '2.5d_rdl', 'loc': '2.5d_chiplet'},{'from': 'Chiplet_4', 'to': 'Chiplet_6', 'connection_type': '2.5d_rdl', 'loc': '2.5d_chiplet'}",2,1,8,1,1,3,hbm3,ucie_std,ucie_3d,1,0,ws,0,0,0
259,32.700510356225,4181447.8,180405.0199507326,49272333.96563222,8840.429055859184,6909.548147352762,259,6.726740457366197,12.973514847541198,4096,192x192,10,8.112421457366196,12.973514847541198,8192,192x192,10,1.743774000637535,1.7054115854749998,1024,64x64,14,2.55521354,4.475,4096,128x128,7,1.249405813087535,1.7054115854749998,256,64x64,14,1.8849981800824636,3.1172648505374996,2048,96x96,10,2.5d,"{'from': 'Chiplet_2', 'to': 'Chiplet_4', 'connection_type': '2.5d_emib', 'loc': '2.5d_chiplet'},{'from': 'Chiplet_2', 'to': 'Chiplet_5', 'connection_type': '2.5d_emib', 'loc': '2.5d_chiplet'},{'from': 'Chiplet_2', 'to': 'Chiplet_1', 'connection_type': '2.5d_emib', 'loc': '2.5d_chiplet'},{'from': 'Chiplet_2', 'to': 'Chiplet_6', 'connection_type': '2.5d_emib', 'loc': '2.5d_chiplet'},{'from': 'Chiplet_6', 'to': 'Chiplet_5', 'connection_type': '2.5d_emib', 'loc': '2.5d_chiplet'},{'from': 'Chiplet_6', 'to': 'Chiplet_2', 'connection_type': '2.5d_emib', 'loc': '2.5d_chiplet'},{'from': 'Chiplet_5', 'to': 'Chiplet_2', 'connection_type': '2.5d_emib', 'loc': '2.5d_chiplet'},{'from': 'Chiplet_5', 'to': 'Chiplet_6', 'connection_type': '2.5d_emib', 'loc': '2.5d_chiplet'},{'from': 'Chiplet_1', 'to': 'Chiplet_4', 'connection_type': '2.5d_emib', 'loc': '2.5d_chiplet'},{'from': 'Chiplet_1', 'to': 'Chiplet_3', 'connection_type': '2.5d_emib', 'loc': '2.5d_chiplet'},{'from': 'Chiplet_1', 'to': 'Chiplet_2', 'connection_type': '2.5d_emib', 'loc': '2.5d_chiplet'},{'from': 'Chiplet_4', 'to': 'Chiplet_3', 'connection_type': '2.5d_emib', 'loc': '2.5d_chiplet'},{'from': 'Chiplet_4', 'to': 'Chiplet_1', 'connection_type': '2.5d_emib', 'loc': '2.5d_chiplet'},{'from': 'Chiplet_4', 'to': 'Chiplet_2', 'connection_type': '2.5d_emib', 'loc': '2.5d_chiplet'},{'from': 'Chiplet_3', 'to': 'Chiplet_4', 'connection_type': '2.5d_emib', 'loc': '2.5d_chiplet'},{'from': 'Chiplet_3', 'to': 'Chiplet_1', 'connection_type': '2.5d_emib', 'loc': '2.5d_chiplet'}",5,6,1,2,1,1,hbm3,bow,na,0,0,is,1,0,0
260,36.58025360586911,5880314.68,119934.83874462488,62709385.63683727,2591.8982362644338,3770.0121330799993,260,8.112421457366196,12.973514847541198,8192,192x192,10,12.799492673176792,15.979573171754398,4096,192x192,14,1.249405813087535,1.7054115854749998,256,64x64,14,2.55521354,4.475,4096,128x128,7,6.975099908490179,6.821646341899999,4096,128x128,14,6.033899457366197,12.973514847541198,2048,192x192,10,2.5d_3d,"{'from': 'Chiplet_1', 'to': 'Chiplet_6', 'connection_type': '3d_tsv', 'loc': 'stack0_base'},{'from': 'Chiplet_6', 'to': 'Chiplet_4', 'connection_type': '3d_tsv', 'loc': 'stack0_middle1'},{'from': 'Chiplet_4', 'to': 'na', 'connection_type': '3d_tsv', 'loc': 'stack0_top'},{'from': 'Chiplet_2', 'to': 'Chiplet_3', 'connection_type': '2.5d_rdl', 'loc': '2.5d_chiplet'},{'from': 'Chiplet_2', 'to': 'Chiplet_5', 'connection_type': '2.5d_rdl', 'loc': '2.5d_chiplet'},{'from': 'Chiplet_2', 'to': 'Chiplet_1', 'connection_type': '2.5d_rdl', 'loc': '2.5d_chiplet'},{'from': 'Chiplet_3', 'to': 'Chiplet_5', 'connection_type': '2.5d_rdl', 'loc': '2.5d_chiplet'},{'from': 'Chiplet_3', 'to': 'Chiplet_2', 'connection_type': '2.5d_rdl', 'loc': '2.5d_chiplet'},{'from': 'Chiplet_1', 'to': 'Chiplet_5', 'connection_type': '2.5d_rdl', 'loc': '2.5d_chiplet'},{'from': 'Chiplet_1', 'to': 'Chiplet_2', 'connection_type': '2.5d_rdl', 'loc': '2.5d_chiplet'},{'from': 'Chiplet_5', 'to': 'Chiplet_3', 'connection_type': '2.5d_rdl', 'loc': '2.5d_chiplet'},{'from': 'Chiplet_5', 'to': 'Chiplet_1', 'connection_type': '2.5d_rdl', 'loc': '2.5d_chiplet'},{'from': 'Chiplet_5', 'to': 'Chiplet_2', 'connection_type': '2.5d_rdl', 'loc': '2.5d_chiplet'}",3,5,1,1,3,3,hbm2,ucie_std,ucie_3d,1,0,os,0,0,0
261,32.62253157559972,3625988.73,90653.48651197908,139416465.78052574,8976.081605238922,9046.513440102279,261,0.378988,1.11875,256,64x64,7,5.5109919519999995,10.4826,8192,192x192,7,8.112421457366196,12.973514847541198,8192,192x192,10,1.3653681800824635,3.1172648505374996,512,96x96,10,3.432469952,10.4826,2048,192x192,7,0.46559300000000003,1.11875,512,64x64,7,2.5d,"{'from': 'Chiplet_3', 'to': 'Chiplet_4', 'connection_type': '2.5d_rdl', 'loc': '2.5d_chiplet'},{'from': 'Chiplet_3', 'to': 'Chiplet_5', 'connection_type': '2.5d_rdl', 'loc': '2.5d_chiplet'},{'from': 'Chiplet_3', 'to': 'Chiplet_2', 'connection_type': '2.5d_rdl', 'loc': '2.5d_chiplet'},{'from': 'Chiplet_4', 'to': 'Chiplet_3', 'connection_type': '2.5d_rdl', 'loc': '2.5d_chiplet'},{'from': 'Chiplet_4', 'to': 'Chiplet_5', 'connection_type': '2.5d_rdl', 'loc': '2.5d_chiplet'},{'from': 'Chiplet_2', 'to': 'Chiplet_3', 'connection_type': '2.5d_rdl', 'loc': '2.5d_chiplet'},{'from': 'Chiplet_2', 'to': 'Chiplet_5', 'connection_type': '2.5d_rdl', 'loc': '2.5d_chiplet'},{'from': 'Chiplet_2', 'to': 'Chiplet_6', 'connection_type': '2.5d_rdl', 'loc': '2.5d_chiplet'},{'from': 'Chiplet_5', 'to': 'Chiplet_3', 'connection_type': '2.5d_rdl', 'loc': '2.5d_chiplet'},{'from': 'Chiplet_5', 'to': 'Chiplet_4', 'connection_type': '2.5d_rdl', 'loc': '2.5d_chiplet'},{'from': 'Chiplet_5', 'to': 'Chiplet_1', 'connection_type': '2.5d_rdl', 'loc': '2.5d_chiplet'},{'from': 'Chiplet_5', 'to': 'Chiplet_2', 'connection_type': '2.5d_rdl', 'loc': '2.5d_chiplet'},{'from': 'Chiplet_5', 'to': 'Chiplet_6', 'connection_type': '2.5d_rdl', 'loc': '2.5d_chiplet'},{'from': 'Chiplet_6', 'to': 'Chiplet_5', 'connection_type': '2.5d_rdl', 'loc': '2.5d_chiplet'},{'from': 'Chiplet_6', 'to': 'Chiplet_1', 'connection_type': '2.5d_rdl', 'loc': '2.5d_chiplet'},{'from': 'Chiplet_6', 'to': 'Chiplet_2', 'connection_type': '2.5d_rdl', 'loc': '2.5d_chiplet'},{'from': 'Chiplet_1', 'to': 'Chiplet_5', 'connection_type': '2.5d_rdl', 'loc': '2.5d_chiplet'},{'from': 'Chiplet_1', 'to': 'Chiplet_6', 'connection_type': '2.5d_rdl', 'loc': '2.5d_chiplet'}",1,1,3,1,1,1,ddr4,ucie_std,na,0,0,ws,1,0,0
262,8.792862199683526,2694009.33,107159.13082952006,129637357.1645633,3263.869913869914,4115.802164185407,262,0.552198,1.11875,768,64x64,7,3.3193280905479132,5.538366334949999,3072,128x128,10,5.5109919519999995,10.4826,8192,192x192,7,3.3193280905479132,5.538366334949999,3072,128x128,10,1.578984604787535,1.7054115854749998,768,64x64,14,1.86237254,4.475,2048,128x128,7,2.5d_3d,"{'from': 'Chiplet_3', 'to': 'Chiplet_2', 'connection_type': '3d_u_bump', 'loc': 'stack0_base'},{'from': 'Chiplet_2', 'to': 'Chiplet_4', 'connection_type': '3d_u_bump', 'loc': 'stack0_middle1'},{'from': 'Chiplet_4', 'to': 'Chiplet_6', 'connection_type': '3d_u_bump', 'loc': 'stack0_middle2'},{'from': 'Chiplet_6', 'to': 'Chiplet_1', 'connection_type': '3d_u_bump', 'loc': 'stack0_middle3'},{'from': 'Chiplet_1', 'to': 'na', 'connection_type': '3d_u_bump', 'loc': 'stack0_top'},{'from': 'Chiplet_3', 'to': 'Chiplet_5', 'connection_type': '2.5d_emib', 'loc': '2.5d_chiplet'},{'from': 'Chiplet_5', 'to': 'Chiplet_3', 'connection_type': '2.5d_emib', 'loc': '2.5d_chiplet'}",1,1,3,1,1,1,ddr5,bow,ucie_3d,1,0,os,0,0,0
263,60.33822485105214,5625319.13,106032.03931328734,52025768.562533736,2403.713878713879,2984.0461492714558,263,15.436124909546791,15.979573171754398,8192,192x192,14,0.784712696,2.51875,512,96x96,7,6.726740457366197,12.973514847541198,4096,192x192,10,1.51595254,4.475,1024,128x128,7,5.656782838920179,6.821646341899999,2048,128x128,14,1.7117881800824635,3.1172648505374996,1536,96x96,10,2.5d,"{'from': 'Chiplet_1', 'to': 'Chiplet_3', 'connection_type': '2.5d_rdl', 'loc': '2.5d_chiplet'},{'from': 'Chiplet_1', 'to': 'Chiplet_2', 'connection_type': '2.5d_rdl', 'loc': '2.5d_chiplet'},{'from': 'Chiplet_2', 'to': 'Chiplet_3', 'connection_type': '2.5d_rdl', 'loc': '2.5d_chiplet'},{'from': 'Chiplet_2', 'to': 'Chiplet_1', 'connection_type': '2.5d_rdl', 'loc': '2.5d_chiplet'},{'from': 'Chiplet_3', 'to': 'Chiplet_4', 'connection_type': '2.5d_rdl', 'loc': '2.5d_chiplet'},{'from': 'Chiplet_3', 'to': 'Chiplet_1', 'connection_type': '2.5d_rdl', 'loc': '2.5d_chiplet'},{'from': 'Chiplet_3', 'to': 'Chiplet_2', 'connection_type': '2.5d_rdl', 'loc': '2.5d_chiplet'},{'from': 'Chiplet_3', 'to': 'Chiplet_6', 'connection_type': '2.5d_rdl', 'loc': '2.5d_chiplet'},{'from': 'Chiplet_3', 'to': 'Chiplet_5', 'connection_type': '2.5d_rdl', 'loc': '2.5d_chiplet'},{'from': 'Chiplet_4', 'to': 'Chiplet_3', 'connection_type': '2.5d_rdl', 'loc': '2.5d_chiplet'},{'from': 'Chiplet_4', 'to': 'Chiplet_6', 'connection_type': '2.5d_rdl', 'loc': '2.5d_chiplet'},{'from': 'Chiplet_5', 'to': 'Chiplet_3', 'connection_type': '2.5d_rdl', 'loc': '2.5d_chiplet'},{'from': 'Chiplet_5', 'to': 'Chiplet_6', 'connection_type': '2.5d_rdl', 'loc': '2.5d_chiplet'},{'from': 'Chiplet_6', 'to': 'Chiplet_3', 'connection_type': '2.5d_rdl', 'loc': '2.5d_chiplet'},{'from': 'Chiplet_6', 'to': 'Chiplet_5', 'connection_type': '2.5d_rdl', 'loc': '2.5d_chiplet'},{'from': 'Chiplet_6', 'to': 'Chiplet_4', 'connection_type': '2.5d_rdl', 'loc': '2.5d_chiplet'}",7,1,3,1,3,1,hbm3,ucie_std,na,1,0,os,0,0,0
264,16.917378895425315,3191073.71,78480.50652436755,44222078.61080657,5016.442542787287,3535.8570975188672,264,3.5867297574793953,3.8395579270749995,2048,96x96,14,6.726740457366197,12.973514847541198,4096,192x192,10,0.957922696,2.51875,1024,96x96,7,3.5867297574793953,3.8395579270749995,2048,96x96,14,3.5867297574793953,3.8395579270749995,2048,96x96,14,1.304342696,2.51875,2048,96x96,7,2.5d_3d,"{'from': 'Chiplet_5', 'to': 'Chiplet_1', 'connection_type': '3d_hyb_bond', 'loc': 'stack0_base'},{'from': 'Chiplet_1', 'to': 'Chiplet_4', 'connection_type': '3d_hyb_bond', 'loc': 'stack0_middle1'},{'from': 'Chiplet_4', 'to': 'Chiplet_6', 'connection_type': '3d_hyb_bond', 'loc': 'stack0_middle2'},{'from': 'Chiplet_6', 'to': 'na', 'connection_type': '3d_hyb_bond', 'loc': 'stack0_top'},{'from': 'Chiplet_2', 'to': 'Chiplet_3', 'connection_type': '2.5d_rdl', 'loc': '2.5d_chiplet'},{'from': 'Chiplet_2', 'to': 'Chiplet_5', 'connection_type': '2.5d_rdl', 'loc': '2.5d_chiplet'},{'from': 'Chiplet_5', 'to': 'Chiplet_3', 'connection_type': '2.5d_rdl', 'loc': '2.5d_chiplet'},{'from': 'Chiplet_5', 'to': 'Chiplet_2', 'connection_type': '2.5d_rdl', 'loc': '2.5d_chiplet'},{'from': 'Chiplet_3', 'to': 'Chiplet_5', 'connection_type': '2.5d_rdl', 'loc': '2.5d_chiplet'},{'from': 'Chiplet_3', 'to': 'Chiplet_2', 'connection_type': '2.5d_rdl', 'loc': '2.5d_chiplet'}",3,5,1,3,3,1,hbm3,ucie_std,ucie_3d,0,0,os,0,0,0
265,17.897861118753678,3518361.73,124947.99302958301,125648170.29049231,2795.5137614678897,4502.54698828165,265,7.419580457366196,12.973514847541198,6144,192x192,10,3.432469952,10.4826,2048,192x192,7,1.8849981800824636,3.1172648505374996,2048,96x96,10,0.552198,1.11875,768,64x64,7,2.55521354,4.475,4096,128x128,7,3.432469952,10.4826,2048,192x192,7,2.5d_3d,"{'from': 'Chiplet_2', 'to': 'Chiplet_6', 'connection_type': '3d_tsv', 'loc': 'stack0_base'},{'from': 'Chiplet_6', 'to': 'Chiplet_3', 'connection_type': '3d_tsv', 'loc': 'stack0_middle1'},{'from': 'Chiplet_3', 'to': 'Chiplet_4', 'connection_type': '3d_tsv', 'loc': 'stack0_middle2'},{'from': 'Chiplet_4', 'to': 'na', 'connection_type': '3d_tsv', 'loc': 'stack0_top'},{'from': 'Chiplet_1', 'to': 'Chiplet_5', 'connection_type': '2.5d_emib', 'loc': '2.5d_chiplet'},{'from': 'Chiplet_1', 'to': 'Chiplet_2', 'connection_type': '2.5d_emib', 'loc': '2.5d_chiplet'},{'from': 'Chiplet_2', 'to': 'Chiplet_5', 'connection_type': '2.5d_emib', 'loc': '2.5d_chiplet'},{'from': 'Chiplet_2', 'to': 'Chiplet_1', 'connection_type': '2.5d_emib', 'loc': '2.5d_chiplet'},{'from': 'Chiplet_5', 'to': 'Chiplet_1', 'connection_type': '2.5d_emib', 'loc': '2.5d_chiplet'},{'from': 'Chiplet_5', 'to': 'Chiplet_2', 'connection_type': '2.5d_emib', 'loc': '2.5d_chiplet'}",3,1,1,1,1,1,ddr5,bow,ucie_3d,0,0,ws,0,0,0
266,31.19924944046365,2815307.32,165360.41825996048,141985638.33827955,27349.432482687313,15610.243669207828,266,1.86237254,4.475,2048,128x128,7,3.2571509657793953,3.8395579270749995,1536,96x96,14,1.304342696,2.51875,2048,96x96,7,5.656782838920179,6.821646341899999,2048,128x128,14,6.975099908490179,6.821646341899999,4096,128x128,14,0.743226759447044,1.3845915837374998,512,64x64,10,2.5d,"{'from': 'Chiplet_5', 'to': 'Chiplet_4', 'connection_type': '2.5d_emib', 'loc': '2.5d_chiplet'},{'from': 'Chiplet_5', 'to': 'Chiplet_3', 'connection_type': '2.5d_emib', 'loc': '2.5d_chiplet'},{'from': 'Chiplet_5', 'to': 'Chiplet_1', 'connection_type': '2.5d_emib', 'loc': '2.5d_chiplet'},{'from': 'Chiplet_5', 'to': 'Chiplet_2', 'connection_type': '2.5d_emib', 'loc': '2.5d_chiplet'},{'from': 'Chiplet_1', 'to': 'Chiplet_3', 'connection_type': '2.5d_emib', 'loc': '2.5d_chiplet'},{'from': 'Chiplet_1', 'to': 'Chiplet_5', 'connection_type': '2.5d_emib', 'loc': '2.5d_chiplet'},{'from': 'Chiplet_3', 'to': 'Chiplet_5', 'connection_type': '2.5d_emib', 'loc': '2.5d_chiplet'},{'from': 'Chiplet_3', 'to': 'Chiplet_1', 'connection_type': '2.5d_emib', 'loc': '2.5d_chiplet'},{'from': 'Chiplet_4', 'to': 'Chiplet_5', 'connection_type': '2.5d_emib', 'loc': '2.5d_chiplet'},{'from': 'Chiplet_4', 'to': 'Chiplet_2', 'connection_type': '2.5d_emib', 'loc': '2.5d_chiplet'},{'from': 'Chiplet_4', 'to': 'Chiplet_6', 'connection_type': '2.5d_emib', 'loc': '2.5d_chiplet'},{'from': 'Chiplet_2', 'to': 'Chiplet_4', 'connection_type': '2.5d_emib', 'loc': '2.5d_chiplet'},{'from': 'Chiplet_2', 'to': 'Chiplet_5', 'connection_type': '2.5d_emib', 'loc': '2.5d_chiplet'},{'from': 'Chiplet_2', 'to': 'Chiplet_6', 'connection_type': '2.5d_emib', 'loc': '2.5d_chiplet'},{'from': 'Chiplet_6', 'to': 'Chiplet_4', 'connection_type': '2.5d_emib', 'loc': '2.5d_chiplet'},{'from': 'Chiplet_6', 'to': 'Chiplet_2', 'connection_type': '2.5d_emib', 'loc': '2.5d_chiplet'}",1,1,1,2,2,1,ddr4,ucie_adv,na,1,0,os,1,0,0
267,22.419089503191707,3003231.27,163624.44528532584,42034222.196041316,4359.277737395097,3234.9085335909554,267,0.916436759447044,1.3845915837374998,1024,64x64,10,4.1253109519999995,10.4826,4096,192x192,7,6.033899457366197,12.973514847541198,2048,192x192,10,1.8849981800824636,3.1172648505374996,2048,96x96,10,0.829831759447044,1.3845915837374998,768,64x64,10,0.743226759447044,1.3845915837374998,512,64x64,10,2.5d,"{'from': 'Chiplet_3', 'to': 'Chiplet_4', 'connection_type': '2.5d_emib', 'loc': '2.5d_chiplet'},{'from': 'Chiplet_3', 'to': 'Chiplet_5', 'connection_type': '2.5d_emib', 'loc': '2.5d_chiplet'},{'from': 'Chiplet_3', 'to': 'Chiplet_2', 'connection_type': '2.5d_emib', 'loc': '2.5d_chiplet'},{'from': 'Chiplet_3', 'to': 'Chiplet_6', 'connection_type': '2.5d_emib', 'loc': '2.5d_chiplet'},{'from': 'Chiplet_5', 'to': 'Chiplet_3', 'connection_type': '2.5d_emib', 'loc': '2.5d_chiplet'},{'from': 'Chiplet_5', 'to': 'Chiplet_6', 'connection_type': '2.5d_emib', 'loc': '2.5d_chiplet'},{'from': 'Chiplet_6', 'to': 'Chiplet_3', 'connection_type': '2.5d_emib', 'loc': '2.5d_chiplet'},{'from': 'Chiplet_6', 'to': 'Chiplet_5', 'connection_type': '2.5d_emib', 'loc': '2.5d_chiplet'},{'from': 'Chiplet_2', 'to': 'Chiplet_3', 'connection_type': '2.5d_emib', 'loc': '2.5d_chiplet'},{'from': 'Chiplet_2', 'to': 'Chiplet_4', 'connection_type': '2.5d_emib', 'loc': '2.5d_chiplet'},{'from': 'Chiplet_2', 'to': 'Chiplet_1', 'connection_type': '2.5d_emib', 'loc': '2.5d_chiplet'},{'from': 'Chiplet_4', 'to': 'Chiplet_3', 'connection_type': '2.5d_emib', 'loc': '2.5d_chiplet'},{'from': 'Chiplet_4', 'to': 'Chiplet_1', 'connection_type': '2.5d_emib', 'loc': '2.5d_chiplet'},{'from': 'Chiplet_4', 'to': 'Chiplet_2', 'connection_type': '2.5d_emib', 'loc': '2.5d_chiplet'},{'from': 'Chiplet_1', 'to': 'Chiplet_4', 'connection_type': '2.5d_emib', 'loc': '2.5d_chiplet'},{'from': 'Chiplet_1', 'to': 'Chiplet_2', 'connection_type': '2.5d_emib', 'loc': '2.5d_chiplet'}",1,4,7,2,1,1,hbm3,bow,na,0,0,ws,0,0,0
268,22.06368431279138,3403394.41,70687.18267014824,44887014.69304944,4302.9587628865975,3170.8284513435574,268,1.8849981800824636,3.1172648505374996,2048,96x96,10,5.656782838920179,6.821646341899999,2048,128x128,14,1.304342696,2.51875,2048,96x96,7,0.784712696,2.51875,512,96x96,7,8.112421457366196,12.973514847541198,8192,192x192,10,1.249405813087535,1.7054115854749998,256,64x64,14,2.5d_3d,"{'from': 'Chiplet_1', 'to': 'Chiplet_6', 'connection_type': '3d_u_bump', 'loc': 'stack0_base'},{'from': 'Chiplet_6', 'to': 'Chiplet_4', 'connection_type': '3d_u_bump', 'loc': 'stack0_middle1'},{'from': 'Chiplet_4', 'to': 'na', 'connection_type': '3d_u_bump', 'loc': 'stack0_top'},{'from': 'Chiplet_5', 'to': 'Chiplet_1', 'connection_type': '2.5d_rdl', 'loc': '2.5d_chiplet'},{'from': 'Chiplet_5', 'to': 'Chiplet_2', 'connection_type': '2.5d_rdl', 'loc': '2.5d_chiplet'},{'from': 'Chiplet_2', 'to': 'Chiplet_3', 'connection_type': '2.5d_rdl', 'loc': '2.5d_chiplet'},{'from': 'Chiplet_2', 'to': 'Chiplet_5', 'connection_type': '2.5d_rdl', 'loc': '2.5d_chiplet'},{'from': 'Chiplet_2', 'to': 'Chiplet_1', 'connection_type': '2.5d_rdl', 'loc': '2.5d_chiplet'},{'from': 'Chiplet_1', 'to': 'Chiplet_3', 'connection_type': '2.5d_rdl', 'loc': '2.5d_chiplet'},{'from': 'Chiplet_1', 'to': 'Chiplet_5', 'connection_type': '2.5d_rdl', 'loc': '2.5d_chiplet'},{'from': 'Chiplet_1', 'to': 'Chiplet_2', 'connection_type': '2.5d_rdl', 'loc': '2.5d_chiplet'},{'from': 'Chiplet_3', 'to': 'Chiplet_1', 'connection_type': '2.5d_rdl', 'loc': '2.5d_chiplet'},{'from': 'Chiplet_3', 'to': 'Chiplet_2', 'connection_type': '2.5d_rdl', 'loc': '2.5d_chiplet'}",2,4,1,1,7,1,hbm3,ucie_std,ucie_3d,1,0,ws,0,0,0
269,57.681041406305596,6329989.69,131314.11543704866,67540412.00381067,3010.8333333333335,4388.405130514159,269,14.117807839976791,15.979573171754398,6144,192x192,14,14.117807839976791,15.979573171754398,6144,192x192,14,6.975099908490179,6.821646341899999,4096,128x128,14,1.7117881800824635,3.1172648505374996,1536,96x96,10,3.432469952,10.4826,2048,192x192,7,1.51595254,4.475,1024,128x128,7,2.5d,"{'from': 'Chiplet_1', 'to': 'Chiplet_3', 'connection_type': '2.5d_rdl', 'loc': '2.5d_chiplet'},{'from': 'Chiplet_1', 'to': 'Chiplet_2', 'connection_type': '2.5d_rdl', 'loc': '2.5d_chiplet'},{'from': 'Chiplet_3', 'to': 'Chiplet_5', 'connection_type': '2.5d_rdl', 'loc': '2.5d_chiplet'},{'from': 'Chiplet_3', 'to': 'Chiplet_1', 'connection_type': '2.5d_rdl', 'loc': '2.5d_chiplet'},{'from': 'Chiplet_2', 'to': 'Chiplet_4', 'connection_type': '2.5d_rdl', 'loc': '2.5d_chiplet'},{'from': 'Chiplet_2', 'to': 'Chiplet_5', 'connection_type': '2.5d_rdl', 'loc': '2.5d_chiplet'},{'from': 'Chiplet_2', 'to': 'Chiplet_1', 'connection_type': '2.5d_rdl', 'loc': '2.5d_chiplet'},{'from': 'Chiplet_5', 'to': 'Chiplet_3', 'connection_type': '2.5d_rdl', 'loc': '2.5d_chiplet'},{'from': 'Chiplet_5', 'to': 'Chiplet_4', 'connection_type': '2.5d_rdl', 'loc': '2.5d_chiplet'},{'from': 'Chiplet_5', 'to': 'Chiplet_2', 'connection_type': '2.5d_rdl', 'loc': '2.5d_chiplet'},{'from': 'Chiplet_5', 'to': 'Chiplet_6', 'connection_type': '2.5d_rdl', 'loc': '2.5d_chiplet'},{'from': 'Chiplet_4', 'to': 'Chiplet_5', 'connection_type': '2.5d_rdl', 'loc': '2.5d_chiplet'},{'from': 'Chiplet_4', 'to': 'Chiplet_2', 'connection_type': '2.5d_rdl', 'loc': '2.5d_chiplet'},{'from': 'Chiplet_4', 'to': 'Chiplet_6', 'connection_type': '2.5d_rdl', 'loc': '2.5d_chiplet'},{'from': 'Chiplet_6', 'to': 'Chiplet_4', 'connection_type': '2.5d_rdl', 'loc': '2.5d_chiplet'},{'from': 'Chiplet_6', 'to': 'Chiplet_5', 'connection_type': '2.5d_rdl', 'loc': '2.5d_chiplet'}",5,5,3,1,1,1,hbm2,ucie_std,na,0,0,ws,0,0,0
270,42.806374598087004,4232730.43,106075.59008533343,141443899.69380435,18631.636113627024,17368.976429518836,270,1.86237254,4.475,2048,128x128,7,0.656621759447044,1.3845915837374998,256,64x64,10,2.927572174079395,3.8395579270749995,1024,96x96,14,2.55521354,4.475,4096,128x128,7,8.112421457366196,12.973514847541198,8192,192x192,10,14.117807839976791,15.979573171754398,6144,192x192,14,2.5d,"{'from': 'Chiplet_6', 'to': 'Chiplet_3', 'connection_type': '2.5d_rdl', 'loc': '2.5d_chiplet'},{'from': 'Chiplet_6', 'to': 'Chiplet_5', 'connection_type': '2.5d_rdl', 'loc': '2.5d_chiplet'},{'from': 'Chiplet_6', 'to': 'Chiplet_2', 'connection_type': '2.5d_rdl', 'loc': '2.5d_chiplet'},{'from': 'Chiplet_2', 'to': 'Chiplet_3', 'connection_type': '2.5d_rdl', 'loc': '2.5d_chiplet'},{'from': 'Chiplet_2', 'to': 'Chiplet_6', 'connection_type': '2.5d_rdl', 'loc': '2.5d_chiplet'},{'from': 'Chiplet_5', 'to': 'Chiplet_3', 'connection_type': '2.5d_rdl', 'loc': '2.5d_chiplet'},{'from': 'Chiplet_5', 'to': 'Chiplet_4', 'connection_type': '2.5d_rdl', 'loc': '2.5d_chiplet'},{'from': 'Chiplet_5', 'to': 'Chiplet_6', 'connection_type': '2.5d_rdl', 'loc': '2.5d_chiplet'},{'from': 'Chiplet_3', 'to': 'Chiplet_4', 'connection_type': '2.5d_rdl', 'loc': '2.5d_chiplet'},{'from': 'Chiplet_3', 'to': 'Chiplet_1', 'connection_type': '2.5d_rdl', 'loc': '2.5d_chiplet'},{'from': 'Chiplet_3', 'to': 'Chiplet_2', 'connection_type': '2.5d_rdl', 'loc': '2.5d_chiplet'},{'from': 'Chiplet_3', 'to': 'Chiplet_6', 'connection_type': '2.5d_rdl', 'loc': '2.5d_chiplet'},{'from': 'Chiplet_3', 'to': 'Chiplet_5', 'connection_type': '2.5d_rdl', 'loc': '2.5d_chiplet'},{'from': 'Chiplet_4', 'to': 'Chiplet_3', 'connection_type': '2.5d_rdl', 'loc': '2.5d_chiplet'},{'from': 'Chiplet_4', 'to': 'Chiplet_5', 'connection_type': '2.5d_rdl', 'loc': '2.5d_chiplet'},{'from': 'Chiplet_4', 'to': 'Chiplet_1', 'connection_type': '2.5d_rdl', 'loc': '2.5d_chiplet'},{'from': 'Chiplet_1', 'to': 'Chiplet_3', 'connection_type': '2.5d_rdl', 'loc': '2.5d_chiplet'},{'from': 'Chiplet_1', 'to': 'Chiplet_4', 'connection_type': '2.5d_rdl', 'loc': '2.5d_chiplet'}",1,1,1,1,1,3,ddr4,ucie_std,na,1,0,os,1,0,0
271,23.075144426952615,3421410.86,143790.72585094726,40839517.82970398,10899.300108474947,7183.4669253813645,271,3.2571509657793953,3.8395579270749995,1536,96x96,14,1.7117881800824635,3.1172648505374996,1536,96x96,10,0.552198,1.11875,768,64x64,7,2.6264880905479133,5.538366334949999,1024,128x128,10,11.481175603606792,15.979573171754398,2048,192x192,14,1.304342696,2.51875,2048,96x96,7,2.5d_3d,"{'from': 'Chiplet_4', 'to': 'Chiplet_6', 'connection_type': '3d_u_bump', 'loc': 'stack0_base'},{'from': 'Chiplet_6', 'to': 'na', 'connection_type': '3d_u_bump', 'loc': 'stack0_top'},{'from': 'Chiplet_5', 'to': 'Chiplet_4', 'connection_type': '2.5d_emib', 'loc': '2.5d_chiplet'},{'from': 'Chiplet_5', 'to': 'Chiplet_1', 'connection_type': '2.5d_emib', 'loc': '2.5d_chiplet'},{'from': 'Chiplet_1', 'to': 'Chiplet_3', 'connection_type': '2.5d_emib', 'loc': '2.5d_chiplet'},{'from': 'Chiplet_1', 'to': 'Chiplet_5', 'connection_type': '2.5d_emib', 'loc': '2.5d_chiplet'},{'from': 'Chiplet_1', 'to': 'Chiplet_4', 'connection_type': '2.5d_emib', 'loc': '2.5d_chiplet'},{'from': 'Chiplet_1', 'to': 'Chiplet_2', 'connection_type': '2.5d_emib', 'loc': '2.5d_chiplet'},{'from': 'Chiplet_3', 'to': 'Chiplet_1', 'connection_type': '2.5d_emib', 'loc': '2.5d_chiplet'},{'from': 'Chiplet_3', 'to': 'Chiplet_2', 'connection_type': '2.5d_emib', 'loc': '2.5d_chiplet'},{'from': 'Chiplet_4', 'to': 'Chiplet_5', 'connection_type': '2.5d_emib', 'loc': '2.5d_chiplet'},{'from': 'Chiplet_4', 'to': 'Chiplet_1', 'connection_type': '2.5d_emib', 'loc': '2.5d_chiplet'},{'from': 'Chiplet_4', 'to': 'Chiplet_2', 'connection_type': '2.5d_emib', 'loc': '2.5d_chiplet'},{'from': 'Chiplet_2', 'to': 'Chiplet_4', 'connection_type': '2.5d_emib', 'loc': '2.5d_chiplet'},{'from': 'Chiplet_2', 'to': 'Chiplet_1', 'connection_type': '2.5d_emib', 'loc': '2.5d_chiplet'},{'from': 'Chiplet_2', 'to': 'Chiplet_3', 'connection_type': '2.5d_emib', 'loc': '2.5d_chiplet'}",2,1,1,2,9,1,hbm2,aib,ucie_3d,0,0,ws,1,0,0
272,9.625975241711734,1205495.44,31645.88070686834,35416258.306992546,8837.287581699347,2792.9682350888525,272,1.86237254,4.475,2048,128x128,7,0.378988,1.11875,256,64x64,7,0.656621759447044,1.3845915837374998,256,64x64,10,1.4141952089375351,1.7054115854749998,512,64x64,14,1.3653681800824635,3.1172648505374996,512,96x96,10,0.656621759447044,1.3845915837374998,256,64x64,10,2.5d,"{'from': 'Chiplet_1', 'to': 'Chiplet_4', 'connection_type': '2.5d_rdl', 'loc': '2.5d_chiplet'},{'from': 'Chiplet_1', 'to': 'Chiplet_5', 'connection_type': '2.5d_rdl', 'loc': '2.5d_chiplet'},{'from': 'Chiplet_1', 'to': 'Chiplet_3', 'connection_type': '2.5d_rdl', 'loc': '2.5d_chiplet'},{'from': 'Chiplet_1', 'to': 'Chiplet_6', 'connection_type': '2.5d_rdl', 'loc': '2.5d_chiplet'},{'from': 'Chiplet_3', 'to': 'Chiplet_1', 'connection_type': '2.5d_rdl', 'loc': '2.5d_chiplet'},{'from': 'Chiplet_3', 'to': 'Chiplet_6', 'connection_type': '2.5d_rdl', 'loc': '2.5d_chiplet'},{'from': 'Chiplet_6', 'to': 'Chiplet_3', 'connection_type': '2.5d_rdl', 'loc': '2.5d_chiplet'},{'from': 'Chiplet_6', 'to': 'Chiplet_1', 'connection_type': '2.5d_rdl', 'loc': '2.5d_chiplet'},{'from': 'Chiplet_4', 'to': 'Chiplet_5', 'connection_type': '2.5d_rdl', 'loc': '2.5d_chiplet'},{'from': 'Chiplet_4', 'to': 'Chiplet_1', 'connection_type': '2.5d_rdl', 'loc': '2.5d_chiplet'},{'from': 'Chiplet_4', 'to': 'Chiplet_2', 'connection_type': '2.5d_rdl', 'loc': '2.5d_chiplet'},{'from': 'Chiplet_5', 'to': 'Chiplet_4', 'connection_type': '2.5d_rdl', 'loc': '2.5d_chiplet'},{'from': 'Chiplet_5', 'to': 'Chiplet_1', 'connection_type': '2.5d_rdl', 'loc': '2.5d_chiplet'},{'from': 'Chiplet_5', 'to': 'Chiplet_2', 'connection_type': '2.5d_rdl', 'loc': '2.5d_chiplet'},{'from': 'Chiplet_2', 'to': 'Chiplet_4', 'connection_type': '2.5d_rdl', 'loc': '2.5d_chiplet'},{'from': 'Chiplet_2', 'to': 'Chiplet_5', 'connection_type': '2.5d_rdl', 'loc': '2.5d_chiplet'}",5,1,2,3,3,2,hbm3,ucie_std,na,1,0,ws,0,0,0
273,22.06368431279138,3243801.46,122227.20219064597,46572445.46804167,5016.391304347826,3557.1776057575794,273,0.784712696,2.51875,512,96x96,7,5.656782838920179,6.821646341899999,2048,128x128,14,1.51595254,4.475,1024,128x128,7,0.378988,1.11875,256,64x64,7,8.112421457366196,12.973514847541198,8192,192x192,10,0.743226759447044,1.3845915837374998,512,64x64,10,2.5d_3d,"{'from': 'Chiplet_2', 'to': 'Chiplet_3', 'connection_type': '3d_tsv', 'loc': 'stack0_base'},{'from': 'Chiplet_3', 'to': 'Chiplet_6', 'connection_type': '3d_tsv', 'loc': 'stack0_middle1'},{'from': 'Chiplet_6', 'to': 'na', 'connection_type': '3d_tsv', 'loc': 'stack0_top'},{'from': 'Chiplet_5', 'to': 'Chiplet_1', 'connection_type': '2.5d_emib', 'loc': '2.5d_chiplet'},{'from': 'Chiplet_5', 'to': 'Chiplet_2', 'connection_type': '2.5d_emib', 'loc': '2.5d_chiplet'},{'from': 'Chiplet_2', 'to': 'Chiplet_4', 'connection_type': '2.5d_emib', 'loc': '2.5d_chiplet'},{'from': 'Chiplet_2', 'to': 'Chiplet_5', 'connection_type': '2.5d_emib', 'loc': '2.5d_chiplet'},{'from': 'Chiplet_2', 'to': 'Chiplet_1', 'connection_type': '2.5d_emib', 'loc': '2.5d_chiplet'},{'from': 'Chiplet_1', 'to': 'Chiplet_4', 'connection_type': '2.5d_emib', 'loc': '2.5d_chiplet'},{'from': 'Chiplet_1', 'to': 'Chiplet_5', 'connection_type': '2.5d_emib', 'loc': '2.5d_chiplet'},{'from': 'Chiplet_1', 'to': 'Chiplet_2', 'connection_type': '2.5d_emib', 'loc': '2.5d_chiplet'},{'from': 'Chiplet_4', 'to': 'Chiplet_1', 'connection_type': '2.5d_emib', 'loc': '2.5d_chiplet'},{'from': 'Chiplet_4', 'to': 'Chiplet_2', 'connection_type': '2.5d_emib', 'loc': '2.5d_chiplet'}",1,5,1,1,7,1,hbm3,bow,ucie_3d,0,0,os,0,0,0
274,31.80713639786979,3486450.81,167558.72523577776,39937910.68226233,8840.429055859184,5760.398709101905,274,6.726740457366197,12.973514847541198,4096,192x192,10,1.86237254,4.475,2048,128x128,7,0.552198,1.11875,768,64x64,7,5.656782838920179,6.821646341899999,2048,128x128,14,3.5867297574793953,3.8395579270749995,2048,96x96,14,1.249405813087535,1.7054115854749998,256,64x64,14,2.5d,"{'from': 'Chiplet_1', 'to': 'Chiplet_4', 'connection_type': '2.5d_emib', 'loc': '2.5d_chiplet'},{'from': 'Chiplet_1', 'to': 'Chiplet_5', 'connection_type': '2.5d_emib', 'loc': '2.5d_chiplet'},{'from': 'Chiplet_1', 'to': 'Chiplet_2', 'connection_type': '2.5d_emib', 'loc': '2.5d_chiplet'},{'from': 'Chiplet_1', 'to': 'Chiplet_6', 'connection_type': '2.5d_emib', 'loc': '2.5d_chiplet'},{'from': 'Chiplet_2', 'to': 'Chiplet_1', 'connection_type': '2.5d_emib', 'loc': '2.5d_chiplet'},{'from': 'Chiplet_2', 'to': 'Chiplet_6', 'connection_type': '2.5d_emib', 'loc': '2.5d_chiplet'},{'from': 'Chiplet_6', 'to': 'Chiplet_1', 'connection_type': '2.5d_emib', 'loc': '2.5d_chiplet'},{'from': 'Chiplet_6', 'to': 'Chiplet_2', 'connection_type': '2.5d_emib', 'loc': '2.5d_chiplet'},{'from': 'Chiplet_4', 'to': 'Chiplet_3', 'connection_type': '2.5d_emib', 'loc': '2.5d_chiplet'},{'from': 'Chiplet_4', 'to': 'Chiplet_5', 'connection_type': '2.5d_emib', 'loc': '2.5d_chiplet'},{'from': 'Chiplet_4', 'to': 'Chiplet_1', 'connection_type': '2.5d_emib', 'loc': '2.5d_chiplet'},{'from': 'Chiplet_5', 'to': 'Chiplet_3', 'connection_type': '2.5d_emib', 'loc': '2.5d_chiplet'},{'from': 'Chiplet_5', 'to': 'Chiplet_4', 'connection_type': '2.5d_emib', 'loc': '2.5d_chiplet'},{'from': 'Chiplet_5', 'to': 'Chiplet_1', 'connection_type': '2.5d_emib', 'loc': '2.5d_chiplet'},{'from': 'Chiplet_3', 'to': 'Chiplet_4', 'connection_type': '2.5d_emib', 'loc': '2.5d_chiplet'},{'from': 'Chiplet_3', 'to': 'Chiplet_5', 'connection_type': '2.5d_emib', 'loc': '2.5d_chiplet'}",5,1,1,5,3,1,hbm3,bow,na,0,0,is,1,0,0
275,23.73472045689591,2787803.63,169042.00475401903,128574975.97030401,14526.910527941076,10871.27386898205,275,4.1253109519999995,10.4826,4096,192x192,7,0.784712696,2.51875,512,96x96,7,0.743226759447044,1.3845915837374998,512,64x64,10,1.8849981800824636,3.1172648505374996,2048,96x96,10,0.829831759447044,1.3845915837374998,768,64x64,10,7.419580457366196,12.973514847541198,6144,192x192,10,2.5d,"{'from': 'Chiplet_6', 'to': 'Chiplet_4', 'connection_type': '2.5d_emib', 'loc': '2.5d_chiplet'},{'from': 'Chiplet_6', 'to': 'Chiplet_1', 'connection_type': '2.5d_emib', 'loc': '2.5d_chiplet'},{'from': 'Chiplet_6', 'to': 'Chiplet_3', 'connection_type': '2.5d_emib', 'loc': '2.5d_chiplet'},{'from': 'Chiplet_3', 'to': 'Chiplet_4', 'connection_type': '2.5d_emib', 'loc': '2.5d_chiplet'},{'from': 'Chiplet_3', 'to': 'Chiplet_6', 'connection_type': '2.5d_emib', 'loc': '2.5d_chiplet'},{'from': 'Chiplet_1', 'to': 'Chiplet_4', 'connection_type': '2.5d_emib', 'loc': '2.5d_chiplet'},{'from': 'Chiplet_1', 'to': 'Chiplet_5', 'connection_type': '2.5d_emib', 'loc': '2.5d_chiplet'},{'from': 'Chiplet_1', 'to': 'Chiplet_6', 'connection_type': '2.5d_emib', 'loc': '2.5d_chiplet'},{'from': 'Chiplet_4', 'to': 'Chiplet_3', 'connection_type': '2.5d_emib', 'loc': '2.5d_chiplet'},{'from': 'Chiplet_4', 'to': 'Chiplet_1', 'connection_type': '2.5d_emib', 'loc': '2.5d_chiplet'},{'from': 'Chiplet_4', 'to': 'Chiplet_2', 'connection_type': '2.5d_emib', 'loc': '2.5d_chiplet'},{'from': 'Chiplet_4', 'to': 'Chiplet_6', 'connection_type': '2.5d_emib', 'loc': '2.5d_chiplet'},{'from': 'Chiplet_4', 'to': 'Chiplet_5', 'connection_type': '2.5d_emib', 'loc': '2.5d_chiplet'},{'from': 'Chiplet_5', 'to': 'Chiplet_4', 'connection_type': '2.5d_emib', 'loc': '2.5d_chiplet'},{'from': 'Chiplet_5', 'to': 'Chiplet_1', 'connection_type': '2.5d_emib', 'loc': '2.5d_chiplet'},{'from': 'Chiplet_5', 'to': 'Chiplet_2', 'connection_type': '2.5d_emib', 'loc': '2.5d_chiplet'},{'from': 'Chiplet_2', 'to': 'Chiplet_4', 'connection_type': '2.5d_emib', 'loc': '2.5d_chiplet'},{'from': 'Chiplet_2', 'to': 'Chiplet_5', 'connection_type': '2.5d_emib', 'loc': '2.5d_chiplet'}",1,1,1,1,1,3,ddr4,ucie_adv,na,1,0,os,1,0,0
276,26.907921513146725,2596773.55,162968.9356898151,92229235.11766668,9516.488305595156,7170.525740681526,276,2.927572174079395,3.8395579270749995,1024,96x96,14,2.6264880905479133,5.538366334949999,1024,128x128,10,11.481175603606792,15.979573171754398,2048,192x192,14,0.46559300000000003,1.11875,512,64x64,7,1.4141952089375351,1.7054115854749998,512,64x64,14,1.7117881800824635,3.1172648505374996,1536,96x96,10,2.5d,"{'from': 'Chiplet_3', 'to': 'Chiplet_1', 'connection_type': '2.5d_emib', 'loc': '2.5d_chiplet'},{'from': 'Chiplet_3', 'to': 'Chiplet_2', 'connection_type': '2.5d_emib', 'loc': '2.5d_chiplet'},{'from': 'Chiplet_1', 'to': 'Chiplet_3', 'connection_type': '2.5d_emib', 'loc': '2.5d_chiplet'},{'from': 'Chiplet_1', 'to': 'Chiplet_5', 'connection_type': '2.5d_emib', 'loc': '2.5d_chiplet'},{'from': 'Chiplet_1', 'to': 'Chiplet_2', 'connection_type': '2.5d_emib', 'loc': '2.5d_chiplet'},{'from': 'Chiplet_5', 'to': 'Chiplet_1', 'connection_type': '2.5d_emib', 'loc': '2.5d_chiplet'},{'from': 'Chiplet_5', 'to': 'Chiplet_6', 'connection_type': '2.5d_emib', 'loc': '2.5d_chiplet'},{'from': 'Chiplet_2', 'to': 'Chiplet_3', 'connection_type': '2.5d_emib', 'loc': '2.5d_chiplet'},{'from': 'Chiplet_2', 'to': 'Chiplet_4', 'connection_type': '2.5d_emib', 'loc': '2.5d_chiplet'},{'from': 'Chiplet_2', 'to': 'Chiplet_1', 'connection_type': '2.5d_emib', 'loc': '2.5d_chiplet'},{'from': 'Chiplet_2', 'to': 'Chiplet_6', 'connection_type': '2.5d_emib', 'loc': '2.5d_chiplet'},{'from': 'Chiplet_6', 'to': 'Chiplet_4', 'connection_type': '2.5d_emib', 'loc': '2.5d_chiplet'},{'from': 'Chiplet_6', 'to': 'Chiplet_5', 'connection_type': '2.5d_emib', 'loc': '2.5d_chiplet'},{'from': 'Chiplet_6', 'to': 'Chiplet_2', 'connection_type': '2.5d_emib', 'loc': '2.5d_chiplet'},{'from': 'Chiplet_4', 'to': 'Chiplet_2', 'connection_type': '2.5d_emib', 'loc': '2.5d_chiplet'},{'from': 'Chiplet_4', 'to': 'Chiplet_6', 'connection_type': '2.5d_emib', 'loc': '2.5d_chiplet'}",1,1,3,1,1,1,ddr5,aib,na,1,0,ws,1,0,0
277,24.794675439576285,4047497.71,130464.41546996802,34613860.10005288,5347.747496857595,4765.052522991044,277,11.481175603606792,15.979573171754398,2048,192x192,14,1.578984604787535,1.7054115854749998,768,64x64,14,1.3653681800824635,3.1172648505374996,512,96x96,10,0.743226759447044,1.3845915837374998,512,64x64,10,3.5867297574793953,3.8395579270749995,2048,96x96,14,11.481175603606792,15.979573171754398,2048,192x192,14,2.5d_3d,"{'from': 'Chiplet_6', 'to': 'Chiplet_1', 'connection_type': '3d_u_bump', 'loc': 'stack0_base'},{'from': 'Chiplet_1', 'to': 'Chiplet_2', 'connection_type': '3d_u_bump', 'loc': 'stack0_middle1'},{'from': 'Chiplet_2', 'to': 'Chiplet_3', 'connection_type': '3d_u_bump', 'loc': 'stack0_middle2'},{'from': 'Chiplet_3', 'to': 'na', 'connection_type': '3d_u_bump', 'loc': 'stack0_top'},{'from': 'Chiplet_6', 'to': 'Chiplet_4', 'connection_type': '2.5d_emib', 'loc': '2.5d_chiplet'},{'from': 'Chiplet_6', 'to': 'Chiplet_5', 'connection_type': '2.5d_emib', 'loc': '2.5d_chiplet'},{'from': 'Chiplet_5', 'to': 'Chiplet_4', 'connection_type': '2.5d_emib', 'loc': '2.5d_chiplet'},{'from': 'Chiplet_5', 'to': 'Chiplet_6', 'connection_type': '2.5d_emib', 'loc': '2.5d_chiplet'},{'from': 'Chiplet_4', 'to': 'Chiplet_5', 'connection_type': '2.5d_emib', 'loc': '2.5d_chiplet'},{'from': 'Chiplet_4', 'to': 'Chiplet_6', 'connection_type': '2.5d_emib', 'loc': '2.5d_chiplet'}",6,1,1,1,2,5,hbm3,aib,ucie_3d,0,0,ws,1,0,0
278,34.68065942522533,3877319.33,119748.41083323467,176700268.8924508,6223.954248366013,7718.837476215707,278,0.784712696,2.51875,512,96x96,7,15.436124909546791,15.979573171754398,8192,192x192,14,5.656782838920179,6.821646341899999,2048,128x128,14,4.9976252555201786,6.821646341899999,1024,128x128,14,0.743226759447044,1.3845915837374998,512,64x64,10,2.6264880905479133,5.538366334949999,1024,128x128,10,2.5d_3d,"{'from': 'Chiplet_2', 'to': 'Chiplet_6', 'connection_type': '3d_tsv', 'loc': 'stack0_base'},{'from': 'Chiplet_6', 'to': 'Chiplet_1', 'connection_type': '3d_tsv', 'loc': 'stack0_middle1'},{'from': 'Chiplet_1', 'to': 'Chiplet_5', 'connection_type': '3d_tsv', 'loc': 'stack0_middle2'},{'from': 'Chiplet_5', 'to': 'na', 'connection_type': '3d_tsv', 'loc': 'stack0_top'},{'from': 'Chiplet_2', 'to': 'Chiplet_3', 'connection_type': '2.5d_emib', 'loc': '2.5d_chiplet'},{'from': 'Chiplet_2', 'to': 'Chiplet_4', 'connection_type': '2.5d_emib', 'loc': '2.5d_chiplet'},{'from': 'Chiplet_3', 'to': 'Chiplet_4', 'connection_type': '2.5d_emib', 'loc': '2.5d_chiplet'},{'from': 'Chiplet_3', 'to': 'Chiplet_2', 'connection_type': '2.5d_emib', 'loc': '2.5d_chiplet'},{'from': 'Chiplet_4', 'to': 'Chiplet_3', 'connection_type': '2.5d_emib', 'loc': '2.5d_chiplet'},{'from': 'Chiplet_4', 'to': 'Chiplet_2', 'connection_type': '2.5d_emib', 'loc': '2.5d_chiplet'}",1,3,1,1,1,1,ddr4,ucie_adv,ucie_3d,0,0,is,0,0,0
279,21.87693311182267,2722288.48,64032.503192280565,43575271.773401044,3009.8655256723714,2223.8511741462303,279,2.927572174079395,3.8395579270749995,1024,96x96,14,2.6264880905479133,5.538366334949999,1024,128x128,10,6.315940422320179,6.821646341899999,3072,128x128,14,0.784712696,2.51875,512,96x96,7,2.55521354,4.475,4096,128x128,7,1.131132696,2.51875,1536,96x96,7,2.5d,"{'from': 'Chiplet_3', 'to': 'Chiplet_4', 'connection_type': '2.5d_rdl', 'loc': '2.5d_chiplet'},{'from': 'Chiplet_3', 'to': 'Chiplet_1', 'connection_type': '2.5d_rdl', 'loc': '2.5d_chiplet'},{'from': 'Chiplet_3', 'to': 'Chiplet_2', 'connection_type': '2.5d_rdl', 'loc': '2.5d_chiplet'},{'from': 'Chiplet_3', 'to': 'Chiplet_6', 'connection_type': '2.5d_rdl', 'loc': '2.5d_chiplet'},{'from': 'Chiplet_6', 'to': 'Chiplet_4', 'connection_type': '2.5d_rdl', 'loc': '2.5d_chiplet'},{'from': 'Chiplet_6', 'to': 'Chiplet_3', 'connection_type': '2.5d_rdl', 'loc': '2.5d_chiplet'},{'from': 'Chiplet_4', 'to': 'Chiplet_3', 'connection_type': '2.5d_rdl', 'loc': '2.5d_chiplet'},{'from': 'Chiplet_4', 'to': 'Chiplet_6', 'connection_type': '2.5d_rdl', 'loc': '2.5d_chiplet'},{'from': 'Chiplet_1', 'to': 'Chiplet_3', 'connection_type': '2.5d_rdl', 'loc': '2.5d_chiplet'},{'from': 'Chiplet_1', 'to': 'Chiplet_5', 'connection_type': '2.5d_rdl', 'loc': '2.5d_chiplet'},{'from': 'Chiplet_1', 'to': 'Chiplet_2', 'connection_type': '2.5d_rdl', 'loc': '2.5d_chiplet'},{'from': 'Chiplet_2', 'to': 'Chiplet_3', 'connection_type': '2.5d_rdl', 'loc': '2.5d_chiplet'},{'from': 'Chiplet_2', 'to': 'Chiplet_5', 'connection_type': '2.5d_rdl', 'loc': '2.5d_chiplet'},{'from': 'Chiplet_2', 'to': 'Chiplet_1', 'connection_type': '2.5d_rdl', 'loc': '2.5d_chiplet'},{'from': 'Chiplet_5', 'to': 'Chiplet_1', 'connection_type': '2.5d_rdl', 'loc': '2.5d_chiplet'},{'from': 'Chiplet_5', 'to': 'Chiplet_2', 'connection_type': '2.5d_rdl', 'loc': '2.5d_chiplet'}",3,3,6,1,2,1,hbm3,ucie_std,na,1,0,os,0,0,0
280,32.6508880349555,2906363.06,70306.88987741721,144298887.9084228,17208.614165839605,11066.076915896461,280,3.665749090547913,5.538366334949999,4096,128x128,10,6.975099908490179,6.821646341899999,4096,128x128,14,2.55521354,4.475,4096,128x128,7,1.4141952089375351,1.7054115854749998,512,64x64,14,3.3193280905479132,5.538366334949999,3072,128x128,10,0.784712696,2.51875,512,96x96,7,2.5d,"{'from': 'Chiplet_2', 'to': 'Chiplet_3', 'connection_type': '2.5d_rdl', 'loc': '2.5d_chiplet'},{'from': 'Chiplet_2', 'to': 'Chiplet_1', 'connection_type': '2.5d_rdl', 'loc': '2.5d_chiplet'},{'from': 'Chiplet_3', 'to': 'Chiplet_5', 'connection_type': '2.5d_rdl', 'loc': '2.5d_chiplet'},{'from': 'Chiplet_3', 'to': 'Chiplet_1', 'connection_type': '2.5d_rdl', 'loc': '2.5d_chiplet'},{'from': 'Chiplet_3', 'to': 'Chiplet_2', 'connection_type': '2.5d_rdl', 'loc': '2.5d_chiplet'},{'from': 'Chiplet_1', 'to': 'Chiplet_3', 'connection_type': '2.5d_rdl', 'loc': '2.5d_chiplet'},{'from': 'Chiplet_1', 'to': 'Chiplet_5', 'connection_type': '2.5d_rdl', 'loc': '2.5d_chiplet'},{'from': 'Chiplet_1', 'to': 'Chiplet_2', 'connection_type': '2.5d_rdl', 'loc': '2.5d_chiplet'},{'from': 'Chiplet_1', 'to': 'Chiplet_6', 'connection_type': '2.5d_rdl', 'loc': '2.5d_chiplet'},{'from': 'Chiplet_6', 'to': 'Chiplet_4', 'connection_type': '2.5d_rdl', 'loc': '2.5d_chiplet'},{'from': 'Chiplet_6', 'to': 'Chiplet_1', 'connection_type': '2.5d_rdl', 'loc': '2.5d_chiplet'},{'from': 'Chiplet_5', 'to': 'Chiplet_3', 'connection_type': '2.5d_rdl', 'loc': '2.5d_chiplet'},{'from': 'Chiplet_5', 'to': 'Chiplet_4', 'connection_type': '2.5d_rdl', 'loc': '2.5d_chiplet'},{'from': 'Chiplet_5', 'to': 'Chiplet_1', 'connection_type': '2.5d_rdl', 'loc': '2.5d_chiplet'},{'from': 'Chiplet_4', 'to': 'Chiplet_5', 'connection_type': '2.5d_rdl', 'loc': '2.5d_chiplet'},{'from': 'Chiplet_4', 'to': 'Chiplet_6', 'connection_type': '2.5d_rdl', 'loc': '2.5d_chiplet'}",1,3,1,1,1,1,ddr4,ucie_std,na,0,0,is,1,0,0
281,31.82247140982435,3785818.91,172262.24427027054,40537889.51789868,4365.173415173415,3853.1743875640127,281,3.3193280905479132,5.538366334949999,3072,128x128,10,3.5867297574793953,3.8395579270749995,2048,96x96,14,1.578984604787535,1.7054115854749998,768,64x64,14,6.033899457366197,12.973514847541198,2048,192x192,10,1.578984604787535,1.7054115854749998,768,64x64,14,6.033899457366197,12.973514847541198,2048,192x192,10,2.5d,"{'from': 'Chiplet_4', 'to': 'Chiplet_5', 'connection_type': '2.5d_emib', 'loc': '2.5d_chiplet'},{'from': 'Chiplet_4', 'to': 'Chiplet_2', 'connection_type': '2.5d_emib', 'loc': '2.5d_chiplet'},{'from': 'Chiplet_4', 'to': 'Chiplet_6', 'connection_type': '2.5d_emib', 'loc': '2.5d_chiplet'},{'from': 'Chiplet_2', 'to': 'Chiplet_4', 'connection_type': '2.5d_emib', 'loc': '2.5d_chiplet'},{'from': 'Chiplet_2', 'to': 'Chiplet_5', 'connection_type': '2.5d_emib', 'loc': '2.5d_chiplet'},{'from': 'Chiplet_5', 'to': 'Chiplet_4', 'connection_type': '2.5d_emib', 'loc': '2.5d_chiplet'},{'from': 'Chiplet_5', 'to': 'Chiplet_2', 'connection_type': '2.5d_emib', 'loc': '2.5d_chiplet'},{'from': 'Chiplet_6', 'to': 'Chiplet_4', 'connection_type': '2.5d_emib', 'loc': '2.5d_chiplet'},{'from': 'Chiplet_6', 'to': 'Chiplet_1', 'connection_type': '2.5d_emib', 'loc': '2.5d_chiplet'},{'from': 'Chiplet_6', 'to': 'Chiplet_3', 'connection_type': '2.5d_emib', 'loc': '2.5d_chiplet'},{'from': 'Chiplet_1', 'to': 'Chiplet_3', 'connection_type': '2.5d_emib', 'loc': '2.5d_chiplet'},{'from': 'Chiplet_1', 'to': 'Chiplet_6', 'connection_type': '2.5d_emib', 'loc': '2.5d_chiplet'},{'from': 'Chiplet_3', 'to': 'Chiplet_1', 'connection_type': '2.5d_emib', 'loc': '2.5d_chiplet'},{'from': 'Chiplet_3', 'to': 'Chiplet_6', 'connection_type': '2.5d_emib', 'loc': '2.5d_chiplet'}",3,3,1,4,1,4,hbm3,bow,na,1,0,is,0,0,0
282,28.881082198381996,4469427.88,126730.8006126086,50654759.58980597,7726.442542787286,6664.948829545997,282,1.7117881800824635,3.1172648505374996,1536,96x96,10,1.7117881800824635,3.1172648505374996,1536,96x96,10,14.117807839976791,15.979573171754398,6144,192x192,14,2.927572174079395,3.8395579270749995,1024,96x96,14,3.432469952,10.4826,2048,192x192,7,3.5867297574793953,3.8395579270749995,2048,96x96,14,2.5d_3d,"{'from': 'Chiplet_6', 'to': 'Chiplet_4', 'connection_type': '3d_u_bump', 'loc': 'stack0_base'},{'from': 'Chiplet_4', 'to': 'Chiplet_2', 'connection_type': '3d_u_bump', 'loc': 'stack0_middle1'},{'from': 'Chiplet_2', 'to': 'Chiplet_1', 'connection_type': '3d_u_bump', 'loc': 'stack0_middle2'},{'from': 'Chiplet_1', 'to': 'na', 'connection_type': '3d_u_bump', 'loc': 'stack0_top'},{'from': 'Chiplet_3', 'to': 'Chiplet_5', 'connection_type': '2.5d_emib', 'loc': '2.5d_chiplet'},{'from': 'Chiplet_3', 'to': 'Chiplet_6', 'connection_type': '2.5d_emib', 'loc': '2.5d_chiplet'},{'from': 'Chiplet_6', 'to': 'Chiplet_3', 'connection_type': '2.5d_emib', 'loc': '2.5d_chiplet'},{'from': 'Chiplet_6', 'to': 'Chiplet_5', 'connection_type': '2.5d_emib', 'loc': '2.5d_chiplet'},{'from': 'Chiplet_5', 'to': 'Chiplet_3', 'connection_type': '2.5d_emib', 'loc': '2.5d_chiplet'},{'from': 'Chiplet_5', 'to': 'Chiplet_6', 'connection_type': '2.5d_emib', 'loc': '2.5d_chiplet'}",1,1,8,2,2,2,hbm3,aib,ucie_3d,1,0,is,0,0,0
283,28.484385634244017,2708662.95,74241.49557017215,110049375.17968711,27465.700819675,15631.872703889143,283,14.117807839976791,15.979573171754398,6144,192x192,14,1.8849981800824636,3.1172648505374996,2048,96x96,10,0.638803,1.11875,1024,64x64,7,1.578984604787535,1.7054115854749998,768,64x64,14,1.131132696,2.51875,1536,96x96,7,1.304342696,2.51875,2048,96x96,7,2.5d,"{'from': 'Chiplet_1', 'to': 'Chiplet_4', 'connection_type': '2.5d_rdl', 'loc': '2.5d_chiplet'},{'from': 'Chiplet_1', 'to': 'Chiplet_2', 'connection_type': '2.5d_rdl', 'loc': '2.5d_chiplet'},{'from': 'Chiplet_2', 'to': 'Chiplet_4', 'connection_type': '2.5d_rdl', 'loc': '2.5d_chiplet'},{'from': 'Chiplet_2', 'to': 'Chiplet_5', 'connection_type': '2.5d_rdl', 'loc': '2.5d_chiplet'},{'from': 'Chiplet_2', 'to': 'Chiplet_1', 'connection_type': '2.5d_rdl', 'loc': '2.5d_chiplet'},{'from': 'Chiplet_5', 'to': 'Chiplet_2', 'connection_type': '2.5d_rdl', 'loc': '2.5d_chiplet'},{'from': 'Chiplet_5', 'to': 'Chiplet_6', 'connection_type': '2.5d_rdl', 'loc': '2.5d_chiplet'},{'from': 'Chiplet_4', 'to': 'Chiplet_3', 'connection_type': '2.5d_rdl', 'loc': '2.5d_chiplet'},{'from': 'Chiplet_4', 'to': 'Chiplet_1', 'connection_type': '2.5d_rdl', 'loc': '2.5d_chiplet'},{'from': 'Chiplet_4', 'to': 'Chiplet_2', 'connection_type': '2.5d_rdl', 'loc': '2.5d_chiplet'},{'from': 'Chiplet_4', 'to': 'Chiplet_6', 'connection_type': '2.5d_rdl', 'loc': '2.5d_chiplet'},{'from': 'Chiplet_6', 'to': 'Chiplet_4', 'connection_type': '2.5d_rdl', 'loc': '2.5d_chiplet'},{'from': 'Chiplet_6', 'to': 'Chiplet_5', 'connection_type': '2.5d_rdl', 'loc': '2.5d_chiplet'},{'from': 'Chiplet_6', 'to': 'Chiplet_3', 'connection_type': '2.5d_rdl', 'loc': '2.5d_chiplet'},{'from': 'Chiplet_3', 'to': 'Chiplet_4', 'connection_type': '2.5d_rdl', 'loc': '2.5d_chiplet'},{'from': 'Chiplet_3', 'to': 'Chiplet_6', 'connection_type': '2.5d_rdl', 'loc': '2.5d_chiplet'}",3,1,1,1,1,1,ddr5,ucie_std,na,0,0,ws,1,0,0
284,15.709103678415097,2001781.51,148722.5553148369,39238783.018748075,6648.56153219234,3068.721059152789,284,1.86237254,4.475,2048,128x128,7,2.597993382379395,3.8395579270749995,512,96x96,14,3.3193280905479132,5.538366334949999,3072,128x128,10,0.46559300000000003,1.11875,512,64x64,7,0.46559300000000003,1.11875,512,64x64,7,1.7117881800824635,3.1172648505374996,1536,96x96,10,2.5d,"{'from': 'Chiplet_3', 'to': 'Chiplet_1', 'connection_type': '2.5d_emib', 'loc': '2.5d_chiplet'},{'from': 'Chiplet_3', 'to': 'Chiplet_2', 'connection_type': '2.5d_emib', 'loc': '2.5d_chiplet'},{'from': 'Chiplet_3', 'to': 'Chiplet_6', 'connection_type': '2.5d_emib', 'loc': '2.5d_chiplet'},{'from': 'Chiplet_6', 'to': 'Chiplet_3', 'connection_type': '2.5d_emib', 'loc': '2.5d_chiplet'},{'from': 'Chiplet_6', 'to': 'Chiplet_1', 'connection_type': '2.5d_emib', 'loc': '2.5d_chiplet'},{'from': 'Chiplet_2', 'to': 'Chiplet_3', 'connection_type': '2.5d_emib', 'loc': '2.5d_chiplet'},{'from': 'Chiplet_2', 'to': 'Chiplet_4', 'connection_type': '2.5d_emib', 'loc': '2.5d_chiplet'},{'from': 'Chiplet_2', 'to': 'Chiplet_1', 'connection_type': '2.5d_emib', 'loc': '2.5d_chiplet'},{'from': 'Chiplet_1', 'to': 'Chiplet_3', 'connection_type': '2.5d_emib', 'loc': '2.5d_chiplet'},{'from': 'Chiplet_1', 'to': 'Chiplet_4', 'connection_type': '2.5d_emib', 'loc': '2.5d_chiplet'},{'from': 'Chiplet_1', 'to': 'Chiplet_2', 'connection_type': '2.5d_emib', 'loc': '2.5d_chiplet'},{'from': 'Chiplet_1', 'to': 'Chiplet_6', 'connection_type': '2.5d_emib', 'loc': '2.5d_chiplet'},{'from': 'Chiplet_1', 'to': 'Chiplet_5', 'connection_type': '2.5d_emib', 'loc': '2.5d_chiplet'},{'from': 'Chiplet_4', 'to': 'Chiplet_5', 'connection_type': '2.5d_emib', 'loc': '2.5d_chiplet'},{'from': 'Chiplet_4', 'to': 'Chiplet_1', 'connection_type': '2.5d_emib', 'loc': '2.5d_chiplet'},{'from': 'Chiplet_4', 'to': 'Chiplet_2', 'connection_type': '2.5d_emib', 'loc': '2.5d_chiplet'},{'from': 'Chiplet_5', 'to': 'Chiplet_4', 'connection_type': '2.5d_emib', 'loc': '2.5d_chiplet'},{'from': 'Chiplet_5', 'to': 'Chiplet_1', 'connection_type': '2.5d_emib', 'loc': '2.5d_chiplet'}",3,4,5,1,1,2,hbm3,ucie_adv,na,1,0,is,0,0,0
285,25.158750404667288,2735777.31,64216.31968611037,92449333.06945103,11072.243775665302,7945.191911311254,285,6.033899457366197,12.973514847541198,2048,192x192,10,0.638803,1.11875,1024,64x64,7,6.315940422320179,6.821646341899999,3072,128x128,14,1.3653681800824635,3.1172648505374996,512,96x96,10,0.552198,1.11875,768,64x64,7,2.6264880905479133,5.538366334949999,1024,128x128,10,2.5d_3d,"{'from': 'Chiplet_2', 'to': 'Chiplet_5', 'connection_type': '3d_tsv', 'loc': 'stack0_base'},{'from': 'Chiplet_5', 'to': 'na', 'connection_type': '3d_tsv', 'loc': 'stack0_top'},{'from': 'Chiplet_3', 'to': 'Chiplet_4', 'connection_type': '2.5d_rdl', 'loc': '2.5d_chiplet'},{'from': 'Chiplet_3', 'to': 'Chiplet_1', 'connection_type': '2.5d_rdl', 'loc': '2.5d_chiplet'},{'from': 'Chiplet_3', 'to': 'Chiplet_2', 'connection_type': '2.5d_rdl', 'loc': '2.5d_chiplet'},{'from': 'Chiplet_4', 'to': 'Chiplet_3', 'connection_type': '2.5d_rdl', 'loc': '2.5d_chiplet'},{'from': 'Chiplet_4', 'to': 'Chiplet_2', 'connection_type': '2.5d_rdl', 'loc': '2.5d_chiplet'},{'from': 'Chiplet_2', 'to': 'Chiplet_4', 'connection_type': '2.5d_rdl', 'loc': '2.5d_chiplet'},{'from': 'Chiplet_2', 'to': 'Chiplet_3', 'connection_type': '2.5d_rdl', 'loc': '2.5d_chiplet'},{'from': 'Chiplet_2', 'to': 'Chiplet_6', 'connection_type': '2.5d_rdl', 'loc': '2.5d_chiplet'},{'from': 'Chiplet_1', 'to': 'Chiplet_3', 'connection_type': '2.5d_rdl', 'loc': '2.5d_chiplet'},{'from': 'Chiplet_1', 'to': 'Chiplet_6', 'connection_type': '2.5d_rdl', 'loc': '2.5d_chiplet'},{'from': 'Chiplet_6', 'to': 'Chiplet_1', 'connection_type': '2.5d_rdl', 'loc': '2.5d_chiplet'},{'from': 'Chiplet_6', 'to': 'Chiplet_2', 'connection_type': '2.5d_rdl', 'loc': '2.5d_chiplet'}",2,1,2,1,1,1,ddr5,ucie_std,ucie_3d,1,0,is,1,0,0
286,13.938335600304537,3256044.23,72376.35781708955,43012962.92415858,27972.344369569695,14821.631405812275,286,1.5385781800824634,3.1172648505374996,1024,96x96,10,5.5109919519999995,10.4826,8192,192x192,7,2.972908090547913,5.538366334949999,2048,128x128,10,1.304342696,2.51875,2048,96x96,7,1.7117881800824635,3.1172648505374996,1536,96x96,10,1.304342696,2.51875,2048,96x96,7,2.5d_3d,"{'from': 'Chiplet_3', 'to': 'Chiplet_1', 'connection_type': '3d_hyb_bond', 'loc': 'stack0_base'},{'from': 'Chiplet_1', 'to': 'Chiplet_4', 'connection_type': '3d_hyb_bond', 'loc': 'stack0_middle1'},{'from': 'Chiplet_4', 'to': 'na', 'connection_type': '3d_hyb_bond', 'loc': 'stack0_top'},{'from': 'Chiplet_2', 'to': 'Chiplet_3', 'connection_type': '2.5d_rdl', 'loc': '2.5d_chiplet'},{'from': 'Chiplet_2', 'to': 'Chiplet_5', 'connection_type': '2.5d_rdl', 'loc': '2.5d_chiplet'},{'from': 'Chiplet_3', 'to': 'Chiplet_5', 'connection_type': '2.5d_rdl', 'loc': '2.5d_chiplet'},{'from': 'Chiplet_3', 'to': 'Chiplet_2', 'connection_type': '2.5d_rdl', 'loc': '2.5d_chiplet'},{'from': 'Chiplet_3', 'to': 'Chiplet_6', 'connection_type': '2.5d_rdl', 'loc': '2.5d_chiplet'},{'from': 'Chiplet_5', 'to': 'Chiplet_3', 'connection_type': '2.5d_rdl', 'loc': '2.5d_chiplet'},{'from': 'Chiplet_5', 'to': 'Chiplet_2', 'connection_type': '2.5d_rdl', 'loc': '2.5d_chiplet'},{'from': 'Chiplet_5', 'to': 'Chiplet_6', 'connection_type': '2.5d_rdl', 'loc': '2.5d_chiplet'},{'from': 'Chiplet_6', 'to': 'Chiplet_3', 'connection_type': '2.5d_rdl', 'loc': '2.5d_chiplet'},{'from': 'Chiplet_6', 'to': 'Chiplet_5', 'connection_type': '2.5d_rdl', 'loc': '2.5d_chiplet'}",2,6,3,2,2,1,hbm3,ucie_std,ucie_3d,0,0,ws,1,0,0
287,24.031763518112424,4303808.71,139487.45335850073,139614888.68895817,2175.4939536113134,4291.243382350973,287,3.5867297574793953,3.8395579270749995,2048,96x96,14,4.818150952,10.4826,6144,192x192,7,8.112421457366196,12.973514847541198,8192,192x192,10,1.743774000637535,1.7054115854749998,1024,64x64,14,7.419580457366196,12.973514847541198,6144,192x192,10,0.46559300000000003,1.11875,512,64x64,7,2.5d_3d,"{'from': 'Chiplet_2', 'to': 'Chiplet_1', 'connection_type': '3d_hyb_bond', 'loc': 'stack0_base'},{'from': 'Chiplet_1', 'to': 'Chiplet_4', 'connection_type': '3d_hyb_bond', 'loc': 'stack0_middle1'},{'from': 'Chiplet_4', 'to': 'Chiplet_6', 'connection_type': '3d_hyb_bond', 'loc': 'stack0_middle2'},{'from': 'Chiplet_6', 'to': 'na', 'connection_type': '3d_hyb_bond', 'loc': 'stack0_top'},{'from': 'Chiplet_3', 'to': 'Chiplet_5', 'connection_type': '2.5d_emib', 'loc': '2.5d_chiplet'},{'from': 'Chiplet_3', 'to': 'Chiplet_2', 'connection_type': '2.5d_emib', 'loc': '2.5d_chiplet'},{'from': 'Chiplet_5', 'to': 'Chiplet_3', 'connection_type': '2.5d_emib', 'loc': '2.5d_chiplet'},{'from': 'Chiplet_5', 'to': 'Chiplet_2', 'connection_type': '2.5d_emib', 'loc': '2.5d_chiplet'},{'from': 'Chiplet_2', 'to': 'Chiplet_3', 'connection_type': '2.5d_emib', 'loc': '2.5d_chiplet'},{'from': 'Chiplet_2', 'to': 'Chiplet_5', 'connection_type': '2.5d_emib', 'loc': '2.5d_chiplet'}",1,1,2,1,2,1,ddr5,ucie_adv,ucie_3d,1,0,os,0,0,0
288,52.389241433535005,5573628.95,108823.53346751975,58604447.6636256,5550.833333333333,6296.406507172734,288,6.033899457366197,12.973514847541198,2048,192x192,10,1.578984604787535,1.7054115854749998,768,64x64,14,5.5109919519999995,10.4826,8192,192x192,7,11.481175603606792,15.979573171754398,2048,192x192,14,2.972908090547913,5.538366334949999,2048,128x128,10,1.51595254,4.475,1024,128x128,7,2.5d,"{'from': 'Chiplet_4', 'to': 'Chiplet_5', 'connection_type': '2.5d_rdl', 'loc': '2.5d_chiplet'},{'from': 'Chiplet_4', 'to': 'Chiplet_1', 'connection_type': '2.5d_rdl', 'loc': '2.5d_chiplet'},{'from': 'Chiplet_5', 'to': 'Chiplet_3', 'connection_type': '2.5d_rdl', 'loc': '2.5d_chiplet'},{'from': 'Chiplet_5', 'to': 'Chiplet_4', 'connection_type': '2.5d_rdl', 'loc': '2.5d_chiplet'},{'from': 'Chiplet_5', 'to': 'Chiplet_1', 'connection_type': '2.5d_rdl', 'loc': '2.5d_chiplet'},{'from': 'Chiplet_1', 'to': 'Chiplet_4', 'connection_type': '2.5d_rdl', 'loc': '2.5d_chiplet'},{'from': 'Chiplet_1', 'to': 'Chiplet_5', 'connection_type': '2.5d_rdl', 'loc': '2.5d_chiplet'},{'from': 'Chiplet_1', 'to': 'Chiplet_3', 'connection_type': '2.5d_rdl', 'loc': '2.5d_chiplet'},{'from': 'Chiplet_1', 'to': 'Chiplet_6', 'connection_type': '2.5d_rdl', 'loc': '2.5d_chiplet'},{'from': 'Chiplet_6', 'to': 'Chiplet_1', 'connection_type': '2.5d_rdl', 'loc': '2.5d_chiplet'},{'from': 'Chiplet_6', 'to': 'Chiplet_2', 'connection_type': '2.5d_rdl', 'loc': '2.5d_chiplet'},{'from': 'Chiplet_3', 'to': 'Chiplet_5', 'connection_type': '2.5d_rdl', 'loc': '2.5d_chiplet'},{'from': 'Chiplet_3', 'to': 'Chiplet_1', 'connection_type': '2.5d_rdl', 'loc': '2.5d_chiplet'},{'from': 'Chiplet_3', 'to': 'Chiplet_2', 'connection_type': '2.5d_rdl', 'loc': '2.5d_chiplet'},{'from': 'Chiplet_2', 'to': 'Chiplet_3', 'connection_type': '2.5d_rdl', 'loc': '2.5d_chiplet'},{'from': 'Chiplet_2', 'to': 'Chiplet_6', 'connection_type': '2.5d_rdl', 'loc': '2.5d_chiplet'}",3,1,3,6,2,1,hbm2,ucie_std,na,1,0,is,0,0,0
289,52.40463845042015,5795355.97,204258.98401474374,56607028.11403774,7348.261503691631,6947.23923463894,289,2.55521354,4.475,4096,128x128,7,0.638803,1.11875,1024,64x64,7,1.743774000637535,1.7054115854749998,1024,64x64,14,12.799492673176792,15.979573171754398,4096,192x192,14,15.436124909546791,15.979573171754398,8192,192x192,14,2.20879254,4.475,3072,128x128,7,2.5d,"{'from': 'Chiplet_5', 'to': 'Chiplet_4', 'connection_type': '2.5d_emib', 'loc': '2.5d_chiplet'},{'from': 'Chiplet_5', 'to': 'Chiplet_2', 'connection_type': '2.5d_emib', 'loc': '2.5d_chiplet'},{'from': 'Chiplet_5', 'to': 'Chiplet_1', 'connection_type': '2.5d_emib', 'loc': '2.5d_chiplet'},{'from': 'Chiplet_5', 'to': 'Chiplet_3', 'connection_type': '2.5d_emib', 'loc': '2.5d_chiplet'},{'from': 'Chiplet_3', 'to': 'Chiplet_5', 'connection_type': '2.5d_emib', 'loc': '2.5d_chiplet'},{'from': 'Chiplet_3', 'to': 'Chiplet_2', 'connection_type': '2.5d_emib', 'loc': '2.5d_chiplet'},{'from': 'Chiplet_2', 'to': 'Chiplet_3', 'connection_type': '2.5d_emib', 'loc': '2.5d_chiplet'},{'from': 'Chiplet_2', 'to': 'Chiplet_5', 'connection_type': '2.5d_emib', 'loc': '2.5d_chiplet'},{'from': 'Chiplet_4', 'to': 'Chiplet_5', 'connection_type': '2.5d_emib', 'loc': '2.5d_chiplet'},{'from': 'Chiplet_4', 'to': 'Chiplet_1', 'connection_type': '2.5d_emib', 'loc': '2.5d_chiplet'},{'from': 'Chiplet_4', 'to': 'Chiplet_6', 'connection_type': '2.5d_emib', 'loc': '2.5d_chiplet'},{'from': 'Chiplet_1', 'to': 'Chiplet_4', 'connection_type': '2.5d_emib', 'loc': '2.5d_chiplet'},{'from': 'Chiplet_1', 'to': 'Chiplet_5', 'connection_type': '2.5d_emib', 'loc': '2.5d_chiplet'},{'from': 'Chiplet_1', 'to': 'Chiplet_6', 'connection_type': '2.5d_emib', 'loc': '2.5d_chiplet'},{'from': 'Chiplet_6', 'to': 'Chiplet_4', 'connection_type': '2.5d_emib', 'loc': '2.5d_chiplet'},{'from': 'Chiplet_6', 'to': 'Chiplet_1', 'connection_type': '2.5d_emib', 'loc': '2.5d_chiplet'}",1,1,1,5,7,1,hbm3,bow,na,1,0,ws,1,0,0
290,27.151461172101104,3397543.24,75684.8302424672,63865753.969901666,4446.111111111111,3461.620855288403,290,2.55521354,4.475,4096,128x128,7,0.916436759447044,1.3845915837374998,1024,64x64,10,1.4141952089375351,1.7054115854749998,512,64x64,14,1.5385781800824634,3.1172648505374996,1024,96x96,10,6.975099908490179,6.821646341899999,4096,128x128,14,4.818150952,10.4826,6144,192x192,7,2.5d,"{'from': 'Chiplet_5', 'to': 'Chiplet_4', 'connection_type': '2.5d_rdl', 'loc': '2.5d_chiplet'},{'from': 'Chiplet_5', 'to': 'Chiplet_1', 'connection_type': '2.5d_rdl', 'loc': '2.5d_chiplet'},{'from': 'Chiplet_5', 'to': 'Chiplet_2', 'connection_type': '2.5d_rdl', 'loc': '2.5d_chiplet'},{'from': 'Chiplet_5', 'to': 'Chiplet_6', 'connection_type': '2.5d_rdl', 'loc': '2.5d_chiplet'},{'from': 'Chiplet_4', 'to': 'Chiplet_5', 'connection_type': '2.5d_rdl', 'loc': '2.5d_chiplet'},{'from': 'Chiplet_4', 'to': 'Chiplet_2', 'connection_type': '2.5d_rdl', 'loc': '2.5d_chiplet'},{'from': 'Chiplet_2', 'to': 'Chiplet_4', 'connection_type': '2.5d_rdl', 'loc': '2.5d_chiplet'},{'from': 'Chiplet_2', 'to': 'Chiplet_5', 'connection_type': '2.5d_rdl', 'loc': '2.5d_chiplet'},{'from': 'Chiplet_6', 'to': 'Chiplet_3', 'connection_type': '2.5d_rdl', 'loc': '2.5d_chiplet'},{'from': 'Chiplet_6', 'to': 'Chiplet_5', 'connection_type': '2.5d_rdl', 'loc': '2.5d_chiplet'},{'from': 'Chiplet_6', 'to': 'Chiplet_1', 'connection_type': '2.5d_rdl', 'loc': '2.5d_chiplet'},{'from': 'Chiplet_1', 'to': 'Chiplet_3', 'connection_type': '2.5d_rdl', 'loc': '2.5d_chiplet'},{'from': 'Chiplet_1', 'to': 'Chiplet_5', 'connection_type': '2.5d_rdl', 'loc': '2.5d_chiplet'},{'from': 'Chiplet_1', 'to': 'Chiplet_6', 'connection_type': '2.5d_rdl', 'loc': '2.5d_chiplet'},{'from': 'Chiplet_3', 'to': 'Chiplet_1', 'connection_type': '2.5d_rdl', 'loc': '2.5d_chiplet'},{'from': 'Chiplet_3', 'to': 'Chiplet_6', 'connection_type': '2.5d_rdl', 'loc': '2.5d_chiplet'}",2,1,1,2,6,4,hbm2,ucie_std,na,1,0,ws,0,0,0
291,34.366180327499926,3742015.49,78349.9941308979,59770852.58608216,4446.111111111111,3490.0441470585292,291,3.5867297574793953,3.8395579270749995,2048,96x96,14,2.20879254,4.475,3072,128x128,7,0.638803,1.11875,1024,64x64,7,1.304342696,2.51875,2048,96x96,7,4.1253109519999995,10.4826,4096,192x192,7,6.975099908490179,6.821646341899999,4096,128x128,14,2.5d,"{'from': 'Chiplet_6', 'to': 'Chiplet_5', 'connection_type': '2.5d_rdl', 'loc': '2.5d_chiplet'},{'from': 'Chiplet_6', 'to': 'Chiplet_2', 'connection_type': '2.5d_rdl', 'loc': '2.5d_chiplet'},{'from': 'Chiplet_2', 'to': 'Chiplet_5', 'connection_type': '2.5d_rdl', 'loc': '2.5d_chiplet'},{'from': 'Chiplet_2', 'to': 'Chiplet_1', 'connection_type': '2.5d_rdl', 'loc': '2.5d_chiplet'},{'from': 'Chiplet_2', 'to': 'Chiplet_6', 'connection_type': '2.5d_rdl', 'loc': '2.5d_chiplet'},{'from': 'Chiplet_5', 'to': 'Chiplet_3', 'connection_type': '2.5d_rdl', 'loc': '2.5d_chiplet'},{'from': 'Chiplet_5', 'to': 'Chiplet_1', 'connection_type': '2.5d_rdl', 'loc': '2.5d_chiplet'},{'from': 'Chiplet_5', 'to': 'Chiplet_2', 'connection_type': '2.5d_rdl', 'loc': '2.5d_chiplet'},{'from': 'Chiplet_5', 'to': 'Chiplet_6', 'connection_type': '2.5d_rdl', 'loc': '2.5d_chiplet'},{'from': 'Chiplet_3', 'to': 'Chiplet_4', 'connection_type': '2.5d_rdl', 'loc': '2.5d_chiplet'},{'from': 'Chiplet_3', 'to': 'Chiplet_5', 'connection_type': '2.5d_rdl', 'loc': '2.5d_chiplet'},{'from': 'Chiplet_1', 'to': 'Chiplet_4', 'connection_type': '2.5d_rdl', 'loc': '2.5d_chiplet'},{'from': 'Chiplet_1', 'to': 'Chiplet_5', 'connection_type': '2.5d_rdl', 'loc': '2.5d_chiplet'},{'from': 'Chiplet_1', 'to': 'Chiplet_2', 'connection_type': '2.5d_rdl', 'loc': '2.5d_chiplet'},{'from': 'Chiplet_4', 'to': 'Chiplet_3', 'connection_type': '2.5d_rdl', 'loc': '2.5d_chiplet'},{'from': 'Chiplet_4', 'to': 'Chiplet_1', 'connection_type': '2.5d_rdl', 'loc': '2.5d_chiplet'}",3,2,1,1,3,6,hbm2,ucie_std,na,0,0,ws,0,0,0
292,23.585855290982042,5479904.72,116500.25574346902,47196236.58993156,10195.738517067046,11216.244373468753,292,5.5109919519999995,10.4826,8192,192x192,7,6.033899457366197,12.973514847541198,2048,192x192,10,2.55521354,4.475,4096,128x128,7,7.419580457366196,12.973514847541198,6144,192x192,10,3.432469952,10.4826,2048,192x192,7,3.5867297574793953,3.8395579270749995,2048,96x96,14,2.5d_3d,"{'from': 'Chiplet_2', 'to': 'Chiplet_1', 'connection_type': '3d_tsv', 'loc': 'stack0_base'},{'from': 'Chiplet_1', 'to': 'Chiplet_5', 'connection_type': '3d_tsv', 'loc': 'stack0_middle1'},{'from': 'Chiplet_5', 'to': 'na', 'connection_type': '3d_tsv', 'loc': 'stack0_top'},{'from': 'Chiplet_4', 'to': 'Chiplet_3', 'connection_type': '2.5d_rdl', 'loc': '2.5d_chiplet'},{'from': 'Chiplet_4', 'to': 'Chiplet_2', 'connection_type': '2.5d_rdl', 'loc': '2.5d_chiplet'},{'from': 'Chiplet_4', 'to': 'Chiplet_6', 'connection_type': '2.5d_rdl', 'loc': '2.5d_chiplet'},{'from': 'Chiplet_3', 'to': 'Chiplet_4', 'connection_type': '2.5d_rdl', 'loc': '2.5d_chiplet'},{'from': 'Chiplet_3', 'to': 'Chiplet_6', 'connection_type': '2.5d_rdl', 'loc': '2.5d_chiplet'},{'from': 'Chiplet_2', 'to': 'Chiplet_4', 'connection_type': '2.5d_rdl', 'loc': '2.5d_chiplet'},{'from': 'Chiplet_2', 'to': 'Chiplet_6', 'connection_type': '2.5d_rdl', 'loc': '2.5d_chiplet'},{'from': 'Chiplet_6', 'to': 'Chiplet_4', 'connection_type': '2.5d_rdl', 'loc': '2.5d_chiplet'},{'from': 'Chiplet_6', 'to': 'Chiplet_2', 'connection_type': '2.5d_rdl', 'loc': '2.5d_chiplet'},{'from': 'Chiplet_6', 'to': 'Chiplet_3', 'connection_type': '2.5d_rdl', 'loc': '2.5d_chiplet'}",3,3,2,4,2,2,hbm2,ucie_std,ucie_3d,1,0,is,1,0,0
293,14.32369752688783,1783123.43,87245.60454321954,99414421.89107199,19360.021385984015,7971.530793041466,293,1.3653681800824635,3.1172648505374996,512,96x96,10,0.656621759447044,1.3845915837374998,256,64x64,10,6.975099908490179,6.821646341899999,4096,128x128,14,1.3653681800824635,3.1172648505374996,512,96x96,10,1.743774000637535,1.7054115854749998,1024,64x64,14,0.552198,1.11875,768,64x64,7,2.5d_3d,"{'from': 'Chiplet_4', 'to': 'Chiplet_1', 'connection_type': '3d_hyb_bond', 'loc': 'stack0_base'},{'from': 'Chiplet_1', 'to': 'Chiplet_2', 'connection_type': '3d_hyb_bond', 'loc': 'stack0_middle1'},{'from': 'Chiplet_2', 'to': 'Chiplet_6', 'connection_type': '3d_hyb_bond', 'loc': 'stack0_middle2'},{'from': 'Chiplet_6', 'to': 'na', 'connection_type': '3d_hyb_bond', 'loc': 'stack0_top'},{'from': 'Chiplet_3', 'to': 'Chiplet_4', 'connection_type': '2.5d_emib', 'loc': '2.5d_chiplet'},{'from': 'Chiplet_3', 'to': 'Chiplet_5', 'connection_type': '2.5d_emib', 'loc': '2.5d_chiplet'},{'from': 'Chiplet_5', 'to': 'Chiplet_3', 'connection_type': '2.5d_emib', 'loc': '2.5d_chiplet'},{'from': 'Chiplet_5', 'to': 'Chiplet_4', 'connection_type': '2.5d_emib', 'loc': '2.5d_chiplet'},{'from': 'Chiplet_4', 'to': 'Chiplet_3', 'connection_type': '2.5d_emib', 'loc': '2.5d_chiplet'},{'from': 'Chiplet_4', 'to': 'Chiplet_5', 'connection_type': '2.5d_emib', 'loc': '2.5d_chiplet'}",1,1,3,1,1,1,ddr5,ucie_adv,ucie_3d,0,0,os,1,0,0
294,15.315951488220533,1930380.86,156246.27740256413,98665339.14360036,7662.459396444536,4634.112839059443,294,0.378988,1.11875,256,64x64,7,2.20879254,4.475,3072,128x128,7,4.1253109519999995,10.4826,4096,192x192,7,0.638803,1.11875,1024,64x64,7,1.743774000637535,1.7054115854749998,1024,64x64,14,0.46559300000000003,1.11875,512,64x64,7,2.5d,"{'from': 'Chiplet_3', 'to': 'Chiplet_5', 'connection_type': '2.5d_emib', 'loc': '2.5d_chiplet'},{'from': 'Chiplet_3', 'to': 'Chiplet_1', 'connection_type': '2.5d_emib', 'loc': '2.5d_chiplet'},{'from': 'Chiplet_3', 'to': 'Chiplet_2', 'connection_type': '2.5d_emib', 'loc': '2.5d_chiplet'},{'from': 'Chiplet_3', 'to': 'Chiplet_6', 'connection_type': '2.5d_emib', 'loc': '2.5d_chiplet'},{'from': 'Chiplet_6', 'to': 'Chiplet_3', 'connection_type': '2.5d_emib', 'loc': '2.5d_chiplet'},{'from': 'Chiplet_6', 'to': 'Chiplet_1', 'connection_type': '2.5d_emib', 'loc': '2.5d_chiplet'},{'from': 'Chiplet_1', 'to': 'Chiplet_3', 'connection_type': '2.5d_emib', 'loc': '2.5d_chiplet'},{'from': 'Chiplet_1', 'to': 'Chiplet_6', 'connection_type': '2.5d_emib', 'loc': '2.5d_chiplet'},{'from': 'Chiplet_2', 'to': 'Chiplet_3', 'connection_type': '2.5d_emib', 'loc': '2.5d_chiplet'},{'from': 'Chiplet_2', 'to': 'Chiplet_5', 'connection_type': '2.5d_emib', 'loc': '2.5d_chiplet'},{'from': 'Chiplet_2', 'to': 'Chiplet_4', 'connection_type': '2.5d_emib', 'loc': '2.5d_chiplet'},{'from': 'Chiplet_5', 'to': 'Chiplet_3', 'connection_type': '2.5d_emib', 'loc': '2.5d_chiplet'},{'from': 'Chiplet_5', 'to': 'Chiplet_4', 'connection_type': '2.5d_emib', 'loc': '2.5d_chiplet'},{'from': 'Chiplet_5', 'to': 'Chiplet_2', 'connection_type': '2.5d_emib', 'loc': '2.5d_chiplet'},{'from': 'Chiplet_4', 'to': 'Chiplet_5', 'connection_type': '2.5d_emib', 'loc': '2.5d_chiplet'},{'from': 'Chiplet_4', 'to': 'Chiplet_2', 'connection_type': '2.5d_emib', 'loc': '2.5d_chiplet'}",1,1,3,1,1,1,ddr5,ucie_adv,na,1,0,os,1,0,0
295,40.809333701326,4841582.85,93680.90743391882,52629849.61473774,5550.833333333333,5424.8656137491635,295,1.4141952089375351,1.7054115854749998,512,64x64,14,4.9976252555201786,6.821646341899999,1024,128x128,14,6.315940422320179,6.821646341899999,3072,128x128,14,5.656782838920179,6.821646341899999,2048,128x128,14,11.481175603606792,15.979573171754398,2048,192x192,14,2.972908090547913,5.538366334949999,2048,128x128,10,2.5d_3d,"{'from': 'Chiplet_5', 'to': 'Chiplet_3', 'connection_type': '3d_tsv', 'loc': 'stack0_base'},{'from': 'Chiplet_3', 'to': 'na', 'connection_type': '3d_tsv', 'loc': 'stack0_top'},{'from': 'Chiplet_5', 'to': 'Chiplet_4', 'connection_type': '2.5d_rdl', 'loc': '2.5d_chiplet'},{'from': 'Chiplet_5', 'to': 'Chiplet_1', 'connection_type': '2.5d_rdl', 'loc': '2.5d_chiplet'},{'from': 'Chiplet_5', 'to': 'Chiplet_2', 'connection_type': '2.5d_rdl', 'loc': '2.5d_chiplet'},{'from': 'Chiplet_1', 'to': 'Chiplet_5', 'connection_type': '2.5d_rdl', 'loc': '2.5d_chiplet'},{'from': 'Chiplet_1', 'to': 'Chiplet_2', 'connection_type': '2.5d_rdl', 'loc': '2.5d_chiplet'},{'from': 'Chiplet_4', 'to': 'Chiplet_5', 'connection_type': '2.5d_rdl', 'loc': '2.5d_chiplet'},{'from': 'Chiplet_4', 'to': 'Chiplet_2', 'connection_type': '2.5d_rdl', 'loc': '2.5d_chiplet'},{'from': 'Chiplet_4', 'to': 'Chiplet_6', 'connection_type': '2.5d_rdl', 'loc': '2.5d_chiplet'},{'from': 'Chiplet_2', 'to': 'Chiplet_4', 'connection_type': '2.5d_rdl', 'loc': '2.5d_chiplet'},{'from': 'Chiplet_2', 'to': 'Chiplet_5', 'connection_type': '2.5d_rdl', 'loc': '2.5d_chiplet'},{'from': 'Chiplet_2', 'to': 'Chiplet_1', 'connection_type': '2.5d_rdl', 'loc': '2.5d_chiplet'},{'from': 'Chiplet_2', 'to': 'Chiplet_6', 'connection_type': '2.5d_rdl', 'loc': '2.5d_chiplet'},{'from': 'Chiplet_6', 'to': 'Chiplet_4', 'connection_type': '2.5d_rdl', 'loc': '2.5d_chiplet'},{'from': 'Chiplet_6', 'to': 'Chiplet_2', 'connection_type': '2.5d_rdl', 'loc': '2.5d_chiplet'}",1,2,3,3,6,1,hbm2,ucie_std,ucie_3d,0,0,is,0,0,0
296,45.66519140945883,5395280.72,159606.84849401194,46492072.853401825,10912.187503530215,8408.516550735772,296,12.799492673176792,15.979573171754398,4096,192x192,14,0.916436759447044,1.3845915837374998,1024,64x64,10,6.315940422320179,6.821646341899999,3072,128x128,14,0.638803,1.11875,1024,64x64,7,5.656782838920179,6.821646341899999,2048,128x128,14,3.665749090547913,5.538366334949999,4096,128x128,10,2.5d_3d,"{'from': 'Chiplet_2', 'to': 'Chiplet_4', 'connection_type': '3d_hyb_bond', 'loc': 'stack0_base'},{'from': 'Chiplet_4', 'to': 'na', 'connection_type': '3d_hyb_bond', 'loc': 'stack0_top'},{'from': 'Chiplet_1', 'to': 'Chiplet_3', 'connection_type': '2.5d_emib', 'loc': '2.5d_chiplet'},{'from': 'Chiplet_1', 'to': 'Chiplet_5', 'connection_type': '2.5d_emib', 'loc': '2.5d_chiplet'},{'from': 'Chiplet_1', 'to': 'Chiplet_2', 'connection_type': '2.5d_emib', 'loc': '2.5d_chiplet'},{'from': 'Chiplet_2', 'to': 'Chiplet_5', 'connection_type': '2.5d_emib', 'loc': '2.5d_chiplet'},{'from': 'Chiplet_2', 'to': 'Chiplet_1', 'connection_type': '2.5d_emib', 'loc': '2.5d_chiplet'},{'from': 'Chiplet_3', 'to': 'Chiplet_5', 'connection_type': '2.5d_emib', 'loc': '2.5d_chiplet'},{'from': 'Chiplet_3', 'to': 'Chiplet_1', 'connection_type': '2.5d_emib', 'loc': '2.5d_chiplet'},{'from': 'Chiplet_3', 'to': 'Chiplet_6', 'connection_type': '2.5d_emib', 'loc': '2.5d_chiplet'},{'from': 'Chiplet_5', 'to': 'Chiplet_3', 'connection_type': '2.5d_emib', 'loc': '2.5d_chiplet'},{'from': 'Chiplet_5', 'to': 'Chiplet_1', 'connection_type': '2.5d_emib', 'loc': '2.5d_chiplet'},{'from': 'Chiplet_5', 'to': 'Chiplet_2', 'connection_type': '2.5d_emib', 'loc': '2.5d_chiplet'},{'from': 'Chiplet_5', 'to': 'Chiplet_6', 'connection_type': '2.5d_emib', 'loc': '2.5d_chiplet'},{'from': 'Chiplet_6', 'to': 'Chiplet_3', 'connection_type': '2.5d_emib', 'loc': '2.5d_chiplet'},{'from': 'Chiplet_6', 'to': 'Chiplet_5', 'connection_type': '2.5d_emib', 'loc': '2.5d_chiplet'}",6,1,3,1,3,2,hbm3,bow,ucie_3d,1,0,is,1,0,0
297,26.561973615563296,3769813.34,129907.38208133455,47355535.35841531,7459.551898482026,5725.705332439037,297,0.829831759447044,1.3845915837374998,768,64x64,10,1.86237254,4.475,2048,128x128,7,3.432469952,10.4826,2048,192x192,7,0.656621759447044,1.3845915837374998,256,64x64,10,12.799492673176792,15.979573171754398,4096,192x192,14,1.249405813087535,1.7054115854749998,256,64x64,14,2.5d_3d,"{'from': 'Chiplet_5', 'to': 'Chiplet_1', 'connection_type': '3d_tsv', 'loc': 'stack0_base'},{'from': 'Chiplet_1', 'to': 'Chiplet_4', 'connection_type': '3d_tsv', 'loc': 'stack0_middle1'},{'from': 'Chiplet_4', 'to': 'na', 'connection_type': '3d_tsv', 'loc': 'stack0_top'},{'from': 'Chiplet_5', 'to': 'Chiplet_3', 'connection_type': '2.5d_emib', 'loc': '2.5d_chiplet'},{'from': 'Chiplet_5', 'to': 'Chiplet_2', 'connection_type': '2.5d_emib', 'loc': '2.5d_chiplet'},{'from': 'Chiplet_3', 'to': 'Chiplet_5', 'connection_type': '2.5d_emib', 'loc': '2.5d_chiplet'},{'from': 'Chiplet_3', 'to': 'Chiplet_2', 'connection_type': '2.5d_emib', 'loc': '2.5d_chiplet'},{'from': 'Chiplet_3', 'to': 'Chiplet_6', 'connection_type': '2.5d_emib', 'loc': '2.5d_chiplet'},{'from': 'Chiplet_2', 'to': 'Chiplet_3', 'connection_type': '2.5d_emib', 'loc': '2.5d_chiplet'},{'from': 'Chiplet_2', 'to': 'Chiplet_5', 'connection_type': '2.5d_emib', 'loc': '2.5d_chiplet'},{'from': 'Chiplet_2', 'to': 'Chiplet_6', 'connection_type': '2.5d_emib', 'loc': '2.5d_chiplet'},{'from': 'Chiplet_6', 'to': 'Chiplet_3', 'connection_type': '2.5d_emib', 'loc': '2.5d_chiplet'},{'from': 'Chiplet_6', 'to': 'Chiplet_2', 'connection_type': '2.5d_emib', 'loc': '2.5d_chiplet'}",1,1,2,1,10,1,hbm2,aib,ucie_3d,0,0,ws,1,0,0
298,32.97941118462358,4263291.93,183949.02953957184,41988929.67324605,1948.9571989571991,2401.70728424922,298,0.552198,1.11875,768,64x64,7,0.638803,1.11875,1024,64x64,7,6.033899457366197,12.973514847541198,2048,192x192,10,4.9976252555201786,6.821646341899999,1024,128x128,14,6.726740457366197,12.973514847541198,4096,192x192,10,3.432469952,10.4826,2048,192x192,7,2.5d,"{'from': 'Chiplet_5', 'to': 'Chiplet_3', 'connection_type': '2.5d_emib', 'loc': '2.5d_chiplet'},{'from': 'Chiplet_5', 'to': 'Chiplet_2', 'connection_type': '2.5d_emib', 'loc': '2.5d_chiplet'},{'from': 'Chiplet_5', 'to': 'Chiplet_6', 'connection_type': '2.5d_emib', 'loc': '2.5d_chiplet'},{'from': 'Chiplet_6', 'to': 'Chiplet_5', 'connection_type': '2.5d_emib', 'loc': '2.5d_chiplet'},{'from': 'Chiplet_6', 'to': 'Chiplet_1', 'connection_type': '2.5d_emib', 'loc': '2.5d_chiplet'},{'from': 'Chiplet_6', 'to': 'Chiplet_2', 'connection_type': '2.5d_emib', 'loc': '2.5d_chiplet'},{'from': 'Chiplet_2', 'to': 'Chiplet_4', 'connection_type': '2.5d_emib', 'loc': '2.5d_chiplet'},{'from': 'Chiplet_2', 'to': 'Chiplet_5', 'connection_type': '2.5d_emib', 'loc': '2.5d_chiplet'},{'from': 'Chiplet_2', 'to': 'Chiplet_1', 'connection_type': '2.5d_emib', 'loc': '2.5d_chiplet'},{'from': 'Chiplet_2', 'to': 'Chiplet_6', 'connection_type': '2.5d_emib', 'loc': '2.5d_chiplet'},{'from': 'Chiplet_1', 'to': 'Chiplet_2', 'connection_type': '2.5d_emib', 'loc': '2.5d_chiplet'},{'from': 'Chiplet_1', 'to': 'Chiplet_6', 'connection_type': '2.5d_emib', 'loc': '2.5d_chiplet'},{'from': 'Chiplet_3', 'to': 'Chiplet_4', 'connection_type': '2.5d_emib', 'loc': '2.5d_chiplet'},{'from': 'Chiplet_3', 'to': 'Chiplet_5', 'connection_type': '2.5d_emib', 'loc': '2.5d_chiplet'},{'from': 'Chiplet_4', 'to': 'Chiplet_3', 'connection_type': '2.5d_emib', 'loc': '2.5d_chiplet'},{'from': 'Chiplet_4', 'to': 'Chiplet_2', 'connection_type': '2.5d_emib', 'loc': '2.5d_chiplet'}",1,1,4,3,5,2,hbm3,aib,na,1,0,os,0,0,0
299,28.54277019342388,5001343.4,112873.45827279176,51234900.15070462,1442.2283272283273,2217.6799027395277,299,4.818150952,10.4826,6144,192x192,7,2.20879254,4.475,3072,128x128,7,4.818150952,10.4826,6144,192x192,7,4.1253109519999995,10.4826,4096,192x192,7,4.1253109519999995,10.4826,4096,192x192,7,1.743774000637535,1.7054115854749998,1024,64x64,14,2.5d,"{'from': 'Chiplet_1', 'to': 'Chiplet_3', 'connection_type': '2.5d_rdl', 'loc': '2.5d_chiplet'},{'from': 'Chiplet_1', 'to': 'Chiplet_4', 'connection_type': '2.5d_rdl', 'loc': '2.5d_chiplet'},{'from': 'Chiplet_1', 'to': 'Chiplet_2', 'connection_type': '2.5d_rdl', 'loc': '2.5d_chiplet'},{'from': 'Chiplet_4', 'to': 'Chiplet_1', 'connection_type': '2.5d_rdl', 'loc': '2.5d_chiplet'},{'from': 'Chiplet_4', 'to': 'Chiplet_2', 'connection_type': '2.5d_rdl', 'loc': '2.5d_chiplet'},{'from': 'Chiplet_2', 'to': 'Chiplet_4', 'connection_type': '2.5d_rdl', 'loc': '2.5d_chiplet'},{'from': 'Chiplet_2', 'to': 'Chiplet_1', 'connection_type': '2.5d_rdl', 'loc': '2.5d_chiplet'},{'from': 'Chiplet_3', 'to': 'Chiplet_5', 'connection_type': '2.5d_rdl', 'loc': '2.5d_chiplet'},{'from': 'Chiplet_3', 'to': 'Chiplet_1', 'connection_type': '2.5d_rdl', 'loc': '2.5d_chiplet'},{'from': 'Chiplet_3', 'to': 'Chiplet_6', 'connection_type': '2.5d_rdl', 'loc': '2.5d_chiplet'},{'from': 'Chiplet_5', 'to': 'Chiplet_3', 'connection_type': '2.5d_rdl', 'loc': '2.5d_chiplet'},{'from': 'Chiplet_5', 'to': 'Chiplet_6', 'connection_type': '2.5d_rdl', 'loc': '2.5d_chiplet'},{'from': 'Chiplet_6', 'to': 'Chiplet_3', 'connection_type': '2.5d_rdl', 'loc': '2.5d_chiplet'},{'from': 'Chiplet_6', 'to': 'Chiplet_5', 'connection_type': '2.5d_rdl', 'loc': '2.5d_chiplet'}",4,2,3,3,3,1,hbm3,ucie_std,na,0,0,os,0,0,0
300,10.345497792163263,1124407.28,34473.520036012225,91958484.20395812,39312.814653059286,11257.666605647823,300,1.578984604787535,1.7054115854749998,768,64x64,14,1.86237254,4.475,2048,128x128,7,0.552198,1.11875,768,64x64,7,1.4141952089375351,1.7054115854749998,512,64x64,14,1.3653681800824635,3.1172648505374996,512,96x96,10,0.46559300000000003,1.11875,512,64x64,7,2.5d,"{'from': 'Chiplet_2', 'to': 'Chiplet_5', 'connection_type': '2.5d_rdl', 'loc': '2.5d_chiplet'},{'from': 'Chiplet_2', 'to': 'Chiplet_1', 'connection_type': '2.5d_rdl', 'loc': '2.5d_chiplet'},{'from': 'Chiplet_2', 'to': 'Chiplet_6', 'connection_type': '2.5d_rdl', 'loc': '2.5d_chiplet'},{'from': 'Chiplet_5', 'to': 'Chiplet_2', 'connection_type': '2.5d_rdl', 'loc': '2.5d_chiplet'},{'from': 'Chiplet_5', 'to': 'Chiplet_6', 'connection_type': '2.5d_rdl', 'loc': '2.5d_chiplet'},{'from': 'Chiplet_6', 'to': 'Chiplet_5', 'connection_type': '2.5d_rdl', 'loc': '2.5d_chiplet'},{'from': 'Chiplet_6', 'to': 'Chiplet_2', 'connection_type': '2.5d_rdl', 'loc': '2.5d_chiplet'},{'from': 'Chiplet_1', 'to': 'Chiplet_4', 'connection_type': '2.5d_rdl', 'loc': '2.5d_chiplet'},{'from': 'Chiplet_1', 'to': 'Chiplet_3', 'connection_type': '2.5d_rdl', 'loc': '2.5d_chiplet'},{'from': 'Chiplet_1', 'to': 'Chiplet_2', 'connection_type': '2.5d_rdl', 'loc': '2.5d_chiplet'},{'from': 'Chiplet_4', 'to': 'Chiplet_3', 'connection_type': '2.5d_rdl', 'loc': '2.5d_chiplet'},{'from': 'Chiplet_4', 'to': 'Chiplet_1', 'connection_type': '2.5d_rdl', 'loc': '2.5d_chiplet'},{'from': 'Chiplet_3', 'to': 'Chiplet_4', 'connection_type': '2.5d_rdl', 'loc': '2.5d_chiplet'},{'from': 'Chiplet_3', 'to': 'Chiplet_1', 'connection_type': '2.5d_rdl', 'loc': '2.5d_chiplet'}",2,2,1,1,1,1,ddr5,ucie_std,na,1,0,ws,1,0,0
301,27.00504248568274,3134587.95,74854.84531141607,103429981.39825699,9884.849731772329,7747.156964693915,301,12.799492673176792,15.979573171754398,4096,192x192,14,1.249405813087535,1.7054115854749998,256,64x64,14,1.578984604787535,1.7054115854749998,768,64x64,14,3.665749090547913,5.538366334949999,4096,128x128,10,1.743774000637535,1.7054115854749998,1024,64x64,14,3.665749090547913,5.538366334949999,4096,128x128,10,2.5d_3d,"{'from': 'Chiplet_6', 'to': 'Chiplet_5', 'connection_type': '3d_tsv', 'loc': 'stack0_base'},{'from': 'Chiplet_5', 'to': 'Chiplet_3', 'connection_type': '3d_tsv', 'loc': 'stack0_middle1'},{'from': 'Chiplet_3', 'to': 'Chiplet_2', 'connection_type': '3d_tsv', 'loc': 'stack0_middle2'},{'from': 'Chiplet_2', 'to': 'na', 'connection_type': '3d_tsv', 'loc': 'stack0_top'},{'from': 'Chiplet_1', 'to': 'Chiplet_4', 'connection_type': '2.5d_rdl', 'loc': '2.5d_chiplet'},{'from': 'Chiplet_1', 'to': 'Chiplet_6', 'connection_type': '2.5d_rdl', 'loc': '2.5d_chiplet'},{'from': 'Chiplet_4', 'to': 'Chiplet_1', 'connection_type': '2.5d_rdl', 'loc': '2.5d_chiplet'},{'from': 'Chiplet_4', 'to': 'Chiplet_6', 'connection_type': '2.5d_rdl', 'loc': '2.5d_chiplet'},{'from': 'Chiplet_6', 'to': 'Chiplet_4', 'connection_type': '2.5d_rdl', 'loc': '2.5d_chiplet'},{'from': 'Chiplet_6', 'to': 'Chiplet_1', 'connection_type': '2.5d_rdl', 'loc': '2.5d_chiplet'}",3,1,1,1,1,1,ddr5,ucie_std,ucie_3d,1,0,os,1,0,0
302,27.012293881969192,2739627.46,165739.80501549866,90016136.32728635,6769.596145003579,5794.223380479839,302,1.7117881800824635,3.1172648505374996,1536,96x96,10,0.916436759447044,1.3845915837374998,1024,64x64,10,2.972908090547913,5.538366334949999,2048,128x128,10,2.6264880905479133,5.538366334949999,1024,128x128,10,11.481175603606792,15.979573171754398,2048,192x192,14,1.578984604787535,1.7054115854749998,768,64x64,14,2.5d,"{'from': 'Chiplet_5', 'to': 'Chiplet_3', 'connection_type': '2.5d_emib', 'loc': '2.5d_chiplet'},{'from': 'Chiplet_5', 'to': 'Chiplet_4', 'connection_type': '2.5d_emib', 'loc': '2.5d_chiplet'},{'from': 'Chiplet_3', 'to': 'Chiplet_4', 'connection_type': '2.5d_emib', 'loc': '2.5d_chiplet'},{'from': 'Chiplet_3', 'to': 'Chiplet_5', 'connection_type': '2.5d_emib', 'loc': '2.5d_chiplet'},{'from': 'Chiplet_3', 'to': 'Chiplet_6', 'connection_type': '2.5d_emib', 'loc': '2.5d_chiplet'},{'from': 'Chiplet_6', 'to': 'Chiplet_3', 'connection_type': '2.5d_emib', 'loc': '2.5d_chiplet'},{'from': 'Chiplet_6', 'to': 'Chiplet_1', 'connection_type': '2.5d_emib', 'loc': '2.5d_chiplet'},{'from': 'Chiplet_4', 'to': 'Chiplet_3', 'connection_type': '2.5d_emib', 'loc': '2.5d_chiplet'},{'from': 'Chiplet_4', 'to': 'Chiplet_5', 'connection_type': '2.5d_emib', 'loc': '2.5d_chiplet'},{'from': 'Chiplet_4', 'to': 'Chiplet_1', 'connection_type': '2.5d_emib', 'loc': '2.5d_chiplet'},{'from': 'Chiplet_4', 'to': 'Chiplet_2', 'connection_type': '2.5d_emib', 'loc': '2.5d_chiplet'},{'from': 'Chiplet_1', 'to': 'Chiplet_4', 'connection_type': '2.5d_emib', 'loc': '2.5d_chiplet'},{'from': 'Chiplet_1', 'to': 'Chiplet_2', 'connection_type': '2.5d_emib', 'loc': '2.5d_chiplet'},{'from': 'Chiplet_1', 'to': 'Chiplet_6', 'connection_type': '2.5d_emib', 'loc': '2.5d_chiplet'},{'from': 'Chiplet_2', 'to': 'Chiplet_4', 'connection_type': '2.5d_emib', 'loc': '2.5d_chiplet'},{'from': 'Chiplet_2', 'to': 'Chiplet_1', 'connection_type': '2.5d_emib', 'loc': '2.5d_chiplet'}",1,1,1,1,3,1,ddr5,aib,na,1,0,os,1,0,0
303,15.50012385907543,2481900.64,54200.98199981327,42986039.4600524,3897.9143979143983,2722.8963834381793,303,2.6264880905479133,5.538366334949999,1024,128x128,10,0.46559300000000003,1.11875,512,64x64,7,0.784712696,2.51875,512,96x96,7,1.7117881800824635,3.1172648505374996,1536,96x96,10,6.726740457366197,12.973514847541198,4096,192x192,10,1.249405813087535,1.7054115854749998,256,64x64,14,2.5d_3d,"{'from': 'Chiplet_6', 'to': 'Chiplet_3', 'connection_type': '3d_tsv', 'loc': 'stack0_base'},{'from': 'Chiplet_3', 'to': 'Chiplet_2', 'connection_type': '3d_tsv', 'loc': 'stack0_middle1'},{'from': 'Chiplet_2', 'to': 'na', 'connection_type': '3d_tsv', 'loc': 'stack0_top'},{'from': 'Chiplet_5', 'to': 'Chiplet_4', 'connection_type': '2.5d_rdl', 'loc': '2.5d_chiplet'},{'from': 'Chiplet_5', 'to': 'Chiplet_1', 'connection_type': '2.5d_rdl', 'loc': '2.5d_chiplet'},{'from': 'Chiplet_1', 'to': 'Chiplet_4', 'connection_type': '2.5d_rdl', 'loc': '2.5d_chiplet'},{'from': 'Chiplet_1', 'to': 'Chiplet_5', 'connection_type': '2.5d_rdl', 'loc': '2.5d_chiplet'},{'from': 'Chiplet_1', 'to': 'Chiplet_6', 'connection_type': '2.5d_rdl', 'loc': '2.5d_chiplet'},{'from': 'Chiplet_4', 'to': 'Chiplet_5', 'connection_type': '2.5d_rdl', 'loc': '2.5d_chiplet'},{'from': 'Chiplet_4', 'to': 'Chiplet_1', 'connection_type': '2.5d_rdl', 'loc': '2.5d_chiplet'},{'from': 'Chiplet_4', 'to': 'Chiplet_6', 'connection_type': '2.5d_rdl', 'loc': '2.5d_chiplet'},{'from': 'Chiplet_6', 'to': 'Chiplet_4', 'connection_type': '2.5d_rdl', 'loc': '2.5d_chiplet'},{'from': 'Chiplet_6', 'to': 'Chiplet_1', 'connection_type': '2.5d_rdl', 'loc': '2.5d_chiplet'}",3,1,1,2,8,1,hbm3,ucie_std,ucie_3d,0,0,os,0,0,0
304,31.44198190492841,4282711.1,189358.79464265786,61190102.870329574,3010.8333333333335,3212.7244246687465,304,1.51595254,4.475,1024,128x128,7,1.86237254,4.475,2048,128x128,7,14.117807839976791,15.979573171754398,6144,192x192,14,1.86237254,4.475,2048,128x128,7,2.55521354,4.475,4096,128x128,7,3.5867297574793953,3.8395579270749995,2048,96x96,14,2.5d,"{'from': 'Chiplet_3', 'to': 'Chiplet_5', 'connection_type': '2.5d_emib', 'loc': '2.5d_chiplet'},{'from': 'Chiplet_3', 'to': 'Chiplet_6', 'connection_type': '2.5d_emib', 'loc': '2.5d_chiplet'},{'from': 'Chiplet_6', 'to': 'Chiplet_3', 'connection_type': '2.5d_emib', 'loc': '2.5d_chiplet'},{'from': 'Chiplet_6', 'to': 'Chiplet_5', 'connection_type': '2.5d_emib', 'loc': '2.5d_chiplet'},{'from': 'Chiplet_6', 'to': 'Chiplet_4', 'connection_type': '2.5d_emib', 'loc': '2.5d_chiplet'},{'from': 'Chiplet_6', 'to': 'Chiplet_2', 'connection_type': '2.5d_emib', 'loc': '2.5d_chiplet'},{'from': 'Chiplet_4', 'to': 'Chiplet_2', 'connection_type': '2.5d_emib', 'loc': '2.5d_chiplet'},{'from': 'Chiplet_4', 'to': 'Chiplet_6', 'connection_type': '2.5d_emib', 'loc': '2.5d_chiplet'},{'from': 'Chiplet_5', 'to': 'Chiplet_3', 'connection_type': '2.5d_emib', 'loc': '2.5d_chiplet'},{'from': 'Chiplet_5', 'to': 'Chiplet_1', 'connection_type': '2.5d_emib', 'loc': '2.5d_chiplet'},{'from': 'Chiplet_5', 'to': 'Chiplet_2', 'connection_type': '2.5d_emib', 'loc': '2.5d_chiplet'},{'from': 'Chiplet_5', 'to': 'Chiplet_6', 'connection_type': '2.5d_emib', 'loc': '2.5d_chiplet'},{'from': 'Chiplet_2', 'to': 'Chiplet_4', 'connection_type': '2.5d_emib', 'loc': '2.5d_chiplet'},{'from': 'Chiplet_2', 'to': 'Chiplet_5', 'connection_type': '2.5d_emib', 'loc': '2.5d_chiplet'},{'from': 'Chiplet_2', 'to': 'Chiplet_1', 'connection_type': '2.5d_emib', 'loc': '2.5d_chiplet'},{'from': 'Chiplet_2', 'to': 'Chiplet_6', 'connection_type': '2.5d_emib', 'loc': '2.5d_chiplet'},{'from': 'Chiplet_1', 'to': 'Chiplet_5', 'connection_type': '2.5d_emib', 'loc': '2.5d_chiplet'},{'from': 'Chiplet_1', 'to': 'Chiplet_2', 'connection_type': '2.5d_emib', 'loc': '2.5d_chiplet'}",1,1,9,1,2,2,hbm2,ucie_adv,na,0,0,ws,0,0,0
305,48.20693025770499,6714797.06,131464.7578581908,67528038.6455207,2570.8333333333335,4160.7848314119565,305,3.432469952,10.4826,2048,192x192,7,2.927572174079395,3.8395579270749995,1024,96x96,14,14.117807839976791,15.979573171754398,6144,192x192,14,6.033899457366197,12.973514847541198,2048,192x192,10,1.304342696,2.51875,2048,96x96,7,14.117807839976791,15.979573171754398,6144,192x192,14,2.5d_3d,"{'from': 'Chiplet_3', 'to': 'Chiplet_1', 'connection_type': '3d_tsv', 'loc': 'stack0_base'},{'from': 'Chiplet_1', 'to': 'Chiplet_5', 'connection_type': '3d_tsv', 'loc': 'stack0_middle1'},{'from': 'Chiplet_5', 'to': 'na', 'connection_type': '3d_tsv', 'loc': 'stack0_top'},{'from': 'Chiplet_3', 'to': 'Chiplet_4', 'connection_type': '2.5d_rdl', 'loc': '2.5d_chiplet'},{'from': 'Chiplet_3', 'to': 'Chiplet_6', 'connection_type': '2.5d_rdl', 'loc': '2.5d_chiplet'},{'from': 'Chiplet_4', 'to': 'Chiplet_3', 'connection_type': '2.5d_rdl', 'loc': '2.5d_chiplet'},{'from': 'Chiplet_4', 'to': 'Chiplet_2', 'connection_type': '2.5d_rdl', 'loc': '2.5d_chiplet'},{'from': 'Chiplet_6', 'to': 'Chiplet_3', 'connection_type': '2.5d_rdl', 'loc': '2.5d_chiplet'},{'from': 'Chiplet_6', 'to': 'Chiplet_2', 'connection_type': '2.5d_rdl', 'loc': '2.5d_chiplet'},{'from': 'Chiplet_2', 'to': 'Chiplet_4', 'connection_type': '2.5d_rdl', 'loc': '2.5d_chiplet'},{'from': 'Chiplet_2', 'to': 'Chiplet_6', 'connection_type': '2.5d_rdl', 'loc': '2.5d_chiplet'}",1,1,6,2,1,5,hbm2,ucie_std,ucie_3d,0,0,os,0,0,0
306,16.29479472365825,2266028.03,114882.9508291739,101877966.61751059,22310.678102312326,10651.315648060136,306,1.743774000637535,1.7054115854749998,1024,64x64,14,1.131132696,2.51875,1536,96x96,7,6.315940422320179,6.821646341899999,3072,128x128,14,1.5385781800824634,3.1172648505374996,1024,96x96,10,1.578984604787535,1.7054115854749998,768,64x64,14,3.665749090547913,5.538366334949999,4096,128x128,10,2.5d_3d,"{'from': 'Chiplet_6', 'to': 'Chiplet_5', 'connection_type': '3d_hyb_bond', 'loc': 'stack0_base'},{'from': 'Chiplet_5', 'to': 'Chiplet_2', 'connection_type': '3d_hyb_bond', 'loc': 'stack0_middle1'},{'from': 'Chiplet_2', 'to': 'na', 'connection_type': '3d_hyb_bond', 'loc': 'stack0_top'},{'from': 'Chiplet_3', 'to': 'Chiplet_1', 'connection_type': '2.5d_emib', 'loc': '2.5d_chiplet'},{'from': 'Chiplet_3', 'to': 'Chiplet_6', 'connection_type': '2.5d_emib', 'loc': '2.5d_chiplet'},{'from': 'Chiplet_6', 'to': 'Chiplet_3', 'connection_type': '2.5d_emib', 'loc': '2.5d_chiplet'},{'from': 'Chiplet_6', 'to': 'Chiplet_4', 'connection_type': '2.5d_emib', 'loc': '2.5d_chiplet'},{'from': 'Chiplet_6', 'to': 'Chiplet_1', 'connection_type': '2.5d_emib', 'loc': '2.5d_chiplet'},{'from': 'Chiplet_1', 'to': 'Chiplet_3', 'connection_type': '2.5d_emib', 'loc': '2.5d_chiplet'},{'from': 'Chiplet_1', 'to': 'Chiplet_4', 'connection_type': '2.5d_emib', 'loc': '2.5d_chiplet'},{'from': 'Chiplet_1', 'to': 'Chiplet_6', 'connection_type': '2.5d_emib', 'loc': '2.5d_chiplet'},{'from': 'Chiplet_4', 'to': 'Chiplet_1', 'connection_type': '2.5d_emib', 'loc': '2.5d_chiplet'},{'from': 'Chiplet_4', 'to': 'Chiplet_6', 'connection_type': '2.5d_emib', 'loc': '2.5d_chiplet'}",1,1,3,1,1,1,ddr5,aib,ucie_3d,0,0,is,1,0,0
307,28.358262440597613,3683599.32,176945.79638759207,44440943.741404526,5383.713878713878,4294.86517840046,307,4.818150952,10.4826,6144,192x192,7,11.481175603606792,15.979573171754398,2048,192x192,14,0.829831759447044,1.3845915837374998,768,64x64,10,1.51595254,4.475,1024,128x128,7,1.249405813087535,1.7054115854749998,256,64x64,14,0.638803,1.11875,1024,64x64,7,2.5d,"{'from': 'Chiplet_2', 'to': 'Chiplet_4', 'connection_type': '2.5d_emib', 'loc': '2.5d_chiplet'},{'from': 'Chiplet_2', 'to': 'Chiplet_1', 'connection_type': '2.5d_emib', 'loc': '2.5d_chiplet'},{'from': 'Chiplet_2', 'to': 'Chiplet_6', 'connection_type': '2.5d_emib', 'loc': '2.5d_chiplet'},{'from': 'Chiplet_1', 'to': 'Chiplet_4', 'connection_type': '2.5d_emib', 'loc': '2.5d_chiplet'},{'from': 'Chiplet_1', 'to': 'Chiplet_5', 'connection_type': '2.5d_emib', 'loc': '2.5d_chiplet'},{'from': 'Chiplet_1', 'to': 'Chiplet_2', 'connection_type': '2.5d_emib', 'loc': '2.5d_chiplet'},{'from': 'Chiplet_4', 'to': 'Chiplet_5', 'connection_type': '2.5d_emib', 'loc': '2.5d_chiplet'},{'from': 'Chiplet_4', 'to': 'Chiplet_1', 'connection_type': '2.5d_emib', 'loc': '2.5d_chiplet'},{'from': 'Chiplet_4', 'to': 'Chiplet_2', 'connection_type': '2.5d_emib', 'loc': '2.5d_chiplet'},{'from': 'Chiplet_4', 'to': 'Chiplet_6', 'connection_type': '2.5d_emib', 'loc': '2.5d_chiplet'},{'from': 'Chiplet_6', 'to': 'Chiplet_3', 'connection_type': '2.5d_emib', 'loc': '2.5d_chiplet'},{'from': 'Chiplet_6', 'to': 'Chiplet_4', 'connection_type': '2.5d_emib', 'loc': '2.5d_chiplet'},{'from': 'Chiplet_6', 'to': 'Chiplet_2', 'connection_type': '2.5d_emib', 'loc': '2.5d_chiplet'},{'from': 'Chiplet_5', 'to': 'Chiplet_4', 'connection_type': '2.5d_emib', 'loc': '2.5d_chiplet'},{'from': 'Chiplet_5', 'to': 'Chiplet_1', 'connection_type': '2.5d_emib', 'loc': '2.5d_chiplet'},{'from': 'Chiplet_5', 'to': 'Chiplet_3', 'connection_type': '2.5d_emib', 'loc': '2.5d_chiplet'},{'from': 'Chiplet_3', 'to': 'Chiplet_5', 'connection_type': '2.5d_emib', 'loc': '2.5d_chiplet'},{'from': 'Chiplet_3', 'to': 'Chiplet_6', 'connection_type': '2.5d_emib', 'loc': '2.5d_chiplet'}",3,9,1,1,1,1,hbm3,aib,na,0,0,is,0,0,0
308,21.295249158600818,3807735.94,166792.01581051908,106041280.18777859,6171.546419815805,5842.938254648235,308,5.5109919519999995,10.4826,8192,192x192,7,2.20879254,4.475,3072,128x128,7,1.131132696,2.51875,1536,96x96,7,1.131132696,2.51875,1536,96x96,7,4.818150952,10.4826,6144,192x192,7,3.2571509657793953,3.8395579270749995,1536,96x96,14,2.5d_3d,"{'from': 'Chiplet_6', 'to': 'Chiplet_2', 'connection_type': '3d_u_bump', 'loc': 'stack0_base'},{'from': 'Chiplet_2', 'to': 'na', 'connection_type': '3d_u_bump', 'loc': 'stack0_top'},{'from': 'Chiplet_1', 'to': 'Chiplet_3', 'connection_type': '2.5d_emib', 'loc': '2.5d_chiplet'},{'from': 'Chiplet_1', 'to': 'Chiplet_5', 'connection_type': '2.5d_emib', 'loc': '2.5d_chiplet'},{'from': 'Chiplet_1', 'to': 'Chiplet_4', 'connection_type': '2.5d_emib', 'loc': '2.5d_chiplet'},{'from': 'Chiplet_1', 'to': 'Chiplet_6', 'connection_type': '2.5d_emib', 'loc': '2.5d_chiplet'},{'from': 'Chiplet_3', 'to': 'Chiplet_4', 'connection_type': '2.5d_emib', 'loc': '2.5d_chiplet'},{'from': 'Chiplet_3', 'to': 'Chiplet_1', 'connection_type': '2.5d_emib', 'loc': '2.5d_chiplet'},{'from': 'Chiplet_4', 'to': 'Chiplet_3', 'connection_type': '2.5d_emib', 'loc': '2.5d_chiplet'},{'from': 'Chiplet_4', 'to': 'Chiplet_1', 'connection_type': '2.5d_emib', 'loc': '2.5d_chiplet'},{'from': 'Chiplet_5', 'to': 'Chiplet_1', 'connection_type': '2.5d_emib', 'loc': '2.5d_chiplet'},{'from': 'Chiplet_5', 'to': 'Chiplet_6', 'connection_type': '2.5d_emib', 'loc': '2.5d_chiplet'},{'from': 'Chiplet_6', 'to': 'Chiplet_5', 'connection_type': '2.5d_emib', 'loc': '2.5d_chiplet'},{'from': 'Chiplet_6', 'to': 'Chiplet_1', 'connection_type': '2.5d_emib', 'loc': '2.5d_chiplet'}",2,1,1,1,2,1,ddr5,aib,ucie_3d,1,0,os,1,0,0
309,21.019120967514887,4334579.25,129743.87915378914,54950583.753053755,6187.643218221876,5578.635233928445,309,2.972908090547913,5.538366334949999,2048,128x128,10,2.972908090547913,5.538366334949999,2048,128x128,10,1.5385781800824634,3.1172648505374996,1024,96x96,10,4.818150952,10.4826,6144,192x192,7,8.112421457366196,12.973514847541198,8192,192x192,10,0.784712696,2.51875,512,96x96,7,2.5d_3d,"{'from': 'Chiplet_4', 'to': 'Chiplet_1', 'connection_type': '3d_u_bump', 'loc': 'stack0_base'},{'from': 'Chiplet_1', 'to': 'Chiplet_2', 'connection_type': '3d_u_bump', 'loc': 'stack0_middle1'},{'from': 'Chiplet_2', 'to': 'Chiplet_6', 'connection_type': '3d_u_bump', 'loc': 'stack0_middle2'},{'from': 'Chiplet_6', 'to': 'na', 'connection_type': '3d_u_bump', 'loc': 'stack0_top'},{'from': 'Chiplet_5', 'to': 'Chiplet_4', 'connection_type': '2.5d_emib', 'loc': '2.5d_chiplet'},{'from': 'Chiplet_5', 'to': 'Chiplet_3', 'connection_type': '2.5d_emib', 'loc': '2.5d_chiplet'},{'from': 'Chiplet_4', 'to': 'Chiplet_3', 'connection_type': '2.5d_emib', 'loc': '2.5d_chiplet'},{'from': 'Chiplet_4', 'to': 'Chiplet_5', 'connection_type': '2.5d_emib', 'loc': '2.5d_chiplet'},{'from': 'Chiplet_3', 'to': 'Chiplet_4', 'connection_type': '2.5d_emib', 'loc': '2.5d_chiplet'},{'from': 'Chiplet_3', 'to': 'Chiplet_5', 'connection_type': '2.5d_emib', 'loc': '2.5d_chiplet'}",2,2,1,4,6,1,hbm2,aib,ucie_3d,0,0,os,1,0,0
310,6.489301292875518,1583511.73,72640.9829792711,133281855.77581783,11504.46050096339,6117.822287416699,310,0.916436759447044,1.3845915837374998,1024,64x64,10,0.552198,1.11875,768,64x64,7,3.3193280905479132,5.538366334949999,3072,128x128,10,2.55521354,4.475,4096,128x128,7,1.5385781800824634,3.1172648505374996,1024,96x96,10,1.249405813087535,1.7054115854749998,256,64x64,14,2.5d_3d,"{'from': 'Chiplet_3', 'to': 'Chiplet_5', 'connection_type': '3d_u_bump', 'loc': 'stack0_base'},{'from': 'Chiplet_5', 'to': 'Chiplet_6', 'connection_type': '3d_u_bump', 'loc': 'stack0_middle1'},{'from': 'Chiplet_6', 'to': 'Chiplet_1', 'connection_type': '3d_u_bump', 'loc': 'stack0_middle2'},{'from': 'Chiplet_1', 'to': 'Chiplet_2', 'connection_type': '3d_u_bump', 'loc': 'stack0_middle3'},{'from': 'Chiplet_2', 'to': 'na', 'connection_type': '3d_u_bump', 'loc': 'stack0_top'},{'from': 'Chiplet_3', 'to': 'Chiplet_4', 'connection_type': '2.5d_emib', 'loc': '2.5d_chiplet'},{'from': 'Chiplet_4', 'to': 'Chiplet_3', 'connection_type': '2.5d_emib', 'loc': '2.5d_chiplet'}",1,1,2,2,1,1,ddr5,aib,ucie_3d,1,0,is,0,0,0
311,32.66527968847093,2928957.56,71975.204462914,97478307.77642518,21284.255114871423,13962.694914205875,311,6.975099908490179,6.821646341899999,4096,128x128,14,0.552198,1.11875,768,64x64,7,2.927572174079395,3.8395579270749995,1024,96x96,14,1.304342696,2.51875,2048,96x96,7,6.726740457366197,12.973514847541198,4096,192x192,10,2.597993382379395,3.8395579270749995,512,96x96,14,2.5d,"{'from': 'Chiplet_1', 'to': 'Chiplet_4', 'connection_type': '2.5d_rdl', 'loc': '2.5d_chiplet'},{'from': 'Chiplet_1', 'to': 'Chiplet_5', 'connection_type': '2.5d_rdl', 'loc': '2.5d_chiplet'},{'from': 'Chiplet_1', 'to': 'Chiplet_6', 'connection_type': '2.5d_rdl', 'loc': '2.5d_chiplet'},{'from': 'Chiplet_6', 'to': 'Chiplet_4', 'connection_type': '2.5d_rdl', 'loc': '2.5d_chiplet'},{'from': 'Chiplet_6', 'to': 'Chiplet_1', 'connection_type': '2.5d_rdl', 'loc': '2.5d_chiplet'},{'from': 'Chiplet_4', 'to': 'Chiplet_1', 'connection_type': '2.5d_rdl', 'loc': '2.5d_chiplet'},{'from': 'Chiplet_4', 'to': 'Chiplet_6', 'connection_type': '2.5d_rdl', 'loc': '2.5d_chiplet'},{'from': 'Chiplet_5', 'to': 'Chiplet_3', 'connection_type': '2.5d_rdl', 'loc': '2.5d_chiplet'},{'from': 'Chiplet_5', 'to': 'Chiplet_1', 'connection_type': '2.5d_rdl', 'loc': '2.5d_chiplet'},{'from': 'Chiplet_5', 'to': 'Chiplet_2', 'connection_type': '2.5d_rdl', 'loc': '2.5d_chiplet'},{'from': 'Chiplet_3', 'to': 'Chiplet_5', 'connection_type': '2.5d_rdl', 'loc': '2.5d_chiplet'},{'from': 'Chiplet_3', 'to': 'Chiplet_2', 'connection_type': '2.5d_rdl', 'loc': '2.5d_chiplet'},{'from': 'Chiplet_2', 'to': 'Chiplet_3', 'connection_type': '2.5d_rdl', 'loc': '2.5d_chiplet'},{'from': 'Chiplet_2', 'to': 'Chiplet_5', 'connection_type': '2.5d_rdl', 'loc': '2.5d_chiplet'}",2,1,1,1,2,1,ddr5,ucie_std,na,0,0,ws,1,0,0
312,28.763415122188853,4456929.69,157118.75968543204,46878694.54066719,3056.840390879479,3095.0636230612017,312,3.432469952,10.4826,2048,192x192,7,3.5867297574793953,3.8395579270749995,2048,96x96,14,12.799492673176792,15.979573171754398,4096,192x192,14,0.784712696,2.51875,512,96x96,7,3.3193280905479132,5.538366334949999,3072,128x128,10,0.743226759447044,1.3845915837374998,512,64x64,10,2.5d_3d,"{'from': 'Chiplet_5', 'to': 'Chiplet_4', 'connection_type': '3d_hyb_bond', 'loc': 'stack0_base'},{'from': 'Chiplet_4', 'to': 'na', 'connection_type': '3d_hyb_bond', 'loc': 'stack0_top'},{'from': 'Chiplet_3', 'to': 'Chiplet_1', 'connection_type': '2.5d_emib', 'loc': '2.5d_chiplet'},{'from': 'Chiplet_3', 'to': 'Chiplet_2', 'connection_type': '2.5d_emib', 'loc': '2.5d_chiplet'},{'from': 'Chiplet_2', 'to': 'Chiplet_3', 'connection_type': '2.5d_emib', 'loc': '2.5d_chiplet'},{'from': 'Chiplet_2', 'to': 'Chiplet_1', 'connection_type': '2.5d_emib', 'loc': '2.5d_chiplet'},{'from': 'Chiplet_2', 'to': 'Chiplet_6', 'connection_type': '2.5d_emib', 'loc': '2.5d_chiplet'},{'from': 'Chiplet_6', 'to': 'Chiplet_5', 'connection_type': '2.5d_emib', 'loc': '2.5d_chiplet'},{'from': 'Chiplet_6', 'to': 'Chiplet_2', 'connection_type': '2.5d_emib', 'loc': '2.5d_chiplet'},{'from': 'Chiplet_1', 'to': 'Chiplet_3', 'connection_type': '2.5d_emib', 'loc': '2.5d_chiplet'},{'from': 'Chiplet_1', 'to': 'Chiplet_5', 'connection_type': '2.5d_emib', 'loc': '2.5d_chiplet'},{'from': 'Chiplet_1', 'to': 'Chiplet_2', 'connection_type': '2.5d_emib', 'loc': '2.5d_chiplet'},{'from': 'Chiplet_5', 'to': 'Chiplet_1', 'connection_type': '2.5d_emib', 'loc': '2.5d_chiplet'},{'from': 'Chiplet_5', 'to': 'Chiplet_6', 'connection_type': '2.5d_emib', 'loc': '2.5d_chiplet'}",2,2,8,1,2,1,hbm3,bow,ucie_3d,0,0,os,0,0,0
313,17.385944976538635,1811886.36,141827.36105284415,53158007.458333716,7639.189189189189,3079.7110693939785,313,0.656621759447044,1.3845915837374998,256,64x64,10,0.378988,1.11875,256,64x64,7,0.743226759447044,1.3845915837374998,512,64x64,10,3.2571509657793953,3.8395579270749995,1536,96x96,14,1.743774000637535,1.7054115854749998,1024,64x64,14,3.665749090547913,5.538366334949999,4096,128x128,10,2.5d,"{'from': 'Chiplet_6', 'to': 'Chiplet_4', 'connection_type': '2.5d_emib', 'loc': '2.5d_chiplet'},{'from': 'Chiplet_6', 'to': 'Chiplet_1', 'connection_type': '2.5d_emib', 'loc': '2.5d_chiplet'},{'from': 'Chiplet_6', 'to': 'Chiplet_3', 'connection_type': '2.5d_emib', 'loc': '2.5d_chiplet'},{'from': 'Chiplet_3', 'to': 'Chiplet_1', 'connection_type': '2.5d_emib', 'loc': '2.5d_chiplet'},{'from': 'Chiplet_3', 'to': 'Chiplet_6', 'connection_type': '2.5d_emib', 'loc': '2.5d_chiplet'},{'from': 'Chiplet_1', 'to': 'Chiplet_3', 'connection_type': '2.5d_emib', 'loc': '2.5d_chiplet'},{'from': 'Chiplet_1', 'to': 'Chiplet_6', 'connection_type': '2.5d_emib', 'loc': '2.5d_chiplet'},{'from': 'Chiplet_4', 'to': 'Chiplet_5', 'connection_type': '2.5d_emib', 'loc': '2.5d_chiplet'},{'from': 'Chiplet_4', 'to': 'Chiplet_2', 'connection_type': '2.5d_emib', 'loc': '2.5d_chiplet'},{'from': 'Chiplet_4', 'to': 'Chiplet_6', 'connection_type': '2.5d_emib', 'loc': '2.5d_chiplet'},{'from': 'Chiplet_5', 'to': 'Chiplet_4', 'connection_type': '2.5d_emib', 'loc': '2.5d_chiplet'},{'from': 'Chiplet_5', 'to': 'Chiplet_2', 'connection_type': '2.5d_emib', 'loc': '2.5d_chiplet'},{'from': 'Chiplet_2', 'to': 'Chiplet_4', 'connection_type': '2.5d_emib', 'loc': '2.5d_chiplet'},{'from': 'Chiplet_2', 'to': 'Chiplet_5', 'connection_type': '2.5d_emib', 'loc': '2.5d_chiplet'}",1,1,1,5,3,5,hbm2,bow,na,1,0,os,0,0,0
314,29.761678757489143,3036982.61,62182.50940339067,47740096.61868932,3770.103148751357,2675.4977430335875,314,0.638803,1.11875,1024,64x64,7,2.972908090547913,5.538366334949999,2048,128x128,10,3.665749090547913,5.538366334949999,4096,128x128,10,2.972908090547913,5.538366334949999,2048,128x128,10,0.829831759447044,1.3845915837374998,768,64x64,10,6.315940422320179,6.821646341899999,3072,128x128,14,2.5d,"{'from': 'Chiplet_6', 'to': 'Chiplet_3', 'connection_type': '2.5d_rdl', 'loc': '2.5d_chiplet'},{'from': 'Chiplet_6', 'to': 'Chiplet_4', 'connection_type': '2.5d_rdl', 'loc': '2.5d_chiplet'},{'from': 'Chiplet_4', 'to': 'Chiplet_3', 'connection_type': '2.5d_rdl', 'loc': '2.5d_chiplet'},{'from': 'Chiplet_4', 'to': 'Chiplet_2', 'connection_type': '2.5d_rdl', 'loc': '2.5d_chiplet'},{'from': 'Chiplet_4', 'to': 'Chiplet_6', 'connection_type': '2.5d_rdl', 'loc': '2.5d_chiplet'},{'from': 'Chiplet_3', 'to': 'Chiplet_4', 'connection_type': '2.5d_rdl', 'loc': '2.5d_chiplet'},{'from': 'Chiplet_3', 'to': 'Chiplet_1', 'connection_type': '2.5d_rdl', 'loc': '2.5d_chiplet'},{'from': 'Chiplet_3', 'to': 'Chiplet_2', 'connection_type': '2.5d_rdl', 'loc': '2.5d_chiplet'},{'from': 'Chiplet_3', 'to': 'Chiplet_6', 'connection_type': '2.5d_rdl', 'loc': '2.5d_chiplet'},{'from': 'Chiplet_3', 'to': 'Chiplet_5', 'connection_type': '2.5d_rdl', 'loc': '2.5d_chiplet'},{'from': 'Chiplet_1', 'to': 'Chiplet_3', 'connection_type': '2.5d_rdl', 'loc': '2.5d_chiplet'},{'from': 'Chiplet_1', 'to': 'Chiplet_5', 'connection_type': '2.5d_rdl', 'loc': '2.5d_chiplet'},{'from': 'Chiplet_2', 'to': 'Chiplet_4', 'connection_type': '2.5d_rdl', 'loc': '2.5d_chiplet'},{'from': 'Chiplet_2', 'to': 'Chiplet_5', 'connection_type': '2.5d_rdl', 'loc': '2.5d_chiplet'},{'from': 'Chiplet_2', 'to': 'Chiplet_3', 'connection_type': '2.5d_rdl', 'loc': '2.5d_chiplet'},{'from': 'Chiplet_5', 'to': 'Chiplet_3', 'connection_type': '2.5d_rdl', 'loc': '2.5d_chiplet'},{'from': 'Chiplet_5', 'to': 'Chiplet_1', 'connection_type': '2.5d_rdl', 'loc': '2.5d_chiplet'},{'from': 'Chiplet_5', 'to': 'Chiplet_2', 'connection_type': '2.5d_rdl', 'loc': '2.5d_chiplet'}",1,3,3,2,1,6,hbm3,ucie_std,na,0,0,os,0,0,0
315,13.871852995285822,1757103.39,47252.0415072961,135600119.53831568,61787.56282188686,21673.20902569814,315,5.656782838920179,6.821646341899999,2048,128x128,14,2.55521354,4.475,4096,128x128,7,0.916436759447044,1.3845915837374998,1024,64x64,10,1.578984604787535,1.7054115854749998,768,64x64,14,0.656621759447044,1.3845915837374998,256,64x64,10,0.552198,1.11875,768,64x64,7,2.5d_3d,"{'from': 'Chiplet_3', 'to': 'Chiplet_6', 'connection_type': '3d_tsv', 'loc': 'stack0_base'},{'from': 'Chiplet_6', 'to': 'na', 'connection_type': '3d_tsv', 'loc': 'stack0_top'},{'from': 'Chiplet_1', 'to': 'Chiplet_4', 'connection_type': '2.5d_rdl', 'loc': '2.5d_chiplet'},{'from': 'Chiplet_1', 'to': 'Chiplet_2', 'connection_type': '2.5d_rdl', 'loc': '2.5d_chiplet'},{'from': 'Chiplet_2', 'to': 'Chiplet_4', 'connection_type': '2.5d_rdl', 'loc': '2.5d_chiplet'},{'from': 'Chiplet_2', 'to': 'Chiplet_1', 'connection_type': '2.5d_rdl', 'loc': '2.5d_chiplet'},{'from': 'Chiplet_2', 'to': 'Chiplet_3', 'connection_type': '2.5d_rdl', 'loc': '2.5d_chiplet'},{'from': 'Chiplet_4', 'to': 'Chiplet_3', 'connection_type': '2.5d_rdl', 'loc': '2.5d_chiplet'},{'from': 'Chiplet_4', 'to': 'Chiplet_5', 'connection_type': '2.5d_rdl', 'loc': '2.5d_chiplet'},{'from': 'Chiplet_4', 'to': 'Chiplet_1', 'connection_type': '2.5d_rdl', 'loc': '2.5d_chiplet'},{'from': 'Chiplet_4', 'to': 'Chiplet_2', 'connection_type': '2.5d_rdl', 'loc': '2.5d_chiplet'},{'from': 'Chiplet_3', 'to': 'Chiplet_4', 'connection_type': '2.5d_rdl', 'loc': '2.5d_chiplet'},{'from': 'Chiplet_3', 'to': 'Chiplet_5', 'connection_type': '2.5d_rdl', 'loc': '2.5d_chiplet'},{'from': 'Chiplet_3', 'to': 'Chiplet_2', 'connection_type': '2.5d_rdl', 'loc': '2.5d_chiplet'},{'from': 'Chiplet_5', 'to': 'Chiplet_4', 'connection_type': '2.5d_rdl', 'loc': '2.5d_chiplet'},{'from': 'Chiplet_5', 'to': 'Chiplet_3', 'connection_type': '2.5d_rdl', 'loc': '2.5d_chiplet'}",3,1,1,1,1,1,ddr4,ucie_std,ucie_3d,1,0,os,1,0,0
316,11.992088090296269,2159549.89,99163.79045719009,90237154.09598443,9510.215222084602,6130.050450603769,316,1.304342696,2.51875,2048,96x96,7,1.86237254,4.475,2048,128x128,7,6.033899457366197,12.973514847541198,2048,192x192,10,1.249405813087535,1.7054115854749998,256,64x64,14,0.656621759447044,1.3845915837374998,256,64x64,10,1.304342696,2.51875,2048,96x96,7,2.5d_3d,"{'from': 'Chiplet_3', 'to': 'Chiplet_2', 'connection_type': '3d_u_bump', 'loc': 'stack0_base'},{'from': 'Chiplet_2', 'to': 'Chiplet_4', 'connection_type': '3d_u_bump', 'loc': 'stack0_middle1'},{'from': 'Chiplet_4', 'to': 'Chiplet_5', 'connection_type': '3d_u_bump', 'loc': 'stack0_middle2'},{'from': 'Chiplet_5', 'to': 'na', 'connection_type': '3d_u_bump', 'loc': 'stack0_top'},{'from': 'Chiplet_3', 'to': 'Chiplet_1', 'connection_type': '2.5d_emib', 'loc': '2.5d_chiplet'},{'from': 'Chiplet_3', 'to': 'Chiplet_6', 'connection_type': '2.5d_emib', 'loc': '2.5d_chiplet'},{'from': 'Chiplet_1', 'to': 'Chiplet_3', 'connection_type': '2.5d_emib', 'loc': '2.5d_chiplet'},{'from': 'Chiplet_1', 'to': 'Chiplet_6', 'connection_type': '2.5d_emib', 'loc': '2.5d_chiplet'},{'from': 'Chiplet_6', 'to': 'Chiplet_3', 'connection_type': '2.5d_emib', 'loc': '2.5d_chiplet'},{'from': 'Chiplet_6', 'to': 'Chiplet_1', 'connection_type': '2.5d_emib', 'loc': '2.5d_chiplet'}",1,1,3,1,1,1,ddr5,aib,ucie_3d,1,0,is,1,0,0
317,29.051579917900607,3659669.97,173703.2207746063,37230004.71041792,7511.3647013876625,5577.679199303228,317,5.656782838920179,6.821646341899999,2048,128x128,14,1.131132696,2.51875,1536,96x96,7,1.5385781800824634,3.1172648505374996,1024,96x96,10,2.20879254,4.475,3072,128x128,7,6.726740457366197,12.973514847541198,4096,192x192,10,2.6264880905479133,5.538366334949999,1024,128x128,10,2.5d,"{'from': 'Chiplet_5', 'to': 'Chiplet_4', 'connection_type': '2.5d_emib', 'loc': '2.5d_chiplet'},{'from': 'Chiplet_5', 'to': 'Chiplet_1', 'connection_type': '2.5d_emib', 'loc': '2.5d_chiplet'},{'from': 'Chiplet_5', 'to': 'Chiplet_2', 'connection_type': '2.5d_emib', 'loc': '2.5d_chiplet'},{'from': 'Chiplet_5', 'to': 'Chiplet_6', 'connection_type': '2.5d_emib', 'loc': '2.5d_chiplet'},{'from': 'Chiplet_4', 'to': 'Chiplet_5', 'connection_type': '2.5d_emib', 'loc': '2.5d_chiplet'},{'from': 'Chiplet_4', 'to': 'Chiplet_2', 'connection_type': '2.5d_emib', 'loc': '2.5d_chiplet'},{'from': 'Chiplet_2', 'to': 'Chiplet_4', 'connection_type': '2.5d_emib', 'loc': '2.5d_chiplet'},{'from': 'Chiplet_2', 'to': 'Chiplet_5', 'connection_type': '2.5d_emib', 'loc': '2.5d_chiplet'},{'from': 'Chiplet_1', 'to': 'Chiplet_3', 'connection_type': '2.5d_emib', 'loc': '2.5d_chiplet'},{'from': 'Chiplet_1', 'to': 'Chiplet_5', 'connection_type': '2.5d_emib', 'loc': '2.5d_chiplet'},{'from': 'Chiplet_1', 'to': 'Chiplet_6', 'connection_type': '2.5d_emib', 'loc': '2.5d_chiplet'},{'from': 'Chiplet_6', 'to': 'Chiplet_3', 'connection_type': '2.5d_emib', 'loc': '2.5d_chiplet'},{'from': 'Chiplet_6', 'to': 'Chiplet_5', 'connection_type': '2.5d_emib', 'loc': '2.5d_chiplet'},{'from': 'Chiplet_6', 'to': 'Chiplet_1', 'connection_type': '2.5d_emib', 'loc': '2.5d_chiplet'},{'from': 'Chiplet_3', 'to': 'Chiplet_1', 'connection_type': '2.5d_emib', 'loc': '2.5d_chiplet'},{'from': 'Chiplet_3', 'to': 'Chiplet_6', 'connection_type': '2.5d_emib', 'loc': '2.5d_chiplet'}",5,1,1,2,5,2,hbm3,bow,na,0,0,os,1,0,0
318,19.811976138985695,2628976.61,138528.03779464605,138150473.98428327,4880.867709815078,4786.331729986385,318,0.957922696,2.51875,1024,96x96,7,2.55521354,4.475,4096,128x128,7,2.972908090547913,5.538366334949999,2048,128x128,10,3.3193280905479132,5.538366334949999,3072,128x128,10,3.5867297574793953,3.8395579270749995,2048,96x96,14,1.7117881800824635,3.1172648505374996,1536,96x96,10,2.5d_3d,"{'from': 'Chiplet_3', 'to': 'Chiplet_6', 'connection_type': '3d_u_bump', 'loc': 'stack0_base'},{'from': 'Chiplet_6', 'to': 'na', 'connection_type': '3d_u_bump', 'loc': 'stack0_top'},{'from': 'Chiplet_5', 'to': 'Chiplet_4', 'connection_type': '2.5d_emib', 'loc': '2.5d_chiplet'},{'from': 'Chiplet_5', 'to': 'Chiplet_1', 'connection_type': '2.5d_emib', 'loc': '2.5d_chiplet'},{'from': 'Chiplet_5', 'to': 'Chiplet_2', 'connection_type': '2.5d_emib', 'loc': '2.5d_chiplet'},{'from': 'Chiplet_2', 'to': 'Chiplet_5', 'connection_type': '2.5d_emib', 'loc': '2.5d_chiplet'},{'from': 'Chiplet_2', 'to': 'Chiplet_1', 'connection_type': '2.5d_emib', 'loc': '2.5d_chiplet'},{'from': 'Chiplet_1', 'to': 'Chiplet_3', 'connection_type': '2.5d_emib', 'loc': '2.5d_chiplet'},{'from': 'Chiplet_1', 'to': 'Chiplet_5', 'connection_type': '2.5d_emib', 'loc': '2.5d_chiplet'},{'from': 'Chiplet_1', 'to': 'Chiplet_2', 'connection_type': '2.5d_emib', 'loc': '2.5d_chiplet'},{'from': 'Chiplet_4', 'to': 'Chiplet_3', 'connection_type': '2.5d_emib', 'loc': '2.5d_chiplet'},{'from': 'Chiplet_4', 'to': 'Chiplet_5', 'connection_type': '2.5d_emib', 'loc': '2.5d_chiplet'},{'from': 'Chiplet_3', 'to': 'Chiplet_4', 'connection_type': '2.5d_emib', 'loc': '2.5d_chiplet'},{'from': 'Chiplet_3', 'to': 'Chiplet_1', 'connection_type': '2.5d_emib', 'loc': '2.5d_chiplet'}",1,1,1,2,2,1,ddr5,ucie_adv,ucie_3d,1,0,ws,0,0,0
319,63.2939894862353,5033097.98,107854.92894078352,141998492.63556337,16338.21624079442,16984.927980227905,319,6.033899457366197,12.973514847541198,2048,192x192,10,7.419580457366196,12.973514847541198,6144,192x192,10,15.436124909546791,15.979573171754398,8192,192x192,14,0.46559300000000003,1.11875,512,64x64,7,1.8849981800824636,3.1172648505374996,2048,96x96,10,1.4141952089375351,1.7054115854749998,512,64x64,14,2.5d,"{'from': 'Chiplet_3', 'to': 'Chiplet_4', 'connection_type': '2.5d_rdl', 'loc': '2.5d_chiplet'},{'from': 'Chiplet_3', 'to': 'Chiplet_2', 'connection_type': '2.5d_rdl', 'loc': '2.5d_chiplet'},{'from': 'Chiplet_4', 'to': 'Chiplet_3', 'connection_type': '2.5d_rdl', 'loc': '2.5d_chiplet'},{'from': 'Chiplet_4', 'to': 'Chiplet_2', 'connection_type': '2.5d_rdl', 'loc': '2.5d_chiplet'},{'from': 'Chiplet_2', 'to': 'Chiplet_3', 'connection_type': '2.5d_rdl', 'loc': '2.5d_chiplet'},{'from': 'Chiplet_2', 'to': 'Chiplet_4', 'connection_type': '2.5d_rdl', 'loc': '2.5d_chiplet'},{'from': 'Chiplet_2', 'to': 'Chiplet_1', 'connection_type': '2.5d_rdl', 'loc': '2.5d_chiplet'},{'from': 'Chiplet_2', 'to': 'Chiplet_6', 'connection_type': '2.5d_rdl', 'loc': '2.5d_chiplet'},{'from': 'Chiplet_2', 'to': 'Chiplet_5', 'connection_type': '2.5d_rdl', 'loc': '2.5d_chiplet'},{'from': 'Chiplet_6', 'to': 'Chiplet_5', 'connection_type': '2.5d_rdl', 'loc': '2.5d_chiplet'},{'from': 'Chiplet_6', 'to': 'Chiplet_2', 'connection_type': '2.5d_rdl', 'loc': '2.5d_chiplet'},{'from': 'Chiplet_1', 'to': 'Chiplet_5', 'connection_type': '2.5d_rdl', 'loc': '2.5d_chiplet'},{'from': 'Chiplet_1', 'to': 'Chiplet_2', 'connection_type': '2.5d_rdl', 'loc': '2.5d_chiplet'},{'from': 'Chiplet_5', 'to': 'Chiplet_1', 'connection_type': '2.5d_rdl', 'loc': '2.5d_chiplet'},{'from': 'Chiplet_5', 'to': 'Chiplet_2', 'connection_type': '2.5d_rdl', 'loc': '2.5d_chiplet'},{'from': 'Chiplet_5', 'to': 'Chiplet_6', 'connection_type': '2.5d_rdl', 'loc': '2.5d_chiplet'}",1,1,3,1,1,1,ddr4,ucie_std,na,1,0,ws,1,0,0
320,39.93067008288513,5992457.39,164582.01467515258,62511655.59339442,2843.713878713879,3828.4057391966803,320,0.743226759447044,1.3845915837374998,512,64x64,10,0.378988,1.11875,256,64x64,7,6.315940422320179,6.821646341899999,3072,128x128,14,6.726740457366197,12.973514847541198,4096,192x192,10,15.436124909546791,15.979573171754398,8192,192x192,14,8.112421457366196,12.973514847541198,8192,192x192,10,2.5d_3d,"{'from': 'Chiplet_6', 'to': 'Chiplet_3', 'connection_type': '3d_tsv', 'loc': 'stack0_base'},{'from': 'Chiplet_3', 'to': 'Chiplet_2', 'connection_type': '3d_tsv', 'loc': 'stack0_middle1'},{'from': 'Chiplet_2', 'to': 'na', 'connection_type': '3d_tsv', 'loc': 'stack0_top'},{'from': 'Chiplet_5', 'to': 'Chiplet_4', 'connection_type': '2.5d_emib', 'loc': '2.5d_chiplet'},{'from': 'Chiplet_5', 'to': 'Chiplet_6', 'connection_type': '2.5d_emib', 'loc': '2.5d_chiplet'},{'from': 'Chiplet_6', 'to': 'Chiplet_4', 'connection_type': '2.5d_emib', 'loc': '2.5d_chiplet'},{'from': 'Chiplet_6', 'to': 'Chiplet_5', 'connection_type': '2.5d_emib', 'loc': '2.5d_chiplet'},{'from': 'Chiplet_6', 'to': 'Chiplet_1', 'connection_type': '2.5d_emib', 'loc': '2.5d_chiplet'},{'from': 'Chiplet_4', 'to': 'Chiplet_5', 'connection_type': '2.5d_emib', 'loc': '2.5d_chiplet'},{'from': 'Chiplet_4', 'to': 'Chiplet_1', 'connection_type': '2.5d_emib', 'loc': '2.5d_chiplet'},{'from': 'Chiplet_4', 'to': 'Chiplet_6', 'connection_type': '2.5d_emib', 'loc': '2.5d_chiplet'},{'from': 'Chiplet_1', 'to': 'Chiplet_4', 'connection_type': '2.5d_emib', 'loc': '2.5d_chiplet'},{'from': 'Chiplet_1', 'to': 'Chiplet_6', 'connection_type': '2.5d_emib', 'loc': '2.5d_chiplet'}",1,1,2,3,6,3,hbm3,aib,ucie_3d,1,0,ws,0,0,0
321,16.138014819086404,1751362.53,52470.25584555049,195189703.56227002,7205.274509803921,5977.389830451524,321,1.4141952089375351,1.7054115854749998,512,64x64,14,0.829831759447044,1.3845915837374998,768,64x64,10,1.86237254,4.475,2048,128x128,7,1.304342696,2.51875,2048,96x96,7,6.975099908490179,6.821646341899999,4096,128x128,14,0.46559300000000003,1.11875,512,64x64,7,2.5d,"{'from': 'Chiplet_5', 'to': 'Chiplet_3', 'connection_type': '2.5d_rdl', 'loc': '2.5d_chiplet'},{'from': 'Chiplet_5', 'to': 'Chiplet_1', 'connection_type': '2.5d_rdl', 'loc': '2.5d_chiplet'},{'from': 'Chiplet_3', 'to': 'Chiplet_4', 'connection_type': '2.5d_rdl', 'loc': '2.5d_chiplet'},{'from': 'Chiplet_3', 'to': 'Chiplet_1', 'connection_type': '2.5d_rdl', 'loc': '2.5d_chiplet'},{'from': 'Chiplet_3', 'to': 'Chiplet_2', 'connection_type': '2.5d_rdl', 'loc': '2.5d_chiplet'},{'from': 'Chiplet_3', 'to': 'Chiplet_6', 'connection_type': '2.5d_rdl', 'loc': '2.5d_chiplet'},{'from': 'Chiplet_3', 'to': 'Chiplet_5', 'connection_type': '2.5d_rdl', 'loc': '2.5d_chiplet'},{'from': 'Chiplet_2', 'to': 'Chiplet_3', 'connection_type': '2.5d_rdl', 'loc': '2.5d_chiplet'},{'from': 'Chiplet_2', 'to': 'Chiplet_6', 'connection_type': '2.5d_rdl', 'loc': '2.5d_chiplet'},{'from': 'Chiplet_6', 'to': 'Chiplet_3', 'connection_type': '2.5d_rdl', 'loc': '2.5d_chiplet'},{'from': 'Chiplet_6', 'to': 'Chiplet_2', 'connection_type': '2.5d_rdl', 'loc': '2.5d_chiplet'},{'from': 'Chiplet_1', 'to': 'Chiplet_4', 'connection_type': '2.5d_rdl', 'loc': '2.5d_chiplet'},{'from': 'Chiplet_1', 'to': 'Chiplet_5', 'connection_type': '2.5d_rdl', 'loc': '2.5d_chiplet'},{'from': 'Chiplet_1', 'to': 'Chiplet_3', 'connection_type': '2.5d_rdl', 'loc': '2.5d_chiplet'},{'from': 'Chiplet_4', 'to': 'Chiplet_3', 'connection_type': '2.5d_rdl', 'loc': '2.5d_chiplet'},{'from': 'Chiplet_4', 'to': 'Chiplet_1', 'connection_type': '2.5d_rdl', 'loc': '2.5d_chiplet'}",1,1,1,1,3,1,ddr4,ucie_std,na,0,0,is,0,0,0
322,24.645407498924662,2647101.67,63782.10832634961,46377294.87740055,12012.166248591022,6713.454570905659,322,1.578984604787535,1.7054115854749998,768,64x64,14,0.378988,1.11875,256,64x64,7,0.784712696,2.51875,512,96x96,7,0.656621759447044,1.3845915837374998,256,64x64,10,2.927572174079395,3.8395579270749995,1024,96x96,14,12.799492673176792,15.979573171754398,4096,192x192,14,2.5d,"{'from': 'Chiplet_6', 'to': 'Chiplet_5', 'connection_type': '2.5d_rdl', 'loc': '2.5d_chiplet'},{'from': 'Chiplet_6', 'to': 'Chiplet_1', 'connection_type': '2.5d_rdl', 'loc': '2.5d_chiplet'},{'from': 'Chiplet_5', 'to': 'Chiplet_3', 'connection_type': '2.5d_rdl', 'loc': '2.5d_chiplet'},{'from': 'Chiplet_5', 'to': 'Chiplet_1', 'connection_type': '2.5d_rdl', 'loc': '2.5d_chiplet'},{'from': 'Chiplet_5', 'to': 'Chiplet_2', 'connection_type': '2.5d_rdl', 'loc': '2.5d_chiplet'},{'from': 'Chiplet_5', 'to': 'Chiplet_6', 'connection_type': '2.5d_rdl', 'loc': '2.5d_chiplet'},{'from': 'Chiplet_2', 'to': 'Chiplet_3', 'connection_type': '2.5d_rdl', 'loc': '2.5d_chiplet'},{'from': 'Chiplet_2', 'to': 'Chiplet_5', 'connection_type': '2.5d_rdl', 'loc': '2.5d_chiplet'},{'from': 'Chiplet_1', 'to': 'Chiplet_3', 'connection_type': '2.5d_rdl', 'loc': '2.5d_chiplet'},{'from': 'Chiplet_1', 'to': 'Chiplet_5', 'connection_type': '2.5d_rdl', 'loc': '2.5d_chiplet'},{'from': 'Chiplet_1', 'to': 'Chiplet_4', 'connection_type': '2.5d_rdl', 'loc': '2.5d_chiplet'},{'from': 'Chiplet_1', 'to': 'Chiplet_6', 'connection_type': '2.5d_rdl', 'loc': '2.5d_chiplet'},{'from': 'Chiplet_3', 'to': 'Chiplet_4', 'connection_type': '2.5d_rdl', 'loc': '2.5d_chiplet'},{'from': 'Chiplet_3', 'to': 'Chiplet_5', 'connection_type': '2.5d_rdl', 'loc': '2.5d_chiplet'},{'from': 'Chiplet_3', 'to': 'Chiplet_1', 'connection_type': '2.5d_rdl', 'loc': '2.5d_chiplet'},{'from': 'Chiplet_3', 'to': 'Chiplet_2', 'connection_type': '2.5d_rdl', 'loc': '2.5d_chiplet'},{'from': 'Chiplet_4', 'to': 'Chiplet_3', 'connection_type': '2.5d_rdl', 'loc': '2.5d_chiplet'},{'from': 'Chiplet_4', 'to': 'Chiplet_1', 'connection_type': '2.5d_rdl', 'loc': '2.5d_chiplet'}",1,1,1,1,2,10,hbm3,ucie_std,na,1,0,ws,1,0,0
323,39.879093199237225,4158414.72,191646.88501494133,104512241.35843158,12673.256367065167,11003.252475141184,323,6.975099908490179,6.821646341899999,4096,128x128,14,1.86237254,4.475,2048,128x128,7,0.46559300000000003,1.11875,512,64x64,7,4.818150952,10.4826,6144,192x192,7,8.112421457366196,12.973514847541198,8192,192x192,10,1.8849981800824636,3.1172648505374996,2048,96x96,10,2.5d,"{'from': 'Chiplet_5', 'to': 'Chiplet_4', 'connection_type': '2.5d_emib', 'loc': '2.5d_chiplet'},{'from': 'Chiplet_5', 'to': 'Chiplet_1', 'connection_type': '2.5d_emib', 'loc': '2.5d_chiplet'},{'from': 'Chiplet_5', 'to': 'Chiplet_2', 'connection_type': '2.5d_emib', 'loc': '2.5d_chiplet'},{'from': 'Chiplet_5', 'to': 'Chiplet_6', 'connection_type': '2.5d_emib', 'loc': '2.5d_chiplet'},{'from': 'Chiplet_6', 'to': 'Chiplet_5', 'connection_type': '2.5d_emib', 'loc': '2.5d_chiplet'},{'from': 'Chiplet_6', 'to': 'Chiplet_2', 'connection_type': '2.5d_emib', 'loc': '2.5d_chiplet'},{'from': 'Chiplet_2', 'to': 'Chiplet_5', 'connection_type': '2.5d_emib', 'loc': '2.5d_chiplet'},{'from': 'Chiplet_2', 'to': 'Chiplet_6', 'connection_type': '2.5d_emib', 'loc': '2.5d_chiplet'},{'from': 'Chiplet_1', 'to': 'Chiplet_4', 'connection_type': '2.5d_emib', 'loc': '2.5d_chiplet'},{'from': 'Chiplet_1', 'to': 'Chiplet_5', 'connection_type': '2.5d_emib', 'loc': '2.5d_chiplet'},{'from': 'Chiplet_1', 'to': 'Chiplet_3', 'connection_type': '2.5d_emib', 'loc': '2.5d_chiplet'},{'from': 'Chiplet_4', 'to': 'Chiplet_3', 'connection_type': '2.5d_emib', 'loc': '2.5d_chiplet'},{'from': 'Chiplet_4', 'to': 'Chiplet_5', 'connection_type': '2.5d_emib', 'loc': '2.5d_chiplet'},{'from': 'Chiplet_4', 'to': 'Chiplet_1', 'connection_type': '2.5d_emib', 'loc': '2.5d_chiplet'},{'from': 'Chiplet_3', 'to': 'Chiplet_4', 'connection_type': '2.5d_emib', 'loc': '2.5d_chiplet'},{'from': 'Chiplet_3', 'to': 'Chiplet_1', 'connection_type': '2.5d_emib', 'loc': '2.5d_chiplet'}",2,1,1,1,2,1,ddr5,ucie_adv,na,0,0,os,1,0,0
324,14.855979558118134,1236637.58,136676.21066582372,186645951.863554,36193.02020917652,11596.463596205082,324,1.249405813087535,1.7054115854749998,256,64x64,14,1.743774000637535,1.7054115854749998,1024,64x64,14,3.2571509657793953,3.8395579270749995,1536,96x96,14,0.46559300000000003,1.11875,512,64x64,7,0.784712696,2.51875,512,96x96,7,0.829831759447044,1.3845915837374998,768,64x64,10,2.5d,"{'from': 'Chiplet_3', 'to': 'Chiplet_5', 'connection_type': '2.5d_emib', 'loc': '2.5d_chiplet'},{'from': 'Chiplet_3', 'to': 'Chiplet_2', 'connection_type': '2.5d_emib', 'loc': '2.5d_chiplet'},{'from': 'Chiplet_5', 'to': 'Chiplet_3', 'connection_type': '2.5d_emib', 'loc': '2.5d_chiplet'},{'from': 'Chiplet_5', 'to': 'Chiplet_1', 'connection_type': '2.5d_emib', 'loc': '2.5d_chiplet'},{'from': 'Chiplet_5', 'to': 'Chiplet_2', 'connection_type': '2.5d_emib', 'loc': '2.5d_chiplet'},{'from': 'Chiplet_2', 'to': 'Chiplet_3', 'connection_type': '2.5d_emib', 'loc': '2.5d_chiplet'},{'from': 'Chiplet_2', 'to': 'Chiplet_4', 'connection_type': '2.5d_emib', 'loc': '2.5d_chiplet'},{'from': 'Chiplet_2', 'to': 'Chiplet_1', 'connection_type': '2.5d_emib', 'loc': '2.5d_chiplet'},{'from': 'Chiplet_2', 'to': 'Chiplet_6', 'connection_type': '2.5d_emib', 'loc': '2.5d_chiplet'},{'from': 'Chiplet_2', 'to': 'Chiplet_5', 'connection_type': '2.5d_emib', 'loc': '2.5d_chiplet'},{'from': 'Chiplet_4', 'to': 'Chiplet_2', 'connection_type': '2.5d_emib', 'loc': '2.5d_chiplet'},{'from': 'Chiplet_4', 'to': 'Chiplet_6', 'connection_type': '2.5d_emib', 'loc': '2.5d_chiplet'},{'from': 'Chiplet_1', 'to': 'Chiplet_5', 'connection_type': '2.5d_emib', 'loc': '2.5d_chiplet'},{'from': 'Chiplet_1', 'to': 'Chiplet_2', 'connection_type': '2.5d_emib', 'loc': '2.5d_chiplet'},{'from': 'Chiplet_1', 'to': 'Chiplet_6', 'connection_type': '2.5d_emib', 'loc': '2.5d_chiplet'},{'from': 'Chiplet_6', 'to': 'Chiplet_4', 'connection_type': '2.5d_emib', 'loc': '2.5d_chiplet'},{'from': 'Chiplet_6', 'to': 'Chiplet_1', 'connection_type': '2.5d_emib', 'loc': '2.5d_chiplet'},{'from': 'Chiplet_6', 'to': 'Chiplet_2', 'connection_type': '2.5d_emib', 'loc': '2.5d_chiplet'}",1,1,3,1,1,1,ddr4,ucie_adv,na,1,0,is,1,0,0
325,27.11010048756689,3151667.03,74444.40206356875,124614584.45957488,12088.19780534578,9905.375960038466,325,1.249405813087535,1.7054115854749998,256,64x64,14,1.131132696,2.51875,1536,96x96,7,11.481175603606792,15.979573171754398,2048,192x192,14,4.9976252555201786,6.821646341899999,1024,128x128,14,1.4141952089375351,1.7054115854749998,512,64x64,14,2.972908090547913,5.538366334949999,2048,128x128,10,2.5d_3d,"{'from': 'Chiplet_3', 'to': 'Chiplet_2', 'connection_type': '3d_hyb_bond', 'loc': 'stack0_base'},{'from': 'Chiplet_2', 'to': 'na', 'connection_type': '3d_hyb_bond', 'loc': 'stack0_top'},{'from': 'Chiplet_3', 'to': 'Chiplet_4', 'connection_type': '2.5d_rdl', 'loc': '2.5d_chiplet'},{'from': 'Chiplet_3', 'to': 'Chiplet_6', 'connection_type': '2.5d_rdl', 'loc': '2.5d_chiplet'},{'from': 'Chiplet_4', 'to': 'Chiplet_3', 'connection_type': '2.5d_rdl', 'loc': '2.5d_chiplet'},{'from': 'Chiplet_4', 'to': 'Chiplet_5', 'connection_type': '2.5d_rdl', 'loc': '2.5d_chiplet'},{'from': 'Chiplet_4', 'to': 'Chiplet_6', 'connection_type': '2.5d_rdl', 'loc': '2.5d_chiplet'},{'from': 'Chiplet_6', 'to': 'Chiplet_3', 'connection_type': '2.5d_rdl', 'loc': '2.5d_chiplet'},{'from': 'Chiplet_6', 'to': 'Chiplet_5', 'connection_type': '2.5d_rdl', 'loc': '2.5d_chiplet'},{'from': 'Chiplet_6', 'to': 'Chiplet_4', 'connection_type': '2.5d_rdl', 'loc': '2.5d_chiplet'},{'from': 'Chiplet_6', 'to': 'Chiplet_1', 'connection_type': '2.5d_rdl', 'loc': '2.5d_chiplet'},{'from': 'Chiplet_5', 'to': 'Chiplet_4', 'connection_type': '2.5d_rdl', 'loc': '2.5d_chiplet'},{'from': 'Chiplet_5', 'to': 'Chiplet_1', 'connection_type': '2.5d_rdl', 'loc': '2.5d_chiplet'},{'from': 'Chiplet_5', 'to': 'Chiplet_6', 'connection_type': '2.5d_rdl', 'loc': '2.5d_chiplet'},{'from': 'Chiplet_1', 'to': 'Chiplet_5', 'connection_type': '2.5d_rdl', 'loc': '2.5d_chiplet'},{'from': 'Chiplet_1', 'to': 'Chiplet_6', 'connection_type': '2.5d_rdl', 'loc': '2.5d_chiplet'}",1,1,3,1,1,1,ddr4,ucie_std,ucie_3d,0,0,ws,1,0,0
326,20.085228426416492,3584403.02,109797.717576226,58727520.01712433,8381.666666666668,6148.783091569181,326,1.131132696,2.51875,1536,96x96,7,4.1253109519999995,10.4826,4096,192x192,7,2.597993382379395,3.8395579270749995,512,96x96,14,1.578984604787535,1.7054115854749998,768,64x64,14,0.916436759447044,1.3845915837374998,1024,64x64,10,8.112421457366196,12.973514847541198,8192,192x192,10,2.5d_3d,"{'from': 'Chiplet_6', 'to': 'Chiplet_3', 'connection_type': '3d_tsv', 'loc': 'stack0_base'},{'from': 'Chiplet_3', 'to': 'Chiplet_1', 'connection_type': '3d_tsv', 'loc': 'stack0_middle1'},{'from': 'Chiplet_1', 'to': 'Chiplet_5', 'connection_type': '3d_tsv', 'loc': 'stack0_middle2'},{'from': 'Chiplet_5', 'to': 'na', 'connection_type': '3d_tsv', 'loc': 'stack0_top'},{'from': 'Chiplet_6', 'to': 'Chiplet_4', 'connection_type': '2.5d_emib', 'loc': '2.5d_chiplet'},{'from': 'Chiplet_6', 'to': 'Chiplet_2', 'connection_type': '2.5d_emib', 'loc': '2.5d_chiplet'},{'from': 'Chiplet_2', 'to': 'Chiplet_4', 'connection_type': '2.5d_emib', 'loc': '2.5d_chiplet'},{'from': 'Chiplet_2', 'to': 'Chiplet_6', 'connection_type': '2.5d_emib', 'loc': '2.5d_chiplet'},{'from': 'Chiplet_4', 'to': 'Chiplet_2', 'connection_type': '2.5d_emib', 'loc': '2.5d_chiplet'},{'from': 'Chiplet_4', 'to': 'Chiplet_6', 'connection_type': '2.5d_emib', 'loc': '2.5d_chiplet'}",1,4,2,1,1,7,hbm2,ucie_adv,ucie_3d,0,0,os,0,0,0
327,18.18502464086064,4278508.34,145978.90395376776,55729072.92054367,6809.276109291273,5563.465051311772,327,2.6264880905479133,5.538366334949999,1024,128x128,10,1.4141952089375351,1.7054115854749998,512,64x64,14,3.665749090547913,5.538366334949999,4096,128x128,10,4.1253109519999995,10.4826,4096,192x192,7,5.5109919519999995,10.4826,8192,192x192,7,1.131132696,2.51875,1536,96x96,7,2.5d_3d,"{'from': 'Chiplet_5', 'to': 'Chiplet_1', 'connection_type': '3d_hyb_bond', 'loc': 'stack0_base'},{'from': 'Chiplet_1', 'to': 'Chiplet_2', 'connection_type': '3d_hyb_bond', 'loc': 'stack0_middle1'},{'from': 'Chiplet_2', 'to': 'na', 'connection_type': '3d_hyb_bond', 'loc': 'stack0_top'},{'from': 'Chiplet_5', 'to': 'Chiplet_4', 'connection_type': '2.5d_emib', 'loc': '2.5d_chiplet'},{'from': 'Chiplet_5', 'to': 'Chiplet_3', 'connection_type': '2.5d_emib', 'loc': '2.5d_chiplet'},{'from': 'Chiplet_5', 'to': 'Chiplet_6', 'connection_type': '2.5d_emib', 'loc': '2.5d_chiplet'},{'from': 'Chiplet_6', 'to': 'Chiplet_3', 'connection_type': '2.5d_emib', 'loc': '2.5d_chiplet'},{'from': 'Chiplet_6', 'to': 'Chiplet_5', 'connection_type': '2.5d_emib', 'loc': '2.5d_chiplet'},{'from': 'Chiplet_4', 'to': 'Chiplet_3', 'connection_type': '2.5d_emib', 'loc': '2.5d_chiplet'},{'from': 'Chiplet_4', 'to': 'Chiplet_5', 'connection_type': '2.5d_emib', 'loc': '2.5d_chiplet'},{'from': 'Chiplet_3', 'to': 'Chiplet_4', 'connection_type': '2.5d_emib', 'loc': '2.5d_chiplet'},{'from': 'Chiplet_3', 'to': 'Chiplet_5', 'connection_type': '2.5d_emib', 'loc': '2.5d_chiplet'},{'from': 'Chiplet_3', 'to': 'Chiplet_6', 'connection_type': '2.5d_emib', 'loc': '2.5d_chiplet'}",2,1,3,4,5,1,hbm2,ucie_adv,ucie_3d,0,0,ws,1,0,0
328,36.34933094477817,4562594.28,152445.35437176292,135309398.85750672,3123.1092094539526,5202.19797671042,328,6.033899457366197,12.973514847541198,2048,192x192,10,14.117807839976791,15.979573171754398,6144,192x192,14,0.46559300000000003,1.11875,512,64x64,7,1.249405813087535,1.7054115854749998,256,64x64,14,1.131132696,2.51875,1536,96x96,7,7.419580457366196,12.973514847541198,6144,192x192,10,2.5d_3d,"{'from': 'Chiplet_4', 'to': 'Chiplet_5', 'connection_type': '3d_u_bump', 'loc': 'stack0_base'},{'from': 'Chiplet_5', 'to': 'Chiplet_3', 'connection_type': '3d_u_bump', 'loc': 'stack0_middle1'},{'from': 'Chiplet_3', 'to': 'na', 'connection_type': '3d_u_bump', 'loc': 'stack0_top'},{'from': 'Chiplet_2', 'to': 'Chiplet_1', 'connection_type': '2.5d_emib', 'loc': '2.5d_chiplet'},{'from': 'Chiplet_2', 'to': 'Chiplet_6', 'connection_type': '2.5d_emib', 'loc': '2.5d_chiplet'},{'from': 'Chiplet_6', 'to': 'Chiplet_4', 'connection_type': '2.5d_emib', 'loc': '2.5d_chiplet'},{'from': 'Chiplet_6', 'to': 'Chiplet_1', 'connection_type': '2.5d_emib', 'loc': '2.5d_chiplet'},{'from': 'Chiplet_6', 'to': 'Chiplet_2', 'connection_type': '2.5d_emib', 'loc': '2.5d_chiplet'},{'from': 'Chiplet_1', 'to': 'Chiplet_4', 'connection_type': '2.5d_emib', 'loc': '2.5d_chiplet'},{'from': 'Chiplet_1', 'to': 'Chiplet_2', 'connection_type': '2.5d_emib', 'loc': '2.5d_chiplet'},{'from': 'Chiplet_1', 'to': 'Chiplet_6', 'connection_type': '2.5d_emib', 'loc': '2.5d_chiplet'},{'from': 'Chiplet_4', 'to': 'Chiplet_1', 'connection_type': '2.5d_emib', 'loc': '2.5d_chiplet'},{'from': 'Chiplet_4', 'to': 'Chiplet_6', 'connection_type': '2.5d_emib', 'loc': '2.5d_chiplet'}",1,3,1,1,1,1,ddr5,ucie_adv,ucie_3d,1,0,ws,0,0,0
329,18.944320468040047,2034518.43,152966.80057643275,134813550.18769372,15047.226720846762,9104.775338971442,329,1.7117881800824635,3.1172648505374996,1536,96x96,10,2.972908090547913,5.538366334949999,2048,128x128,10,2.6264880905479133,5.538366334949999,1024,128x128,10,3.665749090547913,5.538366334949999,4096,128x128,10,1.4141952089375351,1.7054115854749998,512,64x64,14,0.784712696,2.51875,512,96x96,7,2.5d,"{'from': 'Chiplet_4', 'to': 'Chiplet_3', 'connection_type': '2.5d_emib', 'loc': '2.5d_chiplet'},{'from': 'Chiplet_4', 'to': 'Chiplet_5', 'connection_type': '2.5d_emib', 'loc': '2.5d_chiplet'},{'from': 'Chiplet_4', 'to': 'Chiplet_1', 'connection_type': '2.5d_emib', 'loc': '2.5d_chiplet'},{'from': 'Chiplet_4', 'to': 'Chiplet_2', 'connection_type': '2.5d_emib', 'loc': '2.5d_chiplet'},{'from': 'Chiplet_1', 'to': 'Chiplet_4', 'connection_type': '2.5d_emib', 'loc': '2.5d_chiplet'},{'from': 'Chiplet_1', 'to': 'Chiplet_5', 'connection_type': '2.5d_emib', 'loc': '2.5d_chiplet'},{'from': 'Chiplet_5', 'to': 'Chiplet_4', 'connection_type': '2.5d_emib', 'loc': '2.5d_chiplet'},{'from': 'Chiplet_5', 'to': 'Chiplet_1', 'connection_type': '2.5d_emib', 'loc': '2.5d_chiplet'},{'from': 'Chiplet_2', 'to': 'Chiplet_4', 'connection_type': '2.5d_emib', 'loc': '2.5d_chiplet'},{'from': 'Chiplet_2', 'to': 'Chiplet_3', 'connection_type': '2.5d_emib', 'loc': '2.5d_chiplet'},{'from': 'Chiplet_2', 'to': 'Chiplet_6', 'connection_type': '2.5d_emib', 'loc': '2.5d_chiplet'},{'from': 'Chiplet_3', 'to': 'Chiplet_4', 'connection_type': '2.5d_emib', 'loc': '2.5d_chiplet'},{'from': 'Chiplet_3', 'to': 'Chiplet_2', 'connection_type': '2.5d_emib', 'loc': '2.5d_chiplet'},{'from': 'Chiplet_3', 'to': 'Chiplet_6', 'connection_type': '2.5d_emib', 'loc': '2.5d_chiplet'},{'from': 'Chiplet_6', 'to': 'Chiplet_3', 'connection_type': '2.5d_emib', 'loc': '2.5d_chiplet'},{'from': 'Chiplet_6', 'to': 'Chiplet_2', 'connection_type': '2.5d_emib', 'loc': '2.5d_chiplet'}",1,2,1,2,1,1,ddr4,ucie_adv,na,0,0,os,1,0,0
330,41.73172727813281,5491528.95,205998.58196548538,54911175.0510548,8006.352058258264,8073.107408005333,330,4.818150952,10.4826,6144,192x192,7,0.378988,1.11875,256,64x64,7,12.799492673176792,15.979573171754398,4096,192x192,14,5.5109919519999995,10.4826,8192,192x192,7,1.3653681800824635,3.1172648505374996,512,96x96,10,4.9976252555201786,6.821646341899999,1024,128x128,14,2.5d,"{'from': 'Chiplet_3', 'to': 'Chiplet_4', 'connection_type': '2.5d_emib', 'loc': '2.5d_chiplet'},{'from': 'Chiplet_3', 'to': 'Chiplet_5', 'connection_type': '2.5d_emib', 'loc': '2.5d_chiplet'},{'from': 'Chiplet_3', 'to': 'Chiplet_2', 'connection_type': '2.5d_emib', 'loc': '2.5d_chiplet'},{'from': 'Chiplet_3', 'to': 'Chiplet_6', 'connection_type': '2.5d_emib', 'loc': '2.5d_chiplet'},{'from': 'Chiplet_5', 'to': 'Chiplet_3', 'connection_type': '2.5d_emib', 'loc': '2.5d_chiplet'},{'from': 'Chiplet_5', 'to': 'Chiplet_2', 'connection_type': '2.5d_emib', 'loc': '2.5d_chiplet'},{'from': 'Chiplet_2', 'to': 'Chiplet_3', 'connection_type': '2.5d_emib', 'loc': '2.5d_chiplet'},{'from': 'Chiplet_2', 'to': 'Chiplet_5', 'connection_type': '2.5d_emib', 'loc': '2.5d_chiplet'},{'from': 'Chiplet_4', 'to': 'Chiplet_3', 'connection_type': '2.5d_emib', 'loc': '2.5d_chiplet'},{'from': 'Chiplet_4', 'to': 'Chiplet_1', 'connection_type': '2.5d_emib', 'loc': '2.5d_chiplet'},{'from': 'Chiplet_4', 'to': 'Chiplet_6', 'connection_type': '2.5d_emib', 'loc': '2.5d_chiplet'},{'from': 'Chiplet_6', 'to': 'Chiplet_3', 'connection_type': '2.5d_emib', 'loc': '2.5d_chiplet'},{'from': 'Chiplet_6', 'to': 'Chiplet_4', 'connection_type': '2.5d_emib', 'loc': '2.5d_chiplet'},{'from': 'Chiplet_6', 'to': 'Chiplet_1', 'connection_type': '2.5d_emib', 'loc': '2.5d_chiplet'},{'from': 'Chiplet_1', 'to': 'Chiplet_4', 'connection_type': '2.5d_emib', 'loc': '2.5d_chiplet'},{'from': 'Chiplet_1', 'to': 'Chiplet_6', 'connection_type': '2.5d_emib', 'loc': '2.5d_chiplet'}",2,1,7,3,1,2,hbm3,ucie_adv,na,0,0,ws,1,0,0
331,51.70563915516854,6107595.69,188766.04618507644,191240117.11184257,6223.954248366013,9360.654629728117,331,1.3653681800824635,3.1172648505374996,512,96x96,10,1.743774000637535,1.7054115854749998,1024,64x64,14,6.315940422320179,6.821646341899999,3072,128x128,14,14.117807839976791,15.979573171754398,6144,192x192,14,7.419580457366196,12.973514847541198,6144,192x192,10,5.5109919519999995,10.4826,8192,192x192,7,2.5d_3d,"{'from': 'Chiplet_3', 'to': 'Chiplet_2', 'connection_type': '3d_hyb_bond', 'loc': 'stack0_base'},{'from': 'Chiplet_2', 'to': 'na', 'connection_type': '3d_hyb_bond', 'loc': 'stack0_top'},{'from': 'Chiplet_4', 'to': 'Chiplet_3', 'connection_type': '2.5d_emib', 'loc': '2.5d_chiplet'},{'from': 'Chiplet_4', 'to': 'Chiplet_5', 'connection_type': '2.5d_emib', 'loc': '2.5d_chiplet'},{'from': 'Chiplet_4', 'to': 'Chiplet_1', 'connection_type': '2.5d_emib', 'loc': '2.5d_chiplet'},{'from': 'Chiplet_1', 'to': 'Chiplet_3', 'connection_type': '2.5d_emib', 'loc': '2.5d_chiplet'},{'from': 'Chiplet_1', 'to': 'Chiplet_4', 'connection_type': '2.5d_emib', 'loc': '2.5d_chiplet'},{'from': 'Chiplet_5', 'to': 'Chiplet_4', 'connection_type': '2.5d_emib', 'loc': '2.5d_chiplet'},{'from': 'Chiplet_5', 'to': 'Chiplet_3', 'connection_type': '2.5d_emib', 'loc': '2.5d_chiplet'},{'from': 'Chiplet_5', 'to': 'Chiplet_6', 'connection_type': '2.5d_emib', 'loc': '2.5d_chiplet'},{'from': 'Chiplet_3', 'to': 'Chiplet_4', 'connection_type': '2.5d_emib', 'loc': '2.5d_chiplet'},{'from': 'Chiplet_3', 'to': 'Chiplet_5', 'connection_type': '2.5d_emib', 'loc': '2.5d_chiplet'},{'from': 'Chiplet_3', 'to': 'Chiplet_1', 'connection_type': '2.5d_emib', 'loc': '2.5d_chiplet'},{'from': 'Chiplet_3', 'to': 'Chiplet_6', 'connection_type': '2.5d_emib', 'loc': '2.5d_chiplet'},{'from': 'Chiplet_6', 'to': 'Chiplet_3', 'connection_type': '2.5d_emib', 'loc': '2.5d_chiplet'},{'from': 'Chiplet_6', 'to': 'Chiplet_5', 'connection_type': '2.5d_emib', 'loc': '2.5d_chiplet'}",1,1,1,3,1,1,ddr4,aib,ucie_3d,1,0,is,0,0,0
332,11.217921880128504,1602659.18,40452.38360688345,36269755.19551634,34671.92222277915,10937.980808717746,332,1.3653681800824635,3.1172648505374996,512,96x96,10,0.829831759447044,1.3845915837374998,768,64x64,10,4.9976252555201786,6.821646341899999,1024,128x128,14,1.4141952089375351,1.7054115854749998,512,64x64,14,0.656621759447044,1.3845915837374998,256,64x64,10,1.743774000637535,1.7054115854749998,1024,64x64,14,2.5d_3d,"{'from': 'Chiplet_4', 'to': 'Chiplet_1', 'connection_type': '3d_u_bump', 'loc': 'stack0_base'},{'from': 'Chiplet_1', 'to': 'Chiplet_2', 'connection_type': '3d_u_bump', 'loc': 'stack0_middle1'},{'from': 'Chiplet_2', 'to': 'Chiplet_5', 'connection_type': '3d_u_bump', 'loc': 'stack0_middle2'},{'from': 'Chiplet_5', 'to': 'na', 'connection_type': '3d_u_bump', 'loc': 'stack0_top'},{'from': 'Chiplet_3', 'to': 'Chiplet_4', 'connection_type': '2.5d_rdl', 'loc': '2.5d_chiplet'},{'from': 'Chiplet_3', 'to': 'Chiplet_6', 'connection_type': '2.5d_rdl', 'loc': '2.5d_chiplet'},{'from': 'Chiplet_6', 'to': 'Chiplet_3', 'connection_type': '2.5d_rdl', 'loc': '2.5d_chiplet'},{'from': 'Chiplet_6', 'to': 'Chiplet_4', 'connection_type': '2.5d_rdl', 'loc': '2.5d_chiplet'},{'from': 'Chiplet_4', 'to': 'Chiplet_3', 'connection_type': '2.5d_rdl', 'loc': '2.5d_chiplet'},{'from': 'Chiplet_4', 'to': 'Chiplet_6', 'connection_type': '2.5d_rdl', 'loc': '2.5d_chiplet'}",2,1,7,2,1,3,hbm2,ucie_std,ucie_3d,1,0,is,1,0,0
333,26.355598251996547,3912203.46,149748.24134030187,52416558.323378764,5710.000000000001,4674.732398073126,333,1.131132696,2.51875,1536,96x96,7,4.1253109519999995,10.4826,4096,192x192,7,1.743774000637535,1.7054115854749998,1024,64x64,14,2.927572174079395,3.8395579270749995,1024,96x96,14,3.2571509657793953,3.8395579270749995,1536,96x96,14,6.033899457366197,12.973514847541198,2048,192x192,10,2.5d_3d,"{'from': 'Chiplet_5', 'to': 'Chiplet_4', 'connection_type': '3d_u_bump', 'loc': 'stack0_base'},{'from': 'Chiplet_4', 'to': 'na', 'connection_type': '3d_u_bump', 'loc': 'stack0_top'},{'from': 'Chiplet_6', 'to': 'Chiplet_3', 'connection_type': '2.5d_emib', 'loc': '2.5d_chiplet'},{'from': 'Chiplet_6', 'to': 'Chiplet_5', 'connection_type': '2.5d_emib', 'loc': '2.5d_chiplet'},{'from': 'Chiplet_6', 'to': 'Chiplet_2', 'connection_type': '2.5d_emib', 'loc': '2.5d_chiplet'},{'from': 'Chiplet_3', 'to': 'Chiplet_5', 'connection_type': '2.5d_emib', 'loc': '2.5d_chiplet'},{'from': 'Chiplet_3', 'to': 'Chiplet_6', 'connection_type': '2.5d_emib', 'loc': '2.5d_chiplet'},{'from': 'Chiplet_2', 'to': 'Chiplet_5', 'connection_type': '2.5d_emib', 'loc': '2.5d_chiplet'},{'from': 'Chiplet_2', 'to': 'Chiplet_1', 'connection_type': '2.5d_emib', 'loc': '2.5d_chiplet'},{'from': 'Chiplet_2', 'to': 'Chiplet_6', 'connection_type': '2.5d_emib', 'loc': '2.5d_chiplet'},{'from': 'Chiplet_5', 'to': 'Chiplet_3', 'connection_type': '2.5d_emib', 'loc': '2.5d_chiplet'},{'from': 'Chiplet_5', 'to': 'Chiplet_1', 'connection_type': '2.5d_emib', 'loc': '2.5d_chiplet'},{'from': 'Chiplet_5', 'to': 'Chiplet_2', 'connection_type': '2.5d_emib', 'loc': '2.5d_chiplet'},{'from': 'Chiplet_5', 'to': 'Chiplet_6', 'connection_type': '2.5d_emib', 'loc': '2.5d_chiplet'},{'from': 'Chiplet_1', 'to': 'Chiplet_5', 'connection_type': '2.5d_emib', 'loc': '2.5d_chiplet'},{'from': 'Chiplet_1', 'to': 'Chiplet_2', 'connection_type': '2.5d_emib', 'loc': '2.5d_chiplet'}",1,3,2,2,3,5,hbm2,aib,ucie_3d,1,0,ws,0,0,0
334,30.881664172763156,3832812.22,91717.10403831607,96798256.68012457,8490.753404177225,8809.421987338443,334,1.743774000637535,1.7054115854749998,1024,64x64,14,3.432469952,10.4826,2048,192x192,7,0.916436759447044,1.3845915837374998,1024,64x64,10,6.033899457366197,12.973514847541198,2048,192x192,10,12.799492673176792,15.979573171754398,4096,192x192,14,1.131132696,2.51875,1536,96x96,7,2.5d_3d,"{'from': 'Chiplet_4', 'to': 'Chiplet_1', 'connection_type': '3d_tsv', 'loc': 'stack0_base'},{'from': 'Chiplet_1', 'to': 'Chiplet_3', 'connection_type': '3d_tsv', 'loc': 'stack0_middle1'},{'from': 'Chiplet_3', 'to': 'na', 'connection_type': '3d_tsv', 'loc': 'stack0_top'},{'from': 'Chiplet_5', 'to': 'Chiplet_4', 'connection_type': '2.5d_rdl', 'loc': '2.5d_chiplet'},{'from': 'Chiplet_5', 'to': 'Chiplet_2', 'connection_type': '2.5d_rdl', 'loc': '2.5d_chiplet'},{'from': 'Chiplet_4', 'to': 'Chiplet_5', 'connection_type': '2.5d_rdl', 'loc': '2.5d_chiplet'},{'from': 'Chiplet_4', 'to': 'Chiplet_2', 'connection_type': '2.5d_rdl', 'loc': '2.5d_chiplet'},{'from': 'Chiplet_4', 'to': 'Chiplet_6', 'connection_type': '2.5d_rdl', 'loc': '2.5d_chiplet'},{'from': 'Chiplet_2', 'to': 'Chiplet_4', 'connection_type': '2.5d_rdl', 'loc': '2.5d_chiplet'},{'from': 'Chiplet_2', 'to': 'Chiplet_5', 'connection_type': '2.5d_rdl', 'loc': '2.5d_chiplet'},{'from': 'Chiplet_2', 'to': 'Chiplet_6', 'connection_type': '2.5d_rdl', 'loc': '2.5d_chiplet'},{'from': 'Chiplet_6', 'to': 'Chiplet_4', 'connection_type': '2.5d_rdl', 'loc': '2.5d_chiplet'},{'from': 'Chiplet_6', 'to': 'Chiplet_2', 'connection_type': '2.5d_rdl', 'loc': '2.5d_chiplet'}",1,1,1,1,3,1,ddr5,ucie_std,ucie_3d,0,0,os,1,0,0
335,57.15345289149372,5455285.37,213033.48457267703,185157323.2130565,3243.954248366013,6498.7428815775575,335,2.55521354,4.475,4096,128x128,7,14.117807839976791,15.979573171754398,6144,192x192,14,3.2571509657793953,3.8395579270749995,1536,96x96,14,4.818150952,10.4826,6144,192x192,7,11.481175603606792,15.979573171754398,2048,192x192,14,0.552198,1.11875,768,64x64,7,2.5d,"{'from': 'Chiplet_2', 'to': 'Chiplet_4', 'connection_type': '2.5d_emib', 'loc': '2.5d_chiplet'},{'from': 'Chiplet_2', 'to': 'Chiplet_5', 'connection_type': '2.5d_emib', 'loc': '2.5d_chiplet'},{'from': 'Chiplet_2', 'to': 'Chiplet_3', 'connection_type': '2.5d_emib', 'loc': '2.5d_chiplet'},{'from': 'Chiplet_2', 'to': 'Chiplet_6', 'connection_type': '2.5d_emib', 'loc': '2.5d_chiplet'},{'from': 'Chiplet_3', 'to': 'Chiplet_2', 'connection_type': '2.5d_emib', 'loc': '2.5d_chiplet'},{'from': 'Chiplet_3', 'to': 'Chiplet_6', 'connection_type': '2.5d_emib', 'loc': '2.5d_chiplet'},{'from': 'Chiplet_6', 'to': 'Chiplet_3', 'connection_type': '2.5d_emib', 'loc': '2.5d_chiplet'},{'from': 'Chiplet_6', 'to': 'Chiplet_2', 'connection_type': '2.5d_emib', 'loc': '2.5d_chiplet'},{'from': 'Chiplet_5', 'to': 'Chiplet_4', 'connection_type': '2.5d_emib', 'loc': '2.5d_chiplet'},{'from': 'Chiplet_5', 'to': 'Chiplet_1', 'connection_type': '2.5d_emib', 'loc': '2.5d_chiplet'},{'from': 'Chiplet_5', 'to': 'Chiplet_2', 'connection_type': '2.5d_emib', 'loc': '2.5d_chiplet'},{'from': 'Chiplet_4', 'to': 'Chiplet_5', 'connection_type': '2.5d_emib', 'loc': '2.5d_chiplet'},{'from': 'Chiplet_4', 'to': 'Chiplet_1', 'connection_type': '2.5d_emib', 'loc': '2.5d_chiplet'},{'from': 'Chiplet_4', 'to': 'Chiplet_2', 'connection_type': '2.5d_emib', 'loc': '2.5d_chiplet'},{'from': 'Chiplet_1', 'to': 'Chiplet_4', 'connection_type': '2.5d_emib', 'loc': '2.5d_chiplet'},{'from': 'Chiplet_1', 'to': 'Chiplet_5', 'connection_type': '2.5d_emib', 'loc': '2.5d_chiplet'}",1,2,1,1,2,1,ddr4,aib,na,1,0,os,0,0,0
336,15.385275209852711,3187796.35,71605.73636801625,56774710.92080709,5016.391304347826,3954.779863288626,336,1.578984604787535,1.7054115854749998,768,64x64,14,0.46559300000000003,1.11875,512,64x64,7,4.9976252555201786,6.821646341899999,1024,128x128,14,2.20879254,4.475,3072,128x128,7,6.726740457366197,12.973514847541198,4096,192x192,10,2.55521354,4.475,4096,128x128,7,2.5d_3d,"{'from': 'Chiplet_5', 'to': 'Chiplet_3', 'connection_type': '3d_tsv', 'loc': 'stack0_base'},{'from': 'Chiplet_3', 'to': 'Chiplet_4', 'connection_type': '3d_tsv', 'loc': 'stack0_middle1'},{'from': 'Chiplet_4', 'to': 'na', 'connection_type': '3d_tsv', 'loc': 'stack0_top'},{'from': 'Chiplet_5', 'to': 'Chiplet_1', 'connection_type': '2.5d_rdl', 'loc': '2.5d_chiplet'},{'from': 'Chiplet_5', 'to': 'Chiplet_6', 'connection_type': '2.5d_rdl', 'loc': '2.5d_chiplet'},{'from': 'Chiplet_6', 'to': 'Chiplet_5', 'connection_type': '2.5d_rdl', 'loc': '2.5d_chiplet'},{'from': 'Chiplet_6', 'to': 'Chiplet_1', 'connection_type': '2.5d_rdl', 'loc': '2.5d_chiplet'},{'from': 'Chiplet_6', 'to': 'Chiplet_2', 'connection_type': '2.5d_rdl', 'loc': '2.5d_chiplet'},{'from': 'Chiplet_1', 'to': 'Chiplet_5', 'connection_type': '2.5d_rdl', 'loc': '2.5d_chiplet'},{'from': 'Chiplet_1', 'to': 'Chiplet_2', 'connection_type': '2.5d_rdl', 'loc': '2.5d_chiplet'},{'from': 'Chiplet_1', 'to': 'Chiplet_6', 'connection_type': '2.5d_rdl', 'loc': '2.5d_chiplet'},{'from': 'Chiplet_2', 'to': 'Chiplet_1', 'connection_type': '2.5d_rdl', 'loc': '2.5d_chiplet'},{'from': 'Chiplet_2', 'to': 'Chiplet_6', 'connection_type': '2.5d_rdl', 'loc': '2.5d_chiplet'}",1,1,4,2,6,2,hbm2,ucie_std,ucie_3d,1,0,os,0,0,0
337,28.418895826247763,4120841.54,185073.36863398846,45345229.54062954,2305.7139557139562,2614.46317593167,337,1.7117881800824635,3.1172648505374996,1536,96x96,10,6.033899457366197,12.973514847541198,2048,192x192,10,3.2571509657793953,3.8395579270749995,1536,96x96,14,4.1253109519999995,10.4826,4096,192x192,7,0.638803,1.11875,1024,64x64,7,4.1253109519999995,10.4826,4096,192x192,7,2.5d,"{'from': 'Chiplet_2', 'to': 'Chiplet_4', 'connection_type': '2.5d_emib', 'loc': '2.5d_chiplet'},{'from': 'Chiplet_2', 'to': 'Chiplet_5', 'connection_type': '2.5d_emib', 'loc': '2.5d_chiplet'},{'from': 'Chiplet_2', 'to': 'Chiplet_3', 'connection_type': '2.5d_emib', 'loc': '2.5d_chiplet'},{'from': 'Chiplet_3', 'to': 'Chiplet_5', 'connection_type': '2.5d_emib', 'loc': '2.5d_chiplet'},{'from': 'Chiplet_3', 'to': 'Chiplet_2', 'connection_type': '2.5d_emib', 'loc': '2.5d_chiplet'},{'from': 'Chiplet_3', 'to': 'Chiplet_6', 'connection_type': '2.5d_emib', 'loc': '2.5d_chiplet'},{'from': 'Chiplet_5', 'to': 'Chiplet_3', 'connection_type': '2.5d_emib', 'loc': '2.5d_chiplet'},{'from': 'Chiplet_5', 'to': 'Chiplet_2', 'connection_type': '2.5d_emib', 'loc': '2.5d_chiplet'},{'from': 'Chiplet_4', 'to': 'Chiplet_1', 'connection_type': '2.5d_emib', 'loc': '2.5d_chiplet'},{'from': 'Chiplet_4', 'to': 'Chiplet_2', 'connection_type': '2.5d_emib', 'loc': '2.5d_chiplet'},{'from': 'Chiplet_4', 'to': 'Chiplet_6', 'connection_type': '2.5d_emib', 'loc': '2.5d_chiplet'},{'from': 'Chiplet_1', 'to': 'Chiplet_4', 'connection_type': '2.5d_emib', 'loc': '2.5d_chiplet'},{'from': 'Chiplet_1', 'to': 'Chiplet_6', 'connection_type': '2.5d_emib', 'loc': '2.5d_chiplet'},{'from': 'Chiplet_6', 'to': 'Chiplet_3', 'connection_type': '2.5d_emib', 'loc': '2.5d_chiplet'},{'from': 'Chiplet_6', 'to': 'Chiplet_4', 'connection_type': '2.5d_emib', 'loc': '2.5d_chiplet'},{'from': 'Chiplet_6', 'to': 'Chiplet_1', 'connection_type': '2.5d_emib', 'loc': '2.5d_chiplet'}",1,5,3,3,1,3,hbm3,ucie_adv,na,0,0,ws,0,0,0
338,37.395450809265654,4780729.75,94308.09965465369,61736181.975098826,14430.657294582068,11514.480885119354,338,0.378988,1.11875,256,64x64,7,15.436124909546791,15.979573171754398,8192,192x192,14,7.419580457366196,12.973514847541198,6144,192x192,10,0.829831759447044,1.3845915837374998,768,64x64,10,3.5867297574793953,3.8395579270749995,2048,96x96,14,2.927572174079395,3.8395579270749995,1024,96x96,14,2.5d_3d,"{'from': 'Chiplet_5', 'to': 'Chiplet_6', 'connection_type': '3d_tsv', 'loc': 'stack0_base'},{'from': 'Chiplet_6', 'to': 'Chiplet_4', 'connection_type': '3d_tsv', 'loc': 'stack0_middle1'},{'from': 'Chiplet_4', 'to': 'na', 'connection_type': '3d_tsv', 'loc': 'stack0_top'},{'from': 'Chiplet_2', 'to': 'Chiplet_3', 'connection_type': '2.5d_rdl', 'loc': '2.5d_chiplet'},{'from': 'Chiplet_2', 'to': 'Chiplet_5', 'connection_type': '2.5d_rdl', 'loc': '2.5d_chiplet'},{'from': 'Chiplet_3', 'to': 'Chiplet_5', 'connection_type': '2.5d_rdl', 'loc': '2.5d_chiplet'},{'from': 'Chiplet_3', 'to': 'Chiplet_1', 'connection_type': '2.5d_rdl', 'loc': '2.5d_chiplet'},{'from': 'Chiplet_3', 'to': 'Chiplet_2', 'connection_type': '2.5d_rdl', 'loc': '2.5d_chiplet'},{'from': 'Chiplet_5', 'to': 'Chiplet_3', 'connection_type': '2.5d_rdl', 'loc': '2.5d_chiplet'},{'from': 'Chiplet_5', 'to': 'Chiplet_1', 'connection_type': '2.5d_rdl', 'loc': '2.5d_chiplet'},{'from': 'Chiplet_5', 'to': 'Chiplet_2', 'connection_type': '2.5d_rdl', 'loc': '2.5d_chiplet'},{'from': 'Chiplet_1', 'to': 'Chiplet_3', 'connection_type': '2.5d_rdl', 'loc': '2.5d_chiplet'},{'from': 'Chiplet_1', 'to': 'Chiplet_5', 'connection_type': '2.5d_rdl', 'loc': '2.5d_chiplet'}",1,8,3,1,2,1,hbm2,ucie_std,ucie_3d,0,0,is,1,0,0
339,29.360248640951834,2937168.47,169055.48826294136,120721738.7834132,4595.206297502715,4951.357170823891,339,3.5867297574793953,3.8395579270749995,2048,96x96,14,1.249405813087535,1.7054115854749998,256,64x64,14,1.304342696,2.51875,2048,96x96,7,6.033899457366197,12.973514847541198,2048,192x192,10,4.9976252555201786,6.821646341899999,1024,128x128,14,2.20879254,4.475,3072,128x128,7,2.5d,"{'from': 'Chiplet_4', 'to': 'Chiplet_3', 'connection_type': '2.5d_emib', 'loc': '2.5d_chiplet'},{'from': 'Chiplet_4', 'to': 'Chiplet_5', 'connection_type': '2.5d_emib', 'loc': '2.5d_chiplet'},{'from': 'Chiplet_4', 'to': 'Chiplet_1', 'connection_type': '2.5d_emib', 'loc': '2.5d_chiplet'},{'from': 'Chiplet_4', 'to': 'Chiplet_6', 'connection_type': '2.5d_emib', 'loc': '2.5d_chiplet'},{'from': 'Chiplet_6', 'to': 'Chiplet_3', 'connection_type': '2.5d_emib', 'loc': '2.5d_chiplet'},{'from': 'Chiplet_6', 'to': 'Chiplet_4', 'connection_type': '2.5d_emib', 'loc': '2.5d_chiplet'},{'from': 'Chiplet_3', 'to': 'Chiplet_4', 'connection_type': '2.5d_emib', 'loc': '2.5d_chiplet'},{'from': 'Chiplet_3', 'to': 'Chiplet_6', 'connection_type': '2.5d_emib', 'loc': '2.5d_chiplet'},{'from': 'Chiplet_5', 'to': 'Chiplet_4', 'connection_type': '2.5d_emib', 'loc': '2.5d_chiplet'},{'from': 'Chiplet_5', 'to': 'Chiplet_1', 'connection_type': '2.5d_emib', 'loc': '2.5d_chiplet'},{'from': 'Chiplet_5', 'to': 'Chiplet_2', 'connection_type': '2.5d_emib', 'loc': '2.5d_chiplet'},{'from': 'Chiplet_1', 'to': 'Chiplet_4', 'connection_type': '2.5d_emib', 'loc': '2.5d_chiplet'},{'from': 'Chiplet_1', 'to': 'Chiplet_5', 'connection_type': '2.5d_emib', 'loc': '2.5d_chiplet'},{'from': 'Chiplet_1', 'to': 'Chiplet_2', 'connection_type': '2.5d_emib', 'loc': '2.5d_chiplet'},{'from': 'Chiplet_2', 'to': 'Chiplet_5', 'connection_type': '2.5d_emib', 'loc': '2.5d_chiplet'},{'from': 'Chiplet_2', 'to': 'Chiplet_1', 'connection_type': '2.5d_emib', 'loc': '2.5d_chiplet'}",1,1,1,2,2,1,ddr5,ucie_adv,na,0,0,ws,0,0,0
340,54.3892762430982,4618848.07,85679.55883039477,44876866.896976456,19088.88880785409,14050.47018541561,340,6.315940422320179,6.821646341899999,3072,128x128,14,1.5385781800824634,3.1172648505374996,1024,96x96,10,0.378988,1.11875,256,64x64,7,4.9976252555201786,6.821646341899999,1024,128x128,14,2.597993382379395,3.8395579270749995,512,96x96,14,12.799492673176792,15.979573171754398,4096,192x192,14,2.5d,"{'from': 'Chiplet_6', 'to': 'Chiplet_1', 'connection_type': '2.5d_rdl', 'loc': '2.5d_chiplet'},{'from': 'Chiplet_6', 'to': 'Chiplet_2', 'connection_type': '2.5d_rdl', 'loc': '2.5d_chiplet'},{'from': 'Chiplet_2', 'to': 'Chiplet_1', 'connection_type': '2.5d_rdl', 'loc': '2.5d_chiplet'},{'from': 'Chiplet_2', 'to': 'Chiplet_6', 'connection_type': '2.5d_rdl', 'loc': '2.5d_chiplet'},{'from': 'Chiplet_1', 'to': 'Chiplet_3', 'connection_type': '2.5d_rdl', 'loc': '2.5d_chiplet'},{'from': 'Chiplet_1', 'to': 'Chiplet_4', 'connection_type': '2.5d_rdl', 'loc': '2.5d_chiplet'},{'from': 'Chiplet_1', 'to': 'Chiplet_2', 'connection_type': '2.5d_rdl', 'loc': '2.5d_chiplet'},{'from': 'Chiplet_1', 'to': 'Chiplet_6', 'connection_type': '2.5d_rdl', 'loc': '2.5d_chiplet'},{'from': 'Chiplet_1', 'to': 'Chiplet_5', 'connection_type': '2.5d_rdl', 'loc': '2.5d_chiplet'},{'from': 'Chiplet_3', 'to': 'Chiplet_5', 'connection_type': '2.5d_rdl', 'loc': '2.5d_chiplet'},{'from': 'Chiplet_3', 'to': 'Chiplet_1', 'connection_type': '2.5d_rdl', 'loc': '2.5d_chiplet'},{'from': 'Chiplet_4', 'to': 'Chiplet_5', 'connection_type': '2.5d_rdl', 'loc': '2.5d_chiplet'},{'from': 'Chiplet_4', 'to': 'Chiplet_1', 'connection_type': '2.5d_rdl', 'loc': '2.5d_chiplet'},{'from': 'Chiplet_5', 'to': 'Chiplet_4', 'connection_type': '2.5d_rdl', 'loc': '2.5d_chiplet'},{'from': 'Chiplet_5', 'to': 'Chiplet_1', 'connection_type': '2.5d_rdl', 'loc': '2.5d_chiplet'},{'from': 'Chiplet_5', 'to': 'Chiplet_3', 'connection_type': '2.5d_rdl', 'loc': '2.5d_chiplet'}",3,1,1,3,1,7,hbm3,ucie_std,na,0,0,is,1,0,0
341,47.222921240245,4265395.02,108485.62810066869,143066136.72778013,5663.109209453953,7072.565774067429,341,0.638803,1.11875,1024,64x64,7,0.743226759447044,1.3845915837374998,512,64x64,10,12.799492673176792,15.979573171754398,4096,192x192,14,6.315940422320179,6.821646341899999,3072,128x128,14,15.436124909546791,15.979573171754398,8192,192x192,14,0.829831759447044,1.3845915837374998,768,64x64,10,2.5d,"{'from': 'Chiplet_5', 'to': 'Chiplet_3', 'connection_type': '2.5d_rdl', 'loc': '2.5d_chiplet'},{'from': 'Chiplet_5', 'to': 'Chiplet_4', 'connection_type': '2.5d_rdl', 'loc': '2.5d_chiplet'},{'from': 'Chiplet_5', 'to': 'Chiplet_2', 'connection_type': '2.5d_rdl', 'loc': '2.5d_chiplet'},{'from': 'Chiplet_5', 'to': 'Chiplet_6', 'connection_type': '2.5d_rdl', 'loc': '2.5d_chiplet'},{'from': 'Chiplet_6', 'to': 'Chiplet_5', 'connection_type': '2.5d_rdl', 'loc': '2.5d_chiplet'},{'from': 'Chiplet_6', 'to': 'Chiplet_1', 'connection_type': '2.5d_rdl', 'loc': '2.5d_chiplet'},{'from': 'Chiplet_6', 'to': 'Chiplet_2', 'connection_type': '2.5d_rdl', 'loc': '2.5d_chiplet'},{'from': 'Chiplet_2', 'to': 'Chiplet_5', 'connection_type': '2.5d_rdl', 'loc': '2.5d_chiplet'},{'from': 'Chiplet_2', 'to': 'Chiplet_1', 'connection_type': '2.5d_rdl', 'loc': '2.5d_chiplet'},{'from': 'Chiplet_2', 'to': 'Chiplet_6', 'connection_type': '2.5d_rdl', 'loc': '2.5d_chiplet'},{'from': 'Chiplet_1', 'to': 'Chiplet_2', 'connection_type': '2.5d_rdl', 'loc': '2.5d_chiplet'},{'from': 'Chiplet_1', 'to': 'Chiplet_6', 'connection_type': '2.5d_rdl', 'loc': '2.5d_chiplet'},{'from': 'Chiplet_3', 'to': 'Chiplet_4', 'connection_type': '2.5d_rdl', 'loc': '2.5d_chiplet'},{'from': 'Chiplet_3', 'to': 'Chiplet_5', 'connection_type': '2.5d_rdl', 'loc': '2.5d_chiplet'},{'from': 'Chiplet_4', 'to': 'Chiplet_3', 'connection_type': '2.5d_rdl', 'loc': '2.5d_chiplet'},{'from': 'Chiplet_4', 'to': 'Chiplet_5', 'connection_type': '2.5d_rdl', 'loc': '2.5d_chiplet'}",1,1,2,1,2,1,ddr5,ucie_std,na,0,0,is,0,0,0
342,18.367475631736646,1874294.75,50155.89097589269,136405831.23171037,4622.390037095919,4198.555314524274,342,1.131132696,2.51875,1536,96x96,7,1.86237254,4.475,2048,128x128,7,1.8849981800824636,3.1172648505374996,2048,96x96,10,0.638803,1.11875,1024,64x64,7,1.3653681800824635,3.1172648505374996,512,96x96,10,3.665749090547913,5.538366334949999,4096,128x128,10,2.5d,"{'from': 'Chiplet_6', 'to': 'Chiplet_3', 'connection_type': '2.5d_rdl', 'loc': '2.5d_chiplet'},{'from': 'Chiplet_6', 'to': 'Chiplet_5', 'connection_type': '2.5d_rdl', 'loc': '2.5d_chiplet'},{'from': 'Chiplet_5', 'to': 'Chiplet_3', 'connection_type': '2.5d_rdl', 'loc': '2.5d_chiplet'},{'from': 'Chiplet_5', 'to': 'Chiplet_2', 'connection_type': '2.5d_rdl', 'loc': '2.5d_chiplet'},{'from': 'Chiplet_5', 'to': 'Chiplet_6', 'connection_type': '2.5d_rdl', 'loc': '2.5d_chiplet'},{'from': 'Chiplet_3', 'to': 'Chiplet_4', 'connection_type': '2.5d_rdl', 'loc': '2.5d_chiplet'},{'from': 'Chiplet_3', 'to': 'Chiplet_5', 'connection_type': '2.5d_rdl', 'loc': '2.5d_chiplet'},{'from': 'Chiplet_3', 'to': 'Chiplet_2', 'connection_type': '2.5d_rdl', 'loc': '2.5d_chiplet'},{'from': 'Chiplet_3', 'to': 'Chiplet_6', 'connection_type': '2.5d_rdl', 'loc': '2.5d_chiplet'},{'from': 'Chiplet_4', 'to': 'Chiplet_3', 'connection_type': '2.5d_rdl', 'loc': '2.5d_chiplet'},{'from': 'Chiplet_4', 'to': 'Chiplet_1', 'connection_type': '2.5d_rdl', 'loc': '2.5d_chiplet'},{'from': 'Chiplet_2', 'to': 'Chiplet_3', 'connection_type': '2.5d_rdl', 'loc': '2.5d_chiplet'},{'from': 'Chiplet_2', 'to': 'Chiplet_5', 'connection_type': '2.5d_rdl', 'loc': '2.5d_chiplet'},{'from': 'Chiplet_2', 'to': 'Chiplet_1', 'connection_type': '2.5d_rdl', 'loc': '2.5d_chiplet'},{'from': 'Chiplet_1', 'to': 'Chiplet_4', 'connection_type': '2.5d_rdl', 'loc': '2.5d_chiplet'},{'from': 'Chiplet_1', 'to': 'Chiplet_2', 'connection_type': '2.5d_rdl', 'loc': '2.5d_chiplet'}",1,1,1,1,1,3,ddr5,ucie_std,na,0,0,ws,0,0,0
343,20.69284223675494,2582435.59,72170.77239207618,132625249.0325316,22633.1856051188,14501.668965749806,343,0.957922696,2.51875,1024,96x96,7,0.784712696,2.51875,512,96x96,7,5.5109919519999995,10.4826,8192,192x192,7,4.9976252555201786,6.821646341899999,1024,128x128,14,0.46559300000000003,1.11875,512,64x64,7,3.3193280905479132,5.538366334949999,3072,128x128,10,2.5d,"{'from': 'Chiplet_3', 'to': 'Chiplet_4', 'connection_type': '2.5d_rdl', 'loc': '2.5d_chiplet'},{'from': 'Chiplet_3', 'to': 'Chiplet_1', 'connection_type': '2.5d_rdl', 'loc': '2.5d_chiplet'},{'from': 'Chiplet_3', 'to': 'Chiplet_2', 'connection_type': '2.5d_rdl', 'loc': '2.5d_chiplet'},{'from': 'Chiplet_1', 'to': 'Chiplet_3', 'connection_type': '2.5d_rdl', 'loc': '2.5d_chiplet'},{'from': 'Chiplet_1', 'to': 'Chiplet_5', 'connection_type': '2.5d_rdl', 'loc': '2.5d_chiplet'},{'from': 'Chiplet_1', 'to': 'Chiplet_2', 'connection_type': '2.5d_rdl', 'loc': '2.5d_chiplet'},{'from': 'Chiplet_2', 'to': 'Chiplet_3', 'connection_type': '2.5d_rdl', 'loc': '2.5d_chiplet'},{'from': 'Chiplet_2', 'to': 'Chiplet_5', 'connection_type': '2.5d_rdl', 'loc': '2.5d_chiplet'},{'from': 'Chiplet_2', 'to': 'Chiplet_1', 'connection_type': '2.5d_rdl', 'loc': '2.5d_chiplet'},{'from': 'Chiplet_2', 'to': 'Chiplet_6', 'connection_type': '2.5d_rdl', 'loc': '2.5d_chiplet'},{'from': 'Chiplet_5', 'to': 'Chiplet_1', 'connection_type': '2.5d_rdl', 'loc': '2.5d_chiplet'},{'from': 'Chiplet_5', 'to': 'Chiplet_2', 'connection_type': '2.5d_rdl', 'loc': '2.5d_chiplet'},{'from': 'Chiplet_4', 'to': 'Chiplet_3', 'connection_type': '2.5d_rdl', 'loc': '2.5d_chiplet'},{'from': 'Chiplet_4', 'to': 'Chiplet_6', 'connection_type': '2.5d_rdl', 'loc': '2.5d_chiplet'},{'from': 'Chiplet_6', 'to': 'Chiplet_4', 'connection_type': '2.5d_rdl', 'loc': '2.5d_chiplet'},{'from': 'Chiplet_6', 'to': 'Chiplet_2', 'connection_type': '2.5d_rdl', 'loc': '2.5d_chiplet'}",1,1,2,2,1,1,ddr4,ucie_std,na,1,0,os,1,0,0
344,29.31508580974274,2542593.33,60059.97062315166,124896815.77733645,4591.710169827529,4655.15489608466,344,3.3193280905479132,5.538366334949999,3072,128x128,10,2.972908090547913,5.538366334949999,2048,128x128,10,0.743226759447044,1.3845915837374998,512,64x64,10,0.829831759447044,1.3845915837374998,768,64x64,10,6.726740457366197,12.973514847541198,4096,192x192,10,0.46559300000000003,1.11875,512,64x64,7,2.5d,"{'from': 'Chiplet_5', 'to': 'Chiplet_3', 'connection_type': '2.5d_rdl', 'loc': '2.5d_chiplet'},{'from': 'Chiplet_5', 'to': 'Chiplet_1', 'connection_type': '2.5d_rdl', 'loc': '2.5d_chiplet'},{'from': 'Chiplet_3', 'to': 'Chiplet_5', 'connection_type': '2.5d_rdl', 'loc': '2.5d_chiplet'},{'from': 'Chiplet_3', 'to': 'Chiplet_1', 'connection_type': '2.5d_rdl', 'loc': '2.5d_chiplet'},{'from': 'Chiplet_1', 'to': 'Chiplet_3', 'connection_type': '2.5d_rdl', 'loc': '2.5d_chiplet'},{'from': 'Chiplet_1', 'to': 'Chiplet_5', 'connection_type': '2.5d_rdl', 'loc': '2.5d_chiplet'},{'from': 'Chiplet_1', 'to': 'Chiplet_2', 'connection_type': '2.5d_rdl', 'loc': '2.5d_chiplet'},{'from': 'Chiplet_1', 'to': 'Chiplet_6', 'connection_type': '2.5d_rdl', 'loc': '2.5d_chiplet'},{'from': 'Chiplet_6', 'to': 'Chiplet_4', 'connection_type': '2.5d_rdl', 'loc': '2.5d_chiplet'},{'from': 'Chiplet_6', 'to': 'Chiplet_1', 'connection_type': '2.5d_rdl', 'loc': '2.5d_chiplet'},{'from': 'Chiplet_2', 'to': 'Chiplet_4', 'connection_type': '2.5d_rdl', 'loc': '2.5d_chiplet'},{'from': 'Chiplet_2', 'to': 'Chiplet_1', 'connection_type': '2.5d_rdl', 'loc': '2.5d_chiplet'},{'from': 'Chiplet_4', 'to': 'Chiplet_2', 'connection_type': '2.5d_rdl', 'loc': '2.5d_chiplet'},{'from': 'Chiplet_4', 'to': 'Chiplet_6', 'connection_type': '2.5d_rdl', 'loc': '2.5d_chiplet'}",1,1,1,1,3,1,ddr5,ucie_std,na,1,0,is,0,0,0
345,30.564745806108355,3481630.43,182159.30616655544,176098444.4705571,9406.241830065359,9720.797075336139,345,2.597993382379395,3.8395579270749995,512,96x96,14,1.131132696,2.51875,1536,96x96,7,2.597993382379395,3.8395579270749995,512,96x96,14,3.2571509657793953,3.8395579270749995,1536,96x96,14,6.726740457366197,12.973514847541198,4096,192x192,10,5.5109919519999995,10.4826,8192,192x192,7,2.5d,"{'from': 'Chiplet_5', 'to': 'Chiplet_4', 'connection_type': '2.5d_emib', 'loc': '2.5d_chiplet'},{'from': 'Chiplet_5', 'to': 'Chiplet_1', 'connection_type': '2.5d_emib', 'loc': '2.5d_chiplet'},{'from': 'Chiplet_5', 'to': 'Chiplet_2', 'connection_type': '2.5d_emib', 'loc': '2.5d_chiplet'},{'from': 'Chiplet_5', 'to': 'Chiplet_6', 'connection_type': '2.5d_emib', 'loc': '2.5d_chiplet'},{'from': 'Chiplet_1', 'to': 'Chiplet_5', 'connection_type': '2.5d_emib', 'loc': '2.5d_chiplet'},{'from': 'Chiplet_1', 'to': 'Chiplet_2', 'connection_type': '2.5d_emib', 'loc': '2.5d_chiplet'},{'from': 'Chiplet_2', 'to': 'Chiplet_5', 'connection_type': '2.5d_emib', 'loc': '2.5d_chiplet'},{'from': 'Chiplet_2', 'to': 'Chiplet_1', 'connection_type': '2.5d_emib', 'loc': '2.5d_chiplet'},{'from': 'Chiplet_6', 'to': 'Chiplet_4', 'connection_type': '2.5d_emib', 'loc': '2.5d_chiplet'},{'from': 'Chiplet_6', 'to': 'Chiplet_5', 'connection_type': '2.5d_emib', 'loc': '2.5d_chiplet'},{'from': 'Chiplet_6', 'to': 'Chiplet_3', 'connection_type': '2.5d_emib', 'loc': '2.5d_chiplet'},{'from': 'Chiplet_4', 'to': 'Chiplet_3', 'connection_type': '2.5d_emib', 'loc': '2.5d_chiplet'},{'from': 'Chiplet_4', 'to': 'Chiplet_5', 'connection_type': '2.5d_emib', 'loc': '2.5d_chiplet'},{'from': 'Chiplet_4', 'to': 'Chiplet_6', 'connection_type': '2.5d_emib', 'loc': '2.5d_chiplet'},{'from': 'Chiplet_3', 'to': 'Chiplet_4', 'connection_type': '2.5d_emib', 'loc': '2.5d_chiplet'},{'from': 'Chiplet_3', 'to': 'Chiplet_6', 'connection_type': '2.5d_emib', 'loc': '2.5d_chiplet'}",1,1,1,1,2,2,ddr4,ucie_adv,na,0,0,is,0,0,0
346,16.880216458983252,3373739.9,98061.78080423895,174143651.81074736,3662.6656067832537,5819.9381558401565,346,2.972908090547913,5.538366334949999,2048,128x128,10,2.927572174079395,3.8395579270749995,1024,96x96,14,4.1253109519999995,10.4826,4096,192x192,7,6.315940422320179,6.821646341899999,3072,128x128,14,1.4141952089375351,1.7054115854749998,512,64x64,14,4.1253109519999995,10.4826,4096,192x192,7,2.5d_3d,"{'from': 'Chiplet_6', 'to': 'Chiplet_3', 'connection_type': '3d_hyb_bond', 'loc': 'stack0_base'},{'from': 'Chiplet_3', 'to': 'Chiplet_1', 'connection_type': '3d_hyb_bond', 'loc': 'stack0_middle1'},{'from': 'Chiplet_1', 'to': 'Chiplet_5', 'connection_type': '3d_hyb_bond', 'loc': 'stack0_middle2'},{'from': 'Chiplet_5', 'to': 'na', 'connection_type': '3d_hyb_bond', 'loc': 'stack0_top'},{'from': 'Chiplet_4', 'to': 'Chiplet_2', 'connection_type': '2.5d_rdl', 'loc': '2.5d_chiplet'},{'from': 'Chiplet_4', 'to': 'Chiplet_6', 'connection_type': '2.5d_rdl', 'loc': '2.5d_chiplet'},{'from': 'Chiplet_6', 'to': 'Chiplet_4', 'connection_type': '2.5d_rdl', 'loc': '2.5d_chiplet'},{'from': 'Chiplet_6', 'to': 'Chiplet_2', 'connection_type': '2.5d_rdl', 'loc': '2.5d_chiplet'},{'from': 'Chiplet_2', 'to': 'Chiplet_4', 'connection_type': '2.5d_rdl', 'loc': '2.5d_chiplet'},{'from': 'Chiplet_2', 'to': 'Chiplet_6', 'connection_type': '2.5d_rdl', 'loc': '2.5d_chiplet'}",1,1,2,2,1,1,ddr4,ucie_std,ucie_3d,1,0,os,0,0,0
347,16.934070073408385,1854288.57,45887.114910043936,192680530.26208225,7973.562091503269,6266.034634101146,347,3.2571509657793953,3.8395579270749995,1536,96x96,14,3.2571509657793953,3.8395579270749995,1536,96x96,14,1.7117881800824635,3.1172648505374996,1536,96x96,10,0.552198,1.11875,768,64x64,7,3.3193280905479132,5.538366334949999,3072,128x128,10,0.552198,1.11875,768,64x64,7,2.5d_3d,"{'from': 'Chiplet_5', 'to': 'Chiplet_4', 'connection_type': '3d_tsv', 'loc': 'stack0_base'},{'from': 'Chiplet_4', 'to': 'na', 'connection_type': '3d_tsv', 'loc': 'stack0_top'},{'from': 'Chiplet_5', 'to': 'Chiplet_3', 'connection_type': '2.5d_rdl', 'loc': '2.5d_chiplet'},{'from': 'Chiplet_5', 'to': 'Chiplet_1', 'connection_type': '2.5d_rdl', 'loc': '2.5d_chiplet'},{'from': 'Chiplet_5', 'to': 'Chiplet_6', 'connection_type': '2.5d_rdl', 'loc': '2.5d_chiplet'},{'from': 'Chiplet_3', 'to': 'Chiplet_5', 'connection_type': '2.5d_rdl', 'loc': '2.5d_chiplet'},{'from': 'Chiplet_3', 'to': 'Chiplet_6', 'connection_type': '2.5d_rdl', 'loc': '2.5d_chiplet'},{'from': 'Chiplet_6', 'to': 'Chiplet_3', 'connection_type': '2.5d_rdl', 'loc': '2.5d_chiplet'},{'from': 'Chiplet_6', 'to': 'Chiplet_5', 'connection_type': '2.5d_rdl', 'loc': '2.5d_chiplet'},{'from': 'Chiplet_6', 'to': 'Chiplet_2', 'connection_type': '2.5d_rdl', 'loc': '2.5d_chiplet'},{'from': 'Chiplet_1', 'to': 'Chiplet_5', 'connection_type': '2.5d_rdl', 'loc': '2.5d_chiplet'},{'from': 'Chiplet_1', 'to': 'Chiplet_2', 'connection_type': '2.5d_rdl', 'loc': '2.5d_chiplet'},{'from': 'Chiplet_2', 'to': 'Chiplet_1', 'connection_type': '2.5d_rdl', 'loc': '2.5d_chiplet'},{'from': 'Chiplet_2', 'to': 'Chiplet_6', 'connection_type': '2.5d_rdl', 'loc': '2.5d_chiplet'}",2,1,1,1,2,1,ddr4,ucie_std,ucie_3d,1,0,is,0,0,0
348,51.39889713836036,5680984.63,119089.41074813892,60970166.800998375,6888.335961793395,8009.205948257195,348,11.481175603606792,15.979573171754398,2048,192x192,14,1.3653681800824635,3.1172648505374996,512,96x96,10,14.117807839976791,15.979573171754398,6144,192x192,14,2.597993382379395,3.8395579270749995,512,96x96,14,8.112421457366196,12.973514847541198,8192,192x192,10,0.957922696,2.51875,1024,96x96,7,2.5d,"{'from': 'Chiplet_3', 'to': 'Chiplet_4', 'connection_type': '2.5d_rdl', 'loc': '2.5d_chiplet'},{'from': 'Chiplet_3', 'to': 'Chiplet_5', 'connection_type': '2.5d_rdl', 'loc': '2.5d_chiplet'},{'from': 'Chiplet_3', 'to': 'Chiplet_1', 'connection_type': '2.5d_rdl', 'loc': '2.5d_chiplet'},{'from': 'Chiplet_3', 'to': 'Chiplet_2', 'connection_type': '2.5d_rdl', 'loc': '2.5d_chiplet'},{'from': 'Chiplet_4', 'to': 'Chiplet_3', 'connection_type': '2.5d_rdl', 'loc': '2.5d_chiplet'},{'from': 'Chiplet_4', 'to': 'Chiplet_2', 'connection_type': '2.5d_rdl', 'loc': '2.5d_chiplet'},{'from': 'Chiplet_4', 'to': 'Chiplet_6', 'connection_type': '2.5d_rdl', 'loc': '2.5d_chiplet'},{'from': 'Chiplet_2', 'to': 'Chiplet_4', 'connection_type': '2.5d_rdl', 'loc': '2.5d_chiplet'},{'from': 'Chiplet_2', 'to': 'Chiplet_3', 'connection_type': '2.5d_rdl', 'loc': '2.5d_chiplet'},{'from': 'Chiplet_2', 'to': 'Chiplet_6', 'connection_type': '2.5d_rdl', 'loc': '2.5d_chiplet'},{'from': 'Chiplet_6', 'to': 'Chiplet_4', 'connection_type': '2.5d_rdl', 'loc': '2.5d_chiplet'},{'from': 'Chiplet_6', 'to': 'Chiplet_2', 'connection_type': '2.5d_rdl', 'loc': '2.5d_chiplet'},{'from': 'Chiplet_1', 'to': 'Chiplet_3', 'connection_type': '2.5d_rdl', 'loc': '2.5d_chiplet'},{'from': 'Chiplet_1', 'to': 'Chiplet_5', 'connection_type': '2.5d_rdl', 'loc': '2.5d_chiplet'},{'from': 'Chiplet_5', 'to': 'Chiplet_3', 'connection_type': '2.5d_rdl', 'loc': '2.5d_chiplet'},{'from': 'Chiplet_5', 'to': 'Chiplet_1', 'connection_type': '2.5d_rdl', 'loc': '2.5d_chiplet'}",4,1,6,1,3,1,hbm2,ucie_std,na,0,0,os,1,0,0
349,41.534177696216936,5179394.84,157918.95302645882,141533579.55651975,8316.0912290594,11094.547173919145,349,0.916436759447044,1.3845915837374998,1024,64x64,10,12.799492673176792,15.979573171754398,4096,192x192,14,14.117807839976791,15.979573171754398,6144,192x192,14,11.481175603606792,15.979573171754398,2048,192x192,14,1.3653681800824635,3.1172648505374996,512,96x96,10,1.5385781800824634,3.1172648505374996,1024,96x96,10,2.5d_3d,"{'from': 'Chiplet_2', 'to': 'Chiplet_4', 'connection_type': '3d_u_bump', 'loc': 'stack0_base'},{'from': 'Chiplet_4', 'to': 'Chiplet_6', 'connection_type': '3d_u_bump', 'loc': 'stack0_middle1'},{'from': 'Chiplet_6', 'to': 'Chiplet_5', 'connection_type': '3d_u_bump', 'loc': 'stack0_middle2'},{'from': 'Chiplet_5', 'to': 'na', 'connection_type': '3d_u_bump', 'loc': 'stack0_top'},{'from': 'Chiplet_3', 'to': 'Chiplet_1', 'connection_type': '2.5d_emib', 'loc': '2.5d_chiplet'},{'from': 'Chiplet_3', 'to': 'Chiplet_2', 'connection_type': '2.5d_emib', 'loc': '2.5d_chiplet'},{'from': 'Chiplet_2', 'to': 'Chiplet_3', 'connection_type': '2.5d_emib', 'loc': '2.5d_chiplet'},{'from': 'Chiplet_2', 'to': 'Chiplet_1', 'connection_type': '2.5d_emib', 'loc': '2.5d_chiplet'},{'from': 'Chiplet_1', 'to': 'Chiplet_3', 'connection_type': '2.5d_emib', 'loc': '2.5d_chiplet'},{'from': 'Chiplet_1', 'to': 'Chiplet_2', 'connection_type': '2.5d_emib', 'loc': '2.5d_chiplet'}",1,2,2,1,1,1,ddr4,bow,ucie_3d,1,0,is,1,0,0
350,29.802532088786347,3179436.9,81222.68275088015,168396557.83928984,3206.1633986928105,5572.326411442731,350,6.726740457366197,12.973514847541198,4096,192x192,10,2.6264880905479133,5.538366334949999,1024,128x128,10,1.578984604787535,1.7054115854749998,768,64x64,14,4.9976252555201786,6.821646341899999,1024,128x128,14,1.51595254,4.475,1024,128x128,7,3.432469952,10.4826,2048,192x192,7,2.5d,"{'from': 'Chiplet_1', 'to': 'Chiplet_4', 'connection_type': '2.5d_rdl', 'loc': '2.5d_chiplet'},{'from': 'Chiplet_1', 'to': 'Chiplet_5', 'connection_type': '2.5d_rdl', 'loc': '2.5d_chiplet'},{'from': 'Chiplet_1', 'to': 'Chiplet_2', 'connection_type': '2.5d_rdl', 'loc': '2.5d_chiplet'},{'from': 'Chiplet_1', 'to': 'Chiplet_6', 'connection_type': '2.5d_rdl', 'loc': '2.5d_chiplet'},{'from': 'Chiplet_2', 'to': 'Chiplet_5', 'connection_type': '2.5d_rdl', 'loc': '2.5d_chiplet'},{'from': 'Chiplet_2', 'to': 'Chiplet_1', 'connection_type': '2.5d_rdl', 'loc': '2.5d_chiplet'},{'from': 'Chiplet_5', 'to': 'Chiplet_1', 'connection_type': '2.5d_rdl', 'loc': '2.5d_chiplet'},{'from': 'Chiplet_5', 'to': 'Chiplet_2', 'connection_type': '2.5d_rdl', 'loc': '2.5d_chiplet'},{'from': 'Chiplet_4', 'to': 'Chiplet_3', 'connection_type': '2.5d_rdl', 'loc': '2.5d_chiplet'},{'from': 'Chiplet_4', 'to': 'Chiplet_1', 'connection_type': '2.5d_rdl', 'loc': '2.5d_chiplet'},{'from': 'Chiplet_4', 'to': 'Chiplet_6', 'connection_type': '2.5d_rdl', 'loc': '2.5d_chiplet'},{'from': 'Chiplet_6', 'to': 'Chiplet_3', 'connection_type': '2.5d_rdl', 'loc': '2.5d_chiplet'},{'from': 'Chiplet_6', 'to': 'Chiplet_4', 'connection_type': '2.5d_rdl', 'loc': '2.5d_chiplet'},{'from': 'Chiplet_6', 'to': 'Chiplet_1', 'connection_type': '2.5d_rdl', 'loc': '2.5d_chiplet'},{'from': 'Chiplet_3', 'to': 'Chiplet_4', 'connection_type': '2.5d_rdl', 'loc': '2.5d_chiplet'},{'from': 'Chiplet_3', 'to': 'Chiplet_6', 'connection_type': '2.5d_rdl', 'loc': '2.5d_chiplet'}",2,1,1,2,1,1,ddr4,ucie_std,na,0,0,ws,0,0,0
351,34.350050985590265,4723812.69,110625.86534756862,177846738.70558733,6223.954248366013,9384.812380700816,351,8.112421457366196,12.973514847541198,8192,192x192,10,2.597993382379395,3.8395579270749995,512,96x96,14,6.033899457366197,12.973514847541198,2048,192x192,10,3.5867297574793953,3.8395579270749995,2048,96x96,14,11.481175603606792,15.979573171754398,2048,192x192,14,3.2571509657793953,3.8395579270749995,1536,96x96,14,2.5d_3d,"{'from': 'Chiplet_3', 'to': 'Chiplet_4', 'connection_type': '3d_hyb_bond', 'loc': 'stack0_base'},{'from': 'Chiplet_4', 'to': 'Chiplet_2', 'connection_type': '3d_hyb_bond', 'loc': 'stack0_middle1'},{'from': 'Chiplet_2', 'to': 'na', 'connection_type': '3d_hyb_bond', 'loc': 'stack0_top'},{'from': 'Chiplet_5', 'to': 'Chiplet_3', 'connection_type': '2.5d_rdl', 'loc': '2.5d_chiplet'},{'from': 'Chiplet_5', 'to': 'Chiplet_1', 'connection_type': '2.5d_rdl', 'loc': '2.5d_chiplet'},{'from': 'Chiplet_5', 'to': 'Chiplet_6', 'connection_type': '2.5d_rdl', 'loc': '2.5d_chiplet'},{'from': 'Chiplet_6', 'to': 'Chiplet_3', 'connection_type': '2.5d_rdl', 'loc': '2.5d_chiplet'},{'from': 'Chiplet_6', 'to': 'Chiplet_5', 'connection_type': '2.5d_rdl', 'loc': '2.5d_chiplet'},{'from': 'Chiplet_1', 'to': 'Chiplet_3', 'connection_type': '2.5d_rdl', 'loc': '2.5d_chiplet'},{'from': 'Chiplet_1', 'to': 'Chiplet_5', 'connection_type': '2.5d_rdl', 'loc': '2.5d_chiplet'},{'from': 'Chiplet_3', 'to': 'Chiplet_5', 'connection_type': '2.5d_rdl', 'loc': '2.5d_chiplet'},{'from': 'Chiplet_3', 'to': 'Chiplet_1', 'connection_type': '2.5d_rdl', 'loc': '2.5d_chiplet'},{'from': 'Chiplet_3', 'to': 'Chiplet_6', 'connection_type': '2.5d_rdl', 'loc': '2.5d_chiplet'}",2,1,1,1,2,1,ddr4,ucie_std,ucie_3d,0,0,is,0,0,0
352,35.18532876254886,4769766.33,195487.7374079083,66045194.91720208,5550.833333333333,5510.809887655373,352,14.117807839976791,15.979573171754398,6144,192x192,14,1.86237254,4.475,2048,128x128,7,5.5109919519999995,10.4826,8192,192x192,7,0.784712696,2.51875,512,96x96,7,1.3653681800824635,3.1172648505374996,512,96x96,10,2.972908090547913,5.538366334949999,2048,128x128,10,2.5d,"{'from': 'Chiplet_1', 'to': 'Chiplet_3', 'connection_type': '2.5d_emib', 'loc': '2.5d_chiplet'},{'from': 'Chiplet_1', 'to': 'Chiplet_6', 'connection_type': '2.5d_emib', 'loc': '2.5d_chiplet'},{'from': 'Chiplet_3', 'to': 'Chiplet_4', 'connection_type': '2.5d_emib', 'loc': '2.5d_chiplet'},{'from': 'Chiplet_3', 'to': 'Chiplet_1', 'connection_type': '2.5d_emib', 'loc': '2.5d_chiplet'},{'from': 'Chiplet_3', 'to': 'Chiplet_2', 'connection_type': '2.5d_emib', 'loc': '2.5d_chiplet'},{'from': 'Chiplet_3', 'to': 'Chiplet_6', 'connection_type': '2.5d_emib', 'loc': '2.5d_chiplet'},{'from': 'Chiplet_4', 'to': 'Chiplet_3', 'connection_type': '2.5d_emib', 'loc': '2.5d_chiplet'},{'from': 'Chiplet_4', 'to': 'Chiplet_2', 'connection_type': '2.5d_emib', 'loc': '2.5d_chiplet'},{'from': 'Chiplet_6', 'to': 'Chiplet_3', 'connection_type': '2.5d_emib', 'loc': '2.5d_chiplet'},{'from': 'Chiplet_6', 'to': 'Chiplet_5', 'connection_type': '2.5d_emib', 'loc': '2.5d_chiplet'},{'from': 'Chiplet_6', 'to': 'Chiplet_1', 'connection_type': '2.5d_emib', 'loc': '2.5d_chiplet'},{'from': 'Chiplet_6', 'to': 'Chiplet_2', 'connection_type': '2.5d_emib', 'loc': '2.5d_chiplet'},{'from': 'Chiplet_2', 'to': 'Chiplet_3', 'connection_type': '2.5d_emib', 'loc': '2.5d_chiplet'},{'from': 'Chiplet_2', 'to': 'Chiplet_5', 'connection_type': '2.5d_emib', 'loc': '2.5d_chiplet'},{'from': 'Chiplet_2', 'to': 'Chiplet_4', 'connection_type': '2.5d_emib', 'loc': '2.5d_chiplet'},{'from': 'Chiplet_2', 'to': 'Chiplet_6', 'connection_type': '2.5d_emib', 'loc': '2.5d_chiplet'},{'from': 'Chiplet_5', 'to': 'Chiplet_2', 'connection_type': '2.5d_emib', 'loc': '2.5d_chiplet'},{'from': 'Chiplet_5', 'to': 'Chiplet_6', 'connection_type': '2.5d_emib', 'loc': '2.5d_chiplet'}",8,1,3,1,1,2,hbm2,aib,na,1,0,is,0,0,0
353,20.02590384963005,2300777.79,159526.78161284555,167924282.62104788,9406.241830065359,7894.83999174965,353,3.432469952,10.4826,2048,192x192,7,1.4141952089375351,1.7054115854749998,512,64x64,14,3.665749090547913,5.538366334949999,4096,128x128,10,1.7117881800824635,3.1172648505374996,1536,96x96,10,1.8849981800824636,3.1172648505374996,2048,96x96,10,2.597993382379395,3.8395579270749995,512,96x96,14,2.5d,"{'from': 'Chiplet_3', 'to': 'Chiplet_4', 'connection_type': '2.5d_emib', 'loc': '2.5d_chiplet'},{'from': 'Chiplet_3', 'to': 'Chiplet_5', 'connection_type': '2.5d_emib', 'loc': '2.5d_chiplet'},{'from': 'Chiplet_3', 'to': 'Chiplet_1', 'connection_type': '2.5d_emib', 'loc': '2.5d_chiplet'},{'from': 'Chiplet_5', 'to': 'Chiplet_4', 'connection_type': '2.5d_emib', 'loc': '2.5d_chiplet'},{'from': 'Chiplet_5', 'to': 'Chiplet_3', 'connection_type': '2.5d_emib', 'loc': '2.5d_chiplet'},{'from': 'Chiplet_4', 'to': 'Chiplet_3', 'connection_type': '2.5d_emib', 'loc': '2.5d_chiplet'},{'from': 'Chiplet_4', 'to': 'Chiplet_5', 'connection_type': '2.5d_emib', 'loc': '2.5d_chiplet'},{'from': 'Chiplet_1', 'to': 'Chiplet_3', 'connection_type': '2.5d_emib', 'loc': '2.5d_chiplet'},{'from': 'Chiplet_1', 'to': 'Chiplet_2', 'connection_type': '2.5d_emib', 'loc': '2.5d_chiplet'},{'from': 'Chiplet_1', 'to': 'Chiplet_6', 'connection_type': '2.5d_emib', 'loc': '2.5d_chiplet'},{'from': 'Chiplet_6', 'to': 'Chiplet_1', 'connection_type': '2.5d_emib', 'loc': '2.5d_chiplet'},{'from': 'Chiplet_6', 'to': 'Chiplet_2', 'connection_type': '2.5d_emib', 'loc': '2.5d_chiplet'},{'from': 'Chiplet_2', 'to': 'Chiplet_1', 'connection_type': '2.5d_emib', 'loc': '2.5d_chiplet'},{'from': 'Chiplet_2', 'to': 'Chiplet_6', 'connection_type': '2.5d_emib', 'loc': '2.5d_chiplet'}",2,1,2,1,1,1,ddr4,aib,na,0,0,is,0,0,0
354,27.70786939534633,2453659.0,64263.19509663452,101268395.8361007,41283.10596786006,21726.822162887947,354,4.9976252555201786,6.821646341899999,1024,128x128,14,2.597993382379395,3.8395579270749995,512,96x96,14,1.304342696,2.51875,2048,96x96,7,1.4141952089375351,1.7054115854749998,512,64x64,14,1.51595254,4.475,1024,128x128,7,6.975099908490179,6.821646341899999,4096,128x128,14,2.5d,"{'from': 'Chiplet_6', 'to': 'Chiplet_3', 'connection_type': '2.5d_rdl', 'loc': '2.5d_chiplet'},{'from': 'Chiplet_6', 'to': 'Chiplet_5', 'connection_type': '2.5d_rdl', 'loc': '2.5d_chiplet'},{'from': 'Chiplet_6', 'to': 'Chiplet_1', 'connection_type': '2.5d_rdl', 'loc': '2.5d_chiplet'},{'from': 'Chiplet_6', 'to': 'Chiplet_2', 'connection_type': '2.5d_rdl', 'loc': '2.5d_chiplet'},{'from': 'Chiplet_5', 'to': 'Chiplet_3', 'connection_type': '2.5d_rdl', 'loc': '2.5d_chiplet'},{'from': 'Chiplet_5', 'to': 'Chiplet_6', 'connection_type': '2.5d_rdl', 'loc': '2.5d_chiplet'},{'from': 'Chiplet_3', 'to': 'Chiplet_5', 'connection_type': '2.5d_rdl', 'loc': '2.5d_chiplet'},{'from': 'Chiplet_3', 'to': 'Chiplet_6', 'connection_type': '2.5d_rdl', 'loc': '2.5d_chiplet'},{'from': 'Chiplet_1', 'to': 'Chiplet_4', 'connection_type': '2.5d_rdl', 'loc': '2.5d_chiplet'},{'from': 'Chiplet_1', 'to': 'Chiplet_2', 'connection_type': '2.5d_rdl', 'loc': '2.5d_chiplet'},{'from': 'Chiplet_1', 'to': 'Chiplet_6', 'connection_type': '2.5d_rdl', 'loc': '2.5d_chiplet'},{'from': 'Chiplet_2', 'to': 'Chiplet_4', 'connection_type': '2.5d_rdl', 'loc': '2.5d_chiplet'},{'from': 'Chiplet_2', 'to': 'Chiplet_1', 'connection_type': '2.5d_rdl', 'loc': '2.5d_chiplet'},{'from': 'Chiplet_2', 'to': 'Chiplet_6', 'connection_type': '2.5d_rdl', 'loc': '2.5d_chiplet'},{'from': 'Chiplet_4', 'to': 'Chiplet_1', 'connection_type': '2.5d_rdl', 'loc': '2.5d_chiplet'},{'from': 'Chiplet_4', 'to': 'Chiplet_2', 'connection_type': '2.5d_rdl', 'loc': '2.5d_chiplet'}",2,1,1,1,1,2,ddr5,ucie_std,na,0,0,is,1,0,0
355,17.098832488616686,2013453.7,147728.62083233794,49687881.5900677,16038.851033147655,6500.015551105446,355,3.5867297574793953,3.8395579270749995,2048,96x96,14,0.784712696,2.51875,512,96x96,7,1.7117881800824635,3.1172648505374996,1536,96x96,10,1.131132696,2.51875,1536,96x96,7,2.927572174079395,3.8395579270749995,1024,96x96,14,1.7117881800824635,3.1172648505374996,1536,96x96,10,2.5d,"{'from': 'Chiplet_1', 'to': 'Chiplet_3', 'connection_type': '2.5d_emib', 'loc': '2.5d_chiplet'},{'from': 'Chiplet_1', 'to': 'Chiplet_5', 'connection_type': '2.5d_emib', 'loc': '2.5d_chiplet'},{'from': 'Chiplet_1', 'to': 'Chiplet_2', 'connection_type': '2.5d_emib', 'loc': '2.5d_chiplet'},{'from': 'Chiplet_1', 'to': 'Chiplet_6', 'connection_type': '2.5d_emib', 'loc': '2.5d_chiplet'},{'from': 'Chiplet_6', 'to': 'Chiplet_1', 'connection_type': '2.5d_emib', 'loc': '2.5d_chiplet'},{'from': 'Chiplet_6', 'to': 'Chiplet_2', 'connection_type': '2.5d_emib', 'loc': '2.5d_chiplet'},{'from': 'Chiplet_2', 'to': 'Chiplet_1', 'connection_type': '2.5d_emib', 'loc': '2.5d_chiplet'},{'from': 'Chiplet_2', 'to': 'Chiplet_6', 'connection_type': '2.5d_emib', 'loc': '2.5d_chiplet'},{'from': 'Chiplet_5', 'to': 'Chiplet_3', 'connection_type': '2.5d_emib', 'loc': '2.5d_chiplet'},{'from': 'Chiplet_5', 'to': 'Chiplet_4', 'connection_type': '2.5d_emib', 'loc': '2.5d_chiplet'},{'from': 'Chiplet_5', 'to': 'Chiplet_1', 'connection_type': '2.5d_emib', 'loc': '2.5d_chiplet'},{'from': 'Chiplet_3', 'to': 'Chiplet_4', 'connection_type': '2.5d_emib', 'loc': '2.5d_chiplet'},{'from': 'Chiplet_3', 'to': 'Chiplet_5', 'connection_type': '2.5d_emib', 'loc': '2.5d_chiplet'},{'from': 'Chiplet_3', 'to': 'Chiplet_1', 'connection_type': '2.5d_emib', 'loc': '2.5d_chiplet'},{'from': 'Chiplet_4', 'to': 'Chiplet_3', 'connection_type': '2.5d_emib', 'loc': '2.5d_chiplet'},{'from': 'Chiplet_4', 'to': 'Chiplet_5', 'connection_type': '2.5d_emib', 'loc': '2.5d_chiplet'}",5,1,2,2,4,2,hbm2,bow,na,0,0,os,1,0,0
356,16.596374191310847,2484966.58,59893.73222941464,53318464.55536521,2667.6666666666665,2195.473897342038,356,3.432469952,10.4826,2048,192x192,7,2.55521354,4.475,4096,128x128,7,0.784712696,2.51875,512,96x96,7,1.249405813087535,1.7054115854749998,256,64x64,14,0.46559300000000003,1.11875,512,64x64,7,2.20879254,4.475,3072,128x128,7,2.5d,"{'from': 'Chiplet_1', 'to': 'Chiplet_4', 'connection_type': '2.5d_rdl', 'loc': '2.5d_chiplet'},{'from': 'Chiplet_1', 'to': 'Chiplet_3', 'connection_type': '2.5d_rdl', 'loc': '2.5d_chiplet'},{'from': 'Chiplet_1', 'to': 'Chiplet_2', 'connection_type': '2.5d_rdl', 'loc': '2.5d_chiplet'},{'from': 'Chiplet_1', 'to': 'Chiplet_6', 'connection_type': '2.5d_rdl', 'loc': '2.5d_chiplet'},{'from': 'Chiplet_4', 'to': 'Chiplet_3', 'connection_type': '2.5d_rdl', 'loc': '2.5d_chiplet'},{'from': 'Chiplet_4', 'to': 'Chiplet_1', 'connection_type': '2.5d_rdl', 'loc': '2.5d_chiplet'},{'from': 'Chiplet_3', 'to': 'Chiplet_4', 'connection_type': '2.5d_rdl', 'loc': '2.5d_chiplet'},{'from': 'Chiplet_3', 'to': 'Chiplet_1', 'connection_type': '2.5d_rdl', 'loc': '2.5d_chiplet'},{'from': 'Chiplet_2', 'to': 'Chiplet_5', 'connection_type': '2.5d_rdl', 'loc': '2.5d_chiplet'},{'from': 'Chiplet_2', 'to': 'Chiplet_1', 'connection_type': '2.5d_rdl', 'loc': '2.5d_chiplet'},{'from': 'Chiplet_2', 'to': 'Chiplet_6', 'connection_type': '2.5d_rdl', 'loc': '2.5d_chiplet'},{'from': 'Chiplet_6', 'to': 'Chiplet_5', 'connection_type': '2.5d_rdl', 'loc': '2.5d_chiplet'},{'from': 'Chiplet_6', 'to': 'Chiplet_1', 'connection_type': '2.5d_rdl', 'loc': '2.5d_chiplet'},{'from': 'Chiplet_6', 'to': 'Chiplet_2', 'connection_type': '2.5d_rdl', 'loc': '2.5d_chiplet'},{'from': 'Chiplet_5', 'to': 'Chiplet_2', 'connection_type': '2.5d_rdl', 'loc': '2.5d_chiplet'},{'from': 'Chiplet_5', 'to': 'Chiplet_6', 'connection_type': '2.5d_rdl', 'loc': '2.5d_chiplet'}",5,4,1,2,1,3,hbm2,ucie_std,na,1,0,ws,0,0,0
357,26.152784662251566,4112904.67,187150.98409987745,59651266.43418789,3330.5,3532.7076277991523,357,3.432469952,10.4826,2048,192x192,7,1.5385781800824634,3.1172648505374996,1024,96x96,10,5.5109919519999995,10.4826,8192,192x192,7,4.1253109519999995,10.4826,4096,192x192,7,2.597993382379395,3.8395579270749995,512,96x96,14,0.829831759447044,1.3845915837374998,768,64x64,10,2.5d,"{'from': 'Chiplet_3', 'to': 'Chiplet_4', 'connection_type': '2.5d_emib', 'loc': '2.5d_chiplet'},{'from': 'Chiplet_3', 'to': 'Chiplet_5', 'connection_type': '2.5d_emib', 'loc': '2.5d_chiplet'},{'from': 'Chiplet_3', 'to': 'Chiplet_1', 'connection_type': '2.5d_emib', 'loc': '2.5d_chiplet'},{'from': 'Chiplet_3', 'to': 'Chiplet_6', 'connection_type': '2.5d_emib', 'loc': '2.5d_chiplet'},{'from': 'Chiplet_5', 'to': 'Chiplet_3', 'connection_type': '2.5d_emib', 'loc': '2.5d_chiplet'},{'from': 'Chiplet_5', 'to': 'Chiplet_6', 'connection_type': '2.5d_emib', 'loc': '2.5d_chiplet'},{'from': 'Chiplet_6', 'to': 'Chiplet_3', 'connection_type': '2.5d_emib', 'loc': '2.5d_chiplet'},{'from': 'Chiplet_6', 'to': 'Chiplet_5', 'connection_type': '2.5d_emib', 'loc': '2.5d_chiplet'},{'from': 'Chiplet_4', 'to': 'Chiplet_3', 'connection_type': '2.5d_emib', 'loc': '2.5d_chiplet'},{'from': 'Chiplet_4', 'to': 'Chiplet_1', 'connection_type': '2.5d_emib', 'loc': '2.5d_chiplet'},{'from': 'Chiplet_4', 'to': 'Chiplet_2', 'connection_type': '2.5d_emib', 'loc': '2.5d_chiplet'},{'from': 'Chiplet_1', 'to': 'Chiplet_3', 'connection_type': '2.5d_emib', 'loc': '2.5d_chiplet'},{'from': 'Chiplet_1', 'to': 'Chiplet_4', 'connection_type': '2.5d_emib', 'loc': '2.5d_chiplet'},{'from': 'Chiplet_1', 'to': 'Chiplet_2', 'connection_type': '2.5d_emib', 'loc': '2.5d_chiplet'},{'from': 'Chiplet_2', 'to': 'Chiplet_4', 'connection_type': '2.5d_emib', 'loc': '2.5d_chiplet'},{'from': 'Chiplet_2', 'to': 'Chiplet_1', 'connection_type': '2.5d_emib', 'loc': '2.5d_chiplet'}",3,1,5,4,2,1,hbm2,bow,na,0,0,is,0,0,0
358,46.560166778958965,4704224.93,117978.33094878746,188066406.3920554,6223.954248366013,9331.135354915627,358,3.5867297574793953,3.8395579270749995,2048,96x96,14,2.6264880905479133,5.538366334949999,1024,128x128,10,0.957922696,2.51875,1024,96x96,7,3.432469952,10.4826,2048,192x192,7,8.112421457366196,12.973514847541198,8192,192x192,10,15.436124909546791,15.979573171754398,8192,192x192,14,2.5d,"{'from': 'Chiplet_6', 'to': 'Chiplet_3', 'connection_type': '2.5d_rdl', 'loc': '2.5d_chiplet'},{'from': 'Chiplet_6', 'to': 'Chiplet_5', 'connection_type': '2.5d_rdl', 'loc': '2.5d_chiplet'},{'from': 'Chiplet_6', 'to': 'Chiplet_1', 'connection_type': '2.5d_rdl', 'loc': '2.5d_chiplet'},{'from': 'Chiplet_3', 'to': 'Chiplet_1', 'connection_type': '2.5d_rdl', 'loc': '2.5d_chiplet'},{'from': 'Chiplet_3', 'to': 'Chiplet_6', 'connection_type': '2.5d_rdl', 'loc': '2.5d_chiplet'},{'from': 'Chiplet_5', 'to': 'Chiplet_4', 'connection_type': '2.5d_rdl', 'loc': '2.5d_chiplet'},{'from': 'Chiplet_5', 'to': 'Chiplet_1', 'connection_type': '2.5d_rdl', 'loc': '2.5d_chiplet'},{'from': 'Chiplet_5', 'to': 'Chiplet_6', 'connection_type': '2.5d_rdl', 'loc': '2.5d_chiplet'},{'from': 'Chiplet_1', 'to': 'Chiplet_3', 'connection_type': '2.5d_rdl', 'loc': '2.5d_chiplet'},{'from': 'Chiplet_1', 'to': 'Chiplet_4', 'connection_type': '2.5d_rdl', 'loc': '2.5d_chiplet'},{'from': 'Chiplet_1', 'to': 'Chiplet_2', 'connection_type': '2.5d_rdl', 'loc': '2.5d_chiplet'},{'from': 'Chiplet_1', 'to': 'Chiplet_6', 'connection_type': '2.5d_rdl', 'loc': '2.5d_chiplet'},{'from': 'Chiplet_1', 'to': 'Chiplet_5', 'connection_type': '2.5d_rdl', 'loc': '2.5d_chiplet'},{'from': 'Chiplet_4', 'to': 'Chiplet_5', 'connection_type': '2.5d_rdl', 'loc': '2.5d_chiplet'},{'from': 'Chiplet_4', 'to': 'Chiplet_1', 'connection_type': '2.5d_rdl', 'loc': '2.5d_chiplet'},{'from': 'Chiplet_4', 'to': 'Chiplet_2', 'connection_type': '2.5d_rdl', 'loc': '2.5d_chiplet'},{'from': 'Chiplet_2', 'to': 'Chiplet_4', 'connection_type': '2.5d_rdl', 'loc': '2.5d_chiplet'},{'from': 'Chiplet_2', 'to': 'Chiplet_1', 'connection_type': '2.5d_rdl', 'loc': '2.5d_chiplet'}",1,1,1,1,1,3,ddr4,ucie_std,na,0,0,is,0,0,0
359,35.3280741857841,4226788.91,93225.75005059202,58978412.97930078,11880.340506870834,9118.708280695591,359,5.5109919519999995,10.4826,8192,192x192,7,1.249405813087535,1.7054115854749998,256,64x64,14,1.4141952089375351,1.7054115854749998,512,64x64,14,0.916436759447044,1.3845915837374998,1024,64x64,10,12.799492673176792,15.979573171754398,4096,192x192,14,3.665749090547913,5.538366334949999,4096,128x128,10,2.5d,"{'from': 'Chiplet_5', 'to': 'Chiplet_1', 'connection_type': '2.5d_rdl', 'loc': '2.5d_chiplet'},{'from': 'Chiplet_5', 'to': 'Chiplet_6', 'connection_type': '2.5d_rdl', 'loc': '2.5d_chiplet'},{'from': 'Chiplet_1', 'to': 'Chiplet_4', 'connection_type': '2.5d_rdl', 'loc': '2.5d_chiplet'},{'from': 'Chiplet_1', 'to': 'Chiplet_5', 'connection_type': '2.5d_rdl', 'loc': '2.5d_chiplet'},{'from': 'Chiplet_1', 'to': 'Chiplet_3', 'connection_type': '2.5d_rdl', 'loc': '2.5d_chiplet'},{'from': 'Chiplet_1', 'to': 'Chiplet_6', 'connection_type': '2.5d_rdl', 'loc': '2.5d_chiplet'},{'from': 'Chiplet_4', 'to': 'Chiplet_3', 'connection_type': '2.5d_rdl', 'loc': '2.5d_chiplet'},{'from': 'Chiplet_4', 'to': 'Chiplet_1', 'connection_type': '2.5d_rdl', 'loc': '2.5d_chiplet'},{'from': 'Chiplet_6', 'to': 'Chiplet_3', 'connection_type': '2.5d_rdl', 'loc': '2.5d_chiplet'},{'from': 'Chiplet_6', 'to': 'Chiplet_5', 'connection_type': '2.5d_rdl', 'loc': '2.5d_chiplet'},{'from': 'Chiplet_6', 'to': 'Chiplet_1', 'connection_type': '2.5d_rdl', 'loc': '2.5d_chiplet'},{'from': 'Chiplet_6', 'to': 'Chiplet_2', 'connection_type': '2.5d_rdl', 'loc': '2.5d_chiplet'},{'from': 'Chiplet_3', 'to': 'Chiplet_4', 'connection_type': '2.5d_rdl', 'loc': '2.5d_chiplet'},{'from': 'Chiplet_3', 'to': 'Chiplet_1', 'connection_type': '2.5d_rdl', 'loc': '2.5d_chiplet'},{'from': 'Chiplet_3', 'to': 'Chiplet_2', 'connection_type': '2.5d_rdl', 'loc': '2.5d_chiplet'},{'from': 'Chiplet_3', 'to': 'Chiplet_6', 'connection_type': '2.5d_rdl', 'loc': '2.5d_chiplet'},{'from': 'Chiplet_2', 'to': 'Chiplet_3', 'connection_type': '2.5d_rdl', 'loc': '2.5d_chiplet'},{'from': 'Chiplet_2', 'to': 'Chiplet_6', 'connection_type': '2.5d_rdl', 'loc': '2.5d_chiplet'}",3,1,1,1,8,2,hbm2,ucie_std,na,1,0,is,1,0,0
360,25.48636402278483,2768786.68,62529.76680642493,141856574.7828794,8287.287581699346,6513.493494979309,360,2.927572174079395,3.8395579270749995,1024,96x96,14,6.315940422320179,6.821646341899999,3072,128x128,14,0.46559300000000003,1.11875,512,64x64,7,1.86237254,4.475,2048,128x128,7,3.2571509657793953,3.8395579270749995,1536,96x96,14,3.665749090547913,5.538366334949999,4096,128x128,10,2.5d_3d,"{'from': 'Chiplet_5', 'to': 'Chiplet_4', 'connection_type': '3d_u_bump', 'loc': 'stack0_base'},{'from': 'Chiplet_4', 'to': 'na', 'connection_type': '3d_u_bump', 'loc': 'stack0_top'},{'from': 'Chiplet_2', 'to': 'Chiplet_5', 'connection_type': '2.5d_rdl', 'loc': '2.5d_chiplet'},{'from': 'Chiplet_2', 'to': 'Chiplet_1', 'connection_type': '2.5d_rdl', 'loc': '2.5d_chiplet'},{'from': 'Chiplet_2', 'to': 'Chiplet_6', 'connection_type': '2.5d_rdl', 'loc': '2.5d_chiplet'},{'from': 'Chiplet_1', 'to': 'Chiplet_5', 'connection_type': '2.5d_rdl', 'loc': '2.5d_chiplet'},{'from': 'Chiplet_1', 'to': 'Chiplet_2', 'connection_type': '2.5d_rdl', 'loc': '2.5d_chiplet'},{'from': 'Chiplet_6', 'to': 'Chiplet_3', 'connection_type': '2.5d_rdl', 'loc': '2.5d_chiplet'},{'from': 'Chiplet_6', 'to': 'Chiplet_5', 'connection_type': '2.5d_rdl', 'loc': '2.5d_chiplet'},{'from': 'Chiplet_6', 'to': 'Chiplet_2', 'connection_type': '2.5d_rdl', 'loc': '2.5d_chiplet'},{'from': 'Chiplet_5', 'to': 'Chiplet_3', 'connection_type': '2.5d_rdl', 'loc': '2.5d_chiplet'},{'from': 'Chiplet_5', 'to': 'Chiplet_1', 'connection_type': '2.5d_rdl', 'loc': '2.5d_chiplet'},{'from': 'Chiplet_5', 'to': 'Chiplet_2', 'connection_type': '2.5d_rdl', 'loc': '2.5d_chiplet'},{'from': 'Chiplet_5', 'to': 'Chiplet_6', 'connection_type': '2.5d_rdl', 'loc': '2.5d_chiplet'},{'from': 'Chiplet_3', 'to': 'Chiplet_5', 'connection_type': '2.5d_rdl', 'loc': '2.5d_chiplet'},{'from': 'Chiplet_3', 'to': 'Chiplet_6', 'connection_type': '2.5d_rdl', 'loc': '2.5d_chiplet'}",1,3,1,1,1,1,ddr5,ucie_std,ucie_3d,1,0,is,0,0,0
361,18.477595506356554,2189252.6,59723.35003689374,172594155.93954626,5429.3852676205615,5898.312466336357,361,0.784712696,2.51875,512,96x96,7,0.784712696,2.51875,512,96x96,7,1.5385781800824634,3.1172648505374996,1024,96x96,10,1.8849981800824636,3.1172648505374996,2048,96x96,10,4.1253109519999995,10.4826,4096,192x192,7,3.3193280905479132,5.538366334949999,3072,128x128,10,2.5d,"{'from': 'Chiplet_5', 'to': 'Chiplet_4', 'connection_type': '2.5d_rdl', 'loc': '2.5d_chiplet'},{'from': 'Chiplet_5', 'to': 'Chiplet_2', 'connection_type': '2.5d_rdl', 'loc': '2.5d_chiplet'},{'from': 'Chiplet_5', 'to': 'Chiplet_3', 'connection_type': '2.5d_rdl', 'loc': '2.5d_chiplet'},{'from': 'Chiplet_5', 'to': 'Chiplet_6', 'connection_type': '2.5d_rdl', 'loc': '2.5d_chiplet'},{'from': 'Chiplet_3', 'to': 'Chiplet_5', 'connection_type': '2.5d_rdl', 'loc': '2.5d_chiplet'},{'from': 'Chiplet_3', 'to': 'Chiplet_2', 'connection_type': '2.5d_rdl', 'loc': '2.5d_chiplet'},{'from': 'Chiplet_2', 'to': 'Chiplet_3', 'connection_type': '2.5d_rdl', 'loc': '2.5d_chiplet'},{'from': 'Chiplet_2', 'to': 'Chiplet_5', 'connection_type': '2.5d_rdl', 'loc': '2.5d_chiplet'},{'from': 'Chiplet_6', 'to': 'Chiplet_4', 'connection_type': '2.5d_rdl', 'loc': '2.5d_chiplet'},{'from': 'Chiplet_6', 'to': 'Chiplet_5', 'connection_type': '2.5d_rdl', 'loc': '2.5d_chiplet'},{'from': 'Chiplet_6', 'to': 'Chiplet_1', 'connection_type': '2.5d_rdl', 'loc': '2.5d_chiplet'},{'from': 'Chiplet_4', 'to': 'Chiplet_5', 'connection_type': '2.5d_rdl', 'loc': '2.5d_chiplet'},{'from': 'Chiplet_4', 'to': 'Chiplet_1', 'connection_type': '2.5d_rdl', 'loc': '2.5d_chiplet'},{'from': 'Chiplet_4', 'to': 'Chiplet_6', 'connection_type': '2.5d_rdl', 'loc': '2.5d_chiplet'},{'from': 'Chiplet_1', 'to': 'Chiplet_4', 'connection_type': '2.5d_rdl', 'loc': '2.5d_chiplet'},{'from': 'Chiplet_1', 'to': 'Chiplet_6', 'connection_type': '2.5d_rdl', 'loc': '2.5d_chiplet'}",1,1,1,1,2,2,ddr4,ucie_std,na,1,0,os,0,0,0
362,30.619204776090267,2747498.55,71322.38241568781,127086391.37790683,3725.8429439211195,4424.056278248219,362,1.51595254,4.475,1024,128x128,7,0.656621759447044,1.3845915837374998,256,64x64,10,1.249405813087535,1.7054115854749998,256,64x64,14,3.665749090547913,5.538366334949999,4096,128x128,10,12.799492673176792,15.979573171754398,4096,192x192,14,0.743226759447044,1.3845915837374998,512,64x64,10,2.5d,"{'from': 'Chiplet_5', 'to': 'Chiplet_4', 'connection_type': '2.5d_rdl', 'loc': '2.5d_chiplet'},{'from': 'Chiplet_5', 'to': 'Chiplet_1', 'connection_type': '2.5d_rdl', 'loc': '2.5d_chiplet'},{'from': 'Chiplet_5', 'to': 'Chiplet_2', 'connection_type': '2.5d_rdl', 'loc': '2.5d_chiplet'},{'from': 'Chiplet_4', 'to': 'Chiplet_3', 'connection_type': '2.5d_rdl', 'loc': '2.5d_chiplet'},{'from': 'Chiplet_4', 'to': 'Chiplet_5', 'connection_type': '2.5d_rdl', 'loc': '2.5d_chiplet'},{'from': 'Chiplet_4', 'to': 'Chiplet_1', 'connection_type': '2.5d_rdl', 'loc': '2.5d_chiplet'},{'from': 'Chiplet_1', 'to': 'Chiplet_3', 'connection_type': '2.5d_rdl', 'loc': '2.5d_chiplet'},{'from': 'Chiplet_1', 'to': 'Chiplet_5', 'connection_type': '2.5d_rdl', 'loc': '2.5d_chiplet'},{'from': 'Chiplet_1', 'to': 'Chiplet_4', 'connection_type': '2.5d_rdl', 'loc': '2.5d_chiplet'},{'from': 'Chiplet_1', 'to': 'Chiplet_2', 'connection_type': '2.5d_rdl', 'loc': '2.5d_chiplet'},{'from': 'Chiplet_2', 'to': 'Chiplet_5', 'connection_type': '2.5d_rdl', 'loc': '2.5d_chiplet'},{'from': 'Chiplet_2', 'to': 'Chiplet_1', 'connection_type': '2.5d_rdl', 'loc': '2.5d_chiplet'},{'from': 'Chiplet_2', 'to': 'Chiplet_6', 'connection_type': '2.5d_rdl', 'loc': '2.5d_chiplet'},{'from': 'Chiplet_3', 'to': 'Chiplet_4', 'connection_type': '2.5d_rdl', 'loc': '2.5d_chiplet'},{'from': 'Chiplet_3', 'to': 'Chiplet_1', 'connection_type': '2.5d_rdl', 'loc': '2.5d_chiplet'},{'from': 'Chiplet_3', 'to': 'Chiplet_6', 'connection_type': '2.5d_rdl', 'loc': '2.5d_chiplet'},{'from': 'Chiplet_6', 'to': 'Chiplet_3', 'connection_type': '2.5d_rdl', 'loc': '2.5d_chiplet'},{'from': 'Chiplet_6', 'to': 'Chiplet_2', 'connection_type': '2.5d_rdl', 'loc': '2.5d_chiplet'}",1,1,1,1,3,1,ddr5,ucie_std,na,0,0,ws,0,0,0
363,34.13936493386398,4095388.94,92684.27082034292,130378921.86490743,3725.8429439211195,5222.664498086526,363,6.726740457366197,12.973514847541198,4096,192x192,10,0.638803,1.11875,1024,64x64,7,2.6264880905479133,5.538366334949999,1024,128x128,10,0.784712696,2.51875,512,96x96,7,14.117807839976791,15.979573171754398,6144,192x192,14,1.8849981800824636,3.1172648505374996,2048,96x96,10,2.5d_3d,"{'from': 'Chiplet_4', 'to': 'Chiplet_2', 'connection_type': '3d_hyb_bond', 'loc': 'stack0_base'},{'from': 'Chiplet_2', 'to': 'na', 'connection_type': '3d_hyb_bond', 'loc': 'stack0_top'},{'from': 'Chiplet_5', 'to': 'Chiplet_3', 'connection_type': '2.5d_rdl', 'loc': '2.5d_chiplet'},{'from': 'Chiplet_5', 'to': 'Chiplet_1', 'connection_type': '2.5d_rdl', 'loc': '2.5d_chiplet'},{'from': 'Chiplet_1', 'to': 'Chiplet_3', 'connection_type': '2.5d_rdl', 'loc': '2.5d_chiplet'},{'from': 'Chiplet_1', 'to': 'Chiplet_5', 'connection_type': '2.5d_rdl', 'loc': '2.5d_chiplet'},{'from': 'Chiplet_1', 'to': 'Chiplet_6', 'connection_type': '2.5d_rdl', 'loc': '2.5d_chiplet'},{'from': 'Chiplet_3', 'to': 'Chiplet_4', 'connection_type': '2.5d_rdl', 'loc': '2.5d_chiplet'},{'from': 'Chiplet_3', 'to': 'Chiplet_5', 'connection_type': '2.5d_rdl', 'loc': '2.5d_chiplet'},{'from': 'Chiplet_3', 'to': 'Chiplet_1', 'connection_type': '2.5d_rdl', 'loc': '2.5d_chiplet'},{'from': 'Chiplet_3', 'to': 'Chiplet_6', 'connection_type': '2.5d_rdl', 'loc': '2.5d_chiplet'},{'from': 'Chiplet_6', 'to': 'Chiplet_3', 'connection_type': '2.5d_rdl', 'loc': '2.5d_chiplet'},{'from': 'Chiplet_6', 'to': 'Chiplet_4', 'connection_type': '2.5d_rdl', 'loc': '2.5d_chiplet'},{'from': 'Chiplet_6', 'to': 'Chiplet_1', 'connection_type': '2.5d_rdl', 'loc': '2.5d_chiplet'},{'from': 'Chiplet_4', 'to': 'Chiplet_3', 'connection_type': '2.5d_rdl', 'loc': '2.5d_chiplet'},{'from': 'Chiplet_4', 'to': 'Chiplet_6', 'connection_type': '2.5d_rdl', 'loc': '2.5d_chiplet'}",1,1,1,1,3,1,ddr5,ucie_std,ucie_3d,0,0,ws,0,0,0
364,13.582467593456048,2151073.41,54545.49692952331,59984572.451552734,3085.0,2253.53825966471,364,1.249405813087535,1.7054115854749998,256,64x64,14,4.818150952,10.4826,6144,192x192,7,0.638803,1.11875,1024,64x64,7,1.86237254,4.475,2048,128x128,7,0.46559300000000003,1.11875,512,64x64,7,0.743226759447044,1.3845915837374998,512,64x64,10,2.5d,"{'from': 'Chiplet_2', 'to': 'Chiplet_4', 'connection_type': '2.5d_rdl', 'loc': '2.5d_chiplet'},{'from': 'Chiplet_2', 'to': 'Chiplet_1', 'connection_type': '2.5d_rdl', 'loc': '2.5d_chiplet'},{'from': 'Chiplet_4', 'to': 'Chiplet_3', 'connection_type': '2.5d_rdl', 'loc': '2.5d_chiplet'},{'from': 'Chiplet_4', 'to': 'Chiplet_1', 'connection_type': '2.5d_rdl', 'loc': '2.5d_chiplet'},{'from': 'Chiplet_4', 'to': 'Chiplet_2', 'connection_type': '2.5d_rdl', 'loc': '2.5d_chiplet'},{'from': 'Chiplet_4', 'to': 'Chiplet_6', 'connection_type': '2.5d_rdl', 'loc': '2.5d_chiplet'},{'from': 'Chiplet_3', 'to': 'Chiplet_4', 'connection_type': '2.5d_rdl', 'loc': '2.5d_chiplet'},{'from': 'Chiplet_3', 'to': 'Chiplet_6', 'connection_type': '2.5d_rdl', 'loc': '2.5d_chiplet'},{'from': 'Chiplet_1', 'to': 'Chiplet_4', 'connection_type': '2.5d_rdl', 'loc': '2.5d_chiplet'},{'from': 'Chiplet_1', 'to': 'Chiplet_5', 'connection_type': '2.5d_rdl', 'loc': '2.5d_chiplet'},{'from': 'Chiplet_1', 'to': 'Chiplet_2', 'connection_type': '2.5d_rdl', 'loc': '2.5d_chiplet'},{'from': 'Chiplet_1', 'to': 'Chiplet_6', 'connection_type': '2.5d_rdl', 'loc': '2.5d_chiplet'},{'from': 'Chiplet_6', 'to': 'Chiplet_4', 'connection_type': '2.5d_rdl', 'loc': '2.5d_chiplet'},{'from': 'Chiplet_6', 'to': 'Chiplet_5', 'connection_type': '2.5d_rdl', 'loc': '2.5d_chiplet'},{'from': 'Chiplet_6', 'to': 'Chiplet_1', 'connection_type': '2.5d_rdl', 'loc': '2.5d_chiplet'},{'from': 'Chiplet_6', 'to': 'Chiplet_3', 'connection_type': '2.5d_rdl', 'loc': '2.5d_chiplet'},{'from': 'Chiplet_5', 'to': 'Chiplet_1', 'connection_type': '2.5d_rdl', 'loc': '2.5d_chiplet'},{'from': 'Chiplet_5', 'to': 'Chiplet_6', 'connection_type': '2.5d_rdl', 'loc': '2.5d_chiplet'}",2,8,1,3,1,1,hbm2,ucie_std,na,0,0,os,0,0,0
365,19.471677987067256,2574973.64,157778.92009551593,45327229.05637009,3056.840390879479,2283.326267494734,365,4.1253109519999995,10.4826,4096,192x192,7,2.597993382379395,3.8395579270749995,512,96x96,14,1.4141952089375351,1.7054115854749998,512,64x64,14,1.3653681800824635,3.1172648505374996,512,96x96,10,0.638803,1.11875,1024,64x64,7,2.972908090547913,5.538366334949999,2048,128x128,10,2.5d,"{'from': 'Chiplet_1', 'to': 'Chiplet_3', 'connection_type': '2.5d_emib', 'loc': '2.5d_chiplet'},{'from': 'Chiplet_1', 'to': 'Chiplet_4', 'connection_type': '2.5d_emib', 'loc': '2.5d_chiplet'},{'from': 'Chiplet_1', 'to': 'Chiplet_2', 'connection_type': '2.5d_emib', 'loc': '2.5d_chiplet'},{'from': 'Chiplet_1', 'to': 'Chiplet_6', 'connection_type': '2.5d_emib', 'loc': '2.5d_chiplet'},{'from': 'Chiplet_3', 'to': 'Chiplet_4', 'connection_type': '2.5d_emib', 'loc': '2.5d_chiplet'},{'from': 'Chiplet_3', 'to': 'Chiplet_1', 'connection_type': '2.5d_emib', 'loc': '2.5d_chiplet'},{'from': 'Chiplet_4', 'to': 'Chiplet_3', 'connection_type': '2.5d_emib', 'loc': '2.5d_chiplet'},{'from': 'Chiplet_4', 'to': 'Chiplet_1', 'connection_type': '2.5d_emib', 'loc': '2.5d_chiplet'},{'from': 'Chiplet_6', 'to': 'Chiplet_5', 'connection_type': '2.5d_emib', 'loc': '2.5d_chiplet'},{'from': 'Chiplet_6', 'to': 'Chiplet_1', 'connection_type': '2.5d_emib', 'loc': '2.5d_chiplet'},{'from': 'Chiplet_6', 'to': 'Chiplet_2', 'connection_type': '2.5d_emib', 'loc': '2.5d_chiplet'},{'from': 'Chiplet_2', 'to': 'Chiplet_5', 'connection_type': '2.5d_emib', 'loc': '2.5d_chiplet'},{'from': 'Chiplet_2', 'to': 'Chiplet_1', 'connection_type': '2.5d_emib', 'loc': '2.5d_chiplet'},{'from': 'Chiplet_2', 'to': 'Chiplet_6', 'connection_type': '2.5d_emib', 'loc': '2.5d_chiplet'},{'from': 'Chiplet_5', 'to': 'Chiplet_2', 'connection_type': '2.5d_emib', 'loc': '2.5d_chiplet'},{'from': 'Chiplet_5', 'to': 'Chiplet_6', 'connection_type': '2.5d_emib', 'loc': '2.5d_chiplet'}",5,3,2,2,1,3,hbm3,ucie_adv,na,0,0,os,0,0,0
366,18.054635302058713,2281631.76,162301.01138133585,98857649.70595573,13658.82779662956,8171.857944148939,366,6.726740457366197,12.973514847541198,4096,192x192,10,1.578984604787535,1.7054115854749998,768,64x64,14,1.131132696,2.51875,1536,96x96,7,1.304342696,2.51875,2048,96x96,7,2.20879254,4.475,3072,128x128,7,0.46559300000000003,1.11875,512,64x64,7,2.5d,"{'from': 'Chiplet_1', 'to': 'Chiplet_5', 'connection_type': '2.5d_emib', 'loc': '2.5d_chiplet'},{'from': 'Chiplet_1', 'to': 'Chiplet_2', 'connection_type': '2.5d_emib', 'loc': '2.5d_chiplet'},{'from': 'Chiplet_5', 'to': 'Chiplet_3', 'connection_type': '2.5d_emib', 'loc': '2.5d_chiplet'},{'from': 'Chiplet_5', 'to': 'Chiplet_4', 'connection_type': '2.5d_emib', 'loc': '2.5d_chiplet'},{'from': 'Chiplet_5', 'to': 'Chiplet_1', 'connection_type': '2.5d_emib', 'loc': '2.5d_chiplet'},{'from': 'Chiplet_5', 'to': 'Chiplet_2', 'connection_type': '2.5d_emib', 'loc': '2.5d_chiplet'},{'from': 'Chiplet_3', 'to': 'Chiplet_4', 'connection_type': '2.5d_emib', 'loc': '2.5d_chiplet'},{'from': 'Chiplet_3', 'to': 'Chiplet_5', 'connection_type': '2.5d_emib', 'loc': '2.5d_chiplet'},{'from': 'Chiplet_2', 'to': 'Chiplet_4', 'connection_type': '2.5d_emib', 'loc': '2.5d_chiplet'},{'from': 'Chiplet_2', 'to': 'Chiplet_5', 'connection_type': '2.5d_emib', 'loc': '2.5d_chiplet'},{'from': 'Chiplet_2', 'to': 'Chiplet_1', 'connection_type': '2.5d_emib', 'loc': '2.5d_chiplet'},{'from': 'Chiplet_2', 'to': 'Chiplet_6', 'connection_type': '2.5d_emib', 'loc': '2.5d_chiplet'},{'from': 'Chiplet_4', 'to': 'Chiplet_3', 'connection_type': '2.5d_emib', 'loc': '2.5d_chiplet'},{'from': 'Chiplet_4', 'to': 'Chiplet_5', 'connection_type': '2.5d_emib', 'loc': '2.5d_chiplet'},{'from': 'Chiplet_4', 'to': 'Chiplet_2', 'connection_type': '2.5d_emib', 'loc': '2.5d_chiplet'},{'from': 'Chiplet_4', 'to': 'Chiplet_6', 'connection_type': '2.5d_emib', 'loc': '2.5d_chiplet'},{'from': 'Chiplet_6', 'to': 'Chiplet_4', 'connection_type': '2.5d_emib', 'loc': '2.5d_chiplet'},{'from': 'Chiplet_6', 'to': 'Chiplet_2', 'connection_type': '2.5d_emib', 'loc': '2.5d_chiplet'}",3,1,1,1,1,1,ddr5,ucie_adv,na,0,0,is,1,0,0
367,25.986650360911263,3630898.78,80654.9259941934,44938721.86559518,20061.616289388356,16448.241819439863,367,4.1253109519999995,10.4826,4096,192x192,7,1.7117881800824635,3.1172648505374996,1536,96x96,10,6.033899457366197,12.973514847541198,2048,192x192,10,1.4141952089375351,1.7054115854749998,512,64x64,14,6.033899457366197,12.973514847541198,2048,192x192,10,0.46559300000000003,1.11875,512,64x64,7,2.5d,"{'from': 'Chiplet_3', 'to': 'Chiplet_5', 'connection_type': '2.5d_rdl', 'loc': '2.5d_chiplet'},{'from': 'Chiplet_3', 'to': 'Chiplet_1', 'connection_type': '2.5d_rdl', 'loc': '2.5d_chiplet'},{'from': 'Chiplet_1', 'to': 'Chiplet_3', 'connection_type': '2.5d_rdl', 'loc': '2.5d_chiplet'},{'from': 'Chiplet_1', 'to': 'Chiplet_2', 'connection_type': '2.5d_rdl', 'loc': '2.5d_chiplet'},{'from': 'Chiplet_5', 'to': 'Chiplet_3', 'connection_type': '2.5d_rdl', 'loc': '2.5d_chiplet'},{'from': 'Chiplet_5', 'to': 'Chiplet_4', 'connection_type': '2.5d_rdl', 'loc': '2.5d_chiplet'},{'from': 'Chiplet_5', 'to': 'Chiplet_2', 'connection_type': '2.5d_rdl', 'loc': '2.5d_chiplet'},{'from': 'Chiplet_2', 'to': 'Chiplet_4', 'connection_type': '2.5d_rdl', 'loc': '2.5d_chiplet'},{'from': 'Chiplet_2', 'to': 'Chiplet_5', 'connection_type': '2.5d_rdl', 'loc': '2.5d_chiplet'},{'from': 'Chiplet_2', 'to': 'Chiplet_1', 'connection_type': '2.5d_rdl', 'loc': '2.5d_chiplet'},{'from': 'Chiplet_2', 'to': 'Chiplet_6', 'connection_type': '2.5d_rdl', 'loc': '2.5d_chiplet'},{'from': 'Chiplet_4', 'to': 'Chiplet_5', 'connection_type': '2.5d_rdl', 'loc': '2.5d_chiplet'},{'from': 'Chiplet_4', 'to': 'Chiplet_2', 'connection_type': '2.5d_rdl', 'loc': '2.5d_chiplet'},{'from': 'Chiplet_4', 'to': 'Chiplet_6', 'connection_type': '2.5d_rdl', 'loc': '2.5d_chiplet'},{'from': 'Chiplet_6', 'to': 'Chiplet_4', 'connection_type': '2.5d_rdl', 'loc': '2.5d_chiplet'},{'from': 'Chiplet_6', 'to': 'Chiplet_2', 'connection_type': '2.5d_rdl', 'loc': '2.5d_chiplet'}",3,1,5,1,5,1,hbm2,ucie_std,na,1,0,is,1,0,0
368,30.881664172763156,3180280.14,85843.13866801636,175626962.54527324,3683.954248366013,5815.999290641669,368,12.799492673176792,15.979573171754398,4096,192x192,14,0.552198,1.11875,768,64x64,7,2.20879254,4.475,3072,128x128,7,0.552198,1.11875,768,64x64,7,0.784712696,2.51875,512,96x96,7,6.033899457366197,12.973514847541198,2048,192x192,10,2.5d,"{'from': 'Chiplet_1', 'to': 'Chiplet_3', 'connection_type': '2.5d_rdl', 'loc': '2.5d_chiplet'},{'from': 'Chiplet_1', 'to': 'Chiplet_6', 'connection_type': '2.5d_rdl', 'loc': '2.5d_chiplet'},{'from': 'Chiplet_6', 'to': 'Chiplet_3', 'connection_type': '2.5d_rdl', 'loc': '2.5d_chiplet'},{'from': 'Chiplet_6', 'to': 'Chiplet_5', 'connection_type': '2.5d_rdl', 'loc': '2.5d_chiplet'},{'from': 'Chiplet_6', 'to': 'Chiplet_1', 'connection_type': '2.5d_rdl', 'loc': '2.5d_chiplet'},{'from': 'Chiplet_3', 'to': 'Chiplet_5', 'connection_type': '2.5d_rdl', 'loc': '2.5d_chiplet'},{'from': 'Chiplet_3', 'to': 'Chiplet_1', 'connection_type': '2.5d_rdl', 'loc': '2.5d_chiplet'},{'from': 'Chiplet_3', 'to': 'Chiplet_2', 'connection_type': '2.5d_rdl', 'loc': '2.5d_chiplet'},{'from': 'Chiplet_3', 'to': 'Chiplet_6', 'connection_type': '2.5d_rdl', 'loc': '2.5d_chiplet'},{'from': 'Chiplet_5', 'to': 'Chiplet_3', 'connection_type': '2.5d_rdl', 'loc': '2.5d_chiplet'},{'from': 'Chiplet_5', 'to': 'Chiplet_4', 'connection_type': '2.5d_rdl', 'loc': '2.5d_chiplet'},{'from': 'Chiplet_5', 'to': 'Chiplet_2', 'connection_type': '2.5d_rdl', 'loc': '2.5d_chiplet'},{'from': 'Chiplet_5', 'to': 'Chiplet_6', 'connection_type': '2.5d_rdl', 'loc': '2.5d_chiplet'},{'from': 'Chiplet_2', 'to': 'Chiplet_3', 'connection_type': '2.5d_rdl', 'loc': '2.5d_chiplet'},{'from': 'Chiplet_2', 'to': 'Chiplet_5', 'connection_type': '2.5d_rdl', 'loc': '2.5d_chiplet'},{'from': 'Chiplet_2', 'to': 'Chiplet_4', 'connection_type': '2.5d_rdl', 'loc': '2.5d_chiplet'},{'from': 'Chiplet_4', 'to': 'Chiplet_5', 'connection_type': '2.5d_rdl', 'loc': '2.5d_chiplet'},{'from': 'Chiplet_4', 'to': 'Chiplet_2', 'connection_type': '2.5d_rdl', 'loc': '2.5d_chiplet'}",3,1,1,1,1,1,ddr4,ucie_std,na,1,0,ws,0,0,0
369,60.95449211403012,6876230.29,126660.95574782537,70405344.3871657,5550.833333333333,6702.600564972436,369,6.033899457366197,12.973514847541198,2048,192x192,10,3.5867297574793953,3.8395579270749995,2048,96x96,14,15.436124909546791,15.979573171754398,8192,192x192,14,1.5385781800824634,3.1172648505374996,1024,96x96,10,0.638803,1.11875,1024,64x64,7,14.117807839976791,15.979573171754398,6144,192x192,14,2.5d_3d,"{'from': 'Chiplet_4', 'to': 'Chiplet_5', 'connection_type': '3d_tsv', 'loc': 'stack0_base'},{'from': 'Chiplet_5', 'to': 'na', 'connection_type': '3d_tsv', 'loc': 'stack0_top'},{'from': 'Chiplet_3', 'to': 'Chiplet_4', 'connection_type': '2.5d_rdl', 'loc': '2.5d_chiplet'},{'from': 'Chiplet_3', 'to': 'Chiplet_1', 'connection_type': '2.5d_rdl', 'loc': '2.5d_chiplet'},{'from': 'Chiplet_3', 'to': 'Chiplet_2', 'connection_type': '2.5d_rdl', 'loc': '2.5d_chiplet'},{'from': 'Chiplet_3', 'to': 'Chiplet_6', 'connection_type': '2.5d_rdl', 'loc': '2.5d_chiplet'},{'from': 'Chiplet_2', 'to': 'Chiplet_4', 'connection_type': '2.5d_rdl', 'loc': '2.5d_chiplet'},{'from': 'Chiplet_2', 'to': 'Chiplet_3', 'connection_type': '2.5d_rdl', 'loc': '2.5d_chiplet'},{'from': 'Chiplet_4', 'to': 'Chiplet_3', 'connection_type': '2.5d_rdl', 'loc': '2.5d_chiplet'},{'from': 'Chiplet_4', 'to': 'Chiplet_2', 'connection_type': '2.5d_rdl', 'loc': '2.5d_chiplet'},{'from': 'Chiplet_6', 'to': 'Chiplet_3', 'connection_type': '2.5d_rdl', 'loc': '2.5d_chiplet'},{'from': 'Chiplet_6', 'to': 'Chiplet_1', 'connection_type': '2.5d_rdl', 'loc': '2.5d_chiplet'},{'from': 'Chiplet_1', 'to': 'Chiplet_3', 'connection_type': '2.5d_rdl', 'loc': '2.5d_chiplet'},{'from': 'Chiplet_1', 'to': 'Chiplet_6', 'connection_type': '2.5d_rdl', 'loc': '2.5d_chiplet'}",2,1,6,1,1,5,hbm2,ucie_std,ucie_3d,1,0,is,0,0,0
370,26.134688929685154,3692174.96,82666.11596192505,58216082.15248335,2084.4594594594596,2617.50894413794,370,0.46559300000000003,1.11875,512,64x64,7,1.249405813087535,1.7054115854749998,256,64x64,14,0.552198,1.11875,768,64x64,7,4.1253109519999995,10.4826,4096,192x192,7,6.726740457366197,12.973514847541198,4096,192x192,10,6.726740457366197,12.973514847541198,4096,192x192,10,2.5d,"{'from': 'Chiplet_5', 'to': 'Chiplet_4', 'connection_type': '2.5d_rdl', 'loc': '2.5d_chiplet'},{'from': 'Chiplet_5', 'to': 'Chiplet_6', 'connection_type': '2.5d_rdl', 'loc': '2.5d_chiplet'},{'from': 'Chiplet_4', 'to': 'Chiplet_5', 'connection_type': '2.5d_rdl', 'loc': '2.5d_chiplet'},{'from': 'Chiplet_4', 'to': 'Chiplet_2', 'connection_type': '2.5d_rdl', 'loc': '2.5d_chiplet'},{'from': 'Chiplet_6', 'to': 'Chiplet_3', 'connection_type': '2.5d_rdl', 'loc': '2.5d_chiplet'},{'from': 'Chiplet_6', 'to': 'Chiplet_5', 'connection_type': '2.5d_rdl', 'loc': '2.5d_chiplet'},{'from': 'Chiplet_6', 'to': 'Chiplet_2', 'connection_type': '2.5d_rdl', 'loc': '2.5d_chiplet'},{'from': 'Chiplet_2', 'to': 'Chiplet_4', 'connection_type': '2.5d_rdl', 'loc': '2.5d_chiplet'},{'from': 'Chiplet_2', 'to': 'Chiplet_1', 'connection_type': '2.5d_rdl', 'loc': '2.5d_chiplet'},{'from': 'Chiplet_2', 'to': 'Chiplet_3', 'connection_type': '2.5d_rdl', 'loc': '2.5d_chiplet'},{'from': 'Chiplet_2', 'to': 'Chiplet_6', 'connection_type': '2.5d_rdl', 'loc': '2.5d_chiplet'},{'from': 'Chiplet_3', 'to': 'Chiplet_1', 'connection_type': '2.5d_rdl', 'loc': '2.5d_chiplet'},{'from': 'Chiplet_3', 'to': 'Chiplet_2', 'connection_type': '2.5d_rdl', 'loc': '2.5d_chiplet'},{'from': 'Chiplet_3', 'to': 'Chiplet_6', 'connection_type': '2.5d_rdl', 'loc': '2.5d_chiplet'},{'from': 'Chiplet_1', 'to': 'Chiplet_3', 'connection_type': '2.5d_rdl', 'loc': '2.5d_chiplet'},{'from': 'Chiplet_1', 'to': 'Chiplet_2', 'connection_type': '2.5d_rdl', 'loc': '2.5d_chiplet'}",1,1,1,3,5,5,hbm2,ucie_std,na,0,0,os,0,0,0
371,66.2656681167348,5884169.1,215974.76790991687,115368529.57731527,11764.59409317,13257.072623647433,371,12.799492673176792,15.979573171754398,4096,192x192,14,0.46559300000000003,1.11875,512,64x64,7,15.436124909546791,15.979573171754398,8192,192x192,14,4.818150952,10.4826,6144,192x192,7,6.315940422320179,6.821646341899999,3072,128x128,14,0.552198,1.11875,768,64x64,7,2.5d,"{'from': 'Chiplet_3', 'to': 'Chiplet_4', 'connection_type': '2.5d_emib', 'loc': '2.5d_chiplet'},{'from': 'Chiplet_3', 'to': 'Chiplet_5', 'connection_type': '2.5d_emib', 'loc': '2.5d_chiplet'},{'from': 'Chiplet_3', 'to': 'Chiplet_1', 'connection_type': '2.5d_emib', 'loc': '2.5d_chiplet'},{'from': 'Chiplet_4', 'to': 'Chiplet_3', 'connection_type': '2.5d_emib', 'loc': '2.5d_chiplet'},{'from': 'Chiplet_4', 'to': 'Chiplet_5', 'connection_type': '2.5d_emib', 'loc': '2.5d_chiplet'},{'from': 'Chiplet_1', 'to': 'Chiplet_3', 'connection_type': '2.5d_emib', 'loc': '2.5d_chiplet'},{'from': 'Chiplet_1', 'to': 'Chiplet_5', 'connection_type': '2.5d_emib', 'loc': '2.5d_chiplet'},{'from': 'Chiplet_1', 'to': 'Chiplet_6', 'connection_type': '2.5d_emib', 'loc': '2.5d_chiplet'},{'from': 'Chiplet_5', 'to': 'Chiplet_3', 'connection_type': '2.5d_emib', 'loc': '2.5d_chiplet'},{'from': 'Chiplet_5', 'to': 'Chiplet_4', 'connection_type': '2.5d_emib', 'loc': '2.5d_chiplet'},{'from': 'Chiplet_5', 'to': 'Chiplet_1', 'connection_type': '2.5d_emib', 'loc': '2.5d_chiplet'},{'from': 'Chiplet_5', 'to': 'Chiplet_2', 'connection_type': '2.5d_emib', 'loc': '2.5d_chiplet'},{'from': 'Chiplet_5', 'to': 'Chiplet_6', 'connection_type': '2.5d_emib', 'loc': '2.5d_chiplet'},{'from': 'Chiplet_6', 'to': 'Chiplet_5', 'connection_type': '2.5d_emib', 'loc': '2.5d_chiplet'},{'from': 'Chiplet_6', 'to': 'Chiplet_1', 'connection_type': '2.5d_emib', 'loc': '2.5d_chiplet'},{'from': 'Chiplet_6', 'to': 'Chiplet_2', 'connection_type': '2.5d_emib', 'loc': '2.5d_chiplet'},{'from': 'Chiplet_2', 'to': 'Chiplet_5', 'connection_type': '2.5d_emib', 'loc': '2.5d_chiplet'},{'from': 'Chiplet_2', 'to': 'Chiplet_6', 'connection_type': '2.5d_emib', 'loc': '2.5d_chiplet'}",2,1,2,1,1,1,ddr5,bow,na,1,0,is,1,0,0
372,27.872735736232816,4300628.89,95980.38291918937,48496851.98420084,9007.090251247568,7305.883735080453,372,5.5109919519999995,10.4826,8192,192x192,7,4.818150952,10.4826,6144,192x192,7,1.4141952089375351,1.7054115854749998,512,64x64,14,2.20879254,4.475,3072,128x128,7,3.432469952,10.4826,2048,192x192,7,0.638803,1.11875,1024,64x64,7,2.5d,"{'from': 'Chiplet_1', 'to': 'Chiplet_4', 'connection_type': '2.5d_rdl', 'loc': '2.5d_chiplet'},{'from': 'Chiplet_1', 'to': 'Chiplet_5', 'connection_type': '2.5d_rdl', 'loc': '2.5d_chiplet'},{'from': 'Chiplet_1', 'to': 'Chiplet_3', 'connection_type': '2.5d_rdl', 'loc': '2.5d_chiplet'},{'from': 'Chiplet_1', 'to': 'Chiplet_2', 'connection_type': '2.5d_rdl', 'loc': '2.5d_chiplet'},{'from': 'Chiplet_4', 'to': 'Chiplet_3', 'connection_type': '2.5d_rdl', 'loc': '2.5d_chiplet'},{'from': 'Chiplet_4', 'to': 'Chiplet_1', 'connection_type': '2.5d_rdl', 'loc': '2.5d_chiplet'},{'from': 'Chiplet_3', 'to': 'Chiplet_4', 'connection_type': '2.5d_rdl', 'loc': '2.5d_chiplet'},{'from': 'Chiplet_3', 'to': 'Chiplet_1', 'connection_type': '2.5d_rdl', 'loc': '2.5d_chiplet'},{'from': 'Chiplet_2', 'to': 'Chiplet_5', 'connection_type': '2.5d_rdl', 'loc': '2.5d_chiplet'},{'from': 'Chiplet_2', 'to': 'Chiplet_1', 'connection_type': '2.5d_rdl', 'loc': '2.5d_chiplet'},{'from': 'Chiplet_2', 'to': 'Chiplet_6', 'connection_type': '2.5d_rdl', 'loc': '2.5d_chiplet'},{'from': 'Chiplet_5', 'to': 'Chiplet_1', 'connection_type': '2.5d_rdl', 'loc': '2.5d_chiplet'},{'from': 'Chiplet_5', 'to': 'Chiplet_2', 'connection_type': '2.5d_rdl', 'loc': '2.5d_chiplet'},{'from': 'Chiplet_5', 'to': 'Chiplet_6', 'connection_type': '2.5d_rdl', 'loc': '2.5d_chiplet'},{'from': 'Chiplet_6', 'to': 'Chiplet_5', 'connection_type': '2.5d_rdl', 'loc': '2.5d_chiplet'},{'from': 'Chiplet_6', 'to': 'Chiplet_2', 'connection_type': '2.5d_rdl', 'loc': '2.5d_chiplet'}",5,4,1,2,3,1,hbm3,ucie_std,na,0,0,is,1,0,0
373,42.23543781849995,4704149.74,206379.55590040787,177688315.38464245,3243.954248366013,6470.456968598941,373,3.432469952,10.4826,2048,192x192,7,1.3653681800824635,3.1172648505374996,512,96x96,10,11.481175603606792,15.979573171754398,2048,192x192,14,5.5109919519999995,10.4826,8192,192x192,7,4.9976252555201786,6.821646341899999,1024,128x128,14,5.656782838920179,6.821646341899999,2048,128x128,14,2.5d,"{'from': 'Chiplet_3', 'to': 'Chiplet_4', 'connection_type': '2.5d_emib', 'loc': '2.5d_chiplet'},{'from': 'Chiplet_3', 'to': 'Chiplet_1', 'connection_type': '2.5d_emib', 'loc': '2.5d_chiplet'},{'from': 'Chiplet_3', 'to': 'Chiplet_2', 'connection_type': '2.5d_emib', 'loc': '2.5d_chiplet'},{'from': 'Chiplet_3', 'to': 'Chiplet_6', 'connection_type': '2.5d_emib', 'loc': '2.5d_chiplet'},{'from': 'Chiplet_1', 'to': 'Chiplet_3', 'connection_type': '2.5d_emib', 'loc': '2.5d_chiplet'},{'from': 'Chiplet_1', 'to': 'Chiplet_2', 'connection_type': '2.5d_emib', 'loc': '2.5d_chiplet'},{'from': 'Chiplet_2', 'to': 'Chiplet_3', 'connection_type': '2.5d_emib', 'loc': '2.5d_chiplet'},{'from': 'Chiplet_2', 'to': 'Chiplet_1', 'connection_type': '2.5d_emib', 'loc': '2.5d_chiplet'},{'from': 'Chiplet_6', 'to': 'Chiplet_3', 'connection_type': '2.5d_emib', 'loc': '2.5d_chiplet'},{'from': 'Chiplet_6', 'to': 'Chiplet_5', 'connection_type': '2.5d_emib', 'loc': '2.5d_chiplet'},{'from': 'Chiplet_6', 'to': 'Chiplet_4', 'connection_type': '2.5d_emib', 'loc': '2.5d_chiplet'},{'from': 'Chiplet_4', 'to': 'Chiplet_3', 'connection_type': '2.5d_emib', 'loc': '2.5d_chiplet'},{'from': 'Chiplet_4', 'to': 'Chiplet_5', 'connection_type': '2.5d_emib', 'loc': '2.5d_chiplet'},{'from': 'Chiplet_4', 'to': 'Chiplet_6', 'connection_type': '2.5d_emib', 'loc': '2.5d_chiplet'},{'from': 'Chiplet_5', 'to': 'Chiplet_4', 'connection_type': '2.5d_emib', 'loc': '2.5d_chiplet'},{'from': 'Chiplet_5', 'to': 'Chiplet_6', 'connection_type': '2.5d_emib', 'loc': '2.5d_chiplet'}",1,1,3,1,1,1,ddr4,aib,na,0,0,os,0,0,0
374,18.697955565149844,2922576.11,60540.82882863481,38170498.26907342,5135.209385209385,3664.7060519692322,374,2.6264880905479133,5.538366334949999,1024,128x128,10,1.8849981800824636,3.1172648505374996,2048,96x96,10,3.3193280905479132,5.538366334949999,3072,128x128,10,6.033899457366197,12.973514847541198,2048,192x192,10,0.784712696,2.51875,512,96x96,7,1.578984604787535,1.7054115854749998,768,64x64,14,2.5d_3d,"{'from': 'Chiplet_4', 'to': 'Chiplet_3', 'connection_type': '3d_tsv', 'loc': 'stack0_base'},{'from': 'Chiplet_3', 'to': 'na', 'connection_type': '3d_tsv', 'loc': 'stack0_top'},{'from': 'Chiplet_4', 'to': 'Chiplet_5', 'connection_type': '2.5d_rdl', 'loc': '2.5d_chiplet'},{'from': 'Chiplet_4', 'to': 'Chiplet_1', 'connection_type': '2.5d_rdl', 'loc': '2.5d_chiplet'},{'from': 'Chiplet_4', 'to': 'Chiplet_2', 'connection_type': '2.5d_rdl', 'loc': '2.5d_chiplet'},{'from': 'Chiplet_5', 'to': 'Chiplet_4', 'connection_type': '2.5d_rdl', 'loc': '2.5d_chiplet'},{'from': 'Chiplet_5', 'to': 'Chiplet_2', 'connection_type': '2.5d_rdl', 'loc': '2.5d_chiplet'},{'from': 'Chiplet_1', 'to': 'Chiplet_4', 'connection_type': '2.5d_rdl', 'loc': '2.5d_chiplet'},{'from': 'Chiplet_1', 'to': 'Chiplet_2', 'connection_type': '2.5d_rdl', 'loc': '2.5d_chiplet'},{'from': 'Chiplet_1', 'to': 'Chiplet_6', 'connection_type': '2.5d_rdl', 'loc': '2.5d_chiplet'},{'from': 'Chiplet_2', 'to': 'Chiplet_4', 'connection_type': '2.5d_rdl', 'loc': '2.5d_chiplet'},{'from': 'Chiplet_2', 'to': 'Chiplet_5', 'connection_type': '2.5d_rdl', 'loc': '2.5d_chiplet'},{'from': 'Chiplet_2', 'to': 'Chiplet_1', 'connection_type': '2.5d_rdl', 'loc': '2.5d_chiplet'},{'from': 'Chiplet_2', 'to': 'Chiplet_6', 'connection_type': '2.5d_rdl', 'loc': '2.5d_chiplet'},{'from': 'Chiplet_6', 'to': 'Chiplet_1', 'connection_type': '2.5d_rdl', 'loc': '2.5d_chiplet'},{'from': 'Chiplet_6', 'to': 'Chiplet_2', 'connection_type': '2.5d_rdl', 'loc': '2.5d_chiplet'}",3,2,3,6,1,1,hbm3,ucie_std,ucie_3d,0,0,is,0,0,0
375,35.93491816189551,4913440.21,173273.28521710224,139221259.08505386,2175.4939536113134,4460.700052504956,375,4.1253109519999995,10.4826,4096,192x192,7,2.927572174079395,3.8395579270749995,1024,96x96,14,1.4141952089375351,1.7054115854749998,512,64x64,14,8.112421457366196,12.973514847541198,8192,192x192,10,8.112421457366196,12.973514847541198,8192,192x192,10,2.6264880905479133,5.538366334949999,1024,128x128,10,2.5d_3d,"{'from': 'Chiplet_5', 'to': 'Chiplet_2', 'connection_type': '3d_hyb_bond', 'loc': 'stack0_base'},{'from': 'Chiplet_2', 'to': 'na', 'connection_type': '3d_hyb_bond', 'loc': 'stack0_top'},{'from': 'Chiplet_4', 'to': 'Chiplet_5', 'connection_type': '2.5d_emib', 'loc': '2.5d_chiplet'},{'from': 'Chiplet_4', 'to': 'Chiplet_1', 'connection_type': '2.5d_emib', 'loc': '2.5d_chiplet'},{'from': 'Chiplet_1', 'to': 'Chiplet_4', 'connection_type': '2.5d_emib', 'loc': '2.5d_chiplet'},{'from': 'Chiplet_1', 'to': 'Chiplet_6', 'connection_type': '2.5d_emib', 'loc': '2.5d_chiplet'},{'from': 'Chiplet_5', 'to': 'Chiplet_4', 'connection_type': '2.5d_emib', 'loc': '2.5d_chiplet'},{'from': 'Chiplet_5', 'to': 'Chiplet_3', 'connection_type': '2.5d_emib', 'loc': '2.5d_chiplet'},{'from': 'Chiplet_5', 'to': 'Chiplet_6', 'connection_type': '2.5d_emib', 'loc': '2.5d_chiplet'},{'from': 'Chiplet_6', 'to': 'Chiplet_3', 'connection_type': '2.5d_emib', 'loc': '2.5d_chiplet'},{'from': 'Chiplet_6', 'to': 'Chiplet_5', 'connection_type': '2.5d_emib', 'loc': '2.5d_chiplet'},{'from': 'Chiplet_6', 'to': 'Chiplet_1', 'connection_type': '2.5d_emib', 'loc': '2.5d_chiplet'},{'from': 'Chiplet_3', 'to': 'Chiplet_5', 'connection_type': '2.5d_emib', 'loc': '2.5d_chiplet'},{'from': 'Chiplet_3', 'to': 'Chiplet_6', 'connection_type': '2.5d_emib', 'loc': '2.5d_chiplet'}",1,1,1,2,2,1,ddr5,bow,ucie_3d,1,0,os,0,0,0
376,17.489456384089472,2534975.83,63837.38653274282,45288793.83533977,46087.85231815359,21287.79324819068,376,6.975099908490179,6.821646341899999,4096,128x128,14,0.957922696,2.51875,1024,96x96,7,0.829831759447044,1.3845915837374998,768,64x64,10,1.86237254,4.475,2048,128x128,7,1.86237254,4.475,2048,128x128,7,1.86237254,4.475,2048,128x128,7,2.5d,"{'from': 'Chiplet_1', 'to': 'Chiplet_4', 'connection_type': '2.5d_rdl', 'loc': '2.5d_chiplet'},{'from': 'Chiplet_1', 'to': 'Chiplet_5', 'connection_type': '2.5d_rdl', 'loc': '2.5d_chiplet'},{'from': 'Chiplet_4', 'to': 'Chiplet_5', 'connection_type': '2.5d_rdl', 'loc': '2.5d_chiplet'},{'from': 'Chiplet_4', 'to': 'Chiplet_1', 'connection_type': '2.5d_rdl', 'loc': '2.5d_chiplet'},{'from': 'Chiplet_4', 'to': 'Chiplet_6', 'connection_type': '2.5d_rdl', 'loc': '2.5d_chiplet'},{'from': 'Chiplet_6', 'to': 'Chiplet_4', 'connection_type': '2.5d_rdl', 'loc': '2.5d_chiplet'},{'from': 'Chiplet_6', 'to': 'Chiplet_2', 'connection_type': '2.5d_rdl', 'loc': '2.5d_chiplet'},{'from': 'Chiplet_5', 'to': 'Chiplet_3', 'connection_type': '2.5d_rdl', 'loc': '2.5d_chiplet'},{'from': 'Chiplet_5', 'to': 'Chiplet_4', 'connection_type': '2.5d_rdl', 'loc': '2.5d_chiplet'},{'from': 'Chiplet_5', 'to': 'Chiplet_1', 'connection_type': '2.5d_rdl', 'loc': '2.5d_chiplet'},{'from': 'Chiplet_5', 'to': 'Chiplet_2', 'connection_type': '2.5d_rdl', 'loc': '2.5d_chiplet'},{'from': 'Chiplet_2', 'to': 'Chiplet_3', 'connection_type': '2.5d_rdl', 'loc': '2.5d_chiplet'},{'from': 'Chiplet_2', 'to': 'Chiplet_5', 'connection_type': '2.5d_rdl', 'loc': '2.5d_chiplet'},{'from': 'Chiplet_2', 'to': 'Chiplet_6', 'connection_type': '2.5d_rdl', 'loc': '2.5d_chiplet'},{'from': 'Chiplet_3', 'to': 'Chiplet_5', 'connection_type': '2.5d_rdl', 'loc': '2.5d_chiplet'},{'from': 'Chiplet_3', 'to': 'Chiplet_2', 'connection_type': '2.5d_rdl', 'loc': '2.5d_chiplet'}",8,1,1,2,2,2,hbm2,ucie_std,na,0,0,ws,1,0,0
377,17.236285508794708,2620280.52,113852.5596785378,45088607.31417473,4898.56153219234,2894.819999082836,377,5.656782838920179,6.821646341899999,2048,128x128,14,0.957922696,2.51875,1024,96x96,7,3.5867297574793953,3.8395579270749995,2048,96x96,14,1.249405813087535,1.7054115854749998,256,64x64,14,3.665749090547913,5.538366334949999,4096,128x128,10,1.131132696,2.51875,1536,96x96,7,2.5d_3d,"{'from': 'Chiplet_3', 'to': 'Chiplet_4', 'connection_type': '3d_tsv', 'loc': 'stack0_base'},{'from': 'Chiplet_4', 'to': 'Chiplet_2', 'connection_type': '3d_tsv', 'loc': 'stack0_middle1'},{'from': 'Chiplet_2', 'to': 'na', 'connection_type': '3d_tsv', 'loc': 'stack0_top'},{'from': 'Chiplet_1', 'to': 'Chiplet_3', 'connection_type': '2.5d_emib', 'loc': '2.5d_chiplet'},{'from': 'Chiplet_1', 'to': 'Chiplet_5', 'connection_type': '2.5d_emib', 'loc': '2.5d_chiplet'},{'from': 'Chiplet_1', 'to': 'Chiplet_6', 'connection_type': '2.5d_emib', 'loc': '2.5d_chiplet'},{'from': 'Chiplet_6', 'to': 'Chiplet_3', 'connection_type': '2.5d_emib', 'loc': '2.5d_chiplet'},{'from': 'Chiplet_6', 'to': 'Chiplet_1', 'connection_type': '2.5d_emib', 'loc': '2.5d_chiplet'},{'from': 'Chiplet_5', 'to': 'Chiplet_3', 'connection_type': '2.5d_emib', 'loc': '2.5d_chiplet'},{'from': 'Chiplet_5', 'to': 'Chiplet_1', 'connection_type': '2.5d_emib', 'loc': '2.5d_chiplet'},{'from': 'Chiplet_3', 'to': 'Chiplet_5', 'connection_type': '2.5d_emib', 'loc': '2.5d_chiplet'},{'from': 'Chiplet_3', 'to': 'Chiplet_1', 'connection_type': '2.5d_emib', 'loc': '2.5d_chiplet'},{'from': 'Chiplet_3', 'to': 'Chiplet_6', 'connection_type': '2.5d_emib', 'loc': '2.5d_chiplet'}",6,1,3,1,4,1,hbm3,ucie_adv,ucie_3d,1,0,os,0,0,0
378,23.890833710378285,3159709.79,84897.10664590697,182156617.7197914,2934.16339869281,5118.633274657161,378,0.784712696,2.51875,512,96x96,7,4.1253109519999995,10.4826,4096,192x192,7,2.55521354,4.475,4096,128x128,7,5.5109919519999995,10.4826,8192,192x192,7,1.8849981800824636,3.1172648505374996,2048,96x96,10,1.743774000637535,1.7054115854749998,1024,64x64,14,2.5d,"{'from': 'Chiplet_4', 'to': 'Chiplet_3', 'connection_type': '2.5d_rdl', 'loc': '2.5d_chiplet'},{'from': 'Chiplet_4', 'to': 'Chiplet_5', 'connection_type': '2.5d_rdl', 'loc': '2.5d_chiplet'},{'from': 'Chiplet_4', 'to': 'Chiplet_1', 'connection_type': '2.5d_rdl', 'loc': '2.5d_chiplet'},{'from': 'Chiplet_4', 'to': 'Chiplet_2', 'connection_type': '2.5d_rdl', 'loc': '2.5d_chiplet'},{'from': 'Chiplet_5', 'to': 'Chiplet_4', 'connection_type': '2.5d_rdl', 'loc': '2.5d_chiplet'},{'from': 'Chiplet_5', 'to': 'Chiplet_1', 'connection_type': '2.5d_rdl', 'loc': '2.5d_chiplet'},{'from': 'Chiplet_1', 'to': 'Chiplet_4', 'connection_type': '2.5d_rdl', 'loc': '2.5d_chiplet'},{'from': 'Chiplet_1', 'to': 'Chiplet_5', 'connection_type': '2.5d_rdl', 'loc': '2.5d_chiplet'},{'from': 'Chiplet_2', 'to': 'Chiplet_4', 'connection_type': '2.5d_rdl', 'loc': '2.5d_chiplet'},{'from': 'Chiplet_2', 'to': 'Chiplet_3', 'connection_type': '2.5d_rdl', 'loc': '2.5d_chiplet'},{'from': 'Chiplet_2', 'to': 'Chiplet_6', 'connection_type': '2.5d_rdl', 'loc': '2.5d_chiplet'},{'from': 'Chiplet_3', 'to': 'Chiplet_4', 'connection_type': '2.5d_rdl', 'loc': '2.5d_chiplet'},{'from': 'Chiplet_3', 'to': 'Chiplet_2', 'connection_type': '2.5d_rdl', 'loc': '2.5d_chiplet'},{'from': 'Chiplet_3', 'to': 'Chiplet_6', 'connection_type': '2.5d_rdl', 'loc': '2.5d_chiplet'},{'from': 'Chiplet_6', 'to': 'Chiplet_3', 'connection_type': '2.5d_rdl', 'loc': '2.5d_chiplet'},{'from': 'Chiplet_6', 'to': 'Chiplet_2', 'connection_type': '2.5d_rdl', 'loc': '2.5d_chiplet'}",1,2,1,2,1,1,ddr4,ucie_std,na,0,0,os,0,0,0
379,15.400815663630087,3092286.47,81373.55492391385,127802674.84085272,2982.372549019608,4188.019360851722,379,1.86237254,4.475,2048,128x128,7,3.432469952,10.4826,2048,192x192,7,5.5109919519999995,10.4826,8192,192x192,7,2.597993382379395,3.8395579270749995,512,96x96,14,1.8849981800824636,3.1172648505374996,2048,96x96,10,0.378988,1.11875,256,64x64,7,2.5d_3d,"{'from': 'Chiplet_4', 'to': 'Chiplet_5', 'connection_type': '3d_hyb_bond', 'loc': 'stack0_base'},{'from': 'Chiplet_5', 'to': 'Chiplet_1', 'connection_type': '3d_hyb_bond', 'loc': 'stack0_middle1'},{'from': 'Chiplet_1', 'to': 'na', 'connection_type': '3d_hyb_bond', 'loc': 'stack0_top'},{'from': 'Chiplet_3', 'to': 'Chiplet_4', 'connection_type': '2.5d_rdl', 'loc': '2.5d_chiplet'},{'from': 'Chiplet_3', 'to': 'Chiplet_2', 'connection_type': '2.5d_rdl', 'loc': '2.5d_chiplet'},{'from': 'Chiplet_3', 'to': 'Chiplet_6', 'connection_type': '2.5d_rdl', 'loc': '2.5d_chiplet'},{'from': 'Chiplet_6', 'to': 'Chiplet_4', 'connection_type': '2.5d_rdl', 'loc': '2.5d_chiplet'},{'from': 'Chiplet_6', 'to': 'Chiplet_3', 'connection_type': '2.5d_rdl', 'loc': '2.5d_chiplet'},{'from': 'Chiplet_2', 'to': 'Chiplet_3', 'connection_type': '2.5d_rdl', 'loc': '2.5d_chiplet'},{'from': 'Chiplet_2', 'to': 'Chiplet_4', 'connection_type': '2.5d_rdl', 'loc': '2.5d_chiplet'},{'from': 'Chiplet_4', 'to': 'Chiplet_3', 'connection_type': '2.5d_rdl', 'loc': '2.5d_chiplet'},{'from': 'Chiplet_4', 'to': 'Chiplet_2', 'connection_type': '2.5d_rdl', 'loc': '2.5d_chiplet'},{'from': 'Chiplet_4', 'to': 'Chiplet_6', 'connection_type': '2.5d_rdl', 'loc': '2.5d_chiplet'}",1,1,3,1,1,1,ddr5,ucie_std,ucie_3d,0,0,ws,0,0,0
380,59.838047822395076,6149786.61,121739.54226750805,60725504.48636356,2843.713878713879,3871.688160568538,380,15.436124909546791,15.979573171754398,8192,192x192,14,3.3193280905479132,5.538366334949999,3072,128x128,10,0.46559300000000003,1.11875,512,64x64,7,0.46559300000000003,1.11875,512,64x64,7,14.117807839976791,15.979573171754398,6144,192x192,14,6.033899457366197,12.973514847541198,2048,192x192,10,2.5d,"{'from': 'Chiplet_1', 'to': 'Chiplet_3', 'connection_type': '2.5d_rdl', 'loc': '2.5d_chiplet'},{'from': 'Chiplet_1', 'to': 'Chiplet_5', 'connection_type': '2.5d_rdl', 'loc': '2.5d_chiplet'},{'from': 'Chiplet_1', 'to': 'Chiplet_2', 'connection_type': '2.5d_rdl', 'loc': '2.5d_chiplet'},{'from': 'Chiplet_1', 'to': 'Chiplet_6', 'connection_type': '2.5d_rdl', 'loc': '2.5d_chiplet'},{'from': 'Chiplet_2', 'to': 'Chiplet_3', 'connection_type': '2.5d_rdl', 'loc': '2.5d_chiplet'},{'from': 'Chiplet_2', 'to': 'Chiplet_4', 'connection_type': '2.5d_rdl', 'loc': '2.5d_chiplet'},{'from': 'Chiplet_2', 'to': 'Chiplet_1', 'connection_type': '2.5d_rdl', 'loc': '2.5d_chiplet'},{'from': 'Chiplet_3', 'to': 'Chiplet_4', 'connection_type': '2.5d_rdl', 'loc': '2.5d_chiplet'},{'from': 'Chiplet_3', 'to': 'Chiplet_1', 'connection_type': '2.5d_rdl', 'loc': '2.5d_chiplet'},{'from': 'Chiplet_3', 'to': 'Chiplet_2', 'connection_type': '2.5d_rdl', 'loc': '2.5d_chiplet'},{'from': 'Chiplet_4', 'to': 'Chiplet_3', 'connection_type': '2.5d_rdl', 'loc': '2.5d_chiplet'},{'from': 'Chiplet_4', 'to': 'Chiplet_2', 'connection_type': '2.5d_rdl', 'loc': '2.5d_chiplet'},{'from': 'Chiplet_5', 'to': 'Chiplet_1', 'connection_type': '2.5d_rdl', 'loc': '2.5d_chiplet'},{'from': 'Chiplet_5', 'to': 'Chiplet_6', 'connection_type': '2.5d_rdl', 'loc': '2.5d_chiplet'},{'from': 'Chiplet_6', 'to': 'Chiplet_5', 'connection_type': '2.5d_rdl', 'loc': '2.5d_chiplet'},{'from': 'Chiplet_6', 'to': 'Chiplet_1', 'connection_type': '2.5d_rdl', 'loc': '2.5d_chiplet'}",6,1,1,1,5,2,hbm3,ucie_std,na,0,0,ws,0,0,0
381,14.806024648197099,3888549.25,98023.84153430481,48269922.8057797,3375.6940639269405,3799.0724522638416,381,1.5385781800824634,3.1172648505374996,1024,96x96,10,5.656782838920179,6.821646341899999,2048,128x128,14,3.432469952,10.4826,2048,192x192,7,3.432469952,10.4826,2048,192x192,7,2.6264880905479133,5.538366334949999,1024,128x128,10,3.432469952,10.4826,2048,192x192,7,2.5d_3d,"{'from': 'Chiplet_6', 'to': 'Chiplet_3', 'connection_type': '3d_u_bump', 'loc': 'stack0_base'},{'from': 'Chiplet_3', 'to': 'Chiplet_4', 'connection_type': '3d_u_bump', 'loc': 'stack0_middle1'},{'from': 'Chiplet_4', 'to': 'Chiplet_1', 'connection_type': '3d_u_bump', 'loc': 'stack0_middle2'},{'from': 'Chiplet_1', 'to': 'na', 'connection_type': '3d_u_bump', 'loc': 'stack0_top'},{'from': 'Chiplet_2', 'to': 'Chiplet_5', 'connection_type': '2.5d_rdl', 'loc': '2.5d_chiplet'},{'from': 'Chiplet_2', 'to': 'Chiplet_6', 'connection_type': '2.5d_rdl', 'loc': '2.5d_chiplet'},{'from': 'Chiplet_6', 'to': 'Chiplet_5', 'connection_type': '2.5d_rdl', 'loc': '2.5d_chiplet'},{'from': 'Chiplet_6', 'to': 'Chiplet_2', 'connection_type': '2.5d_rdl', 'loc': '2.5d_chiplet'},{'from': 'Chiplet_5', 'to': 'Chiplet_2', 'connection_type': '2.5d_rdl', 'loc': '2.5d_chiplet'},{'from': 'Chiplet_5', 'to': 'Chiplet_6', 'connection_type': '2.5d_rdl', 'loc': '2.5d_chiplet'}",1,4,3,3,2,3,hbm2,ucie_std,ucie_3d,1,0,is,0,0,0
382,40.23264039832123,4768715.0,188838.9405530195,46849113.32761529,8610.01620653137,7790.654748300383,382,1.7117881800824635,3.1172648505374996,1536,96x96,10,7.419580457366196,12.973514847541198,6144,192x192,10,1.86237254,4.475,2048,128x128,7,12.799492673176792,15.979573171754398,4096,192x192,14,1.743774000637535,1.7054115854749998,1024,64x64,14,2.972908090547913,5.538366334949999,2048,128x128,10,2.5d,"{'from': 'Chiplet_4', 'to': 'Chiplet_1', 'connection_type': '2.5d_emib', 'loc': '2.5d_chiplet'},{'from': 'Chiplet_4', 'to': 'Chiplet_2', 'connection_type': '2.5d_emib', 'loc': '2.5d_chiplet'},{'from': 'Chiplet_4', 'to': 'Chiplet_6', 'connection_type': '2.5d_emib', 'loc': '2.5d_chiplet'},{'from': 'Chiplet_1', 'to': 'Chiplet_4', 'connection_type': '2.5d_emib', 'loc': '2.5d_chiplet'},{'from': 'Chiplet_1', 'to': 'Chiplet_6', 'connection_type': '2.5d_emib', 'loc': '2.5d_chiplet'},{'from': 'Chiplet_2', 'to': 'Chiplet_4', 'connection_type': '2.5d_emib', 'loc': '2.5d_chiplet'},{'from': 'Chiplet_2', 'to': 'Chiplet_3', 'connection_type': '2.5d_emib', 'loc': '2.5d_chiplet'},{'from': 'Chiplet_2', 'to': 'Chiplet_6', 'connection_type': '2.5d_emib', 'loc': '2.5d_chiplet'},{'from': 'Chiplet_6', 'to': 'Chiplet_4', 'connection_type': '2.5d_emib', 'loc': '2.5d_chiplet'},{'from': 'Chiplet_6', 'to': 'Chiplet_3', 'connection_type': '2.5d_emib', 'loc': '2.5d_chiplet'},{'from': 'Chiplet_6', 'to': 'Chiplet_1', 'connection_type': '2.5d_emib', 'loc': '2.5d_chiplet'},{'from': 'Chiplet_6', 'to': 'Chiplet_2', 'connection_type': '2.5d_emib', 'loc': '2.5d_chiplet'},{'from': 'Chiplet_6', 'to': 'Chiplet_5', 'connection_type': '2.5d_emib', 'loc': '2.5d_chiplet'},{'from': 'Chiplet_3', 'to': 'Chiplet_5', 'connection_type': '2.5d_emib', 'loc': '2.5d_chiplet'},{'from': 'Chiplet_3', 'to': 'Chiplet_2', 'connection_type': '2.5d_emib', 'loc': '2.5d_chiplet'},{'from': 'Chiplet_3', 'to': 'Chiplet_6', 'connection_type': '2.5d_emib', 'loc': '2.5d_chiplet'},{'from': 'Chiplet_5', 'to': 'Chiplet_3', 'connection_type': '2.5d_emib', 'loc': '2.5d_chiplet'},{'from': 'Chiplet_5', 'to': 'Chiplet_6', 'connection_type': '2.5d_emib', 'loc': '2.5d_chiplet'}",1,4,1,7,1,2,hbm3,bow,na,0,0,is,1,0,0
383,18.355889826714883,2420763.09,56218.0462595372,50731954.06868811,3210.0,2409.678553979168,383,2.927572174079395,3.8395579270749995,1024,96x96,14,2.6264880905479133,5.538366334949999,1024,128x128,10,1.86237254,4.475,2048,128x128,7,1.8849981800824636,3.1172648505374996,2048,96x96,10,1.131132696,2.51875,1536,96x96,7,3.3193280905479132,5.538366334949999,3072,128x128,10,2.5d,"{'from': 'Chiplet_6', 'to': 'Chiplet_4', 'connection_type': '2.5d_rdl', 'loc': '2.5d_chiplet'},{'from': 'Chiplet_6', 'to': 'Chiplet_1', 'connection_type': '2.5d_rdl', 'loc': '2.5d_chiplet'},{'from': 'Chiplet_6', 'to': 'Chiplet_3', 'connection_type': '2.5d_rdl', 'loc': '2.5d_chiplet'},{'from': 'Chiplet_4', 'to': 'Chiplet_3', 'connection_type': '2.5d_rdl', 'loc': '2.5d_chiplet'},{'from': 'Chiplet_4', 'to': 'Chiplet_6', 'connection_type': '2.5d_rdl', 'loc': '2.5d_chiplet'},{'from': 'Chiplet_3', 'to': 'Chiplet_4', 'connection_type': '2.5d_rdl', 'loc': '2.5d_chiplet'},{'from': 'Chiplet_3', 'to': 'Chiplet_6', 'connection_type': '2.5d_rdl', 'loc': '2.5d_chiplet'},{'from': 'Chiplet_1', 'to': 'Chiplet_5', 'connection_type': '2.5d_rdl', 'loc': '2.5d_chiplet'},{'from': 'Chiplet_1', 'to': 'Chiplet_2', 'connection_type': '2.5d_rdl', 'loc': '2.5d_chiplet'},{'from': 'Chiplet_1', 'to': 'Chiplet_6', 'connection_type': '2.5d_rdl', 'loc': '2.5d_chiplet'},{'from': 'Chiplet_2', 'to': 'Chiplet_5', 'connection_type': '2.5d_rdl', 'loc': '2.5d_chiplet'},{'from': 'Chiplet_2', 'to': 'Chiplet_1', 'connection_type': '2.5d_rdl', 'loc': '2.5d_chiplet'},{'from': 'Chiplet_5', 'to': 'Chiplet_1', 'connection_type': '2.5d_rdl', 'loc': '2.5d_chiplet'},{'from': 'Chiplet_5', 'to': 'Chiplet_2', 'connection_type': '2.5d_rdl', 'loc': '2.5d_chiplet'}",4,3,2,2,1,4,hbm2,ucie_std,na,1,0,os,0,0,0
384,41.29891958751059,4674093.45,95270.76564338872,45105129.680873364,8372.365205684795,7696.369776743773,384,5.656782838920179,6.821646341899999,2048,128x128,14,1.131132696,2.51875,1536,96x96,7,8.112421457366196,12.973514847541198,8192,192x192,10,6.726740457366197,12.973514847541198,4096,192x192,10,0.957922696,2.51875,1024,96x96,7,4.9976252555201786,6.821646341899999,1024,128x128,14,2.5d,"{'from': 'Chiplet_3', 'to': 'Chiplet_4', 'connection_type': '2.5d_rdl', 'loc': '2.5d_chiplet'},{'from': 'Chiplet_3', 'to': 'Chiplet_5', 'connection_type': '2.5d_rdl', 'loc': '2.5d_chiplet'},{'from': 'Chiplet_3', 'to': 'Chiplet_1', 'connection_type': '2.5d_rdl', 'loc': '2.5d_chiplet'},{'from': 'Chiplet_3', 'to': 'Chiplet_6', 'connection_type': '2.5d_rdl', 'loc': '2.5d_chiplet'},{'from': 'Chiplet_6', 'to': 'Chiplet_3', 'connection_type': '2.5d_rdl', 'loc': '2.5d_chiplet'},{'from': 'Chiplet_6', 'to': 'Chiplet_5', 'connection_type': '2.5d_rdl', 'loc': '2.5d_chiplet'},{'from': 'Chiplet_5', 'to': 'Chiplet_3', 'connection_type': '2.5d_rdl', 'loc': '2.5d_chiplet'},{'from': 'Chiplet_5', 'to': 'Chiplet_6', 'connection_type': '2.5d_rdl', 'loc': '2.5d_chiplet'},{'from': 'Chiplet_4', 'to': 'Chiplet_3', 'connection_type': '2.5d_rdl', 'loc': '2.5d_chiplet'},{'from': 'Chiplet_4', 'to': 'Chiplet_1', 'connection_type': '2.5d_rdl', 'loc': '2.5d_chiplet'},{'from': 'Chiplet_4', 'to': 'Chiplet_2', 'connection_type': '2.5d_rdl', 'loc': '2.5d_chiplet'},{'from': 'Chiplet_1', 'to': 'Chiplet_3', 'connection_type': '2.5d_rdl', 'loc': '2.5d_chiplet'},{'from': 'Chiplet_1', 'to': 'Chiplet_4', 'connection_type': '2.5d_rdl', 'loc': '2.5d_chiplet'},{'from': 'Chiplet_1', 'to': 'Chiplet_2', 'connection_type': '2.5d_rdl', 'loc': '2.5d_chiplet'},{'from': 'Chiplet_2', 'to': 'Chiplet_4', 'connection_type': '2.5d_rdl', 'loc': '2.5d_chiplet'},{'from': 'Chiplet_2', 'to': 'Chiplet_1', 'connection_type': '2.5d_rdl', 'loc': '2.5d_chiplet'}",3,1,4,4,1,3,hbm3,ucie_std,na,0,0,os,1,0,0
385,16.59843995481411,1923811.26,154194.6626324981,138426112.9370121,4330.498145204027,4114.441902155893,385,0.916436759447044,1.3845915837374998,1024,64x64,10,0.829831759447044,1.3845915837374998,768,64x64,10,6.975099908490179,6.821646341899999,4096,128x128,14,1.304342696,2.51875,2048,96x96,7,1.86237254,4.475,2048,128x128,7,1.5385781800824634,3.1172648505374996,1024,96x96,10,2.5d,"{'from': 'Chiplet_3', 'to': 'Chiplet_5', 'connection_type': '2.5d_emib', 'loc': '2.5d_chiplet'},{'from': 'Chiplet_3', 'to': 'Chiplet_6', 'connection_type': '2.5d_emib', 'loc': '2.5d_chiplet'},{'from': 'Chiplet_5', 'to': 'Chiplet_3', 'connection_type': '2.5d_emib', 'loc': '2.5d_chiplet'},{'from': 'Chiplet_5', 'to': 'Chiplet_1', 'connection_type': '2.5d_emib', 'loc': '2.5d_chiplet'},{'from': 'Chiplet_5', 'to': 'Chiplet_2', 'connection_type': '2.5d_emib', 'loc': '2.5d_chiplet'},{'from': 'Chiplet_5', 'to': 'Chiplet_6', 'connection_type': '2.5d_emib', 'loc': '2.5d_chiplet'},{'from': 'Chiplet_1', 'to': 'Chiplet_5', 'connection_type': '2.5d_emib', 'loc': '2.5d_chiplet'},{'from': 'Chiplet_1', 'to': 'Chiplet_2', 'connection_type': '2.5d_emib', 'loc': '2.5d_chiplet'},{'from': 'Chiplet_2', 'to': 'Chiplet_4', 'connection_type': '2.5d_emib', 'loc': '2.5d_chiplet'},{'from': 'Chiplet_2', 'to': 'Chiplet_5', 'connection_type': '2.5d_emib', 'loc': '2.5d_chiplet'},{'from': 'Chiplet_2', 'to': 'Chiplet_1', 'connection_type': '2.5d_emib', 'loc': '2.5d_chiplet'},{'from': 'Chiplet_6', 'to': 'Chiplet_3', 'connection_type': '2.5d_emib', 'loc': '2.5d_chiplet'},{'from': 'Chiplet_6', 'to': 'Chiplet_5', 'connection_type': '2.5d_emib', 'loc': '2.5d_chiplet'},{'from': 'Chiplet_6', 'to': 'Chiplet_4', 'connection_type': '2.5d_emib', 'loc': '2.5d_chiplet'},{'from': 'Chiplet_4', 'to': 'Chiplet_2', 'connection_type': '2.5d_emib', 'loc': '2.5d_chiplet'},{'from': 'Chiplet_4', 'to': 'Chiplet_6', 'connection_type': '2.5d_emib', 'loc': '2.5d_chiplet'}",1,1,3,1,1,1,ddr5,bow,na,0,0,os,0,0,0
386,23.42097116529953,2685549.8,136104.92344771433,124920017.70631415,8626.35586551809,6595.458094550973,386,3.3193280905479132,5.538366334949999,3072,128x128,10,2.927572174079395,3.8395579270749995,1024,96x96,14,6.033899457366197,12.973514847541198,2048,192x192,10,1.304342696,2.51875,2048,96x96,7,0.638803,1.11875,1024,64x64,7,0.46559300000000003,1.11875,512,64x64,7,2.5d_3d,"{'from': 'Chiplet_1', 'to': 'Chiplet_4', 'connection_type': '3d_u_bump', 'loc': 'stack0_base'},{'from': 'Chiplet_4', 'to': 'na', 'connection_type': '3d_u_bump', 'loc': 'stack0_top'},{'from': 'Chiplet_3', 'to': 'Chiplet_5', 'connection_type': '2.5d_emib', 'loc': '2.5d_chiplet'},{'from': 'Chiplet_3', 'to': 'Chiplet_1', 'connection_type': '2.5d_emib', 'loc': '2.5d_chiplet'},{'from': 'Chiplet_3', 'to': 'Chiplet_2', 'connection_type': '2.5d_emib', 'loc': '2.5d_chiplet'},{'from': 'Chiplet_5', 'to': 'Chiplet_3', 'connection_type': '2.5d_emib', 'loc': '2.5d_chiplet'},{'from': 'Chiplet_5', 'to': 'Chiplet_2', 'connection_type': '2.5d_emib', 'loc': '2.5d_chiplet'},{'from': 'Chiplet_1', 'to': 'Chiplet_3', 'connection_type': '2.5d_emib', 'loc': '2.5d_chiplet'},{'from': 'Chiplet_1', 'to': 'Chiplet_2', 'connection_type': '2.5d_emib', 'loc': '2.5d_chiplet'},{'from': 'Chiplet_1', 'to': 'Chiplet_6', 'connection_type': '2.5d_emib', 'loc': '2.5d_chiplet'},{'from': 'Chiplet_2', 'to': 'Chiplet_3', 'connection_type': '2.5d_emib', 'loc': '2.5d_chiplet'},{'from': 'Chiplet_2', 'to': 'Chiplet_5', 'connection_type': '2.5d_emib', 'loc': '2.5d_chiplet'},{'from': 'Chiplet_2', 'to': 'Chiplet_1', 'connection_type': '2.5d_emib', 'loc': '2.5d_chiplet'},{'from': 'Chiplet_2', 'to': 'Chiplet_6', 'connection_type': '2.5d_emib', 'loc': '2.5d_chiplet'},{'from': 'Chiplet_6', 'to': 'Chiplet_1', 'connection_type': '2.5d_emib', 'loc': '2.5d_chiplet'},{'from': 'Chiplet_6', 'to': 'Chiplet_2', 'connection_type': '2.5d_emib', 'loc': '2.5d_chiplet'}",1,1,3,1,1,1,ddr4,aib,ucie_3d,1,0,os,1,0,0
387,45.23848781425579,4881038.87,207689.91536782653,127400899.04788162,20001.81503299287,23224.46696078119,387,2.6264880905479133,5.538366334949999,1024,128x128,10,12.799492673176792,15.979573171754398,4096,192x192,14,3.432469952,10.4826,2048,192x192,7,4.1253109519999995,10.4826,4096,192x192,7,3.432469952,10.4826,2048,192x192,7,3.5867297574793953,3.8395579270749995,2048,96x96,14,2.5d,"{'from': 'Chiplet_2', 'to': 'Chiplet_4', 'connection_type': '2.5d_emib', 'loc': '2.5d_chiplet'},{'from': 'Chiplet_2', 'to': 'Chiplet_1', 'connection_type': '2.5d_emib', 'loc': '2.5d_chiplet'},{'from': 'Chiplet_1', 'to': 'Chiplet_4', 'connection_type': '2.5d_emib', 'loc': '2.5d_chiplet'},{'from': 'Chiplet_1', 'to': 'Chiplet_2', 'connection_type': '2.5d_emib', 'loc': '2.5d_chiplet'},{'from': 'Chiplet_1', 'to': 'Chiplet_6', 'connection_type': '2.5d_emib', 'loc': '2.5d_chiplet'},{'from': 'Chiplet_4', 'to': 'Chiplet_5', 'connection_type': '2.5d_emib', 'loc': '2.5d_chiplet'},{'from': 'Chiplet_4', 'to': 'Chiplet_1', 'connection_type': '2.5d_emib', 'loc': '2.5d_chiplet'},{'from': 'Chiplet_4', 'to': 'Chiplet_2', 'connection_type': '2.5d_emib', 'loc': '2.5d_chiplet'},{'from': 'Chiplet_4', 'to': 'Chiplet_6', 'connection_type': '2.5d_emib', 'loc': '2.5d_chiplet'},{'from': 'Chiplet_5', 'to': 'Chiplet_4', 'connection_type': '2.5d_emib', 'loc': '2.5d_chiplet'},{'from': 'Chiplet_5', 'to': 'Chiplet_3', 'connection_type': '2.5d_emib', 'loc': '2.5d_chiplet'},{'from': 'Chiplet_6', 'to': 'Chiplet_3', 'connection_type': '2.5d_emib', 'loc': '2.5d_chiplet'},{'from': 'Chiplet_6', 'to': 'Chiplet_4', 'connection_type': '2.5d_emib', 'loc': '2.5d_chiplet'},{'from': 'Chiplet_6', 'to': 'Chiplet_1', 'connection_type': '2.5d_emib', 'loc': '2.5d_chiplet'},{'from': 'Chiplet_3', 'to': 'Chiplet_5', 'connection_type': '2.5d_emib', 'loc': '2.5d_chiplet'},{'from': 'Chiplet_3', 'to': 'Chiplet_6', 'connection_type': '2.5d_emib', 'loc': '2.5d_chiplet'}",1,3,1,1,1,1,ddr4,aib,na,0,0,ws,1,0,0
388,22.55825098801266,3842044.73,77826.60106324358,48572034.142562,3056.840390879479,2957.341750877342,388,5.5109919519999995,10.4826,8192,192x192,7,0.784712696,2.51875,512,96x96,7,3.3193280905479132,5.538366334949999,3072,128x128,10,6.033899457366197,12.973514847541198,2048,192x192,10,2.597993382379395,3.8395579270749995,512,96x96,14,0.829831759447044,1.3845915837374998,768,64x64,10,2.5d_3d,"{'from': 'Chiplet_4', 'to': 'Chiplet_1', 'connection_type': '3d_tsv', 'loc': 'stack0_base'},{'from': 'Chiplet_1', 'to': 'na', 'connection_type': '3d_tsv', 'loc': 'stack0_top'},{'from': 'Chiplet_4', 'to': 'Chiplet_3', 'connection_type': '2.5d_rdl', 'loc': '2.5d_chiplet'},{'from': 'Chiplet_4', 'to': 'Chiplet_5', 'connection_type': '2.5d_rdl', 'loc': '2.5d_chiplet'},{'from': 'Chiplet_4', 'to': 'Chiplet_2', 'connection_type': '2.5d_rdl', 'loc': '2.5d_chiplet'},{'from': 'Chiplet_2', 'to': 'Chiplet_4', 'connection_type': '2.5d_rdl', 'loc': '2.5d_chiplet'},{'from': 'Chiplet_2', 'to': 'Chiplet_5', 'connection_type': '2.5d_rdl', 'loc': '2.5d_chiplet'},{'from': 'Chiplet_3', 'to': 'Chiplet_4', 'connection_type': '2.5d_rdl', 'loc': '2.5d_chiplet'},{'from': 'Chiplet_3', 'to': 'Chiplet_5', 'connection_type': '2.5d_rdl', 'loc': '2.5d_chiplet'},{'from': 'Chiplet_3', 'to': 'Chiplet_6', 'connection_type': '2.5d_rdl', 'loc': '2.5d_chiplet'},{'from': 'Chiplet_5', 'to': 'Chiplet_4', 'connection_type': '2.5d_rdl', 'loc': '2.5d_chiplet'},{'from': 'Chiplet_5', 'to': 'Chiplet_3', 'connection_type': '2.5d_rdl', 'loc': '2.5d_chiplet'},{'from': 'Chiplet_5', 'to': 'Chiplet_2', 'connection_type': '2.5d_rdl', 'loc': '2.5d_chiplet'},{'from': 'Chiplet_5', 'to': 'Chiplet_6', 'connection_type': '2.5d_rdl', 'loc': '2.5d_chiplet'},{'from': 'Chiplet_6', 'to': 'Chiplet_3', 'connection_type': '2.5d_rdl', 'loc': '2.5d_chiplet'},{'from': 'Chiplet_6', 'to': 'Chiplet_5', 'connection_type': '2.5d_rdl', 'loc': '2.5d_chiplet'}",4,1,3,5,2,1,hbm3,ucie_std,ucie_3d,1,0,os,0,0,0
389,48.71583238651978,5735724.51,203529.90606030493,48882742.17584541,5747.961080039739,6090.116550218702,389,5.5109919519999995,10.4826,8192,192x192,7,0.638803,1.11875,1024,64x64,7,3.432469952,10.4826,2048,192x192,7,12.799492673176792,15.979573171754398,4096,192x192,14,2.6264880905479133,5.538366334949999,1024,128x128,10,3.3193280905479132,5.538366334949999,3072,128x128,10,2.5d,"{'from': 'Chiplet_4', 'to': 'Chiplet_1', 'connection_type': '2.5d_emib', 'loc': '2.5d_chiplet'},{'from': 'Chiplet_4', 'to': 'Chiplet_2', 'connection_type': '2.5d_emib', 'loc': '2.5d_chiplet'},{'from': 'Chiplet_2', 'to': 'Chiplet_4', 'connection_type': '2.5d_emib', 'loc': '2.5d_chiplet'},{'from': 'Chiplet_2', 'to': 'Chiplet_1', 'connection_type': '2.5d_emib', 'loc': '2.5d_chiplet'},{'from': 'Chiplet_1', 'to': 'Chiplet_4', 'connection_type': '2.5d_emib', 'loc': '2.5d_chiplet'},{'from': 'Chiplet_1', 'to': 'Chiplet_3', 'connection_type': '2.5d_emib', 'loc': '2.5d_chiplet'},{'from': 'Chiplet_1', 'to': 'Chiplet_2', 'connection_type': '2.5d_emib', 'loc': '2.5d_chiplet'},{'from': 'Chiplet_1', 'to': 'Chiplet_6', 'connection_type': '2.5d_emib', 'loc': '2.5d_chiplet'},{'from': 'Chiplet_1', 'to': 'Chiplet_5', 'connection_type': '2.5d_emib', 'loc': '2.5d_chiplet'},{'from': 'Chiplet_5', 'to': 'Chiplet_1', 'connection_type': '2.5d_emib', 'loc': '2.5d_chiplet'},{'from': 'Chiplet_5', 'to': 'Chiplet_6', 'connection_type': '2.5d_emib', 'loc': '2.5d_chiplet'},{'from': 'Chiplet_3', 'to': 'Chiplet_1', 'connection_type': '2.5d_emib', 'loc': '2.5d_chiplet'},{'from': 'Chiplet_3', 'to': 'Chiplet_6', 'connection_type': '2.5d_emib', 'loc': '2.5d_chiplet'},{'from': 'Chiplet_6', 'to': 'Chiplet_3', 'connection_type': '2.5d_emib', 'loc': '2.5d_chiplet'},{'from': 'Chiplet_6', 'to': 'Chiplet_5', 'connection_type': '2.5d_emib', 'loc': '2.5d_chiplet'},{'from': 'Chiplet_6', 'to': 'Chiplet_1', 'connection_type': '2.5d_emib', 'loc': '2.5d_chiplet'}",3,1,2,7,1,2,hbm3,ucie_adv,na,1,0,ws,1,0,0
390,19.114807090101806,2041526.13,145130.74757780207,32754587.56108325,18045.42535341219,7044.415960581032,390,0.743226759447044,1.3845915837374998,512,64x64,10,3.2571509657793953,3.8395579270749995,1536,96x96,14,1.4141952089375351,1.7054115854749998,512,64x64,14,3.3193280905479132,5.538366334949999,3072,128x128,10,2.597993382379395,3.8395579270749995,512,96x96,14,1.3653681800824635,3.1172648505374996,512,96x96,10,2.5d,"{'from': 'Chiplet_4', 'to': 'Chiplet_3', 'connection_type': '2.5d_emib', 'loc': '2.5d_chiplet'},{'from': 'Chiplet_4', 'to': 'Chiplet_2', 'connection_type': '2.5d_emib', 'loc': '2.5d_chiplet'},{'from': 'Chiplet_4', 'to': 'Chiplet_6', 'connection_type': '2.5d_emib', 'loc': '2.5d_chiplet'},{'from': 'Chiplet_3', 'to': 'Chiplet_4', 'connection_type': '2.5d_emib', 'loc': '2.5d_chiplet'},{'from': 'Chiplet_3', 'to': 'Chiplet_6', 'connection_type': '2.5d_emib', 'loc': '2.5d_chiplet'},{'from': 'Chiplet_6', 'to': 'Chiplet_3', 'connection_type': '2.5d_emib', 'loc': '2.5d_chiplet'},{'from': 'Chiplet_6', 'to': 'Chiplet_4', 'connection_type': '2.5d_emib', 'loc': '2.5d_chiplet'},{'from': 'Chiplet_2', 'to': 'Chiplet_4', 'connection_type': '2.5d_emib', 'loc': '2.5d_chiplet'},{'from': 'Chiplet_2', 'to': 'Chiplet_5', 'connection_type': '2.5d_emib', 'loc': '2.5d_chiplet'},{'from': 'Chiplet_2', 'to': 'Chiplet_1', 'connection_type': '2.5d_emib', 'loc': '2.5d_chiplet'},{'from': 'Chiplet_5', 'to': 'Chiplet_1', 'connection_type': '2.5d_emib', 'loc': '2.5d_chiplet'},{'from': 'Chiplet_5', 'to': 'Chiplet_2', 'connection_type': '2.5d_emib', 'loc': '2.5d_chiplet'},{'from': 'Chiplet_1', 'to': 'Chiplet_5', 'connection_type': '2.5d_emib', 'loc': '2.5d_chiplet'},{'from': 'Chiplet_1', 'to': 'Chiplet_2', 'connection_type': '2.5d_emib', 'loc': '2.5d_chiplet'}",1,4,2,4,3,2,hbm3,aib,na,1,0,ws,1,0,0
391,52.759212449173255,5712738.26,197230.7076195174,56418900.55580464,2843.713878713879,3664.921226140183,391,6.033899457366197,12.973514847541198,2048,192x192,10,0.829831759447044,1.3845915837374998,768,64x64,10,2.597993382379395,3.8395579270749995,512,96x96,14,14.117807839976791,15.979573171754398,6144,192x192,14,8.112421457366196,12.973514847541198,8192,192x192,10,1.5385781800824634,3.1172648505374996,1024,96x96,10,2.5d,"{'from': 'Chiplet_4', 'to': 'Chiplet_3', 'connection_type': '2.5d_emib', 'loc': '2.5d_chiplet'},{'from': 'Chiplet_4', 'to': 'Chiplet_5', 'connection_type': '2.5d_emib', 'loc': '2.5d_chiplet'},{'from': 'Chiplet_4', 'to': 'Chiplet_1', 'connection_type': '2.5d_emib', 'loc': '2.5d_chiplet'},{'from': 'Chiplet_3', 'to': 'Chiplet_4', 'connection_type': '2.5d_emib', 'loc': '2.5d_chiplet'},{'from': 'Chiplet_3', 'to': 'Chiplet_1', 'connection_type': '2.5d_emib', 'loc': '2.5d_chiplet'},{'from': 'Chiplet_5', 'to': 'Chiplet_4', 'connection_type': '2.5d_emib', 'loc': '2.5d_chiplet'},{'from': 'Chiplet_5', 'to': 'Chiplet_1', 'connection_type': '2.5d_emib', 'loc': '2.5d_chiplet'},{'from': 'Chiplet_5', 'to': 'Chiplet_6', 'connection_type': '2.5d_emib', 'loc': '2.5d_chiplet'},{'from': 'Chiplet_1', 'to': 'Chiplet_4', 'connection_type': '2.5d_emib', 'loc': '2.5d_chiplet'},{'from': 'Chiplet_1', 'to': 'Chiplet_3', 'connection_type': '2.5d_emib', 'loc': '2.5d_chiplet'},{'from': 'Chiplet_1', 'to': 'Chiplet_2', 'connection_type': '2.5d_emib', 'loc': '2.5d_chiplet'},{'from': 'Chiplet_1', 'to': 'Chiplet_6', 'connection_type': '2.5d_emib', 'loc': '2.5d_chiplet'},{'from': 'Chiplet_1', 'to': 'Chiplet_5', 'connection_type': '2.5d_emib', 'loc': '2.5d_chiplet'},{'from': 'Chiplet_6', 'to': 'Chiplet_5', 'connection_type': '2.5d_emib', 'loc': '2.5d_chiplet'},{'from': 'Chiplet_6', 'to': 'Chiplet_1', 'connection_type': '2.5d_emib', 'loc': '2.5d_chiplet'},{'from': 'Chiplet_6', 'to': 'Chiplet_2', 'connection_type': '2.5d_emib', 'loc': '2.5d_chiplet'},{'from': 'Chiplet_2', 'to': 'Chiplet_1', 'connection_type': '2.5d_emib', 'loc': '2.5d_chiplet'},{'from': 'Chiplet_2', 'to': 'Chiplet_6', 'connection_type': '2.5d_emib', 'loc': '2.5d_chiplet'}",3,1,1,6,4,1,hbm3,aib,na,1,0,ws,0,0,0
392,25.257010173862504,3111107.68,177013.63953050456,99516073.70358549,6952.477486002278,6282.83662630427,392,4.818150952,10.4826,6144,192x192,7,3.432469952,10.4826,2048,192x192,7,0.829831759447044,1.3845915837374998,768,64x64,10,1.3653681800824635,3.1172648505374996,512,96x96,10,3.665749090547913,5.538366334949999,4096,128x128,10,3.5867297574793953,3.8395579270749995,2048,96x96,14,2.5d,"{'from': 'Chiplet_1', 'to': 'Chiplet_3', 'connection_type': '2.5d_emib', 'loc': '2.5d_chiplet'},{'from': 'Chiplet_1', 'to': 'Chiplet_5', 'connection_type': '2.5d_emib', 'loc': '2.5d_chiplet'},{'from': 'Chiplet_1', 'to': 'Chiplet_2', 'connection_type': '2.5d_emib', 'loc': '2.5d_chiplet'},{'from': 'Chiplet_1', 'to': 'Chiplet_6', 'connection_type': '2.5d_emib', 'loc': '2.5d_chiplet'},{'from': 'Chiplet_2', 'to': 'Chiplet_3', 'connection_type': '2.5d_emib', 'loc': '2.5d_chiplet'},{'from': 'Chiplet_2', 'to': 'Chiplet_1', 'connection_type': '2.5d_emib', 'loc': '2.5d_chiplet'},{'from': 'Chiplet_3', 'to': 'Chiplet_1', 'connection_type': '2.5d_emib', 'loc': '2.5d_chiplet'},{'from': 'Chiplet_3', 'to': 'Chiplet_2', 'connection_type': '2.5d_emib', 'loc': '2.5d_chiplet'},{'from': 'Chiplet_5', 'to': 'Chiplet_4', 'connection_type': '2.5d_emib', 'loc': '2.5d_chiplet'},{'from': 'Chiplet_5', 'to': 'Chiplet_1', 'connection_type': '2.5d_emib', 'loc': '2.5d_chiplet'},{'from': 'Chiplet_5', 'to': 'Chiplet_6', 'connection_type': '2.5d_emib', 'loc': '2.5d_chiplet'},{'from': 'Chiplet_6', 'to': 'Chiplet_4', 'connection_type': '2.5d_emib', 'loc': '2.5d_chiplet'},{'from': 'Chiplet_6', 'to': 'Chiplet_5', 'connection_type': '2.5d_emib', 'loc': '2.5d_chiplet'},{'from': 'Chiplet_6', 'to': 'Chiplet_1', 'connection_type': '2.5d_emib', 'loc': '2.5d_chiplet'},{'from': 'Chiplet_4', 'to': 'Chiplet_5', 'connection_type': '2.5d_emib', 'loc': '2.5d_chiplet'},{'from': 'Chiplet_4', 'to': 'Chiplet_6', 'connection_type': '2.5d_emib', 'loc': '2.5d_chiplet'}",2,1,1,1,2,1,ddr5,ucie_adv,na,0,0,ws,1,0,0
393,11.188564842791314,1881341.87,96602.06514200053,99643004.27892488,15766.761449177598,7763.704538537178,393,3.5867297574793953,3.8395579270749995,2048,96x96,14,2.597993382379395,3.8395579270749995,512,96x96,14,1.743774000637535,1.7054115854749998,1024,64x64,14,3.2571509657793953,3.8395579270749995,1536,96x96,14,3.665749090547913,5.538366334949999,4096,128x128,10,1.249405813087535,1.7054115854749998,256,64x64,14,2.5d_3d,"{'from': 'Chiplet_1', 'to': 'Chiplet_4', 'connection_type': '3d_hyb_bond', 'loc': 'stack0_base'},{'from': 'Chiplet_4', 'to': 'Chiplet_2', 'connection_type': '3d_hyb_bond', 'loc': 'stack0_middle1'},{'from': 'Chiplet_2', 'to': 'Chiplet_3', 'connection_type': '3d_hyb_bond', 'loc': 'stack0_middle2'},{'from': 'Chiplet_3', 'to': 'na', 'connection_type': '3d_hyb_bond', 'loc': 'stack0_top'},{'from': 'Chiplet_5', 'to': 'Chiplet_1', 'connection_type': '2.5d_emib', 'loc': '2.5d_chiplet'},{'from': 'Chiplet_5', 'to': 'Chiplet_6', 'connection_type': '2.5d_emib', 'loc': '2.5d_chiplet'},{'from': 'Chiplet_1', 'to': 'Chiplet_5', 'connection_type': '2.5d_emib', 'loc': '2.5d_chiplet'},{'from': 'Chiplet_1', 'to': 'Chiplet_6', 'connection_type': '2.5d_emib', 'loc': '2.5d_chiplet'},{'from': 'Chiplet_6', 'to': 'Chiplet_5', 'connection_type': '2.5d_emib', 'loc': '2.5d_chiplet'},{'from': 'Chiplet_6', 'to': 'Chiplet_1', 'connection_type': '2.5d_emib', 'loc': '2.5d_chiplet'}",2,1,1,1,2,1,ddr5,bow,ucie_3d,1,0,os,1,0,0
394,26.153608434335492,4762052.21,96509.98721742122,59664586.25032596,2948.6549930211904,3631.706113466016,394,1.86237254,4.475,2048,128x128,7,6.726740457366197,12.973514847541198,4096,192x192,10,0.829831759447044,1.3845915837374998,768,64x64,10,6.033899457366197,12.973514847541198,2048,192x192,10,1.51595254,4.475,1024,128x128,7,5.5109919519999995,10.4826,8192,192x192,7,2.5d_3d,"{'from': 'Chiplet_2', 'to': 'Chiplet_4', 'connection_type': '3d_tsv', 'loc': 'stack0_base'},{'from': 'Chiplet_4', 'to': 'na', 'connection_type': '3d_tsv', 'loc': 'stack0_top'},{'from': 'Chiplet_2', 'to': 'Chiplet_5', 'connection_type': '2.5d_rdl', 'loc': '2.5d_chiplet'},{'from': 'Chiplet_2', 'to': 'Chiplet_1', 'connection_type': '2.5d_rdl', 'loc': '2.5d_chiplet'},{'from': 'Chiplet_2', 'to': 'Chiplet_6', 'connection_type': '2.5d_rdl', 'loc': '2.5d_chiplet'},{'from': 'Chiplet_5', 'to': 'Chiplet_1', 'connection_type': '2.5d_rdl', 'loc': '2.5d_chiplet'},{'from': 'Chiplet_5', 'to': 'Chiplet_2', 'connection_type': '2.5d_rdl', 'loc': '2.5d_chiplet'},{'from': 'Chiplet_6', 'to': 'Chiplet_3', 'connection_type': '2.5d_rdl', 'loc': '2.5d_chiplet'},{'from': 'Chiplet_6', 'to': 'Chiplet_1', 'connection_type': '2.5d_rdl', 'loc': '2.5d_chiplet'},{'from': 'Chiplet_6', 'to': 'Chiplet_2', 'connection_type': '2.5d_rdl', 'loc': '2.5d_chiplet'},{'from': 'Chiplet_1', 'to': 'Chiplet_3', 'connection_type': '2.5d_rdl', 'loc': '2.5d_chiplet'},{'from': 'Chiplet_1', 'to': 'Chiplet_5', 'connection_type': '2.5d_rdl', 'loc': '2.5d_chiplet'},{'from': 'Chiplet_1', 'to': 'Chiplet_2', 'connection_type': '2.5d_rdl', 'loc': '2.5d_chiplet'},{'from': 'Chiplet_1', 'to': 'Chiplet_6', 'connection_type': '2.5d_rdl', 'loc': '2.5d_chiplet'},{'from': 'Chiplet_3', 'to': 'Chiplet_1', 'connection_type': '2.5d_rdl', 'loc': '2.5d_chiplet'},{'from': 'Chiplet_3', 'to': 'Chiplet_6', 'connection_type': '2.5d_rdl', 'loc': '2.5d_chiplet'}",1,5,1,4,1,4,hbm2,ucie_std,ucie_3d,0,0,ws,0,0,0
395,23.491097360839508,3620812.79,143069.53599959123,128204043.95610145,4595.206297502715,5707.877510378504,395,1.743774000637535,1.7054115854749998,1024,64x64,14,4.9976252555201786,6.821646341899999,1024,128x128,14,3.5867297574793953,3.8395579270749995,2048,96x96,14,3.2571509657793953,3.8395579270749995,1536,96x96,14,7.419580457366196,12.973514847541198,6144,192x192,10,4.1253109519999995,10.4826,4096,192x192,7,2.5d_3d,"{'from': 'Chiplet_2', 'to': 'Chiplet_3', 'connection_type': '3d_u_bump', 'loc': 'stack0_base'},{'from': 'Chiplet_3', 'to': 'Chiplet_1', 'connection_type': '3d_u_bump', 'loc': 'stack0_middle1'},{'from': 'Chiplet_1', 'to': 'na', 'connection_type': '3d_u_bump', 'loc': 'stack0_top'},{'from': 'Chiplet_5', 'to': 'Chiplet_4', 'connection_type': '2.5d_emib', 'loc': '2.5d_chiplet'},{'from': 'Chiplet_5', 'to': 'Chiplet_2', 'connection_type': '2.5d_emib', 'loc': '2.5d_chiplet'},{'from': 'Chiplet_5', 'to': 'Chiplet_6', 'connection_type': '2.5d_emib', 'loc': '2.5d_chiplet'},{'from': 'Chiplet_4', 'to': 'Chiplet_5', 'connection_type': '2.5d_emib', 'loc': '2.5d_chiplet'},{'from': 'Chiplet_4', 'to': 'Chiplet_6', 'connection_type': '2.5d_emib', 'loc': '2.5d_chiplet'},{'from': 'Chiplet_2', 'to': 'Chiplet_5', 'connection_type': '2.5d_emib', 'loc': '2.5d_chiplet'},{'from': 'Chiplet_2', 'to': 'Chiplet_6', 'connection_type': '2.5d_emib', 'loc': '2.5d_chiplet'},{'from': 'Chiplet_6', 'to': 'Chiplet_4', 'connection_type': '2.5d_emib', 'loc': '2.5d_chiplet'},{'from': 'Chiplet_6', 'to': 'Chiplet_5', 'connection_type': '2.5d_emib', 'loc': '2.5d_chiplet'},{'from': 'Chiplet_6', 'to': 'Chiplet_2', 'connection_type': '2.5d_emib', 'loc': '2.5d_chiplet'}",1,2,1,1,2,1,ddr5,ucie_adv,ucie_3d,1,0,ws,0,0,0
396,17.286898445183535,1728334.75,46470.3727404114,95874530.45839818,13166.35940826087,6407.8146913565615,396,1.7117881800824635,3.1172648505374996,1536,96x96,10,0.916436759447044,1.3845915837374998,1024,64x64,10,4.1253109519999995,10.4826,4096,192x192,7,0.378988,1.11875,256,64x64,7,0.743226759447044,1.3845915837374998,512,64x64,10,1.578984604787535,1.7054115854749998,768,64x64,14,2.5d,"{'from': 'Chiplet_3', 'to': 'Chiplet_5', 'connection_type': '2.5d_rdl', 'loc': '2.5d_chiplet'},{'from': 'Chiplet_3', 'to': 'Chiplet_1', 'connection_type': '2.5d_rdl', 'loc': '2.5d_chiplet'},{'from': 'Chiplet_5', 'to': 'Chiplet_3', 'connection_type': '2.5d_rdl', 'loc': '2.5d_chiplet'},{'from': 'Chiplet_5', 'to': 'Chiplet_1', 'connection_type': '2.5d_rdl', 'loc': '2.5d_chiplet'},{'from': 'Chiplet_5', 'to': 'Chiplet_6', 'connection_type': '2.5d_rdl', 'loc': '2.5d_chiplet'},{'from': 'Chiplet_1', 'to': 'Chiplet_3', 'connection_type': '2.5d_rdl', 'loc': '2.5d_chiplet'},{'from': 'Chiplet_1', 'to': 'Chiplet_5', 'connection_type': '2.5d_rdl', 'loc': '2.5d_chiplet'},{'from': 'Chiplet_1', 'to': 'Chiplet_4', 'connection_type': '2.5d_rdl', 'loc': '2.5d_chiplet'},{'from': 'Chiplet_1', 'to': 'Chiplet_6', 'connection_type': '2.5d_rdl', 'loc': '2.5d_chiplet'},{'from': 'Chiplet_4', 'to': 'Chiplet_1', 'connection_type': '2.5d_rdl', 'loc': '2.5d_chiplet'},{'from': 'Chiplet_4', 'to': 'Chiplet_2', 'connection_type': '2.5d_rdl', 'loc': '2.5d_chiplet'},{'from': 'Chiplet_6', 'to': 'Chiplet_5', 'connection_type': '2.5d_rdl', 'loc': '2.5d_chiplet'},{'from': 'Chiplet_6', 'to': 'Chiplet_1', 'connection_type': '2.5d_rdl', 'loc': '2.5d_chiplet'},{'from': 'Chiplet_6', 'to': 'Chiplet_2', 'connection_type': '2.5d_rdl', 'loc': '2.5d_chiplet'},{'from': 'Chiplet_2', 'to': 'Chiplet_4', 'connection_type': '2.5d_rdl', 'loc': '2.5d_chiplet'},{'from': 'Chiplet_2', 'to': 'Chiplet_6', 'connection_type': '2.5d_rdl', 'loc': '2.5d_chiplet'}",1,1,3,1,1,1,ddr5,ucie_std,na,1,0,os,1,0,0
397,41.33678592475901,5004317.53,213374.7771620131,134883376.45339268,9507.69059947514,13138.88750565855,397,6.033899457366197,12.973514847541198,2048,192x192,10,11.481175603606792,15.979573171754398,2048,192x192,14,4.1253109519999995,10.4826,4096,192x192,7,4.818150952,10.4826,6144,192x192,7,2.6264880905479133,5.538366334949999,1024,128x128,10,2.972908090547913,5.538366334949999,2048,128x128,10,2.5d,"{'from': 'Chiplet_2', 'to': 'Chiplet_4', 'connection_type': '2.5d_emib', 'loc': '2.5d_chiplet'},{'from': 'Chiplet_2', 'to': 'Chiplet_5', 'connection_type': '2.5d_emib', 'loc': '2.5d_chiplet'},{'from': 'Chiplet_2', 'to': 'Chiplet_1', 'connection_type': '2.5d_emib', 'loc': '2.5d_chiplet'},{'from': 'Chiplet_2', 'to': 'Chiplet_6', 'connection_type': '2.5d_emib', 'loc': '2.5d_chiplet'},{'from': 'Chiplet_6', 'to': 'Chiplet_5', 'connection_type': '2.5d_emib', 'loc': '2.5d_chiplet'},{'from': 'Chiplet_6', 'to': 'Chiplet_2', 'connection_type': '2.5d_emib', 'loc': '2.5d_chiplet'},{'from': 'Chiplet_5', 'to': 'Chiplet_2', 'connection_type': '2.5d_emib', 'loc': '2.5d_chiplet'},{'from': 'Chiplet_5', 'to': 'Chiplet_6', 'connection_type': '2.5d_emib', 'loc': '2.5d_chiplet'},{'from': 'Chiplet_1', 'to': 'Chiplet_4', 'connection_type': '2.5d_emib', 'loc': '2.5d_chiplet'},{'from': 'Chiplet_1', 'to': 'Chiplet_3', 'connection_type': '2.5d_emib', 'loc': '2.5d_chiplet'},{'from': 'Chiplet_1', 'to': 'Chiplet_2', 'connection_type': '2.5d_emib', 'loc': '2.5d_chiplet'},{'from': 'Chiplet_4', 'to': 'Chiplet_3', 'connection_type': '2.5d_emib', 'loc': '2.5d_chiplet'},{'from': 'Chiplet_4', 'to': 'Chiplet_1', 'connection_type': '2.5d_emib', 'loc': '2.5d_chiplet'},{'from': 'Chiplet_4', 'to': 'Chiplet_2', 'connection_type': '2.5d_emib', 'loc': '2.5d_chiplet'},{'from': 'Chiplet_3', 'to': 'Chiplet_4', 'connection_type': '2.5d_emib', 'loc': '2.5d_chiplet'},{'from': 'Chiplet_3', 'to': 'Chiplet_1', 'connection_type': '2.5d_emib', 'loc': '2.5d_chiplet'}",1,3,1,1,1,1,ddr4,aib,na,0,0,is,1,0,0
398,20.24439945283964,3087385.28,169571.0283295245,49026130.81082497,8668.93397961979,5315.614938335161,398,0.378988,1.11875,256,64x64,7,3.432469952,10.4826,2048,192x192,7,5.5109919519999995,10.4826,8192,192x192,7,0.638803,1.11875,1024,64x64,7,0.829831759447044,1.3845915837374998,768,64x64,10,1.8849981800824636,3.1172648505374996,2048,96x96,10,2.5d,"{'from': 'Chiplet_3', 'to': 'Chiplet_4', 'connection_type': '2.5d_emib', 'loc': '2.5d_chiplet'},{'from': 'Chiplet_3', 'to': 'Chiplet_2', 'connection_type': '2.5d_emib', 'loc': '2.5d_chiplet'},{'from': 'Chiplet_3', 'to': 'Chiplet_6', 'connection_type': '2.5d_emib', 'loc': '2.5d_chiplet'},{'from': 'Chiplet_4', 'to': 'Chiplet_3', 'connection_type': '2.5d_emib', 'loc': '2.5d_chiplet'},{'from': 'Chiplet_4', 'to': 'Chiplet_6', 'connection_type': '2.5d_emib', 'loc': '2.5d_chiplet'},{'from': 'Chiplet_2', 'to': 'Chiplet_3', 'connection_type': '2.5d_emib', 'loc': '2.5d_chiplet'},{'from': 'Chiplet_2', 'to': 'Chiplet_5', 'connection_type': '2.5d_emib', 'loc': '2.5d_chiplet'},{'from': 'Chiplet_2', 'to': 'Chiplet_6', 'connection_type': '2.5d_emib', 'loc': '2.5d_chiplet'},{'from': 'Chiplet_6', 'to': 'Chiplet_3', 'connection_type': '2.5d_emib', 'loc': '2.5d_chiplet'},{'from': 'Chiplet_6', 'to': 'Chiplet_4', 'connection_type': '2.5d_emib', 'loc': '2.5d_chiplet'},{'from': 'Chiplet_6', 'to': 'Chiplet_1', 'connection_type': '2.5d_emib', 'loc': '2.5d_chiplet'},{'from': 'Chiplet_6', 'to': 'Chiplet_2', 'connection_type': '2.5d_emib', 'loc': '2.5d_chiplet'},{'from': 'Chiplet_6', 'to': 'Chiplet_5', 'connection_type': '2.5d_emib', 'loc': '2.5d_chiplet'},{'from': 'Chiplet_5', 'to': 'Chiplet_1', 'connection_type': '2.5d_emib', 'loc': '2.5d_chiplet'},{'from': 'Chiplet_5', 'to': 'Chiplet_2', 'connection_type': '2.5d_emib', 'loc': '2.5d_chiplet'},{'from': 'Chiplet_5', 'to': 'Chiplet_6', 'connection_type': '2.5d_emib', 'loc': '2.5d_chiplet'},{'from': 'Chiplet_1', 'to': 'Chiplet_5', 'connection_type': '2.5d_emib', 'loc': '2.5d_chiplet'},{'from': 'Chiplet_1', 'to': 'Chiplet_6', 'connection_type': '2.5d_emib', 'loc': '2.5d_chiplet'}",1,4,7,1,1,2,hbm2,aib,na,0,0,os,1,0,0
399,30.17740560181497,3065541.25,170987.52048494286,173854738.93541485,5343.605664488017,6599.108431306197,399,2.6264880905479133,5.538366334949999,1024,128x128,10,1.7117881800824635,3.1172648505374996,1536,96x96,10,1.86237254,4.475,2048,128x128,7,6.033899457366197,12.973514847541198,2048,192x192,10,6.975099908490179,6.821646341899999,4096,128x128,14,1.578984604787535,1.7054115854749998,768,64x64,14,2.5d,"{'from': 'Chiplet_5', 'to': 'Chiplet_4', 'connection_type': '2.5d_emib', 'loc': '2.5d_chiplet'},{'from': 'Chiplet_5', 'to': 'Chiplet_1', 'connection_type': '2.5d_emib', 'loc': '2.5d_chiplet'},{'from': 'Chiplet_5', 'to': 'Chiplet_3', 'connection_type': '2.5d_emib', 'loc': '2.5d_chiplet'},{'from': 'Chiplet_5', 'to': 'Chiplet_6', 'connection_type': '2.5d_emib', 'loc': '2.5d_chiplet'},{'from': 'Chiplet_3', 'to': 'Chiplet_5', 'connection_type': '2.5d_emib', 'loc': '2.5d_chiplet'},{'from': 'Chiplet_3', 'to': 'Chiplet_6', 'connection_type': '2.5d_emib', 'loc': '2.5d_chiplet'},{'from': 'Chiplet_6', 'to': 'Chiplet_3', 'connection_type': '2.5d_emib', 'loc': '2.5d_chiplet'},{'from': 'Chiplet_6', 'to': 'Chiplet_5', 'connection_type': '2.5d_emib', 'loc': '2.5d_chiplet'},{'from': 'Chiplet_4', 'to': 'Chiplet_5', 'connection_type': '2.5d_emib', 'loc': '2.5d_chiplet'},{'from': 'Chiplet_4', 'to': 'Chiplet_1', 'connection_type': '2.5d_emib', 'loc': '2.5d_chiplet'},{'from': 'Chiplet_4', 'to': 'Chiplet_2', 'connection_type': '2.5d_emib', 'loc': '2.5d_chiplet'},{'from': 'Chiplet_1', 'to': 'Chiplet_4', 'connection_type': '2.5d_emib', 'loc': '2.5d_chiplet'},{'from': 'Chiplet_1', 'to': 'Chiplet_5', 'connection_type': '2.5d_emib', 'loc': '2.5d_chiplet'},{'from': 'Chiplet_1', 'to': 'Chiplet_2', 'connection_type': '2.5d_emib', 'loc': '2.5d_chiplet'},{'from': 'Chiplet_2', 'to': 'Chiplet_4', 'connection_type': '2.5d_emib', 'loc': '2.5d_chiplet'},{'from': 'Chiplet_2', 'to': 'Chiplet_1', 'connection_type': '2.5d_emib', 'loc': '2.5d_chiplet'}",1,1,1,2,2,1,ddr4,bow,na,1,0,ws,0,0,0
400,26.836390780906424,2082681.13,51320.91081110651,132813137.10321677,5577.287581699347,4704.909251353848,400,2.597993382379395,3.8395579270749995,512,96x96,14,5.656782838920179,6.821646341899999,2048,128x128,14,1.578984604787535,1.7054115854749998,768,64x64,14,1.51595254,4.475,1024,128x128,7,2.927572174079395,3.8395579270749995,1024,96x96,14,0.829831759447044,1.3845915837374998,768,64x64,10,2.5d,"{'from': 'Chiplet_2', 'to': 'Chiplet_4', 'connection_type': '2.5d_rdl', 'loc': '2.5d_chiplet'},{'from': 'Chiplet_2', 'to': 'Chiplet_5', 'connection_type': '2.5d_rdl', 'loc': '2.5d_chiplet'},{'from': 'Chiplet_4', 'to': 'Chiplet_5', 'connection_type': '2.5d_rdl', 'loc': '2.5d_chiplet'},{'from': 'Chiplet_4', 'to': 'Chiplet_1', 'connection_type': '2.5d_rdl', 'loc': '2.5d_chiplet'},{'from': 'Chiplet_4', 'to': 'Chiplet_2', 'connection_type': '2.5d_rdl', 'loc': '2.5d_chiplet'},{'from': 'Chiplet_5', 'to': 'Chiplet_4', 'connection_type': '2.5d_rdl', 'loc': '2.5d_chiplet'},{'from': 'Chiplet_5', 'to': 'Chiplet_1', 'connection_type': '2.5d_rdl', 'loc': '2.5d_chiplet'},{'from': 'Chiplet_5', 'to': 'Chiplet_2', 'connection_type': '2.5d_rdl', 'loc': '2.5d_chiplet'},{'from': 'Chiplet_5', 'to': 'Chiplet_6', 'connection_type': '2.5d_rdl', 'loc': '2.5d_chiplet'},{'from': 'Chiplet_6', 'to': 'Chiplet_3', 'connection_type': '2.5d_rdl', 'loc': '2.5d_chiplet'},{'from': 'Chiplet_6', 'to': 'Chiplet_5', 'connection_type': '2.5d_rdl', 'loc': '2.5d_chiplet'},{'from': 'Chiplet_1', 'to': 'Chiplet_4', 'connection_type': '2.5d_rdl', 'loc': '2.5d_chiplet'},{'from': 'Chiplet_1', 'to': 'Chiplet_5', 'connection_type': '2.5d_rdl', 'loc': '2.5d_chiplet'},{'from': 'Chiplet_1', 'to': 'Chiplet_3', 'connection_type': '2.5d_rdl', 'loc': '2.5d_chiplet'},{'from': 'Chiplet_3', 'to': 'Chiplet_1', 'connection_type': '2.5d_rdl', 'loc': '2.5d_chiplet'},{'from': 'Chiplet_3', 'to': 'Chiplet_6', 'connection_type': '2.5d_rdl', 'loc': '2.5d_chiplet'}",1,3,1,1,1,1,ddr5,ucie_std,na,1,0,os,0,0,0
401,11.481175603606792,3349779.54,192644.24302611715,92100420.43852443,4265.675879307016,4667.8499777200395,401,1.51595254,4.475,1024,128x128,7,1.51595254,4.475,1024,128x128,7,11.481175603606792,15.979573171754398,2048,192x192,14,5.656782838920179,6.821646341899999,2048,128x128,14,1.743774000637535,1.7054115854749998,1024,64x64,14,1.51595254,4.475,1024,128x128,7,3d,"{'from': 'Chiplet_3', 'to': 'Chiplet_4', 'connection_type': '3d_hyb_bond', 'loc': 'stack0_base'},{'from': 'Chiplet_4', 'to': 'Chiplet_5', 'connection_type': '3d_hyb_bond', 'loc': 'stack0_middle1'},{'from': 'Chiplet_5', 'to': 'Chiplet_6', 'connection_type': '3d_hyb_bond', 'loc': 'stack0_middle2'},{'from': 'Chiplet_6', 'to': 'Chiplet_1', 'connection_type': '3d_hyb_bond', 'loc': 'stack0_middle3'},{'from': 'Chiplet_1', 'to': 'Chiplet_2', 'connection_type': '3d_hyb_bond', 'loc': 'stack0_middle4'},{'from': 'Chiplet_2', 'to': 'na', 'connection_type': '3d_hyb_bond', 'loc': 'stack0_top'}",1,1,3,1,1,1,ddr5,na,ucie_3d,1,0,os,1,0,0
402,36.19773529615137,4476662.24,93400.30507664173,48292140.88882095,17645.40007317214,16608.001701996905,402,2.927572174079395,3.8395579270749995,1024,96x96,14,4.1253109519999995,10.4826,4096,192x192,7,0.916436759447044,1.3845915837374998,1024,64x64,10,4.9976252555201786,6.821646341899999,1024,128x128,14,6.033899457366197,12.973514847541198,2048,192x192,10,6.726740457366197,12.973514847541198,4096,192x192,10,2.5d,"{'from': 'Chiplet_6', 'to': 'Chiplet_5', 'connection_type': '2.5d_rdl', 'loc': '2.5d_chiplet'},{'from': 'Chiplet_6', 'to': 'Chiplet_1', 'connection_type': '2.5d_rdl', 'loc': '2.5d_chiplet'},{'from': 'Chiplet_6', 'to': 'Chiplet_2', 'connection_type': '2.5d_rdl', 'loc': '2.5d_chiplet'},{'from': 'Chiplet_2', 'to': 'Chiplet_1', 'connection_type': '2.5d_rdl', 'loc': '2.5d_chiplet'},{'from': 'Chiplet_2', 'to': 'Chiplet_6', 'connection_type': '2.5d_rdl', 'loc': '2.5d_chiplet'},{'from': 'Chiplet_1', 'to': 'Chiplet_2', 'connection_type': '2.5d_rdl', 'loc': '2.5d_chiplet'},{'from': 'Chiplet_1', 'to': 'Chiplet_6', 'connection_type': '2.5d_rdl', 'loc': '2.5d_chiplet'},{'from': 'Chiplet_5', 'to': 'Chiplet_4', 'connection_type': '2.5d_rdl', 'loc': '2.5d_chiplet'},{'from': 'Chiplet_5', 'to': 'Chiplet_3', 'connection_type': '2.5d_rdl', 'loc': '2.5d_chiplet'},{'from': 'Chiplet_5', 'to': 'Chiplet_6', 'connection_type': '2.5d_rdl', 'loc': '2.5d_chiplet'},{'from': 'Chiplet_4', 'to': 'Chiplet_3', 'connection_type': '2.5d_rdl', 'loc': '2.5d_chiplet'},{'from': 'Chiplet_4', 'to': 'Chiplet_5', 'connection_type': '2.5d_rdl', 'loc': '2.5d_chiplet'},{'from': 'Chiplet_3', 'to': 'Chiplet_4', 'connection_type': '2.5d_rdl', 'loc': '2.5d_chiplet'},{'from': 'Chiplet_3', 'to': 'Chiplet_5', 'connection_type': '2.5d_rdl', 'loc': '2.5d_chiplet'}",2,2,1,3,4,4,hbm2,ucie_std,na,1,0,os,1,0,0
403,15.888935076231897,2886880.47,59664.6027247203,40934272.19635525,4635.865525672371,2901.608595455302,403,0.916436759447044,1.3845915837374998,1024,64x64,10,0.784712696,2.51875,512,96x96,7,3.5867297574793953,3.8395579270749995,2048,96x96,14,3.432469952,10.4826,2048,192x192,7,1.131132696,2.51875,1536,96x96,7,2.55521354,4.475,4096,128x128,7,2.5d_3d,"{'from': 'Chiplet_6', 'to': 'Chiplet_2', 'connection_type': '3d_hyb_bond', 'loc': 'stack0_base'},{'from': 'Chiplet_2', 'to': 'na', 'connection_type': '3d_hyb_bond', 'loc': 'stack0_top'},{'from': 'Chiplet_3', 'to': 'Chiplet_4', 'connection_type': '2.5d_rdl', 'loc': '2.5d_chiplet'},{'from': 'Chiplet_3', 'to': 'Chiplet_5', 'connection_type': '2.5d_rdl', 'loc': '2.5d_chiplet'},{'from': 'Chiplet_3', 'to': 'Chiplet_1', 'connection_type': '2.5d_rdl', 'loc': '2.5d_chiplet'},{'from': 'Chiplet_5', 'to': 'Chiplet_3', 'connection_type': '2.5d_rdl', 'loc': '2.5d_chiplet'},{'from': 'Chiplet_5', 'to': 'Chiplet_1', 'connection_type': '2.5d_rdl', 'loc': '2.5d_chiplet'},{'from': 'Chiplet_1', 'to': 'Chiplet_3', 'connection_type': '2.5d_rdl', 'loc': '2.5d_chiplet'},{'from': 'Chiplet_1', 'to': 'Chiplet_5', 'connection_type': '2.5d_rdl', 'loc': '2.5d_chiplet'},{'from': 'Chiplet_1', 'to': 'Chiplet_6', 'connection_type': '2.5d_rdl', 'loc': '2.5d_chiplet'},{'from': 'Chiplet_4', 'to': 'Chiplet_3', 'connection_type': '2.5d_rdl', 'loc': '2.5d_chiplet'},{'from': 'Chiplet_4', 'to': 'Chiplet_6', 'connection_type': '2.5d_rdl', 'loc': '2.5d_chiplet'},{'from': 'Chiplet_6', 'to': 'Chiplet_4', 'connection_type': '2.5d_rdl', 'loc': '2.5d_chiplet'},{'from': 'Chiplet_6', 'to': 'Chiplet_1', 'connection_type': '2.5d_rdl', 'loc': '2.5d_chiplet'}",1,1,5,4,2,3,hbm3,ucie_std,ucie_3d,0,0,is,0,0,0
404,32.52221793975577,3909143.88,124994.95578069733,176911287.51262963,4890.272331154683,6763.86217844394,404,3.3193280905479132,5.538366334949999,3072,128x128,10,14.117807839976791,15.979573171754398,6144,192x192,14,1.3653681800824635,3.1172648505374996,512,96x96,10,5.656782838920179,6.821646341899999,2048,128x128,14,1.8849981800824636,3.1172648505374996,2048,96x96,10,1.51595254,4.475,1024,128x128,7,2.5d_3d,"{'from': 'Chiplet_4', 'to': 'Chiplet_5', 'connection_type': '3d_u_bump', 'loc': 'stack0_base'},{'from': 'Chiplet_5', 'to': 'Chiplet_6', 'connection_type': '3d_u_bump', 'loc': 'stack0_middle1'},{'from': 'Chiplet_6', 'to': 'Chiplet_3', 'connection_type': '3d_u_bump', 'loc': 'stack0_middle2'},{'from': 'Chiplet_3', 'to': 'na', 'connection_type': '3d_u_bump', 'loc': 'stack0_top'},{'from': 'Chiplet_2', 'to': 'Chiplet_4', 'connection_type': '2.5d_emib', 'loc': '2.5d_chiplet'},{'from': 'Chiplet_2', 'to': 'Chiplet_1', 'connection_type': '2.5d_emib', 'loc': '2.5d_chiplet'},{'from': 'Chiplet_4', 'to': 'Chiplet_1', 'connection_type': '2.5d_emib', 'loc': '2.5d_chiplet'},{'from': 'Chiplet_4', 'to': 'Chiplet_2', 'connection_type': '2.5d_emib', 'loc': '2.5d_chiplet'},{'from': 'Chiplet_1', 'to': 'Chiplet_4', 'connection_type': '2.5d_emib', 'loc': '2.5d_chiplet'},{'from': 'Chiplet_1', 'to': 'Chiplet_2', 'connection_type': '2.5d_emib', 'loc': '2.5d_chiplet'}",1,3,1,1,1,1,ddr4,ucie_adv,ucie_3d,1,0,os,0,0,0
405,9.4501747443123,1648468.44,52607.91181790469,189170235.56102884,6583.562091503269,5836.08002178543,405,1.51595254,4.475,1024,128x128,7,3.3193280905479132,5.538366334949999,3072,128x128,10,2.597993382379395,3.8395579270749995,512,96x96,14,0.656621759447044,1.3845915837374998,256,64x64,10,1.8849981800824636,3.1172648505374996,2048,96x96,10,0.638803,1.11875,1024,64x64,7,2.5d_3d,"{'from': 'Chiplet_3', 'to': 'Chiplet_5', 'connection_type': '3d_hyb_bond', 'loc': 'stack0_base'},{'from': 'Chiplet_5', 'to': 'Chiplet_1', 'connection_type': '3d_hyb_bond', 'loc': 'stack0_middle1'},{'from': 'Chiplet_1', 'to': 'Chiplet_6', 'connection_type': '3d_hyb_bond', 'loc': 'stack0_middle2'},{'from': 'Chiplet_6', 'to': 'na', 'connection_type': '3d_hyb_bond', 'loc': 'stack0_top'},{'from': 'Chiplet_2', 'to': 'Chiplet_3', 'connection_type': '2.5d_rdl', 'loc': '2.5d_chiplet'},{'from': 'Chiplet_2', 'to': 'Chiplet_4', 'connection_type': '2.5d_rdl', 'loc': '2.5d_chiplet'},{'from': 'Chiplet_3', 'to': 'Chiplet_4', 'connection_type': '2.5d_rdl', 'loc': '2.5d_chiplet'},{'from': 'Chiplet_3', 'to': 'Chiplet_2', 'connection_type': '2.5d_rdl', 'loc': '2.5d_chiplet'},{'from': 'Chiplet_4', 'to': 'Chiplet_3', 'connection_type': '2.5d_rdl', 'loc': '2.5d_chiplet'},{'from': 'Chiplet_4', 'to': 'Chiplet_2', 'connection_type': '2.5d_rdl', 'loc': '2.5d_chiplet'}",1,2,2,1,1,1,ddr4,ucie_std,ucie_3d,1,0,ws,0,0,0
406,26.938809000992737,2861056.09,75802.85880814666,144340185.30212903,45642.45170609368,24822.269248972792,406,2.55521354,4.475,4096,128x128,7,1.4141952089375351,1.7054115854749998,512,64x64,14,2.20879254,4.475,3072,128x128,7,1.86237254,4.475,2048,128x128,7,6.975099908490179,6.821646341899999,4096,128x128,14,2.20879254,4.475,3072,128x128,7,2.5d,"{'from': 'Chiplet_5', 'to': 'Chiplet_1', 'connection_type': '2.5d_rdl', 'loc': '2.5d_chiplet'},{'from': 'Chiplet_5', 'to': 'Chiplet_2', 'connection_type': '2.5d_rdl', 'loc': '2.5d_chiplet'},{'from': 'Chiplet_2', 'to': 'Chiplet_3', 'connection_type': '2.5d_rdl', 'loc': '2.5d_chiplet'},{'from': 'Chiplet_2', 'to': 'Chiplet_5', 'connection_type': '2.5d_rdl', 'loc': '2.5d_chiplet'},{'from': 'Chiplet_2', 'to': 'Chiplet_1', 'connection_type': '2.5d_rdl', 'loc': '2.5d_chiplet'},{'from': 'Chiplet_1', 'to': 'Chiplet_4', 'connection_type': '2.5d_rdl', 'loc': '2.5d_chiplet'},{'from': 'Chiplet_1', 'to': 'Chiplet_5', 'connection_type': '2.5d_rdl', 'loc': '2.5d_chiplet'},{'from': 'Chiplet_1', 'to': 'Chiplet_3', 'connection_type': '2.5d_rdl', 'loc': '2.5d_chiplet'},{'from': 'Chiplet_1', 'to': 'Chiplet_2', 'connection_type': '2.5d_rdl', 'loc': '2.5d_chiplet'},{'from': 'Chiplet_4', 'to': 'Chiplet_1', 'connection_type': '2.5d_rdl', 'loc': '2.5d_chiplet'},{'from': 'Chiplet_4', 'to': 'Chiplet_6', 'connection_type': '2.5d_rdl', 'loc': '2.5d_chiplet'},{'from': 'Chiplet_3', 'to': 'Chiplet_1', 'connection_type': '2.5d_rdl', 'loc': '2.5d_chiplet'},{'from': 'Chiplet_3', 'to': 'Chiplet_2', 'connection_type': '2.5d_rdl', 'loc': '2.5d_chiplet'},{'from': 'Chiplet_3', 'to': 'Chiplet_6', 'connection_type': '2.5d_rdl', 'loc': '2.5d_chiplet'},{'from': 'Chiplet_6', 'to': 'Chiplet_3', 'connection_type': '2.5d_rdl', 'loc': '2.5d_chiplet'},{'from': 'Chiplet_6', 'to': 'Chiplet_4', 'connection_type': '2.5d_rdl', 'loc': '2.5d_chiplet'}",1,1,1,1,3,1,ddr4,ucie_std,na,1,0,is,1,0,0
407,60.800603024144245,5391742.46,125603.20574119022,111807500.30008064,17125.85459878384,18624.19035984977,407,3.2571509657793953,3.8395579270749995,1536,96x96,14,5.5109919519999995,10.4826,8192,192x192,7,12.799492673176792,15.979573171754398,4096,192x192,14,3.2571509657793953,3.8395579270749995,1536,96x96,14,1.131132696,2.51875,1536,96x96,7,12.799492673176792,15.979573171754398,4096,192x192,14,2.5d,"{'from': 'Chiplet_3', 'to': 'Chiplet_5', 'connection_type': '2.5d_rdl', 'loc': '2.5d_chiplet'},{'from': 'Chiplet_3', 'to': 'Chiplet_2', 'connection_type': '2.5d_rdl', 'loc': '2.5d_chiplet'},{'from': 'Chiplet_3', 'to': 'Chiplet_6', 'connection_type': '2.5d_rdl', 'loc': '2.5d_chiplet'},{'from': 'Chiplet_2', 'to': 'Chiplet_3', 'connection_type': '2.5d_rdl', 'loc': '2.5d_chiplet'},{'from': 'Chiplet_2', 'to': 'Chiplet_5', 'connection_type': '2.5d_rdl', 'loc': '2.5d_chiplet'},{'from': 'Chiplet_5', 'to': 'Chiplet_3', 'connection_type': '2.5d_rdl', 'loc': '2.5d_chiplet'},{'from': 'Chiplet_5', 'to': 'Chiplet_2', 'connection_type': '2.5d_rdl', 'loc': '2.5d_chiplet'},{'from': 'Chiplet_6', 'to': 'Chiplet_3', 'connection_type': '2.5d_rdl', 'loc': '2.5d_chiplet'},{'from': 'Chiplet_6', 'to': 'Chiplet_4', 'connection_type': '2.5d_rdl', 'loc': '2.5d_chiplet'},{'from': 'Chiplet_6', 'to': 'Chiplet_1', 'connection_type': '2.5d_rdl', 'loc': '2.5d_chiplet'},{'from': 'Chiplet_1', 'to': 'Chiplet_4', 'connection_type': '2.5d_rdl', 'loc': '2.5d_chiplet'},{'from': 'Chiplet_1', 'to': 'Chiplet_6', 'connection_type': '2.5d_rdl', 'loc': '2.5d_chiplet'},{'from': 'Chiplet_4', 'to': 'Chiplet_1', 'connection_type': '2.5d_rdl', 'loc': '2.5d_chiplet'},{'from': 'Chiplet_4', 'to': 'Chiplet_6', 'connection_type': '2.5d_rdl', 'loc': '2.5d_chiplet'}",1,1,2,1,1,2,ddr5,ucie_std,na,1,0,os,1,0,0
408,26.209453515120693,2506150.28,64071.039284359125,93554407.22347713,13011.374392974396,9008.725321237136,408,0.656621759447044,1.3845915837374998,256,64x64,10,5.656782838920179,6.821646341899999,2048,128x128,14,1.743774000637535,1.7054115854749998,1024,64x64,14,1.3653681800824635,3.1172648505374996,512,96x96,10,6.726740457366197,12.973514847541198,4096,192x192,10,1.51595254,4.475,1024,128x128,7,2.5d,"{'from': 'Chiplet_5', 'to': 'Chiplet_3', 'connection_type': '2.5d_rdl', 'loc': '2.5d_chiplet'},{'from': 'Chiplet_5', 'to': 'Chiplet_1', 'connection_type': '2.5d_rdl', 'loc': '2.5d_chiplet'},{'from': 'Chiplet_5', 'to': 'Chiplet_2', 'connection_type': '2.5d_rdl', 'loc': '2.5d_chiplet'},{'from': 'Chiplet_5', 'to': 'Chiplet_6', 'connection_type': '2.5d_rdl', 'loc': '2.5d_chiplet'},{'from': 'Chiplet_6', 'to': 'Chiplet_5', 'connection_type': '2.5d_rdl', 'loc': '2.5d_chiplet'},{'from': 'Chiplet_6', 'to': 'Chiplet_1', 'connection_type': '2.5d_rdl', 'loc': '2.5d_chiplet'},{'from': 'Chiplet_1', 'to': 'Chiplet_5', 'connection_type': '2.5d_rdl', 'loc': '2.5d_chiplet'},{'from': 'Chiplet_1', 'to': 'Chiplet_6', 'connection_type': '2.5d_rdl', 'loc': '2.5d_chiplet'},{'from': 'Chiplet_2', 'to': 'Chiplet_3', 'connection_type': '2.5d_rdl', 'loc': '2.5d_chiplet'},{'from': 'Chiplet_2', 'to': 'Chiplet_5', 'connection_type': '2.5d_rdl', 'loc': '2.5d_chiplet'},{'from': 'Chiplet_2', 'to': 'Chiplet_4', 'connection_type': '2.5d_rdl', 'loc': '2.5d_chiplet'},{'from': 'Chiplet_3', 'to': 'Chiplet_4', 'connection_type': '2.5d_rdl', 'loc': '2.5d_chiplet'},{'from': 'Chiplet_3', 'to': 'Chiplet_5', 'connection_type': '2.5d_rdl', 'loc': '2.5d_chiplet'},{'from': 'Chiplet_3', 'to': 'Chiplet_2', 'connection_type': '2.5d_rdl', 'loc': '2.5d_chiplet'},{'from': 'Chiplet_4', 'to': 'Chiplet_3', 'connection_type': '2.5d_rdl', 'loc': '2.5d_chiplet'},{'from': 'Chiplet_4', 'to': 'Chiplet_2', 'connection_type': '2.5d_rdl', 'loc': '2.5d_chiplet'}",1,2,1,1,2,1,ddr5,ucie_std,na,0,0,os,1,0,0
409,27.748189169186876,3652581.38,155308.58087328443,177503344.06559393,6223.954248366013,7067.059027118619,409,2.20879254,4.475,3072,128x128,7,0.743226759447044,1.3845915837374998,512,64x64,10,1.86237254,4.475,2048,128x128,7,0.656621759447044,1.3845915837374998,256,64x64,10,15.436124909546791,15.979573171754398,8192,192x192,14,2.6264880905479133,5.538366334949999,1024,128x128,10,2.5d_3d,"{'from': 'Chiplet_3', 'to': 'Chiplet_2', 'connection_type': '3d_hyb_bond', 'loc': 'stack0_base'},{'from': 'Chiplet_2', 'to': 'na', 'connection_type': '3d_hyb_bond', 'loc': 'stack0_top'},{'from': 'Chiplet_5', 'to': 'Chiplet_1', 'connection_type': '2.5d_emib', 'loc': '2.5d_chiplet'},{'from': 'Chiplet_5', 'to': 'Chiplet_6', 'connection_type': '2.5d_emib', 'loc': '2.5d_chiplet'},{'from': 'Chiplet_6', 'to': 'Chiplet_4', 'connection_type': '2.5d_emib', 'loc': '2.5d_chiplet'},{'from': 'Chiplet_6', 'to': 'Chiplet_5', 'connection_type': '2.5d_emib', 'loc': '2.5d_chiplet'},{'from': 'Chiplet_6', 'to': 'Chiplet_1', 'connection_type': '2.5d_emib', 'loc': '2.5d_chiplet'},{'from': 'Chiplet_4', 'to': 'Chiplet_3', 'connection_type': '2.5d_emib', 'loc': '2.5d_chiplet'},{'from': 'Chiplet_4', 'to': 'Chiplet_6', 'connection_type': '2.5d_emib', 'loc': '2.5d_chiplet'},{'from': 'Chiplet_1', 'to': 'Chiplet_3', 'connection_type': '2.5d_emib', 'loc': '2.5d_chiplet'},{'from': 'Chiplet_1', 'to': 'Chiplet_5', 'connection_type': '2.5d_emib', 'loc': '2.5d_chiplet'},{'from': 'Chiplet_1', 'to': 'Chiplet_6', 'connection_type': '2.5d_emib', 'loc': '2.5d_chiplet'},{'from': 'Chiplet_3', 'to': 'Chiplet_4', 'connection_type': '2.5d_emib', 'loc': '2.5d_chiplet'},{'from': 'Chiplet_3', 'to': 'Chiplet_1', 'connection_type': '2.5d_emib', 'loc': '2.5d_chiplet'}",1,1,1,1,3,1,ddr4,bow,ucie_3d,0,0,is,0,0,0
410,11.274977826764854,1871282.57,49419.16402249181,96839817.91885778,15601.410788866157,7928.146480953157,410,2.6264880905479133,5.538366334949999,1024,128x128,10,1.86237254,4.475,2048,128x128,7,0.829831759447044,1.3845915837374998,768,64x64,10,3.665749090547913,5.538366334949999,4096,128x128,10,1.3653681800824635,3.1172648505374996,512,96x96,10,0.829831759447044,1.3845915837374998,768,64x64,10,2.5d_3d,"{'from': 'Chiplet_1', 'to': 'Chiplet_5', 'connection_type': '3d_hyb_bond', 'loc': 'stack0_base'},{'from': 'Chiplet_5', 'to': 'Chiplet_6', 'connection_type': '3d_hyb_bond', 'loc': 'stack0_middle1'},{'from': 'Chiplet_6', 'to': 'na', 'connection_type': '3d_hyb_bond', 'loc': 'stack0_top'},{'from': 'Chiplet_4', 'to': 'Chiplet_3', 'connection_type': '2.5d_rdl', 'loc': '2.5d_chiplet'},{'from': 'Chiplet_4', 'to': 'Chiplet_1', 'connection_type': '2.5d_rdl', 'loc': '2.5d_chiplet'},{'from': 'Chiplet_4', 'to': 'Chiplet_2', 'connection_type': '2.5d_rdl', 'loc': '2.5d_chiplet'},{'from': 'Chiplet_3', 'to': 'Chiplet_4', 'connection_type': '2.5d_rdl', 'loc': '2.5d_chiplet'},{'from': 'Chiplet_3', 'to': 'Chiplet_2', 'connection_type': '2.5d_rdl', 'loc': '2.5d_chiplet'},{'from': 'Chiplet_1', 'to': 'Chiplet_4', 'connection_type': '2.5d_rdl', 'loc': '2.5d_chiplet'},{'from': 'Chiplet_1', 'to': 'Chiplet_2', 'connection_type': '2.5d_rdl', 'loc': '2.5d_chiplet'},{'from': 'Chiplet_2', 'to': 'Chiplet_4', 'connection_type': '2.5d_rdl', 'loc': '2.5d_chiplet'},{'from': 'Chiplet_2', 'to': 'Chiplet_1', 'connection_type': '2.5d_rdl', 'loc': '2.5d_chiplet'},{'from': 'Chiplet_2', 'to': 'Chiplet_3', 'connection_type': '2.5d_rdl', 'loc': '2.5d_chiplet'}",2,1,1,2,1,1,ddr5,ucie_std,ucie_3d,0,0,os,1,0,0
411,20.990260949717456,2692506.8,62418.93308650942,38805281.54743476,4196.769815418023,2914.5924778751682,411,1.7117881800824635,3.1172648505374996,1536,96x96,10,0.46559300000000003,1.11875,512,64x64,7,4.9976252555201786,6.821646341899999,1024,128x128,14,1.51595254,4.475,1024,128x128,7,4.1253109519999995,10.4826,4096,192x192,7,0.784712696,2.51875,512,96x96,7,2.5d,"{'from': 'Chiplet_3', 'to': 'Chiplet_4', 'connection_type': '2.5d_rdl', 'loc': '2.5d_chiplet'},{'from': 'Chiplet_3', 'to': 'Chiplet_5', 'connection_type': '2.5d_rdl', 'loc': '2.5d_chiplet'},{'from': 'Chiplet_3', 'to': 'Chiplet_1', 'connection_type': '2.5d_rdl', 'loc': '2.5d_chiplet'},{'from': 'Chiplet_3', 'to': 'Chiplet_2', 'connection_type': '2.5d_rdl', 'loc': '2.5d_chiplet'},{'from': 'Chiplet_4', 'to': 'Chiplet_3', 'connection_type': '2.5d_rdl', 'loc': '2.5d_chiplet'},{'from': 'Chiplet_4', 'to': 'Chiplet_2', 'connection_type': '2.5d_rdl', 'loc': '2.5d_chiplet'},{'from': 'Chiplet_2', 'to': 'Chiplet_4', 'connection_type': '2.5d_rdl', 'loc': '2.5d_chiplet'},{'from': 'Chiplet_2', 'to': 'Chiplet_3', 'connection_type': '2.5d_rdl', 'loc': '2.5d_chiplet'},{'from': 'Chiplet_5', 'to': 'Chiplet_3', 'connection_type': '2.5d_rdl', 'loc': '2.5d_chiplet'},{'from': 'Chiplet_5', 'to': 'Chiplet_1', 'connection_type': '2.5d_rdl', 'loc': '2.5d_chiplet'},{'from': 'Chiplet_5', 'to': 'Chiplet_6', 'connection_type': '2.5d_rdl', 'loc': '2.5d_chiplet'},{'from': 'Chiplet_1', 'to': 'Chiplet_3', 'connection_type': '2.5d_rdl', 'loc': '2.5d_chiplet'},{'from': 'Chiplet_1', 'to': 'Chiplet_5', 'connection_type': '2.5d_rdl', 'loc': '2.5d_chiplet'},{'from': 'Chiplet_1', 'to': 'Chiplet_6', 'connection_type': '2.5d_rdl', 'loc': '2.5d_chiplet'},{'from': 'Chiplet_6', 'to': 'Chiplet_5', 'connection_type': '2.5d_rdl', 'loc': '2.5d_chiplet'},{'from': 'Chiplet_6', 'to': 'Chiplet_1', 'connection_type': '2.5d_rdl', 'loc': '2.5d_chiplet'}",2,1,6,2,4,1,hbm3,ucie_std,na,1,0,is,0,0,0
412,28.683307812626804,2715195.1,73783.249785376,148078896.45078048,15496.463274088233,10711.343102705332,412,1.5385781800824634,3.1172648505374996,1024,96x96,10,0.743226759447044,1.3845915837374998,512,64x64,10,0.656621759447044,1.3845915837374998,256,64x64,10,15.436124909546791,15.979573171754398,8192,192x192,14,1.4141952089375351,1.7054115854749998,512,64x64,14,1.86237254,4.475,2048,128x128,7,2.5d,"{'from': 'Chiplet_4', 'to': 'Chiplet_1', 'connection_type': '2.5d_rdl', 'loc': '2.5d_chiplet'},{'from': 'Chiplet_4', 'to': 'Chiplet_6', 'connection_type': '2.5d_rdl', 'loc': '2.5d_chiplet'},{'from': 'Chiplet_6', 'to': 'Chiplet_4', 'connection_type': '2.5d_rdl', 'loc': '2.5d_chiplet'},{'from': 'Chiplet_6', 'to': 'Chiplet_3', 'connection_type': '2.5d_rdl', 'loc': '2.5d_chiplet'},{'from': 'Chiplet_6', 'to': 'Chiplet_1', 'connection_type': '2.5d_rdl', 'loc': '2.5d_chiplet'},{'from': 'Chiplet_6', 'to': 'Chiplet_2', 'connection_type': '2.5d_rdl', 'loc': '2.5d_chiplet'},{'from': 'Chiplet_2', 'to': 'Chiplet_3', 'connection_type': '2.5d_rdl', 'loc': '2.5d_chiplet'},{'from': 'Chiplet_2', 'to': 'Chiplet_6', 'connection_type': '2.5d_rdl', 'loc': '2.5d_chiplet'},{'from': 'Chiplet_3', 'to': 'Chiplet_5', 'connection_type': '2.5d_rdl', 'loc': '2.5d_chiplet'},{'from': 'Chiplet_3', 'to': 'Chiplet_2', 'connection_type': '2.5d_rdl', 'loc': '2.5d_chiplet'},{'from': 'Chiplet_3', 'to': 'Chiplet_6', 'connection_type': '2.5d_rdl', 'loc': '2.5d_chiplet'},{'from': 'Chiplet_1', 'to': 'Chiplet_4', 'connection_type': '2.5d_rdl', 'loc': '2.5d_chiplet'},{'from': 'Chiplet_1', 'to': 'Chiplet_5', 'connection_type': '2.5d_rdl', 'loc': '2.5d_chiplet'},{'from': 'Chiplet_1', 'to': 'Chiplet_6', 'connection_type': '2.5d_rdl', 'loc': '2.5d_chiplet'},{'from': 'Chiplet_5', 'to': 'Chiplet_3', 'connection_type': '2.5d_rdl', 'loc': '2.5d_chiplet'},{'from': 'Chiplet_5', 'to': 'Chiplet_1', 'connection_type': '2.5d_rdl', 'loc': '2.5d_chiplet'}",1,1,1,3,1,1,ddr4,ucie_std,na,1,0,os,1,0,0
413,24.019949516371707,2214431.31,56448.8939471818,137683425.34900528,23512.134586992008,13558.851928289972,413,1.5385781800824634,3.1172648505374996,1024,96x96,10,2.972908090547913,5.538366334949999,2048,128x128,10,5.656782838920179,6.821646341899999,2048,128x128,14,1.3653681800824635,3.1172648505374996,512,96x96,10,0.656621759447044,1.3845915837374998,256,64x64,10,3.665749090547913,5.538366334949999,4096,128x128,10,2.5d,"{'from': 'Chiplet_3', 'to': 'Chiplet_5', 'connection_type': '2.5d_rdl', 'loc': '2.5d_chiplet'},{'from': 'Chiplet_3', 'to': 'Chiplet_1', 'connection_type': '2.5d_rdl', 'loc': '2.5d_chiplet'},{'from': 'Chiplet_3', 'to': 'Chiplet_2', 'connection_type': '2.5d_rdl', 'loc': '2.5d_chiplet'},{'from': 'Chiplet_3', 'to': 'Chiplet_6', 'connection_type': '2.5d_rdl', 'loc': '2.5d_chiplet'},{'from': 'Chiplet_1', 'to': 'Chiplet_3', 'connection_type': '2.5d_rdl', 'loc': '2.5d_chiplet'},{'from': 'Chiplet_1', 'to': 'Chiplet_5', 'connection_type': '2.5d_rdl', 'loc': '2.5d_chiplet'},{'from': 'Chiplet_5', 'to': 'Chiplet_3', 'connection_type': '2.5d_rdl', 'loc': '2.5d_chiplet'},{'from': 'Chiplet_5', 'to': 'Chiplet_1', 'connection_type': '2.5d_rdl', 'loc': '2.5d_chiplet'},{'from': 'Chiplet_6', 'to': 'Chiplet_3', 'connection_type': '2.5d_rdl', 'loc': '2.5d_chiplet'},{'from': 'Chiplet_6', 'to': 'Chiplet_4', 'connection_type': '2.5d_rdl', 'loc': '2.5d_chiplet'},{'from': 'Chiplet_6', 'to': 'Chiplet_2', 'connection_type': '2.5d_rdl', 'loc': '2.5d_chiplet'},{'from': 'Chiplet_2', 'to': 'Chiplet_3', 'connection_type': '2.5d_rdl', 'loc': '2.5d_chiplet'},{'from': 'Chiplet_2', 'to': 'Chiplet_4', 'connection_type': '2.5d_rdl', 'loc': '2.5d_chiplet'},{'from': 'Chiplet_2', 'to': 'Chiplet_6', 'connection_type': '2.5d_rdl', 'loc': '2.5d_chiplet'},{'from': 'Chiplet_4', 'to': 'Chiplet_2', 'connection_type': '2.5d_rdl', 'loc': '2.5d_chiplet'},{'from': 'Chiplet_4', 'to': 'Chiplet_6', 'connection_type': '2.5d_rdl', 'loc': '2.5d_chiplet'}",1,1,3,1,1,1,ddr4,ucie_std,na,0,0,is,1,0,0
414,34.49590448129325,3201961.4,85264.48729368385,133421274.75654428,4595.206297502715,5315.964797989992,414,2.927572174079395,3.8395579270749995,1024,96x96,14,6.975099908490179,6.821646341899999,4096,128x128,14,0.743226759447044,1.3845915837374998,512,64x64,10,0.743226759447044,1.3845915837374998,512,64x64,10,1.51595254,4.475,1024,128x128,7,14.117807839976791,15.979573171754398,6144,192x192,14,2.5d,"{'from': 'Chiplet_6', 'to': 'Chiplet_1', 'connection_type': '2.5d_rdl', 'loc': '2.5d_chiplet'},{'from': 'Chiplet_6', 'to': 'Chiplet_2', 'connection_type': '2.5d_rdl', 'loc': '2.5d_chiplet'},{'from': 'Chiplet_2', 'to': 'Chiplet_5', 'connection_type': '2.5d_rdl', 'loc': '2.5d_chiplet'},{'from': 'Chiplet_2', 'to': 'Chiplet_1', 'connection_type': '2.5d_rdl', 'loc': '2.5d_chiplet'},{'from': 'Chiplet_2', 'to': 'Chiplet_6', 'connection_type': '2.5d_rdl', 'loc': '2.5d_chiplet'},{'from': 'Chiplet_1', 'to': 'Chiplet_3', 'connection_type': '2.5d_rdl', 'loc': '2.5d_chiplet'},{'from': 'Chiplet_1', 'to': 'Chiplet_5', 'connection_type': '2.5d_rdl', 'loc': '2.5d_chiplet'},{'from': 'Chiplet_1', 'to': 'Chiplet_2', 'connection_type': '2.5d_rdl', 'loc': '2.5d_chiplet'},{'from': 'Chiplet_1', 'to': 'Chiplet_6', 'connection_type': '2.5d_rdl', 'loc': '2.5d_chiplet'},{'from': 'Chiplet_5', 'to': 'Chiplet_3', 'connection_type': '2.5d_rdl', 'loc': '2.5d_chiplet'},{'from': 'Chiplet_5', 'to': 'Chiplet_4', 'connection_type': '2.5d_rdl', 'loc': '2.5d_chiplet'},{'from': 'Chiplet_5', 'to': 'Chiplet_1', 'connection_type': '2.5d_rdl', 'loc': '2.5d_chiplet'},{'from': 'Chiplet_5', 'to': 'Chiplet_2', 'connection_type': '2.5d_rdl', 'loc': '2.5d_chiplet'},{'from': 'Chiplet_3', 'to': 'Chiplet_4', 'connection_type': '2.5d_rdl', 'loc': '2.5d_chiplet'},{'from': 'Chiplet_3', 'to': 'Chiplet_5', 'connection_type': '2.5d_rdl', 'loc': '2.5d_chiplet'},{'from': 'Chiplet_3', 'to': 'Chiplet_1', 'connection_type': '2.5d_rdl', 'loc': '2.5d_chiplet'},{'from': 'Chiplet_4', 'to': 'Chiplet_3', 'connection_type': '2.5d_rdl', 'loc': '2.5d_chiplet'},{'from': 'Chiplet_4', 'to': 'Chiplet_5', 'connection_type': '2.5d_rdl', 'loc': '2.5d_chiplet'}",1,1,1,1,1,3,ddr5,ucie_std,na,1,0,ws,0,0,0
415,43.14126754030707,5518186.33,104364.11325078148,58584224.8390787,5550.833333333333,5924.387426808053,415,0.638803,1.11875,1024,64x64,7,11.481175603606792,15.979573171754398,2048,192x192,14,2.927572174079395,3.8395579270749995,1024,96x96,14,6.033899457366197,12.973514847541198,2048,192x192,10,5.5109919519999995,10.4826,8192,192x192,7,1.8849981800824636,3.1172648505374996,2048,96x96,10,2.5d_3d,"{'from': 'Chiplet_6', 'to': 'Chiplet_1', 'connection_type': '3d_tsv', 'loc': 'stack0_base'},{'from': 'Chiplet_1', 'to': 'na', 'connection_type': '3d_tsv', 'loc': 'stack0_top'},{'from': 'Chiplet_2', 'to': 'Chiplet_4', 'connection_type': '2.5d_rdl', 'loc': '2.5d_chiplet'},{'from': 'Chiplet_2', 'to': 'Chiplet_5', 'connection_type': '2.5d_rdl', 'loc': '2.5d_chiplet'},{'from': 'Chiplet_2', 'to': 'Chiplet_3', 'connection_type': '2.5d_rdl', 'loc': '2.5d_chiplet'},{'from': 'Chiplet_3', 'to': 'Chiplet_5', 'connection_type': '2.5d_rdl', 'loc': '2.5d_chiplet'},{'from': 'Chiplet_3', 'to': 'Chiplet_2', 'connection_type': '2.5d_rdl', 'loc': '2.5d_chiplet'},{'from': 'Chiplet_4', 'to': 'Chiplet_5', 'connection_type': '2.5d_rdl', 'loc': '2.5d_chiplet'},{'from': 'Chiplet_4', 'to': 'Chiplet_2', 'connection_type': '2.5d_rdl', 'loc': '2.5d_chiplet'},{'from': 'Chiplet_4', 'to': 'Chiplet_6', 'connection_type': '2.5d_rdl', 'loc': '2.5d_chiplet'},{'from': 'Chiplet_5', 'to': 'Chiplet_3', 'connection_type': '2.5d_rdl', 'loc': '2.5d_chiplet'},{'from': 'Chiplet_5', 'to': 'Chiplet_4', 'connection_type': '2.5d_rdl', 'loc': '2.5d_chiplet'},{'from': 'Chiplet_5', 'to': 'Chiplet_2', 'connection_type': '2.5d_rdl', 'loc': '2.5d_chiplet'},{'from': 'Chiplet_5', 'to': 'Chiplet_6', 'connection_type': '2.5d_rdl', 'loc': '2.5d_chiplet'},{'from': 'Chiplet_6', 'to': 'Chiplet_4', 'connection_type': '2.5d_rdl', 'loc': '2.5d_chiplet'},{'from': 'Chiplet_6', 'to': 'Chiplet_5', 'connection_type': '2.5d_rdl', 'loc': '2.5d_chiplet'}",1,6,2,3,3,1,hbm2,ucie_std,ucie_3d,0,0,is,0,0,0
416,24.907619200618587,3370266.02,171904.75663910207,47092352.31813879,4196.769815418023,3112.2886298096537,416,2.55521354,4.475,4096,128x128,7,1.4141952089375351,1.7054115854749998,512,64x64,14,4.818150952,10.4826,6144,192x192,7,1.7117881800824635,3.1172648505374996,1536,96x96,10,4.9976252555201786,6.821646341899999,1024,128x128,14,0.957922696,2.51875,1024,96x96,7,2.5d,"{'from': 'Chiplet_5', 'to': 'Chiplet_3', 'connection_type': '2.5d_emib', 'loc': '2.5d_chiplet'},{'from': 'Chiplet_5', 'to': 'Chiplet_4', 'connection_type': '2.5d_emib', 'loc': '2.5d_chiplet'},{'from': 'Chiplet_5', 'to': 'Chiplet_2', 'connection_type': '2.5d_emib', 'loc': '2.5d_chiplet'},{'from': 'Chiplet_4', 'to': 'Chiplet_5', 'connection_type': '2.5d_emib', 'loc': '2.5d_chiplet'},{'from': 'Chiplet_4', 'to': 'Chiplet_2', 'connection_type': '2.5d_emib', 'loc': '2.5d_chiplet'},{'from': 'Chiplet_2', 'to': 'Chiplet_4', 'connection_type': '2.5d_emib', 'loc': '2.5d_chiplet'},{'from': 'Chiplet_2', 'to': 'Chiplet_5', 'connection_type': '2.5d_emib', 'loc': '2.5d_chiplet'},{'from': 'Chiplet_3', 'to': 'Chiplet_5', 'connection_type': '2.5d_emib', 'loc': '2.5d_chiplet'},{'from': 'Chiplet_3', 'to': 'Chiplet_1', 'connection_type': '2.5d_emib', 'loc': '2.5d_chiplet'},{'from': 'Chiplet_3', 'to': 'Chiplet_6', 'connection_type': '2.5d_emib', 'loc': '2.5d_chiplet'},{'from': 'Chiplet_1', 'to': 'Chiplet_3', 'connection_type': '2.5d_emib', 'loc': '2.5d_chiplet'},{'from': 'Chiplet_1', 'to': 'Chiplet_6', 'connection_type': '2.5d_emib', 'loc': '2.5d_chiplet'},{'from': 'Chiplet_6', 'to': 'Chiplet_3', 'connection_type': '2.5d_emib', 'loc': '2.5d_chiplet'},{'from': 'Chiplet_6', 'to': 'Chiplet_1', 'connection_type': '2.5d_emib', 'loc': '2.5d_chiplet'}",2,1,5,2,5,1,hbm3,ucie_adv,na,0,0,is,0,0,0
417,16.70380285160099,2191388.91,161106.24175478658,93615999.79395074,9094.039952339079,6488.24080079678,417,0.378988,1.11875,256,64x64,7,0.638803,1.11875,1024,64x64,7,0.378988,1.11875,256,64x64,7,6.726740457366197,12.973514847541198,4096,192x192,10,1.578984604787535,1.7054115854749998,768,64x64,14,3.432469952,10.4826,2048,192x192,7,2.5d,"{'from': 'Chiplet_4', 'to': 'Chiplet_5', 'connection_type': '2.5d_emib', 'loc': '2.5d_chiplet'},{'from': 'Chiplet_4', 'to': 'Chiplet_6', 'connection_type': '2.5d_emib', 'loc': '2.5d_chiplet'},{'from': 'Chiplet_6', 'to': 'Chiplet_4', 'connection_type': '2.5d_emib', 'loc': '2.5d_chiplet'},{'from': 'Chiplet_6', 'to': 'Chiplet_5', 'connection_type': '2.5d_emib', 'loc': '2.5d_chiplet'},{'from': 'Chiplet_6', 'to': 'Chiplet_2', 'connection_type': '2.5d_emib', 'loc': '2.5d_chiplet'},{'from': 'Chiplet_5', 'to': 'Chiplet_4', 'connection_type': '2.5d_emib', 'loc': '2.5d_chiplet'},{'from': 'Chiplet_5', 'to': 'Chiplet_1', 'connection_type': '2.5d_emib', 'loc': '2.5d_chiplet'},{'from': 'Chiplet_5', 'to': 'Chiplet_2', 'connection_type': '2.5d_emib', 'loc': '2.5d_chiplet'},{'from': 'Chiplet_5', 'to': 'Chiplet_6', 'connection_type': '2.5d_emib', 'loc': '2.5d_chiplet'},{'from': 'Chiplet_2', 'to': 'Chiplet_3', 'connection_type': '2.5d_emib', 'loc': '2.5d_chiplet'},{'from': 'Chiplet_2', 'to': 'Chiplet_5', 'connection_type': '2.5d_emib', 'loc': '2.5d_chiplet'},{'from': 'Chiplet_2', 'to': 'Chiplet_1', 'connection_type': '2.5d_emib', 'loc': '2.5d_chiplet'},{'from': 'Chiplet_2', 'to': 'Chiplet_6', 'connection_type': '2.5d_emib', 'loc': '2.5d_chiplet'},{'from': 'Chiplet_1', 'to': 'Chiplet_3', 'connection_type': '2.5d_emib', 'loc': '2.5d_chiplet'},{'from': 'Chiplet_1', 'to': 'Chiplet_5', 'connection_type': '2.5d_emib', 'loc': '2.5d_chiplet'},{'from': 'Chiplet_1', 'to': 'Chiplet_2', 'connection_type': '2.5d_emib', 'loc': '2.5d_chiplet'},{'from': 'Chiplet_3', 'to': 'Chiplet_1', 'connection_type': '2.5d_emib', 'loc': '2.5d_chiplet'},{'from': 'Chiplet_3', 'to': 'Chiplet_2', 'connection_type': '2.5d_emib', 'loc': '2.5d_chiplet'}",1,1,1,3,1,1,ddr5,aib,na,0,0,os,1,0,0
418,36.11350338105567,3588556.72,88318.24877550697,132856886.87274347,4595.206297502715,5540.261002755038,418,6.975099908490179,6.821646341899999,4096,128x128,14,1.304342696,2.51875,2048,96x96,7,2.927572174079395,3.8395579270749995,1024,96x96,14,4.1253109519999995,10.4826,4096,192x192,7,4.1253109519999995,10.4826,4096,192x192,7,1.131132696,2.51875,1536,96x96,7,2.5d,"{'from': 'Chiplet_1', 'to': 'Chiplet_4', 'connection_type': '2.5d_rdl', 'loc': '2.5d_chiplet'},{'from': 'Chiplet_1', 'to': 'Chiplet_3', 'connection_type': '2.5d_rdl', 'loc': '2.5d_chiplet'},{'from': 'Chiplet_3', 'to': 'Chiplet_4', 'connection_type': '2.5d_rdl', 'loc': '2.5d_chiplet'},{'from': 'Chiplet_3', 'to': 'Chiplet_5', 'connection_type': '2.5d_rdl', 'loc': '2.5d_chiplet'},{'from': 'Chiplet_3', 'to': 'Chiplet_1', 'connection_type': '2.5d_rdl', 'loc': '2.5d_chiplet'},{'from': 'Chiplet_4', 'to': 'Chiplet_3', 'connection_type': '2.5d_rdl', 'loc': '2.5d_chiplet'},{'from': 'Chiplet_4', 'to': 'Chiplet_5', 'connection_type': '2.5d_rdl', 'loc': '2.5d_chiplet'},{'from': 'Chiplet_4', 'to': 'Chiplet_1', 'connection_type': '2.5d_rdl', 'loc': '2.5d_chiplet'},{'from': 'Chiplet_4', 'to': 'Chiplet_2', 'connection_type': '2.5d_rdl', 'loc': '2.5d_chiplet'},{'from': 'Chiplet_2', 'to': 'Chiplet_4', 'connection_type': '2.5d_rdl', 'loc': '2.5d_chiplet'},{'from': 'Chiplet_2', 'to': 'Chiplet_6', 'connection_type': '2.5d_rdl', 'loc': '2.5d_chiplet'},{'from': 'Chiplet_5', 'to': 'Chiplet_3', 'connection_type': '2.5d_rdl', 'loc': '2.5d_chiplet'},{'from': 'Chiplet_5', 'to': 'Chiplet_4', 'connection_type': '2.5d_rdl', 'loc': '2.5d_chiplet'},{'from': 'Chiplet_5', 'to': 'Chiplet_6', 'connection_type': '2.5d_rdl', 'loc': '2.5d_chiplet'},{'from': 'Chiplet_6', 'to': 'Chiplet_5', 'connection_type': '2.5d_rdl', 'loc': '2.5d_chiplet'},{'from': 'Chiplet_6', 'to': 'Chiplet_2', 'connection_type': '2.5d_rdl', 'loc': '2.5d_chiplet'}",3,1,1,1,1,1,ddr5,ucie_std,na,0,0,ws,0,0,0
419,13.572233998440936,2126365.0,106951.85192043806,31918334.501837116,33368.77215217015,12506.066718081789,419,6.315940422320179,6.821646341899999,3072,128x128,14,1.51595254,4.475,1024,128x128,7,0.378988,1.11875,256,64x64,7,1.8849981800824636,3.1172648505374996,2048,96x96,10,0.743226759447044,1.3845915837374998,512,64x64,10,0.784712696,2.51875,512,96x96,7,2.5d_3d,"{'from': 'Chiplet_6', 'to': 'Chiplet_5', 'connection_type': '3d_u_bump', 'loc': 'stack0_base'},{'from': 'Chiplet_5', 'to': 'Chiplet_3', 'connection_type': '3d_u_bump', 'loc': 'stack0_middle1'},{'from': 'Chiplet_3', 'to': 'na', 'connection_type': '3d_u_bump', 'loc': 'stack0_top'},{'from': 'Chiplet_1', 'to': 'Chiplet_4', 'connection_type': '2.5d_emib', 'loc': '2.5d_chiplet'},{'from': 'Chiplet_1', 'to': 'Chiplet_2', 'connection_type': '2.5d_emib', 'loc': '2.5d_chiplet'},{'from': 'Chiplet_4', 'to': 'Chiplet_1', 'connection_type': '2.5d_emib', 'loc': '2.5d_chiplet'},{'from': 'Chiplet_4', 'to': 'Chiplet_2', 'connection_type': '2.5d_emib', 'loc': '2.5d_chiplet'},{'from': 'Chiplet_4', 'to': 'Chiplet_6', 'connection_type': '2.5d_emib', 'loc': '2.5d_chiplet'},{'from': 'Chiplet_2', 'to': 'Chiplet_4', 'connection_type': '2.5d_emib', 'loc': '2.5d_chiplet'},{'from': 'Chiplet_2', 'to': 'Chiplet_1', 'connection_type': '2.5d_emib', 'loc': '2.5d_chiplet'},{'from': 'Chiplet_2', 'to': 'Chiplet_6', 'connection_type': '2.5d_emib', 'loc': '2.5d_chiplet'},{'from': 'Chiplet_6', 'to': 'Chiplet_4', 'connection_type': '2.5d_emib', 'loc': '2.5d_chiplet'},{'from': 'Chiplet_6', 'to': 'Chiplet_2', 'connection_type': '2.5d_emib', 'loc': '2.5d_chiplet'}",9,2,1,2,1,1,hbm3,ucie_adv,ucie_3d,1,0,is,1,0,0
420,67.44920523470088,6385634.93,224750.83709428596,141269230.6688006,10231.962298104329,14795.559040198099,420,8.112421457366196,12.973514847541198,8192,192x192,10,14.117807839976791,15.979573171754398,6144,192x192,14,2.927572174079395,3.8395579270749995,1024,96x96,14,11.481175603606792,15.979573171754398,2048,192x192,14,1.8849981800824636,3.1172648505374996,2048,96x96,10,7.419580457366196,12.973514847541198,6144,192x192,10,2.5d,"{'from': 'Chiplet_2', 'to': 'Chiplet_4', 'connection_type': '2.5d_emib', 'loc': '2.5d_chiplet'},{'from': 'Chiplet_2', 'to': 'Chiplet_5', 'connection_type': '2.5d_emib', 'loc': '2.5d_chiplet'},{'from': 'Chiplet_2', 'to': 'Chiplet_1', 'connection_type': '2.5d_emib', 'loc': '2.5d_chiplet'},{'from': 'Chiplet_2', 'to': 'Chiplet_6', 'connection_type': '2.5d_emib', 'loc': '2.5d_chiplet'},{'from': 'Chiplet_6', 'to': 'Chiplet_5', 'connection_type': '2.5d_emib', 'loc': '2.5d_chiplet'},{'from': 'Chiplet_6', 'to': 'Chiplet_2', 'connection_type': '2.5d_emib', 'loc': '2.5d_chiplet'},{'from': 'Chiplet_5', 'to': 'Chiplet_2', 'connection_type': '2.5d_emib', 'loc': '2.5d_chiplet'},{'from': 'Chiplet_5', 'to': 'Chiplet_6', 'connection_type': '2.5d_emib', 'loc': '2.5d_chiplet'},{'from': 'Chiplet_4', 'to': 'Chiplet_3', 'connection_type': '2.5d_emib', 'loc': '2.5d_chiplet'},{'from': 'Chiplet_4', 'to': 'Chiplet_1', 'connection_type': '2.5d_emib', 'loc': '2.5d_chiplet'},{'from': 'Chiplet_4', 'to': 'Chiplet_2', 'connection_type': '2.5d_emib', 'loc': '2.5d_chiplet'},{'from': 'Chiplet_1', 'to': 'Chiplet_3', 'connection_type': '2.5d_emib', 'loc': '2.5d_chiplet'},{'from': 'Chiplet_1', 'to': 'Chiplet_4', 'connection_type': '2.5d_emib', 'loc': '2.5d_chiplet'},{'from': 'Chiplet_1', 'to': 'Chiplet_2', 'connection_type': '2.5d_emib', 'loc': '2.5d_chiplet'},{'from': 'Chiplet_3', 'to': 'Chiplet_4', 'connection_type': '2.5d_emib', 'loc': '2.5d_chiplet'},{'from': 'Chiplet_3', 'to': 'Chiplet_1', 'connection_type': '2.5d_emib', 'loc': '2.5d_chiplet'}",1,2,1,2,1,1,ddr4,ucie_adv,na,0,0,ws,1,0,0
421,66.83981494268934,7419525.21,225819.8618643643,47691273.283196926,8791.661889088653,11071.467016448501,421,3.5867297574793953,3.8395579270749995,2048,96x96,14,14.117807839976791,15.979573171754398,6144,192x192,14,4.1253109519999995,10.4826,4096,192x192,7,14.117807839976791,15.979573171754398,6144,192x192,14,6.033899457366197,12.973514847541198,2048,192x192,10,3.5867297574793953,3.8395579270749995,2048,96x96,14,2.5d,"{'from': 'Chiplet_2', 'to': 'Chiplet_4', 'connection_type': '2.5d_emib', 'loc': '2.5d_chiplet'},{'from': 'Chiplet_2', 'to': 'Chiplet_5', 'connection_type': '2.5d_emib', 'loc': '2.5d_chiplet'},{'from': 'Chiplet_2', 'to': 'Chiplet_6', 'connection_type': '2.5d_emib', 'loc': '2.5d_chiplet'},{'from': 'Chiplet_5', 'to': 'Chiplet_2', 'connection_type': '2.5d_emib', 'loc': '2.5d_chiplet'},{'from': 'Chiplet_5', 'to': 'Chiplet_6', 'connection_type': '2.5d_emib', 'loc': '2.5d_chiplet'},{'from': 'Chiplet_6', 'to': 'Chiplet_5', 'connection_type': '2.5d_emib', 'loc': '2.5d_chiplet'},{'from': 'Chiplet_6', 'to': 'Chiplet_2', 'connection_type': '2.5d_emib', 'loc': '2.5d_chiplet'},{'from': 'Chiplet_4', 'to': 'Chiplet_3', 'connection_type': '2.5d_emib', 'loc': '2.5d_chiplet'},{'from': 'Chiplet_4', 'to': 'Chiplet_1', 'connection_type': '2.5d_emib', 'loc': '2.5d_chiplet'},{'from': 'Chiplet_4', 'to': 'Chiplet_2', 'connection_type': '2.5d_emib', 'loc': '2.5d_chiplet'},{'from': 'Chiplet_3', 'to': 'Chiplet_4', 'connection_type': '2.5d_emib', 'loc': '2.5d_chiplet'},{'from': 'Chiplet_3', 'to': 'Chiplet_1', 'connection_type': '2.5d_emib', 'loc': '2.5d_chiplet'},{'from': 'Chiplet_1', 'to': 'Chiplet_3', 'connection_type': '2.5d_emib', 'loc': '2.5d_chiplet'},{'from': 'Chiplet_1', 'to': 'Chiplet_4', 'connection_type': '2.5d_emib', 'loc': '2.5d_chiplet'}",1,5,2,5,2,1,hbm3,aib,na,0,0,ws,1,0,0
422,19.771934409300293,3344040.86,157238.66031943873,123289524.379206,3509.1237785016287,4620.990734062462,422,3.432469952,10.4826,2048,192x192,7,1.4141952089375351,1.7054115854749998,512,64x64,14,1.51595254,4.475,1024,128x128,7,4.818150952,10.4826,6144,192x192,7,0.957922696,2.51875,1024,96x96,7,6.315940422320179,6.821646341899999,3072,128x128,14,2.5d_3d,"{'from': 'Chiplet_6', 'to': 'Chiplet_4', 'connection_type': '3d_u_bump', 'loc': 'stack0_base'},{'from': 'Chiplet_4', 'to': 'na', 'connection_type': '3d_u_bump', 'loc': 'stack0_top'},{'from': 'Chiplet_6', 'to': 'Chiplet_3', 'connection_type': '2.5d_emib', 'loc': '2.5d_chiplet'},{'from': 'Chiplet_6', 'to': 'Chiplet_5', 'connection_type': '2.5d_emib', 'loc': '2.5d_chiplet'},{'from': 'Chiplet_6', 'to': 'Chiplet_1', 'connection_type': '2.5d_emib', 'loc': '2.5d_chiplet'},{'from': 'Chiplet_5', 'to': 'Chiplet_3', 'connection_type': '2.5d_emib', 'loc': '2.5d_chiplet'},{'from': 'Chiplet_5', 'to': 'Chiplet_6', 'connection_type': '2.5d_emib', 'loc': '2.5d_chiplet'},{'from': 'Chiplet_1', 'to': 'Chiplet_3', 'connection_type': '2.5d_emib', 'loc': '2.5d_chiplet'},{'from': 'Chiplet_1', 'to': 'Chiplet_2', 'connection_type': '2.5d_emib', 'loc': '2.5d_chiplet'},{'from': 'Chiplet_1', 'to': 'Chiplet_6', 'connection_type': '2.5d_emib', 'loc': '2.5d_chiplet'},{'from': 'Chiplet_3', 'to': 'Chiplet_5', 'connection_type': '2.5d_emib', 'loc': '2.5d_chiplet'},{'from': 'Chiplet_3', 'to': 'Chiplet_1', 'connection_type': '2.5d_emib', 'loc': '2.5d_chiplet'},{'from': 'Chiplet_3', 'to': 'Chiplet_2', 'connection_type': '2.5d_emib', 'loc': '2.5d_chiplet'},{'from': 'Chiplet_3', 'to': 'Chiplet_6', 'connection_type': '2.5d_emib', 'loc': '2.5d_chiplet'},{'from': 'Chiplet_2', 'to': 'Chiplet_3', 'connection_type': '2.5d_emib', 'loc': '2.5d_chiplet'},{'from': 'Chiplet_2', 'to': 'Chiplet_1', 'connection_type': '2.5d_emib', 'loc': '2.5d_chiplet'}",1,1,1,2,1,2,ddr5,aib,ucie_3d,1,0,is,0,0,0
423,15.550093976756484,2019104.67,52008.50631707526,56495414.15830091,5312.162162162162,2767.5738646048867,423,1.304342696,2.51875,2048,96x96,7,1.86237254,4.475,2048,128x128,7,0.46559300000000003,1.11875,512,64x64,7,0.829831759447044,1.3845915837374998,768,64x64,10,0.829831759447044,1.3845915837374998,768,64x64,10,6.975099908490179,6.821646341899999,4096,128x128,14,2.5d,"{'from': 'Chiplet_6', 'to': 'Chiplet_1', 'connection_type': '2.5d_rdl', 'loc': '2.5d_chiplet'},{'from': 'Chiplet_6', 'to': 'Chiplet_2', 'connection_type': '2.5d_rdl', 'loc': '2.5d_chiplet'},{'from': 'Chiplet_2', 'to': 'Chiplet_4', 'connection_type': '2.5d_rdl', 'loc': '2.5d_chiplet'},{'from': 'Chiplet_2', 'to': 'Chiplet_5', 'connection_type': '2.5d_rdl', 'loc': '2.5d_chiplet'},{'from': 'Chiplet_2', 'to': 'Chiplet_1', 'connection_type': '2.5d_rdl', 'loc': '2.5d_chiplet'},{'from': 'Chiplet_2', 'to': 'Chiplet_6', 'connection_type': '2.5d_rdl', 'loc': '2.5d_chiplet'},{'from': 'Chiplet_5', 'to': 'Chiplet_4', 'connection_type': '2.5d_rdl', 'loc': '2.5d_chiplet'},{'from': 'Chiplet_5', 'to': 'Chiplet_2', 'connection_type': '2.5d_rdl', 'loc': '2.5d_chiplet'},{'from': 'Chiplet_1', 'to': 'Chiplet_4', 'connection_type': '2.5d_rdl', 'loc': '2.5d_chiplet'},{'from': 'Chiplet_1', 'to': 'Chiplet_2', 'connection_type': '2.5d_rdl', 'loc': '2.5d_chiplet'},{'from': 'Chiplet_1', 'to': 'Chiplet_3', 'connection_type': '2.5d_rdl', 'loc': '2.5d_chiplet'},{'from': 'Chiplet_1', 'to': 'Chiplet_6', 'connection_type': '2.5d_rdl', 'loc': '2.5d_chiplet'},{'from': 'Chiplet_4', 'to': 'Chiplet_3', 'connection_type': '2.5d_rdl', 'loc': '2.5d_chiplet'},{'from': 'Chiplet_4', 'to': 'Chiplet_5', 'connection_type': '2.5d_rdl', 'loc': '2.5d_chiplet'},{'from': 'Chiplet_4', 'to': 'Chiplet_1', 'connection_type': '2.5d_rdl', 'loc': '2.5d_chiplet'},{'from': 'Chiplet_4', 'to': 'Chiplet_2', 'connection_type': '2.5d_rdl', 'loc': '2.5d_chiplet'},{'from': 'Chiplet_3', 'to': 'Chiplet_4', 'connection_type': '2.5d_rdl', 'loc': '2.5d_chiplet'},{'from': 'Chiplet_3', 'to': 'Chiplet_1', 'connection_type': '2.5d_rdl', 'loc': '2.5d_chiplet'}",2,2,1,1,1,9,hbm2,ucie_std,na,0,0,ws,0,0,0
424,44.10399707347767,4978147.82,157553.55126994345,186212263.33468997,3683.954248366013,6364.684008254,424,1.86237254,4.475,2048,128x128,7,0.829831759447044,1.3845915837374998,768,64x64,10,2.20879254,4.475,3072,128x128,7,0.552198,1.11875,768,64x64,7,12.799492673176792,15.979573171754398,4096,192x192,14,15.436124909546791,15.979573171754398,8192,192x192,14,2.5d_3d,"{'from': 'Chiplet_5', 'to': 'Chiplet_2', 'connection_type': '3d_u_bump', 'loc': 'stack0_base'},{'from': 'Chiplet_2', 'to': 'Chiplet_4', 'connection_type': '3d_u_bump', 'loc': 'stack0_middle1'},{'from': 'Chiplet_4', 'to': 'na', 'connection_type': '3d_u_bump', 'loc': 'stack0_top'},{'from': 'Chiplet_6', 'to': 'Chiplet_3', 'connection_type': '2.5d_emib', 'loc': '2.5d_chiplet'},{'from': 'Chiplet_6', 'to': 'Chiplet_5', 'connection_type': '2.5d_emib', 'loc': '2.5d_chiplet'},{'from': 'Chiplet_5', 'to': 'Chiplet_3', 'connection_type': '2.5d_emib', 'loc': '2.5d_chiplet'},{'from': 'Chiplet_5', 'to': 'Chiplet_1', 'connection_type': '2.5d_emib', 'loc': '2.5d_chiplet'},{'from': 'Chiplet_5', 'to': 'Chiplet_6', 'connection_type': '2.5d_emib', 'loc': '2.5d_chiplet'},{'from': 'Chiplet_3', 'to': 'Chiplet_5', 'connection_type': '2.5d_emib', 'loc': '2.5d_chiplet'},{'from': 'Chiplet_3', 'to': 'Chiplet_1', 'connection_type': '2.5d_emib', 'loc': '2.5d_chiplet'},{'from': 'Chiplet_3', 'to': 'Chiplet_6', 'connection_type': '2.5d_emib', 'loc': '2.5d_chiplet'},{'from': 'Chiplet_1', 'to': 'Chiplet_3', 'connection_type': '2.5d_emib', 'loc': '2.5d_chiplet'},{'from': 'Chiplet_1', 'to': 'Chiplet_5', 'connection_type': '2.5d_emib', 'loc': '2.5d_chiplet'}",1,1,1,1,2,2,ddr4,bow,ucie_3d,1,0,ws,0,0,0
425,17.696946920191433,2642105.74,121668.96802255033,137724325.89088216,5064.50142073614,5067.9188136075945,425,2.20879254,4.475,3072,128x128,7,1.249405813087535,1.7054115854749998,256,64x64,14,2.597993382379395,3.8395579270749995,512,96x96,14,8.112421457366196,12.973514847541198,8192,192x192,10,0.378988,1.11875,256,64x64,7,1.8849981800824636,3.1172648505374996,2048,96x96,10,2.5d_3d,"{'from': 'Chiplet_4', 'to': 'Chiplet_2', 'connection_type': '3d_u_bump', 'loc': 'stack0_base'},{'from': 'Chiplet_2', 'to': 'Chiplet_5', 'connection_type': '3d_u_bump', 'loc': 'stack0_middle1'},{'from': 'Chiplet_5', 'to': 'na', 'connection_type': '3d_u_bump', 'loc': 'stack0_top'},{'from': 'Chiplet_4', 'to': 'Chiplet_3', 'connection_type': '2.5d_emib', 'loc': '2.5d_chiplet'},{'from': 'Chiplet_4', 'to': 'Chiplet_1', 'connection_type': '2.5d_emib', 'loc': '2.5d_chiplet'},{'from': 'Chiplet_3', 'to': 'Chiplet_4', 'connection_type': '2.5d_emib', 'loc': '2.5d_chiplet'},{'from': 'Chiplet_3', 'to': 'Chiplet_1', 'connection_type': '2.5d_emib', 'loc': '2.5d_chiplet'},{'from': 'Chiplet_3', 'to': 'Chiplet_6', 'connection_type': '2.5d_emib', 'loc': '2.5d_chiplet'},{'from': 'Chiplet_1', 'to': 'Chiplet_4', 'connection_type': '2.5d_emib', 'loc': '2.5d_chiplet'},{'from': 'Chiplet_1', 'to': 'Chiplet_3', 'connection_type': '2.5d_emib', 'loc': '2.5d_chiplet'},{'from': 'Chiplet_1', 'to': 'Chiplet_6', 'connection_type': '2.5d_emib', 'loc': '2.5d_chiplet'},{'from': 'Chiplet_6', 'to': 'Chiplet_3', 'connection_type': '2.5d_emib', 'loc': '2.5d_chiplet'},{'from': 'Chiplet_6', 'to': 'Chiplet_1', 'connection_type': '2.5d_emib', 'loc': '2.5d_chiplet'}",1,1,1,3,1,1,ddr5,aib,ucie_3d,0,0,ws,0,0,0
426,25.367515087644623,3238032.34,81468.16731087083,174080966.47587928,5316.938997821351,6882.505515742512,426,6.033899457366197,12.973514847541198,2048,192x192,10,1.4141952089375351,1.7054115854749998,512,64x64,14,5.656782838920179,6.821646341899999,2048,128x128,14,6.315940422320179,6.821646341899999,3072,128x128,14,1.131132696,2.51875,1536,96x96,7,5.656782838920179,6.821646341899999,2048,128x128,14,2.5d_3d,"{'from': 'Chiplet_4', 'to': 'Chiplet_3', 'connection_type': '3d_tsv', 'loc': 'stack0_base'},{'from': 'Chiplet_3', 'to': 'na', 'connection_type': '3d_tsv', 'loc': 'stack0_top'},{'from': 'Chiplet_4', 'to': 'Chiplet_5', 'connection_type': '2.5d_rdl', 'loc': '2.5d_chiplet'},{'from': 'Chiplet_4', 'to': 'Chiplet_1', 'connection_type': '2.5d_rdl', 'loc': '2.5d_chiplet'},{'from': 'Chiplet_4', 'to': 'Chiplet_2', 'connection_type': '2.5d_rdl', 'loc': '2.5d_chiplet'},{'from': 'Chiplet_2', 'to': 'Chiplet_4', 'connection_type': '2.5d_rdl', 'loc': '2.5d_chiplet'},{'from': 'Chiplet_2', 'to': 'Chiplet_5', 'connection_type': '2.5d_rdl', 'loc': '2.5d_chiplet'},{'from': 'Chiplet_5', 'to': 'Chiplet_4', 'connection_type': '2.5d_rdl', 'loc': '2.5d_chiplet'},{'from': 'Chiplet_5', 'to': 'Chiplet_2', 'connection_type': '2.5d_rdl', 'loc': '2.5d_chiplet'},{'from': 'Chiplet_5', 'to': 'Chiplet_6', 'connection_type': '2.5d_rdl', 'loc': '2.5d_chiplet'},{'from': 'Chiplet_1', 'to': 'Chiplet_4', 'connection_type': '2.5d_rdl', 'loc': '2.5d_chiplet'},{'from': 'Chiplet_1', 'to': 'Chiplet_6', 'connection_type': '2.5d_rdl', 'loc': '2.5d_chiplet'},{'from': 'Chiplet_6', 'to': 'Chiplet_5', 'connection_type': '2.5d_rdl', 'loc': '2.5d_chiplet'},{'from': 'Chiplet_6', 'to': 'Chiplet_1', 'connection_type': '2.5d_rdl', 'loc': '2.5d_chiplet'}",2,1,1,2,1,1,ddr4,ucie_std,ucie_3d,0,0,is,0,0,0
427,25.68724345404243,3251345.7,181456.90839748684,176850589.56780386,2934.16339869281,5136.102925624251,427,1.51595254,4.475,1024,128x128,7,4.818150952,10.4826,6144,192x192,7,0.784712696,2.51875,512,96x96,7,4.818150952,10.4826,6144,192x192,7,1.7117881800824635,3.1172648505374996,1536,96x96,10,2.927572174079395,3.8395579270749995,1024,96x96,14,2.5d,"{'from': 'Chiplet_2', 'to': 'Chiplet_4', 'connection_type': '2.5d_emib', 'loc': '2.5d_chiplet'},{'from': 'Chiplet_2', 'to': 'Chiplet_3', 'connection_type': '2.5d_emib', 'loc': '2.5d_chiplet'},{'from': 'Chiplet_2', 'to': 'Chiplet_6', 'connection_type': '2.5d_emib', 'loc': '2.5d_chiplet'},{'from': 'Chiplet_6', 'to': 'Chiplet_3', 'connection_type': '2.5d_emib', 'loc': '2.5d_chiplet'},{'from': 'Chiplet_6', 'to': 'Chiplet_2', 'connection_type': '2.5d_emib', 'loc': '2.5d_chiplet'},{'from': 'Chiplet_3', 'to': 'Chiplet_2', 'connection_type': '2.5d_emib', 'loc': '2.5d_chiplet'},{'from': 'Chiplet_3', 'to': 'Chiplet_6', 'connection_type': '2.5d_emib', 'loc': '2.5d_chiplet'},{'from': 'Chiplet_4', 'to': 'Chiplet_5', 'connection_type': '2.5d_emib', 'loc': '2.5d_chiplet'},{'from': 'Chiplet_4', 'to': 'Chiplet_1', 'connection_type': '2.5d_emib', 'loc': '2.5d_chiplet'},{'from': 'Chiplet_4', 'to': 'Chiplet_2', 'connection_type': '2.5d_emib', 'loc': '2.5d_chiplet'},{'from': 'Chiplet_5', 'to': 'Chiplet_4', 'connection_type': '2.5d_emib', 'loc': '2.5d_chiplet'},{'from': 'Chiplet_5', 'to': 'Chiplet_1', 'connection_type': '2.5d_emib', 'loc': '2.5d_chiplet'},{'from': 'Chiplet_1', 'to': 'Chiplet_4', 'connection_type': '2.5d_emib', 'loc': '2.5d_chiplet'},{'from': 'Chiplet_1', 'to': 'Chiplet_5', 'connection_type': '2.5d_emib', 'loc': '2.5d_chiplet'}",1,2,1,2,1,1,ddr4,bow,na,0,0,os,0,0,0
428,33.999327500604466,5295141.8,100493.73419178408,53038467.281799585,10384.640163797481,9840.360329237843,428,3.2571509657793953,3.8395579270749995,1536,96x96,14,2.20879254,4.475,3072,128x128,7,6.033899457366197,12.973514847541198,2048,192x192,10,4.818150952,10.4826,6144,192x192,7,1.578984604787535,1.7054115854749998,768,64x64,14,7.419580457366196,12.973514847541198,6144,192x192,10,2.5d_3d,"{'from': 'Chiplet_3', 'to': 'Chiplet_5', 'connection_type': '3d_u_bump', 'loc': 'stack0_base'},{'from': 'Chiplet_5', 'to': 'na', 'connection_type': '3d_u_bump', 'loc': 'stack0_top'},{'from': 'Chiplet_6', 'to': 'Chiplet_3', 'connection_type': '2.5d_rdl', 'loc': '2.5d_chiplet'},{'from': 'Chiplet_6', 'to': 'Chiplet_4', 'connection_type': '2.5d_rdl', 'loc': '2.5d_chiplet'},{'from': 'Chiplet_6', 'to': 'Chiplet_1', 'connection_type': '2.5d_rdl', 'loc': '2.5d_chiplet'},{'from': 'Chiplet_6', 'to': 'Chiplet_2', 'connection_type': '2.5d_rdl', 'loc': '2.5d_chiplet'},{'from': 'Chiplet_1', 'to': 'Chiplet_2', 'connection_type': '2.5d_rdl', 'loc': '2.5d_chiplet'},{'from': 'Chiplet_1', 'to': 'Chiplet_6', 'connection_type': '2.5d_rdl', 'loc': '2.5d_chiplet'},{'from': 'Chiplet_2', 'to': 'Chiplet_1', 'connection_type': '2.5d_rdl', 'loc': '2.5d_chiplet'},{'from': 'Chiplet_2', 'to': 'Chiplet_6', 'connection_type': '2.5d_rdl', 'loc': '2.5d_chiplet'},{'from': 'Chiplet_3', 'to': 'Chiplet_4', 'connection_type': '2.5d_rdl', 'loc': '2.5d_chiplet'},{'from': 'Chiplet_3', 'to': 'Chiplet_6', 'connection_type': '2.5d_rdl', 'loc': '2.5d_chiplet'},{'from': 'Chiplet_4', 'to': 'Chiplet_3', 'connection_type': '2.5d_rdl', 'loc': '2.5d_chiplet'},{'from': 'Chiplet_4', 'to': 'Chiplet_6', 'connection_type': '2.5d_rdl', 'loc': '2.5d_chiplet'}",2,1,4,3,1,5,hbm2,ucie_std,ucie_3d,0,0,is,1,0,0
429,26.332953945053475,2596059.15,152086.50736909942,39701578.79653986,6648.56153219234,3434.191510203072,429,1.304342696,2.51875,2048,96x96,7,1.743774000637535,1.7054115854749998,1024,64x64,14,1.4141952089375351,1.7054115854749998,512,64x64,14,2.6264880905479133,5.538366334949999,1024,128x128,10,2.597993382379395,3.8395579270749995,512,96x96,14,5.656782838920179,6.821646341899999,2048,128x128,14,2.5d,"{'from': 'Chiplet_6', 'to': 'Chiplet_4', 'connection_type': '2.5d_emib', 'loc': '2.5d_chiplet'},{'from': 'Chiplet_6', 'to': 'Chiplet_3', 'connection_type': '2.5d_emib', 'loc': '2.5d_chiplet'},{'from': 'Chiplet_3', 'to': 'Chiplet_4', 'connection_type': '2.5d_emib', 'loc': '2.5d_chiplet'},{'from': 'Chiplet_3', 'to': 'Chiplet_5', 'connection_type': '2.5d_emib', 'loc': '2.5d_chiplet'},{'from': 'Chiplet_3', 'to': 'Chiplet_6', 'connection_type': '2.5d_emib', 'loc': '2.5d_chiplet'},{'from': 'Chiplet_4', 'to': 'Chiplet_3', 'connection_type': '2.5d_emib', 'loc': '2.5d_chiplet'},{'from': 'Chiplet_4', 'to': 'Chiplet_5', 'connection_type': '2.5d_emib', 'loc': '2.5d_chiplet'},{'from': 'Chiplet_4', 'to': 'Chiplet_1', 'connection_type': '2.5d_emib', 'loc': '2.5d_chiplet'},{'from': 'Chiplet_4', 'to': 'Chiplet_6', 'connection_type': '2.5d_emib', 'loc': '2.5d_chiplet'},{'from': 'Chiplet_1', 'to': 'Chiplet_4', 'connection_type': '2.5d_emib', 'loc': '2.5d_chiplet'},{'from': 'Chiplet_1', 'to': 'Chiplet_2', 'connection_type': '2.5d_emib', 'loc': '2.5d_chiplet'},{'from': 'Chiplet_5', 'to': 'Chiplet_3', 'connection_type': '2.5d_emib', 'loc': '2.5d_chiplet'},{'from': 'Chiplet_5', 'to': 'Chiplet_4', 'connection_type': '2.5d_emib', 'loc': '2.5d_chiplet'},{'from': 'Chiplet_5', 'to': 'Chiplet_2', 'connection_type': '2.5d_emib', 'loc': '2.5d_chiplet'},{'from': 'Chiplet_2', 'to': 'Chiplet_5', 'connection_type': '2.5d_emib', 'loc': '2.5d_chiplet'},{'from': 'Chiplet_2', 'to': 'Chiplet_1', 'connection_type': '2.5d_emib', 'loc': '2.5d_chiplet'}",1,2,1,3,3,6,hbm3,bow,na,0,0,is,0,0,0
430,21.83083947190685,2605961.96,155269.4999858865,45298758.23879586,10998.558159344075,5914.310894098956,430,1.7117881800824635,3.1172648505374996,1536,96x96,10,1.7117881800824635,3.1172648505374996,1536,96x96,10,1.578984604787535,1.7054115854749998,768,64x64,14,6.726740457366197,12.973514847541198,4096,192x192,10,1.743774000637535,1.7054115854749998,1024,64x64,14,0.957922696,2.51875,1024,96x96,7,2.5d,"{'from': 'Chiplet_4', 'to': 'Chiplet_5', 'connection_type': '2.5d_emib', 'loc': '2.5d_chiplet'},{'from': 'Chiplet_4', 'to': 'Chiplet_6', 'connection_type': '2.5d_emib', 'loc': '2.5d_chiplet'},{'from': 'Chiplet_6', 'to': 'Chiplet_4', 'connection_type': '2.5d_emib', 'loc': '2.5d_chiplet'},{'from': 'Chiplet_6', 'to': 'Chiplet_1', 'connection_type': '2.5d_emib', 'loc': '2.5d_chiplet'},{'from': 'Chiplet_5', 'to': 'Chiplet_4', 'connection_type': '2.5d_emib', 'loc': '2.5d_chiplet'},{'from': 'Chiplet_5', 'to': 'Chiplet_1', 'connection_type': '2.5d_emib', 'loc': '2.5d_chiplet'},{'from': 'Chiplet_5', 'to': 'Chiplet_3', 'connection_type': '2.5d_emib', 'loc': '2.5d_chiplet'},{'from': 'Chiplet_3', 'to': 'Chiplet_5', 'connection_type': '2.5d_emib', 'loc': '2.5d_chiplet'},{'from': 'Chiplet_3', 'to': 'Chiplet_2', 'connection_type': '2.5d_emib', 'loc': '2.5d_chiplet'},{'from': 'Chiplet_1', 'to': 'Chiplet_5', 'connection_type': '2.5d_emib', 'loc': '2.5d_chiplet'},{'from': 'Chiplet_1', 'to': 'Chiplet_2', 'connection_type': '2.5d_emib', 'loc': '2.5d_chiplet'},{'from': 'Chiplet_1', 'to': 'Chiplet_6', 'connection_type': '2.5d_emib', 'loc': '2.5d_chiplet'},{'from': 'Chiplet_2', 'to': 'Chiplet_3', 'connection_type': '2.5d_emib', 'loc': '2.5d_chiplet'},{'from': 'Chiplet_2', 'to': 'Chiplet_1', 'connection_type': '2.5d_emib', 'loc': '2.5d_chiplet'}",2,2,2,7,2,1,hbm2,aib,na,1,0,ws,1,0,0
431,36.37162593685587,4275688.84,101799.19536505478,133218476.34530093,5224.116279069767,6777.942325646716,431,6.726740457366197,12.973514847541198,4096,192x192,10,1.3653681800824635,3.1172648505374996,512,96x96,10,15.436124909546791,15.979573171754398,8192,192x192,14,5.656782838920179,6.821646341899999,2048,128x128,14,1.51595254,4.475,1024,128x128,7,1.743774000637535,1.7054115854749998,1024,64x64,14,2.5d_3d,"{'from': 'Chiplet_1', 'to': 'Chiplet_6', 'connection_type': '3d_tsv', 'loc': 'stack0_base'},{'from': 'Chiplet_6', 'to': 'Chiplet_5', 'connection_type': '3d_tsv', 'loc': 'stack0_middle1'},{'from': 'Chiplet_5', 'to': 'na', 'connection_type': '3d_tsv', 'loc': 'stack0_top'},{'from': 'Chiplet_3', 'to': 'Chiplet_4', 'connection_type': '2.5d_rdl', 'loc': '2.5d_chiplet'},{'from': 'Chiplet_3', 'to': 'Chiplet_1', 'connection_type': '2.5d_rdl', 'loc': '2.5d_chiplet'},{'from': 'Chiplet_1', 'to': 'Chiplet_3', 'connection_type': '2.5d_rdl', 'loc': '2.5d_chiplet'},{'from': 'Chiplet_1', 'to': 'Chiplet_4', 'connection_type': '2.5d_rdl', 'loc': '2.5d_chiplet'},{'from': 'Chiplet_1', 'to': 'Chiplet_2', 'connection_type': '2.5d_rdl', 'loc': '2.5d_chiplet'},{'from': 'Chiplet_4', 'to': 'Chiplet_3', 'connection_type': '2.5d_rdl', 'loc': '2.5d_chiplet'},{'from': 'Chiplet_4', 'to': 'Chiplet_1', 'connection_type': '2.5d_rdl', 'loc': '2.5d_chiplet'},{'from': 'Chiplet_4', 'to': 'Chiplet_2', 'connection_type': '2.5d_rdl', 'loc': '2.5d_chiplet'},{'from': 'Chiplet_2', 'to': 'Chiplet_4', 'connection_type': '2.5d_rdl', 'loc': '2.5d_chiplet'},{'from': 'Chiplet_2', 'to': 'Chiplet_1', 'connection_type': '2.5d_rdl', 'loc': '2.5d_chiplet'}",1,1,3,1,1,1,ddr5,ucie_std,ucie_3d,0,0,os,0,0,0
432,11.147757735067811,1803303.38,50034.71505657058,94762273.81675026,30185.70644793609,13168.6005301239,432,1.51595254,4.475,1024,128x128,7,0.957922696,2.51875,1024,96x96,7,3.2571509657793953,3.8395579270749995,1536,96x96,14,1.131132696,2.51875,1536,96x96,7,1.4141952089375351,1.7054115854749998,512,64x64,14,2.972908090547913,5.538366334949999,2048,128x128,10,2.5d_3d,"{'from': 'Chiplet_1', 'to': 'Chiplet_5', 'connection_type': '3d_hyb_bond', 'loc': 'stack0_base'},{'from': 'Chiplet_5', 'to': 'Chiplet_4', 'connection_type': '3d_hyb_bond', 'loc': 'stack0_middle1'},{'from': 'Chiplet_4', 'to': 'na', 'connection_type': '3d_hyb_bond', 'loc': 'stack0_top'},{'from': 'Chiplet_3', 'to': 'Chiplet_2', 'connection_type': '2.5d_rdl', 'loc': '2.5d_chiplet'},{'from': 'Chiplet_3', 'to': 'Chiplet_6', 'connection_type': '2.5d_rdl', 'loc': '2.5d_chiplet'},{'from': 'Chiplet_2', 'to': 'Chiplet_3', 'connection_type': '2.5d_rdl', 'loc': '2.5d_chiplet'},{'from': 'Chiplet_2', 'to': 'Chiplet_1', 'connection_type': '2.5d_rdl', 'loc': '2.5d_chiplet'},{'from': 'Chiplet_6', 'to': 'Chiplet_3', 'connection_type': '2.5d_rdl', 'loc': '2.5d_chiplet'},{'from': 'Chiplet_6', 'to': 'Chiplet_1', 'connection_type': '2.5d_rdl', 'loc': '2.5d_chiplet'},{'from': 'Chiplet_1', 'to': 'Chiplet_2', 'connection_type': '2.5d_rdl', 'loc': '2.5d_chiplet'},{'from': 'Chiplet_1', 'to': 'Chiplet_6', 'connection_type': '2.5d_rdl', 'loc': '2.5d_chiplet'}",1,1,2,1,1,2,ddr5,ucie_std,ucie_3d,1,0,os,1,0,0
433,35.75318942205807,3481617.11,180509.7588887072,135773970.30924195,4141.872964169381,5088.058255612389,433,14.117807839976791,15.979573171754398,6144,192x192,14,1.8849981800824636,3.1172648505374996,2048,96x96,10,0.46559300000000003,1.11875,512,64x64,7,1.86237254,4.475,2048,128x128,7,0.784712696,2.51875,512,96x96,7,6.975099908490179,6.821646341899999,4096,128x128,14,2.5d,"{'from': 'Chiplet_1', 'to': 'Chiplet_3', 'connection_type': '2.5d_emib', 'loc': '2.5d_chiplet'},{'from': 'Chiplet_1', 'to': 'Chiplet_2', 'connection_type': '2.5d_emib', 'loc': '2.5d_chiplet'},{'from': 'Chiplet_1', 'to': 'Chiplet_6', 'connection_type': '2.5d_emib', 'loc': '2.5d_chiplet'},{'from': 'Chiplet_6', 'to': 'Chiplet_4', 'connection_type': '2.5d_emib', 'loc': '2.5d_chiplet'},{'from': 'Chiplet_6', 'to': 'Chiplet_1', 'connection_type': '2.5d_emib', 'loc': '2.5d_chiplet'},{'from': 'Chiplet_6', 'to': 'Chiplet_2', 'connection_type': '2.5d_emib', 'loc': '2.5d_chiplet'},{'from': 'Chiplet_2', 'to': 'Chiplet_4', 'connection_type': '2.5d_emib', 'loc': '2.5d_chiplet'},{'from': 'Chiplet_2', 'to': 'Chiplet_1', 'connection_type': '2.5d_emib', 'loc': '2.5d_chiplet'},{'from': 'Chiplet_2', 'to': 'Chiplet_3', 'connection_type': '2.5d_emib', 'loc': '2.5d_chiplet'},{'from': 'Chiplet_2', 'to': 'Chiplet_6', 'connection_type': '2.5d_emib', 'loc': '2.5d_chiplet'},{'from': 'Chiplet_3', 'to': 'Chiplet_5', 'connection_type': '2.5d_emib', 'loc': '2.5d_chiplet'},{'from': 'Chiplet_3', 'to': 'Chiplet_1', 'connection_type': '2.5d_emib', 'loc': '2.5d_chiplet'},{'from': 'Chiplet_3', 'to': 'Chiplet_2', 'connection_type': '2.5d_emib', 'loc': '2.5d_chiplet'},{'from': 'Chiplet_4', 'to': 'Chiplet_5', 'connection_type': '2.5d_emib', 'loc': '2.5d_chiplet'},{'from': 'Chiplet_4', 'to': 'Chiplet_2', 'connection_type': '2.5d_emib', 'loc': '2.5d_chiplet'},{'from': 'Chiplet_4', 'to': 'Chiplet_6', 'connection_type': '2.5d_emib', 'loc': '2.5d_chiplet'},{'from': 'Chiplet_5', 'to': 'Chiplet_3', 'connection_type': '2.5d_emib', 'loc': '2.5d_chiplet'},{'from': 'Chiplet_5', 'to': 'Chiplet_4', 'connection_type': '2.5d_emib', 'loc': '2.5d_chiplet'}",3,1,1,1,1,1,ddr5,aib,na,1,0,os,0,0,0
434,56.24242986761242,5221933.55,99120.90389558676,50489317.202982545,18455.95388002384,16724.615868912097,434,12.799492673176792,15.979573171754398,4096,192x192,14,3.2571509657793953,3.8395579270749995,1536,96x96,14,4.9976252555201786,6.821646341899999,1024,128x128,14,1.3653681800824635,3.1172648505374996,512,96x96,10,6.726740457366197,12.973514847541198,4096,192x192,10,3.2571509657793953,3.8395579270749995,1536,96x96,14,2.5d,"{'from': 'Chiplet_1', 'to': 'Chiplet_5', 'connection_type': '2.5d_rdl', 'loc': '2.5d_chiplet'},{'from': 'Chiplet_1', 'to': 'Chiplet_6', 'connection_type': '2.5d_rdl', 'loc': '2.5d_chiplet'},{'from': 'Chiplet_6', 'to': 'Chiplet_3', 'connection_type': '2.5d_rdl', 'loc': '2.5d_chiplet'},{'from': 'Chiplet_6', 'to': 'Chiplet_5', 'connection_type': '2.5d_rdl', 'loc': '2.5d_chiplet'},{'from': 'Chiplet_6', 'to': 'Chiplet_1', 'connection_type': '2.5d_rdl', 'loc': '2.5d_chiplet'},{'from': 'Chiplet_5', 'to': 'Chiplet_4', 'connection_type': '2.5d_rdl', 'loc': '2.5d_chiplet'},{'from': 'Chiplet_5', 'to': 'Chiplet_3', 'connection_type': '2.5d_rdl', 'loc': '2.5d_chiplet'},{'from': 'Chiplet_5', 'to': 'Chiplet_1', 'connection_type': '2.5d_rdl', 'loc': '2.5d_chiplet'},{'from': 'Chiplet_5', 'to': 'Chiplet_2', 'connection_type': '2.5d_rdl', 'loc': '2.5d_chiplet'},{'from': 'Chiplet_5', 'to': 'Chiplet_6', 'connection_type': '2.5d_rdl', 'loc': '2.5d_chiplet'},{'from': 'Chiplet_4', 'to': 'Chiplet_5', 'connection_type': '2.5d_rdl', 'loc': '2.5d_chiplet'},{'from': 'Chiplet_4', 'to': 'Chiplet_2', 'connection_type': '2.5d_rdl', 'loc': '2.5d_chiplet'},{'from': 'Chiplet_3', 'to': 'Chiplet_5', 'connection_type': '2.5d_rdl', 'loc': '2.5d_chiplet'},{'from': 'Chiplet_3', 'to': 'Chiplet_2', 'connection_type': '2.5d_rdl', 'loc': '2.5d_chiplet'},{'from': 'Chiplet_3', 'to': 'Chiplet_6', 'connection_type': '2.5d_rdl', 'loc': '2.5d_chiplet'},{'from': 'Chiplet_2', 'to': 'Chiplet_3', 'connection_type': '2.5d_rdl', 'loc': '2.5d_chiplet'},{'from': 'Chiplet_2', 'to': 'Chiplet_5', 'connection_type': '2.5d_rdl', 'loc': '2.5d_chiplet'},{'from': 'Chiplet_2', 'to': 'Chiplet_4', 'connection_type': '2.5d_rdl', 'loc': '2.5d_chiplet'}",6,2,2,1,3,2,hbm2,ucie_std,na,0,0,is,1,0,0
435,28.414135252985158,2974997.41,62403.82597130465,40249117.76551546,9191.654081309176,5727.155409963659,435,2.927572174079395,3.8395579270749995,1024,96x96,14,0.829831759447044,1.3845915837374998,768,64x64,10,0.829831759447044,1.3845915837374998,768,64x64,10,6.726740457366197,12.973514847541198,4096,192x192,10,4.9976252555201786,6.821646341899999,1024,128x128,14,1.8849981800824636,3.1172648505374996,2048,96x96,10,2.5d,"{'from': 'Chiplet_4', 'to': 'Chiplet_3', 'connection_type': '2.5d_rdl', 'loc': '2.5d_chiplet'},{'from': 'Chiplet_4', 'to': 'Chiplet_5', 'connection_type': '2.5d_rdl', 'loc': '2.5d_chiplet'},{'from': 'Chiplet_4', 'to': 'Chiplet_1', 'connection_type': '2.5d_rdl', 'loc': '2.5d_chiplet'},{'from': 'Chiplet_4', 'to': 'Chiplet_6', 'connection_type': '2.5d_rdl', 'loc': '2.5d_chiplet'},{'from': 'Chiplet_6', 'to': 'Chiplet_3', 'connection_type': '2.5d_rdl', 'loc': '2.5d_chiplet'},{'from': 'Chiplet_6', 'to': 'Chiplet_4', 'connection_type': '2.5d_rdl', 'loc': '2.5d_chiplet'},{'from': 'Chiplet_3', 'to': 'Chiplet_4', 'connection_type': '2.5d_rdl', 'loc': '2.5d_chiplet'},{'from': 'Chiplet_3', 'to': 'Chiplet_6', 'connection_type': '2.5d_rdl', 'loc': '2.5d_chiplet'},{'from': 'Chiplet_5', 'to': 'Chiplet_4', 'connection_type': '2.5d_rdl', 'loc': '2.5d_chiplet'},{'from': 'Chiplet_5', 'to': 'Chiplet_1', 'connection_type': '2.5d_rdl', 'loc': '2.5d_chiplet'},{'from': 'Chiplet_5', 'to': 'Chiplet_2', 'connection_type': '2.5d_rdl', 'loc': '2.5d_chiplet'},{'from': 'Chiplet_1', 'to': 'Chiplet_4', 'connection_type': '2.5d_rdl', 'loc': '2.5d_chiplet'},{'from': 'Chiplet_1', 'to': 'Chiplet_5', 'connection_type': '2.5d_rdl', 'loc': '2.5d_chiplet'},{'from': 'Chiplet_1', 'to': 'Chiplet_2', 'connection_type': '2.5d_rdl', 'loc': '2.5d_chiplet'},{'from': 'Chiplet_2', 'to': 'Chiplet_5', 'connection_type': '2.5d_rdl', 'loc': '2.5d_chiplet'},{'from': 'Chiplet_2', 'to': 'Chiplet_1', 'connection_type': '2.5d_rdl', 'loc': '2.5d_chiplet'}",2,1,1,6,4,2,hbm3,ucie_std,na,0,0,ws,1,0,0
436,29.85811419494817,3962668.19,126565.19495971,136443876.32953444,5663.109209453953,6531.308201239439,436,5.5109919519999995,10.4826,8192,192x192,7,1.7117881800824635,3.1172648505374996,1536,96x96,10,6.975099908490179,6.821646341899999,4096,128x128,14,0.552198,1.11875,768,64x64,7,11.481175603606792,15.979573171754398,2048,192x192,14,0.638803,1.11875,1024,64x64,7,2.5d_3d,"{'from': 'Chiplet_5', 'to': 'Chiplet_2', 'connection_type': '3d_tsv', 'loc': 'stack0_base'},{'from': 'Chiplet_2', 'to': 'Chiplet_6', 'connection_type': '3d_tsv', 'loc': 'stack0_middle1'},{'from': 'Chiplet_6', 'to': 'Chiplet_4', 'connection_type': '3d_tsv', 'loc': 'stack0_middle2'},{'from': 'Chiplet_4', 'to': 'na', 'connection_type': '3d_tsv', 'loc': 'stack0_top'},{'from': 'Chiplet_5', 'to': 'Chiplet_3', 'connection_type': '2.5d_emib', 'loc': '2.5d_chiplet'},{'from': 'Chiplet_5', 'to': 'Chiplet_1', 'connection_type': '2.5d_emib', 'loc': '2.5d_chiplet'},{'from': 'Chiplet_3', 'to': 'Chiplet_5', 'connection_type': '2.5d_emib', 'loc': '2.5d_chiplet'},{'from': 'Chiplet_3', 'to': 'Chiplet_1', 'connection_type': '2.5d_emib', 'loc': '2.5d_chiplet'},{'from': 'Chiplet_1', 'to': 'Chiplet_3', 'connection_type': '2.5d_emib', 'loc': '2.5d_chiplet'},{'from': 'Chiplet_1', 'to': 'Chiplet_5', 'connection_type': '2.5d_emib', 'loc': '2.5d_chiplet'}",1,1,1,1,3,1,ddr5,ucie_adv,ucie_3d,0,0,is,0,0,0
437,25.305489883925492,2595732.43,74018.04183304241,103139272.48266038,11751.741892363907,8400.981724298937,437,0.46559300000000003,1.11875,512,64x64,7,12.799492673176792,15.979573171754398,4096,192x192,14,2.972908090547913,5.538366334949999,2048,128x128,10,0.46559300000000003,1.11875,512,64x64,7,3.2571509657793953,3.8395579270749995,1536,96x96,14,1.304342696,2.51875,2048,96x96,7,2.5d,"{'from': 'Chiplet_2', 'to': 'Chiplet_3', 'connection_type': '2.5d_rdl', 'loc': '2.5d_chiplet'},{'from': 'Chiplet_2', 'to': 'Chiplet_5', 'connection_type': '2.5d_rdl', 'loc': '2.5d_chiplet'},{'from': 'Chiplet_5', 'to': 'Chiplet_4', 'connection_type': '2.5d_rdl', 'loc': '2.5d_chiplet'},{'from': 'Chiplet_5', 'to': 'Chiplet_3', 'connection_type': '2.5d_rdl', 'loc': '2.5d_chiplet'},{'from': 'Chiplet_5', 'to': 'Chiplet_1', 'connection_type': '2.5d_rdl', 'loc': '2.5d_chiplet'},{'from': 'Chiplet_5', 'to': 'Chiplet_2', 'connection_type': '2.5d_rdl', 'loc': '2.5d_chiplet'},{'from': 'Chiplet_1', 'to': 'Chiplet_4', 'connection_type': '2.5d_rdl', 'loc': '2.5d_chiplet'},{'from': 'Chiplet_1', 'to': 'Chiplet_5', 'connection_type': '2.5d_rdl', 'loc': '2.5d_chiplet'},{'from': 'Chiplet_4', 'to': 'Chiplet_5', 'connection_type': '2.5d_rdl', 'loc': '2.5d_chiplet'},{'from': 'Chiplet_4', 'to': 'Chiplet_1', 'connection_type': '2.5d_rdl', 'loc': '2.5d_chiplet'},{'from': 'Chiplet_4', 'to': 'Chiplet_6', 'connection_type': '2.5d_rdl', 'loc': '2.5d_chiplet'},{'from': 'Chiplet_3', 'to': 'Chiplet_5', 'connection_type': '2.5d_rdl', 'loc': '2.5d_chiplet'},{'from': 'Chiplet_3', 'to': 'Chiplet_2', 'connection_type': '2.5d_rdl', 'loc': '2.5d_chiplet'},{'from': 'Chiplet_3', 'to': 'Chiplet_6', 'connection_type': '2.5d_rdl', 'loc': '2.5d_chiplet'},{'from': 'Chiplet_6', 'to': 'Chiplet_3', 'connection_type': '2.5d_rdl', 'loc': '2.5d_chiplet'},{'from': 'Chiplet_6', 'to': 'Chiplet_4', 'connection_type': '2.5d_rdl', 'loc': '2.5d_chiplet'}",1,3,1,1,1,1,ddr5,ucie_std,na,1,0,os,1,0,0
438,16.946176330449372,1941765.68,153313.517137796,166607711.12967128,7056.24183006536,6257.527066446957,438,0.743226759447044,1.3845915837374998,512,64x64,10,0.916436759447044,1.3845915837374998,1024,64x64,10,1.304342696,2.51875,2048,96x96,7,6.033899457366197,12.973514847541198,2048,192x192,10,0.784712696,2.51875,512,96x96,7,2.927572174079395,3.8395579270749995,1024,96x96,14,2.5d,"{'from': 'Chiplet_4', 'to': 'Chiplet_3', 'connection_type': '2.5d_emib', 'loc': '2.5d_chiplet'},{'from': 'Chiplet_4', 'to': 'Chiplet_6', 'connection_type': '2.5d_emib', 'loc': '2.5d_chiplet'},{'from': 'Chiplet_6', 'to': 'Chiplet_4', 'connection_type': '2.5d_emib', 'loc': '2.5d_chiplet'},{'from': 'Chiplet_6', 'to': 'Chiplet_2', 'connection_type': '2.5d_emib', 'loc': '2.5d_chiplet'},{'from': 'Chiplet_6', 'to': 'Chiplet_1', 'connection_type': '2.5d_emib', 'loc': '2.5d_chiplet'},{'from': 'Chiplet_6', 'to': 'Chiplet_3', 'connection_type': '2.5d_emib', 'loc': '2.5d_chiplet'},{'from': 'Chiplet_1', 'to': 'Chiplet_2', 'connection_type': '2.5d_emib', 'loc': '2.5d_chiplet'},{'from': 'Chiplet_1', 'to': 'Chiplet_6', 'connection_type': '2.5d_emib', 'loc': '2.5d_chiplet'},{'from': 'Chiplet_3', 'to': 'Chiplet_4', 'connection_type': '2.5d_emib', 'loc': '2.5d_chiplet'},{'from': 'Chiplet_3', 'to': 'Chiplet_5', 'connection_type': '2.5d_emib', 'loc': '2.5d_chiplet'},{'from': 'Chiplet_3', 'to': 'Chiplet_2', 'connection_type': '2.5d_emib', 'loc': '2.5d_chiplet'},{'from': 'Chiplet_3', 'to': 'Chiplet_6', 'connection_type': '2.5d_emib', 'loc': '2.5d_chiplet'},{'from': 'Chiplet_2', 'to': 'Chiplet_3', 'connection_type': '2.5d_emib', 'loc': '2.5d_chiplet'},{'from': 'Chiplet_2', 'to': 'Chiplet_5', 'connection_type': '2.5d_emib', 'loc': '2.5d_chiplet'},{'from': 'Chiplet_2', 'to': 'Chiplet_1', 'connection_type': '2.5d_emib', 'loc': '2.5d_chiplet'},{'from': 'Chiplet_2', 'to': 'Chiplet_6', 'connection_type': '2.5d_emib', 'loc': '2.5d_chiplet'},{'from': 'Chiplet_5', 'to': 'Chiplet_3', 'connection_type': '2.5d_emib', 'loc': '2.5d_chiplet'},{'from': 'Chiplet_5', 'to': 'Chiplet_2', 'connection_type': '2.5d_emib', 'loc': '2.5d_chiplet'}",1,1,1,3,1,1,ddr4,ucie_adv,na,1,0,ws,0,0,0
439,9.454496148624216,1947539.29,48547.02825638275,29971588.421464637,25566.139769088073,10391.929952057353,439,3.5867297574793953,3.8395579270749995,2048,96x96,14,0.784712696,2.51875,512,96x96,7,0.784712696,2.51875,512,96x96,7,1.86237254,4.475,2048,128x128,7,1.3653681800824635,3.1172648505374996,512,96x96,10,1.51595254,4.475,1024,128x128,7,2.5d_3d,"{'from': 'Chiplet_5', 'to': 'Chiplet_3', 'connection_type': '3d_u_bump', 'loc': 'stack0_base'},{'from': 'Chiplet_3', 'to': 'Chiplet_2', 'connection_type': '3d_u_bump', 'loc': 'stack0_middle1'},{'from': 'Chiplet_2', 'to': 'na', 'connection_type': '3d_u_bump', 'loc': 'stack0_top'},{'from': 'Chiplet_1', 'to': 'Chiplet_4', 'connection_type': '2.5d_rdl', 'loc': '2.5d_chiplet'},{'from': 'Chiplet_1', 'to': 'Chiplet_6', 'connection_type': '2.5d_rdl', 'loc': '2.5d_chiplet'},{'from': 'Chiplet_4', 'to': 'Chiplet_5', 'connection_type': '2.5d_rdl', 'loc': '2.5d_chiplet'},{'from': 'Chiplet_4', 'to': 'Chiplet_1', 'connection_type': '2.5d_rdl', 'loc': '2.5d_chiplet'},{'from': 'Chiplet_4', 'to': 'Chiplet_6', 'connection_type': '2.5d_rdl', 'loc': '2.5d_chiplet'},{'from': 'Chiplet_6', 'to': 'Chiplet_4', 'connection_type': '2.5d_rdl', 'loc': '2.5d_chiplet'},{'from': 'Chiplet_6', 'to': 'Chiplet_5', 'connection_type': '2.5d_rdl', 'loc': '2.5d_chiplet'},{'from': 'Chiplet_6', 'to': 'Chiplet_1', 'connection_type': '2.5d_rdl', 'loc': '2.5d_chiplet'},{'from': 'Chiplet_5', 'to': 'Chiplet_4', 'connection_type': '2.5d_rdl', 'loc': '2.5d_chiplet'},{'from': 'Chiplet_5', 'to': 'Chiplet_6', 'connection_type': '2.5d_rdl', 'loc': '2.5d_chiplet'}",6,1,1,3,2,3,hbm3,ucie_std,ucie_3d,1,0,is,1,0,0
440,26.856583002248204,4004108.91,133256.26350309278,47708771.385200255,5016.442542787287,4050.948131825677,440,3.3193280905479132,5.538366334949999,3072,128x128,10,12.799492673176792,15.979573171754398,4096,192x192,14,0.916436759447044,1.3845915837374998,1024,64x64,10,2.597993382379395,3.8395579270749995,512,96x96,14,3.5867297574793953,3.8395579270749995,2048,96x96,14,3.2571509657793953,3.8395579270749995,1536,96x96,14,2.5d_3d,"{'from': 'Chiplet_5', 'to': 'Chiplet_4', 'connection_type': '3d_hyb_bond', 'loc': 'stack0_base'},{'from': 'Chiplet_4', 'to': 'Chiplet_3', 'connection_type': '3d_hyb_bond', 'loc': 'stack0_middle1'},{'from': 'Chiplet_3', 'to': 'na', 'connection_type': '3d_hyb_bond', 'loc': 'stack0_top'},{'from': 'Chiplet_2', 'to': 'Chiplet_5', 'connection_type': '2.5d_emib', 'loc': '2.5d_chiplet'},{'from': 'Chiplet_2', 'to': 'Chiplet_1', 'connection_type': '2.5d_emib', 'loc': '2.5d_chiplet'},{'from': 'Chiplet_5', 'to': 'Chiplet_1', 'connection_type': '2.5d_emib', 'loc': '2.5d_chiplet'},{'from': 'Chiplet_5', 'to': 'Chiplet_2', 'connection_type': '2.5d_emib', 'loc': '2.5d_chiplet'},{'from': 'Chiplet_5', 'to': 'Chiplet_6', 'connection_type': '2.5d_emib', 'loc': '2.5d_chiplet'},{'from': 'Chiplet_1', 'to': 'Chiplet_5', 'connection_type': '2.5d_emib', 'loc': '2.5d_chiplet'},{'from': 'Chiplet_1', 'to': 'Chiplet_2', 'connection_type': '2.5d_emib', 'loc': '2.5d_chiplet'},{'from': 'Chiplet_1', 'to': 'Chiplet_6', 'connection_type': '2.5d_emib', 'loc': '2.5d_chiplet'},{'from': 'Chiplet_6', 'to': 'Chiplet_5', 'connection_type': '2.5d_emib', 'loc': '2.5d_chiplet'},{'from': 'Chiplet_6', 'to': 'Chiplet_1', 'connection_type': '2.5d_emib', 'loc': '2.5d_chiplet'}",2,8,1,1,2,2,hbm3,bow,ucie_3d,1,0,os,0,0,0
441,13.126830646106566,2749876.5,117561.41508375466,130802186.48045957,3704.221322299498,4255.124830586285,441,4.818150952,10.4826,6144,192x192,7,0.378988,1.11875,256,64x64,7,3.3193280905479132,5.538366334949999,3072,128x128,10,1.249405813087535,1.7054115854749998,256,64x64,14,3.2571509657793953,3.8395579270749995,1536,96x96,14,2.55521354,4.475,4096,128x128,7,2.5d_3d,"{'from': 'Chiplet_1', 'to': 'Chiplet_5', 'connection_type': '3d_hyb_bond', 'loc': 'stack0_base'},{'from': 'Chiplet_5', 'to': 'Chiplet_6', 'connection_type': '3d_hyb_bond', 'loc': 'stack0_middle1'},{'from': 'Chiplet_6', 'to': 'Chiplet_4', 'connection_type': '3d_hyb_bond', 'loc': 'stack0_middle2'},{'from': 'Chiplet_4', 'to': 'na', 'connection_type': '3d_hyb_bond', 'loc': 'stack0_top'},{'from': 'Chiplet_1', 'to': 'Chiplet_3', 'connection_type': '2.5d_emib', 'loc': '2.5d_chiplet'},{'from': 'Chiplet_1', 'to': 'Chiplet_2', 'connection_type': '2.5d_emib', 'loc': '2.5d_chiplet'},{'from': 'Chiplet_3', 'to': 'Chiplet_1', 'connection_type': '2.5d_emib', 'loc': '2.5d_chiplet'},{'from': 'Chiplet_3', 'to': 'Chiplet_2', 'connection_type': '2.5d_emib', 'loc': '2.5d_chiplet'},{'from': 'Chiplet_2', 'to': 'Chiplet_3', 'connection_type': '2.5d_emib', 'loc': '2.5d_chiplet'},{'from': 'Chiplet_2', 'to': 'Chiplet_1', 'connection_type': '2.5d_emib', 'loc': '2.5d_chiplet'}",2,1,2,1,1,1,ddr5,ucie_adv,ucie_3d,1,0,is,0,0,0
442,38.48782277835238,4716114.97,209831.24687367014,106651751.59848584,5833.45738668519,7589.851945943019,442,14.117807839976791,15.979573171754398,6144,192x192,14,2.6264880905479133,5.538366334949999,1024,128x128,10,4.1253109519999995,10.4826,4096,192x192,7,2.6264880905479133,5.538366334949999,1024,128x128,10,2.55521354,4.475,4096,128x128,7,4.1253109519999995,10.4826,4096,192x192,7,2.5d,"{'from': 'Chiplet_1', 'to': 'Chiplet_3', 'connection_type': '2.5d_emib', 'loc': '2.5d_chiplet'},{'from': 'Chiplet_1', 'to': 'Chiplet_6', 'connection_type': '2.5d_emib', 'loc': '2.5d_chiplet'},{'from': 'Chiplet_3', 'to': 'Chiplet_5', 'connection_type': '2.5d_emib', 'loc': '2.5d_chiplet'},{'from': 'Chiplet_3', 'to': 'Chiplet_1', 'connection_type': '2.5d_emib', 'loc': '2.5d_chiplet'},{'from': 'Chiplet_3', 'to': 'Chiplet_2', 'connection_type': '2.5d_emib', 'loc': '2.5d_chiplet'},{'from': 'Chiplet_3', 'to': 'Chiplet_6', 'connection_type': '2.5d_emib', 'loc': '2.5d_chiplet'},{'from': 'Chiplet_2', 'to': 'Chiplet_3', 'connection_type': '2.5d_emib', 'loc': '2.5d_chiplet'},{'from': 'Chiplet_2', 'to': 'Chiplet_5', 'connection_type': '2.5d_emib', 'loc': '2.5d_chiplet'},{'from': 'Chiplet_5', 'to': 'Chiplet_3', 'connection_type': '2.5d_emib', 'loc': '2.5d_chiplet'},{'from': 'Chiplet_5', 'to': 'Chiplet_4', 'connection_type': '2.5d_emib', 'loc': '2.5d_chiplet'},{'from': 'Chiplet_5', 'to': 'Chiplet_2', 'connection_type': '2.5d_emib', 'loc': '2.5d_chiplet'},{'from': 'Chiplet_6', 'to': 'Chiplet_4', 'connection_type': '2.5d_emib', 'loc': '2.5d_chiplet'},{'from': 'Chiplet_6', 'to': 'Chiplet_1', 'connection_type': '2.5d_emib', 'loc': '2.5d_chiplet'},{'from': 'Chiplet_6', 'to': 'Chiplet_3', 'connection_type': '2.5d_emib', 'loc': '2.5d_chiplet'},{'from': 'Chiplet_4', 'to': 'Chiplet_5', 'connection_type': '2.5d_emib', 'loc': '2.5d_chiplet'},{'from': 'Chiplet_4', 'to': 'Chiplet_6', 'connection_type': '2.5d_emib', 'loc': '2.5d_chiplet'}",3,1,1,1,1,1,ddr5,aib,na,0,0,os,1,0,0
443,46.889572059194094,5784192.8,206851.31318853569,46267818.35942526,14064.489670725645,13980.906017353898,443,11.481175603606792,15.979573171754398,2048,192x192,14,4.1253109519999995,10.4826,4096,192x192,7,3.2571509657793953,3.8395579270749995,1536,96x96,14,3.3193280905479132,5.538366334949999,3072,128x128,10,2.20879254,4.475,3072,128x128,7,4.818150952,10.4826,6144,192x192,7,2.5d,"{'from': 'Chiplet_1', 'to': 'Chiplet_3', 'connection_type': '2.5d_emib', 'loc': '2.5d_chiplet'},{'from': 'Chiplet_1', 'to': 'Chiplet_6', 'connection_type': '2.5d_emib', 'loc': '2.5d_chiplet'},{'from': 'Chiplet_3', 'to': 'Chiplet_1', 'connection_type': '2.5d_emib', 'loc': '2.5d_chiplet'},{'from': 'Chiplet_3', 'to': 'Chiplet_2', 'connection_type': '2.5d_emib', 'loc': '2.5d_chiplet'},{'from': 'Chiplet_3', 'to': 'Chiplet_6', 'connection_type': '2.5d_emib', 'loc': '2.5d_chiplet'},{'from': 'Chiplet_6', 'to': 'Chiplet_3', 'connection_type': '2.5d_emib', 'loc': '2.5d_chiplet'},{'from': 'Chiplet_6', 'to': 'Chiplet_4', 'connection_type': '2.5d_emib', 'loc': '2.5d_chiplet'},{'from': 'Chiplet_6', 'to': 'Chiplet_1', 'connection_type': '2.5d_emib', 'loc': '2.5d_chiplet'},{'from': 'Chiplet_6', 'to': 'Chiplet_2', 'connection_type': '2.5d_emib', 'loc': '2.5d_chiplet'},{'from': 'Chiplet_6', 'to': 'Chiplet_5', 'connection_type': '2.5d_emib', 'loc': '2.5d_chiplet'},{'from': 'Chiplet_5', 'to': 'Chiplet_4', 'connection_type': '2.5d_emib', 'loc': '2.5d_chiplet'},{'from': 'Chiplet_5', 'to': 'Chiplet_6', 'connection_type': '2.5d_emib', 'loc': '2.5d_chiplet'},{'from': 'Chiplet_2', 'to': 'Chiplet_3', 'connection_type': '2.5d_emib', 'loc': '2.5d_chiplet'},{'from': 'Chiplet_2', 'to': 'Chiplet_4', 'connection_type': '2.5d_emib', 'loc': '2.5d_chiplet'},{'from': 'Chiplet_2', 'to': 'Chiplet_6', 'connection_type': '2.5d_emib', 'loc': '2.5d_chiplet'},{'from': 'Chiplet_4', 'to': 'Chiplet_5', 'connection_type': '2.5d_emib', 'loc': '2.5d_chiplet'},{'from': 'Chiplet_4', 'to': 'Chiplet_2', 'connection_type': '2.5d_emib', 'loc': '2.5d_chiplet'},{'from': 'Chiplet_4', 'to': 'Chiplet_6', 'connection_type': '2.5d_emib', 'loc': '2.5d_chiplet'}",6,2,2,2,1,3,hbm3,ucie_adv,na,0,0,is,1,0,0
444,23.93962290863448,3104444.28,77596.58921692462,127993180.00233868,5663.109209453953,5742.047684577852,444,1.7117881800824635,3.1172648505374996,1536,96x96,10,2.20879254,4.475,3072,128x128,7,12.799492673176792,15.979573171754398,4096,192x192,14,1.86237254,4.475,2048,128x128,7,1.5385781800824634,3.1172648505374996,1024,96x96,10,0.829831759447044,1.3845915837374998,768,64x64,10,2.5d_3d,"{'from': 'Chiplet_2', 'to': 'Chiplet_1', 'connection_type': '3d_u_bump', 'loc': 'stack0_base'},{'from': 'Chiplet_1', 'to': 'Chiplet_5', 'connection_type': '3d_u_bump', 'loc': 'stack0_middle1'},{'from': 'Chiplet_5', 'to': 'na', 'connection_type': '3d_u_bump', 'loc': 'stack0_top'},{'from': 'Chiplet_3', 'to': 'Chiplet_4', 'connection_type': '2.5d_rdl', 'loc': '2.5d_chiplet'},{'from': 'Chiplet_3', 'to': 'Chiplet_2', 'connection_type': '2.5d_rdl', 'loc': '2.5d_chiplet'},{'from': 'Chiplet_2', 'to': 'Chiplet_3', 'connection_type': '2.5d_rdl', 'loc': '2.5d_chiplet'},{'from': 'Chiplet_2', 'to': 'Chiplet_4', 'connection_type': '2.5d_rdl', 'loc': '2.5d_chiplet'},{'from': 'Chiplet_2', 'to': 'Chiplet_6', 'connection_type': '2.5d_rdl', 'loc': '2.5d_chiplet'},{'from': 'Chiplet_4', 'to': 'Chiplet_3', 'connection_type': '2.5d_rdl', 'loc': '2.5d_chiplet'},{'from': 'Chiplet_4', 'to': 'Chiplet_2', 'connection_type': '2.5d_rdl', 'loc': '2.5d_chiplet'},{'from': 'Chiplet_4', 'to': 'Chiplet_6', 'connection_type': '2.5d_rdl', 'loc': '2.5d_chiplet'},{'from': 'Chiplet_6', 'to': 'Chiplet_4', 'connection_type': '2.5d_rdl', 'loc': '2.5d_chiplet'},{'from': 'Chiplet_6', 'to': 'Chiplet_2', 'connection_type': '2.5d_rdl', 'loc': '2.5d_chiplet'}",1,1,3,1,1,1,ddr5,ucie_std,ucie_3d,0,0,is,0,0,0
445,39.53359250137069,6049327.65,179213.6271263789,64376138.45377079,2441.2162162162167,3435.265468766301,445,5.656782838920179,6.821646341899999,2048,128x128,14,6.033899457366197,12.973514847541198,2048,192x192,10,8.112421457366196,12.973514847541198,8192,192x192,10,0.656621759447044,1.3845915837374998,256,64x64,10,5.5109919519999995,10.4826,8192,192x192,7,2.972908090547913,5.538366334949999,2048,128x128,10,2.5d_3d,"{'from': 'Chiplet_6', 'to': 'Chiplet_4', 'connection_type': '3d_u_bump', 'loc': 'stack0_base'},{'from': 'Chiplet_4', 'to': 'na', 'connection_type': '3d_u_bump', 'loc': 'stack0_top'},{'from': 'Chiplet_3', 'to': 'Chiplet_5', 'connection_type': '2.5d_emib', 'loc': '2.5d_chiplet'},{'from': 'Chiplet_3', 'to': 'Chiplet_1', 'connection_type': '2.5d_emib', 'loc': '2.5d_chiplet'},{'from': 'Chiplet_3', 'to': 'Chiplet_2', 'connection_type': '2.5d_emib', 'loc': '2.5d_chiplet'},{'from': 'Chiplet_5', 'to': 'Chiplet_3', 'connection_type': '2.5d_emib', 'loc': '2.5d_chiplet'},{'from': 'Chiplet_5', 'to': 'Chiplet_1', 'connection_type': '2.5d_emib', 'loc': '2.5d_chiplet'},{'from': 'Chiplet_2', 'to': 'Chiplet_3', 'connection_type': '2.5d_emib', 'loc': '2.5d_chiplet'},{'from': 'Chiplet_2', 'to': 'Chiplet_1', 'connection_type': '2.5d_emib', 'loc': '2.5d_chiplet'},{'from': 'Chiplet_2', 'to': 'Chiplet_6', 'connection_type': '2.5d_emib', 'loc': '2.5d_chiplet'},{'from': 'Chiplet_1', 'to': 'Chiplet_3', 'connection_type': '2.5d_emib', 'loc': '2.5d_chiplet'},{'from': 'Chiplet_1', 'to': 'Chiplet_5', 'connection_type': '2.5d_emib', 'loc': '2.5d_chiplet'},{'from': 'Chiplet_1', 'to': 'Chiplet_2', 'connection_type': '2.5d_emib', 'loc': '2.5d_chiplet'},{'from': 'Chiplet_1', 'to': 'Chiplet_6', 'connection_type': '2.5d_emib', 'loc': '2.5d_chiplet'},{'from': 'Chiplet_6', 'to': 'Chiplet_1', 'connection_type': '2.5d_emib', 'loc': '2.5d_chiplet'},{'from': 'Chiplet_6', 'to': 'Chiplet_2', 'connection_type': '2.5d_emib', 'loc': '2.5d_chiplet'}",3,3,4,1,3,2,hbm2,ucie_adv,ucie_3d,1,0,ws,0,0,0
446,22.382359786508182,2938644.66,163547.292058639,42182711.111257285,3056.840390879479,2261.1772002786374,446,1.51595254,4.475,1024,128x128,7,4.818150952,10.4826,6144,192x192,7,2.972908090547913,5.538366334949999,2048,128x128,10,1.7117881800824635,3.1172648505374996,1536,96x96,10,0.552198,1.11875,768,64x64,7,1.4141952089375351,1.7054115854749998,512,64x64,14,2.5d,"{'from': 'Chiplet_2', 'to': 'Chiplet_3', 'connection_type': '2.5d_emib', 'loc': '2.5d_chiplet'},{'from': 'Chiplet_2', 'to': 'Chiplet_6', 'connection_type': '2.5d_emib', 'loc': '2.5d_chiplet'},{'from': 'Chiplet_6', 'to': 'Chiplet_3', 'connection_type': '2.5d_emib', 'loc': '2.5d_chiplet'},{'from': 'Chiplet_6', 'to': 'Chiplet_2', 'connection_type': '2.5d_emib', 'loc': '2.5d_chiplet'},{'from': 'Chiplet_3', 'to': 'Chiplet_4', 'connection_type': '2.5d_emib', 'loc': '2.5d_chiplet'},{'from': 'Chiplet_3', 'to': 'Chiplet_1', 'connection_type': '2.5d_emib', 'loc': '2.5d_chiplet'},{'from': 'Chiplet_3', 'to': 'Chiplet_2', 'connection_type': '2.5d_emib', 'loc': '2.5d_chiplet'},{'from': 'Chiplet_3', 'to': 'Chiplet_6', 'connection_type': '2.5d_emib', 'loc': '2.5d_chiplet'},{'from': 'Chiplet_3', 'to': 'Chiplet_5', 'connection_type': '2.5d_emib', 'loc': '2.5d_chiplet'},{'from': 'Chiplet_5', 'to': 'Chiplet_3', 'connection_type': '2.5d_emib', 'loc': '2.5d_chiplet'},{'from': 'Chiplet_5', 'to': 'Chiplet_1', 'connection_type': '2.5d_emib', 'loc': '2.5d_chiplet'},{'from': 'Chiplet_4', 'to': 'Chiplet_3', 'connection_type': '2.5d_emib', 'loc': '2.5d_chiplet'},{'from': 'Chiplet_4', 'to': 'Chiplet_1', 'connection_type': '2.5d_emib', 'loc': '2.5d_chiplet'},{'from': 'Chiplet_1', 'to': 'Chiplet_4', 'connection_type': '2.5d_emib', 'loc': '2.5d_chiplet'},{'from': 'Chiplet_1', 'to': 'Chiplet_5', 'connection_type': '2.5d_emib', 'loc': '2.5d_chiplet'},{'from': 'Chiplet_1', 'to': 'Chiplet_3', 'connection_type': '2.5d_emib', 'loc': '2.5d_chiplet'}",2,6,3,2,1,2,hbm3,bow,na,1,0,os,0,0,0
447,7.419580457366197,4269386.79,199613.95172246464,51286501.753535174,2478.228327228327,2582.811580374535,447,7.419580457366196,12.973514847541198,6144,192x192,10,1.578984604787535,1.7054115854749998,768,64x64,14,3.5867297574793953,3.8395579270749995,2048,96x96,14,1.131132696,2.51875,1536,96x96,7,4.1253109519999995,10.4826,4096,192x192,7,2.55521354,4.475,4096,128x128,7,3d,"{'from': 'Chiplet_1', 'to': 'Chiplet_5', 'connection_type': '3d_hyb_bond', 'loc': 'stack0_base'},{'from': 'Chiplet_5', 'to': 'Chiplet_3', 'connection_type': '3d_hyb_bond', 'loc': 'stack0_middle1'},{'from': 'Chiplet_3', 'to': 'Chiplet_6', 'connection_type': '3d_hyb_bond', 'loc': 'stack0_middle2'},{'from': 'Chiplet_6', 'to': 'Chiplet_2', 'connection_type': '3d_hyb_bond', 'loc': 'stack0_middle3'},{'from': 'Chiplet_2', 'to': 'Chiplet_4', 'connection_type': '3d_hyb_bond', 'loc': 'stack0_middle4'},{'from': 'Chiplet_4', 'to': 'na', 'connection_type': '3d_hyb_bond', 'loc': 'stack0_top'}",6,1,3,1,3,2,hbm3,na,ucie_3d,1,0,ws,0,0,0
448,29.437727694776225,5042186.55,172496.24414629876,47497690.06683609,5307.961080039739,5405.563321730804,448,1.51595254,4.475,1024,128x128,7,4.1253109519999995,10.4826,4096,192x192,7,0.957922696,2.51875,1024,96x96,7,4.1253109519999995,10.4826,4096,192x192,7,0.784712696,2.51875,512,96x96,7,12.799492673176792,15.979573171754398,4096,192x192,14,2.5d_3d,"{'from': 'Chiplet_2', 'to': 'Chiplet_5', 'connection_type': '3d_u_bump', 'loc': 'stack0_base'},{'from': 'Chiplet_5', 'to': 'na', 'connection_type': '3d_u_bump', 'loc': 'stack0_top'},{'from': 'Chiplet_6', 'to': 'Chiplet_4', 'connection_type': '2.5d_emib', 'loc': '2.5d_chiplet'},{'from': 'Chiplet_6', 'to': 'Chiplet_2', 'connection_type': '2.5d_emib', 'loc': '2.5d_chiplet'},{'from': 'Chiplet_2', 'to': 'Chiplet_4', 'connection_type': '2.5d_emib', 'loc': '2.5d_chiplet'},{'from': 'Chiplet_2', 'to': 'Chiplet_1', 'connection_type': '2.5d_emib', 'loc': '2.5d_chiplet'},{'from': 'Chiplet_2', 'to': 'Chiplet_6', 'connection_type': '2.5d_emib', 'loc': '2.5d_chiplet'},{'from': 'Chiplet_1', 'to': 'Chiplet_3', 'connection_type': '2.5d_emib', 'loc': '2.5d_chiplet'},{'from': 'Chiplet_1', 'to': 'Chiplet_2', 'connection_type': '2.5d_emib', 'loc': '2.5d_chiplet'},{'from': 'Chiplet_4', 'to': 'Chiplet_3', 'connection_type': '2.5d_emib', 'loc': '2.5d_chiplet'},{'from': 'Chiplet_4', 'to': 'Chiplet_2', 'connection_type': '2.5d_emib', 'loc': '2.5d_chiplet'},{'from': 'Chiplet_4', 'to': 'Chiplet_6', 'connection_type': '2.5d_emib', 'loc': '2.5d_chiplet'},{'from': 'Chiplet_3', 'to': 'Chiplet_4', 'connection_type': '2.5d_emib', 'loc': '2.5d_chiplet'},{'from': 'Chiplet_3', 'to': 'Chiplet_1', 'connection_type': '2.5d_emib', 'loc': '2.5d_chiplet'}",1,3,1,2,1,8,hbm3,bow,ucie_3d,1,0,os,1,0,0
449,32.84984098383658,4865111.04,93909.25132248928,42729521.96542239,3424.4079584470464,3659.9135262808068,449,12.799492673176792,15.979573171754398,4096,192x192,14,2.6264880905479133,5.538366334949999,1024,128x128,10,3.665749090547913,5.538366334949999,4096,128x128,10,1.7117881800824635,3.1172648505374996,1536,96x96,10,6.033899457366197,12.973514847541198,2048,192x192,10,0.784712696,2.51875,512,96x96,7,2.5d_3d,"{'from': 'Chiplet_1', 'to': 'Chiplet_4', 'connection_type': '3d_hyb_bond', 'loc': 'stack0_base'},{'from': 'Chiplet_4', 'to': 'na', 'connection_type': '3d_hyb_bond', 'loc': 'stack0_top'},{'from': 'Chiplet_1', 'to': 'Chiplet_3', 'connection_type': '2.5d_rdl', 'loc': '2.5d_chiplet'},{'from': 'Chiplet_1', 'to': 'Chiplet_5', 'connection_type': '2.5d_rdl', 'loc': '2.5d_chiplet'},{'from': 'Chiplet_5', 'to': 'Chiplet_3', 'connection_type': '2.5d_rdl', 'loc': '2.5d_chiplet'},{'from': 'Chiplet_5', 'to': 'Chiplet_1', 'connection_type': '2.5d_rdl', 'loc': '2.5d_chiplet'},{'from': 'Chiplet_5', 'to': 'Chiplet_2', 'connection_type': '2.5d_rdl', 'loc': '2.5d_chiplet'},{'from': 'Chiplet_5', 'to': 'Chiplet_6', 'connection_type': '2.5d_rdl', 'loc': '2.5d_chiplet'},{'from': 'Chiplet_6', 'to': 'Chiplet_5', 'connection_type': '2.5d_rdl', 'loc': '2.5d_chiplet'},{'from': 'Chiplet_6', 'to': 'Chiplet_2', 'connection_type': '2.5d_rdl', 'loc': '2.5d_chiplet'},{'from': 'Chiplet_3', 'to': 'Chiplet_5', 'connection_type': '2.5d_rdl', 'loc': '2.5d_chiplet'},{'from': 'Chiplet_3', 'to': 'Chiplet_1', 'connection_type': '2.5d_rdl', 'loc': '2.5d_chiplet'},{'from': 'Chiplet_3', 'to': 'Chiplet_2', 'connection_type': '2.5d_rdl', 'loc': '2.5d_chiplet'},{'from': 'Chiplet_2', 'to': 'Chiplet_3', 'connection_type': '2.5d_rdl', 'loc': '2.5d_chiplet'},{'from': 'Chiplet_2', 'to': 'Chiplet_5', 'connection_type': '2.5d_rdl', 'loc': '2.5d_chiplet'},{'from': 'Chiplet_2', 'to': 'Chiplet_6', 'connection_type': '2.5d_rdl', 'loc': '2.5d_chiplet'}",7,2,2,1,3,1,hbm3,ucie_std,ucie_3d,1,0,ws,0,0,0
450,47.10109174043915,4318992.21,192233.35395171813,131780637.27216348,4522.125066242714,5899.665869673005,450,1.304342696,2.51875,2048,96x96,7,1.304342696,2.51875,2048,96x96,7,1.3653681800824635,3.1172648505374996,512,96x96,10,1.743774000637535,1.7054115854749998,1024,64x64,14,14.117807839976791,15.979573171754398,6144,192x192,14,12.799492673176792,15.979573171754398,4096,192x192,14,2.5d,"{'from': 'Chiplet_5', 'to': 'Chiplet_4', 'connection_type': '2.5d_emib', 'loc': '2.5d_chiplet'},{'from': 'Chiplet_5', 'to': 'Chiplet_2', 'connection_type': '2.5d_emib', 'loc': '2.5d_chiplet'},{'from': 'Chiplet_5', 'to': 'Chiplet_3', 'connection_type': '2.5d_emib', 'loc': '2.5d_chiplet'},{'from': 'Chiplet_5', 'to': 'Chiplet_6', 'connection_type': '2.5d_emib', 'loc': '2.5d_chiplet'},{'from': 'Chiplet_3', 'to': 'Chiplet_5', 'connection_type': '2.5d_emib', 'loc': '2.5d_chiplet'},{'from': 'Chiplet_3', 'to': 'Chiplet_2', 'connection_type': '2.5d_emib', 'loc': '2.5d_chiplet'},{'from': 'Chiplet_2', 'to': 'Chiplet_3', 'connection_type': '2.5d_emib', 'loc': '2.5d_chiplet'},{'from': 'Chiplet_2', 'to': 'Chiplet_5', 'connection_type': '2.5d_emib', 'loc': '2.5d_chiplet'},{'from': 'Chiplet_6', 'to': 'Chiplet_4', 'connection_type': '2.5d_emib', 'loc': '2.5d_chiplet'},{'from': 'Chiplet_6', 'to': 'Chiplet_5', 'connection_type': '2.5d_emib', 'loc': '2.5d_chiplet'},{'from': 'Chiplet_6', 'to': 'Chiplet_1', 'connection_type': '2.5d_emib', 'loc': '2.5d_chiplet'},{'from': 'Chiplet_4', 'to': 'Chiplet_5', 'connection_type': '2.5d_emib', 'loc': '2.5d_chiplet'},{'from': 'Chiplet_4', 'to': 'Chiplet_1', 'connection_type': '2.5d_emib', 'loc': '2.5d_chiplet'},{'from': 'Chiplet_4', 'to': 'Chiplet_6', 'connection_type': '2.5d_emib', 'loc': '2.5d_chiplet'},{'from': 'Chiplet_1', 'to': 'Chiplet_4', 'connection_type': '2.5d_emib', 'loc': '2.5d_chiplet'},{'from': 'Chiplet_1', 'to': 'Chiplet_6', 'connection_type': '2.5d_emib', 'loc': '2.5d_chiplet'}",1,1,1,1,2,2,ddr5,aib,na,1,0,os,0,0,0
451,8.221603244990899,1370989.45,100530.36871901127,128706083.37932631,14988.703894098233,6531.833131448056,451,1.7117881800824635,3.1172648505374996,1536,96x96,10,0.638803,1.11875,1024,64x64,7,0.552198,1.11875,768,64x64,7,0.957922696,2.51875,1024,96x96,7,1.578984604787535,1.7054115854749998,768,64x64,14,2.6264880905479133,5.538366334949999,1024,128x128,10,2.5d_3d,"{'from': 'Chiplet_1', 'to': 'Chiplet_2', 'connection_type': '3d_hyb_bond', 'loc': 'stack0_base'},{'from': 'Chiplet_2', 'to': 'Chiplet_3', 'connection_type': '3d_hyb_bond', 'loc': 'stack0_middle1'},{'from': 'Chiplet_3', 'to': 'na', 'connection_type': '3d_hyb_bond', 'loc': 'stack0_top'},{'from': 'Chiplet_6', 'to': 'Chiplet_4', 'connection_type': '2.5d_emib', 'loc': '2.5d_chiplet'},{'from': 'Chiplet_6', 'to': 'Chiplet_5', 'connection_type': '2.5d_emib', 'loc': '2.5d_chiplet'},{'from': 'Chiplet_6', 'to': 'Chiplet_1', 'connection_type': '2.5d_emib', 'loc': '2.5d_chiplet'},{'from': 'Chiplet_4', 'to': 'Chiplet_5', 'connection_type': '2.5d_emib', 'loc': '2.5d_chiplet'},{'from': 'Chiplet_4', 'to': 'Chiplet_6', 'connection_type': '2.5d_emib', 'loc': '2.5d_chiplet'},{'from': 'Chiplet_1', 'to': 'Chiplet_5', 'connection_type': '2.5d_emib', 'loc': '2.5d_chiplet'},{'from': 'Chiplet_1', 'to': 'Chiplet_6', 'connection_type': '2.5d_emib', 'loc': '2.5d_chiplet'},{'from': 'Chiplet_5', 'to': 'Chiplet_4', 'connection_type': '2.5d_emib', 'loc': '2.5d_chiplet'},{'from': 'Chiplet_5', 'to': 'Chiplet_1', 'connection_type': '2.5d_emib', 'loc': '2.5d_chiplet'},{'from': 'Chiplet_5', 'to': 'Chiplet_6', 'connection_type': '2.5d_emib', 'loc': '2.5d_chiplet'}",2,1,1,1,1,2,ddr4,bow,ucie_3d,0,0,ws,1,0,0
452,24.841503275275336,2474907.95,159276.56276265392,133286453.68039343,14693.253276330463,9300.13953521987,452,2.55521354,4.475,4096,128x128,7,1.743774000637535,1.7054115854749998,1024,64x64,14,1.5385781800824634,3.1172648505374996,1024,96x96,10,6.726740457366197,12.973514847541198,4096,192x192,10,1.743774000637535,1.7054115854749998,1024,64x64,14,0.656621759447044,1.3845915837374998,256,64x64,10,2.5d,"{'from': 'Chiplet_4', 'to': 'Chiplet_1', 'connection_type': '2.5d_emib', 'loc': '2.5d_chiplet'},{'from': 'Chiplet_4', 'to': 'Chiplet_6', 'connection_type': '2.5d_emib', 'loc': '2.5d_chiplet'},{'from': 'Chiplet_6', 'to': 'Chiplet_4', 'connection_type': '2.5d_emib', 'loc': '2.5d_chiplet'},{'from': 'Chiplet_6', 'to': 'Chiplet_1', 'connection_type': '2.5d_emib', 'loc': '2.5d_chiplet'},{'from': 'Chiplet_6', 'to': 'Chiplet_2', 'connection_type': '2.5d_emib', 'loc': '2.5d_chiplet'},{'from': 'Chiplet_1', 'to': 'Chiplet_4', 'connection_type': '2.5d_emib', 'loc': '2.5d_chiplet'},{'from': 'Chiplet_1', 'to': 'Chiplet_3', 'connection_type': '2.5d_emib', 'loc': '2.5d_chiplet'},{'from': 'Chiplet_1', 'to': 'Chiplet_2', 'connection_type': '2.5d_emib', 'loc': '2.5d_chiplet'},{'from': 'Chiplet_1', 'to': 'Chiplet_6', 'connection_type': '2.5d_emib', 'loc': '2.5d_chiplet'},{'from': 'Chiplet_1', 'to': 'Chiplet_5', 'connection_type': '2.5d_emib', 'loc': '2.5d_chiplet'},{'from': 'Chiplet_3', 'to': 'Chiplet_5', 'connection_type': '2.5d_emib', 'loc': '2.5d_chiplet'},{'from': 'Chiplet_3', 'to': 'Chiplet_1', 'connection_type': '2.5d_emib', 'loc': '2.5d_chiplet'},{'from': 'Chiplet_2', 'to': 'Chiplet_5', 'connection_type': '2.5d_emib', 'loc': '2.5d_chiplet'},{'from': 'Chiplet_2', 'to': 'Chiplet_1', 'connection_type': '2.5d_emib', 'loc': '2.5d_chiplet'},{'from': 'Chiplet_2', 'to': 'Chiplet_6', 'connection_type': '2.5d_emib', 'loc': '2.5d_chiplet'},{'from': 'Chiplet_5', 'to': 'Chiplet_3', 'connection_type': '2.5d_emib', 'loc': '2.5d_chiplet'},{'from': 'Chiplet_5', 'to': 'Chiplet_1', 'connection_type': '2.5d_emib', 'loc': '2.5d_chiplet'},{'from': 'Chiplet_5', 'to': 'Chiplet_2', 'connection_type': '2.5d_emib', 'loc': '2.5d_chiplet'}",1,1,1,3,1,1,ddr4,ucie_adv,na,0,0,is,1,0,0
453,21.81520418384695,3058193.24,77202.1749520507,96240287.41494969,20307.40185378287,14564.29039689837,453,1.8849981800824636,3.1172648505374996,2048,96x96,10,11.481175603606792,15.979573171754398,2048,192x192,14,1.3653681800824635,3.1172648505374996,512,96x96,10,2.55521354,4.475,4096,128x128,7,1.86237254,4.475,2048,128x128,7,1.5385781800824634,3.1172648505374996,1024,96x96,10,2.5d_3d,"{'from': 'Chiplet_1', 'to': 'Chiplet_6', 'connection_type': '3d_u_bump', 'loc': 'stack0_base'},{'from': 'Chiplet_6', 'to': 'na', 'connection_type': '3d_u_bump', 'loc': 'stack0_top'},{'from': 'Chiplet_2', 'to': 'Chiplet_4', 'connection_type': '2.5d_rdl', 'loc': '2.5d_chiplet'},{'from': 'Chiplet_2', 'to': 'Chiplet_1', 'connection_type': '2.5d_rdl', 'loc': '2.5d_chiplet'},{'from': 'Chiplet_4', 'to': 'Chiplet_3', 'connection_type': '2.5d_rdl', 'loc': '2.5d_chiplet'},{'from': 'Chiplet_4', 'to': 'Chiplet_5', 'connection_type': '2.5d_rdl', 'loc': '2.5d_chiplet'},{'from': 'Chiplet_4', 'to': 'Chiplet_1', 'connection_type': '2.5d_rdl', 'loc': '2.5d_chiplet'},{'from': 'Chiplet_4', 'to': 'Chiplet_2', 'connection_type': '2.5d_rdl', 'loc': '2.5d_chiplet'},{'from': 'Chiplet_3', 'to': 'Chiplet_4', 'connection_type': '2.5d_rdl', 'loc': '2.5d_chiplet'},{'from': 'Chiplet_3', 'to': 'Chiplet_5', 'connection_type': '2.5d_rdl', 'loc': '2.5d_chiplet'},{'from': 'Chiplet_1', 'to': 'Chiplet_4', 'connection_type': '2.5d_rdl', 'loc': '2.5d_chiplet'},{'from': 'Chiplet_1', 'to': 'Chiplet_5', 'connection_type': '2.5d_rdl', 'loc': '2.5d_chiplet'},{'from': 'Chiplet_1', 'to': 'Chiplet_2', 'connection_type': '2.5d_rdl', 'loc': '2.5d_chiplet'},{'from': 'Chiplet_5', 'to': 'Chiplet_4', 'connection_type': '2.5d_rdl', 'loc': '2.5d_chiplet'},{'from': 'Chiplet_5', 'to': 'Chiplet_1', 'connection_type': '2.5d_rdl', 'loc': '2.5d_chiplet'},{'from': 'Chiplet_5', 'to': 'Chiplet_3', 'connection_type': '2.5d_rdl', 'loc': '2.5d_chiplet'}",1,3,1,1,1,1,ddr5,ucie_std,ucie_3d,1,0,os,1,0,0
454,29.48502704495414,3103809.2,161743.29079746408,42772302.47952541,3971.8066477235184,2741.61126591407,454,2.927572174079395,3.8395579270749995,1024,96x96,14,1.3653681800824635,3.1172648505374996,512,96x96,10,5.656782838920179,6.821646341899999,2048,128x128,14,6.315940422320179,6.821646341899999,3072,128x128,14,1.578984604787535,1.7054115854749998,768,64x64,14,1.86237254,4.475,2048,128x128,7,2.5d,"{'from': 'Chiplet_4', 'to': 'Chiplet_3', 'connection_type': '2.5d_emib', 'loc': '2.5d_chiplet'},{'from': 'Chiplet_4', 'to': 'Chiplet_5', 'connection_type': '2.5d_emib', 'loc': '2.5d_chiplet'},{'from': 'Chiplet_4', 'to': 'Chiplet_6', 'connection_type': '2.5d_emib', 'loc': '2.5d_chiplet'},{'from': 'Chiplet_6', 'to': 'Chiplet_4', 'connection_type': '2.5d_emib', 'loc': '2.5d_chiplet'},{'from': 'Chiplet_6', 'to': 'Chiplet_5', 'connection_type': '2.5d_emib', 'loc': '2.5d_chiplet'},{'from': 'Chiplet_5', 'to': 'Chiplet_4', 'connection_type': '2.5d_emib', 'loc': '2.5d_chiplet'},{'from': 'Chiplet_5', 'to': 'Chiplet_6', 'connection_type': '2.5d_emib', 'loc': '2.5d_chiplet'},{'from': 'Chiplet_3', 'to': 'Chiplet_4', 'connection_type': '2.5d_emib', 'loc': '2.5d_chiplet'},{'from': 'Chiplet_3', 'to': 'Chiplet_1', 'connection_type': '2.5d_emib', 'loc': '2.5d_chiplet'},{'from': 'Chiplet_3', 'to': 'Chiplet_2', 'connection_type': '2.5d_emib', 'loc': '2.5d_chiplet'},{'from': 'Chiplet_1', 'to': 'Chiplet_3', 'connection_type': '2.5d_emib', 'loc': '2.5d_chiplet'},{'from': 'Chiplet_1', 'to': 'Chiplet_2', 'connection_type': '2.5d_emib', 'loc': '2.5d_chiplet'},{'from': 'Chiplet_2', 'to': 'Chiplet_3', 'connection_type': '2.5d_emib', 'loc': '2.5d_chiplet'},{'from': 'Chiplet_2', 'to': 'Chiplet_1', 'connection_type': '2.5d_emib', 'loc': '2.5d_chiplet'}",2,1,5,5,1,2,hbm3,ucie_adv,na,0,0,os,0,0,0
455,15.968207406045885,2337329.66,56998.30374034518,104153568.00316432,13806.67989342315,8283.32737602937,455,1.7117881800824635,3.1172648505374996,1536,96x96,10,8.112421457366196,12.973514847541198,8192,192x192,10,1.3653681800824635,3.1172648505374996,512,96x96,10,1.5385781800824634,3.1172648505374996,1024,96x96,10,0.916436759447044,1.3845915837374998,1024,64x64,10,0.829831759447044,1.3845915837374998,768,64x64,10,2.5d_3d,"{'from': 'Chiplet_3', 'to': 'Chiplet_5', 'connection_type': '3d_hyb_bond', 'loc': 'stack0_base'},{'from': 'Chiplet_5', 'to': 'Chiplet_6', 'connection_type': '3d_hyb_bond', 'loc': 'stack0_middle1'},{'from': 'Chiplet_6', 'to': 'na', 'connection_type': '3d_hyb_bond', 'loc': 'stack0_top'},{'from': 'Chiplet_2', 'to': 'Chiplet_4', 'connection_type': '2.5d_rdl', 'loc': '2.5d_chiplet'},{'from': 'Chiplet_2', 'to': 'Chiplet_1', 'connection_type': '2.5d_rdl', 'loc': '2.5d_chiplet'},{'from': 'Chiplet_1', 'to': 'Chiplet_4', 'connection_type': '2.5d_rdl', 'loc': '2.5d_chiplet'},{'from': 'Chiplet_1', 'to': 'Chiplet_3', 'connection_type': '2.5d_rdl', 'loc': '2.5d_chiplet'},{'from': 'Chiplet_1', 'to': 'Chiplet_2', 'connection_type': '2.5d_rdl', 'loc': '2.5d_chiplet'},{'from': 'Chiplet_4', 'to': 'Chiplet_3', 'connection_type': '2.5d_rdl', 'loc': '2.5d_chiplet'},{'from': 'Chiplet_4', 'to': 'Chiplet_1', 'connection_type': '2.5d_rdl', 'loc': '2.5d_chiplet'},{'from': 'Chiplet_4', 'to': 'Chiplet_2', 'connection_type': '2.5d_rdl', 'loc': '2.5d_chiplet'},{'from': 'Chiplet_3', 'to': 'Chiplet_4', 'connection_type': '2.5d_rdl', 'loc': '2.5d_chiplet'},{'from': 'Chiplet_3', 'to': 'Chiplet_1', 'connection_type': '2.5d_rdl', 'loc': '2.5d_chiplet'}",1,3,1,1,1,1,ddr5,ucie_std,ucie_3d,0,0,ws,1,0,0
456,41.828696553682896,4838694.37,207137.51349029993,104705698.10920571,12885.688954305768,14389.186363950028,456,6.975099908490179,6.821646341899999,4096,128x128,14,5.5109919519999995,10.4826,8192,192x192,7,2.6264880905479133,5.538366334949999,1024,128x128,10,6.033899457366197,12.973514847541198,2048,192x192,10,7.419580457366196,12.973514847541198,6144,192x192,10,3.2571509657793953,3.8395579270749995,1536,96x96,14,2.5d,"{'from': 'Chiplet_5', 'to': 'Chiplet_1', 'connection_type': '2.5d_emib', 'loc': '2.5d_chiplet'},{'from': 'Chiplet_5', 'to': 'Chiplet_2', 'connection_type': '2.5d_emib', 'loc': '2.5d_chiplet'},{'from': 'Chiplet_5', 'to': 'Chiplet_6', 'connection_type': '2.5d_emib', 'loc': '2.5d_chiplet'},{'from': 'Chiplet_2', 'to': 'Chiplet_5', 'connection_type': '2.5d_emib', 'loc': '2.5d_chiplet'},{'from': 'Chiplet_2', 'to': 'Chiplet_6', 'connection_type': '2.5d_emib', 'loc': '2.5d_chiplet'},{'from': 'Chiplet_6', 'to': 'Chiplet_5', 'connection_type': '2.5d_emib', 'loc': '2.5d_chiplet'},{'from': 'Chiplet_6', 'to': 'Chiplet_2', 'connection_type': '2.5d_emib', 'loc': '2.5d_chiplet'},{'from': 'Chiplet_1', 'to': 'Chiplet_4', 'connection_type': '2.5d_emib', 'loc': '2.5d_chiplet'},{'from': 'Chiplet_1', 'to': 'Chiplet_5', 'connection_type': '2.5d_emib', 'loc': '2.5d_chiplet'},{'from': 'Chiplet_1', 'to': 'Chiplet_3', 'connection_type': '2.5d_emib', 'loc': '2.5d_chiplet'},{'from': 'Chiplet_4', 'to': 'Chiplet_3', 'connection_type': '2.5d_emib', 'loc': '2.5d_chiplet'},{'from': 'Chiplet_4', 'to': 'Chiplet_1', 'connection_type': '2.5d_emib', 'loc': '2.5d_chiplet'},{'from': 'Chiplet_3', 'to': 'Chiplet_4', 'connection_type': '2.5d_emib', 'loc': '2.5d_chiplet'},{'from': 'Chiplet_3', 'to': 'Chiplet_1', 'connection_type': '2.5d_emib', 'loc': '2.5d_chiplet'}",2,1,1,1,2,1,ddr5,aib,na,1,0,ws,1,0,0
457,53.046344305576575,5573488.58,195949.94797277157,70892238.9055281,4446.111111111111,4779.170921093226,457,8.112421457366196,12.973514847541198,8192,192x192,10,0.378988,1.11875,256,64x64,7,15.436124909546791,15.979573171754398,8192,192x192,14,5.656782838920179,6.821646341899999,2048,128x128,14,1.8849981800824636,3.1172648505374996,2048,96x96,10,1.131132696,2.51875,1536,96x96,7,2.5d,"{'from': 'Chiplet_3', 'to': 'Chiplet_4', 'connection_type': '2.5d_emib', 'loc': '2.5d_chiplet'},{'from': 'Chiplet_3', 'to': 'Chiplet_1', 'connection_type': '2.5d_emib', 'loc': '2.5d_chiplet'},{'from': 'Chiplet_3', 'to': 'Chiplet_6', 'connection_type': '2.5d_emib', 'loc': '2.5d_chiplet'},{'from': 'Chiplet_6', 'to': 'Chiplet_4', 'connection_type': '2.5d_emib', 'loc': '2.5d_chiplet'},{'from': 'Chiplet_6', 'to': 'Chiplet_3', 'connection_type': '2.5d_emib', 'loc': '2.5d_chiplet'},{'from': 'Chiplet_1', 'to': 'Chiplet_3', 'connection_type': '2.5d_emib', 'loc': '2.5d_chiplet'},{'from': 'Chiplet_1', 'to': 'Chiplet_5', 'connection_type': '2.5d_emib', 'loc': '2.5d_chiplet'},{'from': 'Chiplet_1', 'to': 'Chiplet_4', 'connection_type': '2.5d_emib', 'loc': '2.5d_chiplet'},{'from': 'Chiplet_4', 'to': 'Chiplet_3', 'connection_type': '2.5d_emib', 'loc': '2.5d_chiplet'},{'from': 'Chiplet_4', 'to': 'Chiplet_1', 'connection_type': '2.5d_emib', 'loc': '2.5d_chiplet'},{'from': 'Chiplet_4', 'to': 'Chiplet_2', 'connection_type': '2.5d_emib', 'loc': '2.5d_chiplet'},{'from': 'Chiplet_4', 'to': 'Chiplet_6', 'connection_type': '2.5d_emib', 'loc': '2.5d_chiplet'},{'from': 'Chiplet_4', 'to': 'Chiplet_5', 'connection_type': '2.5d_emib', 'loc': '2.5d_chiplet'},{'from': 'Chiplet_5', 'to': 'Chiplet_4', 'connection_type': '2.5d_emib', 'loc': '2.5d_chiplet'},{'from': 'Chiplet_5', 'to': 'Chiplet_1', 'connection_type': '2.5d_emib', 'loc': '2.5d_chiplet'},{'from': 'Chiplet_5', 'to': 'Chiplet_2', 'connection_type': '2.5d_emib', 'loc': '2.5d_chiplet'},{'from': 'Chiplet_2', 'to': 'Chiplet_4', 'connection_type': '2.5d_emib', 'loc': '2.5d_chiplet'},{'from': 'Chiplet_2', 'to': 'Chiplet_5', 'connection_type': '2.5d_emib', 'loc': '2.5d_chiplet'}",4,1,7,2,1,1,hbm2,ucie_adv,na,0,0,ws,0,0,0
458,14.703756700607295,2159712.8,113899.4677845035,100527266.56073444,14181.330650966314,7698.568688668109,458,2.55521354,4.475,4096,128x128,7,3.3193280905479132,5.538366334949999,3072,128x128,10,1.249405813087535,1.7054115854749998,256,64x64,14,4.9976252555201786,6.821646341899999,1024,128x128,14,1.131132696,2.51875,1536,96x96,7,0.916436759447044,1.3845915837374998,1024,64x64,10,2.5d_3d,"{'from': 'Chiplet_3', 'to': 'Chiplet_5', 'connection_type': '3d_tsv', 'loc': 'stack0_base'},{'from': 'Chiplet_5', 'to': 'Chiplet_6', 'connection_type': '3d_tsv', 'loc': 'stack0_middle1'},{'from': 'Chiplet_6', 'to': 'na', 'connection_type': '3d_tsv', 'loc': 'stack0_top'},{'from': 'Chiplet_4', 'to': 'Chiplet_3', 'connection_type': '2.5d_emib', 'loc': '2.5d_chiplet'},{'from': 'Chiplet_4', 'to': 'Chiplet_1', 'connection_type': '2.5d_emib', 'loc': '2.5d_chiplet'},{'from': 'Chiplet_4', 'to': 'Chiplet_2', 'connection_type': '2.5d_emib', 'loc': '2.5d_chiplet'},{'from': 'Chiplet_3', 'to': 'Chiplet_4', 'connection_type': '2.5d_emib', 'loc': '2.5d_chiplet'},{'from': 'Chiplet_3', 'to': 'Chiplet_1', 'connection_type': '2.5d_emib', 'loc': '2.5d_chiplet'},{'from': 'Chiplet_2', 'to': 'Chiplet_4', 'connection_type': '2.5d_emib', 'loc': '2.5d_chiplet'},{'from': 'Chiplet_2', 'to': 'Chiplet_1', 'connection_type': '2.5d_emib', 'loc': '2.5d_chiplet'},{'from': 'Chiplet_1', 'to': 'Chiplet_4', 'connection_type': '2.5d_emib', 'loc': '2.5d_chiplet'},{'from': 'Chiplet_1', 'to': 'Chiplet_2', 'connection_type': '2.5d_emib', 'loc': '2.5d_chiplet'},{'from': 'Chiplet_1', 'to': 'Chiplet_3', 'connection_type': '2.5d_emib', 'loc': '2.5d_chiplet'}",1,2,1,2,1,1,ddr5,ucie_adv,ucie_3d,0,0,ws,1,0,0
459,40.03379353192797,3625274.49,177918.53741126703,130380215.88094832,12681.158406650204,11211.17284446969,459,1.131132696,2.51875,1536,96x96,7,3.2571509657793953,3.8395579270749995,1536,96x96,14,7.419580457366196,12.973514847541198,6144,192x192,10,0.916436759447044,1.3845915837374998,1024,64x64,10,0.46559300000000003,1.11875,512,64x64,7,11.481175603606792,15.979573171754398,2048,192x192,14,2.5d,"{'from': 'Chiplet_6', 'to': 'Chiplet_3', 'connection_type': '2.5d_emib', 'loc': '2.5d_chiplet'},{'from': 'Chiplet_6', 'to': 'Chiplet_4', 'connection_type': '2.5d_emib', 'loc': '2.5d_chiplet'},{'from': 'Chiplet_6', 'to': 'Chiplet_2', 'connection_type': '2.5d_emib', 'loc': '2.5d_chiplet'},{'from': 'Chiplet_4', 'to': 'Chiplet_2', 'connection_type': '2.5d_emib', 'loc': '2.5d_chiplet'},{'from': 'Chiplet_4', 'to': 'Chiplet_6', 'connection_type': '2.5d_emib', 'loc': '2.5d_chiplet'},{'from': 'Chiplet_3', 'to': 'Chiplet_1', 'connection_type': '2.5d_emib', 'loc': '2.5d_chiplet'},{'from': 'Chiplet_3', 'to': 'Chiplet_2', 'connection_type': '2.5d_emib', 'loc': '2.5d_chiplet'},{'from': 'Chiplet_3', 'to': 'Chiplet_6', 'connection_type': '2.5d_emib', 'loc': '2.5d_chiplet'},{'from': 'Chiplet_2', 'to': 'Chiplet_4', 'connection_type': '2.5d_emib', 'loc': '2.5d_chiplet'},{'from': 'Chiplet_2', 'to': 'Chiplet_3', 'connection_type': '2.5d_emib', 'loc': '2.5d_chiplet'},{'from': 'Chiplet_2', 'to': 'Chiplet_1', 'connection_type': '2.5d_emib', 'loc': '2.5d_chiplet'},{'from': 'Chiplet_2', 'to': 'Chiplet_6', 'connection_type': '2.5d_emib', 'loc': '2.5d_chiplet'},{'from': 'Chiplet_2', 'to': 'Chiplet_5', 'connection_type': '2.5d_emib', 'loc': '2.5d_chiplet'},{'from': 'Chiplet_1', 'to': 'Chiplet_3', 'connection_type': '2.5d_emib', 'loc': '2.5d_chiplet'},{'from': 'Chiplet_1', 'to': 'Chiplet_5', 'connection_type': '2.5d_emib', 'loc': '2.5d_chiplet'},{'from': 'Chiplet_1', 'to': 'Chiplet_2', 'connection_type': '2.5d_emib', 'loc': '2.5d_chiplet'},{'from': 'Chiplet_5', 'to': 'Chiplet_1', 'connection_type': '2.5d_emib', 'loc': '2.5d_chiplet'},{'from': 'Chiplet_5', 'to': 'Chiplet_2', 'connection_type': '2.5d_emib', 'loc': '2.5d_chiplet'}",1,1,1,1,1,3,ddr4,bow,na,0,0,is,1,0,0
460,19.594114518501442,2184354.77,149127.99039667376,36282712.347968765,20192.199371316845,7554.926467329317,460,1.4141952089375351,1.7054115854749998,512,64x64,14,3.2571509657793953,3.8395579270749995,1536,96x96,14,0.638803,1.11875,1024,64x64,7,3.665749090547913,5.538366334949999,4096,128x128,10,2.597993382379395,3.8395579270749995,512,96x96,14,1.131132696,2.51875,1536,96x96,7,2.5d,"{'from': 'Chiplet_4', 'to': 'Chiplet_1', 'connection_type': '2.5d_emib', 'loc': '2.5d_chiplet'},{'from': 'Chiplet_4', 'to': 'Chiplet_2', 'connection_type': '2.5d_emib', 'loc': '2.5d_chiplet'},{'from': 'Chiplet_4', 'to': 'Chiplet_6', 'connection_type': '2.5d_emib', 'loc': '2.5d_chiplet'},{'from': 'Chiplet_1', 'to': 'Chiplet_4', 'connection_type': '2.5d_emib', 'loc': '2.5d_chiplet'},{'from': 'Chiplet_1', 'to': 'Chiplet_6', 'connection_type': '2.5d_emib', 'loc': '2.5d_chiplet'},{'from': 'Chiplet_6', 'to': 'Chiplet_4', 'connection_type': '2.5d_emib', 'loc': '2.5d_chiplet'},{'from': 'Chiplet_6', 'to': 'Chiplet_1', 'connection_type': '2.5d_emib', 'loc': '2.5d_chiplet'},{'from': 'Chiplet_2', 'to': 'Chiplet_4', 'connection_type': '2.5d_emib', 'loc': '2.5d_chiplet'},{'from': 'Chiplet_2', 'to': 'Chiplet_5', 'connection_type': '2.5d_emib', 'loc': '2.5d_chiplet'},{'from': 'Chiplet_2', 'to': 'Chiplet_3', 'connection_type': '2.5d_emib', 'loc': '2.5d_chiplet'},{'from': 'Chiplet_5', 'to': 'Chiplet_3', 'connection_type': '2.5d_emib', 'loc': '2.5d_chiplet'},{'from': 'Chiplet_5', 'to': 'Chiplet_2', 'connection_type': '2.5d_emib', 'loc': '2.5d_chiplet'},{'from': 'Chiplet_3', 'to': 'Chiplet_5', 'connection_type': '2.5d_emib', 'loc': '2.5d_chiplet'},{'from': 'Chiplet_3', 'to': 'Chiplet_2', 'connection_type': '2.5d_emib', 'loc': '2.5d_chiplet'}",2,4,1,5,3,1,hbm3,ucie_adv,na,0,0,os,1,0,0
461,19.397975719889722,3957236.79,124324.13576208703,127830924.89434135,3123.1092094539526,5147.741194621536,461,1.8849981800824636,3.1172648505374996,2048,96x96,10,1.8849981800824636,3.1172648505374996,2048,96x96,10,2.6264880905479133,5.538366334949999,1024,128x128,10,3.432469952,10.4826,2048,192x192,7,4.818150952,10.4826,6144,192x192,7,11.481175603606792,15.979573171754398,2048,192x192,14,2.5d_3d,"{'from': 'Chiplet_6', 'to': 'Chiplet_4', 'connection_type': '3d_hyb_bond', 'loc': 'stack0_base'},{'from': 'Chiplet_4', 'to': 'Chiplet_3', 'connection_type': '3d_hyb_bond', 'loc': 'stack0_middle1'},{'from': 'Chiplet_3', 'to': 'Chiplet_2', 'connection_type': '3d_hyb_bond', 'loc': 'stack0_middle2'},{'from': 'Chiplet_2', 'to': 'Chiplet_1', 'connection_type': '3d_hyb_bond', 'loc': 'stack0_middle3'},{'from': 'Chiplet_1', 'to': 'na', 'connection_type': '3d_hyb_bond', 'loc': 'stack0_top'},{'from': 'Chiplet_6', 'to': 'Chiplet_5', 'connection_type': '2.5d_rdl', 'loc': '2.5d_chiplet'},{'from': 'Chiplet_5', 'to': 'Chiplet_6', 'connection_type': '2.5d_rdl', 'loc': '2.5d_chiplet'}",1,1,1,1,1,3,ddr5,ucie_std,ucie_3d,0,0,ws,0,0,0
462,46.715741497828795,4385397.6,194648.99635940482,184746670.7569212,5343.605664488017,7790.4410291521,462,6.315940422320179,6.821646341899999,3072,128x128,14,0.638803,1.11875,1024,64x64,7,12.799492673176792,15.979573171754398,4096,192x192,14,12.799492673176792,15.979573171754398,4096,192x192,14,1.743774000637535,1.7054115854749998,1024,64x64,14,1.8849981800824636,3.1172648505374996,2048,96x96,10,2.5d,"{'from': 'Chiplet_3', 'to': 'Chiplet_4', 'connection_type': '2.5d_emib', 'loc': '2.5d_chiplet'},{'from': 'Chiplet_3', 'to': 'Chiplet_1', 'connection_type': '2.5d_emib', 'loc': '2.5d_chiplet'},{'from': 'Chiplet_1', 'to': 'Chiplet_3', 'connection_type': '2.5d_emib', 'loc': '2.5d_chiplet'},{'from': 'Chiplet_1', 'to': 'Chiplet_6', 'connection_type': '2.5d_emib', 'loc': '2.5d_chiplet'},{'from': 'Chiplet_4', 'to': 'Chiplet_3', 'connection_type': '2.5d_emib', 'loc': '2.5d_chiplet'},{'from': 'Chiplet_4', 'to': 'Chiplet_5', 'connection_type': '2.5d_emib', 'loc': '2.5d_chiplet'},{'from': 'Chiplet_4', 'to': 'Chiplet_6', 'connection_type': '2.5d_emib', 'loc': '2.5d_chiplet'},{'from': 'Chiplet_6', 'to': 'Chiplet_4', 'connection_type': '2.5d_emib', 'loc': '2.5d_chiplet'},{'from': 'Chiplet_6', 'to': 'Chiplet_5', 'connection_type': '2.5d_emib', 'loc': '2.5d_chiplet'},{'from': 'Chiplet_6', 'to': 'Chiplet_1', 'connection_type': '2.5d_emib', 'loc': '2.5d_chiplet'},{'from': 'Chiplet_6', 'to': 'Chiplet_2', 'connection_type': '2.5d_emib', 'loc': '2.5d_chiplet'},{'from': 'Chiplet_5', 'to': 'Chiplet_4', 'connection_type': '2.5d_emib', 'loc': '2.5d_chiplet'},{'from': 'Chiplet_5', 'to': 'Chiplet_2', 'connection_type': '2.5d_emib', 'loc': '2.5d_chiplet'},{'from': 'Chiplet_5', 'to': 'Chiplet_6', 'connection_type': '2.5d_emib', 'loc': '2.5d_chiplet'},{'from': 'Chiplet_2', 'to': 'Chiplet_5', 'connection_type': '2.5d_emib', 'loc': '2.5d_chiplet'},{'from': 'Chiplet_2', 'to': 'Chiplet_6', 'connection_type': '2.5d_emib', 'loc': '2.5d_chiplet'}",1,1,2,2,1,1,ddr4,ucie_adv,na,0,0,ws,0,0,0
463,36.9711705331585,4134391.01,144712.4620796931,98855858.82851186,6769.596145003579,7498.104619868137,463,0.957922696,2.51875,1024,96x96,7,1.5385781800824634,3.1172648505374996,1024,96x96,10,0.784712696,2.51875,512,96x96,7,2.972908090547913,5.538366334949999,2048,128x128,10,12.799492673176792,15.979573171754398,4096,192x192,14,11.481175603606792,15.979573171754398,2048,192x192,14,2.5d_3d,"{'from': 'Chiplet_6', 'to': 'Chiplet_1', 'connection_type': '3d_tsv', 'loc': 'stack0_base'},{'from': 'Chiplet_1', 'to': 'Chiplet_3', 'connection_type': '3d_tsv', 'loc': 'stack0_middle1'},{'from': 'Chiplet_3', 'to': 'na', 'connection_type': '3d_tsv', 'loc': 'stack0_top'},{'from': 'Chiplet_5', 'to': 'Chiplet_4', 'connection_type': '2.5d_emib', 'loc': '2.5d_chiplet'},{'from': 'Chiplet_5', 'to': 'Chiplet_2', 'connection_type': '2.5d_emib', 'loc': '2.5d_chiplet'},{'from': 'Chiplet_5', 'to': 'Chiplet_6', 'connection_type': '2.5d_emib', 'loc': '2.5d_chiplet'},{'from': 'Chiplet_2', 'to': 'Chiplet_4', 'connection_type': '2.5d_emib', 'loc': '2.5d_chiplet'},{'from': 'Chiplet_2', 'to': 'Chiplet_5', 'connection_type': '2.5d_emib', 'loc': '2.5d_chiplet'},{'from': 'Chiplet_6', 'to': 'Chiplet_4', 'connection_type': '2.5d_emib', 'loc': '2.5d_chiplet'},{'from': 'Chiplet_6', 'to': 'Chiplet_5', 'connection_type': '2.5d_emib', 'loc': '2.5d_chiplet'},{'from': 'Chiplet_4', 'to': 'Chiplet_5', 'connection_type': '2.5d_emib', 'loc': '2.5d_chiplet'},{'from': 'Chiplet_4', 'to': 'Chiplet_2', 'connection_type': '2.5d_emib', 'loc': '2.5d_chiplet'},{'from': 'Chiplet_4', 'to': 'Chiplet_6', 'connection_type': '2.5d_emib', 'loc': '2.5d_chiplet'}",1,1,1,1,2,2,ddr5,aib,ucie_3d,1,0,os,1,0,0
464,48.63847401784155,6696897.8,128474.59514610871,66142838.90619369,3010.8333333333335,4425.396364617434,464,6.315940422320179,6.821646341899999,3072,128x128,14,1.8849981800824636,3.1172648505374996,2048,96x96,10,6.726740457366197,12.973514847541198,4096,192x192,10,1.7117881800824635,3.1172648505374996,1536,96x96,10,15.436124909546791,15.979573171754398,8192,192x192,14,11.481175603606792,15.979573171754398,2048,192x192,14,2.5d_3d,"{'from': 'Chiplet_3', 'to': 'Chiplet_2', 'connection_type': '3d_u_bump', 'loc': 'stack0_base'},{'from': 'Chiplet_2', 'to': 'Chiplet_4', 'connection_type': '3d_u_bump', 'loc': 'stack0_middle1'},{'from': 'Chiplet_4', 'to': 'na', 'connection_type': '3d_u_bump', 'loc': 'stack0_top'},{'from': 'Chiplet_5', 'to': 'Chiplet_3', 'connection_type': '2.5d_rdl', 'loc': '2.5d_chiplet'},{'from': 'Chiplet_5', 'to': 'Chiplet_1', 'connection_type': '2.5d_rdl', 'loc': '2.5d_chiplet'},{'from': 'Chiplet_5', 'to': 'Chiplet_6', 'connection_type': '2.5d_rdl', 'loc': '2.5d_chiplet'},{'from': 'Chiplet_1', 'to': 'Chiplet_3', 'connection_type': '2.5d_rdl', 'loc': '2.5d_chiplet'},{'from': 'Chiplet_1', 'to': 'Chiplet_5', 'connection_type': '2.5d_rdl', 'loc': '2.5d_chiplet'},{'from': 'Chiplet_6', 'to': 'Chiplet_3', 'connection_type': '2.5d_rdl', 'loc': '2.5d_chiplet'},{'from': 'Chiplet_6', 'to': 'Chiplet_5', 'connection_type': '2.5d_rdl', 'loc': '2.5d_chiplet'},{'from': 'Chiplet_3', 'to': 'Chiplet_5', 'connection_type': '2.5d_rdl', 'loc': '2.5d_chiplet'},{'from': 'Chiplet_3', 'to': 'Chiplet_1', 'connection_type': '2.5d_rdl', 'loc': '2.5d_chiplet'},{'from': 'Chiplet_3', 'to': 'Chiplet_6', 'connection_type': '2.5d_rdl', 'loc': '2.5d_chiplet'}",2,1,2,1,6,4,hbm2,ucie_std,ucie_3d,0,0,ws,0,0,0
465,31.422836374574246,4359286.08,185201.9531075394,54887406.93651431,2084.4594594594596,2912.936139875897,465,6.033899457366197,12.973514847541198,2048,192x192,10,6.726740457366197,12.973514847541198,4096,192x192,10,0.743226759447044,1.3845915837374998,512,64x64,10,2.597993382379395,3.8395579270749995,512,96x96,14,2.6264880905479133,5.538366334949999,1024,128x128,10,6.726740457366197,12.973514847541198,4096,192x192,10,2.5d,"{'from': 'Chiplet_2', 'to': 'Chiplet_1', 'connection_type': '2.5d_emib', 'loc': '2.5d_chiplet'},{'from': 'Chiplet_2', 'to': 'Chiplet_6', 'connection_type': '2.5d_emib', 'loc': '2.5d_chiplet'},{'from': 'Chiplet_1', 'to': 'Chiplet_5', 'connection_type': '2.5d_emib', 'loc': '2.5d_chiplet'},{'from': 'Chiplet_1', 'to': 'Chiplet_2', 'connection_type': '2.5d_emib', 'loc': '2.5d_chiplet'},{'from': 'Chiplet_6', 'to': 'Chiplet_4', 'connection_type': '2.5d_emib', 'loc': '2.5d_chiplet'},{'from': 'Chiplet_6', 'to': 'Chiplet_5', 'connection_type': '2.5d_emib', 'loc': '2.5d_chiplet'},{'from': 'Chiplet_6', 'to': 'Chiplet_2', 'connection_type': '2.5d_emib', 'loc': '2.5d_chiplet'},{'from': 'Chiplet_5', 'to': 'Chiplet_4', 'connection_type': '2.5d_emib', 'loc': '2.5d_chiplet'},{'from': 'Chiplet_5', 'to': 'Chiplet_1', 'connection_type': '2.5d_emib', 'loc': '2.5d_chiplet'},{'from': 'Chiplet_5', 'to': 'Chiplet_3', 'connection_type': '2.5d_emib', 'loc': '2.5d_chiplet'},{'from': 'Chiplet_5', 'to': 'Chiplet_6', 'connection_type': '2.5d_emib', 'loc': '2.5d_chiplet'},{'from': 'Chiplet_4', 'to': 'Chiplet_3', 'connection_type': '2.5d_emib', 'loc': '2.5d_chiplet'},{'from': 'Chiplet_4', 'to': 'Chiplet_5', 'connection_type': '2.5d_emib', 'loc': '2.5d_chiplet'},{'from': 'Chiplet_4', 'to': 'Chiplet_6', 'connection_type': '2.5d_emib', 'loc': '2.5d_chiplet'},{'from': 'Chiplet_3', 'to': 'Chiplet_4', 'connection_type': '2.5d_emib', 'loc': '2.5d_chiplet'},{'from': 'Chiplet_3', 'to': 'Chiplet_5', 'connection_type': '2.5d_emib', 'loc': '2.5d_chiplet'}",4,4,1,1,2,4,hbm2,ucie_adv,na,1,0,os,0,0,0
466,17.24999039652677,1977583.7,45306.35339146686,134557995.9775462,38003.06825326101,16041.678151390699,466,2.972908090547913,5.538366334949999,2048,128x128,10,3.5867297574793953,3.8395579270749995,2048,96x96,14,1.7117881800824635,3.1172648505374996,1536,96x96,10,2.927572174079395,3.8395579270749995,1024,96x96,14,1.743774000637535,1.7054115854749998,1024,64x64,14,0.916436759447044,1.3845915837374998,1024,64x64,10,2.5d_3d,"{'from': 'Chiplet_2', 'to': 'Chiplet_3', 'connection_type': '3d_hyb_bond', 'loc': 'stack0_base'},{'from': 'Chiplet_3', 'to': 'na', 'connection_type': '3d_hyb_bond', 'loc': 'stack0_top'},{'from': 'Chiplet_2', 'to': 'Chiplet_4', 'connection_type': '2.5d_rdl', 'loc': '2.5d_chiplet'},{'from': 'Chiplet_2', 'to': 'Chiplet_5', 'connection_type': '2.5d_rdl', 'loc': '2.5d_chiplet'},{'from': 'Chiplet_2', 'to': 'Chiplet_1', 'connection_type': '2.5d_rdl', 'loc': '2.5d_chiplet'},{'from': 'Chiplet_2', 'to': 'Chiplet_6', 'connection_type': '2.5d_rdl', 'loc': '2.5d_chiplet'},{'from': 'Chiplet_5', 'to': 'Chiplet_2', 'connection_type': '2.5d_rdl', 'loc': '2.5d_chiplet'},{'from': 'Chiplet_5', 'to': 'Chiplet_6', 'connection_type': '2.5d_rdl', 'loc': '2.5d_chiplet'},{'from': 'Chiplet_6', 'to': 'Chiplet_5', 'connection_type': '2.5d_rdl', 'loc': '2.5d_chiplet'},{'from': 'Chiplet_6', 'to': 'Chiplet_2', 'connection_type': '2.5d_rdl', 'loc': '2.5d_chiplet'},{'from': 'Chiplet_1', 'to': 'Chiplet_4', 'connection_type': '2.5d_rdl', 'loc': '2.5d_chiplet'},{'from': 'Chiplet_1', 'to': 'Chiplet_2', 'connection_type': '2.5d_rdl', 'loc': '2.5d_chiplet'},{'from': 'Chiplet_4', 'to': 'Chiplet_1', 'connection_type': '2.5d_rdl', 'loc': '2.5d_chiplet'},{'from': 'Chiplet_4', 'to': 'Chiplet_2', 'connection_type': '2.5d_rdl', 'loc': '2.5d_chiplet'}",2,2,1,1,1,1,ddr4,ucie_std,ucie_3d,0,0,ws,1,0,0
467,12.794786776406493,1921586.48,48351.708726125,42000401.89515543,83573.0791200285,28244.616421877497,467,1.131132696,2.51875,1536,96x96,7,2.55521354,4.475,4096,128x128,7,2.6264880905479133,5.538366334949999,1024,128x128,10,0.552198,1.11875,768,64x64,7,0.638803,1.11875,1024,64x64,7,1.8849981800824636,3.1172648505374996,2048,96x96,10,2.5d,"{'from': 'Chiplet_3', 'to': 'Chiplet_5', 'connection_type': '2.5d_rdl', 'loc': '2.5d_chiplet'},{'from': 'Chiplet_3', 'to': 'Chiplet_1', 'connection_type': '2.5d_rdl', 'loc': '2.5d_chiplet'},{'from': 'Chiplet_3', 'to': 'Chiplet_2', 'connection_type': '2.5d_rdl', 'loc': '2.5d_chiplet'},{'from': 'Chiplet_1', 'to': 'Chiplet_4', 'connection_type': '2.5d_rdl', 'loc': '2.5d_chiplet'},{'from': 'Chiplet_1', 'to': 'Chiplet_5', 'connection_type': '2.5d_rdl', 'loc': '2.5d_chiplet'},{'from': 'Chiplet_1', 'to': 'Chiplet_3', 'connection_type': '2.5d_rdl', 'loc': '2.5d_chiplet'},{'from': 'Chiplet_5', 'to': 'Chiplet_3', 'connection_type': '2.5d_rdl', 'loc': '2.5d_chiplet'},{'from': 'Chiplet_5', 'to': 'Chiplet_4', 'connection_type': '2.5d_rdl', 'loc': '2.5d_chiplet'},{'from': 'Chiplet_5', 'to': 'Chiplet_1', 'connection_type': '2.5d_rdl', 'loc': '2.5d_chiplet'},{'from': 'Chiplet_5', 'to': 'Chiplet_6', 'connection_type': '2.5d_rdl', 'loc': '2.5d_chiplet'},{'from': 'Chiplet_4', 'to': 'Chiplet_5', 'connection_type': '2.5d_rdl', 'loc': '2.5d_chiplet'},{'from': 'Chiplet_4', 'to': 'Chiplet_1', 'connection_type': '2.5d_rdl', 'loc': '2.5d_chiplet'},{'from': 'Chiplet_2', 'to': 'Chiplet_3', 'connection_type': '2.5d_rdl', 'loc': '2.5d_chiplet'},{'from': 'Chiplet_2', 'to': 'Chiplet_6', 'connection_type': '2.5d_rdl', 'loc': '2.5d_chiplet'},{'from': 'Chiplet_6', 'to': 'Chiplet_5', 'connection_type': '2.5d_rdl', 'loc': '2.5d_chiplet'},{'from': 'Chiplet_6', 'to': 'Chiplet_2', 'connection_type': '2.5d_rdl', 'loc': '2.5d_chiplet'}",2,4,5,1,1,3,hbm2,ucie_std,na,1,0,os,1,0,0
468,17.68421977204142,2904249.88,168551.74538650815,39230885.56611685,9288.151950803393,5642.263060944654,468,3.432469952,10.4826,2048,192x192,7,0.46559300000000003,1.11875,512,64x64,7,4.818150952,10.4826,6144,192x192,7,1.131132696,2.51875,1536,96x96,7,0.957922696,2.51875,1024,96x96,7,1.249405813087535,1.7054115854749998,256,64x64,14,2.5d,"{'from': 'Chiplet_3', 'to': 'Chiplet_5', 'connection_type': '2.5d_emib', 'loc': '2.5d_chiplet'},{'from': 'Chiplet_3', 'to': 'Chiplet_1', 'connection_type': '2.5d_emib', 'loc': '2.5d_chiplet'},{'from': 'Chiplet_3', 'to': 'Chiplet_2', 'connection_type': '2.5d_emib', 'loc': '2.5d_chiplet'},{'from': 'Chiplet_3', 'to': 'Chiplet_6', 'connection_type': '2.5d_emib', 'loc': '2.5d_chiplet'},{'from': 'Chiplet_5', 'to': 'Chiplet_3', 'connection_type': '2.5d_emib', 'loc': '2.5d_chiplet'},{'from': 'Chiplet_5', 'to': 'Chiplet_2', 'connection_type': '2.5d_emib', 'loc': '2.5d_chiplet'},{'from': 'Chiplet_2', 'to': 'Chiplet_3', 'connection_type': '2.5d_emib', 'loc': '2.5d_chiplet'},{'from': 'Chiplet_2', 'to': 'Chiplet_5', 'connection_type': '2.5d_emib', 'loc': '2.5d_chiplet'},{'from': 'Chiplet_1', 'to': 'Chiplet_3', 'connection_type': '2.5d_emib', 'loc': '2.5d_chiplet'},{'from': 'Chiplet_1', 'to': 'Chiplet_4', 'connection_type': '2.5d_emib', 'loc': '2.5d_chiplet'},{'from': 'Chiplet_1', 'to': 'Chiplet_6', 'connection_type': '2.5d_emib', 'loc': '2.5d_chiplet'},{'from': 'Chiplet_6', 'to': 'Chiplet_3', 'connection_type': '2.5d_emib', 'loc': '2.5d_chiplet'},{'from': 'Chiplet_6', 'to': 'Chiplet_4', 'connection_type': '2.5d_emib', 'loc': '2.5d_chiplet'},{'from': 'Chiplet_6', 'to': 'Chiplet_1', 'connection_type': '2.5d_emib', 'loc': '2.5d_chiplet'},{'from': 'Chiplet_4', 'to': 'Chiplet_1', 'connection_type': '2.5d_emib', 'loc': '2.5d_chiplet'},{'from': 'Chiplet_4', 'to': 'Chiplet_6', 'connection_type': '2.5d_emib', 'loc': '2.5d_chiplet'}",5,1,6,1,1,2,hbm3,ucie_adv,na,0,0,ws,1,0,0
469,34.438255054308314,3574170.91,94852.75088352212,140291874.70718834,27487.91255915013,20060.18625014591,469,15.436124909546791,15.979573171754398,8192,192x192,14,0.916436759447044,1.3845915837374998,1024,64x64,10,5.5109919519999995,10.4826,8192,192x192,7,0.784712696,2.51875,512,96x96,7,1.7117881800824635,3.1172648505374996,1536,96x96,10,0.46559300000000003,1.11875,512,64x64,7,2.5d,"{'from': 'Chiplet_1', 'to': 'Chiplet_3', 'connection_type': '2.5d_rdl', 'loc': '2.5d_chiplet'},{'from': 'Chiplet_1', 'to': 'Chiplet_5', 'connection_type': '2.5d_rdl', 'loc': '2.5d_chiplet'},{'from': 'Chiplet_3', 'to': 'Chiplet_5', 'connection_type': '2.5d_rdl', 'loc': '2.5d_chiplet'},{'from': 'Chiplet_3', 'to': 'Chiplet_1', 'connection_type': '2.5d_rdl', 'loc': '2.5d_chiplet'},{'from': 'Chiplet_3', 'to': 'Chiplet_2', 'connection_type': '2.5d_rdl', 'loc': '2.5d_chiplet'},{'from': 'Chiplet_5', 'to': 'Chiplet_4', 'connection_type': '2.5d_rdl', 'loc': '2.5d_chiplet'},{'from': 'Chiplet_5', 'to': 'Chiplet_3', 'connection_type': '2.5d_rdl', 'loc': '2.5d_chiplet'},{'from': 'Chiplet_5', 'to': 'Chiplet_1', 'connection_type': '2.5d_rdl', 'loc': '2.5d_chiplet'},{'from': 'Chiplet_5', 'to': 'Chiplet_2', 'connection_type': '2.5d_rdl', 'loc': '2.5d_chiplet'},{'from': 'Chiplet_2', 'to': 'Chiplet_3', 'connection_type': '2.5d_rdl', 'loc': '2.5d_chiplet'},{'from': 'Chiplet_2', 'to': 'Chiplet_5', 'connection_type': '2.5d_rdl', 'loc': '2.5d_chiplet'},{'from': 'Chiplet_2', 'to': 'Chiplet_4', 'connection_type': '2.5d_rdl', 'loc': '2.5d_chiplet'},{'from': 'Chiplet_2', 'to': 'Chiplet_6', 'connection_type': '2.5d_rdl', 'loc': '2.5d_chiplet'},{'from': 'Chiplet_4', 'to': 'Chiplet_5', 'connection_type': '2.5d_rdl', 'loc': '2.5d_chiplet'},{'from': 'Chiplet_4', 'to': 'Chiplet_2', 'connection_type': '2.5d_rdl', 'loc': '2.5d_chiplet'},{'from': 'Chiplet_4', 'to': 'Chiplet_6', 'connection_type': '2.5d_rdl', 'loc': '2.5d_chiplet'},{'from': 'Chiplet_6', 'to': 'Chiplet_4', 'connection_type': '2.5d_rdl', 'loc': '2.5d_chiplet'},{'from': 'Chiplet_6', 'to': 'Chiplet_2', 'connection_type': '2.5d_rdl', 'loc': '2.5d_chiplet'}",3,1,1,1,1,1,ddr4,ucie_std,na,0,0,is,1,0,0
470,33.41326172990483,3713590.51,171428.49308249739,57723967.469735384,8060.0,5670.275046615133,470,1.131132696,2.51875,1536,96x96,7,3.5867297574793953,3.8395579270749995,2048,96x96,14,8.112421457366196,12.973514847541198,8192,192x192,10,2.927572174079395,3.8395579270749995,1024,96x96,14,0.46559300000000003,1.11875,512,64x64,7,5.656782838920179,6.821646341899999,2048,128x128,14,2.5d,"{'from': 'Chiplet_3', 'to': 'Chiplet_4', 'connection_type': '2.5d_emib', 'loc': '2.5d_chiplet'},{'from': 'Chiplet_3', 'to': 'Chiplet_2', 'connection_type': '2.5d_emib', 'loc': '2.5d_chiplet'},{'from': 'Chiplet_3', 'to': 'Chiplet_6', 'connection_type': '2.5d_emib', 'loc': '2.5d_chiplet'},{'from': 'Chiplet_4', 'to': 'Chiplet_3', 'connection_type': '2.5d_emib', 'loc': '2.5d_chiplet'},{'from': 'Chiplet_4', 'to': 'Chiplet_2', 'connection_type': '2.5d_emib', 'loc': '2.5d_chiplet'},{'from': 'Chiplet_6', 'to': 'Chiplet_3', 'connection_type': '2.5d_emib', 'loc': '2.5d_chiplet'},{'from': 'Chiplet_6', 'to': 'Chiplet_1', 'connection_type': '2.5d_emib', 'loc': '2.5d_chiplet'},{'from': 'Chiplet_6', 'to': 'Chiplet_2', 'connection_type': '2.5d_emib', 'loc': '2.5d_chiplet'},{'from': 'Chiplet_2', 'to': 'Chiplet_3', 'connection_type': '2.5d_emib', 'loc': '2.5d_chiplet'},{'from': 'Chiplet_2', 'to': 'Chiplet_4', 'connection_type': '2.5d_emib', 'loc': '2.5d_chiplet'},{'from': 'Chiplet_2', 'to': 'Chiplet_1', 'connection_type': '2.5d_emib', 'loc': '2.5d_chiplet'},{'from': 'Chiplet_2', 'to': 'Chiplet_6', 'connection_type': '2.5d_emib', 'loc': '2.5d_chiplet'},{'from': 'Chiplet_2', 'to': 'Chiplet_5', 'connection_type': '2.5d_emib', 'loc': '2.5d_chiplet'},{'from': 'Chiplet_1', 'to': 'Chiplet_5', 'connection_type': '2.5d_emib', 'loc': '2.5d_chiplet'},{'from': 'Chiplet_1', 'to': 'Chiplet_2', 'connection_type': '2.5d_emib', 'loc': '2.5d_chiplet'},{'from': 'Chiplet_1', 'to': 'Chiplet_6', 'connection_type': '2.5d_emib', 'loc': '2.5d_chiplet'},{'from': 'Chiplet_5', 'to': 'Chiplet_1', 'connection_type': '2.5d_emib', 'loc': '2.5d_chiplet'},{'from': 'Chiplet_5', 'to': 'Chiplet_2', 'connection_type': '2.5d_emib', 'loc': '2.5d_chiplet'}",1,2,6,2,1,4,hbm2,ucie_adv,na,1,0,is,0,0,0
471,18.87892027860346,1808071.46,147279.82448174915,132969821.62990618,18098.318837121053,8807.17385901572,471,0.829831759447044,1.3845915837374998,768,64x64,10,1.4141952089375351,1.7054115854749998,512,64x64,14,2.597993382379395,3.8395579270749995,512,96x96,14,0.552198,1.11875,768,64x64,7,3.665749090547913,5.538366334949999,4096,128x128,10,2.972908090547913,5.538366334949999,2048,128x128,10,2.5d,"{'from': 'Chiplet_5', 'to': 'Chiplet_3', 'connection_type': '2.5d_emib', 'loc': '2.5d_chiplet'},{'from': 'Chiplet_5', 'to': 'Chiplet_1', 'connection_type': '2.5d_emib', 'loc': '2.5d_chiplet'},{'from': 'Chiplet_5', 'to': 'Chiplet_2', 'connection_type': '2.5d_emib', 'loc': '2.5d_chiplet'},{'from': 'Chiplet_5', 'to': 'Chiplet_6', 'connection_type': '2.5d_emib', 'loc': '2.5d_chiplet'},{'from': 'Chiplet_2', 'to': 'Chiplet_5', 'connection_type': '2.5d_emib', 'loc': '2.5d_chiplet'},{'from': 'Chiplet_2', 'to': 'Chiplet_1', 'connection_type': '2.5d_emib', 'loc': '2.5d_chiplet'},{'from': 'Chiplet_1', 'to': 'Chiplet_5', 'connection_type': '2.5d_emib', 'loc': '2.5d_chiplet'},{'from': 'Chiplet_1', 'to': 'Chiplet_2', 'connection_type': '2.5d_emib', 'loc': '2.5d_chiplet'},{'from': 'Chiplet_6', 'to': 'Chiplet_3', 'connection_type': '2.5d_emib', 'loc': '2.5d_chiplet'},{'from': 'Chiplet_6', 'to': 'Chiplet_5', 'connection_type': '2.5d_emib', 'loc': '2.5d_chiplet'},{'from': 'Chiplet_6', 'to': 'Chiplet_4', 'connection_type': '2.5d_emib', 'loc': '2.5d_chiplet'},{'from': 'Chiplet_3', 'to': 'Chiplet_4', 'connection_type': '2.5d_emib', 'loc': '2.5d_chiplet'},{'from': 'Chiplet_3', 'to': 'Chiplet_5', 'connection_type': '2.5d_emib', 'loc': '2.5d_chiplet'},{'from': 'Chiplet_3', 'to': 'Chiplet_6', 'connection_type': '2.5d_emib', 'loc': '2.5d_chiplet'},{'from': 'Chiplet_4', 'to': 'Chiplet_3', 'connection_type': '2.5d_emib', 'loc': '2.5d_chiplet'},{'from': 'Chiplet_4', 'to': 'Chiplet_6', 'connection_type': '2.5d_emib', 'loc': '2.5d_chiplet'}",1,1,1,1,2,2,ddr4,aib,na,0,0,ws,1,0,0
472,27.28986128441649,2991297.12,57731.82256352535,50152637.641438946,5710.000000000001,3662.6180191008843,472,2.597993382379395,3.8395579270749995,512,96x96,14,1.743774000637535,1.7054115854749998,1024,64x64,14,5.656782838920179,6.821646341899999,2048,128x128,14,2.972908090547913,5.538366334949999,2048,128x128,10,0.743226759447044,1.3845915837374998,512,64x64,10,4.9976252555201786,6.821646341899999,1024,128x128,14,2.5d_3d,"{'from': 'Chiplet_1', 'to': 'Chiplet_5', 'connection_type': '3d_tsv', 'loc': 'stack0_base'},{'from': 'Chiplet_5', 'to': 'na', 'connection_type': '3d_tsv', 'loc': 'stack0_top'},{'from': 'Chiplet_3', 'to': 'Chiplet_4', 'connection_type': '2.5d_rdl', 'loc': '2.5d_chiplet'},{'from': 'Chiplet_3', 'to': 'Chiplet_1', 'connection_type': '2.5d_rdl', 'loc': '2.5d_chiplet'},{'from': 'Chiplet_3', 'to': 'Chiplet_6', 'connection_type': '2.5d_rdl', 'loc': '2.5d_chiplet'},{'from': 'Chiplet_1', 'to': 'Chiplet_4', 'connection_type': '2.5d_rdl', 'loc': '2.5d_chiplet'},{'from': 'Chiplet_1', 'to': 'Chiplet_3', 'connection_type': '2.5d_rdl', 'loc': '2.5d_chiplet'},{'from': 'Chiplet_6', 'to': 'Chiplet_3', 'connection_type': '2.5d_rdl', 'loc': '2.5d_chiplet'},{'from': 'Chiplet_6', 'to': 'Chiplet_4', 'connection_type': '2.5d_rdl', 'loc': '2.5d_chiplet'},{'from': 'Chiplet_6', 'to': 'Chiplet_2', 'connection_type': '2.5d_rdl', 'loc': '2.5d_chiplet'},{'from': 'Chiplet_4', 'to': 'Chiplet_3', 'connection_type': '2.5d_rdl', 'loc': '2.5d_chiplet'},{'from': 'Chiplet_4', 'to': 'Chiplet_1', 'connection_type': '2.5d_rdl', 'loc': '2.5d_chiplet'},{'from': 'Chiplet_4', 'to': 'Chiplet_2', 'connection_type': '2.5d_rdl', 'loc': '2.5d_chiplet'},{'from': 'Chiplet_4', 'to': 'Chiplet_6', 'connection_type': '2.5d_rdl', 'loc': '2.5d_chiplet'},{'from': 'Chiplet_2', 'to': 'Chiplet_4', 'connection_type': '2.5d_rdl', 'loc': '2.5d_chiplet'},{'from': 'Chiplet_2', 'to': 'Chiplet_6', 'connection_type': '2.5d_rdl', 'loc': '2.5d_chiplet'}",2,1,5,3,1,4,hbm2,ucie_std,ucie_3d,1,0,ws,0,0,0
473,12.571107960210792,2820752.04,91777.77599101921,177629059.72131407,5343.605664488017,6332.09227062957,473,2.6264880905479133,5.538366334949999,1024,128x128,10,2.6264880905479133,5.538366334949999,1024,128x128,10,5.5109919519999995,10.4826,8192,192x192,7,6.315940422320179,6.821646341899999,3072,128x128,14,0.378988,1.11875,256,64x64,7,1.578984604787535,1.7054115854749998,768,64x64,14,2.5d_3d,"{'from': 'Chiplet_4', 'to': 'Chiplet_1', 'connection_type': '3d_hyb_bond', 'loc': 'stack0_base'},{'from': 'Chiplet_1', 'to': 'Chiplet_2', 'connection_type': '3d_hyb_bond', 'loc': 'stack0_middle1'},{'from': 'Chiplet_2', 'to': 'Chiplet_6', 'connection_type': '3d_hyb_bond', 'loc': 'stack0_middle2'},{'from': 'Chiplet_6', 'to': 'Chiplet_5', 'connection_type': '3d_hyb_bond', 'loc': 'stack0_middle3'},{'from': 'Chiplet_5', 'to': 'na', 'connection_type': '3d_hyb_bond', 'loc': 'stack0_top'},{'from': 'Chiplet_4', 'to': 'Chiplet_3', 'connection_type': '2.5d_rdl', 'loc': '2.5d_chiplet'},{'from': 'Chiplet_3', 'to': 'Chiplet_4', 'connection_type': '2.5d_rdl', 'loc': '2.5d_chiplet'}",1,1,2,2,1,1,ddr4,ucie_std,ucie_3d,1,0,ws,0,0,0
474,15.385275209852711,3252321.7,141571.27567282968,100307161.59501582,7086.626511864792,6615.802498240197,474,2.20879254,4.475,3072,128x128,7,2.55521354,4.475,4096,128x128,7,6.726740457366197,12.973514847541198,4096,192x192,10,1.578984604787535,1.7054115854749998,768,64x64,14,4.1253109519999995,10.4826,4096,192x192,7,1.131132696,2.51875,1536,96x96,7,2.5d_3d,"{'from': 'Chiplet_3', 'to': 'Chiplet_5', 'connection_type': '3d_tsv', 'loc': 'stack0_base'},{'from': 'Chiplet_5', 'to': 'Chiplet_1', 'connection_type': '3d_tsv', 'loc': 'stack0_middle1'},{'from': 'Chiplet_1', 'to': 'na', 'connection_type': '3d_tsv', 'loc': 'stack0_top'},{'from': 'Chiplet_3', 'to': 'Chiplet_4', 'connection_type': '2.5d_emib', 'loc': '2.5d_chiplet'},{'from': 'Chiplet_3', 'to': 'Chiplet_2', 'connection_type': '2.5d_emib', 'loc': '2.5d_chiplet'},{'from': 'Chiplet_2', 'to': 'Chiplet_3', 'connection_type': '2.5d_emib', 'loc': '2.5d_chiplet'},{'from': 'Chiplet_2', 'to': 'Chiplet_4', 'connection_type': '2.5d_emib', 'loc': '2.5d_chiplet'},{'from': 'Chiplet_2', 'to': 'Chiplet_6', 'connection_type': '2.5d_emib', 'loc': '2.5d_chiplet'},{'from': 'Chiplet_4', 'to': 'Chiplet_3', 'connection_type': '2.5d_emib', 'loc': '2.5d_chiplet'},{'from': 'Chiplet_4', 'to': 'Chiplet_2', 'connection_type': '2.5d_emib', 'loc': '2.5d_chiplet'},{'from': 'Chiplet_4', 'to': 'Chiplet_6', 'connection_type': '2.5d_emib', 'loc': '2.5d_chiplet'},{'from': 'Chiplet_6', 'to': 'Chiplet_4', 'connection_type': '2.5d_emib', 'loc': '2.5d_chiplet'},{'from': 'Chiplet_6', 'to': 'Chiplet_2', 'connection_type': '2.5d_emib', 'loc': '2.5d_chiplet'}",1,1,3,1,1,1,ddr5,aib,ucie_3d,0,0,os,1,0,0
475,17.90953058697573,2287154.52,54419.56313173676,54168325.03808701,8060.0,3877.9678194583985,475,0.552198,1.11875,768,64x64,7,3.5867297574793953,3.8395579270749995,2048,96x96,14,2.20879254,4.475,3072,128x128,7,2.597993382379395,3.8395579270749995,512,96x96,14,2.55521354,4.475,4096,128x128,7,1.578984604787535,1.7054115854749998,768,64x64,14,2.5d,"{'from': 'Chiplet_2', 'to': 'Chiplet_4', 'connection_type': '2.5d_rdl', 'loc': '2.5d_chiplet'},{'from': 'Chiplet_2', 'to': 'Chiplet_5', 'connection_type': '2.5d_rdl', 'loc': '2.5d_chiplet'},{'from': 'Chiplet_2', 'to': 'Chiplet_1', 'connection_type': '2.5d_rdl', 'loc': '2.5d_chiplet'},{'from': 'Chiplet_2', 'to': 'Chiplet_3', 'connection_type': '2.5d_rdl', 'loc': '2.5d_chiplet'},{'from': 'Chiplet_3', 'to': 'Chiplet_1', 'connection_type': '2.5d_rdl', 'loc': '2.5d_chiplet'},{'from': 'Chiplet_3', 'to': 'Chiplet_2', 'connection_type': '2.5d_rdl', 'loc': '2.5d_chiplet'},{'from': 'Chiplet_1', 'to': 'Chiplet_3', 'connection_type': '2.5d_rdl', 'loc': '2.5d_chiplet'},{'from': 'Chiplet_1', 'to': 'Chiplet_2', 'connection_type': '2.5d_rdl', 'loc': '2.5d_chiplet'},{'from': 'Chiplet_4', 'to': 'Chiplet_5', 'connection_type': '2.5d_rdl', 'loc': '2.5d_chiplet'},{'from': 'Chiplet_4', 'to': 'Chiplet_2', 'connection_type': '2.5d_rdl', 'loc': '2.5d_chiplet'},{'from': 'Chiplet_4', 'to': 'Chiplet_6', 'connection_type': '2.5d_rdl', 'loc': '2.5d_chiplet'},{'from': 'Chiplet_5', 'to': 'Chiplet_4', 'connection_type': '2.5d_rdl', 'loc': '2.5d_chiplet'},{'from': 'Chiplet_5', 'to': 'Chiplet_2', 'connection_type': '2.5d_rdl', 'loc': '2.5d_chiplet'},{'from': 'Chiplet_5', 'to': 'Chiplet_6', 'connection_type': '2.5d_rdl', 'loc': '2.5d_chiplet'},{'from': 'Chiplet_6', 'to': 'Chiplet_4', 'connection_type': '2.5d_rdl', 'loc': '2.5d_chiplet'},{'from': 'Chiplet_6', 'to': 'Chiplet_5', 'connection_type': '2.5d_rdl', 'loc': '2.5d_chiplet'}",1,4,3,3,3,2,hbm2,ucie_std,na,1,0,is,0,0,0
476,33.361997328493,4786514.55,141611.77521428,60138218.9126005,3992.7777777777774,4124.290271242363,476,1.7117881800824635,3.1172648505374996,1536,96x96,10,0.46559300000000003,1.11875,512,64x64,7,5.656782838920179,6.821646341899999,2048,128x128,14,0.46559300000000003,1.11875,512,64x64,7,6.726740457366197,12.973514847541198,4096,192x192,10,12.799492673176792,15.979573171754398,4096,192x192,14,2.5d_3d,"{'from': 'Chiplet_3', 'to': 'Chiplet_4', 'connection_type': '3d_hyb_bond', 'loc': 'stack0_base'},{'from': 'Chiplet_4', 'to': 'Chiplet_2', 'connection_type': '3d_hyb_bond', 'loc': 'stack0_middle1'},{'from': 'Chiplet_2', 'to': 'na', 'connection_type': '3d_hyb_bond', 'loc': 'stack0_top'},{'from': 'Chiplet_6', 'to': 'Chiplet_3', 'connection_type': '2.5d_emib', 'loc': '2.5d_chiplet'},{'from': 'Chiplet_6', 'to': 'Chiplet_5', 'connection_type': '2.5d_emib', 'loc': '2.5d_chiplet'},{'from': 'Chiplet_5', 'to': 'Chiplet_3', 'connection_type': '2.5d_emib', 'loc': '2.5d_chiplet'},{'from': 'Chiplet_5', 'to': 'Chiplet_1', 'connection_type': '2.5d_emib', 'loc': '2.5d_chiplet'},{'from': 'Chiplet_5', 'to': 'Chiplet_6', 'connection_type': '2.5d_emib', 'loc': '2.5d_chiplet'},{'from': 'Chiplet_3', 'to': 'Chiplet_5', 'connection_type': '2.5d_emib', 'loc': '2.5d_chiplet'},{'from': 'Chiplet_3', 'to': 'Chiplet_1', 'connection_type': '2.5d_emib', 'loc': '2.5d_chiplet'},{'from': 'Chiplet_3', 'to': 'Chiplet_6', 'connection_type': '2.5d_emib', 'loc': '2.5d_chiplet'},{'from': 'Chiplet_1', 'to': 'Chiplet_3', 'connection_type': '2.5d_emib', 'loc': '2.5d_chiplet'},{'from': 'Chiplet_1', 'to': 'Chiplet_5', 'connection_type': '2.5d_emib', 'loc': '2.5d_chiplet'}",1,1,3,1,3,7,hbm2,bow,ucie_3d,0,0,os,0,0,0
477,34.88275160206188,3645716.54,181969.6388237011,130341725.25582732,4141.872964169381,5229.90221628483,477,5.5109919519999995,10.4826,8192,192x192,7,4.9976252555201786,6.821646341899999,1024,128x128,14,3.2571509657793953,3.8395579270749995,1536,96x96,14,0.743226759447044,1.3845915837374998,512,64x64,10,1.743774000637535,1.7054115854749998,1024,64x64,14,6.726740457366197,12.973514847541198,4096,192x192,10,2.5d,"{'from': 'Chiplet_6', 'to': 'Chiplet_3', 'connection_type': '2.5d_emib', 'loc': '2.5d_chiplet'},{'from': 'Chiplet_6', 'to': 'Chiplet_5', 'connection_type': '2.5d_emib', 'loc': '2.5d_chiplet'},{'from': 'Chiplet_6', 'to': 'Chiplet_1', 'connection_type': '2.5d_emib', 'loc': '2.5d_chiplet'},{'from': 'Chiplet_6', 'to': 'Chiplet_2', 'connection_type': '2.5d_emib', 'loc': '2.5d_chiplet'},{'from': 'Chiplet_3', 'to': 'Chiplet_5', 'connection_type': '2.5d_emib', 'loc': '2.5d_chiplet'},{'from': 'Chiplet_3', 'to': 'Chiplet_6', 'connection_type': '2.5d_emib', 'loc': '2.5d_chiplet'},{'from': 'Chiplet_5', 'to': 'Chiplet_3', 'connection_type': '2.5d_emib', 'loc': '2.5d_chiplet'},{'from': 'Chiplet_5', 'to': 'Chiplet_6', 'connection_type': '2.5d_emib', 'loc': '2.5d_chiplet'},{'from': 'Chiplet_1', 'to': 'Chiplet_4', 'connection_type': '2.5d_emib', 'loc': '2.5d_chiplet'},{'from': 'Chiplet_1', 'to': 'Chiplet_2', 'connection_type': '2.5d_emib', 'loc': '2.5d_chiplet'},{'from': 'Chiplet_1', 'to': 'Chiplet_6', 'connection_type': '2.5d_emib', 'loc': '2.5d_chiplet'},{'from': 'Chiplet_2', 'to': 'Chiplet_4', 'connection_type': '2.5d_emib', 'loc': '2.5d_chiplet'},{'from': 'Chiplet_2', 'to': 'Chiplet_1', 'connection_type': '2.5d_emib', 'loc': '2.5d_chiplet'},{'from': 'Chiplet_2', 'to': 'Chiplet_6', 'connection_type': '2.5d_emib', 'loc': '2.5d_chiplet'},{'from': 'Chiplet_4', 'to': 'Chiplet_1', 'connection_type': '2.5d_emib', 'loc': '2.5d_chiplet'},{'from': 'Chiplet_4', 'to': 'Chiplet_2', 'connection_type': '2.5d_emib', 'loc': '2.5d_chiplet'}",2,1,1,1,1,2,ddr5,bow,na,0,0,os,0,0,0
478,19.49456944539111,2349564.71,161979.75764892116,125628869.40320988,3747.7310513447433,4293.52071784301,478,7.419580457366196,12.973514847541198,6144,192x192,10,3.432469952,10.4826,2048,192x192,7,1.249405813087535,1.7054115854749998,256,64x64,14,0.46559300000000003,1.11875,512,64x64,7,0.378988,1.11875,256,64x64,7,0.916436759447044,1.3845915837374998,1024,64x64,10,2.5d,"{'from': 'Chiplet_1', 'to': 'Chiplet_3', 'connection_type': '2.5d_emib', 'loc': '2.5d_chiplet'},{'from': 'Chiplet_1', 'to': 'Chiplet_5', 'connection_type': '2.5d_emib', 'loc': '2.5d_chiplet'},{'from': 'Chiplet_1', 'to': 'Chiplet_2', 'connection_type': '2.5d_emib', 'loc': '2.5d_chiplet'},{'from': 'Chiplet_2', 'to': 'Chiplet_3', 'connection_type': '2.5d_emib', 'loc': '2.5d_chiplet'},{'from': 'Chiplet_2', 'to': 'Chiplet_1', 'connection_type': '2.5d_emib', 'loc': '2.5d_chiplet'},{'from': 'Chiplet_2', 'to': 'Chiplet_6', 'connection_type': '2.5d_emib', 'loc': '2.5d_chiplet'},{'from': 'Chiplet_3', 'to': 'Chiplet_4', 'connection_type': '2.5d_emib', 'loc': '2.5d_chiplet'},{'from': 'Chiplet_3', 'to': 'Chiplet_1', 'connection_type': '2.5d_emib', 'loc': '2.5d_chiplet'},{'from': 'Chiplet_3', 'to': 'Chiplet_2', 'connection_type': '2.5d_emib', 'loc': '2.5d_chiplet'},{'from': 'Chiplet_3', 'to': 'Chiplet_6', 'connection_type': '2.5d_emib', 'loc': '2.5d_chiplet'},{'from': 'Chiplet_3', 'to': 'Chiplet_5', 'connection_type': '2.5d_emib', 'loc': '2.5d_chiplet'},{'from': 'Chiplet_5', 'to': 'Chiplet_3', 'connection_type': '2.5d_emib', 'loc': '2.5d_chiplet'},{'from': 'Chiplet_5', 'to': 'Chiplet_1', 'connection_type': '2.5d_emib', 'loc': '2.5d_chiplet'},{'from': 'Chiplet_6', 'to': 'Chiplet_3', 'connection_type': '2.5d_emib', 'loc': '2.5d_chiplet'},{'from': 'Chiplet_6', 'to': 'Chiplet_4', 'connection_type': '2.5d_emib', 'loc': '2.5d_chiplet'},{'from': 'Chiplet_6', 'to': 'Chiplet_2', 'connection_type': '2.5d_emib', 'loc': '2.5d_chiplet'},{'from': 'Chiplet_4', 'to': 'Chiplet_3', 'connection_type': '2.5d_emib', 'loc': '2.5d_chiplet'},{'from': 'Chiplet_4', 'to': 'Chiplet_6', 'connection_type': '2.5d_emib', 'loc': '2.5d_chiplet'}",3,1,1,1,1,1,ddr5,aib,na,0,0,ws,0,0,0
479,34.49590448129325,3861654.24,90124.59155856437,103850753.20177402,21371.606708518862,15545.594845249952,479,1.8849981800824636,3.1172648505374996,2048,96x96,10,3.5867297574793953,3.8395579270749995,2048,96x96,14,0.46559300000000003,1.11875,512,64x64,7,6.975099908490179,6.821646341899999,4096,128x128,14,2.597993382379395,3.8395579270749995,512,96x96,14,14.117807839976791,15.979573171754398,6144,192x192,14,2.5d_3d,"{'from': 'Chiplet_1', 'to': 'Chiplet_3', 'connection_type': '3d_hyb_bond', 'loc': 'stack0_base'},{'from': 'Chiplet_3', 'to': 'na', 'connection_type': '3d_hyb_bond', 'loc': 'stack0_top'},{'from': 'Chiplet_6', 'to': 'Chiplet_4', 'connection_type': '2.5d_rdl', 'loc': '2.5d_chiplet'},{'from': 'Chiplet_6', 'to': 'Chiplet_2', 'connection_type': '2.5d_rdl', 'loc': '2.5d_chiplet'},{'from': 'Chiplet_4', 'to': 'Chiplet_5', 'connection_type': '2.5d_rdl', 'loc': '2.5d_chiplet'},{'from': 'Chiplet_4', 'to': 'Chiplet_2', 'connection_type': '2.5d_rdl', 'loc': '2.5d_chiplet'},{'from': 'Chiplet_4', 'to': 'Chiplet_6', 'connection_type': '2.5d_rdl', 'loc': '2.5d_chiplet'},{'from': 'Chiplet_2', 'to': 'Chiplet_4', 'connection_type': '2.5d_rdl', 'loc': '2.5d_chiplet'},{'from': 'Chiplet_2', 'to': 'Chiplet_5', 'connection_type': '2.5d_rdl', 'loc': '2.5d_chiplet'},{'from': 'Chiplet_2', 'to': 'Chiplet_1', 'connection_type': '2.5d_rdl', 'loc': '2.5d_chiplet'},{'from': 'Chiplet_2', 'to': 'Chiplet_6', 'connection_type': '2.5d_rdl', 'loc': '2.5d_chiplet'},{'from': 'Chiplet_5', 'to': 'Chiplet_4', 'connection_type': '2.5d_rdl', 'loc': '2.5d_chiplet'},{'from': 'Chiplet_5', 'to': 'Chiplet_1', 'connection_type': '2.5d_rdl', 'loc': '2.5d_chiplet'},{'from': 'Chiplet_5', 'to': 'Chiplet_2', 'connection_type': '2.5d_rdl', 'loc': '2.5d_chiplet'},{'from': 'Chiplet_1', 'to': 'Chiplet_5', 'connection_type': '2.5d_rdl', 'loc': '2.5d_chiplet'},{'from': 'Chiplet_1', 'to': 'Chiplet_2', 'connection_type': '2.5d_rdl', 'loc': '2.5d_chiplet'}",1,1,1,1,1,3,ddr5,ucie_std,ucie_3d,0,0,ws,1,0,0
480,34.13936493386398,3446684.52,179052.33254709758,129840295.22291265,5577.287581699347,6324.577287036647,480,14.117807839976791,15.979573171754398,6144,192x192,14,2.597993382379395,3.8395579270749995,512,96x96,14,1.743774000637535,1.7054115854749998,1024,64x64,14,0.743226759447044,1.3845915837374998,512,64x64,10,6.726740457366197,12.973514847541198,4096,192x192,10,0.784712696,2.51875,512,96x96,7,2.5d,"{'from': 'Chiplet_1', 'to': 'Chiplet_5', 'connection_type': '2.5d_emib', 'loc': '2.5d_chiplet'},{'from': 'Chiplet_1', 'to': 'Chiplet_2', 'connection_type': '2.5d_emib', 'loc': '2.5d_chiplet'},{'from': 'Chiplet_5', 'to': 'Chiplet_3', 'connection_type': '2.5d_emib', 'loc': '2.5d_chiplet'},{'from': 'Chiplet_5', 'to': 'Chiplet_1', 'connection_type': '2.5d_emib', 'loc': '2.5d_chiplet'},{'from': 'Chiplet_5', 'to': 'Chiplet_2', 'connection_type': '2.5d_emib', 'loc': '2.5d_chiplet'},{'from': 'Chiplet_2', 'to': 'Chiplet_3', 'connection_type': '2.5d_emib', 'loc': '2.5d_chiplet'},{'from': 'Chiplet_2', 'to': 'Chiplet_5', 'connection_type': '2.5d_emib', 'loc': '2.5d_chiplet'},{'from': 'Chiplet_2', 'to': 'Chiplet_1', 'connection_type': '2.5d_emib', 'loc': '2.5d_chiplet'},{'from': 'Chiplet_2', 'to': 'Chiplet_6', 'connection_type': '2.5d_emib', 'loc': '2.5d_chiplet'},{'from': 'Chiplet_3', 'to': 'Chiplet_4', 'connection_type': '2.5d_emib', 'loc': '2.5d_chiplet'},{'from': 'Chiplet_3', 'to': 'Chiplet_5', 'connection_type': '2.5d_emib', 'loc': '2.5d_chiplet'},{'from': 'Chiplet_3', 'to': 'Chiplet_2', 'connection_type': '2.5d_emib', 'loc': '2.5d_chiplet'},{'from': 'Chiplet_3', 'to': 'Chiplet_6', 'connection_type': '2.5d_emib', 'loc': '2.5d_chiplet'},{'from': 'Chiplet_6', 'to': 'Chiplet_4', 'connection_type': '2.5d_emib', 'loc': '2.5d_chiplet'},{'from': 'Chiplet_6', 'to': 'Chiplet_3', 'connection_type': '2.5d_emib', 'loc': '2.5d_chiplet'},{'from': 'Chiplet_6', 'to': 'Chiplet_2', 'connection_type': '2.5d_emib', 'loc': '2.5d_chiplet'},{'from': 'Chiplet_4', 'to': 'Chiplet_3', 'connection_type': '2.5d_emib', 'loc': '2.5d_chiplet'},{'from': 'Chiplet_4', 'to': 'Chiplet_6', 'connection_type': '2.5d_emib', 'loc': '2.5d_chiplet'}",3,1,1,1,1,1,ddr5,aib,na,0,0,os,0,0,0
481,33.24575322599375,3611193.95,183146.34374369308,139502853.01777428,10005.928009887548,8738.915722402806,481,8.112421457366196,12.973514847541198,8192,192x192,10,2.55521354,4.475,4096,128x128,7,6.975099908490179,6.821646341899999,4096,128x128,14,1.8849981800824636,3.1172648505374996,2048,96x96,10,1.4141952089375351,1.7054115854749998,512,64x64,14,2.20879254,4.475,3072,128x128,7,2.5d,"{'from': 'Chiplet_1', 'to': 'Chiplet_3', 'connection_type': '2.5d_emib', 'loc': '2.5d_chiplet'},{'from': 'Chiplet_1', 'to': 'Chiplet_5', 'connection_type': '2.5d_emib', 'loc': '2.5d_chiplet'},{'from': 'Chiplet_1', 'to': 'Chiplet_2', 'connection_type': '2.5d_emib', 'loc': '2.5d_chiplet'},{'from': 'Chiplet_1', 'to': 'Chiplet_6', 'connection_type': '2.5d_emib', 'loc': '2.5d_chiplet'},{'from': 'Chiplet_6', 'to': 'Chiplet_5', 'connection_type': '2.5d_emib', 'loc': '2.5d_chiplet'},{'from': 'Chiplet_6', 'to': 'Chiplet_1', 'connection_type': '2.5d_emib', 'loc': '2.5d_chiplet'},{'from': 'Chiplet_5', 'to': 'Chiplet_1', 'connection_type': '2.5d_emib', 'loc': '2.5d_chiplet'},{'from': 'Chiplet_5', 'to': 'Chiplet_6', 'connection_type': '2.5d_emib', 'loc': '2.5d_chiplet'},{'from': 'Chiplet_3', 'to': 'Chiplet_4', 'connection_type': '2.5d_emib', 'loc': '2.5d_chiplet'},{'from': 'Chiplet_3', 'to': 'Chiplet_1', 'connection_type': '2.5d_emib', 'loc': '2.5d_chiplet'},{'from': 'Chiplet_3', 'to': 'Chiplet_2', 'connection_type': '2.5d_emib', 'loc': '2.5d_chiplet'},{'from': 'Chiplet_2', 'to': 'Chiplet_4', 'connection_type': '2.5d_emib', 'loc': '2.5d_chiplet'},{'from': 'Chiplet_2', 'to': 'Chiplet_1', 'connection_type': '2.5d_emib', 'loc': '2.5d_chiplet'},{'from': 'Chiplet_2', 'to': 'Chiplet_3', 'connection_type': '2.5d_emib', 'loc': '2.5d_chiplet'},{'from': 'Chiplet_4', 'to': 'Chiplet_3', 'connection_type': '2.5d_emib', 'loc': '2.5d_chiplet'},{'from': 'Chiplet_4', 'to': 'Chiplet_2', 'connection_type': '2.5d_emib', 'loc': '2.5d_chiplet'}",2,1,2,1,1,1,ddr4,aib,na,1,0,is,1,0,0
482,22.335451946064154,3725913.24,92060.07238373485,140680574.61418253,11230.33438743288,10574.083559199096,482,8.112421457366196,12.973514847541198,8192,192x192,10,0.784712696,2.51875,512,96x96,7,4.818150952,10.4826,6144,192x192,7,4.1253109519999995,10.4826,4096,192x192,7,0.638803,1.11875,1024,64x64,7,0.378988,1.11875,256,64x64,7,2.5d_3d,"{'from': 'Chiplet_4', 'to': 'Chiplet_5', 'connection_type': '3d_u_bump', 'loc': 'stack0_base'},{'from': 'Chiplet_5', 'to': 'Chiplet_6', 'connection_type': '3d_u_bump', 'loc': 'stack0_middle1'},{'from': 'Chiplet_6', 'to': 'na', 'connection_type': '3d_u_bump', 'loc': 'stack0_top'},{'from': 'Chiplet_1', 'to': 'Chiplet_3', 'connection_type': '2.5d_rdl', 'loc': '2.5d_chiplet'},{'from': 'Chiplet_1', 'to': 'Chiplet_4', 'connection_type': '2.5d_rdl', 'loc': '2.5d_chiplet'},{'from': 'Chiplet_1', 'to': 'Chiplet_2', 'connection_type': '2.5d_rdl', 'loc': '2.5d_chiplet'},{'from': 'Chiplet_2', 'to': 'Chiplet_4', 'connection_type': '2.5d_rdl', 'loc': '2.5d_chiplet'},{'from': 'Chiplet_2', 'to': 'Chiplet_1', 'connection_type': '2.5d_rdl', 'loc': '2.5d_chiplet'},{'from': 'Chiplet_3', 'to': 'Chiplet_4', 'connection_type': '2.5d_rdl', 'loc': '2.5d_chiplet'},{'from': 'Chiplet_3', 'to': 'Chiplet_1', 'connection_type': '2.5d_rdl', 'loc': '2.5d_chiplet'},{'from': 'Chiplet_4', 'to': 'Chiplet_3', 'connection_type': '2.5d_rdl', 'loc': '2.5d_chiplet'},{'from': 'Chiplet_4', 'to': 'Chiplet_1', 'connection_type': '2.5d_rdl', 'loc': '2.5d_chiplet'},{'from': 'Chiplet_4', 'to': 'Chiplet_2', 'connection_type': '2.5d_rdl', 'loc': '2.5d_chiplet'}",3,1,1,1,1,1,ddr4,ucie_std,ucie_3d,1,0,is,1,0,0
483,41.87005496477717,4694193.42,98717.74681227775,50985845.704407915,2843.713878713879,3291.9872827215613,483,12.799492673176792,15.979573171754398,4096,192x192,14,3.432469952,10.4826,2048,192x192,7,7.419580457366196,12.973514847541198,6144,192x192,10,0.916436759447044,1.3845915837374998,1024,64x64,10,1.304342696,2.51875,2048,96x96,7,1.249405813087535,1.7054115854749998,256,64x64,14,2.5d,"{'from': 'Chiplet_1', 'to': 'Chiplet_3', 'connection_type': '2.5d_rdl', 'loc': '2.5d_chiplet'},{'from': 'Chiplet_1', 'to': 'Chiplet_4', 'connection_type': '2.5d_rdl', 'loc': '2.5d_chiplet'},{'from': 'Chiplet_1', 'to': 'Chiplet_2', 'connection_type': '2.5d_rdl', 'loc': '2.5d_chiplet'},{'from': 'Chiplet_4', 'to': 'Chiplet_1', 'connection_type': '2.5d_rdl', 'loc': '2.5d_chiplet'},{'from': 'Chiplet_4', 'to': 'Chiplet_2', 'connection_type': '2.5d_rdl', 'loc': '2.5d_chiplet'},{'from': 'Chiplet_3', 'to': 'Chiplet_5', 'connection_type': '2.5d_rdl', 'loc': '2.5d_chiplet'},{'from': 'Chiplet_3', 'to': 'Chiplet_1', 'connection_type': '2.5d_rdl', 'loc': '2.5d_chiplet'},{'from': 'Chiplet_3', 'to': 'Chiplet_2', 'connection_type': '2.5d_rdl', 'loc': '2.5d_chiplet'},{'from': 'Chiplet_2', 'to': 'Chiplet_4', 'connection_type': '2.5d_rdl', 'loc': '2.5d_chiplet'},{'from': 'Chiplet_2', 'to': 'Chiplet_3', 'connection_type': '2.5d_rdl', 'loc': '2.5d_chiplet'},{'from': 'Chiplet_2', 'to': 'Chiplet_1', 'connection_type': '2.5d_rdl', 'loc': '2.5d_chiplet'},{'from': 'Chiplet_2', 'to': 'Chiplet_6', 'connection_type': '2.5d_rdl', 'loc': '2.5d_chiplet'},{'from': 'Chiplet_2', 'to': 'Chiplet_5', 'connection_type': '2.5d_rdl', 'loc': '2.5d_chiplet'},{'from': 'Chiplet_5', 'to': 'Chiplet_3', 'connection_type': '2.5d_rdl', 'loc': '2.5d_chiplet'},{'from': 'Chiplet_5', 'to': 'Chiplet_2', 'connection_type': '2.5d_rdl', 'loc': '2.5d_chiplet'},{'from': 'Chiplet_5', 'to': 'Chiplet_6', 'connection_type': '2.5d_rdl', 'loc': '2.5d_chiplet'},{'from': 'Chiplet_6', 'to': 'Chiplet_5', 'connection_type': '2.5d_rdl', 'loc': '2.5d_chiplet'},{'from': 'Chiplet_6', 'to': 'Chiplet_2', 'connection_type': '2.5d_rdl', 'loc': '2.5d_chiplet'}",7,2,4,1,1,1,hbm3,ucie_std,na,1,0,ws,0,0,0
484,30.419564993321437,2901331.87,75335.77638278496,181471804.51074544,5973.979862215157,7131.119600106602,484,11.481175603606792,15.979573171754398,2048,192x192,14,1.249405813087535,1.7054115854749998,256,64x64,14,0.916436759447044,1.3845915837374998,1024,64x64,10,7.419580457366196,12.973514847541198,6144,192x192,10,0.656621759447044,1.3845915837374998,256,64x64,10,0.552198,1.11875,768,64x64,7,2.5d,"{'from': 'Chiplet_1', 'to': 'Chiplet_4', 'connection_type': '2.5d_rdl', 'loc': '2.5d_chiplet'},{'from': 'Chiplet_1', 'to': 'Chiplet_2', 'connection_type': '2.5d_rdl', 'loc': '2.5d_chiplet'},{'from': 'Chiplet_1', 'to': 'Chiplet_6', 'connection_type': '2.5d_rdl', 'loc': '2.5d_chiplet'},{'from': 'Chiplet_4', 'to': 'Chiplet_3', 'connection_type': '2.5d_rdl', 'loc': '2.5d_chiplet'},{'from': 'Chiplet_4', 'to': 'Chiplet_1', 'connection_type': '2.5d_rdl', 'loc': '2.5d_chiplet'},{'from': 'Chiplet_4', 'to': 'Chiplet_2', 'connection_type': '2.5d_rdl', 'loc': '2.5d_chiplet'},{'from': 'Chiplet_2', 'to': 'Chiplet_3', 'connection_type': '2.5d_rdl', 'loc': '2.5d_chiplet'},{'from': 'Chiplet_2', 'to': 'Chiplet_4', 'connection_type': '2.5d_rdl', 'loc': '2.5d_chiplet'},{'from': 'Chiplet_2', 'to': 'Chiplet_1', 'connection_type': '2.5d_rdl', 'loc': '2.5d_chiplet'},{'from': 'Chiplet_2', 'to': 'Chiplet_6', 'connection_type': '2.5d_rdl', 'loc': '2.5d_chiplet'},{'from': 'Chiplet_2', 'to': 'Chiplet_5', 'connection_type': '2.5d_rdl', 'loc': '2.5d_chiplet'},{'from': 'Chiplet_6', 'to': 'Chiplet_1', 'connection_type': '2.5d_rdl', 'loc': '2.5d_chiplet'},{'from': 'Chiplet_6', 'to': 'Chiplet_2', 'connection_type': '2.5d_rdl', 'loc': '2.5d_chiplet'},{'from': 'Chiplet_3', 'to': 'Chiplet_4', 'connection_type': '2.5d_rdl', 'loc': '2.5d_chiplet'},{'from': 'Chiplet_3', 'to': 'Chiplet_5', 'connection_type': '2.5d_rdl', 'loc': '2.5d_chiplet'},{'from': 'Chiplet_3', 'to': 'Chiplet_2', 'connection_type': '2.5d_rdl', 'loc': '2.5d_chiplet'},{'from': 'Chiplet_5', 'to': 'Chiplet_3', 'connection_type': '2.5d_rdl', 'loc': '2.5d_chiplet'},{'from': 'Chiplet_5', 'to': 'Chiplet_2', 'connection_type': '2.5d_rdl', 'loc': '2.5d_chiplet'}",3,1,1,1,1,1,ddr4,ucie_std,na,0,0,ws,0,0,0
485,42.56006623507342,4676885.14,201923.15277431556,141803643.62392923,2532.25071036807,4752.818682227649,485,1.249405813087535,1.7054115854749998,256,64x64,14,4.818150952,10.4826,6144,192x192,7,8.112421457366196,12.973514847541198,8192,192x192,10,6.315940422320179,6.821646341899999,3072,128x128,14,0.552198,1.11875,768,64x64,7,8.112421457366196,12.973514847541198,8192,192x192,10,2.5d,"{'from': 'Chiplet_3', 'to': 'Chiplet_4', 'connection_type': '2.5d_emib', 'loc': '2.5d_chiplet'},{'from': 'Chiplet_3', 'to': 'Chiplet_6', 'connection_type': '2.5d_emib', 'loc': '2.5d_chiplet'},{'from': 'Chiplet_4', 'to': 'Chiplet_3', 'connection_type': '2.5d_emib', 'loc': '2.5d_chiplet'},{'from': 'Chiplet_4', 'to': 'Chiplet_2', 'connection_type': '2.5d_emib', 'loc': '2.5d_chiplet'},{'from': 'Chiplet_6', 'to': 'Chiplet_3', 'connection_type': '2.5d_emib', 'loc': '2.5d_chiplet'},{'from': 'Chiplet_6', 'to': 'Chiplet_1', 'connection_type': '2.5d_emib', 'loc': '2.5d_chiplet'},{'from': 'Chiplet_6', 'to': 'Chiplet_2', 'connection_type': '2.5d_emib', 'loc': '2.5d_chiplet'},{'from': 'Chiplet_2', 'to': 'Chiplet_4', 'connection_type': '2.5d_emib', 'loc': '2.5d_chiplet'},{'from': 'Chiplet_2', 'to': 'Chiplet_5', 'connection_type': '2.5d_emib', 'loc': '2.5d_chiplet'},{'from': 'Chiplet_2', 'to': 'Chiplet_1', 'connection_type': '2.5d_emib', 'loc': '2.5d_chiplet'},{'from': 'Chiplet_2', 'to': 'Chiplet_6', 'connection_type': '2.5d_emib', 'loc': '2.5d_chiplet'},{'from': 'Chiplet_1', 'to': 'Chiplet_5', 'connection_type': '2.5d_emib', 'loc': '2.5d_chiplet'},{'from': 'Chiplet_1', 'to': 'Chiplet_2', 'connection_type': '2.5d_emib', 'loc': '2.5d_chiplet'},{'from': 'Chiplet_1', 'to': 'Chiplet_6', 'connection_type': '2.5d_emib', 'loc': '2.5d_chiplet'},{'from': 'Chiplet_5', 'to': 'Chiplet_1', 'connection_type': '2.5d_emib', 'loc': '2.5d_chiplet'},{'from': 'Chiplet_5', 'to': 'Chiplet_2', 'connection_type': '2.5d_emib', 'loc': '2.5d_chiplet'}",1,1,2,1,1,2,ddr5,bow,na,1,0,ws,0,0,0
486,67.14105233539199,5246471.46,116174.7271815193,114692090.031592,10488.257099061337,11141.39494372395,486,5.656782838920179,6.821646341899999,2048,128x128,14,1.3653681800824635,3.1172648505374996,512,96x96,10,0.552198,1.11875,768,64x64,7,3.2571509657793953,3.8395579270749995,1536,96x96,14,14.117807839976791,15.979573171754398,6144,192x192,14,15.436124909546791,15.979573171754398,8192,192x192,14,2.5d,"{'from': 'Chiplet_6', 'to': 'Chiplet_4', 'connection_type': '2.5d_rdl', 'loc': '2.5d_chiplet'},{'from': 'Chiplet_6', 'to': 'Chiplet_5', 'connection_type': '2.5d_rdl', 'loc': '2.5d_chiplet'},{'from': 'Chiplet_6', 'to': 'Chiplet_1', 'connection_type': '2.5d_rdl', 'loc': '2.5d_chiplet'},{'from': 'Chiplet_6', 'to': 'Chiplet_2', 'connection_type': '2.5d_rdl', 'loc': '2.5d_chiplet'},{'from': 'Chiplet_4', 'to': 'Chiplet_2', 'connection_type': '2.5d_rdl', 'loc': '2.5d_chiplet'},{'from': 'Chiplet_4', 'to': 'Chiplet_6', 'connection_type': '2.5d_rdl', 'loc': '2.5d_chiplet'},{'from': 'Chiplet_2', 'to': 'Chiplet_4', 'connection_type': '2.5d_rdl', 'loc': '2.5d_chiplet'},{'from': 'Chiplet_2', 'to': 'Chiplet_6', 'connection_type': '2.5d_rdl', 'loc': '2.5d_chiplet'},{'from': 'Chiplet_5', 'to': 'Chiplet_3', 'connection_type': '2.5d_rdl', 'loc': '2.5d_chiplet'},{'from': 'Chiplet_5', 'to': 'Chiplet_1', 'connection_type': '2.5d_rdl', 'loc': '2.5d_chiplet'},{'from': 'Chiplet_5', 'to': 'Chiplet_6', 'connection_type': '2.5d_rdl', 'loc': '2.5d_chiplet'},{'from': 'Chiplet_1', 'to': 'Chiplet_3', 'connection_type': '2.5d_rdl', 'loc': '2.5d_chiplet'},{'from': 'Chiplet_1', 'to': 'Chiplet_5', 'connection_type': '2.5d_rdl', 'loc': '2.5d_chiplet'},{'from': 'Chiplet_1', 'to': 'Chiplet_6', 'connection_type': '2.5d_rdl', 'loc': '2.5d_chiplet'},{'from': 'Chiplet_3', 'to': 'Chiplet_5', 'connection_type': '2.5d_rdl', 'loc': '2.5d_chiplet'},{'from': 'Chiplet_3', 'to': 'Chiplet_1', 'connection_type': '2.5d_rdl', 'loc': '2.5d_chiplet'}",1,1,1,1,2,2,ddr5,ucie_std,na,1,0,is,1,0,0
487,24.449300064183895,2839283.07,169753.6086024365,167454800.7304481,5046.449390567038,6269.405176090157,487,3.665749090547913,5.538366334949999,4096,128x128,10,1.51595254,4.475,1024,128x128,7,0.916436759447044,1.3845915837374998,1024,64x64,10,6.033899457366197,12.973514847541198,2048,192x192,10,2.972908090547913,5.538366334949999,2048,128x128,10,1.86237254,4.475,2048,128x128,7,2.5d,"{'from': 'Chiplet_4', 'to': 'Chiplet_3', 'connection_type': '2.5d_emib', 'loc': '2.5d_chiplet'},{'from': 'Chiplet_4', 'to': 'Chiplet_5', 'connection_type': '2.5d_emib', 'loc': '2.5d_chiplet'},{'from': 'Chiplet_4', 'to': 'Chiplet_1', 'connection_type': '2.5d_emib', 'loc': '2.5d_chiplet'},{'from': 'Chiplet_4', 'to': 'Chiplet_6', 'connection_type': '2.5d_emib', 'loc': '2.5d_chiplet'},{'from': 'Chiplet_6', 'to': 'Chiplet_3', 'connection_type': '2.5d_emib', 'loc': '2.5d_chiplet'},{'from': 'Chiplet_6', 'to': 'Chiplet_4', 'connection_type': '2.5d_emib', 'loc': '2.5d_chiplet'},{'from': 'Chiplet_3', 'to': 'Chiplet_4', 'connection_type': '2.5d_emib', 'loc': '2.5d_chiplet'},{'from': 'Chiplet_3', 'to': 'Chiplet_6', 'connection_type': '2.5d_emib', 'loc': '2.5d_chiplet'},{'from': 'Chiplet_1', 'to': 'Chiplet_4', 'connection_type': '2.5d_emib', 'loc': '2.5d_chiplet'},{'from': 'Chiplet_1', 'to': 'Chiplet_5', 'connection_type': '2.5d_emib', 'loc': '2.5d_chiplet'},{'from': 'Chiplet_1', 'to': 'Chiplet_2', 'connection_type': '2.5d_emib', 'loc': '2.5d_chiplet'},{'from': 'Chiplet_5', 'to': 'Chiplet_4', 'connection_type': '2.5d_emib', 'loc': '2.5d_chiplet'},{'from': 'Chiplet_5', 'to': 'Chiplet_1', 'connection_type': '2.5d_emib', 'loc': '2.5d_chiplet'},{'from': 'Chiplet_5', 'to': 'Chiplet_2', 'connection_type': '2.5d_emib', 'loc': '2.5d_chiplet'},{'from': 'Chiplet_2', 'to': 'Chiplet_5', 'connection_type': '2.5d_emib', 'loc': '2.5d_chiplet'},{'from': 'Chiplet_2', 'to': 'Chiplet_1', 'connection_type': '2.5d_emib', 'loc': '2.5d_chiplet'}",1,1,1,3,1,1,ddr4,bow,na,0,0,is,0,0,0
488,21.093583124409985,3030266.69,167039.6154060807,49719738.16968472,3424.4079584470464,2489.5619009824245,488,4.818150952,10.4826,6144,192x192,7,0.46559300000000003,1.11875,512,64x64,7,1.578984604787535,1.7054115854749998,768,64x64,14,2.55521354,4.475,4096,128x128,7,1.4141952089375351,1.7054115854749998,512,64x64,14,3.3193280905479132,5.538366334949999,3072,128x128,10,2.5d,"{'from': 'Chiplet_1', 'to': 'Chiplet_4', 'connection_type': '2.5d_emib', 'loc': '2.5d_chiplet'},{'from': 'Chiplet_1', 'to': 'Chiplet_2', 'connection_type': '2.5d_emib', 'loc': '2.5d_chiplet'},{'from': 'Chiplet_1', 'to': 'Chiplet_3', 'connection_type': '2.5d_emib', 'loc': '2.5d_chiplet'},{'from': 'Chiplet_1', 'to': 'Chiplet_6', 'connection_type': '2.5d_emib', 'loc': '2.5d_chiplet'},{'from': 'Chiplet_3', 'to': 'Chiplet_1', 'connection_type': '2.5d_emib', 'loc': '2.5d_chiplet'},{'from': 'Chiplet_3', 'to': 'Chiplet_2', 'connection_type': '2.5d_emib', 'loc': '2.5d_chiplet'},{'from': 'Chiplet_2', 'to': 'Chiplet_3', 'connection_type': '2.5d_emib', 'loc': '2.5d_chiplet'},{'from': 'Chiplet_2', 'to': 'Chiplet_1', 'connection_type': '2.5d_emib', 'loc': '2.5d_chiplet'},{'from': 'Chiplet_6', 'to': 'Chiplet_4', 'connection_type': '2.5d_emib', 'loc': '2.5d_chiplet'},{'from': 'Chiplet_6', 'to': 'Chiplet_5', 'connection_type': '2.5d_emib', 'loc': '2.5d_chiplet'},{'from': 'Chiplet_6', 'to': 'Chiplet_1', 'connection_type': '2.5d_emib', 'loc': '2.5d_chiplet'},{'from': 'Chiplet_4', 'to': 'Chiplet_5', 'connection_type': '2.5d_emib', 'loc': '2.5d_chiplet'},{'from': 'Chiplet_4', 'to': 'Chiplet_1', 'connection_type': '2.5d_emib', 'loc': '2.5d_chiplet'},{'from': 'Chiplet_4', 'to': 'Chiplet_6', 'connection_type': '2.5d_emib', 'loc': '2.5d_chiplet'},{'from': 'Chiplet_5', 'to': 'Chiplet_4', 'connection_type': '2.5d_emib', 'loc': '2.5d_chiplet'},{'from': 'Chiplet_5', 'to': 'Chiplet_6', 'connection_type': '2.5d_emib', 'loc': '2.5d_chiplet'}",5,1,2,3,1,4,hbm3,ucie_adv,na,0,0,ws,0,0,0
489,20.404770415627404,2061358.07,55871.321442884735,192717930.73780426,6465.050344462108,6251.356414157093,489,1.743774000637535,1.7054115854749998,1024,64x64,14,2.972908090547913,5.538366334949999,2048,128x128,10,4.9976252555201786,6.821646341899999,1024,128x128,14,2.55521354,4.475,4096,128x128,7,0.46559300000000003,1.11875,512,64x64,7,1.5385781800824634,3.1172648505374996,1024,96x96,10,2.5d,"{'from': 'Chiplet_3', 'to': 'Chiplet_4', 'connection_type': '2.5d_rdl', 'loc': '2.5d_chiplet'},{'from': 'Chiplet_3', 'to': 'Chiplet_5', 'connection_type': '2.5d_rdl', 'loc': '2.5d_chiplet'},{'from': 'Chiplet_3', 'to': 'Chiplet_1', 'connection_type': '2.5d_rdl', 'loc': '2.5d_chiplet'},{'from': 'Chiplet_3', 'to': 'Chiplet_2', 'connection_type': '2.5d_rdl', 'loc': '2.5d_chiplet'},{'from': 'Chiplet_1', 'to': 'Chiplet_3', 'connection_type': '2.5d_rdl', 'loc': '2.5d_chiplet'},{'from': 'Chiplet_1', 'to': 'Chiplet_5', 'connection_type': '2.5d_rdl', 'loc': '2.5d_chiplet'},{'from': 'Chiplet_5', 'to': 'Chiplet_3', 'connection_type': '2.5d_rdl', 'loc': '2.5d_chiplet'},{'from': 'Chiplet_5', 'to': 'Chiplet_1', 'connection_type': '2.5d_rdl', 'loc': '2.5d_chiplet'},{'from': 'Chiplet_2', 'to': 'Chiplet_3', 'connection_type': '2.5d_rdl', 'loc': '2.5d_chiplet'},{'from': 'Chiplet_2', 'to': 'Chiplet_4', 'connection_type': '2.5d_rdl', 'loc': '2.5d_chiplet'},{'from': 'Chiplet_2', 'to': 'Chiplet_6', 'connection_type': '2.5d_rdl', 'loc': '2.5d_chiplet'},{'from': 'Chiplet_4', 'to': 'Chiplet_3', 'connection_type': '2.5d_rdl', 'loc': '2.5d_chiplet'},{'from': 'Chiplet_4', 'to': 'Chiplet_2', 'connection_type': '2.5d_rdl', 'loc': '2.5d_chiplet'},{'from': 'Chiplet_4', 'to': 'Chiplet_6', 'connection_type': '2.5d_rdl', 'loc': '2.5d_chiplet'},{'from': 'Chiplet_6', 'to': 'Chiplet_4', 'connection_type': '2.5d_rdl', 'loc': '2.5d_chiplet'},{'from': 'Chiplet_6', 'to': 'Chiplet_2', 'connection_type': '2.5d_rdl', 'loc': '2.5d_chiplet'}",1,1,3,1,1,1,ddr4,ucie_std,na,0,0,is,0,0,0
490,48.706248103024414,5546224.82,201173.71730725118,68270933.74805312,3992.7777777777774,4485.176676609198,490,1.131132696,2.51875,1536,96x96,7,6.315940422320179,6.821646341899999,3072,128x128,14,0.743226759447044,1.3845915837374998,512,64x64,10,6.315940422320179,6.821646341899999,3072,128x128,14,14.117807839976791,15.979573171754398,6144,192x192,14,4.818150952,10.4826,6144,192x192,7,2.5d,"{'from': 'Chiplet_5', 'to': 'Chiplet_3', 'connection_type': '2.5d_emib', 'loc': '2.5d_chiplet'},{'from': 'Chiplet_5', 'to': 'Chiplet_1', 'connection_type': '2.5d_emib', 'loc': '2.5d_chiplet'},{'from': 'Chiplet_5', 'to': 'Chiplet_2', 'connection_type': '2.5d_emib', 'loc': '2.5d_chiplet'},{'from': 'Chiplet_1', 'to': 'Chiplet_3', 'connection_type': '2.5d_emib', 'loc': '2.5d_chiplet'},{'from': 'Chiplet_1', 'to': 'Chiplet_5', 'connection_type': '2.5d_emib', 'loc': '2.5d_chiplet'},{'from': 'Chiplet_3', 'to': 'Chiplet_4', 'connection_type': '2.5d_emib', 'loc': '2.5d_chiplet'},{'from': 'Chiplet_3', 'to': 'Chiplet_5', 'connection_type': '2.5d_emib', 'loc': '2.5d_chiplet'},{'from': 'Chiplet_3', 'to': 'Chiplet_1', 'connection_type': '2.5d_emib', 'loc': '2.5d_chiplet'},{'from': 'Chiplet_2', 'to': 'Chiplet_4', 'connection_type': '2.5d_emib', 'loc': '2.5d_chiplet'},{'from': 'Chiplet_2', 'to': 'Chiplet_5', 'connection_type': '2.5d_emib', 'loc': '2.5d_chiplet'},{'from': 'Chiplet_2', 'to': 'Chiplet_6', 'connection_type': '2.5d_emib', 'loc': '2.5d_chiplet'},{'from': 'Chiplet_6', 'to': 'Chiplet_4', 'connection_type': '2.5d_emib', 'loc': '2.5d_chiplet'},{'from': 'Chiplet_6', 'to': 'Chiplet_2', 'connection_type': '2.5d_emib', 'loc': '2.5d_chiplet'},{'from': 'Chiplet_4', 'to': 'Chiplet_3', 'connection_type': '2.5d_emib', 'loc': '2.5d_chiplet'},{'from': 'Chiplet_4', 'to': 'Chiplet_2', 'connection_type': '2.5d_emib', 'loc': '2.5d_chiplet'},{'from': 'Chiplet_4', 'to': 'Chiplet_6', 'connection_type': '2.5d_emib', 'loc': '2.5d_chiplet'}",1,3,1,3,6,2,hbm2,ucie_adv,na,0,0,os,0,0,0
491,37.20499154959674,4723143.7,99819.91155378419,48017346.36593023,4365.173415173415,4557.29694673413,491,7.419580457366196,12.973514847541198,6144,192x192,10,4.1253109519999995,10.4826,4096,192x192,7,0.784712696,2.51875,512,96x96,7,3.432469952,10.4826,2048,192x192,7,6.975099908490179,6.821646341899999,4096,128x128,14,1.304342696,2.51875,2048,96x96,7,2.5d,"{'from': 'Chiplet_1', 'to': 'Chiplet_4', 'connection_type': '2.5d_rdl', 'loc': '2.5d_chiplet'},{'from': 'Chiplet_1', 'to': 'Chiplet_5', 'connection_type': '2.5d_rdl', 'loc': '2.5d_chiplet'},{'from': 'Chiplet_1', 'to': 'Chiplet_6', 'connection_type': '2.5d_rdl', 'loc': '2.5d_chiplet'},{'from': 'Chiplet_4', 'to': 'Chiplet_1', 'connection_type': '2.5d_rdl', 'loc': '2.5d_chiplet'},{'from': 'Chiplet_4', 'to': 'Chiplet_6', 'connection_type': '2.5d_rdl', 'loc': '2.5d_chiplet'},{'from': 'Chiplet_6', 'to': 'Chiplet_4', 'connection_type': '2.5d_rdl', 'loc': '2.5d_chiplet'},{'from': 'Chiplet_6', 'to': 'Chiplet_1', 'connection_type': '2.5d_rdl', 'loc': '2.5d_chiplet'},{'from': 'Chiplet_5', 'to': 'Chiplet_3', 'connection_type': '2.5d_rdl', 'loc': '2.5d_chiplet'},{'from': 'Chiplet_5', 'to': 'Chiplet_1', 'connection_type': '2.5d_rdl', 'loc': '2.5d_chiplet'},{'from': 'Chiplet_5', 'to': 'Chiplet_2', 'connection_type': '2.5d_rdl', 'loc': '2.5d_chiplet'},{'from': 'Chiplet_2', 'to': 'Chiplet_3', 'connection_type': '2.5d_rdl', 'loc': '2.5d_chiplet'},{'from': 'Chiplet_2', 'to': 'Chiplet_5', 'connection_type': '2.5d_rdl', 'loc': '2.5d_chiplet'},{'from': 'Chiplet_3', 'to': 'Chiplet_5', 'connection_type': '2.5d_rdl', 'loc': '2.5d_chiplet'},{'from': 'Chiplet_3', 'to': 'Chiplet_2', 'connection_type': '2.5d_rdl', 'loc': '2.5d_chiplet'}",5,3,1,2,4,1,hbm3,ucie_std,na,0,0,is,0,0,0
492,30.960432647709872,3239373.42,178562.25036578972,103878272.7824601,12978.312892400148,9488.700370780587,492,15.436124909546791,15.979573171754398,8192,192x192,14,2.597993382379395,3.8395579270749995,512,96x96,14,2.927572174079395,3.8395579270749995,1024,96x96,14,0.46559300000000003,1.11875,512,64x64,7,0.957922696,2.51875,1024,96x96,7,2.55521354,4.475,4096,128x128,7,2.5d,"{'from': 'Chiplet_1', 'to': 'Chiplet_3', 'connection_type': '2.5d_emib', 'loc': '2.5d_chiplet'},{'from': 'Chiplet_1', 'to': 'Chiplet_2', 'connection_type': '2.5d_emib', 'loc': '2.5d_chiplet'},{'from': 'Chiplet_3', 'to': 'Chiplet_4', 'connection_type': '2.5d_emib', 'loc': '2.5d_chiplet'},{'from': 'Chiplet_3', 'to': 'Chiplet_5', 'connection_type': '2.5d_emib', 'loc': '2.5d_chiplet'},{'from': 'Chiplet_3', 'to': 'Chiplet_1', 'connection_type': '2.5d_emib', 'loc': '2.5d_chiplet'},{'from': 'Chiplet_3', 'to': 'Chiplet_2', 'connection_type': '2.5d_emib', 'loc': '2.5d_chiplet'},{'from': 'Chiplet_5', 'to': 'Chiplet_3', 'connection_type': '2.5d_emib', 'loc': '2.5d_chiplet'},{'from': 'Chiplet_5', 'to': 'Chiplet_4', 'connection_type': '2.5d_emib', 'loc': '2.5d_chiplet'},{'from': 'Chiplet_4', 'to': 'Chiplet_3', 'connection_type': '2.5d_emib', 'loc': '2.5d_chiplet'},{'from': 'Chiplet_4', 'to': 'Chiplet_5', 'connection_type': '2.5d_emib', 'loc': '2.5d_chiplet'},{'from': 'Chiplet_4', 'to': 'Chiplet_6', 'connection_type': '2.5d_emib', 'loc': '2.5d_chiplet'},{'from': 'Chiplet_2', 'to': 'Chiplet_3', 'connection_type': '2.5d_emib', 'loc': '2.5d_chiplet'},{'from': 'Chiplet_2', 'to': 'Chiplet_1', 'connection_type': '2.5d_emib', 'loc': '2.5d_chiplet'},{'from': 'Chiplet_2', 'to': 'Chiplet_6', 'connection_type': '2.5d_emib', 'loc': '2.5d_chiplet'},{'from': 'Chiplet_6', 'to': 'Chiplet_4', 'connection_type': '2.5d_emib', 'loc': '2.5d_chiplet'},{'from': 'Chiplet_6', 'to': 'Chiplet_2', 'connection_type': '2.5d_emib', 'loc': '2.5d_chiplet'}",3,1,1,1,1,1,ddr5,bow,na,0,0,ws,1,0,0
493,24.794675439576285,3455582.06,74342.2354164668,47545942.40242707,8060.0,5782.617595029363,493,1.5385781800824634,3.1172648505374996,1024,96x96,10,2.927572174079395,3.8395579270749995,1024,96x96,14,3.5867297574793953,3.8395579270749995,2048,96x96,14,11.481175603606792,15.979573171754398,2048,192x192,14,2.597993382379395,3.8395579270749995,512,96x96,14,1.304342696,2.51875,2048,96x96,7,2.5d_3d,"{'from': 'Chiplet_3', 'to': 'Chiplet_5', 'connection_type': '3d_u_bump', 'loc': 'stack0_base'},{'from': 'Chiplet_5', 'to': 'Chiplet_1', 'connection_type': '3d_u_bump', 'loc': 'stack0_middle1'},{'from': 'Chiplet_1', 'to': 'na', 'connection_type': '3d_u_bump', 'loc': 'stack0_top'},{'from': 'Chiplet_4', 'to': 'Chiplet_3', 'connection_type': '2.5d_rdl', 'loc': '2.5d_chiplet'},{'from': 'Chiplet_4', 'to': 'Chiplet_2', 'connection_type': '2.5d_rdl', 'loc': '2.5d_chiplet'},{'from': 'Chiplet_3', 'to': 'Chiplet_4', 'connection_type': '2.5d_rdl', 'loc': '2.5d_chiplet'},{'from': 'Chiplet_3', 'to': 'Chiplet_2', 'connection_type': '2.5d_rdl', 'loc': '2.5d_chiplet'},{'from': 'Chiplet_3', 'to': 'Chiplet_6', 'connection_type': '2.5d_rdl', 'loc': '2.5d_chiplet'},{'from': 'Chiplet_2', 'to': 'Chiplet_4', 'connection_type': '2.5d_rdl', 'loc': '2.5d_chiplet'},{'from': 'Chiplet_2', 'to': 'Chiplet_3', 'connection_type': '2.5d_rdl', 'loc': '2.5d_chiplet'},{'from': 'Chiplet_2', 'to': 'Chiplet_6', 'connection_type': '2.5d_rdl', 'loc': '2.5d_chiplet'},{'from': 'Chiplet_6', 'to': 'Chiplet_3', 'connection_type': '2.5d_rdl', 'loc': '2.5d_chiplet'},{'from': 'Chiplet_6', 'to': 'Chiplet_2', 'connection_type': '2.5d_rdl', 'loc': '2.5d_chiplet'}",1,2,2,8,2,1,hbm2,ucie_std,ucie_3d,1,0,is,0,0,0
494,34.13936493386398,3910039.49,87915.00882022163,58331905.58562282,5710.000000000001,5151.909600092611,494,6.726740457366197,12.973514847541198,4096,192x192,10,14.117807839976791,15.979573171754398,6144,192x192,14,0.378988,1.11875,256,64x64,7,0.378988,1.11875,256,64x64,7,2.597993382379395,3.8395579270749995,512,96x96,14,3.2571509657793953,3.8395579270749995,1536,96x96,14,2.5d,"{'from': 'Chiplet_2', 'to': 'Chiplet_1', 'connection_type': '2.5d_rdl', 'loc': '2.5d_chiplet'},{'from': 'Chiplet_2', 'to': 'Chiplet_6', 'connection_type': '2.5d_rdl', 'loc': '2.5d_chiplet'},{'from': 'Chiplet_1', 'to': 'Chiplet_5', 'connection_type': '2.5d_rdl', 'loc': '2.5d_chiplet'},{'from': 'Chiplet_1', 'to': 'Chiplet_2', 'connection_type': '2.5d_rdl', 'loc': '2.5d_chiplet'},{'from': 'Chiplet_1', 'to': 'Chiplet_6', 'connection_type': '2.5d_rdl', 'loc': '2.5d_chiplet'},{'from': 'Chiplet_6', 'to': 'Chiplet_3', 'connection_type': '2.5d_rdl', 'loc': '2.5d_chiplet'},{'from': 'Chiplet_6', 'to': 'Chiplet_5', 'connection_type': '2.5d_rdl', 'loc': '2.5d_chiplet'},{'from': 'Chiplet_6', 'to': 'Chiplet_1', 'connection_type': '2.5d_rdl', 'loc': '2.5d_chiplet'},{'from': 'Chiplet_6', 'to': 'Chiplet_2', 'connection_type': '2.5d_rdl', 'loc': '2.5d_chiplet'},{'from': 'Chiplet_5', 'to': 'Chiplet_3', 'connection_type': '2.5d_rdl', 'loc': '2.5d_chiplet'},{'from': 'Chiplet_5', 'to': 'Chiplet_4', 'connection_type': '2.5d_rdl', 'loc': '2.5d_chiplet'},{'from': 'Chiplet_5', 'to': 'Chiplet_1', 'connection_type': '2.5d_rdl', 'loc': '2.5d_chiplet'},{'from': 'Chiplet_5', 'to': 'Chiplet_6', 'connection_type': '2.5d_rdl', 'loc': '2.5d_chiplet'},{'from': 'Chiplet_3', 'to': 'Chiplet_4', 'connection_type': '2.5d_rdl', 'loc': '2.5d_chiplet'},{'from': 'Chiplet_3', 'to': 'Chiplet_5', 'connection_type': '2.5d_rdl', 'loc': '2.5d_chiplet'},{'from': 'Chiplet_3', 'to': 'Chiplet_6', 'connection_type': '2.5d_rdl', 'loc': '2.5d_chiplet'},{'from': 'Chiplet_4', 'to': 'Chiplet_3', 'connection_type': '2.5d_rdl', 'loc': '2.5d_chiplet'},{'from': 'Chiplet_4', 'to': 'Chiplet_5', 'connection_type': '2.5d_rdl', 'loc': '2.5d_chiplet'}",3,8,1,1,1,2,hbm2,ucie_std,na,1,0,ws,0,0,0
495,26.680306536880696,3340468.42,62254.17613794894,49593669.43604188,10191.865784896114,6101.754591158607,495,0.378988,1.11875,256,64x64,7,3.2571509657793953,3.8395579270749995,1536,96x96,14,7.419580457366196,12.973514847541198,6144,192x192,10,0.378988,1.11875,256,64x64,7,1.3653681800824635,3.1172648505374996,512,96x96,10,3.665749090547913,5.538366334949999,4096,128x128,10,2.5d_3d,"{'from': 'Chiplet_1', 'to': 'Chiplet_4', 'connection_type': '3d_u_bump', 'loc': 'stack0_base'},{'from': 'Chiplet_4', 'to': 'na', 'connection_type': '3d_u_bump', 'loc': 'stack0_top'},{'from': 'Chiplet_3', 'to': 'Chiplet_1', 'connection_type': '2.5d_rdl', 'loc': '2.5d_chiplet'},{'from': 'Chiplet_3', 'to': 'Chiplet_2', 'connection_type': '2.5d_rdl', 'loc': '2.5d_chiplet'},{'from': 'Chiplet_3', 'to': 'Chiplet_6', 'connection_type': '2.5d_rdl', 'loc': '2.5d_chiplet'},{'from': 'Chiplet_1', 'to': 'Chiplet_3', 'connection_type': '2.5d_rdl', 'loc': '2.5d_chiplet'},{'from': 'Chiplet_1', 'to': 'Chiplet_2', 'connection_type': '2.5d_rdl', 'loc': '2.5d_chiplet'},{'from': 'Chiplet_6', 'to': 'Chiplet_3', 'connection_type': '2.5d_rdl', 'loc': '2.5d_chiplet'},{'from': 'Chiplet_6', 'to': 'Chiplet_5', 'connection_type': '2.5d_rdl', 'loc': '2.5d_chiplet'},{'from': 'Chiplet_6', 'to': 'Chiplet_2', 'connection_type': '2.5d_rdl', 'loc': '2.5d_chiplet'},{'from': 'Chiplet_2', 'to': 'Chiplet_3', 'connection_type': '2.5d_rdl', 'loc': '2.5d_chiplet'},{'from': 'Chiplet_2', 'to': 'Chiplet_5', 'connection_type': '2.5d_rdl', 'loc': '2.5d_chiplet'},{'from': 'Chiplet_2', 'to': 'Chiplet_1', 'connection_type': '2.5d_rdl', 'loc': '2.5d_chiplet'},{'from': 'Chiplet_2', 'to': 'Chiplet_6', 'connection_type': '2.5d_rdl', 'loc': '2.5d_chiplet'},{'from': 'Chiplet_5', 'to': 'Chiplet_2', 'connection_type': '2.5d_rdl', 'loc': '2.5d_chiplet'},{'from': 'Chiplet_5', 'to': 'Chiplet_6', 'connection_type': '2.5d_rdl', 'loc': '2.5d_chiplet'}",1,3,7,1,1,3,hbm3,ucie_std,ucie_3d,1,0,os,1,0,0
496,25.52495699084222,3557188.28,73487.32440321203,45450542.729704455,29123.06635106296,17256.040808581274,496,3.5867297574793953,3.8395579270749995,2048,96x96,14,2.927572174079395,3.8395579270749995,1024,96x96,14,12.799492673176792,15.979573171754398,4096,192x192,14,0.743226759447044,1.3845915837374998,512,64x64,10,1.8849981800824636,3.1172648505374996,2048,96x96,10,0.957922696,2.51875,1024,96x96,7,2.5d_3d,"{'from': 'Chiplet_5', 'to': 'Chiplet_4', 'connection_type': '3d_hyb_bond', 'loc': 'stack0_base'},{'from': 'Chiplet_4', 'to': 'na', 'connection_type': '3d_hyb_bond', 'loc': 'stack0_top'},{'from': 'Chiplet_3', 'to': 'Chiplet_1', 'connection_type': '2.5d_rdl', 'loc': '2.5d_chiplet'},{'from': 'Chiplet_3', 'to': 'Chiplet_2', 'connection_type': '2.5d_rdl', 'loc': '2.5d_chiplet'},{'from': 'Chiplet_1', 'to': 'Chiplet_3', 'connection_type': '2.5d_rdl', 'loc': '2.5d_chiplet'},{'from': 'Chiplet_1', 'to': 'Chiplet_5', 'connection_type': '2.5d_rdl', 'loc': '2.5d_chiplet'},{'from': 'Chiplet_1', 'to': 'Chiplet_2', 'connection_type': '2.5d_rdl', 'loc': '2.5d_chiplet'},{'from': 'Chiplet_1', 'to': 'Chiplet_6', 'connection_type': '2.5d_rdl', 'loc': '2.5d_chiplet'},{'from': 'Chiplet_6', 'to': 'Chiplet_5', 'connection_type': '2.5d_rdl', 'loc': '2.5d_chiplet'},{'from': 'Chiplet_6', 'to': 'Chiplet_1', 'connection_type': '2.5d_rdl', 'loc': '2.5d_chiplet'},{'from': 'Chiplet_2', 'to': 'Chiplet_3', 'connection_type': '2.5d_rdl', 'loc': '2.5d_chiplet'},{'from': 'Chiplet_2', 'to': 'Chiplet_5', 'connection_type': '2.5d_rdl', 'loc': '2.5d_chiplet'},{'from': 'Chiplet_2', 'to': 'Chiplet_1', 'connection_type': '2.5d_rdl', 'loc': '2.5d_chiplet'},{'from': 'Chiplet_5', 'to': 'Chiplet_1', 'connection_type': '2.5d_rdl', 'loc': '2.5d_chiplet'},{'from': 'Chiplet_5', 'to': 'Chiplet_2', 'connection_type': '2.5d_rdl', 'loc': '2.5d_chiplet'},{'from': 'Chiplet_5', 'to': 'Chiplet_6', 'connection_type': '2.5d_rdl', 'loc': '2.5d_chiplet'}",2,2,9,1,1,1,hbm3,ucie_std,ucie_3d,1,0,is,1,0,0
497,54.75447888170603,6479555.35,216015.8356077125,58266886.15472699,15146.766399655144,17877.54130004167,497,0.378988,1.11875,256,64x64,7,4.1253109519999995,10.4826,4096,192x192,7,8.112421457366196,12.973514847541198,8192,192x192,10,12.799492673176792,15.979573171754398,4096,192x192,14,2.597993382379395,3.8395579270749995,512,96x96,14,11.481175603606792,15.979573171754398,2048,192x192,14,2.5d,"{'from': 'Chiplet_4', 'to': 'Chiplet_3', 'connection_type': '2.5d_emib', 'loc': '2.5d_chiplet'},{'from': 'Chiplet_4', 'to': 'Chiplet_5', 'connection_type': '2.5d_emib', 'loc': '2.5d_chiplet'},{'from': 'Chiplet_4', 'to': 'Chiplet_2', 'connection_type': '2.5d_emib', 'loc': '2.5d_chiplet'},{'from': 'Chiplet_4', 'to': 'Chiplet_6', 'connection_type': '2.5d_emib', 'loc': '2.5d_chiplet'},{'from': 'Chiplet_2', 'to': 'Chiplet_4', 'connection_type': '2.5d_emib', 'loc': '2.5d_chiplet'},{'from': 'Chiplet_2', 'to': 'Chiplet_5', 'connection_type': '2.5d_emib', 'loc': '2.5d_chiplet'},{'from': 'Chiplet_2', 'to': 'Chiplet_1', 'connection_type': '2.5d_emib', 'loc': '2.5d_chiplet'},{'from': 'Chiplet_5', 'to': 'Chiplet_4', 'connection_type': '2.5d_emib', 'loc': '2.5d_chiplet'},{'from': 'Chiplet_5', 'to': 'Chiplet_1', 'connection_type': '2.5d_emib', 'loc': '2.5d_chiplet'},{'from': 'Chiplet_5', 'to': 'Chiplet_2', 'connection_type': '2.5d_emib', 'loc': '2.5d_chiplet'},{'from': 'Chiplet_1', 'to': 'Chiplet_5', 'connection_type': '2.5d_emib', 'loc': '2.5d_chiplet'},{'from': 'Chiplet_1', 'to': 'Chiplet_2', 'connection_type': '2.5d_emib', 'loc': '2.5d_chiplet'},{'from': 'Chiplet_6', 'to': 'Chiplet_4', 'connection_type': '2.5d_emib', 'loc': '2.5d_chiplet'},{'from': 'Chiplet_6', 'to': 'Chiplet_3', 'connection_type': '2.5d_emib', 'loc': '2.5d_chiplet'},{'from': 'Chiplet_3', 'to': 'Chiplet_4', 'connection_type': '2.5d_emib', 'loc': '2.5d_chiplet'},{'from': 'Chiplet_3', 'to': 'Chiplet_6', 'connection_type': '2.5d_emib', 'loc': '2.5d_chiplet'}",1,2,3,5,1,4,hbm2,aib,na,1,0,ws,1,0,0
498,35.11849450474718,3625935.36,182370.0998158097,183006885.5811666,4332.653241476771,6448.051691397992,498,7.419580457366196,12.973514847541198,6144,192x192,10,14.117807839976791,15.979573171754398,6144,192x192,14,0.552198,1.11875,768,64x64,7,2.972908090547913,5.538366334949999,2048,128x128,10,1.249405813087535,1.7054115854749998,256,64x64,14,0.829831759447044,1.3845915837374998,768,64x64,10,2.5d,"{'from': 'Chiplet_2', 'to': 'Chiplet_4', 'connection_type': '2.5d_emib', 'loc': '2.5d_chiplet'},{'from': 'Chiplet_2', 'to': 'Chiplet_1', 'connection_type': '2.5d_emib', 'loc': '2.5d_chiplet'},{'from': 'Chiplet_1', 'to': 'Chiplet_4', 'connection_type': '2.5d_emib', 'loc': '2.5d_chiplet'},{'from': 'Chiplet_1', 'to': 'Chiplet_5', 'connection_type': '2.5d_emib', 'loc': '2.5d_chiplet'},{'from': 'Chiplet_1', 'to': 'Chiplet_2', 'connection_type': '2.5d_emib', 'loc': '2.5d_chiplet'},{'from': 'Chiplet_4', 'to': 'Chiplet_5', 'connection_type': '2.5d_emib', 'loc': '2.5d_chiplet'},{'from': 'Chiplet_4', 'to': 'Chiplet_1', 'connection_type': '2.5d_emib', 'loc': '2.5d_chiplet'},{'from': 'Chiplet_4', 'to': 'Chiplet_2', 'connection_type': '2.5d_emib', 'loc': '2.5d_chiplet'},{'from': 'Chiplet_4', 'to': 'Chiplet_6', 'connection_type': '2.5d_emib', 'loc': '2.5d_chiplet'},{'from': 'Chiplet_5', 'to': 'Chiplet_4', 'connection_type': '2.5d_emib', 'loc': '2.5d_chiplet'},{'from': 'Chiplet_5', 'to': 'Chiplet_1', 'connection_type': '2.5d_emib', 'loc': '2.5d_chiplet'},{'from': 'Chiplet_5', 'to': 'Chiplet_3', 'connection_type': '2.5d_emib', 'loc': '2.5d_chiplet'},{'from': 'Chiplet_5', 'to': 'Chiplet_6', 'connection_type': '2.5d_emib', 'loc': '2.5d_chiplet'},{'from': 'Chiplet_6', 'to': 'Chiplet_4', 'connection_type': '2.5d_emib', 'loc': '2.5d_chiplet'},{'from': 'Chiplet_6', 'to': 'Chiplet_5', 'connection_type': '2.5d_emib', 'loc': '2.5d_chiplet'},{'from': 'Chiplet_6', 'to': 'Chiplet_3', 'connection_type': '2.5d_emib', 'loc': '2.5d_chiplet'},{'from': 'Chiplet_3', 'to': 'Chiplet_5', 'connection_type': '2.5d_emib', 'loc': '2.5d_chiplet'},{'from': 'Chiplet_3', 'to': 'Chiplet_6', 'connection_type': '2.5d_emib', 'loc': '2.5d_chiplet'}",1,3,1,1,1,1,ddr4,ucie_adv,na,0,0,ws,0,0,0
499,25.93571957953503,3914939.78,181689.9137079705,36313509.20208498,3056.840390879479,3034.5026952781436,499,1.3653681800824635,3.1172648505374996,512,96x96,10,6.033899457366197,12.973514847541198,2048,192x192,10,3.432469952,10.4826,2048,192x192,7,2.6264880905479133,5.538366334949999,1024,128x128,10,3.665749090547913,5.538366334949999,4096,128x128,10,2.55521354,4.475,4096,128x128,7,2.5d,"{'from': 'Chiplet_2', 'to': 'Chiplet_3', 'connection_type': '2.5d_emib', 'loc': '2.5d_chiplet'},{'from': 'Chiplet_2', 'to': 'Chiplet_5', 'connection_type': '2.5d_emib', 'loc': '2.5d_chiplet'},{'from': 'Chiplet_2', 'to': 'Chiplet_4', 'connection_type': '2.5d_emib', 'loc': '2.5d_chiplet'},{'from': 'Chiplet_2', 'to': 'Chiplet_1', 'connection_type': '2.5d_emib', 'loc': '2.5d_chiplet'},{'from': 'Chiplet_4', 'to': 'Chiplet_1', 'connection_type': '2.5d_emib', 'loc': '2.5d_chiplet'},{'from': 'Chiplet_4', 'to': 'Chiplet_2', 'connection_type': '2.5d_emib', 'loc': '2.5d_chiplet'},{'from': 'Chiplet_1', 'to': 'Chiplet_4', 'connection_type': '2.5d_emib', 'loc': '2.5d_chiplet'},{'from': 'Chiplet_1', 'to': 'Chiplet_2', 'connection_type': '2.5d_emib', 'loc': '2.5d_chiplet'},{'from': 'Chiplet_5', 'to': 'Chiplet_3', 'connection_type': '2.5d_emib', 'loc': '2.5d_chiplet'},{'from': 'Chiplet_5', 'to': 'Chiplet_2', 'connection_type': '2.5d_emib', 'loc': '2.5d_chiplet'},{'from': 'Chiplet_5', 'to': 'Chiplet_6', 'connection_type': '2.5d_emib', 'loc': '2.5d_chiplet'},{'from': 'Chiplet_3', 'to': 'Chiplet_5', 'connection_type': '2.5d_emib', 'loc': '2.5d_chiplet'},{'from': 'Chiplet_3', 'to': 'Chiplet_2', 'connection_type': '2.5d_emib', 'loc': '2.5d_chiplet'},{'from': 'Chiplet_3', 'to': 'Chiplet_6', 'connection_type': '2.5d_emib', 'loc': '2.5d_chiplet'},{'from': 'Chiplet_6', 'to': 'Chiplet_3', 'connection_type': '2.5d_emib', 'loc': '2.5d_chiplet'},{'from': 'Chiplet_6', 'to': 'Chiplet_5', 'connection_type': '2.5d_emib', 'loc': '2.5d_chiplet'}",1,5,3,2,3,2,hbm3,ucie_adv,na,1,0,os,0,0,0
