iteration_id,cost_metrics_area,cost_metrics_dollar_cost,cost_metrics_embCarbon,cost_metrics_energy,cost_metrics_latency,cost_metrics_opeCarbon,iteration_id,Chiplet_1_area,Chiplet_1_power,Chiplet_1_sram_buf,Chiplet_1_sys_array_size,Chiplet_1_tech_node,Chiplet_2_area,Chiplet_2_power,Chiplet_2_sram_buf,Chiplet_2_sys_array_size,Chiplet_2_tech_node,Chiplet_3_area,Chiplet_3_power,Chiplet_3_sram_buf,Chiplet_3_sys_array_size,Chiplet_3_tech_node,Chiplet_4_area,Chiplet_4_power,Chiplet_4_sram_buf,Chiplet_4_sys_array_size,Chiplet_4_tech_node,Chiplet_5_area,Chiplet_5_power,Chiplet_5_sram_buf,Chiplet_5_sys_array_size,Chiplet_5_tech_node,Chiplet_6_area,Chiplet_6_power,Chiplet_6_sram_buf,Chiplet_6_sys_array_size,Chiplet_6_tech_node,pkg_HI_pkg_type,pkg_inter_pkg_conn,pkg_mem_pkg_conn_Chiplet_1,pkg_mem_pkg_conn_Chiplet_2,pkg_mem_pkg_conn_Chiplet_3,pkg_mem_pkg_conn_Chiplet_4,pkg_mem_pkg_conn_Chiplet_5,pkg_mem_pkg_conn_Chiplet_6,pkg_mem_pkg_conn_mem_type,pkg_protocol_2.5d,pkg_protocol_3d,WL_mapping_mapping_assign_workload_in_ascending_order,WL_mapping_mapping_chiplet_data_sharing_enabled,WL_mapping_mapping_dataflow,WL_mapping_mapping_if_splitting_k,WL_mapping_mapping_merge_tiles,WL_mapping_mapping_static_tiling
0,22.584394490446435,3837105.88,92090.77927359412,136204994.60261896,42189.320755853194,32134.99868048182,0,12.799492673176792,15.979573171754398,4096,192x192,14,0.957922696,2.51875,1024,96x96,7,1.578984604787535,1.7054115854749998,768,64x64,14,0.957922696,2.51875,1024,96x96,7,0.957922696,2.51875,1024,96x96,7,6.726740457366197,12.973514847541198,4096,192x192,10,2.5d_3d,"{'from': 'Chiplet_6', 'to': 'Chiplet_3', 'connection_type': '3d_u_bump', 'loc': 'stack0_base'},{'from': 'Chiplet_3', 'to': 'Chiplet_4', 'connection_type': '3d_u_bump', 'loc': 'stack0_middle1'},{'from': 'Chiplet_4', 'to': 'Chiplet_5', 'connection_type': '3d_u_bump', 'loc': 'stack0_middle2'},{'from': 'Chiplet_5', 'to': 'Chiplet_2', 'connection_type': '3d_u_bump', 'loc': 'stack0_middle3'},{'from': 'Chiplet_2', 'to': 'na', 'connection_type': '3d_u_bump', 'loc': 'stack0_top'},{'from': 'Chiplet_1', 'to': 'Chiplet_6', 'connection_type': '2.5d_rdl', 'loc': '2.5d_chiplet'},{'from': 'Chiplet_6', 'to': 'Chiplet_1', 'connection_type': '2.5d_rdl', 'loc': '2.5d_chiplet'}",8,1,1,1,1,4,hbm3,ucie_std,ucie_3d,1,0,ws,1,0,0
1,37.132568678095,4269245.23,199067.34785951895,452421833.69332707,39331.4279359878,38695.90743795652,1,2.6264880905479133,5.538366334949999,1024,128x128,10,14.117807839976791,15.979573171754398,6144,192x192,14,1.743774000637535,1.7054115854749998,1024,64x64,14,5.5109919519999995,10.4826,8192,192x192,7,2.55521354,4.475,4096,128x128,7,2.927572174079395,3.8395579270749995,1024,96x96,14,2.5d,"{'from': 'Chiplet_2', 'to': 'Chiplet_6', 'connection_type': '2.5d_emib', 'loc': '2.5d_chiplet'},{'from': 'Chiplet_2', 'to': 'Chiplet_4', 'connection_type': '2.5d_emib', 'loc': '2.5d_chiplet'},{'from': 'Chiplet_4', 'to': 'Chiplet_2', 'connection_type': '2.5d_emib', 'loc': '2.5d_chiplet'},{'from': 'Chiplet_4', 'to': 'Chiplet_5', 'connection_type': '2.5d_emib', 'loc': '2.5d_chiplet'},{'from': 'Chiplet_4', 'to': 'Chiplet_6', 'connection_type': '2.5d_emib', 'loc': '2.5d_chiplet'},{'from': 'Chiplet_4', 'to': 'Chiplet_1', 'connection_type': '2.5d_emib', 'loc': '2.5d_chiplet'},{'from': 'Chiplet_5', 'to': 'Chiplet_4', 'connection_type': '2.5d_emib', 'loc': '2.5d_chiplet'},{'from': 'Chiplet_5', 'to': 'Chiplet_1', 'connection_type': '2.5d_emib', 'loc': '2.5d_chiplet'},{'from': 'Chiplet_6', 'to': 'Chiplet_2', 'connection_type': '2.5d_emib', 'loc': '2.5d_chiplet'},{'from': 'Chiplet_6', 'to': 'Chiplet_3', 'connection_type': '2.5d_emib', 'loc': '2.5d_chiplet'},{'from': 'Chiplet_6', 'to': 'Chiplet_4', 'connection_type': '2.5d_emib', 'loc': '2.5d_chiplet'},{'from': 'Chiplet_6', 'to': 'Chiplet_1', 'connection_type': '2.5d_emib', 'loc': '2.5d_chiplet'},{'from': 'Chiplet_1', 'to': 'Chiplet_4', 'connection_type': '2.5d_emib', 'loc': '2.5d_chiplet'},{'from': 'Chiplet_1', 'to': 'Chiplet_6', 'connection_type': '2.5d_emib', 'loc': '2.5d_chiplet'},{'from': 'Chiplet_1', 'to': 'Chiplet_5', 'connection_type': '2.5d_emib', 'loc': '2.5d_chiplet'},{'from': 'Chiplet_1', 'to': 'Chiplet_3', 'connection_type': '2.5d_emib', 'loc': '2.5d_chiplet'},{'from': 'Chiplet_3', 'to': 'Chiplet_6', 'connection_type': '2.5d_emib', 'loc': '2.5d_chiplet'},{'from': 'Chiplet_3', 'to': 'Chiplet_1', 'connection_type': '2.5d_emib', 'loc': '2.5d_chiplet'}",1,3,1,1,1,1,ddr4,ucie_adv,na,0,0,ws,1,0,0
2,55.837937636517296,6073129.37,207294.21766171107,258433371.9411919,6875.000000000001,10516.78422637807,2,0.46559300000000003,1.11875,512,64x64,7,15.436124909546791,15.979573171754398,8192,192x192,14,15.436124909546791,15.979573171754398,8192,192x192,14,0.784712696,2.51875,512,96x96,7,3.3193280905479132,5.538366334949999,3072,128x128,10,2.20879254,4.475,3072,128x128,7,2.5d,"{'from': 'Chiplet_2', 'to': 'Chiplet_3', 'connection_type': '2.5d_emib', 'loc': '2.5d_chiplet'},{'from': 'Chiplet_2', 'to': 'Chiplet_5', 'connection_type': '2.5d_emib', 'loc': '2.5d_chiplet'},{'from': 'Chiplet_5', 'to': 'Chiplet_2', 'connection_type': '2.5d_emib', 'loc': '2.5d_chiplet'},{'from': 'Chiplet_5', 'to': 'Chiplet_6', 'connection_type': '2.5d_emib', 'loc': '2.5d_chiplet'},{'from': 'Chiplet_3', 'to': 'Chiplet_2', 'connection_type': '2.5d_emib', 'loc': '2.5d_chiplet'},{'from': 'Chiplet_3', 'to': 'Chiplet_4', 'connection_type': '2.5d_emib', 'loc': '2.5d_chiplet'},{'from': 'Chiplet_3', 'to': 'Chiplet_6', 'connection_type': '2.5d_emib', 'loc': '2.5d_chiplet'},{'from': 'Chiplet_6', 'to': 'Chiplet_5', 'connection_type': '2.5d_emib', 'loc': '2.5d_chiplet'},{'from': 'Chiplet_6', 'to': 'Chiplet_4', 'connection_type': '2.5d_emib', 'loc': '2.5d_chiplet'},{'from': 'Chiplet_6', 'to': 'Chiplet_1', 'connection_type': '2.5d_emib', 'loc': '2.5d_chiplet'},{'from': 'Chiplet_6', 'to': 'Chiplet_3', 'connection_type': '2.5d_emib', 'loc': '2.5d_chiplet'},{'from': 'Chiplet_4', 'to': 'Chiplet_3', 'connection_type': '2.5d_emib', 'loc': '2.5d_chiplet'},{'from': 'Chiplet_4', 'to': 'Chiplet_6', 'connection_type': '2.5d_emib', 'loc': '2.5d_chiplet'},{'from': 'Chiplet_4', 'to': 'Chiplet_1', 'connection_type': '2.5d_emib', 'loc': '2.5d_chiplet'},{'from': 'Chiplet_1', 'to': 'Chiplet_4', 'connection_type': '2.5d_emib', 'loc': '2.5d_chiplet'},{'from': 'Chiplet_1', 'to': 'Chiplet_6', 'connection_type': '2.5d_emib', 'loc': '2.5d_chiplet'}",1,6,6,1,1,1,hbm2,aib,na,0,0,os,0,0,0
3,23.644967885340915,2852464.18,124027.3508540182,415661288.9895925,12828.986928104576,15345.836297376385,3,2.972908090547913,5.538366334949999,2048,128x128,10,1.578984604787535,1.7054115854749998,768,64x64,14,11.481175603606792,15.979573171754398,2048,192x192,14,0.46559300000000003,1.11875,512,64x64,7,1.86237254,4.475,2048,128x128,7,2.597993382379395,3.8395579270749995,512,96x96,14,2.5d_3d,"{'from': 'Chiplet_5', 'to': 'Chiplet_2', 'connection_type': '3d_tsv', 'loc': 'stack0_base'},{'from': 'Chiplet_2', 'to': 'Chiplet_4', 'connection_type': '3d_tsv', 'loc': 'stack0_middle1'},{'from': 'Chiplet_4', 'to': 'na', 'connection_type': '3d_tsv', 'loc': 'stack0_top'},{'from': 'Chiplet_3', 'to': 'Chiplet_6', 'connection_type': '2.5d_emib', 'loc': '2.5d_chiplet'},{'from': 'Chiplet_3', 'to': 'Chiplet_1', 'connection_type': '2.5d_emib', 'loc': '2.5d_chiplet'},{'from': 'Chiplet_1', 'to': 'Chiplet_3', 'connection_type': '2.5d_emib', 'loc': '2.5d_chiplet'},{'from': 'Chiplet_1', 'to': 'Chiplet_6', 'connection_type': '2.5d_emib', 'loc': '2.5d_chiplet'},{'from': 'Chiplet_1', 'to': 'Chiplet_5', 'connection_type': '2.5d_emib', 'loc': '2.5d_chiplet'},{'from': 'Chiplet_6', 'to': 'Chiplet_3', 'connection_type': '2.5d_emib', 'loc': '2.5d_chiplet'},{'from': 'Chiplet_6', 'to': 'Chiplet_5', 'connection_type': '2.5d_emib', 'loc': '2.5d_chiplet'},{'from': 'Chiplet_6', 'to': 'Chiplet_1', 'connection_type': '2.5d_emib', 'loc': '2.5d_chiplet'},{'from': 'Chiplet_5', 'to': 'Chiplet_6', 'connection_type': '2.5d_emib', 'loc': '2.5d_chiplet'},{'from': 'Chiplet_5', 'to': 'Chiplet_1', 'connection_type': '2.5d_emib', 'loc': '2.5d_chiplet'}",1,1,3,1,1,1,ddr5,aib,ucie_3d,1,0,os,0,0,0
4,23.68401157115809,2922758.07,141614.06943249993,325462187.83469903,22403.268683450817,17017.173491550904,4,1.578984604787535,1.7054115854749998,768,64x64,14,2.597993382379395,3.8395579270749995,512,96x96,14,3.665749090547913,5.538366334949999,4096,128x128,10,4.818150952,10.4826,6144,192x192,7,3.2571509657793953,3.8395579270749995,1536,96x96,14,0.829831759447044,1.3845915837374998,768,64x64,10,2.5d_3d,"{'from': 'Chiplet_1', 'to': 'Chiplet_6', 'connection_type': '3d_u_bump', 'loc': 'stack0_base'},{'from': 'Chiplet_6', 'to': 'na', 'connection_type': '3d_u_bump', 'loc': 'stack0_top'},{'from': 'Chiplet_4', 'to': 'Chiplet_2', 'connection_type': '2.5d_emib', 'loc': '2.5d_chiplet'},{'from': 'Chiplet_4', 'to': 'Chiplet_3', 'connection_type': '2.5d_emib', 'loc': '2.5d_chiplet'},{'from': 'Chiplet_4', 'to': 'Chiplet_5', 'connection_type': '2.5d_emib', 'loc': '2.5d_chiplet'},{'from': 'Chiplet_2', 'to': 'Chiplet_5', 'connection_type': '2.5d_emib', 'loc': '2.5d_chiplet'},{'from': 'Chiplet_2', 'to': 'Chiplet_4', 'connection_type': '2.5d_emib', 'loc': '2.5d_chiplet'},{'from': 'Chiplet_3', 'to': 'Chiplet_5', 'connection_type': '2.5d_emib', 'loc': '2.5d_chiplet'},{'from': 'Chiplet_3', 'to': 'Chiplet_4', 'connection_type': '2.5d_emib', 'loc': '2.5d_chiplet'},{'from': 'Chiplet_3', 'to': 'Chiplet_1', 'connection_type': '2.5d_emib', 'loc': '2.5d_chiplet'},{'from': 'Chiplet_5', 'to': 'Chiplet_2', 'connection_type': '2.5d_emib', 'loc': '2.5d_chiplet'},{'from': 'Chiplet_5', 'to': 'Chiplet_3', 'connection_type': '2.5d_emib', 'loc': '2.5d_chiplet'},{'from': 'Chiplet_5', 'to': 'Chiplet_4', 'connection_type': '2.5d_emib', 'loc': '2.5d_chiplet'},{'from': 'Chiplet_5', 'to': 'Chiplet_1', 'connection_type': '2.5d_emib', 'loc': '2.5d_chiplet'},{'from': 'Chiplet_1', 'to': 'Chiplet_5', 'connection_type': '2.5d_emib', 'loc': '2.5d_chiplet'},{'from': 'Chiplet_1', 'to': 'Chiplet_3', 'connection_type': '2.5d_emib', 'loc': '2.5d_chiplet'}",1,1,2,2,1,1,ddr5,ucie_adv,ucie_3d,0,0,ws,1,0,0
5,42.662142172172324,6350148.53,183271.8048196732,182054022.336752,24242.9313286964,25451.474500778117,5,7.419580457366196,12.973514847541198,6144,192x192,10,1.131132696,2.51875,1536,96x96,7,2.927572174079395,3.8395579270749995,1024,96x96,14,4.9976252555201786,6.821646341899999,1024,128x128,14,8.112421457366196,12.973514847541198,8192,192x192,10,5.5109919519999995,10.4826,8192,192x192,7,2.5d_3d,"{'from': 'Chiplet_6', 'to': 'Chiplet_3', 'connection_type': '3d_u_bump', 'loc': 'stack0_base'},{'from': 'Chiplet_3', 'to': 'na', 'connection_type': '3d_u_bump', 'loc': 'stack0_top'},{'from': 'Chiplet_5', 'to': 'Chiplet_4', 'connection_type': '2.5d_emib', 'loc': '2.5d_chiplet'},{'from': 'Chiplet_5', 'to': 'Chiplet_1', 'connection_type': '2.5d_emib', 'loc': '2.5d_chiplet'},{'from': 'Chiplet_4', 'to': 'Chiplet_5', 'connection_type': '2.5d_emib', 'loc': '2.5d_chiplet'},{'from': 'Chiplet_4', 'to': 'Chiplet_6', 'connection_type': '2.5d_emib', 'loc': '2.5d_chiplet'},{'from': 'Chiplet_1', 'to': 'Chiplet_2', 'connection_type': '2.5d_emib', 'loc': '2.5d_chiplet'},{'from': 'Chiplet_1', 'to': 'Chiplet_5', 'connection_type': '2.5d_emib', 'loc': '2.5d_chiplet'},{'from': 'Chiplet_1', 'to': 'Chiplet_6', 'connection_type': '2.5d_emib', 'loc': '2.5d_chiplet'},{'from': 'Chiplet_6', 'to': 'Chiplet_2', 'connection_type': '2.5d_emib', 'loc': '2.5d_chiplet'},{'from': 'Chiplet_6', 'to': 'Chiplet_4', 'connection_type': '2.5d_emib', 'loc': '2.5d_chiplet'},{'from': 'Chiplet_6', 'to': 'Chiplet_1', 'connection_type': '2.5d_emib', 'loc': '2.5d_chiplet'},{'from': 'Chiplet_2', 'to': 'Chiplet_6', 'connection_type': '2.5d_emib', 'loc': '2.5d_chiplet'},{'from': 'Chiplet_2', 'to': 'Chiplet_1', 'connection_type': '2.5d_emib', 'loc': '2.5d_chiplet'}",4,1,1,3,4,3,hbm2,aib,ucie_3d,1,0,ws,1,0,0
6,23.129299756934724,2760458.77,68373.6069260326,322891849.63215756,40831.73069689492,28868.454018779474,6,1.8849981800824636,3.1172648505374996,2048,96x96,10,0.743226759447044,1.3845915837374998,512,64x64,10,3.2571509657793953,3.8395579270749995,1536,96x96,14,1.8849981800824636,3.1172648505374996,2048,96x96,10,12.799492673176792,15.979573171754398,4096,192x192,14,1.7117881800824635,3.1172648505374996,1536,96x96,10,2.5d_3d,"{'from': 'Chiplet_5', 'to': 'Chiplet_3', 'connection_type': '3d_tsv', 'loc': 'stack0_base'},{'from': 'Chiplet_3', 'to': 'Chiplet_6', 'connection_type': '3d_tsv', 'loc': 'stack0_middle1'},{'from': 'Chiplet_6', 'to': 'na', 'connection_type': '3d_tsv', 'loc': 'stack0_top'},{'from': 'Chiplet_5', 'to': 'Chiplet_4', 'connection_type': '2.5d_rdl', 'loc': '2.5d_chiplet'},{'from': 'Chiplet_5', 'to': 'Chiplet_1', 'connection_type': '2.5d_rdl', 'loc': '2.5d_chiplet'},{'from': 'Chiplet_1', 'to': 'Chiplet_2', 'connection_type': '2.5d_rdl', 'loc': '2.5d_chiplet'},{'from': 'Chiplet_1', 'to': 'Chiplet_5', 'connection_type': '2.5d_rdl', 'loc': '2.5d_chiplet'},{'from': 'Chiplet_1', 'to': 'Chiplet_4', 'connection_type': '2.5d_rdl', 'loc': '2.5d_chiplet'},{'from': 'Chiplet_2', 'to': 'Chiplet_4', 'connection_type': '2.5d_rdl', 'loc': '2.5d_chiplet'},{'from': 'Chiplet_2', 'to': 'Chiplet_1', 'connection_type': '2.5d_rdl', 'loc': '2.5d_chiplet'},{'from': 'Chiplet_4', 'to': 'Chiplet_2', 'connection_type': '2.5d_rdl', 'loc': '2.5d_chiplet'},{'from': 'Chiplet_4', 'to': 'Chiplet_5', 'connection_type': '2.5d_rdl', 'loc': '2.5d_chiplet'},{'from': 'Chiplet_4', 'to': 'Chiplet_1', 'connection_type': '2.5d_rdl', 'loc': '2.5d_chiplet'}",1,1,1,1,3,1,ddr5,ucie_std,ucie_3d,0,0,ws,1,0,0
7,14.997654303818884,1259242.79,35675.79761587613,722312673.2512844,30611.470588235294,21115.256686110544,7,2.927572174079395,3.8395579270749995,1024,96x96,14,1.249405813087535,1.7054115854749998,256,64x64,14,3.2571509657793953,3.8395579270749995,1536,96x96,14,1.249405813087535,1.7054115854749998,256,64x64,14,0.638803,1.11875,1024,64x64,7,1.249405813087535,1.7054115854749998,256,64x64,14,2.5d,"{'from': 'Chiplet_3', 'to': 'Chiplet_5', 'connection_type': '2.5d_rdl', 'loc': '2.5d_chiplet'},{'from': 'Chiplet_3', 'to': 'Chiplet_4', 'connection_type': '2.5d_rdl', 'loc': '2.5d_chiplet'},{'from': 'Chiplet_3', 'to': 'Chiplet_1', 'connection_type': '2.5d_rdl', 'loc': '2.5d_chiplet'},{'from': 'Chiplet_4', 'to': 'Chiplet_5', 'connection_type': '2.5d_rdl', 'loc': '2.5d_chiplet'},{'from': 'Chiplet_4', 'to': 'Chiplet_3', 'connection_type': '2.5d_rdl', 'loc': '2.5d_chiplet'},{'from': 'Chiplet_5', 'to': 'Chiplet_3', 'connection_type': '2.5d_rdl', 'loc': '2.5d_chiplet'},{'from': 'Chiplet_5', 'to': 'Chiplet_4', 'connection_type': '2.5d_rdl', 'loc': '2.5d_chiplet'},{'from': 'Chiplet_1', 'to': 'Chiplet_2', 'connection_type': '2.5d_rdl', 'loc': '2.5d_chiplet'},{'from': 'Chiplet_1', 'to': 'Chiplet_3', 'connection_type': '2.5d_rdl', 'loc': '2.5d_chiplet'},{'from': 'Chiplet_1', 'to': 'Chiplet_6', 'connection_type': '2.5d_rdl', 'loc': '2.5d_chiplet'},{'from': 'Chiplet_2', 'to': 'Chiplet_6', 'connection_type': '2.5d_rdl', 'loc': '2.5d_chiplet'},{'from': 'Chiplet_2', 'to': 'Chiplet_1', 'connection_type': '2.5d_rdl', 'loc': '2.5d_chiplet'},{'from': 'Chiplet_6', 'to': 'Chiplet_2', 'connection_type': '2.5d_rdl', 'loc': '2.5d_chiplet'},{'from': 'Chiplet_6', 'to': 'Chiplet_1', 'connection_type': '2.5d_rdl', 'loc': '2.5d_chiplet'}",2,1,2,1,1,1,ddr5,ucie_std,na,1,0,is,0,0,0
8,45.24791949394289,4837506.31,100194.83281185356,208790219.73653197,17010.5698005698,17331.331223705132,8,1.4141952089375351,1.7054115854749998,512,64x64,14,2.6264880905479133,5.538366334949999,1024,128x128,10,3.5867297574793953,3.8395579270749995,2048,96x96,14,1.5385781800824634,3.1172648505374996,1024,96x96,10,8.112421457366196,12.973514847541198,8192,192x192,10,14.117807839976791,15.979573171754398,6144,192x192,14,2.5d,"{'from': 'Chiplet_6', 'to': 'Chiplet_5', 'connection_type': '2.5d_rdl', 'loc': '2.5d_chiplet'},{'from': 'Chiplet_6', 'to': 'Chiplet_4', 'connection_type': '2.5d_rdl', 'loc': '2.5d_chiplet'},{'from': 'Chiplet_6', 'to': 'Chiplet_3', 'connection_type': '2.5d_rdl', 'loc': '2.5d_chiplet'},{'from': 'Chiplet_4', 'to': 'Chiplet_3', 'connection_type': '2.5d_rdl', 'loc': '2.5d_chiplet'},{'from': 'Chiplet_4', 'to': 'Chiplet_6', 'connection_type': '2.5d_rdl', 'loc': '2.5d_chiplet'},{'from': 'Chiplet_5', 'to': 'Chiplet_2', 'connection_type': '2.5d_rdl', 'loc': '2.5d_chiplet'},{'from': 'Chiplet_5', 'to': 'Chiplet_3', 'connection_type': '2.5d_rdl', 'loc': '2.5d_chiplet'},{'from': 'Chiplet_5', 'to': 'Chiplet_6', 'connection_type': '2.5d_rdl', 'loc': '2.5d_chiplet'},{'from': 'Chiplet_3', 'to': 'Chiplet_4', 'connection_type': '2.5d_rdl', 'loc': '2.5d_chiplet'},{'from': 'Chiplet_3', 'to': 'Chiplet_2', 'connection_type': '2.5d_rdl', 'loc': '2.5d_chiplet'},{'from': 'Chiplet_3', 'to': 'Chiplet_5', 'connection_type': '2.5d_rdl', 'loc': '2.5d_chiplet'},{'from': 'Chiplet_3', 'to': 'Chiplet_6', 'connection_type': '2.5d_rdl', 'loc': '2.5d_chiplet'},{'from': 'Chiplet_3', 'to': 'Chiplet_1', 'connection_type': '2.5d_rdl', 'loc': '2.5d_chiplet'},{'from': 'Chiplet_2', 'to': 'Chiplet_3', 'connection_type': '2.5d_rdl', 'loc': '2.5d_chiplet'},{'from': 'Chiplet_2', 'to': 'Chiplet_5', 'connection_type': '2.5d_rdl', 'loc': '2.5d_chiplet'},{'from': 'Chiplet_2', 'to': 'Chiplet_1', 'connection_type': '2.5d_rdl', 'loc': '2.5d_chiplet'},{'from': 'Chiplet_1', 'to': 'Chiplet_2', 'connection_type': '2.5d_rdl', 'loc': '2.5d_chiplet'},{'from': 'Chiplet_1', 'to': 'Chiplet_3', 'connection_type': '2.5d_rdl', 'loc': '2.5d_chiplet'}",1,1,2,1,4,7,hbm3,ucie_std,na,0,0,is,0,0,0
9,22.26871862353332,3617594.07,130597.95349656252,185806533.99647436,14608.654399079931,12889.534246333,9,1.5385781800824634,3.1172648505374996,1024,96x96,10,2.927572174079395,3.8395579270749995,1024,96x96,14,1.743774000637535,1.7054115854749998,1024,64x64,14,6.033899457366197,12.973514847541198,2048,192x192,10,6.315940422320179,6.821646341899999,3072,128x128,14,6.975099908490179,6.821646341899999,4096,128x128,14,2.5d_3d,"{'from': 'Chiplet_6', 'to': 'Chiplet_5', 'connection_type': '3d_tsv', 'loc': 'stack0_base'},{'from': 'Chiplet_5', 'to': 'Chiplet_1', 'connection_type': '3d_tsv', 'loc': 'stack0_middle1'},{'from': 'Chiplet_1', 'to': 'na', 'connection_type': '3d_tsv', 'loc': 'stack0_top'},{'from': 'Chiplet_6', 'to': 'Chiplet_2', 'connection_type': '2.5d_emib', 'loc': '2.5d_chiplet'},{'from': 'Chiplet_6', 'to': 'Chiplet_3', 'connection_type': '2.5d_emib', 'loc': '2.5d_chiplet'},{'from': 'Chiplet_6', 'to': 'Chiplet_4', 'connection_type': '2.5d_emib', 'loc': '2.5d_chiplet'},{'from': 'Chiplet_3', 'to': 'Chiplet_2', 'connection_type': '2.5d_emib', 'loc': '2.5d_chiplet'},{'from': 'Chiplet_3', 'to': 'Chiplet_6', 'connection_type': '2.5d_emib', 'loc': '2.5d_chiplet'},{'from': 'Chiplet_4', 'to': 'Chiplet_2', 'connection_type': '2.5d_emib', 'loc': '2.5d_chiplet'},{'from': 'Chiplet_4', 'to': 'Chiplet_6', 'connection_type': '2.5d_emib', 'loc': '2.5d_chiplet'},{'from': 'Chiplet_2', 'to': 'Chiplet_3', 'connection_type': '2.5d_emib', 'loc': '2.5d_chiplet'},{'from': 'Chiplet_2', 'to': 'Chiplet_6', 'connection_type': '2.5d_emib', 'loc': '2.5d_chiplet'},{'from': 'Chiplet_2', 'to': 'Chiplet_4', 'connection_type': '2.5d_emib', 'loc': '2.5d_chiplet'}",1,2,1,4,4,4,hbm2,aib,ucie_3d,0,0,ws,0,0,0
10,25.43549253155991,2603193.5,72144.79909328188,388347494.25193214,62591.56040362992,44278.45447703589,10,11.481175603606792,15.979573171754398,2048,192x192,14,1.86237254,4.475,2048,128x128,7,1.8849981800824636,3.1172648505374996,2048,96x96,10,1.51595254,4.475,1024,128x128,7,1.7117881800824635,3.1172648505374996,1536,96x96,10,0.46559300000000003,1.11875,512,64x64,7,2.5d,"{'from': 'Chiplet_1', 'to': 'Chiplet_2', 'connection_type': '2.5d_rdl', 'loc': '2.5d_chiplet'},{'from': 'Chiplet_1', 'to': 'Chiplet_3', 'connection_type': '2.5d_rdl', 'loc': '2.5d_chiplet'},{'from': 'Chiplet_3', 'to': 'Chiplet_2', 'connection_type': '2.5d_rdl', 'loc': '2.5d_chiplet'},{'from': 'Chiplet_3', 'to': 'Chiplet_6', 'connection_type': '2.5d_rdl', 'loc': '2.5d_chiplet'},{'from': 'Chiplet_3', 'to': 'Chiplet_4', 'connection_type': '2.5d_rdl', 'loc': '2.5d_chiplet'},{'from': 'Chiplet_3', 'to': 'Chiplet_1', 'connection_type': '2.5d_rdl', 'loc': '2.5d_chiplet'},{'from': 'Chiplet_4', 'to': 'Chiplet_3', 'connection_type': '2.5d_rdl', 'loc': '2.5d_chiplet'},{'from': 'Chiplet_4', 'to': 'Chiplet_6', 'connection_type': '2.5d_rdl', 'loc': '2.5d_chiplet'},{'from': 'Chiplet_6', 'to': 'Chiplet_3', 'connection_type': '2.5d_rdl', 'loc': '2.5d_chiplet'},{'from': 'Chiplet_6', 'to': 'Chiplet_4', 'connection_type': '2.5d_rdl', 'loc': '2.5d_chiplet'},{'from': 'Chiplet_6', 'to': 'Chiplet_5', 'connection_type': '2.5d_rdl', 'loc': '2.5d_chiplet'},{'from': 'Chiplet_2', 'to': 'Chiplet_5', 'connection_type': '2.5d_rdl', 'loc': '2.5d_chiplet'},{'from': 'Chiplet_2', 'to': 'Chiplet_1', 'connection_type': '2.5d_rdl', 'loc': '2.5d_chiplet'},{'from': 'Chiplet_2', 'to': 'Chiplet_3', 'connection_type': '2.5d_rdl', 'loc': '2.5d_chiplet'},{'from': 'Chiplet_5', 'to': 'Chiplet_2', 'connection_type': '2.5d_rdl', 'loc': '2.5d_chiplet'},{'from': 'Chiplet_5', 'to': 'Chiplet_6', 'connection_type': '2.5d_rdl', 'loc': '2.5d_chiplet'}",3,1,1,1,1,1,ddr4,ucie_std,na,0,0,ws,1,0,0
11,23.4950934065728,3847788.2,80050.18928167781,183154055.67359066,40421.423207466985,26800.07460128839,11,2.55521354,4.475,4096,128x128,7,5.5109919519999995,10.4826,8192,192x192,7,5.656782838920179,6.821646341899999,2048,128x128,14,1.4141952089375351,1.7054115854749998,512,64x64,14,2.972908090547913,5.538366334949999,2048,128x128,10,0.784712696,2.51875,512,96x96,7,2.5d_3d,"{'from': 'Chiplet_2', 'to': 'Chiplet_5', 'connection_type': '3d_tsv', 'loc': 'stack0_base'},{'from': 'Chiplet_5', 'to': 'na', 'connection_type': '3d_tsv', 'loc': 'stack0_top'},{'from': 'Chiplet_3', 'to': 'Chiplet_2', 'connection_type': '2.5d_rdl', 'loc': '2.5d_chiplet'},{'from': 'Chiplet_3', 'to': 'Chiplet_6', 'connection_type': '2.5d_rdl', 'loc': '2.5d_chiplet'},{'from': 'Chiplet_3', 'to': 'Chiplet_4', 'connection_type': '2.5d_rdl', 'loc': '2.5d_chiplet'},{'from': 'Chiplet_4', 'to': 'Chiplet_3', 'connection_type': '2.5d_rdl', 'loc': '2.5d_chiplet'},{'from': 'Chiplet_4', 'to': 'Chiplet_6', 'connection_type': '2.5d_rdl', 'loc': '2.5d_chiplet'},{'from': 'Chiplet_6', 'to': 'Chiplet_3', 'connection_type': '2.5d_rdl', 'loc': '2.5d_chiplet'},{'from': 'Chiplet_6', 'to': 'Chiplet_4', 'connection_type': '2.5d_rdl', 'loc': '2.5d_chiplet'},{'from': 'Chiplet_6', 'to': 'Chiplet_1', 'connection_type': '2.5d_rdl', 'loc': '2.5d_chiplet'},{'from': 'Chiplet_2', 'to': 'Chiplet_3', 'connection_type': '2.5d_rdl', 'loc': '2.5d_chiplet'},{'from': 'Chiplet_2', 'to': 'Chiplet_1', 'connection_type': '2.5d_rdl', 'loc': '2.5d_chiplet'},{'from': 'Chiplet_1', 'to': 'Chiplet_2', 'connection_type': '2.5d_rdl', 'loc': '2.5d_chiplet'},{'from': 'Chiplet_1', 'to': 'Chiplet_6', 'connection_type': '2.5d_rdl', 'loc': '2.5d_chiplet'}",2,5,5,1,2,1,hbm2,ucie_std,ucie_3d,0,0,ws,1,0,0
12,43.10873322969884,4686727.34,204379.27773757878,653396770.3119106,15777.77777777778,25316.705672064832,12,5.5109919519999995,10.4826,8192,192x192,7,6.033899457366197,12.973514847541198,2048,192x192,10,1.304342696,2.51875,2048,96x96,7,15.436124909546791,15.979573171754398,8192,192x192,14,1.131132696,2.51875,1536,96x96,7,0.743226759447044,1.3845915837374998,512,64x64,10,2.5d,"{'from': 'Chiplet_4', 'to': 'Chiplet_2', 'connection_type': '2.5d_emib', 'loc': '2.5d_chiplet'},{'from': 'Chiplet_4', 'to': 'Chiplet_1', 'connection_type': '2.5d_emib', 'loc': '2.5d_chiplet'},{'from': 'Chiplet_2', 'to': 'Chiplet_5', 'connection_type': '2.5d_emib', 'loc': '2.5d_chiplet'},{'from': 'Chiplet_2', 'to': 'Chiplet_4', 'connection_type': '2.5d_emib', 'loc': '2.5d_chiplet'},{'from': 'Chiplet_2', 'to': 'Chiplet_1', 'connection_type': '2.5d_emib', 'loc': '2.5d_chiplet'},{'from': 'Chiplet_5', 'to': 'Chiplet_2', 'connection_type': '2.5d_emib', 'loc': '2.5d_chiplet'},{'from': 'Chiplet_5', 'to': 'Chiplet_3', 'connection_type': '2.5d_emib', 'loc': '2.5d_chiplet'},{'from': 'Chiplet_1', 'to': 'Chiplet_2', 'connection_type': '2.5d_emib', 'loc': '2.5d_chiplet'},{'from': 'Chiplet_1', 'to': 'Chiplet_3', 'connection_type': '2.5d_emib', 'loc': '2.5d_chiplet'},{'from': 'Chiplet_1', 'to': 'Chiplet_4', 'connection_type': '2.5d_emib', 'loc': '2.5d_chiplet'},{'from': 'Chiplet_1', 'to': 'Chiplet_6', 'connection_type': '2.5d_emib', 'loc': '2.5d_chiplet'},{'from': 'Chiplet_3', 'to': 'Chiplet_5', 'connection_type': '2.5d_emib', 'loc': '2.5d_chiplet'},{'from': 'Chiplet_3', 'to': 'Chiplet_6', 'connection_type': '2.5d_emib', 'loc': '2.5d_chiplet'},{'from': 'Chiplet_3', 'to': 'Chiplet_1', 'connection_type': '2.5d_emib', 'loc': '2.5d_chiplet'},{'from': 'Chiplet_6', 'to': 'Chiplet_3', 'connection_type': '2.5d_emib', 'loc': '2.5d_chiplet'},{'from': 'Chiplet_6', 'to': 'Chiplet_1', 'connection_type': '2.5d_emib', 'loc': '2.5d_chiplet'}",1,1,1,3,1,1,ddr4,ucie_adv,na,0,0,ws,0,0,0
13,39.20677789443911,4125409.88,193411.15682616772,624600073.7434646,11519.248366013071,20860.111614488575,13,1.131132696,2.51875,1536,96x96,7,6.726740457366197,12.973514847541198,4096,192x192,10,1.51595254,4.475,1024,128x128,7,14.117807839976791,15.979573171754398,6144,192x192,14,2.20879254,4.475,3072,128x128,7,2.927572174079395,3.8395579270749995,1024,96x96,14,2.5d,"{'from': 'Chiplet_4', 'to': 'Chiplet_2', 'connection_type': '2.5d_emib', 'loc': '2.5d_chiplet'},{'from': 'Chiplet_4', 'to': 'Chiplet_6', 'connection_type': '2.5d_emib', 'loc': '2.5d_chiplet'},{'from': 'Chiplet_4', 'to': 'Chiplet_1', 'connection_type': '2.5d_emib', 'loc': '2.5d_chiplet'},{'from': 'Chiplet_2', 'to': 'Chiplet_6', 'connection_type': '2.5d_emib', 'loc': '2.5d_chiplet'},{'from': 'Chiplet_2', 'to': 'Chiplet_4', 'connection_type': '2.5d_emib', 'loc': '2.5d_chiplet'},{'from': 'Chiplet_2', 'to': 'Chiplet_5', 'connection_type': '2.5d_emib', 'loc': '2.5d_chiplet'},{'from': 'Chiplet_6', 'to': 'Chiplet_4', 'connection_type': '2.5d_emib', 'loc': '2.5d_chiplet'},{'from': 'Chiplet_6', 'to': 'Chiplet_2', 'connection_type': '2.5d_emib', 'loc': '2.5d_chiplet'},{'from': 'Chiplet_6', 'to': 'Chiplet_5', 'connection_type': '2.5d_emib', 'loc': '2.5d_chiplet'},{'from': 'Chiplet_6', 'to': 'Chiplet_3', 'connection_type': '2.5d_emib', 'loc': '2.5d_chiplet'},{'from': 'Chiplet_6', 'to': 'Chiplet_1', 'connection_type': '2.5d_emib', 'loc': '2.5d_chiplet'},{'from': 'Chiplet_1', 'to': 'Chiplet_6', 'connection_type': '2.5d_emib', 'loc': '2.5d_chiplet'},{'from': 'Chiplet_1', 'to': 'Chiplet_4', 'connection_type': '2.5d_emib', 'loc': '2.5d_chiplet'},{'from': 'Chiplet_5', 'to': 'Chiplet_2', 'connection_type': '2.5d_emib', 'loc': '2.5d_chiplet'},{'from': 'Chiplet_5', 'to': 'Chiplet_3', 'connection_type': '2.5d_emib', 'loc': '2.5d_chiplet'},{'from': 'Chiplet_5', 'to': 'Chiplet_6', 'connection_type': '2.5d_emib', 'loc': '2.5d_chiplet'},{'from': 'Chiplet_3', 'to': 'Chiplet_5', 'connection_type': '2.5d_emib', 'loc': '2.5d_chiplet'},{'from': 'Chiplet_3', 'to': 'Chiplet_6', 'connection_type': '2.5d_emib', 'loc': '2.5d_chiplet'}",1,1,1,3,1,1,ddr4,bow,na,1,0,is,0,0,0
14,12.036761874928231,2676631.25,62489.21433933525,167174318.6308931,8106.21546961326,7248.8553272129475,14,1.304342696,2.51875,2048,96x96,7,1.7117881800824635,3.1172648505374996,1536,96x96,10,3.665749090547913,5.538366334949999,4096,128x128,10,3.432469952,10.4826,2048,192x192,7,0.957922696,2.51875,1024,96x96,7,2.597993382379395,3.8395579270749995,512,96x96,14,2.5d_3d,"{'from': 'Chiplet_3', 'to': 'Chiplet_6', 'connection_type': '3d_u_bump', 'loc': 'stack0_base'},{'from': 'Chiplet_6', 'to': 'Chiplet_2', 'connection_type': '3d_u_bump', 'loc': 'stack0_middle1'},{'from': 'Chiplet_2', 'to': 'na', 'connection_type': '3d_u_bump', 'loc': 'stack0_top'},{'from': 'Chiplet_3', 'to': 'Chiplet_5', 'connection_type': '2.5d_rdl', 'loc': '2.5d_chiplet'},{'from': 'Chiplet_3', 'to': 'Chiplet_4', 'connection_type': '2.5d_rdl', 'loc': '2.5d_chiplet'},{'from': 'Chiplet_5', 'to': 'Chiplet_3', 'connection_type': '2.5d_rdl', 'loc': '2.5d_chiplet'},{'from': 'Chiplet_5', 'to': 'Chiplet_1', 'connection_type': '2.5d_rdl', 'loc': '2.5d_chiplet'},{'from': 'Chiplet_4', 'to': 'Chiplet_3', 'connection_type': '2.5d_rdl', 'loc': '2.5d_chiplet'},{'from': 'Chiplet_4', 'to': 'Chiplet_1', 'connection_type': '2.5d_rdl', 'loc': '2.5d_chiplet'},{'from': 'Chiplet_1', 'to': 'Chiplet_5', 'connection_type': '2.5d_rdl', 'loc': '2.5d_chiplet'},{'from': 'Chiplet_1', 'to': 'Chiplet_4', 'connection_type': '2.5d_rdl', 'loc': '2.5d_chiplet'}",2,2,4,4,1,3,hbm2,ucie_std,ucie_3d,0,0,os,0,0,0
15,23.327233742555993,3096959.81,167487.39371366304,156141561.57591292,12406.380096477897,9387.757973365671,15,1.131132696,2.51875,1536,96x96,7,0.784712696,2.51875,512,96x96,7,1.3653681800824635,3.1172648505374996,512,96x96,10,1.8849981800824636,3.1172648505374996,2048,96x96,10,6.975099908490179,6.821646341899999,4096,128x128,14,4.1253109519999995,10.4826,4096,192x192,7,2.5d,"{'from': 'Chiplet_5', 'to': 'Chiplet_4', 'connection_type': '2.5d_emib', 'loc': '2.5d_chiplet'},{'from': 'Chiplet_5', 'to': 'Chiplet_6', 'connection_type': '2.5d_emib', 'loc': '2.5d_chiplet'},{'from': 'Chiplet_5', 'to': 'Chiplet_1', 'connection_type': '2.5d_emib', 'loc': '2.5d_chiplet'},{'from': 'Chiplet_1', 'to': 'Chiplet_5', 'connection_type': '2.5d_emib', 'loc': '2.5d_chiplet'},{'from': 'Chiplet_1', 'to': 'Chiplet_4', 'connection_type': '2.5d_emib', 'loc': '2.5d_chiplet'},{'from': 'Chiplet_6', 'to': 'Chiplet_5', 'connection_type': '2.5d_emib', 'loc': '2.5d_chiplet'},{'from': 'Chiplet_6', 'to': 'Chiplet_4', 'connection_type': '2.5d_emib', 'loc': '2.5d_chiplet'},{'from': 'Chiplet_6', 'to': 'Chiplet_3', 'connection_type': '2.5d_emib', 'loc': '2.5d_chiplet'},{'from': 'Chiplet_4', 'to': 'Chiplet_2', 'connection_type': '2.5d_emib', 'loc': '2.5d_chiplet'},{'from': 'Chiplet_4', 'to': 'Chiplet_5', 'connection_type': '2.5d_emib', 'loc': '2.5d_chiplet'},{'from': 'Chiplet_4', 'to': 'Chiplet_6', 'connection_type': '2.5d_emib', 'loc': '2.5d_chiplet'},{'from': 'Chiplet_4', 'to': 'Chiplet_3', 'connection_type': '2.5d_emib', 'loc': '2.5d_chiplet'},{'from': 'Chiplet_4', 'to': 'Chiplet_1', 'connection_type': '2.5d_emib', 'loc': '2.5d_chiplet'},{'from': 'Chiplet_3', 'to': 'Chiplet_2', 'connection_type': '2.5d_emib', 'loc': '2.5d_chiplet'},{'from': 'Chiplet_3', 'to': 'Chiplet_6', 'connection_type': '2.5d_emib', 'loc': '2.5d_chiplet'},{'from': 'Chiplet_3', 'to': 'Chiplet_4', 'connection_type': '2.5d_emib', 'loc': '2.5d_chiplet'},{'from': 'Chiplet_2', 'to': 'Chiplet_3', 'connection_type': '2.5d_emib', 'loc': '2.5d_chiplet'},{'from': 'Chiplet_2', 'to': 'Chiplet_4', 'connection_type': '2.5d_emib', 'loc': '2.5d_chiplet'}",1,1,1,2,7,4,hbm3,aib,na,0,0,is,0,0,0
16,8.396005731991593,1202079.17,30114.268877799608,224683578.90878367,19620.0,8245.259517779796,16,0.829831759447044,1.3845915837374998,768,64x64,10,0.743226759447044,1.3845915837374998,512,64x64,10,0.743226759447044,1.3845915837374998,512,64x64,10,1.4141952089375351,1.7054115854749998,512,64x64,14,2.927572174079395,3.8395579270749995,1024,96x96,14,1.578984604787535,1.7054115854749998,768,64x64,14,2.5d_3d,"{'from': 'Chiplet_1', 'to': 'Chiplet_2', 'connection_type': '3d_u_bump', 'loc': 'stack0_base'},{'from': 'Chiplet_2', 'to': 'Chiplet_3', 'connection_type': '3d_u_bump', 'loc': 'stack0_middle1'},{'from': 'Chiplet_3', 'to': 'na', 'connection_type': '3d_u_bump', 'loc': 'stack0_top'},{'from': 'Chiplet_5', 'to': 'Chiplet_4', 'connection_type': '2.5d_rdl', 'loc': '2.5d_chiplet'},{'from': 'Chiplet_5', 'to': 'Chiplet_6', 'connection_type': '2.5d_rdl', 'loc': '2.5d_chiplet'},{'from': 'Chiplet_5', 'to': 'Chiplet_1', 'connection_type': '2.5d_rdl', 'loc': '2.5d_chiplet'},{'from': 'Chiplet_1', 'to': 'Chiplet_5', 'connection_type': '2.5d_rdl', 'loc': '2.5d_chiplet'},{'from': 'Chiplet_1', 'to': 'Chiplet_4', 'connection_type': '2.5d_rdl', 'loc': '2.5d_chiplet'},{'from': 'Chiplet_6', 'to': 'Chiplet_5', 'connection_type': '2.5d_rdl', 'loc': '2.5d_chiplet'},{'from': 'Chiplet_6', 'to': 'Chiplet_4', 'connection_type': '2.5d_rdl', 'loc': '2.5d_chiplet'},{'from': 'Chiplet_4', 'to': 'Chiplet_5', 'connection_type': '2.5d_rdl', 'loc': '2.5d_chiplet'},{'from': 'Chiplet_4', 'to': 'Chiplet_6', 'connection_type': '2.5d_rdl', 'loc': '2.5d_chiplet'},{'from': 'Chiplet_4', 'to': 'Chiplet_1', 'connection_type': '2.5d_rdl', 'loc': '2.5d_chiplet'}",2,1,1,3,6,3,hbm2,ucie_std,ucie_3d,0,0,os,0,0,0
17,28.07824647664256,2715439.14,75810.6813116406,431452350.4620387,13657.049714751427,15883.866255324336,17,3.5867297574793953,3.8395579270749995,2048,96x96,14,0.829831759447044,1.3845915837374998,768,64x64,10,1.131132696,2.51875,1536,96x96,7,11.481175603606792,15.979573171754398,2048,192x192,14,0.638803,1.11875,1024,64x64,7,5.656782838920179,6.821646341899999,2048,128x128,14,2.5d,"{'from': 'Chiplet_4', 'to': 'Chiplet_6', 'connection_type': '2.5d_rdl', 'loc': '2.5d_chiplet'},{'from': 'Chiplet_4', 'to': 'Chiplet_1', 'connection_type': '2.5d_rdl', 'loc': '2.5d_chiplet'},{'from': 'Chiplet_6', 'to': 'Chiplet_3', 'connection_type': '2.5d_rdl', 'loc': '2.5d_chiplet'},{'from': 'Chiplet_6', 'to': 'Chiplet_4', 'connection_type': '2.5d_rdl', 'loc': '2.5d_chiplet'},{'from': 'Chiplet_6', 'to': 'Chiplet_1', 'connection_type': '2.5d_rdl', 'loc': '2.5d_chiplet'},{'from': 'Chiplet_1', 'to': 'Chiplet_2', 'connection_type': '2.5d_rdl', 'loc': '2.5d_chiplet'},{'from': 'Chiplet_1', 'to': 'Chiplet_3', 'connection_type': '2.5d_rdl', 'loc': '2.5d_chiplet'},{'from': 'Chiplet_1', 'to': 'Chiplet_4', 'connection_type': '2.5d_rdl', 'loc': '2.5d_chiplet'},{'from': 'Chiplet_1', 'to': 'Chiplet_6', 'connection_type': '2.5d_rdl', 'loc': '2.5d_chiplet'},{'from': 'Chiplet_3', 'to': 'Chiplet_2', 'connection_type': '2.5d_rdl', 'loc': '2.5d_chiplet'},{'from': 'Chiplet_3', 'to': 'Chiplet_5', 'connection_type': '2.5d_rdl', 'loc': '2.5d_chiplet'},{'from': 'Chiplet_3', 'to': 'Chiplet_6', 'connection_type': '2.5d_rdl', 'loc': '2.5d_chiplet'},{'from': 'Chiplet_3', 'to': 'Chiplet_1', 'connection_type': '2.5d_rdl', 'loc': '2.5d_chiplet'},{'from': 'Chiplet_2', 'to': 'Chiplet_5', 'connection_type': '2.5d_rdl', 'loc': '2.5d_chiplet'},{'from': 'Chiplet_2', 'to': 'Chiplet_1', 'connection_type': '2.5d_rdl', 'loc': '2.5d_chiplet'},{'from': 'Chiplet_2', 'to': 'Chiplet_3', 'connection_type': '2.5d_rdl', 'loc': '2.5d_chiplet'},{'from': 'Chiplet_5', 'to': 'Chiplet_2', 'connection_type': '2.5d_rdl', 'loc': '2.5d_chiplet'},{'from': 'Chiplet_5', 'to': 'Chiplet_3', 'connection_type': '2.5d_rdl', 'loc': '2.5d_chiplet'}",1,1,1,3,1,1,ddr5,ucie_std,na,0,0,ws,0,0,0
18,20.692818772190773,1941140.64,150361.41008806592,337498226.98721385,41557.01519002495,20940.72869097905,18,1.86237254,4.475,2048,128x128,7,0.916436759447044,1.3845915837374998,1024,64x64,10,5.656782838920179,6.821646341899999,2048,128x128,14,0.916436759447044,1.3845915837374998,1024,64x64,10,0.743226759447044,1.3845915837374998,512,64x64,10,3.5867297574793953,3.8395579270749995,2048,96x96,14,2.5d,"{'from': 'Chiplet_3', 'to': 'Chiplet_4', 'connection_type': '2.5d_emib', 'loc': '2.5d_chiplet'},{'from': 'Chiplet_3', 'to': 'Chiplet_6', 'connection_type': '2.5d_emib', 'loc': '2.5d_chiplet'},{'from': 'Chiplet_3', 'to': 'Chiplet_1', 'connection_type': '2.5d_emib', 'loc': '2.5d_chiplet'},{'from': 'Chiplet_4', 'to': 'Chiplet_3', 'connection_type': '2.5d_emib', 'loc': '2.5d_chiplet'},{'from': 'Chiplet_4', 'to': 'Chiplet_1', 'connection_type': '2.5d_emib', 'loc': '2.5d_chiplet'},{'from': 'Chiplet_6', 'to': 'Chiplet_2', 'connection_type': '2.5d_emib', 'loc': '2.5d_chiplet'},{'from': 'Chiplet_6', 'to': 'Chiplet_3', 'connection_type': '2.5d_emib', 'loc': '2.5d_chiplet'},{'from': 'Chiplet_6', 'to': 'Chiplet_1', 'connection_type': '2.5d_emib', 'loc': '2.5d_chiplet'},{'from': 'Chiplet_1', 'to': 'Chiplet_4', 'connection_type': '2.5d_emib', 'loc': '2.5d_chiplet'},{'from': 'Chiplet_1', 'to': 'Chiplet_2', 'connection_type': '2.5d_emib', 'loc': '2.5d_chiplet'},{'from': 'Chiplet_1', 'to': 'Chiplet_5', 'connection_type': '2.5d_emib', 'loc': '2.5d_chiplet'},{'from': 'Chiplet_1', 'to': 'Chiplet_6', 'connection_type': '2.5d_emib', 'loc': '2.5d_chiplet'},{'from': 'Chiplet_1', 'to': 'Chiplet_3', 'connection_type': '2.5d_emib', 'loc': '2.5d_chiplet'},{'from': 'Chiplet_2', 'to': 'Chiplet_5', 'connection_type': '2.5d_emib', 'loc': '2.5d_chiplet'},{'from': 'Chiplet_2', 'to': 'Chiplet_6', 'connection_type': '2.5d_emib', 'loc': '2.5d_chiplet'},{'from': 'Chiplet_2', 'to': 'Chiplet_1', 'connection_type': '2.5d_emib', 'loc': '2.5d_chiplet'},{'from': 'Chiplet_5', 'to': 'Chiplet_2', 'connection_type': '2.5d_emib', 'loc': '2.5d_chiplet'},{'from': 'Chiplet_5', 'to': 'Chiplet_1', 'connection_type': '2.5d_emib', 'loc': '2.5d_chiplet'}",1,1,3,1,1,1,ddr5,bow,na,1,0,ws,1,0,0
19,50.34880513702862,5351240.59,112129.26475882171,191845985.86960918,63020.60931158541,58076.86052854809,19,0.829831759447044,1.3845915837374998,768,64x64,10,6.315940422320179,6.821646341899999,3072,128x128,14,15.436124909546791,15.979573171754398,8192,192x192,14,1.8849981800824636,3.1172648505374996,2048,96x96,10,6.315940422320179,6.821646341899999,3072,128x128,14,6.033899457366197,12.973514847541198,2048,192x192,10,2.5d,"{'from': 'Chiplet_3', 'to': 'Chiplet_2', 'connection_type': '2.5d_rdl', 'loc': '2.5d_chiplet'},{'from': 'Chiplet_3', 'to': 'Chiplet_4', 'connection_type': '2.5d_rdl', 'loc': '2.5d_chiplet'},{'from': 'Chiplet_3', 'to': 'Chiplet_1', 'connection_type': '2.5d_rdl', 'loc': '2.5d_chiplet'},{'from': 'Chiplet_4', 'to': 'Chiplet_3', 'connection_type': '2.5d_rdl', 'loc': '2.5d_chiplet'},{'from': 'Chiplet_4', 'to': 'Chiplet_1', 'connection_type': '2.5d_rdl', 'loc': '2.5d_chiplet'},{'from': 'Chiplet_1', 'to': 'Chiplet_5', 'connection_type': '2.5d_rdl', 'loc': '2.5d_chiplet'},{'from': 'Chiplet_1', 'to': 'Chiplet_4', 'connection_type': '2.5d_rdl', 'loc': '2.5d_chiplet'},{'from': 'Chiplet_1', 'to': 'Chiplet_3', 'connection_type': '2.5d_rdl', 'loc': '2.5d_chiplet'},{'from': 'Chiplet_2', 'to': 'Chiplet_3', 'connection_type': '2.5d_rdl', 'loc': '2.5d_chiplet'},{'from': 'Chiplet_2', 'to': 'Chiplet_6', 'connection_type': '2.5d_rdl', 'loc': '2.5d_chiplet'},{'from': 'Chiplet_2', 'to': 'Chiplet_5', 'connection_type': '2.5d_rdl', 'loc': '2.5d_chiplet'},{'from': 'Chiplet_6', 'to': 'Chiplet_2', 'connection_type': '2.5d_rdl', 'loc': '2.5d_chiplet'},{'from': 'Chiplet_6', 'to': 'Chiplet_5', 'connection_type': '2.5d_rdl', 'loc': '2.5d_chiplet'},{'from': 'Chiplet_5', 'to': 'Chiplet_2', 'connection_type': '2.5d_rdl', 'loc': '2.5d_chiplet'},{'from': 'Chiplet_5', 'to': 'Chiplet_6', 'connection_type': '2.5d_rdl', 'loc': '2.5d_chiplet'},{'from': 'Chiplet_5', 'to': 'Chiplet_1', 'connection_type': '2.5d_rdl', 'loc': '2.5d_chiplet'}",1,3,6,1,3,2,hbm2,ucie_std,na,0,0,is,1,0,0
20,27.20128295188499,2552536.42,64702.23214968249,579003614.1731372,10676.576576576575,16589.781474254058,20,1.5385781800824634,3.1172648505374996,1024,96x96,10,1.7117881800824635,3.1172648505374996,1536,96x96,10,1.3653681800824635,3.1172648505374996,512,96x96,10,6.033899457366197,12.973514847541198,2048,192x192,10,0.552198,1.11875,768,64x64,7,6.975099908490179,6.821646341899999,4096,128x128,14,2.5d,"{'from': 'Chiplet_6', 'to': 'Chiplet_2', 'connection_type': '2.5d_rdl', 'loc': '2.5d_chiplet'},{'from': 'Chiplet_6', 'to': 'Chiplet_5', 'connection_type': '2.5d_rdl', 'loc': '2.5d_chiplet'},{'from': 'Chiplet_6', 'to': 'Chiplet_4', 'connection_type': '2.5d_rdl', 'loc': '2.5d_chiplet'},{'from': 'Chiplet_6', 'to': 'Chiplet_1', 'connection_type': '2.5d_rdl', 'loc': '2.5d_chiplet'},{'from': 'Chiplet_1', 'to': 'Chiplet_5', 'connection_type': '2.5d_rdl', 'loc': '2.5d_chiplet'},{'from': 'Chiplet_1', 'to': 'Chiplet_6', 'connection_type': '2.5d_rdl', 'loc': '2.5d_chiplet'},{'from': 'Chiplet_5', 'to': 'Chiplet_6', 'connection_type': '2.5d_rdl', 'loc': '2.5d_chiplet'},{'from': 'Chiplet_5', 'to': 'Chiplet_1', 'connection_type': '2.5d_rdl', 'loc': '2.5d_chiplet'},{'from': 'Chiplet_4', 'to': 'Chiplet_2', 'connection_type': '2.5d_rdl', 'loc': '2.5d_chiplet'},{'from': 'Chiplet_4', 'to': 'Chiplet_3', 'connection_type': '2.5d_rdl', 'loc': '2.5d_chiplet'},{'from': 'Chiplet_4', 'to': 'Chiplet_6', 'connection_type': '2.5d_rdl', 'loc': '2.5d_chiplet'},{'from': 'Chiplet_2', 'to': 'Chiplet_3', 'connection_type': '2.5d_rdl', 'loc': '2.5d_chiplet'},{'from': 'Chiplet_2', 'to': 'Chiplet_6', 'connection_type': '2.5d_rdl', 'loc': '2.5d_chiplet'},{'from': 'Chiplet_2', 'to': 'Chiplet_4', 'connection_type': '2.5d_rdl', 'loc': '2.5d_chiplet'},{'from': 'Chiplet_3', 'to': 'Chiplet_2', 'connection_type': '2.5d_rdl', 'loc': '2.5d_chiplet'},{'from': 'Chiplet_3', 'to': 'Chiplet_4', 'connection_type': '2.5d_rdl', 'loc': '2.5d_chiplet'}",1,1,1,2,1,2,ddr4,ucie_std,na,0,0,os,0,0,0
21,20.90933985466035,2214044.76,50381.60771071782,192704333.80749726,19445.0,10789.486391719855,21,0.656621759447044,1.3845915837374998,256,64x64,10,1.578984604787535,1.7054115854749998,768,64x64,14,6.315940422320179,6.821646341899999,3072,128x128,14,1.7117881800824635,3.1172648505374996,1536,96x96,10,3.3193280905479132,5.538366334949999,3072,128x128,10,1.249405813087535,1.7054115854749998,256,64x64,14,2.5d,"{'from': 'Chiplet_3', 'to': 'Chiplet_5', 'connection_type': '2.5d_rdl', 'loc': '2.5d_chiplet'},{'from': 'Chiplet_3', 'to': 'Chiplet_4', 'connection_type': '2.5d_rdl', 'loc': '2.5d_chiplet'},{'from': 'Chiplet_3', 'to': 'Chiplet_6', 'connection_type': '2.5d_rdl', 'loc': '2.5d_chiplet'},{'from': 'Chiplet_6', 'to': 'Chiplet_3', 'connection_type': '2.5d_rdl', 'loc': '2.5d_chiplet'},{'from': 'Chiplet_6', 'to': 'Chiplet_4', 'connection_type': '2.5d_rdl', 'loc': '2.5d_chiplet'},{'from': 'Chiplet_5', 'to': 'Chiplet_2', 'connection_type': '2.5d_rdl', 'loc': '2.5d_chiplet'},{'from': 'Chiplet_5', 'to': 'Chiplet_3', 'connection_type': '2.5d_rdl', 'loc': '2.5d_chiplet'},{'from': 'Chiplet_5', 'to': 'Chiplet_4', 'connection_type': '2.5d_rdl', 'loc': '2.5d_chiplet'},{'from': 'Chiplet_4', 'to': 'Chiplet_2', 'connection_type': '2.5d_rdl', 'loc': '2.5d_chiplet'},{'from': 'Chiplet_4', 'to': 'Chiplet_5', 'connection_type': '2.5d_rdl', 'loc': '2.5d_chiplet'},{'from': 'Chiplet_4', 'to': 'Chiplet_6', 'connection_type': '2.5d_rdl', 'loc': '2.5d_chiplet'},{'from': 'Chiplet_4', 'to': 'Chiplet_3', 'connection_type': '2.5d_rdl', 'loc': '2.5d_chiplet'},{'from': 'Chiplet_4', 'to': 'Chiplet_1', 'connection_type': '2.5d_rdl', 'loc': '2.5d_chiplet'},{'from': 'Chiplet_2', 'to': 'Chiplet_5', 'connection_type': '2.5d_rdl', 'loc': '2.5d_chiplet'},{'from': 'Chiplet_2', 'to': 'Chiplet_4', 'connection_type': '2.5d_rdl', 'loc': '2.5d_chiplet'},{'from': 'Chiplet_2', 'to': 'Chiplet_1', 'connection_type': '2.5d_rdl', 'loc': '2.5d_chiplet'},{'from': 'Chiplet_1', 'to': 'Chiplet_2', 'connection_type': '2.5d_rdl', 'loc': '2.5d_chiplet'},{'from': 'Chiplet_1', 'to': 'Chiplet_4', 'connection_type': '2.5d_rdl', 'loc': '2.5d_chiplet'}",1,2,7,2,3,1,hbm2,ucie_std,na,0,0,is,0,0,0
22,12.523028375133107,1576681.76,42296.517234652114,492805142.9689123,13412.189542483658,13748.246715216404,22,1.4141952089375351,1.7054115854749998,512,64x64,14,0.552198,1.11875,768,64x64,7,1.3653681800824635,3.1172648505374996,512,96x96,10,4.9976252555201786,6.821646341899999,1024,128x128,14,1.8849981800824636,3.1172648505374996,2048,96x96,10,1.7117881800824635,3.1172648505374996,1536,96x96,10,2.5d_3d,"{'from': 'Chiplet_4', 'to': 'Chiplet_5', 'connection_type': '3d_tsv', 'loc': 'stack0_base'},{'from': 'Chiplet_5', 'to': 'na', 'connection_type': '3d_tsv', 'loc': 'stack0_top'},{'from': 'Chiplet_4', 'to': 'Chiplet_6', 'connection_type': '2.5d_rdl', 'loc': '2.5d_chiplet'},{'from': 'Chiplet_4', 'to': 'Chiplet_1', 'connection_type': '2.5d_rdl', 'loc': '2.5d_chiplet'},{'from': 'Chiplet_6', 'to': 'Chiplet_2', 'connection_type': '2.5d_rdl', 'loc': '2.5d_chiplet'},{'from': 'Chiplet_6', 'to': 'Chiplet_4', 'connection_type': '2.5d_rdl', 'loc': '2.5d_chiplet'},{'from': 'Chiplet_6', 'to': 'Chiplet_1', 'connection_type': '2.5d_rdl', 'loc': '2.5d_chiplet'},{'from': 'Chiplet_2', 'to': 'Chiplet_3', 'connection_type': '2.5d_rdl', 'loc': '2.5d_chiplet'},{'from': 'Chiplet_2', 'to': 'Chiplet_6', 'connection_type': '2.5d_rdl', 'loc': '2.5d_chiplet'},{'from': 'Chiplet_1', 'to': 'Chiplet_3', 'connection_type': '2.5d_rdl', 'loc': '2.5d_chiplet'},{'from': 'Chiplet_1', 'to': 'Chiplet_4', 'connection_type': '2.5d_rdl', 'loc': '2.5d_chiplet'},{'from': 'Chiplet_1', 'to': 'Chiplet_6', 'connection_type': '2.5d_rdl', 'loc': '2.5d_chiplet'},{'from': 'Chiplet_3', 'to': 'Chiplet_2', 'connection_type': '2.5d_rdl', 'loc': '2.5d_chiplet'},{'from': 'Chiplet_3', 'to': 'Chiplet_1', 'connection_type': '2.5d_rdl', 'loc': '2.5d_chiplet'}",1,1,1,3,1,1,ddr5,ucie_std,ucie_3d,1,0,ws,0,0,0
23,12.559798400882347,2208859.61,52552.303020986685,135328777.31890786,18518.594771241827,10331.427698033565,23,0.743226759447044,1.3845915837374998,512,64x64,10,2.20879254,4.475,3072,128x128,7,1.249405813087535,1.7054115854749998,256,64x64,14,1.3653681800824635,3.1172648505374996,512,96x96,10,4.9976252555201786,6.821646341899999,1024,128x128,14,2.6264880905479133,5.538366334949999,1024,128x128,10,2.5d_3d,"{'from': 'Chiplet_6', 'to': 'Chiplet_2', 'connection_type': '3d_u_bump', 'loc': 'stack0_base'},{'from': 'Chiplet_2', 'to': 'Chiplet_4', 'connection_type': '3d_u_bump', 'loc': 'stack0_middle1'},{'from': 'Chiplet_4', 'to': 'na', 'connection_type': '3d_u_bump', 'loc': 'stack0_top'},{'from': 'Chiplet_5', 'to': 'Chiplet_3', 'connection_type': '2.5d_rdl', 'loc': '2.5d_chiplet'},{'from': 'Chiplet_5', 'to': 'Chiplet_6', 'connection_type': '2.5d_rdl', 'loc': '2.5d_chiplet'},{'from': 'Chiplet_6', 'to': 'Chiplet_5', 'connection_type': '2.5d_rdl', 'loc': '2.5d_chiplet'},{'from': 'Chiplet_6', 'to': 'Chiplet_1', 'connection_type': '2.5d_rdl', 'loc': '2.5d_chiplet'},{'from': 'Chiplet_6', 'to': 'Chiplet_3', 'connection_type': '2.5d_rdl', 'loc': '2.5d_chiplet'},{'from': 'Chiplet_3', 'to': 'Chiplet_5', 'connection_type': '2.5d_rdl', 'loc': '2.5d_chiplet'},{'from': 'Chiplet_3', 'to': 'Chiplet_6', 'connection_type': '2.5d_rdl', 'loc': '2.5d_chiplet'},{'from': 'Chiplet_3', 'to': 'Chiplet_1', 'connection_type': '2.5d_rdl', 'loc': '2.5d_chiplet'},{'from': 'Chiplet_1', 'to': 'Chiplet_3', 'connection_type': '2.5d_rdl', 'loc': '2.5d_chiplet'},{'from': 'Chiplet_1', 'to': 'Chiplet_6', 'connection_type': '2.5d_rdl', 'loc': '2.5d_chiplet'}",1,3,1,2,6,3,hbm3,ucie_std,ucie_3d,0,0,is,0,0,0
24,32.1665239055427,3538993.94,72511.8231496049,146976878.30132797,21419.558153295588,16072.5531518183,24,5.656782838920179,6.821646341899999,2048,128x128,14,3.665749090547913,5.538366334949999,4096,128x128,10,3.3193280905479132,5.538366334949999,3072,128x128,10,1.249405813087535,1.7054115854749998,256,64x64,14,0.656621759447044,1.3845915837374998,256,64x64,10,6.726740457366197,12.973514847541198,4096,192x192,10,2.5d,"{'from': 'Chiplet_6', 'to': 'Chiplet_2', 'connection_type': '2.5d_rdl', 'loc': '2.5d_chiplet'},{'from': 'Chiplet_6', 'to': 'Chiplet_3', 'connection_type': '2.5d_rdl', 'loc': '2.5d_chiplet'},{'from': 'Chiplet_6', 'to': 'Chiplet_5', 'connection_type': '2.5d_rdl', 'loc': '2.5d_chiplet'},{'from': 'Chiplet_6', 'to': 'Chiplet_1', 'connection_type': '2.5d_rdl', 'loc': '2.5d_chiplet'},{'from': 'Chiplet_3', 'to': 'Chiplet_5', 'connection_type': '2.5d_rdl', 'loc': '2.5d_chiplet'},{'from': 'Chiplet_3', 'to': 'Chiplet_6', 'connection_type': '2.5d_rdl', 'loc': '2.5d_chiplet'},{'from': 'Chiplet_5', 'to': 'Chiplet_3', 'connection_type': '2.5d_rdl', 'loc': '2.5d_chiplet'},{'from': 'Chiplet_5', 'to': 'Chiplet_6', 'connection_type': '2.5d_rdl', 'loc': '2.5d_chiplet'},{'from': 'Chiplet_1', 'to': 'Chiplet_2', 'connection_type': '2.5d_rdl', 'loc': '2.5d_chiplet'},{'from': 'Chiplet_1', 'to': 'Chiplet_4', 'connection_type': '2.5d_rdl', 'loc': '2.5d_chiplet'},{'from': 'Chiplet_1', 'to': 'Chiplet_6', 'connection_type': '2.5d_rdl', 'loc': '2.5d_chiplet'},{'from': 'Chiplet_2', 'to': 'Chiplet_4', 'connection_type': '2.5d_rdl', 'loc': '2.5d_chiplet'},{'from': 'Chiplet_2', 'to': 'Chiplet_6', 'connection_type': '2.5d_rdl', 'loc': '2.5d_chiplet'},{'from': 'Chiplet_2', 'to': 'Chiplet_1', 'connection_type': '2.5d_rdl', 'loc': '2.5d_chiplet'},{'from': 'Chiplet_4', 'to': 'Chiplet_2', 'connection_type': '2.5d_rdl', 'loc': '2.5d_chiplet'},{'from': 'Chiplet_4', 'to': 'Chiplet_1', 'connection_type': '2.5d_rdl', 'loc': '2.5d_chiplet'}",4,3,2,1,1,5,hbm3,ucie_std,na,0,0,os,1,0,0
25,18.6871975218068,4126265.3,108564.43598654597,620701036.6574156,6226.170287934994,16723.492509587762,25,4.1253109519999995,10.4826,4096,192x192,7,2.927572174079395,3.8395579270749995,1024,96x96,14,3.432469952,10.4826,2048,192x192,7,3.665749090547913,5.538366334949999,4096,128x128,10,3.665749090547913,5.538366334949999,4096,128x128,10,5.5109919519999995,10.4826,8192,192x192,7,2.5d_3d,"{'from': 'Chiplet_5', 'to': 'Chiplet_4', 'connection_type': '3d_u_bump', 'loc': 'stack0_base'},{'from': 'Chiplet_4', 'to': 'Chiplet_3', 'connection_type': '3d_u_bump', 'loc': 'stack0_middle1'},{'from': 'Chiplet_3', 'to': 'na', 'connection_type': '3d_u_bump', 'loc': 'stack0_top'},{'from': 'Chiplet_6', 'to': 'Chiplet_2', 'connection_type': '2.5d_rdl', 'loc': '2.5d_chiplet'},{'from': 'Chiplet_6', 'to': 'Chiplet_5', 'connection_type': '2.5d_rdl', 'loc': '2.5d_chiplet'},{'from': 'Chiplet_6', 'to': 'Chiplet_1', 'connection_type': '2.5d_rdl', 'loc': '2.5d_chiplet'},{'from': 'Chiplet_2', 'to': 'Chiplet_5', 'connection_type': '2.5d_rdl', 'loc': '2.5d_chiplet'},{'from': 'Chiplet_2', 'to': 'Chiplet_6', 'connection_type': '2.5d_rdl', 'loc': '2.5d_chiplet'},{'from': 'Chiplet_1', 'to': 'Chiplet_5', 'connection_type': '2.5d_rdl', 'loc': '2.5d_chiplet'},{'from': 'Chiplet_1', 'to': 'Chiplet_6', 'connection_type': '2.5d_rdl', 'loc': '2.5d_chiplet'},{'from': 'Chiplet_5', 'to': 'Chiplet_2', 'connection_type': '2.5d_rdl', 'loc': '2.5d_chiplet'},{'from': 'Chiplet_5', 'to': 'Chiplet_6', 'connection_type': '2.5d_rdl', 'loc': '2.5d_chiplet'},{'from': 'Chiplet_5', 'to': 'Chiplet_1', 'connection_type': '2.5d_rdl', 'loc': '2.5d_chiplet'}",2,1,1,1,1,2,ddr4,ucie_std,ucie_3d,0,0,os,0,0,0
26,26.835585360399048,3894019.84,78068.23509397822,144195565.78918436,53815.749821066165,34410.04826634267,26,0.638803,1.11875,1024,64x64,7,11.481175603606792,15.979573171754398,2048,192x192,14,1.249405813087535,1.7054115854749998,256,64x64,14,0.638803,1.11875,1024,64x64,7,4.818150952,10.4826,6144,192x192,7,1.4141952089375351,1.7054115854749998,512,64x64,14,2.5d_3d,"{'from': 'Chiplet_3', 'to': 'Chiplet_1', 'connection_type': '3d_hyb_bond', 'loc': 'stack0_base'},{'from': 'Chiplet_1', 'to': 'Chiplet_4', 'connection_type': '3d_hyb_bond', 'loc': 'stack0_middle1'},{'from': 'Chiplet_4', 'to': 'na', 'connection_type': '3d_hyb_bond', 'loc': 'stack0_top'},{'from': 'Chiplet_2', 'to': 'Chiplet_5', 'connection_type': '2.5d_rdl', 'loc': '2.5d_chiplet'},{'from': 'Chiplet_2', 'to': 'Chiplet_6', 'connection_type': '2.5d_rdl', 'loc': '2.5d_chiplet'},{'from': 'Chiplet_5', 'to': 'Chiplet_2', 'connection_type': '2.5d_rdl', 'loc': '2.5d_chiplet'},{'from': 'Chiplet_5', 'to': 'Chiplet_3', 'connection_type': '2.5d_rdl', 'loc': '2.5d_chiplet'},{'from': 'Chiplet_5', 'to': 'Chiplet_6', 'connection_type': '2.5d_rdl', 'loc': '2.5d_chiplet'},{'from': 'Chiplet_6', 'to': 'Chiplet_2', 'connection_type': '2.5d_rdl', 'loc': '2.5d_chiplet'},{'from': 'Chiplet_6', 'to': 'Chiplet_3', 'connection_type': '2.5d_rdl', 'loc': '2.5d_chiplet'},{'from': 'Chiplet_6', 'to': 'Chiplet_5', 'connection_type': '2.5d_rdl', 'loc': '2.5d_chiplet'},{'from': 'Chiplet_3', 'to': 'Chiplet_5', 'connection_type': '2.5d_rdl', 'loc': '2.5d_chiplet'},{'from': 'Chiplet_3', 'to': 'Chiplet_6', 'connection_type': '2.5d_rdl', 'loc': '2.5d_chiplet'}",1,9,1,1,3,1,hbm3,ucie_std,ucie_3d,1,0,ws,1,0,0
27,14.24959210879187,1640256.52,140959.1548215281,142537698.20204538,10065.261437908497,5147.122844009546,27,0.916436759447044,1.3845915837374998,1024,64x64,10,0.46559300000000003,1.11875,512,64x64,7,3.665749090547913,5.538366334949999,4096,128x128,10,1.131132696,2.51875,1536,96x96,7,1.4141952089375351,1.7054115854749998,512,64x64,14,0.656621759447044,1.3845915837374998,256,64x64,10,2.5d,"{'from': 'Chiplet_3', 'to': 'Chiplet_2', 'connection_type': '2.5d_emib', 'loc': '2.5d_chiplet'},{'from': 'Chiplet_3', 'to': 'Chiplet_5', 'connection_type': '2.5d_emib', 'loc': '2.5d_chiplet'},{'from': 'Chiplet_2', 'to': 'Chiplet_5', 'connection_type': '2.5d_emib', 'loc': '2.5d_chiplet'},{'from': 'Chiplet_2', 'to': 'Chiplet_4', 'connection_type': '2.5d_emib', 'loc': '2.5d_chiplet'},{'from': 'Chiplet_2', 'to': 'Chiplet_3', 'connection_type': '2.5d_emib', 'loc': '2.5d_chiplet'},{'from': 'Chiplet_5', 'to': 'Chiplet_2', 'connection_type': '2.5d_emib', 'loc': '2.5d_chiplet'},{'from': 'Chiplet_5', 'to': 'Chiplet_3', 'connection_type': '2.5d_emib', 'loc': '2.5d_chiplet'},{'from': 'Chiplet_5', 'to': 'Chiplet_6', 'connection_type': '2.5d_emib', 'loc': '2.5d_chiplet'},{'from': 'Chiplet_5', 'to': 'Chiplet_4', 'connection_type': '2.5d_emib', 'loc': '2.5d_chiplet'},{'from': 'Chiplet_6', 'to': 'Chiplet_5', 'connection_type': '2.5d_emib', 'loc': '2.5d_chiplet'},{'from': 'Chiplet_6', 'to': 'Chiplet_1', 'connection_type': '2.5d_emib', 'loc': '2.5d_chiplet'},{'from': 'Chiplet_4', 'to': 'Chiplet_2', 'connection_type': '2.5d_emib', 'loc': '2.5d_chiplet'},{'from': 'Chiplet_4', 'to': 'Chiplet_5', 'connection_type': '2.5d_emib', 'loc': '2.5d_chiplet'},{'from': 'Chiplet_4', 'to': 'Chiplet_1', 'connection_type': '2.5d_emib', 'loc': '2.5d_chiplet'},{'from': 'Chiplet_1', 'to': 'Chiplet_6', 'connection_type': '2.5d_emib', 'loc': '2.5d_chiplet'},{'from': 'Chiplet_1', 'to': 'Chiplet_4', 'connection_type': '2.5d_emib', 'loc': '2.5d_chiplet'}",2,1,7,2,3,1,hbm3,aib,na,0,0,os,0,0,0
28,18.07696497226453,3034158.07,142732.67982694224,190152509.23191965,12872.972972972973,9924.452568995606,28,1.743774000637535,1.7054115854749998,1024,64x64,14,4.1253109519999995,10.4826,4096,192x192,7,1.7117881800824635,3.1172648505374996,1536,96x96,10,6.975099908490179,6.821646341899999,4096,128x128,14,0.784712696,2.51875,512,96x96,7,0.957922696,2.51875,1024,96x96,7,2.5d_3d,"{'from': 'Chiplet_4', 'to': 'Chiplet_1', 'connection_type': '3d_tsv', 'loc': 'stack0_base'},{'from': 'Chiplet_1', 'to': 'na', 'connection_type': '3d_tsv', 'loc': 'stack0_top'},{'from': 'Chiplet_4', 'to': 'Chiplet_2', 'connection_type': '2.5d_emib', 'loc': '2.5d_chiplet'},{'from': 'Chiplet_4', 'to': 'Chiplet_3', 'connection_type': '2.5d_emib', 'loc': '2.5d_chiplet'},{'from': 'Chiplet_2', 'to': 'Chiplet_3', 'connection_type': '2.5d_emib', 'loc': '2.5d_chiplet'},{'from': 'Chiplet_2', 'to': 'Chiplet_4', 'connection_type': '2.5d_emib', 'loc': '2.5d_chiplet'},{'from': 'Chiplet_2', 'to': 'Chiplet_6', 'connection_type': '2.5d_emib', 'loc': '2.5d_chiplet'},{'from': 'Chiplet_3', 'to': 'Chiplet_2', 'connection_type': '2.5d_emib', 'loc': '2.5d_chiplet'},{'from': 'Chiplet_3', 'to': 'Chiplet_6', 'connection_type': '2.5d_emib', 'loc': '2.5d_chiplet'},{'from': 'Chiplet_3', 'to': 'Chiplet_4', 'connection_type': '2.5d_emib', 'loc': '2.5d_chiplet'},{'from': 'Chiplet_3', 'to': 'Chiplet_5', 'connection_type': '2.5d_emib', 'loc': '2.5d_chiplet'},{'from': 'Chiplet_6', 'to': 'Chiplet_2', 'connection_type': '2.5d_emib', 'loc': '2.5d_chiplet'},{'from': 'Chiplet_6', 'to': 'Chiplet_3', 'connection_type': '2.5d_emib', 'loc': '2.5d_chiplet'},{'from': 'Chiplet_6', 'to': 'Chiplet_5', 'connection_type': '2.5d_emib', 'loc': '2.5d_chiplet'},{'from': 'Chiplet_5', 'to': 'Chiplet_3', 'connection_type': '2.5d_emib', 'loc': '2.5d_chiplet'},{'from': 'Chiplet_5', 'to': 'Chiplet_6', 'connection_type': '2.5d_emib', 'loc': '2.5d_chiplet'}",2,4,1,7,1,1,hbm2,aib,ucie_3d,0,0,is,0,0,0
29,63.57090246691694,4830369.06,102429.15880685818,354078836.2970181,28055.642479518327,28159.365254425546,29,1.578984604787535,1.7054115854749998,768,64x64,14,7.419580457366196,12.973514847541198,6144,192x192,10,6.975099908490179,6.821646341899999,4096,128x128,14,14.117807839976791,15.979573171754398,6144,192x192,14,1.8849981800824636,3.1172648505374996,2048,96x96,10,0.829831759447044,1.3845915837374998,768,64x64,10,2.5d,"{'from': 'Chiplet_4', 'to': 'Chiplet_2', 'connection_type': '2.5d_rdl', 'loc': '2.5d_chiplet'},{'from': 'Chiplet_4', 'to': 'Chiplet_5', 'connection_type': '2.5d_rdl', 'loc': '2.5d_chiplet'},{'from': 'Chiplet_5', 'to': 'Chiplet_2', 'connection_type': '2.5d_rdl', 'loc': '2.5d_chiplet'},{'from': 'Chiplet_5', 'to': 'Chiplet_4', 'connection_type': '2.5d_rdl', 'loc': '2.5d_chiplet'},{'from': 'Chiplet_2', 'to': 'Chiplet_5', 'connection_type': '2.5d_rdl', 'loc': '2.5d_chiplet'},{'from': 'Chiplet_2', 'to': 'Chiplet_4', 'connection_type': '2.5d_rdl', 'loc': '2.5d_chiplet'},{'from': 'Chiplet_2', 'to': 'Chiplet_3', 'connection_type': '2.5d_rdl', 'loc': '2.5d_chiplet'},{'from': 'Chiplet_2', 'to': 'Chiplet_6', 'connection_type': '2.5d_rdl', 'loc': '2.5d_chiplet'},{'from': 'Chiplet_6', 'to': 'Chiplet_2', 'connection_type': '2.5d_rdl', 'loc': '2.5d_chiplet'},{'from': 'Chiplet_6', 'to': 'Chiplet_1', 'connection_type': '2.5d_rdl', 'loc': '2.5d_chiplet'},{'from': 'Chiplet_3', 'to': 'Chiplet_2', 'connection_type': '2.5d_rdl', 'loc': '2.5d_chiplet'},{'from': 'Chiplet_3', 'to': 'Chiplet_1', 'connection_type': '2.5d_rdl', 'loc': '2.5d_chiplet'},{'from': 'Chiplet_1', 'to': 'Chiplet_3', 'connection_type': '2.5d_rdl', 'loc': '2.5d_chiplet'},{'from': 'Chiplet_1', 'to': 'Chiplet_6', 'connection_type': '2.5d_rdl', 'loc': '2.5d_chiplet'}",1,1,1,3,1,1,ddr5,ucie_std,na,1,0,os,1,0,0
30,23.01059367700431,2914694.87,173337.5005726506,448716140.10119146,5378.7349238489305,11273.03128706622,30,2.20879254,4.475,3072,128x128,7,0.916436759447044,1.3845915837374998,1024,64x64,10,3.665749090547913,5.538366334949999,4096,128x128,10,2.972908090547913,5.538366334949999,2048,128x128,10,1.5385781800824634,3.1172648505374996,1024,96x96,10,4.818150952,10.4826,6144,192x192,7,2.5d,"{'from': 'Chiplet_6', 'to': 'Chiplet_2', 'connection_type': '2.5d_emib', 'loc': '2.5d_chiplet'},{'from': 'Chiplet_6', 'to': 'Chiplet_3', 'connection_type': '2.5d_emib', 'loc': '2.5d_chiplet'},{'from': 'Chiplet_6', 'to': 'Chiplet_4', 'connection_type': '2.5d_emib', 'loc': '2.5d_chiplet'},{'from': 'Chiplet_6', 'to': 'Chiplet_1', 'connection_type': '2.5d_emib', 'loc': '2.5d_chiplet'},{'from': 'Chiplet_1', 'to': 'Chiplet_2', 'connection_type': '2.5d_emib', 'loc': '2.5d_chiplet'},{'from': 'Chiplet_1', 'to': 'Chiplet_6', 'connection_type': '2.5d_emib', 'loc': '2.5d_chiplet'},{'from': 'Chiplet_2', 'to': 'Chiplet_6', 'connection_type': '2.5d_emib', 'loc': '2.5d_chiplet'},{'from': 'Chiplet_2', 'to': 'Chiplet_1', 'connection_type': '2.5d_emib', 'loc': '2.5d_chiplet'},{'from': 'Chiplet_3', 'to': 'Chiplet_4', 'connection_type': '2.5d_emib', 'loc': '2.5d_chiplet'},{'from': 'Chiplet_3', 'to': 'Chiplet_6', 'connection_type': '2.5d_emib', 'loc': '2.5d_chiplet'},{'from': 'Chiplet_3', 'to': 'Chiplet_5', 'connection_type': '2.5d_emib', 'loc': '2.5d_chiplet'},{'from': 'Chiplet_4', 'to': 'Chiplet_5', 'connection_type': '2.5d_emib', 'loc': '2.5d_chiplet'},{'from': 'Chiplet_4', 'to': 'Chiplet_6', 'connection_type': '2.5d_emib', 'loc': '2.5d_chiplet'},{'from': 'Chiplet_4', 'to': 'Chiplet_3', 'connection_type': '2.5d_emib', 'loc': '2.5d_chiplet'},{'from': 'Chiplet_5', 'to': 'Chiplet_3', 'connection_type': '2.5d_emib', 'loc': '2.5d_chiplet'},{'from': 'Chiplet_5', 'to': 'Chiplet_4', 'connection_type': '2.5d_emib', 'loc': '2.5d_chiplet'}",1,1,2,1,1,2,ddr5,bow,na,1,0,os,0,0,0
31,40.90781883119968,4457669.19,104717.98876845956,342464139.1424925,40529.86280873793,39990.66227866875,31,1.51595254,4.475,1024,128x128,7,3.2571509657793953,3.8395579270749995,1536,96x96,14,3.2571509657793953,3.8395579270749995,1536,96x96,14,14.117807839976791,15.979573171754398,6144,192x192,14,0.638803,1.11875,1024,64x64,7,12.799492673176792,15.979573171754398,4096,192x192,14,2.5d_3d,"{'from': 'Chiplet_3', 'to': 'Chiplet_2', 'connection_type': '3d_tsv', 'loc': 'stack0_base'},{'from': 'Chiplet_2', 'to': 'Chiplet_1', 'connection_type': '3d_tsv', 'loc': 'stack0_middle1'},{'from': 'Chiplet_1', 'to': 'na', 'connection_type': '3d_tsv', 'loc': 'stack0_top'},{'from': 'Chiplet_4', 'to': 'Chiplet_3', 'connection_type': '2.5d_rdl', 'loc': '2.5d_chiplet'},{'from': 'Chiplet_4', 'to': 'Chiplet_6', 'connection_type': '2.5d_rdl', 'loc': '2.5d_chiplet'},{'from': 'Chiplet_4', 'to': 'Chiplet_5', 'connection_type': '2.5d_rdl', 'loc': '2.5d_chiplet'},{'from': 'Chiplet_5', 'to': 'Chiplet_3', 'connection_type': '2.5d_rdl', 'loc': '2.5d_chiplet'},{'from': 'Chiplet_5', 'to': 'Chiplet_4', 'connection_type': '2.5d_rdl', 'loc': '2.5d_chiplet'},{'from': 'Chiplet_6', 'to': 'Chiplet_3', 'connection_type': '2.5d_rdl', 'loc': '2.5d_chiplet'},{'from': 'Chiplet_6', 'to': 'Chiplet_4', 'connection_type': '2.5d_rdl', 'loc': '2.5d_chiplet'},{'from': 'Chiplet_3', 'to': 'Chiplet_5', 'connection_type': '2.5d_rdl', 'loc': '2.5d_chiplet'},{'from': 'Chiplet_3', 'to': 'Chiplet_4', 'connection_type': '2.5d_rdl', 'loc': '2.5d_chiplet'},{'from': 'Chiplet_3', 'to': 'Chiplet_6', 'connection_type': '2.5d_rdl', 'loc': '2.5d_chiplet'}",1,1,1,2,1,2,ddr5,ucie_std,ucie_3d,0,0,ws,1,0,0
32,29.17555082442232,3615767.16,174057.94360740983,159178298.8829525,26166.085065623454,17508.062460428304,32,3.2571509657793953,3.8395579270749995,1536,96x96,14,4.818150952,10.4826,6144,192x192,7,2.6264880905479133,5.538366334949999,1024,128x128,10,0.46559300000000003,1.11875,512,64x64,7,1.131132696,2.51875,1536,96x96,7,6.975099908490179,6.821646341899999,4096,128x128,14,2.5d,"{'from': 'Chiplet_6', 'to': 'Chiplet_2', 'connection_type': '2.5d_emib', 'loc': '2.5d_chiplet'},{'from': 'Chiplet_6', 'to': 'Chiplet_3', 'connection_type': '2.5d_emib', 'loc': '2.5d_chiplet'},{'from': 'Chiplet_6', 'to': 'Chiplet_1', 'connection_type': '2.5d_emib', 'loc': '2.5d_chiplet'},{'from': 'Chiplet_3', 'to': 'Chiplet_6', 'connection_type': '2.5d_emib', 'loc': '2.5d_chiplet'},{'from': 'Chiplet_3', 'to': 'Chiplet_1', 'connection_type': '2.5d_emib', 'loc': '2.5d_chiplet'},{'from': 'Chiplet_2', 'to': 'Chiplet_5', 'connection_type': '2.5d_emib', 'loc': '2.5d_chiplet'},{'from': 'Chiplet_2', 'to': 'Chiplet_6', 'connection_type': '2.5d_emib', 'loc': '2.5d_chiplet'},{'from': 'Chiplet_2', 'to': 'Chiplet_1', 'connection_type': '2.5d_emib', 'loc': '2.5d_chiplet'},{'from': 'Chiplet_1', 'to': 'Chiplet_4', 'connection_type': '2.5d_emib', 'loc': '2.5d_chiplet'},{'from': 'Chiplet_1', 'to': 'Chiplet_2', 'connection_type': '2.5d_emib', 'loc': '2.5d_chiplet'},{'from': 'Chiplet_1', 'to': 'Chiplet_5', 'connection_type': '2.5d_emib', 'loc': '2.5d_chiplet'},{'from': 'Chiplet_1', 'to': 'Chiplet_6', 'connection_type': '2.5d_emib', 'loc': '2.5d_chiplet'},{'from': 'Chiplet_1', 'to': 'Chiplet_3', 'connection_type': '2.5d_emib', 'loc': '2.5d_chiplet'},{'from': 'Chiplet_5', 'to': 'Chiplet_2', 'connection_type': '2.5d_emib', 'loc': '2.5d_chiplet'},{'from': 'Chiplet_5', 'to': 'Chiplet_4', 'connection_type': '2.5d_emib', 'loc': '2.5d_chiplet'},{'from': 'Chiplet_5', 'to': 'Chiplet_1', 'connection_type': '2.5d_emib', 'loc': '2.5d_chiplet'},{'from': 'Chiplet_4', 'to': 'Chiplet_5', 'connection_type': '2.5d_emib', 'loc': '2.5d_chiplet'},{'from': 'Chiplet_4', 'to': 'Chiplet_1', 'connection_type': '2.5d_emib', 'loc': '2.5d_chiplet'}",2,4,2,1,1,6,hbm3,ucie_adv,na,0,0,os,1,0,0
33,9.023635166008795,1800136.06,44021.590142545814,136494189.57656455,126443.9649674573,48458.75216188131,33,1.3653681800824635,3.1172648505374996,512,96x96,10,1.3653681800824635,3.1172648505374996,512,96x96,10,3.5867297574793953,3.8395579270749995,2048,96x96,14,2.927572174079395,3.8395579270749995,1024,96x96,14,1.86237254,4.475,2048,128x128,7,0.916436759447044,1.3845915837374998,1024,64x64,10,2.5d_3d,"{'from': 'Chiplet_3', 'to': 'Chiplet_4', 'connection_type': '3d_tsv', 'loc': 'stack0_base'},{'from': 'Chiplet_4', 'to': 'Chiplet_2', 'connection_type': '3d_tsv', 'loc': 'stack0_middle1'},{'from': 'Chiplet_2', 'to': 'Chiplet_6', 'connection_type': '3d_tsv', 'loc': 'stack0_middle2'},{'from': 'Chiplet_6', 'to': 'na', 'connection_type': '3d_tsv', 'loc': 'stack0_top'},{'from': 'Chiplet_3', 'to': 'Chiplet_5', 'connection_type': '2.5d_rdl', 'loc': '2.5d_chiplet'},{'from': 'Chiplet_3', 'to': 'Chiplet_1', 'connection_type': '2.5d_rdl', 'loc': '2.5d_chiplet'},{'from': 'Chiplet_5', 'to': 'Chiplet_3', 'connection_type': '2.5d_rdl', 'loc': '2.5d_chiplet'},{'from': 'Chiplet_5', 'to': 'Chiplet_1', 'connection_type': '2.5d_rdl', 'loc': '2.5d_chiplet'},{'from': 'Chiplet_1', 'to': 'Chiplet_3', 'connection_type': '2.5d_rdl', 'loc': '2.5d_chiplet'},{'from': 'Chiplet_1', 'to': 'Chiplet_5', 'connection_type': '2.5d_rdl', 'loc': '2.5d_chiplet'}",2,2,5,4,2,1,hbm2,ucie_std,ucie_3d,0,0,os,1,0,0
34,46.42046507982622,4674842.62,182536.32450238135,188411003.83528847,9235.0,10383.829712348383,34,4.9976252555201786,6.821646341899999,1024,128x128,14,4.1253109519999995,10.4826,4096,192x192,7,0.378988,1.11875,256,64x64,7,1.304342696,2.51875,2048,96x96,7,11.481175603606792,15.979573171754398,2048,192x192,14,2.597993382379395,3.8395579270749995,512,96x96,14,2.5d,"{'from': 'Chiplet_5', 'to': 'Chiplet_4', 'connection_type': '2.5d_emib', 'loc': '2.5d_chiplet'},{'from': 'Chiplet_5', 'to': 'Chiplet_1', 'connection_type': '2.5d_emib', 'loc': '2.5d_chiplet'},{'from': 'Chiplet_4', 'to': 'Chiplet_2', 'connection_type': '2.5d_emib', 'loc': '2.5d_chiplet'},{'from': 'Chiplet_4', 'to': 'Chiplet_5', 'connection_type': '2.5d_emib', 'loc': '2.5d_chiplet'},{'from': 'Chiplet_4', 'to': 'Chiplet_1', 'connection_type': '2.5d_emib', 'loc': '2.5d_chiplet'},{'from': 'Chiplet_1', 'to': 'Chiplet_4', 'connection_type': '2.5d_emib', 'loc': '2.5d_chiplet'},{'from': 'Chiplet_1', 'to': 'Chiplet_2', 'connection_type': '2.5d_emib', 'loc': '2.5d_chiplet'},{'from': 'Chiplet_1', 'to': 'Chiplet_5', 'connection_type': '2.5d_emib', 'loc': '2.5d_chiplet'},{'from': 'Chiplet_1', 'to': 'Chiplet_6', 'connection_type': '2.5d_emib', 'loc': '2.5d_chiplet'},{'from': 'Chiplet_1', 'to': 'Chiplet_3', 'connection_type': '2.5d_emib', 'loc': '2.5d_chiplet'},{'from': 'Chiplet_3', 'to': 'Chiplet_6', 'connection_type': '2.5d_emib', 'loc': '2.5d_chiplet'},{'from': 'Chiplet_3', 'to': 'Chiplet_1', 'connection_type': '2.5d_emib', 'loc': '2.5d_chiplet'},{'from': 'Chiplet_2', 'to': 'Chiplet_6', 'connection_type': '2.5d_emib', 'loc': '2.5d_chiplet'},{'from': 'Chiplet_2', 'to': 'Chiplet_4', 'connection_type': '2.5d_emib', 'loc': '2.5d_chiplet'},{'from': 'Chiplet_2', 'to': 'Chiplet_1', 'connection_type': '2.5d_emib', 'loc': '2.5d_chiplet'},{'from': 'Chiplet_6', 'to': 'Chiplet_2', 'connection_type': '2.5d_emib', 'loc': '2.5d_chiplet'},{'from': 'Chiplet_6', 'to': 'Chiplet_3', 'connection_type': '2.5d_emib', 'loc': '2.5d_chiplet'},{'from': 'Chiplet_6', 'to': 'Chiplet_1', 'connection_type': '2.5d_emib', 'loc': '2.5d_chiplet'}",3,2,1,1,7,2,hbm2,aib,na,1,0,ws,0,0,0
35,16.880216458983252,2703984.22,59545.391649306715,191696517.30292943,10710.0,8256.477534647998,35,1.4141952089375351,1.7054115854749998,512,64x64,14,0.552198,1.11875,768,64x64,7,6.315940422320179,6.821646341899999,3072,128x128,14,0.829831759447044,1.3845915837374998,768,64x64,10,4.1253109519999995,10.4826,4096,192x192,7,0.784712696,2.51875,512,96x96,7,2.5d_3d,"{'from': 'Chiplet_1', 'to': 'Chiplet_4', 'connection_type': '3d_u_bump', 'loc': 'stack0_base'},{'from': 'Chiplet_4', 'to': 'Chiplet_2', 'connection_type': '3d_u_bump', 'loc': 'stack0_middle1'},{'from': 'Chiplet_2', 'to': 'na', 'connection_type': '3d_u_bump', 'loc': 'stack0_top'},{'from': 'Chiplet_3', 'to': 'Chiplet_5', 'connection_type': '2.5d_rdl', 'loc': '2.5d_chiplet'},{'from': 'Chiplet_3', 'to': 'Chiplet_1', 'connection_type': '2.5d_rdl', 'loc': '2.5d_chiplet'},{'from': 'Chiplet_5', 'to': 'Chiplet_3', 'connection_type': '2.5d_rdl', 'loc': '2.5d_chiplet'},{'from': 'Chiplet_5', 'to': 'Chiplet_6', 'connection_type': '2.5d_rdl', 'loc': '2.5d_chiplet'},{'from': 'Chiplet_5', 'to': 'Chiplet_1', 'connection_type': '2.5d_rdl', 'loc': '2.5d_chiplet'},{'from': 'Chiplet_1', 'to': 'Chiplet_3', 'connection_type': '2.5d_rdl', 'loc': '2.5d_chiplet'},{'from': 'Chiplet_1', 'to': 'Chiplet_6', 'connection_type': '2.5d_rdl', 'loc': '2.5d_chiplet'},{'from': 'Chiplet_1', 'to': 'Chiplet_5', 'connection_type': '2.5d_rdl', 'loc': '2.5d_chiplet'},{'from': 'Chiplet_6', 'to': 'Chiplet_5', 'connection_type': '2.5d_rdl', 'loc': '2.5d_chiplet'},{'from': 'Chiplet_6', 'to': 'Chiplet_1', 'connection_type': '2.5d_rdl', 'loc': '2.5d_chiplet'}",1,1,7,1,5,1,hbm2,ucie_std,ucie_3d,0,0,ws,0,0,0
36,29.282965342709332,2932969.44,167084.88134358163,588495475.6458356,16368.468468468469,21466.854909614925,36,2.972908090547913,5.538366334949999,2048,128x128,10,1.7117881800824635,3.1172648505374996,1536,96x96,10,2.6264880905479133,5.538366334949999,1024,128x128,10,4.9976252555201786,6.821646341899999,1024,128x128,14,6.726740457366197,12.973514847541198,4096,192x192,10,0.656621759447044,1.3845915837374998,256,64x64,10,2.5d,"{'from': 'Chiplet_5', 'to': 'Chiplet_3', 'connection_type': '2.5d_emib', 'loc': '2.5d_chiplet'},{'from': 'Chiplet_5', 'to': 'Chiplet_4', 'connection_type': '2.5d_emib', 'loc': '2.5d_chiplet'},{'from': 'Chiplet_5', 'to': 'Chiplet_1', 'connection_type': '2.5d_emib', 'loc': '2.5d_chiplet'},{'from': 'Chiplet_5', 'to': 'Chiplet_6', 'connection_type': '2.5d_emib', 'loc': '2.5d_chiplet'},{'from': 'Chiplet_3', 'to': 'Chiplet_5', 'connection_type': '2.5d_emib', 'loc': '2.5d_chiplet'},{'from': 'Chiplet_3', 'to': 'Chiplet_6', 'connection_type': '2.5d_emib', 'loc': '2.5d_chiplet'},{'from': 'Chiplet_6', 'to': 'Chiplet_3', 'connection_type': '2.5d_emib', 'loc': '2.5d_chiplet'},{'from': 'Chiplet_6', 'to': 'Chiplet_5', 'connection_type': '2.5d_emib', 'loc': '2.5d_chiplet'},{'from': 'Chiplet_4', 'to': 'Chiplet_2', 'connection_type': '2.5d_emib', 'loc': '2.5d_chiplet'},{'from': 'Chiplet_4', 'to': 'Chiplet_5', 'connection_type': '2.5d_emib', 'loc': '2.5d_chiplet'},{'from': 'Chiplet_4', 'to': 'Chiplet_1', 'connection_type': '2.5d_emib', 'loc': '2.5d_chiplet'},{'from': 'Chiplet_1', 'to': 'Chiplet_2', 'connection_type': '2.5d_emib', 'loc': '2.5d_chiplet'},{'from': 'Chiplet_1', 'to': 'Chiplet_5', 'connection_type': '2.5d_emib', 'loc': '2.5d_chiplet'},{'from': 'Chiplet_1', 'to': 'Chiplet_4', 'connection_type': '2.5d_emib', 'loc': '2.5d_chiplet'},{'from': 'Chiplet_2', 'to': 'Chiplet_4', 'connection_type': '2.5d_emib', 'loc': '2.5d_chiplet'},{'from': 'Chiplet_2', 'to': 'Chiplet_1', 'connection_type': '2.5d_emib', 'loc': '2.5d_chiplet'}",1,1,1,2,2,1,ddr4,ucie_adv,na,0,0,is,0,0,0
37,14.352970062118136,1915726.19,49708.12807312804,144420751.43772876,132867.908313224,49466.34495118859,37,1.3653681800824635,3.1172648505374996,512,96x96,10,5.656782838920179,6.821646341899999,2048,128x128,14,0.552198,1.11875,768,64x64,7,1.304342696,2.51875,2048,96x96,7,1.86237254,4.475,2048,128x128,7,0.378988,1.11875,256,64x64,7,2.5d,"{'from': 'Chiplet_2', 'to': 'Chiplet_5', 'connection_type': '2.5d_rdl', 'loc': '2.5d_chiplet'},{'from': 'Chiplet_2', 'to': 'Chiplet_1', 'connection_type': '2.5d_rdl', 'loc': '2.5d_chiplet'},{'from': 'Chiplet_5', 'to': 'Chiplet_4', 'connection_type': '2.5d_rdl', 'loc': '2.5d_chiplet'},{'from': 'Chiplet_5', 'to': 'Chiplet_2', 'connection_type': '2.5d_rdl', 'loc': '2.5d_chiplet'},{'from': 'Chiplet_5', 'to': 'Chiplet_6', 'connection_type': '2.5d_rdl', 'loc': '2.5d_chiplet'},{'from': 'Chiplet_5', 'to': 'Chiplet_3', 'connection_type': '2.5d_rdl', 'loc': '2.5d_chiplet'},{'from': 'Chiplet_5', 'to': 'Chiplet_1', 'connection_type': '2.5d_rdl', 'loc': '2.5d_chiplet'},{'from': 'Chiplet_3', 'to': 'Chiplet_5', 'connection_type': '2.5d_rdl', 'loc': '2.5d_chiplet'},{'from': 'Chiplet_3', 'to': 'Chiplet_6', 'connection_type': '2.5d_rdl', 'loc': '2.5d_chiplet'},{'from': 'Chiplet_6', 'to': 'Chiplet_5', 'connection_type': '2.5d_rdl', 'loc': '2.5d_chiplet'},{'from': 'Chiplet_6', 'to': 'Chiplet_3', 'connection_type': '2.5d_rdl', 'loc': '2.5d_chiplet'},{'from': 'Chiplet_1', 'to': 'Chiplet_2', 'connection_type': '2.5d_rdl', 'loc': '2.5d_chiplet'},{'from': 'Chiplet_1', 'to': 'Chiplet_5', 'connection_type': '2.5d_rdl', 'loc': '2.5d_chiplet'},{'from': 'Chiplet_1', 'to': 'Chiplet_4', 'connection_type': '2.5d_rdl', 'loc': '2.5d_chiplet'},{'from': 'Chiplet_4', 'to': 'Chiplet_5', 'connection_type': '2.5d_rdl', 'loc': '2.5d_chiplet'},{'from': 'Chiplet_4', 'to': 'Chiplet_1', 'connection_type': '2.5d_rdl', 'loc': '2.5d_chiplet'}",2,8,1,2,2,1,hbm2,ucie_std,na,0,0,is,1,0,0
38,22.677244755543732,3034500.45,69281.32784340963,156943857.6520579,30853.945431151245,17935.924798268086,38,2.20879254,4.475,3072,128x128,7,5.5109919519999995,10.4826,8192,192x192,7,3.5867297574793953,3.8395579270749995,2048,96x96,14,0.784712696,2.51875,512,96x96,7,2.597993382379395,3.8395579270749995,512,96x96,14,0.656621759447044,1.3845915837374998,256,64x64,10,2.5d,"{'from': 'Chiplet_2', 'to': 'Chiplet_3', 'connection_type': '2.5d_rdl', 'loc': '2.5d_chiplet'},{'from': 'Chiplet_2', 'to': 'Chiplet_5', 'connection_type': '2.5d_rdl', 'loc': '2.5d_chiplet'},{'from': 'Chiplet_2', 'to': 'Chiplet_1', 'connection_type': '2.5d_rdl', 'loc': '2.5d_chiplet'},{'from': 'Chiplet_1', 'to': 'Chiplet_2', 'connection_type': '2.5d_rdl', 'loc': '2.5d_chiplet'},{'from': 'Chiplet_1', 'to': 'Chiplet_5', 'connection_type': '2.5d_rdl', 'loc': '2.5d_chiplet'},{'from': 'Chiplet_3', 'to': 'Chiplet_2', 'connection_type': '2.5d_rdl', 'loc': '2.5d_chiplet'},{'from': 'Chiplet_3', 'to': 'Chiplet_5', 'connection_type': '2.5d_rdl', 'loc': '2.5d_chiplet'},{'from': 'Chiplet_3', 'to': 'Chiplet_4', 'connection_type': '2.5d_rdl', 'loc': '2.5d_chiplet'},{'from': 'Chiplet_5', 'to': 'Chiplet_4', 'connection_type': '2.5d_rdl', 'loc': '2.5d_chiplet'},{'from': 'Chiplet_5', 'to': 'Chiplet_2', 'connection_type': '2.5d_rdl', 'loc': '2.5d_chiplet'},{'from': 'Chiplet_5', 'to': 'Chiplet_6', 'connection_type': '2.5d_rdl', 'loc': '2.5d_chiplet'},{'from': 'Chiplet_5', 'to': 'Chiplet_3', 'connection_type': '2.5d_rdl', 'loc': '2.5d_chiplet'},{'from': 'Chiplet_5', 'to': 'Chiplet_1', 'connection_type': '2.5d_rdl', 'loc': '2.5d_chiplet'},{'from': 'Chiplet_4', 'to': 'Chiplet_5', 'connection_type': '2.5d_rdl', 'loc': '2.5d_chiplet'},{'from': 'Chiplet_4', 'to': 'Chiplet_6', 'connection_type': '2.5d_rdl', 'loc': '2.5d_chiplet'},{'from': 'Chiplet_4', 'to': 'Chiplet_3', 'connection_type': '2.5d_rdl', 'loc': '2.5d_chiplet'},{'from': 'Chiplet_6', 'to': 'Chiplet_5', 'connection_type': '2.5d_rdl', 'loc': '2.5d_chiplet'},{'from': 'Chiplet_6', 'to': 'Chiplet_4', 'connection_type': '2.5d_rdl', 'loc': '2.5d_chiplet'}",2,6,3,1,3,1,hbm3,ucie_std,na,0,0,os,1,0,0
39,34.643630674018915,3740255.5,76903.21964738794,166269381.50681156,32840.43542377232,23382.479292222437,39,6.975099908490179,6.821646341899999,4096,128x128,14,0.743226759447044,1.3845915837374998,512,64x64,10,2.972908090547913,5.538366334949999,2048,128x128,10,1.5385781800824634,3.1172648505374996,1024,96x96,10,8.112421457366196,12.973514847541198,8192,192x192,10,2.597993382379395,3.8395579270749995,512,96x96,14,2.5d,"{'from': 'Chiplet_5', 'to': 'Chiplet_2', 'connection_type': '2.5d_rdl', 'loc': '2.5d_chiplet'},{'from': 'Chiplet_5', 'to': 'Chiplet_3', 'connection_type': '2.5d_rdl', 'loc': '2.5d_chiplet'},{'from': 'Chiplet_5', 'to': 'Chiplet_6', 'connection_type': '2.5d_rdl', 'loc': '2.5d_chiplet'},{'from': 'Chiplet_5', 'to': 'Chiplet_1', 'connection_type': '2.5d_rdl', 'loc': '2.5d_chiplet'},{'from': 'Chiplet_6', 'to': 'Chiplet_2', 'connection_type': '2.5d_rdl', 'loc': '2.5d_chiplet'},{'from': 'Chiplet_6', 'to': 'Chiplet_5', 'connection_type': '2.5d_rdl', 'loc': '2.5d_chiplet'},{'from': 'Chiplet_2', 'to': 'Chiplet_5', 'connection_type': '2.5d_rdl', 'loc': '2.5d_chiplet'},{'from': 'Chiplet_2', 'to': 'Chiplet_6', 'connection_type': '2.5d_rdl', 'loc': '2.5d_chiplet'},{'from': 'Chiplet_1', 'to': 'Chiplet_5', 'connection_type': '2.5d_rdl', 'loc': '2.5d_chiplet'},{'from': 'Chiplet_1', 'to': 'Chiplet_4', 'connection_type': '2.5d_rdl', 'loc': '2.5d_chiplet'},{'from': 'Chiplet_1', 'to': 'Chiplet_3', 'connection_type': '2.5d_rdl', 'loc': '2.5d_chiplet'},{'from': 'Chiplet_3', 'to': 'Chiplet_5', 'connection_type': '2.5d_rdl', 'loc': '2.5d_chiplet'},{'from': 'Chiplet_3', 'to': 'Chiplet_4', 'connection_type': '2.5d_rdl', 'loc': '2.5d_chiplet'},{'from': 'Chiplet_3', 'to': 'Chiplet_1', 'connection_type': '2.5d_rdl', 'loc': '2.5d_chiplet'},{'from': 'Chiplet_4', 'to': 'Chiplet_3', 'connection_type': '2.5d_rdl', 'loc': '2.5d_chiplet'},{'from': 'Chiplet_4', 'to': 'Chiplet_1', 'connection_type': '2.5d_rdl', 'loc': '2.5d_chiplet'}",5,1,2,1,5,2,hbm3,ucie_std,na,0,0,os,1,0,0
40,16.87066340221513,3526311.3,147215.9350749328,443880016.4977595,25843.487864346313,22785.79046374446,40,5.5109919519999995,10.4826,8192,192x192,7,0.46559300000000003,1.11875,512,64x64,7,0.957922696,2.51875,1024,96x96,7,1.743774000637535,1.7054115854749998,1024,64x64,14,4.818150952,10.4826,6144,192x192,7,2.55521354,4.475,4096,128x128,7,2.5d_3d,"{'from': 'Chiplet_5', 'to': 'Chiplet_6', 'connection_type': '3d_hyb_bond', 'loc': 'stack0_base'},{'from': 'Chiplet_6', 'to': 'Chiplet_3', 'connection_type': '3d_hyb_bond', 'loc': 'stack0_middle1'},{'from': 'Chiplet_3', 'to': 'na', 'connection_type': '3d_hyb_bond', 'loc': 'stack0_top'},{'from': 'Chiplet_1', 'to': 'Chiplet_2', 'connection_type': '2.5d_emib', 'loc': '2.5d_chiplet'},{'from': 'Chiplet_1', 'to': 'Chiplet_5', 'connection_type': '2.5d_emib', 'loc': '2.5d_chiplet'},{'from': 'Chiplet_1', 'to': 'Chiplet_4', 'connection_type': '2.5d_emib', 'loc': '2.5d_chiplet'},{'from': 'Chiplet_2', 'to': 'Chiplet_4', 'connection_type': '2.5d_emib', 'loc': '2.5d_chiplet'},{'from': 'Chiplet_2', 'to': 'Chiplet_1', 'connection_type': '2.5d_emib', 'loc': '2.5d_chiplet'},{'from': 'Chiplet_5', 'to': 'Chiplet_4', 'connection_type': '2.5d_emib', 'loc': '2.5d_chiplet'},{'from': 'Chiplet_5', 'to': 'Chiplet_1', 'connection_type': '2.5d_emib', 'loc': '2.5d_chiplet'},{'from': 'Chiplet_4', 'to': 'Chiplet_2', 'connection_type': '2.5d_emib', 'loc': '2.5d_chiplet'},{'from': 'Chiplet_4', 'to': 'Chiplet_5', 'connection_type': '2.5d_emib', 'loc': '2.5d_chiplet'},{'from': 'Chiplet_4', 'to': 'Chiplet_1', 'connection_type': '2.5d_emib', 'loc': '2.5d_chiplet'}",2,1,1,1,2,1,ddr4,bow,ucie_3d,0,0,os,1,0,0
41,46.587447626332285,5443181.27,123265.17921443463,443222564.24988294,31520.237096302615,38149.589578253304,41,11.481175603606792,15.979573171754398,2048,192x192,14,2.20879254,4.475,3072,128x128,7,5.656782838920179,6.821646341899999,2048,128x128,14,1.743774000637535,1.7054115854749998,1024,64x64,14,4.9976252555201786,6.821646341899999,1024,128x128,14,15.436124909546791,15.979573171754398,8192,192x192,14,2.5d_3d,"{'from': 'Chiplet_1', 'to': 'Chiplet_2', 'connection_type': '3d_hyb_bond', 'loc': 'stack0_base'},{'from': 'Chiplet_2', 'to': 'Chiplet_4', 'connection_type': '3d_hyb_bond', 'loc': 'stack0_middle1'},{'from': 'Chiplet_4', 'to': 'na', 'connection_type': '3d_hyb_bond', 'loc': 'stack0_top'},{'from': 'Chiplet_6', 'to': 'Chiplet_3', 'connection_type': '2.5d_rdl', 'loc': '2.5d_chiplet'},{'from': 'Chiplet_6', 'to': 'Chiplet_5', 'connection_type': '2.5d_rdl', 'loc': '2.5d_chiplet'},{'from': 'Chiplet_6', 'to': 'Chiplet_1', 'connection_type': '2.5d_rdl', 'loc': '2.5d_chiplet'},{'from': 'Chiplet_5', 'to': 'Chiplet_3', 'connection_type': '2.5d_rdl', 'loc': '2.5d_chiplet'},{'from': 'Chiplet_5', 'to': 'Chiplet_6', 'connection_type': '2.5d_rdl', 'loc': '2.5d_chiplet'},{'from': 'Chiplet_1', 'to': 'Chiplet_3', 'connection_type': '2.5d_rdl', 'loc': '2.5d_chiplet'},{'from': 'Chiplet_1', 'to': 'Chiplet_6', 'connection_type': '2.5d_rdl', 'loc': '2.5d_chiplet'},{'from': 'Chiplet_3', 'to': 'Chiplet_5', 'connection_type': '2.5d_rdl', 'loc': '2.5d_chiplet'},{'from': 'Chiplet_3', 'to': 'Chiplet_6', 'connection_type': '2.5d_rdl', 'loc': '2.5d_chiplet'},{'from': 'Chiplet_3', 'to': 'Chiplet_1', 'connection_type': '2.5d_rdl', 'loc': '2.5d_chiplet'}",2,1,1,1,1,2,ddr4,ucie_std,ucie_3d,0,0,os,1,0,0
42,15.859596857157504,1664197.54,146751.8770655698,326289641.45684606,80537.00224934172,32828.90495918029,42,2.972908090547913,5.538366334949999,2048,128x128,10,1.304342696,2.51875,2048,96x96,7,0.378988,1.11875,256,64x64,7,1.4141952089375351,1.7054115854749998,512,64x64,14,1.743774000637535,1.7054115854749998,1024,64x64,14,2.972908090547913,5.538366334949999,2048,128x128,10,2.5d,"{'from': 'Chiplet_1', 'to': 'Chiplet_5', 'connection_type': '2.5d_emib', 'loc': '2.5d_chiplet'},{'from': 'Chiplet_1', 'to': 'Chiplet_6', 'connection_type': '2.5d_emib', 'loc': '2.5d_chiplet'},{'from': 'Chiplet_1', 'to': 'Chiplet_3', 'connection_type': '2.5d_emib', 'loc': '2.5d_chiplet'},{'from': 'Chiplet_5', 'to': 'Chiplet_3', 'connection_type': '2.5d_emib', 'loc': '2.5d_chiplet'},{'from': 'Chiplet_5', 'to': 'Chiplet_1', 'connection_type': '2.5d_emib', 'loc': '2.5d_chiplet'},{'from': 'Chiplet_3', 'to': 'Chiplet_5', 'connection_type': '2.5d_emib', 'loc': '2.5d_chiplet'},{'from': 'Chiplet_3', 'to': 'Chiplet_1', 'connection_type': '2.5d_emib', 'loc': '2.5d_chiplet'},{'from': 'Chiplet_6', 'to': 'Chiplet_2', 'connection_type': '2.5d_emib', 'loc': '2.5d_chiplet'},{'from': 'Chiplet_6', 'to': 'Chiplet_4', 'connection_type': '2.5d_emib', 'loc': '2.5d_chiplet'},{'from': 'Chiplet_6', 'to': 'Chiplet_1', 'connection_type': '2.5d_emib', 'loc': '2.5d_chiplet'},{'from': 'Chiplet_4', 'to': 'Chiplet_2', 'connection_type': '2.5d_emib', 'loc': '2.5d_chiplet'},{'from': 'Chiplet_4', 'to': 'Chiplet_6', 'connection_type': '2.5d_emib', 'loc': '2.5d_chiplet'},{'from': 'Chiplet_2', 'to': 'Chiplet_6', 'connection_type': '2.5d_emib', 'loc': '2.5d_chiplet'},{'from': 'Chiplet_2', 'to': 'Chiplet_4', 'connection_type': '2.5d_emib', 'loc': '2.5d_chiplet'}",2,1,1,1,1,2,ddr5,ucie_adv,na,1,0,os,1,0,0
43,52.07632145902628,6493577.64,119882.20226502483,214638417.28592876,54919.125876866485,53753.86524565332,43,0.656621759447044,1.3845915837374998,256,64x64,10,8.112421457366196,12.973514847541198,8192,192x192,10,5.5109919519999995,10.4826,8192,192x192,7,6.315940422320179,6.821646341899999,3072,128x128,14,1.578984604787535,1.7054115854749998,768,64x64,14,12.799492673176792,15.979573171754398,4096,192x192,14,2.5d_3d,"{'from': 'Chiplet_2', 'to': 'Chiplet_1', 'connection_type': '3d_tsv', 'loc': 'stack0_base'},{'from': 'Chiplet_1', 'to': 'na', 'connection_type': '3d_tsv', 'loc': 'stack0_top'},{'from': 'Chiplet_6', 'to': 'Chiplet_2', 'connection_type': '2.5d_rdl', 'loc': '2.5d_chiplet'},{'from': 'Chiplet_6', 'to': 'Chiplet_3', 'connection_type': '2.5d_rdl', 'loc': '2.5d_chiplet'},{'from': 'Chiplet_6', 'to': 'Chiplet_4', 'connection_type': '2.5d_rdl', 'loc': '2.5d_chiplet'},{'from': 'Chiplet_3', 'to': 'Chiplet_6', 'connection_type': '2.5d_rdl', 'loc': '2.5d_chiplet'},{'from': 'Chiplet_3', 'to': 'Chiplet_4', 'connection_type': '2.5d_rdl', 'loc': '2.5d_chiplet'},{'from': 'Chiplet_2', 'to': 'Chiplet_4', 'connection_type': '2.5d_rdl', 'loc': '2.5d_chiplet'},{'from': 'Chiplet_2', 'to': 'Chiplet_6', 'connection_type': '2.5d_rdl', 'loc': '2.5d_chiplet'},{'from': 'Chiplet_2', 'to': 'Chiplet_5', 'connection_type': '2.5d_rdl', 'loc': '2.5d_chiplet'},{'from': 'Chiplet_4', 'to': 'Chiplet_2', 'connection_type': '2.5d_rdl', 'loc': '2.5d_chiplet'},{'from': 'Chiplet_4', 'to': 'Chiplet_3', 'connection_type': '2.5d_rdl', 'loc': '2.5d_chiplet'},{'from': 'Chiplet_4', 'to': 'Chiplet_6', 'connection_type': '2.5d_rdl', 'loc': '2.5d_chiplet'},{'from': 'Chiplet_4', 'to': 'Chiplet_5', 'connection_type': '2.5d_rdl', 'loc': '2.5d_chiplet'},{'from': 'Chiplet_5', 'to': 'Chiplet_2', 'connection_type': '2.5d_rdl', 'loc': '2.5d_chiplet'},{'from': 'Chiplet_5', 'to': 'Chiplet_4', 'connection_type': '2.5d_rdl', 'loc': '2.5d_chiplet'}",1,3,2,3,1,6,hbm2,ucie_std,ucie_3d,0,0,os,1,0,0
44,64.08205615984436,6538783.51,124188.81104776195,197032118.75385767,8871.389906389906,12078.138724430506,44,8.112421457366196,12.973514847541198,8192,192x192,10,4.1253109519999995,10.4826,4096,192x192,7,0.46559300000000003,1.11875,512,64x64,7,6.315940422320179,6.821646341899999,3072,128x128,14,14.117807839976791,15.979573171754398,6144,192x192,14,2.20879254,4.475,3072,128x128,7,2.5d,"{'from': 'Chiplet_5', 'to': 'Chiplet_2', 'connection_type': '2.5d_rdl', 'loc': '2.5d_chiplet'},{'from': 'Chiplet_5', 'to': 'Chiplet_1', 'connection_type': '2.5d_rdl', 'loc': '2.5d_chiplet'},{'from': 'Chiplet_2', 'to': 'Chiplet_5', 'connection_type': '2.5d_rdl', 'loc': '2.5d_chiplet'},{'from': 'Chiplet_2', 'to': 'Chiplet_4', 'connection_type': '2.5d_rdl', 'loc': '2.5d_chiplet'},{'from': 'Chiplet_2', 'to': 'Chiplet_1', 'connection_type': '2.5d_rdl', 'loc': '2.5d_chiplet'},{'from': 'Chiplet_1', 'to': 'Chiplet_4', 'connection_type': '2.5d_rdl', 'loc': '2.5d_chiplet'},{'from': 'Chiplet_1', 'to': 'Chiplet_2', 'connection_type': '2.5d_rdl', 'loc': '2.5d_chiplet'},{'from': 'Chiplet_1', 'to': 'Chiplet_5', 'connection_type': '2.5d_rdl', 'loc': '2.5d_chiplet'},{'from': 'Chiplet_1', 'to': 'Chiplet_6', 'connection_type': '2.5d_rdl', 'loc': '2.5d_chiplet'},{'from': 'Chiplet_1', 'to': 'Chiplet_3', 'connection_type': '2.5d_rdl', 'loc': '2.5d_chiplet'},{'from': 'Chiplet_3', 'to': 'Chiplet_6', 'connection_type': '2.5d_rdl', 'loc': '2.5d_chiplet'},{'from': 'Chiplet_3', 'to': 'Chiplet_1', 'connection_type': '2.5d_rdl', 'loc': '2.5d_chiplet'},{'from': 'Chiplet_4', 'to': 'Chiplet_2', 'connection_type': '2.5d_rdl', 'loc': '2.5d_chiplet'},{'from': 'Chiplet_4', 'to': 'Chiplet_6', 'connection_type': '2.5d_rdl', 'loc': '2.5d_chiplet'},{'from': 'Chiplet_4', 'to': 'Chiplet_1', 'connection_type': '2.5d_rdl', 'loc': '2.5d_chiplet'},{'from': 'Chiplet_6', 'to': 'Chiplet_3', 'connection_type': '2.5d_rdl', 'loc': '2.5d_chiplet'},{'from': 'Chiplet_6', 'to': 'Chiplet_4', 'connection_type': '2.5d_rdl', 'loc': '2.5d_chiplet'},{'from': 'Chiplet_6', 'to': 'Chiplet_1', 'connection_type': '2.5d_rdl', 'loc': '2.5d_chiplet'}",3,2,1,3,6,1,hbm3,ucie_std,na,0,0,is,0,0,0
45,15.673263425982563,4154002.11,98287.781836068,198560456.46347344,5356.333333333333,8014.979463391243,45,1.51595254,4.475,1024,128x128,7,1.578984604787535,1.7054115854749998,768,64x64,14,8.112421457366196,12.973514847541198,8192,192x192,10,6.726740457366197,12.973514847541198,4096,192x192,10,4.1253109519999995,10.4826,4096,192x192,7,1.249405813087535,1.7054115854749998,256,64x64,14,2.5d_3d,"{'from': 'Chiplet_3', 'to': 'Chiplet_4', 'connection_type': '3d_u_bump', 'loc': 'stack0_base'},{'from': 'Chiplet_4', 'to': 'Chiplet_5', 'connection_type': '3d_u_bump', 'loc': 'stack0_middle1'},{'from': 'Chiplet_5', 'to': 'na', 'connection_type': '3d_u_bump', 'loc': 'stack0_top'},{'from': 'Chiplet_3', 'to': 'Chiplet_2', 'connection_type': '2.5d_rdl', 'loc': '2.5d_chiplet'},{'from': 'Chiplet_3', 'to': 'Chiplet_1', 'connection_type': '2.5d_rdl', 'loc': '2.5d_chiplet'},{'from': 'Chiplet_2', 'to': 'Chiplet_3', 'connection_type': '2.5d_rdl', 'loc': '2.5d_chiplet'},{'from': 'Chiplet_2', 'to': 'Chiplet_6', 'connection_type': '2.5d_rdl', 'loc': '2.5d_chiplet'},{'from': 'Chiplet_2', 'to': 'Chiplet_1', 'connection_type': '2.5d_rdl', 'loc': '2.5d_chiplet'},{'from': 'Chiplet_1', 'to': 'Chiplet_2', 'connection_type': '2.5d_rdl', 'loc': '2.5d_chiplet'},{'from': 'Chiplet_1', 'to': 'Chiplet_3', 'connection_type': '2.5d_rdl', 'loc': '2.5d_chiplet'},{'from': 'Chiplet_1', 'to': 'Chiplet_6', 'connection_type': '2.5d_rdl', 'loc': '2.5d_chiplet'},{'from': 'Chiplet_6', 'to': 'Chiplet_2', 'connection_type': '2.5d_rdl', 'loc': '2.5d_chiplet'},{'from': 'Chiplet_6', 'to': 'Chiplet_1', 'connection_type': '2.5d_rdl', 'loc': '2.5d_chiplet'}",1,1,5,5,3,1,hbm2,ucie_std,ucie_3d,1,0,ws,0,0,0
46,38.99196697077264,3422730.35,174221.66685150977,595746912.7343161,20187.777777777777,24580.684764584475,46,11.481175603606792,15.979573171754398,2048,192x192,14,2.927572174079395,3.8395579270749995,1024,96x96,14,3.2571509657793953,3.8395579270749995,1536,96x96,14,6.975099908490179,6.821646341899999,4096,128x128,14,1.3653681800824635,3.1172648505374996,512,96x96,10,1.3653681800824635,3.1172648505374996,512,96x96,10,2.5d,"{'from': 'Chiplet_1', 'to': 'Chiplet_3', 'connection_type': '2.5d_emib', 'loc': '2.5d_chiplet'},{'from': 'Chiplet_1', 'to': 'Chiplet_4', 'connection_type': '2.5d_emib', 'loc': '2.5d_chiplet'},{'from': 'Chiplet_1', 'to': 'Chiplet_5', 'connection_type': '2.5d_emib', 'loc': '2.5d_chiplet'},{'from': 'Chiplet_1', 'to': 'Chiplet_6', 'connection_type': '2.5d_emib', 'loc': '2.5d_chiplet'},{'from': 'Chiplet_5', 'to': 'Chiplet_6', 'connection_type': '2.5d_emib', 'loc': '2.5d_chiplet'},{'from': 'Chiplet_5', 'to': 'Chiplet_1', 'connection_type': '2.5d_emib', 'loc': '2.5d_chiplet'},{'from': 'Chiplet_6', 'to': 'Chiplet_5', 'connection_type': '2.5d_emib', 'loc': '2.5d_chiplet'},{'from': 'Chiplet_6', 'to': 'Chiplet_1', 'connection_type': '2.5d_emib', 'loc': '2.5d_chiplet'},{'from': 'Chiplet_4', 'to': 'Chiplet_2', 'connection_type': '2.5d_emib', 'loc': '2.5d_chiplet'},{'from': 'Chiplet_4', 'to': 'Chiplet_3', 'connection_type': '2.5d_emib', 'loc': '2.5d_chiplet'},{'from': 'Chiplet_4', 'to': 'Chiplet_1', 'connection_type': '2.5d_emib', 'loc': '2.5d_chiplet'},{'from': 'Chiplet_3', 'to': 'Chiplet_2', 'connection_type': '2.5d_emib', 'loc': '2.5d_chiplet'},{'from': 'Chiplet_3', 'to': 'Chiplet_4', 'connection_type': '2.5d_emib', 'loc': '2.5d_chiplet'},{'from': 'Chiplet_3', 'to': 'Chiplet_1', 'connection_type': '2.5d_emib', 'loc': '2.5d_chiplet'},{'from': 'Chiplet_2', 'to': 'Chiplet_3', 'connection_type': '2.5d_emib', 'loc': '2.5d_chiplet'},{'from': 'Chiplet_2', 'to': 'Chiplet_4', 'connection_type': '2.5d_emib', 'loc': '2.5d_chiplet'}",3,1,1,1,1,1,ddr4,aib,na,0,0,is,0,0,0
47,36.37162593685587,3962890.33,190611.34368522235,646972273.4259558,11557.581699346405,20787.03341761735,47,6.726740457366197,12.973514847541198,4096,192x192,10,3.3193280905479132,5.538366334949999,3072,128x128,10,1.304342696,2.51875,2048,96x96,7,1.5385781800824634,3.1172648505374996,1024,96x96,10,1.743774000637535,1.7054115854749998,1024,64x64,14,15.436124909546791,15.979573171754398,8192,192x192,14,2.5d,"{'from': 'Chiplet_6', 'to': 'Chiplet_2', 'connection_type': '2.5d_emib', 'loc': '2.5d_chiplet'},{'from': 'Chiplet_6', 'to': 'Chiplet_1', 'connection_type': '2.5d_emib', 'loc': '2.5d_chiplet'},{'from': 'Chiplet_1', 'to': 'Chiplet_2', 'connection_type': '2.5d_emib', 'loc': '2.5d_chiplet'},{'from': 'Chiplet_1', 'to': 'Chiplet_5', 'connection_type': '2.5d_emib', 'loc': '2.5d_chiplet'},{'from': 'Chiplet_1', 'to': 'Chiplet_6', 'connection_type': '2.5d_emib', 'loc': '2.5d_chiplet'},{'from': 'Chiplet_2', 'to': 'Chiplet_5', 'connection_type': '2.5d_emib', 'loc': '2.5d_chiplet'},{'from': 'Chiplet_2', 'to': 'Chiplet_6', 'connection_type': '2.5d_emib', 'loc': '2.5d_chiplet'},{'from': 'Chiplet_2', 'to': 'Chiplet_1', 'connection_type': '2.5d_emib', 'loc': '2.5d_chiplet'},{'from': 'Chiplet_2', 'to': 'Chiplet_4', 'connection_type': '2.5d_emib', 'loc': '2.5d_chiplet'},{'from': 'Chiplet_5', 'to': 'Chiplet_2', 'connection_type': '2.5d_emib', 'loc': '2.5d_chiplet'},{'from': 'Chiplet_5', 'to': 'Chiplet_3', 'connection_type': '2.5d_emib', 'loc': '2.5d_chiplet'},{'from': 'Chiplet_5', 'to': 'Chiplet_4', 'connection_type': '2.5d_emib', 'loc': '2.5d_chiplet'},{'from': 'Chiplet_5', 'to': 'Chiplet_1', 'connection_type': '2.5d_emib', 'loc': '2.5d_chiplet'},{'from': 'Chiplet_4', 'to': 'Chiplet_2', 'connection_type': '2.5d_emib', 'loc': '2.5d_chiplet'},{'from': 'Chiplet_4', 'to': 'Chiplet_3', 'connection_type': '2.5d_emib', 'loc': '2.5d_chiplet'},{'from': 'Chiplet_4', 'to': 'Chiplet_5', 'connection_type': '2.5d_emib', 'loc': '2.5d_chiplet'},{'from': 'Chiplet_3', 'to': 'Chiplet_5', 'connection_type': '2.5d_emib', 'loc': '2.5d_chiplet'},{'from': 'Chiplet_3', 'to': 'Chiplet_4', 'connection_type': '2.5d_emib', 'loc': '2.5d_chiplet'}",1,1,1,1,1,3,ddr4,ucie_adv,na,1,0,ws,0,0,0
48,15.869514585912306,1664576.73,38635.43845264868,126959540.37112683,11851.928104575163,5742.222198263413,48,1.8849981800824636,3.1172648505374996,2048,96x96,10,0.656621759447044,1.3845915837374998,256,64x64,10,1.51595254,4.475,1024,128x128,7,0.638803,1.11875,1024,64x64,7,2.927572174079395,3.8395579270749995,1024,96x96,14,1.578984604787535,1.7054115854749998,768,64x64,14,2.5d,"{'from': 'Chiplet_5', 'to': 'Chiplet_3', 'connection_type': '2.5d_rdl', 'loc': '2.5d_chiplet'},{'from': 'Chiplet_5', 'to': 'Chiplet_1', 'connection_type': '2.5d_rdl', 'loc': '2.5d_chiplet'},{'from': 'Chiplet_3', 'to': 'Chiplet_5', 'connection_type': '2.5d_rdl', 'loc': '2.5d_chiplet'},{'from': 'Chiplet_3', 'to': 'Chiplet_6', 'connection_type': '2.5d_rdl', 'loc': '2.5d_chiplet'},{'from': 'Chiplet_3', 'to': 'Chiplet_1', 'connection_type': '2.5d_rdl', 'loc': '2.5d_chiplet'},{'from': 'Chiplet_1', 'to': 'Chiplet_5', 'connection_type': '2.5d_rdl', 'loc': '2.5d_chiplet'},{'from': 'Chiplet_1', 'to': 'Chiplet_4', 'connection_type': '2.5d_rdl', 'loc': '2.5d_chiplet'},{'from': 'Chiplet_1', 'to': 'Chiplet_3', 'connection_type': '2.5d_rdl', 'loc': '2.5d_chiplet'},{'from': 'Chiplet_1', 'to': 'Chiplet_6', 'connection_type': '2.5d_rdl', 'loc': '2.5d_chiplet'},{'from': 'Chiplet_4', 'to': 'Chiplet_2', 'connection_type': '2.5d_rdl', 'loc': '2.5d_chiplet'},{'from': 'Chiplet_4', 'to': 'Chiplet_1', 'connection_type': '2.5d_rdl', 'loc': '2.5d_chiplet'},{'from': 'Chiplet_6', 'to': 'Chiplet_2', 'connection_type': '2.5d_rdl', 'loc': '2.5d_chiplet'},{'from': 'Chiplet_6', 'to': 'Chiplet_3', 'connection_type': '2.5d_rdl', 'loc': '2.5d_chiplet'},{'from': 'Chiplet_6', 'to': 'Chiplet_1', 'connection_type': '2.5d_rdl', 'loc': '2.5d_chiplet'},{'from': 'Chiplet_2', 'to': 'Chiplet_4', 'connection_type': '2.5d_rdl', 'loc': '2.5d_chiplet'},{'from': 'Chiplet_2', 'to': 'Chiplet_6', 'connection_type': '2.5d_rdl', 'loc': '2.5d_chiplet'}",3,1,3,1,5,3,hbm3,ucie_std,na,0,0,ws,0,0,0
49,25.501000996787518,3081914.99,67761.54710249807,150888724.8196161,31316.999268347634,21375.637504020895,49,0.829831759447044,1.3845915837374998,768,64x64,10,0.784712696,2.51875,512,96x96,7,2.927572174079395,3.8395579270749995,1024,96x96,14,0.638803,1.11875,1024,64x64,7,6.033899457366197,12.973514847541198,2048,192x192,10,4.1253109519999995,10.4826,4096,192x192,7,2.5d,"{'from': 'Chiplet_5', 'to': 'Chiplet_2', 'connection_type': '2.5d_rdl', 'loc': '2.5d_chiplet'},{'from': 'Chiplet_5', 'to': 'Chiplet_3', 'connection_type': '2.5d_rdl', 'loc': '2.5d_chiplet'},{'from': 'Chiplet_5', 'to': 'Chiplet_6', 'connection_type': '2.5d_rdl', 'loc': '2.5d_chiplet'},{'from': 'Chiplet_5', 'to': 'Chiplet_1', 'connection_type': '2.5d_rdl', 'loc': '2.5d_chiplet'},{'from': 'Chiplet_1', 'to': 'Chiplet_2', 'connection_type': '2.5d_rdl', 'loc': '2.5d_chiplet'},{'from': 'Chiplet_1', 'to': 'Chiplet_5', 'connection_type': '2.5d_rdl', 'loc': '2.5d_chiplet'},{'from': 'Chiplet_2', 'to': 'Chiplet_5', 'connection_type': '2.5d_rdl', 'loc': '2.5d_chiplet'},{'from': 'Chiplet_2', 'to': 'Chiplet_1', 'connection_type': '2.5d_rdl', 'loc': '2.5d_chiplet'},{'from': 'Chiplet_6', 'to': 'Chiplet_5', 'connection_type': '2.5d_rdl', 'loc': '2.5d_chiplet'},{'from': 'Chiplet_6', 'to': 'Chiplet_4', 'connection_type': '2.5d_rdl', 'loc': '2.5d_chiplet'},{'from': 'Chiplet_6', 'to': 'Chiplet_3', 'connection_type': '2.5d_rdl', 'loc': '2.5d_chiplet'},{'from': 'Chiplet_3', 'to': 'Chiplet_5', 'connection_type': '2.5d_rdl', 'loc': '2.5d_chiplet'},{'from': 'Chiplet_3', 'to': 'Chiplet_4', 'connection_type': '2.5d_rdl', 'loc': '2.5d_chiplet'},{'from': 'Chiplet_3', 'to': 'Chiplet_6', 'connection_type': '2.5d_rdl', 'loc': '2.5d_chiplet'},{'from': 'Chiplet_4', 'to': 'Chiplet_3', 'connection_type': '2.5d_rdl', 'loc': '2.5d_chiplet'},{'from': 'Chiplet_4', 'to': 'Chiplet_6', 'connection_type': '2.5d_rdl', 'loc': '2.5d_chiplet'}",1,1,3,1,6,4,hbm2,ucie_std,na,0,0,ws,1,0,0
50,27.899687028770906,3310654.64,169588.90174020533,193700867.6559025,42983.77545898237,25035.498031256084,50,0.743226759447044,1.3845915837374998,512,64x64,10,0.784712696,2.51875,512,96x96,7,2.20879254,4.475,3072,128x128,7,1.249405813087535,1.7054115854749998,256,64x64,14,15.436124909546791,15.979573171754398,8192,192x192,14,0.46559300000000003,1.11875,512,64x64,7,2.5d,"{'from': 'Chiplet_5', 'to': 'Chiplet_3', 'connection_type': '2.5d_emib', 'loc': '2.5d_chiplet'},{'from': 'Chiplet_5', 'to': 'Chiplet_4', 'connection_type': '2.5d_emib', 'loc': '2.5d_chiplet'},{'from': 'Chiplet_3', 'to': 'Chiplet_2', 'connection_type': '2.5d_emib', 'loc': '2.5d_chiplet'},{'from': 'Chiplet_3', 'to': 'Chiplet_5', 'connection_type': '2.5d_emib', 'loc': '2.5d_chiplet'},{'from': 'Chiplet_3', 'to': 'Chiplet_6', 'connection_type': '2.5d_emib', 'loc': '2.5d_chiplet'},{'from': 'Chiplet_3', 'to': 'Chiplet_4', 'connection_type': '2.5d_emib', 'loc': '2.5d_chiplet'},{'from': 'Chiplet_6', 'to': 'Chiplet_2', 'connection_type': '2.5d_emib', 'loc': '2.5d_chiplet'},{'from': 'Chiplet_6', 'to': 'Chiplet_3', 'connection_type': '2.5d_emib', 'loc': '2.5d_chiplet'},{'from': 'Chiplet_4', 'to': 'Chiplet_2', 'connection_type': '2.5d_emib', 'loc': '2.5d_chiplet'},{'from': 'Chiplet_4', 'to': 'Chiplet_5', 'connection_type': '2.5d_emib', 'loc': '2.5d_chiplet'},{'from': 'Chiplet_4', 'to': 'Chiplet_1', 'connection_type': '2.5d_emib', 'loc': '2.5d_chiplet'},{'from': 'Chiplet_4', 'to': 'Chiplet_3', 'connection_type': '2.5d_emib', 'loc': '2.5d_chiplet'},{'from': 'Chiplet_2', 'to': 'Chiplet_3', 'connection_type': '2.5d_emib', 'loc': '2.5d_chiplet'},{'from': 'Chiplet_2', 'to': 'Chiplet_4', 'connection_type': '2.5d_emib', 'loc': '2.5d_chiplet'},{'from': 'Chiplet_2', 'to': 'Chiplet_1', 'connection_type': '2.5d_emib', 'loc': '2.5d_chiplet'},{'from': 'Chiplet_2', 'to': 'Chiplet_6', 'connection_type': '2.5d_emib', 'loc': '2.5d_chiplet'},{'from': 'Chiplet_1', 'to': 'Chiplet_2', 'connection_type': '2.5d_emib', 'loc': '2.5d_chiplet'},{'from': 'Chiplet_1', 'to': 'Chiplet_4', 'connection_type': '2.5d_emib', 'loc': '2.5d_chiplet'}",1,1,1,1,11,1,hbm3,bow,na,0,0,ws,1,0,0
51,27.7402540968731,3811770.4,100814.31906773782,432759544.074368,38411.12105683538,37006.85612605659,51,2.55521354,4.475,4096,128x128,7,4.1253109519999995,10.4826,4096,192x192,7,0.743226759447044,1.3845915837374998,512,64x64,10,5.5109919519999995,10.4826,8192,192x192,7,4.1253109519999995,10.4826,4096,192x192,7,3.2571509657793953,3.8395579270749995,1536,96x96,14,2.5d,"{'from': 'Chiplet_4', 'to': 'Chiplet_2', 'connection_type': '2.5d_rdl', 'loc': '2.5d_chiplet'},{'from': 'Chiplet_4', 'to': 'Chiplet_3', 'connection_type': '2.5d_rdl', 'loc': '2.5d_chiplet'},{'from': 'Chiplet_4', 'to': 'Chiplet_6', 'connection_type': '2.5d_rdl', 'loc': '2.5d_chiplet'},{'from': 'Chiplet_6', 'to': 'Chiplet_3', 'connection_type': '2.5d_rdl', 'loc': '2.5d_chiplet'},{'from': 'Chiplet_6', 'to': 'Chiplet_4', 'connection_type': '2.5d_rdl', 'loc': '2.5d_chiplet'},{'from': 'Chiplet_3', 'to': 'Chiplet_5', 'connection_type': '2.5d_rdl', 'loc': '2.5d_chiplet'},{'from': 'Chiplet_3', 'to': 'Chiplet_6', 'connection_type': '2.5d_rdl', 'loc': '2.5d_chiplet'},{'from': 'Chiplet_3', 'to': 'Chiplet_4', 'connection_type': '2.5d_rdl', 'loc': '2.5d_chiplet'},{'from': 'Chiplet_2', 'to': 'Chiplet_5', 'connection_type': '2.5d_rdl', 'loc': '2.5d_chiplet'},{'from': 'Chiplet_2', 'to': 'Chiplet_4', 'connection_type': '2.5d_rdl', 'loc': '2.5d_chiplet'},{'from': 'Chiplet_2', 'to': 'Chiplet_1', 'connection_type': '2.5d_rdl', 'loc': '2.5d_chiplet'},{'from': 'Chiplet_1', 'to': 'Chiplet_2', 'connection_type': '2.5d_rdl', 'loc': '2.5d_chiplet'},{'from': 'Chiplet_1', 'to': 'Chiplet_5', 'connection_type': '2.5d_rdl', 'loc': '2.5d_chiplet'},{'from': 'Chiplet_5', 'to': 'Chiplet_2', 'connection_type': '2.5d_rdl', 'loc': '2.5d_chiplet'},{'from': 'Chiplet_5', 'to': 'Chiplet_3', 'connection_type': '2.5d_rdl', 'loc': '2.5d_chiplet'},{'from': 'Chiplet_5', 'to': 'Chiplet_1', 'connection_type': '2.5d_rdl', 'loc': '2.5d_chiplet'}",1,2,1,2,1,1,ddr4,ucie_std,na,0,0,ws,1,0,0
52,27.835470857517574,2724026.25,57192.1254426535,189622547.41798314,10881.666666666668,8645.833797122577,52,0.916436759447044,1.3845915837374998,1024,64x64,10,2.972908090547913,5.538366334949999,2048,128x128,10,4.9976252555201786,6.821646341899999,1024,128x128,14,5.656782838920179,6.821646341899999,2048,128x128,14,0.743226759447044,1.3845915837374998,512,64x64,10,2.927572174079395,3.8395579270749995,1024,96x96,14,2.5d,"{'from': 'Chiplet_4', 'to': 'Chiplet_2', 'connection_type': '2.5d_rdl', 'loc': '2.5d_chiplet'},{'from': 'Chiplet_4', 'to': 'Chiplet_3', 'connection_type': '2.5d_rdl', 'loc': '2.5d_chiplet'},{'from': 'Chiplet_4', 'to': 'Chiplet_6', 'connection_type': '2.5d_rdl', 'loc': '2.5d_chiplet'},{'from': 'Chiplet_4', 'to': 'Chiplet_5', 'connection_type': '2.5d_rdl', 'loc': '2.5d_chiplet'},{'from': 'Chiplet_6', 'to': 'Chiplet_5', 'connection_type': '2.5d_rdl', 'loc': '2.5d_chiplet'},{'from': 'Chiplet_6', 'to': 'Chiplet_4', 'connection_type': '2.5d_rdl', 'loc': '2.5d_chiplet'},{'from': 'Chiplet_5', 'to': 'Chiplet_4', 'connection_type': '2.5d_rdl', 'loc': '2.5d_chiplet'},{'from': 'Chiplet_5', 'to': 'Chiplet_6', 'connection_type': '2.5d_rdl', 'loc': '2.5d_chiplet'},{'from': 'Chiplet_3', 'to': 'Chiplet_2', 'connection_type': '2.5d_rdl', 'loc': '2.5d_chiplet'},{'from': 'Chiplet_3', 'to': 'Chiplet_4', 'connection_type': '2.5d_rdl', 'loc': '2.5d_chiplet'},{'from': 'Chiplet_3', 'to': 'Chiplet_1', 'connection_type': '2.5d_rdl', 'loc': '2.5d_chiplet'},{'from': 'Chiplet_2', 'to': 'Chiplet_3', 'connection_type': '2.5d_rdl', 'loc': '2.5d_chiplet'},{'from': 'Chiplet_2', 'to': 'Chiplet_4', 'connection_type': '2.5d_rdl', 'loc': '2.5d_chiplet'},{'from': 'Chiplet_2', 'to': 'Chiplet_1', 'connection_type': '2.5d_rdl', 'loc': '2.5d_chiplet'},{'from': 'Chiplet_1', 'to': 'Chiplet_2', 'connection_type': '2.5d_rdl', 'loc': '2.5d_chiplet'},{'from': 'Chiplet_1', 'to': 'Chiplet_3', 'connection_type': '2.5d_rdl', 'loc': '2.5d_chiplet'}",1,3,4,5,1,2,hbm2,ucie_std,na,0,0,ws,0,0,0
53,30.102816045704497,3867164.48,179967.8501840212,218700372.43152636,12361.666666666668,11802.83514419254,53,5.5109919519999995,10.4826,8192,192x192,7,0.378988,1.11875,256,64x64,7,1.4141952089375351,1.7054115854749998,512,64x64,14,0.378988,1.11875,256,64x64,7,12.799492673176792,15.979573171754398,4096,192x192,14,2.597993382379395,3.8395579270749995,512,96x96,14,2.5d,"{'from': 'Chiplet_5', 'to': 'Chiplet_6', 'connection_type': '2.5d_emib', 'loc': '2.5d_chiplet'},{'from': 'Chiplet_5', 'to': 'Chiplet_1', 'connection_type': '2.5d_emib', 'loc': '2.5d_chiplet'},{'from': 'Chiplet_1', 'to': 'Chiplet_5', 'connection_type': '2.5d_emib', 'loc': '2.5d_chiplet'},{'from': 'Chiplet_1', 'to': 'Chiplet_6', 'connection_type': '2.5d_emib', 'loc': '2.5d_chiplet'},{'from': 'Chiplet_1', 'to': 'Chiplet_3', 'connection_type': '2.5d_emib', 'loc': '2.5d_chiplet'},{'from': 'Chiplet_6', 'to': 'Chiplet_2', 'connection_type': '2.5d_emib', 'loc': '2.5d_chiplet'},{'from': 'Chiplet_6', 'to': 'Chiplet_5', 'connection_type': '2.5d_emib', 'loc': '2.5d_chiplet'},{'from': 'Chiplet_6', 'to': 'Chiplet_1', 'connection_type': '2.5d_emib', 'loc': '2.5d_chiplet'},{'from': 'Chiplet_6', 'to': 'Chiplet_3', 'connection_type': '2.5d_emib', 'loc': '2.5d_chiplet'},{'from': 'Chiplet_3', 'to': 'Chiplet_2', 'connection_type': '2.5d_emib', 'loc': '2.5d_chiplet'},{'from': 'Chiplet_3', 'to': 'Chiplet_4', 'connection_type': '2.5d_emib', 'loc': '2.5d_chiplet'},{'from': 'Chiplet_3', 'to': 'Chiplet_6', 'connection_type': '2.5d_emib', 'loc': '2.5d_chiplet'},{'from': 'Chiplet_3', 'to': 'Chiplet_1', 'connection_type': '2.5d_emib', 'loc': '2.5d_chiplet'},{'from': 'Chiplet_2', 'to': 'Chiplet_4', 'connection_type': '2.5d_emib', 'loc': '2.5d_chiplet'},{'from': 'Chiplet_2', 'to': 'Chiplet_6', 'connection_type': '2.5d_emib', 'loc': '2.5d_chiplet'},{'from': 'Chiplet_2', 'to': 'Chiplet_3', 'connection_type': '2.5d_emib', 'loc': '2.5d_chiplet'},{'from': 'Chiplet_4', 'to': 'Chiplet_2', 'connection_type': '2.5d_emib', 'loc': '2.5d_chiplet'},{'from': 'Chiplet_4', 'to': 'Chiplet_3', 'connection_type': '2.5d_emib', 'loc': '2.5d_chiplet'}",3,1,1,1,9,1,hbm2,bow,na,1,0,os,0,0,0
54,31.35131107706285,3930691.49,177513.04810764428,198712695.64172673,8927.222222222223,9864.038802734194,54,0.656621759447044,1.3845915837374998,256,64x64,10,1.86237254,4.475,2048,128x128,7,3.432469952,10.4826,2048,192x192,7,8.112421457366196,12.973514847541198,8192,192x192,10,4.9976252555201786,6.821646341899999,1024,128x128,14,1.249405813087535,1.7054115854749998,256,64x64,14,2.5d,"{'from': 'Chiplet_4', 'to': 'Chiplet_2', 'connection_type': '2.5d_emib', 'loc': '2.5d_chiplet'},{'from': 'Chiplet_4', 'to': 'Chiplet_5', 'connection_type': '2.5d_emib', 'loc': '2.5d_chiplet'},{'from': 'Chiplet_4', 'to': 'Chiplet_3', 'connection_type': '2.5d_emib', 'loc': '2.5d_chiplet'},{'from': 'Chiplet_2', 'to': 'Chiplet_3', 'connection_type': '2.5d_emib', 'loc': '2.5d_chiplet'},{'from': 'Chiplet_2', 'to': 'Chiplet_4', 'connection_type': '2.5d_emib', 'loc': '2.5d_chiplet'},{'from': 'Chiplet_5', 'to': 'Chiplet_3', 'connection_type': '2.5d_emib', 'loc': '2.5d_chiplet'},{'from': 'Chiplet_5', 'to': 'Chiplet_4', 'connection_type': '2.5d_emib', 'loc': '2.5d_chiplet'},{'from': 'Chiplet_5', 'to': 'Chiplet_6', 'connection_type': '2.5d_emib', 'loc': '2.5d_chiplet'},{'from': 'Chiplet_3', 'to': 'Chiplet_4', 'connection_type': '2.5d_emib', 'loc': '2.5d_chiplet'},{'from': 'Chiplet_3', 'to': 'Chiplet_2', 'connection_type': '2.5d_emib', 'loc': '2.5d_chiplet'},{'from': 'Chiplet_3', 'to': 'Chiplet_5', 'connection_type': '2.5d_emib', 'loc': '2.5d_chiplet'},{'from': 'Chiplet_3', 'to': 'Chiplet_6', 'connection_type': '2.5d_emib', 'loc': '2.5d_chiplet'},{'from': 'Chiplet_3', 'to': 'Chiplet_1', 'connection_type': '2.5d_emib', 'loc': '2.5d_chiplet'},{'from': 'Chiplet_6', 'to': 'Chiplet_3', 'connection_type': '2.5d_emib', 'loc': '2.5d_chiplet'},{'from': 'Chiplet_6', 'to': 'Chiplet_5', 'connection_type': '2.5d_emib', 'loc': '2.5d_chiplet'},{'from': 'Chiplet_6', 'to': 'Chiplet_1', 'connection_type': '2.5d_emib', 'loc': '2.5d_chiplet'},{'from': 'Chiplet_1', 'to': 'Chiplet_3', 'connection_type': '2.5d_emib', 'loc': '2.5d_chiplet'},{'from': 'Chiplet_1', 'to': 'Chiplet_6', 'connection_type': '2.5d_emib', 'loc': '2.5d_chiplet'}",1,1,3,6,4,1,hbm2,aib,na,1,0,ws,0,0,0
55,17.10189521668082,2075905.59,48406.77364910003,131053629.25101827,15301.202118989404,8663.28627656271,55,3.432469952,10.4826,2048,192x192,7,1.578984604787535,1.7054115854749998,768,64x64,14,1.743774000637535,1.7054115854749998,1024,64x64,14,3.2571509657793953,3.8395579270749995,1536,96x96,14,1.5385781800824634,3.1172648505374996,1024,96x96,10,0.656621759447044,1.3845915837374998,256,64x64,10,2.5d,"{'from': 'Chiplet_1', 'to': 'Chiplet_2', 'connection_type': '2.5d_rdl', 'loc': '2.5d_chiplet'},{'from': 'Chiplet_1', 'to': 'Chiplet_6', 'connection_type': '2.5d_rdl', 'loc': '2.5d_chiplet'},{'from': 'Chiplet_1', 'to': 'Chiplet_4', 'connection_type': '2.5d_rdl', 'loc': '2.5d_chiplet'},{'from': 'Chiplet_2', 'to': 'Chiplet_6', 'connection_type': '2.5d_rdl', 'loc': '2.5d_chiplet'},{'from': 'Chiplet_2', 'to': 'Chiplet_1', 'connection_type': '2.5d_rdl', 'loc': '2.5d_chiplet'},{'from': 'Chiplet_6', 'to': 'Chiplet_2', 'connection_type': '2.5d_rdl', 'loc': '2.5d_chiplet'},{'from': 'Chiplet_6', 'to': 'Chiplet_1', 'connection_type': '2.5d_rdl', 'loc': '2.5d_chiplet'},{'from': 'Chiplet_4', 'to': 'Chiplet_3', 'connection_type': '2.5d_rdl', 'loc': '2.5d_chiplet'},{'from': 'Chiplet_4', 'to': 'Chiplet_5', 'connection_type': '2.5d_rdl', 'loc': '2.5d_chiplet'},{'from': 'Chiplet_4', 'to': 'Chiplet_1', 'connection_type': '2.5d_rdl', 'loc': '2.5d_chiplet'},{'from': 'Chiplet_3', 'to': 'Chiplet_5', 'connection_type': '2.5d_rdl', 'loc': '2.5d_chiplet'},{'from': 'Chiplet_3', 'to': 'Chiplet_4', 'connection_type': '2.5d_rdl', 'loc': '2.5d_chiplet'},{'from': 'Chiplet_5', 'to': 'Chiplet_3', 'connection_type': '2.5d_rdl', 'loc': '2.5d_chiplet'},{'from': 'Chiplet_5', 'to': 'Chiplet_4', 'connection_type': '2.5d_rdl', 'loc': '2.5d_chiplet'}",5,2,2,4,2,1,hbm3,ucie_std,na,1,0,is,0,0,0
56,15.505069280307893,2489310.31,161011.00418942765,204069141.60421616,8261.666666666668,7016.680441790876,56,2.597993382379395,3.8395579270749995,512,96x96,14,0.957922696,2.51875,1024,96x96,7,2.55521354,4.475,4096,128x128,7,1.578984604787535,1.7054115854749998,768,64x64,14,2.20879254,4.475,3072,128x128,7,2.20879254,4.475,3072,128x128,7,2.5d,"{'from': 'Chiplet_1', 'to': 'Chiplet_2', 'connection_type': '2.5d_emib', 'loc': '2.5d_chiplet'},{'from': 'Chiplet_1', 'to': 'Chiplet_3', 'connection_type': '2.5d_emib', 'loc': '2.5d_chiplet'},{'from': 'Chiplet_1', 'to': 'Chiplet_6', 'connection_type': '2.5d_emib', 'loc': '2.5d_chiplet'},{'from': 'Chiplet_6', 'to': 'Chiplet_2', 'connection_type': '2.5d_emib', 'loc': '2.5d_chiplet'},{'from': 'Chiplet_6', 'to': 'Chiplet_1', 'connection_type': '2.5d_emib', 'loc': '2.5d_chiplet'},{'from': 'Chiplet_2', 'to': 'Chiplet_6', 'connection_type': '2.5d_emib', 'loc': '2.5d_chiplet'},{'from': 'Chiplet_2', 'to': 'Chiplet_1', 'connection_type': '2.5d_emib', 'loc': '2.5d_chiplet'},{'from': 'Chiplet_3', 'to': 'Chiplet_5', 'connection_type': '2.5d_emib', 'loc': '2.5d_chiplet'},{'from': 'Chiplet_3', 'to': 'Chiplet_4', 'connection_type': '2.5d_emib', 'loc': '2.5d_chiplet'},{'from': 'Chiplet_3', 'to': 'Chiplet_1', 'connection_type': '2.5d_emib', 'loc': '2.5d_chiplet'},{'from': 'Chiplet_5', 'to': 'Chiplet_3', 'connection_type': '2.5d_emib', 'loc': '2.5d_chiplet'},{'from': 'Chiplet_5', 'to': 'Chiplet_4', 'connection_type': '2.5d_emib', 'loc': '2.5d_chiplet'},{'from': 'Chiplet_4', 'to': 'Chiplet_5', 'connection_type': '2.5d_emib', 'loc': '2.5d_chiplet'},{'from': 'Chiplet_4', 'to': 'Chiplet_3', 'connection_type': '2.5d_emib', 'loc': '2.5d_chiplet'}",4,1,3,2,3,3,hbm2,bow,na,0,0,os,0,0,0
57,37.983287555913655,4372758.31,184807.27760396647,154534692.02321082,20505.44081353634,17915.068081442718,57,0.552198,1.11875,768,64x64,7,3.432469952,10.4826,2048,192x192,7,2.20879254,4.475,3072,128x128,7,6.315940422320179,6.821646341899999,3072,128x128,14,11.481175603606792,15.979573171754398,2048,192x192,14,0.552198,1.11875,768,64x64,7,2.5d,"{'from': 'Chiplet_5', 'to': 'Chiplet_2', 'connection_type': '2.5d_emib', 'loc': '2.5d_chiplet'},{'from': 'Chiplet_5', 'to': 'Chiplet_4', 'connection_type': '2.5d_emib', 'loc': '2.5d_chiplet'},{'from': 'Chiplet_5', 'to': 'Chiplet_1', 'connection_type': '2.5d_emib', 'loc': '2.5d_chiplet'},{'from': 'Chiplet_1', 'to': 'Chiplet_2', 'connection_type': '2.5d_emib', 'loc': '2.5d_chiplet'},{'from': 'Chiplet_1', 'to': 'Chiplet_5', 'connection_type': '2.5d_emib', 'loc': '2.5d_chiplet'},{'from': 'Chiplet_4', 'to': 'Chiplet_2', 'connection_type': '2.5d_emib', 'loc': '2.5d_chiplet'},{'from': 'Chiplet_4', 'to': 'Chiplet_5', 'connection_type': '2.5d_emib', 'loc': '2.5d_chiplet'},{'from': 'Chiplet_4', 'to': 'Chiplet_3', 'connection_type': '2.5d_emib', 'loc': '2.5d_chiplet'},{'from': 'Chiplet_2', 'to': 'Chiplet_4', 'connection_type': '2.5d_emib', 'loc': '2.5d_chiplet'},{'from': 'Chiplet_2', 'to': 'Chiplet_5', 'connection_type': '2.5d_emib', 'loc': '2.5d_chiplet'},{'from': 'Chiplet_2', 'to': 'Chiplet_6', 'connection_type': '2.5d_emib', 'loc': '2.5d_chiplet'},{'from': 'Chiplet_2', 'to': 'Chiplet_3', 'connection_type': '2.5d_emib', 'loc': '2.5d_chiplet'},{'from': 'Chiplet_2', 'to': 'Chiplet_1', 'connection_type': '2.5d_emib', 'loc': '2.5d_chiplet'},{'from': 'Chiplet_3', 'to': 'Chiplet_2', 'connection_type': '2.5d_emib', 'loc': '2.5d_chiplet'},{'from': 'Chiplet_3', 'to': 'Chiplet_6', 'connection_type': '2.5d_emib', 'loc': '2.5d_chiplet'},{'from': 'Chiplet_3', 'to': 'Chiplet_4', 'connection_type': '2.5d_emib', 'loc': '2.5d_chiplet'},{'from': 'Chiplet_6', 'to': 'Chiplet_2', 'connection_type': '2.5d_emib', 'loc': '2.5d_chiplet'},{'from': 'Chiplet_6', 'to': 'Chiplet_3', 'connection_type': '2.5d_emib', 'loc': '2.5d_chiplet'}",1,2,1,4,7,1,hbm2,ucie_adv,na,0,0,os,1,0,0
58,34.78386388574885,3880562.63,86660.80337302882,168130202.71970558,47573.442053782936,33738.46689550921,58,2.55521354,4.475,4096,128x128,7,0.46559300000000003,1.11875,512,64x64,7,4.9976252555201786,6.821646341899999,1024,128x128,14,2.6264880905479133,5.538366334949999,1024,128x128,10,14.117807839976791,15.979573171754398,6144,192x192,14,0.46559300000000003,1.11875,512,64x64,7,2.5d,"{'from': 'Chiplet_5', 'to': 'Chiplet_3', 'connection_type': '2.5d_rdl', 'loc': '2.5d_chiplet'},{'from': 'Chiplet_5', 'to': 'Chiplet_4', 'connection_type': '2.5d_rdl', 'loc': '2.5d_chiplet'},{'from': 'Chiplet_3', 'to': 'Chiplet_2', 'connection_type': '2.5d_rdl', 'loc': '2.5d_chiplet'},{'from': 'Chiplet_3', 'to': 'Chiplet_5', 'connection_type': '2.5d_rdl', 'loc': '2.5d_chiplet'},{'from': 'Chiplet_3', 'to': 'Chiplet_4', 'connection_type': '2.5d_rdl', 'loc': '2.5d_chiplet'},{'from': 'Chiplet_3', 'to': 'Chiplet_1', 'connection_type': '2.5d_rdl', 'loc': '2.5d_chiplet'},{'from': 'Chiplet_2', 'to': 'Chiplet_3', 'connection_type': '2.5d_rdl', 'loc': '2.5d_chiplet'},{'from': 'Chiplet_2', 'to': 'Chiplet_1', 'connection_type': '2.5d_rdl', 'loc': '2.5d_chiplet'},{'from': 'Chiplet_4', 'to': 'Chiplet_5', 'connection_type': '2.5d_rdl', 'loc': '2.5d_chiplet'},{'from': 'Chiplet_4', 'to': 'Chiplet_6', 'connection_type': '2.5d_rdl', 'loc': '2.5d_chiplet'},{'from': 'Chiplet_4', 'to': 'Chiplet_1', 'connection_type': '2.5d_rdl', 'loc': '2.5d_chiplet'},{'from': 'Chiplet_4', 'to': 'Chiplet_3', 'connection_type': '2.5d_rdl', 'loc': '2.5d_chiplet'},{'from': 'Chiplet_1', 'to': 'Chiplet_2', 'connection_type': '2.5d_rdl', 'loc': '2.5d_chiplet'},{'from': 'Chiplet_1', 'to': 'Chiplet_3', 'connection_type': '2.5d_rdl', 'loc': '2.5d_chiplet'},{'from': 'Chiplet_1', 'to': 'Chiplet_4', 'connection_type': '2.5d_rdl', 'loc': '2.5d_chiplet'},{'from': 'Chiplet_1', 'to': 'Chiplet_6', 'connection_type': '2.5d_rdl', 'loc': '2.5d_chiplet'},{'from': 'Chiplet_6', 'to': 'Chiplet_4', 'connection_type': '2.5d_rdl', 'loc': '2.5d_chiplet'},{'from': 'Chiplet_6', 'to': 'Chiplet_1', 'connection_type': '2.5d_rdl', 'loc': '2.5d_chiplet'}",1,1,3,1,9,1,hbm3,ucie_std,na,0,0,is,1,0,0
59,10.486870099511053,1988590.48,80237.34785526159,421411071.5061463,8957.067336284941,11793.597126382117,59,1.578984604787535,1.7054115854749998,768,64x64,14,6.726740457366197,12.973514847541198,4096,192x192,10,1.5385781800824634,3.1172648505374996,1024,96x96,10,0.46559300000000003,1.11875,512,64x64,7,1.7117881800824635,3.1172648505374996,1536,96x96,10,1.131132696,2.51875,1536,96x96,7,2.5d_3d,"{'from': 'Chiplet_5', 'to': 'Chiplet_1', 'connection_type': '3d_u_bump', 'loc': 'stack0_base'},{'from': 'Chiplet_1', 'to': 'Chiplet_3', 'connection_type': '3d_u_bump', 'loc': 'stack0_middle1'},{'from': 'Chiplet_3', 'to': 'Chiplet_6', 'connection_type': '3d_u_bump', 'loc': 'stack0_middle2'},{'from': 'Chiplet_6', 'to': 'Chiplet_4', 'connection_type': '3d_u_bump', 'loc': 'stack0_middle3'},{'from': 'Chiplet_4', 'to': 'na', 'connection_type': '3d_u_bump', 'loc': 'stack0_top'},{'from': 'Chiplet_2', 'to': 'Chiplet_5', 'connection_type': '2.5d_emib', 'loc': '2.5d_chiplet'},{'from': 'Chiplet_5', 'to': 'Chiplet_2', 'connection_type': '2.5d_emib', 'loc': '2.5d_chiplet'}",1,3,1,1,1,1,ddr5,ucie_adv,ucie_3d,0,0,os,0,0,0
60,54.095995098462296,5490759.41,189916.97497489443,192292289.7121937,8612.837837837838,11488.637531664011,60,6.033899457366197,12.973514847541198,2048,192x192,10,3.3193280905479132,5.538366334949999,3072,128x128,10,11.481175603606792,15.979573171754398,2048,192x192,14,6.726740457366197,12.973514847541198,4096,192x192,10,0.916436759447044,1.3845915837374998,1024,64x64,10,0.829831759447044,1.3845915837374998,768,64x64,10,2.5d,"{'from': 'Chiplet_3', 'to': 'Chiplet_2', 'connection_type': '2.5d_emib', 'loc': '2.5d_chiplet'},{'from': 'Chiplet_3', 'to': 'Chiplet_4', 'connection_type': '2.5d_emib', 'loc': '2.5d_chiplet'},{'from': 'Chiplet_2', 'to': 'Chiplet_3', 'connection_type': '2.5d_emib', 'loc': '2.5d_chiplet'},{'from': 'Chiplet_2', 'to': 'Chiplet_4', 'connection_type': '2.5d_emib', 'loc': '2.5d_chiplet'},{'from': 'Chiplet_2', 'to': 'Chiplet_1', 'connection_type': '2.5d_emib', 'loc': '2.5d_chiplet'},{'from': 'Chiplet_4', 'to': 'Chiplet_2', 'connection_type': '2.5d_emib', 'loc': '2.5d_chiplet'},{'from': 'Chiplet_4', 'to': 'Chiplet_3', 'connection_type': '2.5d_emib', 'loc': '2.5d_chiplet'},{'from': 'Chiplet_4', 'to': 'Chiplet_6', 'connection_type': '2.5d_emib', 'loc': '2.5d_chiplet'},{'from': 'Chiplet_4', 'to': 'Chiplet_1', 'connection_type': '2.5d_emib', 'loc': '2.5d_chiplet'},{'from': 'Chiplet_6', 'to': 'Chiplet_5', 'connection_type': '2.5d_emib', 'loc': '2.5d_chiplet'},{'from': 'Chiplet_6', 'to': 'Chiplet_4', 'connection_type': '2.5d_emib', 'loc': '2.5d_chiplet'},{'from': 'Chiplet_1', 'to': 'Chiplet_2', 'connection_type': '2.5d_emib', 'loc': '2.5d_chiplet'},{'from': 'Chiplet_1', 'to': 'Chiplet_5', 'connection_type': '2.5d_emib', 'loc': '2.5d_chiplet'},{'from': 'Chiplet_1', 'to': 'Chiplet_4', 'connection_type': '2.5d_emib', 'loc': '2.5d_chiplet'},{'from': 'Chiplet_5', 'to': 'Chiplet_6', 'connection_type': '2.5d_emib', 'loc': '2.5d_chiplet'},{'from': 'Chiplet_5', 'to': 'Chiplet_1', 'connection_type': '2.5d_emib', 'loc': '2.5d_chiplet'}",3,2,6,3,1,1,hbm2,aib,na,0,0,os,0,0,0
61,30.253636685390507,4660124.45,87753.40632752591,189601179.65646428,10206.34188034188,9916.694358725024,61,1.3653681800824635,3.1172648505374996,512,96x96,10,2.55521354,4.475,4096,128x128,7,3.2571509657793953,3.8395579270749995,1536,96x96,14,6.975099908490179,6.821646341899999,4096,128x128,14,3.665749090547913,5.538366334949999,4096,128x128,10,4.818150952,10.4826,6144,192x192,7,2.5d_3d,"{'from': 'Chiplet_6', 'to': 'Chiplet_1', 'connection_type': '3d_hyb_bond', 'loc': 'stack0_base'},{'from': 'Chiplet_1', 'to': 'na', 'connection_type': '3d_hyb_bond', 'loc': 'stack0_top'},{'from': 'Chiplet_4', 'to': 'Chiplet_5', 'connection_type': '2.5d_rdl', 'loc': '2.5d_chiplet'},{'from': 'Chiplet_4', 'to': 'Chiplet_6', 'connection_type': '2.5d_rdl', 'loc': '2.5d_chiplet'},{'from': 'Chiplet_4', 'to': 'Chiplet_3', 'connection_type': '2.5d_rdl', 'loc': '2.5d_chiplet'},{'from': 'Chiplet_3', 'to': 'Chiplet_5', 'connection_type': '2.5d_rdl', 'loc': '2.5d_chiplet'},{'from': 'Chiplet_3', 'to': 'Chiplet_4', 'connection_type': '2.5d_rdl', 'loc': '2.5d_chiplet'},{'from': 'Chiplet_6', 'to': 'Chiplet_2', 'connection_type': '2.5d_rdl', 'loc': '2.5d_chiplet'},{'from': 'Chiplet_6', 'to': 'Chiplet_5', 'connection_type': '2.5d_rdl', 'loc': '2.5d_chiplet'},{'from': 'Chiplet_6', 'to': 'Chiplet_4', 'connection_type': '2.5d_rdl', 'loc': '2.5d_chiplet'},{'from': 'Chiplet_5', 'to': 'Chiplet_2', 'connection_type': '2.5d_rdl', 'loc': '2.5d_chiplet'},{'from': 'Chiplet_5', 'to': 'Chiplet_3', 'connection_type': '2.5d_rdl', 'loc': '2.5d_chiplet'},{'from': 'Chiplet_5', 'to': 'Chiplet_4', 'connection_type': '2.5d_rdl', 'loc': '2.5d_chiplet'},{'from': 'Chiplet_5', 'to': 'Chiplet_6', 'connection_type': '2.5d_rdl', 'loc': '2.5d_chiplet'},{'from': 'Chiplet_2', 'to': 'Chiplet_5', 'connection_type': '2.5d_rdl', 'loc': '2.5d_chiplet'},{'from': 'Chiplet_2', 'to': 'Chiplet_6', 'connection_type': '2.5d_rdl', 'loc': '2.5d_chiplet'}",1,2,2,5,3,3,hbm3,ucie_std,ucie_3d,0,0,is,0,0,0
62,54.77888579095048,6486361.65,135070.1151224653,211957752.45516676,5746.389793702498,9515.272989126799,62,5.5109919519999995,10.4826,8192,192x192,7,15.436124909546791,15.979573171754398,8192,192x192,14,3.665749090547913,5.538366334949999,4096,128x128,10,0.656621759447044,1.3845915837374998,256,64x64,10,7.419580457366196,12.973514847541198,6144,192x192,10,6.975099908490179,6.821646341899999,4096,128x128,14,2.5d,"{'from': 'Chiplet_2', 'to': 'Chiplet_4', 'connection_type': '2.5d_rdl', 'loc': '2.5d_chiplet'},{'from': 'Chiplet_2', 'to': 'Chiplet_5', 'connection_type': '2.5d_rdl', 'loc': '2.5d_chiplet'},{'from': 'Chiplet_2', 'to': 'Chiplet_6', 'connection_type': '2.5d_rdl', 'loc': '2.5d_chiplet'},{'from': 'Chiplet_2', 'to': 'Chiplet_3', 'connection_type': '2.5d_rdl', 'loc': '2.5d_chiplet'},{'from': 'Chiplet_3', 'to': 'Chiplet_2', 'connection_type': '2.5d_rdl', 'loc': '2.5d_chiplet'},{'from': 'Chiplet_3', 'to': 'Chiplet_4', 'connection_type': '2.5d_rdl', 'loc': '2.5d_chiplet'},{'from': 'Chiplet_4', 'to': 'Chiplet_2', 'connection_type': '2.5d_rdl', 'loc': '2.5d_chiplet'},{'from': 'Chiplet_4', 'to': 'Chiplet_3', 'connection_type': '2.5d_rdl', 'loc': '2.5d_chiplet'},{'from': 'Chiplet_5', 'to': 'Chiplet_2', 'connection_type': '2.5d_rdl', 'loc': '2.5d_chiplet'},{'from': 'Chiplet_5', 'to': 'Chiplet_6', 'connection_type': '2.5d_rdl', 'loc': '2.5d_chiplet'},{'from': 'Chiplet_5', 'to': 'Chiplet_1', 'connection_type': '2.5d_rdl', 'loc': '2.5d_chiplet'},{'from': 'Chiplet_6', 'to': 'Chiplet_2', 'connection_type': '2.5d_rdl', 'loc': '2.5d_chiplet'},{'from': 'Chiplet_6', 'to': 'Chiplet_5', 'connection_type': '2.5d_rdl', 'loc': '2.5d_chiplet'},{'from': 'Chiplet_6', 'to': 'Chiplet_1', 'connection_type': '2.5d_rdl', 'loc': '2.5d_chiplet'},{'from': 'Chiplet_1', 'to': 'Chiplet_5', 'connection_type': '2.5d_rdl', 'loc': '2.5d_chiplet'},{'from': 'Chiplet_1', 'to': 'Chiplet_6', 'connection_type': '2.5d_rdl', 'loc': '2.5d_chiplet'}",2,6,1,1,3,3,hbm3,ucie_std,na,0,0,os,0,0,0
63,32.52221793975577,3958803.87,148737.10304477342,181022768.86873603,43420.18930370252,29285.48860758214,63,0.656621759447044,1.3845915837374998,256,64x64,10,5.656782838920179,6.821646341899999,2048,128x128,14,0.656621759447044,1.3845915837374998,256,64x64,10,1.7117881800824635,3.1172648505374996,1536,96x96,10,14.117807839976791,15.979573171754398,6144,192x192,14,3.2571509657793953,3.8395579270749995,1536,96x96,14,2.5d_3d,"{'from': 'Chiplet_2', 'to': 'Chiplet_1', 'connection_type': '3d_tsv', 'loc': 'stack0_base'},{'from': 'Chiplet_1', 'to': 'na', 'connection_type': '3d_tsv', 'loc': 'stack0_top'},{'from': 'Chiplet_5', 'to': 'Chiplet_2', 'connection_type': '2.5d_emib', 'loc': '2.5d_chiplet'},{'from': 'Chiplet_5', 'to': 'Chiplet_6', 'connection_type': '2.5d_emib', 'loc': '2.5d_chiplet'},{'from': 'Chiplet_2', 'to': 'Chiplet_5', 'connection_type': '2.5d_emib', 'loc': '2.5d_chiplet'},{'from': 'Chiplet_2', 'to': 'Chiplet_6', 'connection_type': '2.5d_emib', 'loc': '2.5d_chiplet'},{'from': 'Chiplet_2', 'to': 'Chiplet_4', 'connection_type': '2.5d_emib', 'loc': '2.5d_chiplet'},{'from': 'Chiplet_6', 'to': 'Chiplet_2', 'connection_type': '2.5d_emib', 'loc': '2.5d_chiplet'},{'from': 'Chiplet_6', 'to': 'Chiplet_5', 'connection_type': '2.5d_emib', 'loc': '2.5d_chiplet'},{'from': 'Chiplet_6', 'to': 'Chiplet_4', 'connection_type': '2.5d_emib', 'loc': '2.5d_chiplet'},{'from': 'Chiplet_6', 'to': 'Chiplet_3', 'connection_type': '2.5d_emib', 'loc': '2.5d_chiplet'},{'from': 'Chiplet_4', 'to': 'Chiplet_2', 'connection_type': '2.5d_emib', 'loc': '2.5d_chiplet'},{'from': 'Chiplet_4', 'to': 'Chiplet_3', 'connection_type': '2.5d_emib', 'loc': '2.5d_chiplet'},{'from': 'Chiplet_4', 'to': 'Chiplet_6', 'connection_type': '2.5d_emib', 'loc': '2.5d_chiplet'},{'from': 'Chiplet_3', 'to': 'Chiplet_4', 'connection_type': '2.5d_emib', 'loc': '2.5d_chiplet'},{'from': 'Chiplet_3', 'to': 'Chiplet_6', 'connection_type': '2.5d_emib', 'loc': '2.5d_chiplet'}",1,3,1,1,8,2,hbm3,ucie_adv,ucie_3d,0,0,is,1,0,0
64,30.419564993321437,4284165.49,152669.38775699816,285833611.161319,17418.649824793454,20927.148805862875,64,0.957922696,2.51875,1024,96x96,7,0.784712696,2.51875,512,96x96,7,1.86237254,4.475,2048,128x128,7,7.419580457366196,12.973514847541198,6144,192x192,10,11.481175603606792,15.979573171754398,2048,192x192,14,3.432469952,10.4826,2048,192x192,7,2.5d_3d,"{'from': 'Chiplet_4', 'to': 'Chiplet_1', 'connection_type': '3d_u_bump', 'loc': 'stack0_base'},{'from': 'Chiplet_1', 'to': 'Chiplet_2', 'connection_type': '3d_u_bump', 'loc': 'stack0_middle1'},{'from': 'Chiplet_2', 'to': 'na', 'connection_type': '3d_u_bump', 'loc': 'stack0_top'},{'from': 'Chiplet_5', 'to': 'Chiplet_6', 'connection_type': '2.5d_emib', 'loc': '2.5d_chiplet'},{'from': 'Chiplet_5', 'to': 'Chiplet_4', 'connection_type': '2.5d_emib', 'loc': '2.5d_chiplet'},{'from': 'Chiplet_4', 'to': 'Chiplet_5', 'connection_type': '2.5d_emib', 'loc': '2.5d_chiplet'},{'from': 'Chiplet_4', 'to': 'Chiplet_6', 'connection_type': '2.5d_emib', 'loc': '2.5d_chiplet'},{'from': 'Chiplet_4', 'to': 'Chiplet_3', 'connection_type': '2.5d_emib', 'loc': '2.5d_chiplet'},{'from': 'Chiplet_6', 'to': 'Chiplet_5', 'connection_type': '2.5d_emib', 'loc': '2.5d_chiplet'},{'from': 'Chiplet_6', 'to': 'Chiplet_4', 'connection_type': '2.5d_emib', 'loc': '2.5d_chiplet'},{'from': 'Chiplet_6', 'to': 'Chiplet_3', 'connection_type': '2.5d_emib', 'loc': '2.5d_chiplet'},{'from': 'Chiplet_3', 'to': 'Chiplet_4', 'connection_type': '2.5d_emib', 'loc': '2.5d_chiplet'},{'from': 'Chiplet_3', 'to': 'Chiplet_6', 'connection_type': '2.5d_emib', 'loc': '2.5d_chiplet'}",1,1,1,1,3,1,ddr5,ucie_adv,ucie_3d,1,0,ws,1,0,0
65,11.818809003092905,2524923.61,70107.90613610187,384269911.5796818,27685.142599409446,24449.821394062026,65,2.6264880905479133,5.538366334949999,1024,128x128,10,6.726740457366197,12.973514847541198,4096,192x192,10,1.7117881800824635,3.1172648505374996,1536,96x96,10,1.304342696,2.51875,2048,96x96,7,3.3193280905479132,5.538366334949999,3072,128x128,10,1.51595254,4.475,1024,128x128,7,2.5d_3d,"{'from': 'Chiplet_2', 'to': 'Chiplet_1', 'connection_type': '3d_tsv', 'loc': 'stack0_base'},{'from': 'Chiplet_1', 'to': 'Chiplet_3', 'connection_type': '3d_tsv', 'loc': 'stack0_middle1'},{'from': 'Chiplet_3', 'to': 'Chiplet_6', 'connection_type': '3d_tsv', 'loc': 'stack0_middle2'},{'from': 'Chiplet_6', 'to': 'Chiplet_4', 'connection_type': '3d_tsv', 'loc': 'stack0_middle3'},{'from': 'Chiplet_4', 'to': 'na', 'connection_type': '3d_tsv', 'loc': 'stack0_top'},{'from': 'Chiplet_2', 'to': 'Chiplet_5', 'connection_type': '2.5d_rdl', 'loc': '2.5d_chiplet'},{'from': 'Chiplet_5', 'to': 'Chiplet_2', 'connection_type': '2.5d_rdl', 'loc': '2.5d_chiplet'}",1,3,1,1,1,1,ddr4,ucie_std,ucie_3d,1,0,ws,1,0,0
66,30.01994829958202,4019772.84,180816.021989299,144347696.38877636,5746.389793702498,7140.801876327869,66,4.9976252555201786,6.821646341899999,1024,128x128,14,3.665749090547913,5.538366334949999,4096,128x128,10,3.3193280905479132,5.538366334949999,3072,128x128,10,6.033899457366197,12.973514847541198,2048,192x192,10,3.432469952,10.4826,2048,192x192,7,0.46559300000000003,1.11875,512,64x64,7,2.5d,"{'from': 'Chiplet_4', 'to': 'Chiplet_2', 'connection_type': '2.5d_emib', 'loc': '2.5d_chiplet'},{'from': 'Chiplet_4', 'to': 'Chiplet_5', 'connection_type': '2.5d_emib', 'loc': '2.5d_chiplet'},{'from': 'Chiplet_4', 'to': 'Chiplet_6', 'connection_type': '2.5d_emib', 'loc': '2.5d_chiplet'},{'from': 'Chiplet_4', 'to': 'Chiplet_1', 'connection_type': '2.5d_emib', 'loc': '2.5d_chiplet'},{'from': 'Chiplet_5', 'to': 'Chiplet_4', 'connection_type': '2.5d_emib', 'loc': '2.5d_chiplet'},{'from': 'Chiplet_5', 'to': 'Chiplet_6', 'connection_type': '2.5d_emib', 'loc': '2.5d_chiplet'},{'from': 'Chiplet_6', 'to': 'Chiplet_5', 'connection_type': '2.5d_emib', 'loc': '2.5d_chiplet'},{'from': 'Chiplet_6', 'to': 'Chiplet_4', 'connection_type': '2.5d_emib', 'loc': '2.5d_chiplet'},{'from': 'Chiplet_1', 'to': 'Chiplet_2', 'connection_type': '2.5d_emib', 'loc': '2.5d_chiplet'},{'from': 'Chiplet_1', 'to': 'Chiplet_3', 'connection_type': '2.5d_emib', 'loc': '2.5d_chiplet'},{'from': 'Chiplet_1', 'to': 'Chiplet_4', 'connection_type': '2.5d_emib', 'loc': '2.5d_chiplet'},{'from': 'Chiplet_2', 'to': 'Chiplet_3', 'connection_type': '2.5d_emib', 'loc': '2.5d_chiplet'},{'from': 'Chiplet_2', 'to': 'Chiplet_4', 'connection_type': '2.5d_emib', 'loc': '2.5d_chiplet'},{'from': 'Chiplet_2', 'to': 'Chiplet_1', 'connection_type': '2.5d_emib', 'loc': '2.5d_chiplet'},{'from': 'Chiplet_3', 'to': 'Chiplet_2', 'connection_type': '2.5d_emib', 'loc': '2.5d_chiplet'},{'from': 'Chiplet_3', 'to': 'Chiplet_1', 'connection_type': '2.5d_emib', 'loc': '2.5d_chiplet'}",4,3,2,4,2,1,hbm3,bow,na,0,0,os,0,0,0
67,19.984943714868102,2537074.57,156635.9705377563,110678751.7230103,27119.989605670955,14729.945126388231,67,3.432469952,10.4826,2048,192x192,7,3.5867297574793953,3.8395579270749995,2048,96x96,14,1.249405813087535,1.7054115854749998,256,64x64,14,0.743226759447044,1.3845915837374998,512,64x64,10,1.304342696,2.51875,2048,96x96,7,2.6264880905479133,5.538366334949999,1024,128x128,10,2.5d,"{'from': 'Chiplet_2', 'to': 'Chiplet_5', 'connection_type': '2.5d_emib', 'loc': '2.5d_chiplet'},{'from': 'Chiplet_2', 'to': 'Chiplet_1', 'connection_type': '2.5d_emib', 'loc': '2.5d_chiplet'},{'from': 'Chiplet_2', 'to': 'Chiplet_3', 'connection_type': '2.5d_emib', 'loc': '2.5d_chiplet'},{'from': 'Chiplet_5', 'to': 'Chiplet_2', 'connection_type': '2.5d_emib', 'loc': '2.5d_chiplet'},{'from': 'Chiplet_5', 'to': 'Chiplet_3', 'connection_type': '2.5d_emib', 'loc': '2.5d_chiplet'},{'from': 'Chiplet_3', 'to': 'Chiplet_2', 'connection_type': '2.5d_emib', 'loc': '2.5d_chiplet'},{'from': 'Chiplet_3', 'to': 'Chiplet_5', 'connection_type': '2.5d_emib', 'loc': '2.5d_chiplet'},{'from': 'Chiplet_1', 'to': 'Chiplet_2', 'connection_type': '2.5d_emib', 'loc': '2.5d_chiplet'},{'from': 'Chiplet_1', 'to': 'Chiplet_4', 'connection_type': '2.5d_emib', 'loc': '2.5d_chiplet'},{'from': 'Chiplet_1', 'to': 'Chiplet_6', 'connection_type': '2.5d_emib', 'loc': '2.5d_chiplet'},{'from': 'Chiplet_6', 'to': 'Chiplet_4', 'connection_type': '2.5d_emib', 'loc': '2.5d_chiplet'},{'from': 'Chiplet_6', 'to': 'Chiplet_1', 'connection_type': '2.5d_emib', 'loc': '2.5d_chiplet'},{'from': 'Chiplet_4', 'to': 'Chiplet_6', 'connection_type': '2.5d_emib', 'loc': '2.5d_chiplet'},{'from': 'Chiplet_4', 'to': 'Chiplet_1', 'connection_type': '2.5d_emib', 'loc': '2.5d_chiplet'}",4,4,2,1,2,3,hbm3,bow,na,0,0,os,1,0,0
68,53.523303234420524,5970173.8,204676.25277583173,159631797.65800604,10601.202118989406,13627.902588343519,68,3.432469952,10.4826,2048,192x192,7,3.432469952,10.4826,2048,192x192,7,3.5867297574793953,3.8395579270749995,2048,96x96,14,0.638803,1.11875,1024,64x64,7,14.117807839976791,15.979573171754398,6144,192x192,14,6.033899457366197,12.973514847541198,2048,192x192,10,2.5d,"{'from': 'Chiplet_5', 'to': 'Chiplet_4', 'connection_type': '2.5d_emib', 'loc': '2.5d_chiplet'},{'from': 'Chiplet_5', 'to': 'Chiplet_6', 'connection_type': '2.5d_emib', 'loc': '2.5d_chiplet'},{'from': 'Chiplet_4', 'to': 'Chiplet_5', 'connection_type': '2.5d_emib', 'loc': '2.5d_chiplet'},{'from': 'Chiplet_4', 'to': 'Chiplet_6', 'connection_type': '2.5d_emib', 'loc': '2.5d_chiplet'},{'from': 'Chiplet_6', 'to': 'Chiplet_4', 'connection_type': '2.5d_emib', 'loc': '2.5d_chiplet'},{'from': 'Chiplet_6', 'to': 'Chiplet_2', 'connection_type': '2.5d_emib', 'loc': '2.5d_chiplet'},{'from': 'Chiplet_6', 'to': 'Chiplet_5', 'connection_type': '2.5d_emib', 'loc': '2.5d_chiplet'},{'from': 'Chiplet_6', 'to': 'Chiplet_3', 'connection_type': '2.5d_emib', 'loc': '2.5d_chiplet'},{'from': 'Chiplet_6', 'to': 'Chiplet_1', 'connection_type': '2.5d_emib', 'loc': '2.5d_chiplet'},{'from': 'Chiplet_2', 'to': 'Chiplet_6', 'connection_type': '2.5d_emib', 'loc': '2.5d_chiplet'},{'from': 'Chiplet_2', 'to': 'Chiplet_1', 'connection_type': '2.5d_emib', 'loc': '2.5d_chiplet'},{'from': 'Chiplet_3', 'to': 'Chiplet_6', 'connection_type': '2.5d_emib', 'loc': '2.5d_chiplet'},{'from': 'Chiplet_3', 'to': 'Chiplet_1', 'connection_type': '2.5d_emib', 'loc': '2.5d_chiplet'},{'from': 'Chiplet_1', 'to': 'Chiplet_2', 'connection_type': '2.5d_emib', 'loc': '2.5d_chiplet'},{'from': 'Chiplet_1', 'to': 'Chiplet_3', 'connection_type': '2.5d_emib', 'loc': '2.5d_chiplet'},{'from': 'Chiplet_1', 'to': 'Chiplet_6', 'connection_type': '2.5d_emib', 'loc': '2.5d_chiplet'}",2,1,2,1,7,3,hbm3,ucie_adv,na,0,0,ws,0,0,0
69,23.49071609764022,3788992.41,76962.72055299832,168509894.29974836,28927.86985490165,20589.587314920824,69,3.665749090547913,5.538366334949999,4096,128x128,10,1.51595254,4.475,1024,128x128,7,5.656782838920179,6.821646341899999,2048,128x128,14,8.112421457366196,12.973514847541198,8192,192x192,10,1.249405813087535,1.7054115854749998,256,64x64,14,0.656621759447044,1.3845915837374998,256,64x64,10,2.5d_3d,"{'from': 'Chiplet_3', 'to': 'Chiplet_2', 'connection_type': '3d_hyb_bond', 'loc': 'stack0_base'},{'from': 'Chiplet_2', 'to': 'Chiplet_6', 'connection_type': '3d_hyb_bond', 'loc': 'stack0_middle1'},{'from': 'Chiplet_6', 'to': 'na', 'connection_type': '3d_hyb_bond', 'loc': 'stack0_top'},{'from': 'Chiplet_4', 'to': 'Chiplet_3', 'connection_type': '2.5d_rdl', 'loc': '2.5d_chiplet'},{'from': 'Chiplet_4', 'to': 'Chiplet_5', 'connection_type': '2.5d_rdl', 'loc': '2.5d_chiplet'},{'from': 'Chiplet_4', 'to': 'Chiplet_1', 'connection_type': '2.5d_rdl', 'loc': '2.5d_chiplet'},{'from': 'Chiplet_5', 'to': 'Chiplet_4', 'connection_type': '2.5d_rdl', 'loc': '2.5d_chiplet'},{'from': 'Chiplet_5', 'to': 'Chiplet_1', 'connection_type': '2.5d_rdl', 'loc': '2.5d_chiplet'},{'from': 'Chiplet_3', 'to': 'Chiplet_4', 'connection_type': '2.5d_rdl', 'loc': '2.5d_chiplet'},{'from': 'Chiplet_3', 'to': 'Chiplet_1', 'connection_type': '2.5d_rdl', 'loc': '2.5d_chiplet'},{'from': 'Chiplet_1', 'to': 'Chiplet_5', 'connection_type': '2.5d_rdl', 'loc': '2.5d_chiplet'},{'from': 'Chiplet_1', 'to': 'Chiplet_4', 'connection_type': '2.5d_rdl', 'loc': '2.5d_chiplet'},{'from': 'Chiplet_1', 'to': 'Chiplet_3', 'connection_type': '2.5d_rdl', 'loc': '2.5d_chiplet'}",3,1,4,6,1,1,hbm2,ucie_std,ucie_3d,1,0,os,1,0,0
70,27.04188705697276,3527585.27,173701.65684208774,151161429.94027779,26670.045676591057,19666.07449605539,70,4.9976252555201786,6.821646341899999,1024,128x128,14,4.1253109519999995,10.4826,4096,192x192,7,4.1253109519999995,10.4826,4096,192x192,7,2.597993382379395,3.8395579270749995,512,96x96,14,0.46559300000000003,1.11875,512,64x64,7,1.249405813087535,1.7054115854749998,256,64x64,14,2.5d,"{'from': 'Chiplet_1', 'to': 'Chiplet_2', 'connection_type': '2.5d_emib', 'loc': '2.5d_chiplet'},{'from': 'Chiplet_1', 'to': 'Chiplet_6', 'connection_type': '2.5d_emib', 'loc': '2.5d_chiplet'},{'from': 'Chiplet_1', 'to': 'Chiplet_4', 'connection_type': '2.5d_emib', 'loc': '2.5d_chiplet'},{'from': 'Chiplet_4', 'to': 'Chiplet_6', 'connection_type': '2.5d_emib', 'loc': '2.5d_chiplet'},{'from': 'Chiplet_4', 'to': 'Chiplet_1', 'connection_type': '2.5d_emib', 'loc': '2.5d_chiplet'},{'from': 'Chiplet_6', 'to': 'Chiplet_3', 'connection_type': '2.5d_emib', 'loc': '2.5d_chiplet'},{'from': 'Chiplet_6', 'to': 'Chiplet_4', 'connection_type': '2.5d_emib', 'loc': '2.5d_chiplet'},{'from': 'Chiplet_6', 'to': 'Chiplet_1', 'connection_type': '2.5d_emib', 'loc': '2.5d_chiplet'},{'from': 'Chiplet_2', 'to': 'Chiplet_5', 'connection_type': '2.5d_emib', 'loc': '2.5d_chiplet'},{'from': 'Chiplet_2', 'to': 'Chiplet_1', 'connection_type': '2.5d_emib', 'loc': '2.5d_chiplet'},{'from': 'Chiplet_2', 'to': 'Chiplet_3', 'connection_type': '2.5d_emib', 'loc': '2.5d_chiplet'},{'from': 'Chiplet_5', 'to': 'Chiplet_2', 'connection_type': '2.5d_emib', 'loc': '2.5d_chiplet'},{'from': 'Chiplet_5', 'to': 'Chiplet_3', 'connection_type': '2.5d_emib', 'loc': '2.5d_chiplet'},{'from': 'Chiplet_3', 'to': 'Chiplet_2', 'connection_type': '2.5d_emib', 'loc': '2.5d_chiplet'},{'from': 'Chiplet_3', 'to': 'Chiplet_5', 'connection_type': '2.5d_emib', 'loc': '2.5d_chiplet'},{'from': 'Chiplet_3', 'to': 'Chiplet_6', 'connection_type': '2.5d_emib', 'loc': '2.5d_chiplet'}",4,4,4,2,1,1,hbm2,bow,na,1,0,ws,1,0,0
71,11.223325200225046,2005417.17,54789.04120924053,323071916.7534921,49366.74786755501,27653.612402507206,71,1.86237254,4.475,2048,128x128,7,0.916436759447044,1.3845915837374998,1024,64x64,10,2.6264880905479133,5.538366334949999,1024,128x128,10,1.51595254,4.475,1024,128x128,7,1.131132696,2.51875,1536,96x96,7,3.3193280905479132,5.538366334949999,3072,128x128,10,2.5d_3d,"{'from': 'Chiplet_1', 'to': 'Chiplet_5', 'connection_type': '3d_u_bump', 'loc': 'stack0_base'},{'from': 'Chiplet_5', 'to': 'Chiplet_2', 'connection_type': '3d_u_bump', 'loc': 'stack0_middle1'},{'from': 'Chiplet_2', 'to': 'na', 'connection_type': '3d_u_bump', 'loc': 'stack0_top'},{'from': 'Chiplet_6', 'to': 'Chiplet_3', 'connection_type': '2.5d_rdl', 'loc': '2.5d_chiplet'},{'from': 'Chiplet_6', 'to': 'Chiplet_4', 'connection_type': '2.5d_rdl', 'loc': '2.5d_chiplet'},{'from': 'Chiplet_6', 'to': 'Chiplet_1', 'connection_type': '2.5d_rdl', 'loc': '2.5d_chiplet'},{'from': 'Chiplet_4', 'to': 'Chiplet_6', 'connection_type': '2.5d_rdl', 'loc': '2.5d_chiplet'},{'from': 'Chiplet_4', 'to': 'Chiplet_1', 'connection_type': '2.5d_rdl', 'loc': '2.5d_chiplet'},{'from': 'Chiplet_3', 'to': 'Chiplet_6', 'connection_type': '2.5d_rdl', 'loc': '2.5d_chiplet'},{'from': 'Chiplet_3', 'to': 'Chiplet_1', 'connection_type': '2.5d_rdl', 'loc': '2.5d_chiplet'},{'from': 'Chiplet_1', 'to': 'Chiplet_4', 'connection_type': '2.5d_rdl', 'loc': '2.5d_chiplet'},{'from': 'Chiplet_1', 'to': 'Chiplet_6', 'connection_type': '2.5d_rdl', 'loc': '2.5d_chiplet'},{'from': 'Chiplet_1', 'to': 'Chiplet_3', 'connection_type': '2.5d_rdl', 'loc': '2.5d_chiplet'}",1,1,2,1,1,2,ddr5,ucie_std,ucie_3d,0,0,is,1,0,0
72,22.5080111071953,4170235.55,150308.97051773703,416358860.2340563,18310.56126117659,24569.18957109972,72,5.656782838920179,6.821646341899999,2048,128x128,14,8.112421457366196,12.973514847541198,8192,192x192,10,5.656782838920179,6.821646341899999,2048,128x128,14,3.5867297574793953,3.8395579270749995,2048,96x96,14,6.033899457366197,12.973514847541198,2048,192x192,10,5.656782838920179,6.821646341899999,2048,128x128,14,2.5d_3d,"{'from': 'Chiplet_2', 'to': 'Chiplet_3', 'connection_type': '3d_u_bump', 'loc': 'stack0_base'},{'from': 'Chiplet_3', 'to': 'Chiplet_1', 'connection_type': '3d_u_bump', 'loc': 'stack0_middle1'},{'from': 'Chiplet_1', 'to': 'Chiplet_6', 'connection_type': '3d_u_bump', 'loc': 'stack0_middle2'},{'from': 'Chiplet_6', 'to': 'na', 'connection_type': '3d_u_bump', 'loc': 'stack0_top'},{'from': 'Chiplet_2', 'to': 'Chiplet_5', 'connection_type': '2.5d_emib', 'loc': '2.5d_chiplet'},{'from': 'Chiplet_2', 'to': 'Chiplet_4', 'connection_type': '2.5d_emib', 'loc': '2.5d_chiplet'},{'from': 'Chiplet_5', 'to': 'Chiplet_2', 'connection_type': '2.5d_emib', 'loc': '2.5d_chiplet'},{'from': 'Chiplet_5', 'to': 'Chiplet_4', 'connection_type': '2.5d_emib', 'loc': '2.5d_chiplet'},{'from': 'Chiplet_4', 'to': 'Chiplet_2', 'connection_type': '2.5d_emib', 'loc': '2.5d_chiplet'},{'from': 'Chiplet_4', 'to': 'Chiplet_5', 'connection_type': '2.5d_emib', 'loc': '2.5d_chiplet'}",1,2,1,1,2,1,ddr4,aib,ucie_3d,0,0,os,1,0,0
73,34.49590448129325,4412533.57,111407.6539836656,626582521.956945,10278.943355119825,19401.975757737695,73,6.975099908490179,6.821646341899999,4096,128x128,14,6.315940422320179,6.821646341899999,3072,128x128,14,14.117807839976791,15.979573171754398,6144,192x192,14,1.86237254,4.475,2048,128x128,7,1.3653681800824635,3.1172648505374996,512,96x96,10,1.86237254,4.475,2048,128x128,7,2.5d_3d,"{'from': 'Chiplet_3', 'to': 'Chiplet_6', 'connection_type': '3d_hyb_bond', 'loc': 'stack0_base'},{'from': 'Chiplet_6', 'to': 'Chiplet_4', 'connection_type': '3d_hyb_bond', 'loc': 'stack0_middle1'},{'from': 'Chiplet_4', 'to': 'Chiplet_5', 'connection_type': '3d_hyb_bond', 'loc': 'stack0_middle2'},{'from': 'Chiplet_5', 'to': 'na', 'connection_type': '3d_hyb_bond', 'loc': 'stack0_top'},{'from': 'Chiplet_3', 'to': 'Chiplet_2', 'connection_type': '2.5d_rdl', 'loc': '2.5d_chiplet'},{'from': 'Chiplet_3', 'to': 'Chiplet_1', 'connection_type': '2.5d_rdl', 'loc': '2.5d_chiplet'},{'from': 'Chiplet_1', 'to': 'Chiplet_2', 'connection_type': '2.5d_rdl', 'loc': '2.5d_chiplet'},{'from': 'Chiplet_1', 'to': 'Chiplet_3', 'connection_type': '2.5d_rdl', 'loc': '2.5d_chiplet'},{'from': 'Chiplet_2', 'to': 'Chiplet_3', 'connection_type': '2.5d_rdl', 'loc': '2.5d_chiplet'},{'from': 'Chiplet_2', 'to': 'Chiplet_1', 'connection_type': '2.5d_rdl', 'loc': '2.5d_chiplet'}",1,1,3,1,1,1,ddr4,ucie_std,ucie_3d,0,0,ws,0,0,0
74,20.216810169650486,2996116.8,145821.23689661355,302730351.3147816,35618.06533066614,24724.96255162144,74,3.3193280905479132,5.538366334949999,3072,128x128,10,4.1253109519999995,10.4826,4096,192x192,7,1.304342696,2.51875,2048,96x96,7,1.304342696,2.51875,2048,96x96,7,4.9976252555201786,6.821646341899999,1024,128x128,14,0.916436759447044,1.3845915837374998,1024,64x64,10,2.5d_3d,"{'from': 'Chiplet_2', 'to': 'Chiplet_6', 'connection_type': '3d_hyb_bond', 'loc': 'stack0_base'},{'from': 'Chiplet_6', 'to': 'na', 'connection_type': '3d_hyb_bond', 'loc': 'stack0_top'},{'from': 'Chiplet_5', 'to': 'Chiplet_2', 'connection_type': '2.5d_emib', 'loc': '2.5d_chiplet'},{'from': 'Chiplet_5', 'to': 'Chiplet_3', 'connection_type': '2.5d_emib', 'loc': '2.5d_chiplet'},{'from': 'Chiplet_5', 'to': 'Chiplet_4', 'connection_type': '2.5d_emib', 'loc': '2.5d_chiplet'},{'from': 'Chiplet_5', 'to': 'Chiplet_1', 'connection_type': '2.5d_emib', 'loc': '2.5d_chiplet'},{'from': 'Chiplet_3', 'to': 'Chiplet_5', 'connection_type': '2.5d_emib', 'loc': '2.5d_chiplet'},{'from': 'Chiplet_3', 'to': 'Chiplet_4', 'connection_type': '2.5d_emib', 'loc': '2.5d_chiplet'},{'from': 'Chiplet_4', 'to': 'Chiplet_3', 'connection_type': '2.5d_emib', 'loc': '2.5d_chiplet'},{'from': 'Chiplet_4', 'to': 'Chiplet_5', 'connection_type': '2.5d_emib', 'loc': '2.5d_chiplet'},{'from': 'Chiplet_2', 'to': 'Chiplet_5', 'connection_type': '2.5d_emib', 'loc': '2.5d_chiplet'},{'from': 'Chiplet_2', 'to': 'Chiplet_1', 'connection_type': '2.5d_emib', 'loc': '2.5d_chiplet'},{'from': 'Chiplet_1', 'to': 'Chiplet_2', 'connection_type': '2.5d_emib', 'loc': '2.5d_chiplet'},{'from': 'Chiplet_1', 'to': 'Chiplet_5', 'connection_type': '2.5d_emib', 'loc': '2.5d_chiplet'}",1,2,1,1,2,1,ddr5,bow,ucie_3d,0,0,ws,1,0,0
75,25.41443738054266,3728237.71,138330.97388212386,307104255.19265705,32115.696140555276,29345.00458002,75,1.578984604787535,1.7054115854749998,768,64x64,14,6.726740457366197,12.973514847541198,4096,192x192,10,2.6264880905479133,5.538366334949999,1024,128x128,10,2.927572174079395,3.8395579270749995,1024,96x96,14,8.112421457366196,12.973514847541198,8192,192x192,10,1.7117881800824635,3.1172648505374996,1536,96x96,10,2.5d_3d,"{'from': 'Chiplet_3', 'to': 'Chiplet_6', 'connection_type': '3d_hyb_bond', 'loc': 'stack0_base'},{'from': 'Chiplet_6', 'to': 'Chiplet_1', 'connection_type': '3d_hyb_bond', 'loc': 'stack0_middle1'},{'from': 'Chiplet_1', 'to': 'na', 'connection_type': '3d_hyb_bond', 'loc': 'stack0_top'},{'from': 'Chiplet_5', 'to': 'Chiplet_2', 'connection_type': '2.5d_emib', 'loc': '2.5d_chiplet'},{'from': 'Chiplet_5', 'to': 'Chiplet_3', 'connection_type': '2.5d_emib', 'loc': '2.5d_chiplet'},{'from': 'Chiplet_5', 'to': 'Chiplet_4', 'connection_type': '2.5d_emib', 'loc': '2.5d_chiplet'},{'from': 'Chiplet_3', 'to': 'Chiplet_5', 'connection_type': '2.5d_emib', 'loc': '2.5d_chiplet'},{'from': 'Chiplet_3', 'to': 'Chiplet_4', 'connection_type': '2.5d_emib', 'loc': '2.5d_chiplet'},{'from': 'Chiplet_2', 'to': 'Chiplet_5', 'connection_type': '2.5d_emib', 'loc': '2.5d_chiplet'},{'from': 'Chiplet_2', 'to': 'Chiplet_4', 'connection_type': '2.5d_emib', 'loc': '2.5d_chiplet'},{'from': 'Chiplet_4', 'to': 'Chiplet_2', 'connection_type': '2.5d_emib', 'loc': '2.5d_chiplet'},{'from': 'Chiplet_4', 'to': 'Chiplet_5', 'connection_type': '2.5d_emib', 'loc': '2.5d_chiplet'},{'from': 'Chiplet_4', 'to': 'Chiplet_3', 'connection_type': '2.5d_emib', 'loc': '2.5d_chiplet'}",1,2,1,1,2,1,ddr5,bow,ucie_3d,1,0,os,1,0,0
76,12.783692038500948,1395722.32,35319.04715889814,227763512.27323318,8402.0,6416.274107340246,76,2.597993382379395,3.8395579270749995,512,96x96,14,0.378988,1.11875,256,64x64,7,0.916436759447044,1.3845915837374998,1024,64x64,10,2.927572174079395,3.8395579270749995,1024,96x96,14,0.378988,1.11875,256,64x64,7,1.8849981800824636,3.1172648505374996,2048,96x96,10,2.5d,"{'from': 'Chiplet_4', 'to': 'Chiplet_2', 'connection_type': '2.5d_rdl', 'loc': '2.5d_chiplet'},{'from': 'Chiplet_4', 'to': 'Chiplet_3', 'connection_type': '2.5d_rdl', 'loc': '2.5d_chiplet'},{'from': 'Chiplet_4', 'to': 'Chiplet_1', 'connection_type': '2.5d_rdl', 'loc': '2.5d_chiplet'},{'from': 'Chiplet_3', 'to': 'Chiplet_2', 'connection_type': '2.5d_rdl', 'loc': '2.5d_chiplet'},{'from': 'Chiplet_3', 'to': 'Chiplet_5', 'connection_type': '2.5d_rdl', 'loc': '2.5d_chiplet'},{'from': 'Chiplet_3', 'to': 'Chiplet_4', 'connection_type': '2.5d_rdl', 'loc': '2.5d_chiplet'},{'from': 'Chiplet_2', 'to': 'Chiplet_3', 'connection_type': '2.5d_rdl', 'loc': '2.5d_chiplet'},{'from': 'Chiplet_2', 'to': 'Chiplet_6', 'connection_type': '2.5d_rdl', 'loc': '2.5d_chiplet'},{'from': 'Chiplet_2', 'to': 'Chiplet_5', 'connection_type': '2.5d_rdl', 'loc': '2.5d_chiplet'},{'from': 'Chiplet_2', 'to': 'Chiplet_4', 'connection_type': '2.5d_rdl', 'loc': '2.5d_chiplet'},{'from': 'Chiplet_5', 'to': 'Chiplet_2', 'connection_type': '2.5d_rdl', 'loc': '2.5d_chiplet'},{'from': 'Chiplet_5', 'to': 'Chiplet_3', 'connection_type': '2.5d_rdl', 'loc': '2.5d_chiplet'},{'from': 'Chiplet_5', 'to': 'Chiplet_6', 'connection_type': '2.5d_rdl', 'loc': '2.5d_chiplet'},{'from': 'Chiplet_1', 'to': 'Chiplet_6', 'connection_type': '2.5d_rdl', 'loc': '2.5d_chiplet'},{'from': 'Chiplet_1', 'to': 'Chiplet_4', 'connection_type': '2.5d_rdl', 'loc': '2.5d_chiplet'},{'from': 'Chiplet_6', 'to': 'Chiplet_2', 'connection_type': '2.5d_rdl', 'loc': '2.5d_chiplet'},{'from': 'Chiplet_6', 'to': 'Chiplet_5', 'connection_type': '2.5d_rdl', 'loc': '2.5d_chiplet'},{'from': 'Chiplet_6', 'to': 'Chiplet_1', 'connection_type': '2.5d_rdl', 'loc': '2.5d_chiplet'}",4,1,2,5,1,3,hbm2,ucie_std,na,1,0,os,0,0,0
77,57.42710119996329,4835059.29,194486.75780154654,431857229.5982952,51818.852704626566,47319.969763203015,77,0.784712696,2.51875,512,96x96,7,6.975099908490179,6.821646341899999,4096,128x128,14,1.4141952089375351,1.7054115854749998,512,64x64,14,14.117807839976791,15.979573171754398,6144,192x192,14,2.927572174079395,3.8395579270749995,1024,96x96,14,4.818150952,10.4826,6144,192x192,7,2.5d,"{'from': 'Chiplet_4', 'to': 'Chiplet_2', 'connection_type': '2.5d_emib', 'loc': '2.5d_chiplet'},{'from': 'Chiplet_4', 'to': 'Chiplet_3', 'connection_type': '2.5d_emib', 'loc': '2.5d_chiplet'},{'from': 'Chiplet_3', 'to': 'Chiplet_2', 'connection_type': '2.5d_emib', 'loc': '2.5d_chiplet'},{'from': 'Chiplet_3', 'to': 'Chiplet_4', 'connection_type': '2.5d_emib', 'loc': '2.5d_chiplet'},{'from': 'Chiplet_2', 'to': 'Chiplet_4', 'connection_type': '2.5d_emib', 'loc': '2.5d_chiplet'},{'from': 'Chiplet_2', 'to': 'Chiplet_5', 'connection_type': '2.5d_emib', 'loc': '2.5d_chiplet'},{'from': 'Chiplet_2', 'to': 'Chiplet_6', 'connection_type': '2.5d_emib', 'loc': '2.5d_chiplet'},{'from': 'Chiplet_2', 'to': 'Chiplet_3', 'connection_type': '2.5d_emib', 'loc': '2.5d_chiplet'},{'from': 'Chiplet_2', 'to': 'Chiplet_1', 'connection_type': '2.5d_emib', 'loc': '2.5d_chiplet'},{'from': 'Chiplet_1', 'to': 'Chiplet_2', 'connection_type': '2.5d_emib', 'loc': '2.5d_chiplet'},{'from': 'Chiplet_1', 'to': 'Chiplet_5', 'connection_type': '2.5d_emib', 'loc': '2.5d_chiplet'},{'from': 'Chiplet_6', 'to': 'Chiplet_2', 'connection_type': '2.5d_emib', 'loc': '2.5d_chiplet'},{'from': 'Chiplet_6', 'to': 'Chiplet_5', 'connection_type': '2.5d_emib', 'loc': '2.5d_chiplet'},{'from': 'Chiplet_5', 'to': 'Chiplet_2', 'connection_type': '2.5d_emib', 'loc': '2.5d_chiplet'},{'from': 'Chiplet_5', 'to': 'Chiplet_6', 'connection_type': '2.5d_emib', 'loc': '2.5d_chiplet'},{'from': 'Chiplet_5', 'to': 'Chiplet_1', 'connection_type': '2.5d_emib', 'loc': '2.5d_chiplet'}",1,1,1,3,1,1,ddr4,aib,na,1,0,is,1,0,0
78,40.94083544010416,6149460.54,131908.5499897438,198808956.81532967,70997.71458152196,83553.9519037904,78,4.818150952,10.4826,6144,192x192,7,4.1253109519999995,10.4826,4096,192x192,7,4.1253109519999995,10.4826,4096,192x192,7,8.112421457366196,12.973514847541198,8192,192x192,10,2.597993382379395,3.8395579270749995,512,96x96,14,7.419580457366196,12.973514847541198,6144,192x192,10,2.5d,"{'from': 'Chiplet_4', 'to': 'Chiplet_2', 'connection_type': '2.5d_rdl', 'loc': '2.5d_chiplet'},{'from': 'Chiplet_4', 'to': 'Chiplet_5', 'connection_type': '2.5d_rdl', 'loc': '2.5d_chiplet'},{'from': 'Chiplet_4', 'to': 'Chiplet_6', 'connection_type': '2.5d_rdl', 'loc': '2.5d_chiplet'},{'from': 'Chiplet_2', 'to': 'Chiplet_5', 'connection_type': '2.5d_rdl', 'loc': '2.5d_chiplet'},{'from': 'Chiplet_2', 'to': 'Chiplet_4', 'connection_type': '2.5d_rdl', 'loc': '2.5d_chiplet'},{'from': 'Chiplet_5', 'to': 'Chiplet_2', 'connection_type': '2.5d_rdl', 'loc': '2.5d_chiplet'},{'from': 'Chiplet_5', 'to': 'Chiplet_4', 'connection_type': '2.5d_rdl', 'loc': '2.5d_chiplet'},{'from': 'Chiplet_6', 'to': 'Chiplet_3', 'connection_type': '2.5d_rdl', 'loc': '2.5d_chiplet'},{'from': 'Chiplet_6', 'to': 'Chiplet_4', 'connection_type': '2.5d_rdl', 'loc': '2.5d_chiplet'},{'from': 'Chiplet_6', 'to': 'Chiplet_1', 'connection_type': '2.5d_rdl', 'loc': '2.5d_chiplet'},{'from': 'Chiplet_1', 'to': 'Chiplet_3', 'connection_type': '2.5d_rdl', 'loc': '2.5d_chiplet'},{'from': 'Chiplet_1', 'to': 'Chiplet_6', 'connection_type': '2.5d_rdl', 'loc': '2.5d_chiplet'},{'from': 'Chiplet_3', 'to': 'Chiplet_6', 'connection_type': '2.5d_rdl', 'loc': '2.5d_chiplet'},{'from': 'Chiplet_3', 'to': 'Chiplet_1', 'connection_type': '2.5d_rdl', 'loc': '2.5d_chiplet'}",3,2,2,4,1,4,hbm2,ucie_std,na,1,0,ws,1,0,0
79,20.32722217219104,3335039.23,174018.86684497542,134039032.21661998,35673.93088314594,24836.662955245778,79,1.3653681800824635,3.1172648505374996,512,96x96,10,4.1253109519999995,10.4826,4096,192x192,7,3.3193280905479132,5.538366334949999,3072,128x128,10,4.1253109519999995,10.4826,4096,192x192,7,1.8849981800824636,3.1172648505374996,2048,96x96,10,0.829831759447044,1.3845915837374998,768,64x64,10,2.5d,"{'from': 'Chiplet_2', 'to': 'Chiplet_3', 'connection_type': '2.5d_emib', 'loc': '2.5d_chiplet'},{'from': 'Chiplet_2', 'to': 'Chiplet_4', 'connection_type': '2.5d_emib', 'loc': '2.5d_chiplet'},{'from': 'Chiplet_3', 'to': 'Chiplet_2', 'connection_type': '2.5d_emib', 'loc': '2.5d_chiplet'},{'from': 'Chiplet_3', 'to': 'Chiplet_5', 'connection_type': '2.5d_emib', 'loc': '2.5d_chiplet'},{'from': 'Chiplet_4', 'to': 'Chiplet_2', 'connection_type': '2.5d_emib', 'loc': '2.5d_chiplet'},{'from': 'Chiplet_4', 'to': 'Chiplet_5', 'connection_type': '2.5d_emib', 'loc': '2.5d_chiplet'},{'from': 'Chiplet_4', 'to': 'Chiplet_1', 'connection_type': '2.5d_emib', 'loc': '2.5d_chiplet'},{'from': 'Chiplet_5', 'to': 'Chiplet_4', 'connection_type': '2.5d_emib', 'loc': '2.5d_chiplet'},{'from': 'Chiplet_5', 'to': 'Chiplet_3', 'connection_type': '2.5d_emib', 'loc': '2.5d_chiplet'},{'from': 'Chiplet_5', 'to': 'Chiplet_6', 'connection_type': '2.5d_emib', 'loc': '2.5d_chiplet'},{'from': 'Chiplet_5', 'to': 'Chiplet_1', 'connection_type': '2.5d_emib', 'loc': '2.5d_chiplet'},{'from': 'Chiplet_1', 'to': 'Chiplet_5', 'connection_type': '2.5d_emib', 'loc': '2.5d_chiplet'},{'from': 'Chiplet_1', 'to': 'Chiplet_4', 'connection_type': '2.5d_emib', 'loc': '2.5d_chiplet'},{'from': 'Chiplet_1', 'to': 'Chiplet_6', 'connection_type': '2.5d_emib', 'loc': '2.5d_chiplet'},{'from': 'Chiplet_6', 'to': 'Chiplet_5', 'connection_type': '2.5d_emib', 'loc': '2.5d_chiplet'},{'from': 'Chiplet_6', 'to': 'Chiplet_1', 'connection_type': '2.5d_emib', 'loc': '2.5d_chiplet'}",2,4,3,4,2,1,hbm3,ucie_adv,na,1,0,is,1,0,0
80,13.459637698525109,2277186.85,96977.02824548652,717538218.6456187,13305.83668775158,20195.307752533878,80,3.3193280905479132,5.538366334949999,3072,128x128,10,1.5385781800824634,3.1172648505374996,1024,96x96,10,2.972908090547913,5.538366334949999,2048,128x128,10,4.9976252555201786,6.821646341899999,1024,128x128,14,1.5385781800824634,3.1172648505374996,1024,96x96,10,1.86237254,4.475,2048,128x128,7,2.5d_3d,"{'from': 'Chiplet_4', 'to': 'Chiplet_3', 'connection_type': '3d_tsv', 'loc': 'stack0_base'},{'from': 'Chiplet_3', 'to': 'Chiplet_5', 'connection_type': '3d_tsv', 'loc': 'stack0_middle1'},{'from': 'Chiplet_5', 'to': 'Chiplet_2', 'connection_type': '3d_tsv', 'loc': 'stack0_middle2'},{'from': 'Chiplet_2', 'to': 'na', 'connection_type': '3d_tsv', 'loc': 'stack0_top'},{'from': 'Chiplet_4', 'to': 'Chiplet_6', 'connection_type': '2.5d_emib', 'loc': '2.5d_chiplet'},{'from': 'Chiplet_4', 'to': 'Chiplet_1', 'connection_type': '2.5d_emib', 'loc': '2.5d_chiplet'},{'from': 'Chiplet_1', 'to': 'Chiplet_6', 'connection_type': '2.5d_emib', 'loc': '2.5d_chiplet'},{'from': 'Chiplet_1', 'to': 'Chiplet_4', 'connection_type': '2.5d_emib', 'loc': '2.5d_chiplet'},{'from': 'Chiplet_6', 'to': 'Chiplet_4', 'connection_type': '2.5d_emib', 'loc': '2.5d_chiplet'},{'from': 'Chiplet_6', 'to': 'Chiplet_1', 'connection_type': '2.5d_emib', 'loc': '2.5d_chiplet'}",2,1,1,2,1,1,ddr4,aib,ucie_3d,1,0,ws,0,0,0
81,11.236625047408108,1547725.73,114960.6147520141,114282456.58909252,16585.996435996436,6771.9682773367285,81,2.597993382379395,3.8395579270749995,512,96x96,14,0.378988,1.11875,256,64x64,7,0.656621759447044,1.3845915837374998,256,64x64,10,1.51595254,4.475,1024,128x128,7,1.5385781800824634,3.1172648505374996,1024,96x96,10,0.743226759447044,1.3845915837374998,512,64x64,10,2.5d_3d,"{'from': 'Chiplet_5', 'to': 'Chiplet_3', 'connection_type': '3d_u_bump', 'loc': 'stack0_base'},{'from': 'Chiplet_3', 'to': 'na', 'connection_type': '3d_u_bump', 'loc': 'stack0_top'},{'from': 'Chiplet_1', 'to': 'Chiplet_5', 'connection_type': '2.5d_emib', 'loc': '2.5d_chiplet'},{'from': 'Chiplet_1', 'to': 'Chiplet_4', 'connection_type': '2.5d_emib', 'loc': '2.5d_chiplet'},{'from': 'Chiplet_1', 'to': 'Chiplet_6', 'connection_type': '2.5d_emib', 'loc': '2.5d_chiplet'},{'from': 'Chiplet_6', 'to': 'Chiplet_4', 'connection_type': '2.5d_emib', 'loc': '2.5d_chiplet'},{'from': 'Chiplet_6', 'to': 'Chiplet_1', 'connection_type': '2.5d_emib', 'loc': '2.5d_chiplet'},{'from': 'Chiplet_5', 'to': 'Chiplet_2', 'connection_type': '2.5d_emib', 'loc': '2.5d_chiplet'},{'from': 'Chiplet_5', 'to': 'Chiplet_4', 'connection_type': '2.5d_emib', 'loc': '2.5d_chiplet'},{'from': 'Chiplet_5', 'to': 'Chiplet_1', 'connection_type': '2.5d_emib', 'loc': '2.5d_chiplet'},{'from': 'Chiplet_4', 'to': 'Chiplet_2', 'connection_type': '2.5d_emib', 'loc': '2.5d_chiplet'},{'from': 'Chiplet_4', 'to': 'Chiplet_5', 'connection_type': '2.5d_emib', 'loc': '2.5d_chiplet'},{'from': 'Chiplet_4', 'to': 'Chiplet_6', 'connection_type': '2.5d_emib', 'loc': '2.5d_chiplet'},{'from': 'Chiplet_4', 'to': 'Chiplet_1', 'connection_type': '2.5d_emib', 'loc': '2.5d_chiplet'},{'from': 'Chiplet_2', 'to': 'Chiplet_5', 'connection_type': '2.5d_emib', 'loc': '2.5d_chiplet'},{'from': 'Chiplet_2', 'to': 'Chiplet_4', 'connection_type': '2.5d_emib', 'loc': '2.5d_chiplet'}",6,1,1,3,3,2,hbm3,aib,ucie_3d,0,0,is,0,0,0
82,10.573977322603964,2157635.46,109447.45704503104,195245204.82787442,14608.654399079931,9052.243537398228,82,1.5385781800824634,3.1172648505374996,1024,96x96,10,1.3653681800824635,3.1172648505374996,512,96x96,10,0.552198,1.11875,768,64x64,7,4.818150952,10.4826,6144,192x192,7,0.656621759447044,1.3845915837374998,256,64x64,10,0.46559300000000003,1.11875,512,64x64,7,2.5d_3d,"{'from': 'Chiplet_1', 'to': 'Chiplet_2', 'connection_type': '3d_tsv', 'loc': 'stack0_base'},{'from': 'Chiplet_2', 'to': 'Chiplet_6', 'connection_type': '3d_tsv', 'loc': 'stack0_middle1'},{'from': 'Chiplet_6', 'to': 'na', 'connection_type': '3d_tsv', 'loc': 'stack0_top'},{'from': 'Chiplet_4', 'to': 'Chiplet_5', 'connection_type': '2.5d_emib', 'loc': '2.5d_chiplet'},{'from': 'Chiplet_4', 'to': 'Chiplet_1', 'connection_type': '2.5d_emib', 'loc': '2.5d_chiplet'},{'from': 'Chiplet_1', 'to': 'Chiplet_5', 'connection_type': '2.5d_emib', 'loc': '2.5d_chiplet'},{'from': 'Chiplet_1', 'to': 'Chiplet_4', 'connection_type': '2.5d_emib', 'loc': '2.5d_chiplet'},{'from': 'Chiplet_1', 'to': 'Chiplet_3', 'connection_type': '2.5d_emib', 'loc': '2.5d_chiplet'},{'from': 'Chiplet_5', 'to': 'Chiplet_3', 'connection_type': '2.5d_emib', 'loc': '2.5d_chiplet'},{'from': 'Chiplet_5', 'to': 'Chiplet_4', 'connection_type': '2.5d_emib', 'loc': '2.5d_chiplet'},{'from': 'Chiplet_5', 'to': 'Chiplet_1', 'connection_type': '2.5d_emib', 'loc': '2.5d_chiplet'},{'from': 'Chiplet_3', 'to': 'Chiplet_5', 'connection_type': '2.5d_emib', 'loc': '2.5d_chiplet'},{'from': 'Chiplet_3', 'to': 'Chiplet_1', 'connection_type': '2.5d_emib', 'loc': '2.5d_chiplet'}",3,2,1,8,1,1,hbm2,ucie_adv,ucie_3d,0,0,ws,0,0,0
83,53.08856606720123,4616435.42,192496.9001418983,624170762.8502718,9817.581699346405,19248.823560085635,83,4.1253109519999995,10.4826,4096,192x192,7,12.799492673176792,15.979573171754398,4096,192x192,14,1.131132696,2.51875,1536,96x96,7,6.975099908490179,6.821646341899999,4096,128x128,14,2.972908090547913,5.538366334949999,2048,128x128,10,1.4141952089375351,1.7054115854749998,512,64x64,14,2.5d,"{'from': 'Chiplet_2', 'to': 'Chiplet_6', 'connection_type': '2.5d_emib', 'loc': '2.5d_chiplet'},{'from': 'Chiplet_2', 'to': 'Chiplet_4', 'connection_type': '2.5d_emib', 'loc': '2.5d_chiplet'},{'from': 'Chiplet_6', 'to': 'Chiplet_2', 'connection_type': '2.5d_emib', 'loc': '2.5d_chiplet'},{'from': 'Chiplet_6', 'to': 'Chiplet_4', 'connection_type': '2.5d_emib', 'loc': '2.5d_chiplet'},{'from': 'Chiplet_4', 'to': 'Chiplet_2', 'connection_type': '2.5d_emib', 'loc': '2.5d_chiplet'},{'from': 'Chiplet_4', 'to': 'Chiplet_5', 'connection_type': '2.5d_emib', 'loc': '2.5d_chiplet'},{'from': 'Chiplet_4', 'to': 'Chiplet_6', 'connection_type': '2.5d_emib', 'loc': '2.5d_chiplet'},{'from': 'Chiplet_4', 'to': 'Chiplet_3', 'connection_type': '2.5d_emib', 'loc': '2.5d_chiplet'},{'from': 'Chiplet_4', 'to': 'Chiplet_1', 'connection_type': '2.5d_emib', 'loc': '2.5d_chiplet'},{'from': 'Chiplet_3', 'to': 'Chiplet_5', 'connection_type': '2.5d_emib', 'loc': '2.5d_chiplet'},{'from': 'Chiplet_3', 'to': 'Chiplet_4', 'connection_type': '2.5d_emib', 'loc': '2.5d_chiplet'},{'from': 'Chiplet_1', 'to': 'Chiplet_5', 'connection_type': '2.5d_emib', 'loc': '2.5d_chiplet'},{'from': 'Chiplet_1', 'to': 'Chiplet_4', 'connection_type': '2.5d_emib', 'loc': '2.5d_chiplet'},{'from': 'Chiplet_5', 'to': 'Chiplet_3', 'connection_type': '2.5d_emib', 'loc': '2.5d_chiplet'},{'from': 'Chiplet_5', 'to': 'Chiplet_4', 'connection_type': '2.5d_emib', 'loc': '2.5d_chiplet'},{'from': 'Chiplet_5', 'to': 'Chiplet_1', 'connection_type': '2.5d_emib', 'loc': '2.5d_chiplet'}",1,3,1,1,1,1,ddr4,ucie_adv,na,1,0,os,0,0,0
84,27.86918958722984,3964835.85,93787.17560375623,185000234.24265942,12600.569800569801,12054.485064190854,84,0.743226759447044,1.3845915837374998,512,64x64,10,1.131132696,2.51875,1536,96x96,7,5.5109919519999995,10.4826,8192,192x192,7,0.784712696,2.51875,512,96x96,7,2.55521354,4.475,4096,128x128,7,11.481175603606792,15.979573171754398,2048,192x192,14,2.5d,"{'from': 'Chiplet_6', 'to': 'Chiplet_3', 'connection_type': '2.5d_rdl', 'loc': '2.5d_chiplet'},{'from': 'Chiplet_6', 'to': 'Chiplet_5', 'connection_type': '2.5d_rdl', 'loc': '2.5d_chiplet'},{'from': 'Chiplet_3', 'to': 'Chiplet_2', 'connection_type': '2.5d_rdl', 'loc': '2.5d_chiplet'},{'from': 'Chiplet_3', 'to': 'Chiplet_5', 'connection_type': '2.5d_rdl', 'loc': '2.5d_chiplet'},{'from': 'Chiplet_3', 'to': 'Chiplet_6', 'connection_type': '2.5d_rdl', 'loc': '2.5d_chiplet'},{'from': 'Chiplet_5', 'to': 'Chiplet_2', 'connection_type': '2.5d_rdl', 'loc': '2.5d_chiplet'},{'from': 'Chiplet_5', 'to': 'Chiplet_4', 'connection_type': '2.5d_rdl', 'loc': '2.5d_chiplet'},{'from': 'Chiplet_5', 'to': 'Chiplet_6', 'connection_type': '2.5d_rdl', 'loc': '2.5d_chiplet'},{'from': 'Chiplet_5', 'to': 'Chiplet_3', 'connection_type': '2.5d_rdl', 'loc': '2.5d_chiplet'},{'from': 'Chiplet_2', 'to': 'Chiplet_5', 'connection_type': '2.5d_rdl', 'loc': '2.5d_chiplet'},{'from': 'Chiplet_2', 'to': 'Chiplet_4', 'connection_type': '2.5d_rdl', 'loc': '2.5d_chiplet'},{'from': 'Chiplet_2', 'to': 'Chiplet_1', 'connection_type': '2.5d_rdl', 'loc': '2.5d_chiplet'},{'from': 'Chiplet_2', 'to': 'Chiplet_3', 'connection_type': '2.5d_rdl', 'loc': '2.5d_chiplet'},{'from': 'Chiplet_4', 'to': 'Chiplet_2', 'connection_type': '2.5d_rdl', 'loc': '2.5d_chiplet'},{'from': 'Chiplet_4', 'to': 'Chiplet_5', 'connection_type': '2.5d_rdl', 'loc': '2.5d_chiplet'},{'from': 'Chiplet_4', 'to': 'Chiplet_1', 'connection_type': '2.5d_rdl', 'loc': '2.5d_chiplet'},{'from': 'Chiplet_1', 'to': 'Chiplet_2', 'connection_type': '2.5d_rdl', 'loc': '2.5d_chiplet'},{'from': 'Chiplet_1', 'to': 'Chiplet_4', 'connection_type': '2.5d_rdl', 'loc': '2.5d_chiplet'}",1,1,4,1,1,8,hbm3,ucie_std,na,0,0,ws,0,0,0
85,41.33678592475901,5448326.71,203632.61511550963,145821191.76230043,9466.903456023261,12451.937876240241,85,6.033899457366197,12.973514847541198,2048,192x192,10,11.481175603606792,15.979573171754398,2048,192x192,14,1.7117881800824635,3.1172648505374996,1536,96x96,10,4.818150952,10.4826,6144,192x192,7,1.5385781800824634,3.1172648505374996,1024,96x96,10,3.432469952,10.4826,2048,192x192,7,2.5d,"{'from': 'Chiplet_2', 'to': 'Chiplet_3', 'connection_type': '2.5d_emib', 'loc': '2.5d_chiplet'},{'from': 'Chiplet_2', 'to': 'Chiplet_4', 'connection_type': '2.5d_emib', 'loc': '2.5d_chiplet'},{'from': 'Chiplet_2', 'to': 'Chiplet_5', 'connection_type': '2.5d_emib', 'loc': '2.5d_chiplet'},{'from': 'Chiplet_2', 'to': 'Chiplet_1', 'connection_type': '2.5d_emib', 'loc': '2.5d_chiplet'},{'from': 'Chiplet_3', 'to': 'Chiplet_2', 'connection_type': '2.5d_emib', 'loc': '2.5d_chiplet'},{'from': 'Chiplet_3', 'to': 'Chiplet_5', 'connection_type': '2.5d_emib', 'loc': '2.5d_chiplet'},{'from': 'Chiplet_5', 'to': 'Chiplet_2', 'connection_type': '2.5d_emib', 'loc': '2.5d_chiplet'},{'from': 'Chiplet_5', 'to': 'Chiplet_3', 'connection_type': '2.5d_emib', 'loc': '2.5d_chiplet'},{'from': 'Chiplet_1', 'to': 'Chiplet_2', 'connection_type': '2.5d_emib', 'loc': '2.5d_chiplet'},{'from': 'Chiplet_1', 'to': 'Chiplet_6', 'connection_type': '2.5d_emib', 'loc': '2.5d_chiplet'},{'from': 'Chiplet_1', 'to': 'Chiplet_4', 'connection_type': '2.5d_emib', 'loc': '2.5d_chiplet'},{'from': 'Chiplet_4', 'to': 'Chiplet_2', 'connection_type': '2.5d_emib', 'loc': '2.5d_chiplet'},{'from': 'Chiplet_4', 'to': 'Chiplet_6', 'connection_type': '2.5d_emib', 'loc': '2.5d_chiplet'},{'from': 'Chiplet_4', 'to': 'Chiplet_1', 'connection_type': '2.5d_emib', 'loc': '2.5d_chiplet'},{'from': 'Chiplet_6', 'to': 'Chiplet_4', 'connection_type': '2.5d_emib', 'loc': '2.5d_chiplet'},{'from': 'Chiplet_6', 'to': 'Chiplet_1', 'connection_type': '2.5d_emib', 'loc': '2.5d_chiplet'}",3,6,1,3,1,2,hbm3,aib,na,1,0,os,0,0,0
86,42.93962743411373,3819021.05,97715.38743090109,639492313.8025514,13167.777777777777,21234.554103494855,86,0.957922696,2.51875,1024,96x96,7,6.315940422320179,6.821646341899999,3072,128x128,14,15.436124909546791,15.979573171754398,8192,192x192,14,4.9976252555201786,6.821646341899999,1024,128x128,14,0.784712696,2.51875,512,96x96,7,1.51595254,4.475,1024,128x128,7,2.5d,"{'from': 'Chiplet_3', 'to': 'Chiplet_2', 'connection_type': '2.5d_rdl', 'loc': '2.5d_chiplet'},{'from': 'Chiplet_3', 'to': 'Chiplet_4', 'connection_type': '2.5d_rdl', 'loc': '2.5d_chiplet'},{'from': 'Chiplet_2', 'to': 'Chiplet_3', 'connection_type': '2.5d_rdl', 'loc': '2.5d_chiplet'},{'from': 'Chiplet_2', 'to': 'Chiplet_4', 'connection_type': '2.5d_rdl', 'loc': '2.5d_chiplet'},{'from': 'Chiplet_2', 'to': 'Chiplet_1', 'connection_type': '2.5d_rdl', 'loc': '2.5d_chiplet'},{'from': 'Chiplet_2', 'to': 'Chiplet_6', 'connection_type': '2.5d_rdl', 'loc': '2.5d_chiplet'},{'from': 'Chiplet_1', 'to': 'Chiplet_2', 'connection_type': '2.5d_rdl', 'loc': '2.5d_chiplet'},{'from': 'Chiplet_1', 'to': 'Chiplet_6', 'connection_type': '2.5d_rdl', 'loc': '2.5d_chiplet'},{'from': 'Chiplet_4', 'to': 'Chiplet_2', 'connection_type': '2.5d_rdl', 'loc': '2.5d_chiplet'},{'from': 'Chiplet_4', 'to': 'Chiplet_3', 'connection_type': '2.5d_rdl', 'loc': '2.5d_chiplet'},{'from': 'Chiplet_4', 'to': 'Chiplet_6', 'connection_type': '2.5d_rdl', 'loc': '2.5d_chiplet'},{'from': 'Chiplet_4', 'to': 'Chiplet_5', 'connection_type': '2.5d_rdl', 'loc': '2.5d_chiplet'},{'from': 'Chiplet_6', 'to': 'Chiplet_2', 'connection_type': '2.5d_rdl', 'loc': '2.5d_chiplet'},{'from': 'Chiplet_6', 'to': 'Chiplet_5', 'connection_type': '2.5d_rdl', 'loc': '2.5d_chiplet'},{'from': 'Chiplet_6', 'to': 'Chiplet_4', 'connection_type': '2.5d_rdl', 'loc': '2.5d_chiplet'},{'from': 'Chiplet_6', 'to': 'Chiplet_1', 'connection_type': '2.5d_rdl', 'loc': '2.5d_chiplet'},{'from': 'Chiplet_5', 'to': 'Chiplet_6', 'connection_type': '2.5d_rdl', 'loc': '2.5d_chiplet'},{'from': 'Chiplet_5', 'to': 'Chiplet_4', 'connection_type': '2.5d_rdl', 'loc': '2.5d_chiplet'}",1,1,3,1,1,1,ddr4,ucie_std,na,0,0,os,0,0,0
87,54.368450334917014,5488428.17,110262.95831643914,165161376.99676228,41234.14212952907,38608.13354832854,87,11.481175603606792,15.979573171754398,2048,192x192,14,2.6264880905479133,5.538366334949999,1024,128x128,10,0.829831759447044,1.3845915837374998,768,64x64,10,1.304342696,2.51875,2048,96x96,7,3.665749090547913,5.538366334949999,4096,128x128,10,15.436124909546791,15.979573171754398,8192,192x192,14,2.5d,"{'from': 'Chiplet_6', 'to': 'Chiplet_5', 'connection_type': '2.5d_rdl', 'loc': '2.5d_chiplet'},{'from': 'Chiplet_6', 'to': 'Chiplet_4', 'connection_type': '2.5d_rdl', 'loc': '2.5d_chiplet'},{'from': 'Chiplet_6', 'to': 'Chiplet_1', 'connection_type': '2.5d_rdl', 'loc': '2.5d_chiplet'},{'from': 'Chiplet_6', 'to': 'Chiplet_3', 'connection_type': '2.5d_rdl', 'loc': '2.5d_chiplet'},{'from': 'Chiplet_4', 'to': 'Chiplet_3', 'connection_type': '2.5d_rdl', 'loc': '2.5d_chiplet'},{'from': 'Chiplet_4', 'to': 'Chiplet_6', 'connection_type': '2.5d_rdl', 'loc': '2.5d_chiplet'},{'from': 'Chiplet_3', 'to': 'Chiplet_6', 'connection_type': '2.5d_rdl', 'loc': '2.5d_chiplet'},{'from': 'Chiplet_3', 'to': 'Chiplet_4', 'connection_type': '2.5d_rdl', 'loc': '2.5d_chiplet'},{'from': 'Chiplet_1', 'to': 'Chiplet_2', 'connection_type': '2.5d_rdl', 'loc': '2.5d_chiplet'},{'from': 'Chiplet_1', 'to': 'Chiplet_5', 'connection_type': '2.5d_rdl', 'loc': '2.5d_chiplet'},{'from': 'Chiplet_1', 'to': 'Chiplet_6', 'connection_type': '2.5d_rdl', 'loc': '2.5d_chiplet'},{'from': 'Chiplet_5', 'to': 'Chiplet_2', 'connection_type': '2.5d_rdl', 'loc': '2.5d_chiplet'},{'from': 'Chiplet_5', 'to': 'Chiplet_6', 'connection_type': '2.5d_rdl', 'loc': '2.5d_chiplet'},{'from': 'Chiplet_5', 'to': 'Chiplet_1', 'connection_type': '2.5d_rdl', 'loc': '2.5d_chiplet'},{'from': 'Chiplet_2', 'to': 'Chiplet_5', 'connection_type': '2.5d_rdl', 'loc': '2.5d_chiplet'},{'from': 'Chiplet_2', 'to': 'Chiplet_1', 'connection_type': '2.5d_rdl', 'loc': '2.5d_chiplet'}",5,1,1,1,1,7,hbm3,ucie_std,na,1,0,is,1,0,0
88,22.5080111071953,3331599.44,134821.4260545292,307099509.99444556,26450.010872125902,23060.61128290304,88,8.112421457366196,12.973514847541198,8192,192x192,10,1.304342696,2.51875,2048,96x96,7,1.7117881800824635,3.1172648505374996,1536,96x96,10,0.638803,1.11875,1024,64x64,7,6.033899457366197,12.973514847541198,2048,192x192,10,1.8849981800824636,3.1172648505374996,2048,96x96,10,2.5d_3d,"{'from': 'Chiplet_5', 'to': 'Chiplet_6', 'connection_type': '3d_u_bump', 'loc': 'stack0_base'},{'from': 'Chiplet_6', 'to': 'Chiplet_2', 'connection_type': '3d_u_bump', 'loc': 'stack0_middle1'},{'from': 'Chiplet_2', 'to': 'na', 'connection_type': '3d_u_bump', 'loc': 'stack0_top'},{'from': 'Chiplet_1', 'to': 'Chiplet_5', 'connection_type': '2.5d_emib', 'loc': '2.5d_chiplet'},{'from': 'Chiplet_1', 'to': 'Chiplet_3', 'connection_type': '2.5d_emib', 'loc': '2.5d_chiplet'},{'from': 'Chiplet_5', 'to': 'Chiplet_3', 'connection_type': '2.5d_emib', 'loc': '2.5d_chiplet'},{'from': 'Chiplet_5', 'to': 'Chiplet_4', 'connection_type': '2.5d_emib', 'loc': '2.5d_chiplet'},{'from': 'Chiplet_5', 'to': 'Chiplet_1', 'connection_type': '2.5d_emib', 'loc': '2.5d_chiplet'},{'from': 'Chiplet_3', 'to': 'Chiplet_5', 'connection_type': '2.5d_emib', 'loc': '2.5d_chiplet'},{'from': 'Chiplet_3', 'to': 'Chiplet_4', 'connection_type': '2.5d_emib', 'loc': '2.5d_chiplet'},{'from': 'Chiplet_3', 'to': 'Chiplet_1', 'connection_type': '2.5d_emib', 'loc': '2.5d_chiplet'},{'from': 'Chiplet_4', 'to': 'Chiplet_3', 'connection_type': '2.5d_emib', 'loc': '2.5d_chiplet'},{'from': 'Chiplet_4', 'to': 'Chiplet_5', 'connection_type': '2.5d_emib', 'loc': '2.5d_chiplet'}",2,1,1,1,2,1,ddr5,bow,ucie_3d,0,0,ws,1,0,0
89,38.63757032858326,4146859.76,195120.6974588618,635481511.1025739,10278.943355119825,19295.93474650781,89,4.9976252555201786,6.821646341899999,1024,128x128,14,1.86237254,4.475,2048,128x128,7,0.552198,1.11875,768,64x64,7,0.916436759447044,1.3845915837374998,1024,64x64,10,5.5109919519999995,10.4826,8192,192x192,7,14.117807839976791,15.979573171754398,6144,192x192,14,2.5d,"{'from': 'Chiplet_6', 'to': 'Chiplet_5', 'connection_type': '2.5d_emib', 'loc': '2.5d_chiplet'},{'from': 'Chiplet_6', 'to': 'Chiplet_1', 'connection_type': '2.5d_emib', 'loc': '2.5d_chiplet'},{'from': 'Chiplet_5', 'to': 'Chiplet_4', 'connection_type': '2.5d_emib', 'loc': '2.5d_chiplet'},{'from': 'Chiplet_5', 'to': 'Chiplet_6', 'connection_type': '2.5d_emib', 'loc': '2.5d_chiplet'},{'from': 'Chiplet_5', 'to': 'Chiplet_1', 'connection_type': '2.5d_emib', 'loc': '2.5d_chiplet'},{'from': 'Chiplet_5', 'to': 'Chiplet_3', 'connection_type': '2.5d_emib', 'loc': '2.5d_chiplet'},{'from': 'Chiplet_4', 'to': 'Chiplet_5', 'connection_type': '2.5d_emib', 'loc': '2.5d_chiplet'},{'from': 'Chiplet_4', 'to': 'Chiplet_3', 'connection_type': '2.5d_emib', 'loc': '2.5d_chiplet'},{'from': 'Chiplet_3', 'to': 'Chiplet_2', 'connection_type': '2.5d_emib', 'loc': '2.5d_chiplet'},{'from': 'Chiplet_3', 'to': 'Chiplet_5', 'connection_type': '2.5d_emib', 'loc': '2.5d_chiplet'},{'from': 'Chiplet_3', 'to': 'Chiplet_4', 'connection_type': '2.5d_emib', 'loc': '2.5d_chiplet'},{'from': 'Chiplet_1', 'to': 'Chiplet_2', 'connection_type': '2.5d_emib', 'loc': '2.5d_chiplet'},{'from': 'Chiplet_1', 'to': 'Chiplet_5', 'connection_type': '2.5d_emib', 'loc': '2.5d_chiplet'},{'from': 'Chiplet_1', 'to': 'Chiplet_6', 'connection_type': '2.5d_emib', 'loc': '2.5d_chiplet'},{'from': 'Chiplet_2', 'to': 'Chiplet_3', 'connection_type': '2.5d_emib', 'loc': '2.5d_chiplet'},{'from': 'Chiplet_2', 'to': 'Chiplet_1', 'connection_type': '2.5d_emib', 'loc': '2.5d_chiplet'}",1,1,1,1,1,3,ddr4,bow,na,0,0,ws,0,0,0
90,18.241691738685905,3787277.65,156210.25698668635,337075025.31067896,17513.27141963027,19786.835603239742,90,3.5867297574793953,3.8395579270749995,2048,96x96,14,2.597993382379395,3.8395579270749995,512,96x96,14,2.972908090547913,5.538366334949999,2048,128x128,10,2.972908090547913,5.538366334949999,2048,128x128,10,7.419580457366196,12.973514847541198,6144,192x192,10,5.5109919519999995,10.4826,8192,192x192,7,2.5d_3d,"{'from': 'Chiplet_5', 'to': 'Chiplet_6', 'connection_type': '3d_u_bump', 'loc': 'stack0_base'},{'from': 'Chiplet_6', 'to': 'Chiplet_3', 'connection_type': '3d_u_bump', 'loc': 'stack0_middle1'},{'from': 'Chiplet_3', 'to': 'na', 'connection_type': '3d_u_bump', 'loc': 'stack0_top'},{'from': 'Chiplet_5', 'to': 'Chiplet_4', 'connection_type': '2.5d_emib', 'loc': '2.5d_chiplet'},{'from': 'Chiplet_5', 'to': 'Chiplet_1', 'connection_type': '2.5d_emib', 'loc': '2.5d_chiplet'},{'from': 'Chiplet_1', 'to': 'Chiplet_2', 'connection_type': '2.5d_emib', 'loc': '2.5d_chiplet'},{'from': 'Chiplet_1', 'to': 'Chiplet_5', 'connection_type': '2.5d_emib', 'loc': '2.5d_chiplet'},{'from': 'Chiplet_1', 'to': 'Chiplet_4', 'connection_type': '2.5d_emib', 'loc': '2.5d_chiplet'},{'from': 'Chiplet_4', 'to': 'Chiplet_2', 'connection_type': '2.5d_emib', 'loc': '2.5d_chiplet'},{'from': 'Chiplet_4', 'to': 'Chiplet_5', 'connection_type': '2.5d_emib', 'loc': '2.5d_chiplet'},{'from': 'Chiplet_4', 'to': 'Chiplet_1', 'connection_type': '2.5d_emib', 'loc': '2.5d_chiplet'},{'from': 'Chiplet_2', 'to': 'Chiplet_4', 'connection_type': '2.5d_emib', 'loc': '2.5d_chiplet'},{'from': 'Chiplet_2', 'to': 'Chiplet_1', 'connection_type': '2.5d_emib', 'loc': '2.5d_chiplet'}",1,1,1,1,2,2,ddr5,aib,ucie_3d,0,0,is,1,0,0
91,26.235684762375325,3778491.94,151986.84912168255,199455776.97701573,10622.5,10429.272611052056,91,2.927572174079395,3.8395579270749995,1024,96x96,14,1.51595254,4.475,1024,128x128,7,1.51595254,4.475,1024,128x128,7,14.117807839976791,15.979573171754398,6144,192x192,14,1.51595254,4.475,1024,128x128,7,0.829831759447044,1.3845915837374998,768,64x64,10,2.5d_3d,"{'from': 'Chiplet_2', 'to': 'Chiplet_6', 'connection_type': '3d_tsv', 'loc': 'stack0_base'},{'from': 'Chiplet_6', 'to': 'na', 'connection_type': '3d_tsv', 'loc': 'stack0_top'},{'from': 'Chiplet_4', 'to': 'Chiplet_2', 'connection_type': '2.5d_emib', 'loc': '2.5d_chiplet'},{'from': 'Chiplet_4', 'to': 'Chiplet_1', 'connection_type': '2.5d_emib', 'loc': '2.5d_chiplet'},{'from': 'Chiplet_1', 'to': 'Chiplet_2', 'connection_type': '2.5d_emib', 'loc': '2.5d_chiplet'},{'from': 'Chiplet_1', 'to': 'Chiplet_5', 'connection_type': '2.5d_emib', 'loc': '2.5d_chiplet'},{'from': 'Chiplet_1', 'to': 'Chiplet_4', 'connection_type': '2.5d_emib', 'loc': '2.5d_chiplet'},{'from': 'Chiplet_1', 'to': 'Chiplet_3', 'connection_type': '2.5d_emib', 'loc': '2.5d_chiplet'},{'from': 'Chiplet_5', 'to': 'Chiplet_3', 'connection_type': '2.5d_emib', 'loc': '2.5d_chiplet'},{'from': 'Chiplet_5', 'to': 'Chiplet_1', 'connection_type': '2.5d_emib', 'loc': '2.5d_chiplet'},{'from': 'Chiplet_2', 'to': 'Chiplet_3', 'connection_type': '2.5d_emib', 'loc': '2.5d_chiplet'},{'from': 'Chiplet_2', 'to': 'Chiplet_4', 'connection_type': '2.5d_emib', 'loc': '2.5d_chiplet'},{'from': 'Chiplet_2', 'to': 'Chiplet_1', 'connection_type': '2.5d_emib', 'loc': '2.5d_chiplet'},{'from': 'Chiplet_3', 'to': 'Chiplet_2', 'connection_type': '2.5d_emib', 'loc': '2.5d_chiplet'},{'from': 'Chiplet_3', 'to': 'Chiplet_5', 'connection_type': '2.5d_emib', 'loc': '2.5d_chiplet'},{'from': 'Chiplet_3', 'to': 'Chiplet_1', 'connection_type': '2.5d_emib', 'loc': '2.5d_chiplet'}",2,1,1,10,1,1,hbm2,aib,ucie_3d,0,0,os,0,0,0
92,19.430743948694086,3169365.06,115575.82903059523,395752959.5523373,21313.466852721038,22066.164559287026,92,5.656782838920179,6.821646341899999,2048,128x128,14,2.6264880905479133,5.538366334949999,1024,128x128,10,2.55521354,4.475,4096,128x128,7,0.552198,1.11875,768,64x64,7,4.9976252555201786,6.821646341899999,1024,128x128,14,6.726740457366197,12.973514847541198,4096,192x192,10,2.5d_3d,"{'from': 'Chiplet_6', 'to': 'Chiplet_5', 'connection_type': '3d_tsv', 'loc': 'stack0_base'},{'from': 'Chiplet_5', 'to': 'Chiplet_2', 'connection_type': '3d_tsv', 'loc': 'stack0_middle1'},{'from': 'Chiplet_2', 'to': 'Chiplet_3', 'connection_type': '3d_tsv', 'loc': 'stack0_middle2'},{'from': 'Chiplet_3', 'to': 'na', 'connection_type': '3d_tsv', 'loc': 'stack0_top'},{'from': 'Chiplet_6', 'to': 'Chiplet_4', 'connection_type': '2.5d_emib', 'loc': '2.5d_chiplet'},{'from': 'Chiplet_6', 'to': 'Chiplet_1', 'connection_type': '2.5d_emib', 'loc': '2.5d_chiplet'},{'from': 'Chiplet_1', 'to': 'Chiplet_4', 'connection_type': '2.5d_emib', 'loc': '2.5d_chiplet'},{'from': 'Chiplet_1', 'to': 'Chiplet_6', 'connection_type': '2.5d_emib', 'loc': '2.5d_chiplet'},{'from': 'Chiplet_4', 'to': 'Chiplet_6', 'connection_type': '2.5d_emib', 'loc': '2.5d_chiplet'},{'from': 'Chiplet_4', 'to': 'Chiplet_1', 'connection_type': '2.5d_emib', 'loc': '2.5d_chiplet'}",2,1,1,1,1,2,ddr4,aib,ucie_3d,1,0,is,1,0,0
93,29.91225252841628,3591842.77,154100.28669779506,468583705.39883125,11047.049714751425,15642.403306658438,93,4.1253109519999995,10.4826,4096,192x192,7,0.784712696,2.51875,512,96x96,7,0.916436759447044,1.3845915837374998,1024,64x64,10,14.117807839976791,15.979573171754398,6144,192x192,14,0.957922696,2.51875,1024,96x96,7,1.249405813087535,1.7054115854749998,256,64x64,14,2.5d_3d,"{'from': 'Chiplet_3', 'to': 'Chiplet_2', 'connection_type': '3d_u_bump', 'loc': 'stack0_base'},{'from': 'Chiplet_2', 'to': 'na', 'connection_type': '3d_u_bump', 'loc': 'stack0_top'},{'from': 'Chiplet_4', 'to': 'Chiplet_6', 'connection_type': '2.5d_emib', 'loc': '2.5d_chiplet'},{'from': 'Chiplet_4', 'to': 'Chiplet_1', 'connection_type': '2.5d_emib', 'loc': '2.5d_chiplet'},{'from': 'Chiplet_1', 'to': 'Chiplet_6', 'connection_type': '2.5d_emib', 'loc': '2.5d_chiplet'},{'from': 'Chiplet_1', 'to': 'Chiplet_4', 'connection_type': '2.5d_emib', 'loc': '2.5d_chiplet'},{'from': 'Chiplet_1', 'to': 'Chiplet_5', 'connection_type': '2.5d_emib', 'loc': '2.5d_chiplet'},{'from': 'Chiplet_6', 'to': 'Chiplet_5', 'connection_type': '2.5d_emib', 'loc': '2.5d_chiplet'},{'from': 'Chiplet_6', 'to': 'Chiplet_4', 'connection_type': '2.5d_emib', 'loc': '2.5d_chiplet'},{'from': 'Chiplet_6', 'to': 'Chiplet_1', 'connection_type': '2.5d_emib', 'loc': '2.5d_chiplet'},{'from': 'Chiplet_6', 'to': 'Chiplet_3', 'connection_type': '2.5d_emib', 'loc': '2.5d_chiplet'},{'from': 'Chiplet_5', 'to': 'Chiplet_3', 'connection_type': '2.5d_emib', 'loc': '2.5d_chiplet'},{'from': 'Chiplet_5', 'to': 'Chiplet_6', 'connection_type': '2.5d_emib', 'loc': '2.5d_chiplet'},{'from': 'Chiplet_5', 'to': 'Chiplet_1', 'connection_type': '2.5d_emib', 'loc': '2.5d_chiplet'},{'from': 'Chiplet_3', 'to': 'Chiplet_5', 'connection_type': '2.5d_emib', 'loc': '2.5d_chiplet'},{'from': 'Chiplet_3', 'to': 'Chiplet_6', 'connection_type': '2.5d_emib', 'loc': '2.5d_chiplet'}",1,1,1,3,1,1,ddr5,bow,ucie_3d,0,0,os,0,0,0
94,35.07732811679548,4140605.77,162580.17827497845,609623015.1158463,10772.538126361655,19914.183178025676,94,1.7117881800824635,3.1172648505374996,1536,96x96,10,6.726740457366197,12.973514847541198,4096,192x192,10,3.665749090547913,5.538366334949999,4096,128x128,10,6.033899457366197,12.973514847541198,2048,192x192,10,0.957922696,2.51875,1024,96x96,7,6.975099908490179,6.821646341899999,4096,128x128,14,2.5d_3d,"{'from': 'Chiplet_3', 'to': 'Chiplet_1', 'connection_type': '3d_tsv', 'loc': 'stack0_base'},{'from': 'Chiplet_1', 'to': 'na', 'connection_type': '3d_tsv', 'loc': 'stack0_top'},{'from': 'Chiplet_6', 'to': 'Chiplet_2', 'connection_type': '2.5d_emib', 'loc': '2.5d_chiplet'},{'from': 'Chiplet_6', 'to': 'Chiplet_3', 'connection_type': '2.5d_emib', 'loc': '2.5d_chiplet'},{'from': 'Chiplet_6', 'to': 'Chiplet_5', 'connection_type': '2.5d_emib', 'loc': '2.5d_chiplet'},{'from': 'Chiplet_3', 'to': 'Chiplet_5', 'connection_type': '2.5d_emib', 'loc': '2.5d_chiplet'},{'from': 'Chiplet_3', 'to': 'Chiplet_6', 'connection_type': '2.5d_emib', 'loc': '2.5d_chiplet'},{'from': 'Chiplet_5', 'to': 'Chiplet_3', 'connection_type': '2.5d_emib', 'loc': '2.5d_chiplet'},{'from': 'Chiplet_5', 'to': 'Chiplet_4', 'connection_type': '2.5d_emib', 'loc': '2.5d_chiplet'},{'from': 'Chiplet_5', 'to': 'Chiplet_6', 'connection_type': '2.5d_emib', 'loc': '2.5d_chiplet'},{'from': 'Chiplet_2', 'to': 'Chiplet_4', 'connection_type': '2.5d_emib', 'loc': '2.5d_chiplet'},{'from': 'Chiplet_2', 'to': 'Chiplet_6', 'connection_type': '2.5d_emib', 'loc': '2.5d_chiplet'},{'from': 'Chiplet_4', 'to': 'Chiplet_2', 'connection_type': '2.5d_emib', 'loc': '2.5d_chiplet'},{'from': 'Chiplet_4', 'to': 'Chiplet_5', 'connection_type': '2.5d_emib', 'loc': '2.5d_chiplet'}",1,2,1,1,1,2,ddr4,bow,ucie_3d,1,0,ws,0,0,0
95,30.334425728991377,3142959.7,170877.1216934458,426501843.8267989,20639.381467828447,20810.684013162034,95,8.112421457366196,12.973514847541198,8192,192x192,10,6.726740457366197,12.973514847541198,4096,192x192,10,1.578984604787535,1.7054115854749998,768,64x64,14,1.4141952089375351,1.7054115854749998,512,64x64,14,1.249405813087535,1.7054115854749998,256,64x64,14,1.8849981800824636,3.1172648505374996,2048,96x96,10,2.5d,"{'from': 'Chiplet_1', 'to': 'Chiplet_2', 'connection_type': '2.5d_emib', 'loc': '2.5d_chiplet'},{'from': 'Chiplet_1', 'to': 'Chiplet_3', 'connection_type': '2.5d_emib', 'loc': '2.5d_chiplet'},{'from': 'Chiplet_1', 'to': 'Chiplet_6', 'connection_type': '2.5d_emib', 'loc': '2.5d_chiplet'},{'from': 'Chiplet_1', 'to': 'Chiplet_5', 'connection_type': '2.5d_emib', 'loc': '2.5d_chiplet'},{'from': 'Chiplet_3', 'to': 'Chiplet_5', 'connection_type': '2.5d_emib', 'loc': '2.5d_chiplet'},{'from': 'Chiplet_3', 'to': 'Chiplet_1', 'connection_type': '2.5d_emib', 'loc': '2.5d_chiplet'},{'from': 'Chiplet_5', 'to': 'Chiplet_3', 'connection_type': '2.5d_emib', 'loc': '2.5d_chiplet'},{'from': 'Chiplet_5', 'to': 'Chiplet_1', 'connection_type': '2.5d_emib', 'loc': '2.5d_chiplet'},{'from': 'Chiplet_2', 'to': 'Chiplet_4', 'connection_type': '2.5d_emib', 'loc': '2.5d_chiplet'},{'from': 'Chiplet_2', 'to': 'Chiplet_6', 'connection_type': '2.5d_emib', 'loc': '2.5d_chiplet'},{'from': 'Chiplet_2', 'to': 'Chiplet_1', 'connection_type': '2.5d_emib', 'loc': '2.5d_chiplet'},{'from': 'Chiplet_6', 'to': 'Chiplet_2', 'connection_type': '2.5d_emib', 'loc': '2.5d_chiplet'},{'from': 'Chiplet_6', 'to': 'Chiplet_4', 'connection_type': '2.5d_emib', 'loc': '2.5d_chiplet'},{'from': 'Chiplet_6', 'to': 'Chiplet_1', 'connection_type': '2.5d_emib', 'loc': '2.5d_chiplet'},{'from': 'Chiplet_4', 'to': 'Chiplet_2', 'connection_type': '2.5d_emib', 'loc': '2.5d_chiplet'},{'from': 'Chiplet_4', 'to': 'Chiplet_6', 'connection_type': '2.5d_emib', 'loc': '2.5d_chiplet'}",2,2,1,1,1,1,ddr4,ucie_adv,na,0,0,os,1,0,0
96,23.039131686997518,2154500.62,153574.98974774953,726167141.1646,16532.712418300653,20085.706212133977,96,0.552198,1.11875,768,64x64,7,2.597993382379395,3.8395579270749995,512,96x96,14,5.656782838920179,6.821646341899999,2048,128x128,14,1.4141952089375351,1.7054115854749998,512,64x64,14,3.665749090547913,5.538366334949999,4096,128x128,10,1.8849981800824636,3.1172648505374996,2048,96x96,10,2.5d,"{'from': 'Chiplet_3', 'to': 'Chiplet_2', 'connection_type': '2.5d_emib', 'loc': '2.5d_chiplet'},{'from': 'Chiplet_3', 'to': 'Chiplet_5', 'connection_type': '2.5d_emib', 'loc': '2.5d_chiplet'},{'from': 'Chiplet_3', 'to': 'Chiplet_6', 'connection_type': '2.5d_emib', 'loc': '2.5d_chiplet'},{'from': 'Chiplet_3', 'to': 'Chiplet_1', 'connection_type': '2.5d_emib', 'loc': '2.5d_chiplet'},{'from': 'Chiplet_6', 'to': 'Chiplet_3', 'connection_type': '2.5d_emib', 'loc': '2.5d_chiplet'},{'from': 'Chiplet_6', 'to': 'Chiplet_1', 'connection_type': '2.5d_emib', 'loc': '2.5d_chiplet'},{'from': 'Chiplet_1', 'to': 'Chiplet_3', 'connection_type': '2.5d_emib', 'loc': '2.5d_chiplet'},{'from': 'Chiplet_1', 'to': 'Chiplet_6', 'connection_type': '2.5d_emib', 'loc': '2.5d_chiplet'},{'from': 'Chiplet_5', 'to': 'Chiplet_2', 'connection_type': '2.5d_emib', 'loc': '2.5d_chiplet'},{'from': 'Chiplet_5', 'to': 'Chiplet_3', 'connection_type': '2.5d_emib', 'loc': '2.5d_chiplet'},{'from': 'Chiplet_5', 'to': 'Chiplet_4', 'connection_type': '2.5d_emib', 'loc': '2.5d_chiplet'},{'from': 'Chiplet_2', 'to': 'Chiplet_3', 'connection_type': '2.5d_emib', 'loc': '2.5d_chiplet'},{'from': 'Chiplet_2', 'to': 'Chiplet_4', 'connection_type': '2.5d_emib', 'loc': '2.5d_chiplet'},{'from': 'Chiplet_2', 'to': 'Chiplet_5', 'connection_type': '2.5d_emib', 'loc': '2.5d_chiplet'},{'from': 'Chiplet_4', 'to': 'Chiplet_2', 'connection_type': '2.5d_emib', 'loc': '2.5d_chiplet'},{'from': 'Chiplet_4', 'to': 'Chiplet_5', 'connection_type': '2.5d_emib', 'loc': '2.5d_chiplet'}",1,1,3,1,1,1,ddr4,bow,na,0,0,ws,0,0,0
97,24.660821682046972,2333029.08,158067.55588762957,616256453.6619873,29776.56862745098,25023.224350896893,97,1.7117881800824635,3.1172648505374996,1536,96x96,10,12.799492673176792,15.979573171754398,4096,192x192,14,0.552198,1.11875,768,64x64,7,0.743226759447044,1.3845915837374998,512,64x64,10,1.4141952089375351,1.7054115854749998,512,64x64,14,1.578984604787535,1.7054115854749998,768,64x64,14,2.5d,"{'from': 'Chiplet_2', 'to': 'Chiplet_6', 'connection_type': '2.5d_emib', 'loc': '2.5d_chiplet'},{'from': 'Chiplet_2', 'to': 'Chiplet_1', 'connection_type': '2.5d_emib', 'loc': '2.5d_chiplet'},{'from': 'Chiplet_1', 'to': 'Chiplet_2', 'connection_type': '2.5d_emib', 'loc': '2.5d_chiplet'},{'from': 'Chiplet_1', 'to': 'Chiplet_3', 'connection_type': '2.5d_emib', 'loc': '2.5d_chiplet'},{'from': 'Chiplet_1', 'to': 'Chiplet_4', 'connection_type': '2.5d_emib', 'loc': '2.5d_chiplet'},{'from': 'Chiplet_1', 'to': 'Chiplet_6', 'connection_type': '2.5d_emib', 'loc': '2.5d_chiplet'},{'from': 'Chiplet_4', 'to': 'Chiplet_3', 'connection_type': '2.5d_emib', 'loc': '2.5d_chiplet'},{'from': 'Chiplet_4', 'to': 'Chiplet_1', 'connection_type': '2.5d_emib', 'loc': '2.5d_chiplet'},{'from': 'Chiplet_3', 'to': 'Chiplet_5', 'connection_type': '2.5d_emib', 'loc': '2.5d_chiplet'},{'from': 'Chiplet_3', 'to': 'Chiplet_4', 'connection_type': '2.5d_emib', 'loc': '2.5d_chiplet'},{'from': 'Chiplet_3', 'to': 'Chiplet_1', 'connection_type': '2.5d_emib', 'loc': '2.5d_chiplet'},{'from': 'Chiplet_6', 'to': 'Chiplet_2', 'connection_type': '2.5d_emib', 'loc': '2.5d_chiplet'},{'from': 'Chiplet_6', 'to': 'Chiplet_5', 'connection_type': '2.5d_emib', 'loc': '2.5d_chiplet'},{'from': 'Chiplet_6', 'to': 'Chiplet_1', 'connection_type': '2.5d_emib', 'loc': '2.5d_chiplet'},{'from': 'Chiplet_5', 'to': 'Chiplet_3', 'connection_type': '2.5d_emib', 'loc': '2.5d_chiplet'},{'from': 'Chiplet_5', 'to': 'Chiplet_6', 'connection_type': '2.5d_emib', 'loc': '2.5d_chiplet'}",1,3,1,1,1,1,ddr4,bow,na,0,0,is,0,0,0
98,22.5080111071953,2995830.56,69221.18148939114,442443698.39614695,8957.067336284941,13519.681877918201,98,0.743226759447044,1.3845915837374998,512,64x64,10,0.46559300000000003,1.11875,512,64x64,7,0.378988,1.11875,256,64x64,7,8.112421457366196,12.973514847541198,8192,192x192,10,1.5385781800824634,3.1172648505374996,1024,96x96,10,6.033899457366197,12.973514847541198,2048,192x192,10,2.5d_3d,"{'from': 'Chiplet_6', 'to': 'Chiplet_1', 'connection_type': '3d_hyb_bond', 'loc': 'stack0_base'},{'from': 'Chiplet_1', 'to': 'Chiplet_2', 'connection_type': '3d_hyb_bond', 'loc': 'stack0_middle1'},{'from': 'Chiplet_2', 'to': 'na', 'connection_type': '3d_hyb_bond', 'loc': 'stack0_top'},{'from': 'Chiplet_4', 'to': 'Chiplet_5', 'connection_type': '2.5d_rdl', 'loc': '2.5d_chiplet'},{'from': 'Chiplet_4', 'to': 'Chiplet_6', 'connection_type': '2.5d_rdl', 'loc': '2.5d_chiplet'},{'from': 'Chiplet_6', 'to': 'Chiplet_5', 'connection_type': '2.5d_rdl', 'loc': '2.5d_chiplet'},{'from': 'Chiplet_6', 'to': 'Chiplet_4', 'connection_type': '2.5d_rdl', 'loc': '2.5d_chiplet'},{'from': 'Chiplet_6', 'to': 'Chiplet_3', 'connection_type': '2.5d_rdl', 'loc': '2.5d_chiplet'},{'from': 'Chiplet_5', 'to': 'Chiplet_3', 'connection_type': '2.5d_rdl', 'loc': '2.5d_chiplet'},{'from': 'Chiplet_5', 'to': 'Chiplet_4', 'connection_type': '2.5d_rdl', 'loc': '2.5d_chiplet'},{'from': 'Chiplet_5', 'to': 'Chiplet_6', 'connection_type': '2.5d_rdl', 'loc': '2.5d_chiplet'},{'from': 'Chiplet_3', 'to': 'Chiplet_5', 'connection_type': '2.5d_rdl', 'loc': '2.5d_chiplet'},{'from': 'Chiplet_3', 'to': 'Chiplet_6', 'connection_type': '2.5d_rdl', 'loc': '2.5d_chiplet'}",1,1,1,2,1,2,ddr5,ucie_std,ucie_3d,0,0,os,0,0,0
99,22.35605542367697,3075077.44,166978.62430945112,162237586.89413163,7981.202118989406,6890.632185894094,99,0.638803,1.11875,1024,64x64,7,2.927572174079395,3.8395579270749995,1024,96x96,14,2.55521354,4.475,4096,128x128,7,0.784712696,2.51875,512,96x96,7,8.112421457366196,12.973514847541198,8192,192x192,10,1.743774000637535,1.7054115854749998,1024,64x64,14,2.5d,"{'from': 'Chiplet_5', 'to': 'Chiplet_2', 'connection_type': '2.5d_emib', 'loc': '2.5d_chiplet'},{'from': 'Chiplet_5', 'to': 'Chiplet_3', 'connection_type': '2.5d_emib', 'loc': '2.5d_chiplet'},{'from': 'Chiplet_2', 'to': 'Chiplet_5', 'connection_type': '2.5d_emib', 'loc': '2.5d_chiplet'},{'from': 'Chiplet_2', 'to': 'Chiplet_4', 'connection_type': '2.5d_emib', 'loc': '2.5d_chiplet'},{'from': 'Chiplet_2', 'to': 'Chiplet_1', 'connection_type': '2.5d_emib', 'loc': '2.5d_chiplet'},{'from': 'Chiplet_2', 'to': 'Chiplet_3', 'connection_type': '2.5d_emib', 'loc': '2.5d_chiplet'},{'from': 'Chiplet_4', 'to': 'Chiplet_2', 'connection_type': '2.5d_emib', 'loc': '2.5d_chiplet'},{'from': 'Chiplet_4', 'to': 'Chiplet_1', 'connection_type': '2.5d_emib', 'loc': '2.5d_chiplet'},{'from': 'Chiplet_1', 'to': 'Chiplet_2', 'connection_type': '2.5d_emib', 'loc': '2.5d_chiplet'},{'from': 'Chiplet_1', 'to': 'Chiplet_6', 'connection_type': '2.5d_emib', 'loc': '2.5d_chiplet'},{'from': 'Chiplet_1', 'to': 'Chiplet_4', 'connection_type': '2.5d_emib', 'loc': '2.5d_chiplet'},{'from': 'Chiplet_3', 'to': 'Chiplet_2', 'connection_type': '2.5d_emib', 'loc': '2.5d_chiplet'},{'from': 'Chiplet_3', 'to': 'Chiplet_5', 'connection_type': '2.5d_emib', 'loc': '2.5d_chiplet'},{'from': 'Chiplet_3', 'to': 'Chiplet_6', 'connection_type': '2.5d_emib', 'loc': '2.5d_chiplet'},{'from': 'Chiplet_6', 'to': 'Chiplet_3', 'connection_type': '2.5d_emib', 'loc': '2.5d_chiplet'},{'from': 'Chiplet_6', 'to': 'Chiplet_1', 'connection_type': '2.5d_emib', 'loc': '2.5d_chiplet'}",1,3,2,1,8,1,hbm3,ucie_adv,na,1,0,os,0,0,0
100,17.696946920191433,2305840.65,59345.059344015914,326117433.4828493,26628.099097894163,17492.1838236829,100,8.112421457366196,12.973514847541198,8192,192x192,10,2.597993382379395,3.8395579270749995,512,96x96,14,0.743226759447044,1.3845915837374998,512,64x64,10,0.656621759447044,1.3845915837374998,256,64x64,10,0.916436759447044,1.3845915837374998,1024,64x64,10,1.304342696,2.51875,2048,96x96,7,2.5d_3d,"{'from': 'Chiplet_1', 'to': 'Chiplet_6', 'connection_type': '3d_u_bump', 'loc': 'stack0_base'},{'from': 'Chiplet_6', 'to': 'Chiplet_5', 'connection_type': '3d_u_bump', 'loc': 'stack0_middle1'},{'from': 'Chiplet_5', 'to': 'Chiplet_3', 'connection_type': '3d_u_bump', 'loc': 'stack0_middle2'},{'from': 'Chiplet_3', 'to': 'na', 'connection_type': '3d_u_bump', 'loc': 'stack0_top'},{'from': 'Chiplet_1', 'to': 'Chiplet_2', 'connection_type': '2.5d_rdl', 'loc': '2.5d_chiplet'},{'from': 'Chiplet_1', 'to': 'Chiplet_4', 'connection_type': '2.5d_rdl', 'loc': '2.5d_chiplet'},{'from': 'Chiplet_2', 'to': 'Chiplet_4', 'connection_type': '2.5d_rdl', 'loc': '2.5d_chiplet'},{'from': 'Chiplet_2', 'to': 'Chiplet_1', 'connection_type': '2.5d_rdl', 'loc': '2.5d_chiplet'},{'from': 'Chiplet_4', 'to': 'Chiplet_2', 'connection_type': '2.5d_rdl', 'loc': '2.5d_chiplet'},{'from': 'Chiplet_4', 'to': 'Chiplet_1', 'connection_type': '2.5d_rdl', 'loc': '2.5d_chiplet'}",3,1,1,1,1,1,ddr5,ucie_std,ucie_3d,0,0,os,1,0,0
101,18.68968969162549,3397248.81,79031.55607452212,137487492.6518312,18299.179528489713,14709.55433012374,101,4.9976252555201786,6.821646341899999,1024,128x128,14,1.578984604787535,1.7054115854749998,768,64x64,14,6.726740457366197,12.973514847541198,4096,192x192,10,1.5385781800824634,3.1172648505374996,1024,96x96,10,0.638803,1.11875,1024,64x64,7,3.432469952,10.4826,2048,192x192,7,2.5d_3d,"{'from': 'Chiplet_3', 'to': 'Chiplet_6', 'connection_type': '3d_u_bump', 'loc': 'stack0_base'},{'from': 'Chiplet_6', 'to': 'Chiplet_4', 'connection_type': '3d_u_bump', 'loc': 'stack0_middle1'},{'from': 'Chiplet_4', 'to': 'Chiplet_5', 'connection_type': '3d_u_bump', 'loc': 'stack0_middle2'},{'from': 'Chiplet_5', 'to': 'na', 'connection_type': '3d_u_bump', 'loc': 'stack0_top'},{'from': 'Chiplet_3', 'to': 'Chiplet_2', 'connection_type': '2.5d_rdl', 'loc': '2.5d_chiplet'},{'from': 'Chiplet_3', 'to': 'Chiplet_1', 'connection_type': '2.5d_rdl', 'loc': '2.5d_chiplet'},{'from': 'Chiplet_1', 'to': 'Chiplet_2', 'connection_type': '2.5d_rdl', 'loc': '2.5d_chiplet'},{'from': 'Chiplet_1', 'to': 'Chiplet_3', 'connection_type': '2.5d_rdl', 'loc': '2.5d_chiplet'},{'from': 'Chiplet_2', 'to': 'Chiplet_3', 'connection_type': '2.5d_rdl', 'loc': '2.5d_chiplet'},{'from': 'Chiplet_2', 'to': 'Chiplet_1', 'connection_type': '2.5d_rdl', 'loc': '2.5d_chiplet'}",4,1,6,1,1,3,hbm2,ucie_std,ucie_3d,1,0,os,1,0,0
102,13.019997661229366,2766810.81,90801.15970756393,401800761.90038353,23493.400377229293,21407.269507005883,102,3.665749090547913,5.538366334949999,4096,128x128,10,7.419580457366196,12.973514847541198,6144,192x192,10,1.7117881800824635,3.1172648505374996,1536,96x96,10,2.55521354,4.475,4096,128x128,7,2.927572174079395,3.8395579270749995,1024,96x96,14,0.784712696,2.51875,512,96x96,7,2.5d_3d,"{'from': 'Chiplet_2', 'to': 'Chiplet_5', 'connection_type': '3d_tsv', 'loc': 'stack0_base'},{'from': 'Chiplet_5', 'to': 'Chiplet_4', 'connection_type': '3d_tsv', 'loc': 'stack0_middle1'},{'from': 'Chiplet_4', 'to': 'Chiplet_3', 'connection_type': '3d_tsv', 'loc': 'stack0_middle2'},{'from': 'Chiplet_3', 'to': 'Chiplet_6', 'connection_type': '3d_tsv', 'loc': 'stack0_middle3'},{'from': 'Chiplet_6', 'to': 'na', 'connection_type': '3d_tsv', 'loc': 'stack0_top'},{'from': 'Chiplet_2', 'to': 'Chiplet_1', 'connection_type': '2.5d_emib', 'loc': '2.5d_chiplet'},{'from': 'Chiplet_1', 'to': 'Chiplet_2', 'connection_type': '2.5d_emib', 'loc': '2.5d_chiplet'}",1,3,1,1,1,1,ddr4,aib,ucie_3d,1,0,is,1,0,0
103,17.834241823258623,2260673.64,53656.24233620406,125957564.08704622,83118.06953429859,35019.86383172416,103,3.665749090547913,5.538366334949999,4096,128x128,10,0.957922696,2.51875,1024,96x96,7,2.20879254,4.475,3072,128x128,7,0.957922696,2.51875,1024,96x96,7,0.784712696,2.51875,512,96x96,7,2.927572174079395,3.8395579270749995,1024,96x96,14,2.5d,"{'from': 'Chiplet_1', 'to': 'Chiplet_2', 'connection_type': '2.5d_rdl', 'loc': '2.5d_chiplet'},{'from': 'Chiplet_1', 'to': 'Chiplet_3', 'connection_type': '2.5d_rdl', 'loc': '2.5d_chiplet'},{'from': 'Chiplet_1', 'to': 'Chiplet_6', 'connection_type': '2.5d_rdl', 'loc': '2.5d_chiplet'},{'from': 'Chiplet_1', 'to': 'Chiplet_4', 'connection_type': '2.5d_rdl', 'loc': '2.5d_chiplet'},{'from': 'Chiplet_2', 'to': 'Chiplet_4', 'connection_type': '2.5d_rdl', 'loc': '2.5d_chiplet'},{'from': 'Chiplet_2', 'to': 'Chiplet_1', 'connection_type': '2.5d_rdl', 'loc': '2.5d_chiplet'},{'from': 'Chiplet_4', 'to': 'Chiplet_2', 'connection_type': '2.5d_rdl', 'loc': '2.5d_chiplet'},{'from': 'Chiplet_4', 'to': 'Chiplet_1', 'connection_type': '2.5d_rdl', 'loc': '2.5d_chiplet'},{'from': 'Chiplet_6', 'to': 'Chiplet_3', 'connection_type': '2.5d_rdl', 'loc': '2.5d_chiplet'},{'from': 'Chiplet_6', 'to': 'Chiplet_5', 'connection_type': '2.5d_rdl', 'loc': '2.5d_chiplet'},{'from': 'Chiplet_6', 'to': 'Chiplet_1', 'connection_type': '2.5d_rdl', 'loc': '2.5d_chiplet'},{'from': 'Chiplet_3', 'to': 'Chiplet_5', 'connection_type': '2.5d_rdl', 'loc': '2.5d_chiplet'},{'from': 'Chiplet_3', 'to': 'Chiplet_6', 'connection_type': '2.5d_rdl', 'loc': '2.5d_chiplet'},{'from': 'Chiplet_3', 'to': 'Chiplet_1', 'connection_type': '2.5d_rdl', 'loc': '2.5d_chiplet'},{'from': 'Chiplet_5', 'to': 'Chiplet_3', 'connection_type': '2.5d_rdl', 'loc': '2.5d_chiplet'},{'from': 'Chiplet_5', 'to': 'Chiplet_6', 'connection_type': '2.5d_rdl', 'loc': '2.5d_chiplet'}",5,2,3,1,1,4,hbm3,ucie_std,na,0,0,is,1,0,0
104,19.678327488364214,1894231.42,150653.66263748726,509084173.6623014,9426.099629040806,12660.64716441189,104,6.315940422320179,6.821646341899999,3072,128x128,14,1.86237254,4.475,2048,128x128,7,0.829831759447044,1.3845915837374998,768,64x64,10,0.46559300000000003,1.11875,512,64x64,7,2.927572174079395,3.8395579270749995,1024,96x96,14,0.916436759447044,1.3845915837374998,1024,64x64,10,2.5d,"{'from': 'Chiplet_1', 'to': 'Chiplet_2', 'connection_type': '2.5d_emib', 'loc': '2.5d_chiplet'},{'from': 'Chiplet_1', 'to': 'Chiplet_5', 'connection_type': '2.5d_emib', 'loc': '2.5d_chiplet'},{'from': 'Chiplet_1', 'to': 'Chiplet_4', 'connection_type': '2.5d_emib', 'loc': '2.5d_chiplet'},{'from': 'Chiplet_4', 'to': 'Chiplet_2', 'connection_type': '2.5d_emib', 'loc': '2.5d_chiplet'},{'from': 'Chiplet_4', 'to': 'Chiplet_1', 'connection_type': '2.5d_emib', 'loc': '2.5d_chiplet'},{'from': 'Chiplet_5', 'to': 'Chiplet_2', 'connection_type': '2.5d_emib', 'loc': '2.5d_chiplet'},{'from': 'Chiplet_5', 'to': 'Chiplet_6', 'connection_type': '2.5d_emib', 'loc': '2.5d_chiplet'},{'from': 'Chiplet_5', 'to': 'Chiplet_1', 'connection_type': '2.5d_emib', 'loc': '2.5d_chiplet'},{'from': 'Chiplet_2', 'to': 'Chiplet_4', 'connection_type': '2.5d_emib', 'loc': '2.5d_chiplet'},{'from': 'Chiplet_2', 'to': 'Chiplet_5', 'connection_type': '2.5d_emib', 'loc': '2.5d_chiplet'},{'from': 'Chiplet_2', 'to': 'Chiplet_6', 'connection_type': '2.5d_emib', 'loc': '2.5d_chiplet'},{'from': 'Chiplet_2', 'to': 'Chiplet_3', 'connection_type': '2.5d_emib', 'loc': '2.5d_chiplet'},{'from': 'Chiplet_2', 'to': 'Chiplet_1', 'connection_type': '2.5d_emib', 'loc': '2.5d_chiplet'},{'from': 'Chiplet_6', 'to': 'Chiplet_2', 'connection_type': '2.5d_emib', 'loc': '2.5d_chiplet'},{'from': 'Chiplet_6', 'to': 'Chiplet_5', 'connection_type': '2.5d_emib', 'loc': '2.5d_chiplet'},{'from': 'Chiplet_6', 'to': 'Chiplet_3', 'connection_type': '2.5d_emib', 'loc': '2.5d_chiplet'},{'from': 'Chiplet_3', 'to': 'Chiplet_2', 'connection_type': '2.5d_emib', 'loc': '2.5d_chiplet'},{'from': 'Chiplet_3', 'to': 'Chiplet_6', 'connection_type': '2.5d_emib', 'loc': '2.5d_chiplet'}",3,1,1,1,1,1,ddr5,aib,na,1,0,os,0,0,0
105,21.90187699020273,2771252.37,58358.00171560923,202327269.68456787,25480.71253071253,14384.988578374785,105,1.304342696,2.51875,2048,96x96,7,5.656782838920179,6.821646341899999,2048,128x128,14,0.829831759447044,1.3845915837374998,768,64x64,10,0.656621759447044,1.3845915837374998,256,64x64,10,6.315940422320179,6.821646341899999,3072,128x128,14,3.5867297574793953,3.8395579270749995,2048,96x96,14,2.5d_3d,"{'from': 'Chiplet_5', 'to': 'Chiplet_3', 'connection_type': '3d_tsv', 'loc': 'stack0_base'},{'from': 'Chiplet_3', 'to': 'Chiplet_4', 'connection_type': '3d_tsv', 'loc': 'stack0_middle1'},{'from': 'Chiplet_4', 'to': 'na', 'connection_type': '3d_tsv', 'loc': 'stack0_top'},{'from': 'Chiplet_5', 'to': 'Chiplet_2', 'connection_type': '2.5d_rdl', 'loc': '2.5d_chiplet'},{'from': 'Chiplet_5', 'to': 'Chiplet_1', 'connection_type': '2.5d_rdl', 'loc': '2.5d_chiplet'},{'from': 'Chiplet_1', 'to': 'Chiplet_5', 'connection_type': '2.5d_rdl', 'loc': '2.5d_chiplet'},{'from': 'Chiplet_1', 'to': 'Chiplet_6', 'connection_type': '2.5d_rdl', 'loc': '2.5d_chiplet'},{'from': 'Chiplet_2', 'to': 'Chiplet_5', 'connection_type': '2.5d_rdl', 'loc': '2.5d_chiplet'},{'from': 'Chiplet_2', 'to': 'Chiplet_6', 'connection_type': '2.5d_rdl', 'loc': '2.5d_chiplet'},{'from': 'Chiplet_6', 'to': 'Chiplet_2', 'connection_type': '2.5d_rdl', 'loc': '2.5d_chiplet'},{'from': 'Chiplet_6', 'to': 'Chiplet_1', 'connection_type': '2.5d_rdl', 'loc': '2.5d_chiplet'}",1,5,1,1,5,3,hbm2,ucie_std,ucie_3d,0,0,is,0,0,0
106,24.883837150915397,4333982.93,93635.07222959548,174369074.8266932,45898.48083679751,38493.90017191744,106,14.117807839976791,15.979573171754398,6144,192x192,14,1.743774000637535,1.7054115854749998,1024,64x64,14,1.304342696,2.51875,2048,96x96,7,2.972908090547913,5.538366334949999,2048,128x128,10,7.419580457366196,12.973514847541198,6144,192x192,10,1.5385781800824634,3.1172648505374996,1024,96x96,10,2.5d_3d,"{'from': 'Chiplet_5', 'to': 'Chiplet_4', 'connection_type': '3d_tsv', 'loc': 'stack0_base'},{'from': 'Chiplet_4', 'to': 'Chiplet_2', 'connection_type': '3d_tsv', 'loc': 'stack0_middle1'},{'from': 'Chiplet_2', 'to': 'Chiplet_6', 'connection_type': '3d_tsv', 'loc': 'stack0_middle2'},{'from': 'Chiplet_6', 'to': 'Chiplet_3', 'connection_type': '3d_tsv', 'loc': 'stack0_middle3'},{'from': 'Chiplet_3', 'to': 'na', 'connection_type': '3d_tsv', 'loc': 'stack0_top'},{'from': 'Chiplet_1', 'to': 'Chiplet_5', 'connection_type': '2.5d_rdl', 'loc': '2.5d_chiplet'},{'from': 'Chiplet_5', 'to': 'Chiplet_1', 'connection_type': '2.5d_rdl', 'loc': '2.5d_chiplet'}",8,1,1,1,4,1,hbm3,ucie_std,ucie_3d,0,0,ws,1,0,0
107,39.02247430070859,3523154.4,90554.04997237831,428264794.6462918,41035.123188368096,36138.587883919245,107,2.927572174079395,3.8395579270749995,1024,96x96,14,1.86237254,4.475,2048,128x128,7,12.799492673176792,15.979573171754398,4096,192x192,14,6.975099908490179,6.821646341899999,4096,128x128,14,0.957922696,2.51875,1024,96x96,7,2.927572174079395,3.8395579270749995,1024,96x96,14,2.5d,"{'from': 'Chiplet_3', 'to': 'Chiplet_2', 'connection_type': '2.5d_rdl', 'loc': '2.5d_chiplet'},{'from': 'Chiplet_3', 'to': 'Chiplet_4', 'connection_type': '2.5d_rdl', 'loc': '2.5d_chiplet'},{'from': 'Chiplet_3', 'to': 'Chiplet_1', 'connection_type': '2.5d_rdl', 'loc': '2.5d_chiplet'},{'from': 'Chiplet_2', 'to': 'Chiplet_5', 'connection_type': '2.5d_rdl', 'loc': '2.5d_chiplet'},{'from': 'Chiplet_2', 'to': 'Chiplet_1', 'connection_type': '2.5d_rdl', 'loc': '2.5d_chiplet'},{'from': 'Chiplet_2', 'to': 'Chiplet_3', 'connection_type': '2.5d_rdl', 'loc': '2.5d_chiplet'},{'from': 'Chiplet_4', 'to': 'Chiplet_3', 'connection_type': '2.5d_rdl', 'loc': '2.5d_chiplet'},{'from': 'Chiplet_4', 'to': 'Chiplet_6', 'connection_type': '2.5d_rdl', 'loc': '2.5d_chiplet'},{'from': 'Chiplet_4', 'to': 'Chiplet_1', 'connection_type': '2.5d_rdl', 'loc': '2.5d_chiplet'},{'from': 'Chiplet_1', 'to': 'Chiplet_4', 'connection_type': '2.5d_rdl', 'loc': '2.5d_chiplet'},{'from': 'Chiplet_1', 'to': 'Chiplet_2', 'connection_type': '2.5d_rdl', 'loc': '2.5d_chiplet'},{'from': 'Chiplet_1', 'to': 'Chiplet_5', 'connection_type': '2.5d_rdl', 'loc': '2.5d_chiplet'},{'from': 'Chiplet_1', 'to': 'Chiplet_6', 'connection_type': '2.5d_rdl', 'loc': '2.5d_chiplet'},{'from': 'Chiplet_1', 'to': 'Chiplet_3', 'connection_type': '2.5d_rdl', 'loc': '2.5d_chiplet'},{'from': 'Chiplet_5', 'to': 'Chiplet_2', 'connection_type': '2.5d_rdl', 'loc': '2.5d_chiplet'},{'from': 'Chiplet_5', 'to': 'Chiplet_6', 'connection_type': '2.5d_rdl', 'loc': '2.5d_chiplet'},{'from': 'Chiplet_5', 'to': 'Chiplet_1', 'connection_type': '2.5d_rdl', 'loc': '2.5d_chiplet'},{'from': 'Chiplet_6', 'to': 'Chiplet_5', 'connection_type': '2.5d_rdl', 'loc': '2.5d_chiplet'},{'from': 'Chiplet_6', 'to': 'Chiplet_4', 'connection_type': '2.5d_rdl', 'loc': '2.5d_chiplet'},{'from': 'Chiplet_6', 'to': 'Chiplet_1', 'connection_type': '2.5d_rdl', 'loc': '2.5d_chiplet'}",1,1,3,1,1,1,ddr4,ucie_std,na,0,0,is,1,0,0
108,19.939520085546583,2680985.22,53915.71057104004,133682942.20012428,48629.065517583425,24708.525497164195,108,0.743226759447044,1.3845915837374998,512,64x64,10,0.916436759447044,1.3845915837374998,1024,64x64,10,1.743774000637535,1.7054115854749998,1024,64x64,14,5.656782838920179,6.821646341899999,2048,128x128,14,1.3653681800824635,3.1172648505374996,512,96x96,10,3.432469952,10.4826,2048,192x192,7,2.5d_3d,"{'from': 'Chiplet_5', 'to': 'Chiplet_2', 'connection_type': '3d_u_bump', 'loc': 'stack0_base'},{'from': 'Chiplet_2', 'to': 'na', 'connection_type': '3d_u_bump', 'loc': 'stack0_top'},{'from': 'Chiplet_4', 'to': 'Chiplet_3', 'connection_type': '2.5d_rdl', 'loc': '2.5d_chiplet'},{'from': 'Chiplet_4', 'to': 'Chiplet_6', 'connection_type': '2.5d_rdl', 'loc': '2.5d_chiplet'},{'from': 'Chiplet_4', 'to': 'Chiplet_1', 'connection_type': '2.5d_rdl', 'loc': '2.5d_chiplet'},{'from': 'Chiplet_1', 'to': 'Chiplet_3', 'connection_type': '2.5d_rdl', 'loc': '2.5d_chiplet'},{'from': 'Chiplet_1', 'to': 'Chiplet_4', 'connection_type': '2.5d_rdl', 'loc': '2.5d_chiplet'},{'from': 'Chiplet_6', 'to': 'Chiplet_3', 'connection_type': '2.5d_rdl', 'loc': '2.5d_chiplet'},{'from': 'Chiplet_6', 'to': 'Chiplet_4', 'connection_type': '2.5d_rdl', 'loc': '2.5d_chiplet'},{'from': 'Chiplet_6', 'to': 'Chiplet_5', 'connection_type': '2.5d_rdl', 'loc': '2.5d_chiplet'},{'from': 'Chiplet_3', 'to': 'Chiplet_5', 'connection_type': '2.5d_rdl', 'loc': '2.5d_chiplet'},{'from': 'Chiplet_3', 'to': 'Chiplet_4', 'connection_type': '2.5d_rdl', 'loc': '2.5d_chiplet'},{'from': 'Chiplet_3', 'to': 'Chiplet_1', 'connection_type': '2.5d_rdl', 'loc': '2.5d_chiplet'},{'from': 'Chiplet_3', 'to': 'Chiplet_6', 'connection_type': '2.5d_rdl', 'loc': '2.5d_chiplet'},{'from': 'Chiplet_5', 'to': 'Chiplet_3', 'connection_type': '2.5d_rdl', 'loc': '2.5d_chiplet'},{'from': 'Chiplet_5', 'to': 'Chiplet_6', 'connection_type': '2.5d_rdl', 'loc': '2.5d_chiplet'}",1,1,2,6,2,4,hbm2,ucie_std,ucie_3d,0,0,is,1,0,0
109,9.651795084158845,1798445.51,105423.4770553204,185727504.79417062,15766.216216216217,8064.751134862334,109,0.656621759447044,1.3845915837374998,256,64x64,10,0.378988,1.11875,256,64x64,7,0.829831759447044,1.3845915837374998,768,64x64,10,2.927572174079395,3.8395579270749995,1024,96x96,14,2.927572174079395,3.8395579270749995,1024,96x96,14,2.55521354,4.475,4096,128x128,7,2.5d_3d,"{'from': 'Chiplet_4', 'to': 'Chiplet_6', 'connection_type': '3d_u_bump', 'loc': 'stack0_base'},{'from': 'Chiplet_6', 'to': 'Chiplet_2', 'connection_type': '3d_u_bump', 'loc': 'stack0_middle1'},{'from': 'Chiplet_2', 'to': 'na', 'connection_type': '3d_u_bump', 'loc': 'stack0_top'},{'from': 'Chiplet_4', 'to': 'Chiplet_5', 'connection_type': '2.5d_emib', 'loc': '2.5d_chiplet'},{'from': 'Chiplet_4', 'to': 'Chiplet_3', 'connection_type': '2.5d_emib', 'loc': '2.5d_chiplet'},{'from': 'Chiplet_3', 'to': 'Chiplet_4', 'connection_type': '2.5d_emib', 'loc': '2.5d_chiplet'},{'from': 'Chiplet_3', 'to': 'Chiplet_1', 'connection_type': '2.5d_emib', 'loc': '2.5d_chiplet'},{'from': 'Chiplet_5', 'to': 'Chiplet_4', 'connection_type': '2.5d_emib', 'loc': '2.5d_chiplet'},{'from': 'Chiplet_5', 'to': 'Chiplet_1', 'connection_type': '2.5d_emib', 'loc': '2.5d_chiplet'},{'from': 'Chiplet_1', 'to': 'Chiplet_3', 'connection_type': '2.5d_emib', 'loc': '2.5d_chiplet'},{'from': 'Chiplet_1', 'to': 'Chiplet_5', 'connection_type': '2.5d_emib', 'loc': '2.5d_chiplet'}",1,1,1,5,4,4,hbm2,ucie_adv,ucie_3d,1,0,is,0,0,0
110,58.51183899761417,5962326.38,224410.89391903224,464020124.58030903,7105.847595762022,16577.74822533658,110,4.818150952,10.4826,6144,192x192,7,15.436124909546791,15.979573171754398,8192,192x192,14,3.432469952,10.4826,2048,192x192,7,1.3653681800824635,3.1172648505374996,512,96x96,10,3.665749090547913,5.538366334949999,4096,128x128,10,11.481175603606792,15.979573171754398,2048,192x192,14,2.5d,"{'from': 'Chiplet_2', 'to': 'Chiplet_4', 'connection_type': '2.5d_emib', 'loc': '2.5d_chiplet'},{'from': 'Chiplet_2', 'to': 'Chiplet_5', 'connection_type': '2.5d_emib', 'loc': '2.5d_chiplet'},{'from': 'Chiplet_2', 'to': 'Chiplet_6', 'connection_type': '2.5d_emib', 'loc': '2.5d_chiplet'},{'from': 'Chiplet_2', 'to': 'Chiplet_1', 'connection_type': '2.5d_emib', 'loc': '2.5d_chiplet'},{'from': 'Chiplet_5', 'to': 'Chiplet_2', 'connection_type': '2.5d_emib', 'loc': '2.5d_chiplet'},{'from': 'Chiplet_5', 'to': 'Chiplet_4', 'connection_type': '2.5d_emib', 'loc': '2.5d_chiplet'},{'from': 'Chiplet_4', 'to': 'Chiplet_2', 'connection_type': '2.5d_emib', 'loc': '2.5d_chiplet'},{'from': 'Chiplet_4', 'to': 'Chiplet_5', 'connection_type': '2.5d_emib', 'loc': '2.5d_chiplet'},{'from': 'Chiplet_6', 'to': 'Chiplet_2', 'connection_type': '2.5d_emib', 'loc': '2.5d_chiplet'},{'from': 'Chiplet_6', 'to': 'Chiplet_3', 'connection_type': '2.5d_emib', 'loc': '2.5d_chiplet'},{'from': 'Chiplet_6', 'to': 'Chiplet_1', 'connection_type': '2.5d_emib', 'loc': '2.5d_chiplet'},{'from': 'Chiplet_1', 'to': 'Chiplet_2', 'connection_type': '2.5d_emib', 'loc': '2.5d_chiplet'},{'from': 'Chiplet_1', 'to': 'Chiplet_3', 'connection_type': '2.5d_emib', 'loc': '2.5d_chiplet'},{'from': 'Chiplet_1', 'to': 'Chiplet_6', 'connection_type': '2.5d_emib', 'loc': '2.5d_chiplet'},{'from': 'Chiplet_3', 'to': 'Chiplet_6', 'connection_type': '2.5d_emib', 'loc': '2.5d_chiplet'},{'from': 'Chiplet_3', 'to': 'Chiplet_1', 'connection_type': '2.5d_emib', 'loc': '2.5d_chiplet'}",1,2,1,1,1,2,ddr5,bow,na,0,0,os,0,0,0
111,9.6332981073782,1818729.17,51131.258378604056,330504060.35844433,118020.83293394747,52155.03243937027,111,0.957922696,2.51875,1024,96x96,7,0.46559300000000003,1.11875,512,64x64,7,1.7117881800824635,3.1172648505374996,1536,96x96,10,2.20879254,4.475,3072,128x128,7,2.972908090547913,5.538366334949999,2048,128x128,10,1.86237254,4.475,2048,128x128,7,2.5d_3d,"{'from': 'Chiplet_5', 'to': 'Chiplet_6', 'connection_type': '3d_tsv', 'loc': 'stack0_base'},{'from': 'Chiplet_6', 'to': 'Chiplet_2', 'connection_type': '3d_tsv', 'loc': 'stack0_middle1'},{'from': 'Chiplet_2', 'to': 'na', 'connection_type': '3d_tsv', 'loc': 'stack0_top'},{'from': 'Chiplet_5', 'to': 'Chiplet_3', 'connection_type': '2.5d_rdl', 'loc': '2.5d_chiplet'},{'from': 'Chiplet_5', 'to': 'Chiplet_4', 'connection_type': '2.5d_rdl', 'loc': '2.5d_chiplet'},{'from': 'Chiplet_5', 'to': 'Chiplet_1', 'connection_type': '2.5d_rdl', 'loc': '2.5d_chiplet'},{'from': 'Chiplet_1', 'to': 'Chiplet_3', 'connection_type': '2.5d_rdl', 'loc': '2.5d_chiplet'},{'from': 'Chiplet_1', 'to': 'Chiplet_5', 'connection_type': '2.5d_rdl', 'loc': '2.5d_chiplet'},{'from': 'Chiplet_4', 'to': 'Chiplet_5', 'connection_type': '2.5d_rdl', 'loc': '2.5d_chiplet'},{'from': 'Chiplet_4', 'to': 'Chiplet_3', 'connection_type': '2.5d_rdl', 'loc': '2.5d_chiplet'},{'from': 'Chiplet_3', 'to': 'Chiplet_5', 'connection_type': '2.5d_rdl', 'loc': '2.5d_chiplet'},{'from': 'Chiplet_3', 'to': 'Chiplet_4', 'connection_type': '2.5d_rdl', 'loc': '2.5d_chiplet'},{'from': 'Chiplet_3', 'to': 'Chiplet_1', 'connection_type': '2.5d_rdl', 'loc': '2.5d_chiplet'}",1,1,1,2,2,1,ddr5,ucie_std,ucie_3d,0,0,ws,1,0,0
112,17.778045190165212,3075096.43,152518.73069121034,470827017.0148462,10055.392156862745,13670.368063369313,112,4.818150952,10.4826,6144,192x192,7,0.743226759447044,1.3845915837374998,512,64x64,10,1.304342696,2.51875,2048,96x96,7,5.5109919519999995,10.4826,8192,192x192,7,0.378988,1.11875,256,64x64,7,0.46559300000000003,1.11875,512,64x64,7,2.5d_3d,"{'from': 'Chiplet_3', 'to': 'Chiplet_2', 'connection_type': '3d_u_bump', 'loc': 'stack0_base'},{'from': 'Chiplet_2', 'to': 'na', 'connection_type': '3d_u_bump', 'loc': 'stack0_top'},{'from': 'Chiplet_4', 'to': 'Chiplet_3', 'connection_type': '2.5d_emib', 'loc': '2.5d_chiplet'},{'from': 'Chiplet_4', 'to': 'Chiplet_6', 'connection_type': '2.5d_emib', 'loc': '2.5d_chiplet'},{'from': 'Chiplet_4', 'to': 'Chiplet_5', 'connection_type': '2.5d_emib', 'loc': '2.5d_chiplet'},{'from': 'Chiplet_4', 'to': 'Chiplet_1', 'connection_type': '2.5d_emib', 'loc': '2.5d_chiplet'},{'from': 'Chiplet_6', 'to': 'Chiplet_5', 'connection_type': '2.5d_emib', 'loc': '2.5d_chiplet'},{'from': 'Chiplet_6', 'to': 'Chiplet_4', 'connection_type': '2.5d_emib', 'loc': '2.5d_chiplet'},{'from': 'Chiplet_5', 'to': 'Chiplet_4', 'connection_type': '2.5d_emib', 'loc': '2.5d_chiplet'},{'from': 'Chiplet_5', 'to': 'Chiplet_6', 'connection_type': '2.5d_emib', 'loc': '2.5d_chiplet'},{'from': 'Chiplet_1', 'to': 'Chiplet_3', 'connection_type': '2.5d_emib', 'loc': '2.5d_chiplet'},{'from': 'Chiplet_1', 'to': 'Chiplet_4', 'connection_type': '2.5d_emib', 'loc': '2.5d_chiplet'},{'from': 'Chiplet_3', 'to': 'Chiplet_4', 'connection_type': '2.5d_emib', 'loc': '2.5d_chiplet'},{'from': 'Chiplet_3', 'to': 'Chiplet_1', 'connection_type': '2.5d_emib', 'loc': '2.5d_chiplet'}",2,1,1,2,1,1,ddr5,ucie_adv,ucie_3d,1,0,ws,0,0,0
113,52.88487573842896,4673394.0,196163.822176613,656641614.9202144,15777.77777777778,24576.13944769262,113,2.55521354,4.475,4096,128x128,7,12.799492673176792,15.979573171754398,4096,192x192,14,1.743774000637535,1.7054115854749998,1024,64x64,14,14.117807839976791,15.979573171754398,6144,192x192,14,0.46559300000000003,1.11875,512,64x64,7,2.927572174079395,3.8395579270749995,1024,96x96,14,2.5d,"{'from': 'Chiplet_4', 'to': 'Chiplet_2', 'connection_type': '2.5d_emib', 'loc': '2.5d_chiplet'},{'from': 'Chiplet_4', 'to': 'Chiplet_5', 'connection_type': '2.5d_emib', 'loc': '2.5d_chiplet'},{'from': 'Chiplet_4', 'to': 'Chiplet_6', 'connection_type': '2.5d_emib', 'loc': '2.5d_chiplet'},{'from': 'Chiplet_4', 'to': 'Chiplet_1', 'connection_type': '2.5d_emib', 'loc': '2.5d_chiplet'},{'from': 'Chiplet_1', 'to': 'Chiplet_5', 'connection_type': '2.5d_emib', 'loc': '2.5d_chiplet'},{'from': 'Chiplet_1', 'to': 'Chiplet_4', 'connection_type': '2.5d_emib', 'loc': '2.5d_chiplet'},{'from': 'Chiplet_5', 'to': 'Chiplet_4', 'connection_type': '2.5d_emib', 'loc': '2.5d_chiplet'},{'from': 'Chiplet_5', 'to': 'Chiplet_1', 'connection_type': '2.5d_emib', 'loc': '2.5d_chiplet'},{'from': 'Chiplet_2', 'to': 'Chiplet_6', 'connection_type': '2.5d_emib', 'loc': '2.5d_chiplet'},{'from': 'Chiplet_2', 'to': 'Chiplet_4', 'connection_type': '2.5d_emib', 'loc': '2.5d_chiplet'},{'from': 'Chiplet_2', 'to': 'Chiplet_3', 'connection_type': '2.5d_emib', 'loc': '2.5d_chiplet'},{'from': 'Chiplet_6', 'to': 'Chiplet_2', 'connection_type': '2.5d_emib', 'loc': '2.5d_chiplet'},{'from': 'Chiplet_6', 'to': 'Chiplet_3', 'connection_type': '2.5d_emib', 'loc': '2.5d_chiplet'},{'from': 'Chiplet_6', 'to': 'Chiplet_4', 'connection_type': '2.5d_emib', 'loc': '2.5d_chiplet'},{'from': 'Chiplet_3', 'to': 'Chiplet_2', 'connection_type': '2.5d_emib', 'loc': '2.5d_chiplet'},{'from': 'Chiplet_3', 'to': 'Chiplet_6', 'connection_type': '2.5d_emib', 'loc': '2.5d_chiplet'}",1,2,1,2,1,1,ddr4,aib,na,0,0,ws,0,0,0
114,29.71102010147808,2779880.74,164172.0279962289,605229056.5558494,18199.24836601307,20829.575354438315,114,0.638803,1.11875,1024,64x64,7,0.378988,1.11875,256,64x64,7,7.419580457366196,12.973514847541198,6144,192x192,10,1.8849981800824636,3.1172648505374996,2048,96x96,10,2.597993382379395,3.8395579270749995,512,96x96,14,5.656782838920179,6.821646341899999,2048,128x128,14,2.5d,"{'from': 'Chiplet_3', 'to': 'Chiplet_5', 'connection_type': '2.5d_emib', 'loc': '2.5d_chiplet'},{'from': 'Chiplet_3', 'to': 'Chiplet_6', 'connection_type': '2.5d_emib', 'loc': '2.5d_chiplet'},{'from': 'Chiplet_3', 'to': 'Chiplet_4', 'connection_type': '2.5d_emib', 'loc': '2.5d_chiplet'},{'from': 'Chiplet_4', 'to': 'Chiplet_5', 'connection_type': '2.5d_emib', 'loc': '2.5d_chiplet'},{'from': 'Chiplet_4', 'to': 'Chiplet_3', 'connection_type': '2.5d_emib', 'loc': '2.5d_chiplet'},{'from': 'Chiplet_6', 'to': 'Chiplet_3', 'connection_type': '2.5d_emib', 'loc': '2.5d_chiplet'},{'from': 'Chiplet_6', 'to': 'Chiplet_5', 'connection_type': '2.5d_emib', 'loc': '2.5d_chiplet'},{'from': 'Chiplet_6', 'to': 'Chiplet_1', 'connection_type': '2.5d_emib', 'loc': '2.5d_chiplet'},{'from': 'Chiplet_5', 'to': 'Chiplet_4', 'connection_type': '2.5d_emib', 'loc': '2.5d_chiplet'},{'from': 'Chiplet_5', 'to': 'Chiplet_2', 'connection_type': '2.5d_emib', 'loc': '2.5d_chiplet'},{'from': 'Chiplet_5', 'to': 'Chiplet_6', 'connection_type': '2.5d_emib', 'loc': '2.5d_chiplet'},{'from': 'Chiplet_5', 'to': 'Chiplet_3', 'connection_type': '2.5d_emib', 'loc': '2.5d_chiplet'},{'from': 'Chiplet_5', 'to': 'Chiplet_1', 'connection_type': '2.5d_emib', 'loc': '2.5d_chiplet'},{'from': 'Chiplet_1', 'to': 'Chiplet_2', 'connection_type': '2.5d_emib', 'loc': '2.5d_chiplet'},{'from': 'Chiplet_1', 'to': 'Chiplet_5', 'connection_type': '2.5d_emib', 'loc': '2.5d_chiplet'},{'from': 'Chiplet_1', 'to': 'Chiplet_6', 'connection_type': '2.5d_emib', 'loc': '2.5d_chiplet'},{'from': 'Chiplet_2', 'to': 'Chiplet_5', 'connection_type': '2.5d_emib', 'loc': '2.5d_chiplet'},{'from': 'Chiplet_2', 'to': 'Chiplet_1', 'connection_type': '2.5d_emib', 'loc': '2.5d_chiplet'}",1,1,2,1,1,2,ddr4,bow,na,0,0,is,0,0,0
115,29.85811419494817,4586275.61,101095.27643958277,159282881.3214371,34989.36992467591,28479.879035008646,115,5.656782838920179,6.821646341899999,2048,128x128,14,1.86237254,4.475,2048,128x128,7,6.975099908490179,6.821646341899999,4096,128x128,14,11.481175603606792,15.979573171754398,2048,192x192,14,1.304342696,2.51875,2048,96x96,7,1.8849981800824636,3.1172648505374996,2048,96x96,10,2.5d_3d,"{'from': 'Chiplet_1', 'to': 'Chiplet_6', 'connection_type': '3d_hyb_bond', 'loc': 'stack0_base'},{'from': 'Chiplet_6', 'to': 'Chiplet_2', 'connection_type': '3d_hyb_bond', 'loc': 'stack0_middle1'},{'from': 'Chiplet_2', 'to': 'Chiplet_5', 'connection_type': '3d_hyb_bond', 'loc': 'stack0_middle2'},{'from': 'Chiplet_5', 'to': 'na', 'connection_type': '3d_hyb_bond', 'loc': 'stack0_top'},{'from': 'Chiplet_4', 'to': 'Chiplet_3', 'connection_type': '2.5d_rdl', 'loc': '2.5d_chiplet'},{'from': 'Chiplet_4', 'to': 'Chiplet_1', 'connection_type': '2.5d_rdl', 'loc': '2.5d_chiplet'},{'from': 'Chiplet_3', 'to': 'Chiplet_4', 'connection_type': '2.5d_rdl', 'loc': '2.5d_chiplet'},{'from': 'Chiplet_3', 'to': 'Chiplet_1', 'connection_type': '2.5d_rdl', 'loc': '2.5d_chiplet'},{'from': 'Chiplet_1', 'to': 'Chiplet_3', 'connection_type': '2.5d_rdl', 'loc': '2.5d_chiplet'},{'from': 'Chiplet_1', 'to': 'Chiplet_4', 'connection_type': '2.5d_rdl', 'loc': '2.5d_chiplet'}",3,1,4,6,1,1,hbm2,ucie_std,ucie_3d,1,0,os,1,0,0
116,24.097953454818562,2804250.89,69029.80926375574,470856259.55728626,64595.97114529594,39279.59355559958,116,2.55521354,4.475,4096,128x128,7,1.86237254,4.475,2048,128x128,7,3.5867297574793953,3.8395579270749995,2048,96x96,14,1.249405813087535,1.7054115854749998,256,64x64,14,1.51595254,4.475,1024,128x128,7,6.975099908490179,6.821646341899999,4096,128x128,14,2.5d_3d,"{'from': 'Chiplet_5', 'to': 'Chiplet_4', 'connection_type': '3d_tsv', 'loc': 'stack0_base'},{'from': 'Chiplet_4', 'to': 'na', 'connection_type': '3d_tsv', 'loc': 'stack0_top'},{'from': 'Chiplet_6', 'to': 'Chiplet_3', 'connection_type': '2.5d_rdl', 'loc': '2.5d_chiplet'},{'from': 'Chiplet_6', 'to': 'Chiplet_5', 'connection_type': '2.5d_rdl', 'loc': '2.5d_chiplet'},{'from': 'Chiplet_6', 'to': 'Chiplet_1', 'connection_type': '2.5d_rdl', 'loc': '2.5d_chiplet'},{'from': 'Chiplet_5', 'to': 'Chiplet_6', 'connection_type': '2.5d_rdl', 'loc': '2.5d_chiplet'},{'from': 'Chiplet_5', 'to': 'Chiplet_1', 'connection_type': '2.5d_rdl', 'loc': '2.5d_chiplet'},{'from': 'Chiplet_3', 'to': 'Chiplet_2', 'connection_type': '2.5d_rdl', 'loc': '2.5d_chiplet'},{'from': 'Chiplet_3', 'to': 'Chiplet_6', 'connection_type': '2.5d_rdl', 'loc': '2.5d_chiplet'},{'from': 'Chiplet_3', 'to': 'Chiplet_1', 'connection_type': '2.5d_rdl', 'loc': '2.5d_chiplet'},{'from': 'Chiplet_1', 'to': 'Chiplet_2', 'connection_type': '2.5d_rdl', 'loc': '2.5d_chiplet'},{'from': 'Chiplet_1', 'to': 'Chiplet_5', 'connection_type': '2.5d_rdl', 'loc': '2.5d_chiplet'},{'from': 'Chiplet_1', 'to': 'Chiplet_6', 'connection_type': '2.5d_rdl', 'loc': '2.5d_chiplet'},{'from': 'Chiplet_1', 'to': 'Chiplet_3', 'connection_type': '2.5d_rdl', 'loc': '2.5d_chiplet'},{'from': 'Chiplet_2', 'to': 'Chiplet_3', 'connection_type': '2.5d_rdl', 'loc': '2.5d_chiplet'},{'from': 'Chiplet_2', 'to': 'Chiplet_1', 'connection_type': '2.5d_rdl', 'loc': '2.5d_chiplet'}",1,1,1,1,1,3,ddr4,ucie_std,ucie_3d,1,0,ws,1,0,0
117,48.47027583734915,5403853.36,114657.93222282926,429435181.49740106,44037.82564073695,48280.264057389264,117,11.481175603606792,15.979573171754398,2048,192x192,14,0.378988,1.11875,256,64x64,7,5.5109919519999995,10.4826,8192,192x192,7,4.9976252555201786,6.821646341899999,1024,128x128,14,8.112421457366196,12.973514847541198,8192,192x192,10,1.131132696,2.51875,1536,96x96,7,2.5d_3d,"{'from': 'Chiplet_6', 'to': 'Chiplet_2', 'connection_type': '3d_u_bump', 'loc': 'stack0_base'},{'from': 'Chiplet_2', 'to': 'na', 'connection_type': '3d_u_bump', 'loc': 'stack0_top'},{'from': 'Chiplet_1', 'to': 'Chiplet_5', 'connection_type': '2.5d_rdl', 'loc': '2.5d_chiplet'},{'from': 'Chiplet_1', 'to': 'Chiplet_4', 'connection_type': '2.5d_rdl', 'loc': '2.5d_chiplet'},{'from': 'Chiplet_1', 'to': 'Chiplet_3', 'connection_type': '2.5d_rdl', 'loc': '2.5d_chiplet'},{'from': 'Chiplet_4', 'to': 'Chiplet_3', 'connection_type': '2.5d_rdl', 'loc': '2.5d_chiplet'},{'from': 'Chiplet_4', 'to': 'Chiplet_1', 'connection_type': '2.5d_rdl', 'loc': '2.5d_chiplet'},{'from': 'Chiplet_5', 'to': 'Chiplet_3', 'connection_type': '2.5d_rdl', 'loc': '2.5d_chiplet'},{'from': 'Chiplet_5', 'to': 'Chiplet_6', 'connection_type': '2.5d_rdl', 'loc': '2.5d_chiplet'},{'from': 'Chiplet_5', 'to': 'Chiplet_1', 'connection_type': '2.5d_rdl', 'loc': '2.5d_chiplet'},{'from': 'Chiplet_3', 'to': 'Chiplet_6', 'connection_type': '2.5d_rdl', 'loc': '2.5d_chiplet'},{'from': 'Chiplet_3', 'to': 'Chiplet_4', 'connection_type': '2.5d_rdl', 'loc': '2.5d_chiplet'},{'from': 'Chiplet_3', 'to': 'Chiplet_5', 'connection_type': '2.5d_rdl', 'loc': '2.5d_chiplet'},{'from': 'Chiplet_3', 'to': 'Chiplet_1', 'connection_type': '2.5d_rdl', 'loc': '2.5d_chiplet'},{'from': 'Chiplet_6', 'to': 'Chiplet_3', 'connection_type': '2.5d_rdl', 'loc': '2.5d_chiplet'},{'from': 'Chiplet_6', 'to': 'Chiplet_5', 'connection_type': '2.5d_rdl', 'loc': '2.5d_chiplet'}",2,1,1,1,2,1,ddr4,ucie_std,ucie_3d,1,0,ws,1,0,0
118,52.184306577447046,4577890.67,190312.15645133558,457197000.0209394,13980.32776052336,19857.095535869397,118,11.481175603606792,15.979573171754398,2048,192x192,14,1.578984604787535,1.7054115854749998,768,64x64,14,6.033899457366197,12.973514847541198,2048,192x192,10,1.4141952089375351,1.7054115854749998,512,64x64,14,1.4141952089375351,1.7054115854749998,512,64x64,14,5.5109919519999995,10.4826,8192,192x192,7,2.5d,"{'from': 'Chiplet_1', 'to': 'Chiplet_2', 'connection_type': '2.5d_emib', 'loc': '2.5d_chiplet'},{'from': 'Chiplet_1', 'to': 'Chiplet_3', 'connection_type': '2.5d_emib', 'loc': '2.5d_chiplet'},{'from': 'Chiplet_2', 'to': 'Chiplet_3', 'connection_type': '2.5d_emib', 'loc': '2.5d_chiplet'},{'from': 'Chiplet_2', 'to': 'Chiplet_1', 'connection_type': '2.5d_emib', 'loc': '2.5d_chiplet'},{'from': 'Chiplet_3', 'to': 'Chiplet_2', 'connection_type': '2.5d_emib', 'loc': '2.5d_chiplet'},{'from': 'Chiplet_3', 'to': 'Chiplet_5', 'connection_type': '2.5d_emib', 'loc': '2.5d_chiplet'},{'from': 'Chiplet_3', 'to': 'Chiplet_6', 'connection_type': '2.5d_emib', 'loc': '2.5d_chiplet'},{'from': 'Chiplet_3', 'to': 'Chiplet_1', 'connection_type': '2.5d_emib', 'loc': '2.5d_chiplet'},{'from': 'Chiplet_5', 'to': 'Chiplet_3', 'connection_type': '2.5d_emib', 'loc': '2.5d_chiplet'},{'from': 'Chiplet_5', 'to': 'Chiplet_4', 'connection_type': '2.5d_emib', 'loc': '2.5d_chiplet'},{'from': 'Chiplet_6', 'to': 'Chiplet_3', 'connection_type': '2.5d_emib', 'loc': '2.5d_chiplet'},{'from': 'Chiplet_6', 'to': 'Chiplet_4', 'connection_type': '2.5d_emib', 'loc': '2.5d_chiplet'},{'from': 'Chiplet_4', 'to': 'Chiplet_5', 'connection_type': '2.5d_emib', 'loc': '2.5d_chiplet'},{'from': 'Chiplet_4', 'to': 'Chiplet_6', 'connection_type': '2.5d_emib', 'loc': '2.5d_chiplet'}",3,1,1,1,1,1,ddr5,aib,na,1,0,is,0,0,0
119,31.02756894990697,3840025.93,175992.54002428532,181784515.3458202,8595.569285667085,8270.12297670181,119,1.3653681800824635,3.1172648505374996,512,96x96,10,6.975099908490179,6.821646341899999,4096,128x128,14,2.597993382379395,3.8395579270749995,512,96x96,14,0.916436759447044,1.3845915837374998,1024,64x64,10,3.3193280905479132,5.538366334949999,3072,128x128,10,5.5109919519999995,10.4826,8192,192x192,7,2.5d,"{'from': 'Chiplet_2', 'to': 'Chiplet_4', 'connection_type': '2.5d_emib', 'loc': '2.5d_chiplet'},{'from': 'Chiplet_2', 'to': 'Chiplet_5', 'connection_type': '2.5d_emib', 'loc': '2.5d_chiplet'},{'from': 'Chiplet_2', 'to': 'Chiplet_6', 'connection_type': '2.5d_emib', 'loc': '2.5d_chiplet'},{'from': 'Chiplet_2', 'to': 'Chiplet_3', 'connection_type': '2.5d_emib', 'loc': '2.5d_chiplet'},{'from': 'Chiplet_3', 'to': 'Chiplet_2', 'connection_type': '2.5d_emib', 'loc': '2.5d_chiplet'},{'from': 'Chiplet_3', 'to': 'Chiplet_4', 'connection_type': '2.5d_emib', 'loc': '2.5d_chiplet'},{'from': 'Chiplet_4', 'to': 'Chiplet_2', 'connection_type': '2.5d_emib', 'loc': '2.5d_chiplet'},{'from': 'Chiplet_4', 'to': 'Chiplet_3', 'connection_type': '2.5d_emib', 'loc': '2.5d_chiplet'},{'from': 'Chiplet_6', 'to': 'Chiplet_2', 'connection_type': '2.5d_emib', 'loc': '2.5d_chiplet'},{'from': 'Chiplet_6', 'to': 'Chiplet_5', 'connection_type': '2.5d_emib', 'loc': '2.5d_chiplet'},{'from': 'Chiplet_6', 'to': 'Chiplet_1', 'connection_type': '2.5d_emib', 'loc': '2.5d_chiplet'},{'from': 'Chiplet_5', 'to': 'Chiplet_2', 'connection_type': '2.5d_emib', 'loc': '2.5d_chiplet'},{'from': 'Chiplet_5', 'to': 'Chiplet_6', 'connection_type': '2.5d_emib', 'loc': '2.5d_chiplet'},{'from': 'Chiplet_5', 'to': 'Chiplet_1', 'connection_type': '2.5d_emib', 'loc': '2.5d_chiplet'},{'from': 'Chiplet_1', 'to': 'Chiplet_5', 'connection_type': '2.5d_emib', 'loc': '2.5d_chiplet'},{'from': 'Chiplet_1', 'to': 'Chiplet_6', 'connection_type': '2.5d_emib', 'loc': '2.5d_chiplet'}",1,5,2,1,3,4,hbm3,bow,na,0,0,ws,0,0,0
120,20.12974020122182,5096809.31,158091.8695355357,167538998.33524328,5746.389793702498,8372.931702899674,120,4.818150952,10.4826,6144,192x192,7,6.315940422320179,6.821646341899999,3072,128x128,14,6.726740457366197,12.973514847541198,4096,192x192,10,3.432469952,10.4826,2048,192x192,7,0.957922696,2.51875,1024,96x96,7,5.656782838920179,6.821646341899999,2048,128x128,14,2.5d_3d,"{'from': 'Chiplet_3', 'to': 'Chiplet_1', 'connection_type': '3d_hyb_bond', 'loc': 'stack0_base'},{'from': 'Chiplet_1', 'to': 'Chiplet_4', 'connection_type': '3d_hyb_bond', 'loc': 'stack0_middle1'},{'from': 'Chiplet_4', 'to': 'Chiplet_5', 'connection_type': '3d_hyb_bond', 'loc': 'stack0_middle2'},{'from': 'Chiplet_5', 'to': 'na', 'connection_type': '3d_hyb_bond', 'loc': 'stack0_top'},{'from': 'Chiplet_3', 'to': 'Chiplet_2', 'connection_type': '2.5d_emib', 'loc': '2.5d_chiplet'},{'from': 'Chiplet_3', 'to': 'Chiplet_6', 'connection_type': '2.5d_emib', 'loc': '2.5d_chiplet'},{'from': 'Chiplet_2', 'to': 'Chiplet_3', 'connection_type': '2.5d_emib', 'loc': '2.5d_chiplet'},{'from': 'Chiplet_2', 'to': 'Chiplet_6', 'connection_type': '2.5d_emib', 'loc': '2.5d_chiplet'},{'from': 'Chiplet_6', 'to': 'Chiplet_2', 'connection_type': '2.5d_emib', 'loc': '2.5d_chiplet'},{'from': 'Chiplet_6', 'to': 'Chiplet_3', 'connection_type': '2.5d_emib', 'loc': '2.5d_chiplet'}",3,3,4,2,1,3,hbm3,bow,ucie_3d,0,0,os,0,0,0
121,29.71670781959721,3033243.65,78842.23046546233,424701772.3707911,6633.773072747014,12420.045498096686,121,1.3653681800824635,3.1172648505374996,512,96x96,10,2.6264880905479133,5.538366334949999,1024,128x128,10,6.315940422320179,6.821646341899999,3072,128x128,14,6.033899457366197,12.973514847541198,2048,192x192,10,1.304342696,2.51875,2048,96x96,7,5.656782838920179,6.821646341899999,2048,128x128,14,2.5d,"{'from': 'Chiplet_3', 'to': 'Chiplet_2', 'connection_type': '2.5d_rdl', 'loc': '2.5d_chiplet'},{'from': 'Chiplet_3', 'to': 'Chiplet_4', 'connection_type': '2.5d_rdl', 'loc': '2.5d_chiplet'},{'from': 'Chiplet_3', 'to': 'Chiplet_1', 'connection_type': '2.5d_rdl', 'loc': '2.5d_chiplet'},{'from': 'Chiplet_2', 'to': 'Chiplet_5', 'connection_type': '2.5d_rdl', 'loc': '2.5d_chiplet'},{'from': 'Chiplet_2', 'to': 'Chiplet_1', 'connection_type': '2.5d_rdl', 'loc': '2.5d_chiplet'},{'from': 'Chiplet_2', 'to': 'Chiplet_3', 'connection_type': '2.5d_rdl', 'loc': '2.5d_chiplet'},{'from': 'Chiplet_1', 'to': 'Chiplet_2', 'connection_type': '2.5d_rdl', 'loc': '2.5d_chiplet'},{'from': 'Chiplet_1', 'to': 'Chiplet_3', 'connection_type': '2.5d_rdl', 'loc': '2.5d_chiplet'},{'from': 'Chiplet_1', 'to': 'Chiplet_6', 'connection_type': '2.5d_rdl', 'loc': '2.5d_chiplet'},{'from': 'Chiplet_1', 'to': 'Chiplet_5', 'connection_type': '2.5d_rdl', 'loc': '2.5d_chiplet'},{'from': 'Chiplet_5', 'to': 'Chiplet_2', 'connection_type': '2.5d_rdl', 'loc': '2.5d_chiplet'},{'from': 'Chiplet_5', 'to': 'Chiplet_1', 'connection_type': '2.5d_rdl', 'loc': '2.5d_chiplet'},{'from': 'Chiplet_4', 'to': 'Chiplet_3', 'connection_type': '2.5d_rdl', 'loc': '2.5d_chiplet'},{'from': 'Chiplet_4', 'to': 'Chiplet_6', 'connection_type': '2.5d_rdl', 'loc': '2.5d_chiplet'},{'from': 'Chiplet_6', 'to': 'Chiplet_4', 'connection_type': '2.5d_rdl', 'loc': '2.5d_chiplet'},{'from': 'Chiplet_6', 'to': 'Chiplet_1', 'connection_type': '2.5d_rdl', 'loc': '2.5d_chiplet'}",1,1,2,2,1,1,ddr5,ucie_std,na,1,0,os,0,0,0
122,34.39916159153217,4534548.02,103871.7418459148,350460446.9169906,67916.6689346113,58650.18543364131,122,2.20879254,4.475,3072,128x128,7,8.112421457366196,12.973514847541198,8192,192x192,10,1.578984604787535,1.7054115854749998,768,64x64,14,4.818150952,10.4826,6144,192x192,7,4.818150952,10.4826,6144,192x192,7,1.743774000637535,1.7054115854749998,1024,64x64,14,2.5d_3d,"{'from': 'Chiplet_6', 'to': 'Chiplet_3', 'connection_type': '3d_tsv', 'loc': 'stack0_base'},{'from': 'Chiplet_3', 'to': 'na', 'connection_type': '3d_tsv', 'loc': 'stack0_top'},{'from': 'Chiplet_2', 'to': 'Chiplet_4', 'connection_type': '2.5d_rdl', 'loc': '2.5d_chiplet'},{'from': 'Chiplet_2', 'to': 'Chiplet_1', 'connection_type': '2.5d_rdl', 'loc': '2.5d_chiplet'},{'from': 'Chiplet_1', 'to': 'Chiplet_2', 'connection_type': '2.5d_rdl', 'loc': '2.5d_chiplet'},{'from': 'Chiplet_1', 'to': 'Chiplet_4', 'connection_type': '2.5d_rdl', 'loc': '2.5d_chiplet'},{'from': 'Chiplet_4', 'to': 'Chiplet_2', 'connection_type': '2.5d_rdl', 'loc': '2.5d_chiplet'},{'from': 'Chiplet_4', 'to': 'Chiplet_5', 'connection_type': '2.5d_rdl', 'loc': '2.5d_chiplet'},{'from': 'Chiplet_4', 'to': 'Chiplet_6', 'connection_type': '2.5d_rdl', 'loc': '2.5d_chiplet'},{'from': 'Chiplet_4', 'to': 'Chiplet_1', 'connection_type': '2.5d_rdl', 'loc': '2.5d_chiplet'},{'from': 'Chiplet_6', 'to': 'Chiplet_5', 'connection_type': '2.5d_rdl', 'loc': '2.5d_chiplet'},{'from': 'Chiplet_6', 'to': 'Chiplet_4', 'connection_type': '2.5d_rdl', 'loc': '2.5d_chiplet'},{'from': 'Chiplet_5', 'to': 'Chiplet_6', 'connection_type': '2.5d_rdl', 'loc': '2.5d_chiplet'},{'from': 'Chiplet_5', 'to': 'Chiplet_4', 'connection_type': '2.5d_rdl', 'loc': '2.5d_chiplet'}",1,3,1,1,1,1,ddr5,ucie_std,ucie_3d,0,0,is,1,0,0
123,28.015885484635852,4107886.98,83237.41810576133,253376595.80551523,18411.666666666664,14988.784027145844,123,1.743774000637535,1.7054115854749998,1024,64x64,14,1.4141952089375351,1.7054115854749998,512,64x64,14,15.436124909546791,15.979573171754398,8192,192x192,14,0.638803,1.11875,1024,64x64,7,2.6264880905479133,5.538366334949999,1024,128x128,10,2.55521354,4.475,4096,128x128,7,2.5d_3d,"{'from': 'Chiplet_5', 'to': 'Chiplet_2', 'connection_type': '3d_hyb_bond', 'loc': 'stack0_base'},{'from': 'Chiplet_2', 'to': 'na', 'connection_type': '3d_hyb_bond', 'loc': 'stack0_top'},{'from': 'Chiplet_3', 'to': 'Chiplet_5', 'connection_type': '2.5d_rdl', 'loc': '2.5d_chiplet'},{'from': 'Chiplet_3', 'to': 'Chiplet_6', 'connection_type': '2.5d_rdl', 'loc': '2.5d_chiplet'},{'from': 'Chiplet_5', 'to': 'Chiplet_3', 'connection_type': '2.5d_rdl', 'loc': '2.5d_chiplet'},{'from': 'Chiplet_5', 'to': 'Chiplet_4', 'connection_type': '2.5d_rdl', 'loc': '2.5d_chiplet'},{'from': 'Chiplet_5', 'to': 'Chiplet_6', 'connection_type': '2.5d_rdl', 'loc': '2.5d_chiplet'},{'from': 'Chiplet_4', 'to': 'Chiplet_5', 'connection_type': '2.5d_rdl', 'loc': '2.5d_chiplet'},{'from': 'Chiplet_4', 'to': 'Chiplet_1', 'connection_type': '2.5d_rdl', 'loc': '2.5d_chiplet'},{'from': 'Chiplet_6', 'to': 'Chiplet_3', 'connection_type': '2.5d_rdl', 'loc': '2.5d_chiplet'},{'from': 'Chiplet_6', 'to': 'Chiplet_5', 'connection_type': '2.5d_rdl', 'loc': '2.5d_chiplet'},{'from': 'Chiplet_6', 'to': 'Chiplet_1', 'connection_type': '2.5d_rdl', 'loc': '2.5d_chiplet'},{'from': 'Chiplet_1', 'to': 'Chiplet_4', 'connection_type': '2.5d_rdl', 'loc': '2.5d_chiplet'},{'from': 'Chiplet_1', 'to': 'Chiplet_6', 'connection_type': '2.5d_rdl', 'loc': '2.5d_chiplet'}",1,1,10,1,2,1,hbm2,ucie_std,ucie_3d,0,0,is,0,0,0
124,11.57831206063349,1644042.69,41289.31793320935,143121499.02853292,167938.6492037347,51185.523047755465,124,1.7117881800824635,3.1172648505374996,1536,96x96,10,0.656621759447044,1.3845915837374998,256,64x64,10,1.86237254,4.475,2048,128x128,7,0.638803,1.11875,1024,64x64,7,1.304342696,2.51875,2048,96x96,7,1.8849981800824636,3.1172648505374996,2048,96x96,10,2.5d,"{'from': 'Chiplet_6', 'to': 'Chiplet_2', 'connection_type': '2.5d_rdl', 'loc': '2.5d_chiplet'},{'from': 'Chiplet_6', 'to': 'Chiplet_3', 'connection_type': '2.5d_rdl', 'loc': '2.5d_chiplet'},{'from': 'Chiplet_6', 'to': 'Chiplet_5', 'connection_type': '2.5d_rdl', 'loc': '2.5d_chiplet'},{'from': 'Chiplet_5', 'to': 'Chiplet_2', 'connection_type': '2.5d_rdl', 'loc': '2.5d_chiplet'},{'from': 'Chiplet_5', 'to': 'Chiplet_6', 'connection_type': '2.5d_rdl', 'loc': '2.5d_chiplet'},{'from': 'Chiplet_2', 'to': 'Chiplet_5', 'connection_type': '2.5d_rdl', 'loc': '2.5d_chiplet'},{'from': 'Chiplet_2', 'to': 'Chiplet_6', 'connection_type': '2.5d_rdl', 'loc': '2.5d_chiplet'},{'from': 'Chiplet_3', 'to': 'Chiplet_4', 'connection_type': '2.5d_rdl', 'loc': '2.5d_chiplet'},{'from': 'Chiplet_3', 'to': 'Chiplet_6', 'connection_type': '2.5d_rdl', 'loc': '2.5d_chiplet'},{'from': 'Chiplet_3', 'to': 'Chiplet_1', 'connection_type': '2.5d_rdl', 'loc': '2.5d_chiplet'},{'from': 'Chiplet_1', 'to': 'Chiplet_3', 'connection_type': '2.5d_rdl', 'loc': '2.5d_chiplet'},{'from': 'Chiplet_1', 'to': 'Chiplet_4', 'connection_type': '2.5d_rdl', 'loc': '2.5d_chiplet'},{'from': 'Chiplet_4', 'to': 'Chiplet_3', 'connection_type': '2.5d_rdl', 'loc': '2.5d_chiplet'},{'from': 'Chiplet_4', 'to': 'Chiplet_1', 'connection_type': '2.5d_rdl', 'loc': '2.5d_chiplet'}",3,1,4,1,3,4,hbm2,ucie_std,na,0,0,is,1,0,0
125,40.11201789096075,4690003.78,88871.28241267848,176488896.9384187,12600.569800569801,12279.582447509518,125,14.117807839976791,15.979573171754398,6144,192x192,14,1.249405813087535,1.7054115854749998,256,64x64,14,0.784712696,2.51875,512,96x96,7,11.481175603606792,15.979573171754398,2048,192x192,14,1.249405813087535,1.7054115854749998,256,64x64,14,0.552198,1.11875,768,64x64,7,2.5d_3d,"{'from': 'Chiplet_4', 'to': 'Chiplet_3', 'connection_type': '3d_u_bump', 'loc': 'stack0_base'},{'from': 'Chiplet_3', 'to': 'Chiplet_6', 'connection_type': '3d_u_bump', 'loc': 'stack0_middle1'},{'from': 'Chiplet_6', 'to': 'na', 'connection_type': '3d_u_bump', 'loc': 'stack0_top'},{'from': 'Chiplet_1', 'to': 'Chiplet_2', 'connection_type': '2.5d_rdl', 'loc': '2.5d_chiplet'},{'from': 'Chiplet_1', 'to': 'Chiplet_4', 'connection_type': '2.5d_rdl', 'loc': '2.5d_chiplet'},{'from': 'Chiplet_4', 'to': 'Chiplet_2', 'connection_type': '2.5d_rdl', 'loc': '2.5d_chiplet'},{'from': 'Chiplet_4', 'to': 'Chiplet_5', 'connection_type': '2.5d_rdl', 'loc': '2.5d_chiplet'},{'from': 'Chiplet_4', 'to': 'Chiplet_1', 'connection_type': '2.5d_rdl', 'loc': '2.5d_chiplet'},{'from': 'Chiplet_2', 'to': 'Chiplet_5', 'connection_type': '2.5d_rdl', 'loc': '2.5d_chiplet'},{'from': 'Chiplet_2', 'to': 'Chiplet_4', 'connection_type': '2.5d_rdl', 'loc': '2.5d_chiplet'},{'from': 'Chiplet_2', 'to': 'Chiplet_1', 'connection_type': '2.5d_rdl', 'loc': '2.5d_chiplet'},{'from': 'Chiplet_5', 'to': 'Chiplet_2', 'connection_type': '2.5d_rdl', 'loc': '2.5d_chiplet'},{'from': 'Chiplet_5', 'to': 'Chiplet_4', 'connection_type': '2.5d_rdl', 'loc': '2.5d_chiplet'}",7,1,1,5,1,1,hbm3,ucie_std,ucie_3d,0,0,ws,0,0,0
126,19.23178071700769,1873893.81,51165.18427101696,341239376.2703631,208131.52906313646,80498.84135087329,126,2.927572174079395,3.8395579270749995,1024,96x96,14,2.597993382379395,3.8395579270749995,512,96x96,14,1.578984604787535,1.7054115854749998,768,64x64,14,2.55521354,4.475,4096,128x128,7,1.743774000637535,1.7054115854749998,1024,64x64,14,3.5867297574793953,3.8395579270749995,2048,96x96,14,2.5d,"{'from': 'Chiplet_6', 'to': 'Chiplet_2', 'connection_type': '2.5d_rdl', 'loc': '2.5d_chiplet'},{'from': 'Chiplet_6', 'to': 'Chiplet_3', 'connection_type': '2.5d_rdl', 'loc': '2.5d_chiplet'},{'from': 'Chiplet_6', 'to': 'Chiplet_4', 'connection_type': '2.5d_rdl', 'loc': '2.5d_chiplet'},{'from': 'Chiplet_6', 'to': 'Chiplet_1', 'connection_type': '2.5d_rdl', 'loc': '2.5d_chiplet'},{'from': 'Chiplet_4', 'to': 'Chiplet_3', 'connection_type': '2.5d_rdl', 'loc': '2.5d_chiplet'},{'from': 'Chiplet_4', 'to': 'Chiplet_6', 'connection_type': '2.5d_rdl', 'loc': '2.5d_chiplet'},{'from': 'Chiplet_3', 'to': 'Chiplet_6', 'connection_type': '2.5d_rdl', 'loc': '2.5d_chiplet'},{'from': 'Chiplet_3', 'to': 'Chiplet_4', 'connection_type': '2.5d_rdl', 'loc': '2.5d_chiplet'},{'from': 'Chiplet_1', 'to': 'Chiplet_2', 'connection_type': '2.5d_rdl', 'loc': '2.5d_chiplet'},{'from': 'Chiplet_1', 'to': 'Chiplet_5', 'connection_type': '2.5d_rdl', 'loc': '2.5d_chiplet'},{'from': 'Chiplet_1', 'to': 'Chiplet_6', 'connection_type': '2.5d_rdl', 'loc': '2.5d_chiplet'},{'from': 'Chiplet_2', 'to': 'Chiplet_5', 'connection_type': '2.5d_rdl', 'loc': '2.5d_chiplet'},{'from': 'Chiplet_2', 'to': 'Chiplet_6', 'connection_type': '2.5d_rdl', 'loc': '2.5d_chiplet'},{'from': 'Chiplet_2', 'to': 'Chiplet_1', 'connection_type': '2.5d_rdl', 'loc': '2.5d_chiplet'},{'from': 'Chiplet_5', 'to': 'Chiplet_2', 'connection_type': '2.5d_rdl', 'loc': '2.5d_chiplet'},{'from': 'Chiplet_5', 'to': 'Chiplet_1', 'connection_type': '2.5d_rdl', 'loc': '2.5d_chiplet'}",2,1,1,1,1,2,ddr5,ucie_std,na,1,0,os,1,0,0
127,29.50335661054602,4038970.69,89257.98597664286,167570588.34704956,7560.34188034188,8805.481453620667,127,1.249405813087535,1.7054115854749998,256,64x64,14,1.4141952089375351,1.7054115854749998,512,64x64,14,8.112421457366196,12.973514847541198,8192,192x192,10,3.432469952,10.4826,2048,192x192,7,3.5867297574793953,3.8395579270749995,2048,96x96,14,4.1253109519999995,10.4826,4096,192x192,7,2.5d,"{'from': 'Chiplet_3', 'to': 'Chiplet_2', 'connection_type': '2.5d_rdl', 'loc': '2.5d_chiplet'},{'from': 'Chiplet_3', 'to': 'Chiplet_5', 'connection_type': '2.5d_rdl', 'loc': '2.5d_chiplet'},{'from': 'Chiplet_3', 'to': 'Chiplet_6', 'connection_type': '2.5d_rdl', 'loc': '2.5d_chiplet'},{'from': 'Chiplet_3', 'to': 'Chiplet_1', 'connection_type': '2.5d_rdl', 'loc': '2.5d_chiplet'},{'from': 'Chiplet_2', 'to': 'Chiplet_3', 'connection_type': '2.5d_rdl', 'loc': '2.5d_chiplet'},{'from': 'Chiplet_2', 'to': 'Chiplet_1', 'connection_type': '2.5d_rdl', 'loc': '2.5d_chiplet'},{'from': 'Chiplet_1', 'to': 'Chiplet_2', 'connection_type': '2.5d_rdl', 'loc': '2.5d_chiplet'},{'from': 'Chiplet_1', 'to': 'Chiplet_3', 'connection_type': '2.5d_rdl', 'loc': '2.5d_chiplet'},{'from': 'Chiplet_6', 'to': 'Chiplet_3', 'connection_type': '2.5d_rdl', 'loc': '2.5d_chiplet'},{'from': 'Chiplet_6', 'to': 'Chiplet_4', 'connection_type': '2.5d_rdl', 'loc': '2.5d_chiplet'},{'from': 'Chiplet_6', 'to': 'Chiplet_5', 'connection_type': '2.5d_rdl', 'loc': '2.5d_chiplet'},{'from': 'Chiplet_5', 'to': 'Chiplet_3', 'connection_type': '2.5d_rdl', 'loc': '2.5d_chiplet'},{'from': 'Chiplet_5', 'to': 'Chiplet_4', 'connection_type': '2.5d_rdl', 'loc': '2.5d_chiplet'},{'from': 'Chiplet_5', 'to': 'Chiplet_6', 'connection_type': '2.5d_rdl', 'loc': '2.5d_chiplet'},{'from': 'Chiplet_4', 'to': 'Chiplet_5', 'connection_type': '2.5d_rdl', 'loc': '2.5d_chiplet'},{'from': 'Chiplet_4', 'to': 'Chiplet_6', 'connection_type': '2.5d_rdl', 'loc': '2.5d_chiplet'}",1,1,6,2,3,3,hbm3,ucie_std,na,0,0,ws,0,0,0
128,31.528431699234158,3356852.73,175694.98930095797,287101778.1061554,31738.015643029124,29923.40823919621,128,2.927572174079395,3.8395579270749995,1024,96x96,14,2.6264880905479133,5.538366334949999,1024,128x128,10,0.916436759447044,1.3845915837374998,1024,64x64,10,6.726740457366197,12.973514847541198,4096,192x192,10,2.972908090547913,5.538366334949999,2048,128x128,10,6.033899457366197,12.973514847541198,2048,192x192,10,2.5d,"{'from': 'Chiplet_4', 'to': 'Chiplet_3', 'connection_type': '2.5d_emib', 'loc': '2.5d_chiplet'},{'from': 'Chiplet_4', 'to': 'Chiplet_6', 'connection_type': '2.5d_emib', 'loc': '2.5d_chiplet'},{'from': 'Chiplet_4', 'to': 'Chiplet_1', 'connection_type': '2.5d_emib', 'loc': '2.5d_chiplet'},{'from': 'Chiplet_1', 'to': 'Chiplet_3', 'connection_type': '2.5d_emib', 'loc': '2.5d_chiplet'},{'from': 'Chiplet_1', 'to': 'Chiplet_4', 'connection_type': '2.5d_emib', 'loc': '2.5d_chiplet'},{'from': 'Chiplet_3', 'to': 'Chiplet_4', 'connection_type': '2.5d_emib', 'loc': '2.5d_chiplet'},{'from': 'Chiplet_3', 'to': 'Chiplet_1', 'connection_type': '2.5d_emib', 'loc': '2.5d_chiplet'},{'from': 'Chiplet_6', 'to': 'Chiplet_2', 'connection_type': '2.5d_emib', 'loc': '2.5d_chiplet'},{'from': 'Chiplet_6', 'to': 'Chiplet_5', 'connection_type': '2.5d_emib', 'loc': '2.5d_chiplet'},{'from': 'Chiplet_6', 'to': 'Chiplet_4', 'connection_type': '2.5d_emib', 'loc': '2.5d_chiplet'},{'from': 'Chiplet_5', 'to': 'Chiplet_2', 'connection_type': '2.5d_emib', 'loc': '2.5d_chiplet'},{'from': 'Chiplet_5', 'to': 'Chiplet_6', 'connection_type': '2.5d_emib', 'loc': '2.5d_chiplet'},{'from': 'Chiplet_2', 'to': 'Chiplet_5', 'connection_type': '2.5d_emib', 'loc': '2.5d_chiplet'},{'from': 'Chiplet_2', 'to': 'Chiplet_6', 'connection_type': '2.5d_emib', 'loc': '2.5d_chiplet'}",1,1,1,2,1,2,ddr5,aib,na,1,0,os,1,0,0
129,17.430654327513167,2010549.97,56216.76306454524,335521891.6645007,273803.3017217095,126297.04910029408,129,3.2571509657793953,3.8395579270749995,1536,96x96,14,1.249405813087535,1.7054115854749998,256,64x64,14,2.20879254,4.475,3072,128x128,7,2.6264880905479133,5.538366334949999,1024,128x128,10,2.20879254,4.475,3072,128x128,7,2.597993382379395,3.8395579270749995,512,96x96,14,2.5d,"{'from': 'Chiplet_1', 'to': 'Chiplet_2', 'connection_type': '2.5d_rdl', 'loc': '2.5d_chiplet'},{'from': 'Chiplet_1', 'to': 'Chiplet_6', 'connection_type': '2.5d_rdl', 'loc': '2.5d_chiplet'},{'from': 'Chiplet_1', 'to': 'Chiplet_4', 'connection_type': '2.5d_rdl', 'loc': '2.5d_chiplet'},{'from': 'Chiplet_1', 'to': 'Chiplet_3', 'connection_type': '2.5d_rdl', 'loc': '2.5d_chiplet'},{'from': 'Chiplet_3', 'to': 'Chiplet_2', 'connection_type': '2.5d_rdl', 'loc': '2.5d_chiplet'},{'from': 'Chiplet_3', 'to': 'Chiplet_1', 'connection_type': '2.5d_rdl', 'loc': '2.5d_chiplet'},{'from': 'Chiplet_2', 'to': 'Chiplet_3', 'connection_type': '2.5d_rdl', 'loc': '2.5d_chiplet'},{'from': 'Chiplet_2', 'to': 'Chiplet_1', 'connection_type': '2.5d_rdl', 'loc': '2.5d_chiplet'},{'from': 'Chiplet_4', 'to': 'Chiplet_5', 'connection_type': '2.5d_rdl', 'loc': '2.5d_chiplet'},{'from': 'Chiplet_4', 'to': 'Chiplet_6', 'connection_type': '2.5d_rdl', 'loc': '2.5d_chiplet'},{'from': 'Chiplet_4', 'to': 'Chiplet_1', 'connection_type': '2.5d_rdl', 'loc': '2.5d_chiplet'},{'from': 'Chiplet_6', 'to': 'Chiplet_5', 'connection_type': '2.5d_rdl', 'loc': '2.5d_chiplet'},{'from': 'Chiplet_6', 'to': 'Chiplet_4', 'connection_type': '2.5d_rdl', 'loc': '2.5d_chiplet'},{'from': 'Chiplet_6', 'to': 'Chiplet_1', 'connection_type': '2.5d_rdl', 'loc': '2.5d_chiplet'},{'from': 'Chiplet_5', 'to': 'Chiplet_4', 'connection_type': '2.5d_rdl', 'loc': '2.5d_chiplet'},{'from': 'Chiplet_5', 'to': 'Chiplet_6', 'connection_type': '2.5d_rdl', 'loc': '2.5d_chiplet'}",2,1,1,2,1,1,ddr5,ucie_std,na,1,0,ws,1,0,0
130,30.57632159876875,5070566.12,154571.0464126426,185310578.7240849,9767.015873015873,11372.627118042878,130,5.656782838920179,6.821646341899999,2048,128x128,14,1.578984604787535,1.7054115854749998,768,64x64,14,12.799492673176792,15.979573171754398,4096,192x192,14,5.5109919519999995,10.4826,8192,192x192,7,3.5867297574793953,3.8395579270749995,2048,96x96,14,2.972908090547913,5.538366334949999,2048,128x128,10,2.5d_3d,"{'from': 'Chiplet_4', 'to': 'Chiplet_5', 'connection_type': '3d_tsv', 'loc': 'stack0_base'},{'from': 'Chiplet_5', 'to': 'Chiplet_2', 'connection_type': '3d_tsv', 'loc': 'stack0_middle1'},{'from': 'Chiplet_2', 'to': 'na', 'connection_type': '3d_tsv', 'loc': 'stack0_top'},{'from': 'Chiplet_3', 'to': 'Chiplet_4', 'connection_type': '2.5d_emib', 'loc': '2.5d_chiplet'},{'from': 'Chiplet_3', 'to': 'Chiplet_1', 'connection_type': '2.5d_emib', 'loc': '2.5d_chiplet'},{'from': 'Chiplet_1', 'to': 'Chiplet_3', 'connection_type': '2.5d_emib', 'loc': '2.5d_chiplet'},{'from': 'Chiplet_1', 'to': 'Chiplet_4', 'connection_type': '2.5d_emib', 'loc': '2.5d_chiplet'},{'from': 'Chiplet_1', 'to': 'Chiplet_6', 'connection_type': '2.5d_emib', 'loc': '2.5d_chiplet'},{'from': 'Chiplet_4', 'to': 'Chiplet_3', 'connection_type': '2.5d_emib', 'loc': '2.5d_chiplet'},{'from': 'Chiplet_4', 'to': 'Chiplet_6', 'connection_type': '2.5d_emib', 'loc': '2.5d_chiplet'},{'from': 'Chiplet_4', 'to': 'Chiplet_1', 'connection_type': '2.5d_emib', 'loc': '2.5d_chiplet'},{'from': 'Chiplet_6', 'to': 'Chiplet_4', 'connection_type': '2.5d_emib', 'loc': '2.5d_chiplet'},{'from': 'Chiplet_6', 'to': 'Chiplet_1', 'connection_type': '2.5d_emib', 'loc': '2.5d_chiplet'}",3,1,6,3,2,1,hbm3,ucie_adv,ucie_3d,1,0,is,0,0,0
131,34.22330678363554,3572226.67,165436.71853375033,198475171.1102841,18091.666666666668,13493.206409788985,131,1.743774000637535,1.7054115854749998,1024,64x64,14,8.112421457366196,12.973514847541198,8192,192x192,10,3.5867297574793953,3.8395579270749995,2048,96x96,14,1.578984604787535,1.7054115854749998,768,64x64,14,2.6264880905479133,5.538366334949999,1024,128x128,10,2.927572174079395,3.8395579270749995,1024,96x96,14,2.5d,"{'from': 'Chiplet_2', 'to': 'Chiplet_3', 'connection_type': '2.5d_emib', 'loc': '2.5d_chiplet'},{'from': 'Chiplet_2', 'to': 'Chiplet_1', 'connection_type': '2.5d_emib', 'loc': '2.5d_chiplet'},{'from': 'Chiplet_1', 'to': 'Chiplet_2', 'connection_type': '2.5d_emib', 'loc': '2.5d_chiplet'},{'from': 'Chiplet_1', 'to': 'Chiplet_3', 'connection_type': '2.5d_emib', 'loc': '2.5d_chiplet'},{'from': 'Chiplet_1', 'to': 'Chiplet_6', 'connection_type': '2.5d_emib', 'loc': '2.5d_chiplet'},{'from': 'Chiplet_3', 'to': 'Chiplet_4', 'connection_type': '2.5d_emib', 'loc': '2.5d_chiplet'},{'from': 'Chiplet_3', 'to': 'Chiplet_2', 'connection_type': '2.5d_emib', 'loc': '2.5d_chiplet'},{'from': 'Chiplet_3', 'to': 'Chiplet_5', 'connection_type': '2.5d_emib', 'loc': '2.5d_chiplet'},{'from': 'Chiplet_3', 'to': 'Chiplet_6', 'connection_type': '2.5d_emib', 'loc': '2.5d_chiplet'},{'from': 'Chiplet_3', 'to': 'Chiplet_1', 'connection_type': '2.5d_emib', 'loc': '2.5d_chiplet'},{'from': 'Chiplet_4', 'to': 'Chiplet_3', 'connection_type': '2.5d_emib', 'loc': '2.5d_chiplet'},{'from': 'Chiplet_4', 'to': 'Chiplet_5', 'connection_type': '2.5d_emib', 'loc': '2.5d_chiplet'},{'from': 'Chiplet_6', 'to': 'Chiplet_5', 'connection_type': '2.5d_emib', 'loc': '2.5d_chiplet'},{'from': 'Chiplet_6', 'to': 'Chiplet_1', 'connection_type': '2.5d_emib', 'loc': '2.5d_chiplet'},{'from': 'Chiplet_6', 'to': 'Chiplet_3', 'connection_type': '2.5d_emib', 'loc': '2.5d_chiplet'},{'from': 'Chiplet_5', 'to': 'Chiplet_3', 'connection_type': '2.5d_emib', 'loc': '2.5d_chiplet'},{'from': 'Chiplet_5', 'to': 'Chiplet_6', 'connection_type': '2.5d_emib', 'loc': '2.5d_chiplet'},{'from': 'Chiplet_5', 'to': 'Chiplet_4', 'connection_type': '2.5d_emib', 'loc': '2.5d_chiplet'}",2,6,3,1,2,2,hbm2,ucie_adv,na,1,0,is,0,0,0
132,19.12891388944039,2723743.98,63842.410726689544,198699637.58516845,10881.666666666668,9195.865330600842,132,2.597993382379395,3.8395579270749995,512,96x96,14,1.86237254,4.475,2048,128x128,7,2.972908090547913,5.538366334949999,2048,128x128,10,3.2571509657793953,3.8395579270749995,1536,96x96,14,2.55521354,4.475,4096,128x128,7,2.972908090547913,5.538366334949999,2048,128x128,10,2.5d,"{'from': 'Chiplet_4', 'to': 'Chiplet_3', 'connection_type': '2.5d_rdl', 'loc': '2.5d_chiplet'},{'from': 'Chiplet_4', 'to': 'Chiplet_5', 'connection_type': '2.5d_rdl', 'loc': '2.5d_chiplet'},{'from': 'Chiplet_4', 'to': 'Chiplet_1', 'connection_type': '2.5d_rdl', 'loc': '2.5d_chiplet'},{'from': 'Chiplet_1', 'to': 'Chiplet_5', 'connection_type': '2.5d_rdl', 'loc': '2.5d_chiplet'},{'from': 'Chiplet_1', 'to': 'Chiplet_4', 'connection_type': '2.5d_rdl', 'loc': '2.5d_chiplet'},{'from': 'Chiplet_5', 'to': 'Chiplet_4', 'connection_type': '2.5d_rdl', 'loc': '2.5d_chiplet'},{'from': 'Chiplet_5', 'to': 'Chiplet_6', 'connection_type': '2.5d_rdl', 'loc': '2.5d_chiplet'},{'from': 'Chiplet_5', 'to': 'Chiplet_1', 'connection_type': '2.5d_rdl', 'loc': '2.5d_chiplet'},{'from': 'Chiplet_3', 'to': 'Chiplet_2', 'connection_type': '2.5d_rdl', 'loc': '2.5d_chiplet'},{'from': 'Chiplet_3', 'to': 'Chiplet_6', 'connection_type': '2.5d_rdl', 'loc': '2.5d_chiplet'},{'from': 'Chiplet_3', 'to': 'Chiplet_4', 'connection_type': '2.5d_rdl', 'loc': '2.5d_chiplet'},{'from': 'Chiplet_2', 'to': 'Chiplet_3', 'connection_type': '2.5d_rdl', 'loc': '2.5d_chiplet'},{'from': 'Chiplet_2', 'to': 'Chiplet_6', 'connection_type': '2.5d_rdl', 'loc': '2.5d_chiplet'},{'from': 'Chiplet_6', 'to': 'Chiplet_2', 'connection_type': '2.5d_rdl', 'loc': '2.5d_chiplet'},{'from': 'Chiplet_6', 'to': 'Chiplet_5', 'connection_type': '2.5d_rdl', 'loc': '2.5d_chiplet'},{'from': 'Chiplet_6', 'to': 'Chiplet_3', 'connection_type': '2.5d_rdl', 'loc': '2.5d_chiplet'}",3,2,3,3,2,3,hbm2,ucie_std,na,1,0,ws,0,0,0
133,26.568648611194533,2897496.64,62949.57220374593,121799452.33163369,49130.6170048225,28655.344621020475,133,6.315940422320179,6.821646341899999,3072,128x128,14,1.7117881800824635,3.1172648505374996,1536,96x96,10,0.916436759447044,1.3845915837374998,1024,64x64,10,2.927572174079395,3.8395579270749995,1024,96x96,14,0.46559300000000003,1.11875,512,64x64,7,6.033899457366197,12.973514847541198,2048,192x192,10,2.5d,"{'from': 'Chiplet_1', 'to': 'Chiplet_2', 'connection_type': '2.5d_rdl', 'loc': '2.5d_chiplet'},{'from': 'Chiplet_1', 'to': 'Chiplet_3', 'connection_type': '2.5d_rdl', 'loc': '2.5d_chiplet'},{'from': 'Chiplet_1', 'to': 'Chiplet_6', 'connection_type': '2.5d_rdl', 'loc': '2.5d_chiplet'},{'from': 'Chiplet_2', 'to': 'Chiplet_3', 'connection_type': '2.5d_rdl', 'loc': '2.5d_chiplet'},{'from': 'Chiplet_2', 'to': 'Chiplet_5', 'connection_type': '2.5d_rdl', 'loc': '2.5d_chiplet'},{'from': 'Chiplet_2', 'to': 'Chiplet_1', 'connection_type': '2.5d_rdl', 'loc': '2.5d_chiplet'},{'from': 'Chiplet_3', 'to': 'Chiplet_2', 'connection_type': '2.5d_rdl', 'loc': '2.5d_chiplet'},{'from': 'Chiplet_3', 'to': 'Chiplet_5', 'connection_type': '2.5d_rdl', 'loc': '2.5d_chiplet'},{'from': 'Chiplet_3', 'to': 'Chiplet_4', 'connection_type': '2.5d_rdl', 'loc': '2.5d_chiplet'},{'from': 'Chiplet_3', 'to': 'Chiplet_1', 'connection_type': '2.5d_rdl', 'loc': '2.5d_chiplet'},{'from': 'Chiplet_5', 'to': 'Chiplet_2', 'connection_type': '2.5d_rdl', 'loc': '2.5d_chiplet'},{'from': 'Chiplet_5', 'to': 'Chiplet_3', 'connection_type': '2.5d_rdl', 'loc': '2.5d_chiplet'},{'from': 'Chiplet_6', 'to': 'Chiplet_4', 'connection_type': '2.5d_rdl', 'loc': '2.5d_chiplet'},{'from': 'Chiplet_6', 'to': 'Chiplet_1', 'connection_type': '2.5d_rdl', 'loc': '2.5d_chiplet'},{'from': 'Chiplet_4', 'to': 'Chiplet_3', 'connection_type': '2.5d_rdl', 'loc': '2.5d_chiplet'},{'from': 'Chiplet_4', 'to': 'Chiplet_6', 'connection_type': '2.5d_rdl', 'loc': '2.5d_chiplet'}",5,1,1,3,1,5,hbm3,ucie_std,na,0,0,ws,1,0,0
134,20.33314382677085,3200244.76,67200.50463183469,155815711.18503344,65023.115559709586,37434.81863409219,134,7.419580457366196,12.973514847541198,6144,192x192,10,3.3193280905479132,5.538366334949999,3072,128x128,10,1.4141952089375351,1.7054115854749998,512,64x64,14,2.20879254,4.475,3072,128x128,7,1.5385781800824634,3.1172648505374996,1024,96x96,10,0.638803,1.11875,1024,64x64,7,2.5d_3d,"{'from': 'Chiplet_3', 'to': 'Chiplet_6', 'connection_type': '3d_tsv', 'loc': 'stack0_base'},{'from': 'Chiplet_6', 'to': 'na', 'connection_type': '3d_tsv', 'loc': 'stack0_top'},{'from': 'Chiplet_1', 'to': 'Chiplet_2', 'connection_type': '2.5d_rdl', 'loc': '2.5d_chiplet'},{'from': 'Chiplet_1', 'to': 'Chiplet_4', 'connection_type': '2.5d_rdl', 'loc': '2.5d_chiplet'},{'from': 'Chiplet_2', 'to': 'Chiplet_3', 'connection_type': '2.5d_rdl', 'loc': '2.5d_chiplet'},{'from': 'Chiplet_2', 'to': 'Chiplet_4', 'connection_type': '2.5d_rdl', 'loc': '2.5d_chiplet'},{'from': 'Chiplet_2', 'to': 'Chiplet_5', 'connection_type': '2.5d_rdl', 'loc': '2.5d_chiplet'},{'from': 'Chiplet_2', 'to': 'Chiplet_1', 'connection_type': '2.5d_rdl', 'loc': '2.5d_chiplet'},{'from': 'Chiplet_3', 'to': 'Chiplet_2', 'connection_type': '2.5d_rdl', 'loc': '2.5d_chiplet'},{'from': 'Chiplet_3', 'to': 'Chiplet_5', 'connection_type': '2.5d_rdl', 'loc': '2.5d_chiplet'},{'from': 'Chiplet_4', 'to': 'Chiplet_2', 'connection_type': '2.5d_rdl', 'loc': '2.5d_chiplet'},{'from': 'Chiplet_4', 'to': 'Chiplet_5', 'connection_type': '2.5d_rdl', 'loc': '2.5d_chiplet'},{'from': 'Chiplet_4', 'to': 'Chiplet_1', 'connection_type': '2.5d_rdl', 'loc': '2.5d_chiplet'},{'from': 'Chiplet_5', 'to': 'Chiplet_2', 'connection_type': '2.5d_rdl', 'loc': '2.5d_chiplet'},{'from': 'Chiplet_5', 'to': 'Chiplet_3', 'connection_type': '2.5d_rdl', 'loc': '2.5d_chiplet'},{'from': 'Chiplet_5', 'to': 'Chiplet_4', 'connection_type': '2.5d_rdl', 'loc': '2.5d_chiplet'}",7,3,1,2,2,1,hbm2,ucie_std,ucie_3d,1,0,ws,1,0,0
135,69.64099460401768,7769706.91,230201.63113254518,202984053.8848717,8293.056460369164,13858.951831151513,135,1.249405813087535,1.7054115854749998,256,64x64,14,6.975099908490179,6.821646341899999,4096,128x128,14,6.726740457366197,12.973514847541198,4096,192x192,10,14.117807839976791,15.979573171754398,6144,192x192,14,14.117807839976791,15.979573171754398,6144,192x192,14,6.726740457366197,12.973514847541198,4096,192x192,10,2.5d,"{'from': 'Chiplet_4', 'to': 'Chiplet_2', 'connection_type': '2.5d_emib', 'loc': '2.5d_chiplet'},{'from': 'Chiplet_4', 'to': 'Chiplet_5', 'connection_type': '2.5d_emib', 'loc': '2.5d_chiplet'},{'from': 'Chiplet_4', 'to': 'Chiplet_1', 'connection_type': '2.5d_emib', 'loc': '2.5d_chiplet'},{'from': 'Chiplet_2', 'to': 'Chiplet_4', 'connection_type': '2.5d_emib', 'loc': '2.5d_chiplet'},{'from': 'Chiplet_2', 'to': 'Chiplet_1', 'connection_type': '2.5d_emib', 'loc': '2.5d_chiplet'},{'from': 'Chiplet_1', 'to': 'Chiplet_2', 'connection_type': '2.5d_emib', 'loc': '2.5d_chiplet'},{'from': 'Chiplet_1', 'to': 'Chiplet_4', 'connection_type': '2.5d_emib', 'loc': '2.5d_chiplet'},{'from': 'Chiplet_5', 'to': 'Chiplet_3', 'connection_type': '2.5d_emib', 'loc': '2.5d_chiplet'},{'from': 'Chiplet_5', 'to': 'Chiplet_4', 'connection_type': '2.5d_emib', 'loc': '2.5d_chiplet'},{'from': 'Chiplet_5', 'to': 'Chiplet_6', 'connection_type': '2.5d_emib', 'loc': '2.5d_chiplet'},{'from': 'Chiplet_3', 'to': 'Chiplet_5', 'connection_type': '2.5d_emib', 'loc': '2.5d_chiplet'},{'from': 'Chiplet_3', 'to': 'Chiplet_6', 'connection_type': '2.5d_emib', 'loc': '2.5d_chiplet'},{'from': 'Chiplet_6', 'to': 'Chiplet_3', 'connection_type': '2.5d_emib', 'loc': '2.5d_chiplet'},{'from': 'Chiplet_6', 'to': 'Chiplet_5', 'connection_type': '2.5d_emib', 'loc': '2.5d_chiplet'}",1,2,2,5,4,2,hbm3,bow,na,0,0,is,0,0,0
136,24.59939174253834,3323946.51,156474.27306991824,610763565.422336,19177.581699346403,22684.845166303257,136,1.304342696,2.51875,2048,96x96,7,1.131132696,2.51875,1536,96x96,7,2.20879254,4.475,3072,128x128,7,14.117807839976791,15.979573171754398,6144,192x192,14,0.784712696,2.51875,512,96x96,7,1.86237254,4.475,2048,128x128,7,2.5d_3d,"{'from': 'Chiplet_1', 'to': 'Chiplet_2', 'connection_type': '3d_tsv', 'loc': 'stack0_base'},{'from': 'Chiplet_2', 'to': 'na', 'connection_type': '3d_tsv', 'loc': 'stack0_top'},{'from': 'Chiplet_4', 'to': 'Chiplet_3', 'connection_type': '2.5d_emib', 'loc': '2.5d_chiplet'},{'from': 'Chiplet_4', 'to': 'Chiplet_6', 'connection_type': '2.5d_emib', 'loc': '2.5d_chiplet'},{'from': 'Chiplet_3', 'to': 'Chiplet_5', 'connection_type': '2.5d_emib', 'loc': '2.5d_chiplet'},{'from': 'Chiplet_3', 'to': 'Chiplet_4', 'connection_type': '2.5d_emib', 'loc': '2.5d_chiplet'},{'from': 'Chiplet_3', 'to': 'Chiplet_6', 'connection_type': '2.5d_emib', 'loc': '2.5d_chiplet'},{'from': 'Chiplet_5', 'to': 'Chiplet_3', 'connection_type': '2.5d_emib', 'loc': '2.5d_chiplet'},{'from': 'Chiplet_5', 'to': 'Chiplet_1', 'connection_type': '2.5d_emib', 'loc': '2.5d_chiplet'},{'from': 'Chiplet_6', 'to': 'Chiplet_3', 'connection_type': '2.5d_emib', 'loc': '2.5d_chiplet'},{'from': 'Chiplet_6', 'to': 'Chiplet_4', 'connection_type': '2.5d_emib', 'loc': '2.5d_chiplet'},{'from': 'Chiplet_6', 'to': 'Chiplet_1', 'connection_type': '2.5d_emib', 'loc': '2.5d_chiplet'},{'from': 'Chiplet_1', 'to': 'Chiplet_5', 'connection_type': '2.5d_emib', 'loc': '2.5d_chiplet'},{'from': 'Chiplet_1', 'to': 'Chiplet_6', 'connection_type': '2.5d_emib', 'loc': '2.5d_chiplet'}",1,1,1,3,1,1,ddr4,ucie_adv,ucie_3d,1,0,is,0,0,0
137,34.25111333805046,4043390.11,83870.94929701666,132333006.67110881,50877.00781573765,40693.28398971058,137,8.112421457366196,12.973514847541198,8192,192x192,10,2.6264880905479133,5.538366334949999,1024,128x128,10,1.51595254,4.475,1024,128x128,7,0.552198,1.11875,768,64x64,7,2.597993382379395,3.8395579270749995,512,96x96,14,6.726740457366197,12.973514847541198,4096,192x192,10,2.5d,"{'from': 'Chiplet_1', 'to': 'Chiplet_2', 'connection_type': '2.5d_rdl', 'loc': '2.5d_chiplet'},{'from': 'Chiplet_1', 'to': 'Chiplet_5', 'connection_type': '2.5d_rdl', 'loc': '2.5d_chiplet'},{'from': 'Chiplet_1', 'to': 'Chiplet_6', 'connection_type': '2.5d_rdl', 'loc': '2.5d_chiplet'},{'from': 'Chiplet_1', 'to': 'Chiplet_4', 'connection_type': '2.5d_rdl', 'loc': '2.5d_chiplet'},{'from': 'Chiplet_5', 'to': 'Chiplet_4', 'connection_type': '2.5d_rdl', 'loc': '2.5d_chiplet'},{'from': 'Chiplet_5', 'to': 'Chiplet_1', 'connection_type': '2.5d_rdl', 'loc': '2.5d_chiplet'},{'from': 'Chiplet_4', 'to': 'Chiplet_5', 'connection_type': '2.5d_rdl', 'loc': '2.5d_chiplet'},{'from': 'Chiplet_4', 'to': 'Chiplet_1', 'connection_type': '2.5d_rdl', 'loc': '2.5d_chiplet'},{'from': 'Chiplet_6', 'to': 'Chiplet_2', 'connection_type': '2.5d_rdl', 'loc': '2.5d_chiplet'},{'from': 'Chiplet_6', 'to': 'Chiplet_3', 'connection_type': '2.5d_rdl', 'loc': '2.5d_chiplet'},{'from': 'Chiplet_6', 'to': 'Chiplet_1', 'connection_type': '2.5d_rdl', 'loc': '2.5d_chiplet'},{'from': 'Chiplet_2', 'to': 'Chiplet_3', 'connection_type': '2.5d_rdl', 'loc': '2.5d_chiplet'},{'from': 'Chiplet_2', 'to': 'Chiplet_6', 'connection_type': '2.5d_rdl', 'loc': '2.5d_chiplet'},{'from': 'Chiplet_2', 'to': 'Chiplet_1', 'connection_type': '2.5d_rdl', 'loc': '2.5d_chiplet'},{'from': 'Chiplet_3', 'to': 'Chiplet_2', 'connection_type': '2.5d_rdl', 'loc': '2.5d_chiplet'},{'from': 'Chiplet_3', 'to': 'Chiplet_6', 'connection_type': '2.5d_rdl', 'loc': '2.5d_chiplet'}",6,2,1,1,2,4,hbm3,ucie_std,na,1,0,is,1,0,0
138,35.739527011123165,4970303.97,97795.1696181652,185999095.15036514,22474.375507076995,19724.44598589325,138,3.3193280905479132,5.538366334949999,3072,128x128,10,3.3193280905479132,5.538366334949999,3072,128x128,10,0.638803,1.11875,1024,64x64,7,6.315940422320179,6.821646341899999,3072,128x128,14,15.436124909546791,15.979573171754398,8192,192x192,14,2.20879254,4.475,3072,128x128,7,2.5d_3d,"{'from': 'Chiplet_5', 'to': 'Chiplet_2', 'connection_type': '3d_tsv', 'loc': 'stack0_base'},{'from': 'Chiplet_2', 'to': 'Chiplet_1', 'connection_type': '3d_tsv', 'loc': 'stack0_middle1'},{'from': 'Chiplet_1', 'to': 'Chiplet_6', 'connection_type': '3d_tsv', 'loc': 'stack0_middle2'},{'from': 'Chiplet_6', 'to': 'na', 'connection_type': '3d_tsv', 'loc': 'stack0_top'},{'from': 'Chiplet_5', 'to': 'Chiplet_3', 'connection_type': '2.5d_rdl', 'loc': '2.5d_chiplet'},{'from': 'Chiplet_5', 'to': 'Chiplet_4', 'connection_type': '2.5d_rdl', 'loc': '2.5d_chiplet'},{'from': 'Chiplet_4', 'to': 'Chiplet_5', 'connection_type': '2.5d_rdl', 'loc': '2.5d_chiplet'},{'from': 'Chiplet_4', 'to': 'Chiplet_3', 'connection_type': '2.5d_rdl', 'loc': '2.5d_chiplet'},{'from': 'Chiplet_3', 'to': 'Chiplet_5', 'connection_type': '2.5d_rdl', 'loc': '2.5d_chiplet'},{'from': 'Chiplet_3', 'to': 'Chiplet_4', 'connection_type': '2.5d_rdl', 'loc': '2.5d_chiplet'}",2,1,1,3,8,1,hbm2,ucie_std,ucie_3d,1,0,ws,1,0,0
139,19.135216461781177,2374864.4,67377.31993485047,411298095.6900507,82123.93636217005,49219.57987961009,139,0.784712696,2.51875,512,96x96,7,3.665749090547913,5.538366334949999,4096,128x128,10,4.9976252555201786,6.821646341899999,1024,128x128,14,4.818150952,10.4826,6144,192x192,7,0.378988,1.11875,256,64x64,7,0.552198,1.11875,768,64x64,7,2.5d,"{'from': 'Chiplet_3', 'to': 'Chiplet_6', 'connection_type': '2.5d_rdl', 'loc': '2.5d_chiplet'},{'from': 'Chiplet_3', 'to': 'Chiplet_4', 'connection_type': '2.5d_rdl', 'loc': '2.5d_chiplet'},{'from': 'Chiplet_3', 'to': 'Chiplet_1', 'connection_type': '2.5d_rdl', 'loc': '2.5d_chiplet'},{'from': 'Chiplet_1', 'to': 'Chiplet_5', 'connection_type': '2.5d_rdl', 'loc': '2.5d_chiplet'},{'from': 'Chiplet_1', 'to': 'Chiplet_6', 'connection_type': '2.5d_rdl', 'loc': '2.5d_chiplet'},{'from': 'Chiplet_1', 'to': 'Chiplet_3', 'connection_type': '2.5d_rdl', 'loc': '2.5d_chiplet'},{'from': 'Chiplet_6', 'to': 'Chiplet_2', 'connection_type': '2.5d_rdl', 'loc': '2.5d_chiplet'},{'from': 'Chiplet_6', 'to': 'Chiplet_3', 'connection_type': '2.5d_rdl', 'loc': '2.5d_chiplet'},{'from': 'Chiplet_6', 'to': 'Chiplet_5', 'connection_type': '2.5d_rdl', 'loc': '2.5d_chiplet'},{'from': 'Chiplet_6', 'to': 'Chiplet_1', 'connection_type': '2.5d_rdl', 'loc': '2.5d_chiplet'},{'from': 'Chiplet_5', 'to': 'Chiplet_6', 'connection_type': '2.5d_rdl', 'loc': '2.5d_chiplet'},{'from': 'Chiplet_5', 'to': 'Chiplet_1', 'connection_type': '2.5d_rdl', 'loc': '2.5d_chiplet'},{'from': 'Chiplet_4', 'to': 'Chiplet_2', 'connection_type': '2.5d_rdl', 'loc': '2.5d_chiplet'},{'from': 'Chiplet_4', 'to': 'Chiplet_3', 'connection_type': '2.5d_rdl', 'loc': '2.5d_chiplet'},{'from': 'Chiplet_2', 'to': 'Chiplet_4', 'connection_type': '2.5d_rdl', 'loc': '2.5d_chiplet'},{'from': 'Chiplet_2', 'to': 'Chiplet_6', 'connection_type': '2.5d_rdl', 'loc': '2.5d_chiplet'}",1,1,2,2,1,1,ddr4,ucie_std,na,0,0,is,1,0,0
140,28.60683828757262,3050029.38,173939.37126250693,421338629.222666,8957.067336284941,14206.061270803886,140,11.481175603606792,15.979573171754398,2048,192x192,14,6.033899457366197,12.973514847541198,2048,192x192,10,0.784712696,2.51875,512,96x96,7,2.927572174079395,3.8395579270749995,1024,96x96,14,1.131132696,2.51875,1536,96x96,7,0.656621759447044,1.3845915837374998,256,64x64,10,2.5d,"{'from': 'Chiplet_1', 'to': 'Chiplet_2', 'connection_type': '2.5d_emib', 'loc': '2.5d_chiplet'},{'from': 'Chiplet_1', 'to': 'Chiplet_4', 'connection_type': '2.5d_emib', 'loc': '2.5d_chiplet'},{'from': 'Chiplet_2', 'to': 'Chiplet_5', 'connection_type': '2.5d_emib', 'loc': '2.5d_chiplet'},{'from': 'Chiplet_2', 'to': 'Chiplet_4', 'connection_type': '2.5d_emib', 'loc': '2.5d_chiplet'},{'from': 'Chiplet_2', 'to': 'Chiplet_1', 'connection_type': '2.5d_emib', 'loc': '2.5d_chiplet'},{'from': 'Chiplet_4', 'to': 'Chiplet_2', 'connection_type': '2.5d_emib', 'loc': '2.5d_chiplet'},{'from': 'Chiplet_4', 'to': 'Chiplet_5', 'connection_type': '2.5d_emib', 'loc': '2.5d_chiplet'},{'from': 'Chiplet_4', 'to': 'Chiplet_1', 'connection_type': '2.5d_emib', 'loc': '2.5d_chiplet'},{'from': 'Chiplet_4', 'to': 'Chiplet_3', 'connection_type': '2.5d_emib', 'loc': '2.5d_chiplet'},{'from': 'Chiplet_5', 'to': 'Chiplet_2', 'connection_type': '2.5d_emib', 'loc': '2.5d_chiplet'},{'from': 'Chiplet_5', 'to': 'Chiplet_3', 'connection_type': '2.5d_emib', 'loc': '2.5d_chiplet'},{'from': 'Chiplet_5', 'to': 'Chiplet_4', 'connection_type': '2.5d_emib', 'loc': '2.5d_chiplet'},{'from': 'Chiplet_5', 'to': 'Chiplet_6', 'connection_type': '2.5d_emib', 'loc': '2.5d_chiplet'},{'from': 'Chiplet_3', 'to': 'Chiplet_6', 'connection_type': '2.5d_emib', 'loc': '2.5d_chiplet'},{'from': 'Chiplet_3', 'to': 'Chiplet_4', 'connection_type': '2.5d_emib', 'loc': '2.5d_chiplet'},{'from': 'Chiplet_3', 'to': 'Chiplet_5', 'connection_type': '2.5d_emib', 'loc': '2.5d_chiplet'},{'from': 'Chiplet_6', 'to': 'Chiplet_3', 'connection_type': '2.5d_emib', 'loc': '2.5d_chiplet'},{'from': 'Chiplet_6', 'to': 'Chiplet_5', 'connection_type': '2.5d_emib', 'loc': '2.5d_chiplet'}",3,1,1,1,1,1,ddr5,bow,na,0,0,os,0,0,0
141,10.153169112493693,1807685.24,84279.36473244568,140894490.45494437,22820.952134695366,9597.435252006771,141,0.916436759447044,1.3845915837374998,1024,64x64,10,0.378988,1.11875,256,64x64,7,3.2571509657793953,3.8395579270749995,1536,96x96,14,3.3193280905479132,5.538366334949999,3072,128x128,10,1.4141952089375351,1.7054115854749998,512,64x64,14,1.5385781800824634,3.1172648505374996,1024,96x96,10,2.5d_3d,"{'from': 'Chiplet_4', 'to': 'Chiplet_5', 'connection_type': '3d_hyb_bond', 'loc': 'stack0_base'},{'from': 'Chiplet_5', 'to': 'Chiplet_1', 'connection_type': '3d_hyb_bond', 'loc': 'stack0_middle1'},{'from': 'Chiplet_1', 'to': 'Chiplet_2', 'connection_type': '3d_hyb_bond', 'loc': 'stack0_middle2'},{'from': 'Chiplet_2', 'to': 'na', 'connection_type': '3d_hyb_bond', 'loc': 'stack0_top'},{'from': 'Chiplet_4', 'to': 'Chiplet_3', 'connection_type': '2.5d_emib', 'loc': '2.5d_chiplet'},{'from': 'Chiplet_4', 'to': 'Chiplet_6', 'connection_type': '2.5d_emib', 'loc': '2.5d_chiplet'},{'from': 'Chiplet_3', 'to': 'Chiplet_6', 'connection_type': '2.5d_emib', 'loc': '2.5d_chiplet'},{'from': 'Chiplet_3', 'to': 'Chiplet_4', 'connection_type': '2.5d_emib', 'loc': '2.5d_chiplet'},{'from': 'Chiplet_6', 'to': 'Chiplet_3', 'connection_type': '2.5d_emib', 'loc': '2.5d_chiplet'},{'from': 'Chiplet_6', 'to': 'Chiplet_4', 'connection_type': '2.5d_emib', 'loc': '2.5d_chiplet'}",1,1,5,5,2,2,hbm2,bow,ucie_3d,1,0,ws,1,0,0
142,5.510991952,2050446.9,65067.697906872265,425454863.0338011,34741.16309596206,20592.46723339108,142,0.916436759447044,1.3845915837374998,1024,64x64,10,1.131132696,2.51875,1536,96x96,7,0.656621759447044,1.3845915837374998,256,64x64,10,1.4141952089375351,1.7054115854749998,512,64x64,14,5.5109919519999995,10.4826,8192,192x192,7,1.131132696,2.51875,1536,96x96,7,3d,"{'from': 'Chiplet_5', 'to': 'Chiplet_4', 'connection_type': '3d_tsv', 'loc': 'stack0_base'},{'from': 'Chiplet_4', 'to': 'Chiplet_2', 'connection_type': '3d_tsv', 'loc': 'stack0_middle1'},{'from': 'Chiplet_2', 'to': 'Chiplet_6', 'connection_type': '3d_tsv', 'loc': 'stack0_middle2'},{'from': 'Chiplet_6', 'to': 'Chiplet_1', 'connection_type': '3d_tsv', 'loc': 'stack0_middle3'},{'from': 'Chiplet_1', 'to': 'Chiplet_3', 'connection_type': '3d_tsv', 'loc': 'stack0_middle4'},{'from': 'Chiplet_3', 'to': 'na', 'connection_type': '3d_tsv', 'loc': 'stack0_top'}",1,1,1,1,3,1,ddr4,na,ucie_3d,0,0,ws,1,0,0
143,28.801966962910196,5392775.47,181957.1723038534,203514448.4968018,9756.177606177607,12400.726833925204,143,4.1253109519999995,10.4826,4096,192x192,7,4.818150952,10.4826,6144,192x192,7,4.9976252555201786,6.821646341899999,1024,128x128,14,3.3193280905479132,5.538366334949999,3072,128x128,10,4.1253109519999995,10.4826,4096,192x192,7,2.20879254,4.475,3072,128x128,7,2.5d_3d,"{'from': 'Chiplet_1', 'to': 'Chiplet_4', 'connection_type': '3d_tsv', 'loc': 'stack0_base'},{'from': 'Chiplet_4', 'to': 'na', 'connection_type': '3d_tsv', 'loc': 'stack0_top'},{'from': 'Chiplet_3', 'to': 'Chiplet_2', 'connection_type': '2.5d_emib', 'loc': '2.5d_chiplet'},{'from': 'Chiplet_3', 'to': 'Chiplet_5', 'connection_type': '2.5d_emib', 'loc': '2.5d_chiplet'},{'from': 'Chiplet_5', 'to': 'Chiplet_3', 'connection_type': '2.5d_emib', 'loc': '2.5d_chiplet'},{'from': 'Chiplet_5', 'to': 'Chiplet_1', 'connection_type': '2.5d_emib', 'loc': '2.5d_chiplet'},{'from': 'Chiplet_2', 'to': 'Chiplet_3', 'connection_type': '2.5d_emib', 'loc': '2.5d_chiplet'},{'from': 'Chiplet_2', 'to': 'Chiplet_6', 'connection_type': '2.5d_emib', 'loc': '2.5d_chiplet'},{'from': 'Chiplet_2', 'to': 'Chiplet_1', 'connection_type': '2.5d_emib', 'loc': '2.5d_chiplet'},{'from': 'Chiplet_1', 'to': 'Chiplet_2', 'connection_type': '2.5d_emib', 'loc': '2.5d_chiplet'},{'from': 'Chiplet_1', 'to': 'Chiplet_5', 'connection_type': '2.5d_emib', 'loc': '2.5d_chiplet'},{'from': 'Chiplet_1', 'to': 'Chiplet_6', 'connection_type': '2.5d_emib', 'loc': '2.5d_chiplet'},{'from': 'Chiplet_6', 'to': 'Chiplet_2', 'connection_type': '2.5d_emib', 'loc': '2.5d_chiplet'},{'from': 'Chiplet_6', 'to': 'Chiplet_1', 'connection_type': '2.5d_emib', 'loc': '2.5d_chiplet'}",3,3,3,2,3,2,hbm2,aib,ucie_3d,0,0,ws,0,0,0
144,39.879093199237225,4403923.69,109788.56344026368,473064715.3162655,8987.779587404995,15991.73390290199,144,3.665749090547913,5.538366334949999,4096,128x128,10,2.927572174079395,3.8395579270749995,1024,96x96,14,8.112421457366196,12.973514847541198,8192,192x192,10,2.55521354,4.475,4096,128x128,7,4.818150952,10.4826,6144,192x192,7,6.975099908490179,6.821646341899999,4096,128x128,14,2.5d,"{'from': 'Chiplet_3', 'to': 'Chiplet_2', 'connection_type': '2.5d_rdl', 'loc': '2.5d_chiplet'},{'from': 'Chiplet_3', 'to': 'Chiplet_5', 'connection_type': '2.5d_rdl', 'loc': '2.5d_chiplet'},{'from': 'Chiplet_3', 'to': 'Chiplet_6', 'connection_type': '2.5d_rdl', 'loc': '2.5d_chiplet'},{'from': 'Chiplet_3', 'to': 'Chiplet_1', 'connection_type': '2.5d_rdl', 'loc': '2.5d_chiplet'},{'from': 'Chiplet_1', 'to': 'Chiplet_2', 'connection_type': '2.5d_rdl', 'loc': '2.5d_chiplet'},{'from': 'Chiplet_1', 'to': 'Chiplet_3', 'connection_type': '2.5d_rdl', 'loc': '2.5d_chiplet'},{'from': 'Chiplet_2', 'to': 'Chiplet_3', 'connection_type': '2.5d_rdl', 'loc': '2.5d_chiplet'},{'from': 'Chiplet_2', 'to': 'Chiplet_1', 'connection_type': '2.5d_rdl', 'loc': '2.5d_chiplet'},{'from': 'Chiplet_6', 'to': 'Chiplet_3', 'connection_type': '2.5d_rdl', 'loc': '2.5d_chiplet'},{'from': 'Chiplet_6', 'to': 'Chiplet_4', 'connection_type': '2.5d_rdl', 'loc': '2.5d_chiplet'},{'from': 'Chiplet_6', 'to': 'Chiplet_5', 'connection_type': '2.5d_rdl', 'loc': '2.5d_chiplet'},{'from': 'Chiplet_5', 'to': 'Chiplet_3', 'connection_type': '2.5d_rdl', 'loc': '2.5d_chiplet'},{'from': 'Chiplet_5', 'to': 'Chiplet_4', 'connection_type': '2.5d_rdl', 'loc': '2.5d_chiplet'},{'from': 'Chiplet_5', 'to': 'Chiplet_6', 'connection_type': '2.5d_rdl', 'loc': '2.5d_chiplet'},{'from': 'Chiplet_4', 'to': 'Chiplet_5', 'connection_type': '2.5d_rdl', 'loc': '2.5d_chiplet'},{'from': 'Chiplet_4', 'to': 'Chiplet_6', 'connection_type': '2.5d_rdl', 'loc': '2.5d_chiplet'}",1,1,2,1,1,2,ddr5,ucie_std,na,0,0,ws,0,0,0
145,20.617110060061908,2989245.28,144452.38858236634,611093970.6409203,18199.24836601307,19983.958481913094,145,1.51595254,4.475,1024,128x128,7,1.249405813087535,1.7054115854749998,256,64x64,14,3.5867297574793953,3.8395579270749995,2048,96x96,14,5.5109919519999995,10.4826,8192,192x192,7,1.131132696,2.51875,1536,96x96,7,1.8849981800824636,3.1172648505374996,2048,96x96,10,2.5d_3d,"{'from': 'Chiplet_6', 'to': 'Chiplet_5', 'connection_type': '3d_hyb_bond', 'loc': 'stack0_base'},{'from': 'Chiplet_5', 'to': 'na', 'connection_type': '3d_hyb_bond', 'loc': 'stack0_top'},{'from': 'Chiplet_4', 'to': 'Chiplet_2', 'connection_type': '2.5d_emib', 'loc': '2.5d_chiplet'},{'from': 'Chiplet_4', 'to': 'Chiplet_3', 'connection_type': '2.5d_emib', 'loc': '2.5d_chiplet'},{'from': 'Chiplet_4', 'to': 'Chiplet_6', 'connection_type': '2.5d_emib', 'loc': '2.5d_chiplet'},{'from': 'Chiplet_2', 'to': 'Chiplet_4', 'connection_type': '2.5d_emib', 'loc': '2.5d_chiplet'},{'from': 'Chiplet_2', 'to': 'Chiplet_6', 'connection_type': '2.5d_emib', 'loc': '2.5d_chiplet'},{'from': 'Chiplet_3', 'to': 'Chiplet_6', 'connection_type': '2.5d_emib', 'loc': '2.5d_chiplet'},{'from': 'Chiplet_3', 'to': 'Chiplet_4', 'connection_type': '2.5d_emib', 'loc': '2.5d_chiplet'},{'from': 'Chiplet_3', 'to': 'Chiplet_1', 'connection_type': '2.5d_emib', 'loc': '2.5d_chiplet'},{'from': 'Chiplet_6', 'to': 'Chiplet_2', 'connection_type': '2.5d_emib', 'loc': '2.5d_chiplet'},{'from': 'Chiplet_6', 'to': 'Chiplet_3', 'connection_type': '2.5d_emib', 'loc': '2.5d_chiplet'},{'from': 'Chiplet_6', 'to': 'Chiplet_4', 'connection_type': '2.5d_emib', 'loc': '2.5d_chiplet'},{'from': 'Chiplet_6', 'to': 'Chiplet_1', 'connection_type': '2.5d_emib', 'loc': '2.5d_chiplet'},{'from': 'Chiplet_1', 'to': 'Chiplet_3', 'connection_type': '2.5d_emib', 'loc': '2.5d_chiplet'},{'from': 'Chiplet_1', 'to': 'Chiplet_6', 'connection_type': '2.5d_emib', 'loc': '2.5d_chiplet'}",1,1,1,3,1,1,ddr4,ucie_adv,ucie_3d,1,0,is,0,0,0
146,45.99055258510822,4616603.09,182713.17257019205,141040801.98446918,27088.06295333151,21379.768467448306,146,1.51595254,4.475,1024,128x128,7,11.481175603606792,15.979573171754398,2048,192x192,14,6.975099908490179,6.821646341899999,4096,128x128,14,5.656782838920179,6.821646341899999,2048,128x128,14,0.638803,1.11875,1024,64x64,7,1.304342696,2.51875,2048,96x96,7,2.5d,"{'from': 'Chiplet_2', 'to': 'Chiplet_3', 'connection_type': '2.5d_emib', 'loc': '2.5d_chiplet'},{'from': 'Chiplet_2', 'to': 'Chiplet_4', 'connection_type': '2.5d_emib', 'loc': '2.5d_chiplet'},{'from': 'Chiplet_2', 'to': 'Chiplet_5', 'connection_type': '2.5d_emib', 'loc': '2.5d_chiplet'},{'from': 'Chiplet_2', 'to': 'Chiplet_1', 'connection_type': '2.5d_emib', 'loc': '2.5d_chiplet'},{'from': 'Chiplet_1', 'to': 'Chiplet_2', 'connection_type': '2.5d_emib', 'loc': '2.5d_chiplet'},{'from': 'Chiplet_1', 'to': 'Chiplet_5', 'connection_type': '2.5d_emib', 'loc': '2.5d_chiplet'},{'from': 'Chiplet_5', 'to': 'Chiplet_2', 'connection_type': '2.5d_emib', 'loc': '2.5d_chiplet'},{'from': 'Chiplet_5', 'to': 'Chiplet_1', 'connection_type': '2.5d_emib', 'loc': '2.5d_chiplet'},{'from': 'Chiplet_3', 'to': 'Chiplet_2', 'connection_type': '2.5d_emib', 'loc': '2.5d_chiplet'},{'from': 'Chiplet_3', 'to': 'Chiplet_6', 'connection_type': '2.5d_emib', 'loc': '2.5d_chiplet'},{'from': 'Chiplet_3', 'to': 'Chiplet_4', 'connection_type': '2.5d_emib', 'loc': '2.5d_chiplet'},{'from': 'Chiplet_4', 'to': 'Chiplet_2', 'connection_type': '2.5d_emib', 'loc': '2.5d_chiplet'},{'from': 'Chiplet_4', 'to': 'Chiplet_3', 'connection_type': '2.5d_emib', 'loc': '2.5d_chiplet'},{'from': 'Chiplet_4', 'to': 'Chiplet_6', 'connection_type': '2.5d_emib', 'loc': '2.5d_chiplet'},{'from': 'Chiplet_6', 'to': 'Chiplet_3', 'connection_type': '2.5d_emib', 'loc': '2.5d_chiplet'},{'from': 'Chiplet_6', 'to': 'Chiplet_4', 'connection_type': '2.5d_emib', 'loc': '2.5d_chiplet'}",1,6,4,3,1,1,hbm3,aib,na,0,0,ws,1,0,0
147,14.55444967434095,2514573.85,130075.17486819366,131397248.19509561,36425.99764070145,17334.340397431166,147,1.3653681800824635,3.1172648505374996,512,96x96,10,2.20879254,4.475,3072,128x128,7,0.46559300000000003,1.11875,512,64x64,7,3.432469952,10.4826,2048,192x192,7,0.916436759447044,1.3845915837374998,1024,64x64,10,1.743774000637535,1.7054115854749998,1024,64x64,14,2.5d_3d,"{'from': 'Chiplet_2', 'to': 'Chiplet_3', 'connection_type': '3d_hyb_bond', 'loc': 'stack0_base'},{'from': 'Chiplet_3', 'to': 'na', 'connection_type': '3d_hyb_bond', 'loc': 'stack0_top'},{'from': 'Chiplet_4', 'to': 'Chiplet_2', 'connection_type': '2.5d_emib', 'loc': '2.5d_chiplet'},{'from': 'Chiplet_4', 'to': 'Chiplet_6', 'connection_type': '2.5d_emib', 'loc': '2.5d_chiplet'},{'from': 'Chiplet_4', 'to': 'Chiplet_1', 'connection_type': '2.5d_emib', 'loc': '2.5d_chiplet'},{'from': 'Chiplet_1', 'to': 'Chiplet_4', 'connection_type': '2.5d_emib', 'loc': '2.5d_chiplet'},{'from': 'Chiplet_1', 'to': 'Chiplet_6', 'connection_type': '2.5d_emib', 'loc': '2.5d_chiplet'},{'from': 'Chiplet_2', 'to': 'Chiplet_6', 'connection_type': '2.5d_emib', 'loc': '2.5d_chiplet'},{'from': 'Chiplet_2', 'to': 'Chiplet_4', 'connection_type': '2.5d_emib', 'loc': '2.5d_chiplet'},{'from': 'Chiplet_2', 'to': 'Chiplet_5', 'connection_type': '2.5d_emib', 'loc': '2.5d_chiplet'},{'from': 'Chiplet_6', 'to': 'Chiplet_2', 'connection_type': '2.5d_emib', 'loc': '2.5d_chiplet'},{'from': 'Chiplet_6', 'to': 'Chiplet_5', 'connection_type': '2.5d_emib', 'loc': '2.5d_chiplet'},{'from': 'Chiplet_6', 'to': 'Chiplet_4', 'connection_type': '2.5d_emib', 'loc': '2.5d_chiplet'},{'from': 'Chiplet_6', 'to': 'Chiplet_1', 'connection_type': '2.5d_emib', 'loc': '2.5d_chiplet'},{'from': 'Chiplet_5', 'to': 'Chiplet_2', 'connection_type': '2.5d_emib', 'loc': '2.5d_chiplet'},{'from': 'Chiplet_5', 'to': 'Chiplet_6', 'connection_type': '2.5d_emib', 'loc': '2.5d_chiplet'}",2,4,1,5,1,3,hbm2,bow,ucie_3d,1,0,is,1,0,0
148,29.75154844079159,4983925.19,100396.70985612637,160202882.08915433,47154.9995137195,42512.2112810878,148,3.432469952,10.4826,2048,192x192,7,0.378988,1.11875,256,64x64,7,1.51595254,4.475,1024,128x128,7,12.799492673176792,15.979573171754398,4096,192x192,14,1.3653681800824635,3.1172648505374996,512,96x96,10,4.818150952,10.4826,6144,192x192,7,2.5d_3d,"{'from': 'Chiplet_5', 'to': 'Chiplet_2', 'connection_type': '3d_hyb_bond', 'loc': 'stack0_base'},{'from': 'Chiplet_2', 'to': 'na', 'connection_type': '3d_hyb_bond', 'loc': 'stack0_top'},{'from': 'Chiplet_4', 'to': 'Chiplet_6', 'connection_type': '2.5d_rdl', 'loc': '2.5d_chiplet'},{'from': 'Chiplet_4', 'to': 'Chiplet_1', 'connection_type': '2.5d_rdl', 'loc': '2.5d_chiplet'},{'from': 'Chiplet_6', 'to': 'Chiplet_5', 'connection_type': '2.5d_rdl', 'loc': '2.5d_chiplet'},{'from': 'Chiplet_6', 'to': 'Chiplet_4', 'connection_type': '2.5d_rdl', 'loc': '2.5d_chiplet'},{'from': 'Chiplet_6', 'to': 'Chiplet_1', 'connection_type': '2.5d_rdl', 'loc': '2.5d_chiplet'},{'from': 'Chiplet_6', 'to': 'Chiplet_3', 'connection_type': '2.5d_rdl', 'loc': '2.5d_chiplet'},{'from': 'Chiplet_5', 'to': 'Chiplet_3', 'connection_type': '2.5d_rdl', 'loc': '2.5d_chiplet'},{'from': 'Chiplet_5', 'to': 'Chiplet_6', 'connection_type': '2.5d_rdl', 'loc': '2.5d_chiplet'},{'from': 'Chiplet_1', 'to': 'Chiplet_3', 'connection_type': '2.5d_rdl', 'loc': '2.5d_chiplet'},{'from': 'Chiplet_1', 'to': 'Chiplet_4', 'connection_type': '2.5d_rdl', 'loc': '2.5d_chiplet'},{'from': 'Chiplet_1', 'to': 'Chiplet_6', 'connection_type': '2.5d_rdl', 'loc': '2.5d_chiplet'},{'from': 'Chiplet_3', 'to': 'Chiplet_5', 'connection_type': '2.5d_rdl', 'loc': '2.5d_chiplet'},{'from': 'Chiplet_3', 'to': 'Chiplet_6', 'connection_type': '2.5d_rdl', 'loc': '2.5d_chiplet'},{'from': 'Chiplet_3', 'to': 'Chiplet_1', 'connection_type': '2.5d_rdl', 'loc': '2.5d_chiplet'}",2,1,1,8,1,3,hbm3,ucie_std,ucie_3d,0,0,is,1,0,0
149,29.33592039935575,2946013.44,75792.39435010347,625713245.9861372,12792.792792792792,18344.692190594884,149,1.8849981800824636,3.1172648505374996,2048,96x96,10,6.315940422320179,6.821646341899999,3072,128x128,14,8.112421457366196,12.973514847541198,8192,192x192,10,0.638803,1.11875,1024,64x64,7,1.304342696,2.51875,2048,96x96,7,1.304342696,2.51875,2048,96x96,7,2.5d,"{'from': 'Chiplet_3', 'to': 'Chiplet_2', 'connection_type': '2.5d_rdl', 'loc': '2.5d_chiplet'},{'from': 'Chiplet_3', 'to': 'Chiplet_5', 'connection_type': '2.5d_rdl', 'loc': '2.5d_chiplet'},{'from': 'Chiplet_3', 'to': 'Chiplet_4', 'connection_type': '2.5d_rdl', 'loc': '2.5d_chiplet'},{'from': 'Chiplet_3', 'to': 'Chiplet_1', 'connection_type': '2.5d_rdl', 'loc': '2.5d_chiplet'},{'from': 'Chiplet_5', 'to': 'Chiplet_3', 'connection_type': '2.5d_rdl', 'loc': '2.5d_chiplet'},{'from': 'Chiplet_5', 'to': 'Chiplet_4', 'connection_type': '2.5d_rdl', 'loc': '2.5d_chiplet'},{'from': 'Chiplet_4', 'to': 'Chiplet_5', 'connection_type': '2.5d_rdl', 'loc': '2.5d_chiplet'},{'from': 'Chiplet_4', 'to': 'Chiplet_3', 'connection_type': '2.5d_rdl', 'loc': '2.5d_chiplet'},{'from': 'Chiplet_2', 'to': 'Chiplet_3', 'connection_type': '2.5d_rdl', 'loc': '2.5d_chiplet'},{'from': 'Chiplet_2', 'to': 'Chiplet_6', 'connection_type': '2.5d_rdl', 'loc': '2.5d_chiplet'},{'from': 'Chiplet_2', 'to': 'Chiplet_1', 'connection_type': '2.5d_rdl', 'loc': '2.5d_chiplet'},{'from': 'Chiplet_1', 'to': 'Chiplet_2', 'connection_type': '2.5d_rdl', 'loc': '2.5d_chiplet'},{'from': 'Chiplet_1', 'to': 'Chiplet_3', 'connection_type': '2.5d_rdl', 'loc': '2.5d_chiplet'},{'from': 'Chiplet_1', 'to': 'Chiplet_6', 'connection_type': '2.5d_rdl', 'loc': '2.5d_chiplet'},{'from': 'Chiplet_6', 'to': 'Chiplet_2', 'connection_type': '2.5d_rdl', 'loc': '2.5d_chiplet'},{'from': 'Chiplet_6', 'to': 'Chiplet_1', 'connection_type': '2.5d_rdl', 'loc': '2.5d_chiplet'}",1,2,2,1,1,1,ddr4,ucie_std,na,0,0,ws,0,0,0
150,35.11849450474718,6076485.69,195772.99376616554,419074376.0476374,22445.151903168677,35935.92361520561,150,3.665749090547913,5.538366334949999,4096,128x128,10,6.726740457366197,12.973514847541198,4096,192x192,10,14.117807839976791,15.979573171754398,6144,192x192,14,3.432469952,10.4826,2048,192x192,7,3.432469952,10.4826,2048,192x192,7,7.419580457366196,12.973514847541198,6144,192x192,10,2.5d_3d,"{'from': 'Chiplet_6', 'to': 'Chiplet_2', 'connection_type': '3d_hyb_bond', 'loc': 'stack0_base'},{'from': 'Chiplet_2', 'to': 'Chiplet_5', 'connection_type': '3d_hyb_bond', 'loc': 'stack0_middle1'},{'from': 'Chiplet_5', 'to': 'na', 'connection_type': '3d_hyb_bond', 'loc': 'stack0_top'},{'from': 'Chiplet_3', 'to': 'Chiplet_6', 'connection_type': '2.5d_emib', 'loc': '2.5d_chiplet'},{'from': 'Chiplet_3', 'to': 'Chiplet_1', 'connection_type': '2.5d_emib', 'loc': '2.5d_chiplet'},{'from': 'Chiplet_6', 'to': 'Chiplet_3', 'connection_type': '2.5d_emib', 'loc': '2.5d_chiplet'},{'from': 'Chiplet_6', 'to': 'Chiplet_4', 'connection_type': '2.5d_emib', 'loc': '2.5d_chiplet'},{'from': 'Chiplet_6', 'to': 'Chiplet_1', 'connection_type': '2.5d_emib', 'loc': '2.5d_chiplet'},{'from': 'Chiplet_1', 'to': 'Chiplet_3', 'connection_type': '2.5d_emib', 'loc': '2.5d_chiplet'},{'from': 'Chiplet_1', 'to': 'Chiplet_4', 'connection_type': '2.5d_emib', 'loc': '2.5d_chiplet'},{'from': 'Chiplet_1', 'to': 'Chiplet_6', 'connection_type': '2.5d_emib', 'loc': '2.5d_chiplet'},{'from': 'Chiplet_4', 'to': 'Chiplet_6', 'connection_type': '2.5d_emib', 'loc': '2.5d_chiplet'},{'from': 'Chiplet_4', 'to': 'Chiplet_1', 'connection_type': '2.5d_emib', 'loc': '2.5d_chiplet'}",1,1,3,1,1,1,ddr4,bow,ucie_3d,1,0,is,1,0,0
151,11.502035259380873,2037997.89,47240.93116511185,153608397.37900814,7796.556642216789,5249.93520269826,151,0.957922696,2.51875,1024,96x96,7,1.131132696,2.51875,1536,96x96,7,0.638803,1.11875,1024,64x64,7,3.2571509657793953,3.8395579270749995,1536,96x96,14,3.665749090547913,5.538366334949999,4096,128x128,10,0.916436759447044,1.3845915837374998,1024,64x64,10,2.5d_3d,"{'from': 'Chiplet_1', 'to': 'Chiplet_6', 'connection_type': '3d_hyb_bond', 'loc': 'stack0_base'},{'from': 'Chiplet_6', 'to': 'Chiplet_3', 'connection_type': '3d_hyb_bond', 'loc': 'stack0_middle1'},{'from': 'Chiplet_3', 'to': 'na', 'connection_type': '3d_hyb_bond', 'loc': 'stack0_top'},{'from': 'Chiplet_5', 'to': 'Chiplet_4', 'connection_type': '2.5d_rdl', 'loc': '2.5d_chiplet'},{'from': 'Chiplet_5', 'to': 'Chiplet_1', 'connection_type': '2.5d_rdl', 'loc': '2.5d_chiplet'},{'from': 'Chiplet_1', 'to': 'Chiplet_2', 'connection_type': '2.5d_rdl', 'loc': '2.5d_chiplet'},{'from': 'Chiplet_1', 'to': 'Chiplet_5', 'connection_type': '2.5d_rdl', 'loc': '2.5d_chiplet'},{'from': 'Chiplet_4', 'to': 'Chiplet_2', 'connection_type': '2.5d_rdl', 'loc': '2.5d_chiplet'},{'from': 'Chiplet_4', 'to': 'Chiplet_5', 'connection_type': '2.5d_rdl', 'loc': '2.5d_chiplet'},{'from': 'Chiplet_2', 'to': 'Chiplet_4', 'connection_type': '2.5d_rdl', 'loc': '2.5d_chiplet'},{'from': 'Chiplet_2', 'to': 'Chiplet_1', 'connection_type': '2.5d_rdl', 'loc': '2.5d_chiplet'}",1,2,1,5,6,1,hbm3,ucie_std,ucie_3d,0,0,os,0,0,0
152,24.892038441625154,3123794.95,83349.58808669116,465892854.95568454,6628.2298288508555,12724.616012757737,152,2.927572174079395,3.8395579270749995,1024,96x96,14,1.5385781800824634,3.1172648505374996,1024,96x96,10,1.743774000637535,1.7054115854749998,1024,64x64,14,4.1253109519999995,10.4826,4096,192x192,7,1.86237254,4.475,2048,128x128,7,5.5109919519999995,10.4826,8192,192x192,7,2.5d,"{'from': 'Chiplet_6', 'to': 'Chiplet_2', 'connection_type': '2.5d_rdl', 'loc': '2.5d_chiplet'},{'from': 'Chiplet_6', 'to': 'Chiplet_5', 'connection_type': '2.5d_rdl', 'loc': '2.5d_chiplet'},{'from': 'Chiplet_6', 'to': 'Chiplet_4', 'connection_type': '2.5d_rdl', 'loc': '2.5d_chiplet'},{'from': 'Chiplet_6', 'to': 'Chiplet_1', 'connection_type': '2.5d_rdl', 'loc': '2.5d_chiplet'},{'from': 'Chiplet_5', 'to': 'Chiplet_2', 'connection_type': '2.5d_rdl', 'loc': '2.5d_chiplet'},{'from': 'Chiplet_5', 'to': 'Chiplet_6', 'connection_type': '2.5d_rdl', 'loc': '2.5d_chiplet'},{'from': 'Chiplet_2', 'to': 'Chiplet_5', 'connection_type': '2.5d_rdl', 'loc': '2.5d_chiplet'},{'from': 'Chiplet_2', 'to': 'Chiplet_6', 'connection_type': '2.5d_rdl', 'loc': '2.5d_chiplet'},{'from': 'Chiplet_4', 'to': 'Chiplet_3', 'connection_type': '2.5d_rdl', 'loc': '2.5d_chiplet'},{'from': 'Chiplet_4', 'to': 'Chiplet_6', 'connection_type': '2.5d_rdl', 'loc': '2.5d_chiplet'},{'from': 'Chiplet_4', 'to': 'Chiplet_1', 'connection_type': '2.5d_rdl', 'loc': '2.5d_chiplet'},{'from': 'Chiplet_1', 'to': 'Chiplet_3', 'connection_type': '2.5d_rdl', 'loc': '2.5d_chiplet'},{'from': 'Chiplet_1', 'to': 'Chiplet_6', 'connection_type': '2.5d_rdl', 'loc': '2.5d_chiplet'},{'from': 'Chiplet_1', 'to': 'Chiplet_4', 'connection_type': '2.5d_rdl', 'loc': '2.5d_chiplet'},{'from': 'Chiplet_3', 'to': 'Chiplet_4', 'connection_type': '2.5d_rdl', 'loc': '2.5d_chiplet'},{'from': 'Chiplet_3', 'to': 'Chiplet_1', 'connection_type': '2.5d_rdl', 'loc': '2.5d_chiplet'}",1,1,1,2,1,2,ddr5,ucie_std,na,0,0,os,0,0,0
153,42.771824167389404,4810045.84,189369.6709360405,206518012.50905704,29382.962007131802,23626.361716530126,153,2.55521354,4.475,4096,128x128,7,14.117807839976791,15.979573171754398,6144,192x192,14,6.975099908490179,6.821646341899999,4096,128x128,14,0.957922696,2.51875,1024,96x96,7,0.916436759447044,1.3845915837374998,1024,64x64,10,3.665749090547913,5.538366334949999,4096,128x128,10,2.5d,"{'from': 'Chiplet_2', 'to': 'Chiplet_3', 'connection_type': '2.5d_emib', 'loc': '2.5d_chiplet'},{'from': 'Chiplet_2', 'to': 'Chiplet_6', 'connection_type': '2.5d_emib', 'loc': '2.5d_chiplet'},{'from': 'Chiplet_2', 'to': 'Chiplet_5', 'connection_type': '2.5d_emib', 'loc': '2.5d_chiplet'},{'from': 'Chiplet_5', 'to': 'Chiplet_2', 'connection_type': '2.5d_emib', 'loc': '2.5d_chiplet'},{'from': 'Chiplet_5', 'to': 'Chiplet_6', 'connection_type': '2.5d_emib', 'loc': '2.5d_chiplet'},{'from': 'Chiplet_3', 'to': 'Chiplet_2', 'connection_type': '2.5d_emib', 'loc': '2.5d_chiplet'},{'from': 'Chiplet_3', 'to': 'Chiplet_6', 'connection_type': '2.5d_emib', 'loc': '2.5d_chiplet'},{'from': 'Chiplet_3', 'to': 'Chiplet_1', 'connection_type': '2.5d_emib', 'loc': '2.5d_chiplet'},{'from': 'Chiplet_6', 'to': 'Chiplet_4', 'connection_type': '2.5d_emib', 'loc': '2.5d_chiplet'},{'from': 'Chiplet_6', 'to': 'Chiplet_2', 'connection_type': '2.5d_emib', 'loc': '2.5d_chiplet'},{'from': 'Chiplet_6', 'to': 'Chiplet_5', 'connection_type': '2.5d_emib', 'loc': '2.5d_chiplet'},{'from': 'Chiplet_6', 'to': 'Chiplet_3', 'connection_type': '2.5d_emib', 'loc': '2.5d_chiplet'},{'from': 'Chiplet_6', 'to': 'Chiplet_1', 'connection_type': '2.5d_emib', 'loc': '2.5d_chiplet'},{'from': 'Chiplet_1', 'to': 'Chiplet_3', 'connection_type': '2.5d_emib', 'loc': '2.5d_chiplet'},{'from': 'Chiplet_1', 'to': 'Chiplet_6', 'connection_type': '2.5d_emib', 'loc': '2.5d_chiplet'},{'from': 'Chiplet_1', 'to': 'Chiplet_4', 'connection_type': '2.5d_emib', 'loc': '2.5d_chiplet'},{'from': 'Chiplet_4', 'to': 'Chiplet_6', 'connection_type': '2.5d_emib', 'loc': '2.5d_chiplet'},{'from': 'Chiplet_4', 'to': 'Chiplet_1', 'connection_type': '2.5d_emib', 'loc': '2.5d_chiplet'}",1,7,4,1,1,2,hbm2,ucie_adv,na,0,0,is,1,0,0
154,36.08516643080777,4667281.67,188846.859238377,147220730.73213708,6867.070164627168,8604.458816585062,154,3.432469952,10.4826,2048,192x192,7,1.578984604787535,1.7054115854749998,768,64x64,14,8.112421457366196,12.973514847541198,8192,192x192,10,2.6264880905479133,5.538366334949999,1024,128x128,10,3.432469952,10.4826,2048,192x192,7,2.972908090547913,5.538366334949999,2048,128x128,10,2.5d,"{'from': 'Chiplet_3', 'to': 'Chiplet_4', 'connection_type': '2.5d_emib', 'loc': '2.5d_chiplet'},{'from': 'Chiplet_3', 'to': 'Chiplet_1', 'connection_type': '2.5d_emib', 'loc': '2.5d_chiplet'},{'from': 'Chiplet_4', 'to': 'Chiplet_5', 'connection_type': '2.5d_emib', 'loc': '2.5d_chiplet'},{'from': 'Chiplet_4', 'to': 'Chiplet_1', 'connection_type': '2.5d_emib', 'loc': '2.5d_chiplet'},{'from': 'Chiplet_4', 'to': 'Chiplet_3', 'connection_type': '2.5d_emib', 'loc': '2.5d_chiplet'},{'from': 'Chiplet_1', 'to': 'Chiplet_3', 'connection_type': '2.5d_emib', 'loc': '2.5d_chiplet'},{'from': 'Chiplet_1', 'to': 'Chiplet_4', 'connection_type': '2.5d_emib', 'loc': '2.5d_chiplet'},{'from': 'Chiplet_1', 'to': 'Chiplet_5', 'connection_type': '2.5d_emib', 'loc': '2.5d_chiplet'},{'from': 'Chiplet_1', 'to': 'Chiplet_6', 'connection_type': '2.5d_emib', 'loc': '2.5d_chiplet'},{'from': 'Chiplet_6', 'to': 'Chiplet_2', 'connection_type': '2.5d_emib', 'loc': '2.5d_chiplet'},{'from': 'Chiplet_6', 'to': 'Chiplet_1', 'connection_type': '2.5d_emib', 'loc': '2.5d_chiplet'},{'from': 'Chiplet_5', 'to': 'Chiplet_2', 'connection_type': '2.5d_emib', 'loc': '2.5d_chiplet'},{'from': 'Chiplet_5', 'to': 'Chiplet_4', 'connection_type': '2.5d_emib', 'loc': '2.5d_chiplet'},{'from': 'Chiplet_5', 'to': 'Chiplet_1', 'connection_type': '2.5d_emib', 'loc': '2.5d_chiplet'},{'from': 'Chiplet_2', 'to': 'Chiplet_5', 'connection_type': '2.5d_emib', 'loc': '2.5d_chiplet'},{'from': 'Chiplet_2', 'to': 'Chiplet_6', 'connection_type': '2.5d_emib', 'loc': '2.5d_chiplet'}",3,1,6,2,2,2,hbm3,ucie_adv,na,1,0,ws,0,0,0
155,54.467126177568474,4916196.8,197597.60820609124,451928232.1925787,27096.564428444384,31692.70988735869,155,0.957922696,2.51875,1024,96x96,7,7.419580457366196,12.973514847541198,6144,192x192,10,0.638803,1.11875,1024,64x64,7,14.117807839976791,15.979573171754398,6144,192x192,14,0.743226759447044,1.3845915837374998,512,64x64,10,7.419580457366196,12.973514847541198,6144,192x192,10,2.5d,"{'from': 'Chiplet_4', 'to': 'Chiplet_2', 'connection_type': '2.5d_emib', 'loc': '2.5d_chiplet'},{'from': 'Chiplet_4', 'to': 'Chiplet_3', 'connection_type': '2.5d_emib', 'loc': '2.5d_chiplet'},{'from': 'Chiplet_4', 'to': 'Chiplet_1', 'connection_type': '2.5d_emib', 'loc': '2.5d_chiplet'},{'from': 'Chiplet_1', 'to': 'Chiplet_3', 'connection_type': '2.5d_emib', 'loc': '2.5d_chiplet'},{'from': 'Chiplet_1', 'to': 'Chiplet_6', 'connection_type': '2.5d_emib', 'loc': '2.5d_chiplet'},{'from': 'Chiplet_1', 'to': 'Chiplet_4', 'connection_type': '2.5d_emib', 'loc': '2.5d_chiplet'},{'from': 'Chiplet_3', 'to': 'Chiplet_4', 'connection_type': '2.5d_emib', 'loc': '2.5d_chiplet'},{'from': 'Chiplet_3', 'to': 'Chiplet_1', 'connection_type': '2.5d_emib', 'loc': '2.5d_chiplet'},{'from': 'Chiplet_2', 'to': 'Chiplet_5', 'connection_type': '2.5d_emib', 'loc': '2.5d_chiplet'},{'from': 'Chiplet_2', 'to': 'Chiplet_4', 'connection_type': '2.5d_emib', 'loc': '2.5d_chiplet'},{'from': 'Chiplet_2', 'to': 'Chiplet_6', 'connection_type': '2.5d_emib', 'loc': '2.5d_chiplet'},{'from': 'Chiplet_5', 'to': 'Chiplet_2', 'connection_type': '2.5d_emib', 'loc': '2.5d_chiplet'},{'from': 'Chiplet_5', 'to': 'Chiplet_6', 'connection_type': '2.5d_emib', 'loc': '2.5d_chiplet'},{'from': 'Chiplet_6', 'to': 'Chiplet_2', 'connection_type': '2.5d_emib', 'loc': '2.5d_chiplet'},{'from': 'Chiplet_6', 'to': 'Chiplet_5', 'connection_type': '2.5d_emib', 'loc': '2.5d_chiplet'},{'from': 'Chiplet_6', 'to': 'Chiplet_1', 'connection_type': '2.5d_emib', 'loc': '2.5d_chiplet'}",1,1,1,3,1,1,ddr4,aib,na,0,0,ws,1,0,0
156,12.78991652286967,1966710.52,151200.96216795527,128305380.1620735,26953.521228907364,12297.605139397467,156,3.432469952,10.4826,2048,192x192,7,1.304342696,2.51875,2048,96x96,7,1.743774000637535,1.7054115854749998,1024,64x64,14,1.5385781800824634,3.1172648505374996,1024,96x96,10,0.552198,1.11875,768,64x64,7,0.552198,1.11875,768,64x64,7,2.5d,"{'from': 'Chiplet_1', 'to': 'Chiplet_3', 'connection_type': '2.5d_emib', 'loc': '2.5d_chiplet'},{'from': 'Chiplet_1', 'to': 'Chiplet_4', 'connection_type': '2.5d_emib', 'loc': '2.5d_chiplet'},{'from': 'Chiplet_1', 'to': 'Chiplet_5', 'connection_type': '2.5d_emib', 'loc': '2.5d_chiplet'},{'from': 'Chiplet_1', 'to': 'Chiplet_6', 'connection_type': '2.5d_emib', 'loc': '2.5d_chiplet'},{'from': 'Chiplet_5', 'to': 'Chiplet_6', 'connection_type': '2.5d_emib', 'loc': '2.5d_chiplet'},{'from': 'Chiplet_5', 'to': 'Chiplet_1', 'connection_type': '2.5d_emib', 'loc': '2.5d_chiplet'},{'from': 'Chiplet_6', 'to': 'Chiplet_5', 'connection_type': '2.5d_emib', 'loc': '2.5d_chiplet'},{'from': 'Chiplet_6', 'to': 'Chiplet_1', 'connection_type': '2.5d_emib', 'loc': '2.5d_chiplet'},{'from': 'Chiplet_3', 'to': 'Chiplet_2', 'connection_type': '2.5d_emib', 'loc': '2.5d_chiplet'},{'from': 'Chiplet_3', 'to': 'Chiplet_4', 'connection_type': '2.5d_emib', 'loc': '2.5d_chiplet'},{'from': 'Chiplet_3', 'to': 'Chiplet_1', 'connection_type': '2.5d_emib', 'loc': '2.5d_chiplet'},{'from': 'Chiplet_4', 'to': 'Chiplet_2', 'connection_type': '2.5d_emib', 'loc': '2.5d_chiplet'},{'from': 'Chiplet_4', 'to': 'Chiplet_3', 'connection_type': '2.5d_emib', 'loc': '2.5d_chiplet'},{'from': 'Chiplet_4', 'to': 'Chiplet_1', 'connection_type': '2.5d_emib', 'loc': '2.5d_chiplet'},{'from': 'Chiplet_2', 'to': 'Chiplet_3', 'connection_type': '2.5d_emib', 'loc': '2.5d_chiplet'},{'from': 'Chiplet_2', 'to': 'Chiplet_4', 'connection_type': '2.5d_emib', 'loc': '2.5d_chiplet'}",6,2,3,3,1,1,hbm2,bow,na,0,0,ws,1,0,0
157,39.478138135376014,5705302.92,114186.24935571587,138000605.48050535,26070.60657186758,30972.508997665223,157,4.9976252555201786,6.821646341899999,1024,128x128,14,11.481175603606792,15.979573171754398,2048,192x192,14,11.481175603606792,15.979573171754398,2048,192x192,14,1.5385781800824634,3.1172648505374996,1024,96x96,10,6.726740457366197,12.973514847541198,4096,192x192,10,1.86237254,4.475,2048,128x128,7,2.5d_3d,"{'from': 'Chiplet_2', 'to': 'Chiplet_5', 'connection_type': '3d_tsv', 'loc': 'stack0_base'},{'from': 'Chiplet_5', 'to': 'Chiplet_6', 'connection_type': '3d_tsv', 'loc': 'stack0_middle1'},{'from': 'Chiplet_6', 'to': 'na', 'connection_type': '3d_tsv', 'loc': 'stack0_top'},{'from': 'Chiplet_2', 'to': 'Chiplet_3', 'connection_type': '2.5d_rdl', 'loc': '2.5d_chiplet'},{'from': 'Chiplet_2', 'to': 'Chiplet_1', 'connection_type': '2.5d_rdl', 'loc': '2.5d_chiplet'},{'from': 'Chiplet_1', 'to': 'Chiplet_2', 'connection_type': '2.5d_rdl', 'loc': '2.5d_chiplet'},{'from': 'Chiplet_1', 'to': 'Chiplet_4', 'connection_type': '2.5d_rdl', 'loc': '2.5d_chiplet'},{'from': 'Chiplet_3', 'to': 'Chiplet_2', 'connection_type': '2.5d_rdl', 'loc': '2.5d_chiplet'},{'from': 'Chiplet_3', 'to': 'Chiplet_4', 'connection_type': '2.5d_rdl', 'loc': '2.5d_chiplet'},{'from': 'Chiplet_4', 'to': 'Chiplet_3', 'connection_type': '2.5d_rdl', 'loc': '2.5d_chiplet'},{'from': 'Chiplet_4', 'to': 'Chiplet_1', 'connection_type': '2.5d_rdl', 'loc': '2.5d_chiplet'}",2,5,4,1,3,1,hbm3,ucie_std,ucie_3d,0,0,os,1,0,0
158,33.26480539615052,3620379.76,184822.36065524726,441225620.16241646,17242.404237978808,21293.314634550814,158,11.481175603606792,15.979573171754398,2048,192x192,14,1.51595254,4.475,1024,128x128,7,1.304342696,2.51875,2048,96x96,7,1.304342696,2.51875,2048,96x96,7,7.419580457366196,12.973514847541198,6144,192x192,10,1.5385781800824634,3.1172648505374996,1024,96x96,10,2.5d,"{'from': 'Chiplet_1', 'to': 'Chiplet_5', 'connection_type': '2.5d_emib', 'loc': '2.5d_chiplet'},{'from': 'Chiplet_1', 'to': 'Chiplet_6', 'connection_type': '2.5d_emib', 'loc': '2.5d_chiplet'},{'from': 'Chiplet_1', 'to': 'Chiplet_4', 'connection_type': '2.5d_emib', 'loc': '2.5d_chiplet'},{'from': 'Chiplet_4', 'to': 'Chiplet_6', 'connection_type': '2.5d_emib', 'loc': '2.5d_chiplet'},{'from': 'Chiplet_4', 'to': 'Chiplet_1', 'connection_type': '2.5d_emib', 'loc': '2.5d_chiplet'},{'from': 'Chiplet_5', 'to': 'Chiplet_2', 'connection_type': '2.5d_emib', 'loc': '2.5d_chiplet'},{'from': 'Chiplet_5', 'to': 'Chiplet_6', 'connection_type': '2.5d_emib', 'loc': '2.5d_chiplet'},{'from': 'Chiplet_5', 'to': 'Chiplet_1', 'connection_type': '2.5d_emib', 'loc': '2.5d_chiplet'},{'from': 'Chiplet_6', 'to': 'Chiplet_4', 'connection_type': '2.5d_emib', 'loc': '2.5d_chiplet'},{'from': 'Chiplet_6', 'to': 'Chiplet_2', 'connection_type': '2.5d_emib', 'loc': '2.5d_chiplet'},{'from': 'Chiplet_6', 'to': 'Chiplet_5', 'connection_type': '2.5d_emib', 'loc': '2.5d_chiplet'},{'from': 'Chiplet_6', 'to': 'Chiplet_3', 'connection_type': '2.5d_emib', 'loc': '2.5d_chiplet'},{'from': 'Chiplet_6', 'to': 'Chiplet_1', 'connection_type': '2.5d_emib', 'loc': '2.5d_chiplet'},{'from': 'Chiplet_2', 'to': 'Chiplet_5', 'connection_type': '2.5d_emib', 'loc': '2.5d_chiplet'},{'from': 'Chiplet_2', 'to': 'Chiplet_6', 'connection_type': '2.5d_emib', 'loc': '2.5d_chiplet'},{'from': 'Chiplet_2', 'to': 'Chiplet_3', 'connection_type': '2.5d_emib', 'loc': '2.5d_chiplet'},{'from': 'Chiplet_3', 'to': 'Chiplet_2', 'connection_type': '2.5d_emib', 'loc': '2.5d_chiplet'},{'from': 'Chiplet_3', 'to': 'Chiplet_6', 'connection_type': '2.5d_emib', 'loc': '2.5d_chiplet'}",3,1,1,1,1,1,ddr5,aib,na,1,0,is,0,0,0
159,27.834326926591242,3795966.65,85818.28351418246,199338765.89447773,68563.56366261267,48264.67499735546,159,1.743774000637535,1.7054115854749998,1024,64x64,14,6.315940422320179,6.821646341899999,3072,128x128,14,1.249405813087535,1.7054115854749998,256,64x64,14,6.726740457366197,12.973514847541198,4096,192x192,10,5.5109919519999995,10.4826,8192,192x192,7,1.578984604787535,1.7054115854749998,768,64x64,14,2.5d,"{'from': 'Chiplet_4', 'to': 'Chiplet_2', 'connection_type': '2.5d_rdl', 'loc': '2.5d_chiplet'},{'from': 'Chiplet_4', 'to': 'Chiplet_6', 'connection_type': '2.5d_rdl', 'loc': '2.5d_chiplet'},{'from': 'Chiplet_4', 'to': 'Chiplet_1', 'connection_type': '2.5d_rdl', 'loc': '2.5d_chiplet'},{'from': 'Chiplet_1', 'to': 'Chiplet_3', 'connection_type': '2.5d_rdl', 'loc': '2.5d_chiplet'},{'from': 'Chiplet_1', 'to': 'Chiplet_6', 'connection_type': '2.5d_rdl', 'loc': '2.5d_chiplet'},{'from': 'Chiplet_1', 'to': 'Chiplet_4', 'connection_type': '2.5d_rdl', 'loc': '2.5d_chiplet'},{'from': 'Chiplet_6', 'to': 'Chiplet_5', 'connection_type': '2.5d_rdl', 'loc': '2.5d_chiplet'},{'from': 'Chiplet_6', 'to': 'Chiplet_4', 'connection_type': '2.5d_rdl', 'loc': '2.5d_chiplet'},{'from': 'Chiplet_6', 'to': 'Chiplet_1', 'connection_type': '2.5d_rdl', 'loc': '2.5d_chiplet'},{'from': 'Chiplet_6', 'to': 'Chiplet_3', 'connection_type': '2.5d_rdl', 'loc': '2.5d_chiplet'},{'from': 'Chiplet_3', 'to': 'Chiplet_6', 'connection_type': '2.5d_rdl', 'loc': '2.5d_chiplet'},{'from': 'Chiplet_3', 'to': 'Chiplet_1', 'connection_type': '2.5d_rdl', 'loc': '2.5d_chiplet'},{'from': 'Chiplet_2', 'to': 'Chiplet_5', 'connection_type': '2.5d_rdl', 'loc': '2.5d_chiplet'},{'from': 'Chiplet_2', 'to': 'Chiplet_4', 'connection_type': '2.5d_rdl', 'loc': '2.5d_chiplet'},{'from': 'Chiplet_5', 'to': 'Chiplet_2', 'connection_type': '2.5d_rdl', 'loc': '2.5d_chiplet'},{'from': 'Chiplet_5', 'to': 'Chiplet_6', 'connection_type': '2.5d_rdl', 'loc': '2.5d_chiplet'}",1,4,1,5,4,1,hbm2,ucie_std,na,1,0,is,1,0,0
160,30.323549257451685,4073318.53,85168.72226068715,154696687.85249814,38151.69464563817,26603.790954344597,160,0.656621759447044,1.3845915837374998,256,64x64,10,12.799492673176792,15.979573171754398,4096,192x192,14,0.656621759447044,1.3845915837374998,256,64x64,10,2.20879254,4.475,3072,128x128,7,5.656782838920179,6.821646341899999,2048,128x128,14,2.927572174079395,3.8395579270749995,1024,96x96,14,2.5d_3d,"{'from': 'Chiplet_6', 'to': 'Chiplet_4', 'connection_type': '3d_hyb_bond', 'loc': 'stack0_base'},{'from': 'Chiplet_4', 'to': 'Chiplet_1', 'connection_type': '3d_hyb_bond', 'loc': 'stack0_middle1'},{'from': 'Chiplet_1', 'to': 'Chiplet_3', 'connection_type': '3d_hyb_bond', 'loc': 'stack0_middle2'},{'from': 'Chiplet_3', 'to': 'na', 'connection_type': '3d_hyb_bond', 'loc': 'stack0_top'},{'from': 'Chiplet_2', 'to': 'Chiplet_5', 'connection_type': '2.5d_rdl', 'loc': '2.5d_chiplet'},{'from': 'Chiplet_2', 'to': 'Chiplet_6', 'connection_type': '2.5d_rdl', 'loc': '2.5d_chiplet'},{'from': 'Chiplet_5', 'to': 'Chiplet_2', 'connection_type': '2.5d_rdl', 'loc': '2.5d_chiplet'},{'from': 'Chiplet_5', 'to': 'Chiplet_6', 'connection_type': '2.5d_rdl', 'loc': '2.5d_chiplet'},{'from': 'Chiplet_6', 'to': 'Chiplet_2', 'connection_type': '2.5d_rdl', 'loc': '2.5d_chiplet'},{'from': 'Chiplet_6', 'to': 'Chiplet_5', 'connection_type': '2.5d_rdl', 'loc': '2.5d_chiplet'}",1,8,1,1,3,2,hbm3,ucie_std,ucie_3d,0,0,os,1,0,0
161,25.729991092245143,2908760.25,136576.7529822089,431777182.6150683,16268.790849673202,16697.447363180778,161,6.726740457366197,12.973514847541198,4096,192x192,10,0.656621759447044,1.3845915837374998,256,64x64,10,3.5867297574793953,3.8395579270749995,2048,96x96,14,2.6264880905479133,5.538366334949999,1024,128x128,10,3.2571509657793953,3.8395579270749995,1536,96x96,14,1.249405813087535,1.7054115854749998,256,64x64,14,2.5d_3d,"{'from': 'Chiplet_4', 'to': 'Chiplet_2', 'connection_type': '3d_hyb_bond', 'loc': 'stack0_base'},{'from': 'Chiplet_2', 'to': 'na', 'connection_type': '3d_hyb_bond', 'loc': 'stack0_top'},{'from': 'Chiplet_1', 'to': 'Chiplet_3', 'connection_type': '2.5d_emib', 'loc': '2.5d_chiplet'},{'from': 'Chiplet_1', 'to': 'Chiplet_4', 'connection_type': '2.5d_emib', 'loc': '2.5d_chiplet'},{'from': 'Chiplet_1', 'to': 'Chiplet_5', 'connection_type': '2.5d_emib', 'loc': '2.5d_chiplet'},{'from': 'Chiplet_4', 'to': 'Chiplet_5', 'connection_type': '2.5d_emib', 'loc': '2.5d_chiplet'},{'from': 'Chiplet_4', 'to': 'Chiplet_1', 'connection_type': '2.5d_emib', 'loc': '2.5d_chiplet'},{'from': 'Chiplet_3', 'to': 'Chiplet_5', 'connection_type': '2.5d_emib', 'loc': '2.5d_chiplet'},{'from': 'Chiplet_3', 'to': 'Chiplet_6', 'connection_type': '2.5d_emib', 'loc': '2.5d_chiplet'},{'from': 'Chiplet_3', 'to': 'Chiplet_1', 'connection_type': '2.5d_emib', 'loc': '2.5d_chiplet'},{'from': 'Chiplet_5', 'to': 'Chiplet_6', 'connection_type': '2.5d_emib', 'loc': '2.5d_chiplet'},{'from': 'Chiplet_5', 'to': 'Chiplet_4', 'connection_type': '2.5d_emib', 'loc': '2.5d_chiplet'},{'from': 'Chiplet_5', 'to': 'Chiplet_1', 'connection_type': '2.5d_emib', 'loc': '2.5d_chiplet'},{'from': 'Chiplet_5', 'to': 'Chiplet_3', 'connection_type': '2.5d_emib', 'loc': '2.5d_chiplet'},{'from': 'Chiplet_6', 'to': 'Chiplet_5', 'connection_type': '2.5d_emib', 'loc': '2.5d_chiplet'},{'from': 'Chiplet_6', 'to': 'Chiplet_3', 'connection_type': '2.5d_emib', 'loc': '2.5d_chiplet'}",3,1,1,1,1,1,ddr5,aib,ucie_3d,0,0,is,0,0,0
162,45.78913252204161,4877260.34,174840.19634798073,478692341.2491735,11047.049714751425,17952.762843644814,162,1.304342696,2.51875,2048,96x96,7,14.117807839976791,15.979573171754398,6144,192x192,14,2.6264880905479133,5.538366334949999,1024,128x128,10,12.799492673176792,15.979573171754398,4096,192x192,14,1.304342696,2.51875,2048,96x96,7,1.304342696,2.51875,2048,96x96,7,2.5d_3d,"{'from': 'Chiplet_2', 'to': 'Chiplet_6', 'connection_type': '3d_tsv', 'loc': 'stack0_base'},{'from': 'Chiplet_6', 'to': 'na', 'connection_type': '3d_tsv', 'loc': 'stack0_top'},{'from': 'Chiplet_2', 'to': 'Chiplet_3', 'connection_type': '2.5d_emib', 'loc': '2.5d_chiplet'},{'from': 'Chiplet_2', 'to': 'Chiplet_4', 'connection_type': '2.5d_emib', 'loc': '2.5d_chiplet'},{'from': 'Chiplet_2', 'to': 'Chiplet_5', 'connection_type': '2.5d_emib', 'loc': '2.5d_chiplet'},{'from': 'Chiplet_2', 'to': 'Chiplet_1', 'connection_type': '2.5d_emib', 'loc': '2.5d_chiplet'},{'from': 'Chiplet_1', 'to': 'Chiplet_2', 'connection_type': '2.5d_emib', 'loc': '2.5d_chiplet'},{'from': 'Chiplet_1', 'to': 'Chiplet_5', 'connection_type': '2.5d_emib', 'loc': '2.5d_chiplet'},{'from': 'Chiplet_5', 'to': 'Chiplet_2', 'connection_type': '2.5d_emib', 'loc': '2.5d_chiplet'},{'from': 'Chiplet_5', 'to': 'Chiplet_1', 'connection_type': '2.5d_emib', 'loc': '2.5d_chiplet'},{'from': 'Chiplet_4', 'to': 'Chiplet_2', 'connection_type': '2.5d_emib', 'loc': '2.5d_chiplet'},{'from': 'Chiplet_4', 'to': 'Chiplet_3', 'connection_type': '2.5d_emib', 'loc': '2.5d_chiplet'},{'from': 'Chiplet_3', 'to': 'Chiplet_2', 'connection_type': '2.5d_emib', 'loc': '2.5d_chiplet'},{'from': 'Chiplet_3', 'to': 'Chiplet_4', 'connection_type': '2.5d_emib', 'loc': '2.5d_chiplet'}",1,2,1,2,1,1,ddr5,bow,ucie_3d,0,0,os,0,0,0
163,29.540211238881117,3170826.19,77440.79206765008,626884898.1504492,20187.777777777777,22752.77312625959,163,1.743774000637535,1.7054115854749998,1024,64x64,14,2.972908090547913,5.538366334949999,2048,128x128,10,0.784712696,2.51875,512,96x96,7,1.7117881800824635,3.1172648505374996,1536,96x96,10,15.436124909546791,15.979573171754398,8192,192x192,14,0.916436759447044,1.3845915837374998,1024,64x64,10,2.5d_3d,"{'from': 'Chiplet_5', 'to': 'Chiplet_4', 'connection_type': '3d_tsv', 'loc': 'stack0_base'},{'from': 'Chiplet_4', 'to': 'na', 'connection_type': '3d_tsv', 'loc': 'stack0_top'},{'from': 'Chiplet_5', 'to': 'Chiplet_2', 'connection_type': '2.5d_rdl', 'loc': '2.5d_chiplet'},{'from': 'Chiplet_5', 'to': 'Chiplet_1', 'connection_type': '2.5d_rdl', 'loc': '2.5d_chiplet'},{'from': 'Chiplet_2', 'to': 'Chiplet_5', 'connection_type': '2.5d_rdl', 'loc': '2.5d_chiplet'},{'from': 'Chiplet_2', 'to': 'Chiplet_6', 'connection_type': '2.5d_rdl', 'loc': '2.5d_chiplet'},{'from': 'Chiplet_2', 'to': 'Chiplet_1', 'connection_type': '2.5d_rdl', 'loc': '2.5d_chiplet'},{'from': 'Chiplet_1', 'to': 'Chiplet_2', 'connection_type': '2.5d_rdl', 'loc': '2.5d_chiplet'},{'from': 'Chiplet_1', 'to': 'Chiplet_5', 'connection_type': '2.5d_rdl', 'loc': '2.5d_chiplet'},{'from': 'Chiplet_1', 'to': 'Chiplet_6', 'connection_type': '2.5d_rdl', 'loc': '2.5d_chiplet'},{'from': 'Chiplet_1', 'to': 'Chiplet_3', 'connection_type': '2.5d_rdl', 'loc': '2.5d_chiplet'},{'from': 'Chiplet_6', 'to': 'Chiplet_2', 'connection_type': '2.5d_rdl', 'loc': '2.5d_chiplet'},{'from': 'Chiplet_6', 'to': 'Chiplet_3', 'connection_type': '2.5d_rdl', 'loc': '2.5d_chiplet'},{'from': 'Chiplet_6', 'to': 'Chiplet_1', 'connection_type': '2.5d_rdl', 'loc': '2.5d_chiplet'},{'from': 'Chiplet_3', 'to': 'Chiplet_6', 'connection_type': '2.5d_rdl', 'loc': '2.5d_chiplet'},{'from': 'Chiplet_3', 'to': 'Chiplet_1', 'connection_type': '2.5d_rdl', 'loc': '2.5d_chiplet'}",1,1,1,1,3,1,ddr4,ucie_std,ucie_3d,0,0,is,0,0,0
164,25.420336836639017,2837659.45,76712.3689360104,438318473.9506193,10345.442542787287,14306.405508524194,164,1.86237254,4.475,2048,128x128,7,4.1253109519999995,10.4826,4096,192x192,7,1.8849981800824636,3.1172648505374996,2048,96x96,10,0.552198,1.11875,768,64x64,7,5.656782838920179,6.821646341899999,2048,128x128,14,5.656782838920179,6.821646341899999,2048,128x128,14,2.5d,"{'from': 'Chiplet_5', 'to': 'Chiplet_2', 'connection_type': '2.5d_rdl', 'loc': '2.5d_chiplet'},{'from': 'Chiplet_5', 'to': 'Chiplet_6', 'connection_type': '2.5d_rdl', 'loc': '2.5d_chiplet'},{'from': 'Chiplet_2', 'to': 'Chiplet_3', 'connection_type': '2.5d_rdl', 'loc': '2.5d_chiplet'},{'from': 'Chiplet_2', 'to': 'Chiplet_5', 'connection_type': '2.5d_rdl', 'loc': '2.5d_chiplet'},{'from': 'Chiplet_6', 'to': 'Chiplet_5', 'connection_type': '2.5d_rdl', 'loc': '2.5d_chiplet'},{'from': 'Chiplet_6', 'to': 'Chiplet_1', 'connection_type': '2.5d_rdl', 'loc': '2.5d_chiplet'},{'from': 'Chiplet_6', 'to': 'Chiplet_3', 'connection_type': '2.5d_rdl', 'loc': '2.5d_chiplet'},{'from': 'Chiplet_3', 'to': 'Chiplet_2', 'connection_type': '2.5d_rdl', 'loc': '2.5d_chiplet'},{'from': 'Chiplet_3', 'to': 'Chiplet_6', 'connection_type': '2.5d_rdl', 'loc': '2.5d_chiplet'},{'from': 'Chiplet_3', 'to': 'Chiplet_4', 'connection_type': '2.5d_rdl', 'loc': '2.5d_chiplet'},{'from': 'Chiplet_3', 'to': 'Chiplet_1', 'connection_type': '2.5d_rdl', 'loc': '2.5d_chiplet'},{'from': 'Chiplet_1', 'to': 'Chiplet_3', 'connection_type': '2.5d_rdl', 'loc': '2.5d_chiplet'},{'from': 'Chiplet_1', 'to': 'Chiplet_6', 'connection_type': '2.5d_rdl', 'loc': '2.5d_chiplet'},{'from': 'Chiplet_1', 'to': 'Chiplet_4', 'connection_type': '2.5d_rdl', 'loc': '2.5d_chiplet'},{'from': 'Chiplet_4', 'to': 'Chiplet_3', 'connection_type': '2.5d_rdl', 'loc': '2.5d_chiplet'},{'from': 'Chiplet_4', 'to': 'Chiplet_1', 'connection_type': '2.5d_rdl', 'loc': '2.5d_chiplet'}",1,1,1,1,2,2,ddr5,ucie_std,na,1,0,is,0,0,0
165,9.893039458783193,1588322.16,145171.29038154823,184464254.57651937,10991.666666666666,6165.104390949775,165,1.304342696,2.51875,2048,96x96,7,0.784712696,2.51875,512,96x96,7,2.55521354,4.475,4096,128x128,7,1.249405813087535,1.7054115854749998,256,64x64,14,0.656621759447044,1.3845915837374998,256,64x64,10,0.638803,1.11875,1024,64x64,7,2.5d,"{'from': 'Chiplet_3', 'to': 'Chiplet_5', 'connection_type': '2.5d_emib', 'loc': '2.5d_chiplet'},{'from': 'Chiplet_3', 'to': 'Chiplet_4', 'connection_type': '2.5d_emib', 'loc': '2.5d_chiplet'},{'from': 'Chiplet_3', 'to': 'Chiplet_1', 'connection_type': '2.5d_emib', 'loc': '2.5d_chiplet'},{'from': 'Chiplet_3', 'to': 'Chiplet_6', 'connection_type': '2.5d_emib', 'loc': '2.5d_chiplet'},{'from': 'Chiplet_5', 'to': 'Chiplet_3', 'connection_type': '2.5d_emib', 'loc': '2.5d_chiplet'},{'from': 'Chiplet_5', 'to': 'Chiplet_6', 'connection_type': '2.5d_emib', 'loc': '2.5d_chiplet'},{'from': 'Chiplet_6', 'to': 'Chiplet_5', 'connection_type': '2.5d_emib', 'loc': '2.5d_chiplet'},{'from': 'Chiplet_6', 'to': 'Chiplet_3', 'connection_type': '2.5d_emib', 'loc': '2.5d_chiplet'},{'from': 'Chiplet_1', 'to': 'Chiplet_2', 'connection_type': '2.5d_emib', 'loc': '2.5d_chiplet'},{'from': 'Chiplet_1', 'to': 'Chiplet_3', 'connection_type': '2.5d_emib', 'loc': '2.5d_chiplet'},{'from': 'Chiplet_1', 'to': 'Chiplet_4', 'connection_type': '2.5d_emib', 'loc': '2.5d_chiplet'},{'from': 'Chiplet_4', 'to': 'Chiplet_2', 'connection_type': '2.5d_emib', 'loc': '2.5d_chiplet'},{'from': 'Chiplet_4', 'to': 'Chiplet_3', 'connection_type': '2.5d_emib', 'loc': '2.5d_chiplet'},{'from': 'Chiplet_4', 'to': 'Chiplet_1', 'connection_type': '2.5d_emib', 'loc': '2.5d_chiplet'},{'from': 'Chiplet_2', 'to': 'Chiplet_4', 'connection_type': '2.5d_emib', 'loc': '2.5d_chiplet'},{'from': 'Chiplet_2', 'to': 'Chiplet_1', 'connection_type': '2.5d_emib', 'loc': '2.5d_chiplet'}",3,2,6,3,1,1,hbm2,aib,na,0,0,os,0,0,0
166,42.6592183574702,4847534.12,166996.29985752708,414365574.4027358,21243.690132876152,24718.30154343865,166,3.665749090547913,5.538366334949999,4096,128x128,10,1.5385781800824634,3.1172648505374996,1024,96x96,10,7.419580457366196,12.973514847541198,6144,192x192,10,12.799492673176792,15.979573171754398,4096,192x192,14,1.86237254,4.475,2048,128x128,7,1.743774000637535,1.7054115854749998,1024,64x64,14,2.5d_3d,"{'from': 'Chiplet_4', 'to': 'Chiplet_2', 'connection_type': '3d_hyb_bond', 'loc': 'stack0_base'},{'from': 'Chiplet_2', 'to': 'na', 'connection_type': '3d_hyb_bond', 'loc': 'stack0_top'},{'from': 'Chiplet_4', 'to': 'Chiplet_3', 'connection_type': '2.5d_emib', 'loc': '2.5d_chiplet'},{'from': 'Chiplet_4', 'to': 'Chiplet_6', 'connection_type': '2.5d_emib', 'loc': '2.5d_chiplet'},{'from': 'Chiplet_4', 'to': 'Chiplet_1', 'connection_type': '2.5d_emib', 'loc': '2.5d_chiplet'},{'from': 'Chiplet_6', 'to': 'Chiplet_4', 'connection_type': '2.5d_emib', 'loc': '2.5d_chiplet'},{'from': 'Chiplet_6', 'to': 'Chiplet_1', 'connection_type': '2.5d_emib', 'loc': '2.5d_chiplet'},{'from': 'Chiplet_3', 'to': 'Chiplet_5', 'connection_type': '2.5d_emib', 'loc': '2.5d_chiplet'},{'from': 'Chiplet_3', 'to': 'Chiplet_4', 'connection_type': '2.5d_emib', 'loc': '2.5d_chiplet'},{'from': 'Chiplet_3', 'to': 'Chiplet_1', 'connection_type': '2.5d_emib', 'loc': '2.5d_chiplet'},{'from': 'Chiplet_1', 'to': 'Chiplet_6', 'connection_type': '2.5d_emib', 'loc': '2.5d_chiplet'},{'from': 'Chiplet_1', 'to': 'Chiplet_4', 'connection_type': '2.5d_emib', 'loc': '2.5d_chiplet'},{'from': 'Chiplet_1', 'to': 'Chiplet_5', 'connection_type': '2.5d_emib', 'loc': '2.5d_chiplet'},{'from': 'Chiplet_1', 'to': 'Chiplet_3', 'connection_type': '2.5d_emib', 'loc': '2.5d_chiplet'},{'from': 'Chiplet_5', 'to': 'Chiplet_3', 'connection_type': '2.5d_emib', 'loc': '2.5d_chiplet'},{'from': 'Chiplet_5', 'to': 'Chiplet_1', 'connection_type': '2.5d_emib', 'loc': '2.5d_chiplet'}",1,1,1,3,1,1,ddr4,aib,ucie_3d,1,0,os,1,0,0
167,32.183500371736734,3605024.43,186402.6427378167,476400934.8162997,11047.049714751425,16631.907798255215,167,3.3193280905479132,5.538366334949999,3072,128x128,10,0.378988,1.11875,256,64x64,7,1.131132696,2.51875,1536,96x96,7,3.432469952,10.4826,2048,192x192,7,15.436124909546791,15.979573171754398,8192,192x192,14,1.8849981800824636,3.1172648505374996,2048,96x96,10,2.5d,"{'from': 'Chiplet_5', 'to': 'Chiplet_4', 'connection_type': '2.5d_emib', 'loc': '2.5d_chiplet'},{'from': 'Chiplet_5', 'to': 'Chiplet_1', 'connection_type': '2.5d_emib', 'loc': '2.5d_chiplet'},{'from': 'Chiplet_4', 'to': 'Chiplet_2', 'connection_type': '2.5d_emib', 'loc': '2.5d_chiplet'},{'from': 'Chiplet_4', 'to': 'Chiplet_5', 'connection_type': '2.5d_emib', 'loc': '2.5d_chiplet'},{'from': 'Chiplet_4', 'to': 'Chiplet_1', 'connection_type': '2.5d_emib', 'loc': '2.5d_chiplet'},{'from': 'Chiplet_4', 'to': 'Chiplet_3', 'connection_type': '2.5d_emib', 'loc': '2.5d_chiplet'},{'from': 'Chiplet_3', 'to': 'Chiplet_2', 'connection_type': '2.5d_emib', 'loc': '2.5d_chiplet'},{'from': 'Chiplet_3', 'to': 'Chiplet_4', 'connection_type': '2.5d_emib', 'loc': '2.5d_chiplet'},{'from': 'Chiplet_2', 'to': 'Chiplet_3', 'connection_type': '2.5d_emib', 'loc': '2.5d_chiplet'},{'from': 'Chiplet_2', 'to': 'Chiplet_4', 'connection_type': '2.5d_emib', 'loc': '2.5d_chiplet'},{'from': 'Chiplet_2', 'to': 'Chiplet_6', 'connection_type': '2.5d_emib', 'loc': '2.5d_chiplet'},{'from': 'Chiplet_1', 'to': 'Chiplet_5', 'connection_type': '2.5d_emib', 'loc': '2.5d_chiplet'},{'from': 'Chiplet_1', 'to': 'Chiplet_6', 'connection_type': '2.5d_emib', 'loc': '2.5d_chiplet'},{'from': 'Chiplet_1', 'to': 'Chiplet_4', 'connection_type': '2.5d_emib', 'loc': '2.5d_chiplet'},{'from': 'Chiplet_6', 'to': 'Chiplet_2', 'connection_type': '2.5d_emib', 'loc': '2.5d_chiplet'},{'from': 'Chiplet_6', 'to': 'Chiplet_1', 'connection_type': '2.5d_emib', 'loc': '2.5d_chiplet'}",1,1,1,1,3,1,ddr5,ucie_adv,na,0,0,os,0,0,0
168,48.978136879451604,5283218.74,195134.750383017,176958917.67042184,29204.56818863088,29136.834026037523,168,2.6264880905479133,5.538366334949999,1024,128x128,10,0.656621759447044,1.3845915837374998,256,64x64,10,11.481175603606792,15.979573171754398,2048,192x192,14,12.799492673176792,15.979573171754398,4096,192x192,14,0.957922696,2.51875,1024,96x96,7,6.975099908490179,6.821646341899999,4096,128x128,14,2.5d,"{'from': 'Chiplet_4', 'to': 'Chiplet_3', 'connection_type': '2.5d_emib', 'loc': '2.5d_chiplet'},{'from': 'Chiplet_4', 'to': 'Chiplet_6', 'connection_type': '2.5d_emib', 'loc': '2.5d_chiplet'},{'from': 'Chiplet_4', 'to': 'Chiplet_5', 'connection_type': '2.5d_emib', 'loc': '2.5d_chiplet'},{'from': 'Chiplet_4', 'to': 'Chiplet_1', 'connection_type': '2.5d_emib', 'loc': '2.5d_chiplet'},{'from': 'Chiplet_1', 'to': 'Chiplet_2', 'connection_type': '2.5d_emib', 'loc': '2.5d_chiplet'},{'from': 'Chiplet_1', 'to': 'Chiplet_5', 'connection_type': '2.5d_emib', 'loc': '2.5d_chiplet'},{'from': 'Chiplet_1', 'to': 'Chiplet_4', 'connection_type': '2.5d_emib', 'loc': '2.5d_chiplet'},{'from': 'Chiplet_5', 'to': 'Chiplet_2', 'connection_type': '2.5d_emib', 'loc': '2.5d_chiplet'},{'from': 'Chiplet_5', 'to': 'Chiplet_4', 'connection_type': '2.5d_emib', 'loc': '2.5d_chiplet'},{'from': 'Chiplet_5', 'to': 'Chiplet_1', 'connection_type': '2.5d_emib', 'loc': '2.5d_chiplet'},{'from': 'Chiplet_2', 'to': 'Chiplet_5', 'connection_type': '2.5d_emib', 'loc': '2.5d_chiplet'},{'from': 'Chiplet_2', 'to': 'Chiplet_1', 'connection_type': '2.5d_emib', 'loc': '2.5d_chiplet'},{'from': 'Chiplet_3', 'to': 'Chiplet_6', 'connection_type': '2.5d_emib', 'loc': '2.5d_chiplet'},{'from': 'Chiplet_3', 'to': 'Chiplet_4', 'connection_type': '2.5d_emib', 'loc': '2.5d_chiplet'},{'from': 'Chiplet_6', 'to': 'Chiplet_3', 'connection_type': '2.5d_emib', 'loc': '2.5d_chiplet'},{'from': 'Chiplet_6', 'to': 'Chiplet_4', 'connection_type': '2.5d_emib', 'loc': '2.5d_chiplet'}",1,1,5,5,1,3,hbm2,aib,na,0,0,ws,1,0,0
169,28.044516273621014,3188107.81,165467.6624189801,195478948.30522406,15254.444444444443,11484.315075119288,169,2.55521354,4.475,4096,128x128,7,1.51595254,4.475,1024,128x128,7,3.2571509657793953,3.8395579270749995,1536,96x96,14,1.249405813087535,1.7054115854749998,256,64x64,14,5.656782838920179,6.821646341899999,2048,128x128,14,4.9976252555201786,6.821646341899999,1024,128x128,14,2.5d,"{'from': 'Chiplet_5', 'to': 'Chiplet_2', 'connection_type': '2.5d_emib', 'loc': '2.5d_chiplet'},{'from': 'Chiplet_5', 'to': 'Chiplet_3', 'connection_type': '2.5d_emib', 'loc': '2.5d_chiplet'},{'from': 'Chiplet_5', 'to': 'Chiplet_6', 'connection_type': '2.5d_emib', 'loc': '2.5d_chiplet'},{'from': 'Chiplet_5', 'to': 'Chiplet_1', 'connection_type': '2.5d_emib', 'loc': '2.5d_chiplet'},{'from': 'Chiplet_1', 'to': 'Chiplet_2', 'connection_type': '2.5d_emib', 'loc': '2.5d_chiplet'},{'from': 'Chiplet_1', 'to': 'Chiplet_5', 'connection_type': '2.5d_emib', 'loc': '2.5d_chiplet'},{'from': 'Chiplet_2', 'to': 'Chiplet_5', 'connection_type': '2.5d_emib', 'loc': '2.5d_chiplet'},{'from': 'Chiplet_2', 'to': 'Chiplet_1', 'connection_type': '2.5d_emib', 'loc': '2.5d_chiplet'},{'from': 'Chiplet_6', 'to': 'Chiplet_5', 'connection_type': '2.5d_emib', 'loc': '2.5d_chiplet'},{'from': 'Chiplet_6', 'to': 'Chiplet_4', 'connection_type': '2.5d_emib', 'loc': '2.5d_chiplet'},{'from': 'Chiplet_6', 'to': 'Chiplet_3', 'connection_type': '2.5d_emib', 'loc': '2.5d_chiplet'},{'from': 'Chiplet_3', 'to': 'Chiplet_5', 'connection_type': '2.5d_emib', 'loc': '2.5d_chiplet'},{'from': 'Chiplet_3', 'to': 'Chiplet_4', 'connection_type': '2.5d_emib', 'loc': '2.5d_chiplet'},{'from': 'Chiplet_3', 'to': 'Chiplet_6', 'connection_type': '2.5d_emib', 'loc': '2.5d_chiplet'},{'from': 'Chiplet_4', 'to': 'Chiplet_3', 'connection_type': '2.5d_emib', 'loc': '2.5d_chiplet'},{'from': 'Chiplet_4', 'to': 'Chiplet_6', 'connection_type': '2.5d_emib', 'loc': '2.5d_chiplet'}",2,1,3,1,5,4,hbm2,ucie_adv,na,0,0,is,0,0,0
170,52.62384696286889,4998335.28,119316.88541878582,458128269.0197379,35481.26300845406,38929.2410011567,170,1.7117881800824635,3.1172648505374996,1536,96x96,10,15.436124909546791,15.979573171754398,8192,192x192,14,0.784712696,2.51875,512,96x96,7,1.4141952089375351,1.7054115854749998,512,64x64,14,5.5109919519999995,10.4826,8192,192x192,7,8.112421457366196,12.973514847541198,8192,192x192,10,2.5d,"{'from': 'Chiplet_2', 'to': 'Chiplet_5', 'connection_type': '2.5d_rdl', 'loc': '2.5d_chiplet'},{'from': 'Chiplet_2', 'to': 'Chiplet_6', 'connection_type': '2.5d_rdl', 'loc': '2.5d_chiplet'},{'from': 'Chiplet_2', 'to': 'Chiplet_3', 'connection_type': '2.5d_rdl', 'loc': '2.5d_chiplet'},{'from': 'Chiplet_3', 'to': 'Chiplet_2', 'connection_type': '2.5d_rdl', 'loc': '2.5d_chiplet'},{'from': 'Chiplet_3', 'to': 'Chiplet_5', 'connection_type': '2.5d_rdl', 'loc': '2.5d_chiplet'},{'from': 'Chiplet_6', 'to': 'Chiplet_2', 'connection_type': '2.5d_rdl', 'loc': '2.5d_chiplet'},{'from': 'Chiplet_6', 'to': 'Chiplet_5', 'connection_type': '2.5d_rdl', 'loc': '2.5d_chiplet'},{'from': 'Chiplet_6', 'to': 'Chiplet_1', 'connection_type': '2.5d_rdl', 'loc': '2.5d_chiplet'},{'from': 'Chiplet_5', 'to': 'Chiplet_4', 'connection_type': '2.5d_rdl', 'loc': '2.5d_chiplet'},{'from': 'Chiplet_5', 'to': 'Chiplet_2', 'connection_type': '2.5d_rdl', 'loc': '2.5d_chiplet'},{'from': 'Chiplet_5', 'to': 'Chiplet_6', 'connection_type': '2.5d_rdl', 'loc': '2.5d_chiplet'},{'from': 'Chiplet_5', 'to': 'Chiplet_3', 'connection_type': '2.5d_rdl', 'loc': '2.5d_chiplet'},{'from': 'Chiplet_5', 'to': 'Chiplet_1', 'connection_type': '2.5d_rdl', 'loc': '2.5d_chiplet'},{'from': 'Chiplet_1', 'to': 'Chiplet_5', 'connection_type': '2.5d_rdl', 'loc': '2.5d_chiplet'},{'from': 'Chiplet_1', 'to': 'Chiplet_6', 'connection_type': '2.5d_rdl', 'loc': '2.5d_chiplet'},{'from': 'Chiplet_1', 'to': 'Chiplet_4', 'connection_type': '2.5d_rdl', 'loc': '2.5d_chiplet'},{'from': 'Chiplet_4', 'to': 'Chiplet_5', 'connection_type': '2.5d_rdl', 'loc': '2.5d_chiplet'},{'from': 'Chiplet_4', 'to': 'Chiplet_1', 'connection_type': '2.5d_rdl', 'loc': '2.5d_chiplet'}",1,3,1,1,1,1,ddr4,ucie_std,na,1,0,is,1,0,0
171,53.59768819560021,4643834.75,107129.95347825297,443734840.8751259,71863.2845475065,66087.33610722079,171,4.9976252555201786,6.821646341899999,1024,128x128,14,3.665749090547913,5.538366334949999,4096,128x128,10,4.818150952,10.4826,6144,192x192,7,0.784712696,2.51875,512,96x96,7,1.304342696,2.51875,2048,96x96,7,14.117807839976791,15.979573171754398,6144,192x192,14,2.5d,"{'from': 'Chiplet_6', 'to': 'Chiplet_4', 'connection_type': '2.5d_rdl', 'loc': '2.5d_chiplet'},{'from': 'Chiplet_6', 'to': 'Chiplet_1', 'connection_type': '2.5d_rdl', 'loc': '2.5d_chiplet'},{'from': 'Chiplet_4', 'to': 'Chiplet_3', 'connection_type': '2.5d_rdl', 'loc': '2.5d_chiplet'},{'from': 'Chiplet_4', 'to': 'Chiplet_6', 'connection_type': '2.5d_rdl', 'loc': '2.5d_chiplet'},{'from': 'Chiplet_4', 'to': 'Chiplet_1', 'connection_type': '2.5d_rdl', 'loc': '2.5d_chiplet'},{'from': 'Chiplet_1', 'to': 'Chiplet_4', 'connection_type': '2.5d_rdl', 'loc': '2.5d_chiplet'},{'from': 'Chiplet_1', 'to': 'Chiplet_6', 'connection_type': '2.5d_rdl', 'loc': '2.5d_chiplet'},{'from': 'Chiplet_1', 'to': 'Chiplet_5', 'connection_type': '2.5d_rdl', 'loc': '2.5d_chiplet'},{'from': 'Chiplet_1', 'to': 'Chiplet_3', 'connection_type': '2.5d_rdl', 'loc': '2.5d_chiplet'},{'from': 'Chiplet_5', 'to': 'Chiplet_2', 'connection_type': '2.5d_rdl', 'loc': '2.5d_chiplet'},{'from': 'Chiplet_5', 'to': 'Chiplet_1', 'connection_type': '2.5d_rdl', 'loc': '2.5d_chiplet'},{'from': 'Chiplet_3', 'to': 'Chiplet_2', 'connection_type': '2.5d_rdl', 'loc': '2.5d_chiplet'},{'from': 'Chiplet_3', 'to': 'Chiplet_4', 'connection_type': '2.5d_rdl', 'loc': '2.5d_chiplet'},{'from': 'Chiplet_3', 'to': 'Chiplet_1', 'connection_type': '2.5d_rdl', 'loc': '2.5d_chiplet'},{'from': 'Chiplet_2', 'to': 'Chiplet_3', 'connection_type': '2.5d_rdl', 'loc': '2.5d_chiplet'},{'from': 'Chiplet_2', 'to': 'Chiplet_5', 'connection_type': '2.5d_rdl', 'loc': '2.5d_chiplet'}",1,1,1,1,1,3,ddr4,ucie_std,na,0,0,ws,1,0,0
172,59.54217269759155,7346497.47,192449.92385569087,215762361.75203592,18554.342044700676,21337.171116904752,172,3.5867297574793953,3.8395579270749995,2048,96x96,14,6.975099908490179,6.821646341899999,4096,128x128,14,15.436124909546791,15.979573171754398,8192,192x192,14,2.55521354,4.475,4096,128x128,7,3.2571509657793953,3.8395579270749995,1536,96x96,14,12.799492673176792,15.979573171754398,4096,192x192,14,2.5d_3d,"{'from': 'Chiplet_1', 'to': 'Chiplet_5', 'connection_type': '3d_u_bump', 'loc': 'stack0_base'},{'from': 'Chiplet_5', 'to': 'na', 'connection_type': '3d_u_bump', 'loc': 'stack0_top'},{'from': 'Chiplet_3', 'to': 'Chiplet_2', 'connection_type': '2.5d_emib', 'loc': '2.5d_chiplet'},{'from': 'Chiplet_3', 'to': 'Chiplet_4', 'connection_type': '2.5d_emib', 'loc': '2.5d_chiplet'},{'from': 'Chiplet_3', 'to': 'Chiplet_6', 'connection_type': '2.5d_emib', 'loc': '2.5d_chiplet'},{'from': 'Chiplet_3', 'to': 'Chiplet_1', 'connection_type': '2.5d_emib', 'loc': '2.5d_chiplet'},{'from': 'Chiplet_1', 'to': 'Chiplet_3', 'connection_type': '2.5d_emib', 'loc': '2.5d_chiplet'},{'from': 'Chiplet_1', 'to': 'Chiplet_4', 'connection_type': '2.5d_emib', 'loc': '2.5d_chiplet'},{'from': 'Chiplet_4', 'to': 'Chiplet_3', 'connection_type': '2.5d_emib', 'loc': '2.5d_chiplet'},{'from': 'Chiplet_4', 'to': 'Chiplet_1', 'connection_type': '2.5d_emib', 'loc': '2.5d_chiplet'},{'from': 'Chiplet_6', 'to': 'Chiplet_2', 'connection_type': '2.5d_emib', 'loc': '2.5d_chiplet'},{'from': 'Chiplet_6', 'to': 'Chiplet_3', 'connection_type': '2.5d_emib', 'loc': '2.5d_chiplet'},{'from': 'Chiplet_2', 'to': 'Chiplet_3', 'connection_type': '2.5d_emib', 'loc': '2.5d_chiplet'},{'from': 'Chiplet_2', 'to': 'Chiplet_6', 'connection_type': '2.5d_emib', 'loc': '2.5d_chiplet'}",1,3,5,1,1,5,hbm2,ucie_adv,ucie_3d,0,0,ws,1,0,0
173,44.14358744664404,5458291.61,201121.06166622663,155269128.76728228,16451.122870900424,18157.385544577108,173,12.799492673176792,15.979573171754398,4096,192x192,14,4.1253109519999995,10.4826,4096,192x192,7,7.419580457366196,12.973514847541198,6144,192x192,10,3.3193280905479132,5.538366334949999,3072,128x128,10,1.3653681800824635,3.1172648505374996,512,96x96,10,1.131132696,2.51875,1536,96x96,7,2.5d,"{'from': 'Chiplet_1', 'to': 'Chiplet_2', 'connection_type': '2.5d_emib', 'loc': '2.5d_chiplet'},{'from': 'Chiplet_1', 'to': 'Chiplet_3', 'connection_type': '2.5d_emib', 'loc': '2.5d_chiplet'},{'from': 'Chiplet_1', 'to': 'Chiplet_6', 'connection_type': '2.5d_emib', 'loc': '2.5d_chiplet'},{'from': 'Chiplet_1', 'to': 'Chiplet_5', 'connection_type': '2.5d_emib', 'loc': '2.5d_chiplet'},{'from': 'Chiplet_5', 'to': 'Chiplet_6', 'connection_type': '2.5d_emib', 'loc': '2.5d_chiplet'},{'from': 'Chiplet_5', 'to': 'Chiplet_1', 'connection_type': '2.5d_emib', 'loc': '2.5d_chiplet'},{'from': 'Chiplet_6', 'to': 'Chiplet_5', 'connection_type': '2.5d_emib', 'loc': '2.5d_chiplet'},{'from': 'Chiplet_6', 'to': 'Chiplet_1', 'connection_type': '2.5d_emib', 'loc': '2.5d_chiplet'},{'from': 'Chiplet_3', 'to': 'Chiplet_2', 'connection_type': '2.5d_emib', 'loc': '2.5d_chiplet'},{'from': 'Chiplet_3', 'to': 'Chiplet_4', 'connection_type': '2.5d_emib', 'loc': '2.5d_chiplet'},{'from': 'Chiplet_3', 'to': 'Chiplet_1', 'connection_type': '2.5d_emib', 'loc': '2.5d_chiplet'},{'from': 'Chiplet_2', 'to': 'Chiplet_3', 'connection_type': '2.5d_emib', 'loc': '2.5d_chiplet'},{'from': 'Chiplet_2', 'to': 'Chiplet_4', 'connection_type': '2.5d_emib', 'loc': '2.5d_chiplet'},{'from': 'Chiplet_2', 'to': 'Chiplet_1', 'connection_type': '2.5d_emib', 'loc': '2.5d_chiplet'},{'from': 'Chiplet_4', 'to': 'Chiplet_2', 'connection_type': '2.5d_emib', 'loc': '2.5d_chiplet'},{'from': 'Chiplet_4', 'to': 'Chiplet_3', 'connection_type': '2.5d_emib', 'loc': '2.5d_chiplet'}",7,2,4,1,1,1,hbm3,bow,na,0,0,os,1,0,0
174,43.49786849417193,5002581.33,194908.9210786204,147819930.4414393,35605.8014180059,33787.7711629441,174,1.249405813087535,1.7054115854749998,256,64x64,14,11.481175603606792,15.979573171754398,2048,192x192,14,1.131132696,2.51875,1536,96x96,7,1.51595254,4.475,1024,128x128,7,12.799492673176792,15.979573171754398,4096,192x192,14,6.315940422320179,6.821646341899999,3072,128x128,14,2.5d,"{'from': 'Chiplet_5', 'to': 'Chiplet_2', 'connection_type': '2.5d_emib', 'loc': '2.5d_chiplet'},{'from': 'Chiplet_5', 'to': 'Chiplet_4', 'connection_type': '2.5d_emib', 'loc': '2.5d_chiplet'},{'from': 'Chiplet_5', 'to': 'Chiplet_6', 'connection_type': '2.5d_emib', 'loc': '2.5d_chiplet'},{'from': 'Chiplet_5', 'to': 'Chiplet_1', 'connection_type': '2.5d_emib', 'loc': '2.5d_chiplet'},{'from': 'Chiplet_4', 'to': 'Chiplet_3', 'connection_type': '2.5d_emib', 'loc': '2.5d_chiplet'},{'from': 'Chiplet_4', 'to': 'Chiplet_5', 'connection_type': '2.5d_emib', 'loc': '2.5d_chiplet'},{'from': 'Chiplet_4', 'to': 'Chiplet_1', 'connection_type': '2.5d_emib', 'loc': '2.5d_chiplet'},{'from': 'Chiplet_1', 'to': 'Chiplet_5', 'connection_type': '2.5d_emib', 'loc': '2.5d_chiplet'},{'from': 'Chiplet_1', 'to': 'Chiplet_4', 'connection_type': '2.5d_emib', 'loc': '2.5d_chiplet'},{'from': 'Chiplet_1', 'to': 'Chiplet_3', 'connection_type': '2.5d_emib', 'loc': '2.5d_chiplet'},{'from': 'Chiplet_3', 'to': 'Chiplet_4', 'connection_type': '2.5d_emib', 'loc': '2.5d_chiplet'},{'from': 'Chiplet_3', 'to': 'Chiplet_1', 'connection_type': '2.5d_emib', 'loc': '2.5d_chiplet'},{'from': 'Chiplet_2', 'to': 'Chiplet_5', 'connection_type': '2.5d_emib', 'loc': '2.5d_chiplet'},{'from': 'Chiplet_2', 'to': 'Chiplet_6', 'connection_type': '2.5d_emib', 'loc': '2.5d_chiplet'},{'from': 'Chiplet_6', 'to': 'Chiplet_2', 'connection_type': '2.5d_emib', 'loc': '2.5d_chiplet'},{'from': 'Chiplet_6', 'to': 'Chiplet_5', 'connection_type': '2.5d_emib', 'loc': '2.5d_chiplet'}",1,5,1,1,6,2,hbm3,ucie_adv,na,1,0,os,1,0,0
175,28.552420966390205,3416185.24,80064.66188515458,664091911.9314473,29776.56862745098,27986.20788299069,175,15.436124909546791,15.979573171754398,8192,192x192,14,2.55521354,4.475,4096,128x128,7,0.46559300000000003,1.11875,512,64x64,7,0.916436759447044,1.3845915837374998,1024,64x64,10,1.51595254,4.475,1024,128x128,7,0.829831759447044,1.3845915837374998,768,64x64,10,2.5d_3d,"{'from': 'Chiplet_1', 'to': 'Chiplet_6', 'connection_type': '3d_hyb_bond', 'loc': 'stack0_base'},{'from': 'Chiplet_6', 'to': 'Chiplet_3', 'connection_type': '3d_hyb_bond', 'loc': 'stack0_middle1'},{'from': 'Chiplet_3', 'to': 'na', 'connection_type': '3d_hyb_bond', 'loc': 'stack0_top'},{'from': 'Chiplet_1', 'to': 'Chiplet_2', 'connection_type': '2.5d_rdl', 'loc': '2.5d_chiplet'},{'from': 'Chiplet_1', 'to': 'Chiplet_5', 'connection_type': '2.5d_rdl', 'loc': '2.5d_chiplet'},{'from': 'Chiplet_2', 'to': 'Chiplet_5', 'connection_type': '2.5d_rdl', 'loc': '2.5d_chiplet'},{'from': 'Chiplet_2', 'to': 'Chiplet_4', 'connection_type': '2.5d_rdl', 'loc': '2.5d_chiplet'},{'from': 'Chiplet_2', 'to': 'Chiplet_1', 'connection_type': '2.5d_rdl', 'loc': '2.5d_chiplet'},{'from': 'Chiplet_5', 'to': 'Chiplet_2', 'connection_type': '2.5d_rdl', 'loc': '2.5d_chiplet'},{'from': 'Chiplet_5', 'to': 'Chiplet_4', 'connection_type': '2.5d_rdl', 'loc': '2.5d_chiplet'},{'from': 'Chiplet_5', 'to': 'Chiplet_1', 'connection_type': '2.5d_rdl', 'loc': '2.5d_chiplet'},{'from': 'Chiplet_4', 'to': 'Chiplet_2', 'connection_type': '2.5d_rdl', 'loc': '2.5d_chiplet'},{'from': 'Chiplet_4', 'to': 'Chiplet_5', 'connection_type': '2.5d_rdl', 'loc': '2.5d_chiplet'}",3,1,1,1,1,1,ddr4,ucie_std,ucie_3d,0,0,is,0,0,0
176,23.45588754884738,2319457.98,158536.0042377104,347390496.9305223,115992.2586514977,55798.01916023693,176,2.20879254,4.475,3072,128x128,7,0.378988,1.11875,256,64x64,7,2.972908090547913,5.538366334949999,2048,128x128,10,0.656621759447044,1.3845915837374998,256,64x64,10,2.927572174079395,3.8395579270749995,1024,96x96,14,6.975099908490179,6.821646341899999,4096,128x128,14,2.5d,"{'from': 'Chiplet_6', 'to': 'Chiplet_2', 'connection_type': '2.5d_emib', 'loc': '2.5d_chiplet'},{'from': 'Chiplet_6', 'to': 'Chiplet_3', 'connection_type': '2.5d_emib', 'loc': '2.5d_chiplet'},{'from': 'Chiplet_6', 'to': 'Chiplet_4', 'connection_type': '2.5d_emib', 'loc': '2.5d_chiplet'},{'from': 'Chiplet_6', 'to': 'Chiplet_5', 'connection_type': '2.5d_emib', 'loc': '2.5d_chiplet'},{'from': 'Chiplet_4', 'to': 'Chiplet_2', 'connection_type': '2.5d_emib', 'loc': '2.5d_chiplet'},{'from': 'Chiplet_4', 'to': 'Chiplet_6', 'connection_type': '2.5d_emib', 'loc': '2.5d_chiplet'},{'from': 'Chiplet_2', 'to': 'Chiplet_6', 'connection_type': '2.5d_emib', 'loc': '2.5d_chiplet'},{'from': 'Chiplet_2', 'to': 'Chiplet_4', 'connection_type': '2.5d_emib', 'loc': '2.5d_chiplet'},{'from': 'Chiplet_3', 'to': 'Chiplet_5', 'connection_type': '2.5d_emib', 'loc': '2.5d_chiplet'},{'from': 'Chiplet_3', 'to': 'Chiplet_6', 'connection_type': '2.5d_emib', 'loc': '2.5d_chiplet'},{'from': 'Chiplet_3', 'to': 'Chiplet_1', 'connection_type': '2.5d_emib', 'loc': '2.5d_chiplet'},{'from': 'Chiplet_5', 'to': 'Chiplet_3', 'connection_type': '2.5d_emib', 'loc': '2.5d_chiplet'},{'from': 'Chiplet_5', 'to': 'Chiplet_6', 'connection_type': '2.5d_emib', 'loc': '2.5d_chiplet'},{'from': 'Chiplet_5', 'to': 'Chiplet_1', 'connection_type': '2.5d_emib', 'loc': '2.5d_chiplet'},{'from': 'Chiplet_1', 'to': 'Chiplet_5', 'connection_type': '2.5d_emib', 'loc': '2.5d_chiplet'},{'from': 'Chiplet_1', 'to': 'Chiplet_3', 'connection_type': '2.5d_emib', 'loc': '2.5d_chiplet'}",1,1,1,1,1,3,ddr5,aib,na,1,0,is,1,0,0
177,21.210638726128636,3041077.23,166938.5669414824,152407024.0745,21900.39152606571,15649.243938151827,177,1.4141952089375351,1.7054115854749998,512,64x64,14,1.5385781800824634,3.1172648505374996,1024,96x96,10,6.033899457366197,12.973514847541198,2048,192x192,10,1.304342696,2.51875,2048,96x96,7,0.378988,1.11875,256,64x64,7,4.1253109519999995,10.4826,4096,192x192,7,2.5d,"{'from': 'Chiplet_3', 'to': 'Chiplet_2', 'connection_type': '2.5d_emib', 'loc': '2.5d_chiplet'},{'from': 'Chiplet_3', 'to': 'Chiplet_4', 'connection_type': '2.5d_emib', 'loc': '2.5d_chiplet'},{'from': 'Chiplet_3', 'to': 'Chiplet_6', 'connection_type': '2.5d_emib', 'loc': '2.5d_chiplet'},{'from': 'Chiplet_4', 'to': 'Chiplet_2', 'connection_type': '2.5d_emib', 'loc': '2.5d_chiplet'},{'from': 'Chiplet_4', 'to': 'Chiplet_3', 'connection_type': '2.5d_emib', 'loc': '2.5d_chiplet'},{'from': 'Chiplet_6', 'to': 'Chiplet_2', 'connection_type': '2.5d_emib', 'loc': '2.5d_chiplet'},{'from': 'Chiplet_6', 'to': 'Chiplet_3', 'connection_type': '2.5d_emib', 'loc': '2.5d_chiplet'},{'from': 'Chiplet_6', 'to': 'Chiplet_1', 'connection_type': '2.5d_emib', 'loc': '2.5d_chiplet'},{'from': 'Chiplet_2', 'to': 'Chiplet_4', 'connection_type': '2.5d_emib', 'loc': '2.5d_chiplet'},{'from': 'Chiplet_2', 'to': 'Chiplet_5', 'connection_type': '2.5d_emib', 'loc': '2.5d_chiplet'},{'from': 'Chiplet_2', 'to': 'Chiplet_6', 'connection_type': '2.5d_emib', 'loc': '2.5d_chiplet'},{'from': 'Chiplet_2', 'to': 'Chiplet_3', 'connection_type': '2.5d_emib', 'loc': '2.5d_chiplet'},{'from': 'Chiplet_2', 'to': 'Chiplet_1', 'connection_type': '2.5d_emib', 'loc': '2.5d_chiplet'},{'from': 'Chiplet_1', 'to': 'Chiplet_2', 'connection_type': '2.5d_emib', 'loc': '2.5d_chiplet'},{'from': 'Chiplet_1', 'to': 'Chiplet_5', 'connection_type': '2.5d_emib', 'loc': '2.5d_chiplet'},{'from': 'Chiplet_1', 'to': 'Chiplet_6', 'connection_type': '2.5d_emib', 'loc': '2.5d_chiplet'},{'from': 'Chiplet_5', 'to': 'Chiplet_2', 'connection_type': '2.5d_emib', 'loc': '2.5d_chiplet'},{'from': 'Chiplet_5', 'to': 'Chiplet_1', 'connection_type': '2.5d_emib', 'loc': '2.5d_chiplet'}",2,2,6,1,1,4,hbm2,aib,na,0,0,os,1,0,0
178,48.26410283967465,5119811.46,109967.67987512119,199090794.86465728,6918.359788359789,9480.422220374403,178,0.378988,1.11875,256,64x64,7,0.656621759447044,1.3845915837374998,256,64x64,10,15.436124909546791,15.979573171754398,8192,192x192,14,6.975099908490179,6.821646341899999,4096,128x128,14,1.51595254,4.475,1024,128x128,7,11.481175603606792,15.979573171754398,2048,192x192,14,2.5d,"{'from': 'Chiplet_3', 'to': 'Chiplet_2', 'connection_type': '2.5d_rdl', 'loc': '2.5d_chiplet'},{'from': 'Chiplet_3', 'to': 'Chiplet_4', 'connection_type': '2.5d_rdl', 'loc': '2.5d_chiplet'},{'from': 'Chiplet_3', 'to': 'Chiplet_6', 'connection_type': '2.5d_rdl', 'loc': '2.5d_chiplet'},{'from': 'Chiplet_3', 'to': 'Chiplet_5', 'connection_type': '2.5d_rdl', 'loc': '2.5d_chiplet'},{'from': 'Chiplet_5', 'to': 'Chiplet_2', 'connection_type': '2.5d_rdl', 'loc': '2.5d_chiplet'},{'from': 'Chiplet_5', 'to': 'Chiplet_3', 'connection_type': '2.5d_rdl', 'loc': '2.5d_chiplet'},{'from': 'Chiplet_5', 'to': 'Chiplet_1', 'connection_type': '2.5d_rdl', 'loc': '2.5d_chiplet'},{'from': 'Chiplet_2', 'to': 'Chiplet_5', 'connection_type': '2.5d_rdl', 'loc': '2.5d_chiplet'},{'from': 'Chiplet_2', 'to': 'Chiplet_1', 'connection_type': '2.5d_rdl', 'loc': '2.5d_chiplet'},{'from': 'Chiplet_2', 'to': 'Chiplet_3', 'connection_type': '2.5d_rdl', 'loc': '2.5d_chiplet'},{'from': 'Chiplet_1', 'to': 'Chiplet_2', 'connection_type': '2.5d_rdl', 'loc': '2.5d_chiplet'},{'from': 'Chiplet_1', 'to': 'Chiplet_5', 'connection_type': '2.5d_rdl', 'loc': '2.5d_chiplet'},{'from': 'Chiplet_6', 'to': 'Chiplet_3', 'connection_type': '2.5d_rdl', 'loc': '2.5d_chiplet'},{'from': 'Chiplet_6', 'to': 'Chiplet_4', 'connection_type': '2.5d_rdl', 'loc': '2.5d_chiplet'},{'from': 'Chiplet_4', 'to': 'Chiplet_3', 'connection_type': '2.5d_rdl', 'loc': '2.5d_chiplet'},{'from': 'Chiplet_4', 'to': 'Chiplet_6', 'connection_type': '2.5d_rdl', 'loc': '2.5d_chiplet'}",1,1,6,3,1,4,hbm3,ucie_std,na,0,0,os,0,0,0
179,13.533842870315768,3657542.11,87099.1854849724,205545641.45258394,4970.720720720721,6839.787799173637,179,3.665749090547913,5.538366334949999,4096,128x128,10,4.818150952,10.4826,6144,192x192,7,2.55521354,4.475,4096,128x128,7,0.656621759447044,1.3845915837374998,256,64x64,10,0.46559300000000003,1.11875,512,64x64,7,3.432469952,10.4826,2048,192x192,7,2.5d_3d,"{'from': 'Chiplet_1', 'to': 'Chiplet_3', 'connection_type': '3d_hyb_bond', 'loc': 'stack0_base'},{'from': 'Chiplet_3', 'to': 'Chiplet_4', 'connection_type': '3d_hyb_bond', 'loc': 'stack0_middle1'},{'from': 'Chiplet_4', 'to': 'Chiplet_5', 'connection_type': '3d_hyb_bond', 'loc': 'stack0_middle2'},{'from': 'Chiplet_5', 'to': 'na', 'connection_type': '3d_hyb_bond', 'loc': 'stack0_top'},{'from': 'Chiplet_2', 'to': 'Chiplet_6', 'connection_type': '2.5d_rdl', 'loc': '2.5d_chiplet'},{'from': 'Chiplet_2', 'to': 'Chiplet_1', 'connection_type': '2.5d_rdl', 'loc': '2.5d_chiplet'},{'from': 'Chiplet_1', 'to': 'Chiplet_2', 'connection_type': '2.5d_rdl', 'loc': '2.5d_chiplet'},{'from': 'Chiplet_1', 'to': 'Chiplet_6', 'connection_type': '2.5d_rdl', 'loc': '2.5d_chiplet'},{'from': 'Chiplet_6', 'to': 'Chiplet_2', 'connection_type': '2.5d_rdl', 'loc': '2.5d_chiplet'},{'from': 'Chiplet_6', 'to': 'Chiplet_1', 'connection_type': '2.5d_rdl', 'loc': '2.5d_chiplet'}",4,5,2,1,1,3,hbm2,ucie_std,ucie_3d,0,0,os,0,0,0
180,24.27520635821269,3087716.93,164938.94409254036,144097551.0800653,45378.49877974569,28187.52692153361,180,0.743226759447044,1.3845915837374998,512,64x64,10,6.975099908490179,6.821646341899999,4096,128x128,14,0.916436759447044,1.3845915837374998,1024,64x64,10,6.033899457366197,12.973514847541198,2048,192x192,10,0.784712696,2.51875,512,96x96,7,3.3193280905479132,5.538366334949999,3072,128x128,10,2.5d,"{'from': 'Chiplet_2', 'to': 'Chiplet_6', 'connection_type': '2.5d_emib', 'loc': '2.5d_chiplet'},{'from': 'Chiplet_2', 'to': 'Chiplet_4', 'connection_type': '2.5d_emib', 'loc': '2.5d_chiplet'},{'from': 'Chiplet_2', 'to': 'Chiplet_5', 'connection_type': '2.5d_emib', 'loc': '2.5d_chiplet'},{'from': 'Chiplet_2', 'to': 'Chiplet_3', 'connection_type': '2.5d_emib', 'loc': '2.5d_chiplet'},{'from': 'Chiplet_3', 'to': 'Chiplet_2', 'connection_type': '2.5d_emib', 'loc': '2.5d_chiplet'},{'from': 'Chiplet_3', 'to': 'Chiplet_5', 'connection_type': '2.5d_emib', 'loc': '2.5d_chiplet'},{'from': 'Chiplet_3', 'to': 'Chiplet_1', 'connection_type': '2.5d_emib', 'loc': '2.5d_chiplet'},{'from': 'Chiplet_5', 'to': 'Chiplet_2', 'connection_type': '2.5d_emib', 'loc': '2.5d_chiplet'},{'from': 'Chiplet_5', 'to': 'Chiplet_3', 'connection_type': '2.5d_emib', 'loc': '2.5d_chiplet'},{'from': 'Chiplet_5', 'to': 'Chiplet_1', 'connection_type': '2.5d_emib', 'loc': '2.5d_chiplet'},{'from': 'Chiplet_1', 'to': 'Chiplet_3', 'connection_type': '2.5d_emib', 'loc': '2.5d_chiplet'},{'from': 'Chiplet_1', 'to': 'Chiplet_5', 'connection_type': '2.5d_emib', 'loc': '2.5d_chiplet'},{'from': 'Chiplet_4', 'to': 'Chiplet_2', 'connection_type': '2.5d_emib', 'loc': '2.5d_chiplet'},{'from': 'Chiplet_4', 'to': 'Chiplet_6', 'connection_type': '2.5d_emib', 'loc': '2.5d_chiplet'},{'from': 'Chiplet_6', 'to': 'Chiplet_2', 'connection_type': '2.5d_emib', 'loc': '2.5d_chiplet'},{'from': 'Chiplet_6', 'to': 'Chiplet_4', 'connection_type': '2.5d_emib', 'loc': '2.5d_chiplet'}",1,6,1,5,1,2,hbm2,bow,na,1,0,ws,1,0,0
181,10.62276199495467,1279706.33,32346.01614230797,411283340.7867767,129436.50418635178,45417.82894005418,181,1.249405813087535,1.7054115854749998,256,64x64,14,1.3653681800824635,3.1172648505374996,512,96x96,10,1.4141952089375351,1.7054115854749998,512,64x64,14,2.597993382379395,3.8395579270749995,512,96x96,14,1.249405813087535,1.7054115854749998,256,64x64,14,2.597993382379395,3.8395579270749995,512,96x96,14,2.5d_3d,"{'from': 'Chiplet_6', 'to': 'Chiplet_4', 'connection_type': '3d_hyb_bond', 'loc': 'stack0_base'},{'from': 'Chiplet_4', 'to': 'na', 'connection_type': '3d_hyb_bond', 'loc': 'stack0_top'},{'from': 'Chiplet_6', 'to': 'Chiplet_2', 'connection_type': '2.5d_rdl', 'loc': '2.5d_chiplet'},{'from': 'Chiplet_6', 'to': 'Chiplet_3', 'connection_type': '2.5d_rdl', 'loc': '2.5d_chiplet'},{'from': 'Chiplet_6', 'to': 'Chiplet_1', 'connection_type': '2.5d_rdl', 'loc': '2.5d_chiplet'},{'from': 'Chiplet_1', 'to': 'Chiplet_2', 'connection_type': '2.5d_rdl', 'loc': '2.5d_chiplet'},{'from': 'Chiplet_1', 'to': 'Chiplet_6', 'connection_type': '2.5d_rdl', 'loc': '2.5d_chiplet'},{'from': 'Chiplet_3', 'to': 'Chiplet_2', 'connection_type': '2.5d_rdl', 'loc': '2.5d_chiplet'},{'from': 'Chiplet_3', 'to': 'Chiplet_5', 'connection_type': '2.5d_rdl', 'loc': '2.5d_chiplet'},{'from': 'Chiplet_3', 'to': 'Chiplet_6', 'connection_type': '2.5d_rdl', 'loc': '2.5d_chiplet'},{'from': 'Chiplet_2', 'to': 'Chiplet_5', 'connection_type': '2.5d_rdl', 'loc': '2.5d_chiplet'},{'from': 'Chiplet_2', 'to': 'Chiplet_6', 'connection_type': '2.5d_rdl', 'loc': '2.5d_chiplet'},{'from': 'Chiplet_2', 'to': 'Chiplet_1', 'connection_type': '2.5d_rdl', 'loc': '2.5d_chiplet'},{'from': 'Chiplet_2', 'to': 'Chiplet_3', 'connection_type': '2.5d_rdl', 'loc': '2.5d_chiplet'},{'from': 'Chiplet_5', 'to': 'Chiplet_2', 'connection_type': '2.5d_rdl', 'loc': '2.5d_chiplet'},{'from': 'Chiplet_5', 'to': 'Chiplet_3', 'connection_type': '2.5d_rdl', 'loc': '2.5d_chiplet'}",1,1,1,2,1,2,ddr5,ucie_std,ucie_3d,1,0,ws,1,0,0
182,7.338434688137249,1611020.87,40204.84259262969,127554679.02683401,16585.996435996436,7750.834174843019,182,1.86237254,4.475,2048,128x128,7,1.3653681800824635,3.1172648505374996,512,96x96,10,1.7117881800824635,3.1172648505374996,1536,96x96,10,1.3653681800824635,3.1172648505374996,512,96x96,10,0.957922696,2.51875,1024,96x96,7,0.829831759447044,1.3845915837374998,768,64x64,10,2.5d_3d,"{'from': 'Chiplet_4', 'to': 'Chiplet_5', 'connection_type': '3d_u_bump', 'loc': 'stack0_base'},{'from': 'Chiplet_5', 'to': 'Chiplet_6', 'connection_type': '3d_u_bump', 'loc': 'stack0_middle1'},{'from': 'Chiplet_6', 'to': 'na', 'connection_type': '3d_u_bump', 'loc': 'stack0_top'},{'from': 'Chiplet_1', 'to': 'Chiplet_3', 'connection_type': '2.5d_rdl', 'loc': '2.5d_chiplet'},{'from': 'Chiplet_1', 'to': 'Chiplet_4', 'connection_type': '2.5d_rdl', 'loc': '2.5d_chiplet'},{'from': 'Chiplet_4', 'to': 'Chiplet_2', 'connection_type': '2.5d_rdl', 'loc': '2.5d_chiplet'},{'from': 'Chiplet_4', 'to': 'Chiplet_1', 'connection_type': '2.5d_rdl', 'loc': '2.5d_chiplet'},{'from': 'Chiplet_3', 'to': 'Chiplet_2', 'connection_type': '2.5d_rdl', 'loc': '2.5d_chiplet'},{'from': 'Chiplet_3', 'to': 'Chiplet_1', 'connection_type': '2.5d_rdl', 'loc': '2.5d_chiplet'},{'from': 'Chiplet_2', 'to': 'Chiplet_3', 'connection_type': '2.5d_rdl', 'loc': '2.5d_chiplet'},{'from': 'Chiplet_2', 'to': 'Chiplet_4', 'connection_type': '2.5d_rdl', 'loc': '2.5d_chiplet'}",3,3,3,3,2,2,hbm3,ucie_std,ucie_3d,1,0,is,0,0,0
183,14.700889476132396,1660365.21,141591.92598843176,138346061.3045671,11851.928104575163,5925.513693210369,183,5.656782838920179,6.821646341899999,2048,128x128,14,0.784712696,2.51875,512,96x96,7,0.916436759447044,1.3845915837374998,1024,64x64,10,1.578984604787535,1.7054115854749998,768,64x64,14,0.656621759447044,1.3845915837374998,256,64x64,10,1.578984604787535,1.7054115854749998,768,64x64,14,2.5d,"{'from': 'Chiplet_1', 'to': 'Chiplet_6', 'connection_type': '2.5d_emib', 'loc': '2.5d_chiplet'},{'from': 'Chiplet_1', 'to': 'Chiplet_4', 'connection_type': '2.5d_emib', 'loc': '2.5d_chiplet'},{'from': 'Chiplet_4', 'to': 'Chiplet_3', 'connection_type': '2.5d_emib', 'loc': '2.5d_chiplet'},{'from': 'Chiplet_4', 'to': 'Chiplet_6', 'connection_type': '2.5d_emib', 'loc': '2.5d_chiplet'},{'from': 'Chiplet_4', 'to': 'Chiplet_1', 'connection_type': '2.5d_emib', 'loc': '2.5d_chiplet'},{'from': 'Chiplet_3', 'to': 'Chiplet_2', 'connection_type': '2.5d_emib', 'loc': '2.5d_chiplet'},{'from': 'Chiplet_3', 'to': 'Chiplet_4', 'connection_type': '2.5d_emib', 'loc': '2.5d_chiplet'},{'from': 'Chiplet_6', 'to': 'Chiplet_2', 'connection_type': '2.5d_emib', 'loc': '2.5d_chiplet'},{'from': 'Chiplet_6', 'to': 'Chiplet_5', 'connection_type': '2.5d_emib', 'loc': '2.5d_chiplet'},{'from': 'Chiplet_6', 'to': 'Chiplet_4', 'connection_type': '2.5d_emib', 'loc': '2.5d_chiplet'},{'from': 'Chiplet_6', 'to': 'Chiplet_1', 'connection_type': '2.5d_emib', 'loc': '2.5d_chiplet'},{'from': 'Chiplet_2', 'to': 'Chiplet_3', 'connection_type': '2.5d_emib', 'loc': '2.5d_chiplet'},{'from': 'Chiplet_2', 'to': 'Chiplet_6', 'connection_type': '2.5d_emib', 'loc': '2.5d_chiplet'},{'from': 'Chiplet_2', 'to': 'Chiplet_5', 'connection_type': '2.5d_emib', 'loc': '2.5d_chiplet'},{'from': 'Chiplet_5', 'to': 'Chiplet_2', 'connection_type': '2.5d_emib', 'loc': '2.5d_chiplet'},{'from': 'Chiplet_5', 'to': 'Chiplet_6', 'connection_type': '2.5d_emib', 'loc': '2.5d_chiplet'}",8,1,2,2,1,2,hbm3,ucie_adv,na,0,0,ws,0,0,0
184,10.995886476059678,2419247.37,66153.22802993588,427743352.46535766,10345.442542787287,13801.694365948826,184,1.3653681800824635,3.1172648505374996,512,96x96,10,1.51595254,4.475,1024,128x128,7,4.1253109519999995,10.4826,4096,192x192,7,1.3653681800824635,3.1172648505374996,512,96x96,10,2.6264880905479133,5.538366334949999,1024,128x128,10,2.55521354,4.475,4096,128x128,7,2.5d_3d,"{'from': 'Chiplet_6', 'to': 'Chiplet_2', 'connection_type': '3d_tsv', 'loc': 'stack0_base'},{'from': 'Chiplet_2', 'to': 'Chiplet_1', 'connection_type': '3d_tsv', 'loc': 'stack0_middle1'},{'from': 'Chiplet_1', 'to': 'Chiplet_4', 'connection_type': '3d_tsv', 'loc': 'stack0_middle2'},{'from': 'Chiplet_4', 'to': 'na', 'connection_type': '3d_tsv', 'loc': 'stack0_top'},{'from': 'Chiplet_3', 'to': 'Chiplet_5', 'connection_type': '2.5d_rdl', 'loc': '2.5d_chiplet'},{'from': 'Chiplet_3', 'to': 'Chiplet_6', 'connection_type': '2.5d_rdl', 'loc': '2.5d_chiplet'},{'from': 'Chiplet_5', 'to': 'Chiplet_3', 'connection_type': '2.5d_rdl', 'loc': '2.5d_chiplet'},{'from': 'Chiplet_5', 'to': 'Chiplet_6', 'connection_type': '2.5d_rdl', 'loc': '2.5d_chiplet'},{'from': 'Chiplet_6', 'to': 'Chiplet_3', 'connection_type': '2.5d_rdl', 'loc': '2.5d_chiplet'},{'from': 'Chiplet_6', 'to': 'Chiplet_5', 'connection_type': '2.5d_rdl', 'loc': '2.5d_chiplet'}",1,1,2,1,2,1,ddr5,ucie_std,ucie_3d,1,0,is,0,0,0
185,30.17740560181497,3595566.69,149736.2409291506,397064130.9195767,33252.304464239605,27743.181695873664,185,2.6264880905479133,5.538366334949999,1024,128x128,10,0.784712696,2.51875,512,96x96,7,6.975099908490179,6.821646341899999,4096,128x128,14,2.55521354,4.475,4096,128x128,7,0.638803,1.11875,1024,64x64,7,6.033899457366197,12.973514847541198,2048,192x192,10,2.5d_3d,"{'from': 'Chiplet_6', 'to': 'Chiplet_2', 'connection_type': '3d_hyb_bond', 'loc': 'stack0_base'},{'from': 'Chiplet_2', 'to': 'na', 'connection_type': '3d_hyb_bond', 'loc': 'stack0_top'},{'from': 'Chiplet_3', 'to': 'Chiplet_4', 'connection_type': '2.5d_emib', 'loc': '2.5d_chiplet'},{'from': 'Chiplet_3', 'to': 'Chiplet_6', 'connection_type': '2.5d_emib', 'loc': '2.5d_chiplet'},{'from': 'Chiplet_3', 'to': 'Chiplet_1', 'connection_type': '2.5d_emib', 'loc': '2.5d_chiplet'},{'from': 'Chiplet_4', 'to': 'Chiplet_3', 'connection_type': '2.5d_emib', 'loc': '2.5d_chiplet'},{'from': 'Chiplet_4', 'to': 'Chiplet_1', 'connection_type': '2.5d_emib', 'loc': '2.5d_chiplet'},{'from': 'Chiplet_6', 'to': 'Chiplet_3', 'connection_type': '2.5d_emib', 'loc': '2.5d_chiplet'},{'from': 'Chiplet_6', 'to': 'Chiplet_5', 'connection_type': '2.5d_emib', 'loc': '2.5d_chiplet'},{'from': 'Chiplet_6', 'to': 'Chiplet_1', 'connection_type': '2.5d_emib', 'loc': '2.5d_chiplet'},{'from': 'Chiplet_1', 'to': 'Chiplet_3', 'connection_type': '2.5d_emib', 'loc': '2.5d_chiplet'},{'from': 'Chiplet_1', 'to': 'Chiplet_4', 'connection_type': '2.5d_emib', 'loc': '2.5d_chiplet'},{'from': 'Chiplet_1', 'to': 'Chiplet_5', 'connection_type': '2.5d_emib', 'loc': '2.5d_chiplet'},{'from': 'Chiplet_1', 'to': 'Chiplet_6', 'connection_type': '2.5d_emib', 'loc': '2.5d_chiplet'},{'from': 'Chiplet_5', 'to': 'Chiplet_6', 'connection_type': '2.5d_emib', 'loc': '2.5d_chiplet'},{'from': 'Chiplet_5', 'to': 'Chiplet_1', 'connection_type': '2.5d_emib', 'loc': '2.5d_chiplet'}",1,1,2,1,1,2,ddr4,ucie_adv,ucie_3d,1,0,is,1,0,0
186,30.30783661631729,3358972.59,79491.2112460616,370833981.8913804,49734.73361949345,35348.03911811305,186,0.916436759447044,1.3845915837374998,1024,64x64,10,3.3193280905479132,5.538366334949999,3072,128x128,10,0.916436759447044,1.3845915837374998,1024,64x64,10,0.916436759447044,1.3845915837374998,1024,64x64,10,15.436124909546791,15.979573171754398,8192,192x192,14,3.3193280905479132,5.538366334949999,3072,128x128,10,2.5d_3d,"{'from': 'Chiplet_2', 'to': 'Chiplet_4', 'connection_type': '3d_tsv', 'loc': 'stack0_base'},{'from': 'Chiplet_4', 'to': 'Chiplet_1', 'connection_type': '3d_tsv', 'loc': 'stack0_middle1'},{'from': 'Chiplet_1', 'to': 'na', 'connection_type': '3d_tsv', 'loc': 'stack0_top'},{'from': 'Chiplet_5', 'to': 'Chiplet_2', 'connection_type': '2.5d_rdl', 'loc': '2.5d_chiplet'},{'from': 'Chiplet_5', 'to': 'Chiplet_6', 'connection_type': '2.5d_rdl', 'loc': '2.5d_chiplet'},{'from': 'Chiplet_2', 'to': 'Chiplet_5', 'connection_type': '2.5d_rdl', 'loc': '2.5d_chiplet'},{'from': 'Chiplet_2', 'to': 'Chiplet_6', 'connection_type': '2.5d_rdl', 'loc': '2.5d_chiplet'},{'from': 'Chiplet_2', 'to': 'Chiplet_3', 'connection_type': '2.5d_rdl', 'loc': '2.5d_chiplet'},{'from': 'Chiplet_3', 'to': 'Chiplet_2', 'connection_type': '2.5d_rdl', 'loc': '2.5d_chiplet'},{'from': 'Chiplet_3', 'to': 'Chiplet_6', 'connection_type': '2.5d_rdl', 'loc': '2.5d_chiplet'},{'from': 'Chiplet_6', 'to': 'Chiplet_2', 'connection_type': '2.5d_rdl', 'loc': '2.5d_chiplet'},{'from': 'Chiplet_6', 'to': 'Chiplet_5', 'connection_type': '2.5d_rdl', 'loc': '2.5d_chiplet'},{'from': 'Chiplet_6', 'to': 'Chiplet_3', 'connection_type': '2.5d_rdl', 'loc': '2.5d_chiplet'}",1,1,1,1,3,1,ddr5,ucie_std,ucie_3d,0,0,is,1,0,0
187,20.507807591382957,3534864.28,140655.65706675322,325232382.44416463,27377.875030805688,25784.303220393595,187,8.112421457366196,12.973514847541198,8192,192x192,10,1.5385781800824634,3.1172648505374996,1024,96x96,10,2.6264880905479133,5.538366334949999,1024,128x128,10,3.3193280905479132,5.538366334949999,3072,128x128,10,4.1253109519999995,10.4826,4096,192x192,7,1.743774000637535,1.7054115854749998,1024,64x64,14,2.5d_3d,"{'from': 'Chiplet_5', 'to': 'Chiplet_6', 'connection_type': '3d_u_bump', 'loc': 'stack0_base'},{'from': 'Chiplet_6', 'to': 'Chiplet_2', 'connection_type': '3d_u_bump', 'loc': 'stack0_middle1'},{'from': 'Chiplet_2', 'to': 'na', 'connection_type': '3d_u_bump', 'loc': 'stack0_top'},{'from': 'Chiplet_1', 'to': 'Chiplet_5', 'connection_type': '2.5d_emib', 'loc': '2.5d_chiplet'},{'from': 'Chiplet_1', 'to': 'Chiplet_4', 'connection_type': '2.5d_emib', 'loc': '2.5d_chiplet'},{'from': 'Chiplet_5', 'to': 'Chiplet_3', 'connection_type': '2.5d_emib', 'loc': '2.5d_chiplet'},{'from': 'Chiplet_5', 'to': 'Chiplet_4', 'connection_type': '2.5d_emib', 'loc': '2.5d_chiplet'},{'from': 'Chiplet_5', 'to': 'Chiplet_1', 'connection_type': '2.5d_emib', 'loc': '2.5d_chiplet'},{'from': 'Chiplet_4', 'to': 'Chiplet_3', 'connection_type': '2.5d_emib', 'loc': '2.5d_chiplet'},{'from': 'Chiplet_4', 'to': 'Chiplet_5', 'connection_type': '2.5d_emib', 'loc': '2.5d_chiplet'},{'from': 'Chiplet_4', 'to': 'Chiplet_1', 'connection_type': '2.5d_emib', 'loc': '2.5d_chiplet'},{'from': 'Chiplet_3', 'to': 'Chiplet_5', 'connection_type': '2.5d_emib', 'loc': '2.5d_chiplet'},{'from': 'Chiplet_3', 'to': 'Chiplet_4', 'connection_type': '2.5d_emib', 'loc': '2.5d_chiplet'}",3,1,1,1,1,1,ddr5,bow,ucie_3d,0,0,os,1,0,0
188,13.971670309611007,1456126.26,34318.608228810546,164471276.38793153,19445.0,8585.279147486255,188,1.249405813087535,1.7054115854749998,256,64x64,14,0.743226759447044,1.3845915837374998,512,64x64,10,2.972908090547913,5.538366334949999,2048,128x128,10,0.656621759447044,1.3845915837374998,256,64x64,10,1.249405813087535,1.7054115854749998,256,64x64,14,2.597993382379395,3.8395579270749995,512,96x96,14,2.5d,"{'from': 'Chiplet_3', 'to': 'Chiplet_5', 'connection_type': '2.5d_rdl', 'loc': '2.5d_chiplet'},{'from': 'Chiplet_3', 'to': 'Chiplet_6', 'connection_type': '2.5d_rdl', 'loc': '2.5d_chiplet'},{'from': 'Chiplet_3', 'to': 'Chiplet_4', 'connection_type': '2.5d_rdl', 'loc': '2.5d_chiplet'},{'from': 'Chiplet_5', 'to': 'Chiplet_3', 'connection_type': '2.5d_rdl', 'loc': '2.5d_chiplet'},{'from': 'Chiplet_5', 'to': 'Chiplet_4', 'connection_type': '2.5d_rdl', 'loc': '2.5d_chiplet'},{'from': 'Chiplet_4', 'to': 'Chiplet_5', 'connection_type': '2.5d_rdl', 'loc': '2.5d_chiplet'},{'from': 'Chiplet_4', 'to': 'Chiplet_3', 'connection_type': '2.5d_rdl', 'loc': '2.5d_chiplet'},{'from': 'Chiplet_6', 'to': 'Chiplet_2', 'connection_type': '2.5d_rdl', 'loc': '2.5d_chiplet'},{'from': 'Chiplet_6', 'to': 'Chiplet_3', 'connection_type': '2.5d_rdl', 'loc': '2.5d_chiplet'},{'from': 'Chiplet_6', 'to': 'Chiplet_1', 'connection_type': '2.5d_rdl', 'loc': '2.5d_chiplet'},{'from': 'Chiplet_1', 'to': 'Chiplet_2', 'connection_type': '2.5d_rdl', 'loc': '2.5d_chiplet'},{'from': 'Chiplet_1', 'to': 'Chiplet_6', 'connection_type': '2.5d_rdl', 'loc': '2.5d_chiplet'},{'from': 'Chiplet_2', 'to': 'Chiplet_6', 'connection_type': '2.5d_rdl', 'loc': '2.5d_chiplet'},{'from': 'Chiplet_2', 'to': 'Chiplet_1', 'connection_type': '2.5d_rdl', 'loc': '2.5d_chiplet'}",2,1,5,1,2,5,hbm2,ucie_std,na,0,0,is,0,0,0
189,26.14571870835819,2517420.76,69513.63331878965,317488146.9549059,67853.052884893,42228.02447699552,189,12.799492673176792,15.979573171754398,4096,192x192,14,0.743226759447044,1.3845915837374998,512,64x64,10,1.51595254,4.475,1024,128x128,7,1.5385781800824634,3.1172648505374996,1024,96x96,10,1.743774000637535,1.7054115854749998,1024,64x64,14,1.131132696,2.51875,1536,96x96,7,2.5d,"{'from': 'Chiplet_1', 'to': 'Chiplet_5', 'connection_type': '2.5d_rdl', 'loc': '2.5d_chiplet'},{'from': 'Chiplet_1', 'to': 'Chiplet_4', 'connection_type': '2.5d_rdl', 'loc': '2.5d_chiplet'},{'from': 'Chiplet_5', 'to': 'Chiplet_2', 'connection_type': '2.5d_rdl', 'loc': '2.5d_chiplet'},{'from': 'Chiplet_5', 'to': 'Chiplet_4', 'connection_type': '2.5d_rdl', 'loc': '2.5d_chiplet'},{'from': 'Chiplet_5', 'to': 'Chiplet_6', 'connection_type': '2.5d_rdl', 'loc': '2.5d_chiplet'},{'from': 'Chiplet_5', 'to': 'Chiplet_1', 'connection_type': '2.5d_rdl', 'loc': '2.5d_chiplet'},{'from': 'Chiplet_6', 'to': 'Chiplet_2', 'connection_type': '2.5d_rdl', 'loc': '2.5d_chiplet'},{'from': 'Chiplet_6', 'to': 'Chiplet_5', 'connection_type': '2.5d_rdl', 'loc': '2.5d_chiplet'},{'from': 'Chiplet_2', 'to': 'Chiplet_5', 'connection_type': '2.5d_rdl', 'loc': '2.5d_chiplet'},{'from': 'Chiplet_2', 'to': 'Chiplet_6', 'connection_type': '2.5d_rdl', 'loc': '2.5d_chiplet'},{'from': 'Chiplet_2', 'to': 'Chiplet_3', 'connection_type': '2.5d_rdl', 'loc': '2.5d_chiplet'},{'from': 'Chiplet_4', 'to': 'Chiplet_3', 'connection_type': '2.5d_rdl', 'loc': '2.5d_chiplet'},{'from': 'Chiplet_4', 'to': 'Chiplet_5', 'connection_type': '2.5d_rdl', 'loc': '2.5d_chiplet'},{'from': 'Chiplet_4', 'to': 'Chiplet_1', 'connection_type': '2.5d_rdl', 'loc': '2.5d_chiplet'},{'from': 'Chiplet_3', 'to': 'Chiplet_2', 'connection_type': '2.5d_rdl', 'loc': '2.5d_chiplet'},{'from': 'Chiplet_3', 'to': 'Chiplet_4', 'connection_type': '2.5d_rdl', 'loc': '2.5d_chiplet'}",3,1,1,1,1,1,ddr5,ucie_std,na,0,0,ws,1,0,0
190,19.828211789044225,2753733.84,65775.88649306631,198222833.1347921,15876.666666666666,11358.629882790334,190,3.2571509657793953,3.8395579270749995,1536,96x96,14,0.784712696,2.51875,512,96x96,7,5.5109919519999995,10.4826,8192,192x192,7,0.656621759447044,1.3845915837374998,256,64x64,10,0.656621759447044,1.3845915837374998,256,64x64,10,4.9976252555201786,6.821646341899999,1024,128x128,14,2.5d,"{'from': 'Chiplet_3', 'to': 'Chiplet_2', 'connection_type': '2.5d_rdl', 'loc': '2.5d_chiplet'},{'from': 'Chiplet_3', 'to': 'Chiplet_4', 'connection_type': '2.5d_rdl', 'loc': '2.5d_chiplet'},{'from': 'Chiplet_3', 'to': 'Chiplet_6', 'connection_type': '2.5d_rdl', 'loc': '2.5d_chiplet'},{'from': 'Chiplet_2', 'to': 'Chiplet_5', 'connection_type': '2.5d_rdl', 'loc': '2.5d_chiplet'},{'from': 'Chiplet_2', 'to': 'Chiplet_4', 'connection_type': '2.5d_rdl', 'loc': '2.5d_chiplet'},{'from': 'Chiplet_2', 'to': 'Chiplet_3', 'connection_type': '2.5d_rdl', 'loc': '2.5d_chiplet'},{'from': 'Chiplet_4', 'to': 'Chiplet_2', 'connection_type': '2.5d_rdl', 'loc': '2.5d_chiplet'},{'from': 'Chiplet_4', 'to': 'Chiplet_3', 'connection_type': '2.5d_rdl', 'loc': '2.5d_chiplet'},{'from': 'Chiplet_4', 'to': 'Chiplet_5', 'connection_type': '2.5d_rdl', 'loc': '2.5d_chiplet'},{'from': 'Chiplet_4', 'to': 'Chiplet_1', 'connection_type': '2.5d_rdl', 'loc': '2.5d_chiplet'},{'from': 'Chiplet_5', 'to': 'Chiplet_2', 'connection_type': '2.5d_rdl', 'loc': '2.5d_chiplet'},{'from': 'Chiplet_5', 'to': 'Chiplet_4', 'connection_type': '2.5d_rdl', 'loc': '2.5d_chiplet'},{'from': 'Chiplet_5', 'to': 'Chiplet_1', 'connection_type': '2.5d_rdl', 'loc': '2.5d_chiplet'},{'from': 'Chiplet_6', 'to': 'Chiplet_3', 'connection_type': '2.5d_rdl', 'loc': '2.5d_chiplet'},{'from': 'Chiplet_6', 'to': 'Chiplet_1', 'connection_type': '2.5d_rdl', 'loc': '2.5d_chiplet'},{'from': 'Chiplet_1', 'to': 'Chiplet_5', 'connection_type': '2.5d_rdl', 'loc': '2.5d_chiplet'},{'from': 'Chiplet_1', 'to': 'Chiplet_4', 'connection_type': '2.5d_rdl', 'loc': '2.5d_chiplet'},{'from': 'Chiplet_1', 'to': 'Chiplet_6', 'connection_type': '2.5d_rdl', 'loc': '2.5d_chiplet'}",3,1,5,1,1,5,hbm2,ucie_std,na,0,0,is,0,0,0
191,10.041453696419753,1434913.97,99211.34100749562,449604424.35698295,50405.24532159017,21697.63847099467,191,1.249405813087535,1.7054115854749998,256,64x64,14,0.916436759447044,1.3845915837374998,1024,64x64,10,0.743226759447044,1.3845915837374998,512,64x64,10,2.597993382379395,3.8395579270749995,512,96x96,14,2.55521354,4.475,4096,128x128,7,1.743774000637535,1.7054115854749998,1024,64x64,14,2.5d_3d,"{'from': 'Chiplet_5', 'to': 'Chiplet_2', 'connection_type': '3d_tsv', 'loc': 'stack0_base'},{'from': 'Chiplet_2', 'to': 'Chiplet_3', 'connection_type': '3d_tsv', 'loc': 'stack0_middle1'},{'from': 'Chiplet_3', 'to': 'na', 'connection_type': '3d_tsv', 'loc': 'stack0_top'},{'from': 'Chiplet_4', 'to': 'Chiplet_5', 'connection_type': '2.5d_emib', 'loc': '2.5d_chiplet'},{'from': 'Chiplet_4', 'to': 'Chiplet_1', 'connection_type': '2.5d_emib', 'loc': '2.5d_chiplet'},{'from': 'Chiplet_1', 'to': 'Chiplet_4', 'connection_type': '2.5d_emib', 'loc': '2.5d_chiplet'},{'from': 'Chiplet_1', 'to': 'Chiplet_6', 'connection_type': '2.5d_emib', 'loc': '2.5d_chiplet'},{'from': 'Chiplet_5', 'to': 'Chiplet_6', 'connection_type': '2.5d_emib', 'loc': '2.5d_chiplet'},{'from': 'Chiplet_5', 'to': 'Chiplet_4', 'connection_type': '2.5d_emib', 'loc': '2.5d_chiplet'},{'from': 'Chiplet_6', 'to': 'Chiplet_5', 'connection_type': '2.5d_emib', 'loc': '2.5d_chiplet'},{'from': 'Chiplet_6', 'to': 'Chiplet_1', 'connection_type': '2.5d_emib', 'loc': '2.5d_chiplet'}",1,1,1,2,2,1,ddr4,aib,ucie_3d,0,0,ws,1,0,0
192,17.337478217267407,2204738.35,151532.503853976,120838016.28737333,48648.9381992584,19909.496202129223,192,1.249405813087535,1.7054115854749998,256,64x64,14,1.249405813087535,1.7054115854749998,256,64x64,14,2.55521354,4.475,4096,128x128,7,2.6264880905479133,5.538366334949999,1024,128x128,10,3.2571509657793953,3.8395579270749995,1536,96x96,14,1.131132696,2.51875,1536,96x96,7,2.5d,"{'from': 'Chiplet_5', 'to': 'Chiplet_2', 'connection_type': '2.5d_emib', 'loc': '2.5d_chiplet'},{'from': 'Chiplet_5', 'to': 'Chiplet_3', 'connection_type': '2.5d_emib', 'loc': '2.5d_chiplet'},{'from': 'Chiplet_5', 'to': 'Chiplet_4', 'connection_type': '2.5d_emib', 'loc': '2.5d_chiplet'},{'from': 'Chiplet_5', 'to': 'Chiplet_1', 'connection_type': '2.5d_emib', 'loc': '2.5d_chiplet'},{'from': 'Chiplet_1', 'to': 'Chiplet_2', 'connection_type': '2.5d_emib', 'loc': '2.5d_chiplet'},{'from': 'Chiplet_1', 'to': 'Chiplet_5', 'connection_type': '2.5d_emib', 'loc': '2.5d_chiplet'},{'from': 'Chiplet_2', 'to': 'Chiplet_5', 'connection_type': '2.5d_emib', 'loc': '2.5d_chiplet'},{'from': 'Chiplet_2', 'to': 'Chiplet_1', 'connection_type': '2.5d_emib', 'loc': '2.5d_chiplet'},{'from': 'Chiplet_4', 'to': 'Chiplet_5', 'connection_type': '2.5d_emib', 'loc': '2.5d_chiplet'},{'from': 'Chiplet_4', 'to': 'Chiplet_6', 'connection_type': '2.5d_emib', 'loc': '2.5d_chiplet'},{'from': 'Chiplet_4', 'to': 'Chiplet_3', 'connection_type': '2.5d_emib', 'loc': '2.5d_chiplet'},{'from': 'Chiplet_3', 'to': 'Chiplet_5', 'connection_type': '2.5d_emib', 'loc': '2.5d_chiplet'},{'from': 'Chiplet_3', 'to': 'Chiplet_6', 'connection_type': '2.5d_emib', 'loc': '2.5d_chiplet'},{'from': 'Chiplet_3', 'to': 'Chiplet_4', 'connection_type': '2.5d_emib', 'loc': '2.5d_chiplet'},{'from': 'Chiplet_6', 'to': 'Chiplet_3', 'connection_type': '2.5d_emib', 'loc': '2.5d_chiplet'},{'from': 'Chiplet_6', 'to': 'Chiplet_4', 'connection_type': '2.5d_emib', 'loc': '2.5d_chiplet'}",2,2,3,3,4,2,hbm3,bow,na,1,0,ws,1,0,0
193,17.561650597394014,3720142.75,136403.49545168513,164020284.71522683,20198.125998721524,15729.371073009257,193,4.818150952,10.4826,6144,192x192,7,0.916436759447044,1.3845915837374998,1024,64x64,10,0.784712696,2.51875,512,96x96,7,3.665749090547913,5.538366334949999,4096,128x128,10,4.1253109519999995,10.4826,4096,192x192,7,3.2571509657793953,3.8395579270749995,1536,96x96,14,2.5d_3d,"{'from': 'Chiplet_1', 'to': 'Chiplet_6', 'connection_type': '3d_tsv', 'loc': 'stack0_base'},{'from': 'Chiplet_6', 'to': 'Chiplet_2', 'connection_type': '3d_tsv', 'loc': 'stack0_middle1'},{'from': 'Chiplet_2', 'to': 'na', 'connection_type': '3d_tsv', 'loc': 'stack0_top'},{'from': 'Chiplet_1', 'to': 'Chiplet_5', 'connection_type': '2.5d_emib', 'loc': '2.5d_chiplet'},{'from': 'Chiplet_1', 'to': 'Chiplet_4', 'connection_type': '2.5d_emib', 'loc': '2.5d_chiplet'},{'from': 'Chiplet_1', 'to': 'Chiplet_3', 'connection_type': '2.5d_emib', 'loc': '2.5d_chiplet'},{'from': 'Chiplet_3', 'to': 'Chiplet_4', 'connection_type': '2.5d_emib', 'loc': '2.5d_chiplet'},{'from': 'Chiplet_3', 'to': 'Chiplet_1', 'connection_type': '2.5d_emib', 'loc': '2.5d_chiplet'},{'from': 'Chiplet_5', 'to': 'Chiplet_4', 'connection_type': '2.5d_emib', 'loc': '2.5d_chiplet'},{'from': 'Chiplet_5', 'to': 'Chiplet_1', 'connection_type': '2.5d_emib', 'loc': '2.5d_chiplet'},{'from': 'Chiplet_4', 'to': 'Chiplet_3', 'connection_type': '2.5d_emib', 'loc': '2.5d_chiplet'},{'from': 'Chiplet_4', 'to': 'Chiplet_5', 'connection_type': '2.5d_emib', 'loc': '2.5d_chiplet'},{'from': 'Chiplet_4', 'to': 'Chiplet_1', 'connection_type': '2.5d_emib', 'loc': '2.5d_chiplet'}",4,1,1,3,4,3,hbm2,aib,ucie_3d,1,0,os,1,0,0
194,29.952391090819898,4106183.05,163758.69584787058,403543790.21336347,42026.98533529505,39439.37316763541,194,1.131132696,2.51875,1536,96x96,7,2.6264880905479133,5.538366334949999,1024,128x128,10,5.5109919519999995,10.4826,8192,192x192,7,6.726740457366197,12.973514847541198,4096,192x192,10,4.9976252555201786,6.821646341899999,1024,128x128,14,1.7117881800824635,3.1172648505374996,1536,96x96,10,2.5d_3d,"{'from': 'Chiplet_2', 'to': 'Chiplet_1', 'connection_type': '3d_u_bump', 'loc': 'stack0_base'},{'from': 'Chiplet_1', 'to': 'na', 'connection_type': '3d_u_bump', 'loc': 'stack0_top'},{'from': 'Chiplet_4', 'to': 'Chiplet_2', 'connection_type': '2.5d_emib', 'loc': '2.5d_chiplet'},{'from': 'Chiplet_4', 'to': 'Chiplet_3', 'connection_type': '2.5d_emib', 'loc': '2.5d_chiplet'},{'from': 'Chiplet_4', 'to': 'Chiplet_6', 'connection_type': '2.5d_emib', 'loc': '2.5d_chiplet'},{'from': 'Chiplet_4', 'to': 'Chiplet_5', 'connection_type': '2.5d_emib', 'loc': '2.5d_chiplet'},{'from': 'Chiplet_2', 'to': 'Chiplet_4', 'connection_type': '2.5d_emib', 'loc': '2.5d_chiplet'},{'from': 'Chiplet_2', 'to': 'Chiplet_6', 'connection_type': '2.5d_emib', 'loc': '2.5d_chiplet'},{'from': 'Chiplet_6', 'to': 'Chiplet_2', 'connection_type': '2.5d_emib', 'loc': '2.5d_chiplet'},{'from': 'Chiplet_6', 'to': 'Chiplet_4', 'connection_type': '2.5d_emib', 'loc': '2.5d_chiplet'},{'from': 'Chiplet_3', 'to': 'Chiplet_5', 'connection_type': '2.5d_emib', 'loc': '2.5d_chiplet'},{'from': 'Chiplet_3', 'to': 'Chiplet_4', 'connection_type': '2.5d_emib', 'loc': '2.5d_chiplet'},{'from': 'Chiplet_5', 'to': 'Chiplet_3', 'connection_type': '2.5d_emib', 'loc': '2.5d_chiplet'},{'from': 'Chiplet_5', 'to': 'Chiplet_4', 'connection_type': '2.5d_emib', 'loc': '2.5d_chiplet'}",1,1,2,2,1,1,ddr4,aib,ucie_3d,1,0,ws,1,0,0
195,15.483194014113822,3284559.05,114409.78631062096,143098954.50817117,30783.690722630123,21124.686899013563,195,6.033899457366197,12.973514847541198,2048,192x192,10,3.432469952,10.4826,2048,192x192,7,1.131132696,2.51875,1536,96x96,7,0.46559300000000003,1.11875,512,64x64,7,2.55521354,4.475,4096,128x128,7,0.552198,1.11875,768,64x64,7,2.5d_3d,"{'from': 'Chiplet_2', 'to': 'Chiplet_5', 'connection_type': '3d_u_bump', 'loc': 'stack0_base'},{'from': 'Chiplet_5', 'to': 'Chiplet_3', 'connection_type': '3d_u_bump', 'loc': 'stack0_middle1'},{'from': 'Chiplet_3', 'to': 'Chiplet_4', 'connection_type': '3d_u_bump', 'loc': 'stack0_middle2'},{'from': 'Chiplet_4', 'to': 'na', 'connection_type': '3d_u_bump', 'loc': 'stack0_top'},{'from': 'Chiplet_1', 'to': 'Chiplet_2', 'connection_type': '2.5d_emib', 'loc': '2.5d_chiplet'},{'from': 'Chiplet_1', 'to': 'Chiplet_6', 'connection_type': '2.5d_emib', 'loc': '2.5d_chiplet'},{'from': 'Chiplet_2', 'to': 'Chiplet_6', 'connection_type': '2.5d_emib', 'loc': '2.5d_chiplet'},{'from': 'Chiplet_2', 'to': 'Chiplet_1', 'connection_type': '2.5d_emib', 'loc': '2.5d_chiplet'},{'from': 'Chiplet_6', 'to': 'Chiplet_2', 'connection_type': '2.5d_emib', 'loc': '2.5d_chiplet'},{'from': 'Chiplet_6', 'to': 'Chiplet_1', 'connection_type': '2.5d_emib', 'loc': '2.5d_chiplet'}",6,4,1,1,3,1,hbm2,bow,ucie_3d,1,0,ws,1,0,0
196,41.75323559374297,3846691.76,95405.55008931532,618227894.3159305,11557.581699346405,20174.502998508033,196,11.481175603606792,15.979573171754398,2048,192x192,14,1.131132696,2.51875,1536,96x96,7,6.975099908490179,6.821646341899999,4096,128x128,14,1.7117881800824635,3.1172648505374996,1536,96x96,10,0.957922696,2.51875,1024,96x96,7,4.1253109519999995,10.4826,4096,192x192,7,2.5d,"{'from': 'Chiplet_1', 'to': 'Chiplet_2', 'connection_type': '2.5d_rdl', 'loc': '2.5d_chiplet'},{'from': 'Chiplet_1', 'to': 'Chiplet_3', 'connection_type': '2.5d_rdl', 'loc': '2.5d_chiplet'},{'from': 'Chiplet_1', 'to': 'Chiplet_6', 'connection_type': '2.5d_rdl', 'loc': '2.5d_chiplet'},{'from': 'Chiplet_1', 'to': 'Chiplet_5', 'connection_type': '2.5d_rdl', 'loc': '2.5d_chiplet'},{'from': 'Chiplet_2', 'to': 'Chiplet_5', 'connection_type': '2.5d_rdl', 'loc': '2.5d_chiplet'},{'from': 'Chiplet_2', 'to': 'Chiplet_1', 'connection_type': '2.5d_rdl', 'loc': '2.5d_chiplet'},{'from': 'Chiplet_5', 'to': 'Chiplet_2', 'connection_type': '2.5d_rdl', 'loc': '2.5d_chiplet'},{'from': 'Chiplet_5', 'to': 'Chiplet_1', 'connection_type': '2.5d_rdl', 'loc': '2.5d_chiplet'},{'from': 'Chiplet_3', 'to': 'Chiplet_4', 'connection_type': '2.5d_rdl', 'loc': '2.5d_chiplet'},{'from': 'Chiplet_3', 'to': 'Chiplet_6', 'connection_type': '2.5d_rdl', 'loc': '2.5d_chiplet'},{'from': 'Chiplet_3', 'to': 'Chiplet_1', 'connection_type': '2.5d_rdl', 'loc': '2.5d_chiplet'},{'from': 'Chiplet_6', 'to': 'Chiplet_3', 'connection_type': '2.5d_rdl', 'loc': '2.5d_chiplet'},{'from': 'Chiplet_6', 'to': 'Chiplet_4', 'connection_type': '2.5d_rdl', 'loc': '2.5d_chiplet'},{'from': 'Chiplet_6', 'to': 'Chiplet_1', 'connection_type': '2.5d_rdl', 'loc': '2.5d_chiplet'},{'from': 'Chiplet_4', 'to': 'Chiplet_3', 'connection_type': '2.5d_rdl', 'loc': '2.5d_chiplet'},{'from': 'Chiplet_4', 'to': 'Chiplet_6', 'connection_type': '2.5d_rdl', 'loc': '2.5d_chiplet'}",3,1,1,1,1,1,ddr4,ucie_std,na,1,0,ws,0,0,0
197,29.059494187264512,3411083.73,168212.51617391896,150778009.945462,30419.11300966846,19307.677131855664,197,3.5867297574793953,3.8395579270749995,2048,96x96,14,1.4141952089375351,1.7054115854749998,512,64x64,14,1.5385781800824634,3.1172648505374996,1024,96x96,10,0.552198,1.11875,768,64x64,7,6.975099908490179,6.821646341899999,4096,128x128,14,7.419580457366196,12.973514847541198,6144,192x192,10,2.5d,"{'from': 'Chiplet_6', 'to': 'Chiplet_2', 'connection_type': '2.5d_emib', 'loc': '2.5d_chiplet'},{'from': 'Chiplet_6', 'to': 'Chiplet_5', 'connection_type': '2.5d_emib', 'loc': '2.5d_chiplet'},{'from': 'Chiplet_6', 'to': 'Chiplet_3', 'connection_type': '2.5d_emib', 'loc': '2.5d_chiplet'},{'from': 'Chiplet_3', 'to': 'Chiplet_2', 'connection_type': '2.5d_emib', 'loc': '2.5d_chiplet'},{'from': 'Chiplet_3', 'to': 'Chiplet_6', 'connection_type': '2.5d_emib', 'loc': '2.5d_chiplet'},{'from': 'Chiplet_3', 'to': 'Chiplet_4', 'connection_type': '2.5d_emib', 'loc': '2.5d_chiplet'},{'from': 'Chiplet_2', 'to': 'Chiplet_4', 'connection_type': '2.5d_emib', 'loc': '2.5d_chiplet'},{'from': 'Chiplet_2', 'to': 'Chiplet_3', 'connection_type': '2.5d_emib', 'loc': '2.5d_chiplet'},{'from': 'Chiplet_2', 'to': 'Chiplet_6', 'connection_type': '2.5d_emib', 'loc': '2.5d_chiplet'},{'from': 'Chiplet_2', 'to': 'Chiplet_1', 'connection_type': '2.5d_emib', 'loc': '2.5d_chiplet'},{'from': 'Chiplet_4', 'to': 'Chiplet_2', 'connection_type': '2.5d_emib', 'loc': '2.5d_chiplet'},{'from': 'Chiplet_4', 'to': 'Chiplet_3', 'connection_type': '2.5d_emib', 'loc': '2.5d_chiplet'},{'from': 'Chiplet_5', 'to': 'Chiplet_6', 'connection_type': '2.5d_emib', 'loc': '2.5d_chiplet'},{'from': 'Chiplet_5', 'to': 'Chiplet_1', 'connection_type': '2.5d_emib', 'loc': '2.5d_chiplet'},{'from': 'Chiplet_1', 'to': 'Chiplet_2', 'connection_type': '2.5d_emib', 'loc': '2.5d_chiplet'},{'from': 'Chiplet_1', 'to': 'Chiplet_5', 'connection_type': '2.5d_emib', 'loc': '2.5d_chiplet'}",3,1,1,1,5,5,hbm3,ucie_adv,na,1,0,ws,1,0,0
198,41.534177696216936,5797060.98,120203.92641620606,220127006.51540247,8612.837837837838,12325.448887673065,198,0.552198,1.11875,768,64x64,7,1.7117881800824635,3.1172648505374996,1536,96x96,10,12.799492673176792,15.979573171754398,4096,192x192,14,14.117807839976791,15.979573171754398,6144,192x192,14,1.8849981800824636,3.1172648505374996,2048,96x96,10,6.033899457366197,12.973514847541198,2048,192x192,10,2.5d_3d,"{'from': 'Chiplet_3', 'to': 'Chiplet_6', 'connection_type': '3d_u_bump', 'loc': 'stack0_base'},{'from': 'Chiplet_6', 'to': 'Chiplet_2', 'connection_type': '3d_u_bump', 'loc': 'stack0_middle1'},{'from': 'Chiplet_2', 'to': 'Chiplet_1', 'connection_type': '3d_u_bump', 'loc': 'stack0_middle2'},{'from': 'Chiplet_1', 'to': 'na', 'connection_type': '3d_u_bump', 'loc': 'stack0_top'},{'from': 'Chiplet_4', 'to': 'Chiplet_3', 'connection_type': '2.5d_rdl', 'loc': '2.5d_chiplet'},{'from': 'Chiplet_4', 'to': 'Chiplet_5', 'connection_type': '2.5d_rdl', 'loc': '2.5d_chiplet'},{'from': 'Chiplet_3', 'to': 'Chiplet_5', 'connection_type': '2.5d_rdl', 'loc': '2.5d_chiplet'},{'from': 'Chiplet_3', 'to': 'Chiplet_4', 'connection_type': '2.5d_rdl', 'loc': '2.5d_chiplet'},{'from': 'Chiplet_5', 'to': 'Chiplet_3', 'connection_type': '2.5d_rdl', 'loc': '2.5d_chiplet'},{'from': 'Chiplet_5', 'to': 'Chiplet_4', 'connection_type': '2.5d_rdl', 'loc': '2.5d_chiplet'}",1,1,5,6,1,2,hbm2,ucie_std,ucie_3d,0,0,os,0,0,0
199,27.86918958722984,3965286.05,94224.47009960937,424383996.1333902,59795.86787044701,51285.731984861806,199,0.743226759447044,1.3845915837374998,512,64x64,10,1.86237254,4.475,2048,128x128,7,11.481175603606792,15.979573171754398,2048,192x192,14,2.972908090547913,5.538366334949999,2048,128x128,10,5.5109919519999995,10.4826,8192,192x192,7,1.743774000637535,1.7054115854749998,1024,64x64,14,2.5d_3d,"{'from': 'Chiplet_3', 'to': 'Chiplet_1', 'connection_type': '3d_hyb_bond', 'loc': 'stack0_base'},{'from': 'Chiplet_1', 'to': 'na', 'connection_type': '3d_hyb_bond', 'loc': 'stack0_top'},{'from': 'Chiplet_3', 'to': 'Chiplet_5', 'connection_type': '2.5d_rdl', 'loc': '2.5d_chiplet'},{'from': 'Chiplet_3', 'to': 'Chiplet_4', 'connection_type': '2.5d_rdl', 'loc': '2.5d_chiplet'},{'from': 'Chiplet_5', 'to': 'Chiplet_2', 'connection_type': '2.5d_rdl', 'loc': '2.5d_chiplet'},{'from': 'Chiplet_5', 'to': 'Chiplet_3', 'connection_type': '2.5d_rdl', 'loc': '2.5d_chiplet'},{'from': 'Chiplet_5', 'to': 'Chiplet_4', 'connection_type': '2.5d_rdl', 'loc': '2.5d_chiplet'},{'from': 'Chiplet_4', 'to': 'Chiplet_2', 'connection_type': '2.5d_rdl', 'loc': '2.5d_chiplet'},{'from': 'Chiplet_4', 'to': 'Chiplet_3', 'connection_type': '2.5d_rdl', 'loc': '2.5d_chiplet'},{'from': 'Chiplet_4', 'to': 'Chiplet_6', 'connection_type': '2.5d_rdl', 'loc': '2.5d_chiplet'},{'from': 'Chiplet_4', 'to': 'Chiplet_5', 'connection_type': '2.5d_rdl', 'loc': '2.5d_chiplet'},{'from': 'Chiplet_2', 'to': 'Chiplet_5', 'connection_type': '2.5d_rdl', 'loc': '2.5d_chiplet'},{'from': 'Chiplet_2', 'to': 'Chiplet_4', 'connection_type': '2.5d_rdl', 'loc': '2.5d_chiplet'},{'from': 'Chiplet_2', 'to': 'Chiplet_6', 'connection_type': '2.5d_rdl', 'loc': '2.5d_chiplet'},{'from': 'Chiplet_6', 'to': 'Chiplet_2', 'connection_type': '2.5d_rdl', 'loc': '2.5d_chiplet'},{'from': 'Chiplet_6', 'to': 'Chiplet_4', 'connection_type': '2.5d_rdl', 'loc': '2.5d_chiplet'}",1,1,3,1,1,1,ddr4,ucie_std,ucie_3d,0,0,ws,1,0,0
200,20.422677210801616,1592797.52,41633.53751491779,696833379.3523784,23199.379084967317,20624.562403288015,200,1.3653681800824635,3.1172648505374996,512,96x96,10,1.4141952089375351,1.7054115854749998,512,64x64,14,4.9976252555201786,6.821646341899999,1024,128x128,14,1.249405813087535,1.7054115854749998,256,64x64,14,2.597993382379395,3.8395579270749995,512,96x96,14,0.552198,1.11875,768,64x64,7,2.5d,"{'from': 'Chiplet_3', 'to': 'Chiplet_5', 'connection_type': '2.5d_rdl', 'loc': '2.5d_chiplet'},{'from': 'Chiplet_3', 'to': 'Chiplet_4', 'connection_type': '2.5d_rdl', 'loc': '2.5d_chiplet'},{'from': 'Chiplet_4', 'to': 'Chiplet_2', 'connection_type': '2.5d_rdl', 'loc': '2.5d_chiplet'},{'from': 'Chiplet_4', 'to': 'Chiplet_5', 'connection_type': '2.5d_rdl', 'loc': '2.5d_chiplet'},{'from': 'Chiplet_4', 'to': 'Chiplet_3', 'connection_type': '2.5d_rdl', 'loc': '2.5d_chiplet'},{'from': 'Chiplet_5', 'to': 'Chiplet_4', 'connection_type': '2.5d_rdl', 'loc': '2.5d_chiplet'},{'from': 'Chiplet_5', 'to': 'Chiplet_2', 'connection_type': '2.5d_rdl', 'loc': '2.5d_chiplet'},{'from': 'Chiplet_5', 'to': 'Chiplet_6', 'connection_type': '2.5d_rdl', 'loc': '2.5d_chiplet'},{'from': 'Chiplet_5', 'to': 'Chiplet_3', 'connection_type': '2.5d_rdl', 'loc': '2.5d_chiplet'},{'from': 'Chiplet_5', 'to': 'Chiplet_1', 'connection_type': '2.5d_rdl', 'loc': '2.5d_chiplet'},{'from': 'Chiplet_6', 'to': 'Chiplet_5', 'connection_type': '2.5d_rdl', 'loc': '2.5d_chiplet'},{'from': 'Chiplet_6', 'to': 'Chiplet_1', 'connection_type': '2.5d_rdl', 'loc': '2.5d_chiplet'},{'from': 'Chiplet_2', 'to': 'Chiplet_5', 'connection_type': '2.5d_rdl', 'loc': '2.5d_chiplet'},{'from': 'Chiplet_2', 'to': 'Chiplet_4', 'connection_type': '2.5d_rdl', 'loc': '2.5d_chiplet'},{'from': 'Chiplet_2', 'to': 'Chiplet_1', 'connection_type': '2.5d_rdl', 'loc': '2.5d_chiplet'},{'from': 'Chiplet_1', 'to': 'Chiplet_2', 'connection_type': '2.5d_rdl', 'loc': '2.5d_chiplet'},{'from': 'Chiplet_1', 'to': 'Chiplet_5', 'connection_type': '2.5d_rdl', 'loc': '2.5d_chiplet'},{'from': 'Chiplet_1', 'to': 'Chiplet_6', 'connection_type': '2.5d_rdl', 'loc': '2.5d_chiplet'}",1,1,3,1,1,1,ddr4,ucie_std,na,1,0,is,0,0,0
201,53.73799017039488,5529062.83,110126.89701242688,184420463.69986242,16278.359788359787,17514.7826639481,201,8.112421457366196,12.973514847541198,8192,192x192,10,6.975099908490179,6.821646341899999,4096,128x128,14,1.7117881800824635,3.1172648505374996,1536,96x96,10,1.51595254,4.475,1024,128x128,7,12.799492673176792,15.979573171754398,4096,192x192,14,3.5867297574793953,3.8395579270749995,2048,96x96,14,2.5d,"{'from': 'Chiplet_5', 'to': 'Chiplet_2', 'connection_type': '2.5d_rdl', 'loc': '2.5d_chiplet'},{'from': 'Chiplet_5', 'to': 'Chiplet_4', 'connection_type': '2.5d_rdl', 'loc': '2.5d_chiplet'},{'from': 'Chiplet_5', 'to': 'Chiplet_6', 'connection_type': '2.5d_rdl', 'loc': '2.5d_chiplet'},{'from': 'Chiplet_5', 'to': 'Chiplet_1', 'connection_type': '2.5d_rdl', 'loc': '2.5d_chiplet'},{'from': 'Chiplet_6', 'to': 'Chiplet_5', 'connection_type': '2.5d_rdl', 'loc': '2.5d_chiplet'},{'from': 'Chiplet_6', 'to': 'Chiplet_4', 'connection_type': '2.5d_rdl', 'loc': '2.5d_chiplet'},{'from': 'Chiplet_4', 'to': 'Chiplet_5', 'connection_type': '2.5d_rdl', 'loc': '2.5d_chiplet'},{'from': 'Chiplet_4', 'to': 'Chiplet_6', 'connection_type': '2.5d_rdl', 'loc': '2.5d_chiplet'},{'from': 'Chiplet_1', 'to': 'Chiplet_2', 'connection_type': '2.5d_rdl', 'loc': '2.5d_chiplet'},{'from': 'Chiplet_1', 'to': 'Chiplet_5', 'connection_type': '2.5d_rdl', 'loc': '2.5d_chiplet'},{'from': 'Chiplet_1', 'to': 'Chiplet_3', 'connection_type': '2.5d_rdl', 'loc': '2.5d_chiplet'},{'from': 'Chiplet_2', 'to': 'Chiplet_5', 'connection_type': '2.5d_rdl', 'loc': '2.5d_chiplet'},{'from': 'Chiplet_2', 'to': 'Chiplet_1', 'connection_type': '2.5d_rdl', 'loc': '2.5d_chiplet'},{'from': 'Chiplet_2', 'to': 'Chiplet_3', 'connection_type': '2.5d_rdl', 'loc': '2.5d_chiplet'},{'from': 'Chiplet_3', 'to': 'Chiplet_2', 'connection_type': '2.5d_rdl', 'loc': '2.5d_chiplet'},{'from': 'Chiplet_3', 'to': 'Chiplet_1', 'connection_type': '2.5d_rdl', 'loc': '2.5d_chiplet'}",3,3,1,1,6,2,hbm3,ucie_std,na,1,0,is,0,0,0
202,33.21022024419263,4666256.25,180891.11247632725,477556986.7928744,6628.2298288508555,14206.917938939781,202,15.436124909546791,15.979573171754398,8192,192x192,14,4.1253109519999995,10.4826,4096,192x192,7,4.818150952,10.4826,6144,192x192,7,0.829831759447044,1.3845915837374998,768,64x64,10,2.20879254,4.475,3072,128x128,7,1.249405813087535,1.7054115854749998,256,64x64,14,2.5d_3d,"{'from': 'Chiplet_5', 'to': 'Chiplet_4', 'connection_type': '3d_tsv', 'loc': 'stack0_base'},{'from': 'Chiplet_4', 'to': 'na', 'connection_type': '3d_tsv', 'loc': 'stack0_top'},{'from': 'Chiplet_1', 'to': 'Chiplet_2', 'connection_type': '2.5d_emib', 'loc': '2.5d_chiplet'},{'from': 'Chiplet_1', 'to': 'Chiplet_3', 'connection_type': '2.5d_emib', 'loc': '2.5d_chiplet'},{'from': 'Chiplet_3', 'to': 'Chiplet_2', 'connection_type': '2.5d_emib', 'loc': '2.5d_chiplet'},{'from': 'Chiplet_3', 'to': 'Chiplet_5', 'connection_type': '2.5d_emib', 'loc': '2.5d_chiplet'},{'from': 'Chiplet_3', 'to': 'Chiplet_6', 'connection_type': '2.5d_emib', 'loc': '2.5d_chiplet'},{'from': 'Chiplet_3', 'to': 'Chiplet_1', 'connection_type': '2.5d_emib', 'loc': '2.5d_chiplet'},{'from': 'Chiplet_6', 'to': 'Chiplet_3', 'connection_type': '2.5d_emib', 'loc': '2.5d_chiplet'},{'from': 'Chiplet_6', 'to': 'Chiplet_5', 'connection_type': '2.5d_emib', 'loc': '2.5d_chiplet'},{'from': 'Chiplet_2', 'to': 'Chiplet_5', 'connection_type': '2.5d_emib', 'loc': '2.5d_chiplet'},{'from': 'Chiplet_2', 'to': 'Chiplet_1', 'connection_type': '2.5d_emib', 'loc': '2.5d_chiplet'},{'from': 'Chiplet_2', 'to': 'Chiplet_3', 'connection_type': '2.5d_emib', 'loc': '2.5d_chiplet'},{'from': 'Chiplet_5', 'to': 'Chiplet_2', 'connection_type': '2.5d_emib', 'loc': '2.5d_chiplet'},{'from': 'Chiplet_5', 'to': 'Chiplet_3', 'connection_type': '2.5d_emib', 'loc': '2.5d_chiplet'},{'from': 'Chiplet_5', 'to': 'Chiplet_6', 'connection_type': '2.5d_emib', 'loc': '2.5d_chiplet'}",3,1,1,1,1,1,ddr5,ucie_adv,ucie_3d,0,0,os,0,0,0
203,31.548192523656088,3364718.05,90599.906695073,338255464.7084954,49571.72258278459,39708.33148929077,203,0.784712696,2.51875,512,96x96,7,0.552198,1.11875,768,64x64,7,12.799492673176792,15.979573171754398,4096,192x192,14,4.818150952,10.4826,6144,192x192,7,3.665749090547913,5.538366334949999,4096,128x128,10,0.46559300000000003,1.11875,512,64x64,7,2.5d,"{'from': 'Chiplet_3', 'to': 'Chiplet_5', 'connection_type': '2.5d_rdl', 'loc': '2.5d_chiplet'},{'from': 'Chiplet_3', 'to': 'Chiplet_4', 'connection_type': '2.5d_rdl', 'loc': '2.5d_chiplet'},{'from': 'Chiplet_4', 'to': 'Chiplet_3', 'connection_type': '2.5d_rdl', 'loc': '2.5d_chiplet'},{'from': 'Chiplet_4', 'to': 'Chiplet_6', 'connection_type': '2.5d_rdl', 'loc': '2.5d_chiplet'},{'from': 'Chiplet_4', 'to': 'Chiplet_5', 'connection_type': '2.5d_rdl', 'loc': '2.5d_chiplet'},{'from': 'Chiplet_4', 'to': 'Chiplet_1', 'connection_type': '2.5d_rdl', 'loc': '2.5d_chiplet'},{'from': 'Chiplet_6', 'to': 'Chiplet_4', 'connection_type': '2.5d_rdl', 'loc': '2.5d_chiplet'},{'from': 'Chiplet_6', 'to': 'Chiplet_1', 'connection_type': '2.5d_rdl', 'loc': '2.5d_chiplet'},{'from': 'Chiplet_5', 'to': 'Chiplet_2', 'connection_type': '2.5d_rdl', 'loc': '2.5d_chiplet'},{'from': 'Chiplet_5', 'to': 'Chiplet_3', 'connection_type': '2.5d_rdl', 'loc': '2.5d_chiplet'},{'from': 'Chiplet_5', 'to': 'Chiplet_4', 'connection_type': '2.5d_rdl', 'loc': '2.5d_chiplet'},{'from': 'Chiplet_5', 'to': 'Chiplet_1', 'connection_type': '2.5d_rdl', 'loc': '2.5d_chiplet'},{'from': 'Chiplet_1', 'to': 'Chiplet_2', 'connection_type': '2.5d_rdl', 'loc': '2.5d_chiplet'},{'from': 'Chiplet_1', 'to': 'Chiplet_5', 'connection_type': '2.5d_rdl', 'loc': '2.5d_chiplet'},{'from': 'Chiplet_1', 'to': 'Chiplet_4', 'connection_type': '2.5d_rdl', 'loc': '2.5d_chiplet'},{'from': 'Chiplet_1', 'to': 'Chiplet_6', 'connection_type': '2.5d_rdl', 'loc': '2.5d_chiplet'},{'from': 'Chiplet_2', 'to': 'Chiplet_5', 'connection_type': '2.5d_rdl', 'loc': '2.5d_chiplet'},{'from': 'Chiplet_2', 'to': 'Chiplet_1', 'connection_type': '2.5d_rdl', 'loc': '2.5d_chiplet'}",1,1,3,1,1,1,ddr5,ucie_std,na,0,0,os,1,0,0
204,30.98046414865145,4141644.09,185033.76222464532,149867672.27811792,33984.00582972392,27101.015455696706,204,3.665749090547913,5.538366334949999,4096,128x128,10,1.86237254,4.475,2048,128x128,7,12.799492673176792,15.979573171754398,4096,192x192,14,0.378988,1.11875,256,64x64,7,0.829831759447044,1.3845915837374998,768,64x64,10,4.1253109519999995,10.4826,4096,192x192,7,2.5d,"{'from': 'Chiplet_3', 'to': 'Chiplet_6', 'connection_type': '2.5d_emib', 'loc': '2.5d_chiplet'},{'from': 'Chiplet_3', 'to': 'Chiplet_1', 'connection_type': '2.5d_emib', 'loc': '2.5d_chiplet'},{'from': 'Chiplet_6', 'to': 'Chiplet_3', 'connection_type': '2.5d_emib', 'loc': '2.5d_chiplet'},{'from': 'Chiplet_6', 'to': 'Chiplet_4', 'connection_type': '2.5d_emib', 'loc': '2.5d_chiplet'},{'from': 'Chiplet_6', 'to': 'Chiplet_5', 'connection_type': '2.5d_emib', 'loc': '2.5d_chiplet'},{'from': 'Chiplet_6', 'to': 'Chiplet_1', 'connection_type': '2.5d_emib', 'loc': '2.5d_chiplet'},{'from': 'Chiplet_5', 'to': 'Chiplet_4', 'connection_type': '2.5d_emib', 'loc': '2.5d_chiplet'},{'from': 'Chiplet_5', 'to': 'Chiplet_6', 'connection_type': '2.5d_emib', 'loc': '2.5d_chiplet'},{'from': 'Chiplet_4', 'to': 'Chiplet_2', 'connection_type': '2.5d_emib', 'loc': '2.5d_chiplet'},{'from': 'Chiplet_4', 'to': 'Chiplet_5', 'connection_type': '2.5d_emib', 'loc': '2.5d_chiplet'},{'from': 'Chiplet_4', 'to': 'Chiplet_6', 'connection_type': '2.5d_emib', 'loc': '2.5d_chiplet'},{'from': 'Chiplet_1', 'to': 'Chiplet_2', 'connection_type': '2.5d_emib', 'loc': '2.5d_chiplet'},{'from': 'Chiplet_1', 'to': 'Chiplet_3', 'connection_type': '2.5d_emib', 'loc': '2.5d_chiplet'},{'from': 'Chiplet_1', 'to': 'Chiplet_6', 'connection_type': '2.5d_emib', 'loc': '2.5d_chiplet'},{'from': 'Chiplet_2', 'to': 'Chiplet_4', 'connection_type': '2.5d_emib', 'loc': '2.5d_chiplet'},{'from': 'Chiplet_2', 'to': 'Chiplet_1', 'connection_type': '2.5d_emib', 'loc': '2.5d_chiplet'}",2,1,8,1,1,3,hbm3,aib,na,1,0,ws,1,0,0
205,16.627137736128077,2488692.97,58774.81877563156,142717152.43163452,14633.452768729641,9304.550624826441,205,4.9976252555201786,6.821646341899999,1024,128x128,14,5.656782838920179,6.821646341899999,2048,128x128,14,2.927572174079395,3.8395579270749995,1024,96x96,14,0.46559300000000003,1.11875,512,64x64,7,1.7117881800824635,3.1172648505374996,1536,96x96,10,1.5385781800824634,3.1172648505374996,1024,96x96,10,2.5d_3d,"{'from': 'Chiplet_2', 'to': 'Chiplet_5', 'connection_type': '3d_u_bump', 'loc': 'stack0_base'},{'from': 'Chiplet_5', 'to': 'Chiplet_6', 'connection_type': '3d_u_bump', 'loc': 'stack0_middle1'},{'from': 'Chiplet_6', 'to': 'Chiplet_4', 'connection_type': '3d_u_bump', 'loc': 'stack0_middle2'},{'from': 'Chiplet_4', 'to': 'na', 'connection_type': '3d_u_bump', 'loc': 'stack0_top'},{'from': 'Chiplet_2', 'to': 'Chiplet_3', 'connection_type': '2.5d_rdl', 'loc': '2.5d_chiplet'},{'from': 'Chiplet_2', 'to': 'Chiplet_1', 'connection_type': '2.5d_rdl', 'loc': '2.5d_chiplet'},{'from': 'Chiplet_1', 'to': 'Chiplet_2', 'connection_type': '2.5d_rdl', 'loc': '2.5d_chiplet'},{'from': 'Chiplet_1', 'to': 'Chiplet_3', 'connection_type': '2.5d_rdl', 'loc': '2.5d_chiplet'},{'from': 'Chiplet_3', 'to': 'Chiplet_2', 'connection_type': '2.5d_rdl', 'loc': '2.5d_chiplet'},{'from': 'Chiplet_3', 'to': 'Chiplet_1', 'connection_type': '2.5d_rdl', 'loc': '2.5d_chiplet'}",5,5,3,1,1,1,hbm3,ucie_std,ucie_3d,0,0,is,0,0,0
206,13.522776609890183,1618535.25,41232.90283313574,160324017.42339036,10991.666666666666,6764.808218742969,206,0.656621759447044,1.3845915837374998,256,64x64,10,1.3653681800824635,3.1172648505374996,512,96x96,10,0.743226759447044,1.3845915837374998,512,64x64,10,1.51595254,4.475,1024,128x128,7,1.249405813087535,1.7054115854749998,256,64x64,14,4.9976252555201786,6.821646341899999,1024,128x128,14,2.5d,"{'from': 'Chiplet_6', 'to': 'Chiplet_2', 'connection_type': '2.5d_rdl', 'loc': '2.5d_chiplet'},{'from': 'Chiplet_6', 'to': 'Chiplet_4', 'connection_type': '2.5d_rdl', 'loc': '2.5d_chiplet'},{'from': 'Chiplet_4', 'to': 'Chiplet_2', 'connection_type': '2.5d_rdl', 'loc': '2.5d_chiplet'},{'from': 'Chiplet_4', 'to': 'Chiplet_3', 'connection_type': '2.5d_rdl', 'loc': '2.5d_chiplet'},{'from': 'Chiplet_4', 'to': 'Chiplet_6', 'connection_type': '2.5d_rdl', 'loc': '2.5d_chiplet'},{'from': 'Chiplet_4', 'to': 'Chiplet_1', 'connection_type': '2.5d_rdl', 'loc': '2.5d_chiplet'},{'from': 'Chiplet_3', 'to': 'Chiplet_4', 'connection_type': '2.5d_rdl', 'loc': '2.5d_chiplet'},{'from': 'Chiplet_3', 'to': 'Chiplet_1', 'connection_type': '2.5d_rdl', 'loc': '2.5d_chiplet'},{'from': 'Chiplet_1', 'to': 'Chiplet_3', 'connection_type': '2.5d_rdl', 'loc': '2.5d_chiplet'},{'from': 'Chiplet_1', 'to': 'Chiplet_4', 'connection_type': '2.5d_rdl', 'loc': '2.5d_chiplet'},{'from': 'Chiplet_1', 'to': 'Chiplet_5', 'connection_type': '2.5d_rdl', 'loc': '2.5d_chiplet'},{'from': 'Chiplet_2', 'to': 'Chiplet_5', 'connection_type': '2.5d_rdl', 'loc': '2.5d_chiplet'},{'from': 'Chiplet_2', 'to': 'Chiplet_6', 'connection_type': '2.5d_rdl', 'loc': '2.5d_chiplet'},{'from': 'Chiplet_2', 'to': 'Chiplet_4', 'connection_type': '2.5d_rdl', 'loc': '2.5d_chiplet'},{'from': 'Chiplet_5', 'to': 'Chiplet_2', 'connection_type': '2.5d_rdl', 'loc': '2.5d_chiplet'},{'from': 'Chiplet_5', 'to': 'Chiplet_1', 'connection_type': '2.5d_rdl', 'loc': '2.5d_chiplet'}",1,2,1,2,2,8,hbm2,ucie_std,na,0,0,os,0,0,0
207,49.54290607998825,4354899.69,104119.32682717417,391720311.62078595,70965.34615246413,76198.00431946268,207,11.481175603606792,15.979573171754398,2048,192x192,14,4.9976252555201786,6.821646341899999,1024,128x128,14,11.481175603606792,15.979573171754398,2048,192x192,14,0.784712696,2.51875,512,96x96,7,3.432469952,10.4826,2048,192x192,7,0.378988,1.11875,256,64x64,7,2.5d,"{'from': 'Chiplet_1', 'to': 'Chiplet_2', 'connection_type': '2.5d_rdl', 'loc': '2.5d_chiplet'},{'from': 'Chiplet_1', 'to': 'Chiplet_3', 'connection_type': '2.5d_rdl', 'loc': '2.5d_chiplet'},{'from': 'Chiplet_2', 'to': 'Chiplet_5', 'connection_type': '2.5d_rdl', 'loc': '2.5d_chiplet'},{'from': 'Chiplet_2', 'to': 'Chiplet_1', 'connection_type': '2.5d_rdl', 'loc': '2.5d_chiplet'},{'from': 'Chiplet_3', 'to': 'Chiplet_5', 'connection_type': '2.5d_rdl', 'loc': '2.5d_chiplet'},{'from': 'Chiplet_3', 'to': 'Chiplet_4', 'connection_type': '2.5d_rdl', 'loc': '2.5d_chiplet'},{'from': 'Chiplet_3', 'to': 'Chiplet_1', 'connection_type': '2.5d_rdl', 'loc': '2.5d_chiplet'},{'from': 'Chiplet_5', 'to': 'Chiplet_2', 'connection_type': '2.5d_rdl', 'loc': '2.5d_chiplet'},{'from': 'Chiplet_5', 'to': 'Chiplet_6', 'connection_type': '2.5d_rdl', 'loc': '2.5d_chiplet'},{'from': 'Chiplet_5', 'to': 'Chiplet_4', 'connection_type': '2.5d_rdl', 'loc': '2.5d_chiplet'},{'from': 'Chiplet_5', 'to': 'Chiplet_3', 'connection_type': '2.5d_rdl', 'loc': '2.5d_chiplet'},{'from': 'Chiplet_4', 'to': 'Chiplet_5', 'connection_type': '2.5d_rdl', 'loc': '2.5d_chiplet'},{'from': 'Chiplet_4', 'to': 'Chiplet_6', 'connection_type': '2.5d_rdl', 'loc': '2.5d_chiplet'},{'from': 'Chiplet_4', 'to': 'Chiplet_3', 'connection_type': '2.5d_rdl', 'loc': '2.5d_chiplet'},{'from': 'Chiplet_6', 'to': 'Chiplet_5', 'connection_type': '2.5d_rdl', 'loc': '2.5d_chiplet'},{'from': 'Chiplet_6', 'to': 'Chiplet_4', 'connection_type': '2.5d_rdl', 'loc': '2.5d_chiplet'}",2,1,2,1,1,1,ddr4,ucie_std,na,0,0,is,1,0,0
208,19.939520085546583,2302241.67,53653.964504319585,135447638.84990886,18082.80339162692,10100.990178949023,208,1.743774000637535,1.7054115854749998,1024,64x64,14,0.656621759447044,1.3845915837374998,256,64x64,10,5.656782838920179,6.821646341899999,2048,128x128,14,0.638803,1.11875,1024,64x64,7,0.916436759447044,1.3845915837374998,1024,64x64,10,3.432469952,10.4826,2048,192x192,7,2.5d,"{'from': 'Chiplet_3', 'to': 'Chiplet_2', 'connection_type': '2.5d_rdl', 'loc': '2.5d_chiplet'},{'from': 'Chiplet_3', 'to': 'Chiplet_6', 'connection_type': '2.5d_rdl', 'loc': '2.5d_chiplet'},{'from': 'Chiplet_3', 'to': 'Chiplet_1', 'connection_type': '2.5d_rdl', 'loc': '2.5d_chiplet'},{'from': 'Chiplet_2', 'to': 'Chiplet_3', 'connection_type': '2.5d_rdl', 'loc': '2.5d_chiplet'},{'from': 'Chiplet_2', 'to': 'Chiplet_1', 'connection_type': '2.5d_rdl', 'loc': '2.5d_chiplet'},{'from': 'Chiplet_6', 'to': 'Chiplet_3', 'connection_type': '2.5d_rdl', 'loc': '2.5d_chiplet'},{'from': 'Chiplet_6', 'to': 'Chiplet_5', 'connection_type': '2.5d_rdl', 'loc': '2.5d_chiplet'},{'from': 'Chiplet_6', 'to': 'Chiplet_1', 'connection_type': '2.5d_rdl', 'loc': '2.5d_chiplet'},{'from': 'Chiplet_1', 'to': 'Chiplet_4', 'connection_type': '2.5d_rdl', 'loc': '2.5d_chiplet'},{'from': 'Chiplet_1', 'to': 'Chiplet_2', 'connection_type': '2.5d_rdl', 'loc': '2.5d_chiplet'},{'from': 'Chiplet_1', 'to': 'Chiplet_5', 'connection_type': '2.5d_rdl', 'loc': '2.5d_chiplet'},{'from': 'Chiplet_1', 'to': 'Chiplet_6', 'connection_type': '2.5d_rdl', 'loc': '2.5d_chiplet'},{'from': 'Chiplet_1', 'to': 'Chiplet_3', 'connection_type': '2.5d_rdl', 'loc': '2.5d_chiplet'},{'from': 'Chiplet_5', 'to': 'Chiplet_4', 'connection_type': '2.5d_rdl', 'loc': '2.5d_chiplet'},{'from': 'Chiplet_5', 'to': 'Chiplet_6', 'connection_type': '2.5d_rdl', 'loc': '2.5d_chiplet'},{'from': 'Chiplet_5', 'to': 'Chiplet_1', 'connection_type': '2.5d_rdl', 'loc': '2.5d_chiplet'},{'from': 'Chiplet_4', 'to': 'Chiplet_5', 'connection_type': '2.5d_rdl', 'loc': '2.5d_chiplet'},{'from': 'Chiplet_4', 'to': 'Chiplet_1', 'connection_type': '2.5d_rdl', 'loc': '2.5d_chiplet'}",2,1,7,1,1,4,hbm3,ucie_std,na,0,0,is,0,0,0
209,27.53319124631709,2926663.76,80561.27981121307,403402473.1494716,37943.42781454089,32913.07126556443,209,3.432469952,10.4826,2048,192x192,7,0.656621759447044,1.3845915837374998,256,64x64,10,0.552198,1.11875,768,64x64,7,12.799492673176792,15.979573171754398,4096,192x192,14,1.51595254,4.475,1024,128x128,7,1.8849981800824636,3.1172648505374996,2048,96x96,10,2.5d,"{'from': 'Chiplet_4', 'to': 'Chiplet_6', 'connection_type': '2.5d_rdl', 'loc': '2.5d_chiplet'},{'from': 'Chiplet_4', 'to': 'Chiplet_1', 'connection_type': '2.5d_rdl', 'loc': '2.5d_chiplet'},{'from': 'Chiplet_1', 'to': 'Chiplet_3', 'connection_type': '2.5d_rdl', 'loc': '2.5d_chiplet'},{'from': 'Chiplet_1', 'to': 'Chiplet_4', 'connection_type': '2.5d_rdl', 'loc': '2.5d_chiplet'},{'from': 'Chiplet_1', 'to': 'Chiplet_5', 'connection_type': '2.5d_rdl', 'loc': '2.5d_chiplet'},{'from': 'Chiplet_1', 'to': 'Chiplet_6', 'connection_type': '2.5d_rdl', 'loc': '2.5d_chiplet'},{'from': 'Chiplet_3', 'to': 'Chiplet_5', 'connection_type': '2.5d_rdl', 'loc': '2.5d_chiplet'},{'from': 'Chiplet_3', 'to': 'Chiplet_1', 'connection_type': '2.5d_rdl', 'loc': '2.5d_chiplet'},{'from': 'Chiplet_6', 'to': 'Chiplet_2', 'connection_type': '2.5d_rdl', 'loc': '2.5d_chiplet'},{'from': 'Chiplet_6', 'to': 'Chiplet_5', 'connection_type': '2.5d_rdl', 'loc': '2.5d_chiplet'},{'from': 'Chiplet_6', 'to': 'Chiplet_4', 'connection_type': '2.5d_rdl', 'loc': '2.5d_chiplet'},{'from': 'Chiplet_6', 'to': 'Chiplet_1', 'connection_type': '2.5d_rdl', 'loc': '2.5d_chiplet'},{'from': 'Chiplet_5', 'to': 'Chiplet_2', 'connection_type': '2.5d_rdl', 'loc': '2.5d_chiplet'},{'from': 'Chiplet_5', 'to': 'Chiplet_3', 'connection_type': '2.5d_rdl', 'loc': '2.5d_chiplet'},{'from': 'Chiplet_5', 'to': 'Chiplet_6', 'connection_type': '2.5d_rdl', 'loc': '2.5d_chiplet'},{'from': 'Chiplet_5', 'to': 'Chiplet_1', 'connection_type': '2.5d_rdl', 'loc': '2.5d_chiplet'},{'from': 'Chiplet_2', 'to': 'Chiplet_5', 'connection_type': '2.5d_rdl', 'loc': '2.5d_chiplet'},{'from': 'Chiplet_2', 'to': 'Chiplet_6', 'connection_type': '2.5d_rdl', 'loc': '2.5d_chiplet'}",1,1,1,3,1,1,ddr4,ucie_std,na,1,0,ws,1,0,0
210,68.33948556822968,7354064.08,221959.29014751618,184173524.94771624,8346.389793702498,12216.068255312084,210,8.112421457366196,12.973514847541198,8192,192x192,10,14.117807839976791,15.979573171754398,6144,192x192,14,6.975099908490179,6.821646341899999,4096,128x128,14,6.975099908490179,6.821646341899999,4096,128x128,14,3.432469952,10.4826,2048,192x192,7,1.86237254,4.475,2048,128x128,7,2.5d,"{'from': 'Chiplet_2', 'to': 'Chiplet_4', 'connection_type': '2.5d_emib', 'loc': '2.5d_chiplet'},{'from': 'Chiplet_2', 'to': 'Chiplet_1', 'connection_type': '2.5d_emib', 'loc': '2.5d_chiplet'},{'from': 'Chiplet_4', 'to': 'Chiplet_2', 'connection_type': '2.5d_emib', 'loc': '2.5d_chiplet'},{'from': 'Chiplet_4', 'to': 'Chiplet_3', 'connection_type': '2.5d_emib', 'loc': '2.5d_chiplet'},{'from': 'Chiplet_4', 'to': 'Chiplet_1', 'connection_type': '2.5d_emib', 'loc': '2.5d_chiplet'},{'from': 'Chiplet_1', 'to': 'Chiplet_4', 'connection_type': '2.5d_emib', 'loc': '2.5d_chiplet'},{'from': 'Chiplet_1', 'to': 'Chiplet_2', 'connection_type': '2.5d_emib', 'loc': '2.5d_chiplet'},{'from': 'Chiplet_1', 'to': 'Chiplet_5', 'connection_type': '2.5d_emib', 'loc': '2.5d_chiplet'},{'from': 'Chiplet_1', 'to': 'Chiplet_6', 'connection_type': '2.5d_emib', 'loc': '2.5d_chiplet'},{'from': 'Chiplet_1', 'to': 'Chiplet_3', 'connection_type': '2.5d_emib', 'loc': '2.5d_chiplet'},{'from': 'Chiplet_6', 'to': 'Chiplet_5', 'connection_type': '2.5d_emib', 'loc': '2.5d_chiplet'},{'from': 'Chiplet_6', 'to': 'Chiplet_1', 'connection_type': '2.5d_emib', 'loc': '2.5d_chiplet'},{'from': 'Chiplet_3', 'to': 'Chiplet_5', 'connection_type': '2.5d_emib', 'loc': '2.5d_chiplet'},{'from': 'Chiplet_3', 'to': 'Chiplet_4', 'connection_type': '2.5d_emib', 'loc': '2.5d_chiplet'},{'from': 'Chiplet_3', 'to': 'Chiplet_1', 'connection_type': '2.5d_emib', 'loc': '2.5d_chiplet'},{'from': 'Chiplet_5', 'to': 'Chiplet_3', 'connection_type': '2.5d_emib', 'loc': '2.5d_chiplet'},{'from': 'Chiplet_5', 'to': 'Chiplet_6', 'connection_type': '2.5d_emib', 'loc': '2.5d_chiplet'},{'from': 'Chiplet_5', 'to': 'Chiplet_1', 'connection_type': '2.5d_emib', 'loc': '2.5d_chiplet'}",3,5,3,3,1,1,hbm3,aib,na,1,0,ws,0,0,0
211,12.177161071753746,1349062.88,141688.22384156974,696434043.9442834,14746.045751633987,17257.099198032414,211,2.6264880905479133,5.538366334949999,1024,128x128,10,0.378988,1.11875,256,64x64,7,0.638803,1.11875,1024,64x64,7,1.743774000637535,1.7054115854749998,1024,64x64,14,2.6264880905479133,5.538366334949999,1024,128x128,10,0.916436759447044,1.3845915837374998,1024,64x64,10,2.5d,"{'from': 'Chiplet_1', 'to': 'Chiplet_5', 'connection_type': '2.5d_emib', 'loc': '2.5d_chiplet'},{'from': 'Chiplet_1', 'to': 'Chiplet_4', 'connection_type': '2.5d_emib', 'loc': '2.5d_chiplet'},{'from': 'Chiplet_4', 'to': 'Chiplet_6', 'connection_type': '2.5d_emib', 'loc': '2.5d_chiplet'},{'from': 'Chiplet_4', 'to': 'Chiplet_1', 'connection_type': '2.5d_emib', 'loc': '2.5d_chiplet'},{'from': 'Chiplet_5', 'to': 'Chiplet_3', 'connection_type': '2.5d_emib', 'loc': '2.5d_chiplet'},{'from': 'Chiplet_5', 'to': 'Chiplet_6', 'connection_type': '2.5d_emib', 'loc': '2.5d_chiplet'},{'from': 'Chiplet_5', 'to': 'Chiplet_1', 'connection_type': '2.5d_emib', 'loc': '2.5d_chiplet'},{'from': 'Chiplet_6', 'to': 'Chiplet_2', 'connection_type': '2.5d_emib', 'loc': '2.5d_chiplet'},{'from': 'Chiplet_6', 'to': 'Chiplet_3', 'connection_type': '2.5d_emib', 'loc': '2.5d_chiplet'},{'from': 'Chiplet_6', 'to': 'Chiplet_4', 'connection_type': '2.5d_emib', 'loc': '2.5d_chiplet'},{'from': 'Chiplet_6', 'to': 'Chiplet_5', 'connection_type': '2.5d_emib', 'loc': '2.5d_chiplet'},{'from': 'Chiplet_3', 'to': 'Chiplet_2', 'connection_type': '2.5d_emib', 'loc': '2.5d_chiplet'},{'from': 'Chiplet_3', 'to': 'Chiplet_5', 'connection_type': '2.5d_emib', 'loc': '2.5d_chiplet'},{'from': 'Chiplet_3', 'to': 'Chiplet_6', 'connection_type': '2.5d_emib', 'loc': '2.5d_chiplet'},{'from': 'Chiplet_2', 'to': 'Chiplet_3', 'connection_type': '2.5d_emib', 'loc': '2.5d_chiplet'},{'from': 'Chiplet_2', 'to': 'Chiplet_6', 'connection_type': '2.5d_emib', 'loc': '2.5d_chiplet'}",2,1,1,1,2,1,ddr4,ucie_adv,na,1,0,os,0,0,0
212,12.526042545421804,3083367.71,126605.60760715805,187543202.35814852,10488.333333333334,8753.87616613462,212,2.6264880905479133,5.538366334949999,1024,128x128,10,1.86237254,4.475,2048,128x128,7,1.304342696,2.51875,2048,96x96,7,0.829831759447044,1.3845915837374998,768,64x64,10,4.818150952,10.4826,6144,192x192,7,1.7117881800824635,3.1172648505374996,1536,96x96,10,2.5d_3d,"{'from': 'Chiplet_1', 'to': 'Chiplet_3', 'connection_type': '3d_hyb_bond', 'loc': 'stack0_base'},{'from': 'Chiplet_3', 'to': 'Chiplet_4', 'connection_type': '3d_hyb_bond', 'loc': 'stack0_middle1'},{'from': 'Chiplet_4', 'to': 'na', 'connection_type': '3d_hyb_bond', 'loc': 'stack0_top'},{'from': 'Chiplet_5', 'to': 'Chiplet_2', 'connection_type': '2.5d_emib', 'loc': '2.5d_chiplet'},{'from': 'Chiplet_5', 'to': 'Chiplet_1', 'connection_type': '2.5d_emib', 'loc': '2.5d_chiplet'},{'from': 'Chiplet_1', 'to': 'Chiplet_2', 'connection_type': '2.5d_emib', 'loc': '2.5d_chiplet'},{'from': 'Chiplet_1', 'to': 'Chiplet_5', 'connection_type': '2.5d_emib', 'loc': '2.5d_chiplet'},{'from': 'Chiplet_1', 'to': 'Chiplet_6', 'connection_type': '2.5d_emib', 'loc': '2.5d_chiplet'},{'from': 'Chiplet_2', 'to': 'Chiplet_5', 'connection_type': '2.5d_emib', 'loc': '2.5d_chiplet'},{'from': 'Chiplet_2', 'to': 'Chiplet_6', 'connection_type': '2.5d_emib', 'loc': '2.5d_chiplet'},{'from': 'Chiplet_2', 'to': 'Chiplet_1', 'connection_type': '2.5d_emib', 'loc': '2.5d_chiplet'},{'from': 'Chiplet_6', 'to': 'Chiplet_2', 'connection_type': '2.5d_emib', 'loc': '2.5d_chiplet'},{'from': 'Chiplet_6', 'to': 'Chiplet_1', 'connection_type': '2.5d_emib', 'loc': '2.5d_chiplet'}",3,2,2,1,6,2,hbm2,aib,ucie_3d,1,0,is,0,0,0
213,27.95866145225892,3565241.18,84551.5737517857,155836611.88423377,33856.41632276469,24534.944930725793,213,0.916436759447044,1.3845915837374998,1024,64x64,10,0.829831759447044,1.3845915837374998,768,64x64,10,14.117807839976791,15.979573171754398,6144,192x192,14,3.432469952,10.4826,2048,192x192,7,2.20879254,4.475,3072,128x128,7,0.378988,1.11875,256,64x64,7,2.5d,"{'from': 'Chiplet_3', 'to': 'Chiplet_5', 'connection_type': '2.5d_rdl', 'loc': '2.5d_chiplet'},{'from': 'Chiplet_3', 'to': 'Chiplet_4', 'connection_type': '2.5d_rdl', 'loc': '2.5d_chiplet'},{'from': 'Chiplet_4', 'to': 'Chiplet_3', 'connection_type': '2.5d_rdl', 'loc': '2.5d_chiplet'},{'from': 'Chiplet_4', 'to': 'Chiplet_6', 'connection_type': '2.5d_rdl', 'loc': '2.5d_chiplet'},{'from': 'Chiplet_4', 'to': 'Chiplet_5', 'connection_type': '2.5d_rdl', 'loc': '2.5d_chiplet'},{'from': 'Chiplet_4', 'to': 'Chiplet_1', 'connection_type': '2.5d_rdl', 'loc': '2.5d_chiplet'},{'from': 'Chiplet_6', 'to': 'Chiplet_4', 'connection_type': '2.5d_rdl', 'loc': '2.5d_chiplet'},{'from': 'Chiplet_6', 'to': 'Chiplet_1', 'connection_type': '2.5d_rdl', 'loc': '2.5d_chiplet'},{'from': 'Chiplet_5', 'to': 'Chiplet_2', 'connection_type': '2.5d_rdl', 'loc': '2.5d_chiplet'},{'from': 'Chiplet_5', 'to': 'Chiplet_3', 'connection_type': '2.5d_rdl', 'loc': '2.5d_chiplet'},{'from': 'Chiplet_5', 'to': 'Chiplet_4', 'connection_type': '2.5d_rdl', 'loc': '2.5d_chiplet'},{'from': 'Chiplet_5', 'to': 'Chiplet_1', 'connection_type': '2.5d_rdl', 'loc': '2.5d_chiplet'},{'from': 'Chiplet_1', 'to': 'Chiplet_2', 'connection_type': '2.5d_rdl', 'loc': '2.5d_chiplet'},{'from': 'Chiplet_1', 'to': 'Chiplet_5', 'connection_type': '2.5d_rdl', 'loc': '2.5d_chiplet'},{'from': 'Chiplet_1', 'to': 'Chiplet_4', 'connection_type': '2.5d_rdl', 'loc': '2.5d_chiplet'},{'from': 'Chiplet_1', 'to': 'Chiplet_6', 'connection_type': '2.5d_rdl', 'loc': '2.5d_chiplet'},{'from': 'Chiplet_2', 'to': 'Chiplet_5', 'connection_type': '2.5d_rdl', 'loc': '2.5d_chiplet'},{'from': 'Chiplet_2', 'to': 'Chiplet_1', 'connection_type': '2.5d_rdl', 'loc': '2.5d_chiplet'}",1,1,10,2,1,1,hbm3,ucie_std,na,0,0,os,1,0,0
214,22.789166779214618,3864450.78,89564.48423407132,198564920.6149338,5356.333333333333,7174.348159061005,214,3.432469952,10.4826,2048,192x192,7,2.55521354,4.475,4096,128x128,7,0.743226759447044,1.3845915837374998,512,64x64,10,2.55521354,4.475,4096,128x128,7,4.818150952,10.4826,6144,192x192,7,2.20879254,4.475,3072,128x128,7,2.5d,"{'from': 'Chiplet_5', 'to': 'Chiplet_2', 'connection_type': '2.5d_rdl', 'loc': '2.5d_chiplet'},{'from': 'Chiplet_5', 'to': 'Chiplet_3', 'connection_type': '2.5d_rdl', 'loc': '2.5d_chiplet'},{'from': 'Chiplet_5', 'to': 'Chiplet_4', 'connection_type': '2.5d_rdl', 'loc': '2.5d_chiplet'},{'from': 'Chiplet_5', 'to': 'Chiplet_1', 'connection_type': '2.5d_rdl', 'loc': '2.5d_chiplet'},{'from': 'Chiplet_4', 'to': 'Chiplet_3', 'connection_type': '2.5d_rdl', 'loc': '2.5d_chiplet'},{'from': 'Chiplet_4', 'to': 'Chiplet_5', 'connection_type': '2.5d_rdl', 'loc': '2.5d_chiplet'},{'from': 'Chiplet_3', 'to': 'Chiplet_5', 'connection_type': '2.5d_rdl', 'loc': '2.5d_chiplet'},{'from': 'Chiplet_3', 'to': 'Chiplet_4', 'connection_type': '2.5d_rdl', 'loc': '2.5d_chiplet'},{'from': 'Chiplet_1', 'to': 'Chiplet_2', 'connection_type': '2.5d_rdl', 'loc': '2.5d_chiplet'},{'from': 'Chiplet_1', 'to': 'Chiplet_5', 'connection_type': '2.5d_rdl', 'loc': '2.5d_chiplet'},{'from': 'Chiplet_1', 'to': 'Chiplet_6', 'connection_type': '2.5d_rdl', 'loc': '2.5d_chiplet'},{'from': 'Chiplet_2', 'to': 'Chiplet_5', 'connection_type': '2.5d_rdl', 'loc': '2.5d_chiplet'},{'from': 'Chiplet_2', 'to': 'Chiplet_6', 'connection_type': '2.5d_rdl', 'loc': '2.5d_chiplet'},{'from': 'Chiplet_2', 'to': 'Chiplet_1', 'connection_type': '2.5d_rdl', 'loc': '2.5d_chiplet'},{'from': 'Chiplet_6', 'to': 'Chiplet_2', 'connection_type': '2.5d_rdl', 'loc': '2.5d_chiplet'},{'from': 'Chiplet_6', 'to': 'Chiplet_1', 'connection_type': '2.5d_rdl', 'loc': '2.5d_chiplet'}",3,3,1,2,5,2,hbm2,ucie_std,na,1,0,ws,0,0,0
215,13.909391582234015,3956145.93,105959.22439119354,242465348.01678175,13666.216216216215,13687.07055924186,215,0.829831759447044,1.3845915837374998,768,64x64,10,8.112421457366196,12.973514847541198,8192,192x192,10,0.784712696,2.51875,512,96x96,7,3.5867297574793953,3.8395579270749995,2048,96x96,14,5.5109919519999995,10.4826,8192,192x192,7,3.665749090547913,5.538366334949999,4096,128x128,10,2.5d_3d,"{'from': 'Chiplet_2', 'to': 'Chiplet_5', 'connection_type': '3d_tsv', 'loc': 'stack0_base'},{'from': 'Chiplet_5', 'to': 'Chiplet_6', 'connection_type': '3d_tsv', 'loc': 'stack0_middle1'},{'from': 'Chiplet_6', 'to': 'Chiplet_1', 'connection_type': '3d_tsv', 'loc': 'stack0_middle2'},{'from': 'Chiplet_1', 'to': 'Chiplet_3', 'connection_type': '3d_tsv', 'loc': 'stack0_middle3'},{'from': 'Chiplet_3', 'to': 'na', 'connection_type': '3d_tsv', 'loc': 'stack0_top'},{'from': 'Chiplet_2', 'to': 'Chiplet_4', 'connection_type': '2.5d_emib', 'loc': '2.5d_chiplet'},{'from': 'Chiplet_4', 'to': 'Chiplet_2', 'connection_type': '2.5d_emib', 'loc': '2.5d_chiplet'}",1,6,1,2,4,2,hbm2,bow,ucie_3d,1,0,is,0,0,0
216,28.881082198381996,2465891.25,66125.44420730558,349782336.39334047,73848.01217509077,40126.93787325451,216,0.656621759447044,1.3845915837374998,256,64x64,10,0.552198,1.11875,768,64x64,7,14.117807839976791,15.979573171754398,6144,192x192,14,3.5867297574793953,3.8395579270749995,2048,96x96,14,0.656621759447044,1.3845915837374998,256,64x64,10,0.378988,1.11875,256,64x64,7,2.5d,"{'from': 'Chiplet_3', 'to': 'Chiplet_2', 'connection_type': '2.5d_rdl', 'loc': '2.5d_chiplet'},{'from': 'Chiplet_3', 'to': 'Chiplet_4', 'connection_type': '2.5d_rdl', 'loc': '2.5d_chiplet'},{'from': 'Chiplet_3', 'to': 'Chiplet_1', 'connection_type': '2.5d_rdl', 'loc': '2.5d_chiplet'},{'from': 'Chiplet_4', 'to': 'Chiplet_3', 'connection_type': '2.5d_rdl', 'loc': '2.5d_chiplet'},{'from': 'Chiplet_4', 'to': 'Chiplet_5', 'connection_type': '2.5d_rdl', 'loc': '2.5d_chiplet'},{'from': 'Chiplet_4', 'to': 'Chiplet_1', 'connection_type': '2.5d_rdl', 'loc': '2.5d_chiplet'},{'from': 'Chiplet_1', 'to': 'Chiplet_2', 'connection_type': '2.5d_rdl', 'loc': '2.5d_chiplet'},{'from': 'Chiplet_1', 'to': 'Chiplet_3', 'connection_type': '2.5d_rdl', 'loc': '2.5d_chiplet'},{'from': 'Chiplet_1', 'to': 'Chiplet_4', 'connection_type': '2.5d_rdl', 'loc': '2.5d_chiplet'},{'from': 'Chiplet_1', 'to': 'Chiplet_5', 'connection_type': '2.5d_rdl', 'loc': '2.5d_chiplet'},{'from': 'Chiplet_2', 'to': 'Chiplet_3', 'connection_type': '2.5d_rdl', 'loc': '2.5d_chiplet'},{'from': 'Chiplet_2', 'to': 'Chiplet_6', 'connection_type': '2.5d_rdl', 'loc': '2.5d_chiplet'},{'from': 'Chiplet_2', 'to': 'Chiplet_1', 'connection_type': '2.5d_rdl', 'loc': '2.5d_chiplet'},{'from': 'Chiplet_5', 'to': 'Chiplet_6', 'connection_type': '2.5d_rdl', 'loc': '2.5d_chiplet'},{'from': 'Chiplet_5', 'to': 'Chiplet_4', 'connection_type': '2.5d_rdl', 'loc': '2.5d_chiplet'},{'from': 'Chiplet_5', 'to': 'Chiplet_1', 'connection_type': '2.5d_rdl', 'loc': '2.5d_chiplet'},{'from': 'Chiplet_6', 'to': 'Chiplet_2', 'connection_type': '2.5d_rdl', 'loc': '2.5d_chiplet'},{'from': 'Chiplet_6', 'to': 'Chiplet_5', 'connection_type': '2.5d_rdl', 'loc': '2.5d_chiplet'}",1,1,3,1,1,1,ddr5,ucie_std,na,0,0,os,1,0,0
217,28.66682428118144,4455599.01,93331.03914446685,169771625.6345585,64138.09114868992,43466.929922119874,217,15.436124909546791,15.979573171754398,8192,192x192,14,2.20879254,4.475,3072,128x128,7,1.5385781800824634,3.1172648505374996,1024,96x96,10,1.4141952089375351,1.7054115854749998,512,64x64,14,2.55521354,4.475,4096,128x128,7,2.55521354,4.475,4096,128x128,7,2.5d_3d,"{'from': 'Chiplet_5', 'to': 'Chiplet_3', 'connection_type': '3d_tsv', 'loc': 'stack0_base'},{'from': 'Chiplet_3', 'to': 'Chiplet_4', 'connection_type': '3d_tsv', 'loc': 'stack0_middle1'},{'from': 'Chiplet_4', 'to': 'na', 'connection_type': '3d_tsv', 'loc': 'stack0_top'},{'from': 'Chiplet_1', 'to': 'Chiplet_5', 'connection_type': '2.5d_rdl', 'loc': '2.5d_chiplet'},{'from': 'Chiplet_1', 'to': 'Chiplet_6', 'connection_type': '2.5d_rdl', 'loc': '2.5d_chiplet'},{'from': 'Chiplet_5', 'to': 'Chiplet_2', 'connection_type': '2.5d_rdl', 'loc': '2.5d_chiplet'},{'from': 'Chiplet_5', 'to': 'Chiplet_6', 'connection_type': '2.5d_rdl', 'loc': '2.5d_chiplet'},{'from': 'Chiplet_5', 'to': 'Chiplet_1', 'connection_type': '2.5d_rdl', 'loc': '2.5d_chiplet'},{'from': 'Chiplet_2', 'to': 'Chiplet_5', 'connection_type': '2.5d_rdl', 'loc': '2.5d_chiplet'},{'from': 'Chiplet_2', 'to': 'Chiplet_6', 'connection_type': '2.5d_rdl', 'loc': '2.5d_chiplet'},{'from': 'Chiplet_6', 'to': 'Chiplet_2', 'connection_type': '2.5d_rdl', 'loc': '2.5d_chiplet'},{'from': 'Chiplet_6', 'to': 'Chiplet_5', 'connection_type': '2.5d_rdl', 'loc': '2.5d_chiplet'},{'from': 'Chiplet_6', 'to': 'Chiplet_1', 'connection_type': '2.5d_rdl', 'loc': '2.5d_chiplet'}",10,1,1,1,2,1,hbm3,ucie_std,ucie_3d,1,0,os,1,0,0
218,30.05223782122594,3302417.21,165614.59920418702,179540585.98738217,18091.666666666668,13628.192031715054,218,3.2571509657793953,3.8395579270749995,1536,96x96,14,5.656782838920179,6.821646341899999,2048,128x128,14,5.656782838920179,6.821646341899999,2048,128x128,14,1.249405813087535,1.7054115854749998,256,64x64,14,0.743226759447044,1.3845915837374998,512,64x64,10,3.432469952,10.4826,2048,192x192,7,2.5d,"{'from': 'Chiplet_2', 'to': 'Chiplet_3', 'connection_type': '2.5d_emib', 'loc': '2.5d_chiplet'},{'from': 'Chiplet_2', 'to': 'Chiplet_6', 'connection_type': '2.5d_emib', 'loc': '2.5d_chiplet'},{'from': 'Chiplet_2', 'to': 'Chiplet_5', 'connection_type': '2.5d_emib', 'loc': '2.5d_chiplet'},{'from': 'Chiplet_6', 'to': 'Chiplet_2', 'connection_type': '2.5d_emib', 'loc': '2.5d_chiplet'},{'from': 'Chiplet_6', 'to': 'Chiplet_5', 'connection_type': '2.5d_emib', 'loc': '2.5d_chiplet'},{'from': 'Chiplet_5', 'to': 'Chiplet_2', 'connection_type': '2.5d_emib', 'loc': '2.5d_chiplet'},{'from': 'Chiplet_5', 'to': 'Chiplet_6', 'connection_type': '2.5d_emib', 'loc': '2.5d_chiplet'},{'from': 'Chiplet_3', 'to': 'Chiplet_2', 'connection_type': '2.5d_emib', 'loc': '2.5d_chiplet'},{'from': 'Chiplet_3', 'to': 'Chiplet_4', 'connection_type': '2.5d_emib', 'loc': '2.5d_chiplet'},{'from': 'Chiplet_3', 'to': 'Chiplet_1', 'connection_type': '2.5d_emib', 'loc': '2.5d_chiplet'},{'from': 'Chiplet_1', 'to': 'Chiplet_3', 'connection_type': '2.5d_emib', 'loc': '2.5d_chiplet'},{'from': 'Chiplet_1', 'to': 'Chiplet_4', 'connection_type': '2.5d_emib', 'loc': '2.5d_chiplet'},{'from': 'Chiplet_4', 'to': 'Chiplet_3', 'connection_type': '2.5d_emib', 'loc': '2.5d_chiplet'},{'from': 'Chiplet_4', 'to': 'Chiplet_1', 'connection_type': '2.5d_emib', 'loc': '2.5d_chiplet'}",3,4,4,1,1,3,hbm2,aib,na,1,0,is,0,0,0
219,28.07824647664256,3446670.13,83856.54339729456,411762205.80786717,42194.23827205723,36647.605757635814,219,5.656782838920179,6.821646341899999,2048,128x128,14,1.578984604787535,1.7054115854749998,768,64x64,14,0.829831759447044,1.3845915837374998,768,64x64,10,11.481175603606792,15.979573171754398,2048,192x192,14,4.1253109519999995,10.4826,4096,192x192,7,0.46559300000000003,1.11875,512,64x64,7,2.5d_3d,"{'from': 'Chiplet_2', 'to': 'Chiplet_3', 'connection_type': '3d_u_bump', 'loc': 'stack0_base'},{'from': 'Chiplet_3', 'to': 'Chiplet_6', 'connection_type': '3d_u_bump', 'loc': 'stack0_middle1'},{'from': 'Chiplet_6', 'to': 'na', 'connection_type': '3d_u_bump', 'loc': 'stack0_top'},{'from': 'Chiplet_4', 'to': 'Chiplet_5', 'connection_type': '2.5d_rdl', 'loc': '2.5d_chiplet'},{'from': 'Chiplet_4', 'to': 'Chiplet_1', 'connection_type': '2.5d_rdl', 'loc': '2.5d_chiplet'},{'from': 'Chiplet_1', 'to': 'Chiplet_2', 'connection_type': '2.5d_rdl', 'loc': '2.5d_chiplet'},{'from': 'Chiplet_1', 'to': 'Chiplet_5', 'connection_type': '2.5d_rdl', 'loc': '2.5d_chiplet'},{'from': 'Chiplet_1', 'to': 'Chiplet_4', 'connection_type': '2.5d_rdl', 'loc': '2.5d_chiplet'},{'from': 'Chiplet_5', 'to': 'Chiplet_2', 'connection_type': '2.5d_rdl', 'loc': '2.5d_chiplet'},{'from': 'Chiplet_5', 'to': 'Chiplet_4', 'connection_type': '2.5d_rdl', 'loc': '2.5d_chiplet'},{'from': 'Chiplet_5', 'to': 'Chiplet_1', 'connection_type': '2.5d_rdl', 'loc': '2.5d_chiplet'},{'from': 'Chiplet_2', 'to': 'Chiplet_5', 'connection_type': '2.5d_rdl', 'loc': '2.5d_chiplet'},{'from': 'Chiplet_2', 'to': 'Chiplet_1', 'connection_type': '2.5d_rdl', 'loc': '2.5d_chiplet'}",1,1,1,3,1,1,ddr4,ucie_std,ucie_3d,0,0,is,1,0,0
220,49.92461161063619,4977088.07,204064.49277074012,453980956.35603726,26175.895061902353,31682.079196632298,220,5.5109919519999995,10.4826,8192,192x192,7,12.799492673176792,15.979573171754398,4096,192x192,14,2.927572174079395,3.8395579270749995,1024,96x96,14,2.597993382379395,3.8395579270749995,512,96x96,14,0.829831759447044,1.3845915837374998,768,64x64,10,8.112421457366196,12.973514847541198,8192,192x192,10,2.5d,"{'from': 'Chiplet_2', 'to': 'Chiplet_3', 'connection_type': '2.5d_emib', 'loc': '2.5d_chiplet'},{'from': 'Chiplet_2', 'to': 'Chiplet_6', 'connection_type': '2.5d_emib', 'loc': '2.5d_chiplet'},{'from': 'Chiplet_2', 'to': 'Chiplet_5', 'connection_type': '2.5d_emib', 'loc': '2.5d_chiplet'},{'from': 'Chiplet_2', 'to': 'Chiplet_1', 'connection_type': '2.5d_emib', 'loc': '2.5d_chiplet'},{'from': 'Chiplet_3', 'to': 'Chiplet_2', 'connection_type': '2.5d_emib', 'loc': '2.5d_chiplet'},{'from': 'Chiplet_3', 'to': 'Chiplet_5', 'connection_type': '2.5d_emib', 'loc': '2.5d_chiplet'},{'from': 'Chiplet_5', 'to': 'Chiplet_2', 'connection_type': '2.5d_emib', 'loc': '2.5d_chiplet'},{'from': 'Chiplet_5', 'to': 'Chiplet_3', 'connection_type': '2.5d_emib', 'loc': '2.5d_chiplet'},{'from': 'Chiplet_6', 'to': 'Chiplet_2', 'connection_type': '2.5d_emib', 'loc': '2.5d_chiplet'},{'from': 'Chiplet_6', 'to': 'Chiplet_4', 'connection_type': '2.5d_emib', 'loc': '2.5d_chiplet'},{'from': 'Chiplet_6', 'to': 'Chiplet_1', 'connection_type': '2.5d_emib', 'loc': '2.5d_chiplet'},{'from': 'Chiplet_1', 'to': 'Chiplet_2', 'connection_type': '2.5d_emib', 'loc': '2.5d_chiplet'},{'from': 'Chiplet_1', 'to': 'Chiplet_6', 'connection_type': '2.5d_emib', 'loc': '2.5d_chiplet'},{'from': 'Chiplet_1', 'to': 'Chiplet_4', 'connection_type': '2.5d_emib', 'loc': '2.5d_chiplet'},{'from': 'Chiplet_4', 'to': 'Chiplet_6', 'connection_type': '2.5d_emib', 'loc': '2.5d_chiplet'},{'from': 'Chiplet_4', 'to': 'Chiplet_1', 'connection_type': '2.5d_emib', 'loc': '2.5d_chiplet'}",1,3,1,1,1,1,ddr4,ucie_adv,na,0,0,is,1,0,0
221,17.79421755161129,1969831.37,154299.15287890632,512135935.2385087,13412.189542483658,14309.343550771024,221,1.86237254,4.475,2048,128x128,7,0.638803,1.11875,1024,64x64,7,1.131132696,2.51875,1536,96x96,7,1.86237254,4.475,2048,128x128,7,3.3193280905479132,5.538366334949999,3072,128x128,10,1.578984604787535,1.7054115854749998,768,64x64,14,2.5d,"{'from': 'Chiplet_5', 'to': 'Chiplet_6', 'connection_type': '2.5d_emib', 'loc': '2.5d_chiplet'},{'from': 'Chiplet_5', 'to': 'Chiplet_1', 'connection_type': '2.5d_emib', 'loc': '2.5d_chiplet'},{'from': 'Chiplet_6', 'to': 'Chiplet_5', 'connection_type': '2.5d_emib', 'loc': '2.5d_chiplet'},{'from': 'Chiplet_6', 'to': 'Chiplet_4', 'connection_type': '2.5d_emib', 'loc': '2.5d_chiplet'},{'from': 'Chiplet_6', 'to': 'Chiplet_1', 'connection_type': '2.5d_emib', 'loc': '2.5d_chiplet'},{'from': 'Chiplet_1', 'to': 'Chiplet_4', 'connection_type': '2.5d_emib', 'loc': '2.5d_chiplet'},{'from': 'Chiplet_1', 'to': 'Chiplet_5', 'connection_type': '2.5d_emib', 'loc': '2.5d_chiplet'},{'from': 'Chiplet_1', 'to': 'Chiplet_6', 'connection_type': '2.5d_emib', 'loc': '2.5d_chiplet'},{'from': 'Chiplet_1', 'to': 'Chiplet_3', 'connection_type': '2.5d_emib', 'loc': '2.5d_chiplet'},{'from': 'Chiplet_3', 'to': 'Chiplet_2', 'connection_type': '2.5d_emib', 'loc': '2.5d_chiplet'},{'from': 'Chiplet_3', 'to': 'Chiplet_1', 'connection_type': '2.5d_emib', 'loc': '2.5d_chiplet'},{'from': 'Chiplet_4', 'to': 'Chiplet_2', 'connection_type': '2.5d_emib', 'loc': '2.5d_chiplet'},{'from': 'Chiplet_4', 'to': 'Chiplet_6', 'connection_type': '2.5d_emib', 'loc': '2.5d_chiplet'},{'from': 'Chiplet_4', 'to': 'Chiplet_1', 'connection_type': '2.5d_emib', 'loc': '2.5d_chiplet'},{'from': 'Chiplet_2', 'to': 'Chiplet_3', 'connection_type': '2.5d_emib', 'loc': '2.5d_chiplet'},{'from': 'Chiplet_2', 'to': 'Chiplet_4', 'connection_type': '2.5d_emib', 'loc': '2.5d_chiplet'}",1,1,1,1,3,1,ddr5,aib,na,0,0,ws,0,0,0
222,50.37525900998151,5557494.62,197578.84564423386,168077661.8545253,28594.20283793601,30024.52689384247,222,4.9976252555201786,6.821646341899999,1024,128x128,14,7.419580457366196,12.973514847541198,6144,192x192,10,2.6264880905479133,5.538366334949999,1024,128x128,10,1.7117881800824635,3.1172648505374996,1536,96x96,10,11.481175603606792,15.979573171754398,2048,192x192,14,6.975099908490179,6.821646341899999,4096,128x128,14,2.5d,"{'from': 'Chiplet_5', 'to': 'Chiplet_2', 'connection_type': '2.5d_emib', 'loc': '2.5d_chiplet'},{'from': 'Chiplet_5', 'to': 'Chiplet_4', 'connection_type': '2.5d_emib', 'loc': '2.5d_chiplet'},{'from': 'Chiplet_5', 'to': 'Chiplet_6', 'connection_type': '2.5d_emib', 'loc': '2.5d_chiplet'},{'from': 'Chiplet_5', 'to': 'Chiplet_1', 'connection_type': '2.5d_emib', 'loc': '2.5d_chiplet'},{'from': 'Chiplet_1', 'to': 'Chiplet_5', 'connection_type': '2.5d_emib', 'loc': '2.5d_chiplet'},{'from': 'Chiplet_1', 'to': 'Chiplet_4', 'connection_type': '2.5d_emib', 'loc': '2.5d_chiplet'},{'from': 'Chiplet_4', 'to': 'Chiplet_5', 'connection_type': '2.5d_emib', 'loc': '2.5d_chiplet'},{'from': 'Chiplet_4', 'to': 'Chiplet_1', 'connection_type': '2.5d_emib', 'loc': '2.5d_chiplet'},{'from': 'Chiplet_2', 'to': 'Chiplet_5', 'connection_type': '2.5d_emib', 'loc': '2.5d_chiplet'},{'from': 'Chiplet_2', 'to': 'Chiplet_6', 'connection_type': '2.5d_emib', 'loc': '2.5d_chiplet'},{'from': 'Chiplet_2', 'to': 'Chiplet_3', 'connection_type': '2.5d_emib', 'loc': '2.5d_chiplet'},{'from': 'Chiplet_6', 'to': 'Chiplet_2', 'connection_type': '2.5d_emib', 'loc': '2.5d_chiplet'},{'from': 'Chiplet_6', 'to': 'Chiplet_5', 'connection_type': '2.5d_emib', 'loc': '2.5d_chiplet'},{'from': 'Chiplet_6', 'to': 'Chiplet_3', 'connection_type': '2.5d_emib', 'loc': '2.5d_chiplet'},{'from': 'Chiplet_3', 'to': 'Chiplet_2', 'connection_type': '2.5d_emib', 'loc': '2.5d_chiplet'},{'from': 'Chiplet_3', 'to': 'Chiplet_6', 'connection_type': '2.5d_emib', 'loc': '2.5d_chiplet'}",2,4,1,1,5,3,hbm2,ucie_adv,na,0,0,os,1,0,0
223,14.396251327494335,1686436.77,41095.24675215026,117716943.91691588,10065.261437908497,5771.716416500839,223,2.597993382379395,3.8395579270749995,512,96x96,14,2.597993382379395,3.8395579270749995,512,96x96,14,1.7117881800824635,3.1172648505374996,1536,96x96,10,1.51595254,4.475,1024,128x128,7,1.249405813087535,1.7054115854749998,256,64x64,14,0.784712696,2.51875,512,96x96,7,2.5d,"{'from': 'Chiplet_1', 'to': 'Chiplet_2', 'connection_type': '2.5d_rdl', 'loc': '2.5d_chiplet'},{'from': 'Chiplet_1', 'to': 'Chiplet_3', 'connection_type': '2.5d_rdl', 'loc': '2.5d_chiplet'},{'from': 'Chiplet_1', 'to': 'Chiplet_6', 'connection_type': '2.5d_rdl', 'loc': '2.5d_chiplet'},{'from': 'Chiplet_3', 'to': 'Chiplet_6', 'connection_type': '2.5d_rdl', 'loc': '2.5d_chiplet'},{'from': 'Chiplet_3', 'to': 'Chiplet_1', 'connection_type': '2.5d_rdl', 'loc': '2.5d_chiplet'},{'from': 'Chiplet_6', 'to': 'Chiplet_3', 'connection_type': '2.5d_rdl', 'loc': '2.5d_chiplet'},{'from': 'Chiplet_6', 'to': 'Chiplet_1', 'connection_type': '2.5d_rdl', 'loc': '2.5d_chiplet'},{'from': 'Chiplet_2', 'to': 'Chiplet_5', 'connection_type': '2.5d_rdl', 'loc': '2.5d_chiplet'},{'from': 'Chiplet_2', 'to': 'Chiplet_4', 'connection_type': '2.5d_rdl', 'loc': '2.5d_chiplet'},{'from': 'Chiplet_2', 'to': 'Chiplet_1', 'connection_type': '2.5d_rdl', 'loc': '2.5d_chiplet'},{'from': 'Chiplet_4', 'to': 'Chiplet_2', 'connection_type': '2.5d_rdl', 'loc': '2.5d_chiplet'},{'from': 'Chiplet_4', 'to': 'Chiplet_5', 'connection_type': '2.5d_rdl', 'loc': '2.5d_chiplet'},{'from': 'Chiplet_5', 'to': 'Chiplet_2', 'connection_type': '2.5d_rdl', 'loc': '2.5d_chiplet'},{'from': 'Chiplet_5', 'to': 'Chiplet_4', 'connection_type': '2.5d_rdl', 'loc': '2.5d_chiplet'}",4,4,3,2,2,1,hbm3,ucie_std,na,1,0,os,0,0,0
224,20.085228426416492,3398955.77,72229.62572768118,208424448.75344577,7939.5,8405.45069028432,224,8.112421457366196,12.973514847541198,8192,192x192,10,1.7117881800824635,3.1172648505374996,1536,96x96,10,0.46559300000000003,1.11875,512,64x64,7,0.638803,1.11875,1024,64x64,7,4.1253109519999995,10.4826,4096,192x192,7,0.784712696,2.51875,512,96x96,7,2.5d_3d,"{'from': 'Chiplet_6', 'to': 'Chiplet_4', 'connection_type': '3d_tsv', 'loc': 'stack0_base'},{'from': 'Chiplet_4', 'to': 'Chiplet_3', 'connection_type': '3d_tsv', 'loc': 'stack0_middle1'},{'from': 'Chiplet_3', 'to': 'na', 'connection_type': '3d_tsv', 'loc': 'stack0_top'},{'from': 'Chiplet_1', 'to': 'Chiplet_2', 'connection_type': '2.5d_rdl', 'loc': '2.5d_chiplet'},{'from': 'Chiplet_1', 'to': 'Chiplet_5', 'connection_type': '2.5d_rdl', 'loc': '2.5d_chiplet'},{'from': 'Chiplet_5', 'to': 'Chiplet_2', 'connection_type': '2.5d_rdl', 'loc': '2.5d_chiplet'},{'from': 'Chiplet_5', 'to': 'Chiplet_6', 'connection_type': '2.5d_rdl', 'loc': '2.5d_chiplet'},{'from': 'Chiplet_5', 'to': 'Chiplet_1', 'connection_type': '2.5d_rdl', 'loc': '2.5d_chiplet'},{'from': 'Chiplet_2', 'to': 'Chiplet_5', 'connection_type': '2.5d_rdl', 'loc': '2.5d_chiplet'},{'from': 'Chiplet_2', 'to': 'Chiplet_6', 'connection_type': '2.5d_rdl', 'loc': '2.5d_chiplet'},{'from': 'Chiplet_2', 'to': 'Chiplet_1', 'connection_type': '2.5d_rdl', 'loc': '2.5d_chiplet'},{'from': 'Chiplet_6', 'to': 'Chiplet_2', 'connection_type': '2.5d_rdl', 'loc': '2.5d_chiplet'},{'from': 'Chiplet_6', 'to': 'Chiplet_5', 'connection_type': '2.5d_rdl', 'loc': '2.5d_chiplet'}",8,1,1,1,4,1,hbm2,ucie_std,ucie_3d,0,0,ws,0,0,0
225,44.98002205573398,4342402.28,193140.02132434124,316408572.16983956,31141.071571146935,34543.52769329739,225,4.9976252555201786,6.821646341899999,1024,128x128,14,1.51595254,4.475,1024,128x128,7,1.3653681800824635,3.1172648505374996,512,96x96,10,6.726740457366197,12.973514847541198,4096,192x192,10,12.799492673176792,15.979573171754398,4096,192x192,14,4.9976252555201786,6.821646341899999,1024,128x128,14,2.5d,"{'from': 'Chiplet_5', 'to': 'Chiplet_2', 'connection_type': '2.5d_emib', 'loc': '2.5d_chiplet'},{'from': 'Chiplet_5', 'to': 'Chiplet_3', 'connection_type': '2.5d_emib', 'loc': '2.5d_chiplet'},{'from': 'Chiplet_5', 'to': 'Chiplet_4', 'connection_type': '2.5d_emib', 'loc': '2.5d_chiplet'},{'from': 'Chiplet_5', 'to': 'Chiplet_1', 'connection_type': '2.5d_emib', 'loc': '2.5d_chiplet'},{'from': 'Chiplet_2', 'to': 'Chiplet_3', 'connection_type': '2.5d_emib', 'loc': '2.5d_chiplet'},{'from': 'Chiplet_2', 'to': 'Chiplet_5', 'connection_type': '2.5d_emib', 'loc': '2.5d_chiplet'},{'from': 'Chiplet_3', 'to': 'Chiplet_2', 'connection_type': '2.5d_emib', 'loc': '2.5d_chiplet'},{'from': 'Chiplet_3', 'to': 'Chiplet_5', 'connection_type': '2.5d_emib', 'loc': '2.5d_chiplet'},{'from': 'Chiplet_4', 'to': 'Chiplet_5', 'connection_type': '2.5d_emib', 'loc': '2.5d_chiplet'},{'from': 'Chiplet_4', 'to': 'Chiplet_6', 'connection_type': '2.5d_emib', 'loc': '2.5d_chiplet'},{'from': 'Chiplet_4', 'to': 'Chiplet_1', 'connection_type': '2.5d_emib', 'loc': '2.5d_chiplet'},{'from': 'Chiplet_1', 'to': 'Chiplet_5', 'connection_type': '2.5d_emib', 'loc': '2.5d_chiplet'},{'from': 'Chiplet_1', 'to': 'Chiplet_6', 'connection_type': '2.5d_emib', 'loc': '2.5d_chiplet'},{'from': 'Chiplet_1', 'to': 'Chiplet_4', 'connection_type': '2.5d_emib', 'loc': '2.5d_chiplet'},{'from': 'Chiplet_6', 'to': 'Chiplet_4', 'connection_type': '2.5d_emib', 'loc': '2.5d_chiplet'},{'from': 'Chiplet_6', 'to': 'Chiplet_1', 'connection_type': '2.5d_emib', 'loc': '2.5d_chiplet'}",1,1,1,1,3,1,ddr5,ucie_adv,na,0,0,os,1,0,0
226,42.61691852487524,5438816.47,131209.8728173033,235027372.26810595,10622.5,12881.917764027057,226,0.916436759447044,1.3845915837374998,1024,64x64,10,0.46559300000000003,1.11875,512,64x64,7,15.436124909546791,15.979573171754398,8192,192x192,14,3.665749090547913,5.538366334949999,4096,128x128,10,3.5867297574793953,3.8395579270749995,2048,96x96,14,11.481175603606792,15.979573171754398,2048,192x192,14,2.5d_3d,"{'from': 'Chiplet_4', 'to': 'Chiplet_5', 'connection_type': '3d_tsv', 'loc': 'stack0_base'},{'from': 'Chiplet_5', 'to': 'Chiplet_1', 'connection_type': '3d_tsv', 'loc': 'stack0_middle1'},{'from': 'Chiplet_1', 'to': 'Chiplet_2', 'connection_type': '3d_tsv', 'loc': 'stack0_middle2'},{'from': 'Chiplet_2', 'to': 'na', 'connection_type': '3d_tsv', 'loc': 'stack0_top'},{'from': 'Chiplet_3', 'to': 'Chiplet_4', 'connection_type': '2.5d_emib', 'loc': '2.5d_chiplet'},{'from': 'Chiplet_3', 'to': 'Chiplet_6', 'connection_type': '2.5d_emib', 'loc': '2.5d_chiplet'},{'from': 'Chiplet_6', 'to': 'Chiplet_3', 'connection_type': '2.5d_emib', 'loc': '2.5d_chiplet'},{'from': 'Chiplet_6', 'to': 'Chiplet_4', 'connection_type': '2.5d_emib', 'loc': '2.5d_chiplet'},{'from': 'Chiplet_4', 'to': 'Chiplet_3', 'connection_type': '2.5d_emib', 'loc': '2.5d_chiplet'},{'from': 'Chiplet_4', 'to': 'Chiplet_6', 'connection_type': '2.5d_emib', 'loc': '2.5d_chiplet'}",1,1,7,1,1,5,hbm2,ucie_adv,ucie_3d,0,0,os,0,0,0
227,24.743180585657395,2914740.77,71474.52079235362,445135445.8457587,17242.404237978808,17333.62502266543,227,1.7117881800824635,3.1172648505374996,1536,96x96,10,0.829831759447044,1.3845915837374998,768,64x64,10,12.799492673176792,15.979573171754398,4096,192x192,14,1.304342696,2.51875,2048,96x96,7,2.55521354,4.475,4096,128x128,7,0.656621759447044,1.3845915837374998,256,64x64,10,2.5d_3d,"{'from': 'Chiplet_3', 'to': 'Chiplet_2', 'connection_type': '3d_tsv', 'loc': 'stack0_base'},{'from': 'Chiplet_2', 'to': 'Chiplet_6', 'connection_type': '3d_tsv', 'loc': 'stack0_middle1'},{'from': 'Chiplet_6', 'to': 'na', 'connection_type': '3d_tsv', 'loc': 'stack0_top'},{'from': 'Chiplet_3', 'to': 'Chiplet_5', 'connection_type': '2.5d_rdl', 'loc': '2.5d_chiplet'},{'from': 'Chiplet_3', 'to': 'Chiplet_1', 'connection_type': '2.5d_rdl', 'loc': '2.5d_chiplet'},{'from': 'Chiplet_5', 'to': 'Chiplet_3', 'connection_type': '2.5d_rdl', 'loc': '2.5d_chiplet'},{'from': 'Chiplet_5', 'to': 'Chiplet_4', 'connection_type': '2.5d_rdl', 'loc': '2.5d_chiplet'},{'from': 'Chiplet_5', 'to': 'Chiplet_1', 'connection_type': '2.5d_rdl', 'loc': '2.5d_chiplet'},{'from': 'Chiplet_1', 'to': 'Chiplet_3', 'connection_type': '2.5d_rdl', 'loc': '2.5d_chiplet'},{'from': 'Chiplet_1', 'to': 'Chiplet_4', 'connection_type': '2.5d_rdl', 'loc': '2.5d_chiplet'},{'from': 'Chiplet_1', 'to': 'Chiplet_5', 'connection_type': '2.5d_rdl', 'loc': '2.5d_chiplet'},{'from': 'Chiplet_4', 'to': 'Chiplet_5', 'connection_type': '2.5d_rdl', 'loc': '2.5d_chiplet'},{'from': 'Chiplet_4', 'to': 'Chiplet_1', 'connection_type': '2.5d_rdl', 'loc': '2.5d_chiplet'}",1,1,3,1,1,1,ddr5,ucie_std,ucie_3d,1,0,is,0,0,0
228,54.54382956495656,5959741.81,203816.02461739193,176941041.84319082,27348.836702543613,28701.02087665345,228,1.8849981800824636,3.1172648505374996,2048,96x96,10,2.20879254,4.475,3072,128x128,7,3.665749090547913,5.538366334949999,4096,128x128,10,12.799492673176792,15.979573171754398,4096,192x192,14,2.972908090547913,5.538366334949999,2048,128x128,10,12.799492673176792,15.979573171754398,4096,192x192,14,2.5d,"{'from': 'Chiplet_4', 'to': 'Chiplet_3', 'connection_type': '2.5d_emib', 'loc': '2.5d_chiplet'},{'from': 'Chiplet_4', 'to': 'Chiplet_6', 'connection_type': '2.5d_emib', 'loc': '2.5d_chiplet'},{'from': 'Chiplet_4', 'to': 'Chiplet_1', 'connection_type': '2.5d_emib', 'loc': '2.5d_chiplet'},{'from': 'Chiplet_3', 'to': 'Chiplet_4', 'connection_type': '2.5d_emib', 'loc': '2.5d_chiplet'},{'from': 'Chiplet_3', 'to': 'Chiplet_1', 'connection_type': '2.5d_emib', 'loc': '2.5d_chiplet'},{'from': 'Chiplet_1', 'to': 'Chiplet_3', 'connection_type': '2.5d_emib', 'loc': '2.5d_chiplet'},{'from': 'Chiplet_1', 'to': 'Chiplet_4', 'connection_type': '2.5d_emib', 'loc': '2.5d_chiplet'},{'from': 'Chiplet_6', 'to': 'Chiplet_2', 'connection_type': '2.5d_emib', 'loc': '2.5d_chiplet'},{'from': 'Chiplet_6', 'to': 'Chiplet_5', 'connection_type': '2.5d_emib', 'loc': '2.5d_chiplet'},{'from': 'Chiplet_6', 'to': 'Chiplet_4', 'connection_type': '2.5d_emib', 'loc': '2.5d_chiplet'},{'from': 'Chiplet_5', 'to': 'Chiplet_2', 'connection_type': '2.5d_emib', 'loc': '2.5d_chiplet'},{'from': 'Chiplet_5', 'to': 'Chiplet_6', 'connection_type': '2.5d_emib', 'loc': '2.5d_chiplet'},{'from': 'Chiplet_2', 'to': 'Chiplet_5', 'connection_type': '2.5d_emib', 'loc': '2.5d_chiplet'},{'from': 'Chiplet_2', 'to': 'Chiplet_6', 'connection_type': '2.5d_emib', 'loc': '2.5d_chiplet'}",1,1,2,6,1,5,hbm2,bow,na,1,0,is,1,0,0
229,24.692972911313053,3729443.85,71688.84941841538,132221441.01058072,51795.78891435526,38766.031355534775,229,3.432469952,10.4826,2048,192x192,7,0.784712696,2.51875,512,96x96,7,3.3193280905479132,5.538366334949999,3072,128x128,10,0.552198,1.11875,768,64x64,7,2.6264880905479133,5.538366334949999,1024,128x128,10,6.033899457366197,12.973514847541198,2048,192x192,10,2.5d_3d,"{'from': 'Chiplet_3', 'to': 'Chiplet_4', 'connection_type': '3d_u_bump', 'loc': 'stack0_base'},{'from': 'Chiplet_4', 'to': 'na', 'connection_type': '3d_u_bump', 'loc': 'stack0_top'},{'from': 'Chiplet_6', 'to': 'Chiplet_3', 'connection_type': '2.5d_rdl', 'loc': '2.5d_chiplet'},{'from': 'Chiplet_6', 'to': 'Chiplet_5', 'connection_type': '2.5d_rdl', 'loc': '2.5d_chiplet'},{'from': 'Chiplet_6', 'to': 'Chiplet_1', 'connection_type': '2.5d_rdl', 'loc': '2.5d_chiplet'},{'from': 'Chiplet_5', 'to': 'Chiplet_3', 'connection_type': '2.5d_rdl', 'loc': '2.5d_chiplet'},{'from': 'Chiplet_5', 'to': 'Chiplet_6', 'connection_type': '2.5d_rdl', 'loc': '2.5d_chiplet'},{'from': 'Chiplet_1', 'to': 'Chiplet_2', 'connection_type': '2.5d_rdl', 'loc': '2.5d_chiplet'},{'from': 'Chiplet_1', 'to': 'Chiplet_3', 'connection_type': '2.5d_rdl', 'loc': '2.5d_chiplet'},{'from': 'Chiplet_1', 'to': 'Chiplet_6', 'connection_type': '2.5d_rdl', 'loc': '2.5d_chiplet'},{'from': 'Chiplet_3', 'to': 'Chiplet_2', 'connection_type': '2.5d_rdl', 'loc': '2.5d_chiplet'},{'from': 'Chiplet_3', 'to': 'Chiplet_5', 'connection_type': '2.5d_rdl', 'loc': '2.5d_chiplet'},{'from': 'Chiplet_3', 'to': 'Chiplet_6', 'connection_type': '2.5d_rdl', 'loc': '2.5d_chiplet'},{'from': 'Chiplet_3', 'to': 'Chiplet_1', 'connection_type': '2.5d_rdl', 'loc': '2.5d_chiplet'},{'from': 'Chiplet_2', 'to': 'Chiplet_3', 'connection_type': '2.5d_rdl', 'loc': '2.5d_chiplet'},{'from': 'Chiplet_2', 'to': 'Chiplet_1', 'connection_type': '2.5d_rdl', 'loc': '2.5d_chiplet'}",3,1,3,1,2,6,hbm2,ucie_std,ucie_3d,0,0,os,1,0,0
230,15.72363852953255,1792341.31,151101.64871445045,273174753.2655025,34116.45421863789,18230.443350291036,230,1.5385781800824634,3.1172648505374996,1024,96x96,10,0.743226759447044,1.3845915837374998,512,64x64,10,4.1253109519999995,10.4826,4096,192x192,7,0.46559300000000003,1.11875,512,64x64,7,0.46559300000000003,1.11875,512,64x64,7,2.597993382379395,3.8395579270749995,512,96x96,14,2.5d,"{'from': 'Chiplet_3', 'to': 'Chiplet_2', 'connection_type': '2.5d_emib', 'loc': '2.5d_chiplet'},{'from': 'Chiplet_3', 'to': 'Chiplet_6', 'connection_type': '2.5d_emib', 'loc': '2.5d_chiplet'},{'from': 'Chiplet_3', 'to': 'Chiplet_1', 'connection_type': '2.5d_emib', 'loc': '2.5d_chiplet'},{'from': 'Chiplet_2', 'to': 'Chiplet_3', 'connection_type': '2.5d_emib', 'loc': '2.5d_chiplet'},{'from': 'Chiplet_2', 'to': 'Chiplet_1', 'connection_type': '2.5d_emib', 'loc': '2.5d_chiplet'},{'from': 'Chiplet_6', 'to': 'Chiplet_3', 'connection_type': '2.5d_emib', 'loc': '2.5d_chiplet'},{'from': 'Chiplet_6', 'to': 'Chiplet_4', 'connection_type': '2.5d_emib', 'loc': '2.5d_chiplet'},{'from': 'Chiplet_6', 'to': 'Chiplet_1', 'connection_type': '2.5d_emib', 'loc': '2.5d_chiplet'},{'from': 'Chiplet_1', 'to': 'Chiplet_4', 'connection_type': '2.5d_emib', 'loc': '2.5d_chiplet'},{'from': 'Chiplet_1', 'to': 'Chiplet_2', 'connection_type': '2.5d_emib', 'loc': '2.5d_chiplet'},{'from': 'Chiplet_1', 'to': 'Chiplet_5', 'connection_type': '2.5d_emib', 'loc': '2.5d_chiplet'},{'from': 'Chiplet_1', 'to': 'Chiplet_6', 'connection_type': '2.5d_emib', 'loc': '2.5d_chiplet'},{'from': 'Chiplet_1', 'to': 'Chiplet_3', 'connection_type': '2.5d_emib', 'loc': '2.5d_chiplet'},{'from': 'Chiplet_4', 'to': 'Chiplet_5', 'connection_type': '2.5d_emib', 'loc': '2.5d_chiplet'},{'from': 'Chiplet_4', 'to': 'Chiplet_6', 'connection_type': '2.5d_emib', 'loc': '2.5d_chiplet'},{'from': 'Chiplet_4', 'to': 'Chiplet_1', 'connection_type': '2.5d_emib', 'loc': '2.5d_chiplet'},{'from': 'Chiplet_5', 'to': 'Chiplet_4', 'connection_type': '2.5d_emib', 'loc': '2.5d_chiplet'},{'from': 'Chiplet_5', 'to': 'Chiplet_1', 'connection_type': '2.5d_emib', 'loc': '2.5d_chiplet'}",1,1,3,1,1,1,ddr5,aib,na,1,0,is,1,0,0
231,27.367579217643176,3906327.86,183292.24752063034,207297545.04346764,13232.500000000002,13465.435256250927,231,1.5385781800824634,3.1172648505374996,1024,96x96,10,1.51595254,4.475,1024,128x128,7,1.131132696,2.51875,1536,96x96,7,4.1253109519999995,10.4826,4096,192x192,7,12.799492673176792,15.979573171754398,4096,192x192,14,1.7117881800824635,3.1172648505374996,1536,96x96,10,2.5d,"{'from': 'Chiplet_5', 'to': 'Chiplet_6', 'connection_type': '2.5d_emib', 'loc': '2.5d_chiplet'},{'from': 'Chiplet_5', 'to': 'Chiplet_4', 'connection_type': '2.5d_emib', 'loc': '2.5d_chiplet'},{'from': 'Chiplet_4', 'to': 'Chiplet_5', 'connection_type': '2.5d_emib', 'loc': '2.5d_chiplet'},{'from': 'Chiplet_4', 'to': 'Chiplet_6', 'connection_type': '2.5d_emib', 'loc': '2.5d_chiplet'},{'from': 'Chiplet_4', 'to': 'Chiplet_1', 'connection_type': '2.5d_emib', 'loc': '2.5d_chiplet'},{'from': 'Chiplet_4', 'to': 'Chiplet_3', 'connection_type': '2.5d_emib', 'loc': '2.5d_chiplet'},{'from': 'Chiplet_3', 'to': 'Chiplet_4', 'connection_type': '2.5d_emib', 'loc': '2.5d_chiplet'},{'from': 'Chiplet_3', 'to': 'Chiplet_1', 'connection_type': '2.5d_emib', 'loc': '2.5d_chiplet'},{'from': 'Chiplet_6', 'to': 'Chiplet_2', 'connection_type': '2.5d_emib', 'loc': '2.5d_chiplet'},{'from': 'Chiplet_6', 'to': 'Chiplet_5', 'connection_type': '2.5d_emib', 'loc': '2.5d_chiplet'},{'from': 'Chiplet_6', 'to': 'Chiplet_4', 'connection_type': '2.5d_emib', 'loc': '2.5d_chiplet'},{'from': 'Chiplet_6', 'to': 'Chiplet_1', 'connection_type': '2.5d_emib', 'loc': '2.5d_chiplet'},{'from': 'Chiplet_1', 'to': 'Chiplet_2', 'connection_type': '2.5d_emib', 'loc': '2.5d_chiplet'},{'from': 'Chiplet_1', 'to': 'Chiplet_4', 'connection_type': '2.5d_emib', 'loc': '2.5d_chiplet'},{'from': 'Chiplet_1', 'to': 'Chiplet_6', 'connection_type': '2.5d_emib', 'loc': '2.5d_chiplet'},{'from': 'Chiplet_1', 'to': 'Chiplet_3', 'connection_type': '2.5d_emib', 'loc': '2.5d_chiplet'},{'from': 'Chiplet_2', 'to': 'Chiplet_6', 'connection_type': '2.5d_emib', 'loc': '2.5d_chiplet'},{'from': 'Chiplet_2', 'to': 'Chiplet_1', 'connection_type': '2.5d_emib', 'loc': '2.5d_chiplet'}",1,1,1,3,9,1,hbm2,ucie_adv,na,0,0,ws,0,0,0
232,9.391041729335125,3391405.19,122172.11870589982,153075823.4635607,13198.670098670098,11701.020223821382,232,1.743774000637535,1.7054115854749998,1024,64x64,14,6.726740457366197,12.973514847541198,4096,192x192,10,0.784712696,2.51875,512,96x96,7,3.432469952,10.4826,2048,192x192,7,2.20879254,4.475,3072,128x128,7,1.86237254,4.475,2048,128x128,7,2.5d_3d,"{'from': 'Chiplet_2', 'to': 'Chiplet_4', 'connection_type': '3d_hyb_bond', 'loc': 'stack0_base'},{'from': 'Chiplet_4', 'to': 'Chiplet_5', 'connection_type': '3d_hyb_bond', 'loc': 'stack0_middle1'},{'from': 'Chiplet_5', 'to': 'Chiplet_6', 'connection_type': '3d_hyb_bond', 'loc': 'stack0_middle2'},{'from': 'Chiplet_6', 'to': 'Chiplet_1', 'connection_type': '3d_hyb_bond', 'loc': 'stack0_middle3'},{'from': 'Chiplet_1', 'to': 'na', 'connection_type': '3d_hyb_bond', 'loc': 'stack0_top'},{'from': 'Chiplet_2', 'to': 'Chiplet_3', 'connection_type': '2.5d_emib', 'loc': '2.5d_chiplet'},{'from': 'Chiplet_3', 'to': 'Chiplet_2', 'connection_type': '2.5d_emib', 'loc': '2.5d_chiplet'}",2,6,1,3,2,2,hbm3,bow,ucie_3d,0,0,is,0,0,0
233,28.89070077569418,2733406.6,74026.54755976486,327731261.28238565,57309.12352139066,38304.84594716578,233,0.656621759447044,1.3845915837374998,256,64x64,10,3.2571509657793953,3.8395579270749995,1536,96x96,14,0.743226759447044,1.3845915837374998,512,64x64,10,12.799492673176792,15.979573171754398,4096,192x192,14,0.957922696,2.51875,1024,96x96,7,3.665749090547913,5.538366334949999,4096,128x128,10,2.5d,"{'from': 'Chiplet_4', 'to': 'Chiplet_2', 'connection_type': '2.5d_rdl', 'loc': '2.5d_chiplet'},{'from': 'Chiplet_4', 'to': 'Chiplet_6', 'connection_type': '2.5d_rdl', 'loc': '2.5d_chiplet'},{'from': 'Chiplet_6', 'to': 'Chiplet_2', 'connection_type': '2.5d_rdl', 'loc': '2.5d_chiplet'},{'from': 'Chiplet_6', 'to': 'Chiplet_3', 'connection_type': '2.5d_rdl', 'loc': '2.5d_chiplet'},{'from': 'Chiplet_6', 'to': 'Chiplet_4', 'connection_type': '2.5d_rdl', 'loc': '2.5d_chiplet'},{'from': 'Chiplet_3', 'to': 'Chiplet_5', 'connection_type': '2.5d_rdl', 'loc': '2.5d_chiplet'},{'from': 'Chiplet_3', 'to': 'Chiplet_6', 'connection_type': '2.5d_rdl', 'loc': '2.5d_chiplet'},{'from': 'Chiplet_2', 'to': 'Chiplet_5', 'connection_type': '2.5d_rdl', 'loc': '2.5d_chiplet'},{'from': 'Chiplet_2', 'to': 'Chiplet_4', 'connection_type': '2.5d_rdl', 'loc': '2.5d_chiplet'},{'from': 'Chiplet_2', 'to': 'Chiplet_1', 'connection_type': '2.5d_rdl', 'loc': '2.5d_chiplet'},{'from': 'Chiplet_2', 'to': 'Chiplet_6', 'connection_type': '2.5d_rdl', 'loc': '2.5d_chiplet'},{'from': 'Chiplet_5', 'to': 'Chiplet_2', 'connection_type': '2.5d_rdl', 'loc': '2.5d_chiplet'},{'from': 'Chiplet_5', 'to': 'Chiplet_3', 'connection_type': '2.5d_rdl', 'loc': '2.5d_chiplet'},{'from': 'Chiplet_5', 'to': 'Chiplet_1', 'connection_type': '2.5d_rdl', 'loc': '2.5d_chiplet'},{'from': 'Chiplet_1', 'to': 'Chiplet_2', 'connection_type': '2.5d_rdl', 'loc': '2.5d_chiplet'},{'from': 'Chiplet_1', 'to': 'Chiplet_5', 'connection_type': '2.5d_rdl', 'loc': '2.5d_chiplet'}",1,1,1,3,1,1,ddr5,ucie_std,na,0,0,is,1,0,0
234,30.038111826164844,4744140.15,164711.65052380814,198252766.30544236,21412.107480203005,19417.137601898696,234,4.1253109519999995,10.4826,4096,192x192,7,1.5385781800824634,3.1172648505374996,1024,96x96,10,15.436124909546791,15.979573171754398,8192,192x192,14,2.597993382379395,3.8395579270749995,512,96x96,14,0.46559300000000003,1.11875,512,64x64,7,3.3193280905479132,5.538366334949999,3072,128x128,10,2.5d_3d,"{'from': 'Chiplet_2', 'to': 'Chiplet_5', 'connection_type': '3d_u_bump', 'loc': 'stack0_base'},{'from': 'Chiplet_5', 'to': 'na', 'connection_type': '3d_u_bump', 'loc': 'stack0_top'},{'from': 'Chiplet_3', 'to': 'Chiplet_6', 'connection_type': '2.5d_emib', 'loc': '2.5d_chiplet'},{'from': 'Chiplet_3', 'to': 'Chiplet_1', 'connection_type': '2.5d_emib', 'loc': '2.5d_chiplet'},{'from': 'Chiplet_1', 'to': 'Chiplet_2', 'connection_type': '2.5d_emib', 'loc': '2.5d_chiplet'},{'from': 'Chiplet_1', 'to': 'Chiplet_3', 'connection_type': '2.5d_emib', 'loc': '2.5d_chiplet'},{'from': 'Chiplet_1', 'to': 'Chiplet_6', 'connection_type': '2.5d_emib', 'loc': '2.5d_chiplet'},{'from': 'Chiplet_1', 'to': 'Chiplet_4', 'connection_type': '2.5d_emib', 'loc': '2.5d_chiplet'},{'from': 'Chiplet_2', 'to': 'Chiplet_4', 'connection_type': '2.5d_emib', 'loc': '2.5d_chiplet'},{'from': 'Chiplet_2', 'to': 'Chiplet_1', 'connection_type': '2.5d_emib', 'loc': '2.5d_chiplet'},{'from': 'Chiplet_6', 'to': 'Chiplet_3', 'connection_type': '2.5d_emib', 'loc': '2.5d_chiplet'},{'from': 'Chiplet_6', 'to': 'Chiplet_4', 'connection_type': '2.5d_emib', 'loc': '2.5d_chiplet'},{'from': 'Chiplet_6', 'to': 'Chiplet_1', 'connection_type': '2.5d_emib', 'loc': '2.5d_chiplet'},{'from': 'Chiplet_4', 'to': 'Chiplet_2', 'connection_type': '2.5d_emib', 'loc': '2.5d_chiplet'},{'from': 'Chiplet_4', 'to': 'Chiplet_6', 'connection_type': '2.5d_emib', 'loc': '2.5d_chiplet'},{'from': 'Chiplet_4', 'to': 'Chiplet_1', 'connection_type': '2.5d_emib', 'loc': '2.5d_chiplet'}",2,1,9,1,1,2,hbm2,aib,ucie_3d,0,0,ws,1,0,0
235,51.5550726928601,6100422.06,135083.1247586654,328381136.2921659,37404.743708216694,46887.48222069706,235,2.20879254,4.475,3072,128x128,7,15.436124909546791,15.979573171754398,8192,192x192,14,1.51595254,4.475,1024,128x128,7,11.481175603606792,15.979573171754398,2048,192x192,14,8.112421457366196,12.973514847541198,8192,192x192,10,2.972908090547913,5.538366334949999,2048,128x128,10,2.5d_3d,"{'from': 'Chiplet_4', 'to': 'Chiplet_5', 'connection_type': '3d_u_bump', 'loc': 'stack0_base'},{'from': 'Chiplet_5', 'to': 'na', 'connection_type': '3d_u_bump', 'loc': 'stack0_top'},{'from': 'Chiplet_2', 'to': 'Chiplet_6', 'connection_type': '2.5d_rdl', 'loc': '2.5d_chiplet'},{'from': 'Chiplet_2', 'to': 'Chiplet_4', 'connection_type': '2.5d_rdl', 'loc': '2.5d_chiplet'},{'from': 'Chiplet_2', 'to': 'Chiplet_3', 'connection_type': '2.5d_rdl', 'loc': '2.5d_chiplet'},{'from': 'Chiplet_3', 'to': 'Chiplet_2', 'connection_type': '2.5d_rdl', 'loc': '2.5d_chiplet'},{'from': 'Chiplet_3', 'to': 'Chiplet_6', 'connection_type': '2.5d_rdl', 'loc': '2.5d_chiplet'},{'from': 'Chiplet_4', 'to': 'Chiplet_2', 'connection_type': '2.5d_rdl', 'loc': '2.5d_chiplet'},{'from': 'Chiplet_4', 'to': 'Chiplet_6', 'connection_type': '2.5d_rdl', 'loc': '2.5d_chiplet'},{'from': 'Chiplet_4', 'to': 'Chiplet_1', 'connection_type': '2.5d_rdl', 'loc': '2.5d_chiplet'},{'from': 'Chiplet_6', 'to': 'Chiplet_2', 'connection_type': '2.5d_rdl', 'loc': '2.5d_chiplet'},{'from': 'Chiplet_6', 'to': 'Chiplet_3', 'connection_type': '2.5d_rdl', 'loc': '2.5d_chiplet'},{'from': 'Chiplet_6', 'to': 'Chiplet_4', 'connection_type': '2.5d_rdl', 'loc': '2.5d_chiplet'},{'from': 'Chiplet_6', 'to': 'Chiplet_1', 'connection_type': '2.5d_rdl', 'loc': '2.5d_chiplet'},{'from': 'Chiplet_1', 'to': 'Chiplet_4', 'connection_type': '2.5d_rdl', 'loc': '2.5d_chiplet'},{'from': 'Chiplet_1', 'to': 'Chiplet_6', 'connection_type': '2.5d_rdl', 'loc': '2.5d_chiplet'}",1,2,1,2,1,1,ddr5,ucie_std,ucie_3d,1,0,is,1,0,0
236,26.880179275709665,3028641.9,143359.24432387436,298842709.82339025,40138.9035260033,27577.81765406264,236,1.7117881800824635,3.1172648505374996,1536,96x96,10,1.304342696,2.51875,2048,96x96,7,6.726740457366197,12.973514847541198,4096,192x192,10,1.5385781800824634,3.1172648505374996,1024,96x96,10,0.829831759447044,1.3845915837374998,768,64x64,10,6.975099908490179,6.821646341899999,4096,128x128,14,2.5d_3d,"{'from': 'Chiplet_6', 'to': 'Chiplet_4', 'connection_type': '3d_tsv', 'loc': 'stack0_base'},{'from': 'Chiplet_4', 'to': 'na', 'connection_type': '3d_tsv', 'loc': 'stack0_top'},{'from': 'Chiplet_6', 'to': 'Chiplet_2', 'connection_type': '2.5d_emib', 'loc': '2.5d_chiplet'},{'from': 'Chiplet_6', 'to': 'Chiplet_3', 'connection_type': '2.5d_emib', 'loc': '2.5d_chiplet'},{'from': 'Chiplet_6', 'to': 'Chiplet_5', 'connection_type': '2.5d_emib', 'loc': '2.5d_chiplet'},{'from': 'Chiplet_2', 'to': 'Chiplet_5', 'connection_type': '2.5d_emib', 'loc': '2.5d_chiplet'},{'from': 'Chiplet_2', 'to': 'Chiplet_6', 'connection_type': '2.5d_emib', 'loc': '2.5d_chiplet'},{'from': 'Chiplet_5', 'to': 'Chiplet_2', 'connection_type': '2.5d_emib', 'loc': '2.5d_chiplet'},{'from': 'Chiplet_5', 'to': 'Chiplet_6', 'connection_type': '2.5d_emib', 'loc': '2.5d_chiplet'},{'from': 'Chiplet_5', 'to': 'Chiplet_1', 'connection_type': '2.5d_emib', 'loc': '2.5d_chiplet'},{'from': 'Chiplet_3', 'to': 'Chiplet_6', 'connection_type': '2.5d_emib', 'loc': '2.5d_chiplet'},{'from': 'Chiplet_3', 'to': 'Chiplet_1', 'connection_type': '2.5d_emib', 'loc': '2.5d_chiplet'},{'from': 'Chiplet_1', 'to': 'Chiplet_5', 'connection_type': '2.5d_emib', 'loc': '2.5d_chiplet'},{'from': 'Chiplet_1', 'to': 'Chiplet_3', 'connection_type': '2.5d_emib', 'loc': '2.5d_chiplet'}",1,1,2,1,1,2,ddr5,bow,ucie_3d,1,0,os,1,0,0
237,27.084193800916445,3058402.88,163746.81996047735,184414167.85023096,10622.5,9188.675602769412,237,1.8849981800824636,3.1172648505374996,2048,96x96,10,12.799492673176792,15.979573171754398,4096,192x192,14,1.3653681800824635,3.1172648505374996,512,96x96,10,2.597993382379395,3.8395579270749995,512,96x96,14,0.552198,1.11875,768,64x64,7,0.784712696,2.51875,512,96x96,7,2.5d,"{'from': 'Chiplet_2', 'to': 'Chiplet_4', 'connection_type': '2.5d_emib', 'loc': '2.5d_chiplet'},{'from': 'Chiplet_2', 'to': 'Chiplet_1', 'connection_type': '2.5d_emib', 'loc': '2.5d_chiplet'},{'from': 'Chiplet_4', 'to': 'Chiplet_2', 'connection_type': '2.5d_emib', 'loc': '2.5d_chiplet'},{'from': 'Chiplet_4', 'to': 'Chiplet_3', 'connection_type': '2.5d_emib', 'loc': '2.5d_chiplet'},{'from': 'Chiplet_4', 'to': 'Chiplet_6', 'connection_type': '2.5d_emib', 'loc': '2.5d_chiplet'},{'from': 'Chiplet_4', 'to': 'Chiplet_1', 'connection_type': '2.5d_emib', 'loc': '2.5d_chiplet'},{'from': 'Chiplet_6', 'to': 'Chiplet_3', 'connection_type': '2.5d_emib', 'loc': '2.5d_chiplet'},{'from': 'Chiplet_6', 'to': 'Chiplet_4', 'connection_type': '2.5d_emib', 'loc': '2.5d_chiplet'},{'from': 'Chiplet_1', 'to': 'Chiplet_2', 'connection_type': '2.5d_emib', 'loc': '2.5d_chiplet'},{'from': 'Chiplet_1', 'to': 'Chiplet_3', 'connection_type': '2.5d_emib', 'loc': '2.5d_chiplet'},{'from': 'Chiplet_1', 'to': 'Chiplet_4', 'connection_type': '2.5d_emib', 'loc': '2.5d_chiplet'},{'from': 'Chiplet_1', 'to': 'Chiplet_5', 'connection_type': '2.5d_emib', 'loc': '2.5d_chiplet'},{'from': 'Chiplet_3', 'to': 'Chiplet_6', 'connection_type': '2.5d_emib', 'loc': '2.5d_chiplet'},{'from': 'Chiplet_3', 'to': 'Chiplet_4', 'connection_type': '2.5d_emib', 'loc': '2.5d_chiplet'},{'from': 'Chiplet_3', 'to': 'Chiplet_5', 'connection_type': '2.5d_emib', 'loc': '2.5d_chiplet'},{'from': 'Chiplet_3', 'to': 'Chiplet_1', 'connection_type': '2.5d_emib', 'loc': '2.5d_chiplet'},{'from': 'Chiplet_5', 'to': 'Chiplet_3', 'connection_type': '2.5d_emib', 'loc': '2.5d_chiplet'},{'from': 'Chiplet_5', 'to': 'Chiplet_1', 'connection_type': '2.5d_emib', 'loc': '2.5d_chiplet'}",1,10,1,2,1,1,hbm2,aib,na,0,0,os,0,0,0
238,33.68532724858738,4347512.0,150678.33954423736,466826880.99405676,9184.739130434782,16217.37954083308,238,3.665749090547913,5.538366334949999,4096,128x128,10,1.8849981800824636,3.1172648505374996,2048,96x96,10,12.799492673176792,15.979573171754398,4096,192x192,14,1.86237254,4.475,2048,128x128,7,1.3653681800824635,3.1172648505374996,512,96x96,10,8.112421457366196,12.973514847541198,8192,192x192,10,2.5d_3d,"{'from': 'Chiplet_6', 'to': 'Chiplet_1', 'connection_type': '3d_tsv', 'loc': 'stack0_base'},{'from': 'Chiplet_1', 'to': 'Chiplet_4', 'connection_type': '3d_tsv', 'loc': 'stack0_middle1'},{'from': 'Chiplet_4', 'to': 'na', 'connection_type': '3d_tsv', 'loc': 'stack0_top'},{'from': 'Chiplet_3', 'to': 'Chiplet_2', 'connection_type': '2.5d_emib', 'loc': '2.5d_chiplet'},{'from': 'Chiplet_3', 'to': 'Chiplet_6', 'connection_type': '2.5d_emib', 'loc': '2.5d_chiplet'},{'from': 'Chiplet_6', 'to': 'Chiplet_2', 'connection_type': '2.5d_emib', 'loc': '2.5d_chiplet'},{'from': 'Chiplet_6', 'to': 'Chiplet_3', 'connection_type': '2.5d_emib', 'loc': '2.5d_chiplet'},{'from': 'Chiplet_6', 'to': 'Chiplet_5', 'connection_type': '2.5d_emib', 'loc': '2.5d_chiplet'},{'from': 'Chiplet_2', 'to': 'Chiplet_3', 'connection_type': '2.5d_emib', 'loc': '2.5d_chiplet'},{'from': 'Chiplet_2', 'to': 'Chiplet_6', 'connection_type': '2.5d_emib', 'loc': '2.5d_chiplet'},{'from': 'Chiplet_2', 'to': 'Chiplet_5', 'connection_type': '2.5d_emib', 'loc': '2.5d_chiplet'},{'from': 'Chiplet_5', 'to': 'Chiplet_2', 'connection_type': '2.5d_emib', 'loc': '2.5d_chiplet'},{'from': 'Chiplet_5', 'to': 'Chiplet_6', 'connection_type': '2.5d_emib', 'loc': '2.5d_chiplet'}",1,1,3,1,1,1,ddr5,aib,ucie_3d,1,0,os,0,0,0
239,20.383333989488122,5225985.8,120900.41453840508,214896507.66054553,16269.264715667081,20485.506470527063,239,2.972908090547913,5.538366334949999,2048,128x128,10,15.436124909546791,15.979573171754398,8192,192x192,14,7.419580457366196,12.973514847541198,6144,192x192,10,1.249405813087535,1.7054115854749998,256,64x64,14,14.117807839976791,15.979573171754398,6144,192x192,14,1.7117881800824635,3.1172648505374996,1536,96x96,10,2.5d_3d,"{'from': 'Chiplet_2', 'to': 'Chiplet_5', 'connection_type': '3d_tsv', 'loc': 'stack0_base'},{'from': 'Chiplet_5', 'to': 'Chiplet_3', 'connection_type': '3d_tsv', 'loc': 'stack0_middle1'},{'from': 'Chiplet_3', 'to': 'Chiplet_1', 'connection_type': '3d_tsv', 'loc': 'stack0_middle2'},{'from': 'Chiplet_1', 'to': 'Chiplet_6', 'connection_type': '3d_tsv', 'loc': 'stack0_middle3'},{'from': 'Chiplet_6', 'to': 'na', 'connection_type': '3d_tsv', 'loc': 'stack0_top'},{'from': 'Chiplet_2', 'to': 'Chiplet_4', 'connection_type': '2.5d_rdl', 'loc': '2.5d_chiplet'},{'from': 'Chiplet_4', 'to': 'Chiplet_2', 'connection_type': '2.5d_rdl', 'loc': '2.5d_chiplet'}",1,5,3,1,5,1,hbm2,ucie_std,ucie_3d,0,0,is,1,0,0
240,22.360161356706275,3025021.28,178138.23293672135,426823498.90724146,5179.28074654459,11247.912339599678,240,2.6264880905479133,5.538366334949999,1024,128x128,10,2.6264880905479133,5.538366334949999,1024,128x128,10,0.784712696,2.51875,512,96x96,7,3.432469952,10.4826,2048,192x192,7,0.552198,1.11875,768,64x64,7,5.5109919519999995,10.4826,8192,192x192,7,2.5d,"{'from': 'Chiplet_6', 'to': 'Chiplet_2', 'connection_type': '2.5d_emib', 'loc': '2.5d_chiplet'},{'from': 'Chiplet_6', 'to': 'Chiplet_4', 'connection_type': '2.5d_emib', 'loc': '2.5d_chiplet'},{'from': 'Chiplet_6', 'to': 'Chiplet_1', 'connection_type': '2.5d_emib', 'loc': '2.5d_chiplet'},{'from': 'Chiplet_2', 'to': 'Chiplet_6', 'connection_type': '2.5d_emib', 'loc': '2.5d_chiplet'},{'from': 'Chiplet_2', 'to': 'Chiplet_1', 'connection_type': '2.5d_emib', 'loc': '2.5d_chiplet'},{'from': 'Chiplet_4', 'to': 'Chiplet_3', 'connection_type': '2.5d_emib', 'loc': '2.5d_chiplet'},{'from': 'Chiplet_4', 'to': 'Chiplet_6', 'connection_type': '2.5d_emib', 'loc': '2.5d_chiplet'},{'from': 'Chiplet_4', 'to': 'Chiplet_1', 'connection_type': '2.5d_emib', 'loc': '2.5d_chiplet'},{'from': 'Chiplet_1', 'to': 'Chiplet_4', 'connection_type': '2.5d_emib', 'loc': '2.5d_chiplet'},{'from': 'Chiplet_1', 'to': 'Chiplet_2', 'connection_type': '2.5d_emib', 'loc': '2.5d_chiplet'},{'from': 'Chiplet_1', 'to': 'Chiplet_5', 'connection_type': '2.5d_emib', 'loc': '2.5d_chiplet'},{'from': 'Chiplet_1', 'to': 'Chiplet_6', 'connection_type': '2.5d_emib', 'loc': '2.5d_chiplet'},{'from': 'Chiplet_1', 'to': 'Chiplet_3', 'connection_type': '2.5d_emib', 'loc': '2.5d_chiplet'},{'from': 'Chiplet_3', 'to': 'Chiplet_5', 'connection_type': '2.5d_emib', 'loc': '2.5d_chiplet'},{'from': 'Chiplet_3', 'to': 'Chiplet_4', 'connection_type': '2.5d_emib', 'loc': '2.5d_chiplet'},{'from': 'Chiplet_3', 'to': 'Chiplet_1', 'connection_type': '2.5d_emib', 'loc': '2.5d_chiplet'},{'from': 'Chiplet_5', 'to': 'Chiplet_3', 'connection_type': '2.5d_emib', 'loc': '2.5d_chiplet'},{'from': 'Chiplet_5', 'to': 'Chiplet_1', 'connection_type': '2.5d_emib', 'loc': '2.5d_chiplet'}",1,1,1,1,1,3,ddr5,ucie_adv,na,0,0,os,0,0,0
241,23.33338349985042,2354297.51,157777.8470574973,464833565.2243339,11568.790849673203,13210.144274350227,241,0.743226759447044,1.3845915837374998,512,64x64,10,1.249405813087535,1.7054115854749998,256,64x64,14,0.743226759447044,1.3845915837374998,512,64x64,10,5.5109919519999995,10.4826,8192,192x192,7,2.927572174079395,3.8395579270749995,1024,96x96,14,1.7117881800824635,3.1172648505374996,1536,96x96,10,2.5d,"{'from': 'Chiplet_4', 'to': 'Chiplet_5', 'connection_type': '2.5d_emib', 'loc': '2.5d_chiplet'},{'from': 'Chiplet_4', 'to': 'Chiplet_1', 'connection_type': '2.5d_emib', 'loc': '2.5d_chiplet'},{'from': 'Chiplet_1', 'to': 'Chiplet_5', 'connection_type': '2.5d_emib', 'loc': '2.5d_chiplet'},{'from': 'Chiplet_1', 'to': 'Chiplet_4', 'connection_type': '2.5d_emib', 'loc': '2.5d_chiplet'},{'from': 'Chiplet_5', 'to': 'Chiplet_4', 'connection_type': '2.5d_emib', 'loc': '2.5d_chiplet'},{'from': 'Chiplet_5', 'to': 'Chiplet_2', 'connection_type': '2.5d_emib', 'loc': '2.5d_chiplet'},{'from': 'Chiplet_5', 'to': 'Chiplet_6', 'connection_type': '2.5d_emib', 'loc': '2.5d_chiplet'},{'from': 'Chiplet_5', 'to': 'Chiplet_3', 'connection_type': '2.5d_emib', 'loc': '2.5d_chiplet'},{'from': 'Chiplet_5', 'to': 'Chiplet_1', 'connection_type': '2.5d_emib', 'loc': '2.5d_chiplet'},{'from': 'Chiplet_3', 'to': 'Chiplet_2', 'connection_type': '2.5d_emib', 'loc': '2.5d_chiplet'},{'from': 'Chiplet_3', 'to': 'Chiplet_5', 'connection_type': '2.5d_emib', 'loc': '2.5d_chiplet'},{'from': 'Chiplet_6', 'to': 'Chiplet_2', 'connection_type': '2.5d_emib', 'loc': '2.5d_chiplet'},{'from': 'Chiplet_6', 'to': 'Chiplet_5', 'connection_type': '2.5d_emib', 'loc': '2.5d_chiplet'},{'from': 'Chiplet_2', 'to': 'Chiplet_5', 'connection_type': '2.5d_emib', 'loc': '2.5d_chiplet'},{'from': 'Chiplet_2', 'to': 'Chiplet_6', 'connection_type': '2.5d_emib', 'loc': '2.5d_chiplet'},{'from': 'Chiplet_2', 'to': 'Chiplet_3', 'connection_type': '2.5d_emib', 'loc': '2.5d_chiplet'}",1,1,1,3,1,1,ddr5,ucie_adv,na,0,0,ws,0,0,0
242,28.919242590047055,3500949.54,91049.04853158849,609434229.968476,8734.490372725668,17604.269182151605,242,2.55521354,4.475,4096,128x128,7,2.972908090547913,5.538366334949999,2048,128x128,10,6.033899457366197,12.973514847541198,2048,192x192,10,1.304342696,2.51875,2048,96x96,7,4.818150952,10.4826,6144,192x192,7,3.5867297574793953,3.8395579270749995,2048,96x96,14,2.5d,"{'from': 'Chiplet_3', 'to': 'Chiplet_2', 'connection_type': '2.5d_rdl', 'loc': '2.5d_chiplet'},{'from': 'Chiplet_3', 'to': 'Chiplet_5', 'connection_type': '2.5d_rdl', 'loc': '2.5d_chiplet'},{'from': 'Chiplet_3', 'to': 'Chiplet_6', 'connection_type': '2.5d_rdl', 'loc': '2.5d_chiplet'},{'from': 'Chiplet_3', 'to': 'Chiplet_4', 'connection_type': '2.5d_rdl', 'loc': '2.5d_chiplet'},{'from': 'Chiplet_2', 'to': 'Chiplet_3', 'connection_type': '2.5d_rdl', 'loc': '2.5d_chiplet'},{'from': 'Chiplet_2', 'to': 'Chiplet_4', 'connection_type': '2.5d_rdl', 'loc': '2.5d_chiplet'},{'from': 'Chiplet_4', 'to': 'Chiplet_2', 'connection_type': '2.5d_rdl', 'loc': '2.5d_chiplet'},{'from': 'Chiplet_4', 'to': 'Chiplet_3', 'connection_type': '2.5d_rdl', 'loc': '2.5d_chiplet'},{'from': 'Chiplet_5', 'to': 'Chiplet_3', 'connection_type': '2.5d_rdl', 'loc': '2.5d_chiplet'},{'from': 'Chiplet_5', 'to': 'Chiplet_6', 'connection_type': '2.5d_rdl', 'loc': '2.5d_chiplet'},{'from': 'Chiplet_5', 'to': 'Chiplet_1', 'connection_type': '2.5d_rdl', 'loc': '2.5d_chiplet'},{'from': 'Chiplet_6', 'to': 'Chiplet_3', 'connection_type': '2.5d_rdl', 'loc': '2.5d_chiplet'},{'from': 'Chiplet_6', 'to': 'Chiplet_5', 'connection_type': '2.5d_rdl', 'loc': '2.5d_chiplet'},{'from': 'Chiplet_6', 'to': 'Chiplet_1', 'connection_type': '2.5d_rdl', 'loc': '2.5d_chiplet'},{'from': 'Chiplet_1', 'to': 'Chiplet_5', 'connection_type': '2.5d_rdl', 'loc': '2.5d_chiplet'},{'from': 'Chiplet_1', 'to': 'Chiplet_6', 'connection_type': '2.5d_rdl', 'loc': '2.5d_chiplet'}",1,1,2,1,2,1,ddr4,ucie_std,na,1,0,ws,0,0,0
243,48.37324817524432,5708866.47,204192.36366408985,237986564.36965218,10113.0,12640.677886548801,243,6.975099908490179,6.821646341899999,4096,128x128,14,1.131132696,2.51875,1536,96x96,7,14.117807839976791,15.979573171754398,6144,192x192,14,1.5385781800824634,3.1172648505374996,1024,96x96,10,5.5109919519999995,10.4826,8192,192x192,7,3.3193280905479132,5.538366334949999,3072,128x128,10,2.5d,"{'from': 'Chiplet_3', 'to': 'Chiplet_2', 'connection_type': '2.5d_emib', 'loc': '2.5d_chiplet'},{'from': 'Chiplet_3', 'to': 'Chiplet_5', 'connection_type': '2.5d_emib', 'loc': '2.5d_chiplet'},{'from': 'Chiplet_3', 'to': 'Chiplet_4', 'connection_type': '2.5d_emib', 'loc': '2.5d_chiplet'},{'from': 'Chiplet_3', 'to': 'Chiplet_1', 'connection_type': '2.5d_emib', 'loc': '2.5d_chiplet'},{'from': 'Chiplet_4', 'to': 'Chiplet_2', 'connection_type': '2.5d_emib', 'loc': '2.5d_chiplet'},{'from': 'Chiplet_4', 'to': 'Chiplet_3', 'connection_type': '2.5d_emib', 'loc': '2.5d_chiplet'},{'from': 'Chiplet_2', 'to': 'Chiplet_3', 'connection_type': '2.5d_emib', 'loc': '2.5d_chiplet'},{'from': 'Chiplet_2', 'to': 'Chiplet_4', 'connection_type': '2.5d_emib', 'loc': '2.5d_chiplet'},{'from': 'Chiplet_1', 'to': 'Chiplet_3', 'connection_type': '2.5d_emib', 'loc': '2.5d_chiplet'},{'from': 'Chiplet_1', 'to': 'Chiplet_6', 'connection_type': '2.5d_emib', 'loc': '2.5d_chiplet'},{'from': 'Chiplet_1', 'to': 'Chiplet_5', 'connection_type': '2.5d_emib', 'loc': '2.5d_chiplet'},{'from': 'Chiplet_5', 'to': 'Chiplet_3', 'connection_type': '2.5d_emib', 'loc': '2.5d_chiplet'},{'from': 'Chiplet_5', 'to': 'Chiplet_6', 'connection_type': '2.5d_emib', 'loc': '2.5d_chiplet'},{'from': 'Chiplet_5', 'to': 'Chiplet_1', 'connection_type': '2.5d_emib', 'loc': '2.5d_chiplet'},{'from': 'Chiplet_6', 'to': 'Chiplet_5', 'connection_type': '2.5d_emib', 'loc': '2.5d_chiplet'},{'from': 'Chiplet_6', 'to': 'Chiplet_1', 'connection_type': '2.5d_emib', 'loc': '2.5d_chiplet'}",3,1,7,1,3,1,hbm2,aib,na,1,0,is,0,0,0
244,36.37162593685587,3506974.62,178204.2785789142,454892622.81259537,26075.94037968148,25753.63504113326,244,0.916436759447044,1.3845915837374998,1024,64x64,10,6.726740457366197,12.973514847541198,4096,192x192,10,0.378988,1.11875,256,64x64,7,15.436124909546791,15.979573171754398,8192,192x192,14,1.249405813087535,1.7054115854749998,256,64x64,14,1.3653681800824635,3.1172648505374996,512,96x96,10,2.5d,"{'from': 'Chiplet_4', 'to': 'Chiplet_2', 'connection_type': '2.5d_emib', 'loc': '2.5d_chiplet'},{'from': 'Chiplet_4', 'to': 'Chiplet_3', 'connection_type': '2.5d_emib', 'loc': '2.5d_chiplet'},{'from': 'Chiplet_4', 'to': 'Chiplet_6', 'connection_type': '2.5d_emib', 'loc': '2.5d_chiplet'},{'from': 'Chiplet_2', 'to': 'Chiplet_6', 'connection_type': '2.5d_emib', 'loc': '2.5d_chiplet'},{'from': 'Chiplet_2', 'to': 'Chiplet_4', 'connection_type': '2.5d_emib', 'loc': '2.5d_chiplet'},{'from': 'Chiplet_2', 'to': 'Chiplet_5', 'connection_type': '2.5d_emib', 'loc': '2.5d_chiplet'},{'from': 'Chiplet_6', 'to': 'Chiplet_2', 'connection_type': '2.5d_emib', 'loc': '2.5d_chiplet'},{'from': 'Chiplet_6', 'to': 'Chiplet_5', 'connection_type': '2.5d_emib', 'loc': '2.5d_chiplet'},{'from': 'Chiplet_6', 'to': 'Chiplet_4', 'connection_type': '2.5d_emib', 'loc': '2.5d_chiplet'},{'from': 'Chiplet_6', 'to': 'Chiplet_3', 'connection_type': '2.5d_emib', 'loc': '2.5d_chiplet'},{'from': 'Chiplet_3', 'to': 'Chiplet_6', 'connection_type': '2.5d_emib', 'loc': '2.5d_chiplet'},{'from': 'Chiplet_3', 'to': 'Chiplet_4', 'connection_type': '2.5d_emib', 'loc': '2.5d_chiplet'},{'from': 'Chiplet_3', 'to': 'Chiplet_1', 'connection_type': '2.5d_emib', 'loc': '2.5d_chiplet'},{'from': 'Chiplet_5', 'to': 'Chiplet_2', 'connection_type': '2.5d_emib', 'loc': '2.5d_chiplet'},{'from': 'Chiplet_5', 'to': 'Chiplet_6', 'connection_type': '2.5d_emib', 'loc': '2.5d_chiplet'},{'from': 'Chiplet_5', 'to': 'Chiplet_1', 'connection_type': '2.5d_emib', 'loc': '2.5d_chiplet'},{'from': 'Chiplet_1', 'to': 'Chiplet_3', 'connection_type': '2.5d_emib', 'loc': '2.5d_chiplet'},{'from': 'Chiplet_1', 'to': 'Chiplet_5', 'connection_type': '2.5d_emib', 'loc': '2.5d_chiplet'}",1,1,1,3,1,1,ddr4,ucie_adv,na,0,0,os,1,0,0
245,36.486011545447234,4374442.89,92219.57241905521,189714937.7986966,40632.435842208986,33143.316175772816,245,1.86237254,4.475,2048,128x128,7,6.315940422320179,6.821646341899999,3072,128x128,14,4.1253109519999995,10.4826,4096,192x192,7,3.2571509657793953,3.8395579270749995,1536,96x96,14,0.378988,1.11875,256,64x64,7,8.112421457366196,12.973514847541198,8192,192x192,10,2.5d,"{'from': 'Chiplet_6', 'to': 'Chiplet_2', 'connection_type': '2.5d_rdl', 'loc': '2.5d_chiplet'},{'from': 'Chiplet_6', 'to': 'Chiplet_3', 'connection_type': '2.5d_rdl', 'loc': '2.5d_chiplet'},{'from': 'Chiplet_6', 'to': 'Chiplet_4', 'connection_type': '2.5d_rdl', 'loc': '2.5d_chiplet'},{'from': 'Chiplet_6', 'to': 'Chiplet_5', 'connection_type': '2.5d_rdl', 'loc': '2.5d_chiplet'},{'from': 'Chiplet_4', 'to': 'Chiplet_5', 'connection_type': '2.5d_rdl', 'loc': '2.5d_chiplet'},{'from': 'Chiplet_4', 'to': 'Chiplet_6', 'connection_type': '2.5d_rdl', 'loc': '2.5d_chiplet'},{'from': 'Chiplet_5', 'to': 'Chiplet_6', 'connection_type': '2.5d_rdl', 'loc': '2.5d_chiplet'},{'from': 'Chiplet_5', 'to': 'Chiplet_4', 'connection_type': '2.5d_rdl', 'loc': '2.5d_chiplet'},{'from': 'Chiplet_2', 'to': 'Chiplet_3', 'connection_type': '2.5d_rdl', 'loc': '2.5d_chiplet'},{'from': 'Chiplet_2', 'to': 'Chiplet_6', 'connection_type': '2.5d_rdl', 'loc': '2.5d_chiplet'},{'from': 'Chiplet_2', 'to': 'Chiplet_1', 'connection_type': '2.5d_rdl', 'loc': '2.5d_chiplet'},{'from': 'Chiplet_3', 'to': 'Chiplet_2', 'connection_type': '2.5d_rdl', 'loc': '2.5d_chiplet'},{'from': 'Chiplet_3', 'to': 'Chiplet_6', 'connection_type': '2.5d_rdl', 'loc': '2.5d_chiplet'},{'from': 'Chiplet_3', 'to': 'Chiplet_1', 'connection_type': '2.5d_rdl', 'loc': '2.5d_chiplet'},{'from': 'Chiplet_1', 'to': 'Chiplet_2', 'connection_type': '2.5d_rdl', 'loc': '2.5d_chiplet'},{'from': 'Chiplet_1', 'to': 'Chiplet_3', 'connection_type': '2.5d_rdl', 'loc': '2.5d_chiplet'}",1,4,3,2,1,5,hbm2,ucie_std,na,0,0,ws,1,0,0
246,31.5726693074005,3385699.47,72341.85443032629,145804707.12739667,62469.31299824535,41194.672190381636,246,5.656782838920179,6.821646341899999,2048,128x128,14,0.656621759447044,1.3845915837374998,256,64x64,10,6.033899457366197,12.973514847541198,2048,192x192,10,1.578984604787535,1.7054115854749998,768,64x64,14,3.2571509657793953,3.8395579270749995,1536,96x96,14,6.315940422320179,6.821646341899999,3072,128x128,14,2.5d,"{'from': 'Chiplet_6', 'to': 'Chiplet_3', 'connection_type': '2.5d_rdl', 'loc': '2.5d_chiplet'},{'from': 'Chiplet_6', 'to': 'Chiplet_4', 'connection_type': '2.5d_rdl', 'loc': '2.5d_chiplet'},{'from': 'Chiplet_6', 'to': 'Chiplet_5', 'connection_type': '2.5d_rdl', 'loc': '2.5d_chiplet'},{'from': 'Chiplet_5', 'to': 'Chiplet_2', 'connection_type': '2.5d_rdl', 'loc': '2.5d_chiplet'},{'from': 'Chiplet_5', 'to': 'Chiplet_6', 'connection_type': '2.5d_rdl', 'loc': '2.5d_chiplet'},{'from': 'Chiplet_5', 'to': 'Chiplet_4', 'connection_type': '2.5d_rdl', 'loc': '2.5d_chiplet'},{'from': 'Chiplet_4', 'to': 'Chiplet_2', 'connection_type': '2.5d_rdl', 'loc': '2.5d_chiplet'},{'from': 'Chiplet_4', 'to': 'Chiplet_5', 'connection_type': '2.5d_rdl', 'loc': '2.5d_chiplet'},{'from': 'Chiplet_4', 'to': 'Chiplet_6', 'connection_type': '2.5d_rdl', 'loc': '2.5d_chiplet'},{'from': 'Chiplet_4', 'to': 'Chiplet_1', 'connection_type': '2.5d_rdl', 'loc': '2.5d_chiplet'},{'from': 'Chiplet_2', 'to': 'Chiplet_5', 'connection_type': '2.5d_rdl', 'loc': '2.5d_chiplet'},{'from': 'Chiplet_2', 'to': 'Chiplet_4', 'connection_type': '2.5d_rdl', 'loc': '2.5d_chiplet'},{'from': 'Chiplet_3', 'to': 'Chiplet_6', 'connection_type': '2.5d_rdl', 'loc': '2.5d_chiplet'},{'from': 'Chiplet_3', 'to': 'Chiplet_1', 'connection_type': '2.5d_rdl', 'loc': '2.5d_chiplet'},{'from': 'Chiplet_1', 'to': 'Chiplet_3', 'connection_type': '2.5d_rdl', 'loc': '2.5d_chiplet'},{'from': 'Chiplet_1', 'to': 'Chiplet_4', 'connection_type': '2.5d_rdl', 'loc': '2.5d_chiplet'}",4,1,4,1,2,4,hbm2,ucie_std,na,1,0,os,1,0,0
247,33.19543827891825,3919370.09,89341.4363523521,179019816.9421175,8658.359788359789,9423.920200084467,247,2.6264880905479133,5.538366334949999,1024,128x128,10,1.7117881800824635,3.1172648505374996,1536,96x96,10,1.249405813087535,1.7054115854749998,256,64x64,14,1.249405813087535,1.7054115854749998,256,64x64,14,15.436124909546791,15.979573171754398,8192,192x192,14,3.432469952,10.4826,2048,192x192,7,2.5d,"{'from': 'Chiplet_5', 'to': 'Chiplet_6', 'connection_type': '2.5d_rdl', 'loc': '2.5d_chiplet'},{'from': 'Chiplet_5', 'to': 'Chiplet_1', 'connection_type': '2.5d_rdl', 'loc': '2.5d_chiplet'},{'from': 'Chiplet_6', 'to': 'Chiplet_2', 'connection_type': '2.5d_rdl', 'loc': '2.5d_chiplet'},{'from': 'Chiplet_6', 'to': 'Chiplet_5', 'connection_type': '2.5d_rdl', 'loc': '2.5d_chiplet'},{'from': 'Chiplet_6', 'to': 'Chiplet_1', 'connection_type': '2.5d_rdl', 'loc': '2.5d_chiplet'},{'from': 'Chiplet_6', 'to': 'Chiplet_3', 'connection_type': '2.5d_rdl', 'loc': '2.5d_chiplet'},{'from': 'Chiplet_3', 'to': 'Chiplet_2', 'connection_type': '2.5d_rdl', 'loc': '2.5d_chiplet'},{'from': 'Chiplet_3', 'to': 'Chiplet_6', 'connection_type': '2.5d_rdl', 'loc': '2.5d_chiplet'},{'from': 'Chiplet_1', 'to': 'Chiplet_2', 'connection_type': '2.5d_rdl', 'loc': '2.5d_chiplet'},{'from': 'Chiplet_1', 'to': 'Chiplet_5', 'connection_type': '2.5d_rdl', 'loc': '2.5d_chiplet'},{'from': 'Chiplet_1', 'to': 'Chiplet_4', 'connection_type': '2.5d_rdl', 'loc': '2.5d_chiplet'},{'from': 'Chiplet_1', 'to': 'Chiplet_6', 'connection_type': '2.5d_rdl', 'loc': '2.5d_chiplet'},{'from': 'Chiplet_2', 'to': 'Chiplet_4', 'connection_type': '2.5d_rdl', 'loc': '2.5d_chiplet'},{'from': 'Chiplet_2', 'to': 'Chiplet_3', 'connection_type': '2.5d_rdl', 'loc': '2.5d_chiplet'},{'from': 'Chiplet_2', 'to': 'Chiplet_6', 'connection_type': '2.5d_rdl', 'loc': '2.5d_chiplet'},{'from': 'Chiplet_2', 'to': 'Chiplet_1', 'connection_type': '2.5d_rdl', 'loc': '2.5d_chiplet'},{'from': 'Chiplet_4', 'to': 'Chiplet_2', 'connection_type': '2.5d_rdl', 'loc': '2.5d_chiplet'},{'from': 'Chiplet_4', 'to': 'Chiplet_1', 'connection_type': '2.5d_rdl', 'loc': '2.5d_chiplet'}",2,1,1,1,9,2,hbm3,ucie_std,na,1,0,ws,0,0,0
248,8.685273972821,1959478.17,88310.82911814674,139950778.1480532,15593.113284433579,8200.123397100087,248,2.927572174079395,3.8395579270749995,1024,96x96,14,2.597993382379395,3.8395579270749995,512,96x96,14,0.638803,1.11875,1024,64x64,7,0.957922696,2.51875,1024,96x96,7,2.597993382379395,3.8395579270749995,512,96x96,14,2.55521354,4.475,4096,128x128,7,2.5d_3d,"{'from': 'Chiplet_1', 'to': 'Chiplet_2', 'connection_type': '3d_tsv', 'loc': 'stack0_base'},{'from': 'Chiplet_2', 'to': 'Chiplet_6', 'connection_type': '3d_tsv', 'loc': 'stack0_middle1'},{'from': 'Chiplet_6', 'to': 'Chiplet_4', 'connection_type': '3d_tsv', 'loc': 'stack0_middle2'},{'from': 'Chiplet_4', 'to': 'na', 'connection_type': '3d_tsv', 'loc': 'stack0_top'},{'from': 'Chiplet_1', 'to': 'Chiplet_5', 'connection_type': '2.5d_emib', 'loc': '2.5d_chiplet'},{'from': 'Chiplet_1', 'to': 'Chiplet_3', 'connection_type': '2.5d_emib', 'loc': '2.5d_chiplet'},{'from': 'Chiplet_5', 'to': 'Chiplet_3', 'connection_type': '2.5d_emib', 'loc': '2.5d_chiplet'},{'from': 'Chiplet_5', 'to': 'Chiplet_1', 'connection_type': '2.5d_emib', 'loc': '2.5d_chiplet'},{'from': 'Chiplet_3', 'to': 'Chiplet_5', 'connection_type': '2.5d_emib', 'loc': '2.5d_chiplet'},{'from': 'Chiplet_3', 'to': 'Chiplet_1', 'connection_type': '2.5d_emib', 'loc': '2.5d_chiplet'}",4,4,1,1,3,3,hbm3,ucie_adv,ucie_3d,1,0,os,0,0,0
249,27.759030319407007,2824734.44,77280.58494485775,302655209.81788176,60869.33589709887,42098.447021079206,249,2.972908090547913,5.538366334949999,2048,128x128,10,0.638803,1.11875,1024,64x64,7,1.249405813087535,1.7054115854749998,256,64x64,14,11.481175603606792,15.979573171754398,2048,192x192,14,3.2571509657793953,3.8395579270749995,1536,96x96,14,2.55521354,4.475,4096,128x128,7,2.5d,"{'from': 'Chiplet_4', 'to': 'Chiplet_5', 'connection_type': '2.5d_rdl', 'loc': '2.5d_chiplet'},{'from': 'Chiplet_4', 'to': 'Chiplet_1', 'connection_type': '2.5d_rdl', 'loc': '2.5d_chiplet'},{'from': 'Chiplet_5', 'to': 'Chiplet_2', 'connection_type': '2.5d_rdl', 'loc': '2.5d_chiplet'},{'from': 'Chiplet_5', 'to': 'Chiplet_3', 'connection_type': '2.5d_rdl', 'loc': '2.5d_chiplet'},{'from': 'Chiplet_5', 'to': 'Chiplet_4', 'connection_type': '2.5d_rdl', 'loc': '2.5d_chiplet'},{'from': 'Chiplet_5', 'to': 'Chiplet_1', 'connection_type': '2.5d_rdl', 'loc': '2.5d_chiplet'},{'from': 'Chiplet_3', 'to': 'Chiplet_2', 'connection_type': '2.5d_rdl', 'loc': '2.5d_chiplet'},{'from': 'Chiplet_3', 'to': 'Chiplet_5', 'connection_type': '2.5d_rdl', 'loc': '2.5d_chiplet'},{'from': 'Chiplet_2', 'to': 'Chiplet_5', 'connection_type': '2.5d_rdl', 'loc': '2.5d_chiplet'},{'from': 'Chiplet_2', 'to': 'Chiplet_6', 'connection_type': '2.5d_rdl', 'loc': '2.5d_chiplet'},{'from': 'Chiplet_2', 'to': 'Chiplet_3', 'connection_type': '2.5d_rdl', 'loc': '2.5d_chiplet'},{'from': 'Chiplet_1', 'to': 'Chiplet_6', 'connection_type': '2.5d_rdl', 'loc': '2.5d_chiplet'},{'from': 'Chiplet_1', 'to': 'Chiplet_4', 'connection_type': '2.5d_rdl', 'loc': '2.5d_chiplet'},{'from': 'Chiplet_1', 'to': 'Chiplet_5', 'connection_type': '2.5d_rdl', 'loc': '2.5d_chiplet'},{'from': 'Chiplet_6', 'to': 'Chiplet_2', 'connection_type': '2.5d_rdl', 'loc': '2.5d_chiplet'},{'from': 'Chiplet_6', 'to': 'Chiplet_1', 'connection_type': '2.5d_rdl', 'loc': '2.5d_chiplet'}",1,1,1,3,1,1,ddr5,ucie_std,na,0,0,is,1,0,0
250,19.23152881559773,2972018.63,68891.50649877993,400330396.22155166,53083.58278940111,38703.18462656402,250,2.972908090547913,5.538366334949999,2048,128x128,10,4.1253109519999995,10.4826,4096,192x192,7,0.46559300000000003,1.11875,512,64x64,7,4.1253109519999995,10.4826,4096,192x192,7,0.656621759447044,1.3845915837374998,256,64x64,10,1.5385781800824634,3.1172648505374996,1024,96x96,10,2.5d_3d,"{'from': 'Chiplet_4', 'to': 'Chiplet_5', 'connection_type': '3d_hyb_bond', 'loc': 'stack0_base'},{'from': 'Chiplet_5', 'to': 'na', 'connection_type': '3d_hyb_bond', 'loc': 'stack0_top'},{'from': 'Chiplet_2', 'to': 'Chiplet_4', 'connection_type': '2.5d_rdl', 'loc': '2.5d_chiplet'},{'from': 'Chiplet_2', 'to': 'Chiplet_1', 'connection_type': '2.5d_rdl', 'loc': '2.5d_chiplet'},{'from': 'Chiplet_1', 'to': 'Chiplet_2', 'connection_type': '2.5d_rdl', 'loc': '2.5d_chiplet'},{'from': 'Chiplet_1', 'to': 'Chiplet_6', 'connection_type': '2.5d_rdl', 'loc': '2.5d_chiplet'},{'from': 'Chiplet_4', 'to': 'Chiplet_2', 'connection_type': '2.5d_rdl', 'loc': '2.5d_chiplet'},{'from': 'Chiplet_4', 'to': 'Chiplet_3', 'connection_type': '2.5d_rdl', 'loc': '2.5d_chiplet'},{'from': 'Chiplet_4', 'to': 'Chiplet_6', 'connection_type': '2.5d_rdl', 'loc': '2.5d_chiplet'},{'from': 'Chiplet_6', 'to': 'Chiplet_3', 'connection_type': '2.5d_rdl', 'loc': '2.5d_chiplet'},{'from': 'Chiplet_6', 'to': 'Chiplet_4', 'connection_type': '2.5d_rdl', 'loc': '2.5d_chiplet'},{'from': 'Chiplet_6', 'to': 'Chiplet_1', 'connection_type': '2.5d_rdl', 'loc': '2.5d_chiplet'},{'from': 'Chiplet_3', 'to': 'Chiplet_4', 'connection_type': '2.5d_rdl', 'loc': '2.5d_chiplet'},{'from': 'Chiplet_3', 'to': 'Chiplet_6', 'connection_type': '2.5d_rdl', 'loc': '2.5d_chiplet'}",1,2,1,2,1,1,ddr4,ucie_std,ucie_3d,1,0,os,1,0,0
251,9.263419240372542,1605549.8,42172.183174348924,313307215.37221646,169490.4553439416,63354.77334912066,251,1.304342696,2.51875,2048,96x96,7,1.304342696,2.51875,2048,96x96,7,1.3653681800824635,3.1172648505374996,512,96x96,10,1.51595254,4.475,1024,128x128,7,0.916436759447044,1.3845915837374998,1024,64x64,10,1.51595254,4.475,1024,128x128,7,2.5d_3d,"{'from': 'Chiplet_2', 'to': 'Chiplet_1', 'connection_type': '3d_u_bump', 'loc': 'stack0_base'},{'from': 'Chiplet_1', 'to': 'na', 'connection_type': '3d_u_bump', 'loc': 'stack0_top'},{'from': 'Chiplet_4', 'to': 'Chiplet_3', 'connection_type': '2.5d_rdl', 'loc': '2.5d_chiplet'},{'from': 'Chiplet_4', 'to': 'Chiplet_6', 'connection_type': '2.5d_rdl', 'loc': '2.5d_chiplet'},{'from': 'Chiplet_3', 'to': 'Chiplet_2', 'connection_type': '2.5d_rdl', 'loc': '2.5d_chiplet'},{'from': 'Chiplet_3', 'to': 'Chiplet_4', 'connection_type': '2.5d_rdl', 'loc': '2.5d_chiplet'},{'from': 'Chiplet_6', 'to': 'Chiplet_2', 'connection_type': '2.5d_rdl', 'loc': '2.5d_chiplet'},{'from': 'Chiplet_6', 'to': 'Chiplet_5', 'connection_type': '2.5d_rdl', 'loc': '2.5d_chiplet'},{'from': 'Chiplet_6', 'to': 'Chiplet_4', 'connection_type': '2.5d_rdl', 'loc': '2.5d_chiplet'},{'from': 'Chiplet_2', 'to': 'Chiplet_3', 'connection_type': '2.5d_rdl', 'loc': '2.5d_chiplet'},{'from': 'Chiplet_2', 'to': 'Chiplet_6', 'connection_type': '2.5d_rdl', 'loc': '2.5d_chiplet'},{'from': 'Chiplet_2', 'to': 'Chiplet_5', 'connection_type': '2.5d_rdl', 'loc': '2.5d_chiplet'},{'from': 'Chiplet_5', 'to': 'Chiplet_2', 'connection_type': '2.5d_rdl', 'loc': '2.5d_chiplet'},{'from': 'Chiplet_5', 'to': 'Chiplet_6', 'connection_type': '2.5d_rdl', 'loc': '2.5d_chiplet'}",1,1,1,2,1,2,ddr5,ucie_std,ucie_3d,1,0,ws,1,0,0
252,27.400367096779355,2763159.16,69353.0954471048,454502142.2697675,17031.78431372549,18233.26545542683,252,8.112421457366196,12.973514847541198,8192,192x192,10,1.249405813087535,1.7054115854749998,256,64x64,14,0.743226759447044,1.3845915837374998,512,64x64,10,0.656621759447044,1.3845915837374998,256,64x64,10,0.638803,1.11875,1024,64x64,7,6.726740457366197,12.973514847541198,4096,192x192,10,2.5d,"{'from': 'Chiplet_1', 'to': 'Chiplet_2', 'connection_type': '2.5d_rdl', 'loc': '2.5d_chiplet'},{'from': 'Chiplet_1', 'to': 'Chiplet_4', 'connection_type': '2.5d_rdl', 'loc': '2.5d_chiplet'},{'from': 'Chiplet_1', 'to': 'Chiplet_6', 'connection_type': '2.5d_rdl', 'loc': '2.5d_chiplet'},{'from': 'Chiplet_4', 'to': 'Chiplet_2', 'connection_type': '2.5d_rdl', 'loc': '2.5d_chiplet'},{'from': 'Chiplet_4', 'to': 'Chiplet_1', 'connection_type': '2.5d_rdl', 'loc': '2.5d_chiplet'},{'from': 'Chiplet_6', 'to': 'Chiplet_2', 'connection_type': '2.5d_rdl', 'loc': '2.5d_chiplet'},{'from': 'Chiplet_6', 'to': 'Chiplet_3', 'connection_type': '2.5d_rdl', 'loc': '2.5d_chiplet'},{'from': 'Chiplet_6', 'to': 'Chiplet_1', 'connection_type': '2.5d_rdl', 'loc': '2.5d_chiplet'},{'from': 'Chiplet_2', 'to': 'Chiplet_4', 'connection_type': '2.5d_rdl', 'loc': '2.5d_chiplet'},{'from': 'Chiplet_2', 'to': 'Chiplet_5', 'connection_type': '2.5d_rdl', 'loc': '2.5d_chiplet'},{'from': 'Chiplet_2', 'to': 'Chiplet_6', 'connection_type': '2.5d_rdl', 'loc': '2.5d_chiplet'},{'from': 'Chiplet_2', 'to': 'Chiplet_3', 'connection_type': '2.5d_rdl', 'loc': '2.5d_chiplet'},{'from': 'Chiplet_2', 'to': 'Chiplet_1', 'connection_type': '2.5d_rdl', 'loc': '2.5d_chiplet'},{'from': 'Chiplet_3', 'to': 'Chiplet_2', 'connection_type': '2.5d_rdl', 'loc': '2.5d_chiplet'},{'from': 'Chiplet_3', 'to': 'Chiplet_5', 'connection_type': '2.5d_rdl', 'loc': '2.5d_chiplet'},{'from': 'Chiplet_3', 'to': 'Chiplet_6', 'connection_type': '2.5d_rdl', 'loc': '2.5d_chiplet'},{'from': 'Chiplet_5', 'to': 'Chiplet_2', 'connection_type': '2.5d_rdl', 'loc': '2.5d_chiplet'},{'from': 'Chiplet_5', 'to': 'Chiplet_3', 'connection_type': '2.5d_rdl', 'loc': '2.5d_chiplet'}",2,1,1,1,1,2,ddr5,ucie_std,na,1,0,is,0,0,0
253,25.548230838932128,3434224.55,105577.1210034734,134426840.83897173,36726.40979074549,22359.775610601322,253,12.799492673176792,15.979573171754398,4096,192x192,14,1.8849981800824636,3.1172648505374996,2048,96x96,10,1.249405813087535,1.7054115854749998,256,64x64,14,1.8849981800824636,3.1172648505374996,2048,96x96,10,1.743774000637535,1.7054115854749998,1024,64x64,14,2.927572174079395,3.8395579270749995,1024,96x96,14,2.5d_3d,"{'from': 'Chiplet_4', 'to': 'Chiplet_2', 'connection_type': '3d_u_bump', 'loc': 'stack0_base'},{'from': 'Chiplet_2', 'to': 'Chiplet_5', 'connection_type': '3d_u_bump', 'loc': 'stack0_middle1'},{'from': 'Chiplet_5', 'to': 'Chiplet_3', 'connection_type': '3d_u_bump', 'loc': 'stack0_middle2'},{'from': 'Chiplet_3', 'to': 'na', 'connection_type': '3d_u_bump', 'loc': 'stack0_top'},{'from': 'Chiplet_1', 'to': 'Chiplet_4', 'connection_type': '2.5d_emib', 'loc': '2.5d_chiplet'},{'from': 'Chiplet_1', 'to': 'Chiplet_6', 'connection_type': '2.5d_emib', 'loc': '2.5d_chiplet'},{'from': 'Chiplet_6', 'to': 'Chiplet_4', 'connection_type': '2.5d_emib', 'loc': '2.5d_chiplet'},{'from': 'Chiplet_6', 'to': 'Chiplet_1', 'connection_type': '2.5d_emib', 'loc': '2.5d_chiplet'},{'from': 'Chiplet_4', 'to': 'Chiplet_6', 'connection_type': '2.5d_emib', 'loc': '2.5d_chiplet'},{'from': 'Chiplet_4', 'to': 'Chiplet_1', 'connection_type': '2.5d_emib', 'loc': '2.5d_chiplet'}",9,2,1,1,1,2,hbm3,bow,ucie_3d,1,0,is,1,0,0
254,17.60487967291281,2719446.71,163063.43141977512,136679443.3219114,45799.41006666202,27146.17095294783,254,1.51595254,4.475,1024,128x128,7,1.86237254,4.475,2048,128x128,7,1.5385781800824634,3.1172648505374996,1024,96x96,10,1.131132696,2.51875,1536,96x96,7,1.4141952089375351,1.7054115854749998,512,64x64,14,6.726740457366197,12.973514847541198,4096,192x192,10,2.5d,"{'from': 'Chiplet_6', 'to': 'Chiplet_2', 'connection_type': '2.5d_emib', 'loc': '2.5d_chiplet'},{'from': 'Chiplet_6', 'to': 'Chiplet_3', 'connection_type': '2.5d_emib', 'loc': '2.5d_chiplet'},{'from': 'Chiplet_2', 'to': 'Chiplet_5', 'connection_type': '2.5d_emib', 'loc': '2.5d_chiplet'},{'from': 'Chiplet_2', 'to': 'Chiplet_6', 'connection_type': '2.5d_emib', 'loc': '2.5d_chiplet'},{'from': 'Chiplet_2', 'to': 'Chiplet_3', 'connection_type': '2.5d_emib', 'loc': '2.5d_chiplet'},{'from': 'Chiplet_5', 'to': 'Chiplet_2', 'connection_type': '2.5d_emib', 'loc': '2.5d_chiplet'},{'from': 'Chiplet_5', 'to': 'Chiplet_1', 'connection_type': '2.5d_emib', 'loc': '2.5d_chiplet'},{'from': 'Chiplet_3', 'to': 'Chiplet_2', 'connection_type': '2.5d_emib', 'loc': '2.5d_chiplet'},{'from': 'Chiplet_3', 'to': 'Chiplet_4', 'connection_type': '2.5d_emib', 'loc': '2.5d_chiplet'},{'from': 'Chiplet_3', 'to': 'Chiplet_6', 'connection_type': '2.5d_emib', 'loc': '2.5d_chiplet'},{'from': 'Chiplet_3', 'to': 'Chiplet_1', 'connection_type': '2.5d_emib', 'loc': '2.5d_chiplet'},{'from': 'Chiplet_1', 'to': 'Chiplet_3', 'connection_type': '2.5d_emib', 'loc': '2.5d_chiplet'},{'from': 'Chiplet_1', 'to': 'Chiplet_4', 'connection_type': '2.5d_emib', 'loc': '2.5d_chiplet'},{'from': 'Chiplet_1', 'to': 'Chiplet_5', 'connection_type': '2.5d_emib', 'loc': '2.5d_chiplet'},{'from': 'Chiplet_4', 'to': 'Chiplet_3', 'connection_type': '2.5d_emib', 'loc': '2.5d_chiplet'},{'from': 'Chiplet_4', 'to': 'Chiplet_1', 'connection_type': '2.5d_emib', 'loc': '2.5d_chiplet'}",2,2,2,1,2,7,hbm2,aib,na,1,0,os,1,0,0
255,30.881664172763156,4764267.68,94630.81137983083,138636581.00122422,42527.37545645413,36523.07184123494,255,1.86237254,4.475,2048,128x128,7,1.7117881800824635,3.1172648505374996,1536,96x96,10,3.665749090547913,5.538366334949999,4096,128x128,10,0.916436759447044,1.3845915837374998,1024,64x64,10,12.799492673176792,15.979573171754398,4096,192x192,14,6.033899457366197,12.973514847541198,2048,192x192,10,2.5d_3d,"{'from': 'Chiplet_1', 'to': 'Chiplet_4', 'connection_type': '3d_hyb_bond', 'loc': 'stack0_base'},{'from': 'Chiplet_4', 'to': 'na', 'connection_type': '3d_hyb_bond', 'loc': 'stack0_top'},{'from': 'Chiplet_5', 'to': 'Chiplet_3', 'connection_type': '2.5d_rdl', 'loc': '2.5d_chiplet'},{'from': 'Chiplet_5', 'to': 'Chiplet_6', 'connection_type': '2.5d_rdl', 'loc': '2.5d_chiplet'},{'from': 'Chiplet_6', 'to': 'Chiplet_5', 'connection_type': '2.5d_rdl', 'loc': '2.5d_chiplet'},{'from': 'Chiplet_6', 'to': 'Chiplet_1', 'connection_type': '2.5d_rdl', 'loc': '2.5d_chiplet'},{'from': 'Chiplet_6', 'to': 'Chiplet_3', 'connection_type': '2.5d_rdl', 'loc': '2.5d_chiplet'},{'from': 'Chiplet_3', 'to': 'Chiplet_2', 'connection_type': '2.5d_rdl', 'loc': '2.5d_chiplet'},{'from': 'Chiplet_3', 'to': 'Chiplet_5', 'connection_type': '2.5d_rdl', 'loc': '2.5d_chiplet'},{'from': 'Chiplet_3', 'to': 'Chiplet_6', 'connection_type': '2.5d_rdl', 'loc': '2.5d_chiplet'},{'from': 'Chiplet_3', 'to': 'Chiplet_1', 'connection_type': '2.5d_rdl', 'loc': '2.5d_chiplet'},{'from': 'Chiplet_1', 'to': 'Chiplet_2', 'connection_type': '2.5d_rdl', 'loc': '2.5d_chiplet'},{'from': 'Chiplet_1', 'to': 'Chiplet_3', 'connection_type': '2.5d_rdl', 'loc': '2.5d_chiplet'},{'from': 'Chiplet_1', 'to': 'Chiplet_6', 'connection_type': '2.5d_rdl', 'loc': '2.5d_chiplet'},{'from': 'Chiplet_2', 'to': 'Chiplet_3', 'connection_type': '2.5d_rdl', 'loc': '2.5d_chiplet'},{'from': 'Chiplet_2', 'to': 'Chiplet_1', 'connection_type': '2.5d_rdl', 'loc': '2.5d_chiplet'}",1,1,2,1,8,3,hbm3,ucie_std,ucie_3d,1,0,is,1,0,0
256,51.546357649233876,4948249.26,101509.34456003804,344440527.2374798,25151.84971789815,26261.368841097996,256,2.6264880905479133,5.538366334949999,1024,128x128,10,12.799492673176792,15.979573171754398,4096,192x192,14,14.117807839976791,15.979573171754398,6144,192x192,14,1.578984604787535,1.7054115854749998,768,64x64,14,0.829831759447044,1.3845915837374998,768,64x64,10,0.784712696,2.51875,512,96x96,7,2.5d_3d,"{'from': 'Chiplet_4', 'to': 'Chiplet_5', 'connection_type': '3d_hyb_bond', 'loc': 'stack0_base'},{'from': 'Chiplet_5', 'to': 'na', 'connection_type': '3d_hyb_bond', 'loc': 'stack0_top'},{'from': 'Chiplet_3', 'to': 'Chiplet_2', 'connection_type': '2.5d_rdl', 'loc': '2.5d_chiplet'},{'from': 'Chiplet_3', 'to': 'Chiplet_4', 'connection_type': '2.5d_rdl', 'loc': '2.5d_chiplet'},{'from': 'Chiplet_3', 'to': 'Chiplet_1', 'connection_type': '2.5d_rdl', 'loc': '2.5d_chiplet'},{'from': 'Chiplet_4', 'to': 'Chiplet_3', 'connection_type': '2.5d_rdl', 'loc': '2.5d_chiplet'},{'from': 'Chiplet_4', 'to': 'Chiplet_1', 'connection_type': '2.5d_rdl', 'loc': '2.5d_chiplet'},{'from': 'Chiplet_2', 'to': 'Chiplet_3', 'connection_type': '2.5d_rdl', 'loc': '2.5d_chiplet'},{'from': 'Chiplet_2', 'to': 'Chiplet_6', 'connection_type': '2.5d_rdl', 'loc': '2.5d_chiplet'},{'from': 'Chiplet_2', 'to': 'Chiplet_1', 'connection_type': '2.5d_rdl', 'loc': '2.5d_chiplet'},{'from': 'Chiplet_1', 'to': 'Chiplet_2', 'connection_type': '2.5d_rdl', 'loc': '2.5d_chiplet'},{'from': 'Chiplet_1', 'to': 'Chiplet_3', 'connection_type': '2.5d_rdl', 'loc': '2.5d_chiplet'},{'from': 'Chiplet_1', 'to': 'Chiplet_4', 'connection_type': '2.5d_rdl', 'loc': '2.5d_chiplet'},{'from': 'Chiplet_1', 'to': 'Chiplet_6', 'connection_type': '2.5d_rdl', 'loc': '2.5d_chiplet'},{'from': 'Chiplet_6', 'to': 'Chiplet_2', 'connection_type': '2.5d_rdl', 'loc': '2.5d_chiplet'},{'from': 'Chiplet_6', 'to': 'Chiplet_1', 'connection_type': '2.5d_rdl', 'loc': '2.5d_chiplet'}",1,2,2,1,1,1,ddr5,ucie_std,ucie_3d,0,0,ws,1,0,0
257,26.03931908697437,3211767.85,69940.44062701987,190714468.03218997,14668.918918918918,11558.897508934871,257,1.8849981800824636,3.1172648505374996,2048,96x96,10,2.972908090547913,5.538366334949999,2048,128x128,10,4.818150952,10.4826,6144,192x192,7,4.9976252555201786,6.821646341899999,1024,128x128,14,0.656621759447044,1.3845915837374998,256,64x64,10,1.304342696,2.51875,2048,96x96,7,2.5d,"{'from': 'Chiplet_4', 'to': 'Chiplet_3', 'connection_type': '2.5d_rdl', 'loc': '2.5d_chiplet'},{'from': 'Chiplet_4', 'to': 'Chiplet_6', 'connection_type': '2.5d_rdl', 'loc': '2.5d_chiplet'},{'from': 'Chiplet_4', 'to': 'Chiplet_1', 'connection_type': '2.5d_rdl', 'loc': '2.5d_chiplet'},{'from': 'Chiplet_1', 'to': 'Chiplet_4', 'connection_type': '2.5d_rdl', 'loc': '2.5d_chiplet'},{'from': 'Chiplet_1', 'to': 'Chiplet_6', 'connection_type': '2.5d_rdl', 'loc': '2.5d_chiplet'},{'from': 'Chiplet_6', 'to': 'Chiplet_4', 'connection_type': '2.5d_rdl', 'loc': '2.5d_chiplet'},{'from': 'Chiplet_6', 'to': 'Chiplet_1', 'connection_type': '2.5d_rdl', 'loc': '2.5d_chiplet'},{'from': 'Chiplet_3', 'to': 'Chiplet_2', 'connection_type': '2.5d_rdl', 'loc': '2.5d_chiplet'},{'from': 'Chiplet_3', 'to': 'Chiplet_5', 'connection_type': '2.5d_rdl', 'loc': '2.5d_chiplet'},{'from': 'Chiplet_3', 'to': 'Chiplet_4', 'connection_type': '2.5d_rdl', 'loc': '2.5d_chiplet'},{'from': 'Chiplet_2', 'to': 'Chiplet_5', 'connection_type': '2.5d_rdl', 'loc': '2.5d_chiplet'},{'from': 'Chiplet_2', 'to': 'Chiplet_3', 'connection_type': '2.5d_rdl', 'loc': '2.5d_chiplet'},{'from': 'Chiplet_5', 'to': 'Chiplet_2', 'connection_type': '2.5d_rdl', 'loc': '2.5d_chiplet'},{'from': 'Chiplet_5', 'to': 'Chiplet_3', 'connection_type': '2.5d_rdl', 'loc': '2.5d_chiplet'}",2,3,4,5,1,1,hbm2,ucie_std,na,1,0,is,0,0,0
258,42.03007966169894,4673529.3,202085.87987261428,425627655.8022306,29303.85868788339,35023.18562773438,258,6.726740457366197,12.973514847541198,4096,192x192,10,4.818150952,10.4826,6144,192x192,7,6.975099908490179,6.821646341899999,4096,128x128,14,1.4141952089375351,1.7054115854749998,512,64x64,14,6.726740457366197,12.973514847541198,4096,192x192,10,3.3193280905479132,5.538366334949999,3072,128x128,10,2.5d,"{'from': 'Chiplet_3', 'to': 'Chiplet_2', 'connection_type': '2.5d_emib', 'loc': '2.5d_chiplet'},{'from': 'Chiplet_3', 'to': 'Chiplet_6', 'connection_type': '2.5d_emib', 'loc': '2.5d_chiplet'},{'from': 'Chiplet_3', 'to': 'Chiplet_1', 'connection_type': '2.5d_emib', 'loc': '2.5d_chiplet'},{'from': 'Chiplet_2', 'to': 'Chiplet_3', 'connection_type': '2.5d_emib', 'loc': '2.5d_chiplet'},{'from': 'Chiplet_2', 'to': 'Chiplet_6', 'connection_type': '2.5d_emib', 'loc': '2.5d_chiplet'},{'from': 'Chiplet_6', 'to': 'Chiplet_2', 'connection_type': '2.5d_emib', 'loc': '2.5d_chiplet'},{'from': 'Chiplet_6', 'to': 'Chiplet_5', 'connection_type': '2.5d_emib', 'loc': '2.5d_chiplet'},{'from': 'Chiplet_6', 'to': 'Chiplet_3', 'connection_type': '2.5d_emib', 'loc': '2.5d_chiplet'},{'from': 'Chiplet_1', 'to': 'Chiplet_3', 'connection_type': '2.5d_emib', 'loc': '2.5d_chiplet'},{'from': 'Chiplet_1', 'to': 'Chiplet_4', 'connection_type': '2.5d_emib', 'loc': '2.5d_chiplet'},{'from': 'Chiplet_1', 'to': 'Chiplet_5', 'connection_type': '2.5d_emib', 'loc': '2.5d_chiplet'},{'from': 'Chiplet_4', 'to': 'Chiplet_5', 'connection_type': '2.5d_emib', 'loc': '2.5d_chiplet'},{'from': 'Chiplet_4', 'to': 'Chiplet_1', 'connection_type': '2.5d_emib', 'loc': '2.5d_chiplet'},{'from': 'Chiplet_5', 'to': 'Chiplet_4', 'connection_type': '2.5d_emib', 'loc': '2.5d_chiplet'},{'from': 'Chiplet_5', 'to': 'Chiplet_6', 'connection_type': '2.5d_emib', 'loc': '2.5d_chiplet'},{'from': 'Chiplet_5', 'to': 'Chiplet_1', 'connection_type': '2.5d_emib', 'loc': '2.5d_chiplet'}",2,1,2,1,1,1,ddr4,ucie_adv,na,1,0,ws,1,0,0
259,56.71202067115437,5888234.36,128746.68820960047,675913257.6022525,15777.77777777778,28266.500761072806,259,2.927572174079395,3.8395579270749995,1024,96x96,14,12.799492673176792,15.979573171754398,4096,192x192,14,14.117807839976791,15.979573171754398,6144,192x192,14,1.4141952089375351,1.7054115854749998,512,64x64,14,14.117807839976791,15.979573171754398,6144,192x192,14,0.46559300000000003,1.11875,512,64x64,7,2.5d_3d,"{'from': 'Chiplet_5', 'to': 'Chiplet_4', 'connection_type': '3d_u_bump', 'loc': 'stack0_base'},{'from': 'Chiplet_4', 'to': 'Chiplet_6', 'connection_type': '3d_u_bump', 'loc': 'stack0_middle1'},{'from': 'Chiplet_6', 'to': 'na', 'connection_type': '3d_u_bump', 'loc': 'stack0_top'},{'from': 'Chiplet_3', 'to': 'Chiplet_2', 'connection_type': '2.5d_rdl', 'loc': '2.5d_chiplet'},{'from': 'Chiplet_3', 'to': 'Chiplet_5', 'connection_type': '2.5d_rdl', 'loc': '2.5d_chiplet'},{'from': 'Chiplet_2', 'to': 'Chiplet_3', 'connection_type': '2.5d_rdl', 'loc': '2.5d_chiplet'},{'from': 'Chiplet_2', 'to': 'Chiplet_1', 'connection_type': '2.5d_rdl', 'loc': '2.5d_chiplet'},{'from': 'Chiplet_5', 'to': 'Chiplet_3', 'connection_type': '2.5d_rdl', 'loc': '2.5d_chiplet'},{'from': 'Chiplet_5', 'to': 'Chiplet_1', 'connection_type': '2.5d_rdl', 'loc': '2.5d_chiplet'},{'from': 'Chiplet_1', 'to': 'Chiplet_2', 'connection_type': '2.5d_rdl', 'loc': '2.5d_chiplet'},{'from': 'Chiplet_1', 'to': 'Chiplet_5', 'connection_type': '2.5d_rdl', 'loc': '2.5d_chiplet'}",1,1,2,1,2,1,ddr4,ucie_std,ucie_3d,1,0,ws,0,0,0
260,62.30227343585473,5220022.29,121955.91814404761,531438985.0126643,17242.404237978808,24260.777736485186,260,0.916436759447044,1.3845915837374998,1024,64x64,10,6.975099908490179,6.821646341899999,4096,128x128,14,15.436124909546791,15.979573171754398,8192,192x192,14,15.436124909546791,15.979573171754398,8192,192x192,14,3.5867297574793953,3.8395579270749995,2048,96x96,14,1.249405813087535,1.7054115854749998,256,64x64,14,2.5d,"{'from': 'Chiplet_3', 'to': 'Chiplet_2', 'connection_type': '2.5d_rdl', 'loc': '2.5d_chiplet'},{'from': 'Chiplet_3', 'to': 'Chiplet_4', 'connection_type': '2.5d_rdl', 'loc': '2.5d_chiplet'},{'from': 'Chiplet_2', 'to': 'Chiplet_5', 'connection_type': '2.5d_rdl', 'loc': '2.5d_chiplet'},{'from': 'Chiplet_2', 'to': 'Chiplet_3', 'connection_type': '2.5d_rdl', 'loc': '2.5d_chiplet'},{'from': 'Chiplet_4', 'to': 'Chiplet_3', 'connection_type': '2.5d_rdl', 'loc': '2.5d_chiplet'},{'from': 'Chiplet_4', 'to': 'Chiplet_6', 'connection_type': '2.5d_rdl', 'loc': '2.5d_chiplet'},{'from': 'Chiplet_4', 'to': 'Chiplet_5', 'connection_type': '2.5d_rdl', 'loc': '2.5d_chiplet'},{'from': 'Chiplet_5', 'to': 'Chiplet_2', 'connection_type': '2.5d_rdl', 'loc': '2.5d_chiplet'},{'from': 'Chiplet_5', 'to': 'Chiplet_4', 'connection_type': '2.5d_rdl', 'loc': '2.5d_chiplet'},{'from': 'Chiplet_5', 'to': 'Chiplet_6', 'connection_type': '2.5d_rdl', 'loc': '2.5d_chiplet'},{'from': 'Chiplet_5', 'to': 'Chiplet_1', 'connection_type': '2.5d_rdl', 'loc': '2.5d_chiplet'},{'from': 'Chiplet_6', 'to': 'Chiplet_5', 'connection_type': '2.5d_rdl', 'loc': '2.5d_chiplet'},{'from': 'Chiplet_6', 'to': 'Chiplet_4', 'connection_type': '2.5d_rdl', 'loc': '2.5d_chiplet'},{'from': 'Chiplet_6', 'to': 'Chiplet_1', 'connection_type': '2.5d_rdl', 'loc': '2.5d_chiplet'},{'from': 'Chiplet_1', 'to': 'Chiplet_5', 'connection_type': '2.5d_rdl', 'loc': '2.5d_chiplet'},{'from': 'Chiplet_1', 'to': 'Chiplet_6', 'connection_type': '2.5d_rdl', 'loc': '2.5d_chiplet'}",1,1,2,2,1,1,ddr5,ucie_std,na,1,0,is,0,0,0
261,62.41009551350614,6574737.25,208382.083905828,184209035.55551338,15469.895681131657,18507.846131857652,261,7.419580457366196,12.973514847541198,6144,192x192,10,0.916436759447044,1.3845915837374998,1024,64x64,10,15.436124909546791,15.979573171754398,8192,192x192,14,2.6264880905479133,5.538366334949999,1024,128x128,10,4.1253109519999995,10.4826,4096,192x192,7,4.9976252555201786,6.821646341899999,1024,128x128,14,2.5d,"{'from': 'Chiplet_3', 'to': 'Chiplet_4', 'connection_type': '2.5d_emib', 'loc': '2.5d_chiplet'},{'from': 'Chiplet_3', 'to': 'Chiplet_1', 'connection_type': '2.5d_emib', 'loc': '2.5d_chiplet'},{'from': 'Chiplet_4', 'to': 'Chiplet_3', 'connection_type': '2.5d_emib', 'loc': '2.5d_chiplet'},{'from': 'Chiplet_4', 'to': 'Chiplet_6', 'connection_type': '2.5d_emib', 'loc': '2.5d_chiplet'},{'from': 'Chiplet_4', 'to': 'Chiplet_1', 'connection_type': '2.5d_emib', 'loc': '2.5d_chiplet'},{'from': 'Chiplet_1', 'to': 'Chiplet_4', 'connection_type': '2.5d_emib', 'loc': '2.5d_chiplet'},{'from': 'Chiplet_1', 'to': 'Chiplet_2', 'connection_type': '2.5d_emib', 'loc': '2.5d_chiplet'},{'from': 'Chiplet_1', 'to': 'Chiplet_5', 'connection_type': '2.5d_emib', 'loc': '2.5d_chiplet'},{'from': 'Chiplet_1', 'to': 'Chiplet_6', 'connection_type': '2.5d_emib', 'loc': '2.5d_chiplet'},{'from': 'Chiplet_1', 'to': 'Chiplet_3', 'connection_type': '2.5d_emib', 'loc': '2.5d_chiplet'},{'from': 'Chiplet_2', 'to': 'Chiplet_5', 'connection_type': '2.5d_emib', 'loc': '2.5d_chiplet'},{'from': 'Chiplet_2', 'to': 'Chiplet_1', 'connection_type': '2.5d_emib', 'loc': '2.5d_chiplet'},{'from': 'Chiplet_6', 'to': 'Chiplet_5', 'connection_type': '2.5d_emib', 'loc': '2.5d_chiplet'},{'from': 'Chiplet_6', 'to': 'Chiplet_4', 'connection_type': '2.5d_emib', 'loc': '2.5d_chiplet'},{'from': 'Chiplet_6', 'to': 'Chiplet_1', 'connection_type': '2.5d_emib', 'loc': '2.5d_chiplet'},{'from': 'Chiplet_5', 'to': 'Chiplet_2', 'connection_type': '2.5d_emib', 'loc': '2.5d_chiplet'},{'from': 'Chiplet_5', 'to': 'Chiplet_6', 'connection_type': '2.5d_emib', 'loc': '2.5d_chiplet'},{'from': 'Chiplet_5', 'to': 'Chiplet_1', 'connection_type': '2.5d_emib', 'loc': '2.5d_chiplet'}",3,1,7,1,2,2,hbm2,ucie_adv,na,1,0,ws,1,0,0
262,33.108370793964944,5076805.76,169022.1385611908,174807323.87237814,8658.359788359789,10427.827510712994,262,3.2571509657793953,3.8395579270749995,1536,96x96,14,6.033899457366197,12.973514847541198,2048,192x192,10,1.131132696,2.51875,1536,96x96,7,3.665749090547913,5.538366334949999,4096,128x128,10,1.51595254,4.475,1024,128x128,7,14.117807839976791,15.979573171754398,6144,192x192,14,2.5d_3d,"{'from': 'Chiplet_2', 'to': 'Chiplet_1', 'connection_type': '3d_u_bump', 'loc': 'stack0_base'},{'from': 'Chiplet_1', 'to': 'na', 'connection_type': '3d_u_bump', 'loc': 'stack0_top'},{'from': 'Chiplet_6', 'to': 'Chiplet_2', 'connection_type': '2.5d_emib', 'loc': '2.5d_chiplet'},{'from': 'Chiplet_6', 'to': 'Chiplet_4', 'connection_type': '2.5d_emib', 'loc': '2.5d_chiplet'},{'from': 'Chiplet_2', 'to': 'Chiplet_4', 'connection_type': '2.5d_emib', 'loc': '2.5d_chiplet'},{'from': 'Chiplet_2', 'to': 'Chiplet_6', 'connection_type': '2.5d_emib', 'loc': '2.5d_chiplet'},{'from': 'Chiplet_2', 'to': 'Chiplet_5', 'connection_type': '2.5d_emib', 'loc': '2.5d_chiplet'},{'from': 'Chiplet_4', 'to': 'Chiplet_2', 'connection_type': '2.5d_emib', 'loc': '2.5d_chiplet'},{'from': 'Chiplet_4', 'to': 'Chiplet_5', 'connection_type': '2.5d_emib', 'loc': '2.5d_chiplet'},{'from': 'Chiplet_4', 'to': 'Chiplet_6', 'connection_type': '2.5d_emib', 'loc': '2.5d_chiplet'},{'from': 'Chiplet_4', 'to': 'Chiplet_3', 'connection_type': '2.5d_emib', 'loc': '2.5d_chiplet'},{'from': 'Chiplet_5', 'to': 'Chiplet_2', 'connection_type': '2.5d_emib', 'loc': '2.5d_chiplet'},{'from': 'Chiplet_5', 'to': 'Chiplet_3', 'connection_type': '2.5d_emib', 'loc': '2.5d_chiplet'},{'from': 'Chiplet_5', 'to': 'Chiplet_4', 'connection_type': '2.5d_emib', 'loc': '2.5d_chiplet'},{'from': 'Chiplet_3', 'to': 'Chiplet_5', 'connection_type': '2.5d_emib', 'loc': '2.5d_chiplet'},{'from': 'Chiplet_3', 'to': 'Chiplet_4', 'connection_type': '2.5d_emib', 'loc': '2.5d_chiplet'}",2,3,1,2,1,7,hbm3,bow,ucie_3d,1,0,ws,0,0,0
263,22.601499982347484,2642383.59,71390.11285767089,303762971.8860676,59018.98115227383,40192.453332346304,263,4.1253109519999995,10.4826,4096,192x192,7,1.743774000637535,1.7054115854749998,1024,64x64,14,1.304342696,2.51875,2048,96x96,7,6.726740457366197,12.973514847541198,4096,192x192,10,0.784712696,2.51875,512,96x96,7,1.578984604787535,1.7054115854749998,768,64x64,14,2.5d,"{'from': 'Chiplet_4', 'to': 'Chiplet_2', 'connection_type': '2.5d_rdl', 'loc': '2.5d_chiplet'},{'from': 'Chiplet_4', 'to': 'Chiplet_3', 'connection_type': '2.5d_rdl', 'loc': '2.5d_chiplet'},{'from': 'Chiplet_4', 'to': 'Chiplet_1', 'connection_type': '2.5d_rdl', 'loc': '2.5d_chiplet'},{'from': 'Chiplet_3', 'to': 'Chiplet_2', 'connection_type': '2.5d_rdl', 'loc': '2.5d_chiplet'},{'from': 'Chiplet_3', 'to': 'Chiplet_4', 'connection_type': '2.5d_rdl', 'loc': '2.5d_chiplet'},{'from': 'Chiplet_1', 'to': 'Chiplet_2', 'connection_type': '2.5d_rdl', 'loc': '2.5d_chiplet'},{'from': 'Chiplet_1', 'to': 'Chiplet_6', 'connection_type': '2.5d_rdl', 'loc': '2.5d_chiplet'},{'from': 'Chiplet_1', 'to': 'Chiplet_4', 'connection_type': '2.5d_rdl', 'loc': '2.5d_chiplet'},{'from': 'Chiplet_2', 'to': 'Chiplet_4', 'connection_type': '2.5d_rdl', 'loc': '2.5d_chiplet'},{'from': 'Chiplet_2', 'to': 'Chiplet_5', 'connection_type': '2.5d_rdl', 'loc': '2.5d_chiplet'},{'from': 'Chiplet_2', 'to': 'Chiplet_6', 'connection_type': '2.5d_rdl', 'loc': '2.5d_chiplet'},{'from': 'Chiplet_2', 'to': 'Chiplet_3', 'connection_type': '2.5d_rdl', 'loc': '2.5d_chiplet'},{'from': 'Chiplet_2', 'to': 'Chiplet_1', 'connection_type': '2.5d_rdl', 'loc': '2.5d_chiplet'},{'from': 'Chiplet_6', 'to': 'Chiplet_2', 'connection_type': '2.5d_rdl', 'loc': '2.5d_chiplet'},{'from': 'Chiplet_6', 'to': 'Chiplet_5', 'connection_type': '2.5d_rdl', 'loc': '2.5d_chiplet'},{'from': 'Chiplet_6', 'to': 'Chiplet_1', 'connection_type': '2.5d_rdl', 'loc': '2.5d_chiplet'},{'from': 'Chiplet_5', 'to': 'Chiplet_2', 'connection_type': '2.5d_rdl', 'loc': '2.5d_chiplet'},{'from': 'Chiplet_5', 'to': 'Chiplet_6', 'connection_type': '2.5d_rdl', 'loc': '2.5d_chiplet'}",1,1,1,3,1,1,ddr5,ucie_std,na,1,0,is,1,0,0
264,28.60142269368316,3550094.66,170633.30459535253,198219962.526657,10729.054054054053,9948.882234766967,264,0.829831759447044,1.3845915837374998,768,64x64,10,1.3653681800824635,3.1172648505374996,512,96x96,10,2.55521354,4.475,4096,128x128,7,7.419580457366196,12.973514847541198,6144,192x192,10,1.86237254,4.475,2048,128x128,7,2.6264880905479133,5.538366334949999,1024,128x128,10,2.5d,"{'from': 'Chiplet_4', 'to': 'Chiplet_6', 'connection_type': '2.5d_emib', 'loc': '2.5d_chiplet'},{'from': 'Chiplet_4', 'to': 'Chiplet_1', 'connection_type': '2.5d_emib', 'loc': '2.5d_chiplet'},{'from': 'Chiplet_1', 'to': 'Chiplet_3', 'connection_type': '2.5d_emib', 'loc': '2.5d_chiplet'},{'from': 'Chiplet_1', 'to': 'Chiplet_6', 'connection_type': '2.5d_emib', 'loc': '2.5d_chiplet'},{'from': 'Chiplet_1', 'to': 'Chiplet_4', 'connection_type': '2.5d_emib', 'loc': '2.5d_chiplet'},{'from': 'Chiplet_6', 'to': 'Chiplet_2', 'connection_type': '2.5d_emib', 'loc': '2.5d_chiplet'},{'from': 'Chiplet_6', 'to': 'Chiplet_3', 'connection_type': '2.5d_emib', 'loc': '2.5d_chiplet'},{'from': 'Chiplet_6', 'to': 'Chiplet_4', 'connection_type': '2.5d_emib', 'loc': '2.5d_chiplet'},{'from': 'Chiplet_6', 'to': 'Chiplet_1', 'connection_type': '2.5d_emib', 'loc': '2.5d_chiplet'},{'from': 'Chiplet_2', 'to': 'Chiplet_5', 'connection_type': '2.5d_emib', 'loc': '2.5d_chiplet'},{'from': 'Chiplet_2', 'to': 'Chiplet_6', 'connection_type': '2.5d_emib', 'loc': '2.5d_chiplet'},{'from': 'Chiplet_3', 'to': 'Chiplet_5', 'connection_type': '2.5d_emib', 'loc': '2.5d_chiplet'},{'from': 'Chiplet_3', 'to': 'Chiplet_6', 'connection_type': '2.5d_emib', 'loc': '2.5d_chiplet'},{'from': 'Chiplet_3', 'to': 'Chiplet_1', 'connection_type': '2.5d_emib', 'loc': '2.5d_chiplet'},{'from': 'Chiplet_5', 'to': 'Chiplet_2', 'connection_type': '2.5d_emib', 'loc': '2.5d_chiplet'},{'from': 'Chiplet_5', 'to': 'Chiplet_3', 'connection_type': '2.5d_emib', 'loc': '2.5d_chiplet'}",1,1,2,7,2,3,hbm2,aib,na,0,0,ws,0,0,0
265,10.747711726987749,1494395.76,38452.92696293802,484555630.19547266,20078.856209150326,15594.263034193607,265,1.249405813087535,1.7054115854749998,256,64x64,14,1.304342696,2.51875,2048,96x96,7,1.5385781800824634,3.1172648505374996,1024,96x96,10,0.829831759447044,1.3845915837374998,768,64x64,10,2.6264880905479133,5.538366334949999,1024,128x128,10,2.597993382379395,3.8395579270749995,512,96x96,14,2.5d_3d,"{'from': 'Chiplet_5', 'to': 'Chiplet_6', 'connection_type': '3d_u_bump', 'loc': 'stack0_base'},{'from': 'Chiplet_6', 'to': 'na', 'connection_type': '3d_u_bump', 'loc': 'stack0_top'},{'from': 'Chiplet_5', 'to': 'Chiplet_2', 'connection_type': '2.5d_rdl', 'loc': '2.5d_chiplet'},{'from': 'Chiplet_5', 'to': 'Chiplet_3', 'connection_type': '2.5d_rdl', 'loc': '2.5d_chiplet'},{'from': 'Chiplet_5', 'to': 'Chiplet_1', 'connection_type': '2.5d_rdl', 'loc': '2.5d_chiplet'},{'from': 'Chiplet_1', 'to': 'Chiplet_2', 'connection_type': '2.5d_rdl', 'loc': '2.5d_chiplet'},{'from': 'Chiplet_1', 'to': 'Chiplet_5', 'connection_type': '2.5d_rdl', 'loc': '2.5d_chiplet'},{'from': 'Chiplet_3', 'to': 'Chiplet_2', 'connection_type': '2.5d_rdl', 'loc': '2.5d_chiplet'},{'from': 'Chiplet_3', 'to': 'Chiplet_5', 'connection_type': '2.5d_rdl', 'loc': '2.5d_chiplet'},{'from': 'Chiplet_3', 'to': 'Chiplet_4', 'connection_type': '2.5d_rdl', 'loc': '2.5d_chiplet'},{'from': 'Chiplet_2', 'to': 'Chiplet_5', 'connection_type': '2.5d_rdl', 'loc': '2.5d_chiplet'},{'from': 'Chiplet_2', 'to': 'Chiplet_4', 'connection_type': '2.5d_rdl', 'loc': '2.5d_chiplet'},{'from': 'Chiplet_2', 'to': 'Chiplet_1', 'connection_type': '2.5d_rdl', 'loc': '2.5d_chiplet'},{'from': 'Chiplet_2', 'to': 'Chiplet_3', 'connection_type': '2.5d_rdl', 'loc': '2.5d_chiplet'},{'from': 'Chiplet_4', 'to': 'Chiplet_2', 'connection_type': '2.5d_rdl', 'loc': '2.5d_chiplet'},{'from': 'Chiplet_4', 'to': 'Chiplet_3', 'connection_type': '2.5d_rdl', 'loc': '2.5d_chiplet'}",1,1,1,1,2,2,ddr5,ucie_std,ucie_3d,0,0,is,0,0,0
266,12.976937063386565,1413495.46,142638.15216704417,493448896.32208824,13412.189542483658,13120.8660571492,266,0.378988,1.11875,256,64x64,7,2.972908090547913,5.538366334949999,2048,128x128,10,0.46559300000000003,1.11875,512,64x64,7,0.829831759447044,1.3845915837374998,768,64x64,10,2.972908090547913,5.538366334949999,2048,128x128,10,1.743774000637535,1.7054115854749998,1024,64x64,14,2.5d,"{'from': 'Chiplet_2', 'to': 'Chiplet_5', 'connection_type': '2.5d_emib', 'loc': '2.5d_chiplet'},{'from': 'Chiplet_2', 'to': 'Chiplet_6', 'connection_type': '2.5d_emib', 'loc': '2.5d_chiplet'},{'from': 'Chiplet_6', 'to': 'Chiplet_2', 'connection_type': '2.5d_emib', 'loc': '2.5d_chiplet'},{'from': 'Chiplet_6', 'to': 'Chiplet_4', 'connection_type': '2.5d_emib', 'loc': '2.5d_chiplet'},{'from': 'Chiplet_5', 'to': 'Chiplet_2', 'connection_type': '2.5d_emib', 'loc': '2.5d_chiplet'},{'from': 'Chiplet_5', 'to': 'Chiplet_3', 'connection_type': '2.5d_emib', 'loc': '2.5d_chiplet'},{'from': 'Chiplet_5', 'to': 'Chiplet_4', 'connection_type': '2.5d_emib', 'loc': '2.5d_chiplet'},{'from': 'Chiplet_4', 'to': 'Chiplet_3', 'connection_type': '2.5d_emib', 'loc': '2.5d_chiplet'},{'from': 'Chiplet_4', 'to': 'Chiplet_6', 'connection_type': '2.5d_emib', 'loc': '2.5d_chiplet'},{'from': 'Chiplet_4', 'to': 'Chiplet_5', 'connection_type': '2.5d_emib', 'loc': '2.5d_chiplet'},{'from': 'Chiplet_4', 'to': 'Chiplet_1', 'connection_type': '2.5d_emib', 'loc': '2.5d_chiplet'},{'from': 'Chiplet_3', 'to': 'Chiplet_5', 'connection_type': '2.5d_emib', 'loc': '2.5d_chiplet'},{'from': 'Chiplet_3', 'to': 'Chiplet_4', 'connection_type': '2.5d_emib', 'loc': '2.5d_chiplet'},{'from': 'Chiplet_3', 'to': 'Chiplet_1', 'connection_type': '2.5d_emib', 'loc': '2.5d_chiplet'},{'from': 'Chiplet_1', 'to': 'Chiplet_3', 'connection_type': '2.5d_emib', 'loc': '2.5d_chiplet'},{'from': 'Chiplet_1', 'to': 'Chiplet_4', 'connection_type': '2.5d_emib', 'loc': '2.5d_chiplet'}",1,2,1,1,2,1,ddr5,bow,na,1,0,ws,0,0,0
267,30.595028824101014,3015914.67,75374.38411196701,406010827.84853584,59990.118737113524,47399.711247186744,267,3.432469952,10.4826,2048,192x192,7,1.4141952089375351,1.7054115854749998,512,64x64,14,7.419580457366196,12.973514847541198,6144,192x192,10,0.378988,1.11875,256,64x64,7,1.8849981800824636,3.1172648505374996,2048,96x96,10,4.9976252555201786,6.821646341899999,1024,128x128,14,2.5d,"{'from': 'Chiplet_3', 'to': 'Chiplet_4', 'connection_type': '2.5d_rdl', 'loc': '2.5d_chiplet'},{'from': 'Chiplet_3', 'to': 'Chiplet_5', 'connection_type': '2.5d_rdl', 'loc': '2.5d_chiplet'},{'from': 'Chiplet_3', 'to': 'Chiplet_6', 'connection_type': '2.5d_rdl', 'loc': '2.5d_chiplet'},{'from': 'Chiplet_3', 'to': 'Chiplet_1', 'connection_type': '2.5d_rdl', 'loc': '2.5d_chiplet'},{'from': 'Chiplet_5', 'to': 'Chiplet_3', 'connection_type': '2.5d_rdl', 'loc': '2.5d_chiplet'},{'from': 'Chiplet_5', 'to': 'Chiplet_4', 'connection_type': '2.5d_rdl', 'loc': '2.5d_chiplet'},{'from': 'Chiplet_4', 'to': 'Chiplet_5', 'connection_type': '2.5d_rdl', 'loc': '2.5d_chiplet'},{'from': 'Chiplet_4', 'to': 'Chiplet_3', 'connection_type': '2.5d_rdl', 'loc': '2.5d_chiplet'},{'from': 'Chiplet_6', 'to': 'Chiplet_2', 'connection_type': '2.5d_rdl', 'loc': '2.5d_chiplet'},{'from': 'Chiplet_6', 'to': 'Chiplet_3', 'connection_type': '2.5d_rdl', 'loc': '2.5d_chiplet'},{'from': 'Chiplet_6', 'to': 'Chiplet_1', 'connection_type': '2.5d_rdl', 'loc': '2.5d_chiplet'},{'from': 'Chiplet_1', 'to': 'Chiplet_2', 'connection_type': '2.5d_rdl', 'loc': '2.5d_chiplet'},{'from': 'Chiplet_1', 'to': 'Chiplet_3', 'connection_type': '2.5d_rdl', 'loc': '2.5d_chiplet'},{'from': 'Chiplet_1', 'to': 'Chiplet_6', 'connection_type': '2.5d_rdl', 'loc': '2.5d_chiplet'},{'from': 'Chiplet_2', 'to': 'Chiplet_6', 'connection_type': '2.5d_rdl', 'loc': '2.5d_chiplet'},{'from': 'Chiplet_2', 'to': 'Chiplet_1', 'connection_type': '2.5d_rdl', 'loc': '2.5d_chiplet'}",1,1,2,1,1,2,ddr4,ucie_std,na,1,0,is,1,0,0
268,66.58108175292504,6041487.32,137485.96503478955,632310954.4872222,9077.78431372549,21997.06764369404,268,14.117807839976791,15.979573171754398,6144,192x192,14,8.112421457366196,12.973514847541198,8192,192x192,10,1.131132696,2.51875,1536,96x96,7,1.249405813087535,1.7054115854749998,256,64x64,14,8.112421457366196,12.973514847541198,8192,192x192,10,11.481175603606792,15.979573171754398,2048,192x192,14,2.5d,"{'from': 'Chiplet_1', 'to': 'Chiplet_2', 'connection_type': '2.5d_rdl', 'loc': '2.5d_chiplet'},{'from': 'Chiplet_1', 'to': 'Chiplet_5', 'connection_type': '2.5d_rdl', 'loc': '2.5d_chiplet'},{'from': 'Chiplet_1', 'to': 'Chiplet_6', 'connection_type': '2.5d_rdl', 'loc': '2.5d_chiplet'},{'from': 'Chiplet_5', 'to': 'Chiplet_2', 'connection_type': '2.5d_rdl', 'loc': '2.5d_chiplet'},{'from': 'Chiplet_5', 'to': 'Chiplet_1', 'connection_type': '2.5d_rdl', 'loc': '2.5d_chiplet'},{'from': 'Chiplet_6', 'to': 'Chiplet_2', 'connection_type': '2.5d_rdl', 'loc': '2.5d_chiplet'},{'from': 'Chiplet_6', 'to': 'Chiplet_4', 'connection_type': '2.5d_rdl', 'loc': '2.5d_chiplet'},{'from': 'Chiplet_6', 'to': 'Chiplet_1', 'connection_type': '2.5d_rdl', 'loc': '2.5d_chiplet'},{'from': 'Chiplet_2', 'to': 'Chiplet_4', 'connection_type': '2.5d_rdl', 'loc': '2.5d_chiplet'},{'from': 'Chiplet_2', 'to': 'Chiplet_5', 'connection_type': '2.5d_rdl', 'loc': '2.5d_chiplet'},{'from': 'Chiplet_2', 'to': 'Chiplet_6', 'connection_type': '2.5d_rdl', 'loc': '2.5d_chiplet'},{'from': 'Chiplet_2', 'to': 'Chiplet_3', 'connection_type': '2.5d_rdl', 'loc': '2.5d_chiplet'},{'from': 'Chiplet_2', 'to': 'Chiplet_1', 'connection_type': '2.5d_rdl', 'loc': '2.5d_chiplet'},{'from': 'Chiplet_4', 'to': 'Chiplet_2', 'connection_type': '2.5d_rdl', 'loc': '2.5d_chiplet'},{'from': 'Chiplet_4', 'to': 'Chiplet_3', 'connection_type': '2.5d_rdl', 'loc': '2.5d_chiplet'},{'from': 'Chiplet_4', 'to': 'Chiplet_6', 'connection_type': '2.5d_rdl', 'loc': '2.5d_chiplet'},{'from': 'Chiplet_3', 'to': 'Chiplet_2', 'connection_type': '2.5d_rdl', 'loc': '2.5d_chiplet'},{'from': 'Chiplet_3', 'to': 'Chiplet_4', 'connection_type': '2.5d_rdl', 'loc': '2.5d_chiplet'}",2,1,1,1,1,2,ddr4,ucie_std,na,1,0,os,0,0,0
269,24.157227306005034,4141409.76,137398.93324992634,204337069.45208693,13666.216216216215,12956.34825091139,269,2.597993382379395,3.8395579270749995,512,96x96,14,0.916436759447044,1.3845915837374998,1024,64x64,10,0.378988,1.11875,256,64x64,7,6.033899457366197,12.973514847541198,2048,192x192,10,6.315940422320179,6.821646341899999,3072,128x128,14,4.818150952,10.4826,6144,192x192,7,2.5d_3d,"{'from': 'Chiplet_6', 'to': 'Chiplet_1', 'connection_type': '3d_hyb_bond', 'loc': 'stack0_base'},{'from': 'Chiplet_1', 'to': 'Chiplet_2', 'connection_type': '3d_hyb_bond', 'loc': 'stack0_middle1'},{'from': 'Chiplet_2', 'to': 'na', 'connection_type': '3d_hyb_bond', 'loc': 'stack0_top'},{'from': 'Chiplet_5', 'to': 'Chiplet_3', 'connection_type': '2.5d_emib', 'loc': '2.5d_chiplet'},{'from': 'Chiplet_5', 'to': 'Chiplet_4', 'connection_type': '2.5d_emib', 'loc': '2.5d_chiplet'},{'from': 'Chiplet_3', 'to': 'Chiplet_5', 'connection_type': '2.5d_emib', 'loc': '2.5d_chiplet'},{'from': 'Chiplet_3', 'to': 'Chiplet_6', 'connection_type': '2.5d_emib', 'loc': '2.5d_chiplet'},{'from': 'Chiplet_4', 'to': 'Chiplet_5', 'connection_type': '2.5d_emib', 'loc': '2.5d_chiplet'},{'from': 'Chiplet_4', 'to': 'Chiplet_6', 'connection_type': '2.5d_emib', 'loc': '2.5d_chiplet'},{'from': 'Chiplet_6', 'to': 'Chiplet_3', 'connection_type': '2.5d_emib', 'loc': '2.5d_chiplet'},{'from': 'Chiplet_6', 'to': 'Chiplet_4', 'connection_type': '2.5d_emib', 'loc': '2.5d_chiplet'}",2,1,1,4,5,3,hbm2,aib,ucie_3d,1,0,is,0,0,0
270,23.559815923960766,5388799.5,124197.46196440558,213716491.26437286,6327.222222222223,9711.808829631245,270,3.432469952,10.4826,2048,192x192,7,2.20879254,4.475,3072,128x128,7,8.112421457366196,12.973514847541198,8192,192x192,10,1.86237254,4.475,2048,128x128,7,6.975099908490179,6.821646341899999,4096,128x128,14,4.818150952,10.4826,6144,192x192,7,2.5d_3d,"{'from': 'Chiplet_5', 'to': 'Chiplet_1', 'connection_type': '3d_u_bump', 'loc': 'stack0_base'},{'from': 'Chiplet_1', 'to': 'Chiplet_2', 'connection_type': '3d_u_bump', 'loc': 'stack0_middle1'},{'from': 'Chiplet_2', 'to': 'Chiplet_4', 'connection_type': '3d_u_bump', 'loc': 'stack0_middle2'},{'from': 'Chiplet_4', 'to': 'na', 'connection_type': '3d_u_bump', 'loc': 'stack0_top'},{'from': 'Chiplet_3', 'to': 'Chiplet_5', 'connection_type': '2.5d_rdl', 'loc': '2.5d_chiplet'},{'from': 'Chiplet_3', 'to': 'Chiplet_6', 'connection_type': '2.5d_rdl', 'loc': '2.5d_chiplet'},{'from': 'Chiplet_5', 'to': 'Chiplet_3', 'connection_type': '2.5d_rdl', 'loc': '2.5d_chiplet'},{'from': 'Chiplet_5', 'to': 'Chiplet_6', 'connection_type': '2.5d_rdl', 'loc': '2.5d_chiplet'},{'from': 'Chiplet_6', 'to': 'Chiplet_3', 'connection_type': '2.5d_rdl', 'loc': '2.5d_chiplet'},{'from': 'Chiplet_6', 'to': 'Chiplet_5', 'connection_type': '2.5d_rdl', 'loc': '2.5d_chiplet'}",2,1,5,1,4,3,hbm2,ucie_std,ucie_3d,1,0,os,0,0,0
271,24.966551959627747,2967042.98,108096.03448479902,438615837.24824363,17554.834254143647,17733.378998202865,271,14.117807839976791,15.979573171754398,6144,192x192,14,0.957922696,2.51875,1024,96x96,7,1.8849981800824636,3.1172648505374996,2048,96x96,10,1.3653681800824635,3.1172648505374996,512,96x96,10,0.656621759447044,1.3845915837374998,256,64x64,10,2.927572174079395,3.8395579270749995,1024,96x96,14,2.5d_3d,"{'from': 'Chiplet_1', 'to': 'Chiplet_6', 'connection_type': '3d_u_bump', 'loc': 'stack0_base'},{'from': 'Chiplet_6', 'to': 'Chiplet_4', 'connection_type': '3d_u_bump', 'loc': 'stack0_middle1'},{'from': 'Chiplet_4', 'to': 'Chiplet_5', 'connection_type': '3d_u_bump', 'loc': 'stack0_middle2'},{'from': 'Chiplet_5', 'to': 'na', 'connection_type': '3d_u_bump', 'loc': 'stack0_top'},{'from': 'Chiplet_1', 'to': 'Chiplet_2', 'connection_type': '2.5d_emib', 'loc': '2.5d_chiplet'},{'from': 'Chiplet_1', 'to': 'Chiplet_3', 'connection_type': '2.5d_emib', 'loc': '2.5d_chiplet'},{'from': 'Chiplet_3', 'to': 'Chiplet_2', 'connection_type': '2.5d_emib', 'loc': '2.5d_chiplet'},{'from': 'Chiplet_3', 'to': 'Chiplet_1', 'connection_type': '2.5d_emib', 'loc': '2.5d_chiplet'},{'from': 'Chiplet_2', 'to': 'Chiplet_3', 'connection_type': '2.5d_emib', 'loc': '2.5d_chiplet'},{'from': 'Chiplet_2', 'to': 'Chiplet_1', 'connection_type': '2.5d_emib', 'loc': '2.5d_chiplet'}",3,1,1,1,1,1,ddr5,ucie_adv,ucie_3d,1,0,is,0,0,0
272,24.254868312697106,3485730.95,68600.75751531673,183683616.34970695,6373.5,6909.539550203639,272,5.656782838920179,6.821646341899999,2048,128x128,14,1.578984604787535,1.7054115854749998,768,64x64,14,1.86237254,4.475,2048,128x128,7,2.6264880905479133,5.538366334949999,1024,128x128,10,0.638803,1.11875,1024,64x64,7,4.1253109519999995,10.4826,4096,192x192,7,2.5d_3d,"{'from': 'Chiplet_2', 'to': 'Chiplet_5', 'connection_type': '3d_u_bump', 'loc': 'stack0_base'},{'from': 'Chiplet_5', 'to': 'na', 'connection_type': '3d_u_bump', 'loc': 'stack0_top'},{'from': 'Chiplet_1', 'to': 'Chiplet_4', 'connection_type': '2.5d_rdl', 'loc': '2.5d_chiplet'},{'from': 'Chiplet_1', 'to': 'Chiplet_6', 'connection_type': '2.5d_rdl', 'loc': '2.5d_chiplet'},{'from': 'Chiplet_1', 'to': 'Chiplet_3', 'connection_type': '2.5d_rdl', 'loc': '2.5d_chiplet'},{'from': 'Chiplet_3', 'to': 'Chiplet_4', 'connection_type': '2.5d_rdl', 'loc': '2.5d_chiplet'},{'from': 'Chiplet_3', 'to': 'Chiplet_1', 'connection_type': '2.5d_rdl', 'loc': '2.5d_chiplet'},{'from': 'Chiplet_6', 'to': 'Chiplet_2', 'connection_type': '2.5d_rdl', 'loc': '2.5d_chiplet'},{'from': 'Chiplet_6', 'to': 'Chiplet_4', 'connection_type': '2.5d_rdl', 'loc': '2.5d_chiplet'},{'from': 'Chiplet_6', 'to': 'Chiplet_1', 'connection_type': '2.5d_rdl', 'loc': '2.5d_chiplet'},{'from': 'Chiplet_4', 'to': 'Chiplet_2', 'connection_type': '2.5d_rdl', 'loc': '2.5d_chiplet'},{'from': 'Chiplet_4', 'to': 'Chiplet_3', 'connection_type': '2.5d_rdl', 'loc': '2.5d_chiplet'},{'from': 'Chiplet_4', 'to': 'Chiplet_6', 'connection_type': '2.5d_rdl', 'loc': '2.5d_chiplet'},{'from': 'Chiplet_4', 'to': 'Chiplet_1', 'connection_type': '2.5d_rdl', 'loc': '2.5d_chiplet'},{'from': 'Chiplet_2', 'to': 'Chiplet_6', 'connection_type': '2.5d_rdl', 'loc': '2.5d_chiplet'},{'from': 'Chiplet_2', 'to': 'Chiplet_4', 'connection_type': '2.5d_rdl', 'loc': '2.5d_chiplet'}",5,1,2,3,1,4,hbm2,ucie_std,ucie_3d,0,0,os,0,0,0
273,28.621122864028784,3573181.18,175183.50128066743,150434242.6231138,17405.84759576202,14404.154396241558,273,3.432469952,10.4826,2048,192x192,7,0.552198,1.11875,768,64x64,7,11.481175603606792,15.979573171754398,2048,192x192,14,3.5867297574793953,3.8395579270749995,2048,96x96,14,3.5867297574793953,3.8395579270749995,2048,96x96,14,0.378988,1.11875,256,64x64,7,2.5d,"{'from': 'Chiplet_3', 'to': 'Chiplet_5', 'connection_type': '2.5d_emib', 'loc': '2.5d_chiplet'},{'from': 'Chiplet_3', 'to': 'Chiplet_4', 'connection_type': '2.5d_emib', 'loc': '2.5d_chiplet'},{'from': 'Chiplet_4', 'to': 'Chiplet_3', 'connection_type': '2.5d_emib', 'loc': '2.5d_chiplet'},{'from': 'Chiplet_4', 'to': 'Chiplet_5', 'connection_type': '2.5d_emib', 'loc': '2.5d_chiplet'},{'from': 'Chiplet_4', 'to': 'Chiplet_1', 'connection_type': '2.5d_emib', 'loc': '2.5d_chiplet'},{'from': 'Chiplet_1', 'to': 'Chiplet_2', 'connection_type': '2.5d_emib', 'loc': '2.5d_chiplet'},{'from': 'Chiplet_1', 'to': 'Chiplet_4', 'connection_type': '2.5d_emib', 'loc': '2.5d_chiplet'},{'from': 'Chiplet_5', 'to': 'Chiplet_2', 'connection_type': '2.5d_emib', 'loc': '2.5d_chiplet'},{'from': 'Chiplet_5', 'to': 'Chiplet_3', 'connection_type': '2.5d_emib', 'loc': '2.5d_chiplet'},{'from': 'Chiplet_5', 'to': 'Chiplet_6', 'connection_type': '2.5d_emib', 'loc': '2.5d_chiplet'},{'from': 'Chiplet_5', 'to': 'Chiplet_4', 'connection_type': '2.5d_emib', 'loc': '2.5d_chiplet'},{'from': 'Chiplet_2', 'to': 'Chiplet_5', 'connection_type': '2.5d_emib', 'loc': '2.5d_chiplet'},{'from': 'Chiplet_2', 'to': 'Chiplet_6', 'connection_type': '2.5d_emib', 'loc': '2.5d_chiplet'},{'from': 'Chiplet_2', 'to': 'Chiplet_1', 'connection_type': '2.5d_emib', 'loc': '2.5d_chiplet'},{'from': 'Chiplet_6', 'to': 'Chiplet_2', 'connection_type': '2.5d_emib', 'loc': '2.5d_chiplet'},{'from': 'Chiplet_6', 'to': 'Chiplet_5', 'connection_type': '2.5d_emib', 'loc': '2.5d_chiplet'}",2,1,8,2,2,1,hbm3,aib,na,1,0,is,0,0,0
274,42.23808722671846,5174749.2,197110.71710836078,157107641.15275547,24355.05910984224,23444.843018790463,274,2.972908090547913,5.538366334949999,2048,128x128,10,6.033899457366197,12.973514847541198,2048,192x192,10,3.5867297574793953,3.8395579270749995,2048,96x96,14,15.436124909546791,15.979573171754398,8192,192x192,14,1.5385781800824634,3.1172648505374996,1024,96x96,10,2.55521354,4.475,4096,128x128,7,2.5d,"{'from': 'Chiplet_4', 'to': 'Chiplet_2', 'connection_type': '2.5d_emib', 'loc': '2.5d_chiplet'},{'from': 'Chiplet_4', 'to': 'Chiplet_3', 'connection_type': '2.5d_emib', 'loc': '2.5d_chiplet'},{'from': 'Chiplet_2', 'to': 'Chiplet_6', 'connection_type': '2.5d_emib', 'loc': '2.5d_chiplet'},{'from': 'Chiplet_2', 'to': 'Chiplet_4', 'connection_type': '2.5d_emib', 'loc': '2.5d_chiplet'},{'from': 'Chiplet_2', 'to': 'Chiplet_1', 'connection_type': '2.5d_emib', 'loc': '2.5d_chiplet'},{'from': 'Chiplet_2', 'to': 'Chiplet_3', 'connection_type': '2.5d_emib', 'loc': '2.5d_chiplet'},{'from': 'Chiplet_6', 'to': 'Chiplet_2', 'connection_type': '2.5d_emib', 'loc': '2.5d_chiplet'},{'from': 'Chiplet_6', 'to': 'Chiplet_1', 'connection_type': '2.5d_emib', 'loc': '2.5d_chiplet'},{'from': 'Chiplet_3', 'to': 'Chiplet_2', 'connection_type': '2.5d_emib', 'loc': '2.5d_chiplet'},{'from': 'Chiplet_3', 'to': 'Chiplet_5', 'connection_type': '2.5d_emib', 'loc': '2.5d_chiplet'},{'from': 'Chiplet_3', 'to': 'Chiplet_4', 'connection_type': '2.5d_emib', 'loc': '2.5d_chiplet'},{'from': 'Chiplet_3', 'to': 'Chiplet_1', 'connection_type': '2.5d_emib', 'loc': '2.5d_chiplet'},{'from': 'Chiplet_1', 'to': 'Chiplet_2', 'connection_type': '2.5d_emib', 'loc': '2.5d_chiplet'},{'from': 'Chiplet_1', 'to': 'Chiplet_3', 'connection_type': '2.5d_emib', 'loc': '2.5d_chiplet'},{'from': 'Chiplet_1', 'to': 'Chiplet_6', 'connection_type': '2.5d_emib', 'loc': '2.5d_chiplet'},{'from': 'Chiplet_1', 'to': 'Chiplet_5', 'connection_type': '2.5d_emib', 'loc': '2.5d_chiplet'},{'from': 'Chiplet_5', 'to': 'Chiplet_3', 'connection_type': '2.5d_emib', 'loc': '2.5d_chiplet'},{'from': 'Chiplet_5', 'to': 'Chiplet_1', 'connection_type': '2.5d_emib', 'loc': '2.5d_chiplet'}",1,3,2,8,1,1,hbm3,bow,na,1,0,is,1,0,0
275,49.788550213644605,4618325.89,194008.89970766305,611280424.1667778,16368.468468468469,25956.369064367784,275,7.419580457366196,12.973514847541198,6144,192x192,10,1.86237254,4.475,2048,128x128,7,0.916436759447044,1.3845915837374998,1024,64x64,10,11.481175603606792,15.979573171754398,2048,192x192,14,6.726740457366197,12.973514847541198,4096,192x192,10,0.552198,1.11875,768,64x64,7,2.5d,"{'from': 'Chiplet_4', 'to': 'Chiplet_2', 'connection_type': '2.5d_emib', 'loc': '2.5d_chiplet'},{'from': 'Chiplet_4', 'to': 'Chiplet_5', 'connection_type': '2.5d_emib', 'loc': '2.5d_chiplet'},{'from': 'Chiplet_4', 'to': 'Chiplet_1', 'connection_type': '2.5d_emib', 'loc': '2.5d_chiplet'},{'from': 'Chiplet_4', 'to': 'Chiplet_3', 'connection_type': '2.5d_emib', 'loc': '2.5d_chiplet'},{'from': 'Chiplet_2', 'to': 'Chiplet_3', 'connection_type': '2.5d_emib', 'loc': '2.5d_chiplet'},{'from': 'Chiplet_2', 'to': 'Chiplet_4', 'connection_type': '2.5d_emib', 'loc': '2.5d_chiplet'},{'from': 'Chiplet_3', 'to': 'Chiplet_2', 'connection_type': '2.5d_emib', 'loc': '2.5d_chiplet'},{'from': 'Chiplet_3', 'to': 'Chiplet_4', 'connection_type': '2.5d_emib', 'loc': '2.5d_chiplet'},{'from': 'Chiplet_1', 'to': 'Chiplet_5', 'connection_type': '2.5d_emib', 'loc': '2.5d_chiplet'},{'from': 'Chiplet_1', 'to': 'Chiplet_4', 'connection_type': '2.5d_emib', 'loc': '2.5d_chiplet'},{'from': 'Chiplet_1', 'to': 'Chiplet_6', 'connection_type': '2.5d_emib', 'loc': '2.5d_chiplet'},{'from': 'Chiplet_5', 'to': 'Chiplet_6', 'connection_type': '2.5d_emib', 'loc': '2.5d_chiplet'},{'from': 'Chiplet_5', 'to': 'Chiplet_4', 'connection_type': '2.5d_emib', 'loc': '2.5d_chiplet'},{'from': 'Chiplet_5', 'to': 'Chiplet_1', 'connection_type': '2.5d_emib', 'loc': '2.5d_chiplet'},{'from': 'Chiplet_6', 'to': 'Chiplet_5', 'connection_type': '2.5d_emib', 'loc': '2.5d_chiplet'},{'from': 'Chiplet_6', 'to': 'Chiplet_1', 'connection_type': '2.5d_emib', 'loc': '2.5d_chiplet'}",1,1,1,3,1,1,ddr4,aib,na,0,0,is,0,0,0
276,24.86082142128292,3015789.22,163853.3851993759,121123908.85556823,39623.73561542074,22979.467686450007,276,3.2571509657793953,3.8395579270749995,1536,96x96,14,0.638803,1.11875,1024,64x64,7,1.5385781800824634,3.1172648505374996,1024,96x96,10,1.8849981800824636,3.1172648505374996,2048,96x96,10,6.315940422320179,6.821646341899999,3072,128x128,14,3.432469952,10.4826,2048,192x192,7,2.5d,"{'from': 'Chiplet_5', 'to': 'Chiplet_2', 'connection_type': '2.5d_emib', 'loc': '2.5d_chiplet'},{'from': 'Chiplet_5', 'to': 'Chiplet_4', 'connection_type': '2.5d_emib', 'loc': '2.5d_chiplet'},{'from': 'Chiplet_5', 'to': 'Chiplet_6', 'connection_type': '2.5d_emib', 'loc': '2.5d_chiplet'},{'from': 'Chiplet_5', 'to': 'Chiplet_1', 'connection_type': '2.5d_emib', 'loc': '2.5d_chiplet'},{'from': 'Chiplet_4', 'to': 'Chiplet_2', 'connection_type': '2.5d_emib', 'loc': '2.5d_chiplet'},{'from': 'Chiplet_4', 'to': 'Chiplet_5', 'connection_type': '2.5d_emib', 'loc': '2.5d_chiplet'},{'from': 'Chiplet_2', 'to': 'Chiplet_5', 'connection_type': '2.5d_emib', 'loc': '2.5d_chiplet'},{'from': 'Chiplet_2', 'to': 'Chiplet_4', 'connection_type': '2.5d_emib', 'loc': '2.5d_chiplet'},{'from': 'Chiplet_6', 'to': 'Chiplet_5', 'connection_type': '2.5d_emib', 'loc': '2.5d_chiplet'},{'from': 'Chiplet_6', 'to': 'Chiplet_1', 'connection_type': '2.5d_emib', 'loc': '2.5d_chiplet'},{'from': 'Chiplet_6', 'to': 'Chiplet_3', 'connection_type': '2.5d_emib', 'loc': '2.5d_chiplet'},{'from': 'Chiplet_1', 'to': 'Chiplet_5', 'connection_type': '2.5d_emib', 'loc': '2.5d_chiplet'},{'from': 'Chiplet_1', 'to': 'Chiplet_6', 'connection_type': '2.5d_emib', 'loc': '2.5d_chiplet'},{'from': 'Chiplet_1', 'to': 'Chiplet_3', 'connection_type': '2.5d_emib', 'loc': '2.5d_chiplet'},{'from': 'Chiplet_3', 'to': 'Chiplet_6', 'connection_type': '2.5d_emib', 'loc': '2.5d_chiplet'},{'from': 'Chiplet_3', 'to': 'Chiplet_1', 'connection_type': '2.5d_emib', 'loc': '2.5d_chiplet'}",3,1,1,2,6,3,hbm3,bow,na,1,0,ws,1,0,0
277,13.533842870315768,3533061.14,121418.2116202452,150468534.0126335,13705.083750114078,11237.436004189294,277,1.3653681800824635,3.1172648505374996,512,96x96,10,3.665749090547913,5.538366334949999,4096,128x128,10,1.51595254,4.475,1024,128x128,7,1.86237254,4.475,2048,128x128,7,2.6264880905479133,5.538366334949999,1024,128x128,10,4.818150952,10.4826,6144,192x192,7,2.5d_3d,"{'from': 'Chiplet_6', 'to': 'Chiplet_4', 'connection_type': '3d_hyb_bond', 'loc': 'stack0_base'},{'from': 'Chiplet_4', 'to': 'Chiplet_3', 'connection_type': '3d_hyb_bond', 'loc': 'stack0_middle1'},{'from': 'Chiplet_3', 'to': 'Chiplet_1', 'connection_type': '3d_hyb_bond', 'loc': 'stack0_middle2'},{'from': 'Chiplet_1', 'to': 'na', 'connection_type': '3d_hyb_bond', 'loc': 'stack0_top'},{'from': 'Chiplet_6', 'to': 'Chiplet_2', 'connection_type': '2.5d_emib', 'loc': '2.5d_chiplet'},{'from': 'Chiplet_6', 'to': 'Chiplet_5', 'connection_type': '2.5d_emib', 'loc': '2.5d_chiplet'},{'from': 'Chiplet_2', 'to': 'Chiplet_5', 'connection_type': '2.5d_emib', 'loc': '2.5d_chiplet'},{'from': 'Chiplet_2', 'to': 'Chiplet_6', 'connection_type': '2.5d_emib', 'loc': '2.5d_chiplet'},{'from': 'Chiplet_5', 'to': 'Chiplet_2', 'connection_type': '2.5d_emib', 'loc': '2.5d_chiplet'},{'from': 'Chiplet_5', 'to': 'Chiplet_6', 'connection_type': '2.5d_emib', 'loc': '2.5d_chiplet'}",1,4,2,2,2,5,hbm2,aib,ucie_3d,0,0,os,1,0,0
278,29.32357165500684,2714056.6,165369.77670246313,439574328.59684587,13657.049714751427,15033.841308406572,278,0.957922696,2.51875,1024,96x96,7,12.799492673176792,15.979573171754398,4096,192x192,14,0.638803,1.11875,1024,64x64,7,0.957922696,2.51875,1024,96x96,7,1.4141952089375351,1.7054115854749998,512,64x64,14,3.5867297574793953,3.8395579270749995,2048,96x96,14,2.5d,"{'from': 'Chiplet_2', 'to': 'Chiplet_5', 'connection_type': '2.5d_emib', 'loc': '2.5d_chiplet'},{'from': 'Chiplet_2', 'to': 'Chiplet_6', 'connection_type': '2.5d_emib', 'loc': '2.5d_chiplet'},{'from': 'Chiplet_2', 'to': 'Chiplet_3', 'connection_type': '2.5d_emib', 'loc': '2.5d_chiplet'},{'from': 'Chiplet_6', 'to': 'Chiplet_2', 'connection_type': '2.5d_emib', 'loc': '2.5d_chiplet'},{'from': 'Chiplet_6', 'to': 'Chiplet_5', 'connection_type': '2.5d_emib', 'loc': '2.5d_chiplet'},{'from': 'Chiplet_6', 'to': 'Chiplet_1', 'connection_type': '2.5d_emib', 'loc': '2.5d_chiplet'},{'from': 'Chiplet_5', 'to': 'Chiplet_4', 'connection_type': '2.5d_emib', 'loc': '2.5d_chiplet'},{'from': 'Chiplet_5', 'to': 'Chiplet_2', 'connection_type': '2.5d_emib', 'loc': '2.5d_chiplet'},{'from': 'Chiplet_5', 'to': 'Chiplet_6', 'connection_type': '2.5d_emib', 'loc': '2.5d_chiplet'},{'from': 'Chiplet_5', 'to': 'Chiplet_3', 'connection_type': '2.5d_emib', 'loc': '2.5d_chiplet'},{'from': 'Chiplet_5', 'to': 'Chiplet_1', 'connection_type': '2.5d_emib', 'loc': '2.5d_chiplet'},{'from': 'Chiplet_3', 'to': 'Chiplet_2', 'connection_type': '2.5d_emib', 'loc': '2.5d_chiplet'},{'from': 'Chiplet_3', 'to': 'Chiplet_5', 'connection_type': '2.5d_emib', 'loc': '2.5d_chiplet'},{'from': 'Chiplet_1', 'to': 'Chiplet_5', 'connection_type': '2.5d_emib', 'loc': '2.5d_chiplet'},{'from': 'Chiplet_1', 'to': 'Chiplet_6', 'connection_type': '2.5d_emib', 'loc': '2.5d_chiplet'},{'from': 'Chiplet_1', 'to': 'Chiplet_4', 'connection_type': '2.5d_emib', 'loc': '2.5d_chiplet'},{'from': 'Chiplet_4', 'to': 'Chiplet_5', 'connection_type': '2.5d_emib', 'loc': '2.5d_chiplet'},{'from': 'Chiplet_4', 'to': 'Chiplet_1', 'connection_type': '2.5d_emib', 'loc': '2.5d_chiplet'}",1,3,1,1,1,1,ddr5,bow,na,0,0,ws,0,0,0
279,15.989418989125971,1924661.98,153629.86056708565,459287934.5418255,96679.97030059942,44822.71161154506,279,2.55521354,4.475,4096,128x128,7,0.784712696,2.51875,512,96x96,7,3.3193280905479132,5.538366334949999,3072,128x128,10,1.7117881800824635,3.1172648505374996,1536,96x96,10,1.743774000637535,1.7054115854749998,1024,64x64,14,1.7117881800824635,3.1172648505374996,1536,96x96,10,2.5d,"{'from': 'Chiplet_3', 'to': 'Chiplet_2', 'connection_type': '2.5d_emib', 'loc': '2.5d_chiplet'},{'from': 'Chiplet_3', 'to': 'Chiplet_5', 'connection_type': '2.5d_emib', 'loc': '2.5d_chiplet'},{'from': 'Chiplet_3', 'to': 'Chiplet_4', 'connection_type': '2.5d_emib', 'loc': '2.5d_chiplet'},{'from': 'Chiplet_3', 'to': 'Chiplet_1', 'connection_type': '2.5d_emib', 'loc': '2.5d_chiplet'},{'from': 'Chiplet_4', 'to': 'Chiplet_2', 'connection_type': '2.5d_emib', 'loc': '2.5d_chiplet'},{'from': 'Chiplet_4', 'to': 'Chiplet_3', 'connection_type': '2.5d_emib', 'loc': '2.5d_chiplet'},{'from': 'Chiplet_2', 'to': 'Chiplet_3', 'connection_type': '2.5d_emib', 'loc': '2.5d_chiplet'},{'from': 'Chiplet_2', 'to': 'Chiplet_4', 'connection_type': '2.5d_emib', 'loc': '2.5d_chiplet'},{'from': 'Chiplet_1', 'to': 'Chiplet_3', 'connection_type': '2.5d_emib', 'loc': '2.5d_chiplet'},{'from': 'Chiplet_1', 'to': 'Chiplet_6', 'connection_type': '2.5d_emib', 'loc': '2.5d_chiplet'},{'from': 'Chiplet_1', 'to': 'Chiplet_5', 'connection_type': '2.5d_emib', 'loc': '2.5d_chiplet'},{'from': 'Chiplet_5', 'to': 'Chiplet_3', 'connection_type': '2.5d_emib', 'loc': '2.5d_chiplet'},{'from': 'Chiplet_5', 'to': 'Chiplet_6', 'connection_type': '2.5d_emib', 'loc': '2.5d_chiplet'},{'from': 'Chiplet_5', 'to': 'Chiplet_1', 'connection_type': '2.5d_emib', 'loc': '2.5d_chiplet'},{'from': 'Chiplet_6', 'to': 'Chiplet_5', 'connection_type': '2.5d_emib', 'loc': '2.5d_chiplet'},{'from': 'Chiplet_6', 'to': 'Chiplet_1', 'connection_type': '2.5d_emib', 'loc': '2.5d_chiplet'}",2,1,2,1,1,1,ddr4,ucie_adv,na,1,0,os,1,0,0
280,10.407808071124748,1409772.2,100154.85240132306,307614368.6262569,39192.57439472008,17021.933630012347,280,2.597993382379395,3.8395579270749995,512,96x96,14,0.378988,1.11875,256,64x64,7,3.2571509657793953,3.8395579270749995,1536,96x96,14,0.829831759447044,1.3845915837374998,768,64x64,10,1.51595254,4.475,1024,128x128,7,0.638803,1.11875,1024,64x64,7,2.5d_3d,"{'from': 'Chiplet_5', 'to': 'Chiplet_6', 'connection_type': '3d_u_bump', 'loc': 'stack0_base'},{'from': 'Chiplet_6', 'to': 'Chiplet_2', 'connection_type': '3d_u_bump', 'loc': 'stack0_middle1'},{'from': 'Chiplet_2', 'to': 'na', 'connection_type': '3d_u_bump', 'loc': 'stack0_top'},{'from': 'Chiplet_3', 'to': 'Chiplet_5', 'connection_type': '2.5d_emib', 'loc': '2.5d_chiplet'},{'from': 'Chiplet_3', 'to': 'Chiplet_4', 'connection_type': '2.5d_emib', 'loc': '2.5d_chiplet'},{'from': 'Chiplet_3', 'to': 'Chiplet_1', 'connection_type': '2.5d_emib', 'loc': '2.5d_chiplet'},{'from': 'Chiplet_4', 'to': 'Chiplet_5', 'connection_type': '2.5d_emib', 'loc': '2.5d_chiplet'},{'from': 'Chiplet_4', 'to': 'Chiplet_3', 'connection_type': '2.5d_emib', 'loc': '2.5d_chiplet'},{'from': 'Chiplet_1', 'to': 'Chiplet_3', 'connection_type': '2.5d_emib', 'loc': '2.5d_chiplet'},{'from': 'Chiplet_1', 'to': 'Chiplet_5', 'connection_type': '2.5d_emib', 'loc': '2.5d_chiplet'},{'from': 'Chiplet_5', 'to': 'Chiplet_3', 'connection_type': '2.5d_emib', 'loc': '2.5d_chiplet'},{'from': 'Chiplet_5', 'to': 'Chiplet_4', 'connection_type': '2.5d_emib', 'loc': '2.5d_chiplet'},{'from': 'Chiplet_5', 'to': 'Chiplet_1', 'connection_type': '2.5d_emib', 'loc': '2.5d_chiplet'}",2,1,2,1,1,1,ddr5,aib,ucie_3d,1,0,os,1,0,0
281,33.671664435474916,4626248.93,169389.6285489487,470970358.827928,8987.779587404995,15510.780837627037,281,1.5385781800824634,3.1172648505374996,1024,96x96,10,5.656782838920179,6.821646341899999,2048,128x128,14,3.3193280905479132,5.538366334949999,3072,128x128,10,1.304342696,2.51875,2048,96x96,7,5.5109919519999995,10.4826,8192,192x192,7,7.419580457366196,12.973514847541198,6144,192x192,10,2.5d_3d,"{'from': 'Chiplet_1', 'to': 'Chiplet_4', 'connection_type': '3d_hyb_bond', 'loc': 'stack0_base'},{'from': 'Chiplet_4', 'to': 'na', 'connection_type': '3d_hyb_bond', 'loc': 'stack0_top'},{'from': 'Chiplet_6', 'to': 'Chiplet_2', 'connection_type': '2.5d_emib', 'loc': '2.5d_chiplet'},{'from': 'Chiplet_6', 'to': 'Chiplet_5', 'connection_type': '2.5d_emib', 'loc': '2.5d_chiplet'},{'from': 'Chiplet_6', 'to': 'Chiplet_1', 'connection_type': '2.5d_emib', 'loc': '2.5d_chiplet'},{'from': 'Chiplet_6', 'to': 'Chiplet_3', 'connection_type': '2.5d_emib', 'loc': '2.5d_chiplet'},{'from': 'Chiplet_3', 'to': 'Chiplet_6', 'connection_type': '2.5d_emib', 'loc': '2.5d_chiplet'},{'from': 'Chiplet_3', 'to': 'Chiplet_1', 'connection_type': '2.5d_emib', 'loc': '2.5d_chiplet'},{'from': 'Chiplet_1', 'to': 'Chiplet_3', 'connection_type': '2.5d_emib', 'loc': '2.5d_chiplet'},{'from': 'Chiplet_1', 'to': 'Chiplet_6', 'connection_type': '2.5d_emib', 'loc': '2.5d_chiplet'},{'from': 'Chiplet_2', 'to': 'Chiplet_5', 'connection_type': '2.5d_emib', 'loc': '2.5d_chiplet'},{'from': 'Chiplet_2', 'to': 'Chiplet_6', 'connection_type': '2.5d_emib', 'loc': '2.5d_chiplet'},{'from': 'Chiplet_5', 'to': 'Chiplet_2', 'connection_type': '2.5d_emib', 'loc': '2.5d_chiplet'},{'from': 'Chiplet_5', 'to': 'Chiplet_6', 'connection_type': '2.5d_emib', 'loc': '2.5d_chiplet'}",1,2,1,1,1,2,ddr5,aib,ucie_3d,0,0,ws,0,0,0
282,30.323549257451685,3344879.37,82451.82932769592,302877940.2068667,62937.73121484,44548.71554895817,282,5.656782838920179,6.821646341899999,2048,128x128,14,12.799492673176792,15.979573171754398,4096,192x192,14,0.916436759447044,1.3845915837374998,1024,64x64,10,1.304342696,2.51875,2048,96x96,7,1.304342696,2.51875,2048,96x96,7,1.51595254,4.475,1024,128x128,7,2.5d_3d,"{'from': 'Chiplet_5', 'to': 'Chiplet_4', 'connection_type': '3d_tsv', 'loc': 'stack0_base'},{'from': 'Chiplet_4', 'to': 'na', 'connection_type': '3d_tsv', 'loc': 'stack0_top'},{'from': 'Chiplet_2', 'to': 'Chiplet_6', 'connection_type': '2.5d_rdl', 'loc': '2.5d_chiplet'},{'from': 'Chiplet_2', 'to': 'Chiplet_1', 'connection_type': '2.5d_rdl', 'loc': '2.5d_chiplet'},{'from': 'Chiplet_1', 'to': 'Chiplet_2', 'connection_type': '2.5d_rdl', 'loc': '2.5d_chiplet'},{'from': 'Chiplet_1', 'to': 'Chiplet_5', 'connection_type': '2.5d_rdl', 'loc': '2.5d_chiplet'},{'from': 'Chiplet_1', 'to': 'Chiplet_6', 'connection_type': '2.5d_rdl', 'loc': '2.5d_chiplet'},{'from': 'Chiplet_6', 'to': 'Chiplet_2', 'connection_type': '2.5d_rdl', 'loc': '2.5d_chiplet'},{'from': 'Chiplet_6', 'to': 'Chiplet_5', 'connection_type': '2.5d_rdl', 'loc': '2.5d_chiplet'},{'from': 'Chiplet_6', 'to': 'Chiplet_1', 'connection_type': '2.5d_rdl', 'loc': '2.5d_chiplet'},{'from': 'Chiplet_6', 'to': 'Chiplet_3', 'connection_type': '2.5d_rdl', 'loc': '2.5d_chiplet'},{'from': 'Chiplet_5', 'to': 'Chiplet_3', 'connection_type': '2.5d_rdl', 'loc': '2.5d_chiplet'},{'from': 'Chiplet_5', 'to': 'Chiplet_6', 'connection_type': '2.5d_rdl', 'loc': '2.5d_chiplet'},{'from': 'Chiplet_5', 'to': 'Chiplet_1', 'connection_type': '2.5d_rdl', 'loc': '2.5d_chiplet'},{'from': 'Chiplet_3', 'to': 'Chiplet_5', 'connection_type': '2.5d_rdl', 'loc': '2.5d_chiplet'},{'from': 'Chiplet_3', 'to': 'Chiplet_6', 'connection_type': '2.5d_rdl', 'loc': '2.5d_chiplet'}",1,3,1,1,1,1,ddr5,ucie_std,ucie_3d,1,0,is,1,0,0
283,39.391239275715236,4156703.69,100277.60220982353,319072678.0125433,80292.71912903644,79513.87569853281,283,2.972908090547913,5.538366334949999,2048,128x128,10,4.1253109519999995,10.4826,4096,192x192,7,6.726740457366197,12.973514847541198,4096,192x192,10,0.638803,1.11875,1024,64x64,7,6.726740457366197,12.973514847541198,4096,192x192,10,5.656782838920179,6.821646341899999,2048,128x128,14,2.5d,"{'from': 'Chiplet_3', 'to': 'Chiplet_5', 'connection_type': '2.5d_rdl', 'loc': '2.5d_chiplet'},{'from': 'Chiplet_3', 'to': 'Chiplet_6', 'connection_type': '2.5d_rdl', 'loc': '2.5d_chiplet'},{'from': 'Chiplet_3', 'to': 'Chiplet_4', 'connection_type': '2.5d_rdl', 'loc': '2.5d_chiplet'},{'from': 'Chiplet_6', 'to': 'Chiplet_3', 'connection_type': '2.5d_rdl', 'loc': '2.5d_chiplet'},{'from': 'Chiplet_6', 'to': 'Chiplet_4', 'connection_type': '2.5d_rdl', 'loc': '2.5d_chiplet'},{'from': 'Chiplet_4', 'to': 'Chiplet_3', 'connection_type': '2.5d_rdl', 'loc': '2.5d_chiplet'},{'from': 'Chiplet_4', 'to': 'Chiplet_6', 'connection_type': '2.5d_rdl', 'loc': '2.5d_chiplet'},{'from': 'Chiplet_5', 'to': 'Chiplet_2', 'connection_type': '2.5d_rdl', 'loc': '2.5d_chiplet'},{'from': 'Chiplet_5', 'to': 'Chiplet_3', 'connection_type': '2.5d_rdl', 'loc': '2.5d_chiplet'},{'from': 'Chiplet_5', 'to': 'Chiplet_1', 'connection_type': '2.5d_rdl', 'loc': '2.5d_chiplet'},{'from': 'Chiplet_2', 'to': 'Chiplet_5', 'connection_type': '2.5d_rdl', 'loc': '2.5d_chiplet'},{'from': 'Chiplet_2', 'to': 'Chiplet_1', 'connection_type': '2.5d_rdl', 'loc': '2.5d_chiplet'},{'from': 'Chiplet_1', 'to': 'Chiplet_2', 'connection_type': '2.5d_rdl', 'loc': '2.5d_chiplet'},{'from': 'Chiplet_1', 'to': 'Chiplet_5', 'connection_type': '2.5d_rdl', 'loc': '2.5d_chiplet'}",1,1,2,1,2,1,ddr5,ucie_std,na,0,0,is,1,0,0
284,40.6265537021961,4334933.02,195375.31080563544,299363345.80713224,35714.398026045856,39117.58948968484,284,3.432469952,10.4826,2048,192x192,7,7.419580457366196,12.973514847541198,6144,192x192,10,3.3193280905479132,5.538366334949999,3072,128x128,10,1.8849981800824636,3.1172648505374996,2048,96x96,10,1.5385781800824634,3.1172648505374996,1024,96x96,10,11.481175603606792,15.979573171754398,2048,192x192,14,2.5d,"{'from': 'Chiplet_6', 'to': 'Chiplet_2', 'connection_type': '2.5d_emib', 'loc': '2.5d_chiplet'},{'from': 'Chiplet_6', 'to': 'Chiplet_5', 'connection_type': '2.5d_emib', 'loc': '2.5d_chiplet'},{'from': 'Chiplet_6', 'to': 'Chiplet_4', 'connection_type': '2.5d_emib', 'loc': '2.5d_chiplet'},{'from': 'Chiplet_6', 'to': 'Chiplet_1', 'connection_type': '2.5d_emib', 'loc': '2.5d_chiplet'},{'from': 'Chiplet_4', 'to': 'Chiplet_5', 'connection_type': '2.5d_emib', 'loc': '2.5d_chiplet'},{'from': 'Chiplet_4', 'to': 'Chiplet_6', 'connection_type': '2.5d_emib', 'loc': '2.5d_chiplet'},{'from': 'Chiplet_5', 'to': 'Chiplet_6', 'connection_type': '2.5d_emib', 'loc': '2.5d_chiplet'},{'from': 'Chiplet_5', 'to': 'Chiplet_4', 'connection_type': '2.5d_emib', 'loc': '2.5d_chiplet'},{'from': 'Chiplet_2', 'to': 'Chiplet_3', 'connection_type': '2.5d_emib', 'loc': '2.5d_chiplet'},{'from': 'Chiplet_2', 'to': 'Chiplet_6', 'connection_type': '2.5d_emib', 'loc': '2.5d_chiplet'},{'from': 'Chiplet_2', 'to': 'Chiplet_1', 'connection_type': '2.5d_emib', 'loc': '2.5d_chiplet'},{'from': 'Chiplet_1', 'to': 'Chiplet_2', 'connection_type': '2.5d_emib', 'loc': '2.5d_chiplet'},{'from': 'Chiplet_1', 'to': 'Chiplet_3', 'connection_type': '2.5d_emib', 'loc': '2.5d_chiplet'},{'from': 'Chiplet_1', 'to': 'Chiplet_6', 'connection_type': '2.5d_emib', 'loc': '2.5d_chiplet'},{'from': 'Chiplet_3', 'to': 'Chiplet_2', 'connection_type': '2.5d_emib', 'loc': '2.5d_chiplet'},{'from': 'Chiplet_3', 'to': 'Chiplet_1', 'connection_type': '2.5d_emib', 'loc': '2.5d_chiplet'}",1,1,1,1,1,3,ddr5,bow,na,1,0,ws,1,0,0
285,60.40082819408543,7422899.6,233347.2531681414,167874167.07599494,46586.06040538112,56395.56056834619,285,1.304342696,2.51875,2048,96x96,7,4.818150952,10.4826,6144,192x192,7,5.5109919519999995,10.4826,8192,192x192,7,11.481175603606792,15.979573171754398,2048,192x192,14,4.9976252555201786,6.821646341899999,1024,128x128,14,14.117807839976791,15.979573171754398,6144,192x192,14,2.5d,"{'from': 'Chiplet_6', 'to': 'Chiplet_3', 'connection_type': '2.5d_emib', 'loc': '2.5d_chiplet'},{'from': 'Chiplet_6', 'to': 'Chiplet_4', 'connection_type': '2.5d_emib', 'loc': '2.5d_chiplet'},{'from': 'Chiplet_6', 'to': 'Chiplet_5', 'connection_type': '2.5d_emib', 'loc': '2.5d_chiplet'},{'from': 'Chiplet_6', 'to': 'Chiplet_1', 'connection_type': '2.5d_emib', 'loc': '2.5d_chiplet'},{'from': 'Chiplet_5', 'to': 'Chiplet_6', 'connection_type': '2.5d_emib', 'loc': '2.5d_chiplet'},{'from': 'Chiplet_5', 'to': 'Chiplet_1', 'connection_type': '2.5d_emib', 'loc': '2.5d_chiplet'},{'from': 'Chiplet_1', 'to': 'Chiplet_5', 'connection_type': '2.5d_emib', 'loc': '2.5d_chiplet'},{'from': 'Chiplet_1', 'to': 'Chiplet_6', 'connection_type': '2.5d_emib', 'loc': '2.5d_chiplet'},{'from': 'Chiplet_4', 'to': 'Chiplet_2', 'connection_type': '2.5d_emib', 'loc': '2.5d_chiplet'},{'from': 'Chiplet_4', 'to': 'Chiplet_3', 'connection_type': '2.5d_emib', 'loc': '2.5d_chiplet'},{'from': 'Chiplet_4', 'to': 'Chiplet_6', 'connection_type': '2.5d_emib', 'loc': '2.5d_chiplet'},{'from': 'Chiplet_3', 'to': 'Chiplet_2', 'connection_type': '2.5d_emib', 'loc': '2.5d_chiplet'},{'from': 'Chiplet_3', 'to': 'Chiplet_4', 'connection_type': '2.5d_emib', 'loc': '2.5d_chiplet'},{'from': 'Chiplet_3', 'to': 'Chiplet_6', 'connection_type': '2.5d_emib', 'loc': '2.5d_chiplet'},{'from': 'Chiplet_2', 'to': 'Chiplet_3', 'connection_type': '2.5d_emib', 'loc': '2.5d_chiplet'},{'from': 'Chiplet_2', 'to': 'Chiplet_4', 'connection_type': '2.5d_emib', 'loc': '2.5d_chiplet'}",1,2,2,4,2,5,hbm3,bow,na,1,0,is,1,0,0
286,29.64523584892291,2985424.56,168434.64736153328,621848205.0682868,10676.576576576575,17052.59176198618,286,3.3193280905479132,5.538366334949999,3072,128x128,10,8.112421457366196,12.973514847541198,8192,192x192,10,0.916436759447044,1.3845915837374998,1024,64x64,10,2.20879254,4.475,3072,128x128,7,0.552198,1.11875,768,64x64,7,1.7117881800824635,3.1172648505374996,1536,96x96,10,2.5d,"{'from': 'Chiplet_2', 'to': 'Chiplet_5', 'connection_type': '2.5d_emib', 'loc': '2.5d_chiplet'},{'from': 'Chiplet_2', 'to': 'Chiplet_1', 'connection_type': '2.5d_emib', 'loc': '2.5d_chiplet'},{'from': 'Chiplet_5', 'to': 'Chiplet_2', 'connection_type': '2.5d_emib', 'loc': '2.5d_chiplet'},{'from': 'Chiplet_5', 'to': 'Chiplet_1', 'connection_type': '2.5d_emib', 'loc': '2.5d_chiplet'},{'from': 'Chiplet_1', 'to': 'Chiplet_4', 'connection_type': '2.5d_emib', 'loc': '2.5d_chiplet'},{'from': 'Chiplet_1', 'to': 'Chiplet_2', 'connection_type': '2.5d_emib', 'loc': '2.5d_chiplet'},{'from': 'Chiplet_1', 'to': 'Chiplet_5', 'connection_type': '2.5d_emib', 'loc': '2.5d_chiplet'},{'from': 'Chiplet_1', 'to': 'Chiplet_6', 'connection_type': '2.5d_emib', 'loc': '2.5d_chiplet'},{'from': 'Chiplet_1', 'to': 'Chiplet_3', 'connection_type': '2.5d_emib', 'loc': '2.5d_chiplet'},{'from': 'Chiplet_3', 'to': 'Chiplet_6', 'connection_type': '2.5d_emib', 'loc': '2.5d_chiplet'},{'from': 'Chiplet_3', 'to': 'Chiplet_1', 'connection_type': '2.5d_emib', 'loc': '2.5d_chiplet'},{'from': 'Chiplet_4', 'to': 'Chiplet_6', 'connection_type': '2.5d_emib', 'loc': '2.5d_chiplet'},{'from': 'Chiplet_4', 'to': 'Chiplet_1', 'connection_type': '2.5d_emib', 'loc': '2.5d_chiplet'},{'from': 'Chiplet_6', 'to': 'Chiplet_3', 'connection_type': '2.5d_emib', 'loc': '2.5d_chiplet'},{'from': 'Chiplet_6', 'to': 'Chiplet_4', 'connection_type': '2.5d_emib', 'loc': '2.5d_chiplet'},{'from': 'Chiplet_6', 'to': 'Chiplet_1', 'connection_type': '2.5d_emib', 'loc': '2.5d_chiplet'}",1,3,1,1,1,1,ddr4,bow,na,0,0,os,0,0,0
287,22.000684730756706,2944551.44,163547.89389219685,153832572.47293353,7560.34188034188,6649.239222479835,287,1.4141952089375351,1.7054115854749998,512,64x64,14,3.3193280905479132,5.538366334949999,3072,128x128,10,0.957922696,2.51875,1024,96x96,7,3.3193280905479132,5.538366334949999,3072,128x128,10,1.578984604787535,1.7054115854749998,768,64x64,14,4.1253109519999995,10.4826,4096,192x192,7,2.5d,"{'from': 'Chiplet_6', 'to': 'Chiplet_2', 'connection_type': '2.5d_emib', 'loc': '2.5d_chiplet'},{'from': 'Chiplet_6', 'to': 'Chiplet_5', 'connection_type': '2.5d_emib', 'loc': '2.5d_chiplet'},{'from': 'Chiplet_6', 'to': 'Chiplet_1', 'connection_type': '2.5d_emib', 'loc': '2.5d_chiplet'},{'from': 'Chiplet_5', 'to': 'Chiplet_6', 'connection_type': '2.5d_emib', 'loc': '2.5d_chiplet'},{'from': 'Chiplet_5', 'to': 'Chiplet_1', 'connection_type': '2.5d_emib', 'loc': '2.5d_chiplet'},{'from': 'Chiplet_1', 'to': 'Chiplet_5', 'connection_type': '2.5d_emib', 'loc': '2.5d_chiplet'},{'from': 'Chiplet_1', 'to': 'Chiplet_4', 'connection_type': '2.5d_emib', 'loc': '2.5d_chiplet'},{'from': 'Chiplet_1', 'to': 'Chiplet_6', 'connection_type': '2.5d_emib', 'loc': '2.5d_chiplet'},{'from': 'Chiplet_2', 'to': 'Chiplet_3', 'connection_type': '2.5d_emib', 'loc': '2.5d_chiplet'},{'from': 'Chiplet_2', 'to': 'Chiplet_6', 'connection_type': '2.5d_emib', 'loc': '2.5d_chiplet'},{'from': 'Chiplet_2', 'to': 'Chiplet_4', 'connection_type': '2.5d_emib', 'loc': '2.5d_chiplet'},{'from': 'Chiplet_3', 'to': 'Chiplet_2', 'connection_type': '2.5d_emib', 'loc': '2.5d_chiplet'},{'from': 'Chiplet_3', 'to': 'Chiplet_4', 'connection_type': '2.5d_emib', 'loc': '2.5d_chiplet'},{'from': 'Chiplet_4', 'to': 'Chiplet_2', 'connection_type': '2.5d_emib', 'loc': '2.5d_chiplet'},{'from': 'Chiplet_4', 'to': 'Chiplet_3', 'connection_type': '2.5d_emib', 'loc': '2.5d_chiplet'},{'from': 'Chiplet_4', 'to': 'Chiplet_1', 'connection_type': '2.5d_emib', 'loc': '2.5d_chiplet'}",2,4,1,3,2,4,hbm3,bow,na,0,0,ws,0,0,0
288,19.515125584669775,2362434.95,161846.16972969525,470281702.5684897,16012.9511002445,15521.845149708777,288,1.7117881800824635,3.1172648505374996,1536,96x96,10,0.378988,1.11875,256,64x64,7,3.3193280905479132,5.538366334949999,3072,128x128,10,1.249405813087535,1.7054115854749998,256,64x64,14,0.916436759447044,1.3845915837374998,1024,64x64,10,5.5109919519999995,10.4826,8192,192x192,7,2.5d,"{'from': 'Chiplet_6', 'to': 'Chiplet_3', 'connection_type': '2.5d_emib', 'loc': '2.5d_chiplet'},{'from': 'Chiplet_6', 'to': 'Chiplet_5', 'connection_type': '2.5d_emib', 'loc': '2.5d_chiplet'},{'from': 'Chiplet_6', 'to': 'Chiplet_1', 'connection_type': '2.5d_emib', 'loc': '2.5d_chiplet'},{'from': 'Chiplet_5', 'to': 'Chiplet_6', 'connection_type': '2.5d_emib', 'loc': '2.5d_chiplet'},{'from': 'Chiplet_5', 'to': 'Chiplet_1', 'connection_type': '2.5d_emib', 'loc': '2.5d_chiplet'},{'from': 'Chiplet_3', 'to': 'Chiplet_4', 'connection_type': '2.5d_emib', 'loc': '2.5d_chiplet'},{'from': 'Chiplet_3', 'to': 'Chiplet_6', 'connection_type': '2.5d_emib', 'loc': '2.5d_chiplet'},{'from': 'Chiplet_3', 'to': 'Chiplet_1', 'connection_type': '2.5d_emib', 'loc': '2.5d_chiplet'},{'from': 'Chiplet_1', 'to': 'Chiplet_4', 'connection_type': '2.5d_emib', 'loc': '2.5d_chiplet'},{'from': 'Chiplet_1', 'to': 'Chiplet_2', 'connection_type': '2.5d_emib', 'loc': '2.5d_chiplet'},{'from': 'Chiplet_1', 'to': 'Chiplet_5', 'connection_type': '2.5d_emib', 'loc': '2.5d_chiplet'},{'from': 'Chiplet_1', 'to': 'Chiplet_6', 'connection_type': '2.5d_emib', 'loc': '2.5d_chiplet'},{'from': 'Chiplet_1', 'to': 'Chiplet_3', 'connection_type': '2.5d_emib', 'loc': '2.5d_chiplet'},{'from': 'Chiplet_4', 'to': 'Chiplet_2', 'connection_type': '2.5d_emib', 'loc': '2.5d_chiplet'},{'from': 'Chiplet_4', 'to': 'Chiplet_3', 'connection_type': '2.5d_emib', 'loc': '2.5d_chiplet'},{'from': 'Chiplet_4', 'to': 'Chiplet_1', 'connection_type': '2.5d_emib', 'loc': '2.5d_chiplet'},{'from': 'Chiplet_2', 'to': 'Chiplet_4', 'connection_type': '2.5d_emib', 'loc': '2.5d_chiplet'},{'from': 'Chiplet_2', 'to': 'Chiplet_1', 'connection_type': '2.5d_emib', 'loc': '2.5d_chiplet'}",1,1,1,1,1,3,ddr5,ucie_adv,na,0,0,is,0,0,0
289,63.4213837024575,7415764.66,164061.48765879343,664982161.574304,6004.583995760466,19689.280697555245,289,15.436124909546791,15.979573171754398,8192,192x192,14,15.436124909546791,15.979573171754398,8192,192x192,14,3.3193280905479132,5.538366334949999,3072,128x128,10,6.726740457366197,12.973514847541198,4096,192x192,10,15.436124909546791,15.979573171754398,8192,192x192,14,0.378988,1.11875,256,64x64,7,2.5d_3d,"{'from': 'Chiplet_5', 'to': 'Chiplet_3', 'connection_type': '3d_u_bump', 'loc': 'stack0_base'},{'from': 'Chiplet_3', 'to': 'Chiplet_6', 'connection_type': '3d_u_bump', 'loc': 'stack0_middle1'},{'from': 'Chiplet_6', 'to': 'na', 'connection_type': '3d_u_bump', 'loc': 'stack0_top'},{'from': 'Chiplet_1', 'to': 'Chiplet_2', 'connection_type': '2.5d_rdl', 'loc': '2.5d_chiplet'},{'from': 'Chiplet_1', 'to': 'Chiplet_5', 'connection_type': '2.5d_rdl', 'loc': '2.5d_chiplet'},{'from': 'Chiplet_5', 'to': 'Chiplet_4', 'connection_type': '2.5d_rdl', 'loc': '2.5d_chiplet'},{'from': 'Chiplet_5', 'to': 'Chiplet_1', 'connection_type': '2.5d_rdl', 'loc': '2.5d_chiplet'},{'from': 'Chiplet_2', 'to': 'Chiplet_4', 'connection_type': '2.5d_rdl', 'loc': '2.5d_chiplet'},{'from': 'Chiplet_2', 'to': 'Chiplet_1', 'connection_type': '2.5d_rdl', 'loc': '2.5d_chiplet'},{'from': 'Chiplet_4', 'to': 'Chiplet_2', 'connection_type': '2.5d_rdl', 'loc': '2.5d_chiplet'},{'from': 'Chiplet_4', 'to': 'Chiplet_5', 'connection_type': '2.5d_rdl', 'loc': '2.5d_chiplet'}",2,2,1,1,1,1,ddr4,ucie_std,ucie_3d,1,0,os,0,0,0
290,28.292272544777095,4453310.85,98865.04156264996,136058375.44101354,39951.994724017044,33797.07034845769,290,5.5109919519999995,10.4826,8192,192x192,7,0.957922696,2.51875,1024,96x96,7,4.818150952,10.4826,6144,192x192,7,3.432469952,10.4826,2048,192x192,7,3.3193280905479132,5.538366334949999,3072,128x128,10,1.7117881800824635,3.1172648505374996,1536,96x96,10,2.5d,"{'from': 'Chiplet_1', 'to': 'Chiplet_2', 'connection_type': '2.5d_rdl', 'loc': '2.5d_chiplet'},{'from': 'Chiplet_1', 'to': 'Chiplet_3', 'connection_type': '2.5d_rdl', 'loc': '2.5d_chiplet'},{'from': 'Chiplet_1', 'to': 'Chiplet_4', 'connection_type': '2.5d_rdl', 'loc': '2.5d_chiplet'},{'from': 'Chiplet_1', 'to': 'Chiplet_5', 'connection_type': '2.5d_rdl', 'loc': '2.5d_chiplet'},{'from': 'Chiplet_5', 'to': 'Chiplet_2', 'connection_type': '2.5d_rdl', 'loc': '2.5d_chiplet'},{'from': 'Chiplet_5', 'to': 'Chiplet_1', 'connection_type': '2.5d_rdl', 'loc': '2.5d_chiplet'},{'from': 'Chiplet_2', 'to': 'Chiplet_5', 'connection_type': '2.5d_rdl', 'loc': '2.5d_chiplet'},{'from': 'Chiplet_2', 'to': 'Chiplet_1', 'connection_type': '2.5d_rdl', 'loc': '2.5d_chiplet'},{'from': 'Chiplet_3', 'to': 'Chiplet_6', 'connection_type': '2.5d_rdl', 'loc': '2.5d_chiplet'},{'from': 'Chiplet_3', 'to': 'Chiplet_4', 'connection_type': '2.5d_rdl', 'loc': '2.5d_chiplet'},{'from': 'Chiplet_3', 'to': 'Chiplet_1', 'connection_type': '2.5d_rdl', 'loc': '2.5d_chiplet'},{'from': 'Chiplet_4', 'to': 'Chiplet_3', 'connection_type': '2.5d_rdl', 'loc': '2.5d_chiplet'},{'from': 'Chiplet_4', 'to': 'Chiplet_6', 'connection_type': '2.5d_rdl', 'loc': '2.5d_chiplet'},{'from': 'Chiplet_4', 'to': 'Chiplet_1', 'connection_type': '2.5d_rdl', 'loc': '2.5d_chiplet'},{'from': 'Chiplet_6', 'to': 'Chiplet_3', 'connection_type': '2.5d_rdl', 'loc': '2.5d_chiplet'},{'from': 'Chiplet_6', 'to': 'Chiplet_4', 'connection_type': '2.5d_rdl', 'loc': '2.5d_chiplet'}",4,1,4,3,3,1,hbm3,ucie_std,na,1,0,is,1,0,0
291,44.52380854888908,5108947.53,195494.4618874784,186921745.78559184,13232.500000000002,15456.670710204733,291,0.552198,1.11875,768,64x64,7,3.432469952,10.4826,2048,192x192,7,0.916436759447044,1.3845915837374998,1024,64x64,10,11.481175603606792,15.979573171754398,2048,192x192,14,2.20879254,4.475,3072,128x128,7,11.481175603606792,15.979573171754398,2048,192x192,14,2.5d,"{'from': 'Chiplet_4', 'to': 'Chiplet_2', 'connection_type': '2.5d_emib', 'loc': '2.5d_chiplet'},{'from': 'Chiplet_4', 'to': 'Chiplet_6', 'connection_type': '2.5d_emib', 'loc': '2.5d_chiplet'},{'from': 'Chiplet_2', 'to': 'Chiplet_5', 'connection_type': '2.5d_emib', 'loc': '2.5d_chiplet'},{'from': 'Chiplet_2', 'to': 'Chiplet_4', 'connection_type': '2.5d_emib', 'loc': '2.5d_chiplet'},{'from': 'Chiplet_6', 'to': 'Chiplet_5', 'connection_type': '2.5d_emib', 'loc': '2.5d_chiplet'},{'from': 'Chiplet_6', 'to': 'Chiplet_4', 'connection_type': '2.5d_emib', 'loc': '2.5d_chiplet'},{'from': 'Chiplet_6', 'to': 'Chiplet_3', 'connection_type': '2.5d_emib', 'loc': '2.5d_chiplet'},{'from': 'Chiplet_5', 'to': 'Chiplet_2', 'connection_type': '2.5d_emib', 'loc': '2.5d_chiplet'},{'from': 'Chiplet_5', 'to': 'Chiplet_3', 'connection_type': '2.5d_emib', 'loc': '2.5d_chiplet'},{'from': 'Chiplet_5', 'to': 'Chiplet_6', 'connection_type': '2.5d_emib', 'loc': '2.5d_chiplet'},{'from': 'Chiplet_5', 'to': 'Chiplet_1', 'connection_type': '2.5d_emib', 'loc': '2.5d_chiplet'},{'from': 'Chiplet_3', 'to': 'Chiplet_5', 'connection_type': '2.5d_emib', 'loc': '2.5d_chiplet'},{'from': 'Chiplet_3', 'to': 'Chiplet_6', 'connection_type': '2.5d_emib', 'loc': '2.5d_chiplet'},{'from': 'Chiplet_3', 'to': 'Chiplet_1', 'connection_type': '2.5d_emib', 'loc': '2.5d_chiplet'},{'from': 'Chiplet_1', 'to': 'Chiplet_5', 'connection_type': '2.5d_emib', 'loc': '2.5d_chiplet'},{'from': 'Chiplet_1', 'to': 'Chiplet_3', 'connection_type': '2.5d_emib', 'loc': '2.5d_chiplet'}",1,1,1,6,1,6,hbm2,ucie_adv,na,0,0,ws,0,0,0
292,18.337133079039535,3205673.34,67709.67547032221,173457010.47237718,8100.462000462,7816.342554458745,292,2.972908090547913,5.538366334949999,2048,128x128,10,1.8849981800824636,3.1172648505374996,2048,96x96,10,2.972908090547913,5.538366334949999,2048,128x128,10,0.656621759447044,1.3845915837374998,256,64x64,10,8.112421457366196,12.973514847541198,8192,192x192,10,1.131132696,2.51875,1536,96x96,7,2.5d_3d,"{'from': 'Chiplet_1', 'to': 'Chiplet_3', 'connection_type': '3d_tsv', 'loc': 'stack0_base'},{'from': 'Chiplet_3', 'to': 'Chiplet_6', 'connection_type': '3d_tsv', 'loc': 'stack0_middle1'},{'from': 'Chiplet_6', 'to': 'Chiplet_4', 'connection_type': '3d_tsv', 'loc': 'stack0_middle2'},{'from': 'Chiplet_4', 'to': 'na', 'connection_type': '3d_tsv', 'loc': 'stack0_top'},{'from': 'Chiplet_5', 'to': 'Chiplet_2', 'connection_type': '2.5d_rdl', 'loc': '2.5d_chiplet'},{'from': 'Chiplet_5', 'to': 'Chiplet_1', 'connection_type': '2.5d_rdl', 'loc': '2.5d_chiplet'},{'from': 'Chiplet_1', 'to': 'Chiplet_2', 'connection_type': '2.5d_rdl', 'loc': '2.5d_chiplet'},{'from': 'Chiplet_1', 'to': 'Chiplet_5', 'connection_type': '2.5d_rdl', 'loc': '2.5d_chiplet'},{'from': 'Chiplet_2', 'to': 'Chiplet_5', 'connection_type': '2.5d_rdl', 'loc': '2.5d_chiplet'},{'from': 'Chiplet_2', 'to': 'Chiplet_1', 'connection_type': '2.5d_rdl', 'loc': '2.5d_chiplet'}",3,2,2,1,7,1,hbm3,ucie_std,ucie_3d,0,0,os,0,0,0
293,12.648464957069846,1773276.52,145498.93170281462,175243893.64040023,9914.0,6538.832736173342,293,1.8849981800824636,3.1172648505374996,2048,96x96,10,1.131132696,2.51875,1536,96x96,7,1.3653681800824635,3.1172648505374996,512,96x96,10,2.972908090547913,5.538366334949999,2048,128x128,10,0.829831759447044,1.3845915837374998,768,64x64,10,0.957922696,2.51875,1024,96x96,7,2.5d,"{'from': 'Chiplet_4', 'to': 'Chiplet_2', 'connection_type': '2.5d_emib', 'loc': '2.5d_chiplet'},{'from': 'Chiplet_4', 'to': 'Chiplet_3', 'connection_type': '2.5d_emib', 'loc': '2.5d_chiplet'},{'from': 'Chiplet_4', 'to': 'Chiplet_5', 'connection_type': '2.5d_emib', 'loc': '2.5d_chiplet'},{'from': 'Chiplet_4', 'to': 'Chiplet_1', 'connection_type': '2.5d_emib', 'loc': '2.5d_chiplet'},{'from': 'Chiplet_2', 'to': 'Chiplet_5', 'connection_type': '2.5d_emib', 'loc': '2.5d_chiplet'},{'from': 'Chiplet_2', 'to': 'Chiplet_4', 'connection_type': '2.5d_emib', 'loc': '2.5d_chiplet'},{'from': 'Chiplet_5', 'to': 'Chiplet_2', 'connection_type': '2.5d_emib', 'loc': '2.5d_chiplet'},{'from': 'Chiplet_5', 'to': 'Chiplet_4', 'connection_type': '2.5d_emib', 'loc': '2.5d_chiplet'},{'from': 'Chiplet_1', 'to': 'Chiplet_3', 'connection_type': '2.5d_emib', 'loc': '2.5d_chiplet'},{'from': 'Chiplet_1', 'to': 'Chiplet_4', 'connection_type': '2.5d_emib', 'loc': '2.5d_chiplet'},{'from': 'Chiplet_1', 'to': 'Chiplet_6', 'connection_type': '2.5d_emib', 'loc': '2.5d_chiplet'},{'from': 'Chiplet_3', 'to': 'Chiplet_6', 'connection_type': '2.5d_emib', 'loc': '2.5d_chiplet'},{'from': 'Chiplet_3', 'to': 'Chiplet_4', 'connection_type': '2.5d_emib', 'loc': '2.5d_chiplet'},{'from': 'Chiplet_3', 'to': 'Chiplet_1', 'connection_type': '2.5d_emib', 'loc': '2.5d_chiplet'},{'from': 'Chiplet_6', 'to': 'Chiplet_3', 'connection_type': '2.5d_emib', 'loc': '2.5d_chiplet'},{'from': 'Chiplet_6', 'to': 'Chiplet_1', 'connection_type': '2.5d_emib', 'loc': '2.5d_chiplet'}",3,2,2,5,2,2,hbm2,bow,na,1,0,os,0,0,0
294,31.35131107706285,3677283.14,150009.71270372934,314798973.0195542,22093.576795446817,20253.99700089304,294,0.378988,1.11875,256,64x64,7,1.249405813087535,1.7054115854749998,256,64x64,14,8.112421457366196,12.973514847541198,8192,192x192,10,3.432469952,10.4826,2048,192x192,7,0.957922696,2.51875,1024,96x96,7,4.9976252555201786,6.821646341899999,1024,128x128,14,2.5d_3d,"{'from': 'Chiplet_3', 'to': 'Chiplet_1', 'connection_type': '3d_hyb_bond', 'loc': 'stack0_base'},{'from': 'Chiplet_1', 'to': 'na', 'connection_type': '3d_hyb_bond', 'loc': 'stack0_top'},{'from': 'Chiplet_3', 'to': 'Chiplet_2', 'connection_type': '2.5d_emib', 'loc': '2.5d_chiplet'},{'from': 'Chiplet_3', 'to': 'Chiplet_4', 'connection_type': '2.5d_emib', 'loc': '2.5d_chiplet'},{'from': 'Chiplet_3', 'to': 'Chiplet_6', 'connection_type': '2.5d_emib', 'loc': '2.5d_chiplet'},{'from': 'Chiplet_2', 'to': 'Chiplet_3', 'connection_type': '2.5d_emib', 'loc': '2.5d_chiplet'},{'from': 'Chiplet_2', 'to': 'Chiplet_4', 'connection_type': '2.5d_emib', 'loc': '2.5d_chiplet'},{'from': 'Chiplet_6', 'to': 'Chiplet_3', 'connection_type': '2.5d_emib', 'loc': '2.5d_chiplet'},{'from': 'Chiplet_6', 'to': 'Chiplet_4', 'connection_type': '2.5d_emib', 'loc': '2.5d_chiplet'},{'from': 'Chiplet_6', 'to': 'Chiplet_5', 'connection_type': '2.5d_emib', 'loc': '2.5d_chiplet'},{'from': 'Chiplet_4', 'to': 'Chiplet_2', 'connection_type': '2.5d_emib', 'loc': '2.5d_chiplet'},{'from': 'Chiplet_4', 'to': 'Chiplet_3', 'connection_type': '2.5d_emib', 'loc': '2.5d_chiplet'},{'from': 'Chiplet_4', 'to': 'Chiplet_6', 'connection_type': '2.5d_emib', 'loc': '2.5d_chiplet'},{'from': 'Chiplet_4', 'to': 'Chiplet_5', 'connection_type': '2.5d_emib', 'loc': '2.5d_chiplet'},{'from': 'Chiplet_5', 'to': 'Chiplet_6', 'connection_type': '2.5d_emib', 'loc': '2.5d_chiplet'},{'from': 'Chiplet_5', 'to': 'Chiplet_4', 'connection_type': '2.5d_emib', 'loc': '2.5d_chiplet'}",1,1,3,1,1,1,ddr5,bow,ucie_3d,0,0,ws,1,0,0
295,15.529973385520304,2489566.68,112513.10072015767,191084999.0251627,9254.652173913044,7521.029154862745,295,6.315940422320179,6.821646341899999,3072,128x128,14,1.5385781800824634,3.1172648505374996,1024,96x96,10,0.638803,1.11875,1024,64x64,7,2.972908090547913,5.538366334949999,2048,128x128,10,2.597993382379395,3.8395579270749995,512,96x96,14,1.5385781800824634,3.1172648505374996,1024,96x96,10,2.5d_3d,"{'from': 'Chiplet_6', 'to': 'Chiplet_2', 'connection_type': '3d_u_bump', 'loc': 'stack0_base'},{'from': 'Chiplet_2', 'to': 'Chiplet_3', 'connection_type': '3d_u_bump', 'loc': 'stack0_middle1'},{'from': 'Chiplet_3', 'to': 'na', 'connection_type': '3d_u_bump', 'loc': 'stack0_top'},{'from': 'Chiplet_1', 'to': 'Chiplet_5', 'connection_type': '2.5d_emib', 'loc': '2.5d_chiplet'},{'from': 'Chiplet_1', 'to': 'Chiplet_4', 'connection_type': '2.5d_emib', 'loc': '2.5d_chiplet'},{'from': 'Chiplet_4', 'to': 'Chiplet_5', 'connection_type': '2.5d_emib', 'loc': '2.5d_chiplet'},{'from': 'Chiplet_4', 'to': 'Chiplet_6', 'connection_type': '2.5d_emib', 'loc': '2.5d_chiplet'},{'from': 'Chiplet_4', 'to': 'Chiplet_1', 'connection_type': '2.5d_emib', 'loc': '2.5d_chiplet'},{'from': 'Chiplet_5', 'to': 'Chiplet_4', 'connection_type': '2.5d_emib', 'loc': '2.5d_chiplet'},{'from': 'Chiplet_5', 'to': 'Chiplet_6', 'connection_type': '2.5d_emib', 'loc': '2.5d_chiplet'},{'from': 'Chiplet_5', 'to': 'Chiplet_1', 'connection_type': '2.5d_emib', 'loc': '2.5d_chiplet'},{'from': 'Chiplet_6', 'to': 'Chiplet_5', 'connection_type': '2.5d_emib', 'loc': '2.5d_chiplet'},{'from': 'Chiplet_6', 'to': 'Chiplet_4', 'connection_type': '2.5d_emib', 'loc': '2.5d_chiplet'}",6,2,1,3,3,1,hbm2,ucie_adv,ucie_3d,1,0,os,0,0,0
296,20.12974020122182,3183949.32,118274.48921649402,319370662.9926896,24467.044176164316,21867.238533712552,296,3.665749090547913,5.538366334949999,4096,128x128,10,6.726740457366197,12.973514847541198,4096,192x192,10,1.4141952089375351,1.7054115854749998,512,64x64,14,1.578984604787535,1.7054115854749998,768,64x64,14,5.656782838920179,6.821646341899999,2048,128x128,14,6.315940422320179,6.821646341899999,3072,128x128,14,2.5d_3d,"{'from': 'Chiplet_6', 'to': 'Chiplet_1', 'connection_type': '3d_u_bump', 'loc': 'stack0_base'},{'from': 'Chiplet_1', 'to': 'Chiplet_4', 'connection_type': '3d_u_bump', 'loc': 'stack0_middle1'},{'from': 'Chiplet_4', 'to': 'Chiplet_3', 'connection_type': '3d_u_bump', 'loc': 'stack0_middle2'},{'from': 'Chiplet_3', 'to': 'na', 'connection_type': '3d_u_bump', 'loc': 'stack0_top'},{'from': 'Chiplet_2', 'to': 'Chiplet_5', 'connection_type': '2.5d_emib', 'loc': '2.5d_chiplet'},{'from': 'Chiplet_2', 'to': 'Chiplet_6', 'connection_type': '2.5d_emib', 'loc': '2.5d_chiplet'},{'from': 'Chiplet_6', 'to': 'Chiplet_2', 'connection_type': '2.5d_emib', 'loc': '2.5d_chiplet'},{'from': 'Chiplet_6', 'to': 'Chiplet_5', 'connection_type': '2.5d_emib', 'loc': '2.5d_chiplet'},{'from': 'Chiplet_5', 'to': 'Chiplet_2', 'connection_type': '2.5d_emib', 'loc': '2.5d_chiplet'},{'from': 'Chiplet_5', 'to': 'Chiplet_6', 'connection_type': '2.5d_emib', 'loc': '2.5d_chiplet'}",1,2,1,1,1,2,ddr5,ucie_adv,ucie_3d,1,0,ws,1,0,0
297,34.01823173088625,3250227.22,175679.6994072821,615910320.2501926,9817.581699346405,17215.548249537114,297,1.86237254,4.475,2048,128x128,7,0.46559300000000003,1.11875,512,64x64,7,1.249405813087535,1.7054115854749998,256,64x64,14,4.9976252555201786,6.821646341899999,1024,128x128,14,14.117807839976791,15.979573171754398,6144,192x192,14,1.304342696,2.51875,2048,96x96,7,2.5d,"{'from': 'Chiplet_5', 'to': 'Chiplet_2', 'connection_type': '2.5d_emib', 'loc': '2.5d_chiplet'},{'from': 'Chiplet_5', 'to': 'Chiplet_4', 'connection_type': '2.5d_emib', 'loc': '2.5d_chiplet'},{'from': 'Chiplet_5', 'to': 'Chiplet_1', 'connection_type': '2.5d_emib', 'loc': '2.5d_chiplet'},{'from': 'Chiplet_4', 'to': 'Chiplet_5', 'connection_type': '2.5d_emib', 'loc': '2.5d_chiplet'},{'from': 'Chiplet_4', 'to': 'Chiplet_6', 'connection_type': '2.5d_emib', 'loc': '2.5d_chiplet'},{'from': 'Chiplet_4', 'to': 'Chiplet_1', 'connection_type': '2.5d_emib', 'loc': '2.5d_chiplet'},{'from': 'Chiplet_1', 'to': 'Chiplet_4', 'connection_type': '2.5d_emib', 'loc': '2.5d_chiplet'},{'from': 'Chiplet_1', 'to': 'Chiplet_2', 'connection_type': '2.5d_emib', 'loc': '2.5d_chiplet'},{'from': 'Chiplet_1', 'to': 'Chiplet_5', 'connection_type': '2.5d_emib', 'loc': '2.5d_chiplet'},{'from': 'Chiplet_1', 'to': 'Chiplet_6', 'connection_type': '2.5d_emib', 'loc': '2.5d_chiplet'},{'from': 'Chiplet_1', 'to': 'Chiplet_3', 'connection_type': '2.5d_emib', 'loc': '2.5d_chiplet'},{'from': 'Chiplet_2', 'to': 'Chiplet_5', 'connection_type': '2.5d_emib', 'loc': '2.5d_chiplet'},{'from': 'Chiplet_2', 'to': 'Chiplet_1', 'connection_type': '2.5d_emib', 'loc': '2.5d_chiplet'},{'from': 'Chiplet_6', 'to': 'Chiplet_3', 'connection_type': '2.5d_emib', 'loc': '2.5d_chiplet'},{'from': 'Chiplet_6', 'to': 'Chiplet_4', 'connection_type': '2.5d_emib', 'loc': '2.5d_chiplet'},{'from': 'Chiplet_6', 'to': 'Chiplet_1', 'connection_type': '2.5d_emib', 'loc': '2.5d_chiplet'},{'from': 'Chiplet_3', 'to': 'Chiplet_6', 'connection_type': '2.5d_emib', 'loc': '2.5d_chiplet'},{'from': 'Chiplet_3', 'to': 'Chiplet_1', 'connection_type': '2.5d_emib', 'loc': '2.5d_chiplet'}",1,1,1,1,3,1,ddr4,aib,na,1,0,os,0,0,0
298,22.279605340459057,3693984.23,71788.22893602974,125470170.140123,31866.01835972817,21046.619336253127,298,2.20879254,4.475,3072,128x128,7,1.8849981800824636,3.1172648505374996,2048,96x96,10,2.55521354,4.475,4096,128x128,7,6.033899457366197,12.973514847541198,2048,192x192,10,3.2571509657793953,3.8395579270749995,1536,96x96,14,1.7117881800824635,3.1172648505374996,1536,96x96,10,2.5d_3d,"{'from': 'Chiplet_4', 'to': 'Chiplet_6', 'connection_type': '3d_hyb_bond', 'loc': 'stack0_base'},{'from': 'Chiplet_6', 'to': 'na', 'connection_type': '3d_hyb_bond', 'loc': 'stack0_top'},{'from': 'Chiplet_4', 'to': 'Chiplet_2', 'connection_type': '2.5d_rdl', 'loc': '2.5d_chiplet'},{'from': 'Chiplet_4', 'to': 'Chiplet_5', 'connection_type': '2.5d_rdl', 'loc': '2.5d_chiplet'},{'from': 'Chiplet_4', 'to': 'Chiplet_3', 'connection_type': '2.5d_rdl', 'loc': '2.5d_chiplet'},{'from': 'Chiplet_2', 'to': 'Chiplet_3', 'connection_type': '2.5d_rdl', 'loc': '2.5d_chiplet'},{'from': 'Chiplet_2', 'to': 'Chiplet_4', 'connection_type': '2.5d_rdl', 'loc': '2.5d_chiplet'},{'from': 'Chiplet_5', 'to': 'Chiplet_3', 'connection_type': '2.5d_rdl', 'loc': '2.5d_chiplet'},{'from': 'Chiplet_5', 'to': 'Chiplet_4', 'connection_type': '2.5d_rdl', 'loc': '2.5d_chiplet'},{'from': 'Chiplet_5', 'to': 'Chiplet_1', 'connection_type': '2.5d_rdl', 'loc': '2.5d_chiplet'},{'from': 'Chiplet_3', 'to': 'Chiplet_2', 'connection_type': '2.5d_rdl', 'loc': '2.5d_chiplet'},{'from': 'Chiplet_3', 'to': 'Chiplet_5', 'connection_type': '2.5d_rdl', 'loc': '2.5d_chiplet'},{'from': 'Chiplet_3', 'to': 'Chiplet_4', 'connection_type': '2.5d_rdl', 'loc': '2.5d_chiplet'},{'from': 'Chiplet_3', 'to': 'Chiplet_1', 'connection_type': '2.5d_rdl', 'loc': '2.5d_chiplet'},{'from': 'Chiplet_1', 'to': 'Chiplet_3', 'connection_type': '2.5d_rdl', 'loc': '2.5d_chiplet'},{'from': 'Chiplet_1', 'to': 'Chiplet_5', 'connection_type': '2.5d_rdl', 'loc': '2.5d_chiplet'}",2,2,2,5,3,2,hbm3,ucie_std,ucie_3d,0,0,os,1,0,0
299,24.794675439576285,2382356.12,67516.77276740863,286034039.80324364,92685.34948853841,52359.73439379071,299,0.46559300000000003,1.11875,512,64x64,7,0.378988,1.11875,256,64x64,7,1.86237254,4.475,2048,128x128,7,3.5867297574793953,3.8395579270749995,2048,96x96,14,0.638803,1.11875,1024,64x64,7,11.481175603606792,15.979573171754398,2048,192x192,14,2.5d,"{'from': 'Chiplet_6', 'to': 'Chiplet_3', 'connection_type': '2.5d_rdl', 'loc': '2.5d_chiplet'},{'from': 'Chiplet_6', 'to': 'Chiplet_4', 'connection_type': '2.5d_rdl', 'loc': '2.5d_chiplet'},{'from': 'Chiplet_4', 'to': 'Chiplet_3', 'connection_type': '2.5d_rdl', 'loc': '2.5d_chiplet'},{'from': 'Chiplet_4', 'to': 'Chiplet_6', 'connection_type': '2.5d_rdl', 'loc': '2.5d_chiplet'},{'from': 'Chiplet_4', 'to': 'Chiplet_5', 'connection_type': '2.5d_rdl', 'loc': '2.5d_chiplet'},{'from': 'Chiplet_3', 'to': 'Chiplet_4', 'connection_type': '2.5d_rdl', 'loc': '2.5d_chiplet'},{'from': 'Chiplet_3', 'to': 'Chiplet_5', 'connection_type': '2.5d_rdl', 'loc': '2.5d_chiplet'},{'from': 'Chiplet_3', 'to': 'Chiplet_6', 'connection_type': '2.5d_rdl', 'loc': '2.5d_chiplet'},{'from': 'Chiplet_3', 'to': 'Chiplet_1', 'connection_type': '2.5d_rdl', 'loc': '2.5d_chiplet'},{'from': 'Chiplet_5', 'to': 'Chiplet_2', 'connection_type': '2.5d_rdl', 'loc': '2.5d_chiplet'},{'from': 'Chiplet_5', 'to': 'Chiplet_3', 'connection_type': '2.5d_rdl', 'loc': '2.5d_chiplet'},{'from': 'Chiplet_5', 'to': 'Chiplet_4', 'connection_type': '2.5d_rdl', 'loc': '2.5d_chiplet'},{'from': 'Chiplet_5', 'to': 'Chiplet_1', 'connection_type': '2.5d_rdl', 'loc': '2.5d_chiplet'},{'from': 'Chiplet_1', 'to': 'Chiplet_2', 'connection_type': '2.5d_rdl', 'loc': '2.5d_chiplet'},{'from': 'Chiplet_1', 'to': 'Chiplet_3', 'connection_type': '2.5d_rdl', 'loc': '2.5d_chiplet'},{'from': 'Chiplet_1', 'to': 'Chiplet_5', 'connection_type': '2.5d_rdl', 'loc': '2.5d_chiplet'},{'from': 'Chiplet_2', 'to': 'Chiplet_5', 'connection_type': '2.5d_rdl', 'loc': '2.5d_chiplet'},{'from': 'Chiplet_2', 'to': 'Chiplet_1', 'connection_type': '2.5d_rdl', 'loc': '2.5d_chiplet'}",1,1,1,1,1,3,ddr5,ucie_std,na,1,0,os,1,0,0
300,28.99144603228725,3968100.26,126562.73127532007,330593538.0546721,31944.280341622598,30518.080809938998,300,6.315940422320179,6.821646341899999,3072,128x128,14,11.481175603606792,15.979573171754398,2048,192x192,14,3.2571509657793953,3.8395579270749995,1536,96x96,14,0.656621759447044,1.3845915837374998,256,64x64,10,1.5385781800824634,3.1172648505374996,1024,96x96,10,5.5109919519999995,10.4826,8192,192x192,7,2.5d_3d,"{'from': 'Chiplet_6', 'to': 'Chiplet_3', 'connection_type': '3d_tsv', 'loc': 'stack0_base'},{'from': 'Chiplet_3', 'to': 'Chiplet_5', 'connection_type': '3d_tsv', 'loc': 'stack0_middle1'},{'from': 'Chiplet_5', 'to': 'Chiplet_4', 'connection_type': '3d_tsv', 'loc': 'stack0_middle2'},{'from': 'Chiplet_4', 'to': 'na', 'connection_type': '3d_tsv', 'loc': 'stack0_top'},{'from': 'Chiplet_2', 'to': 'Chiplet_6', 'connection_type': '2.5d_emib', 'loc': '2.5d_chiplet'},{'from': 'Chiplet_2', 'to': 'Chiplet_1', 'connection_type': '2.5d_emib', 'loc': '2.5d_chiplet'},{'from': 'Chiplet_1', 'to': 'Chiplet_2', 'connection_type': '2.5d_emib', 'loc': '2.5d_chiplet'},{'from': 'Chiplet_1', 'to': 'Chiplet_6', 'connection_type': '2.5d_emib', 'loc': '2.5d_chiplet'},{'from': 'Chiplet_6', 'to': 'Chiplet_2', 'connection_type': '2.5d_emib', 'loc': '2.5d_chiplet'},{'from': 'Chiplet_6', 'to': 'Chiplet_1', 'connection_type': '2.5d_emib', 'loc': '2.5d_chiplet'}",1,3,1,1,1,1,ddr5,ucie_adv,ucie_3d,0,0,is,1,0,0
301,50.83231799812014,5846860.89,123737.29137490371,365692588.6259236,33598.1342308065,36871.47941467562,301,15.436124909546791,15.979573171754398,8192,192x192,14,1.578984604787535,1.7054115854749998,768,64x64,14,2.927572174079395,3.8395579270749995,1024,96x96,14,5.5109919519999995,10.4826,8192,192x192,7,7.419580457366196,12.973514847541198,6144,192x192,10,3.2571509657793953,3.8395579270749995,1536,96x96,14,2.5d_3d,"{'from': 'Chiplet_3', 'to': 'Chiplet_2', 'connection_type': '3d_hyb_bond', 'loc': 'stack0_base'},{'from': 'Chiplet_2', 'to': 'na', 'connection_type': '3d_hyb_bond', 'loc': 'stack0_top'},{'from': 'Chiplet_1', 'to': 'Chiplet_5', 'connection_type': '2.5d_rdl', 'loc': '2.5d_chiplet'},{'from': 'Chiplet_1', 'to': 'Chiplet_4', 'connection_type': '2.5d_rdl', 'loc': '2.5d_chiplet'},{'from': 'Chiplet_1', 'to': 'Chiplet_3', 'connection_type': '2.5d_rdl', 'loc': '2.5d_chiplet'},{'from': 'Chiplet_3', 'to': 'Chiplet_4', 'connection_type': '2.5d_rdl', 'loc': '2.5d_chiplet'},{'from': 'Chiplet_3', 'to': 'Chiplet_1', 'connection_type': '2.5d_rdl', 'loc': '2.5d_chiplet'},{'from': 'Chiplet_5', 'to': 'Chiplet_6', 'connection_type': '2.5d_rdl', 'loc': '2.5d_chiplet'},{'from': 'Chiplet_5', 'to': 'Chiplet_4', 'connection_type': '2.5d_rdl', 'loc': '2.5d_chiplet'},{'from': 'Chiplet_5', 'to': 'Chiplet_1', 'connection_type': '2.5d_rdl', 'loc': '2.5d_chiplet'},{'from': 'Chiplet_4', 'to': 'Chiplet_3', 'connection_type': '2.5d_rdl', 'loc': '2.5d_chiplet'},{'from': 'Chiplet_4', 'to': 'Chiplet_6', 'connection_type': '2.5d_rdl', 'loc': '2.5d_chiplet'},{'from': 'Chiplet_4', 'to': 'Chiplet_5', 'connection_type': '2.5d_rdl', 'loc': '2.5d_chiplet'},{'from': 'Chiplet_4', 'to': 'Chiplet_1', 'connection_type': '2.5d_rdl', 'loc': '2.5d_chiplet'},{'from': 'Chiplet_6', 'to': 'Chiplet_5', 'connection_type': '2.5d_rdl', 'loc': '2.5d_chiplet'},{'from': 'Chiplet_6', 'to': 'Chiplet_4', 'connection_type': '2.5d_rdl', 'loc': '2.5d_chiplet'}",3,1,1,1,1,1,ddr5,ucie_std,ucie_3d,0,0,os,1,0,0
302,25.45295771611032,4380486.03,90403.55508243149,148121657.94383767,40873.060368205464,32076.46098236234,302,6.315940422320179,6.821646341899999,3072,128x128,14,8.112421457366196,12.973514847541198,8192,192x192,10,4.1253109519999995,10.4826,4096,192x192,7,2.597993382379395,3.8395579270749995,512,96x96,14,2.597993382379395,3.8395579270749995,512,96x96,14,0.46559300000000003,1.11875,512,64x64,7,2.5d_3d,"{'from': 'Chiplet_3', 'to': 'Chiplet_4', 'connection_type': '3d_hyb_bond', 'loc': 'stack0_base'},{'from': 'Chiplet_4', 'to': 'Chiplet_5', 'connection_type': '3d_hyb_bond', 'loc': 'stack0_middle1'},{'from': 'Chiplet_5', 'to': 'na', 'connection_type': '3d_hyb_bond', 'loc': 'stack0_top'},{'from': 'Chiplet_2', 'to': 'Chiplet_3', 'connection_type': '2.5d_rdl', 'loc': '2.5d_chiplet'},{'from': 'Chiplet_2', 'to': 'Chiplet_6', 'connection_type': '2.5d_rdl', 'loc': '2.5d_chiplet'},{'from': 'Chiplet_2', 'to': 'Chiplet_1', 'connection_type': '2.5d_rdl', 'loc': '2.5d_chiplet'},{'from': 'Chiplet_6', 'to': 'Chiplet_2', 'connection_type': '2.5d_rdl', 'loc': '2.5d_chiplet'},{'from': 'Chiplet_6', 'to': 'Chiplet_3', 'connection_type': '2.5d_rdl', 'loc': '2.5d_chiplet'},{'from': 'Chiplet_1', 'to': 'Chiplet_2', 'connection_type': '2.5d_rdl', 'loc': '2.5d_chiplet'},{'from': 'Chiplet_1', 'to': 'Chiplet_3', 'connection_type': '2.5d_rdl', 'loc': '2.5d_chiplet'},{'from': 'Chiplet_3', 'to': 'Chiplet_2', 'connection_type': '2.5d_rdl', 'loc': '2.5d_chiplet'},{'from': 'Chiplet_3', 'to': 'Chiplet_6', 'connection_type': '2.5d_rdl', 'loc': '2.5d_chiplet'},{'from': 'Chiplet_3', 'to': 'Chiplet_1', 'connection_type': '2.5d_rdl', 'loc': '2.5d_chiplet'}",4,5,3,2,1,1,hbm3,ucie_std,ucie_3d,1,0,os,1,0,0
303,36.1393183993813,4105493.6,109370.85435029263,668513964.8644152,15777.77777777778,23983.576979827594,303,0.46559300000000003,1.11875,512,64x64,7,0.552198,1.11875,768,64x64,7,4.818150952,10.4826,6144,192x192,7,0.638803,1.11875,1024,64x64,7,5.5109919519999995,10.4826,8192,192x192,7,14.117807839976791,15.979573171754398,6144,192x192,14,2.5d,"{'from': 'Chiplet_6', 'to': 'Chiplet_5', 'connection_type': '2.5d_rdl', 'loc': '2.5d_chiplet'},{'from': 'Chiplet_6', 'to': 'Chiplet_3', 'connection_type': '2.5d_rdl', 'loc': '2.5d_chiplet'},{'from': 'Chiplet_5', 'to': 'Chiplet_4', 'connection_type': '2.5d_rdl', 'loc': '2.5d_chiplet'},{'from': 'Chiplet_5', 'to': 'Chiplet_3', 'connection_type': '2.5d_rdl', 'loc': '2.5d_chiplet'},{'from': 'Chiplet_5', 'to': 'Chiplet_6', 'connection_type': '2.5d_rdl', 'loc': '2.5d_chiplet'},{'from': 'Chiplet_5', 'to': 'Chiplet_1', 'connection_type': '2.5d_rdl', 'loc': '2.5d_chiplet'},{'from': 'Chiplet_1', 'to': 'Chiplet_5', 'connection_type': '2.5d_rdl', 'loc': '2.5d_chiplet'},{'from': 'Chiplet_1', 'to': 'Chiplet_4', 'connection_type': '2.5d_rdl', 'loc': '2.5d_chiplet'},{'from': 'Chiplet_3', 'to': 'Chiplet_2', 'connection_type': '2.5d_rdl', 'loc': '2.5d_chiplet'},{'from': 'Chiplet_3', 'to': 'Chiplet_4', 'connection_type': '2.5d_rdl', 'loc': '2.5d_chiplet'},{'from': 'Chiplet_3', 'to': 'Chiplet_6', 'connection_type': '2.5d_rdl', 'loc': '2.5d_chiplet'},{'from': 'Chiplet_3', 'to': 'Chiplet_5', 'connection_type': '2.5d_rdl', 'loc': '2.5d_chiplet'},{'from': 'Chiplet_4', 'to': 'Chiplet_2', 'connection_type': '2.5d_rdl', 'loc': '2.5d_chiplet'},{'from': 'Chiplet_4', 'to': 'Chiplet_3', 'connection_type': '2.5d_rdl', 'loc': '2.5d_chiplet'},{'from': 'Chiplet_4', 'to': 'Chiplet_5', 'connection_type': '2.5d_rdl', 'loc': '2.5d_chiplet'},{'from': 'Chiplet_4', 'to': 'Chiplet_1', 'connection_type': '2.5d_rdl', 'loc': '2.5d_chiplet'},{'from': 'Chiplet_2', 'to': 'Chiplet_3', 'connection_type': '2.5d_rdl', 'loc': '2.5d_chiplet'},{'from': 'Chiplet_2', 'to': 'Chiplet_4', 'connection_type': '2.5d_rdl', 'loc': '2.5d_chiplet'}",1,1,1,1,1,3,ddr4,ucie_std,na,0,0,ws,0,0,0
304,30.17116472476509,3263772.51,178376.91757792394,631418269.2403433,19177.581699346403,24021.40382474685,304,1.8849981800824636,3.1172648505374996,2048,96x96,10,1.7117881800824635,3.1172648505374996,1536,96x96,10,14.117807839976791,15.979573171754398,6144,192x192,14,0.378988,1.11875,256,64x64,7,0.656621759447044,1.3845915837374998,256,64x64,10,4.1253109519999995,10.4826,4096,192x192,7,2.5d,"{'from': 'Chiplet_3', 'to': 'Chiplet_6', 'connection_type': '2.5d_emib', 'loc': '2.5d_chiplet'},{'from': 'Chiplet_3', 'to': 'Chiplet_1', 'connection_type': '2.5d_emib', 'loc': '2.5d_chiplet'},{'from': 'Chiplet_6', 'to': 'Chiplet_2', 'connection_type': '2.5d_emib', 'loc': '2.5d_chiplet'},{'from': 'Chiplet_6', 'to': 'Chiplet_3', 'connection_type': '2.5d_emib', 'loc': '2.5d_chiplet'},{'from': 'Chiplet_6', 'to': 'Chiplet_4', 'connection_type': '2.5d_emib', 'loc': '2.5d_chiplet'},{'from': 'Chiplet_6', 'to': 'Chiplet_1', 'connection_type': '2.5d_emib', 'loc': '2.5d_chiplet'},{'from': 'Chiplet_4', 'to': 'Chiplet_2', 'connection_type': '2.5d_emib', 'loc': '2.5d_chiplet'},{'from': 'Chiplet_4', 'to': 'Chiplet_6', 'connection_type': '2.5d_emib', 'loc': '2.5d_chiplet'},{'from': 'Chiplet_1', 'to': 'Chiplet_2', 'connection_type': '2.5d_emib', 'loc': '2.5d_chiplet'},{'from': 'Chiplet_1', 'to': 'Chiplet_3', 'connection_type': '2.5d_emib', 'loc': '2.5d_chiplet'},{'from': 'Chiplet_1', 'to': 'Chiplet_6', 'connection_type': '2.5d_emib', 'loc': '2.5d_chiplet'},{'from': 'Chiplet_1', 'to': 'Chiplet_5', 'connection_type': '2.5d_emib', 'loc': '2.5d_chiplet'},{'from': 'Chiplet_2', 'to': 'Chiplet_4', 'connection_type': '2.5d_emib', 'loc': '2.5d_chiplet'},{'from': 'Chiplet_2', 'to': 'Chiplet_6', 'connection_type': '2.5d_emib', 'loc': '2.5d_chiplet'},{'from': 'Chiplet_2', 'to': 'Chiplet_5', 'connection_type': '2.5d_emib', 'loc': '2.5d_chiplet'},{'from': 'Chiplet_2', 'to': 'Chiplet_1', 'connection_type': '2.5d_emib', 'loc': '2.5d_chiplet'},{'from': 'Chiplet_5', 'to': 'Chiplet_2', 'connection_type': '2.5d_emib', 'loc': '2.5d_chiplet'},{'from': 'Chiplet_5', 'to': 'Chiplet_1', 'connection_type': '2.5d_emib', 'loc': '2.5d_chiplet'}",1,1,3,1,1,1,ddr4,bow,na,0,0,is,0,0,0
305,27.86918958722984,3265233.83,181144.74282885247,415003102.6237935,35137.256390930575,30659.172266314654,305,5.5109919519999995,10.4826,8192,192x192,7,1.8849981800824636,3.1172648505374996,2048,96x96,10,0.378988,1.11875,256,64x64,7,2.927572174079395,3.8395579270749995,1024,96x96,14,11.481175603606792,15.979573171754398,2048,192x192,14,0.552198,1.11875,768,64x64,7,2.5d,"{'from': 'Chiplet_5', 'to': 'Chiplet_4', 'connection_type': '2.5d_emib', 'loc': '2.5d_chiplet'},{'from': 'Chiplet_5', 'to': 'Chiplet_1', 'connection_type': '2.5d_emib', 'loc': '2.5d_chiplet'},{'from': 'Chiplet_1', 'to': 'Chiplet_2', 'connection_type': '2.5d_emib', 'loc': '2.5d_chiplet'},{'from': 'Chiplet_1', 'to': 'Chiplet_5', 'connection_type': '2.5d_emib', 'loc': '2.5d_chiplet'},{'from': 'Chiplet_1', 'to': 'Chiplet_4', 'connection_type': '2.5d_emib', 'loc': '2.5d_chiplet'},{'from': 'Chiplet_4', 'to': 'Chiplet_2', 'connection_type': '2.5d_emib', 'loc': '2.5d_chiplet'},{'from': 'Chiplet_4', 'to': 'Chiplet_5', 'connection_type': '2.5d_emib', 'loc': '2.5d_chiplet'},{'from': 'Chiplet_4', 'to': 'Chiplet_6', 'connection_type': '2.5d_emib', 'loc': '2.5d_chiplet'},{'from': 'Chiplet_4', 'to': 'Chiplet_1', 'connection_type': '2.5d_emib', 'loc': '2.5d_chiplet'},{'from': 'Chiplet_2', 'to': 'Chiplet_6', 'connection_type': '2.5d_emib', 'loc': '2.5d_chiplet'},{'from': 'Chiplet_2', 'to': 'Chiplet_4', 'connection_type': '2.5d_emib', 'loc': '2.5d_chiplet'},{'from': 'Chiplet_2', 'to': 'Chiplet_1', 'connection_type': '2.5d_emib', 'loc': '2.5d_chiplet'},{'from': 'Chiplet_2', 'to': 'Chiplet_3', 'connection_type': '2.5d_emib', 'loc': '2.5d_chiplet'},{'from': 'Chiplet_6', 'to': 'Chiplet_2', 'connection_type': '2.5d_emib', 'loc': '2.5d_chiplet'},{'from': 'Chiplet_6', 'to': 'Chiplet_3', 'connection_type': '2.5d_emib', 'loc': '2.5d_chiplet'},{'from': 'Chiplet_6', 'to': 'Chiplet_4', 'connection_type': '2.5d_emib', 'loc': '2.5d_chiplet'},{'from': 'Chiplet_3', 'to': 'Chiplet_2', 'connection_type': '2.5d_emib', 'loc': '2.5d_chiplet'},{'from': 'Chiplet_3', 'to': 'Chiplet_6', 'connection_type': '2.5d_emib', 'loc': '2.5d_chiplet'}",1,1,1,1,3,1,ddr4,aib,na,1,0,is,1,0,0
306,43.68168209596578,4548746.83,91836.16894778692,153756168.6390742,81216.18169405927,61751.134940192605,306,11.481175603606792,15.979573171754398,2048,192x192,14,4.818150952,10.4826,6144,192x192,7,3.2571509657793953,3.8395579270749995,1536,96x96,14,1.131132696,2.51875,1536,96x96,7,3.3193280905479132,5.538366334949999,3072,128x128,10,0.552198,1.11875,768,64x64,7,2.5d,"{'from': 'Chiplet_1', 'to': 'Chiplet_2', 'connection_type': '2.5d_rdl', 'loc': '2.5d_chiplet'},{'from': 'Chiplet_1', 'to': 'Chiplet_6', 'connection_type': '2.5d_rdl', 'loc': '2.5d_chiplet'},{'from': 'Chiplet_6', 'to': 'Chiplet_2', 'connection_type': '2.5d_rdl', 'loc': '2.5d_chiplet'},{'from': 'Chiplet_6', 'to': 'Chiplet_1', 'connection_type': '2.5d_rdl', 'loc': '2.5d_chiplet'},{'from': 'Chiplet_2', 'to': 'Chiplet_4', 'connection_type': '2.5d_rdl', 'loc': '2.5d_chiplet'},{'from': 'Chiplet_2', 'to': 'Chiplet_5', 'connection_type': '2.5d_rdl', 'loc': '2.5d_chiplet'},{'from': 'Chiplet_2', 'to': 'Chiplet_6', 'connection_type': '2.5d_rdl', 'loc': '2.5d_chiplet'},{'from': 'Chiplet_2', 'to': 'Chiplet_3', 'connection_type': '2.5d_rdl', 'loc': '2.5d_chiplet'},{'from': 'Chiplet_2', 'to': 'Chiplet_1', 'connection_type': '2.5d_rdl', 'loc': '2.5d_chiplet'},{'from': 'Chiplet_4', 'to': 'Chiplet_2', 'connection_type': '2.5d_rdl', 'loc': '2.5d_chiplet'},{'from': 'Chiplet_4', 'to': 'Chiplet_3', 'connection_type': '2.5d_rdl', 'loc': '2.5d_chiplet'},{'from': 'Chiplet_5', 'to': 'Chiplet_2', 'connection_type': '2.5d_rdl', 'loc': '2.5d_chiplet'},{'from': 'Chiplet_5', 'to': 'Chiplet_3', 'connection_type': '2.5d_rdl', 'loc': '2.5d_chiplet'},{'from': 'Chiplet_3', 'to': 'Chiplet_2', 'connection_type': '2.5d_rdl', 'loc': '2.5d_chiplet'},{'from': 'Chiplet_3', 'to': 'Chiplet_5', 'connection_type': '2.5d_rdl', 'loc': '2.5d_chiplet'},{'from': 'Chiplet_3', 'to': 'Chiplet_4', 'connection_type': '2.5d_rdl', 'loc': '2.5d_chiplet'}",7,3,2,1,2,1,hbm3,ucie_std,na,0,0,ws,1,0,0
307,25.972206598130605,4108934.54,154659.25822350333,181971622.7827847,6373.5,8436.861318097539,307,6.033899457366197,12.973514847541198,2048,192x192,10,1.131132696,2.51875,1536,96x96,7,0.656621759447044,1.3845915837374998,256,64x64,10,6.726740457366197,12.973514847541198,4096,192x192,10,3.432469952,10.4826,2048,192x192,7,1.3653681800824635,3.1172648505374996,512,96x96,10,2.5d_3d,"{'from': 'Chiplet_5', 'to': 'Chiplet_2', 'connection_type': '3d_tsv', 'loc': 'stack0_base'},{'from': 'Chiplet_2', 'to': 'na', 'connection_type': '3d_tsv', 'loc': 'stack0_top'},{'from': 'Chiplet_4', 'to': 'Chiplet_3', 'connection_type': '2.5d_emib', 'loc': '2.5d_chiplet'},{'from': 'Chiplet_4', 'to': 'Chiplet_6', 'connection_type': '2.5d_emib', 'loc': '2.5d_chiplet'},{'from': 'Chiplet_4', 'to': 'Chiplet_1', 'connection_type': '2.5d_emib', 'loc': '2.5d_chiplet'},{'from': 'Chiplet_6', 'to': 'Chiplet_3', 'connection_type': '2.5d_emib', 'loc': '2.5d_chiplet'},{'from': 'Chiplet_6', 'to': 'Chiplet_4', 'connection_type': '2.5d_emib', 'loc': '2.5d_chiplet'},{'from': 'Chiplet_3', 'to': 'Chiplet_5', 'connection_type': '2.5d_emib', 'loc': '2.5d_chiplet'},{'from': 'Chiplet_3', 'to': 'Chiplet_6', 'connection_type': '2.5d_emib', 'loc': '2.5d_chiplet'},{'from': 'Chiplet_3', 'to': 'Chiplet_4', 'connection_type': '2.5d_emib', 'loc': '2.5d_chiplet'},{'from': 'Chiplet_1', 'to': 'Chiplet_5', 'connection_type': '2.5d_emib', 'loc': '2.5d_chiplet'},{'from': 'Chiplet_1', 'to': 'Chiplet_4', 'connection_type': '2.5d_emib', 'loc': '2.5d_chiplet'},{'from': 'Chiplet_5', 'to': 'Chiplet_3', 'connection_type': '2.5d_emib', 'loc': '2.5d_chiplet'},{'from': 'Chiplet_5', 'to': 'Chiplet_1', 'connection_type': '2.5d_emib', 'loc': '2.5d_chiplet'}",5,1,1,5,3,1,hbm2,aib,ucie_3d,1,0,os,0,0,0
308,31.665918305455847,4069101.23,86815.8346870521,190321791.07371786,5609.480909480909,7185.28527603341,308,1.578984604787535,1.7054115854749998,768,64x64,14,1.304342696,2.51875,2048,96x96,7,3.665749090547913,5.538366334949999,4096,128x128,10,6.726740457366197,12.973514847541198,4096,192x192,10,5.5109919519999995,10.4826,8192,192x192,7,0.957922696,2.51875,1024,96x96,7,2.5d,"{'from': 'Chiplet_4', 'to': 'Chiplet_2', 'connection_type': '2.5d_rdl', 'loc': '2.5d_chiplet'},{'from': 'Chiplet_4', 'to': 'Chiplet_5', 'connection_type': '2.5d_rdl', 'loc': '2.5d_chiplet'},{'from': 'Chiplet_4', 'to': 'Chiplet_1', 'connection_type': '2.5d_rdl', 'loc': '2.5d_chiplet'},{'from': 'Chiplet_4', 'to': 'Chiplet_3', 'connection_type': '2.5d_rdl', 'loc': '2.5d_chiplet'},{'from': 'Chiplet_1', 'to': 'Chiplet_2', 'connection_type': '2.5d_rdl', 'loc': '2.5d_chiplet'},{'from': 'Chiplet_1', 'to': 'Chiplet_4', 'connection_type': '2.5d_rdl', 'loc': '2.5d_chiplet'},{'from': 'Chiplet_2', 'to': 'Chiplet_4', 'connection_type': '2.5d_rdl', 'loc': '2.5d_chiplet'},{'from': 'Chiplet_2', 'to': 'Chiplet_1', 'connection_type': '2.5d_rdl', 'loc': '2.5d_chiplet'},{'from': 'Chiplet_5', 'to': 'Chiplet_3', 'connection_type': '2.5d_rdl', 'loc': '2.5d_chiplet'},{'from': 'Chiplet_5', 'to': 'Chiplet_4', 'connection_type': '2.5d_rdl', 'loc': '2.5d_chiplet'},{'from': 'Chiplet_5', 'to': 'Chiplet_6', 'connection_type': '2.5d_rdl', 'loc': '2.5d_chiplet'},{'from': 'Chiplet_3', 'to': 'Chiplet_6', 'connection_type': '2.5d_rdl', 'loc': '2.5d_chiplet'},{'from': 'Chiplet_3', 'to': 'Chiplet_4', 'connection_type': '2.5d_rdl', 'loc': '2.5d_chiplet'},{'from': 'Chiplet_3', 'to': 'Chiplet_5', 'connection_type': '2.5d_rdl', 'loc': '2.5d_chiplet'},{'from': 'Chiplet_6', 'to': 'Chiplet_3', 'connection_type': '2.5d_rdl', 'loc': '2.5d_chiplet'},{'from': 'Chiplet_6', 'to': 'Chiplet_5', 'connection_type': '2.5d_rdl', 'loc': '2.5d_chiplet'}",1,1,3,5,5,1,hbm3,ucie_std,na,1,0,os,0,0,0
309,32.202826802671126,3169796.33,73369.2189709724,412678724.90251076,72510.2498967035,47738.12981984117,309,1.7117881800824635,3.1172648505374996,1536,96x96,10,1.249405813087535,1.7054115854749998,256,64x64,14,0.656621759447044,1.3845915837374998,256,64x64,10,0.638803,1.11875,1024,64x64,7,12.799492673176792,15.979573171754398,4096,192x192,14,6.975099908490179,6.821646341899999,4096,128x128,14,2.5d_3d,"{'from': 'Chiplet_2', 'to': 'Chiplet_3', 'connection_type': '3d_tsv', 'loc': 'stack0_base'},{'from': 'Chiplet_3', 'to': 'Chiplet_4', 'connection_type': '3d_tsv', 'loc': 'stack0_middle1'},{'from': 'Chiplet_4', 'to': 'na', 'connection_type': '3d_tsv', 'loc': 'stack0_top'},{'from': 'Chiplet_5', 'to': 'Chiplet_6', 'connection_type': '2.5d_rdl', 'loc': '2.5d_chiplet'},{'from': 'Chiplet_5', 'to': 'Chiplet_1', 'connection_type': '2.5d_rdl', 'loc': '2.5d_chiplet'},{'from': 'Chiplet_6', 'to': 'Chiplet_2', 'connection_type': '2.5d_rdl', 'loc': '2.5d_chiplet'},{'from': 'Chiplet_6', 'to': 'Chiplet_5', 'connection_type': '2.5d_rdl', 'loc': '2.5d_chiplet'},{'from': 'Chiplet_6', 'to': 'Chiplet_1', 'connection_type': '2.5d_rdl', 'loc': '2.5d_chiplet'},{'from': 'Chiplet_1', 'to': 'Chiplet_2', 'connection_type': '2.5d_rdl', 'loc': '2.5d_chiplet'},{'from': 'Chiplet_1', 'to': 'Chiplet_5', 'connection_type': '2.5d_rdl', 'loc': '2.5d_chiplet'},{'from': 'Chiplet_1', 'to': 'Chiplet_6', 'connection_type': '2.5d_rdl', 'loc': '2.5d_chiplet'},{'from': 'Chiplet_2', 'to': 'Chiplet_6', 'connection_type': '2.5d_rdl', 'loc': '2.5d_chiplet'},{'from': 'Chiplet_2', 'to': 'Chiplet_1', 'connection_type': '2.5d_rdl', 'loc': '2.5d_chiplet'}",1,1,1,1,3,1,ddr4,ucie_std,ucie_3d,1,0,is,1,0,0
310,37.06256698523484,3120688.54,77142.98183795296,300524975.32307386,51089.7959425495,37964.77624008324,310,11.481175603606792,15.979573171754398,2048,192x192,14,1.3653681800824635,3.1172648505374996,512,96x96,10,3.665749090547913,5.538366334949999,4096,128x128,10,5.656782838920179,6.821646341899999,2048,128x128,14,0.829831759447044,1.3845915837374998,768,64x64,10,1.4141952089375351,1.7054115854749998,512,64x64,14,2.5d,"{'from': 'Chiplet_1', 'to': 'Chiplet_3', 'connection_type': '2.5d_rdl', 'loc': '2.5d_chiplet'},{'from': 'Chiplet_1', 'to': 'Chiplet_4', 'connection_type': '2.5d_rdl', 'loc': '2.5d_chiplet'},{'from': 'Chiplet_1', 'to': 'Chiplet_5', 'connection_type': '2.5d_rdl', 'loc': '2.5d_chiplet'},{'from': 'Chiplet_5', 'to': 'Chiplet_3', 'connection_type': '2.5d_rdl', 'loc': '2.5d_chiplet'},{'from': 'Chiplet_5', 'to': 'Chiplet_1', 'connection_type': '2.5d_rdl', 'loc': '2.5d_chiplet'},{'from': 'Chiplet_4', 'to': 'Chiplet_3', 'connection_type': '2.5d_rdl', 'loc': '2.5d_chiplet'},{'from': 'Chiplet_4', 'to': 'Chiplet_6', 'connection_type': '2.5d_rdl', 'loc': '2.5d_chiplet'},{'from': 'Chiplet_4', 'to': 'Chiplet_1', 'connection_type': '2.5d_rdl', 'loc': '2.5d_chiplet'},{'from': 'Chiplet_3', 'to': 'Chiplet_4', 'connection_type': '2.5d_rdl', 'loc': '2.5d_chiplet'},{'from': 'Chiplet_3', 'to': 'Chiplet_2', 'connection_type': '2.5d_rdl', 'loc': '2.5d_chiplet'},{'from': 'Chiplet_3', 'to': 'Chiplet_5', 'connection_type': '2.5d_rdl', 'loc': '2.5d_chiplet'},{'from': 'Chiplet_3', 'to': 'Chiplet_6', 'connection_type': '2.5d_rdl', 'loc': '2.5d_chiplet'},{'from': 'Chiplet_3', 'to': 'Chiplet_1', 'connection_type': '2.5d_rdl', 'loc': '2.5d_chiplet'},{'from': 'Chiplet_6', 'to': 'Chiplet_2', 'connection_type': '2.5d_rdl', 'loc': '2.5d_chiplet'},{'from': 'Chiplet_6', 'to': 'Chiplet_3', 'connection_type': '2.5d_rdl', 'loc': '2.5d_chiplet'},{'from': 'Chiplet_6', 'to': 'Chiplet_4', 'connection_type': '2.5d_rdl', 'loc': '2.5d_chiplet'},{'from': 'Chiplet_2', 'to': 'Chiplet_3', 'connection_type': '2.5d_rdl', 'loc': '2.5d_chiplet'},{'from': 'Chiplet_2', 'to': 'Chiplet_6', 'connection_type': '2.5d_rdl', 'loc': '2.5d_chiplet'}",3,1,1,1,1,1,ddr5,ucie_std,na,0,0,is,1,0,0
311,48.445756626599426,4884677.1,169220.5953533711,310195868.33427805,29695.930858066833,31655.009751350106,311,12.799492673176792,15.979573171754398,4096,192x192,14,1.8849981800824636,3.1172648505374996,2048,96x96,10,6.315940422320179,6.821646341899999,3072,128x128,14,1.5385781800824634,3.1172648505374996,1024,96x96,10,2.972908090547913,5.538366334949999,2048,128x128,10,6.726740457366197,12.973514847541198,4096,192x192,10,2.5d_3d,"{'from': 'Chiplet_6', 'to': 'Chiplet_4', 'connection_type': '3d_tsv', 'loc': 'stack0_base'},{'from': 'Chiplet_4', 'to': 'na', 'connection_type': '3d_tsv', 'loc': 'stack0_top'},{'from': 'Chiplet_1', 'to': 'Chiplet_3', 'connection_type': '2.5d_emib', 'loc': '2.5d_chiplet'},{'from': 'Chiplet_1', 'to': 'Chiplet_6', 'connection_type': '2.5d_emib', 'loc': '2.5d_chiplet'},{'from': 'Chiplet_1', 'to': 'Chiplet_5', 'connection_type': '2.5d_emib', 'loc': '2.5d_chiplet'},{'from': 'Chiplet_5', 'to': 'Chiplet_3', 'connection_type': '2.5d_emib', 'loc': '2.5d_chiplet'},{'from': 'Chiplet_5', 'to': 'Chiplet_1', 'connection_type': '2.5d_emib', 'loc': '2.5d_chiplet'},{'from': 'Chiplet_6', 'to': 'Chiplet_2', 'connection_type': '2.5d_emib', 'loc': '2.5d_chiplet'},{'from': 'Chiplet_6', 'to': 'Chiplet_3', 'connection_type': '2.5d_emib', 'loc': '2.5d_chiplet'},{'from': 'Chiplet_6', 'to': 'Chiplet_1', 'connection_type': '2.5d_emib', 'loc': '2.5d_chiplet'},{'from': 'Chiplet_3', 'to': 'Chiplet_2', 'connection_type': '2.5d_emib', 'loc': '2.5d_chiplet'},{'from': 'Chiplet_3', 'to': 'Chiplet_5', 'connection_type': '2.5d_emib', 'loc': '2.5d_chiplet'},{'from': 'Chiplet_3', 'to': 'Chiplet_6', 'connection_type': '2.5d_emib', 'loc': '2.5d_chiplet'},{'from': 'Chiplet_3', 'to': 'Chiplet_1', 'connection_type': '2.5d_emib', 'loc': '2.5d_chiplet'},{'from': 'Chiplet_2', 'to': 'Chiplet_3', 'connection_type': '2.5d_emib', 'loc': '2.5d_chiplet'},{'from': 'Chiplet_2', 'to': 'Chiplet_6', 'connection_type': '2.5d_emib', 'loc': '2.5d_chiplet'}",3,1,1,1,1,1,ddr5,bow,ucie_3d,1,0,ws,1,0,0
312,49.48613326919591,4248011.6,103181.30387001115,660990695.9050604,12267.276099629042,21139.585148329483,312,15.436124909546791,15.979573171754398,8192,192x192,14,14.117807839976791,15.979573171754398,6144,192x192,14,0.638803,1.11875,1024,64x64,7,1.5385781800824634,3.1172648505374996,1024,96x96,10,1.131132696,2.51875,1536,96x96,7,0.378988,1.11875,256,64x64,7,2.5d,"{'from': 'Chiplet_1', 'to': 'Chiplet_2', 'connection_type': '2.5d_rdl', 'loc': '2.5d_chiplet'},{'from': 'Chiplet_1', 'to': 'Chiplet_5', 'connection_type': '2.5d_rdl', 'loc': '2.5d_chiplet'},{'from': 'Chiplet_1', 'to': 'Chiplet_4', 'connection_type': '2.5d_rdl', 'loc': '2.5d_chiplet'},{'from': 'Chiplet_5', 'to': 'Chiplet_4', 'connection_type': '2.5d_rdl', 'loc': '2.5d_chiplet'},{'from': 'Chiplet_5', 'to': 'Chiplet_1', 'connection_type': '2.5d_rdl', 'loc': '2.5d_chiplet'},{'from': 'Chiplet_2', 'to': 'Chiplet_3', 'connection_type': '2.5d_rdl', 'loc': '2.5d_chiplet'},{'from': 'Chiplet_2', 'to': 'Chiplet_4', 'connection_type': '2.5d_rdl', 'loc': '2.5d_chiplet'},{'from': 'Chiplet_2', 'to': 'Chiplet_1', 'connection_type': '2.5d_rdl', 'loc': '2.5d_chiplet'},{'from': 'Chiplet_4', 'to': 'Chiplet_2', 'connection_type': '2.5d_rdl', 'loc': '2.5d_chiplet'},{'from': 'Chiplet_4', 'to': 'Chiplet_5', 'connection_type': '2.5d_rdl', 'loc': '2.5d_chiplet'},{'from': 'Chiplet_4', 'to': 'Chiplet_6', 'connection_type': '2.5d_rdl', 'loc': '2.5d_chiplet'},{'from': 'Chiplet_4', 'to': 'Chiplet_3', 'connection_type': '2.5d_rdl', 'loc': '2.5d_chiplet'},{'from': 'Chiplet_4', 'to': 'Chiplet_1', 'connection_type': '2.5d_rdl', 'loc': '2.5d_chiplet'},{'from': 'Chiplet_3', 'to': 'Chiplet_2', 'connection_type': '2.5d_rdl', 'loc': '2.5d_chiplet'},{'from': 'Chiplet_3', 'to': 'Chiplet_6', 'connection_type': '2.5d_rdl', 'loc': '2.5d_chiplet'},{'from': 'Chiplet_3', 'to': 'Chiplet_4', 'connection_type': '2.5d_rdl', 'loc': '2.5d_chiplet'},{'from': 'Chiplet_6', 'to': 'Chiplet_3', 'connection_type': '2.5d_rdl', 'loc': '2.5d_chiplet'},{'from': 'Chiplet_6', 'to': 'Chiplet_4', 'connection_type': '2.5d_rdl', 'loc': '2.5d_chiplet'}",2,2,1,1,1,1,ddr4,ucie_std,na,1,0,os,0,0,0
313,23.50271393528241,2690389.3,167575.45468005675,279121054.8867089,24087.03876723576,21025.55628853638,313,1.3653681800824635,3.1172648505374996,512,96x96,10,0.638803,1.11875,1024,64x64,7,0.656621759447044,1.3845915837374998,256,64x64,10,6.033899457366197,12.973514847541198,2048,192x192,10,3.432469952,10.4826,2048,192x192,7,4.9976252555201786,6.821646341899999,1024,128x128,14,2.5d,"{'from': 'Chiplet_4', 'to': 'Chiplet_5', 'connection_type': '2.5d_emib', 'loc': '2.5d_chiplet'},{'from': 'Chiplet_4', 'to': 'Chiplet_6', 'connection_type': '2.5d_emib', 'loc': '2.5d_chiplet'},{'from': 'Chiplet_4', 'to': 'Chiplet_1', 'connection_type': '2.5d_emib', 'loc': '2.5d_chiplet'},{'from': 'Chiplet_4', 'to': 'Chiplet_3', 'connection_type': '2.5d_emib', 'loc': '2.5d_chiplet'},{'from': 'Chiplet_1', 'to': 'Chiplet_2', 'connection_type': '2.5d_emib', 'loc': '2.5d_chiplet'},{'from': 'Chiplet_1', 'to': 'Chiplet_3', 'connection_type': '2.5d_emib', 'loc': '2.5d_chiplet'},{'from': 'Chiplet_1', 'to': 'Chiplet_4', 'connection_type': '2.5d_emib', 'loc': '2.5d_chiplet'},{'from': 'Chiplet_3', 'to': 'Chiplet_2', 'connection_type': '2.5d_emib', 'loc': '2.5d_chiplet'},{'from': 'Chiplet_3', 'to': 'Chiplet_4', 'connection_type': '2.5d_emib', 'loc': '2.5d_chiplet'},{'from': 'Chiplet_3', 'to': 'Chiplet_1', 'connection_type': '2.5d_emib', 'loc': '2.5d_chiplet'},{'from': 'Chiplet_2', 'to': 'Chiplet_3', 'connection_type': '2.5d_emib', 'loc': '2.5d_chiplet'},{'from': 'Chiplet_2', 'to': 'Chiplet_1', 'connection_type': '2.5d_emib', 'loc': '2.5d_chiplet'},{'from': 'Chiplet_6', 'to': 'Chiplet_5', 'connection_type': '2.5d_emib', 'loc': '2.5d_chiplet'},{'from': 'Chiplet_6', 'to': 'Chiplet_4', 'connection_type': '2.5d_emib', 'loc': '2.5d_chiplet'},{'from': 'Chiplet_5', 'to': 'Chiplet_6', 'connection_type': '2.5d_emib', 'loc': '2.5d_chiplet'},{'from': 'Chiplet_5', 'to': 'Chiplet_4', 'connection_type': '2.5d_emib', 'loc': '2.5d_chiplet'}",1,1,1,2,1,2,ddr5,aib,na,0,0,is,1,0,0
314,21.5895620106578,2857442.34,141312.40501723427,382234457.38132733,30469.12123127823,23009.188786457482,314,0.957922696,2.51875,1024,96x96,7,3.432469952,10.4826,2048,192x192,7,0.378988,1.11875,256,64x64,7,1.7117881800824635,3.1172648505374996,1536,96x96,10,2.55521354,4.475,4096,128x128,7,4.9976252555201786,6.821646341899999,1024,128x128,14,2.5d_3d,"{'from': 'Chiplet_4', 'to': 'Chiplet_3', 'connection_type': '3d_hyb_bond', 'loc': 'stack0_base'},{'from': 'Chiplet_3', 'to': 'na', 'connection_type': '3d_hyb_bond', 'loc': 'stack0_top'},{'from': 'Chiplet_6', 'to': 'Chiplet_2', 'connection_type': '2.5d_emib', 'loc': '2.5d_chiplet'},{'from': 'Chiplet_6', 'to': 'Chiplet_5', 'connection_type': '2.5d_emib', 'loc': '2.5d_chiplet'},{'from': 'Chiplet_6', 'to': 'Chiplet_4', 'connection_type': '2.5d_emib', 'loc': '2.5d_chiplet'},{'from': 'Chiplet_4', 'to': 'Chiplet_5', 'connection_type': '2.5d_emib', 'loc': '2.5d_chiplet'},{'from': 'Chiplet_4', 'to': 'Chiplet_6', 'connection_type': '2.5d_emib', 'loc': '2.5d_chiplet'},{'from': 'Chiplet_2', 'to': 'Chiplet_5', 'connection_type': '2.5d_emib', 'loc': '2.5d_chiplet'},{'from': 'Chiplet_2', 'to': 'Chiplet_6', 'connection_type': '2.5d_emib', 'loc': '2.5d_chiplet'},{'from': 'Chiplet_2', 'to': 'Chiplet_1', 'connection_type': '2.5d_emib', 'loc': '2.5d_chiplet'},{'from': 'Chiplet_5', 'to': 'Chiplet_2', 'connection_type': '2.5d_emib', 'loc': '2.5d_chiplet'},{'from': 'Chiplet_5', 'to': 'Chiplet_4', 'connection_type': '2.5d_emib', 'loc': '2.5d_chiplet'},{'from': 'Chiplet_5', 'to': 'Chiplet_6', 'connection_type': '2.5d_emib', 'loc': '2.5d_chiplet'},{'from': 'Chiplet_5', 'to': 'Chiplet_1', 'connection_type': '2.5d_emib', 'loc': '2.5d_chiplet'},{'from': 'Chiplet_1', 'to': 'Chiplet_2', 'connection_type': '2.5d_emib', 'loc': '2.5d_chiplet'},{'from': 'Chiplet_1', 'to': 'Chiplet_5', 'connection_type': '2.5d_emib', 'loc': '2.5d_chiplet'}",1,2,1,1,1,2,ddr4,ucie_adv,ucie_3d,1,0,ws,1,0,0
315,16.718417567600078,3094227.06,68795.6040917059,195732357.42199486,7847.222222222223,7934.65717171878,315,2.597993382379395,3.8395579270749995,512,96x96,14,2.972908090547913,5.538366334949999,2048,128x128,10,2.20879254,4.475,3072,128x128,7,2.972908090547913,5.538366334949999,2048,128x128,10,2.927572174079395,3.8395579270749995,1024,96x96,14,5.656782838920179,6.821646341899999,2048,128x128,14,2.5d_3d,"{'from': 'Chiplet_2', 'to': 'Chiplet_5', 'connection_type': '3d_hyb_bond', 'loc': 'stack0_base'},{'from': 'Chiplet_5', 'to': 'Chiplet_1', 'connection_type': '3d_hyb_bond', 'loc': 'stack0_middle1'},{'from': 'Chiplet_1', 'to': 'na', 'connection_type': '3d_hyb_bond', 'loc': 'stack0_top'},{'from': 'Chiplet_6', 'to': 'Chiplet_2', 'connection_type': '2.5d_rdl', 'loc': '2.5d_chiplet'},{'from': 'Chiplet_6', 'to': 'Chiplet_3', 'connection_type': '2.5d_rdl', 'loc': '2.5d_chiplet'},{'from': 'Chiplet_6', 'to': 'Chiplet_4', 'connection_type': '2.5d_rdl', 'loc': '2.5d_chiplet'},{'from': 'Chiplet_3', 'to': 'Chiplet_6', 'connection_type': '2.5d_rdl', 'loc': '2.5d_chiplet'},{'from': 'Chiplet_3', 'to': 'Chiplet_4', 'connection_type': '2.5d_rdl', 'loc': '2.5d_chiplet'},{'from': 'Chiplet_2', 'to': 'Chiplet_4', 'connection_type': '2.5d_rdl', 'loc': '2.5d_chiplet'},{'from': 'Chiplet_2', 'to': 'Chiplet_6', 'connection_type': '2.5d_rdl', 'loc': '2.5d_chiplet'},{'from': 'Chiplet_4', 'to': 'Chiplet_2', 'connection_type': '2.5d_rdl', 'loc': '2.5d_chiplet'},{'from': 'Chiplet_4', 'to': 'Chiplet_3', 'connection_type': '2.5d_rdl', 'loc': '2.5d_chiplet'},{'from': 'Chiplet_4', 'to': 'Chiplet_6', 'connection_type': '2.5d_rdl', 'loc': '2.5d_chiplet'}",2,3,2,2,2,5,hbm2,ucie_std,ucie_3d,1,0,os,0,0,0
316,42.61691852487524,5250864.53,122363.46840713103,447976279.9223604,11077.710127710128,19701.540326295064,316,3.432469952,10.4826,2048,192x192,7,2.20879254,4.475,3072,128x128,7,15.436124909546791,15.979573171754398,8192,192x192,14,3.5867297574793953,3.8395579270749995,2048,96x96,14,11.481175603606792,15.979573171754398,2048,192x192,14,2.972908090547913,5.538366334949999,2048,128x128,10,2.5d_3d,"{'from': 'Chiplet_5', 'to': 'Chiplet_1', 'connection_type': '3d_tsv', 'loc': 'stack0_base'},{'from': 'Chiplet_1', 'to': 'Chiplet_6', 'connection_type': '3d_tsv', 'loc': 'stack0_middle1'},{'from': 'Chiplet_6', 'to': 'Chiplet_2', 'connection_type': '3d_tsv', 'loc': 'stack0_middle2'},{'from': 'Chiplet_2', 'to': 'na', 'connection_type': '3d_tsv', 'loc': 'stack0_top'},{'from': 'Chiplet_3', 'to': 'Chiplet_5', 'connection_type': '2.5d_rdl', 'loc': '2.5d_chiplet'},{'from': 'Chiplet_3', 'to': 'Chiplet_4', 'connection_type': '2.5d_rdl', 'loc': '2.5d_chiplet'},{'from': 'Chiplet_5', 'to': 'Chiplet_3', 'connection_type': '2.5d_rdl', 'loc': '2.5d_chiplet'},{'from': 'Chiplet_5', 'to': 'Chiplet_4', 'connection_type': '2.5d_rdl', 'loc': '2.5d_chiplet'},{'from': 'Chiplet_4', 'to': 'Chiplet_3', 'connection_type': '2.5d_rdl', 'loc': '2.5d_chiplet'},{'from': 'Chiplet_4', 'to': 'Chiplet_5', 'connection_type': '2.5d_rdl', 'loc': '2.5d_chiplet'}",1,1,2,1,2,1,ddr5,ucie_std,ucie_3d,1,0,is,0,0,0
317,59.87029286090681,4887467.34,109042.12718978901,473513935.7203516,17242.404237978808,23546.978488219404,317,7.419580457366196,12.973514847541198,6144,192x192,10,1.249405813087535,1.7054115854749998,256,64x64,14,12.799492673176792,15.979573171754398,4096,192x192,14,6.315940422320179,6.821646341899999,3072,128x128,14,6.315940422320179,6.821646341899999,3072,128x128,14,1.304342696,2.51875,2048,96x96,7,2.5d,"{'from': 'Chiplet_3', 'to': 'Chiplet_5', 'connection_type': '2.5d_rdl', 'loc': '2.5d_chiplet'},{'from': 'Chiplet_3', 'to': 'Chiplet_1', 'connection_type': '2.5d_rdl', 'loc': '2.5d_chiplet'},{'from': 'Chiplet_5', 'to': 'Chiplet_3', 'connection_type': '2.5d_rdl', 'loc': '2.5d_chiplet'},{'from': 'Chiplet_5', 'to': 'Chiplet_4', 'connection_type': '2.5d_rdl', 'loc': '2.5d_chiplet'},{'from': 'Chiplet_5', 'to': 'Chiplet_1', 'connection_type': '2.5d_rdl', 'loc': '2.5d_chiplet'},{'from': 'Chiplet_1', 'to': 'Chiplet_4', 'connection_type': '2.5d_rdl', 'loc': '2.5d_chiplet'},{'from': 'Chiplet_1', 'to': 'Chiplet_2', 'connection_type': '2.5d_rdl', 'loc': '2.5d_chiplet'},{'from': 'Chiplet_1', 'to': 'Chiplet_5', 'connection_type': '2.5d_rdl', 'loc': '2.5d_chiplet'},{'from': 'Chiplet_1', 'to': 'Chiplet_6', 'connection_type': '2.5d_rdl', 'loc': '2.5d_chiplet'},{'from': 'Chiplet_1', 'to': 'Chiplet_3', 'connection_type': '2.5d_rdl', 'loc': '2.5d_chiplet'},{'from': 'Chiplet_2', 'to': 'Chiplet_6', 'connection_type': '2.5d_rdl', 'loc': '2.5d_chiplet'},{'from': 'Chiplet_2', 'to': 'Chiplet_1', 'connection_type': '2.5d_rdl', 'loc': '2.5d_chiplet'},{'from': 'Chiplet_4', 'to': 'Chiplet_5', 'connection_type': '2.5d_rdl', 'loc': '2.5d_chiplet'},{'from': 'Chiplet_4', 'to': 'Chiplet_6', 'connection_type': '2.5d_rdl', 'loc': '2.5d_chiplet'},{'from': 'Chiplet_4', 'to': 'Chiplet_1', 'connection_type': '2.5d_rdl', 'loc': '2.5d_chiplet'},{'from': 'Chiplet_6', 'to': 'Chiplet_2', 'connection_type': '2.5d_rdl', 'loc': '2.5d_chiplet'},{'from': 'Chiplet_6', 'to': 'Chiplet_4', 'connection_type': '2.5d_rdl', 'loc': '2.5d_chiplet'},{'from': 'Chiplet_6', 'to': 'Chiplet_1', 'connection_type': '2.5d_rdl', 'loc': '2.5d_chiplet'}",1,1,3,1,1,1,ddr5,ucie_std,na,1,0,is,0,0,0
318,30.16505239627235,3569945.58,172006.12856764015,145483402.712058,9767.015873015873,8747.71663792376,318,0.916436759447044,1.3845915837374998,1024,64x64,10,2.927572174079395,3.8395579270749995,1024,96x96,14,4.9976252555201786,6.821646341899999,1024,128x128,14,4.1253109519999995,10.4826,4096,192x192,7,5.656782838920179,6.821646341899999,2048,128x128,14,1.51595254,4.475,1024,128x128,7,2.5d,"{'from': 'Chiplet_5', 'to': 'Chiplet_2', 'connection_type': '2.5d_emib', 'loc': '2.5d_chiplet'},{'from': 'Chiplet_5', 'to': 'Chiplet_3', 'connection_type': '2.5d_emib', 'loc': '2.5d_chiplet'},{'from': 'Chiplet_5', 'to': 'Chiplet_4', 'connection_type': '2.5d_emib', 'loc': '2.5d_chiplet'},{'from': 'Chiplet_5', 'to': 'Chiplet_6', 'connection_type': '2.5d_emib', 'loc': '2.5d_chiplet'},{'from': 'Chiplet_2', 'to': 'Chiplet_5', 'connection_type': '2.5d_emib', 'loc': '2.5d_chiplet'},{'from': 'Chiplet_2', 'to': 'Chiplet_6', 'connection_type': '2.5d_emib', 'loc': '2.5d_chiplet'},{'from': 'Chiplet_6', 'to': 'Chiplet_2', 'connection_type': '2.5d_emib', 'loc': '2.5d_chiplet'},{'from': 'Chiplet_6', 'to': 'Chiplet_5', 'connection_type': '2.5d_emib', 'loc': '2.5d_chiplet'},{'from': 'Chiplet_3', 'to': 'Chiplet_5', 'connection_type': '2.5d_emib', 'loc': '2.5d_chiplet'},{'from': 'Chiplet_3', 'to': 'Chiplet_4', 'connection_type': '2.5d_emib', 'loc': '2.5d_chiplet'},{'from': 'Chiplet_3', 'to': 'Chiplet_1', 'connection_type': '2.5d_emib', 'loc': '2.5d_chiplet'},{'from': 'Chiplet_4', 'to': 'Chiplet_5', 'connection_type': '2.5d_emib', 'loc': '2.5d_chiplet'},{'from': 'Chiplet_4', 'to': 'Chiplet_1', 'connection_type': '2.5d_emib', 'loc': '2.5d_chiplet'},{'from': 'Chiplet_4', 'to': 'Chiplet_3', 'connection_type': '2.5d_emib', 'loc': '2.5d_chiplet'},{'from': 'Chiplet_1', 'to': 'Chiplet_3', 'connection_type': '2.5d_emib', 'loc': '2.5d_chiplet'},{'from': 'Chiplet_1', 'to': 'Chiplet_4', 'connection_type': '2.5d_emib', 'loc': '2.5d_chiplet'}",1,2,4,3,5,1,hbm3,ucie_adv,na,1,0,is,0,0,0
319,40.165767202104114,4296066.97,105041.65628634664,314059419.3926254,42633.74107513286,43611.983344647444,319,1.131132696,2.51875,1536,96x96,7,7.419580457366196,12.973514847541198,6144,192x192,10,6.033899457366197,12.973514847541198,2048,192x192,10,4.818150952,10.4826,6144,192x192,7,1.131132696,2.51875,1536,96x96,7,6.315940422320179,6.821646341899999,3072,128x128,14,2.5d,"{'from': 'Chiplet_2', 'to': 'Chiplet_3', 'connection_type': '2.5d_rdl', 'loc': '2.5d_chiplet'},{'from': 'Chiplet_2', 'to': 'Chiplet_6', 'connection_type': '2.5d_rdl', 'loc': '2.5d_chiplet'},{'from': 'Chiplet_2', 'to': 'Chiplet_1', 'connection_type': '2.5d_rdl', 'loc': '2.5d_chiplet'},{'from': 'Chiplet_2', 'to': 'Chiplet_4', 'connection_type': '2.5d_rdl', 'loc': '2.5d_chiplet'},{'from': 'Chiplet_4', 'to': 'Chiplet_2', 'connection_type': '2.5d_rdl', 'loc': '2.5d_chiplet'},{'from': 'Chiplet_4', 'to': 'Chiplet_1', 'connection_type': '2.5d_rdl', 'loc': '2.5d_chiplet'},{'from': 'Chiplet_1', 'to': 'Chiplet_2', 'connection_type': '2.5d_rdl', 'loc': '2.5d_chiplet'},{'from': 'Chiplet_1', 'to': 'Chiplet_4', 'connection_type': '2.5d_rdl', 'loc': '2.5d_chiplet'},{'from': 'Chiplet_6', 'to': 'Chiplet_2', 'connection_type': '2.5d_rdl', 'loc': '2.5d_chiplet'},{'from': 'Chiplet_6', 'to': 'Chiplet_3', 'connection_type': '2.5d_rdl', 'loc': '2.5d_chiplet'},{'from': 'Chiplet_6', 'to': 'Chiplet_5', 'connection_type': '2.5d_rdl', 'loc': '2.5d_chiplet'},{'from': 'Chiplet_3', 'to': 'Chiplet_2', 'connection_type': '2.5d_rdl', 'loc': '2.5d_chiplet'},{'from': 'Chiplet_3', 'to': 'Chiplet_5', 'connection_type': '2.5d_rdl', 'loc': '2.5d_chiplet'},{'from': 'Chiplet_3', 'to': 'Chiplet_6', 'connection_type': '2.5d_rdl', 'loc': '2.5d_chiplet'},{'from': 'Chiplet_5', 'to': 'Chiplet_3', 'connection_type': '2.5d_rdl', 'loc': '2.5d_chiplet'},{'from': 'Chiplet_5', 'to': 'Chiplet_6', 'connection_type': '2.5d_rdl', 'loc': '2.5d_chiplet'}",1,2,1,1,1,2,ddr5,ucie_std,na,0,0,is,1,0,0
320,35.253024663376756,3309112.41,80452.4496298342,390680402.31622684,31096.508576947206,29094.95100249414,320,4.9976252555201786,6.821646341899999,1024,128x128,14,3.665749090547913,5.538366334949999,4096,128x128,10,1.4141952089375351,1.7054115854749998,512,64x64,14,5.656782838920179,6.821646341899999,2048,128x128,14,1.51595254,4.475,1024,128x128,7,6.726740457366197,12.973514847541198,4096,192x192,10,2.5d,"{'from': 'Chiplet_6', 'to': 'Chiplet_2', 'connection_type': '2.5d_rdl', 'loc': '2.5d_chiplet'},{'from': 'Chiplet_6', 'to': 'Chiplet_5', 'connection_type': '2.5d_rdl', 'loc': '2.5d_chiplet'},{'from': 'Chiplet_6', 'to': 'Chiplet_4', 'connection_type': '2.5d_rdl', 'loc': '2.5d_chiplet'},{'from': 'Chiplet_6', 'to': 'Chiplet_1', 'connection_type': '2.5d_rdl', 'loc': '2.5d_chiplet'},{'from': 'Chiplet_2', 'to': 'Chiplet_5', 'connection_type': '2.5d_rdl', 'loc': '2.5d_chiplet'},{'from': 'Chiplet_2', 'to': 'Chiplet_6', 'connection_type': '2.5d_rdl', 'loc': '2.5d_chiplet'},{'from': 'Chiplet_5', 'to': 'Chiplet_2', 'connection_type': '2.5d_rdl', 'loc': '2.5d_chiplet'},{'from': 'Chiplet_5', 'to': 'Chiplet_6', 'connection_type': '2.5d_rdl', 'loc': '2.5d_chiplet'},{'from': 'Chiplet_4', 'to': 'Chiplet_3', 'connection_type': '2.5d_rdl', 'loc': '2.5d_chiplet'},{'from': 'Chiplet_4', 'to': 'Chiplet_6', 'connection_type': '2.5d_rdl', 'loc': '2.5d_chiplet'},{'from': 'Chiplet_4', 'to': 'Chiplet_1', 'connection_type': '2.5d_rdl', 'loc': '2.5d_chiplet'},{'from': 'Chiplet_1', 'to': 'Chiplet_3', 'connection_type': '2.5d_rdl', 'loc': '2.5d_chiplet'},{'from': 'Chiplet_1', 'to': 'Chiplet_6', 'connection_type': '2.5d_rdl', 'loc': '2.5d_chiplet'},{'from': 'Chiplet_1', 'to': 'Chiplet_4', 'connection_type': '2.5d_rdl', 'loc': '2.5d_chiplet'},{'from': 'Chiplet_3', 'to': 'Chiplet_4', 'connection_type': '2.5d_rdl', 'loc': '2.5d_chiplet'},{'from': 'Chiplet_3', 'to': 'Chiplet_1', 'connection_type': '2.5d_rdl', 'loc': '2.5d_chiplet'}",1,1,1,2,1,2,ddr4,ucie_std,na,1,0,ws,1,0,0
321,51.980990257351394,4831858.19,197433.23917241357,456586742.12386054,5179.28074654459,12797.787644457587,321,1.743774000637535,1.7054115854749998,1024,64x64,14,3.665749090547913,5.538366334949999,4096,128x128,10,6.726740457366197,12.973514847541198,4096,192x192,10,3.665749090547913,5.538366334949999,4096,128x128,10,2.55521354,4.475,4096,128x128,7,12.799492673176792,15.979573171754398,4096,192x192,14,2.5d,"{'from': 'Chiplet_6', 'to': 'Chiplet_3', 'connection_type': '2.5d_emib', 'loc': '2.5d_chiplet'},{'from': 'Chiplet_6', 'to': 'Chiplet_5', 'connection_type': '2.5d_emib', 'loc': '2.5d_chiplet'},{'from': 'Chiplet_5', 'to': 'Chiplet_3', 'connection_type': '2.5d_emib', 'loc': '2.5d_chiplet'},{'from': 'Chiplet_5', 'to': 'Chiplet_6', 'connection_type': '2.5d_emib', 'loc': '2.5d_chiplet'},{'from': 'Chiplet_3', 'to': 'Chiplet_4', 'connection_type': '2.5d_emib', 'loc': '2.5d_chiplet'},{'from': 'Chiplet_3', 'to': 'Chiplet_2', 'connection_type': '2.5d_emib', 'loc': '2.5d_chiplet'},{'from': 'Chiplet_3', 'to': 'Chiplet_5', 'connection_type': '2.5d_emib', 'loc': '2.5d_chiplet'},{'from': 'Chiplet_3', 'to': 'Chiplet_6', 'connection_type': '2.5d_emib', 'loc': '2.5d_chiplet'},{'from': 'Chiplet_3', 'to': 'Chiplet_1', 'connection_type': '2.5d_emib', 'loc': '2.5d_chiplet'},{'from': 'Chiplet_1', 'to': 'Chiplet_3', 'connection_type': '2.5d_emib', 'loc': '2.5d_chiplet'},{'from': 'Chiplet_1', 'to': 'Chiplet_4', 'connection_type': '2.5d_emib', 'loc': '2.5d_chiplet'},{'from': 'Chiplet_2', 'to': 'Chiplet_3', 'connection_type': '2.5d_emib', 'loc': '2.5d_chiplet'},{'from': 'Chiplet_2', 'to': 'Chiplet_4', 'connection_type': '2.5d_emib', 'loc': '2.5d_chiplet'},{'from': 'Chiplet_4', 'to': 'Chiplet_2', 'connection_type': '2.5d_emib', 'loc': '2.5d_chiplet'},{'from': 'Chiplet_4', 'to': 'Chiplet_3', 'connection_type': '2.5d_emib', 'loc': '2.5d_chiplet'},{'from': 'Chiplet_4', 'to': 'Chiplet_1', 'connection_type': '2.5d_emib', 'loc': '2.5d_chiplet'}",1,1,1,1,1,3,ddr5,ucie_adv,na,1,0,os,0,0,0
322,24.965937413208387,4259675.1,92897.91717113675,202731350.01958025,21698.40010247193,17974.84675374988,322,15.436124909546791,15.979573171754398,8192,192x192,14,4.818150952,10.4826,6144,192x192,7,1.304342696,2.51875,2048,96x96,7,1.131132696,2.51875,1536,96x96,7,1.249405813087535,1.7054115854749998,256,64x64,14,0.957922696,2.51875,1024,96x96,7,2.5d_3d,"{'from': 'Chiplet_1', 'to': 'Chiplet_2', 'connection_type': '3d_tsv', 'loc': 'stack0_base'},{'from': 'Chiplet_2', 'to': 'Chiplet_4', 'connection_type': '3d_tsv', 'loc': 'stack0_middle1'},{'from': 'Chiplet_4', 'to': 'Chiplet_6', 'connection_type': '3d_tsv', 'loc': 'stack0_middle2'},{'from': 'Chiplet_6', 'to': 'na', 'connection_type': '3d_tsv', 'loc': 'stack0_top'},{'from': 'Chiplet_1', 'to': 'Chiplet_3', 'connection_type': '2.5d_rdl', 'loc': '2.5d_chiplet'},{'from': 'Chiplet_1', 'to': 'Chiplet_5', 'connection_type': '2.5d_rdl', 'loc': '2.5d_chiplet'},{'from': 'Chiplet_3', 'to': 'Chiplet_5', 'connection_type': '2.5d_rdl', 'loc': '2.5d_chiplet'},{'from': 'Chiplet_3', 'to': 'Chiplet_1', 'connection_type': '2.5d_rdl', 'loc': '2.5d_chiplet'},{'from': 'Chiplet_5', 'to': 'Chiplet_3', 'connection_type': '2.5d_rdl', 'loc': '2.5d_chiplet'},{'from': 'Chiplet_5', 'to': 'Chiplet_1', 'connection_type': '2.5d_rdl', 'loc': '2.5d_chiplet'}",9,3,1,1,1,1,hbm2,ucie_std,ucie_3d,0,0,os,1,0,0
323,26.65917202282928,3240994.95,71626.1762336493,398751087.0582902,56081.12456973427,39282.459856741814,323,0.784712696,2.51875,512,96x96,7,0.957922696,2.51875,1024,96x96,7,2.972908090547913,5.538366334949999,2048,128x128,10,4.1253109519999995,10.4826,4096,192x192,7,6.975099908490179,6.821646341899999,4096,128x128,14,1.7117881800824635,3.1172648505374996,1536,96x96,10,2.5d_3d,"{'from': 'Chiplet_6', 'to': 'Chiplet_2', 'connection_type': '3d_hyb_bond', 'loc': 'stack0_base'},{'from': 'Chiplet_2', 'to': 'na', 'connection_type': '3d_hyb_bond', 'loc': 'stack0_top'},{'from': 'Chiplet_5', 'to': 'Chiplet_3', 'connection_type': '2.5d_rdl', 'loc': '2.5d_chiplet'},{'from': 'Chiplet_5', 'to': 'Chiplet_4', 'connection_type': '2.5d_rdl', 'loc': '2.5d_chiplet'},{'from': 'Chiplet_5', 'to': 'Chiplet_6', 'connection_type': '2.5d_rdl', 'loc': '2.5d_chiplet'},{'from': 'Chiplet_6', 'to': 'Chiplet_3', 'connection_type': '2.5d_rdl', 'loc': '2.5d_chiplet'},{'from': 'Chiplet_6', 'to': 'Chiplet_5', 'connection_type': '2.5d_rdl', 'loc': '2.5d_chiplet'},{'from': 'Chiplet_4', 'to': 'Chiplet_5', 'connection_type': '2.5d_rdl', 'loc': '2.5d_chiplet'},{'from': 'Chiplet_4', 'to': 'Chiplet_1', 'connection_type': '2.5d_rdl', 'loc': '2.5d_chiplet'},{'from': 'Chiplet_4', 'to': 'Chiplet_3', 'connection_type': '2.5d_rdl', 'loc': '2.5d_chiplet'},{'from': 'Chiplet_3', 'to': 'Chiplet_4', 'connection_type': '2.5d_rdl', 'loc': '2.5d_chiplet'},{'from': 'Chiplet_3', 'to': 'Chiplet_5', 'connection_type': '2.5d_rdl', 'loc': '2.5d_chiplet'},{'from': 'Chiplet_3', 'to': 'Chiplet_6', 'connection_type': '2.5d_rdl', 'loc': '2.5d_chiplet'},{'from': 'Chiplet_3', 'to': 'Chiplet_1', 'connection_type': '2.5d_rdl', 'loc': '2.5d_chiplet'},{'from': 'Chiplet_1', 'to': 'Chiplet_3', 'connection_type': '2.5d_rdl', 'loc': '2.5d_chiplet'},{'from': 'Chiplet_1', 'to': 'Chiplet_4', 'connection_type': '2.5d_rdl', 'loc': '2.5d_chiplet'}",1,1,1,1,3,1,ddr4,ucie_std,ucie_3d,1,0,os,1,0,0
324,39.81105999686141,3718139.16,94501.77658182781,441007532.6444304,7882.404237978811,14118.112911256674,324,11.481175603606792,15.979573171754398,2048,192x192,14,1.304342696,2.51875,2048,96x96,7,11.481175603606792,15.979573171754398,2048,192x192,14,0.743226759447044,1.3845915837374998,512,64x64,10,2.55521354,4.475,4096,128x128,7,0.638803,1.11875,1024,64x64,7,2.5d,"{'from': 'Chiplet_1', 'to': 'Chiplet_3', 'connection_type': '2.5d_rdl', 'loc': '2.5d_chiplet'},{'from': 'Chiplet_1', 'to': 'Chiplet_5', 'connection_type': '2.5d_rdl', 'loc': '2.5d_chiplet'},{'from': 'Chiplet_5', 'to': 'Chiplet_2', 'connection_type': '2.5d_rdl', 'loc': '2.5d_chiplet'},{'from': 'Chiplet_5', 'to': 'Chiplet_1', 'connection_type': '2.5d_rdl', 'loc': '2.5d_chiplet'},{'from': 'Chiplet_3', 'to': 'Chiplet_2', 'connection_type': '2.5d_rdl', 'loc': '2.5d_chiplet'},{'from': 'Chiplet_3', 'to': 'Chiplet_4', 'connection_type': '2.5d_rdl', 'loc': '2.5d_chiplet'},{'from': 'Chiplet_3', 'to': 'Chiplet_1', 'connection_type': '2.5d_rdl', 'loc': '2.5d_chiplet'},{'from': 'Chiplet_2', 'to': 'Chiplet_5', 'connection_type': '2.5d_rdl', 'loc': '2.5d_chiplet'},{'from': 'Chiplet_2', 'to': 'Chiplet_4', 'connection_type': '2.5d_rdl', 'loc': '2.5d_chiplet'},{'from': 'Chiplet_2', 'to': 'Chiplet_3', 'connection_type': '2.5d_rdl', 'loc': '2.5d_chiplet'},{'from': 'Chiplet_2', 'to': 'Chiplet_6', 'connection_type': '2.5d_rdl', 'loc': '2.5d_chiplet'},{'from': 'Chiplet_4', 'to': 'Chiplet_2', 'connection_type': '2.5d_rdl', 'loc': '2.5d_chiplet'},{'from': 'Chiplet_4', 'to': 'Chiplet_3', 'connection_type': '2.5d_rdl', 'loc': '2.5d_chiplet'},{'from': 'Chiplet_4', 'to': 'Chiplet_6', 'connection_type': '2.5d_rdl', 'loc': '2.5d_chiplet'},{'from': 'Chiplet_6', 'to': 'Chiplet_2', 'connection_type': '2.5d_rdl', 'loc': '2.5d_chiplet'},{'from': 'Chiplet_6', 'to': 'Chiplet_4', 'connection_type': '2.5d_rdl', 'loc': '2.5d_chiplet'}",2,1,2,1,1,1,ddr5,ucie_std,na,1,0,os,0,0,0
325,29.91225252841628,4882542.54,103352.06311042148,183013266.63833767,45305.09995608546,39741.042827746176,325,0.784712696,2.51875,512,96x96,7,14.117807839976791,15.979573171754398,6144,192x192,14,1.4141952089375351,1.7054115854749998,512,64x64,14,4.1253109519999995,10.4826,4096,192x192,7,4.1253109519999995,10.4826,4096,192x192,7,0.957922696,2.51875,1024,96x96,7,2.5d_3d,"{'from': 'Chiplet_4', 'to': 'Chiplet_5', 'connection_type': '3d_u_bump', 'loc': 'stack0_base'},{'from': 'Chiplet_5', 'to': 'Chiplet_3', 'connection_type': '3d_u_bump', 'loc': 'stack0_middle1'},{'from': 'Chiplet_3', 'to': 'na', 'connection_type': '3d_u_bump', 'loc': 'stack0_top'},{'from': 'Chiplet_2', 'to': 'Chiplet_6', 'connection_type': '2.5d_rdl', 'loc': '2.5d_chiplet'},{'from': 'Chiplet_2', 'to': 'Chiplet_4', 'connection_type': '2.5d_rdl', 'loc': '2.5d_chiplet'},{'from': 'Chiplet_4', 'to': 'Chiplet_2', 'connection_type': '2.5d_rdl', 'loc': '2.5d_chiplet'},{'from': 'Chiplet_4', 'to': 'Chiplet_6', 'connection_type': '2.5d_rdl', 'loc': '2.5d_chiplet'},{'from': 'Chiplet_4', 'to': 'Chiplet_1', 'connection_type': '2.5d_rdl', 'loc': '2.5d_chiplet'},{'from': 'Chiplet_6', 'to': 'Chiplet_2', 'connection_type': '2.5d_rdl', 'loc': '2.5d_chiplet'},{'from': 'Chiplet_6', 'to': 'Chiplet_4', 'connection_type': '2.5d_rdl', 'loc': '2.5d_chiplet'},{'from': 'Chiplet_6', 'to': 'Chiplet_1', 'connection_type': '2.5d_rdl', 'loc': '2.5d_chiplet'},{'from': 'Chiplet_1', 'to': 'Chiplet_4', 'connection_type': '2.5d_rdl', 'loc': '2.5d_chiplet'},{'from': 'Chiplet_1', 'to': 'Chiplet_6', 'connection_type': '2.5d_rdl', 'loc': '2.5d_chiplet'}",1,9,1,2,2,1,hbm2,ucie_std,ucie_3d,0,0,os,1,0,0
326,5.344591203198699,1175798.28,34237.14819520647,121840506.934047,107387.11100352663,25560.506115741915,326,1.8849981800824636,3.1172648505374996,2048,96x96,10,1.131132696,2.51875,1536,96x96,7,0.829831759447044,1.3845915837374998,768,64x64,10,1.249405813087535,1.7054115854749998,256,64x64,14,1.4141952089375351,1.7054115854749998,512,64x64,14,0.829831759447044,1.3845915837374998,768,64x64,10,2.5d_3d,"{'from': 'Chiplet_1', 'to': 'Chiplet_4', 'connection_type': '3d_u_bump', 'loc': 'stack0_base'},{'from': 'Chiplet_4', 'to': 'Chiplet_3', 'connection_type': '3d_u_bump', 'loc': 'stack0_middle1'},{'from': 'Chiplet_3', 'to': 'Chiplet_6', 'connection_type': '3d_u_bump', 'loc': 'stack0_middle2'},{'from': 'Chiplet_6', 'to': 'na', 'connection_type': '3d_u_bump', 'loc': 'stack0_top'},{'from': 'Chiplet_1', 'to': 'Chiplet_2', 'connection_type': '2.5d_rdl', 'loc': '2.5d_chiplet'},{'from': 'Chiplet_1', 'to': 'Chiplet_5', 'connection_type': '2.5d_rdl', 'loc': '2.5d_chiplet'},{'from': 'Chiplet_5', 'to': 'Chiplet_2', 'connection_type': '2.5d_rdl', 'loc': '2.5d_chiplet'},{'from': 'Chiplet_5', 'to': 'Chiplet_1', 'connection_type': '2.5d_rdl', 'loc': '2.5d_chiplet'},{'from': 'Chiplet_2', 'to': 'Chiplet_5', 'connection_type': '2.5d_rdl', 'loc': '2.5d_chiplet'},{'from': 'Chiplet_2', 'to': 'Chiplet_1', 'connection_type': '2.5d_rdl', 'loc': '2.5d_chiplet'}",4,2,2,3,3,2,hbm3,ucie_std,ucie_3d,0,0,os,1,0,0
327,17.02500407837328,2921749.39,64504.696428259354,135686577.0308579,32633.0716668091,20229.19437496215,327,1.5385781800824634,3.1172648505374996,1024,96x96,10,6.726740457366197,12.973514847541198,4096,192x192,10,1.5385781800824634,3.1172648505374996,1024,96x96,10,3.665749090547913,5.538366334949999,4096,128x128,10,1.5385781800824634,3.1172648505374996,1024,96x96,10,1.578984604787535,1.7054115854749998,768,64x64,14,2.5d_3d,"{'from': 'Chiplet_2', 'to': 'Chiplet_6', 'connection_type': '3d_u_bump', 'loc': 'stack0_base'},{'from': 'Chiplet_6', 'to': 'Chiplet_3', 'connection_type': '3d_u_bump', 'loc': 'stack0_middle1'},{'from': 'Chiplet_3', 'to': 'Chiplet_1', 'connection_type': '3d_u_bump', 'loc': 'stack0_middle2'},{'from': 'Chiplet_1', 'to': 'na', 'connection_type': '3d_u_bump', 'loc': 'stack0_top'},{'from': 'Chiplet_2', 'to': 'Chiplet_5', 'connection_type': '2.5d_rdl', 'loc': '2.5d_chiplet'},{'from': 'Chiplet_2', 'to': 'Chiplet_4', 'connection_type': '2.5d_rdl', 'loc': '2.5d_chiplet'},{'from': 'Chiplet_4', 'to': 'Chiplet_2', 'connection_type': '2.5d_rdl', 'loc': '2.5d_chiplet'},{'from': 'Chiplet_4', 'to': 'Chiplet_5', 'connection_type': '2.5d_rdl', 'loc': '2.5d_chiplet'},{'from': 'Chiplet_5', 'to': 'Chiplet_2', 'connection_type': '2.5d_rdl', 'loc': '2.5d_chiplet'},{'from': 'Chiplet_5', 'to': 'Chiplet_4', 'connection_type': '2.5d_rdl', 'loc': '2.5d_chiplet'}",2,6,1,4,1,2,hbm3,ucie_std,ucie_3d,0,0,is,1,0,0
328,28.071591303533328,3104981.88,67362.61811219856,196384416.34721792,10905.202455202456,9045.708189790694,328,1.578984604787535,1.7054115854749998,768,64x64,14,1.131132696,2.51875,1536,96x96,7,8.112421457366196,12.973514847541198,8192,192x192,10,0.743226759447044,1.3845915837374998,512,64x64,10,1.249405813087535,1.7054115854749998,256,64x64,14,6.315940422320179,6.821646341899999,3072,128x128,14,2.5d,"{'from': 'Chiplet_3', 'to': 'Chiplet_2', 'connection_type': '2.5d_rdl', 'loc': '2.5d_chiplet'},{'from': 'Chiplet_3', 'to': 'Chiplet_6', 'connection_type': '2.5d_rdl', 'loc': '2.5d_chiplet'},{'from': 'Chiplet_3', 'to': 'Chiplet_1', 'connection_type': '2.5d_rdl', 'loc': '2.5d_chiplet'},{'from': 'Chiplet_2', 'to': 'Chiplet_3', 'connection_type': '2.5d_rdl', 'loc': '2.5d_chiplet'},{'from': 'Chiplet_2', 'to': 'Chiplet_1', 'connection_type': '2.5d_rdl', 'loc': '2.5d_chiplet'},{'from': 'Chiplet_6', 'to': 'Chiplet_3', 'connection_type': '2.5d_rdl', 'loc': '2.5d_chiplet'},{'from': 'Chiplet_6', 'to': 'Chiplet_5', 'connection_type': '2.5d_rdl', 'loc': '2.5d_chiplet'},{'from': 'Chiplet_6', 'to': 'Chiplet_1', 'connection_type': '2.5d_rdl', 'loc': '2.5d_chiplet'},{'from': 'Chiplet_1', 'to': 'Chiplet_4', 'connection_type': '2.5d_rdl', 'loc': '2.5d_chiplet'},{'from': 'Chiplet_1', 'to': 'Chiplet_2', 'connection_type': '2.5d_rdl', 'loc': '2.5d_chiplet'},{'from': 'Chiplet_1', 'to': 'Chiplet_5', 'connection_type': '2.5d_rdl', 'loc': '2.5d_chiplet'},{'from': 'Chiplet_1', 'to': 'Chiplet_6', 'connection_type': '2.5d_rdl', 'loc': '2.5d_chiplet'},{'from': 'Chiplet_1', 'to': 'Chiplet_3', 'connection_type': '2.5d_rdl', 'loc': '2.5d_chiplet'},{'from': 'Chiplet_5', 'to': 'Chiplet_4', 'connection_type': '2.5d_rdl', 'loc': '2.5d_chiplet'},{'from': 'Chiplet_5', 'to': 'Chiplet_6', 'connection_type': '2.5d_rdl', 'loc': '2.5d_chiplet'},{'from': 'Chiplet_5', 'to': 'Chiplet_1', 'connection_type': '2.5d_rdl', 'loc': '2.5d_chiplet'},{'from': 'Chiplet_4', 'to': 'Chiplet_5', 'connection_type': '2.5d_rdl', 'loc': '2.5d_chiplet'},{'from': 'Chiplet_4', 'to': 'Chiplet_1', 'connection_type': '2.5d_rdl', 'loc': '2.5d_chiplet'}",1,1,7,1,1,5,hbm3,ucie_std,na,0,0,os,0,0,0
329,21.080542218257182,2334236.07,161785.80560684315,518746378.17725235,9776.905537459283,14025.330113335101,329,2.20879254,4.475,3072,128x128,7,3.3193280905479132,5.538366334949999,3072,128x128,10,5.656782838920179,6.821646341899999,2048,128x128,14,0.784712696,2.51875,512,96x96,7,0.378988,1.11875,256,64x64,7,1.86237254,4.475,2048,128x128,7,2.5d,"{'from': 'Chiplet_3', 'to': 'Chiplet_2', 'connection_type': '2.5d_emib', 'loc': '2.5d_chiplet'},{'from': 'Chiplet_3', 'to': 'Chiplet_5', 'connection_type': '2.5d_emib', 'loc': '2.5d_chiplet'},{'from': 'Chiplet_3', 'to': 'Chiplet_4', 'connection_type': '2.5d_emib', 'loc': '2.5d_chiplet'},{'from': 'Chiplet_3', 'to': 'Chiplet_1', 'connection_type': '2.5d_emib', 'loc': '2.5d_chiplet'},{'from': 'Chiplet_4', 'to': 'Chiplet_5', 'connection_type': '2.5d_emib', 'loc': '2.5d_chiplet'},{'from': 'Chiplet_4', 'to': 'Chiplet_3', 'connection_type': '2.5d_emib', 'loc': '2.5d_chiplet'},{'from': 'Chiplet_5', 'to': 'Chiplet_3', 'connection_type': '2.5d_emib', 'loc': '2.5d_chiplet'},{'from': 'Chiplet_5', 'to': 'Chiplet_4', 'connection_type': '2.5d_emib', 'loc': '2.5d_chiplet'},{'from': 'Chiplet_2', 'to': 'Chiplet_3', 'connection_type': '2.5d_emib', 'loc': '2.5d_chiplet'},{'from': 'Chiplet_2', 'to': 'Chiplet_6', 'connection_type': '2.5d_emib', 'loc': '2.5d_chiplet'},{'from': 'Chiplet_2', 'to': 'Chiplet_1', 'connection_type': '2.5d_emib', 'loc': '2.5d_chiplet'},{'from': 'Chiplet_1', 'to': 'Chiplet_2', 'connection_type': '2.5d_emib', 'loc': '2.5d_chiplet'},{'from': 'Chiplet_1', 'to': 'Chiplet_3', 'connection_type': '2.5d_emib', 'loc': '2.5d_chiplet'},{'from': 'Chiplet_1', 'to': 'Chiplet_6', 'connection_type': '2.5d_emib', 'loc': '2.5d_chiplet'},{'from': 'Chiplet_6', 'to': 'Chiplet_2', 'connection_type': '2.5d_emib', 'loc': '2.5d_chiplet'},{'from': 'Chiplet_6', 'to': 'Chiplet_1', 'connection_type': '2.5d_emib', 'loc': '2.5d_chiplet'}",1,1,3,1,1,1,ddr5,aib,na,0,0,ws,0,0,0
330,37.77571401970364,4321078.78,95760.78883626881,227134471.84825876,9235.0,11038.508263026688,330,1.4141952089375351,1.7054115854749998,512,64x64,14,3.665749090547913,5.538366334949999,4096,128x128,10,1.4141952089375351,1.7054115854749998,512,64x64,14,0.957922696,2.51875,1024,96x96,7,6.033899457366197,12.973514847541198,2048,192x192,10,15.436124909546791,15.979573171754398,8192,192x192,14,2.5d,"{'from': 'Chiplet_6', 'to': 'Chiplet_2', 'connection_type': '2.5d_rdl', 'loc': '2.5d_chiplet'},{'from': 'Chiplet_6', 'to': 'Chiplet_5', 'connection_type': '2.5d_rdl', 'loc': '2.5d_chiplet'},{'from': 'Chiplet_5', 'to': 'Chiplet_2', 'connection_type': '2.5d_rdl', 'loc': '2.5d_chiplet'},{'from': 'Chiplet_5', 'to': 'Chiplet_4', 'connection_type': '2.5d_rdl', 'loc': '2.5d_chiplet'},{'from': 'Chiplet_5', 'to': 'Chiplet_6', 'connection_type': '2.5d_rdl', 'loc': '2.5d_chiplet'},{'from': 'Chiplet_5', 'to': 'Chiplet_1', 'connection_type': '2.5d_rdl', 'loc': '2.5d_chiplet'},{'from': 'Chiplet_4', 'to': 'Chiplet_5', 'connection_type': '2.5d_rdl', 'loc': '2.5d_chiplet'},{'from': 'Chiplet_4', 'to': 'Chiplet_1', 'connection_type': '2.5d_rdl', 'loc': '2.5d_chiplet'},{'from': 'Chiplet_2', 'to': 'Chiplet_3', 'connection_type': '2.5d_rdl', 'loc': '2.5d_chiplet'},{'from': 'Chiplet_2', 'to': 'Chiplet_6', 'connection_type': '2.5d_rdl', 'loc': '2.5d_chiplet'},{'from': 'Chiplet_2', 'to': 'Chiplet_5', 'connection_type': '2.5d_rdl', 'loc': '2.5d_chiplet'},{'from': 'Chiplet_2', 'to': 'Chiplet_1', 'connection_type': '2.5d_rdl', 'loc': '2.5d_chiplet'},{'from': 'Chiplet_1', 'to': 'Chiplet_2', 'connection_type': '2.5d_rdl', 'loc': '2.5d_chiplet'},{'from': 'Chiplet_1', 'to': 'Chiplet_5', 'connection_type': '2.5d_rdl', 'loc': '2.5d_chiplet'},{'from': 'Chiplet_1', 'to': 'Chiplet_4', 'connection_type': '2.5d_rdl', 'loc': '2.5d_chiplet'},{'from': 'Chiplet_1', 'to': 'Chiplet_3', 'connection_type': '2.5d_rdl', 'loc': '2.5d_chiplet'},{'from': 'Chiplet_3', 'to': 'Chiplet_2', 'connection_type': '2.5d_rdl', 'loc': '2.5d_chiplet'},{'from': 'Chiplet_3', 'to': 'Chiplet_1', 'connection_type': '2.5d_rdl', 'loc': '2.5d_chiplet'}",1,2,1,1,3,8,hbm2,ucie_std,na,1,0,ws,0,0,0
331,53.648934733735864,5862425.73,122166.47904558788,169532963.89655158,8293.056460369164,11730.78892900761,331,12.799492673176792,15.979573171754398,4096,192x192,14,12.799492673176792,15.979573171754398,4096,192x192,14,3.432469952,10.4826,2048,192x192,7,2.6264880905479133,5.538366334949999,1024,128x128,10,6.975099908490179,6.821646341899999,4096,128x128,14,1.249405813087535,1.7054115854749998,256,64x64,14,2.5d,"{'from': 'Chiplet_1', 'to': 'Chiplet_2', 'connection_type': '2.5d_rdl', 'loc': '2.5d_chiplet'},{'from': 'Chiplet_1', 'to': 'Chiplet_5', 'connection_type': '2.5d_rdl', 'loc': '2.5d_chiplet'},{'from': 'Chiplet_5', 'to': 'Chiplet_3', 'connection_type': '2.5d_rdl', 'loc': '2.5d_chiplet'},{'from': 'Chiplet_5', 'to': 'Chiplet_1', 'connection_type': '2.5d_rdl', 'loc': '2.5d_chiplet'},{'from': 'Chiplet_2', 'to': 'Chiplet_3', 'connection_type': '2.5d_rdl', 'loc': '2.5d_chiplet'},{'from': 'Chiplet_2', 'to': 'Chiplet_4', 'connection_type': '2.5d_rdl', 'loc': '2.5d_chiplet'},{'from': 'Chiplet_2', 'to': 'Chiplet_1', 'connection_type': '2.5d_rdl', 'loc': '2.5d_chiplet'},{'from': 'Chiplet_3', 'to': 'Chiplet_2', 'connection_type': '2.5d_rdl', 'loc': '2.5d_chiplet'},{'from': 'Chiplet_3', 'to': 'Chiplet_5', 'connection_type': '2.5d_rdl', 'loc': '2.5d_chiplet'},{'from': 'Chiplet_3', 'to': 'Chiplet_4', 'connection_type': '2.5d_rdl', 'loc': '2.5d_chiplet'},{'from': 'Chiplet_3', 'to': 'Chiplet_6', 'connection_type': '2.5d_rdl', 'loc': '2.5d_chiplet'},{'from': 'Chiplet_4', 'to': 'Chiplet_2', 'connection_type': '2.5d_rdl', 'loc': '2.5d_chiplet'},{'from': 'Chiplet_4', 'to': 'Chiplet_3', 'connection_type': '2.5d_rdl', 'loc': '2.5d_chiplet'},{'from': 'Chiplet_4', 'to': 'Chiplet_6', 'connection_type': '2.5d_rdl', 'loc': '2.5d_chiplet'},{'from': 'Chiplet_6', 'to': 'Chiplet_3', 'connection_type': '2.5d_rdl', 'loc': '2.5d_chiplet'},{'from': 'Chiplet_6', 'to': 'Chiplet_4', 'connection_type': '2.5d_rdl', 'loc': '2.5d_chiplet'}",5,5,1,1,3,1,hbm3,ucie_std,na,0,0,is,0,0,0
332,22.48776851887129,3199764.68,130336.3586503138,386502000.23295665,35000.58963414428,31707.193843649737,332,1.8849981800824636,3.1172648505374996,2048,96x96,10,0.378988,1.11875,256,64x64,7,6.033899457366197,12.973514847541198,2048,192x192,10,0.957922696,2.51875,1024,96x96,7,6.033899457366197,12.973514847541198,2048,192x192,10,3.665749090547913,5.538366334949999,4096,128x128,10,2.5d_3d,"{'from': 'Chiplet_1', 'to': 'Chiplet_4', 'connection_type': '3d_u_bump', 'loc': 'stack0_base'},{'from': 'Chiplet_4', 'to': 'Chiplet_2', 'connection_type': '3d_u_bump', 'loc': 'stack0_middle1'},{'from': 'Chiplet_2', 'to': 'na', 'connection_type': '3d_u_bump', 'loc': 'stack0_top'},{'from': 'Chiplet_3', 'to': 'Chiplet_5', 'connection_type': '2.5d_emib', 'loc': '2.5d_chiplet'},{'from': 'Chiplet_3', 'to': 'Chiplet_6', 'connection_type': '2.5d_emib', 'loc': '2.5d_chiplet'},{'from': 'Chiplet_6', 'to': 'Chiplet_3', 'connection_type': '2.5d_emib', 'loc': '2.5d_chiplet'},{'from': 'Chiplet_6', 'to': 'Chiplet_1', 'connection_type': '2.5d_emib', 'loc': '2.5d_chiplet'},{'from': 'Chiplet_5', 'to': 'Chiplet_3', 'connection_type': '2.5d_emib', 'loc': '2.5d_chiplet'},{'from': 'Chiplet_5', 'to': 'Chiplet_1', 'connection_type': '2.5d_emib', 'loc': '2.5d_chiplet'},{'from': 'Chiplet_1', 'to': 'Chiplet_5', 'connection_type': '2.5d_emib', 'loc': '2.5d_chiplet'},{'from': 'Chiplet_1', 'to': 'Chiplet_6', 'connection_type': '2.5d_emib', 'loc': '2.5d_chiplet'}",1,1,2,1,2,1,ddr4,aib,ucie_3d,1,0,ws,1,0,0
333,48.77238009617237,5119872.03,106693.46711896671,172756094.80277896,99299.1279130565,85558.51892258915,333,3.432469952,10.4826,2048,192x192,7,5.656782838920179,6.821646341899999,2048,128x128,14,6.975099908490179,6.821646341899999,4096,128x128,14,0.957922696,2.51875,1024,96x96,7,0.957922696,2.51875,1024,96x96,7,14.117807839976791,15.979573171754398,6144,192x192,14,2.5d,"{'from': 'Chiplet_6', 'to': 'Chiplet_2', 'connection_type': '2.5d_rdl', 'loc': '2.5d_chiplet'},{'from': 'Chiplet_6', 'to': 'Chiplet_3', 'connection_type': '2.5d_rdl', 'loc': '2.5d_chiplet'},{'from': 'Chiplet_6', 'to': 'Chiplet_4', 'connection_type': '2.5d_rdl', 'loc': '2.5d_chiplet'},{'from': 'Chiplet_6', 'to': 'Chiplet_5', 'connection_type': '2.5d_rdl', 'loc': '2.5d_chiplet'},{'from': 'Chiplet_4', 'to': 'Chiplet_5', 'connection_type': '2.5d_rdl', 'loc': '2.5d_chiplet'},{'from': 'Chiplet_4', 'to': 'Chiplet_6', 'connection_type': '2.5d_rdl', 'loc': '2.5d_chiplet'},{'from': 'Chiplet_5', 'to': 'Chiplet_6', 'connection_type': '2.5d_rdl', 'loc': '2.5d_chiplet'},{'from': 'Chiplet_5', 'to': 'Chiplet_4', 'connection_type': '2.5d_rdl', 'loc': '2.5d_chiplet'},{'from': 'Chiplet_3', 'to': 'Chiplet_2', 'connection_type': '2.5d_rdl', 'loc': '2.5d_chiplet'},{'from': 'Chiplet_3', 'to': 'Chiplet_6', 'connection_type': '2.5d_rdl', 'loc': '2.5d_chiplet'},{'from': 'Chiplet_3', 'to': 'Chiplet_1', 'connection_type': '2.5d_rdl', 'loc': '2.5d_chiplet'},{'from': 'Chiplet_2', 'to': 'Chiplet_3', 'connection_type': '2.5d_rdl', 'loc': '2.5d_chiplet'},{'from': 'Chiplet_2', 'to': 'Chiplet_6', 'connection_type': '2.5d_rdl', 'loc': '2.5d_chiplet'},{'from': 'Chiplet_2', 'to': 'Chiplet_1', 'connection_type': '2.5d_rdl', 'loc': '2.5d_chiplet'},{'from': 'Chiplet_1', 'to': 'Chiplet_2', 'connection_type': '2.5d_rdl', 'loc': '2.5d_chiplet'},{'from': 'Chiplet_1', 'to': 'Chiplet_3', 'connection_type': '2.5d_rdl', 'loc': '2.5d_chiplet'}",1,3,3,1,1,7,hbm2,ucie_std,na,1,0,ws,1,0,0
334,27.324287013635228,4091645.48,84877.0851330204,172169061.06138122,6918.359788359789,7892.782112631763,334,1.51595254,4.475,1024,128x128,7,3.665749090547913,5.538366334949999,4096,128x128,10,12.799492673176792,15.979573171754398,4096,192x192,14,3.665749090547913,5.538366334949999,4096,128x128,10,1.3653681800824635,3.1172648505374996,512,96x96,10,0.957922696,2.51875,1024,96x96,7,2.5d_3d,"{'from': 'Chiplet_2', 'to': 'Chiplet_6', 'connection_type': '3d_u_bump', 'loc': 'stack0_base'},{'from': 'Chiplet_6', 'to': 'na', 'connection_type': '3d_u_bump', 'loc': 'stack0_top'},{'from': 'Chiplet_3', 'to': 'Chiplet_2', 'connection_type': '2.5d_rdl', 'loc': '2.5d_chiplet'},{'from': 'Chiplet_3', 'to': 'Chiplet_4', 'connection_type': '2.5d_rdl', 'loc': '2.5d_chiplet'},{'from': 'Chiplet_2', 'to': 'Chiplet_3', 'connection_type': '2.5d_rdl', 'loc': '2.5d_chiplet'},{'from': 'Chiplet_2', 'to': 'Chiplet_4', 'connection_type': '2.5d_rdl', 'loc': '2.5d_chiplet'},{'from': 'Chiplet_2', 'to': 'Chiplet_1', 'connection_type': '2.5d_rdl', 'loc': '2.5d_chiplet'},{'from': 'Chiplet_1', 'to': 'Chiplet_2', 'connection_type': '2.5d_rdl', 'loc': '2.5d_chiplet'},{'from': 'Chiplet_1', 'to': 'Chiplet_5', 'connection_type': '2.5d_rdl', 'loc': '2.5d_chiplet'},{'from': 'Chiplet_4', 'to': 'Chiplet_2', 'connection_type': '2.5d_rdl', 'loc': '2.5d_chiplet'},{'from': 'Chiplet_4', 'to': 'Chiplet_3', 'connection_type': '2.5d_rdl', 'loc': '2.5d_chiplet'},{'from': 'Chiplet_4', 'to': 'Chiplet_5', 'connection_type': '2.5d_rdl', 'loc': '2.5d_chiplet'},{'from': 'Chiplet_5', 'to': 'Chiplet_4', 'connection_type': '2.5d_rdl', 'loc': '2.5d_chiplet'},{'from': 'Chiplet_5', 'to': 'Chiplet_1', 'connection_type': '2.5d_rdl', 'loc': '2.5d_chiplet'}",1,2,9,2,1,1,hbm3,ucie_std,ucie_3d,1,0,os,0,0,0
335,15.346913013763961,1796581.18,121356.63077874116,720640842.5496892,23199.379084967317,20123.441849532428,335,0.46559300000000003,1.11875,512,64x64,7,3.665749090547913,5.538366334949999,4096,128x128,10,1.578984604787535,1.7054115854749998,768,64x64,14,1.131132696,2.51875,1536,96x96,7,0.916436759447044,1.3845915837374998,1024,64x64,10,2.597993382379395,3.8395579270749995,512,96x96,14,2.5d_3d,"{'from': 'Chiplet_3', 'to': 'Chiplet_5', 'connection_type': '3d_hyb_bond', 'loc': 'stack0_base'},{'from': 'Chiplet_5', 'to': 'na', 'connection_type': '3d_hyb_bond', 'loc': 'stack0_top'},{'from': 'Chiplet_2', 'to': 'Chiplet_3', 'connection_type': '2.5d_emib', 'loc': '2.5d_chiplet'},{'from': 'Chiplet_2', 'to': 'Chiplet_6', 'connection_type': '2.5d_emib', 'loc': '2.5d_chiplet'},{'from': 'Chiplet_2', 'to': 'Chiplet_4', 'connection_type': '2.5d_emib', 'loc': '2.5d_chiplet'},{'from': 'Chiplet_4', 'to': 'Chiplet_2', 'connection_type': '2.5d_emib', 'loc': '2.5d_chiplet'},{'from': 'Chiplet_4', 'to': 'Chiplet_3', 'connection_type': '2.5d_emib', 'loc': '2.5d_chiplet'},{'from': 'Chiplet_6', 'to': 'Chiplet_2', 'connection_type': '2.5d_emib', 'loc': '2.5d_chiplet'},{'from': 'Chiplet_6', 'to': 'Chiplet_3', 'connection_type': '2.5d_emib', 'loc': '2.5d_chiplet'},{'from': 'Chiplet_6', 'to': 'Chiplet_1', 'connection_type': '2.5d_emib', 'loc': '2.5d_chiplet'},{'from': 'Chiplet_3', 'to': 'Chiplet_2', 'connection_type': '2.5d_emib', 'loc': '2.5d_chiplet'},{'from': 'Chiplet_3', 'to': 'Chiplet_6', 'connection_type': '2.5d_emib', 'loc': '2.5d_chiplet'},{'from': 'Chiplet_3', 'to': 'Chiplet_4', 'connection_type': '2.5d_emib', 'loc': '2.5d_chiplet'},{'from': 'Chiplet_3', 'to': 'Chiplet_1', 'connection_type': '2.5d_emib', 'loc': '2.5d_chiplet'},{'from': 'Chiplet_1', 'to': 'Chiplet_3', 'connection_type': '2.5d_emib', 'loc': '2.5d_chiplet'},{'from': 'Chiplet_1', 'to': 'Chiplet_6', 'connection_type': '2.5d_emib', 'loc': '2.5d_chiplet'}",1,2,1,1,1,2,ddr4,bow,ucie_3d,1,0,is,0,0,0
336,18.07696497226453,3235914.99,109135.67628583469,151008041.33956513,11578.092783505155,8858.335483308258,336,1.8849981800824636,3.1172648505374996,2048,96x96,10,6.975099908490179,6.821646341899999,4096,128x128,14,4.1253109519999995,10.4826,4096,192x192,7,1.5385781800824634,3.1172648505374996,1024,96x96,10,0.957922696,2.51875,1024,96x96,7,0.957922696,2.51875,1024,96x96,7,2.5d_3d,"{'from': 'Chiplet_3', 'to': 'Chiplet_4', 'connection_type': '3d_u_bump', 'loc': 'stack0_base'},{'from': 'Chiplet_4', 'to': 'Chiplet_5', 'connection_type': '3d_u_bump', 'loc': 'stack0_middle1'},{'from': 'Chiplet_5', 'to': 'Chiplet_6', 'connection_type': '3d_u_bump', 'loc': 'stack0_middle2'},{'from': 'Chiplet_6', 'to': 'na', 'connection_type': '3d_u_bump', 'loc': 'stack0_top'},{'from': 'Chiplet_2', 'to': 'Chiplet_3', 'connection_type': '2.5d_emib', 'loc': '2.5d_chiplet'},{'from': 'Chiplet_2', 'to': 'Chiplet_1', 'connection_type': '2.5d_emib', 'loc': '2.5d_chiplet'},{'from': 'Chiplet_3', 'to': 'Chiplet_2', 'connection_type': '2.5d_emib', 'loc': '2.5d_chiplet'},{'from': 'Chiplet_3', 'to': 'Chiplet_1', 'connection_type': '2.5d_emib', 'loc': '2.5d_chiplet'},{'from': 'Chiplet_1', 'to': 'Chiplet_2', 'connection_type': '2.5d_emib', 'loc': '2.5d_chiplet'},{'from': 'Chiplet_1', 'to': 'Chiplet_3', 'connection_type': '2.5d_emib', 'loc': '2.5d_chiplet'}",2,7,4,1,1,1,hbm3,ucie_adv,ucie_3d,1,0,ws,0,0,0
337,25.55360739322187,2682014.99,56173.48303026621,131237545.41314608,8100.462000462,6429.497421860214,337,6.033899457366197,12.973514847541198,2048,192x192,10,0.784712696,2.51875,512,96x96,7,1.578984604787535,1.7054115854749998,768,64x64,14,3.3193280905479132,5.538366334949999,3072,128x128,10,1.8849981800824636,3.1172648505374996,2048,96x96,10,0.378988,1.11875,256,64x64,7,2.5d,"{'from': 'Chiplet_1', 'to': 'Chiplet_2', 'connection_type': '2.5d_rdl', 'loc': '2.5d_chiplet'},{'from': 'Chiplet_1', 'to': 'Chiplet_4', 'connection_type': '2.5d_rdl', 'loc': '2.5d_chiplet'},{'from': 'Chiplet_2', 'to': 'Chiplet_4', 'connection_type': '2.5d_rdl', 'loc': '2.5d_chiplet'},{'from': 'Chiplet_2', 'to': 'Chiplet_1', 'connection_type': '2.5d_rdl', 'loc': '2.5d_chiplet'},{'from': 'Chiplet_4', 'to': 'Chiplet_2', 'connection_type': '2.5d_rdl', 'loc': '2.5d_chiplet'},{'from': 'Chiplet_4', 'to': 'Chiplet_5', 'connection_type': '2.5d_rdl', 'loc': '2.5d_chiplet'},{'from': 'Chiplet_4', 'to': 'Chiplet_6', 'connection_type': '2.5d_rdl', 'loc': '2.5d_chiplet'},{'from': 'Chiplet_4', 'to': 'Chiplet_3', 'connection_type': '2.5d_rdl', 'loc': '2.5d_chiplet'},{'from': 'Chiplet_4', 'to': 'Chiplet_1', 'connection_type': '2.5d_rdl', 'loc': '2.5d_chiplet'},{'from': 'Chiplet_6', 'to': 'Chiplet_3', 'connection_type': '2.5d_rdl', 'loc': '2.5d_chiplet'},{'from': 'Chiplet_6', 'to': 'Chiplet_4', 'connection_type': '2.5d_rdl', 'loc': '2.5d_chiplet'},{'from': 'Chiplet_5', 'to': 'Chiplet_3', 'connection_type': '2.5d_rdl', 'loc': '2.5d_chiplet'},{'from': 'Chiplet_5', 'to': 'Chiplet_4', 'connection_type': '2.5d_rdl', 'loc': '2.5d_chiplet'},{'from': 'Chiplet_3', 'to': 'Chiplet_5', 'connection_type': '2.5d_rdl', 'loc': '2.5d_chiplet'},{'from': 'Chiplet_3', 'to': 'Chiplet_4', 'connection_type': '2.5d_rdl', 'loc': '2.5d_chiplet'},{'from': 'Chiplet_3', 'to': 'Chiplet_6', 'connection_type': '2.5d_rdl', 'loc': '2.5d_chiplet'}",7,1,2,3,2,1,hbm3,ucie_std,na,0,0,os,0,0,0
338,26.218987240441535,3090764.7,78820.72217130105,308490455.6500384,35555.44081267616,24657.201159475942,338,12.799492673176792,15.979573171754398,4096,192x192,14,1.131132696,2.51875,1536,96x96,7,2.55521354,4.475,4096,128x128,7,0.638803,1.11875,1024,64x64,7,0.378988,1.11875,256,64x64,7,3.2571509657793953,3.8395579270749995,1536,96x96,14,2.5d_3d,"{'from': 'Chiplet_6', 'to': 'Chiplet_2', 'connection_type': '3d_u_bump', 'loc': 'stack0_base'},{'from': 'Chiplet_2', 'to': 'Chiplet_4', 'connection_type': '3d_u_bump', 'loc': 'stack0_middle1'},{'from': 'Chiplet_4', 'to': 'Chiplet_5', 'connection_type': '3d_u_bump', 'loc': 'stack0_middle2'},{'from': 'Chiplet_5', 'to': 'na', 'connection_type': '3d_u_bump', 'loc': 'stack0_top'},{'from': 'Chiplet_1', 'to': 'Chiplet_3', 'connection_type': '2.5d_rdl', 'loc': '2.5d_chiplet'},{'from': 'Chiplet_1', 'to': 'Chiplet_6', 'connection_type': '2.5d_rdl', 'loc': '2.5d_chiplet'},{'from': 'Chiplet_6', 'to': 'Chiplet_3', 'connection_type': '2.5d_rdl', 'loc': '2.5d_chiplet'},{'from': 'Chiplet_6', 'to': 'Chiplet_1', 'connection_type': '2.5d_rdl', 'loc': '2.5d_chiplet'},{'from': 'Chiplet_3', 'to': 'Chiplet_6', 'connection_type': '2.5d_rdl', 'loc': '2.5d_chiplet'},{'from': 'Chiplet_3', 'to': 'Chiplet_1', 'connection_type': '2.5d_rdl', 'loc': '2.5d_chiplet'}",3,1,1,1,1,1,ddr5,ucie_std,ucie_3d,1,0,ws,1,0,0
339,21.4051759009178,3073950.94,167853.68104722406,152727529.0850315,45963.86411310877,26842.606328288875,339,0.829831759447044,1.3845915837374998,768,64x64,10,0.957922696,2.51875,1024,96x96,7,4.9976252555201786,6.821646341899999,1024,128x128,14,4.818150952,10.4826,6144,192x192,7,1.4141952089375351,1.7054115854749998,512,64x64,14,3.665749090547913,5.538366334949999,4096,128x128,10,2.5d,"{'from': 'Chiplet_3', 'to': 'Chiplet_2', 'connection_type': '2.5d_emib', 'loc': '2.5d_chiplet'},{'from': 'Chiplet_3', 'to': 'Chiplet_5', 'connection_type': '2.5d_emib', 'loc': '2.5d_chiplet'},{'from': 'Chiplet_3', 'to': 'Chiplet_4', 'connection_type': '2.5d_emib', 'loc': '2.5d_chiplet'},{'from': 'Chiplet_5', 'to': 'Chiplet_2', 'connection_type': '2.5d_emib', 'loc': '2.5d_chiplet'},{'from': 'Chiplet_5', 'to': 'Chiplet_3', 'connection_type': '2.5d_emib', 'loc': '2.5d_chiplet'},{'from': 'Chiplet_5', 'to': 'Chiplet_1', 'connection_type': '2.5d_emib', 'loc': '2.5d_chiplet'},{'from': 'Chiplet_2', 'to': 'Chiplet_5', 'connection_type': '2.5d_emib', 'loc': '2.5d_chiplet'},{'from': 'Chiplet_2', 'to': 'Chiplet_6', 'connection_type': '2.5d_emib', 'loc': '2.5d_chiplet'},{'from': 'Chiplet_2', 'to': 'Chiplet_1', 'connection_type': '2.5d_emib', 'loc': '2.5d_chiplet'},{'from': 'Chiplet_2', 'to': 'Chiplet_3', 'connection_type': '2.5d_emib', 'loc': '2.5d_chiplet'},{'from': 'Chiplet_1', 'to': 'Chiplet_2', 'connection_type': '2.5d_emib', 'loc': '2.5d_chiplet'},{'from': 'Chiplet_1', 'to': 'Chiplet_5', 'connection_type': '2.5d_emib', 'loc': '2.5d_chiplet'},{'from': 'Chiplet_4', 'to': 'Chiplet_3', 'connection_type': '2.5d_emib', 'loc': '2.5d_chiplet'},{'from': 'Chiplet_4', 'to': 'Chiplet_6', 'connection_type': '2.5d_emib', 'loc': '2.5d_chiplet'},{'from': 'Chiplet_6', 'to': 'Chiplet_2', 'connection_type': '2.5d_emib', 'loc': '2.5d_chiplet'},{'from': 'Chiplet_6', 'to': 'Chiplet_4', 'connection_type': '2.5d_emib', 'loc': '2.5d_chiplet'}",1,1,5,5,1,3,hbm2,ucie_adv,na,1,0,ws,1,0,0
340,48.56991134291503,5252884.38,193438.23019848805,179560171.64860708,23472.054428433297,23078.239894900486,340,1.86237254,4.475,2048,128x128,7,12.799492673176792,15.979573171754398,4096,192x192,14,1.51595254,4.475,1024,128x128,7,7.419580457366196,12.973514847541198,6144,192x192,10,0.378988,1.11875,256,64x64,7,5.656782838920179,6.821646341899999,2048,128x128,14,2.5d,"{'from': 'Chiplet_2', 'to': 'Chiplet_6', 'connection_type': '2.5d_emib', 'loc': '2.5d_chiplet'},{'from': 'Chiplet_2', 'to': 'Chiplet_4', 'connection_type': '2.5d_emib', 'loc': '2.5d_chiplet'},{'from': 'Chiplet_2', 'to': 'Chiplet_1', 'connection_type': '2.5d_emib', 'loc': '2.5d_chiplet'},{'from': 'Chiplet_1', 'to': 'Chiplet_2', 'connection_type': '2.5d_emib', 'loc': '2.5d_chiplet'},{'from': 'Chiplet_1', 'to': 'Chiplet_6', 'connection_type': '2.5d_emib', 'loc': '2.5d_chiplet'},{'from': 'Chiplet_4', 'to': 'Chiplet_2', 'connection_type': '2.5d_emib', 'loc': '2.5d_chiplet'},{'from': 'Chiplet_4', 'to': 'Chiplet_3', 'connection_type': '2.5d_emib', 'loc': '2.5d_chiplet'},{'from': 'Chiplet_4', 'to': 'Chiplet_6', 'connection_type': '2.5d_emib', 'loc': '2.5d_chiplet'},{'from': 'Chiplet_6', 'to': 'Chiplet_4', 'connection_type': '2.5d_emib', 'loc': '2.5d_chiplet'},{'from': 'Chiplet_6', 'to': 'Chiplet_2', 'connection_type': '2.5d_emib', 'loc': '2.5d_chiplet'},{'from': 'Chiplet_6', 'to': 'Chiplet_5', 'connection_type': '2.5d_emib', 'loc': '2.5d_chiplet'},{'from': 'Chiplet_6', 'to': 'Chiplet_3', 'connection_type': '2.5d_emib', 'loc': '2.5d_chiplet'},{'from': 'Chiplet_6', 'to': 'Chiplet_1', 'connection_type': '2.5d_emib', 'loc': '2.5d_chiplet'},{'from': 'Chiplet_3', 'to': 'Chiplet_4', 'connection_type': '2.5d_emib', 'loc': '2.5d_chiplet'},{'from': 'Chiplet_3', 'to': 'Chiplet_6', 'connection_type': '2.5d_emib', 'loc': '2.5d_chiplet'},{'from': 'Chiplet_3', 'to': 'Chiplet_5', 'connection_type': '2.5d_emib', 'loc': '2.5d_chiplet'},{'from': 'Chiplet_5', 'to': 'Chiplet_3', 'connection_type': '2.5d_emib', 'loc': '2.5d_chiplet'},{'from': 'Chiplet_5', 'to': 'Chiplet_6', 'connection_type': '2.5d_emib', 'loc': '2.5d_chiplet'}",1,6,1,4,1,3,hbm2,bow,na,0,0,os,1,0,0
341,47.25034573641267,5161063.53,105239.72703366567,153586773.71610555,4758.96205651906,6928.64943577369,341,2.597993382379395,3.8395579270749995,512,96x96,14,2.6264880905479133,5.538366334949999,1024,128x128,10,5.5109919519999995,10.4826,8192,192x192,7,2.972908090547913,5.538366334949999,2048,128x128,10,12.799492673176792,15.979573171754398,4096,192x192,14,2.6264880905479133,5.538366334949999,1024,128x128,10,2.5d,"{'from': 'Chiplet_5', 'to': 'Chiplet_3', 'connection_type': '2.5d_rdl', 'loc': '2.5d_chiplet'},{'from': 'Chiplet_5', 'to': 'Chiplet_1', 'connection_type': '2.5d_rdl', 'loc': '2.5d_chiplet'},{'from': 'Chiplet_1', 'to': 'Chiplet_3', 'connection_type': '2.5d_rdl', 'loc': '2.5d_chiplet'},{'from': 'Chiplet_1', 'to': 'Chiplet_4', 'connection_type': '2.5d_rdl', 'loc': '2.5d_chiplet'},{'from': 'Chiplet_1', 'to': 'Chiplet_5', 'connection_type': '2.5d_rdl', 'loc': '2.5d_chiplet'},{'from': 'Chiplet_3', 'to': 'Chiplet_4', 'connection_type': '2.5d_rdl', 'loc': '2.5d_chiplet'},{'from': 'Chiplet_3', 'to': 'Chiplet_2', 'connection_type': '2.5d_rdl', 'loc': '2.5d_chiplet'},{'from': 'Chiplet_3', 'to': 'Chiplet_5', 'connection_type': '2.5d_rdl', 'loc': '2.5d_chiplet'},{'from': 'Chiplet_3', 'to': 'Chiplet_6', 'connection_type': '2.5d_rdl', 'loc': '2.5d_chiplet'},{'from': 'Chiplet_3', 'to': 'Chiplet_1', 'connection_type': '2.5d_rdl', 'loc': '2.5d_chiplet'},{'from': 'Chiplet_6', 'to': 'Chiplet_2', 'connection_type': '2.5d_rdl', 'loc': '2.5d_chiplet'},{'from': 'Chiplet_6', 'to': 'Chiplet_3', 'connection_type': '2.5d_rdl', 'loc': '2.5d_chiplet'},{'from': 'Chiplet_4', 'to': 'Chiplet_2', 'connection_type': '2.5d_rdl', 'loc': '2.5d_chiplet'},{'from': 'Chiplet_4', 'to': 'Chiplet_3', 'connection_type': '2.5d_rdl', 'loc': '2.5d_chiplet'},{'from': 'Chiplet_4', 'to': 'Chiplet_1', 'connection_type': '2.5d_rdl', 'loc': '2.5d_chiplet'},{'from': 'Chiplet_2', 'to': 'Chiplet_3', 'connection_type': '2.5d_rdl', 'loc': '2.5d_chiplet'},{'from': 'Chiplet_2', 'to': 'Chiplet_4', 'connection_type': '2.5d_rdl', 'loc': '2.5d_chiplet'},{'from': 'Chiplet_2', 'to': 'Chiplet_6', 'connection_type': '2.5d_rdl', 'loc': '2.5d_chiplet'}",1,2,3,2,7,1,hbm3,ucie_std,na,1,0,os,0,0,0
342,19.74855432291205,3899848.7,144447.69848734603,626177289.1849831,7678.943355119825,17028.812965535348,342,6.975099908490179,6.821646341899999,4096,128x128,14,2.972908090547913,5.538366334949999,2048,128x128,10,5.5109919519999995,10.4826,8192,192x192,7,2.597993382379395,3.8395579270749995,512,96x96,14,6.975099908490179,6.821646341899999,4096,128x128,14,2.972908090547913,5.538366334949999,2048,128x128,10,2.5d_3d,"{'from': 'Chiplet_1', 'to': 'Chiplet_5', 'connection_type': '3d_hyb_bond', 'loc': 'stack0_base'},{'from': 'Chiplet_5', 'to': 'Chiplet_6', 'connection_type': '3d_hyb_bond', 'loc': 'stack0_middle1'},{'from': 'Chiplet_6', 'to': 'Chiplet_4', 'connection_type': '3d_hyb_bond', 'loc': 'stack0_middle2'},{'from': 'Chiplet_4', 'to': 'na', 'connection_type': '3d_hyb_bond', 'loc': 'stack0_top'},{'from': 'Chiplet_1', 'to': 'Chiplet_2', 'connection_type': '2.5d_emib', 'loc': '2.5d_chiplet'},{'from': 'Chiplet_1', 'to': 'Chiplet_3', 'connection_type': '2.5d_emib', 'loc': '2.5d_chiplet'},{'from': 'Chiplet_3', 'to': 'Chiplet_2', 'connection_type': '2.5d_emib', 'loc': '2.5d_chiplet'},{'from': 'Chiplet_3', 'to': 'Chiplet_1', 'connection_type': '2.5d_emib', 'loc': '2.5d_chiplet'},{'from': 'Chiplet_2', 'to': 'Chiplet_3', 'connection_type': '2.5d_emib', 'loc': '2.5d_chiplet'},{'from': 'Chiplet_2', 'to': 'Chiplet_1', 'connection_type': '2.5d_emib', 'loc': '2.5d_chiplet'}",2,1,1,1,2,1,ddr4,bow,ucie_3d,0,0,os,0,0,0
343,45.98840880674696,4687224.21,200492.47647364947,610832124.5319638,12515.78431372549,22479.163852394355,343,2.972908090547913,5.538366334949999,2048,128x128,10,14.117807839976791,15.979573171754398,6144,192x192,14,7.419580457366196,12.973514847541198,6144,192x192,10,0.957922696,2.51875,1024,96x96,7,4.1253109519999995,10.4826,4096,192x192,7,0.743226759447044,1.3845915837374998,512,64x64,10,2.5d,"{'from': 'Chiplet_2', 'to': 'Chiplet_3', 'connection_type': '2.5d_emib', 'loc': '2.5d_chiplet'},{'from': 'Chiplet_2', 'to': 'Chiplet_4', 'connection_type': '2.5d_emib', 'loc': '2.5d_chiplet'},{'from': 'Chiplet_2', 'to': 'Chiplet_5', 'connection_type': '2.5d_emib', 'loc': '2.5d_chiplet'},{'from': 'Chiplet_4', 'to': 'Chiplet_2', 'connection_type': '2.5d_emib', 'loc': '2.5d_chiplet'},{'from': 'Chiplet_4', 'to': 'Chiplet_5', 'connection_type': '2.5d_emib', 'loc': '2.5d_chiplet'},{'from': 'Chiplet_3', 'to': 'Chiplet_2', 'connection_type': '2.5d_emib', 'loc': '2.5d_chiplet'},{'from': 'Chiplet_3', 'to': 'Chiplet_5', 'connection_type': '2.5d_emib', 'loc': '2.5d_chiplet'},{'from': 'Chiplet_3', 'to': 'Chiplet_1', 'connection_type': '2.5d_emib', 'loc': '2.5d_chiplet'},{'from': 'Chiplet_5', 'to': 'Chiplet_4', 'connection_type': '2.5d_emib', 'loc': '2.5d_chiplet'},{'from': 'Chiplet_5', 'to': 'Chiplet_2', 'connection_type': '2.5d_emib', 'loc': '2.5d_chiplet'},{'from': 'Chiplet_5', 'to': 'Chiplet_6', 'connection_type': '2.5d_emib', 'loc': '2.5d_chiplet'},{'from': 'Chiplet_5', 'to': 'Chiplet_3', 'connection_type': '2.5d_emib', 'loc': '2.5d_chiplet'},{'from': 'Chiplet_5', 'to': 'Chiplet_1', 'connection_type': '2.5d_emib', 'loc': '2.5d_chiplet'},{'from': 'Chiplet_1', 'to': 'Chiplet_5', 'connection_type': '2.5d_emib', 'loc': '2.5d_chiplet'},{'from': 'Chiplet_1', 'to': 'Chiplet_6', 'connection_type': '2.5d_emib', 'loc': '2.5d_chiplet'},{'from': 'Chiplet_1', 'to': 'Chiplet_3', 'connection_type': '2.5d_emib', 'loc': '2.5d_chiplet'},{'from': 'Chiplet_6', 'to': 'Chiplet_5', 'connection_type': '2.5d_emib', 'loc': '2.5d_chiplet'},{'from': 'Chiplet_6', 'to': 'Chiplet_1', 'connection_type': '2.5d_emib', 'loc': '2.5d_chiplet'}",1,3,1,1,1,1,ddr4,aib,na,1,0,is,0,0,0
344,5.510991952,2955505.33,139433.19199096103,311136034.38562036,8686.596959899418,10961.239249031678,344,3.432469952,10.4826,2048,192x192,7,0.957922696,2.51875,1024,96x96,7,5.5109919519999995,10.4826,8192,192x192,7,4.9976252555201786,6.821646341899999,1024,128x128,14,0.552198,1.11875,768,64x64,7,0.743226759447044,1.3845915837374998,512,64x64,10,3d,"{'from': 'Chiplet_3', 'to': 'Chiplet_4', 'connection_type': '3d_u_bump', 'loc': 'stack0_base'},{'from': 'Chiplet_4', 'to': 'Chiplet_1', 'connection_type': '3d_u_bump', 'loc': 'stack0_middle1'},{'from': 'Chiplet_1', 'to': 'Chiplet_2', 'connection_type': '3d_u_bump', 'loc': 'stack0_middle2'},{'from': 'Chiplet_2', 'to': 'Chiplet_6', 'connection_type': '3d_u_bump', 'loc': 'stack0_middle3'},{'from': 'Chiplet_6', 'to': 'Chiplet_5', 'connection_type': '3d_u_bump', 'loc': 'stack0_middle4'},{'from': 'Chiplet_5', 'to': 'na', 'connection_type': '3d_u_bump', 'loc': 'stack0_top'}",1,1,2,2,1,1,ddr5,na,ucie_3d,1,0,ws,1,0,0
345,26.247026357425153,2588435.02,162495.1932496278,587120827.0054574,12792.792792792792,17368.104409303574,345,6.033899457366197,12.973514847541198,2048,192x192,10,6.975099908490179,6.821646341899999,4096,128x128,14,1.5385781800824634,3.1172648505374996,1024,96x96,10,0.46559300000000003,1.11875,512,64x64,7,0.829831759447044,1.3845915837374998,768,64x64,10,1.304342696,2.51875,2048,96x96,7,2.5d,"{'from': 'Chiplet_2', 'to': 'Chiplet_4', 'connection_type': '2.5d_emib', 'loc': '2.5d_chiplet'},{'from': 'Chiplet_2', 'to': 'Chiplet_3', 'connection_type': '2.5d_emib', 'loc': '2.5d_chiplet'},{'from': 'Chiplet_2', 'to': 'Chiplet_6', 'connection_type': '2.5d_emib', 'loc': '2.5d_chiplet'},{'from': 'Chiplet_2', 'to': 'Chiplet_1', 'connection_type': '2.5d_emib', 'loc': '2.5d_chiplet'},{'from': 'Chiplet_6', 'to': 'Chiplet_2', 'connection_type': '2.5d_emib', 'loc': '2.5d_chiplet'},{'from': 'Chiplet_6', 'to': 'Chiplet_4', 'connection_type': '2.5d_emib', 'loc': '2.5d_chiplet'},{'from': 'Chiplet_4', 'to': 'Chiplet_2', 'connection_type': '2.5d_emib', 'loc': '2.5d_chiplet'},{'from': 'Chiplet_4', 'to': 'Chiplet_6', 'connection_type': '2.5d_emib', 'loc': '2.5d_chiplet'},{'from': 'Chiplet_1', 'to': 'Chiplet_2', 'connection_type': '2.5d_emib', 'loc': '2.5d_chiplet'},{'from': 'Chiplet_1', 'to': 'Chiplet_3', 'connection_type': '2.5d_emib', 'loc': '2.5d_chiplet'},{'from': 'Chiplet_1', 'to': 'Chiplet_5', 'connection_type': '2.5d_emib', 'loc': '2.5d_chiplet'},{'from': 'Chiplet_3', 'to': 'Chiplet_2', 'connection_type': '2.5d_emib', 'loc': '2.5d_chiplet'},{'from': 'Chiplet_3', 'to': 'Chiplet_5', 'connection_type': '2.5d_emib', 'loc': '2.5d_chiplet'},{'from': 'Chiplet_3', 'to': 'Chiplet_1', 'connection_type': '2.5d_emib', 'loc': '2.5d_chiplet'},{'from': 'Chiplet_5', 'to': 'Chiplet_3', 'connection_type': '2.5d_emib', 'loc': '2.5d_chiplet'},{'from': 'Chiplet_5', 'to': 'Chiplet_1', 'connection_type': '2.5d_emib', 'loc': '2.5d_chiplet'}",2,2,1,1,1,1,ddr4,ucie_adv,na,0,0,ws,0,0,0
346,41.29891958751059,4998654.43,191323.1992320283,152922239.07617363,34706.5041023751,31188.25165668438,346,1.578984604787535,1.7054115854749998,768,64x64,14,1.86237254,4.475,2048,128x128,7,3.665749090547913,5.538366334949999,4096,128x128,10,6.726740457366197,12.973514847541198,4096,192x192,10,8.112421457366196,12.973514847541198,8192,192x192,10,5.656782838920179,6.821646341899999,2048,128x128,14,2.5d,"{'from': 'Chiplet_5', 'to': 'Chiplet_2', 'connection_type': '2.5d_emib', 'loc': '2.5d_chiplet'},{'from': 'Chiplet_5', 'to': 'Chiplet_6', 'connection_type': '2.5d_emib', 'loc': '2.5d_chiplet'},{'from': 'Chiplet_5', 'to': 'Chiplet_4', 'connection_type': '2.5d_emib', 'loc': '2.5d_chiplet'},{'from': 'Chiplet_5', 'to': 'Chiplet_3', 'connection_type': '2.5d_emib', 'loc': '2.5d_chiplet'},{'from': 'Chiplet_3', 'to': 'Chiplet_2', 'connection_type': '2.5d_emib', 'loc': '2.5d_chiplet'},{'from': 'Chiplet_3', 'to': 'Chiplet_5', 'connection_type': '2.5d_emib', 'loc': '2.5d_chiplet'},{'from': 'Chiplet_2', 'to': 'Chiplet_3', 'connection_type': '2.5d_emib', 'loc': '2.5d_chiplet'},{'from': 'Chiplet_2', 'to': 'Chiplet_5', 'connection_type': '2.5d_emib', 'loc': '2.5d_chiplet'},{'from': 'Chiplet_4', 'to': 'Chiplet_5', 'connection_type': '2.5d_emib', 'loc': '2.5d_chiplet'},{'from': 'Chiplet_4', 'to': 'Chiplet_6', 'connection_type': '2.5d_emib', 'loc': '2.5d_chiplet'},{'from': 'Chiplet_4', 'to': 'Chiplet_1', 'connection_type': '2.5d_emib', 'loc': '2.5d_chiplet'},{'from': 'Chiplet_6', 'to': 'Chiplet_5', 'connection_type': '2.5d_emib', 'loc': '2.5d_chiplet'},{'from': 'Chiplet_6', 'to': 'Chiplet_4', 'connection_type': '2.5d_emib', 'loc': '2.5d_chiplet'},{'from': 'Chiplet_6', 'to': 'Chiplet_1', 'connection_type': '2.5d_emib', 'loc': '2.5d_chiplet'},{'from': 'Chiplet_1', 'to': 'Chiplet_4', 'connection_type': '2.5d_emib', 'loc': '2.5d_chiplet'},{'from': 'Chiplet_1', 'to': 'Chiplet_6', 'connection_type': '2.5d_emib', 'loc': '2.5d_chiplet'}",1,1,2,4,5,3,hbm3,aib,na,1,0,is,1,0,0
347,25.96542183872768,3282193.12,72357.24021456212,202337930.49928463,12361.666666666668,9783.989907130199,347,1.86237254,4.475,2048,128x128,7,2.927572174079395,3.8395579270749995,1024,96x96,14,5.5109919519999995,10.4826,8192,192x192,7,1.578984604787535,1.7054115854749998,768,64x64,14,2.20879254,4.475,3072,128x128,7,1.578984604787535,1.7054115854749998,768,64x64,14,2.5d,"{'from': 'Chiplet_3', 'to': 'Chiplet_2', 'connection_type': '2.5d_rdl', 'loc': '2.5d_chiplet'},{'from': 'Chiplet_3', 'to': 'Chiplet_4', 'connection_type': '2.5d_rdl', 'loc': '2.5d_chiplet'},{'from': 'Chiplet_4', 'to': 'Chiplet_2', 'connection_type': '2.5d_rdl', 'loc': '2.5d_chiplet'},{'from': 'Chiplet_4', 'to': 'Chiplet_5', 'connection_type': '2.5d_rdl', 'loc': '2.5d_chiplet'},{'from': 'Chiplet_4', 'to': 'Chiplet_3', 'connection_type': '2.5d_rdl', 'loc': '2.5d_chiplet'},{'from': 'Chiplet_2', 'to': 'Chiplet_4', 'connection_type': '2.5d_rdl', 'loc': '2.5d_chiplet'},{'from': 'Chiplet_2', 'to': 'Chiplet_5', 'connection_type': '2.5d_rdl', 'loc': '2.5d_chiplet'},{'from': 'Chiplet_2', 'to': 'Chiplet_6', 'connection_type': '2.5d_rdl', 'loc': '2.5d_chiplet'},{'from': 'Chiplet_2', 'to': 'Chiplet_3', 'connection_type': '2.5d_rdl', 'loc': '2.5d_chiplet'},{'from': 'Chiplet_2', 'to': 'Chiplet_1', 'connection_type': '2.5d_rdl', 'loc': '2.5d_chiplet'},{'from': 'Chiplet_6', 'to': 'Chiplet_2', 'connection_type': '2.5d_rdl', 'loc': '2.5d_chiplet'},{'from': 'Chiplet_6', 'to': 'Chiplet_1', 'connection_type': '2.5d_rdl', 'loc': '2.5d_chiplet'},{'from': 'Chiplet_5', 'to': 'Chiplet_2', 'connection_type': '2.5d_rdl', 'loc': '2.5d_chiplet'},{'from': 'Chiplet_5', 'to': 'Chiplet_4', 'connection_type': '2.5d_rdl', 'loc': '2.5d_chiplet'},{'from': 'Chiplet_5', 'to': 'Chiplet_1', 'connection_type': '2.5d_rdl', 'loc': '2.5d_chiplet'},{'from': 'Chiplet_1', 'to': 'Chiplet_2', 'connection_type': '2.5d_rdl', 'loc': '2.5d_chiplet'},{'from': 'Chiplet_1', 'to': 'Chiplet_5', 'connection_type': '2.5d_rdl', 'loc': '2.5d_chiplet'},{'from': 'Chiplet_1', 'to': 'Chiplet_6', 'connection_type': '2.5d_rdl', 'loc': '2.5d_chiplet'}",2,3,6,2,2,1,hbm2,ucie_std,na,1,0,os,0,0,0
348,27.551172879670805,3821146.25,71293.43860086422,156137849.59783816,48422.62057545999,30828.391479905826,348,2.927572174079395,3.8395579270749995,1024,96x96,14,3.665749090547913,5.538366334949999,4096,128x128,10,3.5867297574793953,3.8395579270749995,2048,96x96,14,7.419580457366196,12.973514847541198,6144,192x192,10,3.2571509657793953,3.8395579270749995,1536,96x96,14,0.656621759447044,1.3845915837374998,256,64x64,10,2.5d_3d,"{'from': 'Chiplet_2', 'to': 'Chiplet_6', 'connection_type': '3d_hyb_bond', 'loc': 'stack0_base'},{'from': 'Chiplet_6', 'to': 'na', 'connection_type': '3d_hyb_bond', 'loc': 'stack0_top'},{'from': 'Chiplet_4', 'to': 'Chiplet_2', 'connection_type': '2.5d_rdl', 'loc': '2.5d_chiplet'},{'from': 'Chiplet_4', 'to': 'Chiplet_3', 'connection_type': '2.5d_rdl', 'loc': '2.5d_chiplet'},{'from': 'Chiplet_4', 'to': 'Chiplet_1', 'connection_type': '2.5d_rdl', 'loc': '2.5d_chiplet'},{'from': 'Chiplet_1', 'to': 'Chiplet_3', 'connection_type': '2.5d_rdl', 'loc': '2.5d_chiplet'},{'from': 'Chiplet_1', 'to': 'Chiplet_4', 'connection_type': '2.5d_rdl', 'loc': '2.5d_chiplet'},{'from': 'Chiplet_2', 'to': 'Chiplet_3', 'connection_type': '2.5d_rdl', 'loc': '2.5d_chiplet'},{'from': 'Chiplet_2', 'to': 'Chiplet_4', 'connection_type': '2.5d_rdl', 'loc': '2.5d_chiplet'},{'from': 'Chiplet_2', 'to': 'Chiplet_5', 'connection_type': '2.5d_rdl', 'loc': '2.5d_chiplet'},{'from': 'Chiplet_3', 'to': 'Chiplet_2', 'connection_type': '2.5d_rdl', 'loc': '2.5d_chiplet'},{'from': 'Chiplet_3', 'to': 'Chiplet_5', 'connection_type': '2.5d_rdl', 'loc': '2.5d_chiplet'},{'from': 'Chiplet_3', 'to': 'Chiplet_4', 'connection_type': '2.5d_rdl', 'loc': '2.5d_chiplet'},{'from': 'Chiplet_3', 'to': 'Chiplet_1', 'connection_type': '2.5d_rdl', 'loc': '2.5d_chiplet'},{'from': 'Chiplet_5', 'to': 'Chiplet_2', 'connection_type': '2.5d_rdl', 'loc': '2.5d_chiplet'},{'from': 'Chiplet_5', 'to': 'Chiplet_3', 'connection_type': '2.5d_rdl', 'loc': '2.5d_chiplet'}",2,3,3,5,2,1,hbm2,ucie_std,ucie_3d,1,0,is,1,0,0
349,27.404333583885144,2985090.71,66486.61671850494,220064174.90201896,9361.111111111111,8548.730850026352,349,6.315940422320179,6.821646341899999,3072,128x128,14,0.46559300000000003,1.11875,512,64x64,7,3.3193280905479132,5.538366334949999,3072,128x128,10,1.51595254,4.475,1024,128x128,7,0.743226759447044,1.3845915837374998,512,64x64,10,6.975099908490179,6.821646341899999,4096,128x128,14,2.5d,"{'from': 'Chiplet_6', 'to': 'Chiplet_5', 'connection_type': '2.5d_rdl', 'loc': '2.5d_chiplet'},{'from': 'Chiplet_6', 'to': 'Chiplet_4', 'connection_type': '2.5d_rdl', 'loc': '2.5d_chiplet'},{'from': 'Chiplet_6', 'to': 'Chiplet_1', 'connection_type': '2.5d_rdl', 'loc': '2.5d_chiplet'},{'from': 'Chiplet_4', 'to': 'Chiplet_2', 'connection_type': '2.5d_rdl', 'loc': '2.5d_chiplet'},{'from': 'Chiplet_4', 'to': 'Chiplet_5', 'connection_type': '2.5d_rdl', 'loc': '2.5d_chiplet'},{'from': 'Chiplet_4', 'to': 'Chiplet_6', 'connection_type': '2.5d_rdl', 'loc': '2.5d_chiplet'},{'from': 'Chiplet_5', 'to': 'Chiplet_2', 'connection_type': '2.5d_rdl', 'loc': '2.5d_chiplet'},{'from': 'Chiplet_5', 'to': 'Chiplet_3', 'connection_type': '2.5d_rdl', 'loc': '2.5d_chiplet'},{'from': 'Chiplet_5', 'to': 'Chiplet_4', 'connection_type': '2.5d_rdl', 'loc': '2.5d_chiplet'},{'from': 'Chiplet_5', 'to': 'Chiplet_6', 'connection_type': '2.5d_rdl', 'loc': '2.5d_chiplet'},{'from': 'Chiplet_2', 'to': 'Chiplet_5', 'connection_type': '2.5d_rdl', 'loc': '2.5d_chiplet'},{'from': 'Chiplet_2', 'to': 'Chiplet_4', 'connection_type': '2.5d_rdl', 'loc': '2.5d_chiplet'},{'from': 'Chiplet_1', 'to': 'Chiplet_3', 'connection_type': '2.5d_rdl', 'loc': '2.5d_chiplet'},{'from': 'Chiplet_1', 'to': 'Chiplet_6', 'connection_type': '2.5d_rdl', 'loc': '2.5d_chiplet'},{'from': 'Chiplet_3', 'to': 'Chiplet_5', 'connection_type': '2.5d_rdl', 'loc': '2.5d_chiplet'},{'from': 'Chiplet_3', 'to': 'Chiplet_1', 'connection_type': '2.5d_rdl', 'loc': '2.5d_chiplet'}",5,1,2,1,1,6,hbm2,ucie_std,na,0,0,ws,0,0,0
350,18.83836074210515,1857522.59,48892.51115109918,711672919.2578954,13404.901960784315,18643.53328665225,350,0.656621759447044,1.3845915837374998,256,64x64,10,1.7117881800824635,3.1172648505374996,1536,96x96,10,3.5867297574793953,3.8395579270749995,2048,96x96,14,2.6264880905479133,5.538366334949999,1024,128x128,10,2.972908090547913,5.538366334949999,2048,128x128,10,1.8849981800824636,3.1172648505374996,2048,96x96,10,2.5d,"{'from': 'Chiplet_3', 'to': 'Chiplet_2', 'connection_type': '2.5d_rdl', 'loc': '2.5d_chiplet'},{'from': 'Chiplet_3', 'to': 'Chiplet_5', 'connection_type': '2.5d_rdl', 'loc': '2.5d_chiplet'},{'from': 'Chiplet_3', 'to': 'Chiplet_4', 'connection_type': '2.5d_rdl', 'loc': '2.5d_chiplet'},{'from': 'Chiplet_3', 'to': 'Chiplet_6', 'connection_type': '2.5d_rdl', 'loc': '2.5d_chiplet'},{'from': 'Chiplet_6', 'to': 'Chiplet_2', 'connection_type': '2.5d_rdl', 'loc': '2.5d_chiplet'},{'from': 'Chiplet_6', 'to': 'Chiplet_3', 'connection_type': '2.5d_rdl', 'loc': '2.5d_chiplet'},{'from': 'Chiplet_2', 'to': 'Chiplet_3', 'connection_type': '2.5d_rdl', 'loc': '2.5d_chiplet'},{'from': 'Chiplet_2', 'to': 'Chiplet_6', 'connection_type': '2.5d_rdl', 'loc': '2.5d_chiplet'},{'from': 'Chiplet_5', 'to': 'Chiplet_3', 'connection_type': '2.5d_rdl', 'loc': '2.5d_chiplet'},{'from': 'Chiplet_5', 'to': 'Chiplet_4', 'connection_type': '2.5d_rdl', 'loc': '2.5d_chiplet'},{'from': 'Chiplet_5', 'to': 'Chiplet_1', 'connection_type': '2.5d_rdl', 'loc': '2.5d_chiplet'},{'from': 'Chiplet_4', 'to': 'Chiplet_3', 'connection_type': '2.5d_rdl', 'loc': '2.5d_chiplet'},{'from': 'Chiplet_4', 'to': 'Chiplet_5', 'connection_type': '2.5d_rdl', 'loc': '2.5d_chiplet'},{'from': 'Chiplet_4', 'to': 'Chiplet_1', 'connection_type': '2.5d_rdl', 'loc': '2.5d_chiplet'},{'from': 'Chiplet_1', 'to': 'Chiplet_5', 'connection_type': '2.5d_rdl', 'loc': '2.5d_chiplet'},{'from': 'Chiplet_1', 'to': 'Chiplet_4', 'connection_type': '2.5d_rdl', 'loc': '2.5d_chiplet'}",1,1,2,1,2,1,ddr4,ucie_std,na,0,0,ws,0,0,0
351,33.49512235779687,3512418.75,92427.66163297763,461176609.8537393,7882.404237978811,14048.479047922734,351,0.638803,1.11875,1024,64x64,7,1.86237254,4.475,2048,128x128,7,11.481175603606792,15.979573171754398,2048,192x192,14,5.5109919519999995,10.4826,8192,192x192,7,0.784712696,2.51875,512,96x96,7,2.927572174079395,3.8395579270749995,1024,96x96,14,2.5d,"{'from': 'Chiplet_3', 'to': 'Chiplet_6', 'connection_type': '2.5d_rdl', 'loc': '2.5d_chiplet'},{'from': 'Chiplet_3', 'to': 'Chiplet_4', 'connection_type': '2.5d_rdl', 'loc': '2.5d_chiplet'},{'from': 'Chiplet_4', 'to': 'Chiplet_2', 'connection_type': '2.5d_rdl', 'loc': '2.5d_chiplet'},{'from': 'Chiplet_4', 'to': 'Chiplet_3', 'connection_type': '2.5d_rdl', 'loc': '2.5d_chiplet'},{'from': 'Chiplet_4', 'to': 'Chiplet_6', 'connection_type': '2.5d_rdl', 'loc': '2.5d_chiplet'},{'from': 'Chiplet_4', 'to': 'Chiplet_1', 'connection_type': '2.5d_rdl', 'loc': '2.5d_chiplet'},{'from': 'Chiplet_1', 'to': 'Chiplet_2', 'connection_type': '2.5d_rdl', 'loc': '2.5d_chiplet'},{'from': 'Chiplet_1', 'to': 'Chiplet_4', 'connection_type': '2.5d_rdl', 'loc': '2.5d_chiplet'},{'from': 'Chiplet_6', 'to': 'Chiplet_2', 'connection_type': '2.5d_rdl', 'loc': '2.5d_chiplet'},{'from': 'Chiplet_6', 'to': 'Chiplet_3', 'connection_type': '2.5d_rdl', 'loc': '2.5d_chiplet'},{'from': 'Chiplet_6', 'to': 'Chiplet_4', 'connection_type': '2.5d_rdl', 'loc': '2.5d_chiplet'},{'from': 'Chiplet_6', 'to': 'Chiplet_5', 'connection_type': '2.5d_rdl', 'loc': '2.5d_chiplet'},{'from': 'Chiplet_2', 'to': 'Chiplet_4', 'connection_type': '2.5d_rdl', 'loc': '2.5d_chiplet'},{'from': 'Chiplet_2', 'to': 'Chiplet_6', 'connection_type': '2.5d_rdl', 'loc': '2.5d_chiplet'},{'from': 'Chiplet_2', 'to': 'Chiplet_5', 'connection_type': '2.5d_rdl', 'loc': '2.5d_chiplet'},{'from': 'Chiplet_2', 'to': 'Chiplet_1', 'connection_type': '2.5d_rdl', 'loc': '2.5d_chiplet'},{'from': 'Chiplet_5', 'to': 'Chiplet_2', 'connection_type': '2.5d_rdl', 'loc': '2.5d_chiplet'},{'from': 'Chiplet_5', 'to': 'Chiplet_6', 'connection_type': '2.5d_rdl', 'loc': '2.5d_chiplet'}",1,1,3,1,1,1,ddr5,ucie_std,na,0,0,os,0,0,0
352,21.186725257288607,3814031.19,100004.9584170448,312237762.49045897,36754.22926799638,39123.01713893508,352,3.665749090547913,5.538366334949999,4096,128x128,10,6.033899457366197,12.973514847541198,2048,192x192,10,6.033899457366197,12.973514847541198,2048,192x192,10,0.46559300000000003,1.11875,512,64x64,7,3.2571509657793953,3.8395579270749995,1536,96x96,14,7.419580457366196,12.973514847541198,6144,192x192,10,2.5d_3d,"{'from': 'Chiplet_3', 'to': 'Chiplet_1', 'connection_type': '3d_u_bump', 'loc': 'stack0_base'},{'from': 'Chiplet_1', 'to': 'Chiplet_5', 'connection_type': '3d_u_bump', 'loc': 'stack0_middle1'},{'from': 'Chiplet_5', 'to': 'Chiplet_4', 'connection_type': '3d_u_bump', 'loc': 'stack0_middle2'},{'from': 'Chiplet_4', 'to': 'na', 'connection_type': '3d_u_bump', 'loc': 'stack0_top'},{'from': 'Chiplet_6', 'to': 'Chiplet_2', 'connection_type': '2.5d_rdl', 'loc': '2.5d_chiplet'},{'from': 'Chiplet_6', 'to': 'Chiplet_3', 'connection_type': '2.5d_rdl', 'loc': '2.5d_chiplet'},{'from': 'Chiplet_2', 'to': 'Chiplet_3', 'connection_type': '2.5d_rdl', 'loc': '2.5d_chiplet'},{'from': 'Chiplet_2', 'to': 'Chiplet_6', 'connection_type': '2.5d_rdl', 'loc': '2.5d_chiplet'},{'from': 'Chiplet_3', 'to': 'Chiplet_2', 'connection_type': '2.5d_rdl', 'loc': '2.5d_chiplet'},{'from': 'Chiplet_3', 'to': 'Chiplet_6', 'connection_type': '2.5d_rdl', 'loc': '2.5d_chiplet'}",1,2,1,1,1,2,ddr5,ucie_std,ucie_3d,0,0,is,1,0,0
353,32.55579859928869,3117969.1,171734.6683558947,471047823.23529744,102852.65301918503,68610.30861057265,353,2.972908090547913,5.538366334949999,2048,128x128,10,6.975099908490179,6.821646341899999,4096,128x128,14,0.957922696,2.51875,1024,96x96,7,6.315940422320179,6.821646341899999,3072,128x128,14,1.51595254,4.475,1024,128x128,7,2.972908090547913,5.538366334949999,2048,128x128,10,2.5d,"{'from': 'Chiplet_2', 'to': 'Chiplet_6', 'connection_type': '2.5d_emib', 'loc': '2.5d_chiplet'},{'from': 'Chiplet_2', 'to': 'Chiplet_4', 'connection_type': '2.5d_emib', 'loc': '2.5d_chiplet'},{'from': 'Chiplet_2', 'to': 'Chiplet_3', 'connection_type': '2.5d_emib', 'loc': '2.5d_chiplet'},{'from': 'Chiplet_6', 'to': 'Chiplet_2', 'connection_type': '2.5d_emib', 'loc': '2.5d_chiplet'},{'from': 'Chiplet_6', 'to': 'Chiplet_3', 'connection_type': '2.5d_emib', 'loc': '2.5d_chiplet'},{'from': 'Chiplet_3', 'to': 'Chiplet_2', 'connection_type': '2.5d_emib', 'loc': '2.5d_chiplet'},{'from': 'Chiplet_3', 'to': 'Chiplet_6', 'connection_type': '2.5d_emib', 'loc': '2.5d_chiplet'},{'from': 'Chiplet_4', 'to': 'Chiplet_2', 'connection_type': '2.5d_emib', 'loc': '2.5d_chiplet'},{'from': 'Chiplet_4', 'to': 'Chiplet_5', 'connection_type': '2.5d_emib', 'loc': '2.5d_chiplet'},{'from': 'Chiplet_4', 'to': 'Chiplet_1', 'connection_type': '2.5d_emib', 'loc': '2.5d_chiplet'},{'from': 'Chiplet_1', 'to': 'Chiplet_5', 'connection_type': '2.5d_emib', 'loc': '2.5d_chiplet'},{'from': 'Chiplet_1', 'to': 'Chiplet_4', 'connection_type': '2.5d_emib', 'loc': '2.5d_chiplet'},{'from': 'Chiplet_5', 'to': 'Chiplet_4', 'connection_type': '2.5d_emib', 'loc': '2.5d_chiplet'},{'from': 'Chiplet_5', 'to': 'Chiplet_1', 'connection_type': '2.5d_emib', 'loc': '2.5d_chiplet'}",1,2,1,2,1,1,ddr4,aib,na,0,0,os,1,0,0
354,12.77696315052736,1435435.73,136770.85179435083,127748073.52039418,18518.594771241827,7027.719010965945,354,1.249405813087535,1.7054115854749998,256,64x64,14,2.972908090547913,5.538366334949999,2048,128x128,10,1.743774000637535,1.7054115854749998,1024,64x64,14,0.656621759447044,1.3845915837374998,256,64x64,10,1.578984604787535,1.7054115854749998,768,64x64,14,1.249405813087535,1.7054115854749998,256,64x64,14,2.5d,"{'from': 'Chiplet_2', 'to': 'Chiplet_3', 'connection_type': '2.5d_emib', 'loc': '2.5d_chiplet'},{'from': 'Chiplet_2', 'to': 'Chiplet_4', 'connection_type': '2.5d_emib', 'loc': '2.5d_chiplet'},{'from': 'Chiplet_2', 'to': 'Chiplet_5', 'connection_type': '2.5d_emib', 'loc': '2.5d_chiplet'},{'from': 'Chiplet_2', 'to': 'Chiplet_1', 'connection_type': '2.5d_emib', 'loc': '2.5d_chiplet'},{'from': 'Chiplet_1', 'to': 'Chiplet_2', 'connection_type': '2.5d_emib', 'loc': '2.5d_chiplet'},{'from': 'Chiplet_1', 'to': 'Chiplet_4', 'connection_type': '2.5d_emib', 'loc': '2.5d_chiplet'},{'from': 'Chiplet_4', 'to': 'Chiplet_2', 'connection_type': '2.5d_emib', 'loc': '2.5d_chiplet'},{'from': 'Chiplet_4', 'to': 'Chiplet_1', 'connection_type': '2.5d_emib', 'loc': '2.5d_chiplet'},{'from': 'Chiplet_3', 'to': 'Chiplet_2', 'connection_type': '2.5d_emib', 'loc': '2.5d_chiplet'},{'from': 'Chiplet_3', 'to': 'Chiplet_5', 'connection_type': '2.5d_emib', 'loc': '2.5d_chiplet'},{'from': 'Chiplet_3', 'to': 'Chiplet_6', 'connection_type': '2.5d_emib', 'loc': '2.5d_chiplet'},{'from': 'Chiplet_5', 'to': 'Chiplet_2', 'connection_type': '2.5d_emib', 'loc': '2.5d_chiplet'},{'from': 'Chiplet_5', 'to': 'Chiplet_3', 'connection_type': '2.5d_emib', 'loc': '2.5d_chiplet'},{'from': 'Chiplet_5', 'to': 'Chiplet_6', 'connection_type': '2.5d_emib', 'loc': '2.5d_chiplet'},{'from': 'Chiplet_6', 'to': 'Chiplet_5', 'connection_type': '2.5d_emib', 'loc': '2.5d_chiplet'},{'from': 'Chiplet_6', 'to': 'Chiplet_3', 'connection_type': '2.5d_emib', 'loc': '2.5d_chiplet'}",2,5,3,1,3,2,hbm3,aib,na,0,0,is,0,0,0
355,30.4985079675245,3085739.37,160890.22669848733,161276327.3181841,67348.37733457054,32965.779812445515,355,3.5867297574793953,3.8395579270749995,2048,96x96,14,4.9976252555201786,6.821646341899999,1024,128x128,14,0.638803,1.11875,1024,64x64,7,1.8849981800824636,3.1172648505374996,2048,96x96,10,0.957922696,2.51875,1024,96x96,7,6.975099908490179,6.821646341899999,4096,128x128,14,2.5d,"{'from': 'Chiplet_6', 'to': 'Chiplet_2', 'connection_type': '2.5d_emib', 'loc': '2.5d_chiplet'},{'from': 'Chiplet_6', 'to': 'Chiplet_3', 'connection_type': '2.5d_emib', 'loc': '2.5d_chiplet'},{'from': 'Chiplet_6', 'to': 'Chiplet_4', 'connection_type': '2.5d_emib', 'loc': '2.5d_chiplet'},{'from': 'Chiplet_6', 'to': 'Chiplet_1', 'connection_type': '2.5d_emib', 'loc': '2.5d_chiplet'},{'from': 'Chiplet_4', 'to': 'Chiplet_3', 'connection_type': '2.5d_emib', 'loc': '2.5d_chiplet'},{'from': 'Chiplet_4', 'to': 'Chiplet_6', 'connection_type': '2.5d_emib', 'loc': '2.5d_chiplet'},{'from': 'Chiplet_3', 'to': 'Chiplet_6', 'connection_type': '2.5d_emib', 'loc': '2.5d_chiplet'},{'from': 'Chiplet_3', 'to': 'Chiplet_4', 'connection_type': '2.5d_emib', 'loc': '2.5d_chiplet'},{'from': 'Chiplet_2', 'to': 'Chiplet_5', 'connection_type': '2.5d_emib', 'loc': '2.5d_chiplet'},{'from': 'Chiplet_2', 'to': 'Chiplet_6', 'connection_type': '2.5d_emib', 'loc': '2.5d_chiplet'},{'from': 'Chiplet_2', 'to': 'Chiplet_1', 'connection_type': '2.5d_emib', 'loc': '2.5d_chiplet'},{'from': 'Chiplet_1', 'to': 'Chiplet_2', 'connection_type': '2.5d_emib', 'loc': '2.5d_chiplet'},{'from': 'Chiplet_1', 'to': 'Chiplet_5', 'connection_type': '2.5d_emib', 'loc': '2.5d_chiplet'},{'from': 'Chiplet_1', 'to': 'Chiplet_6', 'connection_type': '2.5d_emib', 'loc': '2.5d_chiplet'},{'from': 'Chiplet_5', 'to': 'Chiplet_2', 'connection_type': '2.5d_emib', 'loc': '2.5d_chiplet'},{'from': 'Chiplet_5', 'to': 'Chiplet_1', 'connection_type': '2.5d_emib', 'loc': '2.5d_chiplet'}",3,4,1,1,1,6,hbm2,ucie_adv,na,1,0,is,1,0,0
356,18.522775336916297,2238796.07,63076.967719339766,422306365.3637614,76827.39530828988,42731.2605926776,356,0.829831759447044,1.3845915837374998,768,64x64,10,1.4141952089375351,1.7054115854749998,512,64x64,14,2.55521354,4.475,4096,128x128,7,7.419580457366196,12.973514847541198,6144,192x192,10,1.249405813087535,1.7054115854749998,256,64x64,14,1.304342696,2.51875,2048,96x96,7,2.5d,"{'from': 'Chiplet_4', 'to': 'Chiplet_2', 'connection_type': '2.5d_rdl', 'loc': '2.5d_chiplet'},{'from': 'Chiplet_4', 'to': 'Chiplet_3', 'connection_type': '2.5d_rdl', 'loc': '2.5d_chiplet'},{'from': 'Chiplet_3', 'to': 'Chiplet_2', 'connection_type': '2.5d_rdl', 'loc': '2.5d_chiplet'},{'from': 'Chiplet_3', 'to': 'Chiplet_5', 'connection_type': '2.5d_rdl', 'loc': '2.5d_chiplet'},{'from': 'Chiplet_3', 'to': 'Chiplet_4', 'connection_type': '2.5d_rdl', 'loc': '2.5d_chiplet'},{'from': 'Chiplet_3', 'to': 'Chiplet_6', 'connection_type': '2.5d_rdl', 'loc': '2.5d_chiplet'},{'from': 'Chiplet_5', 'to': 'Chiplet_3', 'connection_type': '2.5d_rdl', 'loc': '2.5d_chiplet'},{'from': 'Chiplet_5', 'to': 'Chiplet_6', 'connection_type': '2.5d_rdl', 'loc': '2.5d_chiplet'},{'from': 'Chiplet_2', 'to': 'Chiplet_6', 'connection_type': '2.5d_rdl', 'loc': '2.5d_chiplet'},{'from': 'Chiplet_2', 'to': 'Chiplet_4', 'connection_type': '2.5d_rdl', 'loc': '2.5d_chiplet'},{'from': 'Chiplet_2', 'to': 'Chiplet_1', 'connection_type': '2.5d_rdl', 'loc': '2.5d_chiplet'},{'from': 'Chiplet_2', 'to': 'Chiplet_3', 'connection_type': '2.5d_rdl', 'loc': '2.5d_chiplet'},{'from': 'Chiplet_6', 'to': 'Chiplet_2', 'connection_type': '2.5d_rdl', 'loc': '2.5d_chiplet'},{'from': 'Chiplet_6', 'to': 'Chiplet_3', 'connection_type': '2.5d_rdl', 'loc': '2.5d_chiplet'},{'from': 'Chiplet_6', 'to': 'Chiplet_5', 'connection_type': '2.5d_rdl', 'loc': '2.5d_chiplet'},{'from': 'Chiplet_6', 'to': 'Chiplet_1', 'connection_type': '2.5d_rdl', 'loc': '2.5d_chiplet'},{'from': 'Chiplet_1', 'to': 'Chiplet_2', 'connection_type': '2.5d_rdl', 'loc': '2.5d_chiplet'},{'from': 'Chiplet_1', 'to': 'Chiplet_6', 'connection_type': '2.5d_rdl', 'loc': '2.5d_chiplet'}",1,1,1,3,1,1,ddr4,ucie_std,na,0,0,ws,1,0,0
357,17.304200893161866,2025187.78,147217.22069236313,186476201.98044536,10991.666666666666,7139.424885276271,357,2.927572174079395,3.8395579270749995,1024,96x96,14,1.249405813087535,1.7054115854749998,256,64x64,14,0.829831759447044,1.3845915837374998,768,64x64,10,1.5385781800824634,3.1172648505374996,1024,96x96,10,3.2571509657793953,3.8395579270749995,1536,96x96,14,2.20879254,4.475,3072,128x128,7,2.5d,"{'from': 'Chiplet_5', 'to': 'Chiplet_2', 'connection_type': '2.5d_emib', 'loc': '2.5d_chiplet'},{'from': 'Chiplet_5', 'to': 'Chiplet_4', 'connection_type': '2.5d_emib', 'loc': '2.5d_chiplet'},{'from': 'Chiplet_5', 'to': 'Chiplet_1', 'connection_type': '2.5d_emib', 'loc': '2.5d_chiplet'},{'from': 'Chiplet_4', 'to': 'Chiplet_2', 'connection_type': '2.5d_emib', 'loc': '2.5d_chiplet'},{'from': 'Chiplet_4', 'to': 'Chiplet_5', 'connection_type': '2.5d_emib', 'loc': '2.5d_chiplet'},{'from': 'Chiplet_2', 'to': 'Chiplet_5', 'connection_type': '2.5d_emib', 'loc': '2.5d_chiplet'},{'from': 'Chiplet_2', 'to': 'Chiplet_4', 'connection_type': '2.5d_emib', 'loc': '2.5d_chiplet'},{'from': 'Chiplet_1', 'to': 'Chiplet_5', 'connection_type': '2.5d_emib', 'loc': '2.5d_chiplet'},{'from': 'Chiplet_1', 'to': 'Chiplet_6', 'connection_type': '2.5d_emib', 'loc': '2.5d_chiplet'},{'from': 'Chiplet_1', 'to': 'Chiplet_3', 'connection_type': '2.5d_emib', 'loc': '2.5d_chiplet'},{'from': 'Chiplet_6', 'to': 'Chiplet_3', 'connection_type': '2.5d_emib', 'loc': '2.5d_chiplet'},{'from': 'Chiplet_6', 'to': 'Chiplet_1', 'connection_type': '2.5d_emib', 'loc': '2.5d_chiplet'},{'from': 'Chiplet_3', 'to': 'Chiplet_6', 'connection_type': '2.5d_emib', 'loc': '2.5d_chiplet'},{'from': 'Chiplet_3', 'to': 'Chiplet_1', 'connection_type': '2.5d_emib', 'loc': '2.5d_chiplet'}",4,2,1,2,4,3,hbm2,aib,na,1,0,os,0,0,0
358,20.08394161667997,2811117.52,125488.3831429378,412971465.9996966,30136.903400449573,23322.974460510384,358,4.818150952,10.4826,6144,192x192,7,1.4141952089375351,1.7054115854749998,512,64x64,14,3.5867297574793953,3.8395579270749995,2048,96x96,14,5.656782838920179,6.821646341899999,2048,128x128,14,1.743774000637535,1.7054115854749998,1024,64x64,14,3.2571509657793953,3.8395579270749995,1536,96x96,14,2.5d_3d,"{'from': 'Chiplet_3', 'to': 'Chiplet_5', 'connection_type': '3d_tsv', 'loc': 'stack0_base'},{'from': 'Chiplet_5', 'to': 'Chiplet_2', 'connection_type': '3d_tsv', 'loc': 'stack0_middle1'},{'from': 'Chiplet_2', 'to': 'na', 'connection_type': '3d_tsv', 'loc': 'stack0_top'},{'from': 'Chiplet_4', 'to': 'Chiplet_3', 'connection_type': '2.5d_emib', 'loc': '2.5d_chiplet'},{'from': 'Chiplet_4', 'to': 'Chiplet_6', 'connection_type': '2.5d_emib', 'loc': '2.5d_chiplet'},{'from': 'Chiplet_4', 'to': 'Chiplet_1', 'connection_type': '2.5d_emib', 'loc': '2.5d_chiplet'},{'from': 'Chiplet_6', 'to': 'Chiplet_3', 'connection_type': '2.5d_emib', 'loc': '2.5d_chiplet'},{'from': 'Chiplet_6', 'to': 'Chiplet_4', 'connection_type': '2.5d_emib', 'loc': '2.5d_chiplet'},{'from': 'Chiplet_1', 'to': 'Chiplet_3', 'connection_type': '2.5d_emib', 'loc': '2.5d_chiplet'},{'from': 'Chiplet_1', 'to': 'Chiplet_4', 'connection_type': '2.5d_emib', 'loc': '2.5d_chiplet'},{'from': 'Chiplet_3', 'to': 'Chiplet_6', 'connection_type': '2.5d_emib', 'loc': '2.5d_chiplet'},{'from': 'Chiplet_3', 'to': 'Chiplet_4', 'connection_type': '2.5d_emib', 'loc': '2.5d_chiplet'},{'from': 'Chiplet_3', 'to': 'Chiplet_1', 'connection_type': '2.5d_emib', 'loc': '2.5d_chiplet'}",2,1,1,2,1,1,ddr4,bow,ucie_3d,1,0,os,1,0,0
359,28.05266592612712,3712005.47,97739.8335098901,343925114.49484915,43775.370339293404,38365.64914764528,359,5.5109919519999995,10.4826,8192,192x192,7,1.3653681800824635,3.1172648505374996,512,96x96,10,4.818150952,10.4826,6144,192x192,7,0.743226759447044,1.3845915837374998,512,64x64,10,0.829831759447044,1.3845915837374998,768,64x64,10,8.112421457366196,12.973514847541198,8192,192x192,10,2.5d,"{'from': 'Chiplet_6', 'to': 'Chiplet_2', 'connection_type': '2.5d_rdl', 'loc': '2.5d_chiplet'},{'from': 'Chiplet_6', 'to': 'Chiplet_3', 'connection_type': '2.5d_rdl', 'loc': '2.5d_chiplet'},{'from': 'Chiplet_6', 'to': 'Chiplet_5', 'connection_type': '2.5d_rdl', 'loc': '2.5d_chiplet'},{'from': 'Chiplet_6', 'to': 'Chiplet_1', 'connection_type': '2.5d_rdl', 'loc': '2.5d_chiplet'},{'from': 'Chiplet_2', 'to': 'Chiplet_5', 'connection_type': '2.5d_rdl', 'loc': '2.5d_chiplet'},{'from': 'Chiplet_2', 'to': 'Chiplet_4', 'connection_type': '2.5d_rdl', 'loc': '2.5d_chiplet'},{'from': 'Chiplet_2', 'to': 'Chiplet_6', 'connection_type': '2.5d_rdl', 'loc': '2.5d_chiplet'},{'from': 'Chiplet_5', 'to': 'Chiplet_2', 'connection_type': '2.5d_rdl', 'loc': '2.5d_chiplet'},{'from': 'Chiplet_5', 'to': 'Chiplet_4', 'connection_type': '2.5d_rdl', 'loc': '2.5d_chiplet'},{'from': 'Chiplet_5', 'to': 'Chiplet_6', 'connection_type': '2.5d_rdl', 'loc': '2.5d_chiplet'},{'from': 'Chiplet_4', 'to': 'Chiplet_2', 'connection_type': '2.5d_rdl', 'loc': '2.5d_chiplet'},{'from': 'Chiplet_4', 'to': 'Chiplet_5', 'connection_type': '2.5d_rdl', 'loc': '2.5d_chiplet'},{'from': 'Chiplet_1', 'to': 'Chiplet_3', 'connection_type': '2.5d_rdl', 'loc': '2.5d_chiplet'},{'from': 'Chiplet_1', 'to': 'Chiplet_6', 'connection_type': '2.5d_rdl', 'loc': '2.5d_chiplet'},{'from': 'Chiplet_3', 'to': 'Chiplet_6', 'connection_type': '2.5d_rdl', 'loc': '2.5d_chiplet'},{'from': 'Chiplet_3', 'to': 'Chiplet_1', 'connection_type': '2.5d_rdl', 'loc': '2.5d_chiplet'}",2,1,1,1,1,2,ddr5,ucie_std,na,1,0,os,1,0,0
360,21.537093389281146,2570413.15,69429.73345773101,392247502.6716682,47839.46481862031,36703.18980269805,360,1.578984604787535,1.7054115854749998,768,64x64,14,4.1253109519999995,10.4826,4096,192x192,7,0.656621759447044,1.3845915837374998,256,64x64,10,6.033899457366197,12.973514847541198,2048,192x192,10,1.131132696,2.51875,1536,96x96,7,1.51595254,4.475,1024,128x128,7,2.5d,"{'from': 'Chiplet_4', 'to': 'Chiplet_2', 'connection_type': '2.5d_rdl', 'loc': '2.5d_chiplet'},{'from': 'Chiplet_4', 'to': 'Chiplet_5', 'connection_type': '2.5d_rdl', 'loc': '2.5d_chiplet'},{'from': 'Chiplet_4', 'to': 'Chiplet_1', 'connection_type': '2.5d_rdl', 'loc': '2.5d_chiplet'},{'from': 'Chiplet_4', 'to': 'Chiplet_3', 'connection_type': '2.5d_rdl', 'loc': '2.5d_chiplet'},{'from': 'Chiplet_5', 'to': 'Chiplet_3', 'connection_type': '2.5d_rdl', 'loc': '2.5d_chiplet'},{'from': 'Chiplet_5', 'to': 'Chiplet_4', 'connection_type': '2.5d_rdl', 'loc': '2.5d_chiplet'},{'from': 'Chiplet_3', 'to': 'Chiplet_5', 'connection_type': '2.5d_rdl', 'loc': '2.5d_chiplet'},{'from': 'Chiplet_3', 'to': 'Chiplet_4', 'connection_type': '2.5d_rdl', 'loc': '2.5d_chiplet'},{'from': 'Chiplet_2', 'to': 'Chiplet_6', 'connection_type': '2.5d_rdl', 'loc': '2.5d_chiplet'},{'from': 'Chiplet_2', 'to': 'Chiplet_4', 'connection_type': '2.5d_rdl', 'loc': '2.5d_chiplet'},{'from': 'Chiplet_2', 'to': 'Chiplet_1', 'connection_type': '2.5d_rdl', 'loc': '2.5d_chiplet'},{'from': 'Chiplet_1', 'to': 'Chiplet_2', 'connection_type': '2.5d_rdl', 'loc': '2.5d_chiplet'},{'from': 'Chiplet_1', 'to': 'Chiplet_6', 'connection_type': '2.5d_rdl', 'loc': '2.5d_chiplet'},{'from': 'Chiplet_1', 'to': 'Chiplet_4', 'connection_type': '2.5d_rdl', 'loc': '2.5d_chiplet'},{'from': 'Chiplet_6', 'to': 'Chiplet_2', 'connection_type': '2.5d_rdl', 'loc': '2.5d_chiplet'},{'from': 'Chiplet_6', 'to': 'Chiplet_1', 'connection_type': '2.5d_rdl', 'loc': '2.5d_chiplet'}",1,1,1,3,1,1,ddr4,ucie_std,na,0,0,os,1,0,0
361,46.94218031085768,4647900.14,93146.73188647059,182378876.33603558,6875.000000000001,8900.019528576275,361,0.957922696,2.51875,1024,96x96,7,6.033899457366197,12.973514847541198,2048,192x192,10,1.51595254,4.475,1024,128x128,7,6.975099908490179,6.821646341899999,4096,128x128,14,0.46559300000000003,1.11875,512,64x64,7,11.481175603606792,15.979573171754398,2048,192x192,14,2.5d,"{'from': 'Chiplet_6', 'to': 'Chiplet_2', 'connection_type': '2.5d_rdl', 'loc': '2.5d_chiplet'},{'from': 'Chiplet_6', 'to': 'Chiplet_3', 'connection_type': '2.5d_rdl', 'loc': '2.5d_chiplet'},{'from': 'Chiplet_6', 'to': 'Chiplet_4', 'connection_type': '2.5d_rdl', 'loc': '2.5d_chiplet'},{'from': 'Chiplet_6', 'to': 'Chiplet_1', 'connection_type': '2.5d_rdl', 'loc': '2.5d_chiplet'},{'from': 'Chiplet_3', 'to': 'Chiplet_6', 'connection_type': '2.5d_rdl', 'loc': '2.5d_chiplet'},{'from': 'Chiplet_3', 'to': 'Chiplet_1', 'connection_type': '2.5d_rdl', 'loc': '2.5d_chiplet'},{'from': 'Chiplet_1', 'to': 'Chiplet_3', 'connection_type': '2.5d_rdl', 'loc': '2.5d_chiplet'},{'from': 'Chiplet_1', 'to': 'Chiplet_6', 'connection_type': '2.5d_rdl', 'loc': '2.5d_chiplet'},{'from': 'Chiplet_4', 'to': 'Chiplet_2', 'connection_type': '2.5d_rdl', 'loc': '2.5d_chiplet'},{'from': 'Chiplet_4', 'to': 'Chiplet_5', 'connection_type': '2.5d_rdl', 'loc': '2.5d_chiplet'},{'from': 'Chiplet_4', 'to': 'Chiplet_6', 'connection_type': '2.5d_rdl', 'loc': '2.5d_chiplet'},{'from': 'Chiplet_2', 'to': 'Chiplet_5', 'connection_type': '2.5d_rdl', 'loc': '2.5d_chiplet'},{'from': 'Chiplet_2', 'to': 'Chiplet_6', 'connection_type': '2.5d_rdl', 'loc': '2.5d_chiplet'},{'from': 'Chiplet_2', 'to': 'Chiplet_4', 'connection_type': '2.5d_rdl', 'loc': '2.5d_chiplet'},{'from': 'Chiplet_5', 'to': 'Chiplet_2', 'connection_type': '2.5d_rdl', 'loc': '2.5d_chiplet'},{'from': 'Chiplet_5', 'to': 'Chiplet_4', 'connection_type': '2.5d_rdl', 'loc': '2.5d_chiplet'}",1,3,1,4,1,6,hbm2,ucie_std,na,0,0,os,0,0,0
362,27.00504248568274,3207190.67,109528.09922730633,449220169.33492184,13657.049714751427,16379.627652086645,362,0.829831759447044,1.3845915837374998,768,64x64,10,12.799492673176792,15.979573171754398,4096,192x192,14,2.20879254,4.475,3072,128x128,7,0.46559300000000003,1.11875,512,64x64,7,3.665749090547913,5.538366334949999,4096,128x128,10,2.597993382379395,3.8395579270749995,512,96x96,14,2.5d_3d,"{'from': 'Chiplet_2', 'to': 'Chiplet_3', 'connection_type': '3d_tsv', 'loc': 'stack0_base'},{'from': 'Chiplet_3', 'to': 'Chiplet_1', 'connection_type': '3d_tsv', 'loc': 'stack0_middle1'},{'from': 'Chiplet_1', 'to': 'Chiplet_4', 'connection_type': '3d_tsv', 'loc': 'stack0_middle2'},{'from': 'Chiplet_4', 'to': 'na', 'connection_type': '3d_tsv', 'loc': 'stack0_top'},{'from': 'Chiplet_2', 'to': 'Chiplet_5', 'connection_type': '2.5d_emib', 'loc': '2.5d_chiplet'},{'from': 'Chiplet_2', 'to': 'Chiplet_6', 'connection_type': '2.5d_emib', 'loc': '2.5d_chiplet'},{'from': 'Chiplet_5', 'to': 'Chiplet_2', 'connection_type': '2.5d_emib', 'loc': '2.5d_chiplet'},{'from': 'Chiplet_5', 'to': 'Chiplet_6', 'connection_type': '2.5d_emib', 'loc': '2.5d_chiplet'},{'from': 'Chiplet_6', 'to': 'Chiplet_2', 'connection_type': '2.5d_emib', 'loc': '2.5d_chiplet'},{'from': 'Chiplet_6', 'to': 'Chiplet_5', 'connection_type': '2.5d_emib', 'loc': '2.5d_chiplet'}",1,3,1,1,1,1,ddr5,aib,ucie_3d,0,0,ws,0,0,0
363,41.605428769180705,4633110.26,107581.19928148284,434921701.86587065,9622.404237978812,16752.526633319565,363,4.9976252555201786,6.821646341899999,1024,128x128,14,1.7117881800824635,3.1172648505374996,1536,96x96,10,14.117807839976791,15.979573171754398,6144,192x192,14,1.3653681800824635,3.1172648505374996,512,96x96,10,1.51595254,4.475,1024,128x128,7,11.481175603606792,15.979573171754398,2048,192x192,14,2.5d_3d,"{'from': 'Chiplet_3', 'to': 'Chiplet_5', 'connection_type': '3d_u_bump', 'loc': 'stack0_base'},{'from': 'Chiplet_5', 'to': 'Chiplet_4', 'connection_type': '3d_u_bump', 'loc': 'stack0_middle1'},{'from': 'Chiplet_4', 'to': 'na', 'connection_type': '3d_u_bump', 'loc': 'stack0_top'},{'from': 'Chiplet_3', 'to': 'Chiplet_2', 'connection_type': '2.5d_rdl', 'loc': '2.5d_chiplet'},{'from': 'Chiplet_3', 'to': 'Chiplet_6', 'connection_type': '2.5d_rdl', 'loc': '2.5d_chiplet'},{'from': 'Chiplet_3', 'to': 'Chiplet_1', 'connection_type': '2.5d_rdl', 'loc': '2.5d_chiplet'},{'from': 'Chiplet_2', 'to': 'Chiplet_3', 'connection_type': '2.5d_rdl', 'loc': '2.5d_chiplet'},{'from': 'Chiplet_2', 'to': 'Chiplet_1', 'connection_type': '2.5d_rdl', 'loc': '2.5d_chiplet'},{'from': 'Chiplet_6', 'to': 'Chiplet_3', 'connection_type': '2.5d_rdl', 'loc': '2.5d_chiplet'},{'from': 'Chiplet_6', 'to': 'Chiplet_1', 'connection_type': '2.5d_rdl', 'loc': '2.5d_chiplet'},{'from': 'Chiplet_1', 'to': 'Chiplet_2', 'connection_type': '2.5d_rdl', 'loc': '2.5d_chiplet'},{'from': 'Chiplet_1', 'to': 'Chiplet_3', 'connection_type': '2.5d_rdl', 'loc': '2.5d_chiplet'},{'from': 'Chiplet_1', 'to': 'Chiplet_6', 'connection_type': '2.5d_rdl', 'loc': '2.5d_chiplet'}",1,1,2,1,1,2,ddr5,ucie_std,ucie_3d,1,0,ws,0,0,0
364,29.145634529513583,3980680.23,181280.32414236502,165339393.479374,22856.45722477347,18028.619272788972,364,0.638803,1.11875,1024,64x64,7,3.665749090547913,5.538366334949999,4096,128x128,10,3.665749090547913,5.538366334949999,4096,128x128,10,3.432469952,10.4826,2048,192x192,7,0.784712696,2.51875,512,96x96,7,4.818150952,10.4826,6144,192x192,7,2.5d,"{'from': 'Chiplet_6', 'to': 'Chiplet_2', 'connection_type': '2.5d_emib', 'loc': '2.5d_chiplet'},{'from': 'Chiplet_6', 'to': 'Chiplet_4', 'connection_type': '2.5d_emib', 'loc': '2.5d_chiplet'},{'from': 'Chiplet_4', 'to': 'Chiplet_2', 'connection_type': '2.5d_emib', 'loc': '2.5d_chiplet'},{'from': 'Chiplet_4', 'to': 'Chiplet_3', 'connection_type': '2.5d_emib', 'loc': '2.5d_chiplet'},{'from': 'Chiplet_4', 'to': 'Chiplet_6', 'connection_type': '2.5d_emib', 'loc': '2.5d_chiplet'},{'from': 'Chiplet_2', 'to': 'Chiplet_4', 'connection_type': '2.5d_emib', 'loc': '2.5d_chiplet'},{'from': 'Chiplet_2', 'to': 'Chiplet_6', 'connection_type': '2.5d_emib', 'loc': '2.5d_chiplet'},{'from': 'Chiplet_2', 'to': 'Chiplet_5', 'connection_type': '2.5d_emib', 'loc': '2.5d_chiplet'},{'from': 'Chiplet_2', 'to': 'Chiplet_3', 'connection_type': '2.5d_emib', 'loc': '2.5d_chiplet'},{'from': 'Chiplet_5', 'to': 'Chiplet_2', 'connection_type': '2.5d_emib', 'loc': '2.5d_chiplet'},{'from': 'Chiplet_5', 'to': 'Chiplet_1', 'connection_type': '2.5d_emib', 'loc': '2.5d_chiplet'},{'from': 'Chiplet_3', 'to': 'Chiplet_2', 'connection_type': '2.5d_emib', 'loc': '2.5d_chiplet'},{'from': 'Chiplet_3', 'to': 'Chiplet_4', 'connection_type': '2.5d_emib', 'loc': '2.5d_chiplet'},{'from': 'Chiplet_3', 'to': 'Chiplet_1', 'connection_type': '2.5d_emib', 'loc': '2.5d_chiplet'},{'from': 'Chiplet_1', 'to': 'Chiplet_3', 'connection_type': '2.5d_emib', 'loc': '2.5d_chiplet'},{'from': 'Chiplet_1', 'to': 'Chiplet_5', 'connection_type': '2.5d_emib', 'loc': '2.5d_chiplet'}",1,3,3,3,1,5,hbm2,ucie_adv,na,0,0,is,1,0,0
365,39.18940512745802,3742262.81,181883.30647046657,416520709.4131904,38542.646964088104,36060.2043400228,365,2.597993382379395,3.8395579270749995,512,96x96,14,1.578984604787535,1.7054115854749998,768,64x64,14,11.481175603606792,15.979573171754398,2048,192x192,14,1.86237254,4.475,2048,128x128,7,8.112421457366196,12.973514847541198,8192,192x192,10,0.378988,1.11875,256,64x64,7,2.5d,"{'from': 'Chiplet_3', 'to': 'Chiplet_2', 'connection_type': '2.5d_emib', 'loc': '2.5d_chiplet'},{'from': 'Chiplet_3', 'to': 'Chiplet_5', 'connection_type': '2.5d_emib', 'loc': '2.5d_chiplet'},{'from': 'Chiplet_3', 'to': 'Chiplet_1', 'connection_type': '2.5d_emib', 'loc': '2.5d_chiplet'},{'from': 'Chiplet_2', 'to': 'Chiplet_3', 'connection_type': '2.5d_emib', 'loc': '2.5d_chiplet'},{'from': 'Chiplet_2', 'to': 'Chiplet_1', 'connection_type': '2.5d_emib', 'loc': '2.5d_chiplet'},{'from': 'Chiplet_5', 'to': 'Chiplet_3', 'connection_type': '2.5d_emib', 'loc': '2.5d_chiplet'},{'from': 'Chiplet_5', 'to': 'Chiplet_4', 'connection_type': '2.5d_emib', 'loc': '2.5d_chiplet'},{'from': 'Chiplet_5', 'to': 'Chiplet_1', 'connection_type': '2.5d_emib', 'loc': '2.5d_chiplet'},{'from': 'Chiplet_1', 'to': 'Chiplet_4', 'connection_type': '2.5d_emib', 'loc': '2.5d_chiplet'},{'from': 'Chiplet_1', 'to': 'Chiplet_2', 'connection_type': '2.5d_emib', 'loc': '2.5d_chiplet'},{'from': 'Chiplet_1', 'to': 'Chiplet_5', 'connection_type': '2.5d_emib', 'loc': '2.5d_chiplet'},{'from': 'Chiplet_1', 'to': 'Chiplet_6', 'connection_type': '2.5d_emib', 'loc': '2.5d_chiplet'},{'from': 'Chiplet_1', 'to': 'Chiplet_3', 'connection_type': '2.5d_emib', 'loc': '2.5d_chiplet'},{'from': 'Chiplet_4', 'to': 'Chiplet_5', 'connection_type': '2.5d_emib', 'loc': '2.5d_chiplet'},{'from': 'Chiplet_4', 'to': 'Chiplet_6', 'connection_type': '2.5d_emib', 'loc': '2.5d_chiplet'},{'from': 'Chiplet_4', 'to': 'Chiplet_1', 'connection_type': '2.5d_emib', 'loc': '2.5d_chiplet'},{'from': 'Chiplet_6', 'to': 'Chiplet_4', 'connection_type': '2.5d_emib', 'loc': '2.5d_chiplet'},{'from': 'Chiplet_6', 'to': 'Chiplet_1', 'connection_type': '2.5d_emib', 'loc': '2.5d_chiplet'}",1,1,3,1,1,1,ddr4,ucie_adv,na,1,0,is,1,0,0
366,11.196607388792644,1553028.54,141934.59680470556,177019629.11299792,19445.0,8587.538922467927,366,1.8849981800824636,3.1172648505374996,2048,96x96,10,1.4141952089375351,1.7054115854749998,512,64x64,14,0.743226759447044,1.3845915837374998,512,64x64,10,1.86237254,4.475,2048,128x128,7,0.638803,1.11875,1024,64x64,7,1.5385781800824634,3.1172648505374996,1024,96x96,10,2.5d,"{'from': 'Chiplet_1', 'to': 'Chiplet_2', 'connection_type': '2.5d_emib', 'loc': '2.5d_chiplet'},{'from': 'Chiplet_1', 'to': 'Chiplet_3', 'connection_type': '2.5d_emib', 'loc': '2.5d_chiplet'},{'from': 'Chiplet_1', 'to': 'Chiplet_4', 'connection_type': '2.5d_emib', 'loc': '2.5d_chiplet'},{'from': 'Chiplet_2', 'to': 'Chiplet_3', 'connection_type': '2.5d_emib', 'loc': '2.5d_chiplet'},{'from': 'Chiplet_2', 'to': 'Chiplet_1', 'connection_type': '2.5d_emib', 'loc': '2.5d_chiplet'},{'from': 'Chiplet_3', 'to': 'Chiplet_2', 'connection_type': '2.5d_emib', 'loc': '2.5d_chiplet'},{'from': 'Chiplet_3', 'to': 'Chiplet_1', 'connection_type': '2.5d_emib', 'loc': '2.5d_chiplet'},{'from': 'Chiplet_4', 'to': 'Chiplet_5', 'connection_type': '2.5d_emib', 'loc': '2.5d_chiplet'},{'from': 'Chiplet_4', 'to': 'Chiplet_6', 'connection_type': '2.5d_emib', 'loc': '2.5d_chiplet'},{'from': 'Chiplet_4', 'to': 'Chiplet_1', 'connection_type': '2.5d_emib', 'loc': '2.5d_chiplet'},{'from': 'Chiplet_6', 'to': 'Chiplet_5', 'connection_type': '2.5d_emib', 'loc': '2.5d_chiplet'},{'from': 'Chiplet_6', 'to': 'Chiplet_4', 'connection_type': '2.5d_emib', 'loc': '2.5d_chiplet'},{'from': 'Chiplet_5', 'to': 'Chiplet_4', 'connection_type': '2.5d_emib', 'loc': '2.5d_chiplet'},{'from': 'Chiplet_5', 'to': 'Chiplet_6', 'connection_type': '2.5d_emib', 'loc': '2.5d_chiplet'}",4,3,1,4,1,3,hbm2,aib,na,0,0,is,0,0,0
367,62.81710513359035,5822997.26,191716.87412033312,207488535.12928277,8658.359788359789,10179.194933578427,367,3.3193280905479132,5.538366334949999,3072,128x128,10,6.975099908490179,6.821646341899999,4096,128x128,14,5.656782838920179,6.821646341899999,2048,128x128,14,1.4141952089375351,1.7054115854749998,512,64x64,14,15.436124909546791,15.979573171754398,8192,192x192,14,1.8849981800824636,3.1172648505374996,2048,96x96,10,2.5d,"{'from': 'Chiplet_5', 'to': 'Chiplet_2', 'connection_type': '2.5d_emib', 'loc': '2.5d_chiplet'},{'from': 'Chiplet_5', 'to': 'Chiplet_6', 'connection_type': '2.5d_emib', 'loc': '2.5d_chiplet'},{'from': 'Chiplet_6', 'to': 'Chiplet_2', 'connection_type': '2.5d_emib', 'loc': '2.5d_chiplet'},{'from': 'Chiplet_6', 'to': 'Chiplet_3', 'connection_type': '2.5d_emib', 'loc': '2.5d_chiplet'},{'from': 'Chiplet_6', 'to': 'Chiplet_5', 'connection_type': '2.5d_emib', 'loc': '2.5d_chiplet'},{'from': 'Chiplet_2', 'to': 'Chiplet_4', 'connection_type': '2.5d_emib', 'loc': '2.5d_chiplet'},{'from': 'Chiplet_2', 'to': 'Chiplet_5', 'connection_type': '2.5d_emib', 'loc': '2.5d_chiplet'},{'from': 'Chiplet_2', 'to': 'Chiplet_6', 'connection_type': '2.5d_emib', 'loc': '2.5d_chiplet'},{'from': 'Chiplet_2', 'to': 'Chiplet_3', 'connection_type': '2.5d_emib', 'loc': '2.5d_chiplet'},{'from': 'Chiplet_2', 'to': 'Chiplet_1', 'connection_type': '2.5d_emib', 'loc': '2.5d_chiplet'},{'from': 'Chiplet_4', 'to': 'Chiplet_2', 'connection_type': '2.5d_emib', 'loc': '2.5d_chiplet'},{'from': 'Chiplet_4', 'to': 'Chiplet_1', 'connection_type': '2.5d_emib', 'loc': '2.5d_chiplet'},{'from': 'Chiplet_3', 'to': 'Chiplet_2', 'connection_type': '2.5d_emib', 'loc': '2.5d_chiplet'},{'from': 'Chiplet_3', 'to': 'Chiplet_6', 'connection_type': '2.5d_emib', 'loc': '2.5d_chiplet'},{'from': 'Chiplet_3', 'to': 'Chiplet_1', 'connection_type': '2.5d_emib', 'loc': '2.5d_chiplet'},{'from': 'Chiplet_1', 'to': 'Chiplet_2', 'connection_type': '2.5d_emib', 'loc': '2.5d_chiplet'},{'from': 'Chiplet_1', 'to': 'Chiplet_3', 'connection_type': '2.5d_emib', 'loc': '2.5d_chiplet'},{'from': 'Chiplet_1', 'to': 'Chiplet_4', 'connection_type': '2.5d_emib', 'loc': '2.5d_chiplet'}",1,3,3,1,7,1,hbm3,bow,na,1,0,ws,0,0,0
368,59.12754876955194,5122031.85,119489.9936788789,428519347.11459225,40700.65322329254,44867.58201979112,368,4.818150952,10.4826,6144,192x192,7,1.304342696,2.51875,2048,96x96,7,4.9976252555201786,6.821646341899999,1024,128x128,14,6.315940422320179,6.821646341899999,3072,128x128,14,14.117807839976791,15.979573171754398,6144,192x192,14,4.9976252555201786,6.821646341899999,1024,128x128,14,2.5d,"{'from': 'Chiplet_5', 'to': 'Chiplet_4', 'connection_type': '2.5d_rdl', 'loc': '2.5d_chiplet'},{'from': 'Chiplet_5', 'to': 'Chiplet_1', 'connection_type': '2.5d_rdl', 'loc': '2.5d_chiplet'},{'from': 'Chiplet_1', 'to': 'Chiplet_3', 'connection_type': '2.5d_rdl', 'loc': '2.5d_chiplet'},{'from': 'Chiplet_1', 'to': 'Chiplet_4', 'connection_type': '2.5d_rdl', 'loc': '2.5d_chiplet'},{'from': 'Chiplet_1', 'to': 'Chiplet_5', 'connection_type': '2.5d_rdl', 'loc': '2.5d_chiplet'},{'from': 'Chiplet_4', 'to': 'Chiplet_2', 'connection_type': '2.5d_rdl', 'loc': '2.5d_chiplet'},{'from': 'Chiplet_4', 'to': 'Chiplet_5', 'connection_type': '2.5d_rdl', 'loc': '2.5d_chiplet'},{'from': 'Chiplet_4', 'to': 'Chiplet_6', 'connection_type': '2.5d_rdl', 'loc': '2.5d_chiplet'},{'from': 'Chiplet_4', 'to': 'Chiplet_3', 'connection_type': '2.5d_rdl', 'loc': '2.5d_chiplet'},{'from': 'Chiplet_4', 'to': 'Chiplet_1', 'connection_type': '2.5d_rdl', 'loc': '2.5d_chiplet'},{'from': 'Chiplet_2', 'to': 'Chiplet_6', 'connection_type': '2.5d_rdl', 'loc': '2.5d_chiplet'},{'from': 'Chiplet_2', 'to': 'Chiplet_4', 'connection_type': '2.5d_rdl', 'loc': '2.5d_chiplet'},{'from': 'Chiplet_3', 'to': 'Chiplet_4', 'connection_type': '2.5d_rdl', 'loc': '2.5d_chiplet'},{'from': 'Chiplet_3', 'to': 'Chiplet_6', 'connection_type': '2.5d_rdl', 'loc': '2.5d_chiplet'},{'from': 'Chiplet_3', 'to': 'Chiplet_1', 'connection_type': '2.5d_rdl', 'loc': '2.5d_chiplet'},{'from': 'Chiplet_6', 'to': 'Chiplet_2', 'connection_type': '2.5d_rdl', 'loc': '2.5d_chiplet'},{'from': 'Chiplet_6', 'to': 'Chiplet_3', 'connection_type': '2.5d_rdl', 'loc': '2.5d_chiplet'},{'from': 'Chiplet_6', 'to': 'Chiplet_4', 'connection_type': '2.5d_rdl', 'loc': '2.5d_chiplet'}",1,1,1,1,3,1,ddr4,ucie_std,na,1,0,os,1,0,0
369,20.009039039067254,2644163.08,159723.9389519421,138435560.0240744,41835.908976556726,20234.611939224164,369,4.1253109519999995,10.4826,4096,192x192,7,0.743226759447044,1.3845915837374998,512,64x64,10,1.4141952089375351,1.7054115854749998,512,64x64,14,0.552198,1.11875,768,64x64,7,3.5867297574793953,3.8395579270749995,2048,96x96,14,2.20879254,4.475,3072,128x128,7,2.5d,"{'from': 'Chiplet_1', 'to': 'Chiplet_2', 'connection_type': '2.5d_emib', 'loc': '2.5d_chiplet'},{'from': 'Chiplet_1', 'to': 'Chiplet_5', 'connection_type': '2.5d_emib', 'loc': '2.5d_chiplet'},{'from': 'Chiplet_1', 'to': 'Chiplet_3', 'connection_type': '2.5d_emib', 'loc': '2.5d_chiplet'},{'from': 'Chiplet_3', 'to': 'Chiplet_2', 'connection_type': '2.5d_emib', 'loc': '2.5d_chiplet'},{'from': 'Chiplet_3', 'to': 'Chiplet_1', 'connection_type': '2.5d_emib', 'loc': '2.5d_chiplet'},{'from': 'Chiplet_2', 'to': 'Chiplet_3', 'connection_type': '2.5d_emib', 'loc': '2.5d_chiplet'},{'from': 'Chiplet_2', 'to': 'Chiplet_1', 'connection_type': '2.5d_emib', 'loc': '2.5d_chiplet'},{'from': 'Chiplet_5', 'to': 'Chiplet_4', 'connection_type': '2.5d_emib', 'loc': '2.5d_chiplet'},{'from': 'Chiplet_5', 'to': 'Chiplet_6', 'connection_type': '2.5d_emib', 'loc': '2.5d_chiplet'},{'from': 'Chiplet_5', 'to': 'Chiplet_1', 'connection_type': '2.5d_emib', 'loc': '2.5d_chiplet'},{'from': 'Chiplet_6', 'to': 'Chiplet_5', 'connection_type': '2.5d_emib', 'loc': '2.5d_chiplet'},{'from': 'Chiplet_6', 'to': 'Chiplet_4', 'connection_type': '2.5d_emib', 'loc': '2.5d_chiplet'},{'from': 'Chiplet_4', 'to': 'Chiplet_5', 'connection_type': '2.5d_emib', 'loc': '2.5d_chiplet'},{'from': 'Chiplet_4', 'to': 'Chiplet_6', 'connection_type': '2.5d_emib', 'loc': '2.5d_chiplet'}",5,1,2,1,4,3,hbm3,ucie_adv,na,0,0,os,1,0,0
370,15.597248739458154,2728616.33,67855.947367861,141872335.57069874,35207.79206114043,22836.074377757715,370,4.1253109519999995,10.4826,4096,192x192,7,0.638803,1.11875,1024,64x64,7,0.784712696,2.51875,512,96x96,7,0.378988,1.11875,256,64x64,7,3.3193280905479132,5.538366334949999,3072,128x128,10,3.432469952,10.4826,2048,192x192,7,2.5d,"{'from': 'Chiplet_1', 'to': 'Chiplet_2', 'connection_type': '2.5d_rdl', 'loc': '2.5d_chiplet'},{'from': 'Chiplet_1', 'to': 'Chiplet_5', 'connection_type': '2.5d_rdl', 'loc': '2.5d_chiplet'},{'from': 'Chiplet_1', 'to': 'Chiplet_6', 'connection_type': '2.5d_rdl', 'loc': '2.5d_chiplet'},{'from': 'Chiplet_1', 'to': 'Chiplet_3', 'connection_type': '2.5d_rdl', 'loc': '2.5d_chiplet'},{'from': 'Chiplet_3', 'to': 'Chiplet_2', 'connection_type': '2.5d_rdl', 'loc': '2.5d_chiplet'},{'from': 'Chiplet_3', 'to': 'Chiplet_4', 'connection_type': '2.5d_rdl', 'loc': '2.5d_chiplet'},{'from': 'Chiplet_3', 'to': 'Chiplet_1', 'connection_type': '2.5d_rdl', 'loc': '2.5d_chiplet'},{'from': 'Chiplet_2', 'to': 'Chiplet_3', 'connection_type': '2.5d_rdl', 'loc': '2.5d_chiplet'},{'from': 'Chiplet_2', 'to': 'Chiplet_4', 'connection_type': '2.5d_rdl', 'loc': '2.5d_chiplet'},{'from': 'Chiplet_2', 'to': 'Chiplet_1', 'connection_type': '2.5d_rdl', 'loc': '2.5d_chiplet'},{'from': 'Chiplet_4', 'to': 'Chiplet_2', 'connection_type': '2.5d_rdl', 'loc': '2.5d_chiplet'},{'from': 'Chiplet_4', 'to': 'Chiplet_3', 'connection_type': '2.5d_rdl', 'loc': '2.5d_chiplet'},{'from': 'Chiplet_6', 'to': 'Chiplet_5', 'connection_type': '2.5d_rdl', 'loc': '2.5d_chiplet'},{'from': 'Chiplet_6', 'to': 'Chiplet_1', 'connection_type': '2.5d_rdl', 'loc': '2.5d_chiplet'},{'from': 'Chiplet_5', 'to': 'Chiplet_6', 'connection_type': '2.5d_rdl', 'loc': '2.5d_chiplet'},{'from': 'Chiplet_5', 'to': 'Chiplet_1', 'connection_type': '2.5d_rdl', 'loc': '2.5d_chiplet'}",5,1,1,1,4,4,hbm2,ucie_std,na,1,0,is,1,0,0
371,25.173390627013735,2587678.01,68203.49253800434,398006575.0414561,49273.740934219066,36077.49947096442,371,0.784712696,2.51875,512,96x96,7,6.726740457366197,12.973514847541198,4096,192x192,10,0.656621759447044,1.3845915837374998,256,64x64,10,6.315940422320179,6.821646341899999,3072,128x128,14,1.131132696,2.51875,1536,96x96,7,2.6264880905479133,5.538366334949999,1024,128x128,10,2.5d,"{'from': 'Chiplet_2', 'to': 'Chiplet_5', 'connection_type': '2.5d_rdl', 'loc': '2.5d_chiplet'},{'from': 'Chiplet_2', 'to': 'Chiplet_4', 'connection_type': '2.5d_rdl', 'loc': '2.5d_chiplet'},{'from': 'Chiplet_2', 'to': 'Chiplet_1', 'connection_type': '2.5d_rdl', 'loc': '2.5d_chiplet'},{'from': 'Chiplet_5', 'to': 'Chiplet_2', 'connection_type': '2.5d_rdl', 'loc': '2.5d_chiplet'},{'from': 'Chiplet_5', 'to': 'Chiplet_3', 'connection_type': '2.5d_rdl', 'loc': '2.5d_chiplet'},{'from': 'Chiplet_5', 'to': 'Chiplet_1', 'connection_type': '2.5d_rdl', 'loc': '2.5d_chiplet'},{'from': 'Chiplet_1', 'to': 'Chiplet_2', 'connection_type': '2.5d_rdl', 'loc': '2.5d_chiplet'},{'from': 'Chiplet_1', 'to': 'Chiplet_5', 'connection_type': '2.5d_rdl', 'loc': '2.5d_chiplet'},{'from': 'Chiplet_1', 'to': 'Chiplet_6', 'connection_type': '2.5d_rdl', 'loc': '2.5d_chiplet'},{'from': 'Chiplet_1', 'to': 'Chiplet_3', 'connection_type': '2.5d_rdl', 'loc': '2.5d_chiplet'},{'from': 'Chiplet_3', 'to': 'Chiplet_5', 'connection_type': '2.5d_rdl', 'loc': '2.5d_chiplet'},{'from': 'Chiplet_3', 'to': 'Chiplet_1', 'connection_type': '2.5d_rdl', 'loc': '2.5d_chiplet'},{'from': 'Chiplet_4', 'to': 'Chiplet_2', 'connection_type': '2.5d_rdl', 'loc': '2.5d_chiplet'},{'from': 'Chiplet_4', 'to': 'Chiplet_6', 'connection_type': '2.5d_rdl', 'loc': '2.5d_chiplet'},{'from': 'Chiplet_6', 'to': 'Chiplet_4', 'connection_type': '2.5d_rdl', 'loc': '2.5d_chiplet'},{'from': 'Chiplet_6', 'to': 'Chiplet_1', 'connection_type': '2.5d_rdl', 'loc': '2.5d_chiplet'}",1,2,1,2,1,1,ddr4,ucie_std,na,0,0,ws,1,0,0
372,42.03007966169894,4988680.92,192343.18779623532,157779223.61066565,20819.751778320428,20726.371772395312,372,6.315940422320179,6.821646341899999,3072,128x128,14,6.726740457366197,12.973514847541198,4096,192x192,10,0.784712696,2.51875,512,96x96,7,6.975099908490179,6.821646341899999,4096,128x128,14,1.51595254,4.475,1024,128x128,7,6.726740457366197,12.973514847541198,4096,192x192,10,2.5d,"{'from': 'Chiplet_4', 'to': 'Chiplet_2', 'connection_type': '2.5d_emib', 'loc': '2.5d_chiplet'},{'from': 'Chiplet_4', 'to': 'Chiplet_5', 'connection_type': '2.5d_emib', 'loc': '2.5d_chiplet'},{'from': 'Chiplet_4', 'to': 'Chiplet_1', 'connection_type': '2.5d_emib', 'loc': '2.5d_chiplet'},{'from': 'Chiplet_1', 'to': 'Chiplet_5', 'connection_type': '2.5d_emib', 'loc': '2.5d_chiplet'},{'from': 'Chiplet_1', 'to': 'Chiplet_6', 'connection_type': '2.5d_emib', 'loc': '2.5d_chiplet'},{'from': 'Chiplet_1', 'to': 'Chiplet_4', 'connection_type': '2.5d_emib', 'loc': '2.5d_chiplet'},{'from': 'Chiplet_5', 'to': 'Chiplet_4', 'connection_type': '2.5d_emib', 'loc': '2.5d_chiplet'},{'from': 'Chiplet_5', 'to': 'Chiplet_1', 'connection_type': '2.5d_emib', 'loc': '2.5d_chiplet'},{'from': 'Chiplet_2', 'to': 'Chiplet_3', 'connection_type': '2.5d_emib', 'loc': '2.5d_chiplet'},{'from': 'Chiplet_2', 'to': 'Chiplet_4', 'connection_type': '2.5d_emib', 'loc': '2.5d_chiplet'},{'from': 'Chiplet_2', 'to': 'Chiplet_6', 'connection_type': '2.5d_emib', 'loc': '2.5d_chiplet'},{'from': 'Chiplet_3', 'to': 'Chiplet_2', 'connection_type': '2.5d_emib', 'loc': '2.5d_chiplet'},{'from': 'Chiplet_3', 'to': 'Chiplet_6', 'connection_type': '2.5d_emib', 'loc': '2.5d_chiplet'},{'from': 'Chiplet_6', 'to': 'Chiplet_2', 'connection_type': '2.5d_emib', 'loc': '2.5d_chiplet'},{'from': 'Chiplet_6', 'to': 'Chiplet_3', 'connection_type': '2.5d_emib', 'loc': '2.5d_chiplet'},{'from': 'Chiplet_6', 'to': 'Chiplet_1', 'connection_type': '2.5d_emib', 'loc': '2.5d_chiplet'}",3,4,1,4,1,3,hbm2,ucie_adv,na,1,0,is,1,0,0
373,31.53559743516847,3285254.43,88541.2878309398,642172509.578749,20187.777777777777,25140.69996216023,373,4.818150952,10.4826,6144,192x192,7,1.5385781800824634,3.1172648505374996,1024,96x96,10,0.916436759447044,1.3845915837374998,1024,64x64,10,14.117807839976791,15.979573171754398,6144,192x192,14,0.378988,1.11875,256,64x64,7,2.597993382379395,3.8395579270749995,512,96x96,14,2.5d,"{'from': 'Chiplet_4', 'to': 'Chiplet_6', 'connection_type': '2.5d_rdl', 'loc': '2.5d_chiplet'},{'from': 'Chiplet_4', 'to': 'Chiplet_1', 'connection_type': '2.5d_rdl', 'loc': '2.5d_chiplet'},{'from': 'Chiplet_1', 'to': 'Chiplet_2', 'connection_type': '2.5d_rdl', 'loc': '2.5d_chiplet'},{'from': 'Chiplet_1', 'to': 'Chiplet_5', 'connection_type': '2.5d_rdl', 'loc': '2.5d_chiplet'},{'from': 'Chiplet_1', 'to': 'Chiplet_4', 'connection_type': '2.5d_rdl', 'loc': '2.5d_chiplet'},{'from': 'Chiplet_1', 'to': 'Chiplet_6', 'connection_type': '2.5d_rdl', 'loc': '2.5d_chiplet'},{'from': 'Chiplet_5', 'to': 'Chiplet_2', 'connection_type': '2.5d_rdl', 'loc': '2.5d_chiplet'},{'from': 'Chiplet_5', 'to': 'Chiplet_1', 'connection_type': '2.5d_rdl', 'loc': '2.5d_chiplet'},{'from': 'Chiplet_6', 'to': 'Chiplet_2', 'connection_type': '2.5d_rdl', 'loc': '2.5d_chiplet'},{'from': 'Chiplet_6', 'to': 'Chiplet_3', 'connection_type': '2.5d_rdl', 'loc': '2.5d_chiplet'},{'from': 'Chiplet_6', 'to': 'Chiplet_4', 'connection_type': '2.5d_rdl', 'loc': '2.5d_chiplet'},{'from': 'Chiplet_6', 'to': 'Chiplet_1', 'connection_type': '2.5d_rdl', 'loc': '2.5d_chiplet'},{'from': 'Chiplet_2', 'to': 'Chiplet_5', 'connection_type': '2.5d_rdl', 'loc': '2.5d_chiplet'},{'from': 'Chiplet_2', 'to': 'Chiplet_6', 'connection_type': '2.5d_rdl', 'loc': '2.5d_chiplet'},{'from': 'Chiplet_2', 'to': 'Chiplet_1', 'connection_type': '2.5d_rdl', 'loc': '2.5d_chiplet'},{'from': 'Chiplet_2', 'to': 'Chiplet_3', 'connection_type': '2.5d_rdl', 'loc': '2.5d_chiplet'},{'from': 'Chiplet_3', 'to': 'Chiplet_2', 'connection_type': '2.5d_rdl', 'loc': '2.5d_chiplet'},{'from': 'Chiplet_3', 'to': 'Chiplet_6', 'connection_type': '2.5d_rdl', 'loc': '2.5d_chiplet'}",1,1,1,3,1,1,ddr4,ucie_std,na,0,0,is,0,0,0
374,20.019306278011477,3798893.12,105411.5438998797,161109181.2629238,6918.359788359789,7827.136592590688,374,1.4141952089375351,1.7054115854749998,512,64x64,14,0.829831759447044,1.3845915837374998,768,64x64,10,11.481175603606792,15.979573171754398,2048,192x192,14,3.665749090547913,5.538366334949999,4096,128x128,10,5.656782838920179,6.821646341899999,2048,128x128,14,5.656782838920179,6.821646341899999,2048,128x128,14,2.5d_3d,"{'from': 'Chiplet_6', 'to': 'Chiplet_5', 'connection_type': '3d_hyb_bond', 'loc': 'stack0_base'},{'from': 'Chiplet_5', 'to': 'Chiplet_4', 'connection_type': '3d_hyb_bond', 'loc': 'stack0_middle1'},{'from': 'Chiplet_4', 'to': 'Chiplet_1', 'connection_type': '3d_hyb_bond', 'loc': 'stack0_middle2'},{'from': 'Chiplet_1', 'to': 'Chiplet_2', 'connection_type': '3d_hyb_bond', 'loc': 'stack0_middle3'},{'from': 'Chiplet_2', 'to': 'na', 'connection_type': '3d_hyb_bond', 'loc': 'stack0_top'},{'from': 'Chiplet_3', 'to': 'Chiplet_6', 'connection_type': '2.5d_rdl', 'loc': '2.5d_chiplet'},{'from': 'Chiplet_6', 'to': 'Chiplet_3', 'connection_type': '2.5d_rdl', 'loc': '2.5d_chiplet'}",1,1,6,2,3,3,hbm3,ucie_std,ucie_3d,1,0,os,0,0,0
375,11.522056905883776,3673847.3,104082.85380821361,164877689.77989304,16702.232552530877,14861.148875055156,375,1.86237254,4.475,2048,128x128,7,0.638803,1.11875,1024,64x64,7,7.419580457366196,12.973514847541198,6144,192x192,10,0.784712696,2.51875,512,96x96,7,2.20879254,4.475,3072,128x128,7,7.419580457366196,12.973514847541198,6144,192x192,10,2.5d_3d,"{'from': 'Chiplet_6', 'to': 'Chiplet_3', 'connection_type': '3d_u_bump', 'loc': 'stack0_base'},{'from': 'Chiplet_3', 'to': 'Chiplet_5', 'connection_type': '3d_u_bump', 'loc': 'stack0_middle1'},{'from': 'Chiplet_5', 'to': 'Chiplet_4', 'connection_type': '3d_u_bump', 'loc': 'stack0_middle2'},{'from': 'Chiplet_4', 'to': 'Chiplet_2', 'connection_type': '3d_u_bump', 'loc': 'stack0_middle3'},{'from': 'Chiplet_2', 'to': 'na', 'connection_type': '3d_u_bump', 'loc': 'stack0_top'},{'from': 'Chiplet_6', 'to': 'Chiplet_1', 'connection_type': '2.5d_rdl', 'loc': '2.5d_chiplet'},{'from': 'Chiplet_1', 'to': 'Chiplet_6', 'connection_type': '2.5d_rdl', 'loc': '2.5d_chiplet'}",1,1,6,1,2,5,hbm2,ucie_std,ucie_3d,1,0,ws,1,0,0
376,17.165022441381115,4488631.01,134640.64296139282,169765899.08582377,15739.839615892104,15691.735327634156,376,6.033899457366197,12.973514847541198,2048,192x192,10,2.55521354,4.475,4096,128x128,7,1.304342696,2.51875,2048,96x96,7,4.818150952,10.4826,6144,192x192,7,4.1253109519999995,10.4826,4096,192x192,7,1.131132696,2.51875,1536,96x96,7,2.5d_3d,"{'from': 'Chiplet_1', 'to': 'Chiplet_5', 'connection_type': '3d_tsv', 'loc': 'stack0_base'},{'from': 'Chiplet_5', 'to': 'Chiplet_2', 'connection_type': '3d_tsv', 'loc': 'stack0_middle1'},{'from': 'Chiplet_2', 'to': 'Chiplet_3', 'connection_type': '3d_tsv', 'loc': 'stack0_middle2'},{'from': 'Chiplet_3', 'to': 'na', 'connection_type': '3d_tsv', 'loc': 'stack0_top'},{'from': 'Chiplet_1', 'to': 'Chiplet_6', 'connection_type': '2.5d_emib', 'loc': '2.5d_chiplet'},{'from': 'Chiplet_1', 'to': 'Chiplet_4', 'connection_type': '2.5d_emib', 'loc': '2.5d_chiplet'},{'from': 'Chiplet_4', 'to': 'Chiplet_6', 'connection_type': '2.5d_emib', 'loc': '2.5d_chiplet'},{'from': 'Chiplet_4', 'to': 'Chiplet_1', 'connection_type': '2.5d_emib', 'loc': '2.5d_chiplet'},{'from': 'Chiplet_6', 'to': 'Chiplet_4', 'connection_type': '2.5d_emib', 'loc': '2.5d_chiplet'},{'from': 'Chiplet_6', 'to': 'Chiplet_1', 'connection_type': '2.5d_emib', 'loc': '2.5d_chiplet'}",5,2,1,4,3,1,hbm2,bow,ucie_3d,0,0,os,1,0,0
377,41.68136026084819,5493714.06,173737.53030745295,187946189.19793725,9756.177606177607,10869.81508750062,377,15.436124909546791,15.979573171754398,8192,192x192,14,2.55521354,4.475,4096,128x128,7,1.743774000637535,1.7054115854749998,1024,64x64,14,6.975099908490179,6.821646341899999,4096,128x128,14,2.6264880905479133,5.538366334949999,1024,128x128,10,5.656782838920179,6.821646341899999,2048,128x128,14,2.5d_3d,"{'from': 'Chiplet_1', 'to': 'Chiplet_5', 'connection_type': '3d_tsv', 'loc': 'stack0_base'},{'from': 'Chiplet_5', 'to': 'na', 'connection_type': '3d_tsv', 'loc': 'stack0_top'},{'from': 'Chiplet_1', 'to': 'Chiplet_6', 'connection_type': '2.5d_emib', 'loc': '2.5d_chiplet'},{'from': 'Chiplet_1', 'to': 'Chiplet_4', 'connection_type': '2.5d_emib', 'loc': '2.5d_chiplet'},{'from': 'Chiplet_4', 'to': 'Chiplet_2', 'connection_type': '2.5d_emib', 'loc': '2.5d_chiplet'},{'from': 'Chiplet_4', 'to': 'Chiplet_3', 'connection_type': '2.5d_emib', 'loc': '2.5d_chiplet'},{'from': 'Chiplet_4', 'to': 'Chiplet_6', 'connection_type': '2.5d_emib', 'loc': '2.5d_chiplet'},{'from': 'Chiplet_4', 'to': 'Chiplet_1', 'connection_type': '2.5d_emib', 'loc': '2.5d_chiplet'},{'from': 'Chiplet_3', 'to': 'Chiplet_2', 'connection_type': '2.5d_emib', 'loc': '2.5d_chiplet'},{'from': 'Chiplet_3', 'to': 'Chiplet_4', 'connection_type': '2.5d_emib', 'loc': '2.5d_chiplet'},{'from': 'Chiplet_6', 'to': 'Chiplet_2', 'connection_type': '2.5d_emib', 'loc': '2.5d_chiplet'},{'from': 'Chiplet_6', 'to': 'Chiplet_4', 'connection_type': '2.5d_emib', 'loc': '2.5d_chiplet'},{'from': 'Chiplet_6', 'to': 'Chiplet_1', 'connection_type': '2.5d_emib', 'loc': '2.5d_chiplet'},{'from': 'Chiplet_2', 'to': 'Chiplet_4', 'connection_type': '2.5d_emib', 'loc': '2.5d_chiplet'},{'from': 'Chiplet_2', 'to': 'Chiplet_6', 'connection_type': '2.5d_emib', 'loc': '2.5d_chiplet'},{'from': 'Chiplet_2', 'to': 'Chiplet_3', 'connection_type': '2.5d_emib', 'loc': '2.5d_chiplet'}",7,1,1,3,1,3,hbm3,bow,ucie_3d,0,0,ws,0,0,0
378,16.73313645279513,2491282.65,158665.80391553685,148049160.62565577,44756.79337856242,24024.247545583665,378,0.784712696,2.51875,512,96x96,7,1.86237254,4.475,2048,128x128,7,0.784712696,2.51875,512,96x96,7,1.4141952089375351,1.7054115854749998,512,64x64,14,7.419580457366196,12.973514847541198,6144,192x192,10,1.4141952089375351,1.7054115854749998,512,64x64,14,2.5d,"{'from': 'Chiplet_5', 'to': 'Chiplet_2', 'connection_type': '2.5d_emib', 'loc': '2.5d_chiplet'},{'from': 'Chiplet_5', 'to': 'Chiplet_4', 'connection_type': '2.5d_emib', 'loc': '2.5d_chiplet'},{'from': 'Chiplet_2', 'to': 'Chiplet_4', 'connection_type': '2.5d_emib', 'loc': '2.5d_chiplet'},{'from': 'Chiplet_2', 'to': 'Chiplet_5', 'connection_type': '2.5d_emib', 'loc': '2.5d_chiplet'},{'from': 'Chiplet_2', 'to': 'Chiplet_6', 'connection_type': '2.5d_emib', 'loc': '2.5d_chiplet'},{'from': 'Chiplet_2', 'to': 'Chiplet_3', 'connection_type': '2.5d_emib', 'loc': '2.5d_chiplet'},{'from': 'Chiplet_2', 'to': 'Chiplet_1', 'connection_type': '2.5d_emib', 'loc': '2.5d_chiplet'},{'from': 'Chiplet_1', 'to': 'Chiplet_2', 'connection_type': '2.5d_emib', 'loc': '2.5d_chiplet'},{'from': 'Chiplet_1', 'to': 'Chiplet_3', 'connection_type': '2.5d_emib', 'loc': '2.5d_chiplet'},{'from': 'Chiplet_3', 'to': 'Chiplet_2', 'connection_type': '2.5d_emib', 'loc': '2.5d_chiplet'},{'from': 'Chiplet_3', 'to': 'Chiplet_1', 'connection_type': '2.5d_emib', 'loc': '2.5d_chiplet'},{'from': 'Chiplet_4', 'to': 'Chiplet_2', 'connection_type': '2.5d_emib', 'loc': '2.5d_chiplet'},{'from': 'Chiplet_4', 'to': 'Chiplet_5', 'connection_type': '2.5d_emib', 'loc': '2.5d_chiplet'},{'from': 'Chiplet_4', 'to': 'Chiplet_6', 'connection_type': '2.5d_emib', 'loc': '2.5d_chiplet'},{'from': 'Chiplet_6', 'to': 'Chiplet_2', 'connection_type': '2.5d_emib', 'loc': '2.5d_chiplet'},{'from': 'Chiplet_6', 'to': 'Chiplet_4', 'connection_type': '2.5d_emib', 'loc': '2.5d_chiplet'}",1,2,1,2,9,1,hbm3,ucie_adv,na,0,0,ws,1,0,0
379,34.68065942522533,4597444.75,91833.17136570252,229781654.3214038,13232.500000000002,13043.145955686232,379,0.743226759447044,1.3845915837374998,512,64x64,10,1.51595254,4.475,1024,128x128,7,1.5385781800824634,3.1172648505374996,1024,96x96,10,15.436124909546791,15.979573171754398,8192,192x192,14,5.656782838920179,6.821646341899999,2048,128x128,14,2.20879254,4.475,3072,128x128,7,2.5d_3d,"{'from': 'Chiplet_5', 'to': 'Chiplet_2', 'connection_type': '3d_u_bump', 'loc': 'stack0_base'},{'from': 'Chiplet_2', 'to': 'Chiplet_1', 'connection_type': '3d_u_bump', 'loc': 'stack0_middle1'},{'from': 'Chiplet_1', 'to': 'na', 'connection_type': '3d_u_bump', 'loc': 'stack0_top'},{'from': 'Chiplet_4', 'to': 'Chiplet_5', 'connection_type': '2.5d_rdl', 'loc': '2.5d_chiplet'},{'from': 'Chiplet_4', 'to': 'Chiplet_6', 'connection_type': '2.5d_rdl', 'loc': '2.5d_chiplet'},{'from': 'Chiplet_5', 'to': 'Chiplet_6', 'connection_type': '2.5d_rdl', 'loc': '2.5d_chiplet'},{'from': 'Chiplet_5', 'to': 'Chiplet_4', 'connection_type': '2.5d_rdl', 'loc': '2.5d_chiplet'},{'from': 'Chiplet_5', 'to': 'Chiplet_3', 'connection_type': '2.5d_rdl', 'loc': '2.5d_chiplet'},{'from': 'Chiplet_6', 'to': 'Chiplet_3', 'connection_type': '2.5d_rdl', 'loc': '2.5d_chiplet'},{'from': 'Chiplet_6', 'to': 'Chiplet_4', 'connection_type': '2.5d_rdl', 'loc': '2.5d_chiplet'},{'from': 'Chiplet_6', 'to': 'Chiplet_5', 'connection_type': '2.5d_rdl', 'loc': '2.5d_chiplet'},{'from': 'Chiplet_3', 'to': 'Chiplet_5', 'connection_type': '2.5d_rdl', 'loc': '2.5d_chiplet'},{'from': 'Chiplet_3', 'to': 'Chiplet_6', 'connection_type': '2.5d_rdl', 'loc': '2.5d_chiplet'}",1,1,1,9,3,1,hbm2,ucie_std,ucie_3d,0,0,ws,0,0,0
380,24.794675439576285,2522601.79,59129.988030919085,175031716.10613942,12407.0,8880.440518563275,380,11.481175603606792,15.979573171754398,2048,192x192,14,0.916436759447044,1.3845915837374998,1024,64x64,10,3.5867297574793953,3.8395579270749995,2048,96x96,14,0.378988,1.11875,256,64x64,7,0.46559300000000003,1.11875,512,64x64,7,0.656621759447044,1.3845915837374998,256,64x64,10,2.5d,"{'from': 'Chiplet_1', 'to': 'Chiplet_2', 'connection_type': '2.5d_rdl', 'loc': '2.5d_chiplet'},{'from': 'Chiplet_1', 'to': 'Chiplet_3', 'connection_type': '2.5d_rdl', 'loc': '2.5d_chiplet'},{'from': 'Chiplet_1', 'to': 'Chiplet_4', 'connection_type': '2.5d_rdl', 'loc': '2.5d_chiplet'},{'from': 'Chiplet_3', 'to': 'Chiplet_2', 'connection_type': '2.5d_rdl', 'loc': '2.5d_chiplet'},{'from': 'Chiplet_3', 'to': 'Chiplet_6', 'connection_type': '2.5d_rdl', 'loc': '2.5d_chiplet'},{'from': 'Chiplet_3', 'to': 'Chiplet_1', 'connection_type': '2.5d_rdl', 'loc': '2.5d_chiplet'},{'from': 'Chiplet_2', 'to': 'Chiplet_4', 'connection_type': '2.5d_rdl', 'loc': '2.5d_chiplet'},{'from': 'Chiplet_2', 'to': 'Chiplet_5', 'connection_type': '2.5d_rdl', 'loc': '2.5d_chiplet'},{'from': 'Chiplet_2', 'to': 'Chiplet_6', 'connection_type': '2.5d_rdl', 'loc': '2.5d_chiplet'},{'from': 'Chiplet_2', 'to': 'Chiplet_3', 'connection_type': '2.5d_rdl', 'loc': '2.5d_chiplet'},{'from': 'Chiplet_2', 'to': 'Chiplet_1', 'connection_type': '2.5d_rdl', 'loc': '2.5d_chiplet'},{'from': 'Chiplet_4', 'to': 'Chiplet_2', 'connection_type': '2.5d_rdl', 'loc': '2.5d_chiplet'},{'from': 'Chiplet_4', 'to': 'Chiplet_1', 'connection_type': '2.5d_rdl', 'loc': '2.5d_chiplet'},{'from': 'Chiplet_6', 'to': 'Chiplet_2', 'connection_type': '2.5d_rdl', 'loc': '2.5d_chiplet'},{'from': 'Chiplet_6', 'to': 'Chiplet_3', 'connection_type': '2.5d_rdl', 'loc': '2.5d_chiplet'},{'from': 'Chiplet_6', 'to': 'Chiplet_5', 'connection_type': '2.5d_rdl', 'loc': '2.5d_chiplet'},{'from': 'Chiplet_5', 'to': 'Chiplet_2', 'connection_type': '2.5d_rdl', 'loc': '2.5d_chiplet'},{'from': 'Chiplet_5', 'to': 'Chiplet_6', 'connection_type': '2.5d_rdl', 'loc': '2.5d_chiplet'}",10,1,2,1,1,1,hbm2,ucie_std,na,1,0,os,0,0,0
381,44.43768001709907,5577275.65,116860.55452703728,625350764.8922163,10879.248366013073,23270.27544800946,381,7.419580457366196,12.973514847541198,6144,192x192,10,7.419580457366196,12.973514847541198,6144,192x192,10,1.8849981800824636,3.1172648505374996,2048,96x96,10,7.419580457366196,12.973514847541198,6144,192x192,10,6.726740457366197,12.973514847541198,4096,192x192,10,3.2571509657793953,3.8395579270749995,1536,96x96,14,2.5d_3d,"{'from': 'Chiplet_5', 'to': 'Chiplet_3', 'connection_type': '3d_u_bump', 'loc': 'stack0_base'},{'from': 'Chiplet_3', 'to': 'na', 'connection_type': '3d_u_bump', 'loc': 'stack0_top'},{'from': 'Chiplet_1', 'to': 'Chiplet_2', 'connection_type': '2.5d_rdl', 'loc': '2.5d_chiplet'},{'from': 'Chiplet_1', 'to': 'Chiplet_4', 'connection_type': '2.5d_rdl', 'loc': '2.5d_chiplet'},{'from': 'Chiplet_4', 'to': 'Chiplet_5', 'connection_type': '2.5d_rdl', 'loc': '2.5d_chiplet'},{'from': 'Chiplet_4', 'to': 'Chiplet_1', 'connection_type': '2.5d_rdl', 'loc': '2.5d_chiplet'},{'from': 'Chiplet_2', 'to': 'Chiplet_5', 'connection_type': '2.5d_rdl', 'loc': '2.5d_chiplet'},{'from': 'Chiplet_2', 'to': 'Chiplet_6', 'connection_type': '2.5d_rdl', 'loc': '2.5d_chiplet'},{'from': 'Chiplet_2', 'to': 'Chiplet_1', 'connection_type': '2.5d_rdl', 'loc': '2.5d_chiplet'},{'from': 'Chiplet_5', 'to': 'Chiplet_2', 'connection_type': '2.5d_rdl', 'loc': '2.5d_chiplet'},{'from': 'Chiplet_5', 'to': 'Chiplet_6', 'connection_type': '2.5d_rdl', 'loc': '2.5d_chiplet'},{'from': 'Chiplet_5', 'to': 'Chiplet_4', 'connection_type': '2.5d_rdl', 'loc': '2.5d_chiplet'},{'from': 'Chiplet_6', 'to': 'Chiplet_2', 'connection_type': '2.5d_rdl', 'loc': '2.5d_chiplet'},{'from': 'Chiplet_6', 'to': 'Chiplet_5', 'connection_type': '2.5d_rdl', 'loc': '2.5d_chiplet'}",2,2,1,1,1,1,ddr4,ucie_std,ucie_3d,0,0,os,0,0,0
382,13.59730337885242,2663891.36,112405.11788248463,291276415.0545076,17190.550236231775,15326.778430796918,382,4.9976252555201786,6.821646341899999,1024,128x128,14,3.3193280905479132,5.538366334949999,3072,128x128,10,1.5385781800824634,3.1172648505374996,1024,96x96,10,0.46559300000000003,1.11875,512,64x64,7,2.55521354,4.475,4096,128x128,7,3.432469952,10.4826,2048,192x192,7,2.5d_3d,"{'from': 'Chiplet_6', 'to': 'Chiplet_5', 'connection_type': '3d_u_bump', 'loc': 'stack0_base'},{'from': 'Chiplet_5', 'to': 'Chiplet_3', 'connection_type': '3d_u_bump', 'loc': 'stack0_middle1'},{'from': 'Chiplet_3', 'to': 'Chiplet_4', 'connection_type': '3d_u_bump', 'loc': 'stack0_middle2'},{'from': 'Chiplet_4', 'to': 'na', 'connection_type': '3d_u_bump', 'loc': 'stack0_top'},{'from': 'Chiplet_1', 'to': 'Chiplet_2', 'connection_type': '2.5d_emib', 'loc': '2.5d_chiplet'},{'from': 'Chiplet_1', 'to': 'Chiplet_6', 'connection_type': '2.5d_emib', 'loc': '2.5d_chiplet'},{'from': 'Chiplet_6', 'to': 'Chiplet_2', 'connection_type': '2.5d_emib', 'loc': '2.5d_chiplet'},{'from': 'Chiplet_6', 'to': 'Chiplet_1', 'connection_type': '2.5d_emib', 'loc': '2.5d_chiplet'},{'from': 'Chiplet_2', 'to': 'Chiplet_6', 'connection_type': '2.5d_emib', 'loc': '2.5d_chiplet'},{'from': 'Chiplet_2', 'to': 'Chiplet_1', 'connection_type': '2.5d_emib', 'loc': '2.5d_chiplet'}",2,1,1,1,1,2,ddr5,bow,ucie_3d,1,0,ws,1,0,0
383,26.469507613714462,2439462.69,51416.08715277134,145060900.7660647,66170.10027301262,28151.821957308275,383,2.972908090547913,5.538366334949999,2048,128x128,10,5.656782838920179,6.821646341899999,2048,128x128,14,0.378988,1.11875,256,64x64,7,2.927572174079395,3.8395579270749995,1024,96x96,14,0.638803,1.11875,1024,64x64,7,0.957922696,2.51875,1024,96x96,7,2.5d,"{'from': 'Chiplet_2', 'to': 'Chiplet_6', 'connection_type': '2.5d_rdl', 'loc': '2.5d_chiplet'},{'from': 'Chiplet_2', 'to': 'Chiplet_1', 'connection_type': '2.5d_rdl', 'loc': '2.5d_chiplet'},{'from': 'Chiplet_6', 'to': 'Chiplet_2', 'connection_type': '2.5d_rdl', 'loc': '2.5d_chiplet'},{'from': 'Chiplet_6', 'to': 'Chiplet_1', 'connection_type': '2.5d_rdl', 'loc': '2.5d_chiplet'},{'from': 'Chiplet_1', 'to': 'Chiplet_2', 'connection_type': '2.5d_rdl', 'loc': '2.5d_chiplet'},{'from': 'Chiplet_1', 'to': 'Chiplet_3', 'connection_type': '2.5d_rdl', 'loc': '2.5d_chiplet'},{'from': 'Chiplet_1', 'to': 'Chiplet_6', 'connection_type': '2.5d_rdl', 'loc': '2.5d_chiplet'},{'from': 'Chiplet_1', 'to': 'Chiplet_4', 'connection_type': '2.5d_rdl', 'loc': '2.5d_chiplet'},{'from': 'Chiplet_3', 'to': 'Chiplet_5', 'connection_type': '2.5d_rdl', 'loc': '2.5d_chiplet'},{'from': 'Chiplet_3', 'to': 'Chiplet_1', 'connection_type': '2.5d_rdl', 'loc': '2.5d_chiplet'},{'from': 'Chiplet_4', 'to': 'Chiplet_5', 'connection_type': '2.5d_rdl', 'loc': '2.5d_chiplet'},{'from': 'Chiplet_4', 'to': 'Chiplet_1', 'connection_type': '2.5d_rdl', 'loc': '2.5d_chiplet'},{'from': 'Chiplet_5', 'to': 'Chiplet_3', 'connection_type': '2.5d_rdl', 'loc': '2.5d_chiplet'},{'from': 'Chiplet_5', 'to': 'Chiplet_4', 'connection_type': '2.5d_rdl', 'loc': '2.5d_chiplet'}",3,7,1,3,1,1,hbm2,ucie_std,na,0,0,os,1,0,0
384,10.906041425909576,1335507.28,137238.97106468398,231379969.7424543,16955.0,7959.07109301068,384,0.638803,1.11875,1024,64x64,7,0.552198,1.11875,768,64x64,7,1.8849981800824636,3.1172648505374996,2048,96x96,10,1.7117881800824635,3.1172648505374996,1536,96x96,10,1.578984604787535,1.7054115854749998,768,64x64,14,1.249405813087535,1.7054115854749998,256,64x64,14,2.5d,"{'from': 'Chiplet_3', 'to': 'Chiplet_6', 'connection_type': '2.5d_emib', 'loc': '2.5d_chiplet'},{'from': 'Chiplet_3', 'to': 'Chiplet_4', 'connection_type': '2.5d_emib', 'loc': '2.5d_chiplet'},{'from': 'Chiplet_3', 'to': 'Chiplet_1', 'connection_type': '2.5d_emib', 'loc': '2.5d_chiplet'},{'from': 'Chiplet_6', 'to': 'Chiplet_3', 'connection_type': '2.5d_emib', 'loc': '2.5d_chiplet'},{'from': 'Chiplet_6', 'to': 'Chiplet_1', 'connection_type': '2.5d_emib', 'loc': '2.5d_chiplet'},{'from': 'Chiplet_1', 'to': 'Chiplet_3', 'connection_type': '2.5d_emib', 'loc': '2.5d_chiplet'},{'from': 'Chiplet_1', 'to': 'Chiplet_6', 'connection_type': '2.5d_emib', 'loc': '2.5d_chiplet'},{'from': 'Chiplet_4', 'to': 'Chiplet_2', 'connection_type': '2.5d_emib', 'loc': '2.5d_chiplet'},{'from': 'Chiplet_4', 'to': 'Chiplet_3', 'connection_type': '2.5d_emib', 'loc': '2.5d_chiplet'},{'from': 'Chiplet_4', 'to': 'Chiplet_5', 'connection_type': '2.5d_emib', 'loc': '2.5d_chiplet'},{'from': 'Chiplet_5', 'to': 'Chiplet_2', 'connection_type': '2.5d_emib', 'loc': '2.5d_chiplet'},{'from': 'Chiplet_5', 'to': 'Chiplet_4', 'connection_type': '2.5d_emib', 'loc': '2.5d_chiplet'},{'from': 'Chiplet_2', 'to': 'Chiplet_5', 'connection_type': '2.5d_emib', 'loc': '2.5d_chiplet'},{'from': 'Chiplet_2', 'to': 'Chiplet_4', 'connection_type': '2.5d_emib', 'loc': '2.5d_chiplet'}",1,1,4,4,3,3,hbm2,aib,na,0,0,os,0,0,0
385,13.99169430469784,1638054.35,148250.23714095386,308983874.7528268,126432.05281279075,53487.72244660563,385,1.51595254,4.475,1024,128x128,7,1.131132696,2.51875,1536,96x96,7,0.552198,1.11875,768,64x64,7,2.6264880905479133,5.538366334949999,1024,128x128,10,2.6264880905479133,5.538366334949999,1024,128x128,10,0.829831759447044,1.3845915837374998,768,64x64,10,2.5d,"{'from': 'Chiplet_4', 'to': 'Chiplet_5', 'connection_type': '2.5d_emib', 'loc': '2.5d_chiplet'},{'from': 'Chiplet_4', 'to': 'Chiplet_1', 'connection_type': '2.5d_emib', 'loc': '2.5d_chiplet'},{'from': 'Chiplet_4', 'to': 'Chiplet_3', 'connection_type': '2.5d_emib', 'loc': '2.5d_chiplet'},{'from': 'Chiplet_1', 'to': 'Chiplet_3', 'connection_type': '2.5d_emib', 'loc': '2.5d_chiplet'},{'from': 'Chiplet_1', 'to': 'Chiplet_4', 'connection_type': '2.5d_emib', 'loc': '2.5d_chiplet'},{'from': 'Chiplet_3', 'to': 'Chiplet_4', 'connection_type': '2.5d_emib', 'loc': '2.5d_chiplet'},{'from': 'Chiplet_3', 'to': 'Chiplet_1', 'connection_type': '2.5d_emib', 'loc': '2.5d_chiplet'},{'from': 'Chiplet_5', 'to': 'Chiplet_2', 'connection_type': '2.5d_emib', 'loc': '2.5d_chiplet'},{'from': 'Chiplet_5', 'to': 'Chiplet_6', 'connection_type': '2.5d_emib', 'loc': '2.5d_chiplet'},{'from': 'Chiplet_5', 'to': 'Chiplet_4', 'connection_type': '2.5d_emib', 'loc': '2.5d_chiplet'},{'from': 'Chiplet_2', 'to': 'Chiplet_5', 'connection_type': '2.5d_emib', 'loc': '2.5d_chiplet'},{'from': 'Chiplet_2', 'to': 'Chiplet_6', 'connection_type': '2.5d_emib', 'loc': '2.5d_chiplet'},{'from': 'Chiplet_6', 'to': 'Chiplet_2', 'connection_type': '2.5d_emib', 'loc': '2.5d_chiplet'},{'from': 'Chiplet_6', 'to': 'Chiplet_5', 'connection_type': '2.5d_emib', 'loc': '2.5d_chiplet'}",1,1,1,2,2,1,ddr5,ucie_adv,na,0,0,ws,1,0,0
386,14.556993160324813,2187951.75,63104.10210542503,343154753.3455134,105925.79513171186,47415.5890854305,386,6.975099908490179,6.821646341899999,4096,128x128,14,0.46559300000000003,1.11875,512,64x64,7,1.86237254,4.475,2048,128x128,7,1.86237254,4.475,2048,128x128,7,1.131132696,2.51875,1536,96x96,7,1.249405813087535,1.7054115854749998,256,64x64,14,2.5d_3d,"{'from': 'Chiplet_4', 'to': 'Chiplet_6', 'connection_type': '3d_hyb_bond', 'loc': 'stack0_base'},{'from': 'Chiplet_6', 'to': 'Chiplet_5', 'connection_type': '3d_hyb_bond', 'loc': 'stack0_middle1'},{'from': 'Chiplet_5', 'to': 'Chiplet_2', 'connection_type': '3d_hyb_bond', 'loc': 'stack0_middle2'},{'from': 'Chiplet_2', 'to': 'na', 'connection_type': '3d_hyb_bond', 'loc': 'stack0_top'},{'from': 'Chiplet_1', 'to': 'Chiplet_3', 'connection_type': '2.5d_rdl', 'loc': '2.5d_chiplet'},{'from': 'Chiplet_1', 'to': 'Chiplet_4', 'connection_type': '2.5d_rdl', 'loc': '2.5d_chiplet'},{'from': 'Chiplet_3', 'to': 'Chiplet_4', 'connection_type': '2.5d_rdl', 'loc': '2.5d_chiplet'},{'from': 'Chiplet_3', 'to': 'Chiplet_1', 'connection_type': '2.5d_rdl', 'loc': '2.5d_chiplet'},{'from': 'Chiplet_4', 'to': 'Chiplet_3', 'connection_type': '2.5d_rdl', 'loc': '2.5d_chiplet'},{'from': 'Chiplet_4', 'to': 'Chiplet_1', 'connection_type': '2.5d_rdl', 'loc': '2.5d_chiplet'}",3,1,1,1,1,1,ddr5,ucie_std,ucie_3d,1,0,os,1,0,0
387,15.127913208645568,2534922.57,70225.08271603391,440843316.8621249,12406.380096477897,14044.641970195331,387,1.578984604787535,1.7054115854749998,768,64x64,14,0.656621759447044,1.3845915837374998,256,64x64,10,1.304342696,2.51875,2048,96x96,7,4.9976252555201786,6.821646341899999,1024,128x128,14,4.818150952,10.4826,6144,192x192,7,1.8849981800824636,3.1172648505374996,2048,96x96,10,2.5d_3d,"{'from': 'Chiplet_5', 'to': 'Chiplet_6', 'connection_type': '3d_hyb_bond', 'loc': 'stack0_base'},{'from': 'Chiplet_6', 'to': 'Chiplet_3', 'connection_type': '3d_hyb_bond', 'loc': 'stack0_middle1'},{'from': 'Chiplet_3', 'to': 'Chiplet_2', 'connection_type': '3d_hyb_bond', 'loc': 'stack0_middle2'},{'from': 'Chiplet_2', 'to': 'na', 'connection_type': '3d_hyb_bond', 'loc': 'stack0_top'},{'from': 'Chiplet_4', 'to': 'Chiplet_5', 'connection_type': '2.5d_rdl', 'loc': '2.5d_chiplet'},{'from': 'Chiplet_4', 'to': 'Chiplet_1', 'connection_type': '2.5d_rdl', 'loc': '2.5d_chiplet'},{'from': 'Chiplet_5', 'to': 'Chiplet_4', 'connection_type': '2.5d_rdl', 'loc': '2.5d_chiplet'},{'from': 'Chiplet_5', 'to': 'Chiplet_1', 'connection_type': '2.5d_rdl', 'loc': '2.5d_chiplet'},{'from': 'Chiplet_1', 'to': 'Chiplet_5', 'connection_type': '2.5d_rdl', 'loc': '2.5d_chiplet'},{'from': 'Chiplet_1', 'to': 'Chiplet_4', 'connection_type': '2.5d_rdl', 'loc': '2.5d_chiplet'}",1,1,1,2,2,1,ddr5,ucie_std,ucie_3d,0,0,is,0,0,0
388,10.153169112493693,1978762.03,61815.48306980927,729620626.9754181,12758.856209150326,18316.46822974785,388,3.2571509657793953,3.8395579270749995,1536,96x96,14,3.3193280905479132,5.538366334949999,3072,128x128,10,1.7117881800824635,3.1172648505374996,1536,96x96,10,2.55521354,4.475,4096,128x128,7,0.957922696,2.51875,1024,96x96,7,0.829831759447044,1.3845915837374998,768,64x64,10,2.5d_3d,"{'from': 'Chiplet_1', 'to': 'Chiplet_4', 'connection_type': '3d_hyb_bond', 'loc': 'stack0_base'},{'from': 'Chiplet_4', 'to': 'Chiplet_5', 'connection_type': '3d_hyb_bond', 'loc': 'stack0_middle1'},{'from': 'Chiplet_5', 'to': 'Chiplet_6', 'connection_type': '3d_hyb_bond', 'loc': 'stack0_middle2'},{'from': 'Chiplet_6', 'to': 'na', 'connection_type': '3d_hyb_bond', 'loc': 'stack0_top'},{'from': 'Chiplet_2', 'to': 'Chiplet_3', 'connection_type': '2.5d_rdl', 'loc': '2.5d_chiplet'},{'from': 'Chiplet_2', 'to': 'Chiplet_1', 'connection_type': '2.5d_rdl', 'loc': '2.5d_chiplet'},{'from': 'Chiplet_1', 'to': 'Chiplet_2', 'connection_type': '2.5d_rdl', 'loc': '2.5d_chiplet'},{'from': 'Chiplet_1', 'to': 'Chiplet_3', 'connection_type': '2.5d_rdl', 'loc': '2.5d_chiplet'},{'from': 'Chiplet_3', 'to': 'Chiplet_2', 'connection_type': '2.5d_rdl', 'loc': '2.5d_chiplet'},{'from': 'Chiplet_3', 'to': 'Chiplet_1', 'connection_type': '2.5d_rdl', 'loc': '2.5d_chiplet'}",2,2,1,1,1,1,ddr4,ucie_std,ucie_3d,1,0,ws,0,0,0
389,27.167946202380215,3252871.82,70681.56996149069,186285675.08717075,8612.837837837838,8780.648537450386,389,4.1253109519999995,10.4826,4096,192x192,7,1.578984604787535,1.7054115854749998,768,64x64,14,1.578984604787535,1.7054115854749998,768,64x64,14,1.3653681800824635,3.1172648505374996,512,96x96,10,3.5867297574793953,3.8395579270749995,2048,96x96,14,6.033899457366197,12.973514847541198,2048,192x192,10,2.5d,"{'from': 'Chiplet_6', 'to': 'Chiplet_2', 'connection_type': '2.5d_rdl', 'loc': '2.5d_chiplet'},{'from': 'Chiplet_6', 'to': 'Chiplet_5', 'connection_type': '2.5d_rdl', 'loc': '2.5d_chiplet'},{'from': 'Chiplet_6', 'to': 'Chiplet_1', 'connection_type': '2.5d_rdl', 'loc': '2.5d_chiplet'},{'from': 'Chiplet_6', 'to': 'Chiplet_3', 'connection_type': '2.5d_rdl', 'loc': '2.5d_chiplet'},{'from': 'Chiplet_2', 'to': 'Chiplet_3', 'connection_type': '2.5d_rdl', 'loc': '2.5d_chiplet'},{'from': 'Chiplet_2', 'to': 'Chiplet_6', 'connection_type': '2.5d_rdl', 'loc': '2.5d_chiplet'},{'from': 'Chiplet_3', 'to': 'Chiplet_2', 'connection_type': '2.5d_rdl', 'loc': '2.5d_chiplet'},{'from': 'Chiplet_3', 'to': 'Chiplet_6', 'connection_type': '2.5d_rdl', 'loc': '2.5d_chiplet'},{'from': 'Chiplet_1', 'to': 'Chiplet_5', 'connection_type': '2.5d_rdl', 'loc': '2.5d_chiplet'},{'from': 'Chiplet_1', 'to': 'Chiplet_6', 'connection_type': '2.5d_rdl', 'loc': '2.5d_chiplet'},{'from': 'Chiplet_1', 'to': 'Chiplet_4', 'connection_type': '2.5d_rdl', 'loc': '2.5d_chiplet'},{'from': 'Chiplet_5', 'to': 'Chiplet_4', 'connection_type': '2.5d_rdl', 'loc': '2.5d_chiplet'},{'from': 'Chiplet_5', 'to': 'Chiplet_6', 'connection_type': '2.5d_rdl', 'loc': '2.5d_chiplet'},{'from': 'Chiplet_5', 'to': 'Chiplet_1', 'connection_type': '2.5d_rdl', 'loc': '2.5d_chiplet'},{'from': 'Chiplet_4', 'to': 'Chiplet_5', 'connection_type': '2.5d_rdl', 'loc': '2.5d_chiplet'},{'from': 'Chiplet_4', 'to': 'Chiplet_1', 'connection_type': '2.5d_rdl', 'loc': '2.5d_chiplet'}",4,2,1,1,3,5,hbm2,ucie_std,na,0,0,os,0,0,0
390,16.228627508784385,1762879.11,148796.42902805237,444339847.28448033,81174.93295231808,39425.455719092795,390,1.7117881800824635,3.1172648505374996,1536,96x96,10,1.8849981800824636,3.1172648505374996,2048,96x96,10,2.972908090547913,5.538366334949999,2048,128x128,10,0.46559300000000003,1.11875,512,64x64,7,2.972908090547913,5.538366334949999,2048,128x128,10,0.784712696,2.51875,512,96x96,7,2.5d,"{'from': 'Chiplet_3', 'to': 'Chiplet_2', 'connection_type': '2.5d_emib', 'loc': '2.5d_chiplet'},{'from': 'Chiplet_3', 'to': 'Chiplet_5', 'connection_type': '2.5d_emib', 'loc': '2.5d_chiplet'},{'from': 'Chiplet_3', 'to': 'Chiplet_4', 'connection_type': '2.5d_emib', 'loc': '2.5d_chiplet'},{'from': 'Chiplet_2', 'to': 'Chiplet_3', 'connection_type': '2.5d_emib', 'loc': '2.5d_chiplet'},{'from': 'Chiplet_2', 'to': 'Chiplet_4', 'connection_type': '2.5d_emib', 'loc': '2.5d_chiplet'},{'from': 'Chiplet_4', 'to': 'Chiplet_2', 'connection_type': '2.5d_emib', 'loc': '2.5d_chiplet'},{'from': 'Chiplet_4', 'to': 'Chiplet_3', 'connection_type': '2.5d_emib', 'loc': '2.5d_chiplet'},{'from': 'Chiplet_5', 'to': 'Chiplet_3', 'connection_type': '2.5d_emib', 'loc': '2.5d_chiplet'},{'from': 'Chiplet_5', 'to': 'Chiplet_6', 'connection_type': '2.5d_emib', 'loc': '2.5d_chiplet'},{'from': 'Chiplet_5', 'to': 'Chiplet_1', 'connection_type': '2.5d_emib', 'loc': '2.5d_chiplet'},{'from': 'Chiplet_1', 'to': 'Chiplet_5', 'connection_type': '2.5d_emib', 'loc': '2.5d_chiplet'},{'from': 'Chiplet_1', 'to': 'Chiplet_6', 'connection_type': '2.5d_emib', 'loc': '2.5d_chiplet'},{'from': 'Chiplet_6', 'to': 'Chiplet_5', 'connection_type': '2.5d_emib', 'loc': '2.5d_chiplet'},{'from': 'Chiplet_6', 'to': 'Chiplet_1', 'connection_type': '2.5d_emib', 'loc': '2.5d_chiplet'}",1,1,2,1,2,1,ddr4,bow,na,0,0,os,1,0,0
391,26.829804502816398,3494397.44,173085.80432086554,151810607.3002025,37946.215495451506,26712.514840976757,391,12.799492673176792,15.979573171754398,4096,192x192,14,2.972908090547913,5.538366334949999,2048,128x128,10,0.916436759447044,1.3845915837374998,1024,64x64,10,2.972908090547913,5.538366334949999,2048,128x128,10,0.916436759447044,1.3845915837374998,1024,64x64,10,1.86237254,4.475,2048,128x128,7,2.5d,"{'from': 'Chiplet_1', 'to': 'Chiplet_2', 'connection_type': '2.5d_emib', 'loc': '2.5d_chiplet'},{'from': 'Chiplet_1', 'to': 'Chiplet_4', 'connection_type': '2.5d_emib', 'loc': '2.5d_chiplet'},{'from': 'Chiplet_2', 'to': 'Chiplet_4', 'connection_type': '2.5d_emib', 'loc': '2.5d_chiplet'},{'from': 'Chiplet_2', 'to': 'Chiplet_6', 'connection_type': '2.5d_emib', 'loc': '2.5d_chiplet'},{'from': 'Chiplet_2', 'to': 'Chiplet_1', 'connection_type': '2.5d_emib', 'loc': '2.5d_chiplet'},{'from': 'Chiplet_6', 'to': 'Chiplet_2', 'connection_type': '2.5d_emib', 'loc': '2.5d_chiplet'},{'from': 'Chiplet_6', 'to': 'Chiplet_3', 'connection_type': '2.5d_emib', 'loc': '2.5d_chiplet'},{'from': 'Chiplet_4', 'to': 'Chiplet_2', 'connection_type': '2.5d_emib', 'loc': '2.5d_chiplet'},{'from': 'Chiplet_4', 'to': 'Chiplet_3', 'connection_type': '2.5d_emib', 'loc': '2.5d_chiplet'},{'from': 'Chiplet_4', 'to': 'Chiplet_5', 'connection_type': '2.5d_emib', 'loc': '2.5d_chiplet'},{'from': 'Chiplet_4', 'to': 'Chiplet_1', 'connection_type': '2.5d_emib', 'loc': '2.5d_chiplet'},{'from': 'Chiplet_3', 'to': 'Chiplet_6', 'connection_type': '2.5d_emib', 'loc': '2.5d_chiplet'},{'from': 'Chiplet_3', 'to': 'Chiplet_4', 'connection_type': '2.5d_emib', 'loc': '2.5d_chiplet'},{'from': 'Chiplet_3', 'to': 'Chiplet_5', 'connection_type': '2.5d_emib', 'loc': '2.5d_chiplet'},{'from': 'Chiplet_5', 'to': 'Chiplet_3', 'connection_type': '2.5d_emib', 'loc': '2.5d_chiplet'},{'from': 'Chiplet_5', 'to': 'Chiplet_4', 'connection_type': '2.5d_emib', 'loc': '2.5d_chiplet'}",9,2,1,2,1,1,hbm3,bow,na,0,0,ws,1,0,0
392,19.594114518501442,2622296.68,49837.160687165735,149799229.3323777,7796.556642216789,5611.314939363702,392,0.378988,1.11875,256,64x64,7,3.665749090547913,5.538366334949999,4096,128x128,10,3.2571509657793953,3.8395579270749995,1536,96x96,14,2.20879254,4.475,3072,128x128,7,0.552198,1.11875,768,64x64,7,2.597993382379395,3.8395579270749995,512,96x96,14,2.5d_3d,"{'from': 'Chiplet_4', 'to': 'Chiplet_5', 'connection_type': '3d_hyb_bond', 'loc': 'stack0_base'},{'from': 'Chiplet_5', 'to': 'na', 'connection_type': '3d_hyb_bond', 'loc': 'stack0_top'},{'from': 'Chiplet_2', 'to': 'Chiplet_3', 'connection_type': '2.5d_rdl', 'loc': '2.5d_chiplet'},{'from': 'Chiplet_2', 'to': 'Chiplet_4', 'connection_type': '2.5d_rdl', 'loc': '2.5d_chiplet'},{'from': 'Chiplet_4', 'to': 'Chiplet_2', 'connection_type': '2.5d_rdl', 'loc': '2.5d_chiplet'},{'from': 'Chiplet_4', 'to': 'Chiplet_6', 'connection_type': '2.5d_rdl', 'loc': '2.5d_chiplet'},{'from': 'Chiplet_3', 'to': 'Chiplet_2', 'connection_type': '2.5d_rdl', 'loc': '2.5d_chiplet'},{'from': 'Chiplet_3', 'to': 'Chiplet_6', 'connection_type': '2.5d_rdl', 'loc': '2.5d_chiplet'},{'from': 'Chiplet_3', 'to': 'Chiplet_1', 'connection_type': '2.5d_rdl', 'loc': '2.5d_chiplet'},{'from': 'Chiplet_6', 'to': 'Chiplet_3', 'connection_type': '2.5d_rdl', 'loc': '2.5d_chiplet'},{'from': 'Chiplet_6', 'to': 'Chiplet_4', 'connection_type': '2.5d_rdl', 'loc': '2.5d_chiplet'},{'from': 'Chiplet_6', 'to': 'Chiplet_1', 'connection_type': '2.5d_rdl', 'loc': '2.5d_chiplet'},{'from': 'Chiplet_1', 'to': 'Chiplet_3', 'connection_type': '2.5d_rdl', 'loc': '2.5d_chiplet'},{'from': 'Chiplet_1', 'to': 'Chiplet_6', 'connection_type': '2.5d_rdl', 'loc': '2.5d_chiplet'}",1,4,4,3,1,3,hbm3,ucie_std,ucie_3d,1,0,os,0,0,0
393,26.643484425623075,4560728.33,93727.17508628848,190725846.20035842,5869.386536373508,7511.670374284034,393,0.829831759447044,1.3845915837374998,768,64x64,10,6.975099908490179,6.821646341899999,4096,128x128,14,4.818150952,10.4826,6144,192x192,7,6.975099908490179,6.821646341899999,4096,128x128,14,4.1253109519999995,10.4826,4096,192x192,7,0.46559300000000003,1.11875,512,64x64,7,2.5d_3d,"{'from': 'Chiplet_5', 'to': 'Chiplet_1', 'connection_type': '3d_u_bump', 'loc': 'stack0_base'},{'from': 'Chiplet_1', 'to': 'Chiplet_6', 'connection_type': '3d_u_bump', 'loc': 'stack0_middle1'},{'from': 'Chiplet_6', 'to': 'na', 'connection_type': '3d_u_bump', 'loc': 'stack0_top'},{'from': 'Chiplet_2', 'to': 'Chiplet_3', 'connection_type': '2.5d_rdl', 'loc': '2.5d_chiplet'},{'from': 'Chiplet_2', 'to': 'Chiplet_4', 'connection_type': '2.5d_rdl', 'loc': '2.5d_chiplet'},{'from': 'Chiplet_3', 'to': 'Chiplet_2', 'connection_type': '2.5d_rdl', 'loc': '2.5d_chiplet'},{'from': 'Chiplet_3', 'to': 'Chiplet_5', 'connection_type': '2.5d_rdl', 'loc': '2.5d_chiplet'},{'from': 'Chiplet_4', 'to': 'Chiplet_2', 'connection_type': '2.5d_rdl', 'loc': '2.5d_chiplet'},{'from': 'Chiplet_4', 'to': 'Chiplet_5', 'connection_type': '2.5d_rdl', 'loc': '2.5d_chiplet'},{'from': 'Chiplet_5', 'to': 'Chiplet_3', 'connection_type': '2.5d_rdl', 'loc': '2.5d_chiplet'},{'from': 'Chiplet_5', 'to': 'Chiplet_4', 'connection_type': '2.5d_rdl', 'loc': '2.5d_chiplet'}",1,4,3,4,3,1,hbm3,ucie_std,ucie_3d,1,0,os,0,0,0
394,19.60513773452867,2957168.01,58600.63096950068,127936616.15261036,44671.017997157374,26136.805660532096,394,1.7117881800824635,3.1172648505374996,1536,96x96,10,1.304342696,2.51875,2048,96x96,7,6.033899457366197,12.973514847541198,2048,192x192,10,1.8849981800824636,3.1172648505374996,2048,96x96,10,2.972908090547913,5.538366334949999,2048,128x128,10,1.249405813087535,1.7054115854749998,256,64x64,14,2.5d_3d,"{'from': 'Chiplet_4', 'to': 'Chiplet_2', 'connection_type': '3d_u_bump', 'loc': 'stack0_base'},{'from': 'Chiplet_2', 'to': 'na', 'connection_type': '3d_u_bump', 'loc': 'stack0_top'},{'from': 'Chiplet_3', 'to': 'Chiplet_5', 'connection_type': '2.5d_rdl', 'loc': '2.5d_chiplet'},{'from': 'Chiplet_3', 'to': 'Chiplet_4', 'connection_type': '2.5d_rdl', 'loc': '2.5d_chiplet'},{'from': 'Chiplet_3', 'to': 'Chiplet_6', 'connection_type': '2.5d_rdl', 'loc': '2.5d_chiplet'},{'from': 'Chiplet_6', 'to': 'Chiplet_3', 'connection_type': '2.5d_rdl', 'loc': '2.5d_chiplet'},{'from': 'Chiplet_6', 'to': 'Chiplet_4', 'connection_type': '2.5d_rdl', 'loc': '2.5d_chiplet'},{'from': 'Chiplet_5', 'to': 'Chiplet_3', 'connection_type': '2.5d_rdl', 'loc': '2.5d_chiplet'},{'from': 'Chiplet_5', 'to': 'Chiplet_4', 'connection_type': '2.5d_rdl', 'loc': '2.5d_chiplet'},{'from': 'Chiplet_5', 'to': 'Chiplet_1', 'connection_type': '2.5d_rdl', 'loc': '2.5d_chiplet'},{'from': 'Chiplet_4', 'to': 'Chiplet_3', 'connection_type': '2.5d_rdl', 'loc': '2.5d_chiplet'},{'from': 'Chiplet_4', 'to': 'Chiplet_6', 'connection_type': '2.5d_rdl', 'loc': '2.5d_chiplet'},{'from': 'Chiplet_4', 'to': 'Chiplet_5', 'connection_type': '2.5d_rdl', 'loc': '2.5d_chiplet'},{'from': 'Chiplet_4', 'to': 'Chiplet_1', 'connection_type': '2.5d_rdl', 'loc': '2.5d_chiplet'},{'from': 'Chiplet_1', 'to': 'Chiplet_5', 'connection_type': '2.5d_rdl', 'loc': '2.5d_chiplet'},{'from': 'Chiplet_1', 'to': 'Chiplet_4', 'connection_type': '2.5d_rdl', 'loc': '2.5d_chiplet'}",2,2,6,2,3,1,hbm2,ucie_std,ucie_3d,1,0,ws,1,0,0
395,31.2877531707971,2867931.35,78193.92923506926,414110697.13916403,59675.17601100393,40806.8679623896,395,6.315940422320179,6.821646341899999,3072,128x128,14,0.743226759447044,1.3845915837374998,512,64x64,10,3.5867297574793953,3.8395579270749995,2048,96x96,14,12.799492673176792,15.979573171754398,4096,192x192,14,0.552198,1.11875,768,64x64,7,0.638803,1.11875,1024,64x64,7,2.5d,"{'from': 'Chiplet_4', 'to': 'Chiplet_3', 'connection_type': '2.5d_rdl', 'loc': '2.5d_chiplet'},{'from': 'Chiplet_4', 'to': 'Chiplet_1', 'connection_type': '2.5d_rdl', 'loc': '2.5d_chiplet'},{'from': 'Chiplet_1', 'to': 'Chiplet_2', 'connection_type': '2.5d_rdl', 'loc': '2.5d_chiplet'},{'from': 'Chiplet_1', 'to': 'Chiplet_3', 'connection_type': '2.5d_rdl', 'loc': '2.5d_chiplet'},{'from': 'Chiplet_1', 'to': 'Chiplet_4', 'connection_type': '2.5d_rdl', 'loc': '2.5d_chiplet'},{'from': 'Chiplet_3', 'to': 'Chiplet_2', 'connection_type': '2.5d_rdl', 'loc': '2.5d_chiplet'},{'from': 'Chiplet_3', 'to': 'Chiplet_6', 'connection_type': '2.5d_rdl', 'loc': '2.5d_chiplet'},{'from': 'Chiplet_3', 'to': 'Chiplet_4', 'connection_type': '2.5d_rdl', 'loc': '2.5d_chiplet'},{'from': 'Chiplet_3', 'to': 'Chiplet_1', 'connection_type': '2.5d_rdl', 'loc': '2.5d_chiplet'},{'from': 'Chiplet_2', 'to': 'Chiplet_3', 'connection_type': '2.5d_rdl', 'loc': '2.5d_chiplet'},{'from': 'Chiplet_2', 'to': 'Chiplet_6', 'connection_type': '2.5d_rdl', 'loc': '2.5d_chiplet'},{'from': 'Chiplet_2', 'to': 'Chiplet_5', 'connection_type': '2.5d_rdl', 'loc': '2.5d_chiplet'},{'from': 'Chiplet_2', 'to': 'Chiplet_1', 'connection_type': '2.5d_rdl', 'loc': '2.5d_chiplet'},{'from': 'Chiplet_6', 'to': 'Chiplet_2', 'connection_type': '2.5d_rdl', 'loc': '2.5d_chiplet'},{'from': 'Chiplet_6', 'to': 'Chiplet_3', 'connection_type': '2.5d_rdl', 'loc': '2.5d_chiplet'},{'from': 'Chiplet_6', 'to': 'Chiplet_5', 'connection_type': '2.5d_rdl', 'loc': '2.5d_chiplet'},{'from': 'Chiplet_5', 'to': 'Chiplet_2', 'connection_type': '2.5d_rdl', 'loc': '2.5d_chiplet'},{'from': 'Chiplet_5', 'to': 'Chiplet_6', 'connection_type': '2.5d_rdl', 'loc': '2.5d_chiplet'}",1,1,1,3,1,1,ddr4,ucie_std,na,1,0,os,1,0,0
396,21.541741124783666,3832873.77,94248.18979776696,353947215.9686061,67742.14610371193,53389.45067746547,396,4.1253109519999995,10.4826,4096,192x192,7,1.7117881800824635,3.1172648505374996,1536,96x96,10,5.5109919519999995,10.4826,8192,192x192,7,5.5109919519999995,10.4826,8192,192x192,7,1.4141952089375351,1.7054115854749998,512,64x64,14,0.743226759447044,1.3845915837374998,512,64x64,10,2.5d_3d,"{'from': 'Chiplet_2', 'to': 'Chiplet_5', 'connection_type': '3d_tsv', 'loc': 'stack0_base'},{'from': 'Chiplet_5', 'to': 'Chiplet_6', 'connection_type': '3d_tsv', 'loc': 'stack0_middle1'},{'from': 'Chiplet_6', 'to': 'na', 'connection_type': '3d_tsv', 'loc': 'stack0_top'},{'from': 'Chiplet_3', 'to': 'Chiplet_4', 'connection_type': '2.5d_rdl', 'loc': '2.5d_chiplet'},{'from': 'Chiplet_3', 'to': 'Chiplet_1', 'connection_type': '2.5d_rdl', 'loc': '2.5d_chiplet'},{'from': 'Chiplet_1', 'to': 'Chiplet_2', 'connection_type': '2.5d_rdl', 'loc': '2.5d_chiplet'},{'from': 'Chiplet_1', 'to': 'Chiplet_3', 'connection_type': '2.5d_rdl', 'loc': '2.5d_chiplet'},{'from': 'Chiplet_4', 'to': 'Chiplet_2', 'connection_type': '2.5d_rdl', 'loc': '2.5d_chiplet'},{'from': 'Chiplet_4', 'to': 'Chiplet_3', 'connection_type': '2.5d_rdl', 'loc': '2.5d_chiplet'},{'from': 'Chiplet_2', 'to': 'Chiplet_4', 'connection_type': '2.5d_rdl', 'loc': '2.5d_chiplet'},{'from': 'Chiplet_2', 'to': 'Chiplet_1', 'connection_type': '2.5d_rdl', 'loc': '2.5d_chiplet'}",1,1,2,2,1,1,ddr5,ucie_std,ucie_3d,0,0,is,1,0,0
397,15.092068843437511,1701992.36,149508.3913227691,501715681.27580786,11198.594771241831,12972.422150959694,397,3.5867297574793953,3.8395579270749995,2048,96x96,14,1.8849981800824636,3.1172648505374996,2048,96x96,10,2.20879254,4.475,3072,128x128,7,1.3653681800824635,3.1172648505374996,512,96x96,10,0.46559300000000003,1.11875,512,64x64,7,0.957922696,2.51875,1024,96x96,7,2.5d,"{'from': 'Chiplet_1', 'to': 'Chiplet_2', 'connection_type': '2.5d_emib', 'loc': '2.5d_chiplet'},{'from': 'Chiplet_1', 'to': 'Chiplet_3', 'connection_type': '2.5d_emib', 'loc': '2.5d_chiplet'},{'from': 'Chiplet_1', 'to': 'Chiplet_4', 'connection_type': '2.5d_emib', 'loc': '2.5d_chiplet'},{'from': 'Chiplet_1', 'to': 'Chiplet_5', 'connection_type': '2.5d_emib', 'loc': '2.5d_chiplet'},{'from': 'Chiplet_4', 'to': 'Chiplet_5', 'connection_type': '2.5d_emib', 'loc': '2.5d_chiplet'},{'from': 'Chiplet_4', 'to': 'Chiplet_1', 'connection_type': '2.5d_emib', 'loc': '2.5d_chiplet'},{'from': 'Chiplet_5', 'to': 'Chiplet_4', 'connection_type': '2.5d_emib', 'loc': '2.5d_chiplet'},{'from': 'Chiplet_5', 'to': 'Chiplet_1', 'connection_type': '2.5d_emib', 'loc': '2.5d_chiplet'},{'from': 'Chiplet_3', 'to': 'Chiplet_2', 'connection_type': '2.5d_emib', 'loc': '2.5d_chiplet'},{'from': 'Chiplet_3', 'to': 'Chiplet_6', 'connection_type': '2.5d_emib', 'loc': '2.5d_chiplet'},{'from': 'Chiplet_3', 'to': 'Chiplet_1', 'connection_type': '2.5d_emib', 'loc': '2.5d_chiplet'},{'from': 'Chiplet_2', 'to': 'Chiplet_3', 'connection_type': '2.5d_emib', 'loc': '2.5d_chiplet'},{'from': 'Chiplet_2', 'to': 'Chiplet_6', 'connection_type': '2.5d_emib', 'loc': '2.5d_chiplet'},{'from': 'Chiplet_2', 'to': 'Chiplet_1', 'connection_type': '2.5d_emib', 'loc': '2.5d_chiplet'},{'from': 'Chiplet_6', 'to': 'Chiplet_2', 'connection_type': '2.5d_emib', 'loc': '2.5d_chiplet'},{'from': 'Chiplet_6', 'to': 'Chiplet_3', 'connection_type': '2.5d_emib', 'loc': '2.5d_chiplet'}",3,1,1,1,1,1,ddr5,bow,na,0,0,ws,0,0,0
398,11.970420608884165,1368161.27,41354.55826302063,323759952.3412914,154175.04618139192,43548.72926088909,398,1.578984604787535,1.7054115854749998,768,64x64,14,0.552198,1.11875,768,64x64,7,0.552198,1.11875,768,64x64,7,0.378988,1.11875,256,64x64,7,5.656782838920179,6.821646341899999,2048,128x128,14,0.916436759447044,1.3845915837374998,1024,64x64,10,2.5d_3d,"{'from': 'Chiplet_6', 'to': 'Chiplet_2', 'connection_type': '3d_u_bump', 'loc': 'stack0_base'},{'from': 'Chiplet_2', 'to': 'Chiplet_3', 'connection_type': '3d_u_bump', 'loc': 'stack0_middle1'},{'from': 'Chiplet_3', 'to': 'Chiplet_4', 'connection_type': '3d_u_bump', 'loc': 'stack0_middle2'},{'from': 'Chiplet_4', 'to': 'na', 'connection_type': '3d_u_bump', 'loc': 'stack0_top'},{'from': 'Chiplet_5', 'to': 'Chiplet_6', 'connection_type': '2.5d_rdl', 'loc': '2.5d_chiplet'},{'from': 'Chiplet_5', 'to': 'Chiplet_1', 'connection_type': '2.5d_rdl', 'loc': '2.5d_chiplet'},{'from': 'Chiplet_1', 'to': 'Chiplet_5', 'connection_type': '2.5d_rdl', 'loc': '2.5d_chiplet'},{'from': 'Chiplet_1', 'to': 'Chiplet_6', 'connection_type': '2.5d_rdl', 'loc': '2.5d_chiplet'},{'from': 'Chiplet_6', 'to': 'Chiplet_5', 'connection_type': '2.5d_rdl', 'loc': '2.5d_chiplet'},{'from': 'Chiplet_6', 'to': 'Chiplet_1', 'connection_type': '2.5d_rdl', 'loc': '2.5d_chiplet'}",1,1,1,1,3,1,ddr5,ucie_std,ucie_3d,0,0,ws,1,0,0
399,33.31760629498815,4036014.45,83914.24665742402,160084737.90175766,31989.30084581338,26380.280120681236,399,2.972908090547913,5.538366334949999,2048,128x128,10,1.86237254,4.475,2048,128x128,7,7.419580457366196,12.973514847541198,6144,192x192,10,6.726740457366197,12.973514847541198,4096,192x192,10,1.304342696,2.51875,2048,96x96,7,0.656621759447044,1.3845915837374998,256,64x64,10,2.5d,"{'from': 'Chiplet_3', 'to': 'Chiplet_2', 'connection_type': '2.5d_rdl', 'loc': '2.5d_chiplet'},{'from': 'Chiplet_3', 'to': 'Chiplet_5', 'connection_type': '2.5d_rdl', 'loc': '2.5d_chiplet'},{'from': 'Chiplet_3', 'to': 'Chiplet_4', 'connection_type': '2.5d_rdl', 'loc': '2.5d_chiplet'},{'from': 'Chiplet_2', 'to': 'Chiplet_5', 'connection_type': '2.5d_rdl', 'loc': '2.5d_chiplet'},{'from': 'Chiplet_2', 'to': 'Chiplet_3', 'connection_type': '2.5d_rdl', 'loc': '2.5d_chiplet'},{'from': 'Chiplet_5', 'to': 'Chiplet_2', 'connection_type': '2.5d_rdl', 'loc': '2.5d_chiplet'},{'from': 'Chiplet_5', 'to': 'Chiplet_3', 'connection_type': '2.5d_rdl', 'loc': '2.5d_chiplet'},{'from': 'Chiplet_4', 'to': 'Chiplet_3', 'connection_type': '2.5d_rdl', 'loc': '2.5d_chiplet'},{'from': 'Chiplet_4', 'to': 'Chiplet_6', 'connection_type': '2.5d_rdl', 'loc': '2.5d_chiplet'},{'from': 'Chiplet_4', 'to': 'Chiplet_1', 'connection_type': '2.5d_rdl', 'loc': '2.5d_chiplet'},{'from': 'Chiplet_1', 'to': 'Chiplet_4', 'connection_type': '2.5d_rdl', 'loc': '2.5d_chiplet'},{'from': 'Chiplet_1', 'to': 'Chiplet_6', 'connection_type': '2.5d_rdl', 'loc': '2.5d_chiplet'},{'from': 'Chiplet_6', 'to': 'Chiplet_4', 'connection_type': '2.5d_rdl', 'loc': '2.5d_chiplet'},{'from': 'Chiplet_6', 'to': 'Chiplet_1', 'connection_type': '2.5d_rdl', 'loc': '2.5d_chiplet'}",2,1,6,5,1,1,hbm2,ucie_std,na,1,0,ws,1,0,0
400,26.519177083866037,3156128.71,81697.88386090848,458153037.3731834,10840.229828850855,15369.91151219462,400,2.6264880905479133,5.538366334949999,1024,128x128,10,3.5867297574793953,3.8395579270749995,2048,96x96,14,5.5109919519999995,10.4826,8192,192x192,7,4.1253109519999995,10.4826,4096,192x192,7,0.743226759447044,1.3845915837374998,512,64x64,10,1.5385781800824634,3.1172648505374996,1024,96x96,10,2.5d,"{'from': 'Chiplet_3', 'to': 'Chiplet_2', 'connection_type': '2.5d_rdl', 'loc': '2.5d_chiplet'},{'from': 'Chiplet_3', 'to': 'Chiplet_5', 'connection_type': '2.5d_rdl', 'loc': '2.5d_chiplet'},{'from': 'Chiplet_3', 'to': 'Chiplet_4', 'connection_type': '2.5d_rdl', 'loc': '2.5d_chiplet'},{'from': 'Chiplet_3', 'to': 'Chiplet_1', 'connection_type': '2.5d_rdl', 'loc': '2.5d_chiplet'},{'from': 'Chiplet_1', 'to': 'Chiplet_5', 'connection_type': '2.5d_rdl', 'loc': '2.5d_chiplet'},{'from': 'Chiplet_1', 'to': 'Chiplet_3', 'connection_type': '2.5d_rdl', 'loc': '2.5d_chiplet'},{'from': 'Chiplet_5', 'to': 'Chiplet_3', 'connection_type': '2.5d_rdl', 'loc': '2.5d_chiplet'},{'from': 'Chiplet_5', 'to': 'Chiplet_1', 'connection_type': '2.5d_rdl', 'loc': '2.5d_chiplet'},{'from': 'Chiplet_4', 'to': 'Chiplet_2', 'connection_type': '2.5d_rdl', 'loc': '2.5d_chiplet'},{'from': 'Chiplet_4', 'to': 'Chiplet_3', 'connection_type': '2.5d_rdl', 'loc': '2.5d_chiplet'},{'from': 'Chiplet_4', 'to': 'Chiplet_6', 'connection_type': '2.5d_rdl', 'loc': '2.5d_chiplet'},{'from': 'Chiplet_2', 'to': 'Chiplet_3', 'connection_type': '2.5d_rdl', 'loc': '2.5d_chiplet'},{'from': 'Chiplet_2', 'to': 'Chiplet_6', 'connection_type': '2.5d_rdl', 'loc': '2.5d_chiplet'},{'from': 'Chiplet_2', 'to': 'Chiplet_4', 'connection_type': '2.5d_rdl', 'loc': '2.5d_chiplet'},{'from': 'Chiplet_6', 'to': 'Chiplet_2', 'connection_type': '2.5d_rdl', 'loc': '2.5d_chiplet'},{'from': 'Chiplet_6', 'to': 'Chiplet_4', 'connection_type': '2.5d_rdl', 'loc': '2.5d_chiplet'}",1,1,2,2,1,1,ddr5,ucie_std,na,0,0,is,0,0,0
401,37.05976838562118,4300956.06,94919.12289065261,210664011.11559144,16278.359788359787,15013.3861340308,401,2.597993382379395,3.8395579270749995,512,96x96,14,0.829831759447044,1.3845915837374998,768,64x64,10,14.117807839976791,15.979573171754398,6144,192x192,14,1.4141952089375351,1.7054115854749998,512,64x64,14,5.5109919519999995,10.4826,8192,192x192,7,2.927572174079395,3.8395579270749995,1024,96x96,14,2.5d,"{'from': 'Chiplet_3', 'to': 'Chiplet_5', 'connection_type': '2.5d_rdl', 'loc': '2.5d_chiplet'},{'from': 'Chiplet_3', 'to': 'Chiplet_6', 'connection_type': '2.5d_rdl', 'loc': '2.5d_chiplet'},{'from': 'Chiplet_5', 'to': 'Chiplet_3', 'connection_type': '2.5d_rdl', 'loc': '2.5d_chiplet'},{'from': 'Chiplet_5', 'to': 'Chiplet_4', 'connection_type': '2.5d_rdl', 'loc': '2.5d_chiplet'},{'from': 'Chiplet_5', 'to': 'Chiplet_1', 'connection_type': '2.5d_rdl', 'loc': '2.5d_chiplet'},{'from': 'Chiplet_5', 'to': 'Chiplet_6', 'connection_type': '2.5d_rdl', 'loc': '2.5d_chiplet'},{'from': 'Chiplet_4', 'to': 'Chiplet_5', 'connection_type': '2.5d_rdl', 'loc': '2.5d_chiplet'},{'from': 'Chiplet_4', 'to': 'Chiplet_1', 'connection_type': '2.5d_rdl', 'loc': '2.5d_chiplet'},{'from': 'Chiplet_6', 'to': 'Chiplet_2', 'connection_type': '2.5d_rdl', 'loc': '2.5d_chiplet'},{'from': 'Chiplet_6', 'to': 'Chiplet_3', 'connection_type': '2.5d_rdl', 'loc': '2.5d_chiplet'},{'from': 'Chiplet_6', 'to': 'Chiplet_5', 'connection_type': '2.5d_rdl', 'loc': '2.5d_chiplet'},{'from': 'Chiplet_6', 'to': 'Chiplet_1', 'connection_type': '2.5d_rdl', 'loc': '2.5d_chiplet'},{'from': 'Chiplet_1', 'to': 'Chiplet_2', 'connection_type': '2.5d_rdl', 'loc': '2.5d_chiplet'},{'from': 'Chiplet_1', 'to': 'Chiplet_5', 'connection_type': '2.5d_rdl', 'loc': '2.5d_chiplet'},{'from': 'Chiplet_1', 'to': 'Chiplet_6', 'connection_type': '2.5d_rdl', 'loc': '2.5d_chiplet'},{'from': 'Chiplet_1', 'to': 'Chiplet_4', 'connection_type': '2.5d_rdl', 'loc': '2.5d_chiplet'},{'from': 'Chiplet_2', 'to': 'Chiplet_6', 'connection_type': '2.5d_rdl', 'loc': '2.5d_chiplet'},{'from': 'Chiplet_2', 'to': 'Chiplet_1', 'connection_type': '2.5d_rdl', 'loc': '2.5d_chiplet'}",1,1,8,1,3,2,hbm3,ucie_std,na,0,0,is,0,0,0
402,38.37249026777772,5555801.02,110112.22614852944,201650281.55868435,30258.94918914024,30456.187253399785,402,2.927572174079395,3.8395579270749995,1024,96x96,14,1.3653681800824635,3.1172648505374996,512,96x96,10,4.1253109519999995,10.4826,4096,192x192,7,8.112421457366196,12.973514847541198,8192,192x192,10,1.249405813087535,1.7054115854749998,256,64x64,14,15.436124909546791,15.979573171754398,8192,192x192,14,2.5d_3d,"{'from': 'Chiplet_1', 'to': 'Chiplet_2', 'connection_type': '3d_tsv', 'loc': 'stack0_base'},{'from': 'Chiplet_2', 'to': 'Chiplet_5', 'connection_type': '3d_tsv', 'loc': 'stack0_middle1'},{'from': 'Chiplet_5', 'to': 'na', 'connection_type': '3d_tsv', 'loc': 'stack0_top'},{'from': 'Chiplet_6', 'to': 'Chiplet_3', 'connection_type': '2.5d_rdl', 'loc': '2.5d_chiplet'},{'from': 'Chiplet_6', 'to': 'Chiplet_4', 'connection_type': '2.5d_rdl', 'loc': '2.5d_chiplet'},{'from': 'Chiplet_4', 'to': 'Chiplet_3', 'connection_type': '2.5d_rdl', 'loc': '2.5d_chiplet'},{'from': 'Chiplet_4', 'to': 'Chiplet_6', 'connection_type': '2.5d_rdl', 'loc': '2.5d_chiplet'},{'from': 'Chiplet_4', 'to': 'Chiplet_1', 'connection_type': '2.5d_rdl', 'loc': '2.5d_chiplet'},{'from': 'Chiplet_3', 'to': 'Chiplet_4', 'connection_type': '2.5d_rdl', 'loc': '2.5d_chiplet'},{'from': 'Chiplet_3', 'to': 'Chiplet_6', 'connection_type': '2.5d_rdl', 'loc': '2.5d_chiplet'},{'from': 'Chiplet_3', 'to': 'Chiplet_1', 'connection_type': '2.5d_rdl', 'loc': '2.5d_chiplet'},{'from': 'Chiplet_1', 'to': 'Chiplet_3', 'connection_type': '2.5d_rdl', 'loc': '2.5d_chiplet'},{'from': 'Chiplet_1', 'to': 'Chiplet_4', 'connection_type': '2.5d_rdl', 'loc': '2.5d_chiplet'}",1,1,2,4,1,7,hbm3,ucie_std,ucie_3d,0,0,ws,1,0,0
403,42.61691852487524,4730061.72,113817.07615670608,319540440.17060536,30698.357188434566,32312.858590953114,403,1.3653681800824635,3.1172648505374996,512,96x96,10,15.436124909546791,15.979573171754398,8192,192x192,14,11.481175603606792,15.979573171754398,2048,192x192,14,2.597993382379395,3.8395579270749995,512,96x96,14,6.315940422320179,6.821646341899999,3072,128x128,14,0.638803,1.11875,1024,64x64,7,2.5d_3d,"{'from': 'Chiplet_3', 'to': 'Chiplet_5', 'connection_type': '3d_u_bump', 'loc': 'stack0_base'},{'from': 'Chiplet_5', 'to': 'Chiplet_1', 'connection_type': '3d_u_bump', 'loc': 'stack0_middle1'},{'from': 'Chiplet_1', 'to': 'Chiplet_6', 'connection_type': '3d_u_bump', 'loc': 'stack0_middle2'},{'from': 'Chiplet_6', 'to': 'na', 'connection_type': '3d_u_bump', 'loc': 'stack0_top'},{'from': 'Chiplet_2', 'to': 'Chiplet_3', 'connection_type': '2.5d_rdl', 'loc': '2.5d_chiplet'},{'from': 'Chiplet_2', 'to': 'Chiplet_4', 'connection_type': '2.5d_rdl', 'loc': '2.5d_chiplet'},{'from': 'Chiplet_3', 'to': 'Chiplet_2', 'connection_type': '2.5d_rdl', 'loc': '2.5d_chiplet'},{'from': 'Chiplet_3', 'to': 'Chiplet_4', 'connection_type': '2.5d_rdl', 'loc': '2.5d_chiplet'},{'from': 'Chiplet_4', 'to': 'Chiplet_2', 'connection_type': '2.5d_rdl', 'loc': '2.5d_chiplet'},{'from': 'Chiplet_4', 'to': 'Chiplet_3', 'connection_type': '2.5d_rdl', 'loc': '2.5d_chiplet'}",1,2,2,1,1,1,ddr5,ucie_std,ucie_3d,1,0,ws,1,0,0
404,29.23517723348828,2440695.54,61751.96932560369,461345352.0432158,120910.61967563302,66784.83654527554,404,1.3653681800824635,3.1172648505374996,512,96x96,10,5.656782838920179,6.821646341899999,2048,128x128,14,1.3653681800824635,3.1172648505374996,512,96x96,10,0.957922696,2.51875,1024,96x96,7,6.975099908490179,6.821646341899999,4096,128x128,14,2.597993382379395,3.8395579270749995,512,96x96,14,2.5d,"{'from': 'Chiplet_5', 'to': 'Chiplet_2', 'connection_type': '2.5d_rdl', 'loc': '2.5d_chiplet'},{'from': 'Chiplet_5', 'to': 'Chiplet_4', 'connection_type': '2.5d_rdl', 'loc': '2.5d_chiplet'},{'from': 'Chiplet_5', 'to': 'Chiplet_6', 'connection_type': '2.5d_rdl', 'loc': '2.5d_chiplet'},{'from': 'Chiplet_5', 'to': 'Chiplet_1', 'connection_type': '2.5d_rdl', 'loc': '2.5d_chiplet'},{'from': 'Chiplet_1', 'to': 'Chiplet_5', 'connection_type': '2.5d_rdl', 'loc': '2.5d_chiplet'},{'from': 'Chiplet_1', 'to': 'Chiplet_4', 'connection_type': '2.5d_rdl', 'loc': '2.5d_chiplet'},{'from': 'Chiplet_4', 'to': 'Chiplet_5', 'connection_type': '2.5d_rdl', 'loc': '2.5d_chiplet'},{'from': 'Chiplet_4', 'to': 'Chiplet_1', 'connection_type': '2.5d_rdl', 'loc': '2.5d_chiplet'},{'from': 'Chiplet_2', 'to': 'Chiplet_5', 'connection_type': '2.5d_rdl', 'loc': '2.5d_chiplet'},{'from': 'Chiplet_2', 'to': 'Chiplet_6', 'connection_type': '2.5d_rdl', 'loc': '2.5d_chiplet'},{'from': 'Chiplet_2', 'to': 'Chiplet_3', 'connection_type': '2.5d_rdl', 'loc': '2.5d_chiplet'},{'from': 'Chiplet_6', 'to': 'Chiplet_2', 'connection_type': '2.5d_rdl', 'loc': '2.5d_chiplet'},{'from': 'Chiplet_6', 'to': 'Chiplet_5', 'connection_type': '2.5d_rdl', 'loc': '2.5d_chiplet'},{'from': 'Chiplet_6', 'to': 'Chiplet_3', 'connection_type': '2.5d_rdl', 'loc': '2.5d_chiplet'},{'from': 'Chiplet_3', 'to': 'Chiplet_2', 'connection_type': '2.5d_rdl', 'loc': '2.5d_chiplet'},{'from': 'Chiplet_3', 'to': 'Chiplet_6', 'connection_type': '2.5d_rdl', 'loc': '2.5d_chiplet'}",1,2,1,1,2,1,ddr4,ucie_std,na,0,0,os,1,0,0
405,36.37162593685587,5123016.53,100946.85435502049,240546620.61700958,9235.0,11649.45113814974,405,6.726740457366197,12.973514847541198,4096,192x192,10,1.7117881800824635,3.1172648505374996,1536,96x96,10,15.436124909546791,15.979573171754398,8192,192x192,14,3.665749090547913,5.538366334949999,4096,128x128,10,3.5867297574793953,3.8395579270749995,2048,96x96,14,0.378988,1.11875,256,64x64,7,2.5d_3d,"{'from': 'Chiplet_4', 'to': 'Chiplet_2', 'connection_type': '3d_u_bump', 'loc': 'stack0_base'},{'from': 'Chiplet_2', 'to': 'Chiplet_6', 'connection_type': '3d_u_bump', 'loc': 'stack0_middle1'},{'from': 'Chiplet_6', 'to': 'na', 'connection_type': '3d_u_bump', 'loc': 'stack0_top'},{'from': 'Chiplet_3', 'to': 'Chiplet_4', 'connection_type': '2.5d_rdl', 'loc': '2.5d_chiplet'},{'from': 'Chiplet_3', 'to': 'Chiplet_1', 'connection_type': '2.5d_rdl', 'loc': '2.5d_chiplet'},{'from': 'Chiplet_1', 'to': 'Chiplet_3', 'connection_type': '2.5d_rdl', 'loc': '2.5d_chiplet'},{'from': 'Chiplet_1', 'to': 'Chiplet_4', 'connection_type': '2.5d_rdl', 'loc': '2.5d_chiplet'},{'from': 'Chiplet_1', 'to': 'Chiplet_5', 'connection_type': '2.5d_rdl', 'loc': '2.5d_chiplet'},{'from': 'Chiplet_4', 'to': 'Chiplet_3', 'connection_type': '2.5d_rdl', 'loc': '2.5d_chiplet'},{'from': 'Chiplet_4', 'to': 'Chiplet_5', 'connection_type': '2.5d_rdl', 'loc': '2.5d_chiplet'},{'from': 'Chiplet_4', 'to': 'Chiplet_1', 'connection_type': '2.5d_rdl', 'loc': '2.5d_chiplet'},{'from': 'Chiplet_5', 'to': 'Chiplet_4', 'connection_type': '2.5d_rdl', 'loc': '2.5d_chiplet'},{'from': 'Chiplet_5', 'to': 'Chiplet_1', 'connection_type': '2.5d_rdl', 'loc': '2.5d_chiplet'}",3,1,8,2,1,1,hbm2,ucie_std,ucie_3d,1,0,ws,0,0,0
406,39.602224306046914,3924154.4,186440.00333417728,462878493.4646587,11073.283552501156,16793.198320483796,406,1.578984604787535,1.7054115854749998,768,64x64,14,12.799492673176792,15.979573171754398,4096,192x192,14,2.55521354,4.475,4096,128x128,7,3.2571509657793953,3.8395579270749995,1536,96x96,14,1.743774000637535,1.7054115854749998,1024,64x64,14,6.726740457366197,12.973514847541198,4096,192x192,10,2.5d,"{'from': 'Chiplet_2', 'to': 'Chiplet_4', 'connection_type': '2.5d_emib', 'loc': '2.5d_chiplet'},{'from': 'Chiplet_2', 'to': 'Chiplet_6', 'connection_type': '2.5d_emib', 'loc': '2.5d_chiplet'},{'from': 'Chiplet_2', 'to': 'Chiplet_1', 'connection_type': '2.5d_emib', 'loc': '2.5d_chiplet'},{'from': 'Chiplet_1', 'to': 'Chiplet_2', 'connection_type': '2.5d_emib', 'loc': '2.5d_chiplet'},{'from': 'Chiplet_1', 'to': 'Chiplet_4', 'connection_type': '2.5d_emib', 'loc': '2.5d_chiplet'},{'from': 'Chiplet_6', 'to': 'Chiplet_2', 'connection_type': '2.5d_emib', 'loc': '2.5d_chiplet'},{'from': 'Chiplet_6', 'to': 'Chiplet_3', 'connection_type': '2.5d_emib', 'loc': '2.5d_chiplet'},{'from': 'Chiplet_6', 'to': 'Chiplet_4', 'connection_type': '2.5d_emib', 'loc': '2.5d_chiplet'},{'from': 'Chiplet_4', 'to': 'Chiplet_2', 'connection_type': '2.5d_emib', 'loc': '2.5d_chiplet'},{'from': 'Chiplet_4', 'to': 'Chiplet_5', 'connection_type': '2.5d_emib', 'loc': '2.5d_chiplet'},{'from': 'Chiplet_4', 'to': 'Chiplet_6', 'connection_type': '2.5d_emib', 'loc': '2.5d_chiplet'},{'from': 'Chiplet_4', 'to': 'Chiplet_3', 'connection_type': '2.5d_emib', 'loc': '2.5d_chiplet'},{'from': 'Chiplet_4', 'to': 'Chiplet_1', 'connection_type': '2.5d_emib', 'loc': '2.5d_chiplet'},{'from': 'Chiplet_3', 'to': 'Chiplet_6', 'connection_type': '2.5d_emib', 'loc': '2.5d_chiplet'},{'from': 'Chiplet_3', 'to': 'Chiplet_4', 'connection_type': '2.5d_emib', 'loc': '2.5d_chiplet'},{'from': 'Chiplet_3', 'to': 'Chiplet_5', 'connection_type': '2.5d_emib', 'loc': '2.5d_chiplet'},{'from': 'Chiplet_5', 'to': 'Chiplet_3', 'connection_type': '2.5d_emib', 'loc': '2.5d_chiplet'},{'from': 'Chiplet_5', 'to': 'Chiplet_4', 'connection_type': '2.5d_emib', 'loc': '2.5d_chiplet'}",1,3,1,1,1,1,ddr5,aib,na,0,0,ws,0,0,0
407,28.707915736676092,2963030.82,82180.60453606713,628736590.5369751,15777.77777777778,20652.311259213275,407,14.117807839976791,15.979573171754398,6144,192x192,14,3.665749090547913,5.538366334949999,4096,128x128,10,1.249405813087535,1.7054115854749998,256,64x64,14,0.638803,1.11875,1024,64x64,7,1.131132696,2.51875,1536,96x96,7,1.86237254,4.475,2048,128x128,7,2.5d,"{'from': 'Chiplet_1', 'to': 'Chiplet_2', 'connection_type': '2.5d_rdl', 'loc': '2.5d_chiplet'},{'from': 'Chiplet_1', 'to': 'Chiplet_6', 'connection_type': '2.5d_rdl', 'loc': '2.5d_chiplet'},{'from': 'Chiplet_2', 'to': 'Chiplet_6', 'connection_type': '2.5d_rdl', 'loc': '2.5d_chiplet'},{'from': 'Chiplet_2', 'to': 'Chiplet_4', 'connection_type': '2.5d_rdl', 'loc': '2.5d_chiplet'},{'from': 'Chiplet_2', 'to': 'Chiplet_1', 'connection_type': '2.5d_rdl', 'loc': '2.5d_chiplet'},{'from': 'Chiplet_2', 'to': 'Chiplet_3', 'connection_type': '2.5d_rdl', 'loc': '2.5d_chiplet'},{'from': 'Chiplet_4', 'to': 'Chiplet_2', 'connection_type': '2.5d_rdl', 'loc': '2.5d_chiplet'},{'from': 'Chiplet_4', 'to': 'Chiplet_3', 'connection_type': '2.5d_rdl', 'loc': '2.5d_chiplet'},{'from': 'Chiplet_6', 'to': 'Chiplet_2', 'connection_type': '2.5d_rdl', 'loc': '2.5d_chiplet'},{'from': 'Chiplet_6', 'to': 'Chiplet_3', 'connection_type': '2.5d_rdl', 'loc': '2.5d_chiplet'},{'from': 'Chiplet_6', 'to': 'Chiplet_5', 'connection_type': '2.5d_rdl', 'loc': '2.5d_chiplet'},{'from': 'Chiplet_6', 'to': 'Chiplet_1', 'connection_type': '2.5d_rdl', 'loc': '2.5d_chiplet'},{'from': 'Chiplet_3', 'to': 'Chiplet_2', 'connection_type': '2.5d_rdl', 'loc': '2.5d_chiplet'},{'from': 'Chiplet_3', 'to': 'Chiplet_4', 'connection_type': '2.5d_rdl', 'loc': '2.5d_chiplet'},{'from': 'Chiplet_3', 'to': 'Chiplet_6', 'connection_type': '2.5d_rdl', 'loc': '2.5d_chiplet'},{'from': 'Chiplet_3', 'to': 'Chiplet_5', 'connection_type': '2.5d_rdl', 'loc': '2.5d_chiplet'},{'from': 'Chiplet_5', 'to': 'Chiplet_3', 'connection_type': '2.5d_rdl', 'loc': '2.5d_chiplet'},{'from': 'Chiplet_5', 'to': 'Chiplet_6', 'connection_type': '2.5d_rdl', 'loc': '2.5d_chiplet'}",3,1,1,1,1,1,ddr4,ucie_std,na,0,0,ws,0,0,0
408,43.269048732831145,4715067.81,205125.186956596,330739243.331377,29188.820196167486,31904.80300539865,408,2.20879254,4.475,3072,128x128,7,1.578984604787535,1.7054115854749998,768,64x64,14,15.436124909546791,15.979573171754398,8192,192x192,14,1.131132696,2.51875,1536,96x96,7,6.726740457366197,12.973514847541198,4096,192x192,10,4.1253109519999995,10.4826,4096,192x192,7,2.5d,"{'from': 'Chiplet_3', 'to': 'Chiplet_5', 'connection_type': '2.5d_emib', 'loc': '2.5d_chiplet'},{'from': 'Chiplet_3', 'to': 'Chiplet_6', 'connection_type': '2.5d_emib', 'loc': '2.5d_chiplet'},{'from': 'Chiplet_5', 'to': 'Chiplet_3', 'connection_type': '2.5d_emib', 'loc': '2.5d_chiplet'},{'from': 'Chiplet_5', 'to': 'Chiplet_4', 'connection_type': '2.5d_emib', 'loc': '2.5d_chiplet'},{'from': 'Chiplet_5', 'to': 'Chiplet_1', 'connection_type': '2.5d_emib', 'loc': '2.5d_chiplet'},{'from': 'Chiplet_5', 'to': 'Chiplet_6', 'connection_type': '2.5d_emib', 'loc': '2.5d_chiplet'},{'from': 'Chiplet_4', 'to': 'Chiplet_5', 'connection_type': '2.5d_emib', 'loc': '2.5d_chiplet'},{'from': 'Chiplet_4', 'to': 'Chiplet_1', 'connection_type': '2.5d_emib', 'loc': '2.5d_chiplet'},{'from': 'Chiplet_6', 'to': 'Chiplet_2', 'connection_type': '2.5d_emib', 'loc': '2.5d_chiplet'},{'from': 'Chiplet_6', 'to': 'Chiplet_3', 'connection_type': '2.5d_emib', 'loc': '2.5d_chiplet'},{'from': 'Chiplet_6', 'to': 'Chiplet_5', 'connection_type': '2.5d_emib', 'loc': '2.5d_chiplet'},{'from': 'Chiplet_6', 'to': 'Chiplet_1', 'connection_type': '2.5d_emib', 'loc': '2.5d_chiplet'},{'from': 'Chiplet_1', 'to': 'Chiplet_2', 'connection_type': '2.5d_emib', 'loc': '2.5d_chiplet'},{'from': 'Chiplet_1', 'to': 'Chiplet_5', 'connection_type': '2.5d_emib', 'loc': '2.5d_chiplet'},{'from': 'Chiplet_1', 'to': 'Chiplet_6', 'connection_type': '2.5d_emib', 'loc': '2.5d_chiplet'},{'from': 'Chiplet_1', 'to': 'Chiplet_4', 'connection_type': '2.5d_emib', 'loc': '2.5d_chiplet'},{'from': 'Chiplet_2', 'to': 'Chiplet_6', 'connection_type': '2.5d_emib', 'loc': '2.5d_chiplet'},{'from': 'Chiplet_2', 'to': 'Chiplet_1', 'connection_type': '2.5d_emib', 'loc': '2.5d_chiplet'}",1,1,3,1,1,1,ddr5,aib,na,1,0,ws,1,0,0
409,71.21566347121608,7228078.37,217807.13287530985,192148101.63727877,15287.463337549887,18842.86512809622,409,0.743226759447044,1.3845915837374998,512,64x64,10,15.436124909546791,15.979573171754398,8192,192x192,14,6.975099908490179,6.821646341899999,4096,128x128,14,3.5867297574793953,3.8395579270749995,2048,96x96,14,3.432469952,10.4826,2048,192x192,7,14.117807839976791,15.979573171754398,6144,192x192,14,2.5d,"{'from': 'Chiplet_2', 'to': 'Chiplet_3', 'connection_type': '2.5d_emib', 'loc': '2.5d_chiplet'},{'from': 'Chiplet_2', 'to': 'Chiplet_6', 'connection_type': '2.5d_emib', 'loc': '2.5d_chiplet'},{'from': 'Chiplet_2', 'to': 'Chiplet_5', 'connection_type': '2.5d_emib', 'loc': '2.5d_chiplet'},{'from': 'Chiplet_2', 'to': 'Chiplet_4', 'connection_type': '2.5d_emib', 'loc': '2.5d_chiplet'},{'from': 'Chiplet_4', 'to': 'Chiplet_2', 'connection_type': '2.5d_emib', 'loc': '2.5d_chiplet'},{'from': 'Chiplet_4', 'to': 'Chiplet_5', 'connection_type': '2.5d_emib', 'loc': '2.5d_chiplet'},{'from': 'Chiplet_5', 'to': 'Chiplet_2', 'connection_type': '2.5d_emib', 'loc': '2.5d_chiplet'},{'from': 'Chiplet_5', 'to': 'Chiplet_4', 'connection_type': '2.5d_emib', 'loc': '2.5d_chiplet'},{'from': 'Chiplet_6', 'to': 'Chiplet_2', 'connection_type': '2.5d_emib', 'loc': '2.5d_chiplet'},{'from': 'Chiplet_6', 'to': 'Chiplet_3', 'connection_type': '2.5d_emib', 'loc': '2.5d_chiplet'},{'from': 'Chiplet_6', 'to': 'Chiplet_1', 'connection_type': '2.5d_emib', 'loc': '2.5d_chiplet'},{'from': 'Chiplet_3', 'to': 'Chiplet_2', 'connection_type': '2.5d_emib', 'loc': '2.5d_chiplet'},{'from': 'Chiplet_3', 'to': 'Chiplet_6', 'connection_type': '2.5d_emib', 'loc': '2.5d_chiplet'},{'from': 'Chiplet_3', 'to': 'Chiplet_1', 'connection_type': '2.5d_emib', 'loc': '2.5d_chiplet'},{'from': 'Chiplet_1', 'to': 'Chiplet_3', 'connection_type': '2.5d_emib', 'loc': '2.5d_chiplet'},{'from': 'Chiplet_1', 'to': 'Chiplet_6', 'connection_type': '2.5d_emib', 'loc': '2.5d_chiplet'}",1,6,2,1,1,5,hbm3,aib,na,1,0,os,1,0,0
410,30.26748580656463,2829882.07,76049.88280143459,324270624.3789697,71880.62129068802,41149.39130070644,410,1.578984604787535,1.7054115854749998,768,64x64,14,0.829831759447044,1.3845915837374998,768,64x64,10,1.249405813087535,1.7054115854749998,256,64x64,14,0.656621759447044,1.3845915837374998,256,64x64,10,2.55521354,4.475,4096,128x128,7,15.436124909546791,15.979573171754398,8192,192x192,14,2.5d,"{'from': 'Chiplet_6', 'to': 'Chiplet_5', 'connection_type': '2.5d_rdl', 'loc': '2.5d_chiplet'},{'from': 'Chiplet_6', 'to': 'Chiplet_1', 'connection_type': '2.5d_rdl', 'loc': '2.5d_chiplet'},{'from': 'Chiplet_5', 'to': 'Chiplet_2', 'connection_type': '2.5d_rdl', 'loc': '2.5d_chiplet'},{'from': 'Chiplet_5', 'to': 'Chiplet_3', 'connection_type': '2.5d_rdl', 'loc': '2.5d_chiplet'},{'from': 'Chiplet_5', 'to': 'Chiplet_6', 'connection_type': '2.5d_rdl', 'loc': '2.5d_chiplet'},{'from': 'Chiplet_5', 'to': 'Chiplet_1', 'connection_type': '2.5d_rdl', 'loc': '2.5d_chiplet'},{'from': 'Chiplet_2', 'to': 'Chiplet_5', 'connection_type': '2.5d_rdl', 'loc': '2.5d_chiplet'},{'from': 'Chiplet_2', 'to': 'Chiplet_3', 'connection_type': '2.5d_rdl', 'loc': '2.5d_chiplet'},{'from': 'Chiplet_1', 'to': 'Chiplet_3', 'connection_type': '2.5d_rdl', 'loc': '2.5d_chiplet'},{'from': 'Chiplet_1', 'to': 'Chiplet_6', 'connection_type': '2.5d_rdl', 'loc': '2.5d_chiplet'},{'from': 'Chiplet_1', 'to': 'Chiplet_5', 'connection_type': '2.5d_rdl', 'loc': '2.5d_chiplet'},{'from': 'Chiplet_1', 'to': 'Chiplet_4', 'connection_type': '2.5d_rdl', 'loc': '2.5d_chiplet'},{'from': 'Chiplet_3', 'to': 'Chiplet_2', 'connection_type': '2.5d_rdl', 'loc': '2.5d_chiplet'},{'from': 'Chiplet_3', 'to': 'Chiplet_5', 'connection_type': '2.5d_rdl', 'loc': '2.5d_chiplet'},{'from': 'Chiplet_3', 'to': 'Chiplet_4', 'connection_type': '2.5d_rdl', 'loc': '2.5d_chiplet'},{'from': 'Chiplet_3', 'to': 'Chiplet_1', 'connection_type': '2.5d_rdl', 'loc': '2.5d_chiplet'},{'from': 'Chiplet_4', 'to': 'Chiplet_3', 'connection_type': '2.5d_rdl', 'loc': '2.5d_chiplet'},{'from': 'Chiplet_4', 'to': 'Chiplet_1', 'connection_type': '2.5d_rdl', 'loc': '2.5d_chiplet'}",1,1,1,1,1,3,ddr5,ucie_std,na,1,0,is,1,0,0
411,8.856341028635798,1508624.12,98047.01092500471,163379566.28381008,122147.44266469259,32380.262606800723,411,1.743774000637535,1.7054115854749998,1024,64x64,14,0.656621759447044,1.3845915837374998,256,64x64,10,1.304342696,2.51875,2048,96x96,7,0.638803,1.11875,1024,64x64,7,3.5867297574793953,3.8395579270749995,2048,96x96,14,0.784712696,2.51875,512,96x96,7,2.5d_3d,"{'from': 'Chiplet_1', 'to': 'Chiplet_6', 'connection_type': '3d_tsv', 'loc': 'stack0_base'},{'from': 'Chiplet_6', 'to': 'Chiplet_2', 'connection_type': '3d_tsv', 'loc': 'stack0_middle1'},{'from': 'Chiplet_2', 'to': 'na', 'connection_type': '3d_tsv', 'loc': 'stack0_top'},{'from': 'Chiplet_5', 'to': 'Chiplet_3', 'connection_type': '2.5d_emib', 'loc': '2.5d_chiplet'},{'from': 'Chiplet_5', 'to': 'Chiplet_1', 'connection_type': '2.5d_emib', 'loc': '2.5d_chiplet'},{'from': 'Chiplet_1', 'to': 'Chiplet_5', 'connection_type': '2.5d_emib', 'loc': '2.5d_chiplet'},{'from': 'Chiplet_1', 'to': 'Chiplet_4', 'connection_type': '2.5d_emib', 'loc': '2.5d_chiplet'},{'from': 'Chiplet_1', 'to': 'Chiplet_3', 'connection_type': '2.5d_emib', 'loc': '2.5d_chiplet'},{'from': 'Chiplet_3', 'to': 'Chiplet_5', 'connection_type': '2.5d_emib', 'loc': '2.5d_chiplet'},{'from': 'Chiplet_3', 'to': 'Chiplet_4', 'connection_type': '2.5d_emib', 'loc': '2.5d_chiplet'},{'from': 'Chiplet_3', 'to': 'Chiplet_1', 'connection_type': '2.5d_emib', 'loc': '2.5d_chiplet'},{'from': 'Chiplet_4', 'to': 'Chiplet_3', 'connection_type': '2.5d_emib', 'loc': '2.5d_chiplet'},{'from': 'Chiplet_4', 'to': 'Chiplet_1', 'connection_type': '2.5d_emib', 'loc': '2.5d_chiplet'}",3,1,2,1,7,2,hbm2,ucie_adv,ucie_3d,0,0,is,1,0,0
412,17.229652915061564,2257002.07,153624.9317865058,202894545.05000573,10991.666666666666,7427.035347512176,412,0.784712696,2.51875,512,96x96,7,0.916436759447044,1.3845915837374998,1024,64x64,10,2.55521354,4.475,4096,128x128,7,1.4141952089375351,1.7054115854749998,512,64x64,14,6.975099908490179,6.821646341899999,4096,128x128,14,0.916436759447044,1.3845915837374998,1024,64x64,10,2.5d,"{'from': 'Chiplet_5', 'to': 'Chiplet_3', 'connection_type': '2.5d_emib', 'loc': '2.5d_chiplet'},{'from': 'Chiplet_5', 'to': 'Chiplet_4', 'connection_type': '2.5d_emib', 'loc': '2.5d_chiplet'},{'from': 'Chiplet_3', 'to': 'Chiplet_2', 'connection_type': '2.5d_emib', 'loc': '2.5d_chiplet'},{'from': 'Chiplet_3', 'to': 'Chiplet_5', 'connection_type': '2.5d_emib', 'loc': '2.5d_chiplet'},{'from': 'Chiplet_3', 'to': 'Chiplet_4', 'connection_type': '2.5d_emib', 'loc': '2.5d_chiplet'},{'from': 'Chiplet_3', 'to': 'Chiplet_1', 'connection_type': '2.5d_emib', 'loc': '2.5d_chiplet'},{'from': 'Chiplet_1', 'to': 'Chiplet_2', 'connection_type': '2.5d_emib', 'loc': '2.5d_chiplet'},{'from': 'Chiplet_1', 'to': 'Chiplet_3', 'connection_type': '2.5d_emib', 'loc': '2.5d_chiplet'},{'from': 'Chiplet_4', 'to': 'Chiplet_2', 'connection_type': '2.5d_emib', 'loc': '2.5d_chiplet'},{'from': 'Chiplet_4', 'to': 'Chiplet_5', 'connection_type': '2.5d_emib', 'loc': '2.5d_chiplet'},{'from': 'Chiplet_4', 'to': 'Chiplet_6', 'connection_type': '2.5d_emib', 'loc': '2.5d_chiplet'},{'from': 'Chiplet_4', 'to': 'Chiplet_3', 'connection_type': '2.5d_emib', 'loc': '2.5d_chiplet'},{'from': 'Chiplet_2', 'to': 'Chiplet_3', 'connection_type': '2.5d_emib', 'loc': '2.5d_chiplet'},{'from': 'Chiplet_2', 'to': 'Chiplet_4', 'connection_type': '2.5d_emib', 'loc': '2.5d_chiplet'},{'from': 'Chiplet_2', 'to': 'Chiplet_1', 'connection_type': '2.5d_emib', 'loc': '2.5d_chiplet'},{'from': 'Chiplet_2', 'to': 'Chiplet_6', 'connection_type': '2.5d_emib', 'loc': '2.5d_chiplet'},{'from': 'Chiplet_6', 'to': 'Chiplet_2', 'connection_type': '2.5d_emib', 'loc': '2.5d_chiplet'},{'from': 'Chiplet_6', 'to': 'Chiplet_4', 'connection_type': '2.5d_emib', 'loc': '2.5d_chiplet'}",1,1,3,2,8,1,hbm2,ucie_adv,na,0,0,os,0,0,0
413,66.2656681167348,6036171.01,114709.51992749808,184599675.9114556,29566.895610070744,28407.79465165149,413,3.2571509657793953,3.8395579270749995,1536,96x96,14,1.4141952089375351,1.7054115854749998,512,64x64,14,15.436124909546791,15.979573171754398,8192,192x192,14,1.578984604787535,1.7054115854749998,768,64x64,14,12.799492673176792,15.979573171754398,4096,192x192,14,6.315940422320179,6.821646341899999,3072,128x128,14,2.5d,"{'from': 'Chiplet_3', 'to': 'Chiplet_4', 'connection_type': '2.5d_rdl', 'loc': '2.5d_chiplet'},{'from': 'Chiplet_3', 'to': 'Chiplet_5', 'connection_type': '2.5d_rdl', 'loc': '2.5d_chiplet'},{'from': 'Chiplet_3', 'to': 'Chiplet_6', 'connection_type': '2.5d_rdl', 'loc': '2.5d_chiplet'},{'from': 'Chiplet_3', 'to': 'Chiplet_1', 'connection_type': '2.5d_rdl', 'loc': '2.5d_chiplet'},{'from': 'Chiplet_1', 'to': 'Chiplet_3', 'connection_type': '2.5d_rdl', 'loc': '2.5d_chiplet'},{'from': 'Chiplet_1', 'to': 'Chiplet_4', 'connection_type': '2.5d_rdl', 'loc': '2.5d_chiplet'},{'from': 'Chiplet_4', 'to': 'Chiplet_3', 'connection_type': '2.5d_rdl', 'loc': '2.5d_chiplet'},{'from': 'Chiplet_4', 'to': 'Chiplet_1', 'connection_type': '2.5d_rdl', 'loc': '2.5d_chiplet'},{'from': 'Chiplet_5', 'to': 'Chiplet_2', 'connection_type': '2.5d_rdl', 'loc': '2.5d_chiplet'},{'from': 'Chiplet_5', 'to': 'Chiplet_3', 'connection_type': '2.5d_rdl', 'loc': '2.5d_chiplet'},{'from': 'Chiplet_5', 'to': 'Chiplet_6', 'connection_type': '2.5d_rdl', 'loc': '2.5d_chiplet'},{'from': 'Chiplet_6', 'to': 'Chiplet_2', 'connection_type': '2.5d_rdl', 'loc': '2.5d_chiplet'},{'from': 'Chiplet_6', 'to': 'Chiplet_3', 'connection_type': '2.5d_rdl', 'loc': '2.5d_chiplet'},{'from': 'Chiplet_6', 'to': 'Chiplet_5', 'connection_type': '2.5d_rdl', 'loc': '2.5d_chiplet'},{'from': 'Chiplet_2', 'to': 'Chiplet_5', 'connection_type': '2.5d_rdl', 'loc': '2.5d_chiplet'},{'from': 'Chiplet_2', 'to': 'Chiplet_6', 'connection_type': '2.5d_rdl', 'loc': '2.5d_chiplet'}",1,1,6,1,5,2,hbm3,ucie_std,na,1,0,is,1,0,0
414,24.93528172879292,4043956.25,122818.95001376058,173251270.62894034,8427.499999999998,9341.572181299254,414,4.9976252555201786,6.821646341899999,1024,128x128,14,3.665749090547913,5.538366334949999,4096,128x128,10,0.916436759447044,1.3845915837374998,1024,64x64,10,1.51595254,4.475,1024,128x128,7,2.972908090547913,5.538366334949999,2048,128x128,10,11.481175603606792,15.979573171754398,2048,192x192,14,2.5d_3d,"{'from': 'Chiplet_6', 'to': 'Chiplet_1', 'connection_type': '3d_u_bump', 'loc': 'stack0_base'},{'from': 'Chiplet_1', 'to': 'Chiplet_4', 'connection_type': '3d_u_bump', 'loc': 'stack0_middle1'},{'from': 'Chiplet_4', 'to': 'Chiplet_3', 'connection_type': '3d_u_bump', 'loc': 'stack0_middle2'},{'from': 'Chiplet_3', 'to': 'na', 'connection_type': '3d_u_bump', 'loc': 'stack0_top'},{'from': 'Chiplet_6', 'to': 'Chiplet_2', 'connection_type': '2.5d_emib', 'loc': '2.5d_chiplet'},{'from': 'Chiplet_6', 'to': 'Chiplet_5', 'connection_type': '2.5d_emib', 'loc': '2.5d_chiplet'},{'from': 'Chiplet_2', 'to': 'Chiplet_5', 'connection_type': '2.5d_emib', 'loc': '2.5d_chiplet'},{'from': 'Chiplet_2', 'to': 'Chiplet_6', 'connection_type': '2.5d_emib', 'loc': '2.5d_chiplet'},{'from': 'Chiplet_5', 'to': 'Chiplet_2', 'connection_type': '2.5d_emib', 'loc': '2.5d_chiplet'},{'from': 'Chiplet_5', 'to': 'Chiplet_6', 'connection_type': '2.5d_emib', 'loc': '2.5d_chiplet'}",3,2,1,1,2,7,hbm2,aib,ucie_3d,1,0,is,0,0,0
415,31.99920872512199,3459793.74,179562.72674018343,605424385.0618747,6226.170287934994,14950.09960963914,415,2.55521354,4.475,4096,128x128,7,1.86237254,4.475,2048,128x128,7,0.829831759447044,1.3845915837374998,768,64x64,10,3.3193280905479132,5.538366334949999,3072,128x128,10,1.86237254,4.475,2048,128x128,7,8.112421457366196,12.973514847541198,8192,192x192,10,2.5d,"{'from': 'Chiplet_6', 'to': 'Chiplet_3', 'connection_type': '2.5d_emib', 'loc': '2.5d_chiplet'},{'from': 'Chiplet_6', 'to': 'Chiplet_4', 'connection_type': '2.5d_emib', 'loc': '2.5d_chiplet'},{'from': 'Chiplet_3', 'to': 'Chiplet_6', 'connection_type': '2.5d_emib', 'loc': '2.5d_chiplet'},{'from': 'Chiplet_3', 'to': 'Chiplet_4', 'connection_type': '2.5d_emib', 'loc': '2.5d_chiplet'},{'from': 'Chiplet_3', 'to': 'Chiplet_1', 'connection_type': '2.5d_emib', 'loc': '2.5d_chiplet'},{'from': 'Chiplet_4', 'to': 'Chiplet_2', 'connection_type': '2.5d_emib', 'loc': '2.5d_chiplet'},{'from': 'Chiplet_4', 'to': 'Chiplet_5', 'connection_type': '2.5d_emib', 'loc': '2.5d_chiplet'},{'from': 'Chiplet_4', 'to': 'Chiplet_6', 'connection_type': '2.5d_emib', 'loc': '2.5d_chiplet'},{'from': 'Chiplet_4', 'to': 'Chiplet_3', 'connection_type': '2.5d_emib', 'loc': '2.5d_chiplet'},{'from': 'Chiplet_4', 'to': 'Chiplet_1', 'connection_type': '2.5d_emib', 'loc': '2.5d_chiplet'},{'from': 'Chiplet_5', 'to': 'Chiplet_2', 'connection_type': '2.5d_emib', 'loc': '2.5d_chiplet'},{'from': 'Chiplet_5', 'to': 'Chiplet_4', 'connection_type': '2.5d_emib', 'loc': '2.5d_chiplet'},{'from': 'Chiplet_1', 'to': 'Chiplet_2', 'connection_type': '2.5d_emib', 'loc': '2.5d_chiplet'},{'from': 'Chiplet_1', 'to': 'Chiplet_3', 'connection_type': '2.5d_emib', 'loc': '2.5d_chiplet'},{'from': 'Chiplet_1', 'to': 'Chiplet_4', 'connection_type': '2.5d_emib', 'loc': '2.5d_chiplet'},{'from': 'Chiplet_2', 'to': 'Chiplet_5', 'connection_type': '2.5d_emib', 'loc': '2.5d_chiplet'},{'from': 'Chiplet_2', 'to': 'Chiplet_4', 'connection_type': '2.5d_emib', 'loc': '2.5d_chiplet'},{'from': 'Chiplet_2', 'to': 'Chiplet_1', 'connection_type': '2.5d_emib', 'loc': '2.5d_chiplet'}",1,1,1,1,1,3,ddr4,aib,na,1,0,os,0,0,0
416,26.78009244398544,4769756.86,104957.37430477419,215602277.21672815,30101.439807493174,29487.234977118835,416,0.378988,1.11875,256,64x64,7,1.8849981800824636,3.1172648505374996,2048,96x96,10,1.5385781800824634,3.1172648505374996,1024,96x96,10,12.799492673176792,15.979573171754398,4096,192x192,14,15.436124909546791,15.979573171754398,8192,192x192,14,6.315940422320179,6.821646341899999,3072,128x128,14,2.5d_3d,"{'from': 'Chiplet_5', 'to': 'Chiplet_4', 'connection_type': '3d_tsv', 'loc': 'stack0_base'},{'from': 'Chiplet_4', 'to': 'Chiplet_6', 'connection_type': '3d_tsv', 'loc': 'stack0_middle1'},{'from': 'Chiplet_6', 'to': 'Chiplet_1', 'connection_type': '3d_tsv', 'loc': 'stack0_middle2'},{'from': 'Chiplet_1', 'to': 'na', 'connection_type': '3d_tsv', 'loc': 'stack0_top'},{'from': 'Chiplet_5', 'to': 'Chiplet_2', 'connection_type': '2.5d_rdl', 'loc': '2.5d_chiplet'},{'from': 'Chiplet_5', 'to': 'Chiplet_3', 'connection_type': '2.5d_rdl', 'loc': '2.5d_chiplet'},{'from': 'Chiplet_2', 'to': 'Chiplet_5', 'connection_type': '2.5d_rdl', 'loc': '2.5d_chiplet'},{'from': 'Chiplet_2', 'to': 'Chiplet_3', 'connection_type': '2.5d_rdl', 'loc': '2.5d_chiplet'},{'from': 'Chiplet_3', 'to': 'Chiplet_2', 'connection_type': '2.5d_rdl', 'loc': '2.5d_chiplet'},{'from': 'Chiplet_3', 'to': 'Chiplet_5', 'connection_type': '2.5d_rdl', 'loc': '2.5d_chiplet'}",1,1,1,5,6,2,hbm2,ucie_std,ucie_3d,0,0,ws,1,0,0
417,58.075347231227624,5752871.31,148545.97554455942,365786103.1553864,51390.60115319573,63071.69640055974,417,2.20879254,4.475,3072,128x128,7,3.3193280905479132,5.538366334949999,3072,128x128,10,1.743774000637535,1.7054115854749998,1024,64x64,14,14.117807839976791,15.979573171754398,6144,192x192,14,14.117807839976791,15.979573171754398,6144,192x192,14,14.117807839976791,15.979573171754398,6144,192x192,14,2.5d,"{'from': 'Chiplet_4', 'to': 'Chiplet_5', 'connection_type': '2.5d_rdl', 'loc': '2.5d_chiplet'},{'from': 'Chiplet_4', 'to': 'Chiplet_6', 'connection_type': '2.5d_rdl', 'loc': '2.5d_chiplet'},{'from': 'Chiplet_6', 'to': 'Chiplet_2', 'connection_type': '2.5d_rdl', 'loc': '2.5d_chiplet'},{'from': 'Chiplet_6', 'to': 'Chiplet_4', 'connection_type': '2.5d_rdl', 'loc': '2.5d_chiplet'},{'from': 'Chiplet_5', 'to': 'Chiplet_2', 'connection_type': '2.5d_rdl', 'loc': '2.5d_chiplet'},{'from': 'Chiplet_5', 'to': 'Chiplet_4', 'connection_type': '2.5d_rdl', 'loc': '2.5d_chiplet'},{'from': 'Chiplet_5', 'to': 'Chiplet_1', 'connection_type': '2.5d_rdl', 'loc': '2.5d_chiplet'},{'from': 'Chiplet_2', 'to': 'Chiplet_3', 'connection_type': '2.5d_rdl', 'loc': '2.5d_chiplet'},{'from': 'Chiplet_2', 'to': 'Chiplet_6', 'connection_type': '2.5d_rdl', 'loc': '2.5d_chiplet'},{'from': 'Chiplet_2', 'to': 'Chiplet_5', 'connection_type': '2.5d_rdl', 'loc': '2.5d_chiplet'},{'from': 'Chiplet_2', 'to': 'Chiplet_1', 'connection_type': '2.5d_rdl', 'loc': '2.5d_chiplet'},{'from': 'Chiplet_1', 'to': 'Chiplet_2', 'connection_type': '2.5d_rdl', 'loc': '2.5d_chiplet'},{'from': 'Chiplet_1', 'to': 'Chiplet_5', 'connection_type': '2.5d_rdl', 'loc': '2.5d_chiplet'},{'from': 'Chiplet_1', 'to': 'Chiplet_3', 'connection_type': '2.5d_rdl', 'loc': '2.5d_chiplet'},{'from': 'Chiplet_3', 'to': 'Chiplet_2', 'connection_type': '2.5d_rdl', 'loc': '2.5d_chiplet'},{'from': 'Chiplet_3', 'to': 'Chiplet_1', 'connection_type': '2.5d_rdl', 'loc': '2.5d_chiplet'}",1,1,1,2,2,1,ddr5,ucie_std,na,1,0,is,1,0,0
418,12.934082771844567,2555862.0,116805.69184050614,148286478.98683667,14056.333333333334,9242.558172170557,418,0.656621759447044,1.3845915837374998,256,64x64,10,4.1253109519999995,10.4826,4096,192x192,7,0.957922696,2.51875,1024,96x96,7,1.86237254,4.475,2048,128x128,7,0.784712696,2.51875,512,96x96,7,3.2571509657793953,3.8395579270749995,1536,96x96,14,2.5d_3d,"{'from': 'Chiplet_4', 'to': 'Chiplet_3', 'connection_type': '3d_tsv', 'loc': 'stack0_base'},{'from': 'Chiplet_3', 'to': 'Chiplet_1', 'connection_type': '3d_tsv', 'loc': 'stack0_middle1'},{'from': 'Chiplet_1', 'to': 'na', 'connection_type': '3d_tsv', 'loc': 'stack0_top'},{'from': 'Chiplet_2', 'to': 'Chiplet_4', 'connection_type': '2.5d_emib', 'loc': '2.5d_chiplet'},{'from': 'Chiplet_2', 'to': 'Chiplet_6', 'connection_type': '2.5d_emib', 'loc': '2.5d_chiplet'},{'from': 'Chiplet_2', 'to': 'Chiplet_5', 'connection_type': '2.5d_emib', 'loc': '2.5d_chiplet'},{'from': 'Chiplet_5', 'to': 'Chiplet_2', 'connection_type': '2.5d_emib', 'loc': '2.5d_chiplet'},{'from': 'Chiplet_5', 'to': 'Chiplet_4', 'connection_type': '2.5d_emib', 'loc': '2.5d_chiplet'},{'from': 'Chiplet_6', 'to': 'Chiplet_2', 'connection_type': '2.5d_emib', 'loc': '2.5d_chiplet'},{'from': 'Chiplet_6', 'to': 'Chiplet_4', 'connection_type': '2.5d_emib', 'loc': '2.5d_chiplet'},{'from': 'Chiplet_4', 'to': 'Chiplet_2', 'connection_type': '2.5d_emib', 'loc': '2.5d_chiplet'},{'from': 'Chiplet_4', 'to': 'Chiplet_5', 'connection_type': '2.5d_emib', 'loc': '2.5d_chiplet'},{'from': 'Chiplet_4', 'to': 'Chiplet_6', 'connection_type': '2.5d_emib', 'loc': '2.5d_chiplet'}",1,6,1,3,1,4,hbm3,aib,ucie_3d,0,0,os,0,0,0
419,48.56991134291503,4961014.84,186676.85243730762,161373157.48264593,18357.661551402656,16642.552085341984,419,12.799492673176792,15.979573171754398,4096,192x192,14,0.552198,1.11875,768,64x64,7,1.304342696,2.51875,2048,96x96,7,7.419580457366196,12.973514847541198,6144,192x192,10,0.378988,1.11875,256,64x64,7,5.656782838920179,6.821646341899999,2048,128x128,14,2.5d,"{'from': 'Chiplet_1', 'to': 'Chiplet_6', 'connection_type': '2.5d_emib', 'loc': '2.5d_chiplet'},{'from': 'Chiplet_1', 'to': 'Chiplet_4', 'connection_type': '2.5d_emib', 'loc': '2.5d_chiplet'},{'from': 'Chiplet_1', 'to': 'Chiplet_3', 'connection_type': '2.5d_emib', 'loc': '2.5d_chiplet'},{'from': 'Chiplet_3', 'to': 'Chiplet_6', 'connection_type': '2.5d_emib', 'loc': '2.5d_chiplet'},{'from': 'Chiplet_3', 'to': 'Chiplet_1', 'connection_type': '2.5d_emib', 'loc': '2.5d_chiplet'},{'from': 'Chiplet_4', 'to': 'Chiplet_2', 'connection_type': '2.5d_emib', 'loc': '2.5d_chiplet'},{'from': 'Chiplet_4', 'to': 'Chiplet_6', 'connection_type': '2.5d_emib', 'loc': '2.5d_chiplet'},{'from': 'Chiplet_4', 'to': 'Chiplet_1', 'connection_type': '2.5d_emib', 'loc': '2.5d_chiplet'},{'from': 'Chiplet_6', 'to': 'Chiplet_4', 'connection_type': '2.5d_emib', 'loc': '2.5d_chiplet'},{'from': 'Chiplet_6', 'to': 'Chiplet_2', 'connection_type': '2.5d_emib', 'loc': '2.5d_chiplet'},{'from': 'Chiplet_6', 'to': 'Chiplet_5', 'connection_type': '2.5d_emib', 'loc': '2.5d_chiplet'},{'from': 'Chiplet_6', 'to': 'Chiplet_3', 'connection_type': '2.5d_emib', 'loc': '2.5d_chiplet'},{'from': 'Chiplet_6', 'to': 'Chiplet_1', 'connection_type': '2.5d_emib', 'loc': '2.5d_chiplet'},{'from': 'Chiplet_2', 'to': 'Chiplet_4', 'connection_type': '2.5d_emib', 'loc': '2.5d_chiplet'},{'from': 'Chiplet_2', 'to': 'Chiplet_6', 'connection_type': '2.5d_emib', 'loc': '2.5d_chiplet'},{'from': 'Chiplet_2', 'to': 'Chiplet_5', 'connection_type': '2.5d_emib', 'loc': '2.5d_chiplet'},{'from': 'Chiplet_5', 'to': 'Chiplet_2', 'connection_type': '2.5d_emib', 'loc': '2.5d_chiplet'},{'from': 'Chiplet_5', 'to': 'Chiplet_6', 'connection_type': '2.5d_emib', 'loc': '2.5d_chiplet'}",7,1,1,3,1,3,hbm3,ucie_adv,na,1,0,os,1,0,0
420,24.428369165799733,2961243.56,145577.20513515105,307730646.3463646,42406.58862013117,31568.57963776973,420,1.51595254,4.475,1024,128x128,7,1.578984604787535,1.7054115854749998,768,64x64,14,2.6264880905479133,5.538366334949999,1024,128x128,10,12.799492673176792,15.979573171754398,4096,192x192,14,2.927572174079395,3.8395579270749995,1024,96x96,14,1.743774000637535,1.7054115854749998,1024,64x64,14,2.5d_3d,"{'from': 'Chiplet_2', 'to': 'Chiplet_1', 'connection_type': '3d_tsv', 'loc': 'stack0_base'},{'from': 'Chiplet_1', 'to': 'na', 'connection_type': '3d_tsv', 'loc': 'stack0_top'},{'from': 'Chiplet_4', 'to': 'Chiplet_5', 'connection_type': '2.5d_emib', 'loc': '2.5d_chiplet'},{'from': 'Chiplet_4', 'to': 'Chiplet_3', 'connection_type': '2.5d_emib', 'loc': '2.5d_chiplet'},{'from': 'Chiplet_5', 'to': 'Chiplet_2', 'connection_type': '2.5d_emib', 'loc': '2.5d_chiplet'},{'from': 'Chiplet_5', 'to': 'Chiplet_3', 'connection_type': '2.5d_emib', 'loc': '2.5d_chiplet'},{'from': 'Chiplet_5', 'to': 'Chiplet_4', 'connection_type': '2.5d_emib', 'loc': '2.5d_chiplet'},{'from': 'Chiplet_2', 'to': 'Chiplet_5', 'connection_type': '2.5d_emib', 'loc': '2.5d_chiplet'},{'from': 'Chiplet_2', 'to': 'Chiplet_6', 'connection_type': '2.5d_emib', 'loc': '2.5d_chiplet'},{'from': 'Chiplet_3', 'to': 'Chiplet_6', 'connection_type': '2.5d_emib', 'loc': '2.5d_chiplet'},{'from': 'Chiplet_3', 'to': 'Chiplet_4', 'connection_type': '2.5d_emib', 'loc': '2.5d_chiplet'},{'from': 'Chiplet_3', 'to': 'Chiplet_5', 'connection_type': '2.5d_emib', 'loc': '2.5d_chiplet'},{'from': 'Chiplet_6', 'to': 'Chiplet_2', 'connection_type': '2.5d_emib', 'loc': '2.5d_chiplet'},{'from': 'Chiplet_6', 'to': 'Chiplet_3', 'connection_type': '2.5d_emib', 'loc': '2.5d_chiplet'}",1,1,1,3,1,1,ddr5,aib,ucie_3d,0,0,os,1,0,0
421,26.21102593181014,2667709.97,165423.79924598127,591496696.6527071,11435.78431372549,16981.431019217216,421,2.20879254,4.475,3072,128x128,7,0.378988,1.11875,256,64x64,7,6.726740457366197,12.973514847541198,4096,192x192,10,0.46559300000000003,1.11875,512,64x64,7,4.9976252555201786,6.821646341899999,1024,128x128,14,1.131132696,2.51875,1536,96x96,7,2.5d,"{'from': 'Chiplet_3', 'to': 'Chiplet_5', 'connection_type': '2.5d_emib', 'loc': '2.5d_chiplet'},{'from': 'Chiplet_3', 'to': 'Chiplet_6', 'connection_type': '2.5d_emib', 'loc': '2.5d_chiplet'},{'from': 'Chiplet_3', 'to': 'Chiplet_1', 'connection_type': '2.5d_emib', 'loc': '2.5d_chiplet'},{'from': 'Chiplet_6', 'to': 'Chiplet_3', 'connection_type': '2.5d_emib', 'loc': '2.5d_chiplet'},{'from': 'Chiplet_6', 'to': 'Chiplet_1', 'connection_type': '2.5d_emib', 'loc': '2.5d_chiplet'},{'from': 'Chiplet_5', 'to': 'Chiplet_3', 'connection_type': '2.5d_emib', 'loc': '2.5d_chiplet'},{'from': 'Chiplet_5', 'to': 'Chiplet_4', 'connection_type': '2.5d_emib', 'loc': '2.5d_chiplet'},{'from': 'Chiplet_5', 'to': 'Chiplet_1', 'connection_type': '2.5d_emib', 'loc': '2.5d_chiplet'},{'from': 'Chiplet_1', 'to': 'Chiplet_4', 'connection_type': '2.5d_emib', 'loc': '2.5d_chiplet'},{'from': 'Chiplet_1', 'to': 'Chiplet_2', 'connection_type': '2.5d_emib', 'loc': '2.5d_chiplet'},{'from': 'Chiplet_1', 'to': 'Chiplet_5', 'connection_type': '2.5d_emib', 'loc': '2.5d_chiplet'},{'from': 'Chiplet_1', 'to': 'Chiplet_6', 'connection_type': '2.5d_emib', 'loc': '2.5d_chiplet'},{'from': 'Chiplet_1', 'to': 'Chiplet_3', 'connection_type': '2.5d_emib', 'loc': '2.5d_chiplet'},{'from': 'Chiplet_4', 'to': 'Chiplet_2', 'connection_type': '2.5d_emib', 'loc': '2.5d_chiplet'},{'from': 'Chiplet_4', 'to': 'Chiplet_5', 'connection_type': '2.5d_emib', 'loc': '2.5d_chiplet'},{'from': 'Chiplet_4', 'to': 'Chiplet_1', 'connection_type': '2.5d_emib', 'loc': '2.5d_chiplet'},{'from': 'Chiplet_2', 'to': 'Chiplet_4', 'connection_type': '2.5d_emib', 'loc': '2.5d_chiplet'},{'from': 'Chiplet_2', 'to': 'Chiplet_1', 'connection_type': '2.5d_emib', 'loc': '2.5d_chiplet'}",1,1,2,1,2,1,ddr4,ucie_adv,na,1,0,ws,0,0,0
422,31.262193487425368,4258245.38,102220.9171833623,467747825.48308754,17242.404237978808,23586.92875674808,422,8.112421457366196,12.973514847541198,8192,192x192,10,1.3653681800824635,3.1172648505374996,512,96x96,10,0.638803,1.11875,1024,64x64,7,11.481175603606792,15.979573171754398,2048,192x192,14,7.419580457366196,12.973514847541198,6144,192x192,10,0.46559300000000003,1.11875,512,64x64,7,2.5d_3d,"{'from': 'Chiplet_5', 'to': 'Chiplet_2', 'connection_type': '3d_u_bump', 'loc': 'stack0_base'},{'from': 'Chiplet_2', 'to': 'Chiplet_3', 'connection_type': '3d_u_bump', 'loc': 'stack0_middle1'},{'from': 'Chiplet_3', 'to': 'Chiplet_6', 'connection_type': '3d_u_bump', 'loc': 'stack0_middle2'},{'from': 'Chiplet_6', 'to': 'na', 'connection_type': '3d_u_bump', 'loc': 'stack0_top'},{'from': 'Chiplet_4', 'to': 'Chiplet_5', 'connection_type': '2.5d_rdl', 'loc': '2.5d_chiplet'},{'from': 'Chiplet_4', 'to': 'Chiplet_1', 'connection_type': '2.5d_rdl', 'loc': '2.5d_chiplet'},{'from': 'Chiplet_1', 'to': 'Chiplet_5', 'connection_type': '2.5d_rdl', 'loc': '2.5d_chiplet'},{'from': 'Chiplet_1', 'to': 'Chiplet_4', 'connection_type': '2.5d_rdl', 'loc': '2.5d_chiplet'},{'from': 'Chiplet_5', 'to': 'Chiplet_4', 'connection_type': '2.5d_rdl', 'loc': '2.5d_chiplet'},{'from': 'Chiplet_5', 'to': 'Chiplet_1', 'connection_type': '2.5d_rdl', 'loc': '2.5d_chiplet'}",2,1,1,2,1,1,ddr5,ucie_std,ucie_3d,0,0,is,0,0,0
423,26.974550867778056,2826066.88,157801.26755059,127733526.20949125,7981.202118989406,6234.734848808554,423,3.432469952,10.4826,2048,192x192,7,1.4141952089375351,1.7054115854749998,512,64x64,14,5.656782838920179,6.821646341899999,2048,128x128,14,0.378988,1.11875,256,64x64,7,2.597993382379395,3.8395579270749995,512,96x96,14,0.957922696,2.51875,1024,96x96,7,2.5d,"{'from': 'Chiplet_3', 'to': 'Chiplet_2', 'connection_type': '2.5d_emib', 'loc': '2.5d_chiplet'},{'from': 'Chiplet_3', 'to': 'Chiplet_1', 'connection_type': '2.5d_emib', 'loc': '2.5d_chiplet'},{'from': 'Chiplet_2', 'to': 'Chiplet_3', 'connection_type': '2.5d_emib', 'loc': '2.5d_chiplet'},{'from': 'Chiplet_2', 'to': 'Chiplet_1', 'connection_type': '2.5d_emib', 'loc': '2.5d_chiplet'},{'from': 'Chiplet_1', 'to': 'Chiplet_4', 'connection_type': '2.5d_emib', 'loc': '2.5d_chiplet'},{'from': 'Chiplet_1', 'to': 'Chiplet_2', 'connection_type': '2.5d_emib', 'loc': '2.5d_chiplet'},{'from': 'Chiplet_1', 'to': 'Chiplet_5', 'connection_type': '2.5d_emib', 'loc': '2.5d_chiplet'},{'from': 'Chiplet_1', 'to': 'Chiplet_6', 'connection_type': '2.5d_emib', 'loc': '2.5d_chiplet'},{'from': 'Chiplet_1', 'to': 'Chiplet_3', 'connection_type': '2.5d_emib', 'loc': '2.5d_chiplet'},{'from': 'Chiplet_4', 'to': 'Chiplet_6', 'connection_type': '2.5d_emib', 'loc': '2.5d_chiplet'},{'from': 'Chiplet_4', 'to': 'Chiplet_1', 'connection_type': '2.5d_emib', 'loc': '2.5d_chiplet'},{'from': 'Chiplet_5', 'to': 'Chiplet_6', 'connection_type': '2.5d_emib', 'loc': '2.5d_chiplet'},{'from': 'Chiplet_5', 'to': 'Chiplet_1', 'connection_type': '2.5d_emib', 'loc': '2.5d_chiplet'},{'from': 'Chiplet_6', 'to': 'Chiplet_5', 'connection_type': '2.5d_emib', 'loc': '2.5d_chiplet'},{'from': 'Chiplet_6', 'to': 'Chiplet_4', 'connection_type': '2.5d_emib', 'loc': '2.5d_chiplet'},{'from': 'Chiplet_6', 'to': 'Chiplet_1', 'connection_type': '2.5d_emib', 'loc': '2.5d_chiplet'}",4,1,6,1,3,1,hbm3,aib,na,1,0,os,0,0,0
424,34.49590448129325,4939279.02,98961.28243197253,201665135.68634084,6918.359788359789,8344.454886031472,424,3.3193280905479132,5.538366334949999,3072,128x128,10,0.957922696,2.51875,1024,96x96,7,2.55521354,4.475,4096,128x128,7,14.117807839976791,15.979573171754398,6144,192x192,14,6.975099908490179,6.821646341899999,4096,128x128,14,0.552198,1.11875,768,64x64,7,2.5d_3d,"{'from': 'Chiplet_4', 'to': 'Chiplet_1', 'connection_type': '3d_hyb_bond', 'loc': 'stack0_base'},{'from': 'Chiplet_1', 'to': 'Chiplet_6', 'connection_type': '3d_hyb_bond', 'loc': 'stack0_middle1'},{'from': 'Chiplet_6', 'to': 'na', 'connection_type': '3d_hyb_bond', 'loc': 'stack0_top'},{'from': 'Chiplet_4', 'to': 'Chiplet_5', 'connection_type': '2.5d_rdl', 'loc': '2.5d_chiplet'},{'from': 'Chiplet_4', 'to': 'Chiplet_3', 'connection_type': '2.5d_rdl', 'loc': '2.5d_chiplet'},{'from': 'Chiplet_5', 'to': 'Chiplet_2', 'connection_type': '2.5d_rdl', 'loc': '2.5d_chiplet'},{'from': 'Chiplet_5', 'to': 'Chiplet_3', 'connection_type': '2.5d_rdl', 'loc': '2.5d_chiplet'},{'from': 'Chiplet_5', 'to': 'Chiplet_4', 'connection_type': '2.5d_rdl', 'loc': '2.5d_chiplet'},{'from': 'Chiplet_3', 'to': 'Chiplet_2', 'connection_type': '2.5d_rdl', 'loc': '2.5d_chiplet'},{'from': 'Chiplet_3', 'to': 'Chiplet_5', 'connection_type': '2.5d_rdl', 'loc': '2.5d_chiplet'},{'from': 'Chiplet_3', 'to': 'Chiplet_4', 'connection_type': '2.5d_rdl', 'loc': '2.5d_chiplet'},{'from': 'Chiplet_2', 'to': 'Chiplet_3', 'connection_type': '2.5d_rdl', 'loc': '2.5d_chiplet'},{'from': 'Chiplet_2', 'to': 'Chiplet_5', 'connection_type': '2.5d_rdl', 'loc': '2.5d_chiplet'}",2,1,1,8,3,1,hbm3,ucie_std,ucie_3d,1,0,os,0,0,0
425,31.505657237554423,3181917.53,161369.78953347806,170426996.74977002,59572.333263255096,31079.378757297545,425,3.2571509657793953,3.8395579270749995,1536,96x96,14,5.656782838920179,6.821646341899999,2048,128x128,14,3.665749090547913,5.538366334949999,4096,128x128,10,0.743226759447044,1.3845915837374998,512,64x64,10,0.378988,1.11875,256,64x64,7,6.315940422320179,6.821646341899999,3072,128x128,14,2.5d,"{'from': 'Chiplet_6', 'to': 'Chiplet_2', 'connection_type': '2.5d_emib', 'loc': '2.5d_chiplet'},{'from': 'Chiplet_6', 'to': 'Chiplet_5', 'connection_type': '2.5d_emib', 'loc': '2.5d_chiplet'},{'from': 'Chiplet_6', 'to': 'Chiplet_1', 'connection_type': '2.5d_emib', 'loc': '2.5d_chiplet'},{'from': 'Chiplet_1', 'to': 'Chiplet_5', 'connection_type': '2.5d_emib', 'loc': '2.5d_chiplet'},{'from': 'Chiplet_1', 'to': 'Chiplet_6', 'connection_type': '2.5d_emib', 'loc': '2.5d_chiplet'},{'from': 'Chiplet_5', 'to': 'Chiplet_6', 'connection_type': '2.5d_emib', 'loc': '2.5d_chiplet'},{'from': 'Chiplet_5', 'to': 'Chiplet_1', 'connection_type': '2.5d_emib', 'loc': '2.5d_chiplet'},{'from': 'Chiplet_2', 'to': 'Chiplet_3', 'connection_type': '2.5d_emib', 'loc': '2.5d_chiplet'},{'from': 'Chiplet_2', 'to': 'Chiplet_6', 'connection_type': '2.5d_emib', 'loc': '2.5d_chiplet'},{'from': 'Chiplet_2', 'to': 'Chiplet_4', 'connection_type': '2.5d_emib', 'loc': '2.5d_chiplet'},{'from': 'Chiplet_3', 'to': 'Chiplet_2', 'connection_type': '2.5d_emib', 'loc': '2.5d_chiplet'},{'from': 'Chiplet_3', 'to': 'Chiplet_4', 'connection_type': '2.5d_emib', 'loc': '2.5d_chiplet'},{'from': 'Chiplet_4', 'to': 'Chiplet_2', 'connection_type': '2.5d_emib', 'loc': '2.5d_chiplet'},{'from': 'Chiplet_4', 'to': 'Chiplet_3', 'connection_type': '2.5d_emib', 'loc': '2.5d_chiplet'}",2,4,3,1,1,5,hbm2,aib,na,1,0,is,1,0,0
426,45.6203205116848,4982678.37,169890.10646993903,620732584.8802998,11506.549019607843,20621.073010701824,426,4.1253109519999995,10.4826,4096,192x192,7,1.743774000637535,1.7054115854749998,1024,64x64,14,6.975099908490179,6.821646341899999,4096,128x128,14,4.9976252555201786,6.821646341899999,1024,128x128,14,12.799492673176792,15.979573171754398,4096,192x192,14,1.743774000637535,1.7054115854749998,1024,64x64,14,2.5d_3d,"{'from': 'Chiplet_4', 'to': 'Chiplet_2', 'connection_type': '3d_hyb_bond', 'loc': 'stack0_base'},{'from': 'Chiplet_2', 'to': 'na', 'connection_type': '3d_hyb_bond', 'loc': 'stack0_top'},{'from': 'Chiplet_5', 'to': 'Chiplet_3', 'connection_type': '2.5d_emib', 'loc': '2.5d_chiplet'},{'from': 'Chiplet_5', 'to': 'Chiplet_4', 'connection_type': '2.5d_emib', 'loc': '2.5d_chiplet'},{'from': 'Chiplet_5', 'to': 'Chiplet_6', 'connection_type': '2.5d_emib', 'loc': '2.5d_chiplet'},{'from': 'Chiplet_6', 'to': 'Chiplet_5', 'connection_type': '2.5d_emib', 'loc': '2.5d_chiplet'},{'from': 'Chiplet_6', 'to': 'Chiplet_4', 'connection_type': '2.5d_emib', 'loc': '2.5d_chiplet'},{'from': 'Chiplet_3', 'to': 'Chiplet_5', 'connection_type': '2.5d_emib', 'loc': '2.5d_chiplet'},{'from': 'Chiplet_3', 'to': 'Chiplet_4', 'connection_type': '2.5d_emib', 'loc': '2.5d_chiplet'},{'from': 'Chiplet_3', 'to': 'Chiplet_1', 'connection_type': '2.5d_emib', 'loc': '2.5d_chiplet'},{'from': 'Chiplet_4', 'to': 'Chiplet_5', 'connection_type': '2.5d_emib', 'loc': '2.5d_chiplet'},{'from': 'Chiplet_4', 'to': 'Chiplet_6', 'connection_type': '2.5d_emib', 'loc': '2.5d_chiplet'},{'from': 'Chiplet_4', 'to': 'Chiplet_1', 'connection_type': '2.5d_emib', 'loc': '2.5d_chiplet'},{'from': 'Chiplet_4', 'to': 'Chiplet_3', 'connection_type': '2.5d_emib', 'loc': '2.5d_chiplet'},{'from': 'Chiplet_1', 'to': 'Chiplet_3', 'connection_type': '2.5d_emib', 'loc': '2.5d_chiplet'},{'from': 'Chiplet_1', 'to': 'Chiplet_4', 'connection_type': '2.5d_emib', 'loc': '2.5d_chiplet'}",1,1,1,1,3,1,ddr4,ucie_adv,ucie_3d,0,0,is,0,0,0
427,32.98262562902317,4017360.51,193344.63162835955,312217024.3672725,27423.389810424083,28493.354805982173,427,1.86237254,4.475,2048,128x128,7,8.112421457366196,12.973514847541198,8192,192x192,10,0.552198,1.11875,768,64x64,7,1.5385781800824634,3.1172648505374996,1024,96x96,10,8.112421457366196,12.973514847541198,8192,192x192,10,3.432469952,10.4826,2048,192x192,7,2.5d,"{'from': 'Chiplet_2', 'to': 'Chiplet_5', 'connection_type': '2.5d_emib', 'loc': '2.5d_chiplet'},{'from': 'Chiplet_2', 'to': 'Chiplet_6', 'connection_type': '2.5d_emib', 'loc': '2.5d_chiplet'},{'from': 'Chiplet_6', 'to': 'Chiplet_2', 'connection_type': '2.5d_emib', 'loc': '2.5d_chiplet'},{'from': 'Chiplet_6', 'to': 'Chiplet_1', 'connection_type': '2.5d_emib', 'loc': '2.5d_chiplet'},{'from': 'Chiplet_5', 'to': 'Chiplet_2', 'connection_type': '2.5d_emib', 'loc': '2.5d_chiplet'},{'from': 'Chiplet_5', 'to': 'Chiplet_4', 'connection_type': '2.5d_emib', 'loc': '2.5d_chiplet'},{'from': 'Chiplet_5', 'to': 'Chiplet_1', 'connection_type': '2.5d_emib', 'loc': '2.5d_chiplet'},{'from': 'Chiplet_1', 'to': 'Chiplet_4', 'connection_type': '2.5d_emib', 'loc': '2.5d_chiplet'},{'from': 'Chiplet_1', 'to': 'Chiplet_6', 'connection_type': '2.5d_emib', 'loc': '2.5d_chiplet'},{'from': 'Chiplet_1', 'to': 'Chiplet_5', 'connection_type': '2.5d_emib', 'loc': '2.5d_chiplet'},{'from': 'Chiplet_1', 'to': 'Chiplet_3', 'connection_type': '2.5d_emib', 'loc': '2.5d_chiplet'},{'from': 'Chiplet_4', 'to': 'Chiplet_5', 'connection_type': '2.5d_emib', 'loc': '2.5d_chiplet'},{'from': 'Chiplet_4', 'to': 'Chiplet_1', 'connection_type': '2.5d_emib', 'loc': '2.5d_chiplet'},{'from': 'Chiplet_4', 'to': 'Chiplet_3', 'connection_type': '2.5d_emib', 'loc': '2.5d_chiplet'},{'from': 'Chiplet_3', 'to': 'Chiplet_4', 'connection_type': '2.5d_emib', 'loc': '2.5d_chiplet'},{'from': 'Chiplet_3', 'to': 'Chiplet_1', 'connection_type': '2.5d_emib', 'loc': '2.5d_chiplet'}",1,2,1,1,2,1,ddr5,ucie_adv,na,1,0,os,1,0,0
428,23.798763871441096,2548011.09,164368.74972689225,461423795.1366769,10401.881293057764,13084.567040413564,428,0.378988,1.11875,256,64x64,7,0.46559300000000003,1.11875,512,64x64,7,5.5109919519999995,10.4826,8192,192x192,7,6.315940422320179,6.821646341899999,3072,128x128,14,0.743226759447044,1.3845915837374998,512,64x64,10,1.3653681800824635,3.1172648505374996,512,96x96,10,2.5d,"{'from': 'Chiplet_4', 'to': 'Chiplet_3', 'connection_type': '2.5d_emib', 'loc': '2.5d_chiplet'},{'from': 'Chiplet_4', 'to': 'Chiplet_6', 'connection_type': '2.5d_emib', 'loc': '2.5d_chiplet'},{'from': 'Chiplet_4', 'to': 'Chiplet_5', 'connection_type': '2.5d_emib', 'loc': '2.5d_chiplet'},{'from': 'Chiplet_4', 'to': 'Chiplet_1', 'connection_type': '2.5d_emib', 'loc': '2.5d_chiplet'},{'from': 'Chiplet_5', 'to': 'Chiplet_4', 'connection_type': '2.5d_emib', 'loc': '2.5d_chiplet'},{'from': 'Chiplet_5', 'to': 'Chiplet_1', 'connection_type': '2.5d_emib', 'loc': '2.5d_chiplet'},{'from': 'Chiplet_1', 'to': 'Chiplet_5', 'connection_type': '2.5d_emib', 'loc': '2.5d_chiplet'},{'from': 'Chiplet_1', 'to': 'Chiplet_4', 'connection_type': '2.5d_emib', 'loc': '2.5d_chiplet'},{'from': 'Chiplet_3', 'to': 'Chiplet_2', 'connection_type': '2.5d_emib', 'loc': '2.5d_chiplet'},{'from': 'Chiplet_3', 'to': 'Chiplet_6', 'connection_type': '2.5d_emib', 'loc': '2.5d_chiplet'},{'from': 'Chiplet_3', 'to': 'Chiplet_4', 'connection_type': '2.5d_emib', 'loc': '2.5d_chiplet'},{'from': 'Chiplet_6', 'to': 'Chiplet_2', 'connection_type': '2.5d_emib', 'loc': '2.5d_chiplet'},{'from': 'Chiplet_6', 'to': 'Chiplet_3', 'connection_type': '2.5d_emib', 'loc': '2.5d_chiplet'},{'from': 'Chiplet_6', 'to': 'Chiplet_4', 'connection_type': '2.5d_emib', 'loc': '2.5d_chiplet'},{'from': 'Chiplet_2', 'to': 'Chiplet_3', 'connection_type': '2.5d_emib', 'loc': '2.5d_chiplet'},{'from': 'Chiplet_2', 'to': 'Chiplet_6', 'connection_type': '2.5d_emib', 'loc': '2.5d_chiplet'}",1,1,2,2,1,1,ddr5,ucie_adv,na,1,0,os,0,0,0
429,15.807607923949888,2218039.27,64579.72663046355,311003184.56879056,74784.79445053585,37099.507453432125,429,2.55521354,4.475,4096,128x128,7,0.784712696,2.51875,512,96x96,7,0.378988,1.11875,256,64x64,7,5.5109919519999995,10.4826,8192,192x192,7,0.638803,1.11875,1024,64x64,7,1.3653681800824635,3.1172648505374996,512,96x96,10,2.5d,"{'from': 'Chiplet_4', 'to': 'Chiplet_6', 'connection_type': '2.5d_rdl', 'loc': '2.5d_chiplet'},{'from': 'Chiplet_4', 'to': 'Chiplet_1', 'connection_type': '2.5d_rdl', 'loc': '2.5d_chiplet'},{'from': 'Chiplet_1', 'to': 'Chiplet_2', 'connection_type': '2.5d_rdl', 'loc': '2.5d_chiplet'},{'from': 'Chiplet_1', 'to': 'Chiplet_3', 'connection_type': '2.5d_rdl', 'loc': '2.5d_chiplet'},{'from': 'Chiplet_1', 'to': 'Chiplet_4', 'connection_type': '2.5d_rdl', 'loc': '2.5d_chiplet'},{'from': 'Chiplet_1', 'to': 'Chiplet_6', 'connection_type': '2.5d_rdl', 'loc': '2.5d_chiplet'},{'from': 'Chiplet_3', 'to': 'Chiplet_2', 'connection_type': '2.5d_rdl', 'loc': '2.5d_chiplet'},{'from': 'Chiplet_3', 'to': 'Chiplet_1', 'connection_type': '2.5d_rdl', 'loc': '2.5d_chiplet'},{'from': 'Chiplet_6', 'to': 'Chiplet_2', 'connection_type': '2.5d_rdl', 'loc': '2.5d_chiplet'},{'from': 'Chiplet_6', 'to': 'Chiplet_5', 'connection_type': '2.5d_rdl', 'loc': '2.5d_chiplet'},{'from': 'Chiplet_6', 'to': 'Chiplet_4', 'connection_type': '2.5d_rdl', 'loc': '2.5d_chiplet'},{'from': 'Chiplet_6', 'to': 'Chiplet_1', 'connection_type': '2.5d_rdl', 'loc': '2.5d_chiplet'},{'from': 'Chiplet_2', 'to': 'Chiplet_3', 'connection_type': '2.5d_rdl', 'loc': '2.5d_chiplet'},{'from': 'Chiplet_2', 'to': 'Chiplet_6', 'connection_type': '2.5d_rdl', 'loc': '2.5d_chiplet'},{'from': 'Chiplet_2', 'to': 'Chiplet_5', 'connection_type': '2.5d_rdl', 'loc': '2.5d_chiplet'},{'from': 'Chiplet_2', 'to': 'Chiplet_1', 'connection_type': '2.5d_rdl', 'loc': '2.5d_chiplet'},{'from': 'Chiplet_5', 'to': 'Chiplet_2', 'connection_type': '2.5d_rdl', 'loc': '2.5d_chiplet'},{'from': 'Chiplet_5', 'to': 'Chiplet_6', 'connection_type': '2.5d_rdl', 'loc': '2.5d_chiplet'}",1,1,1,3,1,1,ddr5,ucie_std,na,1,0,is,1,0,0
430,20.451878846751292,2824509.25,65854.45833836828,414922240.01715904,10840.229828850855,14402.4428783865,430,2.927572174079395,3.8395579270749995,1024,96x96,14,2.972908090547913,5.538366334949999,2048,128x128,10,0.46559300000000003,1.11875,512,64x64,7,3.432469952,10.4826,2048,192x192,7,3.432469952,10.4826,2048,192x192,7,0.957922696,2.51875,1024,96x96,7,2.5d_3d,"{'from': 'Chiplet_4', 'to': 'Chiplet_3', 'connection_type': '3d_u_bump', 'loc': 'stack0_base'},{'from': 'Chiplet_3', 'to': 'na', 'connection_type': '3d_u_bump', 'loc': 'stack0_top'},{'from': 'Chiplet_4', 'to': 'Chiplet_2', 'connection_type': '2.5d_rdl', 'loc': '2.5d_chiplet'},{'from': 'Chiplet_4', 'to': 'Chiplet_5', 'connection_type': '2.5d_rdl', 'loc': '2.5d_chiplet'},{'from': 'Chiplet_2', 'to': 'Chiplet_4', 'connection_type': '2.5d_rdl', 'loc': '2.5d_chiplet'},{'from': 'Chiplet_2', 'to': 'Chiplet_1', 'connection_type': '2.5d_rdl', 'loc': '2.5d_chiplet'},{'from': 'Chiplet_5', 'to': 'Chiplet_6', 'connection_type': '2.5d_rdl', 'loc': '2.5d_chiplet'},{'from': 'Chiplet_5', 'to': 'Chiplet_4', 'connection_type': '2.5d_rdl', 'loc': '2.5d_chiplet'},{'from': 'Chiplet_5', 'to': 'Chiplet_1', 'connection_type': '2.5d_rdl', 'loc': '2.5d_chiplet'},{'from': 'Chiplet_1', 'to': 'Chiplet_2', 'connection_type': '2.5d_rdl', 'loc': '2.5d_chiplet'},{'from': 'Chiplet_1', 'to': 'Chiplet_5', 'connection_type': '2.5d_rdl', 'loc': '2.5d_chiplet'},{'from': 'Chiplet_1', 'to': 'Chiplet_6', 'connection_type': '2.5d_rdl', 'loc': '2.5d_chiplet'},{'from': 'Chiplet_6', 'to': 'Chiplet_5', 'connection_type': '2.5d_rdl', 'loc': '2.5d_chiplet'},{'from': 'Chiplet_6', 'to': 'Chiplet_1', 'connection_type': '2.5d_rdl', 'loc': '2.5d_chiplet'}",1,1,1,2,2,1,ddr5,ucie_std,ucie_3d,0,0,is,0,0,0
431,31.95155432645049,5133722.62,137313.03695269278,210790902.5686169,12600.569800569801,12973.384476871304,431,1.7117881800824635,3.1172648505374996,1536,96x96,10,4.1253109519999995,10.4826,4096,192x192,7,15.436124909546791,15.979573171754398,8192,192x192,14,0.829831759447044,1.3845915837374998,768,64x64,10,2.20879254,4.475,3072,128x128,7,3.5867297574793953,3.8395579270749995,2048,96x96,14,2.5d_3d,"{'from': 'Chiplet_3', 'to': 'Chiplet_5', 'connection_type': '3d_hyb_bond', 'loc': 'stack0_base'},{'from': 'Chiplet_5', 'to': 'Chiplet_1', 'connection_type': '3d_hyb_bond', 'loc': 'stack0_middle1'},{'from': 'Chiplet_1', 'to': 'Chiplet_4', 'connection_type': '3d_hyb_bond', 'loc': 'stack0_middle2'},{'from': 'Chiplet_4', 'to': 'na', 'connection_type': '3d_hyb_bond', 'loc': 'stack0_top'},{'from': 'Chiplet_3', 'to': 'Chiplet_2', 'connection_type': '2.5d_emib', 'loc': '2.5d_chiplet'},{'from': 'Chiplet_3', 'to': 'Chiplet_6', 'connection_type': '2.5d_emib', 'loc': '2.5d_chiplet'},{'from': 'Chiplet_2', 'to': 'Chiplet_3', 'connection_type': '2.5d_emib', 'loc': '2.5d_chiplet'},{'from': 'Chiplet_2', 'to': 'Chiplet_6', 'connection_type': '2.5d_emib', 'loc': '2.5d_chiplet'},{'from': 'Chiplet_6', 'to': 'Chiplet_2', 'connection_type': '2.5d_emib', 'loc': '2.5d_chiplet'},{'from': 'Chiplet_6', 'to': 'Chiplet_3', 'connection_type': '2.5d_emib', 'loc': '2.5d_chiplet'}",1,2,9,1,1,2,hbm3,aib,ucie_3d,0,0,ws,0,0,0
432,29.068327058512505,2599677.1,70348.68969537648,603441752.7171632,13167.777777777777,18186.27576863664,432,1.3653681800824635,3.1172648505374996,512,96x96,10,0.46559300000000003,1.11875,512,64x64,7,3.5867297574793953,3.8395579270749995,2048,96x96,14,0.916436759447044,1.3845915837374998,1024,64x64,10,12.799492673176792,15.979573171754398,4096,192x192,14,2.927572174079395,3.8395579270749995,1024,96x96,14,2.5d,"{'from': 'Chiplet_5', 'to': 'Chiplet_3', 'connection_type': '2.5d_rdl', 'loc': '2.5d_chiplet'},{'from': 'Chiplet_5', 'to': 'Chiplet_6', 'connection_type': '2.5d_rdl', 'loc': '2.5d_chiplet'},{'from': 'Chiplet_3', 'to': 'Chiplet_5', 'connection_type': '2.5d_rdl', 'loc': '2.5d_chiplet'},{'from': 'Chiplet_3', 'to': 'Chiplet_4', 'connection_type': '2.5d_rdl', 'loc': '2.5d_chiplet'},{'from': 'Chiplet_3', 'to': 'Chiplet_1', 'connection_type': '2.5d_rdl', 'loc': '2.5d_chiplet'},{'from': 'Chiplet_3', 'to': 'Chiplet_6', 'connection_type': '2.5d_rdl', 'loc': '2.5d_chiplet'},{'from': 'Chiplet_4', 'to': 'Chiplet_3', 'connection_type': '2.5d_rdl', 'loc': '2.5d_chiplet'},{'from': 'Chiplet_4', 'to': 'Chiplet_1', 'connection_type': '2.5d_rdl', 'loc': '2.5d_chiplet'},{'from': 'Chiplet_6', 'to': 'Chiplet_2', 'connection_type': '2.5d_rdl', 'loc': '2.5d_chiplet'},{'from': 'Chiplet_6', 'to': 'Chiplet_5', 'connection_type': '2.5d_rdl', 'loc': '2.5d_chiplet'},{'from': 'Chiplet_6', 'to': 'Chiplet_1', 'connection_type': '2.5d_rdl', 'loc': '2.5d_chiplet'},{'from': 'Chiplet_6', 'to': 'Chiplet_3', 'connection_type': '2.5d_rdl', 'loc': '2.5d_chiplet'},{'from': 'Chiplet_1', 'to': 'Chiplet_2', 'connection_type': '2.5d_rdl', 'loc': '2.5d_chiplet'},{'from': 'Chiplet_1', 'to': 'Chiplet_3', 'connection_type': '2.5d_rdl', 'loc': '2.5d_chiplet'},{'from': 'Chiplet_1', 'to': 'Chiplet_6', 'connection_type': '2.5d_rdl', 'loc': '2.5d_chiplet'},{'from': 'Chiplet_1', 'to': 'Chiplet_4', 'connection_type': '2.5d_rdl', 'loc': '2.5d_chiplet'},{'from': 'Chiplet_2', 'to': 'Chiplet_6', 'connection_type': '2.5d_rdl', 'loc': '2.5d_chiplet'},{'from': 'Chiplet_2', 'to': 'Chiplet_1', 'connection_type': '2.5d_rdl', 'loc': '2.5d_chiplet'}",1,1,1,1,3,1,ddr4,ucie_std,na,0,0,os,0,0,0
433,66.32628524262668,5558109.53,124722.88398026685,620199090.5317175,8821.012188659248,20485.721497431397,433,1.7117881800824635,3.1172648505374996,1536,96x96,10,15.436124909546791,15.979573171754398,8192,192x192,14,4.9976252555201786,6.821646341899999,1024,128x128,14,11.481175603606792,15.979573171754398,2048,192x192,14,7.419580457366196,12.973514847541198,6144,192x192,10,0.552198,1.11875,768,64x64,7,2.5d,"{'from': 'Chiplet_2', 'to': 'Chiplet_5', 'connection_type': '2.5d_rdl', 'loc': '2.5d_chiplet'},{'from': 'Chiplet_2', 'to': 'Chiplet_4', 'connection_type': '2.5d_rdl', 'loc': '2.5d_chiplet'},{'from': 'Chiplet_2', 'to': 'Chiplet_3', 'connection_type': '2.5d_rdl', 'loc': '2.5d_chiplet'},{'from': 'Chiplet_2', 'to': 'Chiplet_6', 'connection_type': '2.5d_rdl', 'loc': '2.5d_chiplet'},{'from': 'Chiplet_3', 'to': 'Chiplet_2', 'connection_type': '2.5d_rdl', 'loc': '2.5d_chiplet'},{'from': 'Chiplet_3', 'to': 'Chiplet_6', 'connection_type': '2.5d_rdl', 'loc': '2.5d_chiplet'},{'from': 'Chiplet_6', 'to': 'Chiplet_2', 'connection_type': '2.5d_rdl', 'loc': '2.5d_chiplet'},{'from': 'Chiplet_6', 'to': 'Chiplet_3', 'connection_type': '2.5d_rdl', 'loc': '2.5d_chiplet'},{'from': 'Chiplet_4', 'to': 'Chiplet_2', 'connection_type': '2.5d_rdl', 'loc': '2.5d_chiplet'},{'from': 'Chiplet_4', 'to': 'Chiplet_5', 'connection_type': '2.5d_rdl', 'loc': '2.5d_chiplet'},{'from': 'Chiplet_4', 'to': 'Chiplet_1', 'connection_type': '2.5d_rdl', 'loc': '2.5d_chiplet'},{'from': 'Chiplet_5', 'to': 'Chiplet_2', 'connection_type': '2.5d_rdl', 'loc': '2.5d_chiplet'},{'from': 'Chiplet_5', 'to': 'Chiplet_4', 'connection_type': '2.5d_rdl', 'loc': '2.5d_chiplet'},{'from': 'Chiplet_5', 'to': 'Chiplet_1', 'connection_type': '2.5d_rdl', 'loc': '2.5d_chiplet'},{'from': 'Chiplet_1', 'to': 'Chiplet_5', 'connection_type': '2.5d_rdl', 'loc': '2.5d_chiplet'},{'from': 'Chiplet_1', 'to': 'Chiplet_4', 'connection_type': '2.5d_rdl', 'loc': '2.5d_chiplet'}",1,2,1,2,1,1,ddr4,ucie_std,na,0,0,os,0,0,0
434,30.907527216897428,2804537.2,163666.4657291244,525972446.408463,11198.594771241831,15421.478499466175,434,1.578984604787535,1.7054115854749998,768,64x64,14,2.6264880905479133,5.538366334949999,1024,128x128,10,6.975099908490179,6.821646341899999,4096,128x128,14,3.3193280905479132,5.538366334949999,3072,128x128,10,2.597993382379395,3.8395579270749995,512,96x96,14,1.86237254,4.475,2048,128x128,7,2.5d,"{'from': 'Chiplet_3', 'to': 'Chiplet_6', 'connection_type': '2.5d_emib', 'loc': '2.5d_chiplet'},{'from': 'Chiplet_3', 'to': 'Chiplet_4', 'connection_type': '2.5d_emib', 'loc': '2.5d_chiplet'},{'from': 'Chiplet_6', 'to': 'Chiplet_2', 'connection_type': '2.5d_emib', 'loc': '2.5d_chiplet'},{'from': 'Chiplet_6', 'to': 'Chiplet_3', 'connection_type': '2.5d_emib', 'loc': '2.5d_chiplet'},{'from': 'Chiplet_6', 'to': 'Chiplet_4', 'connection_type': '2.5d_emib', 'loc': '2.5d_chiplet'},{'from': 'Chiplet_4', 'to': 'Chiplet_2', 'connection_type': '2.5d_emib', 'loc': '2.5d_chiplet'},{'from': 'Chiplet_4', 'to': 'Chiplet_5', 'connection_type': '2.5d_emib', 'loc': '2.5d_chiplet'},{'from': 'Chiplet_4', 'to': 'Chiplet_6', 'connection_type': '2.5d_emib', 'loc': '2.5d_chiplet'},{'from': 'Chiplet_4', 'to': 'Chiplet_3', 'connection_type': '2.5d_emib', 'loc': '2.5d_chiplet'},{'from': 'Chiplet_4', 'to': 'Chiplet_1', 'connection_type': '2.5d_emib', 'loc': '2.5d_chiplet'},{'from': 'Chiplet_1', 'to': 'Chiplet_5', 'connection_type': '2.5d_emib', 'loc': '2.5d_chiplet'},{'from': 'Chiplet_1', 'to': 'Chiplet_4', 'connection_type': '2.5d_emib', 'loc': '2.5d_chiplet'},{'from': 'Chiplet_2', 'to': 'Chiplet_5', 'connection_type': '2.5d_emib', 'loc': '2.5d_chiplet'},{'from': 'Chiplet_2', 'to': 'Chiplet_6', 'connection_type': '2.5d_emib', 'loc': '2.5d_chiplet'},{'from': 'Chiplet_2', 'to': 'Chiplet_4', 'connection_type': '2.5d_emib', 'loc': '2.5d_chiplet'},{'from': 'Chiplet_5', 'to': 'Chiplet_2', 'connection_type': '2.5d_emib', 'loc': '2.5d_chiplet'},{'from': 'Chiplet_5', 'to': 'Chiplet_4', 'connection_type': '2.5d_emib', 'loc': '2.5d_chiplet'},{'from': 'Chiplet_5', 'to': 'Chiplet_1', 'connection_type': '2.5d_emib', 'loc': '2.5d_chiplet'}",1,1,3,1,1,1,ddr5,bow,na,1,0,ws,0,0,0
435,33.14892162253753,4153053.72,182128.63140584694,157035011.5813664,14462.944738512811,12278.748871824922,435,2.20879254,4.475,3072,128x128,7,5.656782838920179,6.821646341899999,2048,128x128,14,0.638803,1.11875,1024,64x64,7,8.112421457366196,12.973514847541198,8192,192x192,10,6.975099908490179,6.821646341899999,4096,128x128,14,1.3653681800824635,3.1172648505374996,512,96x96,10,2.5d,"{'from': 'Chiplet_4', 'to': 'Chiplet_2', 'connection_type': '2.5d_emib', 'loc': '2.5d_chiplet'},{'from': 'Chiplet_4', 'to': 'Chiplet_5', 'connection_type': '2.5d_emib', 'loc': '2.5d_chiplet'},{'from': 'Chiplet_4', 'to': 'Chiplet_6', 'connection_type': '2.5d_emib', 'loc': '2.5d_chiplet'},{'from': 'Chiplet_4', 'to': 'Chiplet_1', 'connection_type': '2.5d_emib', 'loc': '2.5d_chiplet'},{'from': 'Chiplet_1', 'to': 'Chiplet_3', 'connection_type': '2.5d_emib', 'loc': '2.5d_chiplet'},{'from': 'Chiplet_1', 'to': 'Chiplet_6', 'connection_type': '2.5d_emib', 'loc': '2.5d_chiplet'},{'from': 'Chiplet_1', 'to': 'Chiplet_4', 'connection_type': '2.5d_emib', 'loc': '2.5d_chiplet'},{'from': 'Chiplet_6', 'to': 'Chiplet_3', 'connection_type': '2.5d_emib', 'loc': '2.5d_chiplet'},{'from': 'Chiplet_6', 'to': 'Chiplet_4', 'connection_type': '2.5d_emib', 'loc': '2.5d_chiplet'},{'from': 'Chiplet_6', 'to': 'Chiplet_1', 'connection_type': '2.5d_emib', 'loc': '2.5d_chiplet'},{'from': 'Chiplet_3', 'to': 'Chiplet_6', 'connection_type': '2.5d_emib', 'loc': '2.5d_chiplet'},{'from': 'Chiplet_3', 'to': 'Chiplet_1', 'connection_type': '2.5d_emib', 'loc': '2.5d_chiplet'},{'from': 'Chiplet_5', 'to': 'Chiplet_2', 'connection_type': '2.5d_emib', 'loc': '2.5d_chiplet'},{'from': 'Chiplet_5', 'to': 'Chiplet_4', 'connection_type': '2.5d_emib', 'loc': '2.5d_chiplet'},{'from': 'Chiplet_2', 'to': 'Chiplet_5', 'connection_type': '2.5d_emib', 'loc': '2.5d_chiplet'},{'from': 'Chiplet_2', 'to': 'Chiplet_4', 'connection_type': '2.5d_emib', 'loc': '2.5d_chiplet'}",1,4,1,5,4,1,hbm3,bow,na,1,0,os,1,0,0
436,28.07824647664256,3489512.65,136875.70267523345,597181843.1099365,19177.581699346403,24162.439371014025,436,11.481175603606792,15.979573171754398,2048,192x192,14,5.656782838920179,6.821646341899999,2048,128x128,14,1.86237254,4.475,2048,128x128,7,1.5385781800824634,3.1172648505374996,1024,96x96,10,1.131132696,2.51875,1536,96x96,7,2.20879254,4.475,3072,128x128,7,2.5d_3d,"{'from': 'Chiplet_3', 'to': 'Chiplet_4', 'connection_type': '3d_tsv', 'loc': 'stack0_base'},{'from': 'Chiplet_4', 'to': 'Chiplet_5', 'connection_type': '3d_tsv', 'loc': 'stack0_middle1'},{'from': 'Chiplet_5', 'to': 'na', 'connection_type': '3d_tsv', 'loc': 'stack0_top'},{'from': 'Chiplet_1', 'to': 'Chiplet_2', 'connection_type': '2.5d_emib', 'loc': '2.5d_chiplet'},{'from': 'Chiplet_1', 'to': 'Chiplet_6', 'connection_type': '2.5d_emib', 'loc': '2.5d_chiplet'},{'from': 'Chiplet_2', 'to': 'Chiplet_3', 'connection_type': '2.5d_emib', 'loc': '2.5d_chiplet'},{'from': 'Chiplet_2', 'to': 'Chiplet_6', 'connection_type': '2.5d_emib', 'loc': '2.5d_chiplet'},{'from': 'Chiplet_2', 'to': 'Chiplet_1', 'connection_type': '2.5d_emib', 'loc': '2.5d_chiplet'},{'from': 'Chiplet_6', 'to': 'Chiplet_2', 'connection_type': '2.5d_emib', 'loc': '2.5d_chiplet'},{'from': 'Chiplet_6', 'to': 'Chiplet_3', 'connection_type': '2.5d_emib', 'loc': '2.5d_chiplet'},{'from': 'Chiplet_6', 'to': 'Chiplet_1', 'connection_type': '2.5d_emib', 'loc': '2.5d_chiplet'},{'from': 'Chiplet_3', 'to': 'Chiplet_2', 'connection_type': '2.5d_emib', 'loc': '2.5d_chiplet'},{'from': 'Chiplet_3', 'to': 'Chiplet_6', 'connection_type': '2.5d_emib', 'loc': '2.5d_chiplet'}",3,1,1,1,1,1,ddr4,aib,ucie_3d,1,0,is,0,0,0
437,16.76567257488851,1910753.17,144782.5018762744,172656638.9173746,19445.0,9764.562367656266,437,0.378988,1.11875,256,64x64,7,2.6264880905479133,5.538366334949999,1024,128x128,10,1.743774000637535,1.7054115854749998,1024,64x64,14,1.8849981800824636,3.1172648505374996,2048,96x96,10,1.3653681800824635,3.1172648505374996,512,96x96,10,3.5867297574793953,3.8395579270749995,2048,96x96,14,2.5d,"{'from': 'Chiplet_6', 'to': 'Chiplet_2', 'connection_type': '2.5d_emib', 'loc': '2.5d_chiplet'},{'from': 'Chiplet_6', 'to': 'Chiplet_3', 'connection_type': '2.5d_emib', 'loc': '2.5d_chiplet'},{'from': 'Chiplet_6', 'to': 'Chiplet_4', 'connection_type': '2.5d_emib', 'loc': '2.5d_chiplet'},{'from': 'Chiplet_6', 'to': 'Chiplet_1', 'connection_type': '2.5d_emib', 'loc': '2.5d_chiplet'},{'from': 'Chiplet_3', 'to': 'Chiplet_6', 'connection_type': '2.5d_emib', 'loc': '2.5d_chiplet'},{'from': 'Chiplet_3', 'to': 'Chiplet_1', 'connection_type': '2.5d_emib', 'loc': '2.5d_chiplet'},{'from': 'Chiplet_1', 'to': 'Chiplet_3', 'connection_type': '2.5d_emib', 'loc': '2.5d_chiplet'},{'from': 'Chiplet_1', 'to': 'Chiplet_6', 'connection_type': '2.5d_emib', 'loc': '2.5d_chiplet'},{'from': 'Chiplet_2', 'to': 'Chiplet_4', 'connection_type': '2.5d_emib', 'loc': '2.5d_chiplet'},{'from': 'Chiplet_2', 'to': 'Chiplet_6', 'connection_type': '2.5d_emib', 'loc': '2.5d_chiplet'},{'from': 'Chiplet_2', 'to': 'Chiplet_5', 'connection_type': '2.5d_emib', 'loc': '2.5d_chiplet'},{'from': 'Chiplet_4', 'to': 'Chiplet_2', 'connection_type': '2.5d_emib', 'loc': '2.5d_chiplet'},{'from': 'Chiplet_4', 'to': 'Chiplet_5', 'connection_type': '2.5d_emib', 'loc': '2.5d_chiplet'},{'from': 'Chiplet_4', 'to': 'Chiplet_6', 'connection_type': '2.5d_emib', 'loc': '2.5d_chiplet'},{'from': 'Chiplet_5', 'to': 'Chiplet_2', 'connection_type': '2.5d_emib', 'loc': '2.5d_chiplet'},{'from': 'Chiplet_5', 'to': 'Chiplet_4', 'connection_type': '2.5d_emib', 'loc': '2.5d_chiplet'}",1,4,2,2,2,5,hbm2,aib,na,0,0,is,0,0,0
438,26.334111866856507,3409904.93,171533.35267981465,151629363.69027182,21987.396783418673,16283.723057902465,438,0.916436759447044,1.3845915837374998,1024,64x64,10,3.432469952,10.4826,2048,192x192,7,1.249405813087535,1.7054115854749998,256,64x64,14,5.656782838920179,6.821646341899999,2048,128x128,14,0.957922696,2.51875,1024,96x96,7,4.1253109519999995,10.4826,4096,192x192,7,2.5d,"{'from': 'Chiplet_4', 'to': 'Chiplet_2', 'connection_type': '2.5d_emib', 'loc': '2.5d_chiplet'},{'from': 'Chiplet_4', 'to': 'Chiplet_3', 'connection_type': '2.5d_emib', 'loc': '2.5d_chiplet'},{'from': 'Chiplet_4', 'to': 'Chiplet_6', 'connection_type': '2.5d_emib', 'loc': '2.5d_chiplet'},{'from': 'Chiplet_4', 'to': 'Chiplet_5', 'connection_type': '2.5d_emib', 'loc': '2.5d_chiplet'},{'from': 'Chiplet_3', 'to': 'Chiplet_5', 'connection_type': '2.5d_emib', 'loc': '2.5d_chiplet'},{'from': 'Chiplet_3', 'to': 'Chiplet_4', 'connection_type': '2.5d_emib', 'loc': '2.5d_chiplet'},{'from': 'Chiplet_5', 'to': 'Chiplet_3', 'connection_type': '2.5d_emib', 'loc': '2.5d_chiplet'},{'from': 'Chiplet_5', 'to': 'Chiplet_4', 'connection_type': '2.5d_emib', 'loc': '2.5d_chiplet'},{'from': 'Chiplet_6', 'to': 'Chiplet_2', 'connection_type': '2.5d_emib', 'loc': '2.5d_chiplet'},{'from': 'Chiplet_6', 'to': 'Chiplet_4', 'connection_type': '2.5d_emib', 'loc': '2.5d_chiplet'},{'from': 'Chiplet_6', 'to': 'Chiplet_1', 'connection_type': '2.5d_emib', 'loc': '2.5d_chiplet'},{'from': 'Chiplet_2', 'to': 'Chiplet_6', 'connection_type': '2.5d_emib', 'loc': '2.5d_chiplet'},{'from': 'Chiplet_2', 'to': 'Chiplet_4', 'connection_type': '2.5d_emib', 'loc': '2.5d_chiplet'},{'from': 'Chiplet_2', 'to': 'Chiplet_1', 'connection_type': '2.5d_emib', 'loc': '2.5d_chiplet'},{'from': 'Chiplet_1', 'to': 'Chiplet_2', 'connection_type': '2.5d_emib', 'loc': '2.5d_chiplet'},{'from': 'Chiplet_1', 'to': 'Chiplet_6', 'connection_type': '2.5d_emib', 'loc': '2.5d_chiplet'}",1,3,1,6,1,4,hbm2,bow,na,0,0,os,1,0,0
439,14.02091100379418,1402989.99,43089.91481331237,704048968.6790706,16532.712418300653,18002.62746846407,439,0.743226759447044,1.3845915837374998,512,64x64,10,5.656782838920179,6.821646341899999,2048,128x128,14,0.46559300000000003,1.11875,512,64x64,7,0.378988,1.11875,256,64x64,7,1.51595254,4.475,1024,128x128,7,1.743774000637535,1.7054115854749998,1024,64x64,14,2.5d,"{'from': 'Chiplet_2', 'to': 'Chiplet_5', 'connection_type': '2.5d_rdl', 'loc': '2.5d_chiplet'},{'from': 'Chiplet_2', 'to': 'Chiplet_6', 'connection_type': '2.5d_rdl', 'loc': '2.5d_chiplet'},{'from': 'Chiplet_6', 'to': 'Chiplet_2', 'connection_type': '2.5d_rdl', 'loc': '2.5d_chiplet'},{'from': 'Chiplet_6', 'to': 'Chiplet_3', 'connection_type': '2.5d_rdl', 'loc': '2.5d_chiplet'},{'from': 'Chiplet_6', 'to': 'Chiplet_4', 'connection_type': '2.5d_rdl', 'loc': '2.5d_chiplet'},{'from': 'Chiplet_6', 'to': 'Chiplet_5', 'connection_type': '2.5d_rdl', 'loc': '2.5d_chiplet'},{'from': 'Chiplet_3', 'to': 'Chiplet_4', 'connection_type': '2.5d_rdl', 'loc': '2.5d_chiplet'},{'from': 'Chiplet_3', 'to': 'Chiplet_6', 'connection_type': '2.5d_rdl', 'loc': '2.5d_chiplet'},{'from': 'Chiplet_4', 'to': 'Chiplet_3', 'connection_type': '2.5d_rdl', 'loc': '2.5d_chiplet'},{'from': 'Chiplet_4', 'to': 'Chiplet_6', 'connection_type': '2.5d_rdl', 'loc': '2.5d_chiplet'},{'from': 'Chiplet_4', 'to': 'Chiplet_1', 'connection_type': '2.5d_rdl', 'loc': '2.5d_chiplet'},{'from': 'Chiplet_5', 'to': 'Chiplet_2', 'connection_type': '2.5d_rdl', 'loc': '2.5d_chiplet'},{'from': 'Chiplet_5', 'to': 'Chiplet_6', 'connection_type': '2.5d_rdl', 'loc': '2.5d_chiplet'},{'from': 'Chiplet_5', 'to': 'Chiplet_1', 'connection_type': '2.5d_rdl', 'loc': '2.5d_chiplet'},{'from': 'Chiplet_1', 'to': 'Chiplet_5', 'connection_type': '2.5d_rdl', 'loc': '2.5d_chiplet'},{'from': 'Chiplet_1', 'to': 'Chiplet_4', 'connection_type': '2.5d_rdl', 'loc': '2.5d_chiplet'}",1,3,1,1,1,1,ddr4,ucie_std,na,0,0,ws,0,0,0
440,21.19090287151621,3711920.4,87592.57315513202,208048536.79920673,44107.412884333084,28519.646179148585,440,2.55521354,4.475,4096,128x128,7,5.5109919519999995,10.4826,8192,192x192,7,5.5109919519999995,10.4826,8192,192x192,7,0.378988,1.11875,256,64x64,7,0.916436759447044,1.3845915837374998,1024,64x64,10,0.957922696,2.51875,1024,96x96,7,2.5d,"{'from': 'Chiplet_2', 'to': 'Chiplet_3', 'connection_type': '2.5d_rdl', 'loc': '2.5d_chiplet'},{'from': 'Chiplet_2', 'to': 'Chiplet_1', 'connection_type': '2.5d_rdl', 'loc': '2.5d_chiplet'},{'from': 'Chiplet_1', 'to': 'Chiplet_2', 'connection_type': '2.5d_rdl', 'loc': '2.5d_chiplet'},{'from': 'Chiplet_1', 'to': 'Chiplet_6', 'connection_type': '2.5d_rdl', 'loc': '2.5d_chiplet'},{'from': 'Chiplet_3', 'to': 'Chiplet_2', 'connection_type': '2.5d_rdl', 'loc': '2.5d_chiplet'},{'from': 'Chiplet_3', 'to': 'Chiplet_5', 'connection_type': '2.5d_rdl', 'loc': '2.5d_chiplet'},{'from': 'Chiplet_3', 'to': 'Chiplet_6', 'connection_type': '2.5d_rdl', 'loc': '2.5d_chiplet'},{'from': 'Chiplet_6', 'to': 'Chiplet_5', 'connection_type': '2.5d_rdl', 'loc': '2.5d_chiplet'},{'from': 'Chiplet_6', 'to': 'Chiplet_4', 'connection_type': '2.5d_rdl', 'loc': '2.5d_chiplet'},{'from': 'Chiplet_6', 'to': 'Chiplet_1', 'connection_type': '2.5d_rdl', 'loc': '2.5d_chiplet'},{'from': 'Chiplet_6', 'to': 'Chiplet_3', 'connection_type': '2.5d_rdl', 'loc': '2.5d_chiplet'},{'from': 'Chiplet_5', 'to': 'Chiplet_3', 'connection_type': '2.5d_rdl', 'loc': '2.5d_chiplet'},{'from': 'Chiplet_5', 'to': 'Chiplet_6', 'connection_type': '2.5d_rdl', 'loc': '2.5d_chiplet'},{'from': 'Chiplet_5', 'to': 'Chiplet_4', 'connection_type': '2.5d_rdl', 'loc': '2.5d_chiplet'},{'from': 'Chiplet_4', 'to': 'Chiplet_5', 'connection_type': '2.5d_rdl', 'loc': '2.5d_chiplet'},{'from': 'Chiplet_4', 'to': 'Chiplet_6', 'connection_type': '2.5d_rdl', 'loc': '2.5d_chiplet'}",3,5,5,1,1,1,hbm2,ucie_std,na,0,0,os,1,0,0
441,21.41714644413718,3231473.34,74832.21383818082,170688197.0359512,9363.508557457213,8146.219044905067,441,0.784712696,2.51875,512,96x96,7,5.5109919519999995,10.4826,8192,192x192,7,1.743774000637535,1.7054115854749998,1024,64x64,14,4.1253109519999995,10.4826,4096,192x192,7,0.656621759447044,1.3845915837374998,256,64x64,10,1.304342696,2.51875,2048,96x96,7,2.5d,"{'from': 'Chiplet_2', 'to': 'Chiplet_3', 'connection_type': '2.5d_rdl', 'loc': '2.5d_chiplet'},{'from': 'Chiplet_2', 'to': 'Chiplet_4', 'connection_type': '2.5d_rdl', 'loc': '2.5d_chiplet'},{'from': 'Chiplet_2', 'to': 'Chiplet_6', 'connection_type': '2.5d_rdl', 'loc': '2.5d_chiplet'},{'from': 'Chiplet_6', 'to': 'Chiplet_2', 'connection_type': '2.5d_rdl', 'loc': '2.5d_chiplet'},{'from': 'Chiplet_6', 'to': 'Chiplet_3', 'connection_type': '2.5d_rdl', 'loc': '2.5d_chiplet'},{'from': 'Chiplet_4', 'to': 'Chiplet_2', 'connection_type': '2.5d_rdl', 'loc': '2.5d_chiplet'},{'from': 'Chiplet_4', 'to': 'Chiplet_3', 'connection_type': '2.5d_rdl', 'loc': '2.5d_chiplet'},{'from': 'Chiplet_4', 'to': 'Chiplet_1', 'connection_type': '2.5d_rdl', 'loc': '2.5d_chiplet'},{'from': 'Chiplet_3', 'to': 'Chiplet_4', 'connection_type': '2.5d_rdl', 'loc': '2.5d_chiplet'},{'from': 'Chiplet_3', 'to': 'Chiplet_2', 'connection_type': '2.5d_rdl', 'loc': '2.5d_chiplet'},{'from': 'Chiplet_3', 'to': 'Chiplet_5', 'connection_type': '2.5d_rdl', 'loc': '2.5d_chiplet'},{'from': 'Chiplet_3', 'to': 'Chiplet_6', 'connection_type': '2.5d_rdl', 'loc': '2.5d_chiplet'},{'from': 'Chiplet_3', 'to': 'Chiplet_1', 'connection_type': '2.5d_rdl', 'loc': '2.5d_chiplet'},{'from': 'Chiplet_1', 'to': 'Chiplet_3', 'connection_type': '2.5d_rdl', 'loc': '2.5d_chiplet'},{'from': 'Chiplet_1', 'to': 'Chiplet_4', 'connection_type': '2.5d_rdl', 'loc': '2.5d_chiplet'},{'from': 'Chiplet_1', 'to': 'Chiplet_5', 'connection_type': '2.5d_rdl', 'loc': '2.5d_chiplet'},{'from': 'Chiplet_5', 'to': 'Chiplet_3', 'connection_type': '2.5d_rdl', 'loc': '2.5d_chiplet'},{'from': 'Chiplet_5', 'to': 'Chiplet_1', 'connection_type': '2.5d_rdl', 'loc': '2.5d_chiplet'}",1,6,2,5,1,1,hbm3,ucie_std,na,1,0,ws,0,0,0
442,21.308874964997464,3331710.27,173732.31694884162,203471922.5468721,7417.0,7833.911016061741,442,0.784712696,2.51875,512,96x96,7,4.1253109519999995,10.4826,4096,192x192,7,5.5109919519999995,10.4826,8192,192x192,7,1.578984604787535,1.7054115854749998,768,64x64,14,1.7117881800824635,3.1172648505374996,1536,96x96,10,1.249405813087535,1.7054115854749998,256,64x64,14,2.5d,"{'from': 'Chiplet_3', 'to': 'Chiplet_2', 'connection_type': '2.5d_emib', 'loc': '2.5d_chiplet'},{'from': 'Chiplet_3', 'to': 'Chiplet_5', 'connection_type': '2.5d_emib', 'loc': '2.5d_chiplet'},{'from': 'Chiplet_3', 'to': 'Chiplet_4', 'connection_type': '2.5d_emib', 'loc': '2.5d_chiplet'},{'from': 'Chiplet_4', 'to': 'Chiplet_5', 'connection_type': '2.5d_emib', 'loc': '2.5d_chiplet'},{'from': 'Chiplet_4', 'to': 'Chiplet_3', 'connection_type': '2.5d_emib', 'loc': '2.5d_chiplet'},{'from': 'Chiplet_2', 'to': 'Chiplet_3', 'connection_type': '2.5d_emib', 'loc': '2.5d_chiplet'},{'from': 'Chiplet_2', 'to': 'Chiplet_6', 'connection_type': '2.5d_emib', 'loc': '2.5d_chiplet'},{'from': 'Chiplet_2', 'to': 'Chiplet_5', 'connection_type': '2.5d_emib', 'loc': '2.5d_chiplet'},{'from': 'Chiplet_5', 'to': 'Chiplet_4', 'connection_type': '2.5d_emib', 'loc': '2.5d_chiplet'},{'from': 'Chiplet_5', 'to': 'Chiplet_2', 'connection_type': '2.5d_emib', 'loc': '2.5d_chiplet'},{'from': 'Chiplet_5', 'to': 'Chiplet_6', 'connection_type': '2.5d_emib', 'loc': '2.5d_chiplet'},{'from': 'Chiplet_5', 'to': 'Chiplet_3', 'connection_type': '2.5d_emib', 'loc': '2.5d_chiplet'},{'from': 'Chiplet_5', 'to': 'Chiplet_1', 'connection_type': '2.5d_emib', 'loc': '2.5d_chiplet'},{'from': 'Chiplet_6', 'to': 'Chiplet_2', 'connection_type': '2.5d_emib', 'loc': '2.5d_chiplet'},{'from': 'Chiplet_6', 'to': 'Chiplet_5', 'connection_type': '2.5d_emib', 'loc': '2.5d_chiplet'},{'from': 'Chiplet_6', 'to': 'Chiplet_1', 'connection_type': '2.5d_emib', 'loc': '2.5d_chiplet'},{'from': 'Chiplet_1', 'to': 'Chiplet_5', 'connection_type': '2.5d_emib', 'loc': '2.5d_chiplet'},{'from': 'Chiplet_1', 'to': 'Chiplet_6', 'connection_type': '2.5d_emib', 'loc': '2.5d_chiplet'}",1,4,6,2,2,1,hbm2,ucie_adv,na,1,0,os,0,0,0
443,16.326510488202487,2498277.94,159738.27770418595,124651227.4843897,46716.22671131825,25234.809995648262,443,1.131132696,2.51875,1536,96x96,7,6.033899457366197,12.973514847541198,2048,192x192,10,1.304342696,2.51875,2048,96x96,7,1.51595254,4.475,1024,128x128,7,0.638803,1.11875,1024,64x64,7,1.7117881800824635,3.1172648505374996,1536,96x96,10,2.5d,"{'from': 'Chiplet_2', 'to': 'Chiplet_4', 'connection_type': '2.5d_emib', 'loc': '2.5d_chiplet'},{'from': 'Chiplet_2', 'to': 'Chiplet_6', 'connection_type': '2.5d_emib', 'loc': '2.5d_chiplet'},{'from': 'Chiplet_6', 'to': 'Chiplet_2', 'connection_type': '2.5d_emib', 'loc': '2.5d_chiplet'},{'from': 'Chiplet_6', 'to': 'Chiplet_4', 'connection_type': '2.5d_emib', 'loc': '2.5d_chiplet'},{'from': 'Chiplet_6', 'to': 'Chiplet_1', 'connection_type': '2.5d_emib', 'loc': '2.5d_chiplet'},{'from': 'Chiplet_1', 'to': 'Chiplet_3', 'connection_type': '2.5d_emib', 'loc': '2.5d_chiplet'},{'from': 'Chiplet_1', 'to': 'Chiplet_6', 'connection_type': '2.5d_emib', 'loc': '2.5d_chiplet'},{'from': 'Chiplet_4', 'to': 'Chiplet_2', 'connection_type': '2.5d_emib', 'loc': '2.5d_chiplet'},{'from': 'Chiplet_4', 'to': 'Chiplet_3', 'connection_type': '2.5d_emib', 'loc': '2.5d_chiplet'},{'from': 'Chiplet_4', 'to': 'Chiplet_6', 'connection_type': '2.5d_emib', 'loc': '2.5d_chiplet'},{'from': 'Chiplet_4', 'to': 'Chiplet_5', 'connection_type': '2.5d_emib', 'loc': '2.5d_chiplet'},{'from': 'Chiplet_3', 'to': 'Chiplet_5', 'connection_type': '2.5d_emib', 'loc': '2.5d_chiplet'},{'from': 'Chiplet_3', 'to': 'Chiplet_4', 'connection_type': '2.5d_emib', 'loc': '2.5d_chiplet'},{'from': 'Chiplet_3', 'to': 'Chiplet_1', 'connection_type': '2.5d_emib', 'loc': '2.5d_chiplet'},{'from': 'Chiplet_5', 'to': 'Chiplet_3', 'connection_type': '2.5d_emib', 'loc': '2.5d_chiplet'},{'from': 'Chiplet_5', 'to': 'Chiplet_4', 'connection_type': '2.5d_emib', 'loc': '2.5d_chiplet'}",1,8,2,2,1,2,hbm2,ucie_adv,na,1,0,os,1,0,0
444,47.63459246299529,4257762.13,188696.5312239248,314392824.0689045,28335.26929361647,27144.522737058207,444,6.315940422320179,6.821646341899999,3072,128x128,14,0.656621759447044,1.3845915837374998,256,64x64,10,6.975099908490179,6.821646341899999,4096,128x128,14,3.3193280905479132,5.538366334949999,3072,128x128,10,11.481175603606792,15.979573171754398,2048,192x192,14,2.20879254,4.475,3072,128x128,7,2.5d,"{'from': 'Chiplet_5', 'to': 'Chiplet_2', 'connection_type': '2.5d_emib', 'loc': '2.5d_chiplet'},{'from': 'Chiplet_5', 'to': 'Chiplet_3', 'connection_type': '2.5d_emib', 'loc': '2.5d_chiplet'},{'from': 'Chiplet_5', 'to': 'Chiplet_4', 'connection_type': '2.5d_emib', 'loc': '2.5d_chiplet'},{'from': 'Chiplet_5', 'to': 'Chiplet_1', 'connection_type': '2.5d_emib', 'loc': '2.5d_chiplet'},{'from': 'Chiplet_4', 'to': 'Chiplet_2', 'connection_type': '2.5d_emib', 'loc': '2.5d_chiplet'},{'from': 'Chiplet_4', 'to': 'Chiplet_5', 'connection_type': '2.5d_emib', 'loc': '2.5d_chiplet'},{'from': 'Chiplet_2', 'to': 'Chiplet_5', 'connection_type': '2.5d_emib', 'loc': '2.5d_chiplet'},{'from': 'Chiplet_2', 'to': 'Chiplet_4', 'connection_type': '2.5d_emib', 'loc': '2.5d_chiplet'},{'from': 'Chiplet_3', 'to': 'Chiplet_5', 'connection_type': '2.5d_emib', 'loc': '2.5d_chiplet'},{'from': 'Chiplet_3', 'to': 'Chiplet_6', 'connection_type': '2.5d_emib', 'loc': '2.5d_chiplet'},{'from': 'Chiplet_3', 'to': 'Chiplet_1', 'connection_type': '2.5d_emib', 'loc': '2.5d_chiplet'},{'from': 'Chiplet_1', 'to': 'Chiplet_5', 'connection_type': '2.5d_emib', 'loc': '2.5d_chiplet'},{'from': 'Chiplet_1', 'to': 'Chiplet_6', 'connection_type': '2.5d_emib', 'loc': '2.5d_chiplet'},{'from': 'Chiplet_1', 'to': 'Chiplet_3', 'connection_type': '2.5d_emib', 'loc': '2.5d_chiplet'},{'from': 'Chiplet_6', 'to': 'Chiplet_3', 'connection_type': '2.5d_emib', 'loc': '2.5d_chiplet'},{'from': 'Chiplet_6', 'to': 'Chiplet_1', 'connection_type': '2.5d_emib', 'loc': '2.5d_chiplet'}",1,1,1,1,3,1,ddr5,bow,na,1,0,os,1,0,0
445,27.61424938294596,3090485.64,174011.14455655392,309098005.2470107,23121.76431372291,19795.151447868768,445,3.3193280905479132,5.538366334949999,3072,128x128,10,3.665749090547913,5.538366334949999,4096,128x128,10,4.1253109519999995,10.4826,4096,192x192,7,1.8849981800824636,3.1172648505374996,2048,96x96,10,1.578984604787535,1.7054115854749998,768,64x64,14,5.656782838920179,6.821646341899999,2048,128x128,14,2.5d,"{'from': 'Chiplet_6', 'to': 'Chiplet_2', 'connection_type': '2.5d_emib', 'loc': '2.5d_chiplet'},{'from': 'Chiplet_6', 'to': 'Chiplet_3', 'connection_type': '2.5d_emib', 'loc': '2.5d_chiplet'},{'from': 'Chiplet_6', 'to': 'Chiplet_5', 'connection_type': '2.5d_emib', 'loc': '2.5d_chiplet'},{'from': 'Chiplet_6', 'to': 'Chiplet_1', 'connection_type': '2.5d_emib', 'loc': '2.5d_chiplet'},{'from': 'Chiplet_1', 'to': 'Chiplet_5', 'connection_type': '2.5d_emib', 'loc': '2.5d_chiplet'},{'from': 'Chiplet_1', 'to': 'Chiplet_6', 'connection_type': '2.5d_emib', 'loc': '2.5d_chiplet'},{'from': 'Chiplet_5', 'to': 'Chiplet_6', 'connection_type': '2.5d_emib', 'loc': '2.5d_chiplet'},{'from': 'Chiplet_5', 'to': 'Chiplet_1', 'connection_type': '2.5d_emib', 'loc': '2.5d_chiplet'},{'from': 'Chiplet_3', 'to': 'Chiplet_2', 'connection_type': '2.5d_emib', 'loc': '2.5d_chiplet'},{'from': 'Chiplet_3', 'to': 'Chiplet_4', 'connection_type': '2.5d_emib', 'loc': '2.5d_chiplet'},{'from': 'Chiplet_3', 'to': 'Chiplet_6', 'connection_type': '2.5d_emib', 'loc': '2.5d_chiplet'},{'from': 'Chiplet_2', 'to': 'Chiplet_4', 'connection_type': '2.5d_emib', 'loc': '2.5d_chiplet'},{'from': 'Chiplet_2', 'to': 'Chiplet_6', 'connection_type': '2.5d_emib', 'loc': '2.5d_chiplet'},{'from': 'Chiplet_2', 'to': 'Chiplet_3', 'connection_type': '2.5d_emib', 'loc': '2.5d_chiplet'},{'from': 'Chiplet_4', 'to': 'Chiplet_2', 'connection_type': '2.5d_emib', 'loc': '2.5d_chiplet'},{'from': 'Chiplet_4', 'to': 'Chiplet_3', 'connection_type': '2.5d_emib', 'loc': '2.5d_chiplet'}",1,1,2,1,1,2,ddr5,bow,na,1,0,os,1,0,0
446,48.73617416132375,3994346.2,95299.09762240508,327437060.1604949,30309.183959046277,29702.70571689762,446,11.481175603606792,15.979573171754398,2048,192x192,14,14.117807839976791,15.979573171754398,6144,192x192,14,0.378988,1.11875,256,64x64,7,0.46559300000000003,1.11875,512,64x64,7,2.597993382379395,3.8395579270749995,512,96x96,14,1.51595254,4.475,1024,128x128,7,2.5d,"{'from': 'Chiplet_2', 'to': 'Chiplet_5', 'connection_type': '2.5d_rdl', 'loc': '2.5d_chiplet'},{'from': 'Chiplet_2', 'to': 'Chiplet_4', 'connection_type': '2.5d_rdl', 'loc': '2.5d_chiplet'},{'from': 'Chiplet_2', 'to': 'Chiplet_1', 'connection_type': '2.5d_rdl', 'loc': '2.5d_chiplet'},{'from': 'Chiplet_2', 'to': 'Chiplet_3', 'connection_type': '2.5d_rdl', 'loc': '2.5d_chiplet'},{'from': 'Chiplet_4', 'to': 'Chiplet_2', 'connection_type': '2.5d_rdl', 'loc': '2.5d_chiplet'},{'from': 'Chiplet_4', 'to': 'Chiplet_3', 'connection_type': '2.5d_rdl', 'loc': '2.5d_chiplet'},{'from': 'Chiplet_3', 'to': 'Chiplet_2', 'connection_type': '2.5d_rdl', 'loc': '2.5d_chiplet'},{'from': 'Chiplet_3', 'to': 'Chiplet_4', 'connection_type': '2.5d_rdl', 'loc': '2.5d_chiplet'},{'from': 'Chiplet_1', 'to': 'Chiplet_2', 'connection_type': '2.5d_rdl', 'loc': '2.5d_chiplet'},{'from': 'Chiplet_1', 'to': 'Chiplet_5', 'connection_type': '2.5d_rdl', 'loc': '2.5d_chiplet'},{'from': 'Chiplet_1', 'to': 'Chiplet_6', 'connection_type': '2.5d_rdl', 'loc': '2.5d_chiplet'},{'from': 'Chiplet_5', 'to': 'Chiplet_2', 'connection_type': '2.5d_rdl', 'loc': '2.5d_chiplet'},{'from': 'Chiplet_5', 'to': 'Chiplet_6', 'connection_type': '2.5d_rdl', 'loc': '2.5d_chiplet'},{'from': 'Chiplet_5', 'to': 'Chiplet_1', 'connection_type': '2.5d_rdl', 'loc': '2.5d_chiplet'},{'from': 'Chiplet_6', 'to': 'Chiplet_5', 'connection_type': '2.5d_rdl', 'loc': '2.5d_chiplet'},{'from': 'Chiplet_6', 'to': 'Chiplet_1', 'connection_type': '2.5d_rdl', 'loc': '2.5d_chiplet'}",2,2,1,1,1,1,ddr5,ucie_std,na,0,0,os,1,0,0
447,33.77127911940347,3752347.26,83246.77607316975,317908462.010362,32352.547358045427,27440.34314855416,447,6.726740457366197,12.973514847541198,4096,192x192,10,3.5867297574793953,3.8395579270749995,2048,96x96,14,5.656782838920179,6.821646341899999,2048,128x128,14,0.656621759447044,1.3845915837374998,256,64x64,10,2.20879254,4.475,3072,128x128,7,6.315940422320179,6.821646341899999,3072,128x128,14,2.5d_3d,"{'from': 'Chiplet_5', 'to': 'Chiplet_4', 'connection_type': '3d_u_bump', 'loc': 'stack0_base'},{'from': 'Chiplet_4', 'to': 'na', 'connection_type': '3d_u_bump', 'loc': 'stack0_top'},{'from': 'Chiplet_1', 'to': 'Chiplet_2', 'connection_type': '2.5d_rdl', 'loc': '2.5d_chiplet'},{'from': 'Chiplet_1', 'to': 'Chiplet_5', 'connection_type': '2.5d_rdl', 'loc': '2.5d_chiplet'},{'from': 'Chiplet_1', 'to': 'Chiplet_6', 'connection_type': '2.5d_rdl', 'loc': '2.5d_chiplet'},{'from': 'Chiplet_2', 'to': 'Chiplet_5', 'connection_type': '2.5d_rdl', 'loc': '2.5d_chiplet'},{'from': 'Chiplet_2', 'to': 'Chiplet_1', 'connection_type': '2.5d_rdl', 'loc': '2.5d_chiplet'},{'from': 'Chiplet_5', 'to': 'Chiplet_2', 'connection_type': '2.5d_rdl', 'loc': '2.5d_chiplet'},{'from': 'Chiplet_5', 'to': 'Chiplet_3', 'connection_type': '2.5d_rdl', 'loc': '2.5d_chiplet'},{'from': 'Chiplet_5', 'to': 'Chiplet_1', 'connection_type': '2.5d_rdl', 'loc': '2.5d_chiplet'},{'from': 'Chiplet_6', 'to': 'Chiplet_3', 'connection_type': '2.5d_rdl', 'loc': '2.5d_chiplet'},{'from': 'Chiplet_6', 'to': 'Chiplet_1', 'connection_type': '2.5d_rdl', 'loc': '2.5d_chiplet'},{'from': 'Chiplet_3', 'to': 'Chiplet_5', 'connection_type': '2.5d_rdl', 'loc': '2.5d_chiplet'},{'from': 'Chiplet_3', 'to': 'Chiplet_6', 'connection_type': '2.5d_rdl', 'loc': '2.5d_chiplet'}",2,1,1,1,1,2,ddr5,ucie_std,ucie_3d,0,0,ws,1,0,0
448,36.03654292195411,4590767.73,190684.40644856158,174953998.16938257,35100.0090986222,28762.21265565448,448,1.3653681800824635,3.1172648505374996,512,96x96,10,3.5867297574793953,3.8395579270749995,2048,96x96,14,1.86237254,4.475,2048,128x128,7,14.117807839976791,15.979573171754398,6144,192x192,14,4.818150952,10.4826,6144,192x192,7,1.743774000637535,1.7054115854749998,1024,64x64,14,2.5d,"{'from': 'Chiplet_4', 'to': 'Chiplet_2', 'connection_type': '2.5d_emib', 'loc': '2.5d_chiplet'},{'from': 'Chiplet_4', 'to': 'Chiplet_5', 'connection_type': '2.5d_emib', 'loc': '2.5d_chiplet'},{'from': 'Chiplet_5', 'to': 'Chiplet_2', 'connection_type': '2.5d_emib', 'loc': '2.5d_chiplet'},{'from': 'Chiplet_5', 'to': 'Chiplet_6', 'connection_type': '2.5d_emib', 'loc': '2.5d_chiplet'},{'from': 'Chiplet_5', 'to': 'Chiplet_4', 'connection_type': '2.5d_emib', 'loc': '2.5d_chiplet'},{'from': 'Chiplet_5', 'to': 'Chiplet_3', 'connection_type': '2.5d_emib', 'loc': '2.5d_chiplet'},{'from': 'Chiplet_6', 'to': 'Chiplet_5', 'connection_type': '2.5d_emib', 'loc': '2.5d_chiplet'},{'from': 'Chiplet_6', 'to': 'Chiplet_3', 'connection_type': '2.5d_emib', 'loc': '2.5d_chiplet'},{'from': 'Chiplet_2', 'to': 'Chiplet_3', 'connection_type': '2.5d_emib', 'loc': '2.5d_chiplet'},{'from': 'Chiplet_2', 'to': 'Chiplet_4', 'connection_type': '2.5d_emib', 'loc': '2.5d_chiplet'},{'from': 'Chiplet_2', 'to': 'Chiplet_5', 'connection_type': '2.5d_emib', 'loc': '2.5d_chiplet'},{'from': 'Chiplet_2', 'to': 'Chiplet_1', 'connection_type': '2.5d_emib', 'loc': '2.5d_chiplet'},{'from': 'Chiplet_3', 'to': 'Chiplet_2', 'connection_type': '2.5d_emib', 'loc': '2.5d_chiplet'},{'from': 'Chiplet_3', 'to': 'Chiplet_5', 'connection_type': '2.5d_emib', 'loc': '2.5d_chiplet'},{'from': 'Chiplet_3', 'to': 'Chiplet_6', 'connection_type': '2.5d_emib', 'loc': '2.5d_chiplet'},{'from': 'Chiplet_3', 'to': 'Chiplet_1', 'connection_type': '2.5d_emib', 'loc': '2.5d_chiplet'},{'from': 'Chiplet_1', 'to': 'Chiplet_2', 'connection_type': '2.5d_emib', 'loc': '2.5d_chiplet'},{'from': 'Chiplet_1', 'to': 'Chiplet_3', 'connection_type': '2.5d_emib', 'loc': '2.5d_chiplet'}",1,2,1,8,3,1,hbm2,bow,na,1,0,ws,1,0,0
449,32.202826802671126,3308328.72,178528.19903451652,625617640.2614982,20187.777777777777,23886.144043607972,449,0.916436759447044,1.3845915837374998,1024,64x64,10,12.799492673176792,15.979573171754398,4096,192x192,14,0.638803,1.11875,1024,64x64,7,1.304342696,2.51875,2048,96x96,7,6.975099908490179,6.821646341899999,4096,128x128,14,3.3193280905479132,5.538366334949999,3072,128x128,10,2.5d,"{'from': 'Chiplet_2', 'to': 'Chiplet_5', 'connection_type': '2.5d_emib', 'loc': '2.5d_chiplet'},{'from': 'Chiplet_2', 'to': 'Chiplet_6', 'connection_type': '2.5d_emib', 'loc': '2.5d_chiplet'},{'from': 'Chiplet_5', 'to': 'Chiplet_2', 'connection_type': '2.5d_emib', 'loc': '2.5d_chiplet'},{'from': 'Chiplet_5', 'to': 'Chiplet_4', 'connection_type': '2.5d_emib', 'loc': '2.5d_chiplet'},{'from': 'Chiplet_5', 'to': 'Chiplet_6', 'connection_type': '2.5d_emib', 'loc': '2.5d_chiplet'},{'from': 'Chiplet_6', 'to': 'Chiplet_2', 'connection_type': '2.5d_emib', 'loc': '2.5d_chiplet'},{'from': 'Chiplet_6', 'to': 'Chiplet_5', 'connection_type': '2.5d_emib', 'loc': '2.5d_chiplet'},{'from': 'Chiplet_6', 'to': 'Chiplet_4', 'connection_type': '2.5d_emib', 'loc': '2.5d_chiplet'},{'from': 'Chiplet_6', 'to': 'Chiplet_1', 'connection_type': '2.5d_emib', 'loc': '2.5d_chiplet'},{'from': 'Chiplet_4', 'to': 'Chiplet_5', 'connection_type': '2.5d_emib', 'loc': '2.5d_chiplet'},{'from': 'Chiplet_4', 'to': 'Chiplet_6', 'connection_type': '2.5d_emib', 'loc': '2.5d_chiplet'},{'from': 'Chiplet_4', 'to': 'Chiplet_1', 'connection_type': '2.5d_emib', 'loc': '2.5d_chiplet'},{'from': 'Chiplet_4', 'to': 'Chiplet_3', 'connection_type': '2.5d_emib', 'loc': '2.5d_chiplet'},{'from': 'Chiplet_1', 'to': 'Chiplet_3', 'connection_type': '2.5d_emib', 'loc': '2.5d_chiplet'},{'from': 'Chiplet_1', 'to': 'Chiplet_6', 'connection_type': '2.5d_emib', 'loc': '2.5d_chiplet'},{'from': 'Chiplet_1', 'to': 'Chiplet_4', 'connection_type': '2.5d_emib', 'loc': '2.5d_chiplet'},{'from': 'Chiplet_3', 'to': 'Chiplet_4', 'connection_type': '2.5d_emib', 'loc': '2.5d_chiplet'},{'from': 'Chiplet_3', 'to': 'Chiplet_1', 'connection_type': '2.5d_emib', 'loc': '2.5d_chiplet'}",1,3,1,1,1,1,ddr4,aib,na,0,0,is,0,0,0
450,29.17555082442232,2895975.77,168124.82584347733,442229978.75340873,16268.790849673202,16408.643670414665,450,4.818150952,10.4826,6144,192x192,7,6.975099908490179,6.821646341899999,4096,128x128,14,1.578984604787535,1.7054115854749998,768,64x64,14,3.2571509657793953,3.8395579270749995,1536,96x96,14,1.4141952089375351,1.7054115854749998,512,64x64,14,1.3653681800824635,3.1172648505374996,512,96x96,10,2.5d,"{'from': 'Chiplet_2', 'to': 'Chiplet_3', 'connection_type': '2.5d_emib', 'loc': '2.5d_chiplet'},{'from': 'Chiplet_2', 'to': 'Chiplet_4', 'connection_type': '2.5d_emib', 'loc': '2.5d_chiplet'},{'from': 'Chiplet_2', 'to': 'Chiplet_1', 'connection_type': '2.5d_emib', 'loc': '2.5d_chiplet'},{'from': 'Chiplet_2', 'to': 'Chiplet_6', 'connection_type': '2.5d_emib', 'loc': '2.5d_chiplet'},{'from': 'Chiplet_3', 'to': 'Chiplet_2', 'connection_type': '2.5d_emib', 'loc': '2.5d_chiplet'},{'from': 'Chiplet_3', 'to': 'Chiplet_6', 'connection_type': '2.5d_emib', 'loc': '2.5d_chiplet'},{'from': 'Chiplet_6', 'to': 'Chiplet_2', 'connection_type': '2.5d_emib', 'loc': '2.5d_chiplet'},{'from': 'Chiplet_6', 'to': 'Chiplet_3', 'connection_type': '2.5d_emib', 'loc': '2.5d_chiplet'},{'from': 'Chiplet_1', 'to': 'Chiplet_2', 'connection_type': '2.5d_emib', 'loc': '2.5d_chiplet'},{'from': 'Chiplet_1', 'to': 'Chiplet_5', 'connection_type': '2.5d_emib', 'loc': '2.5d_chiplet'},{'from': 'Chiplet_1', 'to': 'Chiplet_4', 'connection_type': '2.5d_emib', 'loc': '2.5d_chiplet'},{'from': 'Chiplet_4', 'to': 'Chiplet_2', 'connection_type': '2.5d_emib', 'loc': '2.5d_chiplet'},{'from': 'Chiplet_4', 'to': 'Chiplet_5', 'connection_type': '2.5d_emib', 'loc': '2.5d_chiplet'},{'from': 'Chiplet_4', 'to': 'Chiplet_1', 'connection_type': '2.5d_emib', 'loc': '2.5d_chiplet'},{'from': 'Chiplet_5', 'to': 'Chiplet_4', 'connection_type': '2.5d_emib', 'loc': '2.5d_chiplet'},{'from': 'Chiplet_5', 'to': 'Chiplet_1', 'connection_type': '2.5d_emib', 'loc': '2.5d_chiplet'}",2,2,1,1,1,1,ddr5,bow,na,1,0,is,0,0,0
451,49.19486153179021,4641100.64,198205.17324947316,603054652.4917486,10225.610021786493,19383.27369859146,451,6.975099908490179,6.821646341899999,4096,128x128,14,2.55521354,4.475,4096,128x128,7,2.6264880905479133,5.538366334949999,1024,128x128,10,6.975099908490179,6.821646341899999,4096,128x128,14,11.481175603606792,15.979573171754398,2048,192x192,14,2.20879254,4.475,3072,128x128,7,2.5d,"{'from': 'Chiplet_5', 'to': 'Chiplet_3', 'connection_type': '2.5d_emib', 'loc': '2.5d_chiplet'},{'from': 'Chiplet_5', 'to': 'Chiplet_6', 'connection_type': '2.5d_emib', 'loc': '2.5d_chiplet'},{'from': 'Chiplet_5', 'to': 'Chiplet_1', 'connection_type': '2.5d_emib', 'loc': '2.5d_chiplet'},{'from': 'Chiplet_3', 'to': 'Chiplet_5', 'connection_type': '2.5d_emib', 'loc': '2.5d_chiplet'},{'from': 'Chiplet_3', 'to': 'Chiplet_6', 'connection_type': '2.5d_emib', 'loc': '2.5d_chiplet'},{'from': 'Chiplet_6', 'to': 'Chiplet_3', 'connection_type': '2.5d_emib', 'loc': '2.5d_chiplet'},{'from': 'Chiplet_6', 'to': 'Chiplet_4', 'connection_type': '2.5d_emib', 'loc': '2.5d_chiplet'},{'from': 'Chiplet_6', 'to': 'Chiplet_5', 'connection_type': '2.5d_emib', 'loc': '2.5d_chiplet'},{'from': 'Chiplet_1', 'to': 'Chiplet_2', 'connection_type': '2.5d_emib', 'loc': '2.5d_chiplet'},{'from': 'Chiplet_1', 'to': 'Chiplet_5', 'connection_type': '2.5d_emib', 'loc': '2.5d_chiplet'},{'from': 'Chiplet_1', 'to': 'Chiplet_4', 'connection_type': '2.5d_emib', 'loc': '2.5d_chiplet'},{'from': 'Chiplet_2', 'to': 'Chiplet_4', 'connection_type': '2.5d_emib', 'loc': '2.5d_chiplet'},{'from': 'Chiplet_2', 'to': 'Chiplet_1', 'connection_type': '2.5d_emib', 'loc': '2.5d_chiplet'},{'from': 'Chiplet_4', 'to': 'Chiplet_2', 'connection_type': '2.5d_emib', 'loc': '2.5d_chiplet'},{'from': 'Chiplet_4', 'to': 'Chiplet_6', 'connection_type': '2.5d_emib', 'loc': '2.5d_chiplet'},{'from': 'Chiplet_4', 'to': 'Chiplet_1', 'connection_type': '2.5d_emib', 'loc': '2.5d_chiplet'}",1,1,1,1,3,1,ddr4,aib,na,1,0,is,0,0,0
452,26.237810937365765,2570893.27,71166.24640870797,625530094.4252809,21556.56862745098,22275.650840553462,452,0.916436759447044,1.3845915837374998,1024,64x64,10,1.4141952089375351,1.7054115854749998,512,64x64,14,1.304342696,2.51875,2048,96x96,7,0.46559300000000003,1.11875,512,64x64,7,2.20879254,4.475,3072,128x128,7,12.799492673176792,15.979573171754398,4096,192x192,14,2.5d,"{'from': 'Chiplet_6', 'to': 'Chiplet_2', 'connection_type': '2.5d_rdl', 'loc': '2.5d_chiplet'},{'from': 'Chiplet_6', 'to': 'Chiplet_5', 'connection_type': '2.5d_rdl', 'loc': '2.5d_chiplet'},{'from': 'Chiplet_5', 'to': 'Chiplet_2', 'connection_type': '2.5d_rdl', 'loc': '2.5d_chiplet'},{'from': 'Chiplet_5', 'to': 'Chiplet_3', 'connection_type': '2.5d_rdl', 'loc': '2.5d_chiplet'},{'from': 'Chiplet_5', 'to': 'Chiplet_6', 'connection_type': '2.5d_rdl', 'loc': '2.5d_chiplet'},{'from': 'Chiplet_5', 'to': 'Chiplet_1', 'connection_type': '2.5d_rdl', 'loc': '2.5d_chiplet'},{'from': 'Chiplet_1', 'to': 'Chiplet_5', 'connection_type': '2.5d_rdl', 'loc': '2.5d_chiplet'},{'from': 'Chiplet_1', 'to': 'Chiplet_3', 'connection_type': '2.5d_rdl', 'loc': '2.5d_chiplet'},{'from': 'Chiplet_2', 'to': 'Chiplet_3', 'connection_type': '2.5d_rdl', 'loc': '2.5d_chiplet'},{'from': 'Chiplet_2', 'to': 'Chiplet_6', 'connection_type': '2.5d_rdl', 'loc': '2.5d_chiplet'},{'from': 'Chiplet_2', 'to': 'Chiplet_5', 'connection_type': '2.5d_rdl', 'loc': '2.5d_chiplet'},{'from': 'Chiplet_2', 'to': 'Chiplet_4', 'connection_type': '2.5d_rdl', 'loc': '2.5d_chiplet'},{'from': 'Chiplet_3', 'to': 'Chiplet_2', 'connection_type': '2.5d_rdl', 'loc': '2.5d_chiplet'},{'from': 'Chiplet_3', 'to': 'Chiplet_5', 'connection_type': '2.5d_rdl', 'loc': '2.5d_chiplet'},{'from': 'Chiplet_3', 'to': 'Chiplet_4', 'connection_type': '2.5d_rdl', 'loc': '2.5d_chiplet'},{'from': 'Chiplet_3', 'to': 'Chiplet_1', 'connection_type': '2.5d_rdl', 'loc': '2.5d_chiplet'},{'from': 'Chiplet_4', 'to': 'Chiplet_2', 'connection_type': '2.5d_rdl', 'loc': '2.5d_chiplet'},{'from': 'Chiplet_4', 'to': 'Chiplet_3', 'connection_type': '2.5d_rdl', 'loc': '2.5d_chiplet'}",1,1,1,1,1,3,ddr4,ucie_std,na,0,0,ws,0,0,0
453,11.268014665934407,2316556.06,57896.95170859719,205268426.10515276,12778.333333333332,8666.290410922933,453,3.665749090547913,5.538366334949999,4096,128x128,10,0.743226759447044,1.3845915837374998,512,64x64,10,0.552198,1.11875,768,64x64,7,1.743774000637535,1.7054115854749998,1024,64x64,14,3.665749090547913,5.538366334949999,4096,128x128,10,2.972908090547913,5.538366334949999,2048,128x128,10,2.5d_3d,"{'from': 'Chiplet_1', 'to': 'Chiplet_6', 'connection_type': '3d_hyb_bond', 'loc': 'stack0_base'},{'from': 'Chiplet_6', 'to': 'Chiplet_2', 'connection_type': '3d_hyb_bond', 'loc': 'stack0_middle1'},{'from': 'Chiplet_2', 'to': 'Chiplet_3', 'connection_type': '3d_hyb_bond', 'loc': 'stack0_middle2'},{'from': 'Chiplet_3', 'to': 'na', 'connection_type': '3d_hyb_bond', 'loc': 'stack0_top'},{'from': 'Chiplet_1', 'to': 'Chiplet_5', 'connection_type': '2.5d_rdl', 'loc': '2.5d_chiplet'},{'from': 'Chiplet_1', 'to': 'Chiplet_4', 'connection_type': '2.5d_rdl', 'loc': '2.5d_chiplet'},{'from': 'Chiplet_4', 'to': 'Chiplet_5', 'connection_type': '2.5d_rdl', 'loc': '2.5d_chiplet'},{'from': 'Chiplet_4', 'to': 'Chiplet_1', 'connection_type': '2.5d_rdl', 'loc': '2.5d_chiplet'},{'from': 'Chiplet_5', 'to': 'Chiplet_4', 'connection_type': '2.5d_rdl', 'loc': '2.5d_chiplet'},{'from': 'Chiplet_5', 'to': 'Chiplet_1', 'connection_type': '2.5d_rdl', 'loc': '2.5d_chiplet'}",4,1,1,2,4,4,hbm2,ucie_std,ucie_3d,1,0,ws,0,0,0
454,30.102816045704497,5323199.97,110398.63822891566,232079102.88953078,10113.266055045871,12690.033361610467,454,0.552198,1.11875,768,64x64,7,3.665749090547913,5.538366334949999,4096,128x128,10,12.799492673176792,15.979573171754398,4096,192x192,14,5.5109919519999995,10.4826,8192,192x192,7,1.578984604787535,1.7054115854749998,768,64x64,14,4.818150952,10.4826,6144,192x192,7,2.5d_3d,"{'from': 'Chiplet_4', 'to': 'Chiplet_6', 'connection_type': '3d_tsv', 'loc': 'stack0_base'},{'from': 'Chiplet_6', 'to': 'Chiplet_2', 'connection_type': '3d_tsv', 'loc': 'stack0_middle1'},{'from': 'Chiplet_2', 'to': 'na', 'connection_type': '3d_tsv', 'loc': 'stack0_top'},{'from': 'Chiplet_3', 'to': 'Chiplet_5', 'connection_type': '2.5d_rdl', 'loc': '2.5d_chiplet'},{'from': 'Chiplet_3', 'to': 'Chiplet_4', 'connection_type': '2.5d_rdl', 'loc': '2.5d_chiplet'},{'from': 'Chiplet_4', 'to': 'Chiplet_3', 'connection_type': '2.5d_rdl', 'loc': '2.5d_chiplet'},{'from': 'Chiplet_4', 'to': 'Chiplet_5', 'connection_type': '2.5d_rdl', 'loc': '2.5d_chiplet'},{'from': 'Chiplet_4', 'to': 'Chiplet_1', 'connection_type': '2.5d_rdl', 'loc': '2.5d_chiplet'},{'from': 'Chiplet_5', 'to': 'Chiplet_3', 'connection_type': '2.5d_rdl', 'loc': '2.5d_chiplet'},{'from': 'Chiplet_5', 'to': 'Chiplet_4', 'connection_type': '2.5d_rdl', 'loc': '2.5d_chiplet'},{'from': 'Chiplet_5', 'to': 'Chiplet_1', 'connection_type': '2.5d_rdl', 'loc': '2.5d_chiplet'},{'from': 'Chiplet_1', 'to': 'Chiplet_5', 'connection_type': '2.5d_rdl', 'loc': '2.5d_chiplet'},{'from': 'Chiplet_1', 'to': 'Chiplet_4', 'connection_type': '2.5d_rdl', 'loc': '2.5d_chiplet'}",1,2,7,3,1,2,hbm2,ucie_std,ucie_3d,0,0,os,0,0,0
455,18.472967996423975,3428474.23,74700.77519039983,157596820.6981778,55566.15396980787,33956.60059042084,455,0.743226759447044,1.3845915837374998,512,64x64,10,3.2571509657793953,3.8395579270749995,1536,96x96,14,4.818150952,10.4826,6144,192x192,7,1.249405813087535,1.7054115854749998,256,64x64,14,0.784712696,2.51875,512,96x96,7,4.818150952,10.4826,6144,192x192,7,2.5d_3d,"{'from': 'Chiplet_2', 'to': 'Chiplet_4', 'connection_type': '3d_tsv', 'loc': 'stack0_base'},{'from': 'Chiplet_4', 'to': 'na', 'connection_type': '3d_tsv', 'loc': 'stack0_top'},{'from': 'Chiplet_3', 'to': 'Chiplet_2', 'connection_type': '2.5d_rdl', 'loc': '2.5d_chiplet'},{'from': 'Chiplet_3', 'to': 'Chiplet_6', 'connection_type': '2.5d_rdl', 'loc': '2.5d_chiplet'},{'from': 'Chiplet_2', 'to': 'Chiplet_5', 'connection_type': '2.5d_rdl', 'loc': '2.5d_chiplet'},{'from': 'Chiplet_2', 'to': 'Chiplet_3', 'connection_type': '2.5d_rdl', 'loc': '2.5d_chiplet'},{'from': 'Chiplet_6', 'to': 'Chiplet_3', 'connection_type': '2.5d_rdl', 'loc': '2.5d_chiplet'},{'from': 'Chiplet_6', 'to': 'Chiplet_5', 'connection_type': '2.5d_rdl', 'loc': '2.5d_chiplet'},{'from': 'Chiplet_6', 'to': 'Chiplet_1', 'connection_type': '2.5d_rdl', 'loc': '2.5d_chiplet'},{'from': 'Chiplet_5', 'to': 'Chiplet_2', 'connection_type': '2.5d_rdl', 'loc': '2.5d_chiplet'},{'from': 'Chiplet_5', 'to': 'Chiplet_6', 'connection_type': '2.5d_rdl', 'loc': '2.5d_chiplet'},{'from': 'Chiplet_5', 'to': 'Chiplet_1', 'connection_type': '2.5d_rdl', 'loc': '2.5d_chiplet'},{'from': 'Chiplet_1', 'to': 'Chiplet_5', 'connection_type': '2.5d_rdl', 'loc': '2.5d_chiplet'},{'from': 'Chiplet_1', 'to': 'Chiplet_6', 'connection_type': '2.5d_rdl', 'loc': '2.5d_chiplet'}",1,3,5,1,1,5,hbm3,ucie_std,ucie_3d,1,0,os,1,0,0
456,20.08825337183157,3085062.59,170940.69560571393,168711777.03860542,7005.508557457213,6146.188225132652,456,0.638803,1.11875,1024,64x64,7,5.5109919519999995,10.4826,8192,192x192,7,1.304342696,2.51875,2048,96x96,7,0.957922696,2.51875,1024,96x96,7,2.20879254,4.475,3072,128x128,7,1.131132696,2.51875,1536,96x96,7,2.5d,"{'from': 'Chiplet_2', 'to': 'Chiplet_5', 'connection_type': '2.5d_emib', 'loc': '2.5d_chiplet'},{'from': 'Chiplet_2', 'to': 'Chiplet_1', 'connection_type': '2.5d_emib', 'loc': '2.5d_chiplet'},{'from': 'Chiplet_1', 'to': 'Chiplet_2', 'connection_type': '2.5d_emib', 'loc': '2.5d_chiplet'},{'from': 'Chiplet_1', 'to': 'Chiplet_5', 'connection_type': '2.5d_emib', 'loc': '2.5d_chiplet'},{'from': 'Chiplet_1', 'to': 'Chiplet_3', 'connection_type': '2.5d_emib', 'loc': '2.5d_chiplet'},{'from': 'Chiplet_5', 'to': 'Chiplet_4', 'connection_type': '2.5d_emib', 'loc': '2.5d_chiplet'},{'from': 'Chiplet_5', 'to': 'Chiplet_2', 'connection_type': '2.5d_emib', 'loc': '2.5d_chiplet'},{'from': 'Chiplet_5', 'to': 'Chiplet_6', 'connection_type': '2.5d_emib', 'loc': '2.5d_chiplet'},{'from': 'Chiplet_5', 'to': 'Chiplet_3', 'connection_type': '2.5d_emib', 'loc': '2.5d_chiplet'},{'from': 'Chiplet_5', 'to': 'Chiplet_1', 'connection_type': '2.5d_emib', 'loc': '2.5d_chiplet'},{'from': 'Chiplet_4', 'to': 'Chiplet_5', 'connection_type': '2.5d_emib', 'loc': '2.5d_chiplet'},{'from': 'Chiplet_4', 'to': 'Chiplet_6', 'connection_type': '2.5d_emib', 'loc': '2.5d_chiplet'},{'from': 'Chiplet_3', 'to': 'Chiplet_5', 'connection_type': '2.5d_emib', 'loc': '2.5d_chiplet'},{'from': 'Chiplet_3', 'to': 'Chiplet_6', 'connection_type': '2.5d_emib', 'loc': '2.5d_chiplet'},{'from': 'Chiplet_3', 'to': 'Chiplet_1', 'connection_type': '2.5d_emib', 'loc': '2.5d_chiplet'},{'from': 'Chiplet_6', 'to': 'Chiplet_3', 'connection_type': '2.5d_emib', 'loc': '2.5d_chiplet'},{'from': 'Chiplet_6', 'to': 'Chiplet_4', 'connection_type': '2.5d_emib', 'loc': '2.5d_chiplet'},{'from': 'Chiplet_6', 'to': 'Chiplet_5', 'connection_type': '2.5d_emib', 'loc': '2.5d_chiplet'}",1,7,2,1,3,2,hbm3,ucie_adv,na,1,0,os,0,0,0
457,28.678929670214053,3280643.14,77674.72932958335,146910801.4743097,57266.40448352836,33937.64728597217,457,1.7117881800824635,3.1172648505374996,1536,96x96,10,1.304342696,2.51875,2048,96x96,7,14.117807839976791,15.979573171754398,6144,192x192,14,1.249405813087535,1.7054115854749998,256,64x64,14,3.2571509657793953,3.8395579270749995,1536,96x96,14,1.131132696,2.51875,1536,96x96,7,2.5d,"{'from': 'Chiplet_3', 'to': 'Chiplet_5', 'connection_type': '2.5d_rdl', 'loc': '2.5d_chiplet'},{'from': 'Chiplet_3', 'to': 'Chiplet_1', 'connection_type': '2.5d_rdl', 'loc': '2.5d_chiplet'},{'from': 'Chiplet_5', 'to': 'Chiplet_2', 'connection_type': '2.5d_rdl', 'loc': '2.5d_chiplet'},{'from': 'Chiplet_5', 'to': 'Chiplet_3', 'connection_type': '2.5d_rdl', 'loc': '2.5d_chiplet'},{'from': 'Chiplet_5', 'to': 'Chiplet_6', 'connection_type': '2.5d_rdl', 'loc': '2.5d_chiplet'},{'from': 'Chiplet_5', 'to': 'Chiplet_1', 'connection_type': '2.5d_rdl', 'loc': '2.5d_chiplet'},{'from': 'Chiplet_6', 'to': 'Chiplet_2', 'connection_type': '2.5d_rdl', 'loc': '2.5d_chiplet'},{'from': 'Chiplet_6', 'to': 'Chiplet_5', 'connection_type': '2.5d_rdl', 'loc': '2.5d_chiplet'},{'from': 'Chiplet_1', 'to': 'Chiplet_2', 'connection_type': '2.5d_rdl', 'loc': '2.5d_chiplet'},{'from': 'Chiplet_1', 'to': 'Chiplet_3', 'connection_type': '2.5d_rdl', 'loc': '2.5d_chiplet'},{'from': 'Chiplet_1', 'to': 'Chiplet_4', 'connection_type': '2.5d_rdl', 'loc': '2.5d_chiplet'},{'from': 'Chiplet_1', 'to': 'Chiplet_5', 'connection_type': '2.5d_rdl', 'loc': '2.5d_chiplet'},{'from': 'Chiplet_2', 'to': 'Chiplet_4', 'connection_type': '2.5d_rdl', 'loc': '2.5d_chiplet'},{'from': 'Chiplet_2', 'to': 'Chiplet_5', 'connection_type': '2.5d_rdl', 'loc': '2.5d_chiplet'},{'from': 'Chiplet_2', 'to': 'Chiplet_6', 'connection_type': '2.5d_rdl', 'loc': '2.5d_chiplet'},{'from': 'Chiplet_2', 'to': 'Chiplet_1', 'connection_type': '2.5d_rdl', 'loc': '2.5d_chiplet'},{'from': 'Chiplet_4', 'to': 'Chiplet_2', 'connection_type': '2.5d_rdl', 'loc': '2.5d_chiplet'},{'from': 'Chiplet_4', 'to': 'Chiplet_1', 'connection_type': '2.5d_rdl', 'loc': '2.5d_chiplet'}",1,1,10,1,2,1,hbm3,ucie_std,na,1,0,ws,1,0,0
458,24.3854723522816,3313353.99,60515.46160979521,171086582.40010935,8612.837837837838,7791.05350234918,458,3.3193280905479132,5.538366334949999,3072,128x128,10,0.829831759447044,1.3845915837374998,768,64x64,10,0.957922696,2.51875,1024,96x96,7,0.743226759447044,1.3845915837374998,512,64x64,10,3.3193280905479132,5.538366334949999,3072,128x128,10,6.033899457366197,12.973514847541198,2048,192x192,10,2.5d_3d,"{'from': 'Chiplet_2', 'to': 'Chiplet_4', 'connection_type': '3d_hyb_bond', 'loc': 'stack0_base'},{'from': 'Chiplet_4', 'to': 'na', 'connection_type': '3d_hyb_bond', 'loc': 'stack0_top'},{'from': 'Chiplet_6', 'to': 'Chiplet_3', 'connection_type': '2.5d_rdl', 'loc': '2.5d_chiplet'},{'from': 'Chiplet_6', 'to': 'Chiplet_1', 'connection_type': '2.5d_rdl', 'loc': '2.5d_chiplet'},{'from': 'Chiplet_3', 'to': 'Chiplet_6', 'connection_type': '2.5d_rdl', 'loc': '2.5d_chiplet'},{'from': 'Chiplet_3', 'to': 'Chiplet_1', 'connection_type': '2.5d_rdl', 'loc': '2.5d_chiplet'},{'from': 'Chiplet_1', 'to': 'Chiplet_2', 'connection_type': '2.5d_rdl', 'loc': '2.5d_chiplet'},{'from': 'Chiplet_1', 'to': 'Chiplet_3', 'connection_type': '2.5d_rdl', 'loc': '2.5d_chiplet'},{'from': 'Chiplet_1', 'to': 'Chiplet_6', 'connection_type': '2.5d_rdl', 'loc': '2.5d_chiplet'},{'from': 'Chiplet_1', 'to': 'Chiplet_5', 'connection_type': '2.5d_rdl', 'loc': '2.5d_chiplet'},{'from': 'Chiplet_2', 'to': 'Chiplet_5', 'connection_type': '2.5d_rdl', 'loc': '2.5d_chiplet'},{'from': 'Chiplet_2', 'to': 'Chiplet_1', 'connection_type': '2.5d_rdl', 'loc': '2.5d_chiplet'},{'from': 'Chiplet_5', 'to': 'Chiplet_2', 'connection_type': '2.5d_rdl', 'loc': '2.5d_chiplet'},{'from': 'Chiplet_5', 'to': 'Chiplet_1', 'connection_type': '2.5d_rdl', 'loc': '2.5d_chiplet'}",4,1,1,1,3,6,hbm2,ucie_std,ucie_3d,0,0,os,0,0,0
459,21.516608188384716,2759663.39,63786.49372456277,412772519.4315797,11568.790849673203,13997.216246035412,459,0.916436759447044,1.3845915837374998,1024,64x64,10,4.9976252555201786,6.821646341899999,1024,128x128,14,3.432469952,10.4826,2048,192x192,7,3.5867297574793953,3.8395579270749995,2048,96x96,14,1.51595254,4.475,1024,128x128,7,1.8849981800824636,3.1172648505374996,2048,96x96,10,2.5d_3d,"{'from': 'Chiplet_4', 'to': 'Chiplet_1', 'connection_type': '3d_hyb_bond', 'loc': 'stack0_base'},{'from': 'Chiplet_1', 'to': 'na', 'connection_type': '3d_hyb_bond', 'loc': 'stack0_top'},{'from': 'Chiplet_2', 'to': 'Chiplet_3', 'connection_type': '2.5d_rdl', 'loc': '2.5d_chiplet'},{'from': 'Chiplet_2', 'to': 'Chiplet_4', 'connection_type': '2.5d_rdl', 'loc': '2.5d_chiplet'},{'from': 'Chiplet_2', 'to': 'Chiplet_5', 'connection_type': '2.5d_rdl', 'loc': '2.5d_chiplet'},{'from': 'Chiplet_2', 'to': 'Chiplet_6', 'connection_type': '2.5d_rdl', 'loc': '2.5d_chiplet'},{'from': 'Chiplet_6', 'to': 'Chiplet_2', 'connection_type': '2.5d_rdl', 'loc': '2.5d_chiplet'},{'from': 'Chiplet_6', 'to': 'Chiplet_5', 'connection_type': '2.5d_rdl', 'loc': '2.5d_chiplet'},{'from': 'Chiplet_5', 'to': 'Chiplet_2', 'connection_type': '2.5d_rdl', 'loc': '2.5d_chiplet'},{'from': 'Chiplet_5', 'to': 'Chiplet_6', 'connection_type': '2.5d_rdl', 'loc': '2.5d_chiplet'},{'from': 'Chiplet_4', 'to': 'Chiplet_2', 'connection_type': '2.5d_rdl', 'loc': '2.5d_chiplet'},{'from': 'Chiplet_4', 'to': 'Chiplet_3', 'connection_type': '2.5d_rdl', 'loc': '2.5d_chiplet'},{'from': 'Chiplet_3', 'to': 'Chiplet_2', 'connection_type': '2.5d_rdl', 'loc': '2.5d_chiplet'},{'from': 'Chiplet_3', 'to': 'Chiplet_4', 'connection_type': '2.5d_rdl', 'loc': '2.5d_chiplet'}",1,2,1,2,1,1,ddr5,ucie_std,ucie_3d,0,0,ws,0,0,0
460,21.019120967514887,4151721.79,141309.54582904594,225369436.2193428,10729.054054054053,11731.202366986061,460,4.818150952,10.4826,6144,192x192,7,2.597993382379395,3.8395579270749995,512,96x96,14,1.304342696,2.51875,2048,96x96,7,1.8849981800824636,3.1172648505374996,2048,96x96,10,2.6264880905479133,5.538366334949999,1024,128x128,10,8.112421457366196,12.973514847541198,8192,192x192,10,2.5d_3d,"{'from': 'Chiplet_2', 'to': 'Chiplet_4', 'connection_type': '3d_tsv', 'loc': 'stack0_base'},{'from': 'Chiplet_4', 'to': 'Chiplet_3', 'connection_type': '3d_tsv', 'loc': 'stack0_middle1'},{'from': 'Chiplet_3', 'to': 'na', 'connection_type': '3d_tsv', 'loc': 'stack0_top'},{'from': 'Chiplet_6', 'to': 'Chiplet_5', 'connection_type': '2.5d_emib', 'loc': '2.5d_chiplet'},{'from': 'Chiplet_6', 'to': 'Chiplet_1', 'connection_type': '2.5d_emib', 'loc': '2.5d_chiplet'},{'from': 'Chiplet_1', 'to': 'Chiplet_2', 'connection_type': '2.5d_emib', 'loc': '2.5d_chiplet'},{'from': 'Chiplet_1', 'to': 'Chiplet_5', 'connection_type': '2.5d_emib', 'loc': '2.5d_chiplet'},{'from': 'Chiplet_1', 'to': 'Chiplet_6', 'connection_type': '2.5d_emib', 'loc': '2.5d_chiplet'},{'from': 'Chiplet_5', 'to': 'Chiplet_2', 'connection_type': '2.5d_emib', 'loc': '2.5d_chiplet'},{'from': 'Chiplet_5', 'to': 'Chiplet_6', 'connection_type': '2.5d_emib', 'loc': '2.5d_chiplet'},{'from': 'Chiplet_5', 'to': 'Chiplet_1', 'connection_type': '2.5d_emib', 'loc': '2.5d_chiplet'},{'from': 'Chiplet_2', 'to': 'Chiplet_5', 'connection_type': '2.5d_emib', 'loc': '2.5d_chiplet'},{'from': 'Chiplet_2', 'to': 'Chiplet_1', 'connection_type': '2.5d_emib', 'loc': '2.5d_chiplet'}",4,2,1,1,2,6,hbm2,aib,ucie_3d,0,0,ws,0,0,0
461,24.87539823282076,2632141.93,164682.57954301866,393904712.27098334,39364.26186653402,28824.826763243917,461,2.927572174079395,3.8395579270749995,1024,96x96,14,6.726740457366197,12.973514847541198,4096,192x192,10,2.6264880905479133,5.538366334949999,1024,128x128,10,0.638803,1.11875,1024,64x64,7,1.304342696,2.51875,2048,96x96,7,3.5867297574793953,3.8395579270749995,2048,96x96,14,2.5d,"{'from': 'Chiplet_2', 'to': 'Chiplet_4', 'connection_type': '2.5d_emib', 'loc': '2.5d_chiplet'},{'from': 'Chiplet_2', 'to': 'Chiplet_5', 'connection_type': '2.5d_emib', 'loc': '2.5d_chiplet'},{'from': 'Chiplet_2', 'to': 'Chiplet_6', 'connection_type': '2.5d_emib', 'loc': '2.5d_chiplet'},{'from': 'Chiplet_2', 'to': 'Chiplet_1', 'connection_type': '2.5d_emib', 'loc': '2.5d_chiplet'},{'from': 'Chiplet_5', 'to': 'Chiplet_2', 'connection_type': '2.5d_emib', 'loc': '2.5d_chiplet'},{'from': 'Chiplet_5', 'to': 'Chiplet_4', 'connection_type': '2.5d_emib', 'loc': '2.5d_chiplet'},{'from': 'Chiplet_4', 'to': 'Chiplet_2', 'connection_type': '2.5d_emib', 'loc': '2.5d_chiplet'},{'from': 'Chiplet_4', 'to': 'Chiplet_5', 'connection_type': '2.5d_emib', 'loc': '2.5d_chiplet'},{'from': 'Chiplet_6', 'to': 'Chiplet_2', 'connection_type': '2.5d_emib', 'loc': '2.5d_chiplet'},{'from': 'Chiplet_6', 'to': 'Chiplet_3', 'connection_type': '2.5d_emib', 'loc': '2.5d_chiplet'},{'from': 'Chiplet_6', 'to': 'Chiplet_1', 'connection_type': '2.5d_emib', 'loc': '2.5d_chiplet'},{'from': 'Chiplet_1', 'to': 'Chiplet_2', 'connection_type': '2.5d_emib', 'loc': '2.5d_chiplet'},{'from': 'Chiplet_1', 'to': 'Chiplet_3', 'connection_type': '2.5d_emib', 'loc': '2.5d_chiplet'},{'from': 'Chiplet_1', 'to': 'Chiplet_6', 'connection_type': '2.5d_emib', 'loc': '2.5d_chiplet'},{'from': 'Chiplet_3', 'to': 'Chiplet_6', 'connection_type': '2.5d_emib', 'loc': '2.5d_chiplet'},{'from': 'Chiplet_3', 'to': 'Chiplet_1', 'connection_type': '2.5d_emib', 'loc': '2.5d_chiplet'}",1,3,1,1,1,1,ddr4,aib,na,0,0,is,1,0,0
462,21.78759304035346,3815547.79,76723.66092759468,187689389.2785061,39146.42162308445,24456.218036675986,462,1.304342696,2.51875,2048,96x96,7,1.51595254,4.475,1024,128x128,7,3.665749090547913,5.538366334949999,4096,128x128,10,5.5109919519999995,10.4826,8192,192x192,7,1.4141952089375351,1.7054115854749998,512,64x64,14,2.20879254,4.475,3072,128x128,7,2.5d_3d,"{'from': 'Chiplet_6', 'to': 'Chiplet_2', 'connection_type': '3d_u_bump', 'loc': 'stack0_base'},{'from': 'Chiplet_2', 'to': 'na', 'connection_type': '3d_u_bump', 'loc': 'stack0_top'},{'from': 'Chiplet_4', 'to': 'Chiplet_3', 'connection_type': '2.5d_rdl', 'loc': '2.5d_chiplet'},{'from': 'Chiplet_4', 'to': 'Chiplet_6', 'connection_type': '2.5d_rdl', 'loc': '2.5d_chiplet'},{'from': 'Chiplet_4', 'to': 'Chiplet_5', 'connection_type': '2.5d_rdl', 'loc': '2.5d_chiplet'},{'from': 'Chiplet_5', 'to': 'Chiplet_4', 'connection_type': '2.5d_rdl', 'loc': '2.5d_chiplet'},{'from': 'Chiplet_5', 'to': 'Chiplet_6', 'connection_type': '2.5d_rdl', 'loc': '2.5d_chiplet'},{'from': 'Chiplet_3', 'to': 'Chiplet_6', 'connection_type': '2.5d_rdl', 'loc': '2.5d_chiplet'},{'from': 'Chiplet_3', 'to': 'Chiplet_4', 'connection_type': '2.5d_rdl', 'loc': '2.5d_chiplet'},{'from': 'Chiplet_3', 'to': 'Chiplet_1', 'connection_type': '2.5d_rdl', 'loc': '2.5d_chiplet'},{'from': 'Chiplet_6', 'to': 'Chiplet_5', 'connection_type': '2.5d_rdl', 'loc': '2.5d_chiplet'},{'from': 'Chiplet_6', 'to': 'Chiplet_4', 'connection_type': '2.5d_rdl', 'loc': '2.5d_chiplet'},{'from': 'Chiplet_6', 'to': 'Chiplet_1', 'connection_type': '2.5d_rdl', 'loc': '2.5d_chiplet'},{'from': 'Chiplet_6', 'to': 'Chiplet_3', 'connection_type': '2.5d_rdl', 'loc': '2.5d_chiplet'},{'from': 'Chiplet_1', 'to': 'Chiplet_3', 'connection_type': '2.5d_rdl', 'loc': '2.5d_chiplet'},{'from': 'Chiplet_1', 'to': 'Chiplet_6', 'connection_type': '2.5d_rdl', 'loc': '2.5d_chiplet'}",1,2,4,6,1,2,hbm2,ucie_std,ucie_3d,0,0,os,1,0,0
463,15.862415027129854,2222444.15,87215.18952611936,128855197.3642698,81983.56672457032,30295.968361998825,463,0.552198,1.11875,768,64x64,7,6.975099908490179,6.821646341899999,4096,128x128,14,2.597993382379395,3.8395579270749995,512,96x96,14,0.552198,1.11875,768,64x64,7,1.131132696,2.51875,1536,96x96,7,1.5385781800824634,3.1172648505374996,1024,96x96,10,2.5d_3d,"{'from': 'Chiplet_6', 'to': 'Chiplet_5', 'connection_type': '3d_tsv', 'loc': 'stack0_base'},{'from': 'Chiplet_5', 'to': 'Chiplet_4', 'connection_type': '3d_tsv', 'loc': 'stack0_middle1'},{'from': 'Chiplet_4', 'to': 'Chiplet_1', 'connection_type': '3d_tsv', 'loc': 'stack0_middle2'},{'from': 'Chiplet_1', 'to': 'na', 'connection_type': '3d_tsv', 'loc': 'stack0_top'},{'from': 'Chiplet_2', 'to': 'Chiplet_3', 'connection_type': '2.5d_emib', 'loc': '2.5d_chiplet'},{'from': 'Chiplet_2', 'to': 'Chiplet_6', 'connection_type': '2.5d_emib', 'loc': '2.5d_chiplet'},{'from': 'Chiplet_3', 'to': 'Chiplet_2', 'connection_type': '2.5d_emib', 'loc': '2.5d_chiplet'},{'from': 'Chiplet_3', 'to': 'Chiplet_6', 'connection_type': '2.5d_emib', 'loc': '2.5d_chiplet'},{'from': 'Chiplet_6', 'to': 'Chiplet_2', 'connection_type': '2.5d_emib', 'loc': '2.5d_chiplet'},{'from': 'Chiplet_6', 'to': 'Chiplet_3', 'connection_type': '2.5d_emib', 'loc': '2.5d_chiplet'}",1,8,3,1,1,2,hbm3,aib,ucie_3d,0,0,ws,1,0,0
464,14.998704956765799,4225709.91,99732.12227501349,172616686.89050645,40489.979176128974,36887.786194275715,464,0.916436759447044,1.3845915837374998,1024,64x64,10,6.315940422320179,6.821646341899999,3072,128x128,14,6.975099908490179,6.821646341899999,4096,128x128,14,3.432469952,10.4826,2048,192x192,7,6.975099908490179,6.821646341899999,4096,128x128,14,7.419580457366196,12.973514847541198,6144,192x192,10,2.5d_3d,"{'from': 'Chiplet_5', 'to': 'Chiplet_3', 'connection_type': '3d_tsv', 'loc': 'stack0_base'},{'from': 'Chiplet_3', 'to': 'Chiplet_2', 'connection_type': '3d_tsv', 'loc': 'stack0_middle1'},{'from': 'Chiplet_2', 'to': 'Chiplet_4', 'connection_type': '3d_tsv', 'loc': 'stack0_middle2'},{'from': 'Chiplet_4', 'to': 'Chiplet_1', 'connection_type': '3d_tsv', 'loc': 'stack0_middle3'},{'from': 'Chiplet_1', 'to': 'na', 'connection_type': '3d_tsv', 'loc': 'stack0_top'},{'from': 'Chiplet_6', 'to': 'Chiplet_5', 'connection_type': '2.5d_rdl', 'loc': '2.5d_chiplet'},{'from': 'Chiplet_5', 'to': 'Chiplet_6', 'connection_type': '2.5d_rdl', 'loc': '2.5d_chiplet'}",1,3,3,2,3,4,hbm2,ucie_std,ucie_3d,1,0,ws,1,0,0
465,26.426792251453776,2913546.57,161221.53965872846,201814897.30621874,26070.0,16590.57427113012,465,2.927572174079395,3.8395579270749995,1024,96x96,14,0.638803,1.11875,1024,64x64,7,12.799492673176792,15.979573171754398,4096,192x192,14,0.552198,1.11875,768,64x64,7,1.4141952089375351,1.7054115854749998,512,64x64,14,1.3653681800824635,3.1172648505374996,512,96x96,10,2.5d,"{'from': 'Chiplet_3', 'to': 'Chiplet_5', 'connection_type': '2.5d_emib', 'loc': '2.5d_chiplet'},{'from': 'Chiplet_3', 'to': 'Chiplet_1', 'connection_type': '2.5d_emib', 'loc': '2.5d_chiplet'},{'from': 'Chiplet_1', 'to': 'Chiplet_3', 'connection_type': '2.5d_emib', 'loc': '2.5d_chiplet'},{'from': 'Chiplet_1', 'to': 'Chiplet_4', 'connection_type': '2.5d_emib', 'loc': '2.5d_chiplet'},{'from': 'Chiplet_1', 'to': 'Chiplet_5', 'connection_type': '2.5d_emib', 'loc': '2.5d_chiplet'},{'from': 'Chiplet_1', 'to': 'Chiplet_6', 'connection_type': '2.5d_emib', 'loc': '2.5d_chiplet'},{'from': 'Chiplet_4', 'to': 'Chiplet_6', 'connection_type': '2.5d_emib', 'loc': '2.5d_chiplet'},{'from': 'Chiplet_4', 'to': 'Chiplet_1', 'connection_type': '2.5d_emib', 'loc': '2.5d_chiplet'},{'from': 'Chiplet_5', 'to': 'Chiplet_2', 'connection_type': '2.5d_emib', 'loc': '2.5d_chiplet'},{'from': 'Chiplet_5', 'to': 'Chiplet_3', 'connection_type': '2.5d_emib', 'loc': '2.5d_chiplet'},{'from': 'Chiplet_5', 'to': 'Chiplet_6', 'connection_type': '2.5d_emib', 'loc': '2.5d_chiplet'},{'from': 'Chiplet_5', 'to': 'Chiplet_1', 'connection_type': '2.5d_emib', 'loc': '2.5d_chiplet'},{'from': 'Chiplet_6', 'to': 'Chiplet_2', 'connection_type': '2.5d_emib', 'loc': '2.5d_chiplet'},{'from': 'Chiplet_6', 'to': 'Chiplet_5', 'connection_type': '2.5d_emib', 'loc': '2.5d_chiplet'},{'from': 'Chiplet_6', 'to': 'Chiplet_4', 'connection_type': '2.5d_emib', 'loc': '2.5d_chiplet'},{'from': 'Chiplet_6', 'to': 'Chiplet_1', 'connection_type': '2.5d_emib', 'loc': '2.5d_chiplet'},{'from': 'Chiplet_2', 'to': 'Chiplet_5', 'connection_type': '2.5d_emib', 'loc': '2.5d_chiplet'},{'from': 'Chiplet_2', 'to': 'Chiplet_6', 'connection_type': '2.5d_emib', 'loc': '2.5d_chiplet'}",2,1,10,1,1,1,hbm2,aib,na,0,0,is,0,0,0
466,18.199289400240758,2180240.89,44623.32779481503,132179016.88830933,13110.179153094463,7102.600022052815,466,0.743226759447044,1.3845915837374998,512,64x64,10,1.5385781800824634,3.1172648505374996,1024,96x96,10,0.957922696,2.51875,1024,96x96,7,4.9976252555201786,6.821646341899999,1024,128x128,14,3.2571509657793953,3.8395579270749995,1536,96x96,14,1.4141952089375351,1.7054115854749998,512,64x64,14,2.5d_3d,"{'from': 'Chiplet_3', 'to': 'Chiplet_1', 'connection_type': '3d_u_bump', 'loc': 'stack0_base'},{'from': 'Chiplet_1', 'to': 'na', 'connection_type': '3d_u_bump', 'loc': 'stack0_top'},{'from': 'Chiplet_4', 'to': 'Chiplet_2', 'connection_type': '2.5d_rdl', 'loc': '2.5d_chiplet'},{'from': 'Chiplet_4', 'to': 'Chiplet_5', 'connection_type': '2.5d_rdl', 'loc': '2.5d_chiplet'},{'from': 'Chiplet_4', 'to': 'Chiplet_3', 'connection_type': '2.5d_rdl', 'loc': '2.5d_chiplet'},{'from': 'Chiplet_3', 'to': 'Chiplet_2', 'connection_type': '2.5d_rdl', 'loc': '2.5d_chiplet'},{'from': 'Chiplet_3', 'to': 'Chiplet_4', 'connection_type': '2.5d_rdl', 'loc': '2.5d_chiplet'},{'from': 'Chiplet_5', 'to': 'Chiplet_2', 'connection_type': '2.5d_rdl', 'loc': '2.5d_chiplet'},{'from': 'Chiplet_5', 'to': 'Chiplet_6', 'connection_type': '2.5d_rdl', 'loc': '2.5d_chiplet'},{'from': 'Chiplet_5', 'to': 'Chiplet_4', 'connection_type': '2.5d_rdl', 'loc': '2.5d_chiplet'},{'from': 'Chiplet_2', 'to': 'Chiplet_3', 'connection_type': '2.5d_rdl', 'loc': '2.5d_chiplet'},{'from': 'Chiplet_2', 'to': 'Chiplet_4', 'connection_type': '2.5d_rdl', 'loc': '2.5d_chiplet'},{'from': 'Chiplet_2', 'to': 'Chiplet_5', 'connection_type': '2.5d_rdl', 'loc': '2.5d_chiplet'},{'from': 'Chiplet_2', 'to': 'Chiplet_6', 'connection_type': '2.5d_rdl', 'loc': '2.5d_chiplet'},{'from': 'Chiplet_6', 'to': 'Chiplet_2', 'connection_type': '2.5d_rdl', 'loc': '2.5d_chiplet'},{'from': 'Chiplet_6', 'to': 'Chiplet_5', 'connection_type': '2.5d_rdl', 'loc': '2.5d_chiplet'}",1,2,1,6,4,2,hbm3,ucie_std,ucie_3d,0,0,ws,0,0,0
467,25.344283808473048,2103220.77,54331.25015555223,513169805.6487435,10874.748277689454,13566.910139010206,467,1.8849981800824636,3.1172648505374996,2048,96x96,10,0.916436759447044,1.3845915837374998,1024,64x64,10,0.743226759447044,1.3845915837374998,512,64x64,10,6.975099908490179,6.821646341899999,4096,128x128,14,0.552198,1.11875,768,64x64,7,4.9976252555201786,6.821646341899999,1024,128x128,14,2.5d,"{'from': 'Chiplet_4', 'to': 'Chiplet_3', 'connection_type': '2.5d_rdl', 'loc': '2.5d_chiplet'},{'from': 'Chiplet_4', 'to': 'Chiplet_6', 'connection_type': '2.5d_rdl', 'loc': '2.5d_chiplet'},{'from': 'Chiplet_4', 'to': 'Chiplet_5', 'connection_type': '2.5d_rdl', 'loc': '2.5d_chiplet'},{'from': 'Chiplet_4', 'to': 'Chiplet_1', 'connection_type': '2.5d_rdl', 'loc': '2.5d_chiplet'},{'from': 'Chiplet_3', 'to': 'Chiplet_5', 'connection_type': '2.5d_rdl', 'loc': '2.5d_chiplet'},{'from': 'Chiplet_3', 'to': 'Chiplet_4', 'connection_type': '2.5d_rdl', 'loc': '2.5d_chiplet'},{'from': 'Chiplet_5', 'to': 'Chiplet_3', 'connection_type': '2.5d_rdl', 'loc': '2.5d_chiplet'},{'from': 'Chiplet_5', 'to': 'Chiplet_4', 'connection_type': '2.5d_rdl', 'loc': '2.5d_chiplet'},{'from': 'Chiplet_6', 'to': 'Chiplet_2', 'connection_type': '2.5d_rdl', 'loc': '2.5d_chiplet'},{'from': 'Chiplet_6', 'to': 'Chiplet_4', 'connection_type': '2.5d_rdl', 'loc': '2.5d_chiplet'},{'from': 'Chiplet_6', 'to': 'Chiplet_1', 'connection_type': '2.5d_rdl', 'loc': '2.5d_chiplet'},{'from': 'Chiplet_1', 'to': 'Chiplet_2', 'connection_type': '2.5d_rdl', 'loc': '2.5d_chiplet'},{'from': 'Chiplet_1', 'to': 'Chiplet_6', 'connection_type': '2.5d_rdl', 'loc': '2.5d_chiplet'},{'from': 'Chiplet_1', 'to': 'Chiplet_4', 'connection_type': '2.5d_rdl', 'loc': '2.5d_chiplet'},{'from': 'Chiplet_2', 'to': 'Chiplet_6', 'connection_type': '2.5d_rdl', 'loc': '2.5d_chiplet'},{'from': 'Chiplet_2', 'to': 'Chiplet_1', 'connection_type': '2.5d_rdl', 'loc': '2.5d_chiplet'}",1,1,1,2,1,2,ddr5,ucie_std,na,0,0,ws,0,0,0
468,57.195132327521655,6051570.85,204225.9824175756,209139982.4177582,8658.359788359789,11357.26763747874,468,15.436124909546791,15.979573171754398,8192,192x192,14,3.5867297574793953,3.8395579270749995,2048,96x96,14,1.86237254,4.475,2048,128x128,7,3.665749090547913,5.538366334949999,4096,128x128,10,0.916436759447044,1.3845915837374998,1024,64x64,10,12.799492673176792,15.979573171754398,4096,192x192,14,2.5d,"{'from': 'Chiplet_1', 'to': 'Chiplet_2', 'connection_type': '2.5d_emib', 'loc': '2.5d_chiplet'},{'from': 'Chiplet_1', 'to': 'Chiplet_4', 'connection_type': '2.5d_emib', 'loc': '2.5d_chiplet'},{'from': 'Chiplet_1', 'to': 'Chiplet_6', 'connection_type': '2.5d_emib', 'loc': '2.5d_chiplet'},{'from': 'Chiplet_2', 'to': 'Chiplet_4', 'connection_type': '2.5d_emib', 'loc': '2.5d_chiplet'},{'from': 'Chiplet_2', 'to': 'Chiplet_1', 'connection_type': '2.5d_emib', 'loc': '2.5d_chiplet'},{'from': 'Chiplet_6', 'to': 'Chiplet_3', 'connection_type': '2.5d_emib', 'loc': '2.5d_chiplet'},{'from': 'Chiplet_6', 'to': 'Chiplet_4', 'connection_type': '2.5d_emib', 'loc': '2.5d_chiplet'},{'from': 'Chiplet_6', 'to': 'Chiplet_1', 'connection_type': '2.5d_emib', 'loc': '2.5d_chiplet'},{'from': 'Chiplet_4', 'to': 'Chiplet_2', 'connection_type': '2.5d_emib', 'loc': '2.5d_chiplet'},{'from': 'Chiplet_4', 'to': 'Chiplet_5', 'connection_type': '2.5d_emib', 'loc': '2.5d_chiplet'},{'from': 'Chiplet_4', 'to': 'Chiplet_6', 'connection_type': '2.5d_emib', 'loc': '2.5d_chiplet'},{'from': 'Chiplet_4', 'to': 'Chiplet_3', 'connection_type': '2.5d_emib', 'loc': '2.5d_chiplet'},{'from': 'Chiplet_4', 'to': 'Chiplet_1', 'connection_type': '2.5d_emib', 'loc': '2.5d_chiplet'},{'from': 'Chiplet_3', 'to': 'Chiplet_6', 'connection_type': '2.5d_emib', 'loc': '2.5d_chiplet'},{'from': 'Chiplet_3', 'to': 'Chiplet_4', 'connection_type': '2.5d_emib', 'loc': '2.5d_chiplet'},{'from': 'Chiplet_3', 'to': 'Chiplet_5', 'connection_type': '2.5d_emib', 'loc': '2.5d_chiplet'},{'from': 'Chiplet_5', 'to': 'Chiplet_3', 'connection_type': '2.5d_emib', 'loc': '2.5d_chiplet'},{'from': 'Chiplet_5', 'to': 'Chiplet_4', 'connection_type': '2.5d_emib', 'loc': '2.5d_chiplet'}",6,1,1,2,1,5,hbm3,ucie_adv,na,0,0,ws,0,0,0
469,48.68153945589012,4758993.94,124626.499907543,600611869.5525986,8258.986928104576,19645.375702831894,469,1.4141952089375351,1.7054115854749998,512,64x64,14,11.481175603606792,15.979573171754398,2048,192x192,14,2.55521354,4.475,4096,128x128,7,0.784712696,2.51875,512,96x96,7,12.799492673176792,15.979573171754398,4096,192x192,14,11.481175603606792,15.979573171754398,2048,192x192,14,2.5d,"{'from': 'Chiplet_5', 'to': 'Chiplet_2', 'connection_type': '2.5d_rdl', 'loc': '2.5d_chiplet'},{'from': 'Chiplet_5', 'to': 'Chiplet_3', 'connection_type': '2.5d_rdl', 'loc': '2.5d_chiplet'},{'from': 'Chiplet_5', 'to': 'Chiplet_6', 'connection_type': '2.5d_rdl', 'loc': '2.5d_chiplet'},{'from': 'Chiplet_5', 'to': 'Chiplet_1', 'connection_type': '2.5d_rdl', 'loc': '2.5d_chiplet'},{'from': 'Chiplet_3', 'to': 'Chiplet_5', 'connection_type': '2.5d_rdl', 'loc': '2.5d_chiplet'},{'from': 'Chiplet_3', 'to': 'Chiplet_4', 'connection_type': '2.5d_rdl', 'loc': '2.5d_chiplet'},{'from': 'Chiplet_3', 'to': 'Chiplet_1', 'connection_type': '2.5d_rdl', 'loc': '2.5d_chiplet'},{'from': 'Chiplet_1', 'to': 'Chiplet_3', 'connection_type': '2.5d_rdl', 'loc': '2.5d_chiplet'},{'from': 'Chiplet_1', 'to': 'Chiplet_4', 'connection_type': '2.5d_rdl', 'loc': '2.5d_chiplet'},{'from': 'Chiplet_1', 'to': 'Chiplet_5', 'connection_type': '2.5d_rdl', 'loc': '2.5d_chiplet'},{'from': 'Chiplet_4', 'to': 'Chiplet_3', 'connection_type': '2.5d_rdl', 'loc': '2.5d_chiplet'},{'from': 'Chiplet_4', 'to': 'Chiplet_1', 'connection_type': '2.5d_rdl', 'loc': '2.5d_chiplet'},{'from': 'Chiplet_2', 'to': 'Chiplet_5', 'connection_type': '2.5d_rdl', 'loc': '2.5d_chiplet'},{'from': 'Chiplet_2', 'to': 'Chiplet_6', 'connection_type': '2.5d_rdl', 'loc': '2.5d_chiplet'},{'from': 'Chiplet_6', 'to': 'Chiplet_2', 'connection_type': '2.5d_rdl', 'loc': '2.5d_chiplet'},{'from': 'Chiplet_6', 'to': 'Chiplet_5', 'connection_type': '2.5d_rdl', 'loc': '2.5d_chiplet'}",1,2,1,1,2,1,ddr4,ucie_std,na,0,0,os,0,0,0
470,28.384461322155836,2927883.18,167655.5712380164,400186919.9413924,36632.15415863887,28182.122550770968,470,1.578984604787535,1.7054115854749998,768,64x64,14,1.8849981800824636,3.1172648505374996,2048,96x96,10,2.972908090547913,5.538366334949999,2048,128x128,10,8.112421457366196,12.973514847541198,8192,192x192,10,1.8849981800824636,3.1172648505374996,2048,96x96,10,1.51595254,4.475,1024,128x128,7,2.5d,"{'from': 'Chiplet_4', 'to': 'Chiplet_3', 'connection_type': '2.5d_emib', 'loc': '2.5d_chiplet'},{'from': 'Chiplet_4', 'to': 'Chiplet_6', 'connection_type': '2.5d_emib', 'loc': '2.5d_chiplet'},{'from': 'Chiplet_6', 'to': 'Chiplet_2', 'connection_type': '2.5d_emib', 'loc': '2.5d_chiplet'},{'from': 'Chiplet_6', 'to': 'Chiplet_3', 'connection_type': '2.5d_emib', 'loc': '2.5d_chiplet'},{'from': 'Chiplet_6', 'to': 'Chiplet_4', 'connection_type': '2.5d_emib', 'loc': '2.5d_chiplet'},{'from': 'Chiplet_3', 'to': 'Chiplet_4', 'connection_type': '2.5d_emib', 'loc': '2.5d_chiplet'},{'from': 'Chiplet_3', 'to': 'Chiplet_2', 'connection_type': '2.5d_emib', 'loc': '2.5d_chiplet'},{'from': 'Chiplet_3', 'to': 'Chiplet_5', 'connection_type': '2.5d_emib', 'loc': '2.5d_chiplet'},{'from': 'Chiplet_3', 'to': 'Chiplet_6', 'connection_type': '2.5d_emib', 'loc': '2.5d_chiplet'},{'from': 'Chiplet_3', 'to': 'Chiplet_1', 'connection_type': '2.5d_emib', 'loc': '2.5d_chiplet'},{'from': 'Chiplet_1', 'to': 'Chiplet_3', 'connection_type': '2.5d_emib', 'loc': '2.5d_chiplet'},{'from': 'Chiplet_1', 'to': 'Chiplet_5', 'connection_type': '2.5d_emib', 'loc': '2.5d_chiplet'},{'from': 'Chiplet_2', 'to': 'Chiplet_5', 'connection_type': '2.5d_emib', 'loc': '2.5d_chiplet'},{'from': 'Chiplet_2', 'to': 'Chiplet_6', 'connection_type': '2.5d_emib', 'loc': '2.5d_chiplet'},{'from': 'Chiplet_2', 'to': 'Chiplet_3', 'connection_type': '2.5d_emib', 'loc': '2.5d_chiplet'},{'from': 'Chiplet_5', 'to': 'Chiplet_2', 'connection_type': '2.5d_emib', 'loc': '2.5d_chiplet'},{'from': 'Chiplet_5', 'to': 'Chiplet_3', 'connection_type': '2.5d_emib', 'loc': '2.5d_chiplet'},{'from': 'Chiplet_5', 'to': 'Chiplet_1', 'connection_type': '2.5d_emib', 'loc': '2.5d_chiplet'}",1,1,1,3,1,1,ddr4,ucie_adv,na,1,0,is,1,0,0
471,11.393226215513161,1427925.02,138821.9695284615,131254998.56079276,10065.261437908497,5060.446472875717,471,0.46559300000000003,1.11875,512,64x64,7,1.249405813087535,1.7054115854749998,256,64x64,14,1.4141952089375351,1.7054115854749998,512,64x64,14,0.46559300000000003,1.11875,512,64x64,7,3.3193280905479132,5.538366334949999,3072,128x128,10,1.3653681800824635,3.1172648505374996,512,96x96,10,2.5d,"{'from': 'Chiplet_5', 'to': 'Chiplet_4', 'connection_type': '2.5d_emib', 'loc': '2.5d_chiplet'},{'from': 'Chiplet_5', 'to': 'Chiplet_3', 'connection_type': '2.5d_emib', 'loc': '2.5d_chiplet'},{'from': 'Chiplet_5', 'to': 'Chiplet_6', 'connection_type': '2.5d_emib', 'loc': '2.5d_chiplet'},{'from': 'Chiplet_5', 'to': 'Chiplet_1', 'connection_type': '2.5d_emib', 'loc': '2.5d_chiplet'},{'from': 'Chiplet_1', 'to': 'Chiplet_5', 'connection_type': '2.5d_emib', 'loc': '2.5d_chiplet'},{'from': 'Chiplet_1', 'to': 'Chiplet_4', 'connection_type': '2.5d_emib', 'loc': '2.5d_chiplet'},{'from': 'Chiplet_4', 'to': 'Chiplet_5', 'connection_type': '2.5d_emib', 'loc': '2.5d_chiplet'},{'from': 'Chiplet_4', 'to': 'Chiplet_1', 'connection_type': '2.5d_emib', 'loc': '2.5d_chiplet'},{'from': 'Chiplet_3', 'to': 'Chiplet_2', 'connection_type': '2.5d_emib', 'loc': '2.5d_chiplet'},{'from': 'Chiplet_3', 'to': 'Chiplet_5', 'connection_type': '2.5d_emib', 'loc': '2.5d_chiplet'},{'from': 'Chiplet_3', 'to': 'Chiplet_6', 'connection_type': '2.5d_emib', 'loc': '2.5d_chiplet'},{'from': 'Chiplet_6', 'to': 'Chiplet_2', 'connection_type': '2.5d_emib', 'loc': '2.5d_chiplet'},{'from': 'Chiplet_6', 'to': 'Chiplet_5', 'connection_type': '2.5d_emib', 'loc': '2.5d_chiplet'},{'from': 'Chiplet_6', 'to': 'Chiplet_3', 'connection_type': '2.5d_emib', 'loc': '2.5d_chiplet'},{'from': 'Chiplet_2', 'to': 'Chiplet_3', 'connection_type': '2.5d_emib', 'loc': '2.5d_chiplet'},{'from': 'Chiplet_2', 'to': 'Chiplet_6', 'connection_type': '2.5d_emib', 'loc': '2.5d_chiplet'}",1,2,3,1,6,3,hbm3,aib,na,0,0,os,0,0,0
472,15.72683215247796,2933153.37,121170.62863832105,181870615.8726612,19584.939138662914,11090.529697149836,472,0.552198,1.11875,768,64x64,7,0.552198,1.11875,768,64x64,7,5.5109919519999995,10.4826,8192,192x192,7,3.5867297574793953,3.8395579270749995,2048,96x96,14,0.638803,1.11875,1024,64x64,7,2.597993382379395,3.8395579270749995,512,96x96,14,2.5d_3d,"{'from': 'Chiplet_3', 'to': 'Chiplet_5', 'connection_type': '3d_hyb_bond', 'loc': 'stack0_base'},{'from': 'Chiplet_5', 'to': 'Chiplet_1', 'connection_type': '3d_hyb_bond', 'loc': 'stack0_middle1'},{'from': 'Chiplet_1', 'to': 'na', 'connection_type': '3d_hyb_bond', 'loc': 'stack0_top'},{'from': 'Chiplet_3', 'to': 'Chiplet_2', 'connection_type': '2.5d_emib', 'loc': '2.5d_chiplet'},{'from': 'Chiplet_3', 'to': 'Chiplet_6', 'connection_type': '2.5d_emib', 'loc': '2.5d_chiplet'},{'from': 'Chiplet_3', 'to': 'Chiplet_4', 'connection_type': '2.5d_emib', 'loc': '2.5d_chiplet'},{'from': 'Chiplet_2', 'to': 'Chiplet_3', 'connection_type': '2.5d_emib', 'loc': '2.5d_chiplet'},{'from': 'Chiplet_2', 'to': 'Chiplet_6', 'connection_type': '2.5d_emib', 'loc': '2.5d_chiplet'},{'from': 'Chiplet_4', 'to': 'Chiplet_3', 'connection_type': '2.5d_emib', 'loc': '2.5d_chiplet'},{'from': 'Chiplet_4', 'to': 'Chiplet_6', 'connection_type': '2.5d_emib', 'loc': '2.5d_chiplet'},{'from': 'Chiplet_6', 'to': 'Chiplet_2', 'connection_type': '2.5d_emib', 'loc': '2.5d_chiplet'},{'from': 'Chiplet_6', 'to': 'Chiplet_3', 'connection_type': '2.5d_emib', 'loc': '2.5d_chiplet'},{'from': 'Chiplet_6', 'to': 'Chiplet_4', 'connection_type': '2.5d_emib', 'loc': '2.5d_chiplet'}",1,1,6,4,1,3,hbm2,bow,ucie_3d,0,0,ws,1,0,0
473,36.19873225228272,4197161.92,181881.95072405032,236257557.10819542,10622.5,10920.810342816356,473,3.2571509657793953,3.8395579270749995,1536,96x96,14,2.55521354,4.475,4096,128x128,7,15.436124909546791,15.979573171754398,8192,192x192,14,2.927572174079395,3.8395579270749995,1024,96x96,14,1.4141952089375351,1.7054115854749998,512,64x64,14,3.2571509657793953,3.8395579270749995,1536,96x96,14,2.5d,"{'from': 'Chiplet_3', 'to': 'Chiplet_6', 'connection_type': '2.5d_emib', 'loc': '2.5d_chiplet'},{'from': 'Chiplet_3', 'to': 'Chiplet_1', 'connection_type': '2.5d_emib', 'loc': '2.5d_chiplet'},{'from': 'Chiplet_1', 'to': 'Chiplet_3', 'connection_type': '2.5d_emib', 'loc': '2.5d_chiplet'},{'from': 'Chiplet_1', 'to': 'Chiplet_4', 'connection_type': '2.5d_emib', 'loc': '2.5d_chiplet'},{'from': 'Chiplet_1', 'to': 'Chiplet_6', 'connection_type': '2.5d_emib', 'loc': '2.5d_chiplet'},{'from': 'Chiplet_4', 'to': 'Chiplet_2', 'connection_type': '2.5d_emib', 'loc': '2.5d_chiplet'},{'from': 'Chiplet_4', 'to': 'Chiplet_1', 'connection_type': '2.5d_emib', 'loc': '2.5d_chiplet'},{'from': 'Chiplet_6', 'to': 'Chiplet_2', 'connection_type': '2.5d_emib', 'loc': '2.5d_chiplet'},{'from': 'Chiplet_6', 'to': 'Chiplet_3', 'connection_type': '2.5d_emib', 'loc': '2.5d_chiplet'},{'from': 'Chiplet_6', 'to': 'Chiplet_5', 'connection_type': '2.5d_emib', 'loc': '2.5d_chiplet'},{'from': 'Chiplet_6', 'to': 'Chiplet_1', 'connection_type': '2.5d_emib', 'loc': '2.5d_chiplet'},{'from': 'Chiplet_2', 'to': 'Chiplet_4', 'connection_type': '2.5d_emib', 'loc': '2.5d_chiplet'},{'from': 'Chiplet_2', 'to': 'Chiplet_6', 'connection_type': '2.5d_emib', 'loc': '2.5d_chiplet'},{'from': 'Chiplet_2', 'to': 'Chiplet_5', 'connection_type': '2.5d_emib', 'loc': '2.5d_chiplet'},{'from': 'Chiplet_5', 'to': 'Chiplet_2', 'connection_type': '2.5d_emib', 'loc': '2.5d_chiplet'},{'from': 'Chiplet_5', 'to': 'Chiplet_6', 'connection_type': '2.5d_emib', 'loc': '2.5d_chiplet'}",2,1,8,2,1,2,hbm2,ucie_adv,na,0,0,os,0,0,0
474,15.247700188469723,2610829.94,115476.92978895511,161423954.23596668,18091.666666666668,11837.916588121025,474,0.957922696,2.51875,1024,96x96,7,6.033899457366197,12.973514847541198,2048,192x192,10,1.131132696,2.51875,1536,96x96,7,1.5385781800824634,3.1172648505374996,1024,96x96,10,3.2571509657793953,3.8395579270749995,1536,96x96,14,1.4141952089375351,1.7054115854749998,512,64x64,14,2.5d_3d,"{'from': 'Chiplet_4', 'to': 'Chiplet_3', 'connection_type': '3d_u_bump', 'loc': 'stack0_base'},{'from': 'Chiplet_3', 'to': 'Chiplet_1', 'connection_type': '3d_u_bump', 'loc': 'stack0_middle1'},{'from': 'Chiplet_1', 'to': 'na', 'connection_type': '3d_u_bump', 'loc': 'stack0_top'},{'from': 'Chiplet_2', 'to': 'Chiplet_5', 'connection_type': '2.5d_emib', 'loc': '2.5d_chiplet'},{'from': 'Chiplet_2', 'to': 'Chiplet_4', 'connection_type': '2.5d_emib', 'loc': '2.5d_chiplet'},{'from': 'Chiplet_5', 'to': 'Chiplet_2', 'connection_type': '2.5d_emib', 'loc': '2.5d_chiplet'},{'from': 'Chiplet_5', 'to': 'Chiplet_6', 'connection_type': '2.5d_emib', 'loc': '2.5d_chiplet'},{'from': 'Chiplet_5', 'to': 'Chiplet_4', 'connection_type': '2.5d_emib', 'loc': '2.5d_chiplet'},{'from': 'Chiplet_4', 'to': 'Chiplet_2', 'connection_type': '2.5d_emib', 'loc': '2.5d_chiplet'},{'from': 'Chiplet_4', 'to': 'Chiplet_5', 'connection_type': '2.5d_emib', 'loc': '2.5d_chiplet'},{'from': 'Chiplet_4', 'to': 'Chiplet_6', 'connection_type': '2.5d_emib', 'loc': '2.5d_chiplet'},{'from': 'Chiplet_6', 'to': 'Chiplet_5', 'connection_type': '2.5d_emib', 'loc': '2.5d_chiplet'},{'from': 'Chiplet_6', 'to': 'Chiplet_4', 'connection_type': '2.5d_emib', 'loc': '2.5d_chiplet'}",1,7,1,2,3,2,hbm2,ucie_adv,ucie_3d,1,0,is,0,0,0
475,14.0840777584756,1796701.4,45356.18213070992,143904160.7455328,10065.261437908497,5639.463435731538,475,1.304342696,2.51875,2048,96x96,7,1.4141952089375351,1.7054115854749998,512,64x64,14,0.784712696,2.51875,512,96x96,7,0.378988,1.11875,256,64x64,7,3.5867297574793953,3.8395579270749995,2048,96x96,14,2.20879254,4.475,3072,128x128,7,2.5d,"{'from': 'Chiplet_5', 'to': 'Chiplet_2', 'connection_type': '2.5d_rdl', 'loc': '2.5d_chiplet'},{'from': 'Chiplet_5', 'to': 'Chiplet_6', 'connection_type': '2.5d_rdl', 'loc': '2.5d_chiplet'},{'from': 'Chiplet_5', 'to': 'Chiplet_1', 'connection_type': '2.5d_rdl', 'loc': '2.5d_chiplet'},{'from': 'Chiplet_1', 'to': 'Chiplet_2', 'connection_type': '2.5d_rdl', 'loc': '2.5d_chiplet'},{'from': 'Chiplet_1', 'to': 'Chiplet_5', 'connection_type': '2.5d_rdl', 'loc': '2.5d_chiplet'},{'from': 'Chiplet_6', 'to': 'Chiplet_2', 'connection_type': '2.5d_rdl', 'loc': '2.5d_chiplet'},{'from': 'Chiplet_6', 'to': 'Chiplet_5', 'connection_type': '2.5d_rdl', 'loc': '2.5d_chiplet'},{'from': 'Chiplet_6', 'to': 'Chiplet_3', 'connection_type': '2.5d_rdl', 'loc': '2.5d_chiplet'},{'from': 'Chiplet_2', 'to': 'Chiplet_4', 'connection_type': '2.5d_rdl', 'loc': '2.5d_chiplet'},{'from': 'Chiplet_2', 'to': 'Chiplet_5', 'connection_type': '2.5d_rdl', 'loc': '2.5d_chiplet'},{'from': 'Chiplet_2', 'to': 'Chiplet_6', 'connection_type': '2.5d_rdl', 'loc': '2.5d_chiplet'},{'from': 'Chiplet_2', 'to': 'Chiplet_3', 'connection_type': '2.5d_rdl', 'loc': '2.5d_chiplet'},{'from': 'Chiplet_2', 'to': 'Chiplet_1', 'connection_type': '2.5d_rdl', 'loc': '2.5d_chiplet'},{'from': 'Chiplet_3', 'to': 'Chiplet_2', 'connection_type': '2.5d_rdl', 'loc': '2.5d_chiplet'},{'from': 'Chiplet_3', 'to': 'Chiplet_4', 'connection_type': '2.5d_rdl', 'loc': '2.5d_chiplet'},{'from': 'Chiplet_3', 'to': 'Chiplet_6', 'connection_type': '2.5d_rdl', 'loc': '2.5d_chiplet'},{'from': 'Chiplet_4', 'to': 'Chiplet_2', 'connection_type': '2.5d_rdl', 'loc': '2.5d_chiplet'},{'from': 'Chiplet_4', 'to': 'Chiplet_3', 'connection_type': '2.5d_rdl', 'loc': '2.5d_chiplet'}",2,2,1,1,6,4,hbm3,ucie_std,na,1,0,os,0,0,0
476,62.373847770926496,5682376.29,211937.5827413845,610235577.8433199,8334.278396043102,20190.302295549467,476,11.481175603606792,15.979573171754398,2048,192x192,14,15.436124909546791,15.979573171754398,8192,192x192,14,0.957922696,2.51875,1024,96x96,7,2.6264880905479133,5.538366334949999,1024,128x128,10,6.033899457366197,12.973514847541198,2048,192x192,10,3.665749090547913,5.538366334949999,4096,128x128,10,2.5d,"{'from': 'Chiplet_2', 'to': 'Chiplet_5', 'connection_type': '2.5d_emib', 'loc': '2.5d_chiplet'},{'from': 'Chiplet_2', 'to': 'Chiplet_6', 'connection_type': '2.5d_emib', 'loc': '2.5d_chiplet'},{'from': 'Chiplet_2', 'to': 'Chiplet_1', 'connection_type': '2.5d_emib', 'loc': '2.5d_chiplet'},{'from': 'Chiplet_2', 'to': 'Chiplet_3', 'connection_type': '2.5d_emib', 'loc': '2.5d_chiplet'},{'from': 'Chiplet_6', 'to': 'Chiplet_2', 'connection_type': '2.5d_emib', 'loc': '2.5d_chiplet'},{'from': 'Chiplet_6', 'to': 'Chiplet_3', 'connection_type': '2.5d_emib', 'loc': '2.5d_chiplet'},{'from': 'Chiplet_3', 'to': 'Chiplet_2', 'connection_type': '2.5d_emib', 'loc': '2.5d_chiplet'},{'from': 'Chiplet_3', 'to': 'Chiplet_6', 'connection_type': '2.5d_emib', 'loc': '2.5d_chiplet'},{'from': 'Chiplet_1', 'to': 'Chiplet_2', 'connection_type': '2.5d_emib', 'loc': '2.5d_chiplet'},{'from': 'Chiplet_1', 'to': 'Chiplet_5', 'connection_type': '2.5d_emib', 'loc': '2.5d_chiplet'},{'from': 'Chiplet_1', 'to': 'Chiplet_4', 'connection_type': '2.5d_emib', 'loc': '2.5d_chiplet'},{'from': 'Chiplet_5', 'to': 'Chiplet_2', 'connection_type': '2.5d_emib', 'loc': '2.5d_chiplet'},{'from': 'Chiplet_5', 'to': 'Chiplet_4', 'connection_type': '2.5d_emib', 'loc': '2.5d_chiplet'},{'from': 'Chiplet_5', 'to': 'Chiplet_1', 'connection_type': '2.5d_emib', 'loc': '2.5d_chiplet'},{'from': 'Chiplet_4', 'to': 'Chiplet_5', 'connection_type': '2.5d_emib', 'loc': '2.5d_chiplet'},{'from': 'Chiplet_4', 'to': 'Chiplet_1', 'connection_type': '2.5d_emib', 'loc': '2.5d_chiplet'}",2,2,1,1,1,1,ddr4,aib,na,0,0,ws,0,0,0
477,29.037090566536758,3826653.07,86423.85884726212,183306300.295118,10206.34188034188,9418.997064913163,477,4.818150952,10.4826,6144,192x192,7,0.638803,1.11875,1024,64x64,7,6.315940422320179,6.821646341899999,3072,128x128,14,1.304342696,2.51875,2048,96x96,7,5.656782838920179,6.821646341899999,2048,128x128,14,2.55521354,4.475,4096,128x128,7,2.5d,"{'from': 'Chiplet_3', 'to': 'Chiplet_5', 'connection_type': '2.5d_rdl', 'loc': '2.5d_chiplet'},{'from': 'Chiplet_3', 'to': 'Chiplet_6', 'connection_type': '2.5d_rdl', 'loc': '2.5d_chiplet'},{'from': 'Chiplet_3', 'to': 'Chiplet_4', 'connection_type': '2.5d_rdl', 'loc': '2.5d_chiplet'},{'from': 'Chiplet_6', 'to': 'Chiplet_2', 'connection_type': '2.5d_rdl', 'loc': '2.5d_chiplet'},{'from': 'Chiplet_6', 'to': 'Chiplet_3', 'connection_type': '2.5d_rdl', 'loc': '2.5d_chiplet'},{'from': 'Chiplet_6', 'to': 'Chiplet_4', 'connection_type': '2.5d_rdl', 'loc': '2.5d_chiplet'},{'from': 'Chiplet_4', 'to': 'Chiplet_2', 'connection_type': '2.5d_rdl', 'loc': '2.5d_chiplet'},{'from': 'Chiplet_4', 'to': 'Chiplet_3', 'connection_type': '2.5d_rdl', 'loc': '2.5d_chiplet'},{'from': 'Chiplet_4', 'to': 'Chiplet_6', 'connection_type': '2.5d_rdl', 'loc': '2.5d_chiplet'},{'from': 'Chiplet_4', 'to': 'Chiplet_1', 'connection_type': '2.5d_rdl', 'loc': '2.5d_chiplet'},{'from': 'Chiplet_2', 'to': 'Chiplet_4', 'connection_type': '2.5d_rdl', 'loc': '2.5d_chiplet'},{'from': 'Chiplet_2', 'to': 'Chiplet_6', 'connection_type': '2.5d_rdl', 'loc': '2.5d_chiplet'},{'from': 'Chiplet_5', 'to': 'Chiplet_3', 'connection_type': '2.5d_rdl', 'loc': '2.5d_chiplet'},{'from': 'Chiplet_5', 'to': 'Chiplet_1', 'connection_type': '2.5d_rdl', 'loc': '2.5d_chiplet'},{'from': 'Chiplet_1', 'to': 'Chiplet_5', 'connection_type': '2.5d_rdl', 'loc': '2.5d_chiplet'},{'from': 'Chiplet_1', 'to': 'Chiplet_4', 'connection_type': '2.5d_rdl', 'loc': '2.5d_chiplet'}",3,1,5,1,4,2,hbm3,ucie_std,na,0,0,is,0,0,0
478,43.09478485193823,4845287.53,188029.50209290942,171829660.36280972,25329.53907406609,22360.938328567514,478,1.5385781800824634,3.1172648505374996,1024,96x96,10,3.3193280905479132,5.538366334949999,3072,128x128,10,8.112421457366196,12.973514847541198,8192,192x192,10,12.799492673176792,15.979573171754398,4096,192x192,14,1.131132696,2.51875,1536,96x96,7,0.638803,1.11875,1024,64x64,7,2.5d,"{'from': 'Chiplet_4', 'to': 'Chiplet_2', 'connection_type': '2.5d_emib', 'loc': '2.5d_chiplet'},{'from': 'Chiplet_4', 'to': 'Chiplet_3', 'connection_type': '2.5d_emib', 'loc': '2.5d_chiplet'},{'from': 'Chiplet_4', 'to': 'Chiplet_5', 'connection_type': '2.5d_emib', 'loc': '2.5d_chiplet'},{'from': 'Chiplet_5', 'to': 'Chiplet_2', 'connection_type': '2.5d_emib', 'loc': '2.5d_chiplet'},{'from': 'Chiplet_5', 'to': 'Chiplet_4', 'connection_type': '2.5d_emib', 'loc': '2.5d_chiplet'},{'from': 'Chiplet_3', 'to': 'Chiplet_2', 'connection_type': '2.5d_emib', 'loc': '2.5d_chiplet'},{'from': 'Chiplet_3', 'to': 'Chiplet_4', 'connection_type': '2.5d_emib', 'loc': '2.5d_chiplet'},{'from': 'Chiplet_3', 'to': 'Chiplet_1', 'connection_type': '2.5d_emib', 'loc': '2.5d_chiplet'},{'from': 'Chiplet_2', 'to': 'Chiplet_4', 'connection_type': '2.5d_emib', 'loc': '2.5d_chiplet'},{'from': 'Chiplet_2', 'to': 'Chiplet_5', 'connection_type': '2.5d_emib', 'loc': '2.5d_chiplet'},{'from': 'Chiplet_2', 'to': 'Chiplet_6', 'connection_type': '2.5d_emib', 'loc': '2.5d_chiplet'},{'from': 'Chiplet_2', 'to': 'Chiplet_3', 'connection_type': '2.5d_emib', 'loc': '2.5d_chiplet'},{'from': 'Chiplet_2', 'to': 'Chiplet_1', 'connection_type': '2.5d_emib', 'loc': '2.5d_chiplet'},{'from': 'Chiplet_1', 'to': 'Chiplet_2', 'connection_type': '2.5d_emib', 'loc': '2.5d_chiplet'},{'from': 'Chiplet_1', 'to': 'Chiplet_3', 'connection_type': '2.5d_emib', 'loc': '2.5d_chiplet'},{'from': 'Chiplet_1', 'to': 'Chiplet_6', 'connection_type': '2.5d_emib', 'loc': '2.5d_chiplet'},{'from': 'Chiplet_6', 'to': 'Chiplet_2', 'connection_type': '2.5d_emib', 'loc': '2.5d_chiplet'},{'from': 'Chiplet_6', 'to': 'Chiplet_1', 'connection_type': '2.5d_emib', 'loc': '2.5d_chiplet'}",1,2,4,7,1,1,hbm3,ucie_adv,na,0,0,os,1,0,0
479,37.395450809265654,5551999.91,173574.42990144758,167873500.76910403,10756.392694063927,12379.143645829348,479,1.51595254,4.475,1024,128x128,7,15.436124909546791,15.979573171754398,8192,192x192,14,7.419580457366196,12.973514847541198,6144,192x192,10,0.743226759447044,1.3845915837374998,512,64x64,10,1.578984604787535,1.7054115854749998,768,64x64,14,3.432469952,10.4826,2048,192x192,7,2.5d_3d,"{'from': 'Chiplet_2', 'to': 'Chiplet_6', 'connection_type': '3d_u_bump', 'loc': 'stack0_base'},{'from': 'Chiplet_6', 'to': 'na', 'connection_type': '3d_u_bump', 'loc': 'stack0_top'},{'from': 'Chiplet_2', 'to': 'Chiplet_3', 'connection_type': '2.5d_emib', 'loc': '2.5d_chiplet'},{'from': 'Chiplet_2', 'to': 'Chiplet_5', 'connection_type': '2.5d_emib', 'loc': '2.5d_chiplet'},{'from': 'Chiplet_3', 'to': 'Chiplet_2', 'connection_type': '2.5d_emib', 'loc': '2.5d_chiplet'},{'from': 'Chiplet_3', 'to': 'Chiplet_5', 'connection_type': '2.5d_emib', 'loc': '2.5d_chiplet'},{'from': 'Chiplet_3', 'to': 'Chiplet_1', 'connection_type': '2.5d_emib', 'loc': '2.5d_chiplet'},{'from': 'Chiplet_5', 'to': 'Chiplet_2', 'connection_type': '2.5d_emib', 'loc': '2.5d_chiplet'},{'from': 'Chiplet_5', 'to': 'Chiplet_3', 'connection_type': '2.5d_emib', 'loc': '2.5d_chiplet'},{'from': 'Chiplet_5', 'to': 'Chiplet_4', 'connection_type': '2.5d_emib', 'loc': '2.5d_chiplet'},{'from': 'Chiplet_5', 'to': 'Chiplet_1', 'connection_type': '2.5d_emib', 'loc': '2.5d_chiplet'},{'from': 'Chiplet_1', 'to': 'Chiplet_5', 'connection_type': '2.5d_emib', 'loc': '2.5d_chiplet'},{'from': 'Chiplet_1', 'to': 'Chiplet_4', 'connection_type': '2.5d_emib', 'loc': '2.5d_chiplet'},{'from': 'Chiplet_1', 'to': 'Chiplet_3', 'connection_type': '2.5d_emib', 'loc': '2.5d_chiplet'},{'from': 'Chiplet_4', 'to': 'Chiplet_5', 'connection_type': '2.5d_emib', 'loc': '2.5d_chiplet'},{'from': 'Chiplet_4', 'to': 'Chiplet_1', 'connection_type': '2.5d_emib', 'loc': '2.5d_chiplet'}",1,8,3,1,1,2,hbm3,aib,ucie_3d,0,0,is,0,0,0
480,30.532146355703993,3359743.44,69370.80749918094,135719157.2115308,7020.291720291721,7097.173071872692,480,2.972908090547913,5.538366334949999,2048,128x128,10,0.378988,1.11875,256,64x64,7,1.4141952089375351,1.7054115854749998,512,64x64,14,3.2571509657793953,3.8395579270749995,1536,96x96,14,6.033899457366197,12.973514847541198,2048,192x192,10,3.432469952,10.4826,2048,192x192,7,2.5d,"{'from': 'Chiplet_5', 'to': 'Chiplet_6', 'connection_type': '2.5d_rdl', 'loc': '2.5d_chiplet'},{'from': 'Chiplet_5', 'to': 'Chiplet_1', 'connection_type': '2.5d_rdl', 'loc': '2.5d_chiplet'},{'from': 'Chiplet_1', 'to': 'Chiplet_4', 'connection_type': '2.5d_rdl', 'loc': '2.5d_chiplet'},{'from': 'Chiplet_1', 'to': 'Chiplet_6', 'connection_type': '2.5d_rdl', 'loc': '2.5d_chiplet'},{'from': 'Chiplet_1', 'to': 'Chiplet_5', 'connection_type': '2.5d_rdl', 'loc': '2.5d_chiplet'},{'from': 'Chiplet_6', 'to': 'Chiplet_2', 'connection_type': '2.5d_rdl', 'loc': '2.5d_chiplet'},{'from': 'Chiplet_6', 'to': 'Chiplet_5', 'connection_type': '2.5d_rdl', 'loc': '2.5d_chiplet'},{'from': 'Chiplet_6', 'to': 'Chiplet_4', 'connection_type': '2.5d_rdl', 'loc': '2.5d_chiplet'},{'from': 'Chiplet_6', 'to': 'Chiplet_1', 'connection_type': '2.5d_rdl', 'loc': '2.5d_chiplet'},{'from': 'Chiplet_2', 'to': 'Chiplet_3', 'connection_type': '2.5d_rdl', 'loc': '2.5d_chiplet'},{'from': 'Chiplet_2', 'to': 'Chiplet_6', 'connection_type': '2.5d_rdl', 'loc': '2.5d_chiplet'},{'from': 'Chiplet_4', 'to': 'Chiplet_3', 'connection_type': '2.5d_rdl', 'loc': '2.5d_chiplet'},{'from': 'Chiplet_4', 'to': 'Chiplet_6', 'connection_type': '2.5d_rdl', 'loc': '2.5d_chiplet'},{'from': 'Chiplet_4', 'to': 'Chiplet_1', 'connection_type': '2.5d_rdl', 'loc': '2.5d_chiplet'},{'from': 'Chiplet_3', 'to': 'Chiplet_2', 'connection_type': '2.5d_rdl', 'loc': '2.5d_chiplet'},{'from': 'Chiplet_3', 'to': 'Chiplet_4', 'connection_type': '2.5d_rdl', 'loc': '2.5d_chiplet'}",3,1,1,3,5,3,hbm3,ucie_std,na,1,0,ws,0,0,0
481,44.521449375608384,6117813.23,217203.9725647366,162682419.68985265,31431.57502439389,35867.20691153739,481,1.86237254,4.475,2048,128x128,7,5.5109919519999995,10.4826,8192,192x192,7,12.799492673176792,15.979573171754398,4096,192x192,14,4.1253109519999995,10.4826,4096,192x192,7,0.957922696,2.51875,1024,96x96,7,6.033899457366197,12.973514847541198,2048,192x192,10,2.5d,"{'from': 'Chiplet_3', 'to': 'Chiplet_2', 'connection_type': '2.5d_emib', 'loc': '2.5d_chiplet'},{'from': 'Chiplet_3', 'to': 'Chiplet_5', 'connection_type': '2.5d_emib', 'loc': '2.5d_chiplet'},{'from': 'Chiplet_3', 'to': 'Chiplet_6', 'connection_type': '2.5d_emib', 'loc': '2.5d_chiplet'},{'from': 'Chiplet_3', 'to': 'Chiplet_1', 'connection_type': '2.5d_emib', 'loc': '2.5d_chiplet'},{'from': 'Chiplet_1', 'to': 'Chiplet_5', 'connection_type': '2.5d_emib', 'loc': '2.5d_chiplet'},{'from': 'Chiplet_1', 'to': 'Chiplet_3', 'connection_type': '2.5d_emib', 'loc': '2.5d_chiplet'},{'from': 'Chiplet_5', 'to': 'Chiplet_3', 'connection_type': '2.5d_emib', 'loc': '2.5d_chiplet'},{'from': 'Chiplet_5', 'to': 'Chiplet_1', 'connection_type': '2.5d_emib', 'loc': '2.5d_chiplet'},{'from': 'Chiplet_6', 'to': 'Chiplet_2', 'connection_type': '2.5d_emib', 'loc': '2.5d_chiplet'},{'from': 'Chiplet_6', 'to': 'Chiplet_3', 'connection_type': '2.5d_emib', 'loc': '2.5d_chiplet'},{'from': 'Chiplet_6', 'to': 'Chiplet_4', 'connection_type': '2.5d_emib', 'loc': '2.5d_chiplet'},{'from': 'Chiplet_2', 'to': 'Chiplet_3', 'connection_type': '2.5d_emib', 'loc': '2.5d_chiplet'},{'from': 'Chiplet_2', 'to': 'Chiplet_4', 'connection_type': '2.5d_emib', 'loc': '2.5d_chiplet'},{'from': 'Chiplet_2', 'to': 'Chiplet_6', 'connection_type': '2.5d_emib', 'loc': '2.5d_chiplet'},{'from': 'Chiplet_4', 'to': 'Chiplet_2', 'connection_type': '2.5d_emib', 'loc': '2.5d_chiplet'},{'from': 'Chiplet_4', 'to': 'Chiplet_6', 'connection_type': '2.5d_emib', 'loc': '2.5d_chiplet'}",1,3,6,2,1,3,hbm2,bow,na,1,0,ws,1,0,0
482,17.73012232490316,2727816.17,123591.55531605086,603505269.9082685,11838.56862745098,17554.829376066235,482,0.916436759447044,1.3845915837374998,1024,64x64,10,7.419580457366196,12.973514847541198,6144,192x192,10,1.4141952089375351,1.7054115854749998,512,64x64,14,2.972908090547913,5.538366334949999,2048,128x128,10,1.131132696,2.51875,1536,96x96,7,3.3193280905479132,5.538366334949999,3072,128x128,10,2.5d_3d,"{'from': 'Chiplet_3', 'to': 'Chiplet_5', 'connection_type': '3d_u_bump', 'loc': 'stack0_base'},{'from': 'Chiplet_5', 'to': 'Chiplet_1', 'connection_type': '3d_u_bump', 'loc': 'stack0_middle1'},{'from': 'Chiplet_1', 'to': 'na', 'connection_type': '3d_u_bump', 'loc': 'stack0_top'},{'from': 'Chiplet_2', 'to': 'Chiplet_4', 'connection_type': '2.5d_emib', 'loc': '2.5d_chiplet'},{'from': 'Chiplet_2', 'to': 'Chiplet_6', 'connection_type': '2.5d_emib', 'loc': '2.5d_chiplet'},{'from': 'Chiplet_6', 'to': 'Chiplet_2', 'connection_type': '2.5d_emib', 'loc': '2.5d_chiplet'},{'from': 'Chiplet_6', 'to': 'Chiplet_3', 'connection_type': '2.5d_emib', 'loc': '2.5d_chiplet'},{'from': 'Chiplet_6', 'to': 'Chiplet_4', 'connection_type': '2.5d_emib', 'loc': '2.5d_chiplet'},{'from': 'Chiplet_4', 'to': 'Chiplet_2', 'connection_type': '2.5d_emib', 'loc': '2.5d_chiplet'},{'from': 'Chiplet_4', 'to': 'Chiplet_3', 'connection_type': '2.5d_emib', 'loc': '2.5d_chiplet'},{'from': 'Chiplet_4', 'to': 'Chiplet_6', 'connection_type': '2.5d_emib', 'loc': '2.5d_chiplet'},{'from': 'Chiplet_3', 'to': 'Chiplet_6', 'connection_type': '2.5d_emib', 'loc': '2.5d_chiplet'},{'from': 'Chiplet_3', 'to': 'Chiplet_4', 'connection_type': '2.5d_emib', 'loc': '2.5d_chiplet'}",1,3,1,1,1,1,ddr4,ucie_adv,ucie_3d,1,0,os,0,0,0
483,29.53658733776328,3682960.2,117955.2582025672,442202703.22221005,13657.049714751427,18698.752149452484,483,6.726740457366197,12.973514847541198,4096,192x192,10,2.20879254,4.475,3072,128x128,7,1.578984604787535,1.7054115854749998,768,64x64,14,2.927572174079395,3.8395579270749995,1024,96x96,14,11.481175603606792,15.979573171754398,2048,192x192,14,1.3653681800824635,3.1172648505374996,512,96x96,10,2.5d_3d,"{'from': 'Chiplet_4', 'to': 'Chiplet_2', 'connection_type': '3d_tsv', 'loc': 'stack0_base'},{'from': 'Chiplet_2', 'to': 'Chiplet_3', 'connection_type': '3d_tsv', 'loc': 'stack0_middle1'},{'from': 'Chiplet_3', 'to': 'Chiplet_6', 'connection_type': '3d_tsv', 'loc': 'stack0_middle2'},{'from': 'Chiplet_6', 'to': 'na', 'connection_type': '3d_tsv', 'loc': 'stack0_top'},{'from': 'Chiplet_5', 'to': 'Chiplet_4', 'connection_type': '2.5d_emib', 'loc': '2.5d_chiplet'},{'from': 'Chiplet_5', 'to': 'Chiplet_1', 'connection_type': '2.5d_emib', 'loc': '2.5d_chiplet'},{'from': 'Chiplet_1', 'to': 'Chiplet_5', 'connection_type': '2.5d_emib', 'loc': '2.5d_chiplet'},{'from': 'Chiplet_1', 'to': 'Chiplet_4', 'connection_type': '2.5d_emib', 'loc': '2.5d_chiplet'},{'from': 'Chiplet_4', 'to': 'Chiplet_5', 'connection_type': '2.5d_emib', 'loc': '2.5d_chiplet'},{'from': 'Chiplet_4', 'to': 'Chiplet_1', 'connection_type': '2.5d_emib', 'loc': '2.5d_chiplet'}",1,1,1,1,3,1,ddr5,aib,ucie_3d,0,0,ws,0,0,0
484,36.584188291576154,4311540.97,147993.85941785524,648566675.9137006,19177.581699346403,27624.396885843606,484,1.3653681800824635,3.1172648505374996,512,96x96,10,6.975099908490179,6.821646341899999,4096,128x128,14,14.117807839976791,15.979573171754398,6144,192x192,14,1.7117881800824635,3.1172648505374996,1536,96x96,10,0.784712696,2.51875,512,96x96,7,6.726740457366197,12.973514847541198,4096,192x192,10,2.5d_3d,"{'from': 'Chiplet_3', 'to': 'Chiplet_4', 'connection_type': '3d_tsv', 'loc': 'stack0_base'},{'from': 'Chiplet_4', 'to': 'Chiplet_1', 'connection_type': '3d_tsv', 'loc': 'stack0_middle1'},{'from': 'Chiplet_1', 'to': 'na', 'connection_type': '3d_tsv', 'loc': 'stack0_top'},{'from': 'Chiplet_3', 'to': 'Chiplet_2', 'connection_type': '2.5d_emib', 'loc': '2.5d_chiplet'},{'from': 'Chiplet_3', 'to': 'Chiplet_6', 'connection_type': '2.5d_emib', 'loc': '2.5d_chiplet'},{'from': 'Chiplet_2', 'to': 'Chiplet_3', 'connection_type': '2.5d_emib', 'loc': '2.5d_chiplet'},{'from': 'Chiplet_2', 'to': 'Chiplet_6', 'connection_type': '2.5d_emib', 'loc': '2.5d_chiplet'},{'from': 'Chiplet_2', 'to': 'Chiplet_5', 'connection_type': '2.5d_emib', 'loc': '2.5d_chiplet'},{'from': 'Chiplet_6', 'to': 'Chiplet_2', 'connection_type': '2.5d_emib', 'loc': '2.5d_chiplet'},{'from': 'Chiplet_6', 'to': 'Chiplet_3', 'connection_type': '2.5d_emib', 'loc': '2.5d_chiplet'},{'from': 'Chiplet_6', 'to': 'Chiplet_5', 'connection_type': '2.5d_emib', 'loc': '2.5d_chiplet'},{'from': 'Chiplet_5', 'to': 'Chiplet_2', 'connection_type': '2.5d_emib', 'loc': '2.5d_chiplet'},{'from': 'Chiplet_5', 'to': 'Chiplet_6', 'connection_type': '2.5d_emib', 'loc': '2.5d_chiplet'}",1,1,3,1,1,1,ddr4,ucie_adv,ucie_3d,1,0,is,0,0,0
485,36.37162593685587,4122377.35,142188.1067562353,450093422.38664246,25386.169137851415,25965.81269070464,485,6.726740457366197,12.973514847541198,4096,192x192,10,1.4141952089375351,1.7054115854749998,512,64x64,14,1.743774000637535,1.7054115854749998,1024,64x64,14,15.436124909546791,15.979573171754398,8192,192x192,14,1.743774000637535,1.7054115854749998,1024,64x64,14,3.2571509657793953,3.8395579270749995,1536,96x96,14,2.5d_3d,"{'from': 'Chiplet_6', 'to': 'Chiplet_5', 'connection_type': '3d_u_bump', 'loc': 'stack0_base'},{'from': 'Chiplet_5', 'to': 'Chiplet_3', 'connection_type': '3d_u_bump', 'loc': 'stack0_middle1'},{'from': 'Chiplet_3', 'to': 'na', 'connection_type': '3d_u_bump', 'loc': 'stack0_top'},{'from': 'Chiplet_4', 'to': 'Chiplet_6', 'connection_type': '2.5d_emib', 'loc': '2.5d_chiplet'},{'from': 'Chiplet_4', 'to': 'Chiplet_1', 'connection_type': '2.5d_emib', 'loc': '2.5d_chiplet'},{'from': 'Chiplet_1', 'to': 'Chiplet_2', 'connection_type': '2.5d_emib', 'loc': '2.5d_chiplet'},{'from': 'Chiplet_1', 'to': 'Chiplet_6', 'connection_type': '2.5d_emib', 'loc': '2.5d_chiplet'},{'from': 'Chiplet_1', 'to': 'Chiplet_4', 'connection_type': '2.5d_emib', 'loc': '2.5d_chiplet'},{'from': 'Chiplet_6', 'to': 'Chiplet_2', 'connection_type': '2.5d_emib', 'loc': '2.5d_chiplet'},{'from': 'Chiplet_6', 'to': 'Chiplet_4', 'connection_type': '2.5d_emib', 'loc': '2.5d_chiplet'},{'from': 'Chiplet_6', 'to': 'Chiplet_1', 'connection_type': '2.5d_emib', 'loc': '2.5d_chiplet'},{'from': 'Chiplet_2', 'to': 'Chiplet_6', 'connection_type': '2.5d_emib', 'loc': '2.5d_chiplet'},{'from': 'Chiplet_2', 'to': 'Chiplet_1', 'connection_type': '2.5d_emib', 'loc': '2.5d_chiplet'}",1,1,1,3,1,1,ddr4,aib,ucie_3d,1,0,ws,1,0,0
486,52.956182985699854,4695803.22,196561.4107427831,647392840.0036254,11557.581699346405,21618.347981607396,486,3.2571509657793953,3.8395579270749995,1536,96x96,14,12.799492673176792,15.979573171754398,4096,192x192,14,1.743774000637535,1.7054115854749998,1024,64x64,14,0.916436759447044,1.3845915837374998,1024,64x64,10,6.975099908490179,6.821646341899999,4096,128x128,14,12.799492673176792,15.979573171754398,4096,192x192,14,2.5d,"{'from': 'Chiplet_2', 'to': 'Chiplet_5', 'connection_type': '2.5d_emib', 'loc': '2.5d_chiplet'},{'from': 'Chiplet_2', 'to': 'Chiplet_6', 'connection_type': '2.5d_emib', 'loc': '2.5d_chiplet'},{'from': 'Chiplet_5', 'to': 'Chiplet_2', 'connection_type': '2.5d_emib', 'loc': '2.5d_chiplet'},{'from': 'Chiplet_5', 'to': 'Chiplet_1', 'connection_type': '2.5d_emib', 'loc': '2.5d_chiplet'},{'from': 'Chiplet_6', 'to': 'Chiplet_2', 'connection_type': '2.5d_emib', 'loc': '2.5d_chiplet'},{'from': 'Chiplet_6', 'to': 'Chiplet_3', 'connection_type': '2.5d_emib', 'loc': '2.5d_chiplet'},{'from': 'Chiplet_6', 'to': 'Chiplet_1', 'connection_type': '2.5d_emib', 'loc': '2.5d_chiplet'},{'from': 'Chiplet_1', 'to': 'Chiplet_5', 'connection_type': '2.5d_emib', 'loc': '2.5d_chiplet'},{'from': 'Chiplet_1', 'to': 'Chiplet_4', 'connection_type': '2.5d_emib', 'loc': '2.5d_chiplet'},{'from': 'Chiplet_1', 'to': 'Chiplet_3', 'connection_type': '2.5d_emib', 'loc': '2.5d_chiplet'},{'from': 'Chiplet_1', 'to': 'Chiplet_6', 'connection_type': '2.5d_emib', 'loc': '2.5d_chiplet'},{'from': 'Chiplet_3', 'to': 'Chiplet_4', 'connection_type': '2.5d_emib', 'loc': '2.5d_chiplet'},{'from': 'Chiplet_3', 'to': 'Chiplet_6', 'connection_type': '2.5d_emib', 'loc': '2.5d_chiplet'},{'from': 'Chiplet_3', 'to': 'Chiplet_1', 'connection_type': '2.5d_emib', 'loc': '2.5d_chiplet'},{'from': 'Chiplet_4', 'to': 'Chiplet_3', 'connection_type': '2.5d_emib', 'loc': '2.5d_chiplet'},{'from': 'Chiplet_4', 'to': 'Chiplet_1', 'connection_type': '2.5d_emib', 'loc': '2.5d_chiplet'}",1,2,1,1,1,2,ddr4,aib,na,1,0,ws,0,0,0
487,29.126269282767026,2209730.56,53037.548770167494,450819407.10904956,201648.4335888495,91956.99595177351,487,3.2571509657793953,3.8395579270749995,1536,96x96,14,0.46559300000000003,1.11875,512,64x64,7,1.3653681800824635,3.1172648505374996,512,96x96,10,3.5867297574793953,3.8395579270749995,2048,96x96,14,3.2571509657793953,3.8395579270749995,1536,96x96,14,4.9976252555201786,6.821646341899999,1024,128x128,14,2.5d,"{'from': 'Chiplet_6', 'to': 'Chiplet_5', 'connection_type': '2.5d_rdl', 'loc': '2.5d_chiplet'},{'from': 'Chiplet_6', 'to': 'Chiplet_4', 'connection_type': '2.5d_rdl', 'loc': '2.5d_chiplet'},{'from': 'Chiplet_5', 'to': 'Chiplet_6', 'connection_type': '2.5d_rdl', 'loc': '2.5d_chiplet'},{'from': 'Chiplet_5', 'to': 'Chiplet_4', 'connection_type': '2.5d_rdl', 'loc': '2.5d_chiplet'},{'from': 'Chiplet_5', 'to': 'Chiplet_1', 'connection_type': '2.5d_rdl', 'loc': '2.5d_chiplet'},{'from': 'Chiplet_4', 'to': 'Chiplet_2', 'connection_type': '2.5d_rdl', 'loc': '2.5d_chiplet'},{'from': 'Chiplet_4', 'to': 'Chiplet_5', 'connection_type': '2.5d_rdl', 'loc': '2.5d_chiplet'},{'from': 'Chiplet_4', 'to': 'Chiplet_6', 'connection_type': '2.5d_rdl', 'loc': '2.5d_chiplet'},{'from': 'Chiplet_4', 'to': 'Chiplet_1', 'connection_type': '2.5d_rdl', 'loc': '2.5d_chiplet'},{'from': 'Chiplet_2', 'to': 'Chiplet_3', 'connection_type': '2.5d_rdl', 'loc': '2.5d_chiplet'},{'from': 'Chiplet_2', 'to': 'Chiplet_4', 'connection_type': '2.5d_rdl', 'loc': '2.5d_chiplet'},{'from': 'Chiplet_1', 'to': 'Chiplet_5', 'connection_type': '2.5d_rdl', 'loc': '2.5d_chiplet'},{'from': 'Chiplet_1', 'to': 'Chiplet_4', 'connection_type': '2.5d_rdl', 'loc': '2.5d_chiplet'},{'from': 'Chiplet_1', 'to': 'Chiplet_3', 'connection_type': '2.5d_rdl', 'loc': '2.5d_chiplet'},{'from': 'Chiplet_3', 'to': 'Chiplet_2', 'connection_type': '2.5d_rdl', 'loc': '2.5d_chiplet'},{'from': 'Chiplet_3', 'to': 'Chiplet_1', 'connection_type': '2.5d_rdl', 'loc': '2.5d_chiplet'}",1,1,1,2,1,2,ddr4,ucie_std,na,1,0,os,1,0,0
488,34.39848308587012,3281864.02,82237.81020584275,319780787.2376913,42182.29393949558,32999.000292155724,488,1.743774000637535,1.7054115854749998,1024,64x64,14,6.975099908490179,6.821646341899999,4096,128x128,14,6.033899457366197,12.973514847541198,2048,192x192,10,6.975099908490179,6.821646341899999,4096,128x128,14,3.3193280905479132,5.538366334949999,3072,128x128,10,0.638803,1.11875,1024,64x64,7,2.5d,"{'from': 'Chiplet_2', 'to': 'Chiplet_3', 'connection_type': '2.5d_rdl', 'loc': '2.5d_chiplet'},{'from': 'Chiplet_2', 'to': 'Chiplet_4', 'connection_type': '2.5d_rdl', 'loc': '2.5d_chiplet'},{'from': 'Chiplet_3', 'to': 'Chiplet_2', 'connection_type': '2.5d_rdl', 'loc': '2.5d_chiplet'},{'from': 'Chiplet_3', 'to': 'Chiplet_5', 'connection_type': '2.5d_rdl', 'loc': '2.5d_chiplet'},{'from': 'Chiplet_4', 'to': 'Chiplet_2', 'connection_type': '2.5d_rdl', 'loc': '2.5d_chiplet'},{'from': 'Chiplet_4', 'to': 'Chiplet_5', 'connection_type': '2.5d_rdl', 'loc': '2.5d_chiplet'},{'from': 'Chiplet_4', 'to': 'Chiplet_1', 'connection_type': '2.5d_rdl', 'loc': '2.5d_chiplet'},{'from': 'Chiplet_5', 'to': 'Chiplet_4', 'connection_type': '2.5d_rdl', 'loc': '2.5d_chiplet'},{'from': 'Chiplet_5', 'to': 'Chiplet_3', 'connection_type': '2.5d_rdl', 'loc': '2.5d_chiplet'},{'from': 'Chiplet_5', 'to': 'Chiplet_6', 'connection_type': '2.5d_rdl', 'loc': '2.5d_chiplet'},{'from': 'Chiplet_5', 'to': 'Chiplet_1', 'connection_type': '2.5d_rdl', 'loc': '2.5d_chiplet'},{'from': 'Chiplet_1', 'to': 'Chiplet_5', 'connection_type': '2.5d_rdl', 'loc': '2.5d_chiplet'},{'from': 'Chiplet_1', 'to': 'Chiplet_4', 'connection_type': '2.5d_rdl', 'loc': '2.5d_chiplet'},{'from': 'Chiplet_1', 'to': 'Chiplet_6', 'connection_type': '2.5d_rdl', 'loc': '2.5d_chiplet'},{'from': 'Chiplet_6', 'to': 'Chiplet_5', 'connection_type': '2.5d_rdl', 'loc': '2.5d_chiplet'},{'from': 'Chiplet_6', 'to': 'Chiplet_1', 'connection_type': '2.5d_rdl', 'loc': '2.5d_chiplet'}",1,2,1,2,1,1,ddr5,ucie_std,na,1,0,ws,1,0,0
489,9.285665863929108,2280202.99,66122.70743156718,407378300.22216445,20701.910177661943,17995.89539159006,489,2.6264880905479133,5.538366334949999,1024,128x128,10,0.743226759447044,1.3845915837374998,512,64x64,10,3.5867297574793953,3.8395579270749995,2048,96x96,14,1.131132696,2.51875,1536,96x96,7,3.5867297574793953,3.8395579270749995,2048,96x96,14,4.818150952,10.4826,6144,192x192,7,2.5d_3d,"{'from': 'Chiplet_6', 'to': 'Chiplet_3', 'connection_type': '3d_tsv', 'loc': 'stack0_base'},{'from': 'Chiplet_3', 'to': 'Chiplet_1', 'connection_type': '3d_tsv', 'loc': 'stack0_middle1'},{'from': 'Chiplet_1', 'to': 'Chiplet_4', 'connection_type': '3d_tsv', 'loc': 'stack0_middle2'},{'from': 'Chiplet_4', 'to': 'Chiplet_2', 'connection_type': '3d_tsv', 'loc': 'stack0_middle3'},{'from': 'Chiplet_2', 'to': 'na', 'connection_type': '3d_tsv', 'loc': 'stack0_top'},{'from': 'Chiplet_6', 'to': 'Chiplet_5', 'connection_type': '2.5d_rdl', 'loc': '2.5d_chiplet'},{'from': 'Chiplet_5', 'to': 'Chiplet_6', 'connection_type': '2.5d_rdl', 'loc': '2.5d_chiplet'}",1,1,2,1,1,2,ddr4,ucie_std,ucie_3d,0,0,ws,1,0,0
490,28.21145562979964,3591947.27,125202.66513263577,139530894.7517135,36017.039651785635,22873.64744581553,490,1.131132696,2.51875,1536,96x96,7,3.2571509657793953,3.8395579270749995,1536,96x96,14,14.117807839976791,15.979573171754398,6144,192x192,14,1.3653681800824635,3.1172648505374996,512,96x96,10,2.597993382379395,3.8395579270749995,512,96x96,14,0.743226759447044,1.3845915837374998,512,64x64,10,2.5d_3d,"{'from': 'Chiplet_2', 'to': 'Chiplet_5', 'connection_type': '3d_tsv', 'loc': 'stack0_base'},{'from': 'Chiplet_5', 'to': 'Chiplet_1', 'connection_type': '3d_tsv', 'loc': 'stack0_middle1'},{'from': 'Chiplet_1', 'to': 'na', 'connection_type': '3d_tsv', 'loc': 'stack0_top'},{'from': 'Chiplet_3', 'to': 'Chiplet_2', 'connection_type': '2.5d_emib', 'loc': '2.5d_chiplet'},{'from': 'Chiplet_3', 'to': 'Chiplet_4', 'connection_type': '2.5d_emib', 'loc': '2.5d_chiplet'},{'from': 'Chiplet_2', 'to': 'Chiplet_3', 'connection_type': '2.5d_emib', 'loc': '2.5d_chiplet'},{'from': 'Chiplet_2', 'to': 'Chiplet_4', 'connection_type': '2.5d_emib', 'loc': '2.5d_chiplet'},{'from': 'Chiplet_2', 'to': 'Chiplet_6', 'connection_type': '2.5d_emib', 'loc': '2.5d_chiplet'},{'from': 'Chiplet_4', 'to': 'Chiplet_2', 'connection_type': '2.5d_emib', 'loc': '2.5d_chiplet'},{'from': 'Chiplet_4', 'to': 'Chiplet_3', 'connection_type': '2.5d_emib', 'loc': '2.5d_chiplet'},{'from': 'Chiplet_4', 'to': 'Chiplet_6', 'connection_type': '2.5d_emib', 'loc': '2.5d_chiplet'},{'from': 'Chiplet_6', 'to': 'Chiplet_2', 'connection_type': '2.5d_emib', 'loc': '2.5d_chiplet'},{'from': 'Chiplet_6', 'to': 'Chiplet_4', 'connection_type': '2.5d_emib', 'loc': '2.5d_chiplet'}",1,2,9,1,2,1,hbm3,aib,ucie_3d,1,0,ws,1,0,0
491,25.036343079439188,3186365.12,82149.36428874821,306484881.2629218,56882.106904821034,41173.20411807613,491,2.20879254,4.475,3072,128x128,7,11.481175603606792,15.979573171754398,2048,192x192,14,2.927572174079395,3.8395579270749995,1024,96x96,14,3.2571509657793953,3.8395579270749995,1536,96x96,14,2.55521354,4.475,4096,128x128,7,0.916436759447044,1.3845915837374998,1024,64x64,10,2.5d_3d,"{'from': 'Chiplet_1', 'to': 'Chiplet_6', 'connection_type': '3d_tsv', 'loc': 'stack0_base'},{'from': 'Chiplet_6', 'to': 'na', 'connection_type': '3d_tsv', 'loc': 'stack0_top'},{'from': 'Chiplet_2', 'to': 'Chiplet_3', 'connection_type': '2.5d_rdl', 'loc': '2.5d_chiplet'},{'from': 'Chiplet_2', 'to': 'Chiplet_4', 'connection_type': '2.5d_rdl', 'loc': '2.5d_chiplet'},{'from': 'Chiplet_4', 'to': 'Chiplet_2', 'connection_type': '2.5d_rdl', 'loc': '2.5d_chiplet'},{'from': 'Chiplet_4', 'to': 'Chiplet_3', 'connection_type': '2.5d_rdl', 'loc': '2.5d_chiplet'},{'from': 'Chiplet_4', 'to': 'Chiplet_1', 'connection_type': '2.5d_rdl', 'loc': '2.5d_chiplet'},{'from': 'Chiplet_1', 'to': 'Chiplet_5', 'connection_type': '2.5d_rdl', 'loc': '2.5d_chiplet'},{'from': 'Chiplet_1', 'to': 'Chiplet_4', 'connection_type': '2.5d_rdl', 'loc': '2.5d_chiplet'},{'from': 'Chiplet_3', 'to': 'Chiplet_2', 'connection_type': '2.5d_rdl', 'loc': '2.5d_chiplet'},{'from': 'Chiplet_3', 'to': 'Chiplet_5', 'connection_type': '2.5d_rdl', 'loc': '2.5d_chiplet'},{'from': 'Chiplet_3', 'to': 'Chiplet_4', 'connection_type': '2.5d_rdl', 'loc': '2.5d_chiplet'},{'from': 'Chiplet_5', 'to': 'Chiplet_3', 'connection_type': '2.5d_rdl', 'loc': '2.5d_chiplet'},{'from': 'Chiplet_5', 'to': 'Chiplet_1', 'connection_type': '2.5d_rdl', 'loc': '2.5d_chiplet'}",1,3,1,1,1,1,ddr5,ucie_std,ucie_3d,0,0,ws,1,0,0
492,12.283206944597993,1326948.97,141402.3581469772,714612066.9585085,10864.83660130719,16503.8481760547,492,1.743774000637535,1.7054115854749998,1024,64x64,14,0.784712696,2.51875,512,96x96,7,1.3653681800824635,3.1172648505374996,512,96x96,10,2.597993382379395,3.8395579270749995,512,96x96,14,0.957922696,2.51875,1024,96x96,7,1.7117881800824635,3.1172648505374996,1536,96x96,10,2.5d,"{'from': 'Chiplet_4', 'to': 'Chiplet_2', 'connection_type': '2.5d_emib', 'loc': '2.5d_chiplet'},{'from': 'Chiplet_4', 'to': 'Chiplet_3', 'connection_type': '2.5d_emib', 'loc': '2.5d_chiplet'},{'from': 'Chiplet_4', 'to': 'Chiplet_6', 'connection_type': '2.5d_emib', 'loc': '2.5d_chiplet'},{'from': 'Chiplet_4', 'to': 'Chiplet_1', 'connection_type': '2.5d_emib', 'loc': '2.5d_chiplet'},{'from': 'Chiplet_3', 'to': 'Chiplet_2', 'connection_type': '2.5d_emib', 'loc': '2.5d_chiplet'},{'from': 'Chiplet_3', 'to': 'Chiplet_4', 'connection_type': '2.5d_emib', 'loc': '2.5d_chiplet'},{'from': 'Chiplet_2', 'to': 'Chiplet_3', 'connection_type': '2.5d_emib', 'loc': '2.5d_chiplet'},{'from': 'Chiplet_2', 'to': 'Chiplet_4', 'connection_type': '2.5d_emib', 'loc': '2.5d_chiplet'},{'from': 'Chiplet_1', 'to': 'Chiplet_6', 'connection_type': '2.5d_emib', 'loc': '2.5d_chiplet'},{'from': 'Chiplet_1', 'to': 'Chiplet_4', 'connection_type': '2.5d_emib', 'loc': '2.5d_chiplet'},{'from': 'Chiplet_1', 'to': 'Chiplet_5', 'connection_type': '2.5d_emib', 'loc': '2.5d_chiplet'},{'from': 'Chiplet_6', 'to': 'Chiplet_5', 'connection_type': '2.5d_emib', 'loc': '2.5d_chiplet'},{'from': 'Chiplet_6', 'to': 'Chiplet_4', 'connection_type': '2.5d_emib', 'loc': '2.5d_chiplet'},{'from': 'Chiplet_6', 'to': 'Chiplet_1', 'connection_type': '2.5d_emib', 'loc': '2.5d_chiplet'},{'from': 'Chiplet_5', 'to': 'Chiplet_6', 'connection_type': '2.5d_emib', 'loc': '2.5d_chiplet'},{'from': 'Chiplet_5', 'to': 'Chiplet_1', 'connection_type': '2.5d_emib', 'loc': '2.5d_chiplet'}",2,1,1,2,1,1,ddr5,aib,na,1,0,os,0,0,0
493,32.666061698955815,3612619.22,171134.5614274328,156894227.53105864,40696.612860137175,25238.95266933876,493,3.5867297574793953,3.8395579270749995,2048,96x96,14,1.249405813087535,1.7054115854749998,256,64x64,14,2.972908090547913,5.538366334949999,2048,128x128,10,1.4141952089375351,1.7054115854749998,512,64x64,14,0.378988,1.11875,256,64x64,7,15.436124909546791,15.979573171754398,8192,192x192,14,2.5d,"{'from': 'Chiplet_6', 'to': 'Chiplet_3', 'connection_type': '2.5d_emib', 'loc': '2.5d_chiplet'},{'from': 'Chiplet_6', 'to': 'Chiplet_1', 'connection_type': '2.5d_emib', 'loc': '2.5d_chiplet'},{'from': 'Chiplet_1', 'to': 'Chiplet_2', 'connection_type': '2.5d_emib', 'loc': '2.5d_chiplet'},{'from': 'Chiplet_1', 'to': 'Chiplet_3', 'connection_type': '2.5d_emib', 'loc': '2.5d_chiplet'},{'from': 'Chiplet_1', 'to': 'Chiplet_6', 'connection_type': '2.5d_emib', 'loc': '2.5d_chiplet'},{'from': 'Chiplet_1', 'to': 'Chiplet_4', 'connection_type': '2.5d_emib', 'loc': '2.5d_chiplet'},{'from': 'Chiplet_2', 'to': 'Chiplet_4', 'connection_type': '2.5d_emib', 'loc': '2.5d_chiplet'},{'from': 'Chiplet_2', 'to': 'Chiplet_1', 'connection_type': '2.5d_emib', 'loc': '2.5d_chiplet'},{'from': 'Chiplet_3', 'to': 'Chiplet_4', 'connection_type': '2.5d_emib', 'loc': '2.5d_chiplet'},{'from': 'Chiplet_3', 'to': 'Chiplet_6', 'connection_type': '2.5d_emib', 'loc': '2.5d_chiplet'},{'from': 'Chiplet_3', 'to': 'Chiplet_5', 'connection_type': '2.5d_emib', 'loc': '2.5d_chiplet'},{'from': 'Chiplet_3', 'to': 'Chiplet_1', 'connection_type': '2.5d_emib', 'loc': '2.5d_chiplet'},{'from': 'Chiplet_4', 'to': 'Chiplet_2', 'connection_type': '2.5d_emib', 'loc': '2.5d_chiplet'},{'from': 'Chiplet_4', 'to': 'Chiplet_3', 'connection_type': '2.5d_emib', 'loc': '2.5d_chiplet'},{'from': 'Chiplet_4', 'to': 'Chiplet_5', 'connection_type': '2.5d_emib', 'loc': '2.5d_chiplet'},{'from': 'Chiplet_4', 'to': 'Chiplet_1', 'connection_type': '2.5d_emib', 'loc': '2.5d_chiplet'},{'from': 'Chiplet_5', 'to': 'Chiplet_3', 'connection_type': '2.5d_emib', 'loc': '2.5d_chiplet'},{'from': 'Chiplet_5', 'to': 'Chiplet_4', 'connection_type': '2.5d_emib', 'loc': '2.5d_chiplet'}",2,1,2,1,1,9,hbm3,bow,na,1,0,ws,1,0,0
494,27.701079821092772,3965634.36,153093.14986406776,180949282.69196606,9466.903456023261,8875.087056496737,494,1.5385781800824634,3.1172648505374996,1024,96x96,10,0.916436759447044,1.3845915837374998,1024,64x64,10,15.436124909546791,15.979573171754398,8192,192x192,14,0.743226759447044,1.3845915837374998,512,64x64,10,2.6264880905479133,5.538366334949999,1024,128x128,10,2.55521354,4.475,4096,128x128,7,2.5d_3d,"{'from': 'Chiplet_2', 'to': 'Chiplet_4', 'connection_type': '3d_tsv', 'loc': 'stack0_base'},{'from': 'Chiplet_4', 'to': 'na', 'connection_type': '3d_tsv', 'loc': 'stack0_top'},{'from': 'Chiplet_3', 'to': 'Chiplet_5', 'connection_type': '2.5d_emib', 'loc': '2.5d_chiplet'},{'from': 'Chiplet_3', 'to': 'Chiplet_6', 'connection_type': '2.5d_emib', 'loc': '2.5d_chiplet'},{'from': 'Chiplet_5', 'to': 'Chiplet_2', 'connection_type': '2.5d_emib', 'loc': '2.5d_chiplet'},{'from': 'Chiplet_5', 'to': 'Chiplet_3', 'connection_type': '2.5d_emib', 'loc': '2.5d_chiplet'},{'from': 'Chiplet_5', 'to': 'Chiplet_6', 'connection_type': '2.5d_emib', 'loc': '2.5d_chiplet'},{'from': 'Chiplet_2', 'to': 'Chiplet_5', 'connection_type': '2.5d_emib', 'loc': '2.5d_chiplet'},{'from': 'Chiplet_2', 'to': 'Chiplet_1', 'connection_type': '2.5d_emib', 'loc': '2.5d_chiplet'},{'from': 'Chiplet_6', 'to': 'Chiplet_3', 'connection_type': '2.5d_emib', 'loc': '2.5d_chiplet'},{'from': 'Chiplet_6', 'to': 'Chiplet_5', 'connection_type': '2.5d_emib', 'loc': '2.5d_chiplet'},{'from': 'Chiplet_6', 'to': 'Chiplet_1', 'connection_type': '2.5d_emib', 'loc': '2.5d_chiplet'},{'from': 'Chiplet_1', 'to': 'Chiplet_2', 'connection_type': '2.5d_emib', 'loc': '2.5d_chiplet'},{'from': 'Chiplet_1', 'to': 'Chiplet_6', 'connection_type': '2.5d_emib', 'loc': '2.5d_chiplet'}",1,1,10,1,2,1,hbm3,ucie_adv,ucie_3d,1,0,os,0,0,0
495,29.098578001868496,2926842.74,62310.1671974797,204403079.8872524,15254.444444444443,10740.313106481757,495,6.975099908490179,6.821646341899999,4096,128x128,14,2.972908090547913,5.538366334949999,2048,128x128,10,1.131132696,2.51875,1536,96x96,7,2.597993382379395,3.8395579270749995,512,96x96,14,1.86237254,4.475,2048,128x128,7,1.4141952089375351,1.7054115854749998,512,64x64,14,2.5d,"{'from': 'Chiplet_1', 'to': 'Chiplet_2', 'connection_type': '2.5d_rdl', 'loc': '2.5d_chiplet'},{'from': 'Chiplet_1', 'to': 'Chiplet_6', 'connection_type': '2.5d_rdl', 'loc': '2.5d_chiplet'},{'from': 'Chiplet_6', 'to': 'Chiplet_2', 'connection_type': '2.5d_rdl', 'loc': '2.5d_chiplet'},{'from': 'Chiplet_6', 'to': 'Chiplet_4', 'connection_type': '2.5d_rdl', 'loc': '2.5d_chiplet'},{'from': 'Chiplet_6', 'to': 'Chiplet_1', 'connection_type': '2.5d_rdl', 'loc': '2.5d_chiplet'},{'from': 'Chiplet_2', 'to': 'Chiplet_4', 'connection_type': '2.5d_rdl', 'loc': '2.5d_chiplet'},{'from': 'Chiplet_2', 'to': 'Chiplet_3', 'connection_type': '2.5d_rdl', 'loc': '2.5d_chiplet'},{'from': 'Chiplet_2', 'to': 'Chiplet_6', 'connection_type': '2.5d_rdl', 'loc': '2.5d_chiplet'},{'from': 'Chiplet_2', 'to': 'Chiplet_1', 'connection_type': '2.5d_rdl', 'loc': '2.5d_chiplet'},{'from': 'Chiplet_3', 'to': 'Chiplet_2', 'connection_type': '2.5d_rdl', 'loc': '2.5d_chiplet'},{'from': 'Chiplet_3', 'to': 'Chiplet_5', 'connection_type': '2.5d_rdl', 'loc': '2.5d_chiplet'},{'from': 'Chiplet_4', 'to': 'Chiplet_2', 'connection_type': '2.5d_rdl', 'loc': '2.5d_chiplet'},{'from': 'Chiplet_4', 'to': 'Chiplet_5', 'connection_type': '2.5d_rdl', 'loc': '2.5d_chiplet'},{'from': 'Chiplet_4', 'to': 'Chiplet_6', 'connection_type': '2.5d_rdl', 'loc': '2.5d_chiplet'},{'from': 'Chiplet_5', 'to': 'Chiplet_3', 'connection_type': '2.5d_rdl', 'loc': '2.5d_chiplet'},{'from': 'Chiplet_5', 'to': 'Chiplet_4', 'connection_type': '2.5d_rdl', 'loc': '2.5d_chiplet'}",7,3,1,2,2,1,hbm2,ucie_std,na,1,0,is,0,0,0
496,25.954282965302088,3618784.49,74068.45547929774,196310340.01213944,59250.88704245592,32897.52764243982,496,1.743774000637535,1.7054115854749998,1024,64x64,14,1.51595254,4.475,1024,128x128,7,6.975099908490179,6.821646341899999,4096,128x128,14,5.5109919519999995,10.4826,8192,192x192,7,1.743774000637535,1.7054115854749998,1024,64x64,14,1.4141952089375351,1.7054115854749998,512,64x64,14,2.5d_3d,"{'from': 'Chiplet_5', 'to': 'Chiplet_1', 'connection_type': '3d_tsv', 'loc': 'stack0_base'},{'from': 'Chiplet_1', 'to': 'na', 'connection_type': '3d_tsv', 'loc': 'stack0_top'},{'from': 'Chiplet_3', 'to': 'Chiplet_2', 'connection_type': '2.5d_rdl', 'loc': '2.5d_chiplet'},{'from': 'Chiplet_3', 'to': 'Chiplet_5', 'connection_type': '2.5d_rdl', 'loc': '2.5d_chiplet'},{'from': 'Chiplet_3', 'to': 'Chiplet_4', 'connection_type': '2.5d_rdl', 'loc': '2.5d_chiplet'},{'from': 'Chiplet_2', 'to': 'Chiplet_5', 'connection_type': '2.5d_rdl', 'loc': '2.5d_chiplet'},{'from': 'Chiplet_2', 'to': 'Chiplet_3', 'connection_type': '2.5d_rdl', 'loc': '2.5d_chiplet'},{'from': 'Chiplet_4', 'to': 'Chiplet_3', 'connection_type': '2.5d_rdl', 'loc': '2.5d_chiplet'},{'from': 'Chiplet_4', 'to': 'Chiplet_6', 'connection_type': '2.5d_rdl', 'loc': '2.5d_chiplet'},{'from': 'Chiplet_4', 'to': 'Chiplet_5', 'connection_type': '2.5d_rdl', 'loc': '2.5d_chiplet'},{'from': 'Chiplet_5', 'to': 'Chiplet_2', 'connection_type': '2.5d_rdl', 'loc': '2.5d_chiplet'},{'from': 'Chiplet_5', 'to': 'Chiplet_3', 'connection_type': '2.5d_rdl', 'loc': '2.5d_chiplet'},{'from': 'Chiplet_5', 'to': 'Chiplet_6', 'connection_type': '2.5d_rdl', 'loc': '2.5d_chiplet'},{'from': 'Chiplet_5', 'to': 'Chiplet_4', 'connection_type': '2.5d_rdl', 'loc': '2.5d_chiplet'},{'from': 'Chiplet_6', 'to': 'Chiplet_5', 'connection_type': '2.5d_rdl', 'loc': '2.5d_chiplet'},{'from': 'Chiplet_6', 'to': 'Chiplet_4', 'connection_type': '2.5d_rdl', 'loc': '2.5d_chiplet'}",2,1,6,5,1,1,hbm2,ucie_std,ucie_3d,0,0,is,1,0,0
497,33.19036242531098,4125932.27,180083.446724067,212003190.39765853,6327.222222222223,8237.034458038379,497,8.112421457366196,12.973514847541198,8192,192x192,10,0.829831759447044,1.3845915837374998,768,64x64,10,4.1253109519999995,10.4826,4096,192x192,7,1.304342696,2.51875,2048,96x96,7,1.3653681800824635,3.1172648505374996,512,96x96,10,4.9976252555201786,6.821646341899999,1024,128x128,14,2.5d,"{'from': 'Chiplet_1', 'to': 'Chiplet_2', 'connection_type': '2.5d_emib', 'loc': '2.5d_chiplet'},{'from': 'Chiplet_1', 'to': 'Chiplet_3', 'connection_type': '2.5d_emib', 'loc': '2.5d_chiplet'},{'from': 'Chiplet_1', 'to': 'Chiplet_6', 'connection_type': '2.5d_emib', 'loc': '2.5d_chiplet'},{'from': 'Chiplet_1', 'to': 'Chiplet_5', 'connection_type': '2.5d_emib', 'loc': '2.5d_chiplet'},{'from': 'Chiplet_5', 'to': 'Chiplet_2', 'connection_type': '2.5d_emib', 'loc': '2.5d_chiplet'},{'from': 'Chiplet_5', 'to': 'Chiplet_1', 'connection_type': '2.5d_emib', 'loc': '2.5d_chiplet'},{'from': 'Chiplet_2', 'to': 'Chiplet_5', 'connection_type': '2.5d_emib', 'loc': '2.5d_chiplet'},{'from': 'Chiplet_2', 'to': 'Chiplet_1', 'connection_type': '2.5d_emib', 'loc': '2.5d_chiplet'},{'from': 'Chiplet_6', 'to': 'Chiplet_3', 'connection_type': '2.5d_emib', 'loc': '2.5d_chiplet'},{'from': 'Chiplet_6', 'to': 'Chiplet_4', 'connection_type': '2.5d_emib', 'loc': '2.5d_chiplet'},{'from': 'Chiplet_6', 'to': 'Chiplet_1', 'connection_type': '2.5d_emib', 'loc': '2.5d_chiplet'},{'from': 'Chiplet_3', 'to': 'Chiplet_6', 'connection_type': '2.5d_emib', 'loc': '2.5d_chiplet'},{'from': 'Chiplet_3', 'to': 'Chiplet_4', 'connection_type': '2.5d_emib', 'loc': '2.5d_chiplet'},{'from': 'Chiplet_3', 'to': 'Chiplet_1', 'connection_type': '2.5d_emib', 'loc': '2.5d_chiplet'},{'from': 'Chiplet_4', 'to': 'Chiplet_3', 'connection_type': '2.5d_emib', 'loc': '2.5d_chiplet'},{'from': 'Chiplet_4', 'to': 'Chiplet_6', 'connection_type': '2.5d_emib', 'loc': '2.5d_chiplet'}",6,1,3,1,1,4,hbm2,ucie_adv,na,1,0,os,0,0,0
498,32.2768689374453,3593314.57,183145.18766408184,387918422.6357675,54149.71391640696,52776.28273129887,498,3.432469952,10.4826,2048,192x192,7,6.033899457366197,12.973514847541198,2048,192x192,10,6.726740457366197,12.973514847541198,4096,192x192,10,2.597993382379395,3.8395579270749995,512,96x96,14,1.51595254,4.475,1024,128x128,7,0.638803,1.11875,1024,64x64,7,2.5d,"{'from': 'Chiplet_3', 'to': 'Chiplet_2', 'connection_type': '2.5d_emib', 'loc': '2.5d_chiplet'},{'from': 'Chiplet_3', 'to': 'Chiplet_5', 'connection_type': '2.5d_emib', 'loc': '2.5d_chiplet'},{'from': 'Chiplet_3', 'to': 'Chiplet_4', 'connection_type': '2.5d_emib', 'loc': '2.5d_chiplet'},{'from': 'Chiplet_4', 'to': 'Chiplet_5', 'connection_type': '2.5d_emib', 'loc': '2.5d_chiplet'},{'from': 'Chiplet_4', 'to': 'Chiplet_3', 'connection_type': '2.5d_emib', 'loc': '2.5d_chiplet'},{'from': 'Chiplet_5', 'to': 'Chiplet_3', 'connection_type': '2.5d_emib', 'loc': '2.5d_chiplet'},{'from': 'Chiplet_5', 'to': 'Chiplet_4', 'connection_type': '2.5d_emib', 'loc': '2.5d_chiplet'},{'from': 'Chiplet_2', 'to': 'Chiplet_3', 'connection_type': '2.5d_emib', 'loc': '2.5d_chiplet'},{'from': 'Chiplet_2', 'to': 'Chiplet_6', 'connection_type': '2.5d_emib', 'loc': '2.5d_chiplet'},{'from': 'Chiplet_2', 'to': 'Chiplet_1', 'connection_type': '2.5d_emib', 'loc': '2.5d_chiplet'},{'from': 'Chiplet_1', 'to': 'Chiplet_2', 'connection_type': '2.5d_emib', 'loc': '2.5d_chiplet'},{'from': 'Chiplet_1', 'to': 'Chiplet_6', 'connection_type': '2.5d_emib', 'loc': '2.5d_chiplet'},{'from': 'Chiplet_6', 'to': 'Chiplet_2', 'connection_type': '2.5d_emib', 'loc': '2.5d_chiplet'},{'from': 'Chiplet_6', 'to': 'Chiplet_1', 'connection_type': '2.5d_emib', 'loc': '2.5d_chiplet'}",1,2,2,1,1,1,ddr4,ucie_adv,na,1,0,ws,1,0,0
499,74.42999061579394,7053551.03,236724.19570547054,654990767.9913949,10598.986928104576,24947.94859067942,499,14.117807839976791,15.979573171754398,6144,192x192,14,7.419580457366196,12.973514847541198,6144,192x192,10,1.51595254,4.475,1024,128x128,7,8.112421457366196,12.973514847541198,8192,192x192,10,15.436124909546791,15.979573171754398,8192,192x192,14,3.5867297574793953,3.8395579270749995,2048,96x96,14,2.5d,"{'from': 'Chiplet_5', 'to': 'Chiplet_2', 'connection_type': '2.5d_emib', 'loc': '2.5d_chiplet'},{'from': 'Chiplet_5', 'to': 'Chiplet_3', 'connection_type': '2.5d_emib', 'loc': '2.5d_chiplet'},{'from': 'Chiplet_5', 'to': 'Chiplet_4', 'connection_type': '2.5d_emib', 'loc': '2.5d_chiplet'},{'from': 'Chiplet_5', 'to': 'Chiplet_1', 'connection_type': '2.5d_emib', 'loc': '2.5d_chiplet'},{'from': 'Chiplet_2', 'to': 'Chiplet_3', 'connection_type': '2.5d_emib', 'loc': '2.5d_chiplet'},{'from': 'Chiplet_2', 'to': 'Chiplet_5', 'connection_type': '2.5d_emib', 'loc': '2.5d_chiplet'},{'from': 'Chiplet_3', 'to': 'Chiplet_2', 'connection_type': '2.5d_emib', 'loc': '2.5d_chiplet'},{'from': 'Chiplet_3', 'to': 'Chiplet_5', 'connection_type': '2.5d_emib', 'loc': '2.5d_chiplet'},{'from': 'Chiplet_1', 'to': 'Chiplet_5', 'connection_type': '2.5d_emib', 'loc': '2.5d_chiplet'},{'from': 'Chiplet_1', 'to': 'Chiplet_4', 'connection_type': '2.5d_emib', 'loc': '2.5d_chiplet'},{'from': 'Chiplet_1', 'to': 'Chiplet_6', 'connection_type': '2.5d_emib', 'loc': '2.5d_chiplet'},{'from': 'Chiplet_4', 'to': 'Chiplet_5', 'connection_type': '2.5d_emib', 'loc': '2.5d_chiplet'},{'from': 'Chiplet_4', 'to': 'Chiplet_6', 'connection_type': '2.5d_emib', 'loc': '2.5d_chiplet'},{'from': 'Chiplet_4', 'to': 'Chiplet_1', 'connection_type': '2.5d_emib', 'loc': '2.5d_chiplet'},{'from': 'Chiplet_6', 'to': 'Chiplet_4', 'connection_type': '2.5d_emib', 'loc': '2.5d_chiplet'},{'from': 'Chiplet_6', 'to': 'Chiplet_1', 'connection_type': '2.5d_emib', 'loc': '2.5d_chiplet'}",2,1,1,1,2,1,ddr4,aib,na,0,0,is,0,0,0
