iteration_id,cost_metrics_area,cost_metrics_dollar_cost,cost_metrics_embCarbon,cost_metrics_energy,cost_metrics_latency,cost_metrics_opeCarbon,iteration_id,Chiplet_1_area,Chiplet_1_power,Chiplet_1_sram_buf,Chiplet_1_sys_array_size,Chiplet_1_tech_node,Chiplet_2_area,Chiplet_2_power,Chiplet_2_sram_buf,Chiplet_2_sys_array_size,Chiplet_2_tech_node,Chiplet_3_area,Chiplet_3_power,Chiplet_3_sram_buf,Chiplet_3_sys_array_size,Chiplet_3_tech_node,Chiplet_4_area,Chiplet_4_power,Chiplet_4_sram_buf,Chiplet_4_sys_array_size,Chiplet_4_tech_node,Chiplet_5_area,Chiplet_5_power,Chiplet_5_sram_buf,Chiplet_5_sys_array_size,Chiplet_5_tech_node,Chiplet_6_area,Chiplet_6_power,Chiplet_6_sram_buf,Chiplet_6_sys_array_size,Chiplet_6_tech_node,pkg_HI_pkg_type,pkg_inter_pkg_conn,pkg_mem_pkg_conn_Chiplet_1,pkg_mem_pkg_conn_Chiplet_2,pkg_mem_pkg_conn_Chiplet_3,pkg_mem_pkg_conn_Chiplet_4,pkg_mem_pkg_conn_Chiplet_5,pkg_mem_pkg_conn_Chiplet_6,pkg_mem_pkg_conn_mem_type,pkg_protocol_2.5d,pkg_protocol_3d,WL_mapping_mapping_assign_workload_in_ascending_order,WL_mapping_mapping_chiplet_data_sharing_enabled,WL_mapping_mapping_dataflow,WL_mapping_mapping_if_splitting_k,WL_mapping_mapping_merge_tiles,WL_mapping_mapping_static_tiling
0,73.83142525785334,7520263.26,248597.01415452952,1769007790.339715,17488.431372549017,57103.08444890549,0,2.6264880905479133,5.538366334949999,1024,128x128,10,15.436124909546791,15.979573171754398,8192,192x192,14,7.419580457366196,12.973514847541198,6144,192x192,10,7.419580457366196,12.973514847541198,6144,192x192,10,14.117807839976791,15.979573171754398,6144,192x192,14,7.419580457366196,12.973514847541198,6144,192x192,10,2.5d,"{'from': 'Chiplet_2', 'to': 'Chiplet_3', 'connection_type': '2.5d_emib', 'loc': '2.5d_chiplet'},{'from': 'Chiplet_2', 'to': 'Chiplet_1', 'connection_type': '2.5d_emib', 'loc': '2.5d_chiplet'},{'from': 'Chiplet_2', 'to': 'Chiplet_4', 'connection_type': '2.5d_emib', 'loc': '2.5d_chiplet'},{'from': 'Chiplet_2', 'to': 'Chiplet_5', 'connection_type': '2.5d_emib', 'loc': '2.5d_chiplet'},{'from': 'Chiplet_4', 'to': 'Chiplet_2', 'connection_type': '2.5d_emib', 'loc': '2.5d_chiplet'},{'from': 'Chiplet_4', 'to': 'Chiplet_1', 'connection_type': '2.5d_emib', 'loc': '2.5d_chiplet'},{'from': 'Chiplet_1', 'to': 'Chiplet_2', 'connection_type': '2.5d_emib', 'loc': '2.5d_chiplet'},{'from': 'Chiplet_1', 'to': 'Chiplet_4', 'connection_type': '2.5d_emib', 'loc': '2.5d_chiplet'},{'from': 'Chiplet_5', 'to': 'Chiplet_2', 'connection_type': '2.5d_emib', 'loc': '2.5d_chiplet'},{'from': 'Chiplet_5', 'to': 'Chiplet_6', 'connection_type': '2.5d_emib', 'loc': '2.5d_chiplet'},{'from': 'Chiplet_5', 'to': 'Chiplet_3', 'connection_type': '2.5d_emib', 'loc': '2.5d_chiplet'},{'from': 'Chiplet_3', 'to': 'Chiplet_2', 'connection_type': '2.5d_emib', 'loc': '2.5d_chiplet'},{'from': 'Chiplet_3', 'to': 'Chiplet_6', 'connection_type': '2.5d_emib', 'loc': '2.5d_chiplet'},{'from': 'Chiplet_3', 'to': 'Chiplet_5', 'connection_type': '2.5d_emib', 'loc': '2.5d_chiplet'},{'from': 'Chiplet_6', 'to': 'Chiplet_3', 'connection_type': '2.5d_emib', 'loc': '2.5d_chiplet'},{'from': 'Chiplet_6', 'to': 'Chiplet_5', 'connection_type': '2.5d_emib', 'loc': '2.5d_chiplet'}",1,2,1,1,2,1,ddr4,bow,na,1,0,ws,0,0,0
1,38.27905411351405,4020021.12,187815.41797622485,1237941379.0781298,10286.438066731225,30469.60758565748,1,1.743774000637535,1.7054115854749998,1024,64x64,14,4.818150952,10.4826,6144,192x192,7,2.972908090547913,5.538366334949999,2048,128x128,10,7.419580457366196,12.973514847541198,6144,192x192,10,1.51595254,4.475,1024,128x128,7,3.665749090547913,5.538366334949999,4096,128x128,10,2.5d,"{'from': 'Chiplet_4', 'to': 'Chiplet_2', 'connection_type': '2.5d_emib', 'loc': '2.5d_chiplet'},{'from': 'Chiplet_4', 'to': 'Chiplet_3', 'connection_type': '2.5d_emib', 'loc': '2.5d_chiplet'},{'from': 'Chiplet_3', 'to': 'Chiplet_2', 'connection_type': '2.5d_emib', 'loc': '2.5d_chiplet'},{'from': 'Chiplet_3', 'to': 'Chiplet_4', 'connection_type': '2.5d_emib', 'loc': '2.5d_chiplet'},{'from': 'Chiplet_3', 'to': 'Chiplet_6', 'connection_type': '2.5d_emib', 'loc': '2.5d_chiplet'},{'from': 'Chiplet_2', 'to': 'Chiplet_1', 'connection_type': '2.5d_emib', 'loc': '2.5d_chiplet'},{'from': 'Chiplet_2', 'to': 'Chiplet_4', 'connection_type': '2.5d_emib', 'loc': '2.5d_chiplet'},{'from': 'Chiplet_2', 'to': 'Chiplet_5', 'connection_type': '2.5d_emib', 'loc': '2.5d_chiplet'},{'from': 'Chiplet_2', 'to': 'Chiplet_3', 'connection_type': '2.5d_emib', 'loc': '2.5d_chiplet'},{'from': 'Chiplet_2', 'to': 'Chiplet_6', 'connection_type': '2.5d_emib', 'loc': '2.5d_chiplet'},{'from': 'Chiplet_5', 'to': 'Chiplet_2', 'connection_type': '2.5d_emib', 'loc': '2.5d_chiplet'},{'from': 'Chiplet_5', 'to': 'Chiplet_1', 'connection_type': '2.5d_emib', 'loc': '2.5d_chiplet'},{'from': 'Chiplet_6', 'to': 'Chiplet_3', 'connection_type': '2.5d_emib', 'loc': '2.5d_chiplet'},{'from': 'Chiplet_6', 'to': 'Chiplet_1', 'connection_type': '2.5d_emib', 'loc': '2.5d_chiplet'},{'from': 'Chiplet_6', 'to': 'Chiplet_2', 'connection_type': '2.5d_emib', 'loc': '2.5d_chiplet'},{'from': 'Chiplet_1', 'to': 'Chiplet_2', 'connection_type': '2.5d_emib', 'loc': '2.5d_chiplet'},{'from': 'Chiplet_1', 'to': 'Chiplet_6', 'connection_type': '2.5d_emib', 'loc': '2.5d_chiplet'},{'from': 'Chiplet_1', 'to': 'Chiplet_5', 'connection_type': '2.5d_emib', 'loc': '2.5d_chiplet'}",1,2,1,2,1,1,ddr5,ucie_adv,na,1,0,os,0,0,0
2,64.40105627047426,6294956.47,119362.08111483413,634339069.8804955,14374.324324324323,25663.3096595865,2,0.638803,1.11875,1024,64x64,7,6.726740457366197,12.973514847541198,4096,192x192,10,15.436124909546791,15.979573171754398,8192,192x192,14,0.743226759447044,1.3845915837374998,512,64x64,10,11.481175603606792,15.979573171754398,2048,192x192,14,3.665749090547913,5.538366334949999,4096,128x128,10,2.5d,"{'from': 'Chiplet_3', 'to': 'Chiplet_2', 'connection_type': '2.5d_rdl', 'loc': '2.5d_chiplet'},{'from': 'Chiplet_3', 'to': 'Chiplet_6', 'connection_type': '2.5d_rdl', 'loc': '2.5d_chiplet'},{'from': 'Chiplet_3', 'to': 'Chiplet_5', 'connection_type': '2.5d_rdl', 'loc': '2.5d_chiplet'},{'from': 'Chiplet_6', 'to': 'Chiplet_2', 'connection_type': '2.5d_rdl', 'loc': '2.5d_chiplet'},{'from': 'Chiplet_6', 'to': 'Chiplet_3', 'connection_type': '2.5d_rdl', 'loc': '2.5d_chiplet'},{'from': 'Chiplet_5', 'to': 'Chiplet_3', 'connection_type': '2.5d_rdl', 'loc': '2.5d_chiplet'},{'from': 'Chiplet_5', 'to': 'Chiplet_4', 'connection_type': '2.5d_rdl', 'loc': '2.5d_chiplet'},{'from': 'Chiplet_5', 'to': 'Chiplet_2', 'connection_type': '2.5d_rdl', 'loc': '2.5d_chiplet'},{'from': 'Chiplet_2', 'to': 'Chiplet_1', 'connection_type': '2.5d_rdl', 'loc': '2.5d_chiplet'},{'from': 'Chiplet_2', 'to': 'Chiplet_4', 'connection_type': '2.5d_rdl', 'loc': '2.5d_chiplet'},{'from': 'Chiplet_2', 'to': 'Chiplet_5', 'connection_type': '2.5d_rdl', 'loc': '2.5d_chiplet'},{'from': 'Chiplet_2', 'to': 'Chiplet_3', 'connection_type': '2.5d_rdl', 'loc': '2.5d_chiplet'},{'from': 'Chiplet_2', 'to': 'Chiplet_6', 'connection_type': '2.5d_rdl', 'loc': '2.5d_chiplet'},{'from': 'Chiplet_4', 'to': 'Chiplet_2', 'connection_type': '2.5d_rdl', 'loc': '2.5d_chiplet'},{'from': 'Chiplet_4', 'to': 'Chiplet_1', 'connection_type': '2.5d_rdl', 'loc': '2.5d_chiplet'},{'from': 'Chiplet_4', 'to': 'Chiplet_5', 'connection_type': '2.5d_rdl', 'loc': '2.5d_chiplet'},{'from': 'Chiplet_1', 'to': 'Chiplet_2', 'connection_type': '2.5d_rdl', 'loc': '2.5d_chiplet'},{'from': 'Chiplet_1', 'to': 'Chiplet_4', 'connection_type': '2.5d_rdl', 'loc': '2.5d_chiplet'}",1,3,6,1,4,1,hbm2,ucie_std,na,0,0,os,0,0,0
3,27.466569395744592,3061183.14,164201.77279770834,557270442.665059,30004.218559218563,23212.340291741442,3,1.304342696,2.51875,2048,96x96,7,0.378988,1.11875,256,64x64,7,0.916436759447044,1.3845915837374998,1024,64x64,10,0.829831759447044,1.3845915837374998,768,64x64,10,15.436124909546791,15.979573171754398,8192,192x192,14,0.46559300000000003,1.11875,512,64x64,7,2.5d,"{'from': 'Chiplet_5', 'to': 'Chiplet_3', 'connection_type': '2.5d_emib', 'loc': '2.5d_chiplet'},{'from': 'Chiplet_5', 'to': 'Chiplet_1', 'connection_type': '2.5d_emib', 'loc': '2.5d_chiplet'},{'from': 'Chiplet_1', 'to': 'Chiplet_3', 'connection_type': '2.5d_emib', 'loc': '2.5d_chiplet'},{'from': 'Chiplet_1', 'to': 'Chiplet_4', 'connection_type': '2.5d_emib', 'loc': '2.5d_chiplet'},{'from': 'Chiplet_1', 'to': 'Chiplet_6', 'connection_type': '2.5d_emib', 'loc': '2.5d_chiplet'},{'from': 'Chiplet_1', 'to': 'Chiplet_5', 'connection_type': '2.5d_emib', 'loc': '2.5d_chiplet'},{'from': 'Chiplet_6', 'to': 'Chiplet_1', 'connection_type': '2.5d_emib', 'loc': '2.5d_chiplet'},{'from': 'Chiplet_6', 'to': 'Chiplet_4', 'connection_type': '2.5d_emib', 'loc': '2.5d_chiplet'},{'from': 'Chiplet_3', 'to': 'Chiplet_2', 'connection_type': '2.5d_emib', 'loc': '2.5d_chiplet'},{'from': 'Chiplet_3', 'to': 'Chiplet_1', 'connection_type': '2.5d_emib', 'loc': '2.5d_chiplet'},{'from': 'Chiplet_3', 'to': 'Chiplet_4', 'connection_type': '2.5d_emib', 'loc': '2.5d_chiplet'},{'from': 'Chiplet_3', 'to': 'Chiplet_5', 'connection_type': '2.5d_emib', 'loc': '2.5d_chiplet'},{'from': 'Chiplet_4', 'to': 'Chiplet_3', 'connection_type': '2.5d_emib', 'loc': '2.5d_chiplet'},{'from': 'Chiplet_4', 'to': 'Chiplet_1', 'connection_type': '2.5d_emib', 'loc': '2.5d_chiplet'},{'from': 'Chiplet_4', 'to': 'Chiplet_6', 'connection_type': '2.5d_emib', 'loc': '2.5d_chiplet'},{'from': 'Chiplet_4', 'to': 'Chiplet_2', 'connection_type': '2.5d_emib', 'loc': '2.5d_chiplet'},{'from': 'Chiplet_2', 'to': 'Chiplet_3', 'connection_type': '2.5d_emib', 'loc': '2.5d_chiplet'},{'from': 'Chiplet_2', 'to': 'Chiplet_4', 'connection_type': '2.5d_emib', 'loc': '2.5d_chiplet'}",1,1,1,1,11,1,hbm3,bow,na,1,0,ws,0,0,0
4,27.110153957581964,3372468.62,73944.23940161546,423423038.60740334,147792.05265668614,91865.35174414748,4,0.378988,1.11875,256,64x64,7,5.5109919519999995,10.4826,8192,192x192,7,4.9976252555201786,6.821646341899999,1024,128x128,14,0.957922696,2.51875,1024,96x96,7,2.972908090547913,5.538366334949999,2048,128x128,10,1.51595254,4.475,1024,128x128,7,2.5d,"{'from': 'Chiplet_2', 'to': 'Chiplet_3', 'connection_type': '2.5d_rdl', 'loc': '2.5d_chiplet'},{'from': 'Chiplet_2', 'to': 'Chiplet_4', 'connection_type': '2.5d_rdl', 'loc': '2.5d_chiplet'},{'from': 'Chiplet_2', 'to': 'Chiplet_6', 'connection_type': '2.5d_rdl', 'loc': '2.5d_chiplet'},{'from': 'Chiplet_6', 'to': 'Chiplet_2', 'connection_type': '2.5d_rdl', 'loc': '2.5d_chiplet'},{'from': 'Chiplet_6', 'to': 'Chiplet_4', 'connection_type': '2.5d_rdl', 'loc': '2.5d_chiplet'},{'from': 'Chiplet_4', 'to': 'Chiplet_2', 'connection_type': '2.5d_rdl', 'loc': '2.5d_chiplet'},{'from': 'Chiplet_4', 'to': 'Chiplet_6', 'connection_type': '2.5d_rdl', 'loc': '2.5d_chiplet'},{'from': 'Chiplet_3', 'to': 'Chiplet_2', 'connection_type': '2.5d_rdl', 'loc': '2.5d_chiplet'},{'from': 'Chiplet_3', 'to': 'Chiplet_1', 'connection_type': '2.5d_rdl', 'loc': '2.5d_chiplet'},{'from': 'Chiplet_3', 'to': 'Chiplet_5', 'connection_type': '2.5d_rdl', 'loc': '2.5d_chiplet'},{'from': 'Chiplet_5', 'to': 'Chiplet_3', 'connection_type': '2.5d_rdl', 'loc': '2.5d_chiplet'},{'from': 'Chiplet_5', 'to': 'Chiplet_1', 'connection_type': '2.5d_rdl', 'loc': '2.5d_chiplet'},{'from': 'Chiplet_1', 'to': 'Chiplet_3', 'connection_type': '2.5d_rdl', 'loc': '2.5d_chiplet'},{'from': 'Chiplet_1', 'to': 'Chiplet_5', 'connection_type': '2.5d_rdl', 'loc': '2.5d_chiplet'}",1,5,5,1,3,1,hbm3,ucie_std,na,0,0,os,1,0,0
5,25.958070028501602,2929257.87,68373.50901449505,381910057.7855347,208534.60566437076,126454.77214823797,5,1.578984604787535,1.7054115854749998,768,64x64,14,1.7117881800824635,3.1172648505374996,1536,96x96,10,1.8849981800824636,3.1172648505374996,2048,96x96,10,2.6264880905479133,5.538366334949999,1024,128x128,10,1.578984604787535,1.7054115854749998,768,64x64,14,11.481175603606792,15.979573171754398,2048,192x192,14,2.5d,"{'from': 'Chiplet_6', 'to': 'Chiplet_3', 'connection_type': '2.5d_rdl', 'loc': '2.5d_chiplet'},{'from': 'Chiplet_6', 'to': 'Chiplet_4', 'connection_type': '2.5d_rdl', 'loc': '2.5d_chiplet'},{'from': 'Chiplet_4', 'to': 'Chiplet_3', 'connection_type': '2.5d_rdl', 'loc': '2.5d_chiplet'},{'from': 'Chiplet_4', 'to': 'Chiplet_1', 'connection_type': '2.5d_rdl', 'loc': '2.5d_chiplet'},{'from': 'Chiplet_4', 'to': 'Chiplet_6', 'connection_type': '2.5d_rdl', 'loc': '2.5d_chiplet'},{'from': 'Chiplet_4', 'to': 'Chiplet_2', 'connection_type': '2.5d_rdl', 'loc': '2.5d_chiplet'},{'from': 'Chiplet_1', 'to': 'Chiplet_2', 'connection_type': '2.5d_rdl', 'loc': '2.5d_chiplet'},{'from': 'Chiplet_1', 'to': 'Chiplet_4', 'connection_type': '2.5d_rdl', 'loc': '2.5d_chiplet'},{'from': 'Chiplet_3', 'to': 'Chiplet_2', 'connection_type': '2.5d_rdl', 'loc': '2.5d_chiplet'},{'from': 'Chiplet_3', 'to': 'Chiplet_4', 'connection_type': '2.5d_rdl', 'loc': '2.5d_chiplet'},{'from': 'Chiplet_3', 'to': 'Chiplet_6', 'connection_type': '2.5d_rdl', 'loc': '2.5d_chiplet'},{'from': 'Chiplet_3', 'to': 'Chiplet_5', 'connection_type': '2.5d_rdl', 'loc': '2.5d_chiplet'},{'from': 'Chiplet_2', 'to': 'Chiplet_3', 'connection_type': '2.5d_rdl', 'loc': '2.5d_chiplet'},{'from': 'Chiplet_2', 'to': 'Chiplet_1', 'connection_type': '2.5d_rdl', 'loc': '2.5d_chiplet'},{'from': 'Chiplet_2', 'to': 'Chiplet_4', 'connection_type': '2.5d_rdl', 'loc': '2.5d_chiplet'},{'from': 'Chiplet_2', 'to': 'Chiplet_5', 'connection_type': '2.5d_rdl', 'loc': '2.5d_chiplet'},{'from': 'Chiplet_5', 'to': 'Chiplet_3', 'connection_type': '2.5d_rdl', 'loc': '2.5d_chiplet'},{'from': 'Chiplet_5', 'to': 'Chiplet_2', 'connection_type': '2.5d_rdl', 'loc': '2.5d_chiplet'}",1,1,2,2,1,9,hbm2,ucie_std,na,1,0,is,1,0,0
6,33.526850794281934,3412690.35,71515.13696132464,455518925.06813323,610696.7113576271,314662.87299400714,6,3.5867297574793953,3.8395579270749995,2048,96x96,14,3.5867297574793953,3.8395579270749995,2048,96x96,14,1.86237254,4.475,2048,128x128,7,3.2571509657793953,3.8395579270749995,1536,96x96,14,2.20879254,4.475,3072,128x128,7,6.315940422320179,6.821646341899999,3072,128x128,14,2.5d,"{'from': 'Chiplet_6', 'to': 'Chiplet_1', 'connection_type': '2.5d_rdl', 'loc': '2.5d_chiplet'},{'from': 'Chiplet_6', 'to': 'Chiplet_4', 'connection_type': '2.5d_rdl', 'loc': '2.5d_chiplet'},{'from': 'Chiplet_4', 'to': 'Chiplet_2', 'connection_type': '2.5d_rdl', 'loc': '2.5d_chiplet'},{'from': 'Chiplet_4', 'to': 'Chiplet_1', 'connection_type': '2.5d_rdl', 'loc': '2.5d_chiplet'},{'from': 'Chiplet_4', 'to': 'Chiplet_6', 'connection_type': '2.5d_rdl', 'loc': '2.5d_chiplet'},{'from': 'Chiplet_1', 'to': 'Chiplet_2', 'connection_type': '2.5d_rdl', 'loc': '2.5d_chiplet'},{'from': 'Chiplet_1', 'to': 'Chiplet_4', 'connection_type': '2.5d_rdl', 'loc': '2.5d_chiplet'},{'from': 'Chiplet_1', 'to': 'Chiplet_6', 'connection_type': '2.5d_rdl', 'loc': '2.5d_chiplet'},{'from': 'Chiplet_1', 'to': 'Chiplet_5', 'connection_type': '2.5d_rdl', 'loc': '2.5d_chiplet'},{'from': 'Chiplet_5', 'to': 'Chiplet_3', 'connection_type': '2.5d_rdl', 'loc': '2.5d_chiplet'},{'from': 'Chiplet_5', 'to': 'Chiplet_1', 'connection_type': '2.5d_rdl', 'loc': '2.5d_chiplet'},{'from': 'Chiplet_2', 'to': 'Chiplet_3', 'connection_type': '2.5d_rdl', 'loc': '2.5d_chiplet'},{'from': 'Chiplet_2', 'to': 'Chiplet_1', 'connection_type': '2.5d_rdl', 'loc': '2.5d_chiplet'},{'from': 'Chiplet_2', 'to': 'Chiplet_4', 'connection_type': '2.5d_rdl', 'loc': '2.5d_chiplet'},{'from': 'Chiplet_3', 'to': 'Chiplet_2', 'connection_type': '2.5d_rdl', 'loc': '2.5d_chiplet'},{'from': 'Chiplet_3', 'to': 'Chiplet_5', 'connection_type': '2.5d_rdl', 'loc': '2.5d_chiplet'}",3,3,1,2,2,5,hbm3,ucie_std,na,1,0,os,1,0,0
7,37.08146711570772,4866125.41,163517.13305669624,464705456.1582353,66587.77956559611,61259.275099529856,7,1.249405813087535,1.7054115854749998,256,64x64,14,4.9976252555201786,6.821646341899999,1024,128x128,14,6.033899457366197,12.973514847541198,2048,192x192,10,0.378988,1.11875,256,64x64,7,1.51595254,4.475,1024,128x128,7,15.436124909546791,15.979573171754398,8192,192x192,14,2.5d_3d,"{'from': 'Chiplet_6', 'to': 'Chiplet_4', 'connection_type': '3d_tsv', 'loc': 'stack0_base'},{'from': 'Chiplet_4', 'to': 'na', 'connection_type': '3d_tsv', 'loc': 'stack0_top'},{'from': 'Chiplet_6', 'to': 'Chiplet_3', 'connection_type': '2.5d_emib', 'loc': '2.5d_chiplet'},{'from': 'Chiplet_6', 'to': 'Chiplet_2', 'connection_type': '2.5d_emib', 'loc': '2.5d_chiplet'},{'from': 'Chiplet_3', 'to': 'Chiplet_2', 'connection_type': '2.5d_emib', 'loc': '2.5d_chiplet'},{'from': 'Chiplet_3', 'to': 'Chiplet_1', 'connection_type': '2.5d_emib', 'loc': '2.5d_chiplet'},{'from': 'Chiplet_3', 'to': 'Chiplet_6', 'connection_type': '2.5d_emib', 'loc': '2.5d_chiplet'},{'from': 'Chiplet_3', 'to': 'Chiplet_5', 'connection_type': '2.5d_emib', 'loc': '2.5d_chiplet'},{'from': 'Chiplet_1', 'to': 'Chiplet_3', 'connection_type': '2.5d_emib', 'loc': '2.5d_chiplet'},{'from': 'Chiplet_1', 'to': 'Chiplet_5', 'connection_type': '2.5d_emib', 'loc': '2.5d_chiplet'},{'from': 'Chiplet_2', 'to': 'Chiplet_3', 'connection_type': '2.5d_emib', 'loc': '2.5d_chiplet'},{'from': 'Chiplet_2', 'to': 'Chiplet_6', 'connection_type': '2.5d_emib', 'loc': '2.5d_chiplet'},{'from': 'Chiplet_2', 'to': 'Chiplet_5', 'connection_type': '2.5d_emib', 'loc': '2.5d_chiplet'},{'from': 'Chiplet_5', 'to': 'Chiplet_2', 'connection_type': '2.5d_emib', 'loc': '2.5d_chiplet'},{'from': 'Chiplet_5', 'to': 'Chiplet_1', 'connection_type': '2.5d_emib', 'loc': '2.5d_chiplet'},{'from': 'Chiplet_5', 'to': 'Chiplet_3', 'connection_type': '2.5d_emib', 'loc': '2.5d_chiplet'}",1,2,3,1,1,8,hbm3,ucie_adv,ucie_3d,0,0,is,1,0,0
8,27.507002535217158,3155659.16,74503.8601141227,1168723596.044212,9891.70588235294,26934.16941197194,8,2.927572174079395,3.8395579270749995,1024,96x96,14,0.957922696,2.51875,1024,96x96,7,0.957922696,2.51875,1024,96x96,7,0.784712696,2.51875,512,96x96,7,1.131132696,2.51875,1536,96x96,7,14.117807839976791,15.979573171754398,6144,192x192,14,2.5d_3d,"{'from': 'Chiplet_5', 'to': 'Chiplet_2', 'connection_type': '3d_hyb_bond', 'loc': 'stack0_base'},{'from': 'Chiplet_2', 'to': 'na', 'connection_type': '3d_hyb_bond', 'loc': 'stack0_top'},{'from': 'Chiplet_6', 'to': 'Chiplet_1', 'connection_type': '2.5d_rdl', 'loc': '2.5d_chiplet'},{'from': 'Chiplet_6', 'to': 'Chiplet_5', 'connection_type': '2.5d_rdl', 'loc': '2.5d_chiplet'},{'from': 'Chiplet_1', 'to': 'Chiplet_3', 'connection_type': '2.5d_rdl', 'loc': '2.5d_chiplet'},{'from': 'Chiplet_1', 'to': 'Chiplet_6', 'connection_type': '2.5d_rdl', 'loc': '2.5d_chiplet'},{'from': 'Chiplet_1', 'to': 'Chiplet_5', 'connection_type': '2.5d_rdl', 'loc': '2.5d_chiplet'},{'from': 'Chiplet_5', 'to': 'Chiplet_3', 'connection_type': '2.5d_rdl', 'loc': '2.5d_chiplet'},{'from': 'Chiplet_5', 'to': 'Chiplet_4', 'connection_type': '2.5d_rdl', 'loc': '2.5d_chiplet'},{'from': 'Chiplet_5', 'to': 'Chiplet_6', 'connection_type': '2.5d_rdl', 'loc': '2.5d_chiplet'},{'from': 'Chiplet_5', 'to': 'Chiplet_1', 'connection_type': '2.5d_rdl', 'loc': '2.5d_chiplet'},{'from': 'Chiplet_3', 'to': 'Chiplet_1', 'connection_type': '2.5d_rdl', 'loc': '2.5d_chiplet'},{'from': 'Chiplet_3', 'to': 'Chiplet_4', 'connection_type': '2.5d_rdl', 'loc': '2.5d_chiplet'},{'from': 'Chiplet_3', 'to': 'Chiplet_5', 'connection_type': '2.5d_rdl', 'loc': '2.5d_chiplet'},{'from': 'Chiplet_4', 'to': 'Chiplet_3', 'connection_type': '2.5d_rdl', 'loc': '2.5d_chiplet'},{'from': 'Chiplet_4', 'to': 'Chiplet_5', 'connection_type': '2.5d_rdl', 'loc': '2.5d_chiplet'}",1,1,1,1,1,3,ddr5,ucie_std,ucie_3d,1,0,os,0,0,0
9,9.483893924782455,1593006.27,85475.12205133424,1476612404.035056,166710.1418160188,76759.69405924465,9,1.3653681800824635,3.1172648505374996,512,96x96,10,3.5867297574793953,3.8395579270749995,2048,96x96,14,2.20879254,4.475,3072,128x128,7,0.552198,1.11875,768,64x64,7,1.304342696,2.51875,2048,96x96,7,0.552198,1.11875,768,64x64,7,2.5d_3d,"{'from': 'Chiplet_3', 'to': 'Chiplet_5', 'connection_type': '3d_tsv', 'loc': 'stack0_base'},{'from': 'Chiplet_5', 'to': 'Chiplet_4', 'connection_type': '3d_tsv', 'loc': 'stack0_middle1'},{'from': 'Chiplet_4', 'to': 'Chiplet_6', 'connection_type': '3d_tsv', 'loc': 'stack0_middle2'},{'from': 'Chiplet_6', 'to': 'na', 'connection_type': '3d_tsv', 'loc': 'stack0_top'},{'from': 'Chiplet_2', 'to': 'Chiplet_3', 'connection_type': '2.5d_emib', 'loc': '2.5d_chiplet'},{'from': 'Chiplet_2', 'to': 'Chiplet_1', 'connection_type': '2.5d_emib', 'loc': '2.5d_chiplet'},{'from': 'Chiplet_3', 'to': 'Chiplet_2', 'connection_type': '2.5d_emib', 'loc': '2.5d_chiplet'},{'from': 'Chiplet_3', 'to': 'Chiplet_1', 'connection_type': '2.5d_emib', 'loc': '2.5d_chiplet'},{'from': 'Chiplet_1', 'to': 'Chiplet_2', 'connection_type': '2.5d_emib', 'loc': '2.5d_chiplet'},{'from': 'Chiplet_1', 'to': 'Chiplet_3', 'connection_type': '2.5d_emib', 'loc': '2.5d_chiplet'}",1,3,1,1,1,1,ddr4,bow,ucie_3d,0,0,ws,1,0,0
10,21.4180987976263,2122098.14,154927.78284096296,1042998360.3835548,152704.12273446648,86692.36671719005,10,2.972908090547913,5.538366334949999,2048,128x128,10,0.552198,1.11875,768,64x64,7,2.972908090547913,5.538366334949999,2048,128x128,10,1.131132696,2.51875,1536,96x96,7,4.9976252555201786,6.821646341899999,1024,128x128,14,0.784712696,2.51875,512,96x96,7,2.5d,"{'from': 'Chiplet_5', 'to': 'Chiplet_2', 'connection_type': '2.5d_emib', 'loc': '2.5d_chiplet'},{'from': 'Chiplet_5', 'to': 'Chiplet_1', 'connection_type': '2.5d_emib', 'loc': '2.5d_chiplet'},{'from': 'Chiplet_5', 'to': 'Chiplet_4', 'connection_type': '2.5d_emib', 'loc': '2.5d_chiplet'},{'from': 'Chiplet_4', 'to': 'Chiplet_2', 'connection_type': '2.5d_emib', 'loc': '2.5d_chiplet'},{'from': 'Chiplet_4', 'to': 'Chiplet_5', 'connection_type': '2.5d_emib', 'loc': '2.5d_chiplet'},{'from': 'Chiplet_2', 'to': 'Chiplet_3', 'connection_type': '2.5d_emib', 'loc': '2.5d_chiplet'},{'from': 'Chiplet_2', 'to': 'Chiplet_4', 'connection_type': '2.5d_emib', 'loc': '2.5d_chiplet'},{'from': 'Chiplet_2', 'to': 'Chiplet_5', 'connection_type': '2.5d_emib', 'loc': '2.5d_chiplet'},{'from': 'Chiplet_1', 'to': 'Chiplet_3', 'connection_type': '2.5d_emib', 'loc': '2.5d_chiplet'},{'from': 'Chiplet_1', 'to': 'Chiplet_6', 'connection_type': '2.5d_emib', 'loc': '2.5d_chiplet'},{'from': 'Chiplet_1', 'to': 'Chiplet_5', 'connection_type': '2.5d_emib', 'loc': '2.5d_chiplet'},{'from': 'Chiplet_6', 'to': 'Chiplet_3', 'connection_type': '2.5d_emib', 'loc': '2.5d_chiplet'},{'from': 'Chiplet_6', 'to': 'Chiplet_1', 'connection_type': '2.5d_emib', 'loc': '2.5d_chiplet'},{'from': 'Chiplet_3', 'to': 'Chiplet_2', 'connection_type': '2.5d_emib', 'loc': '2.5d_chiplet'},{'from': 'Chiplet_3', 'to': 'Chiplet_1', 'connection_type': '2.5d_emib', 'loc': '2.5d_chiplet'},{'from': 'Chiplet_3', 'to': 'Chiplet_6', 'connection_type': '2.5d_emib', 'loc': '2.5d_chiplet'}",1,1,1,1,3,1,ddr5,aib,na,1,0,ws,1,0,0
11,38.37249026777772,4791977.59,136577.93887828922,946829270.4769981,48252.258767546795,59570.36653761082,11,1.743774000637535,1.7054115854749998,1024,64x64,14,8.112421457366196,12.973514847541198,8192,192x192,10,0.916436759447044,1.3845915837374998,1024,64x64,10,6.033899457366197,12.973514847541198,2048,192x192,10,15.436124909546791,15.979573171754398,8192,192x192,14,1.304342696,2.51875,2048,96x96,7,2.5d_3d,"{'from': 'Chiplet_2', 'to': 'Chiplet_1', 'connection_type': '3d_tsv', 'loc': 'stack0_base'},{'from': 'Chiplet_1', 'to': 'Chiplet_6', 'connection_type': '3d_tsv', 'loc': 'stack0_middle1'},{'from': 'Chiplet_6', 'to': 'Chiplet_3', 'connection_type': '3d_tsv', 'loc': 'stack0_middle2'},{'from': 'Chiplet_3', 'to': 'na', 'connection_type': '3d_tsv', 'loc': 'stack0_top'},{'from': 'Chiplet_5', 'to': 'Chiplet_2', 'connection_type': '2.5d_emib', 'loc': '2.5d_chiplet'},{'from': 'Chiplet_5', 'to': 'Chiplet_4', 'connection_type': '2.5d_emib', 'loc': '2.5d_chiplet'},{'from': 'Chiplet_2', 'to': 'Chiplet_4', 'connection_type': '2.5d_emib', 'loc': '2.5d_chiplet'},{'from': 'Chiplet_2', 'to': 'Chiplet_5', 'connection_type': '2.5d_emib', 'loc': '2.5d_chiplet'},{'from': 'Chiplet_4', 'to': 'Chiplet_2', 'connection_type': '2.5d_emib', 'loc': '2.5d_chiplet'},{'from': 'Chiplet_4', 'to': 'Chiplet_5', 'connection_type': '2.5d_emib', 'loc': '2.5d_chiplet'}",1,1,1,1,3,1,ddr5,ucie_adv,ucie_3d,0,0,ws,1,0,0
12,14.051893213198497,1696018.45,41938.83853068026,426071881.46290565,463963.4734151135,152096.50105393666,12,3.2571509657793953,3.8395579270749995,1536,96x96,14,0.638803,1.11875,1024,64x64,7,0.957922696,2.51875,1024,96x96,7,0.957922696,2.51875,1024,96x96,7,2.972908090547913,5.538366334949999,2048,128x128,10,0.656621759447044,1.3845915837374998,256,64x64,10,2.5d,"{'from': 'Chiplet_1', 'to': 'Chiplet_2', 'connection_type': '2.5d_rdl', 'loc': '2.5d_chiplet'},{'from': 'Chiplet_1', 'to': 'Chiplet_4', 'connection_type': '2.5d_rdl', 'loc': '2.5d_chiplet'},{'from': 'Chiplet_1', 'to': 'Chiplet_5', 'connection_type': '2.5d_rdl', 'loc': '2.5d_chiplet'},{'from': 'Chiplet_4', 'to': 'Chiplet_2', 'connection_type': '2.5d_rdl', 'loc': '2.5d_chiplet'},{'from': 'Chiplet_4', 'to': 'Chiplet_1', 'connection_type': '2.5d_rdl', 'loc': '2.5d_chiplet'},{'from': 'Chiplet_2', 'to': 'Chiplet_1', 'connection_type': '2.5d_rdl', 'loc': '2.5d_chiplet'},{'from': 'Chiplet_2', 'to': 'Chiplet_4', 'connection_type': '2.5d_rdl', 'loc': '2.5d_chiplet'},{'from': 'Chiplet_5', 'to': 'Chiplet_3', 'connection_type': '2.5d_rdl', 'loc': '2.5d_chiplet'},{'from': 'Chiplet_5', 'to': 'Chiplet_1', 'connection_type': '2.5d_rdl', 'loc': '2.5d_chiplet'},{'from': 'Chiplet_5', 'to': 'Chiplet_6', 'connection_type': '2.5d_rdl', 'loc': '2.5d_chiplet'},{'from': 'Chiplet_3', 'to': 'Chiplet_6', 'connection_type': '2.5d_rdl', 'loc': '2.5d_chiplet'},{'from': 'Chiplet_3', 'to': 'Chiplet_5', 'connection_type': '2.5d_rdl', 'loc': '2.5d_chiplet'},{'from': 'Chiplet_6', 'to': 'Chiplet_3', 'connection_type': '2.5d_rdl', 'loc': '2.5d_chiplet'},{'from': 'Chiplet_6', 'to': 'Chiplet_5', 'connection_type': '2.5d_rdl', 'loc': '2.5d_chiplet'}",5,1,2,2,5,1,hbm2,ucie_std,na,0,0,is,1,0,0
13,9.069537274380014,1399132.96,141072.8072784377,423766899.39523053,48268.66781206634,20498.14456556109,13,0.46559300000000003,1.11875,512,64x64,7,0.784712696,2.51875,512,96x96,7,1.743774000637535,1.7054115854749998,1024,64x64,14,0.743226759447044,1.3845915837374998,512,64x64,10,1.7117881800824635,3.1172648505374996,1536,96x96,10,1.86237254,4.475,2048,128x128,7,2.5d,"{'from': 'Chiplet_6', 'to': 'Chiplet_3', 'connection_type': '2.5d_emib', 'loc': '2.5d_chiplet'},{'from': 'Chiplet_6', 'to': 'Chiplet_4', 'connection_type': '2.5d_emib', 'loc': '2.5d_chiplet'},{'from': 'Chiplet_6', 'to': 'Chiplet_2', 'connection_type': '2.5d_emib', 'loc': '2.5d_chiplet'},{'from': 'Chiplet_2', 'to': 'Chiplet_1', 'connection_type': '2.5d_emib', 'loc': '2.5d_chiplet'},{'from': 'Chiplet_2', 'to': 'Chiplet_4', 'connection_type': '2.5d_emib', 'loc': '2.5d_chiplet'},{'from': 'Chiplet_2', 'to': 'Chiplet_6', 'connection_type': '2.5d_emib', 'loc': '2.5d_chiplet'},{'from': 'Chiplet_4', 'to': 'Chiplet_2', 'connection_type': '2.5d_emib', 'loc': '2.5d_chiplet'},{'from': 'Chiplet_4', 'to': 'Chiplet_1', 'connection_type': '2.5d_emib', 'loc': '2.5d_chiplet'},{'from': 'Chiplet_4', 'to': 'Chiplet_6', 'connection_type': '2.5d_emib', 'loc': '2.5d_chiplet'},{'from': 'Chiplet_4', 'to': 'Chiplet_5', 'connection_type': '2.5d_emib', 'loc': '2.5d_chiplet'},{'from': 'Chiplet_1', 'to': 'Chiplet_2', 'connection_type': '2.5d_emib', 'loc': '2.5d_chiplet'},{'from': 'Chiplet_1', 'to': 'Chiplet_4', 'connection_type': '2.5d_emib', 'loc': '2.5d_chiplet'},{'from': 'Chiplet_3', 'to': 'Chiplet_6', 'connection_type': '2.5d_emib', 'loc': '2.5d_chiplet'},{'from': 'Chiplet_3', 'to': 'Chiplet_5', 'connection_type': '2.5d_emib', 'loc': '2.5d_chiplet'},{'from': 'Chiplet_5', 'to': 'Chiplet_3', 'connection_type': '2.5d_emib', 'loc': '2.5d_chiplet'},{'from': 'Chiplet_5', 'to': 'Chiplet_4', 'connection_type': '2.5d_emib', 'loc': '2.5d_chiplet'}",1,2,4,1,4,4,hbm3,aib,na,0,0,ws,0,0,0
14,8.112421457366194,4008183.87,151573.30593254682,489729016.97618246,21495.08219178082,24294.126738828953,14,1.86237254,4.475,2048,128x128,7,8.112421457366196,12.973514847541198,8192,192x192,10,2.927572174079395,3.8395579270749995,1024,96x96,14,0.916436759447044,1.3845915837374998,1024,64x64,10,2.6264880905479133,5.538366334949999,1024,128x128,10,4.1253109519999995,10.4826,4096,192x192,7,3d,"{'from': 'Chiplet_2', 'to': 'Chiplet_6', 'connection_type': '3d_u_bump', 'loc': 'stack0_base'},{'from': 'Chiplet_6', 'to': 'Chiplet_3', 'connection_type': '3d_u_bump', 'loc': 'stack0_middle1'},{'from': 'Chiplet_3', 'to': 'Chiplet_5', 'connection_type': '3d_u_bump', 'loc': 'stack0_middle2'},{'from': 'Chiplet_5', 'to': 'Chiplet_1', 'connection_type': '3d_u_bump', 'loc': 'stack0_middle3'},{'from': 'Chiplet_1', 'to': 'Chiplet_4', 'connection_type': '3d_u_bump', 'loc': 'stack0_middle4'},{'from': 'Chiplet_4', 'to': 'na', 'connection_type': '3d_u_bump', 'loc': 'stack0_top'}",2,6,2,1,2,3,hbm3,na,ucie_3d,0,0,is,0,0,0
15,34.88852083664106,3832308.45,86967.65082549784,504580562.04767835,19118.333333333336,23032.652960059357,15,2.597993382379395,3.8395579270749995,512,96x96,14,14.117807839976791,15.979573171754398,6144,192x192,14,1.5385781800824634,3.1172648505374996,1024,96x96,10,4.9976252555201786,6.821646341899999,1024,128x128,14,2.6264880905479133,5.538366334949999,1024,128x128,10,2.597993382379395,3.8395579270749995,512,96x96,14,2.5d,"{'from': 'Chiplet_2', 'to': 'Chiplet_4', 'connection_type': '2.5d_rdl', 'loc': '2.5d_chiplet'},{'from': 'Chiplet_2', 'to': 'Chiplet_5', 'connection_type': '2.5d_rdl', 'loc': '2.5d_chiplet'},{'from': 'Chiplet_4', 'to': 'Chiplet_2', 'connection_type': '2.5d_rdl', 'loc': '2.5d_chiplet'},{'from': 'Chiplet_4', 'to': 'Chiplet_1', 'connection_type': '2.5d_rdl', 'loc': '2.5d_chiplet'},{'from': 'Chiplet_4', 'to': 'Chiplet_6', 'connection_type': '2.5d_rdl', 'loc': '2.5d_chiplet'},{'from': 'Chiplet_4', 'to': 'Chiplet_5', 'connection_type': '2.5d_rdl', 'loc': '2.5d_chiplet'},{'from': 'Chiplet_6', 'to': 'Chiplet_1', 'connection_type': '2.5d_rdl', 'loc': '2.5d_chiplet'},{'from': 'Chiplet_6', 'to': 'Chiplet_4', 'connection_type': '2.5d_rdl', 'loc': '2.5d_chiplet'},{'from': 'Chiplet_5', 'to': 'Chiplet_2', 'connection_type': '2.5d_rdl', 'loc': '2.5d_chiplet'},{'from': 'Chiplet_5', 'to': 'Chiplet_1', 'connection_type': '2.5d_rdl', 'loc': '2.5d_chiplet'},{'from': 'Chiplet_5', 'to': 'Chiplet_4', 'connection_type': '2.5d_rdl', 'loc': '2.5d_chiplet'},{'from': 'Chiplet_5', 'to': 'Chiplet_3', 'connection_type': '2.5d_rdl', 'loc': '2.5d_chiplet'},{'from': 'Chiplet_1', 'to': 'Chiplet_3', 'connection_type': '2.5d_rdl', 'loc': '2.5d_chiplet'},{'from': 'Chiplet_1', 'to': 'Chiplet_6', 'connection_type': '2.5d_rdl', 'loc': '2.5d_chiplet'},{'from': 'Chiplet_1', 'to': 'Chiplet_4', 'connection_type': '2.5d_rdl', 'loc': '2.5d_chiplet'},{'from': 'Chiplet_1', 'to': 'Chiplet_5', 'connection_type': '2.5d_rdl', 'loc': '2.5d_chiplet'},{'from': 'Chiplet_3', 'to': 'Chiplet_1', 'connection_type': '2.5d_rdl', 'loc': '2.5d_chiplet'},{'from': 'Chiplet_3', 'to': 'Chiplet_5', 'connection_type': '2.5d_rdl', 'loc': '2.5d_chiplet'}",1,8,1,3,2,1,hbm2,ucie_std,na,1,0,ws,0,0,0
16,15.685472286877467,2341830.98,62127.32177980637,1145471184.590019,29345.790656181856,35872.95718090057,16,2.20879254,4.475,3072,128x128,7,6.033899457366197,12.973514847541198,2048,192x192,10,3.5867297574793953,3.8395579270749995,2048,96x96,14,0.46559300000000003,1.11875,512,64x64,7,1.131132696,2.51875,1536,96x96,7,0.957922696,2.51875,1024,96x96,7,2.5d_3d,"{'from': 'Chiplet_3', 'to': 'Chiplet_5', 'connection_type': '3d_tsv', 'loc': 'stack0_base'},{'from': 'Chiplet_5', 'to': 'Chiplet_6', 'connection_type': '3d_tsv', 'loc': 'stack0_middle1'},{'from': 'Chiplet_6', 'to': 'Chiplet_4', 'connection_type': '3d_tsv', 'loc': 'stack0_middle2'},{'from': 'Chiplet_4', 'to': 'na', 'connection_type': '3d_tsv', 'loc': 'stack0_top'},{'from': 'Chiplet_2', 'to': 'Chiplet_3', 'connection_type': '2.5d_rdl', 'loc': '2.5d_chiplet'},{'from': 'Chiplet_2', 'to': 'Chiplet_1', 'connection_type': '2.5d_rdl', 'loc': '2.5d_chiplet'},{'from': 'Chiplet_3', 'to': 'Chiplet_2', 'connection_type': '2.5d_rdl', 'loc': '2.5d_chiplet'},{'from': 'Chiplet_3', 'to': 'Chiplet_1', 'connection_type': '2.5d_rdl', 'loc': '2.5d_chiplet'},{'from': 'Chiplet_1', 'to': 'Chiplet_2', 'connection_type': '2.5d_rdl', 'loc': '2.5d_chiplet'},{'from': 'Chiplet_1', 'to': 'Chiplet_3', 'connection_type': '2.5d_rdl', 'loc': '2.5d_chiplet'}",1,3,1,1,1,1,ddr5,ucie_std,ucie_3d,0,0,is,0,0,0
17,40.368478544639544,4426960.65,96656.08733177891,569640821.4263649,28053.94993894994,30442.909543618865,17,1.743774000637535,1.7054115854749998,1024,64x64,14,1.304342696,2.51875,2048,96x96,7,6.726740457366197,12.973514847541198,4096,192x192,10,15.436124909546791,15.979573171754398,8192,192x192,14,2.927572174079395,3.8395579270749995,1024,96x96,14,1.743774000637535,1.7054115854749998,1024,64x64,14,2.5d,"{'from': 'Chiplet_4', 'to': 'Chiplet_3', 'connection_type': '2.5d_rdl', 'loc': '2.5d_chiplet'},{'from': 'Chiplet_4', 'to': 'Chiplet_2', 'connection_type': '2.5d_rdl', 'loc': '2.5d_chiplet'},{'from': 'Chiplet_4', 'to': 'Chiplet_5', 'connection_type': '2.5d_rdl', 'loc': '2.5d_chiplet'},{'from': 'Chiplet_3', 'to': 'Chiplet_1', 'connection_type': '2.5d_rdl', 'loc': '2.5d_chiplet'},{'from': 'Chiplet_3', 'to': 'Chiplet_4', 'connection_type': '2.5d_rdl', 'loc': '2.5d_chiplet'},{'from': 'Chiplet_3', 'to': 'Chiplet_5', 'connection_type': '2.5d_rdl', 'loc': '2.5d_chiplet'},{'from': 'Chiplet_5', 'to': 'Chiplet_2', 'connection_type': '2.5d_rdl', 'loc': '2.5d_chiplet'},{'from': 'Chiplet_5', 'to': 'Chiplet_1', 'connection_type': '2.5d_rdl', 'loc': '2.5d_chiplet'},{'from': 'Chiplet_5', 'to': 'Chiplet_4', 'connection_type': '2.5d_rdl', 'loc': '2.5d_chiplet'},{'from': 'Chiplet_5', 'to': 'Chiplet_3', 'connection_type': '2.5d_rdl', 'loc': '2.5d_chiplet'},{'from': 'Chiplet_5', 'to': 'Chiplet_6', 'connection_type': '2.5d_rdl', 'loc': '2.5d_chiplet'},{'from': 'Chiplet_2', 'to': 'Chiplet_4', 'connection_type': '2.5d_rdl', 'loc': '2.5d_chiplet'},{'from': 'Chiplet_2', 'to': 'Chiplet_5', 'connection_type': '2.5d_rdl', 'loc': '2.5d_chiplet'},{'from': 'Chiplet_1', 'to': 'Chiplet_3', 'connection_type': '2.5d_rdl', 'loc': '2.5d_chiplet'},{'from': 'Chiplet_1', 'to': 'Chiplet_6', 'connection_type': '2.5d_rdl', 'loc': '2.5d_chiplet'},{'from': 'Chiplet_1', 'to': 'Chiplet_5', 'connection_type': '2.5d_rdl', 'loc': '2.5d_chiplet'},{'from': 'Chiplet_6', 'to': 'Chiplet_1', 'connection_type': '2.5d_rdl', 'loc': '2.5d_chiplet'},{'from': 'Chiplet_6', 'to': 'Chiplet_5', 'connection_type': '2.5d_rdl', 'loc': '2.5d_chiplet'}",1,1,4,8,1,1,hbm3,ucie_std,na,1,0,is,0,0,0
18,34.49590448129325,4095625.28,97617.76470900145,1733098073.628863,29018.529411764706,54667.21321506299,18,3.432469952,10.4826,2048,192x192,7,1.131132696,2.51875,1536,96x96,7,2.972908090547913,5.538366334949999,2048,128x128,10,14.117807839976791,15.979573171754398,6144,192x192,14,6.975099908490179,6.821646341899999,4096,128x128,14,0.656621759447044,1.3845915837374998,256,64x64,10,2.5d_3d,"{'from': 'Chiplet_3', 'to': 'Chiplet_2', 'connection_type': '3d_tsv', 'loc': 'stack0_base'},{'from': 'Chiplet_2', 'to': 'Chiplet_6', 'connection_type': '3d_tsv', 'loc': 'stack0_middle1'},{'from': 'Chiplet_6', 'to': 'na', 'connection_type': '3d_tsv', 'loc': 'stack0_top'},{'from': 'Chiplet_4', 'to': 'Chiplet_1', 'connection_type': '2.5d_rdl', 'loc': '2.5d_chiplet'},{'from': 'Chiplet_4', 'to': 'Chiplet_5', 'connection_type': '2.5d_rdl', 'loc': '2.5d_chiplet'},{'from': 'Chiplet_5', 'to': 'Chiplet_3', 'connection_type': '2.5d_rdl', 'loc': '2.5d_chiplet'},{'from': 'Chiplet_5', 'to': 'Chiplet_1', 'connection_type': '2.5d_rdl', 'loc': '2.5d_chiplet'},{'from': 'Chiplet_5', 'to': 'Chiplet_4', 'connection_type': '2.5d_rdl', 'loc': '2.5d_chiplet'},{'from': 'Chiplet_1', 'to': 'Chiplet_3', 'connection_type': '2.5d_rdl', 'loc': '2.5d_chiplet'},{'from': 'Chiplet_1', 'to': 'Chiplet_4', 'connection_type': '2.5d_rdl', 'loc': '2.5d_chiplet'},{'from': 'Chiplet_1', 'to': 'Chiplet_5', 'connection_type': '2.5d_rdl', 'loc': '2.5d_chiplet'},{'from': 'Chiplet_3', 'to': 'Chiplet_1', 'connection_type': '2.5d_rdl', 'loc': '2.5d_chiplet'},{'from': 'Chiplet_3', 'to': 'Chiplet_5', 'connection_type': '2.5d_rdl', 'loc': '2.5d_chiplet'}",1,1,1,3,1,1,ddr4,ucie_std,ucie_3d,0,0,ws,0,0,0
19,48.1767567296932,5627736.37,200835.79980454987,566348472.7622433,66586.13113183019,67266.81437690402,19,12.799492673176792,15.979573171754398,4096,192x192,14,1.7117881800824635,3.1172648505374996,1536,96x96,10,7.419580457366196,12.973514847541198,6144,192x192,10,1.131132696,2.51875,1536,96x96,7,0.656621759447044,1.3845915837374998,256,64x64,10,5.5109919519999995,10.4826,8192,192x192,7,2.5d,"{'from': 'Chiplet_1', 'to': 'Chiplet_3', 'connection_type': '2.5d_emib', 'loc': '2.5d_chiplet'},{'from': 'Chiplet_1', 'to': 'Chiplet_6', 'connection_type': '2.5d_emib', 'loc': '2.5d_chiplet'},{'from': 'Chiplet_1', 'to': 'Chiplet_2', 'connection_type': '2.5d_emib', 'loc': '2.5d_chiplet'},{'from': 'Chiplet_2', 'to': 'Chiplet_1', 'connection_type': '2.5d_emib', 'loc': '2.5d_chiplet'},{'from': 'Chiplet_2', 'to': 'Chiplet_6', 'connection_type': '2.5d_emib', 'loc': '2.5d_chiplet'},{'from': 'Chiplet_3', 'to': 'Chiplet_1', 'connection_type': '2.5d_emib', 'loc': '2.5d_chiplet'},{'from': 'Chiplet_3', 'to': 'Chiplet_6', 'connection_type': '2.5d_emib', 'loc': '2.5d_chiplet'},{'from': 'Chiplet_3', 'to': 'Chiplet_4', 'connection_type': '2.5d_emib', 'loc': '2.5d_chiplet'},{'from': 'Chiplet_6', 'to': 'Chiplet_2', 'connection_type': '2.5d_emib', 'loc': '2.5d_chiplet'},{'from': 'Chiplet_6', 'to': 'Chiplet_1', 'connection_type': '2.5d_emib', 'loc': '2.5d_chiplet'},{'from': 'Chiplet_6', 'to': 'Chiplet_4', 'connection_type': '2.5d_emib', 'loc': '2.5d_chiplet'},{'from': 'Chiplet_6', 'to': 'Chiplet_5', 'connection_type': '2.5d_emib', 'loc': '2.5d_chiplet'},{'from': 'Chiplet_6', 'to': 'Chiplet_3', 'connection_type': '2.5d_emib', 'loc': '2.5d_chiplet'},{'from': 'Chiplet_4', 'to': 'Chiplet_3', 'connection_type': '2.5d_emib', 'loc': '2.5d_chiplet'},{'from': 'Chiplet_4', 'to': 'Chiplet_6', 'connection_type': '2.5d_emib', 'loc': '2.5d_chiplet'},{'from': 'Chiplet_4', 'to': 'Chiplet_5', 'connection_type': '2.5d_emib', 'loc': '2.5d_chiplet'},{'from': 'Chiplet_5', 'to': 'Chiplet_4', 'connection_type': '2.5d_emib', 'loc': '2.5d_chiplet'},{'from': 'Chiplet_5', 'to': 'Chiplet_6', 'connection_type': '2.5d_emib', 'loc': '2.5d_chiplet'}",6,1,4,1,1,3,hbm2,ucie_adv,na,0,0,os,1,0,0
20,29.890761987880225,3598763.71,140713.82123507326,438360905.45540357,95274.41934728842,60314.88653936329,20,2.927572174079395,3.8395579270749995,1024,96x96,14,8.112421457366196,12.973514847541198,8192,192x192,10,4.9976252555201786,6.821646341899999,1024,128x128,14,1.578984604787535,1.7054115854749998,768,64x64,14,0.743226759447044,1.3845915837374998,512,64x64,10,1.5385781800824634,3.1172648505374996,1024,96x96,10,2.5d_3d,"{'from': 'Chiplet_4', 'to': 'Chiplet_5', 'connection_type': '3d_tsv', 'loc': 'stack0_base'},{'from': 'Chiplet_5', 'to': 'na', 'connection_type': '3d_tsv', 'loc': 'stack0_top'},{'from': 'Chiplet_2', 'to': 'Chiplet_3', 'connection_type': '2.5d_emib', 'loc': '2.5d_chiplet'},{'from': 'Chiplet_2', 'to': 'Chiplet_1', 'connection_type': '2.5d_emib', 'loc': '2.5d_chiplet'},{'from': 'Chiplet_2', 'to': 'Chiplet_6', 'connection_type': '2.5d_emib', 'loc': '2.5d_chiplet'},{'from': 'Chiplet_6', 'to': 'Chiplet_2', 'connection_type': '2.5d_emib', 'loc': '2.5d_chiplet'},{'from': 'Chiplet_6', 'to': 'Chiplet_1', 'connection_type': '2.5d_emib', 'loc': '2.5d_chiplet'},{'from': 'Chiplet_3', 'to': 'Chiplet_2', 'connection_type': '2.5d_emib', 'loc': '2.5d_chiplet'},{'from': 'Chiplet_3', 'to': 'Chiplet_1', 'connection_type': '2.5d_emib', 'loc': '2.5d_chiplet'},{'from': 'Chiplet_3', 'to': 'Chiplet_4', 'connection_type': '2.5d_emib', 'loc': '2.5d_chiplet'},{'from': 'Chiplet_1', 'to': 'Chiplet_2', 'connection_type': '2.5d_emib', 'loc': '2.5d_chiplet'},{'from': 'Chiplet_1', 'to': 'Chiplet_4', 'connection_type': '2.5d_emib', 'loc': '2.5d_chiplet'},{'from': 'Chiplet_1', 'to': 'Chiplet_6', 'connection_type': '2.5d_emib', 'loc': '2.5d_chiplet'},{'from': 'Chiplet_1', 'to': 'Chiplet_3', 'connection_type': '2.5d_emib', 'loc': '2.5d_chiplet'},{'from': 'Chiplet_4', 'to': 'Chiplet_3', 'connection_type': '2.5d_emib', 'loc': '2.5d_chiplet'},{'from': 'Chiplet_4', 'to': 'Chiplet_1', 'connection_type': '2.5d_emib', 'loc': '2.5d_chiplet'}",2,7,4,1,1,1,hbm2,bow,ucie_3d,1,0,is,1,0,0
21,30.59680280146555,4150513.47,90053.2606635525,478195804.16754854,27344.380603096983,27707.008443808765,21,2.20879254,4.475,3072,128x128,7,3.5867297574793953,3.8395579270749995,2048,96x96,14,2.20879254,4.475,3072,128x128,7,6.033899457366197,12.973514847541198,2048,192x192,10,5.5109919519999995,10.4826,8192,192x192,7,0.743226759447044,1.3845915837374998,512,64x64,10,2.5d,"{'from': 'Chiplet_4', 'to': 'Chiplet_3', 'connection_type': '2.5d_rdl', 'loc': '2.5d_chiplet'},{'from': 'Chiplet_4', 'to': 'Chiplet_1', 'connection_type': '2.5d_rdl', 'loc': '2.5d_chiplet'},{'from': 'Chiplet_4', 'to': 'Chiplet_5', 'connection_type': '2.5d_rdl', 'loc': '2.5d_chiplet'},{'from': 'Chiplet_1', 'to': 'Chiplet_3', 'connection_type': '2.5d_rdl', 'loc': '2.5d_chiplet'},{'from': 'Chiplet_1', 'to': 'Chiplet_4', 'connection_type': '2.5d_rdl', 'loc': '2.5d_chiplet'},{'from': 'Chiplet_3', 'to': 'Chiplet_1', 'connection_type': '2.5d_rdl', 'loc': '2.5d_chiplet'},{'from': 'Chiplet_3', 'to': 'Chiplet_4', 'connection_type': '2.5d_rdl', 'loc': '2.5d_chiplet'},{'from': 'Chiplet_5', 'to': 'Chiplet_2', 'connection_type': '2.5d_rdl', 'loc': '2.5d_chiplet'},{'from': 'Chiplet_5', 'to': 'Chiplet_6', 'connection_type': '2.5d_rdl', 'loc': '2.5d_chiplet'},{'from': 'Chiplet_5', 'to': 'Chiplet_4', 'connection_type': '2.5d_rdl', 'loc': '2.5d_chiplet'},{'from': 'Chiplet_2', 'to': 'Chiplet_6', 'connection_type': '2.5d_rdl', 'loc': '2.5d_chiplet'},{'from': 'Chiplet_2', 'to': 'Chiplet_5', 'connection_type': '2.5d_rdl', 'loc': '2.5d_chiplet'},{'from': 'Chiplet_6', 'to': 'Chiplet_2', 'connection_type': '2.5d_rdl', 'loc': '2.5d_chiplet'},{'from': 'Chiplet_6', 'to': 'Chiplet_5', 'connection_type': '2.5d_rdl', 'loc': '2.5d_chiplet'}",2,3,1,5,4,1,hbm3,ucie_std,na,1,0,is,0,0,0
22,25.974483941457322,2740212.26,167790.37599649283,1101931199.675835,123356.60588364278,81639.1507355438,22,8.112421457366196,12.973514847541198,8192,192x192,10,0.638803,1.11875,1024,64x64,7,1.131132696,2.51875,1536,96x96,7,0.46559300000000003,1.11875,512,64x64,7,0.957922696,2.51875,1024,96x96,7,6.315940422320179,6.821646341899999,3072,128x128,14,2.5d,"{'from': 'Chiplet_1', 'to': 'Chiplet_3', 'connection_type': '2.5d_emib', 'loc': '2.5d_chiplet'},{'from': 'Chiplet_1', 'to': 'Chiplet_6', 'connection_type': '2.5d_emib', 'loc': '2.5d_chiplet'},{'from': 'Chiplet_1', 'to': 'Chiplet_2', 'connection_type': '2.5d_emib', 'loc': '2.5d_chiplet'},{'from': 'Chiplet_2', 'to': 'Chiplet_3', 'connection_type': '2.5d_emib', 'loc': '2.5d_chiplet'},{'from': 'Chiplet_2', 'to': 'Chiplet_1', 'connection_type': '2.5d_emib', 'loc': '2.5d_chiplet'},{'from': 'Chiplet_6', 'to': 'Chiplet_3', 'connection_type': '2.5d_emib', 'loc': '2.5d_chiplet'},{'from': 'Chiplet_6', 'to': 'Chiplet_1', 'connection_type': '2.5d_emib', 'loc': '2.5d_chiplet'},{'from': 'Chiplet_6', 'to': 'Chiplet_5', 'connection_type': '2.5d_emib', 'loc': '2.5d_chiplet'},{'from': 'Chiplet_3', 'to': 'Chiplet_2', 'connection_type': '2.5d_emib', 'loc': '2.5d_chiplet'},{'from': 'Chiplet_3', 'to': 'Chiplet_1', 'connection_type': '2.5d_emib', 'loc': '2.5d_chiplet'},{'from': 'Chiplet_3', 'to': 'Chiplet_4', 'connection_type': '2.5d_emib', 'loc': '2.5d_chiplet'},{'from': 'Chiplet_3', 'to': 'Chiplet_5', 'connection_type': '2.5d_emib', 'loc': '2.5d_chiplet'},{'from': 'Chiplet_3', 'to': 'Chiplet_6', 'connection_type': '2.5d_emib', 'loc': '2.5d_chiplet'},{'from': 'Chiplet_5', 'to': 'Chiplet_3', 'connection_type': '2.5d_emib', 'loc': '2.5d_chiplet'},{'from': 'Chiplet_5', 'to': 'Chiplet_4', 'connection_type': '2.5d_emib', 'loc': '2.5d_chiplet'},{'from': 'Chiplet_5', 'to': 'Chiplet_6', 'connection_type': '2.5d_emib', 'loc': '2.5d_chiplet'},{'from': 'Chiplet_4', 'to': 'Chiplet_3', 'connection_type': '2.5d_emib', 'loc': '2.5d_chiplet'},{'from': 'Chiplet_4', 'to': 'Chiplet_5', 'connection_type': '2.5d_emib', 'loc': '2.5d_chiplet'}",2,1,1,1,1,2,ddr4,aib,na,1,0,ws,1,0,0
23,51.55664800957216,5179463.9,209864.0229699034,926224812.0315727,72306.77201644724,86955.82422000897,23,6.726740457366197,12.973514847541198,4096,192x192,10,6.975099908490179,6.821646341899999,4096,128x128,14,0.957922696,2.51875,1024,96x96,7,3.5867297574793953,3.8395579270749995,2048,96x96,14,14.117807839976791,15.979573171754398,6144,192x192,14,4.1253109519999995,10.4826,4096,192x192,7,2.5d,"{'from': 'Chiplet_5', 'to': 'Chiplet_2', 'connection_type': '2.5d_emib', 'loc': '2.5d_chiplet'},{'from': 'Chiplet_5', 'to': 'Chiplet_1', 'connection_type': '2.5d_emib', 'loc': '2.5d_chiplet'},{'from': 'Chiplet_5', 'to': 'Chiplet_4', 'connection_type': '2.5d_emib', 'loc': '2.5d_chiplet'},{'from': 'Chiplet_5', 'to': 'Chiplet_3', 'connection_type': '2.5d_emib', 'loc': '2.5d_chiplet'},{'from': 'Chiplet_4', 'to': 'Chiplet_3', 'connection_type': '2.5d_emib', 'loc': '2.5d_chiplet'},{'from': 'Chiplet_4', 'to': 'Chiplet_5', 'connection_type': '2.5d_emib', 'loc': '2.5d_chiplet'},{'from': 'Chiplet_3', 'to': 'Chiplet_4', 'connection_type': '2.5d_emib', 'loc': '2.5d_chiplet'},{'from': 'Chiplet_3', 'to': 'Chiplet_5', 'connection_type': '2.5d_emib', 'loc': '2.5d_chiplet'},{'from': 'Chiplet_2', 'to': 'Chiplet_1', 'connection_type': '2.5d_emib', 'loc': '2.5d_chiplet'},{'from': 'Chiplet_2', 'to': 'Chiplet_6', 'connection_type': '2.5d_emib', 'loc': '2.5d_chiplet'},{'from': 'Chiplet_2', 'to': 'Chiplet_5', 'connection_type': '2.5d_emib', 'loc': '2.5d_chiplet'},{'from': 'Chiplet_1', 'to': 'Chiplet_2', 'connection_type': '2.5d_emib', 'loc': '2.5d_chiplet'},{'from': 'Chiplet_1', 'to': 'Chiplet_6', 'connection_type': '2.5d_emib', 'loc': '2.5d_chiplet'},{'from': 'Chiplet_1', 'to': 'Chiplet_5', 'connection_type': '2.5d_emib', 'loc': '2.5d_chiplet'},{'from': 'Chiplet_6', 'to': 'Chiplet_2', 'connection_type': '2.5d_emib', 'loc': '2.5d_chiplet'},{'from': 'Chiplet_6', 'to': 'Chiplet_1', 'connection_type': '2.5d_emib', 'loc': '2.5d_chiplet'}",1,1,1,1,3,1,ddr5,aib,na,0,0,os,1,0,0
24,25.86563840524059,2744071.64,119577.03803885622,1253870080.0364459,136164.67122752112,83352.71176967512,24,0.957922696,2.51875,1024,96x96,7,1.578984604787535,1.7054115854749998,768,64x64,14,0.743226759447044,1.3845915837374998,512,64x64,10,0.743226759447044,1.3845915837374998,512,64x64,10,15.436124909546791,15.979573171754398,8192,192x192,14,0.552198,1.11875,768,64x64,7,2.5d_3d,"{'from': 'Chiplet_3', 'to': 'Chiplet_4', 'connection_type': '3d_tsv', 'loc': 'stack0_base'},{'from': 'Chiplet_4', 'to': 'Chiplet_6', 'connection_type': '3d_tsv', 'loc': 'stack0_middle1'},{'from': 'Chiplet_6', 'to': 'na', 'connection_type': '3d_tsv', 'loc': 'stack0_top'},{'from': 'Chiplet_5', 'to': 'Chiplet_2', 'connection_type': '2.5d_emib', 'loc': '2.5d_chiplet'},{'from': 'Chiplet_5', 'to': 'Chiplet_1', 'connection_type': '2.5d_emib', 'loc': '2.5d_chiplet'},{'from': 'Chiplet_2', 'to': 'Chiplet_3', 'connection_type': '2.5d_emib', 'loc': '2.5d_chiplet'},{'from': 'Chiplet_2', 'to': 'Chiplet_1', 'connection_type': '2.5d_emib', 'loc': '2.5d_chiplet'},{'from': 'Chiplet_2', 'to': 'Chiplet_5', 'connection_type': '2.5d_emib', 'loc': '2.5d_chiplet'},{'from': 'Chiplet_1', 'to': 'Chiplet_3', 'connection_type': '2.5d_emib', 'loc': '2.5d_chiplet'},{'from': 'Chiplet_1', 'to': 'Chiplet_2', 'connection_type': '2.5d_emib', 'loc': '2.5d_chiplet'},{'from': 'Chiplet_1', 'to': 'Chiplet_5', 'connection_type': '2.5d_emib', 'loc': '2.5d_chiplet'},{'from': 'Chiplet_3', 'to': 'Chiplet_2', 'connection_type': '2.5d_emib', 'loc': '2.5d_chiplet'},{'from': 'Chiplet_3', 'to': 'Chiplet_1', 'connection_type': '2.5d_emib', 'loc': '2.5d_chiplet'}",1,1,1,1,3,1,ddr4,ucie_adv,ucie_3d,0,0,os,1,0,0
25,31.009247928146333,2785419.05,163702.93547933022,866757684.3445145,67875.13054831824,49612.93070521852,25,3.5867297574793953,3.8395579270749995,2048,96x96,14,0.638803,1.11875,1024,64x64,7,7.419580457366196,12.973514847541198,6144,192x192,10,0.552198,1.11875,768,64x64,7,0.638803,1.11875,1024,64x64,7,4.9976252555201786,6.821646341899999,1024,128x128,14,2.5d,"{'from': 'Chiplet_3', 'to': 'Chiplet_2', 'connection_type': '2.5d_emib', 'loc': '2.5d_chiplet'},{'from': 'Chiplet_3', 'to': 'Chiplet_1', 'connection_type': '2.5d_emib', 'loc': '2.5d_chiplet'},{'from': 'Chiplet_3', 'to': 'Chiplet_6', 'connection_type': '2.5d_emib', 'loc': '2.5d_chiplet'},{'from': 'Chiplet_3', 'to': 'Chiplet_5', 'connection_type': '2.5d_emib', 'loc': '2.5d_chiplet'},{'from': 'Chiplet_2', 'to': 'Chiplet_3', 'connection_type': '2.5d_emib', 'loc': '2.5d_chiplet'},{'from': 'Chiplet_2', 'to': 'Chiplet_5', 'connection_type': '2.5d_emib', 'loc': '2.5d_chiplet'},{'from': 'Chiplet_5', 'to': 'Chiplet_2', 'connection_type': '2.5d_emib', 'loc': '2.5d_chiplet'},{'from': 'Chiplet_5', 'to': 'Chiplet_3', 'connection_type': '2.5d_emib', 'loc': '2.5d_chiplet'},{'from': 'Chiplet_6', 'to': 'Chiplet_3', 'connection_type': '2.5d_emib', 'loc': '2.5d_chiplet'},{'from': 'Chiplet_6', 'to': 'Chiplet_1', 'connection_type': '2.5d_emib', 'loc': '2.5d_chiplet'},{'from': 'Chiplet_6', 'to': 'Chiplet_4', 'connection_type': '2.5d_emib', 'loc': '2.5d_chiplet'},{'from': 'Chiplet_1', 'to': 'Chiplet_3', 'connection_type': '2.5d_emib', 'loc': '2.5d_chiplet'},{'from': 'Chiplet_1', 'to': 'Chiplet_6', 'connection_type': '2.5d_emib', 'loc': '2.5d_chiplet'},{'from': 'Chiplet_1', 'to': 'Chiplet_4', 'connection_type': '2.5d_emib', 'loc': '2.5d_chiplet'},{'from': 'Chiplet_4', 'to': 'Chiplet_1', 'connection_type': '2.5d_emib', 'loc': '2.5d_chiplet'},{'from': 'Chiplet_4', 'to': 'Chiplet_6', 'connection_type': '2.5d_emib', 'loc': '2.5d_chiplet'}",1,1,3,1,1,1,ddr5,ucie_adv,na,0,0,ws,1,0,0
26,24.14161059659327,2586995.07,54752.34951617372,373496841.9851096,180560.78578870458,93490.22842023685,26,1.578984604787535,1.7054115854749998,768,64x64,14,1.7117881800824635,3.1172648505374996,1536,96x96,10,0.743226759447044,1.3845915837374998,512,64x64,10,0.916436759447044,1.3845915837374998,1024,64x64,10,6.726740457366197,12.973514847541198,4096,192x192,10,2.6264880905479133,5.538366334949999,1024,128x128,10,2.5d,"{'from': 'Chiplet_5', 'to': 'Chiplet_3', 'connection_type': '2.5d_rdl', 'loc': '2.5d_chiplet'},{'from': 'Chiplet_5', 'to': 'Chiplet_6', 'connection_type': '2.5d_rdl', 'loc': '2.5d_chiplet'},{'from': 'Chiplet_3', 'to': 'Chiplet_2', 'connection_type': '2.5d_rdl', 'loc': '2.5d_chiplet'},{'from': 'Chiplet_3', 'to': 'Chiplet_6', 'connection_type': '2.5d_rdl', 'loc': '2.5d_chiplet'},{'from': 'Chiplet_3', 'to': 'Chiplet_5', 'connection_type': '2.5d_rdl', 'loc': '2.5d_chiplet'},{'from': 'Chiplet_6', 'to': 'Chiplet_2', 'connection_type': '2.5d_rdl', 'loc': '2.5d_chiplet'},{'from': 'Chiplet_6', 'to': 'Chiplet_1', 'connection_type': '2.5d_rdl', 'loc': '2.5d_chiplet'},{'from': 'Chiplet_6', 'to': 'Chiplet_4', 'connection_type': '2.5d_rdl', 'loc': '2.5d_chiplet'},{'from': 'Chiplet_6', 'to': 'Chiplet_5', 'connection_type': '2.5d_rdl', 'loc': '2.5d_chiplet'},{'from': 'Chiplet_6', 'to': 'Chiplet_3', 'connection_type': '2.5d_rdl', 'loc': '2.5d_chiplet'},{'from': 'Chiplet_4', 'to': 'Chiplet_1', 'connection_type': '2.5d_rdl', 'loc': '2.5d_chiplet'},{'from': 'Chiplet_4', 'to': 'Chiplet_6', 'connection_type': '2.5d_rdl', 'loc': '2.5d_chiplet'},{'from': 'Chiplet_2', 'to': 'Chiplet_3', 'connection_type': '2.5d_rdl', 'loc': '2.5d_chiplet'},{'from': 'Chiplet_2', 'to': 'Chiplet_1', 'connection_type': '2.5d_rdl', 'loc': '2.5d_chiplet'},{'from': 'Chiplet_2', 'to': 'Chiplet_6', 'connection_type': '2.5d_rdl', 'loc': '2.5d_chiplet'},{'from': 'Chiplet_1', 'to': 'Chiplet_2', 'connection_type': '2.5d_rdl', 'loc': '2.5d_chiplet'},{'from': 'Chiplet_1', 'to': 'Chiplet_4', 'connection_type': '2.5d_rdl', 'loc': '2.5d_chiplet'},{'from': 'Chiplet_1', 'to': 'Chiplet_6', 'connection_type': '2.5d_rdl', 'loc': '2.5d_chiplet'}",2,2,1,1,7,3,hbm3,ucie_std,na,0,0,os,1,0,0
27,17.352158618661765,1656124.37,49406.90002790872,1547463526.1106865,531014.9989933561,184497.47127488133,27,6.975099908490179,6.821646341899999,4096,128x128,14,0.638803,1.11875,1024,64x64,7,0.656621759447044,1.3845915837374998,256,64x64,10,3.5867297574793953,3.8395579270749995,2048,96x96,14,1.743774000637535,1.7054115854749998,1024,64x64,14,0.552198,1.11875,768,64x64,7,2.5d,"{'from': 'Chiplet_1', 'to': 'Chiplet_4', 'connection_type': '2.5d_rdl', 'loc': '2.5d_chiplet'},{'from': 'Chiplet_1', 'to': 'Chiplet_5', 'connection_type': '2.5d_rdl', 'loc': '2.5d_chiplet'},{'from': 'Chiplet_4', 'to': 'Chiplet_3', 'connection_type': '2.5d_rdl', 'loc': '2.5d_chiplet'},{'from': 'Chiplet_4', 'to': 'Chiplet_1', 'connection_type': '2.5d_rdl', 'loc': '2.5d_chiplet'},{'from': 'Chiplet_4', 'to': 'Chiplet_5', 'connection_type': '2.5d_rdl', 'loc': '2.5d_chiplet'},{'from': 'Chiplet_5', 'to': 'Chiplet_3', 'connection_type': '2.5d_rdl', 'loc': '2.5d_chiplet'},{'from': 'Chiplet_5', 'to': 'Chiplet_1', 'connection_type': '2.5d_rdl', 'loc': '2.5d_chiplet'},{'from': 'Chiplet_5', 'to': 'Chiplet_2', 'connection_type': '2.5d_rdl', 'loc': '2.5d_chiplet'},{'from': 'Chiplet_5', 'to': 'Chiplet_4', 'connection_type': '2.5d_rdl', 'loc': '2.5d_chiplet'},{'from': 'Chiplet_3', 'to': 'Chiplet_2', 'connection_type': '2.5d_rdl', 'loc': '2.5d_chiplet'},{'from': 'Chiplet_3', 'to': 'Chiplet_6', 'connection_type': '2.5d_rdl', 'loc': '2.5d_chiplet'},{'from': 'Chiplet_3', 'to': 'Chiplet_4', 'connection_type': '2.5d_rdl', 'loc': '2.5d_chiplet'},{'from': 'Chiplet_3', 'to': 'Chiplet_5', 'connection_type': '2.5d_rdl', 'loc': '2.5d_chiplet'},{'from': 'Chiplet_2', 'to': 'Chiplet_3', 'connection_type': '2.5d_rdl', 'loc': '2.5d_chiplet'},{'from': 'Chiplet_2', 'to': 'Chiplet_6', 'connection_type': '2.5d_rdl', 'loc': '2.5d_chiplet'},{'from': 'Chiplet_2', 'to': 'Chiplet_5', 'connection_type': '2.5d_rdl', 'loc': '2.5d_chiplet'},{'from': 'Chiplet_6', 'to': 'Chiplet_2', 'connection_type': '2.5d_rdl', 'loc': '2.5d_chiplet'},{'from': 'Chiplet_6', 'to': 'Chiplet_3', 'connection_type': '2.5d_rdl', 'loc': '2.5d_chiplet'}",3,1,1,1,1,1,ddr4,ucie_std,na,1,0,ws,1,0,0
28,29.030894664365015,3143238.25,84072.07246602129,1334491803.2675278,29786.112920738327,40825.97868466339,28,0.957922696,2.51875,1024,96x96,7,0.743226759447044,1.3845915837374998,512,64x64,10,6.975099908490179,6.821646341899999,4096,128x128,14,1.743774000637535,1.7054115854749998,1024,64x64,14,6.975099908490179,6.821646341899999,4096,128x128,14,5.5109919519999995,10.4826,8192,192x192,7,2.5d,"{'from': 'Chiplet_3', 'to': 'Chiplet_6', 'connection_type': '2.5d_rdl', 'loc': '2.5d_chiplet'},{'from': 'Chiplet_3', 'to': 'Chiplet_5', 'connection_type': '2.5d_rdl', 'loc': '2.5d_chiplet'},{'from': 'Chiplet_6', 'to': 'Chiplet_3', 'connection_type': '2.5d_rdl', 'loc': '2.5d_chiplet'},{'from': 'Chiplet_6', 'to': 'Chiplet_4', 'connection_type': '2.5d_rdl', 'loc': '2.5d_chiplet'},{'from': 'Chiplet_5', 'to': 'Chiplet_3', 'connection_type': '2.5d_rdl', 'loc': '2.5d_chiplet'},{'from': 'Chiplet_5', 'to': 'Chiplet_1', 'connection_type': '2.5d_rdl', 'loc': '2.5d_chiplet'},{'from': 'Chiplet_5', 'to': 'Chiplet_4', 'connection_type': '2.5d_rdl', 'loc': '2.5d_chiplet'},{'from': 'Chiplet_4', 'to': 'Chiplet_2', 'connection_type': '2.5d_rdl', 'loc': '2.5d_chiplet'},{'from': 'Chiplet_4', 'to': 'Chiplet_1', 'connection_type': '2.5d_rdl', 'loc': '2.5d_chiplet'},{'from': 'Chiplet_4', 'to': 'Chiplet_6', 'connection_type': '2.5d_rdl', 'loc': '2.5d_chiplet'},{'from': 'Chiplet_4', 'to': 'Chiplet_5', 'connection_type': '2.5d_rdl', 'loc': '2.5d_chiplet'},{'from': 'Chiplet_1', 'to': 'Chiplet_2', 'connection_type': '2.5d_rdl', 'loc': '2.5d_chiplet'},{'from': 'Chiplet_1', 'to': 'Chiplet_4', 'connection_type': '2.5d_rdl', 'loc': '2.5d_chiplet'},{'from': 'Chiplet_1', 'to': 'Chiplet_5', 'connection_type': '2.5d_rdl', 'loc': '2.5d_chiplet'},{'from': 'Chiplet_2', 'to': 'Chiplet_1', 'connection_type': '2.5d_rdl', 'loc': '2.5d_chiplet'},{'from': 'Chiplet_2', 'to': 'Chiplet_4', 'connection_type': '2.5d_rdl', 'loc': '2.5d_chiplet'}",1,1,2,1,2,1,ddr5,ucie_std,na,0,0,ws,0,0,0
29,57.991190095870934,6820377.47,245730.1858587919,1833337945.5077543,12237.04292527822,48436.10245107698,29,14.117807839976791,15.979573171754398,6144,192x192,14,8.112421457366196,12.973514847541198,8192,192x192,10,5.5109919519999995,10.4826,8192,192x192,7,0.784712696,2.51875,512,96x96,7,5.5109919519999995,10.4826,8192,192x192,7,8.112421457366196,12.973514847541198,8192,192x192,10,2.5d,"{'from': 'Chiplet_1', 'to': 'Chiplet_2', 'connection_type': '2.5d_emib', 'loc': '2.5d_chiplet'},{'from': 'Chiplet_1', 'to': 'Chiplet_4', 'connection_type': '2.5d_emib', 'loc': '2.5d_chiplet'},{'from': 'Chiplet_1', 'to': 'Chiplet_3', 'connection_type': '2.5d_emib', 'loc': '2.5d_chiplet'},{'from': 'Chiplet_3', 'to': 'Chiplet_6', 'connection_type': '2.5d_emib', 'loc': '2.5d_chiplet'},{'from': 'Chiplet_3', 'to': 'Chiplet_4', 'connection_type': '2.5d_emib', 'loc': '2.5d_chiplet'},{'from': 'Chiplet_3', 'to': 'Chiplet_1', 'connection_type': '2.5d_emib', 'loc': '2.5d_chiplet'},{'from': 'Chiplet_4', 'to': 'Chiplet_3', 'connection_type': '2.5d_emib', 'loc': '2.5d_chiplet'},{'from': 'Chiplet_4', 'to': 'Chiplet_1', 'connection_type': '2.5d_emib', 'loc': '2.5d_chiplet'},{'from': 'Chiplet_2', 'to': 'Chiplet_1', 'connection_type': '2.5d_emib', 'loc': '2.5d_chiplet'},{'from': 'Chiplet_2', 'to': 'Chiplet_6', 'connection_type': '2.5d_emib', 'loc': '2.5d_chiplet'},{'from': 'Chiplet_2', 'to': 'Chiplet_5', 'connection_type': '2.5d_emib', 'loc': '2.5d_chiplet'},{'from': 'Chiplet_5', 'to': 'Chiplet_2', 'connection_type': '2.5d_emib', 'loc': '2.5d_chiplet'},{'from': 'Chiplet_5', 'to': 'Chiplet_6', 'connection_type': '2.5d_emib', 'loc': '2.5d_chiplet'},{'from': 'Chiplet_6', 'to': 'Chiplet_3', 'connection_type': '2.5d_emib', 'loc': '2.5d_chiplet'},{'from': 'Chiplet_6', 'to': 'Chiplet_2', 'connection_type': '2.5d_emib', 'loc': '2.5d_chiplet'},{'from': 'Chiplet_6', 'to': 'Chiplet_5', 'connection_type': '2.5d_emib', 'loc': '2.5d_chiplet'}",3,1,1,1,1,1,ddr4,bow,na,0,0,os,0,0,0
30,19.303560975787544,3047516.03,110947.79117573058,1096180652.9427447,101270.47315783908,82517.9522910529,30,0.656621759447044,1.3845915837374998,256,64x64,10,1.3653681800824635,3.1172648505374996,512,96x96,10,3.432469952,10.4826,2048,192x192,7,3.5867297574793953,3.8395579270749995,2048,96x96,14,8.112421457366196,12.973514847541198,8192,192x192,10,1.249405813087535,1.7054115854749998,256,64x64,14,2.5d_3d,"{'from': 'Chiplet_5', 'to': 'Chiplet_2', 'connection_type': '3d_hyb_bond', 'loc': 'stack0_base'},{'from': 'Chiplet_2', 'to': 'Chiplet_6', 'connection_type': '3d_hyb_bond', 'loc': 'stack0_middle1'},{'from': 'Chiplet_6', 'to': 'Chiplet_1', 'connection_type': '3d_hyb_bond', 'loc': 'stack0_middle2'},{'from': 'Chiplet_1', 'to': 'na', 'connection_type': '3d_hyb_bond', 'loc': 'stack0_top'},{'from': 'Chiplet_5', 'to': 'Chiplet_3', 'connection_type': '2.5d_emib', 'loc': '2.5d_chiplet'},{'from': 'Chiplet_5', 'to': 'Chiplet_4', 'connection_type': '2.5d_emib', 'loc': '2.5d_chiplet'},{'from': 'Chiplet_4', 'to': 'Chiplet_3', 'connection_type': '2.5d_emib', 'loc': '2.5d_chiplet'},{'from': 'Chiplet_4', 'to': 'Chiplet_5', 'connection_type': '2.5d_emib', 'loc': '2.5d_chiplet'},{'from': 'Chiplet_3', 'to': 'Chiplet_4', 'connection_type': '2.5d_emib', 'loc': '2.5d_chiplet'},{'from': 'Chiplet_3', 'to': 'Chiplet_5', 'connection_type': '2.5d_emib', 'loc': '2.5d_chiplet'}",1,1,1,1,3,1,ddr4,aib,ucie_3d,1,0,is,1,0,0
31,17.75794921572596,2956230.27,96342.2936787191,808878078.1067464,62725.92410738865,57996.8495154386,31,2.972908090547913,5.538366334949999,2048,128x128,10,2.927572174079395,3.8395579270749995,1024,96x96,14,0.829831759447044,1.3845915837374998,768,64x64,10,6.975099908490179,6.821646341899999,4096,128x128,14,11.481175603606792,15.979573171754398,2048,192x192,14,2.597993382379395,3.8395579270749995,512,96x96,14,2.5d_3d,"{'from': 'Chiplet_5', 'to': 'Chiplet_4', 'connection_type': '3d_u_bump', 'loc': 'stack0_base'},{'from': 'Chiplet_4', 'to': 'Chiplet_1', 'connection_type': '3d_u_bump', 'loc': 'stack0_middle1'},{'from': 'Chiplet_1', 'to': 'Chiplet_6', 'connection_type': '3d_u_bump', 'loc': 'stack0_middle2'},{'from': 'Chiplet_6', 'to': 'Chiplet_3', 'connection_type': '3d_u_bump', 'loc': 'stack0_middle3'},{'from': 'Chiplet_3', 'to': 'na', 'connection_type': '3d_u_bump', 'loc': 'stack0_top'},{'from': 'Chiplet_5', 'to': 'Chiplet_2', 'connection_type': '2.5d_rdl', 'loc': '2.5d_chiplet'},{'from': 'Chiplet_2', 'to': 'Chiplet_5', 'connection_type': '2.5d_rdl', 'loc': '2.5d_chiplet'}",1,1,1,1,3,1,ddr5,ucie_std,ucie_3d,1,0,ws,1,0,0
32,20.59373702340253,3989705.81,136854.57751557365,1211148614.2115695,13589.089615931722,33065.96064884249,32,5.5109919519999995,10.4826,8192,192x192,7,7.419580457366196,12.973514847541198,6144,192x192,10,2.6264880905479133,5.538366334949999,1024,128x128,10,3.665749090547913,5.538366334949999,4096,128x128,10,1.3653681800824635,3.1172648505374996,512,96x96,10,3.3193280905479132,5.538366334949999,3072,128x128,10,2.5d_3d,"{'from': 'Chiplet_4', 'to': 'Chiplet_6', 'connection_type': '3d_u_bump', 'loc': 'stack0_base'},{'from': 'Chiplet_6', 'to': 'Chiplet_3', 'connection_type': '3d_u_bump', 'loc': 'stack0_middle1'},{'from': 'Chiplet_3', 'to': 'Chiplet_5', 'connection_type': '3d_u_bump', 'loc': 'stack0_middle2'},{'from': 'Chiplet_5', 'to': 'na', 'connection_type': '3d_u_bump', 'loc': 'stack0_top'},{'from': 'Chiplet_2', 'to': 'Chiplet_1', 'connection_type': '2.5d_emib', 'loc': '2.5d_chiplet'},{'from': 'Chiplet_2', 'to': 'Chiplet_4', 'connection_type': '2.5d_emib', 'loc': '2.5d_chiplet'},{'from': 'Chiplet_1', 'to': 'Chiplet_2', 'connection_type': '2.5d_emib', 'loc': '2.5d_chiplet'},{'from': 'Chiplet_1', 'to': 'Chiplet_4', 'connection_type': '2.5d_emib', 'loc': '2.5d_chiplet'},{'from': 'Chiplet_4', 'to': 'Chiplet_2', 'connection_type': '2.5d_emib', 'loc': '2.5d_chiplet'},{'from': 'Chiplet_4', 'to': 'Chiplet_1', 'connection_type': '2.5d_emib', 'loc': '2.5d_chiplet'}",2,2,1,1,1,1,ddr5,aib,ucie_3d,1,0,os,0,0,0
33,31.446040498274428,2726177.12,64505.75190891643,1705383780.4008193,31371.383147853732,47307.19099414479,33,2.927572174079395,3.8395579270749995,1024,96x96,14,1.131132696,2.51875,1536,96x96,7,0.743226759447044,1.3845915837374998,512,64x64,10,0.829831759447044,1.3845915837374998,768,64x64,10,7.419580457366196,12.973514847541198,6144,192x192,10,3.665749090547913,5.538366334949999,4096,128x128,10,2.5d,"{'from': 'Chiplet_5', 'to': 'Chiplet_4', 'connection_type': '2.5d_rdl', 'loc': '2.5d_chiplet'},{'from': 'Chiplet_5', 'to': 'Chiplet_6', 'connection_type': '2.5d_rdl', 'loc': '2.5d_chiplet'},{'from': 'Chiplet_4', 'to': 'Chiplet_6', 'connection_type': '2.5d_rdl', 'loc': '2.5d_chiplet'},{'from': 'Chiplet_4', 'to': 'Chiplet_5', 'connection_type': '2.5d_rdl', 'loc': '2.5d_chiplet'},{'from': 'Chiplet_6', 'to': 'Chiplet_2', 'connection_type': '2.5d_rdl', 'loc': '2.5d_chiplet'},{'from': 'Chiplet_6', 'to': 'Chiplet_1', 'connection_type': '2.5d_rdl', 'loc': '2.5d_chiplet'},{'from': 'Chiplet_6', 'to': 'Chiplet_4', 'connection_type': '2.5d_rdl', 'loc': '2.5d_chiplet'},{'from': 'Chiplet_6', 'to': 'Chiplet_5', 'connection_type': '2.5d_rdl', 'loc': '2.5d_chiplet'},{'from': 'Chiplet_6', 'to': 'Chiplet_3', 'connection_type': '2.5d_rdl', 'loc': '2.5d_chiplet'},{'from': 'Chiplet_3', 'to': 'Chiplet_2', 'connection_type': '2.5d_rdl', 'loc': '2.5d_chiplet'},{'from': 'Chiplet_3', 'to': 'Chiplet_6', 'connection_type': '2.5d_rdl', 'loc': '2.5d_chiplet'},{'from': 'Chiplet_1', 'to': 'Chiplet_2', 'connection_type': '2.5d_rdl', 'loc': '2.5d_chiplet'},{'from': 'Chiplet_1', 'to': 'Chiplet_6', 'connection_type': '2.5d_rdl', 'loc': '2.5d_chiplet'},{'from': 'Chiplet_2', 'to': 'Chiplet_3', 'connection_type': '2.5d_rdl', 'loc': '2.5d_chiplet'},{'from': 'Chiplet_2', 'to': 'Chiplet_1', 'connection_type': '2.5d_rdl', 'loc': '2.5d_chiplet'},{'from': 'Chiplet_2', 'to': 'Chiplet_6', 'connection_type': '2.5d_rdl', 'loc': '2.5d_chiplet'}",1,1,1,1,3,1,ddr4,ucie_std,na,0,0,ws,0,0,0
34,62.215722431110144,6509035.72,122058.20964944732,481430549.20737493,136132.56483970073,156772.9488581211,34,1.304342696,2.51875,2048,96x96,7,7.419580457366196,12.973514847541198,6144,192x192,10,1.249405813087535,1.7054115854749998,256,64x64,14,6.726740457366197,12.973514847541198,4096,192x192,10,8.112421457366196,12.973514847541198,8192,192x192,10,11.481175603606792,15.979573171754398,2048,192x192,14,2.5d,"{'from': 'Chiplet_6', 'to': 'Chiplet_4', 'connection_type': '2.5d_rdl', 'loc': '2.5d_chiplet'},{'from': 'Chiplet_6', 'to': 'Chiplet_5', 'connection_type': '2.5d_rdl', 'loc': '2.5d_chiplet'},{'from': 'Chiplet_4', 'to': 'Chiplet_2', 'connection_type': '2.5d_rdl', 'loc': '2.5d_chiplet'},{'from': 'Chiplet_4', 'to': 'Chiplet_6', 'connection_type': '2.5d_rdl', 'loc': '2.5d_chiplet'},{'from': 'Chiplet_4', 'to': 'Chiplet_5', 'connection_type': '2.5d_rdl', 'loc': '2.5d_chiplet'},{'from': 'Chiplet_5', 'to': 'Chiplet_3', 'connection_type': '2.5d_rdl', 'loc': '2.5d_chiplet'},{'from': 'Chiplet_5', 'to': 'Chiplet_4', 'connection_type': '2.5d_rdl', 'loc': '2.5d_chiplet'},{'from': 'Chiplet_5', 'to': 'Chiplet_6', 'connection_type': '2.5d_rdl', 'loc': '2.5d_chiplet'},{'from': 'Chiplet_5', 'to': 'Chiplet_2', 'connection_type': '2.5d_rdl', 'loc': '2.5d_chiplet'},{'from': 'Chiplet_3', 'to': 'Chiplet_1', 'connection_type': '2.5d_rdl', 'loc': '2.5d_chiplet'},{'from': 'Chiplet_3', 'to': 'Chiplet_5', 'connection_type': '2.5d_rdl', 'loc': '2.5d_chiplet'},{'from': 'Chiplet_2', 'to': 'Chiplet_1', 'connection_type': '2.5d_rdl', 'loc': '2.5d_chiplet'},{'from': 'Chiplet_2', 'to': 'Chiplet_4', 'connection_type': '2.5d_rdl', 'loc': '2.5d_chiplet'},{'from': 'Chiplet_2', 'to': 'Chiplet_5', 'connection_type': '2.5d_rdl', 'loc': '2.5d_chiplet'},{'from': 'Chiplet_1', 'to': 'Chiplet_2', 'connection_type': '2.5d_rdl', 'loc': '2.5d_chiplet'},{'from': 'Chiplet_1', 'to': 'Chiplet_3', 'connection_type': '2.5d_rdl', 'loc': '2.5d_chiplet'}",1,3,1,3,3,5,hbm3,ucie_std,na,0,0,ws,1,0,0
35,52.998536957330586,5008565.45,102045.67420574943,923783165.4605951,98962.69422364341,93428.4586894724,35,15.436124909546791,15.979573171754398,8192,192x192,14,11.481175603606792,15.979573171754398,2048,192x192,14,1.4141952089375351,1.7054115854749998,512,64x64,14,1.249405813087535,1.7054115854749998,256,64x64,14,0.378988,1.11875,256,64x64,7,3.3193280905479132,5.538366334949999,3072,128x128,10,2.5d_3d,"{'from': 'Chiplet_6', 'to': 'Chiplet_3', 'connection_type': '3d_hyb_bond', 'loc': 'stack0_base'},{'from': 'Chiplet_3', 'to': 'na', 'connection_type': '3d_hyb_bond', 'loc': 'stack0_top'},{'from': 'Chiplet_1', 'to': 'Chiplet_2', 'connection_type': '2.5d_rdl', 'loc': '2.5d_chiplet'},{'from': 'Chiplet_1', 'to': 'Chiplet_6', 'connection_type': '2.5d_rdl', 'loc': '2.5d_chiplet'},{'from': 'Chiplet_1', 'to': 'Chiplet_5', 'connection_type': '2.5d_rdl', 'loc': '2.5d_chiplet'},{'from': 'Chiplet_5', 'to': 'Chiplet_1', 'connection_type': '2.5d_rdl', 'loc': '2.5d_chiplet'},{'from': 'Chiplet_5', 'to': 'Chiplet_6', 'connection_type': '2.5d_rdl', 'loc': '2.5d_chiplet'},{'from': 'Chiplet_2', 'to': 'Chiplet_1', 'connection_type': '2.5d_rdl', 'loc': '2.5d_chiplet'},{'from': 'Chiplet_2', 'to': 'Chiplet_6', 'connection_type': '2.5d_rdl', 'loc': '2.5d_chiplet'},{'from': 'Chiplet_2', 'to': 'Chiplet_4', 'connection_type': '2.5d_rdl', 'loc': '2.5d_chiplet'},{'from': 'Chiplet_6', 'to': 'Chiplet_2', 'connection_type': '2.5d_rdl', 'loc': '2.5d_chiplet'},{'from': 'Chiplet_6', 'to': 'Chiplet_1', 'connection_type': '2.5d_rdl', 'loc': '2.5d_chiplet'},{'from': 'Chiplet_6', 'to': 'Chiplet_4', 'connection_type': '2.5d_rdl', 'loc': '2.5d_chiplet'},{'from': 'Chiplet_6', 'to': 'Chiplet_5', 'connection_type': '2.5d_rdl', 'loc': '2.5d_chiplet'},{'from': 'Chiplet_4', 'to': 'Chiplet_2', 'connection_type': '2.5d_rdl', 'loc': '2.5d_chiplet'},{'from': 'Chiplet_4', 'to': 'Chiplet_6', 'connection_type': '2.5d_rdl', 'loc': '2.5d_chiplet'}",2,2,1,1,1,1,ddr5,ucie_std,ucie_3d,0,0,os,1,0,0
36,35.09436976770161,3439329.36,86127.92276879052,1212736312.6240056,45627.352941176476,50335.87597790424,36,6.975099908490179,6.821646341899999,4096,128x128,14,4.1253109519999995,10.4826,4096,192x192,7,2.55521354,4.475,4096,128x128,7,1.743774000637535,1.7054115854749998,1024,64x64,14,6.315940422320179,6.821646341899999,3072,128x128,14,1.7117881800824635,3.1172648505374996,1536,96x96,10,2.5d,"{'from': 'Chiplet_1', 'to': 'Chiplet_3', 'connection_type': '2.5d_rdl', 'loc': '2.5d_chiplet'},{'from': 'Chiplet_1', 'to': 'Chiplet_4', 'connection_type': '2.5d_rdl', 'loc': '2.5d_chiplet'},{'from': 'Chiplet_1', 'to': 'Chiplet_5', 'connection_type': '2.5d_rdl', 'loc': '2.5d_chiplet'},{'from': 'Chiplet_3', 'to': 'Chiplet_1', 'connection_type': '2.5d_rdl', 'loc': '2.5d_chiplet'},{'from': 'Chiplet_3', 'to': 'Chiplet_4', 'connection_type': '2.5d_rdl', 'loc': '2.5d_chiplet'},{'from': 'Chiplet_4', 'to': 'Chiplet_3', 'connection_type': '2.5d_rdl', 'loc': '2.5d_chiplet'},{'from': 'Chiplet_4', 'to': 'Chiplet_1', 'connection_type': '2.5d_rdl', 'loc': '2.5d_chiplet'},{'from': 'Chiplet_5', 'to': 'Chiplet_2', 'connection_type': '2.5d_rdl', 'loc': '2.5d_chiplet'},{'from': 'Chiplet_5', 'to': 'Chiplet_1', 'connection_type': '2.5d_rdl', 'loc': '2.5d_chiplet'},{'from': 'Chiplet_5', 'to': 'Chiplet_6', 'connection_type': '2.5d_rdl', 'loc': '2.5d_chiplet'},{'from': 'Chiplet_2', 'to': 'Chiplet_6', 'connection_type': '2.5d_rdl', 'loc': '2.5d_chiplet'},{'from': 'Chiplet_2', 'to': 'Chiplet_5', 'connection_type': '2.5d_rdl', 'loc': '2.5d_chiplet'},{'from': 'Chiplet_6', 'to': 'Chiplet_2', 'connection_type': '2.5d_rdl', 'loc': '2.5d_chiplet'},{'from': 'Chiplet_6', 'to': 'Chiplet_5', 'connection_type': '2.5d_rdl', 'loc': '2.5d_chiplet'}",2,1,1,1,2,1,ddr5,ucie_std,na,1,0,is,0,0,0
37,20.307376488638855,2479017.02,64825.965301413744,1603903602.1429853,38691.37254901961,50026.28727196456,37,0.916436759447044,1.3845915837374998,1024,64x64,10,1.5385781800824634,3.1172648505374996,1024,96x96,10,0.916436759447044,1.3845915837374998,1024,64x64,10,11.481175603606792,15.979573171754398,2048,192x192,14,0.957922696,2.51875,1024,96x96,7,1.86237254,4.475,2048,128x128,7,2.5d_3d,"{'from': 'Chiplet_3', 'to': 'Chiplet_1', 'connection_type': '3d_tsv', 'loc': 'stack0_base'},{'from': 'Chiplet_1', 'to': 'na', 'connection_type': '3d_tsv', 'loc': 'stack0_top'},{'from': 'Chiplet_4', 'to': 'Chiplet_2', 'connection_type': '2.5d_rdl', 'loc': '2.5d_chiplet'},{'from': 'Chiplet_4', 'to': 'Chiplet_6', 'connection_type': '2.5d_rdl', 'loc': '2.5d_chiplet'},{'from': 'Chiplet_6', 'to': 'Chiplet_3', 'connection_type': '2.5d_rdl', 'loc': '2.5d_chiplet'},{'from': 'Chiplet_6', 'to': 'Chiplet_4', 'connection_type': '2.5d_rdl', 'loc': '2.5d_chiplet'},{'from': 'Chiplet_6', 'to': 'Chiplet_2', 'connection_type': '2.5d_rdl', 'loc': '2.5d_chiplet'},{'from': 'Chiplet_3', 'to': 'Chiplet_6', 'connection_type': '2.5d_rdl', 'loc': '2.5d_chiplet'},{'from': 'Chiplet_3', 'to': 'Chiplet_5', 'connection_type': '2.5d_rdl', 'loc': '2.5d_chiplet'},{'from': 'Chiplet_2', 'to': 'Chiplet_6', 'connection_type': '2.5d_rdl', 'loc': '2.5d_chiplet'},{'from': 'Chiplet_2', 'to': 'Chiplet_4', 'connection_type': '2.5d_rdl', 'loc': '2.5d_chiplet'},{'from': 'Chiplet_2', 'to': 'Chiplet_5', 'connection_type': '2.5d_rdl', 'loc': '2.5d_chiplet'},{'from': 'Chiplet_5', 'to': 'Chiplet_2', 'connection_type': '2.5d_rdl', 'loc': '2.5d_chiplet'},{'from': 'Chiplet_5', 'to': 'Chiplet_3', 'connection_type': '2.5d_rdl', 'loc': '2.5d_chiplet'}",1,1,1,3,1,1,ddr4,ucie_std,ucie_3d,0,0,ws,0,0,0
38,59.753896254522765,4738281.87,102818.45295877682,1686520862.7666662,18355.56438791733,46848.38641162551,38,0.378988,1.11875,256,64x64,7,1.51595254,4.475,1024,128x128,7,12.799492673176792,15.979573171754398,4096,192x192,14,6.726740457366197,12.973514847541198,4096,192x192,10,6.975099908490179,6.821646341899999,4096,128x128,14,2.972908090547913,5.538366334949999,2048,128x128,10,2.5d,"{'from': 'Chiplet_3', 'to': 'Chiplet_6', 'connection_type': '2.5d_rdl', 'loc': '2.5d_chiplet'},{'from': 'Chiplet_3', 'to': 'Chiplet_5', 'connection_type': '2.5d_rdl', 'loc': '2.5d_chiplet'},{'from': 'Chiplet_6', 'to': 'Chiplet_3', 'connection_type': '2.5d_rdl', 'loc': '2.5d_chiplet'},{'from': 'Chiplet_6', 'to': 'Chiplet_4', 'connection_type': '2.5d_rdl', 'loc': '2.5d_chiplet'},{'from': 'Chiplet_6', 'to': 'Chiplet_5', 'connection_type': '2.5d_rdl', 'loc': '2.5d_chiplet'},{'from': 'Chiplet_5', 'to': 'Chiplet_3', 'connection_type': '2.5d_rdl', 'loc': '2.5d_chiplet'},{'from': 'Chiplet_5', 'to': 'Chiplet_1', 'connection_type': '2.5d_rdl', 'loc': '2.5d_chiplet'},{'from': 'Chiplet_5', 'to': 'Chiplet_6', 'connection_type': '2.5d_rdl', 'loc': '2.5d_chiplet'},{'from': 'Chiplet_5', 'to': 'Chiplet_4', 'connection_type': '2.5d_rdl', 'loc': '2.5d_chiplet'},{'from': 'Chiplet_1', 'to': 'Chiplet_2', 'connection_type': '2.5d_rdl', 'loc': '2.5d_chiplet'},{'from': 'Chiplet_1', 'to': 'Chiplet_5', 'connection_type': '2.5d_rdl', 'loc': '2.5d_chiplet'},{'from': 'Chiplet_4', 'to': 'Chiplet_2', 'connection_type': '2.5d_rdl', 'loc': '2.5d_chiplet'},{'from': 'Chiplet_4', 'to': 'Chiplet_6', 'connection_type': '2.5d_rdl', 'loc': '2.5d_chiplet'},{'from': 'Chiplet_4', 'to': 'Chiplet_5', 'connection_type': '2.5d_rdl', 'loc': '2.5d_chiplet'},{'from': 'Chiplet_2', 'to': 'Chiplet_1', 'connection_type': '2.5d_rdl', 'loc': '2.5d_chiplet'},{'from': 'Chiplet_2', 'to': 'Chiplet_4', 'connection_type': '2.5d_rdl', 'loc': '2.5d_chiplet'}",1,1,3,1,1,1,ddr4,ucie_std,na,0,0,os,0,0,0
39,30.88552419506408,3255016.1,177564.24584503393,1193796524.301952,19370.9413202934,35255.0316082452,39,11.481175603606792,15.979573171754398,2048,192x192,14,3.3193280905479132,5.538366334949999,3072,128x128,10,4.1253109519999995,10.4826,4096,192x192,7,0.957922696,2.51875,1024,96x96,7,1.4141952089375351,1.7054115854749998,512,64x64,14,0.378988,1.11875,256,64x64,7,2.5d,"{'from': 'Chiplet_1', 'to': 'Chiplet_3', 'connection_type': '2.5d_emib', 'loc': '2.5d_chiplet'},{'from': 'Chiplet_1', 'to': 'Chiplet_2', 'connection_type': '2.5d_emib', 'loc': '2.5d_chiplet'},{'from': 'Chiplet_3', 'to': 'Chiplet_2', 'connection_type': '2.5d_emib', 'loc': '2.5d_chiplet'},{'from': 'Chiplet_3', 'to': 'Chiplet_1', 'connection_type': '2.5d_emib', 'loc': '2.5d_chiplet'},{'from': 'Chiplet_3', 'to': 'Chiplet_4', 'connection_type': '2.5d_emib', 'loc': '2.5d_chiplet'},{'from': 'Chiplet_3', 'to': 'Chiplet_5', 'connection_type': '2.5d_emib', 'loc': '2.5d_chiplet'},{'from': 'Chiplet_4', 'to': 'Chiplet_3', 'connection_type': '2.5d_emib', 'loc': '2.5d_chiplet'},{'from': 'Chiplet_4', 'to': 'Chiplet_5', 'connection_type': '2.5d_emib', 'loc': '2.5d_chiplet'},{'from': 'Chiplet_2', 'to': 'Chiplet_3', 'connection_type': '2.5d_emib', 'loc': '2.5d_chiplet'},{'from': 'Chiplet_2', 'to': 'Chiplet_1', 'connection_type': '2.5d_emib', 'loc': '2.5d_chiplet'},{'from': 'Chiplet_2', 'to': 'Chiplet_6', 'connection_type': '2.5d_emib', 'loc': '2.5d_chiplet'},{'from': 'Chiplet_2', 'to': 'Chiplet_5', 'connection_type': '2.5d_emib', 'loc': '2.5d_chiplet'},{'from': 'Chiplet_5', 'to': 'Chiplet_2', 'connection_type': '2.5d_emib', 'loc': '2.5d_chiplet'},{'from': 'Chiplet_5', 'to': 'Chiplet_6', 'connection_type': '2.5d_emib', 'loc': '2.5d_chiplet'},{'from': 'Chiplet_5', 'to': 'Chiplet_4', 'connection_type': '2.5d_emib', 'loc': '2.5d_chiplet'},{'from': 'Chiplet_5', 'to': 'Chiplet_3', 'connection_type': '2.5d_emib', 'loc': '2.5d_chiplet'},{'from': 'Chiplet_6', 'to': 'Chiplet_2', 'connection_type': '2.5d_emib', 'loc': '2.5d_chiplet'},{'from': 'Chiplet_6', 'to': 'Chiplet_5', 'connection_type': '2.5d_emib', 'loc': '2.5d_chiplet'}",3,1,1,1,1,1,ddr5,ucie_adv,na,1,0,ws,0,0,0
40,60.0470215128008,4658158.68,101183.79070344436,1257725132.7785702,20725.00814995925,39420.73178310432,40,6.975099908490179,6.821646341899999,4096,128x128,14,1.86237254,4.475,2048,128x128,7,0.638803,1.11875,1024,64x64,7,14.117807839976791,15.979573171754398,6144,192x192,14,6.033899457366197,12.973514847541198,2048,192x192,10,0.916436759447044,1.3845915837374998,1024,64x64,10,2.5d,"{'from': 'Chiplet_4', 'to': 'Chiplet_1', 'connection_type': '2.5d_rdl', 'loc': '2.5d_chiplet'},{'from': 'Chiplet_4', 'to': 'Chiplet_6', 'connection_type': '2.5d_rdl', 'loc': '2.5d_chiplet'},{'from': 'Chiplet_6', 'to': 'Chiplet_1', 'connection_type': '2.5d_rdl', 'loc': '2.5d_chiplet'},{'from': 'Chiplet_6', 'to': 'Chiplet_4', 'connection_type': '2.5d_rdl', 'loc': '2.5d_chiplet'},{'from': 'Chiplet_1', 'to': 'Chiplet_2', 'connection_type': '2.5d_rdl', 'loc': '2.5d_chiplet'},{'from': 'Chiplet_1', 'to': 'Chiplet_4', 'connection_type': '2.5d_rdl', 'loc': '2.5d_chiplet'},{'from': 'Chiplet_1', 'to': 'Chiplet_5', 'connection_type': '2.5d_rdl', 'loc': '2.5d_chiplet'},{'from': 'Chiplet_1', 'to': 'Chiplet_3', 'connection_type': '2.5d_rdl', 'loc': '2.5d_chiplet'},{'from': 'Chiplet_1', 'to': 'Chiplet_6', 'connection_type': '2.5d_rdl', 'loc': '2.5d_chiplet'},{'from': 'Chiplet_3', 'to': 'Chiplet_2', 'connection_type': '2.5d_rdl', 'loc': '2.5d_chiplet'},{'from': 'Chiplet_3', 'to': 'Chiplet_1', 'connection_type': '2.5d_rdl', 'loc': '2.5d_chiplet'},{'from': 'Chiplet_5', 'to': 'Chiplet_2', 'connection_type': '2.5d_rdl', 'loc': '2.5d_chiplet'},{'from': 'Chiplet_5', 'to': 'Chiplet_1', 'connection_type': '2.5d_rdl', 'loc': '2.5d_chiplet'},{'from': 'Chiplet_2', 'to': 'Chiplet_3', 'connection_type': '2.5d_rdl', 'loc': '2.5d_chiplet'},{'from': 'Chiplet_2', 'to': 'Chiplet_1', 'connection_type': '2.5d_rdl', 'loc': '2.5d_chiplet'},{'from': 'Chiplet_2', 'to': 'Chiplet_5', 'connection_type': '2.5d_rdl', 'loc': '2.5d_chiplet'}",1,1,1,3,1,1,ddr5,ucie_std,na,0,0,ws,0,0,0
41,43.32019729544794,4883246.19,206907.74784007372,1155943341.1450038,99354.53854024854,114948.64344102774,41,7.419580457366196,12.973514847541198,6144,192x192,10,4.818150952,10.4826,6144,192x192,7,3.3193280905479132,5.538366334949999,3072,128x128,10,6.975099908490179,6.821646341899999,4096,128x128,14,6.726740457366197,12.973514847541198,4096,192x192,10,1.131132696,2.51875,1536,96x96,7,2.5d,"{'from': 'Chiplet_1', 'to': 'Chiplet_2', 'connection_type': '2.5d_emib', 'loc': '2.5d_chiplet'},{'from': 'Chiplet_1', 'to': 'Chiplet_4', 'connection_type': '2.5d_emib', 'loc': '2.5d_chiplet'},{'from': 'Chiplet_1', 'to': 'Chiplet_3', 'connection_type': '2.5d_emib', 'loc': '2.5d_chiplet'},{'from': 'Chiplet_2', 'to': 'Chiplet_3', 'connection_type': '2.5d_emib', 'loc': '2.5d_chiplet'},{'from': 'Chiplet_2', 'to': 'Chiplet_1', 'connection_type': '2.5d_emib', 'loc': '2.5d_chiplet'},{'from': 'Chiplet_3', 'to': 'Chiplet_2', 'connection_type': '2.5d_emib', 'loc': '2.5d_chiplet'},{'from': 'Chiplet_3', 'to': 'Chiplet_1', 'connection_type': '2.5d_emib', 'loc': '2.5d_chiplet'},{'from': 'Chiplet_4', 'to': 'Chiplet_1', 'connection_type': '2.5d_emib', 'loc': '2.5d_chiplet'},{'from': 'Chiplet_4', 'to': 'Chiplet_6', 'connection_type': '2.5d_emib', 'loc': '2.5d_chiplet'},{'from': 'Chiplet_4', 'to': 'Chiplet_5', 'connection_type': '2.5d_emib', 'loc': '2.5d_chiplet'},{'from': 'Chiplet_5', 'to': 'Chiplet_4', 'connection_type': '2.5d_emib', 'loc': '2.5d_chiplet'},{'from': 'Chiplet_5', 'to': 'Chiplet_6', 'connection_type': '2.5d_emib', 'loc': '2.5d_chiplet'},{'from': 'Chiplet_6', 'to': 'Chiplet_4', 'connection_type': '2.5d_emib', 'loc': '2.5d_chiplet'},{'from': 'Chiplet_6', 'to': 'Chiplet_5', 'connection_type': '2.5d_emib', 'loc': '2.5d_chiplet'}",2,1,1,2,1,1,ddr4,ucie_adv,na,0,0,ws,1,0,0
42,6.033899457366197,3596766.46,170702.7942973047,429022966.16903126,16743.792693792693,18822.98437452106,42,3.665749090547913,5.538366334949999,4096,128x128,10,4.1253109519999995,10.4826,4096,192x192,7,1.249405813087535,1.7054115854749998,256,64x64,14,6.033899457366197,12.973514847541198,2048,192x192,10,1.7117881800824635,3.1172648505374996,1536,96x96,10,1.249405813087535,1.7054115854749998,256,64x64,14,3d,"{'from': 'Chiplet_4', 'to': 'Chiplet_2', 'connection_type': '3d_hyb_bond', 'loc': 'stack0_base'},{'from': 'Chiplet_2', 'to': 'Chiplet_1', 'connection_type': '3d_hyb_bond', 'loc': 'stack0_middle1'},{'from': 'Chiplet_1', 'to': 'Chiplet_5', 'connection_type': '3d_hyb_bond', 'loc': 'stack0_middle2'},{'from': 'Chiplet_5', 'to': 'Chiplet_3', 'connection_type': '3d_hyb_bond', 'loc': 'stack0_middle3'},{'from': 'Chiplet_3', 'to': 'Chiplet_6', 'connection_type': '3d_hyb_bond', 'loc': 'stack0_middle4'},{'from': 'Chiplet_6', 'to': 'na', 'connection_type': '3d_hyb_bond', 'loc': 'stack0_top'}",3,4,1,5,2,1,hbm3,na,ucie_3d,0,0,ws,0,0,0
43,23.05388847278904,1958886.19,50488.99271123794,1731098609.6566591,51113.856209150326,51332.07011449248,43,2.927572174079395,3.8395579270749995,1024,96x96,14,4.9976252555201786,6.821646341899999,1024,128x128,14,1.304342696,2.51875,2048,96x96,7,1.249405813087535,1.7054115854749998,256,64x64,14,1.86237254,4.475,2048,128x128,7,0.743226759447044,1.3845915837374998,512,64x64,10,2.5d,"{'from': 'Chiplet_2', 'to': 'Chiplet_1', 'connection_type': '2.5d_rdl', 'loc': '2.5d_chiplet'},{'from': 'Chiplet_2', 'to': 'Chiplet_4', 'connection_type': '2.5d_rdl', 'loc': '2.5d_chiplet'},{'from': 'Chiplet_4', 'to': 'Chiplet_2', 'connection_type': '2.5d_rdl', 'loc': '2.5d_chiplet'},{'from': 'Chiplet_4', 'to': 'Chiplet_1', 'connection_type': '2.5d_rdl', 'loc': '2.5d_chiplet'},{'from': 'Chiplet_1', 'to': 'Chiplet_2', 'connection_type': '2.5d_rdl', 'loc': '2.5d_chiplet'},{'from': 'Chiplet_1', 'to': 'Chiplet_4', 'connection_type': '2.5d_rdl', 'loc': '2.5d_chiplet'},{'from': 'Chiplet_1', 'to': 'Chiplet_5', 'connection_type': '2.5d_rdl', 'loc': '2.5d_chiplet'},{'from': 'Chiplet_1', 'to': 'Chiplet_3', 'connection_type': '2.5d_rdl', 'loc': '2.5d_chiplet'},{'from': 'Chiplet_1', 'to': 'Chiplet_6', 'connection_type': '2.5d_rdl', 'loc': '2.5d_chiplet'},{'from': 'Chiplet_6', 'to': 'Chiplet_3', 'connection_type': '2.5d_rdl', 'loc': '2.5d_chiplet'},{'from': 'Chiplet_6', 'to': 'Chiplet_1', 'connection_type': '2.5d_rdl', 'loc': '2.5d_chiplet'},{'from': 'Chiplet_5', 'to': 'Chiplet_3', 'connection_type': '2.5d_rdl', 'loc': '2.5d_chiplet'},{'from': 'Chiplet_5', 'to': 'Chiplet_1', 'connection_type': '2.5d_rdl', 'loc': '2.5d_chiplet'},{'from': 'Chiplet_3', 'to': 'Chiplet_1', 'connection_type': '2.5d_rdl', 'loc': '2.5d_chiplet'},{'from': 'Chiplet_3', 'to': 'Chiplet_6', 'connection_type': '2.5d_rdl', 'loc': '2.5d_chiplet'},{'from': 'Chiplet_3', 'to': 'Chiplet_5', 'connection_type': '2.5d_rdl', 'loc': '2.5d_chiplet'}",1,3,1,1,1,1,ddr5,ucie_std,na,1,0,is,0,0,0
44,16.70380285160099,2568231.69,66024.93660826042,1157112961.4632244,21715.885085574573,34565.4460429567,44,0.46559300000000003,1.11875,512,64x64,7,6.726740457366197,12.973514847541198,4096,192x192,10,3.432469952,10.4826,2048,192x192,7,1.51595254,4.475,1024,128x128,7,1.249405813087535,1.7054115854749998,256,64x64,14,0.957922696,2.51875,1024,96x96,7,2.5d_3d,"{'from': 'Chiplet_2', 'to': 'Chiplet_5', 'connection_type': '3d_tsv', 'loc': 'stack0_base'},{'from': 'Chiplet_5', 'to': 'Chiplet_6', 'connection_type': '3d_tsv', 'loc': 'stack0_middle1'},{'from': 'Chiplet_6', 'to': 'na', 'connection_type': '3d_tsv', 'loc': 'stack0_top'},{'from': 'Chiplet_2', 'to': 'Chiplet_3', 'connection_type': '2.5d_rdl', 'loc': '2.5d_chiplet'},{'from': 'Chiplet_2', 'to': 'Chiplet_4', 'connection_type': '2.5d_rdl', 'loc': '2.5d_chiplet'},{'from': 'Chiplet_3', 'to': 'Chiplet_2', 'connection_type': '2.5d_rdl', 'loc': '2.5d_chiplet'},{'from': 'Chiplet_3', 'to': 'Chiplet_1', 'connection_type': '2.5d_rdl', 'loc': '2.5d_chiplet'},{'from': 'Chiplet_3', 'to': 'Chiplet_4', 'connection_type': '2.5d_rdl', 'loc': '2.5d_chiplet'},{'from': 'Chiplet_4', 'to': 'Chiplet_2', 'connection_type': '2.5d_rdl', 'loc': '2.5d_chiplet'},{'from': 'Chiplet_4', 'to': 'Chiplet_1', 'connection_type': '2.5d_rdl', 'loc': '2.5d_chiplet'},{'from': 'Chiplet_4', 'to': 'Chiplet_3', 'connection_type': '2.5d_rdl', 'loc': '2.5d_chiplet'},{'from': 'Chiplet_1', 'to': 'Chiplet_3', 'connection_type': '2.5d_rdl', 'loc': '2.5d_chiplet'},{'from': 'Chiplet_1', 'to': 'Chiplet_4', 'connection_type': '2.5d_rdl', 'loc': '2.5d_chiplet'}",1,3,1,1,1,1,ddr5,ucie_std,ucie_3d,0,0,is,0,0,0
45,47.147509437956145,3716921.58,83866.05483343148,1602610182.293787,25304.019607843136,48486.452359238654,45,1.7117881800824635,3.1172648505374996,1536,96x96,10,3.5867297574793953,3.8395579270749995,2048,96x96,14,11.481175603606792,15.979573171754398,2048,192x192,14,6.033899457366197,12.973514847541198,2048,192x192,10,2.927572174079395,3.8395579270749995,1024,96x96,14,0.46559300000000003,1.11875,512,64x64,7,2.5d,"{'from': 'Chiplet_3', 'to': 'Chiplet_1', 'connection_type': '2.5d_rdl', 'loc': '2.5d_chiplet'},{'from': 'Chiplet_3', 'to': 'Chiplet_4', 'connection_type': '2.5d_rdl', 'loc': '2.5d_chiplet'},{'from': 'Chiplet_1', 'to': 'Chiplet_3', 'connection_type': '2.5d_rdl', 'loc': '2.5d_chiplet'},{'from': 'Chiplet_1', 'to': 'Chiplet_4', 'connection_type': '2.5d_rdl', 'loc': '2.5d_chiplet'},{'from': 'Chiplet_4', 'to': 'Chiplet_2', 'connection_type': '2.5d_rdl', 'loc': '2.5d_chiplet'},{'from': 'Chiplet_4', 'to': 'Chiplet_1', 'connection_type': '2.5d_rdl', 'loc': '2.5d_chiplet'},{'from': 'Chiplet_4', 'to': 'Chiplet_5', 'connection_type': '2.5d_rdl', 'loc': '2.5d_chiplet'},{'from': 'Chiplet_4', 'to': 'Chiplet_3', 'connection_type': '2.5d_rdl', 'loc': '2.5d_chiplet'},{'from': 'Chiplet_4', 'to': 'Chiplet_6', 'connection_type': '2.5d_rdl', 'loc': '2.5d_chiplet'},{'from': 'Chiplet_6', 'to': 'Chiplet_4', 'connection_type': '2.5d_rdl', 'loc': '2.5d_chiplet'},{'from': 'Chiplet_6', 'to': 'Chiplet_5', 'connection_type': '2.5d_rdl', 'loc': '2.5d_chiplet'},{'from': 'Chiplet_2', 'to': 'Chiplet_4', 'connection_type': '2.5d_rdl', 'loc': '2.5d_chiplet'},{'from': 'Chiplet_2', 'to': 'Chiplet_5', 'connection_type': '2.5d_rdl', 'loc': '2.5d_chiplet'},{'from': 'Chiplet_5', 'to': 'Chiplet_2', 'connection_type': '2.5d_rdl', 'loc': '2.5d_chiplet'},{'from': 'Chiplet_5', 'to': 'Chiplet_6', 'connection_type': '2.5d_rdl', 'loc': '2.5d_chiplet'},{'from': 'Chiplet_5', 'to': 'Chiplet_4', 'connection_type': '2.5d_rdl', 'loc': '2.5d_chiplet'}",1,1,3,1,1,1,ddr4,ucie_std,na,0,0,ws,0,0,0
46,21.156141229330366,3588401.81,143189.19018049262,1099371648.849699,135039.55649090433,109552.547032548,46,1.131132696,2.51875,1536,96x96,7,2.20879254,4.475,3072,128x128,7,5.5109919519999995,10.4826,8192,192x192,7,1.743774000637535,1.7054115854749998,1024,64x64,14,6.726740457366197,12.973514847541198,4096,192x192,10,2.597993382379395,3.8395579270749995,512,96x96,14,2.5d_3d,"{'from': 'Chiplet_5', 'to': 'Chiplet_4', 'connection_type': '3d_u_bump', 'loc': 'stack0_base'},{'from': 'Chiplet_4', 'to': 'Chiplet_1', 'connection_type': '3d_u_bump', 'loc': 'stack0_middle1'},{'from': 'Chiplet_1', 'to': 'na', 'connection_type': '3d_u_bump', 'loc': 'stack0_top'},{'from': 'Chiplet_5', 'to': 'Chiplet_3', 'connection_type': '2.5d_emib', 'loc': '2.5d_chiplet'},{'from': 'Chiplet_5', 'to': 'Chiplet_6', 'connection_type': '2.5d_emib', 'loc': '2.5d_chiplet'},{'from': 'Chiplet_5', 'to': 'Chiplet_2', 'connection_type': '2.5d_emib', 'loc': '2.5d_chiplet'},{'from': 'Chiplet_2', 'to': 'Chiplet_6', 'connection_type': '2.5d_emib', 'loc': '2.5d_chiplet'},{'from': 'Chiplet_2', 'to': 'Chiplet_5', 'connection_type': '2.5d_emib', 'loc': '2.5d_chiplet'},{'from': 'Chiplet_3', 'to': 'Chiplet_6', 'connection_type': '2.5d_emib', 'loc': '2.5d_chiplet'},{'from': 'Chiplet_3', 'to': 'Chiplet_5', 'connection_type': '2.5d_emib', 'loc': '2.5d_chiplet'},{'from': 'Chiplet_6', 'to': 'Chiplet_2', 'connection_type': '2.5d_emib', 'loc': '2.5d_chiplet'},{'from': 'Chiplet_6', 'to': 'Chiplet_3', 'connection_type': '2.5d_emib', 'loc': '2.5d_chiplet'},{'from': 'Chiplet_6', 'to': 'Chiplet_5', 'connection_type': '2.5d_emib', 'loc': '2.5d_chiplet'}",1,1,2,1,2,1,ddr4,ucie_adv,ucie_3d,1,0,ws,1,0,0
47,4.7681435651969695,731379.04,129545.49365111261,367336495.3112677,1066658.7760499006,153973.77810283774,47,0.638803,1.11875,1024,64x64,7,0.829831759447044,1.3845915837374998,768,64x64,10,0.46559300000000003,1.11875,512,64x64,7,0.656621759447044,1.3845915837374998,256,64x64,10,0.378988,1.11875,256,64x64,7,0.656621759447044,1.3845915837374998,256,64x64,10,2.5d,"{'from': 'Chiplet_2', 'to': 'Chiplet_1', 'connection_type': '2.5d_emib', 'loc': '2.5d_chiplet'},{'from': 'Chiplet_2', 'to': 'Chiplet_4', 'connection_type': '2.5d_emib', 'loc': '2.5d_chiplet'},{'from': 'Chiplet_2', 'to': 'Chiplet_5', 'connection_type': '2.5d_emib', 'loc': '2.5d_chiplet'},{'from': 'Chiplet_1', 'to': 'Chiplet_2', 'connection_type': '2.5d_emib', 'loc': '2.5d_chiplet'},{'from': 'Chiplet_1', 'to': 'Chiplet_5', 'connection_type': '2.5d_emib', 'loc': '2.5d_chiplet'},{'from': 'Chiplet_5', 'to': 'Chiplet_2', 'connection_type': '2.5d_emib', 'loc': '2.5d_chiplet'},{'from': 'Chiplet_5', 'to': 'Chiplet_1', 'connection_type': '2.5d_emib', 'loc': '2.5d_chiplet'},{'from': 'Chiplet_5', 'to': 'Chiplet_6', 'connection_type': '2.5d_emib', 'loc': '2.5d_chiplet'},{'from': 'Chiplet_4', 'to': 'Chiplet_2', 'connection_type': '2.5d_emib', 'loc': '2.5d_chiplet'},{'from': 'Chiplet_4', 'to': 'Chiplet_6', 'connection_type': '2.5d_emib', 'loc': '2.5d_chiplet'},{'from': 'Chiplet_4', 'to': 'Chiplet_3', 'connection_type': '2.5d_emib', 'loc': '2.5d_chiplet'},{'from': 'Chiplet_3', 'to': 'Chiplet_6', 'connection_type': '2.5d_emib', 'loc': '2.5d_chiplet'},{'from': 'Chiplet_3', 'to': 'Chiplet_4', 'connection_type': '2.5d_emib', 'loc': '2.5d_chiplet'},{'from': 'Chiplet_6', 'to': 'Chiplet_3', 'connection_type': '2.5d_emib', 'loc': '2.5d_chiplet'},{'from': 'Chiplet_6', 'to': 'Chiplet_4', 'connection_type': '2.5d_emib', 'loc': '2.5d_chiplet'},{'from': 'Chiplet_6', 'to': 'Chiplet_5', 'connection_type': '2.5d_emib', 'loc': '2.5d_chiplet'}",3,3,2,3,2,3,hbm3,aib,na,0,0,ws,1,0,0
48,27.75342576287796,3000491.34,75997.90475421883,1228352396.601844,11297.70588235294,29368.866367506533,48,3.3193280905479132,5.538366334949999,3072,128x128,10,4.818150952,10.4826,6144,192x192,7,1.7117881800824635,3.1172648505374996,1536,96x96,10,4.9976252555201786,6.821646341899999,1024,128x128,14,3.665749090547913,5.538366334949999,4096,128x128,10,0.552198,1.11875,768,64x64,7,2.5d,"{'from': 'Chiplet_4', 'to': 'Chiplet_2', 'connection_type': '2.5d_rdl', 'loc': '2.5d_chiplet'},{'from': 'Chiplet_4', 'to': 'Chiplet_1', 'connection_type': '2.5d_rdl', 'loc': '2.5d_chiplet'},{'from': 'Chiplet_4', 'to': 'Chiplet_3', 'connection_type': '2.5d_rdl', 'loc': '2.5d_chiplet'},{'from': 'Chiplet_1', 'to': 'Chiplet_3', 'connection_type': '2.5d_rdl', 'loc': '2.5d_chiplet'},{'from': 'Chiplet_1', 'to': 'Chiplet_4', 'connection_type': '2.5d_rdl', 'loc': '2.5d_chiplet'},{'from': 'Chiplet_3', 'to': 'Chiplet_1', 'connection_type': '2.5d_rdl', 'loc': '2.5d_chiplet'},{'from': 'Chiplet_3', 'to': 'Chiplet_4', 'connection_type': '2.5d_rdl', 'loc': '2.5d_chiplet'},{'from': 'Chiplet_2', 'to': 'Chiplet_6', 'connection_type': '2.5d_rdl', 'loc': '2.5d_chiplet'},{'from': 'Chiplet_2', 'to': 'Chiplet_4', 'connection_type': '2.5d_rdl', 'loc': '2.5d_chiplet'},{'from': 'Chiplet_2', 'to': 'Chiplet_5', 'connection_type': '2.5d_rdl', 'loc': '2.5d_chiplet'},{'from': 'Chiplet_5', 'to': 'Chiplet_2', 'connection_type': '2.5d_rdl', 'loc': '2.5d_chiplet'},{'from': 'Chiplet_5', 'to': 'Chiplet_6', 'connection_type': '2.5d_rdl', 'loc': '2.5d_chiplet'},{'from': 'Chiplet_6', 'to': 'Chiplet_2', 'connection_type': '2.5d_rdl', 'loc': '2.5d_chiplet'},{'from': 'Chiplet_6', 'to': 'Chiplet_5', 'connection_type': '2.5d_rdl', 'loc': '2.5d_chiplet'}",1,2,1,2,1,1,ddr5,ucie_std,na,0,0,os,0,0,0
49,8.112421457366194,4651664.84,245976.88010657686,1690075666.9581232,20932.843137254906,50100.74195152639,49,4.818150952,10.4826,6144,192x192,7,8.112421457366196,12.973514847541198,8192,192x192,10,4.1253109519999995,10.4826,4096,192x192,7,5.656782838920179,6.821646341899999,2048,128x128,14,1.3653681800824635,3.1172648505374996,512,96x96,10,2.6264880905479133,5.538366334949999,1024,128x128,10,3d,"{'from': 'Chiplet_2', 'to': 'Chiplet_4', 'connection_type': '3d_hyb_bond', 'loc': 'stack0_base'},{'from': 'Chiplet_4', 'to': 'Chiplet_1', 'connection_type': '3d_hyb_bond', 'loc': 'stack0_middle1'},{'from': 'Chiplet_1', 'to': 'Chiplet_3', 'connection_type': '3d_hyb_bond', 'loc': 'stack0_middle2'},{'from': 'Chiplet_3', 'to': 'Chiplet_6', 'connection_type': '3d_hyb_bond', 'loc': 'stack0_middle3'},{'from': 'Chiplet_6', 'to': 'Chiplet_5', 'connection_type': '3d_hyb_bond', 'loc': 'stack0_middle4'},{'from': 'Chiplet_5', 'to': 'na', 'connection_type': '3d_hyb_bond', 'loc': 'stack0_top'}",1,2,1,2,1,1,ddr4,na,ucie_3d,1,0,is,0,0,0
50,28.657130993165506,5450159.06,159821.6659028224,709059657.7350891,15935.0,26543.940181116137,50,1.4141952089375351,1.7054115854749998,512,64x64,14,0.552198,1.11875,768,64x64,7,8.112421457366196,12.973514847541198,8192,192x192,10,4.1253109519999995,10.4826,4096,192x192,7,2.597993382379395,3.8395579270749995,512,96x96,14,15.436124909546791,15.979573171754398,8192,192x192,14,2.5d_3d,"{'from': 'Chiplet_6', 'to': 'Chiplet_3', 'connection_type': '3d_hyb_bond', 'loc': 'stack0_base'},{'from': 'Chiplet_3', 'to': 'Chiplet_4', 'connection_type': '3d_hyb_bond', 'loc': 'stack0_middle1'},{'from': 'Chiplet_4', 'to': 'Chiplet_2', 'connection_type': '3d_hyb_bond', 'loc': 'stack0_middle2'},{'from': 'Chiplet_2', 'to': 'na', 'connection_type': '3d_hyb_bond', 'loc': 'stack0_top'},{'from': 'Chiplet_6', 'to': 'Chiplet_1', 'connection_type': '2.5d_emib', 'loc': '2.5d_chiplet'},{'from': 'Chiplet_6', 'to': 'Chiplet_5', 'connection_type': '2.5d_emib', 'loc': '2.5d_chiplet'},{'from': 'Chiplet_5', 'to': 'Chiplet_1', 'connection_type': '2.5d_emib', 'loc': '2.5d_chiplet'},{'from': 'Chiplet_5', 'to': 'Chiplet_6', 'connection_type': '2.5d_emib', 'loc': '2.5d_chiplet'},{'from': 'Chiplet_1', 'to': 'Chiplet_6', 'connection_type': '2.5d_emib', 'loc': '2.5d_chiplet'},{'from': 'Chiplet_1', 'to': 'Chiplet_5', 'connection_type': '2.5d_emib', 'loc': '2.5d_chiplet'}",1,1,4,2,1,7,hbm2,aib,ucie_3d,1,0,os,0,0,0
51,65.21171776574884,6316459.23,116010.42739753447,579126720.0101156,12982.432432432433,23312.682837512766,51,15.436124909546791,15.979573171754398,8192,192x192,14,1.51595254,4.475,1024,128x128,7,7.419580457366196,12.973514847541198,6144,192x192,10,3.3193280905479132,5.538366334949999,3072,128x128,10,0.378988,1.11875,256,64x64,7,6.033899457366197,12.973514847541198,2048,192x192,10,2.5d,"{'from': 'Chiplet_1', 'to': 'Chiplet_3', 'connection_type': '2.5d_rdl', 'loc': '2.5d_chiplet'},{'from': 'Chiplet_1', 'to': 'Chiplet_2', 'connection_type': '2.5d_rdl', 'loc': '2.5d_chiplet'},{'from': 'Chiplet_2', 'to': 'Chiplet_3', 'connection_type': '2.5d_rdl', 'loc': '2.5d_chiplet'},{'from': 'Chiplet_2', 'to': 'Chiplet_1', 'connection_type': '2.5d_rdl', 'loc': '2.5d_chiplet'},{'from': 'Chiplet_3', 'to': 'Chiplet_2', 'connection_type': '2.5d_rdl', 'loc': '2.5d_chiplet'},{'from': 'Chiplet_3', 'to': 'Chiplet_1', 'connection_type': '2.5d_rdl', 'loc': '2.5d_chiplet'},{'from': 'Chiplet_3', 'to': 'Chiplet_4', 'connection_type': '2.5d_rdl', 'loc': '2.5d_chiplet'},{'from': 'Chiplet_3', 'to': 'Chiplet_5', 'connection_type': '2.5d_rdl', 'loc': '2.5d_chiplet'},{'from': 'Chiplet_3', 'to': 'Chiplet_6', 'connection_type': '2.5d_rdl', 'loc': '2.5d_chiplet'},{'from': 'Chiplet_5', 'to': 'Chiplet_3', 'connection_type': '2.5d_rdl', 'loc': '2.5d_chiplet'},{'from': 'Chiplet_5', 'to': 'Chiplet_4', 'connection_type': '2.5d_rdl', 'loc': '2.5d_chiplet'},{'from': 'Chiplet_6', 'to': 'Chiplet_3', 'connection_type': '2.5d_rdl', 'loc': '2.5d_chiplet'},{'from': 'Chiplet_6', 'to': 'Chiplet_4', 'connection_type': '2.5d_rdl', 'loc': '2.5d_chiplet'},{'from': 'Chiplet_4', 'to': 'Chiplet_3', 'connection_type': '2.5d_rdl', 'loc': '2.5d_chiplet'},{'from': 'Chiplet_4', 'to': 'Chiplet_6', 'connection_type': '2.5d_rdl', 'loc': '2.5d_chiplet'},{'from': 'Chiplet_4', 'to': 'Chiplet_5', 'connection_type': '2.5d_rdl', 'loc': '2.5d_chiplet'}",7,1,3,1,1,3,hbm2,ucie_std,na,1,0,ws,0,0,0
52,59.838047822395076,5946908.54,182677.79267298983,1334175620.9958205,23680.683624801273,45674.42604002038,52,15.436124909546791,15.979573171754398,8192,192x192,14,5.656782838920179,6.821646341899999,2048,128x128,14,3.3193280905479132,5.538366334949999,3072,128x128,10,14.117807839976791,15.979573171754398,6144,192x192,14,1.7117881800824635,3.1172648505374996,1536,96x96,10,0.46559300000000003,1.11875,512,64x64,7,2.5d_3d,"{'from': 'Chiplet_5', 'to': 'Chiplet_6', 'connection_type': '3d_u_bump', 'loc': 'stack0_base'},{'from': 'Chiplet_6', 'to': 'na', 'connection_type': '3d_u_bump', 'loc': 'stack0_top'},{'from': 'Chiplet_1', 'to': 'Chiplet_2', 'connection_type': '2.5d_emib', 'loc': '2.5d_chiplet'},{'from': 'Chiplet_1', 'to': 'Chiplet_4', 'connection_type': '2.5d_emib', 'loc': '2.5d_chiplet'},{'from': 'Chiplet_1', 'to': 'Chiplet_3', 'connection_type': '2.5d_emib', 'loc': '2.5d_chiplet'},{'from': 'Chiplet_1', 'to': 'Chiplet_5', 'connection_type': '2.5d_emib', 'loc': '2.5d_chiplet'},{'from': 'Chiplet_3', 'to': 'Chiplet_1', 'connection_type': '2.5d_emib', 'loc': '2.5d_chiplet'},{'from': 'Chiplet_3', 'to': 'Chiplet_5', 'connection_type': '2.5d_emib', 'loc': '2.5d_chiplet'},{'from': 'Chiplet_5', 'to': 'Chiplet_3', 'connection_type': '2.5d_emib', 'loc': '2.5d_chiplet'},{'from': 'Chiplet_5', 'to': 'Chiplet_1', 'connection_type': '2.5d_emib', 'loc': '2.5d_chiplet'},{'from': 'Chiplet_4', 'to': 'Chiplet_2', 'connection_type': '2.5d_emib', 'loc': '2.5d_chiplet'},{'from': 'Chiplet_4', 'to': 'Chiplet_1', 'connection_type': '2.5d_emib', 'loc': '2.5d_chiplet'},{'from': 'Chiplet_2', 'to': 'Chiplet_1', 'connection_type': '2.5d_emib', 'loc': '2.5d_chiplet'},{'from': 'Chiplet_2', 'to': 'Chiplet_4', 'connection_type': '2.5d_emib', 'loc': '2.5d_chiplet'}",2,1,1,2,1,1,ddr5,ucie_adv,ucie_3d,1,0,is,0,0,0
53,49.11178523716408,5457268.83,112119.78443108352,463288661.6906894,177759.04392572065,177172.90805060812,53,2.20879254,4.475,3072,128x128,7,0.829831759447044,1.3845915837374998,768,64x64,10,3.5867297574793953,3.8395579270749995,2048,96x96,14,6.726740457366197,12.973514847541198,4096,192x192,10,6.033899457366197,12.973514847541198,2048,192x192,10,14.117807839976791,15.979573171754398,6144,192x192,14,2.5d,"{'from': 'Chiplet_6', 'to': 'Chiplet_2', 'connection_type': '2.5d_rdl', 'loc': '2.5d_chiplet'},{'from': 'Chiplet_6', 'to': 'Chiplet_1', 'connection_type': '2.5d_rdl', 'loc': '2.5d_chiplet'},{'from': 'Chiplet_6', 'to': 'Chiplet_4', 'connection_type': '2.5d_rdl', 'loc': '2.5d_chiplet'},{'from': 'Chiplet_6', 'to': 'Chiplet_5', 'connection_type': '2.5d_rdl', 'loc': '2.5d_chiplet'},{'from': 'Chiplet_1', 'to': 'Chiplet_2', 'connection_type': '2.5d_rdl', 'loc': '2.5d_chiplet'},{'from': 'Chiplet_1', 'to': 'Chiplet_6', 'connection_type': '2.5d_rdl', 'loc': '2.5d_chiplet'},{'from': 'Chiplet_2', 'to': 'Chiplet_1', 'connection_type': '2.5d_rdl', 'loc': '2.5d_chiplet'},{'from': 'Chiplet_2', 'to': 'Chiplet_6', 'connection_type': '2.5d_rdl', 'loc': '2.5d_chiplet'},{'from': 'Chiplet_4', 'to': 'Chiplet_3', 'connection_type': '2.5d_rdl', 'loc': '2.5d_chiplet'},{'from': 'Chiplet_4', 'to': 'Chiplet_6', 'connection_type': '2.5d_rdl', 'loc': '2.5d_chiplet'},{'from': 'Chiplet_4', 'to': 'Chiplet_5', 'connection_type': '2.5d_rdl', 'loc': '2.5d_chiplet'},{'from': 'Chiplet_5', 'to': 'Chiplet_3', 'connection_type': '2.5d_rdl', 'loc': '2.5d_chiplet'},{'from': 'Chiplet_5', 'to': 'Chiplet_4', 'connection_type': '2.5d_rdl', 'loc': '2.5d_chiplet'},{'from': 'Chiplet_5', 'to': 'Chiplet_6', 'connection_type': '2.5d_rdl', 'loc': '2.5d_chiplet'},{'from': 'Chiplet_3', 'to': 'Chiplet_4', 'connection_type': '2.5d_rdl', 'loc': '2.5d_chiplet'},{'from': 'Chiplet_3', 'to': 'Chiplet_5', 'connection_type': '2.5d_rdl', 'loc': '2.5d_chiplet'}",1,1,1,3,3,7,hbm3,ucie_std,na,1,0,ws,1,0,0
54,24.924983540535983,2350476.97,62750.55148543836,1145345475.4829051,449844.86973548203,226013.87000558074,54,6.315940422320179,6.821646341899999,3072,128x128,14,1.249405813087535,1.7054115854749998,256,64x64,14,0.784712696,2.51875,512,96x96,7,6.315940422320179,6.821646341899999,3072,128x128,14,3.665749090547913,5.538366334949999,4096,128x128,10,0.829831759447044,1.3845915837374998,768,64x64,10,2.5d,"{'from': 'Chiplet_1', 'to': 'Chiplet_4', 'connection_type': '2.5d_rdl', 'loc': '2.5d_chiplet'},{'from': 'Chiplet_1', 'to': 'Chiplet_5', 'connection_type': '2.5d_rdl', 'loc': '2.5d_chiplet'},{'from': 'Chiplet_5', 'to': 'Chiplet_2', 'connection_type': '2.5d_rdl', 'loc': '2.5d_chiplet'},{'from': 'Chiplet_5', 'to': 'Chiplet_1', 'connection_type': '2.5d_rdl', 'loc': '2.5d_chiplet'},{'from': 'Chiplet_4', 'to': 'Chiplet_2', 'connection_type': '2.5d_rdl', 'loc': '2.5d_chiplet'},{'from': 'Chiplet_4', 'to': 'Chiplet_1', 'connection_type': '2.5d_rdl', 'loc': '2.5d_chiplet'},{'from': 'Chiplet_4', 'to': 'Chiplet_6', 'connection_type': '2.5d_rdl', 'loc': '2.5d_chiplet'},{'from': 'Chiplet_2', 'to': 'Chiplet_3', 'connection_type': '2.5d_rdl', 'loc': '2.5d_chiplet'},{'from': 'Chiplet_2', 'to': 'Chiplet_4', 'connection_type': '2.5d_rdl', 'loc': '2.5d_chiplet'},{'from': 'Chiplet_2', 'to': 'Chiplet_6', 'connection_type': '2.5d_rdl', 'loc': '2.5d_chiplet'},{'from': 'Chiplet_2', 'to': 'Chiplet_5', 'connection_type': '2.5d_rdl', 'loc': '2.5d_chiplet'},{'from': 'Chiplet_6', 'to': 'Chiplet_2', 'connection_type': '2.5d_rdl', 'loc': '2.5d_chiplet'},{'from': 'Chiplet_6', 'to': 'Chiplet_4', 'connection_type': '2.5d_rdl', 'loc': '2.5d_chiplet'},{'from': 'Chiplet_6', 'to': 'Chiplet_3', 'connection_type': '2.5d_rdl', 'loc': '2.5d_chiplet'},{'from': 'Chiplet_3', 'to': 'Chiplet_2', 'connection_type': '2.5d_rdl', 'loc': '2.5d_chiplet'},{'from': 'Chiplet_3', 'to': 'Chiplet_6', 'connection_type': '2.5d_rdl', 'loc': '2.5d_chiplet'}",2,1,1,2,1,1,ddr5,ucie_std,na,0,0,is,1,0,0
55,32.412339594771744,4162436.93,93457.30865120413,1302821989.08433,14059.885085574573,34315.66623857409,55,2.6264880905479133,5.538366334949999,1024,128x128,10,6.315940422320179,6.821646341899999,3072,128x128,14,0.378988,1.11875,256,64x64,7,7.419580457366196,12.973514847541198,6144,192x192,10,1.7117881800824635,3.1172648505374996,1536,96x96,10,5.5109919519999995,10.4826,8192,192x192,7,2.5d_3d,"{'from': 'Chiplet_2', 'to': 'Chiplet_3', 'connection_type': '3d_u_bump', 'loc': 'stack0_base'},{'from': 'Chiplet_3', 'to': 'na', 'connection_type': '3d_u_bump', 'loc': 'stack0_top'},{'from': 'Chiplet_4', 'to': 'Chiplet_2', 'connection_type': '2.5d_rdl', 'loc': '2.5d_chiplet'},{'from': 'Chiplet_4', 'to': 'Chiplet_1', 'connection_type': '2.5d_rdl', 'loc': '2.5d_chiplet'},{'from': 'Chiplet_4', 'to': 'Chiplet_6', 'connection_type': '2.5d_rdl', 'loc': '2.5d_chiplet'},{'from': 'Chiplet_4', 'to': 'Chiplet_5', 'connection_type': '2.5d_rdl', 'loc': '2.5d_chiplet'},{'from': 'Chiplet_1', 'to': 'Chiplet_4', 'connection_type': '2.5d_rdl', 'loc': '2.5d_chiplet'},{'from': 'Chiplet_1', 'to': 'Chiplet_5', 'connection_type': '2.5d_rdl', 'loc': '2.5d_chiplet'},{'from': 'Chiplet_5', 'to': 'Chiplet_1', 'connection_type': '2.5d_rdl', 'loc': '2.5d_chiplet'},{'from': 'Chiplet_5', 'to': 'Chiplet_4', 'connection_type': '2.5d_rdl', 'loc': '2.5d_chiplet'},{'from': 'Chiplet_2', 'to': 'Chiplet_6', 'connection_type': '2.5d_rdl', 'loc': '2.5d_chiplet'},{'from': 'Chiplet_2', 'to': 'Chiplet_4', 'connection_type': '2.5d_rdl', 'loc': '2.5d_chiplet'},{'from': 'Chiplet_6', 'to': 'Chiplet_2', 'connection_type': '2.5d_rdl', 'loc': '2.5d_chiplet'},{'from': 'Chiplet_6', 'to': 'Chiplet_4', 'connection_type': '2.5d_rdl', 'loc': '2.5d_chiplet'}",1,2,1,2,1,1,ddr5,ucie_std,ucie_3d,0,0,ws,0,0,0
56,35.8456554409498,5535452.27,118673.13138755667,527298826.82558024,77615.36862132557,75721.64777808395,56,1.86237254,4.475,2048,128x128,7,6.975099908490179,6.821646341899999,4096,128x128,14,14.117807839976791,15.979573171754398,6144,192x192,14,6.315940422320179,6.821646341899999,3072,128x128,14,1.578984604787535,1.7054115854749998,768,64x64,14,4.1253109519999995,10.4826,4096,192x192,7,2.5d_3d,"{'from': 'Chiplet_3', 'to': 'Chiplet_6', 'connection_type': '3d_u_bump', 'loc': 'stack0_base'},{'from': 'Chiplet_6', 'to': 'Chiplet_1', 'connection_type': '3d_u_bump', 'loc': 'stack0_middle1'},{'from': 'Chiplet_1', 'to': 'na', 'connection_type': '3d_u_bump', 'loc': 'stack0_top'},{'from': 'Chiplet_3', 'to': 'Chiplet_2', 'connection_type': '2.5d_rdl', 'loc': '2.5d_chiplet'},{'from': 'Chiplet_3', 'to': 'Chiplet_4', 'connection_type': '2.5d_rdl', 'loc': '2.5d_chiplet'},{'from': 'Chiplet_2', 'to': 'Chiplet_3', 'connection_type': '2.5d_rdl', 'loc': '2.5d_chiplet'},{'from': 'Chiplet_2', 'to': 'Chiplet_4', 'connection_type': '2.5d_rdl', 'loc': '2.5d_chiplet'},{'from': 'Chiplet_2', 'to': 'Chiplet_5', 'connection_type': '2.5d_rdl', 'loc': '2.5d_chiplet'},{'from': 'Chiplet_4', 'to': 'Chiplet_3', 'connection_type': '2.5d_rdl', 'loc': '2.5d_chiplet'},{'from': 'Chiplet_4', 'to': 'Chiplet_2', 'connection_type': '2.5d_rdl', 'loc': '2.5d_chiplet'},{'from': 'Chiplet_4', 'to': 'Chiplet_5', 'connection_type': '2.5d_rdl', 'loc': '2.5d_chiplet'},{'from': 'Chiplet_5', 'to': 'Chiplet_2', 'connection_type': '2.5d_rdl', 'loc': '2.5d_chiplet'},{'from': 'Chiplet_5', 'to': 'Chiplet_4', 'connection_type': '2.5d_rdl', 'loc': '2.5d_chiplet'}",1,3,6,3,1,2,hbm2,ucie_std,ucie_3d,1,0,is,1,0,0
57,16.29355344528918,1503417.41,34611.735108054134,477454384.7057266,1176520.9554946623,279882.1206939206,57,1.578984604787535,1.7054115854749998,768,64x64,14,0.656621759447044,1.3845915837374998,256,64x64,10,1.578984604787535,1.7054115854749998,768,64x64,14,0.957922696,2.51875,1024,96x96,7,0.743226759447044,1.3845915837374998,512,64x64,10,3.5867297574793953,3.8395579270749995,2048,96x96,14,2.5d,"{'from': 'Chiplet_6', 'to': 'Chiplet_1', 'connection_type': '2.5d_rdl', 'loc': '2.5d_chiplet'},{'from': 'Chiplet_6', 'to': 'Chiplet_5', 'connection_type': '2.5d_rdl', 'loc': '2.5d_chiplet'},{'from': 'Chiplet_5', 'to': 'Chiplet_3', 'connection_type': '2.5d_rdl', 'loc': '2.5d_chiplet'},{'from': 'Chiplet_5', 'to': 'Chiplet_1', 'connection_type': '2.5d_rdl', 'loc': '2.5d_chiplet'},{'from': 'Chiplet_5', 'to': 'Chiplet_6', 'connection_type': '2.5d_rdl', 'loc': '2.5d_chiplet'},{'from': 'Chiplet_1', 'to': 'Chiplet_3', 'connection_type': '2.5d_rdl', 'loc': '2.5d_chiplet'},{'from': 'Chiplet_1', 'to': 'Chiplet_4', 'connection_type': '2.5d_rdl', 'loc': '2.5d_chiplet'},{'from': 'Chiplet_1', 'to': 'Chiplet_6', 'connection_type': '2.5d_rdl', 'loc': '2.5d_chiplet'},{'from': 'Chiplet_1', 'to': 'Chiplet_5', 'connection_type': '2.5d_rdl', 'loc': '2.5d_chiplet'},{'from': 'Chiplet_4', 'to': 'Chiplet_2', 'connection_type': '2.5d_rdl', 'loc': '2.5d_chiplet'},{'from': 'Chiplet_4', 'to': 'Chiplet_1', 'connection_type': '2.5d_rdl', 'loc': '2.5d_chiplet'},{'from': 'Chiplet_3', 'to': 'Chiplet_2', 'connection_type': '2.5d_rdl', 'loc': '2.5d_chiplet'},{'from': 'Chiplet_3', 'to': 'Chiplet_1', 'connection_type': '2.5d_rdl', 'loc': '2.5d_chiplet'},{'from': 'Chiplet_3', 'to': 'Chiplet_5', 'connection_type': '2.5d_rdl', 'loc': '2.5d_chiplet'},{'from': 'Chiplet_2', 'to': 'Chiplet_3', 'connection_type': '2.5d_rdl', 'loc': '2.5d_chiplet'},{'from': 'Chiplet_2', 'to': 'Chiplet_4', 'connection_type': '2.5d_rdl', 'loc': '2.5d_chiplet'}",3,1,3,2,1,6,hbm2,ucie_std,na,1,0,is,1,0,0
58,42.22337652728711,5412084.41,224720.67037341502,1780473660.2067935,12237.122416534181,44916.59966599335,58,2.6264880905479133,5.538366334949999,1024,128x128,10,0.378988,1.11875,256,64x64,7,11.481175603606792,15.979573171754398,2048,192x192,14,5.5109919519999995,10.4826,8192,192x192,7,5.5109919519999995,10.4826,8192,192x192,7,5.5109919519999995,10.4826,8192,192x192,7,2.5d,"{'from': 'Chiplet_3', 'to': 'Chiplet_2', 'connection_type': '2.5d_emib', 'loc': '2.5d_chiplet'},{'from': 'Chiplet_3', 'to': 'Chiplet_1', 'connection_type': '2.5d_emib', 'loc': '2.5d_chiplet'},{'from': 'Chiplet_3', 'to': 'Chiplet_4', 'connection_type': '2.5d_emib', 'loc': '2.5d_chiplet'},{'from': 'Chiplet_1', 'to': 'Chiplet_2', 'connection_type': '2.5d_emib', 'loc': '2.5d_chiplet'},{'from': 'Chiplet_1', 'to': 'Chiplet_3', 'connection_type': '2.5d_emib', 'loc': '2.5d_chiplet'},{'from': 'Chiplet_1', 'to': 'Chiplet_5', 'connection_type': '2.5d_emib', 'loc': '2.5d_chiplet'},{'from': 'Chiplet_2', 'to': 'Chiplet_3', 'connection_type': '2.5d_emib', 'loc': '2.5d_chiplet'},{'from': 'Chiplet_2', 'to': 'Chiplet_1', 'connection_type': '2.5d_emib', 'loc': '2.5d_chiplet'},{'from': 'Chiplet_4', 'to': 'Chiplet_3', 'connection_type': '2.5d_emib', 'loc': '2.5d_chiplet'},{'from': 'Chiplet_4', 'to': 'Chiplet_6', 'connection_type': '2.5d_emib', 'loc': '2.5d_chiplet'},{'from': 'Chiplet_4', 'to': 'Chiplet_5', 'connection_type': '2.5d_emib', 'loc': '2.5d_chiplet'},{'from': 'Chiplet_6', 'to': 'Chiplet_4', 'connection_type': '2.5d_emib', 'loc': '2.5d_chiplet'},{'from': 'Chiplet_6', 'to': 'Chiplet_5', 'connection_type': '2.5d_emib', 'loc': '2.5d_chiplet'},{'from': 'Chiplet_5', 'to': 'Chiplet_1', 'connection_type': '2.5d_emib', 'loc': '2.5d_chiplet'},{'from': 'Chiplet_5', 'to': 'Chiplet_4', 'connection_type': '2.5d_emib', 'loc': '2.5d_chiplet'},{'from': 'Chiplet_5', 'to': 'Chiplet_6', 'connection_type': '2.5d_emib', 'loc': '2.5d_chiplet'}",1,1,3,1,1,1,ddr4,bow,na,0,0,ws,0,0,0
59,29.036999819578348,3670971.48,73225.35799505965,600816290.340139,27389.723444374606,26577.40599303333,59,1.3653681800824635,3.1172648505374996,512,96x96,10,1.8849981800824636,3.1172648505374996,2048,96x96,10,0.829831759447044,1.3845915837374998,768,64x64,10,3.665749090547913,5.538366334949999,4096,128x128,10,1.4141952089375351,1.7054115854749998,512,64x64,14,14.117807839976791,15.979573171754398,6144,192x192,14,2.5d_3d,"{'from': 'Chiplet_4', 'to': 'Chiplet_5', 'connection_type': '3d_tsv', 'loc': 'stack0_base'},{'from': 'Chiplet_5', 'to': 'Chiplet_1', 'connection_type': '3d_tsv', 'loc': 'stack0_middle1'},{'from': 'Chiplet_1', 'to': 'na', 'connection_type': '3d_tsv', 'loc': 'stack0_top'},{'from': 'Chiplet_6', 'to': 'Chiplet_2', 'connection_type': '2.5d_rdl', 'loc': '2.5d_chiplet'},{'from': 'Chiplet_6', 'to': 'Chiplet_4', 'connection_type': '2.5d_rdl', 'loc': '2.5d_chiplet'},{'from': 'Chiplet_4', 'to': 'Chiplet_2', 'connection_type': '2.5d_rdl', 'loc': '2.5d_chiplet'},{'from': 'Chiplet_4', 'to': 'Chiplet_6', 'connection_type': '2.5d_rdl', 'loc': '2.5d_chiplet'},{'from': 'Chiplet_4', 'to': 'Chiplet_3', 'connection_type': '2.5d_rdl', 'loc': '2.5d_chiplet'},{'from': 'Chiplet_2', 'to': 'Chiplet_3', 'connection_type': '2.5d_rdl', 'loc': '2.5d_chiplet'},{'from': 'Chiplet_2', 'to': 'Chiplet_4', 'connection_type': '2.5d_rdl', 'loc': '2.5d_chiplet'},{'from': 'Chiplet_2', 'to': 'Chiplet_6', 'connection_type': '2.5d_rdl', 'loc': '2.5d_chiplet'},{'from': 'Chiplet_3', 'to': 'Chiplet_2', 'connection_type': '2.5d_rdl', 'loc': '2.5d_chiplet'},{'from': 'Chiplet_3', 'to': 'Chiplet_4', 'connection_type': '2.5d_rdl', 'loc': '2.5d_chiplet'}",1,1,1,2,1,10,hbm2,ucie_std,ucie_3d,1,0,ws,0,0,0
60,34.68554176398764,3717422.78,172264.6149752972,392412552.72320795,105826.1633658511,75949.04169722083,60,0.957922696,2.51875,1024,96x96,7,1.578984604787535,1.7054115854749998,768,64x64,14,11.481175603606792,15.979573171754398,2048,192x192,14,1.51595254,4.475,1024,128x128,7,5.656782838920179,6.821646341899999,2048,128x128,14,2.927572174079395,3.8395579270749995,1024,96x96,14,2.5d,"{'from': 'Chiplet_3', 'to': 'Chiplet_1', 'connection_type': '2.5d_emib', 'loc': '2.5d_chiplet'},{'from': 'Chiplet_3', 'to': 'Chiplet_6', 'connection_type': '2.5d_emib', 'loc': '2.5d_chiplet'},{'from': 'Chiplet_3', 'to': 'Chiplet_5', 'connection_type': '2.5d_emib', 'loc': '2.5d_chiplet'},{'from': 'Chiplet_1', 'to': 'Chiplet_3', 'connection_type': '2.5d_emib', 'loc': '2.5d_chiplet'},{'from': 'Chiplet_1', 'to': 'Chiplet_6', 'connection_type': '2.5d_emib', 'loc': '2.5d_chiplet'},{'from': 'Chiplet_5', 'to': 'Chiplet_3', 'connection_type': '2.5d_emib', 'loc': '2.5d_chiplet'},{'from': 'Chiplet_5', 'to': 'Chiplet_6', 'connection_type': '2.5d_emib', 'loc': '2.5d_chiplet'},{'from': 'Chiplet_5', 'to': 'Chiplet_2', 'connection_type': '2.5d_emib', 'loc': '2.5d_chiplet'},{'from': 'Chiplet_6', 'to': 'Chiplet_2', 'connection_type': '2.5d_emib', 'loc': '2.5d_chiplet'},{'from': 'Chiplet_6', 'to': 'Chiplet_1', 'connection_type': '2.5d_emib', 'loc': '2.5d_chiplet'},{'from': 'Chiplet_6', 'to': 'Chiplet_4', 'connection_type': '2.5d_emib', 'loc': '2.5d_chiplet'},{'from': 'Chiplet_6', 'to': 'Chiplet_5', 'connection_type': '2.5d_emib', 'loc': '2.5d_chiplet'},{'from': 'Chiplet_6', 'to': 'Chiplet_3', 'connection_type': '2.5d_emib', 'loc': '2.5d_chiplet'},{'from': 'Chiplet_2', 'to': 'Chiplet_4', 'connection_type': '2.5d_emib', 'loc': '2.5d_chiplet'},{'from': 'Chiplet_2', 'to': 'Chiplet_6', 'connection_type': '2.5d_emib', 'loc': '2.5d_chiplet'},{'from': 'Chiplet_2', 'to': 'Chiplet_5', 'connection_type': '2.5d_emib', 'loc': '2.5d_chiplet'},{'from': 'Chiplet_4', 'to': 'Chiplet_2', 'connection_type': '2.5d_emib', 'loc': '2.5d_chiplet'},{'from': 'Chiplet_4', 'to': 'Chiplet_6', 'connection_type': '2.5d_emib', 'loc': '2.5d_chiplet'}",1,1,7,1,4,2,hbm2,bow,na,1,0,ws,1,0,0
61,30.01994829958202,3064860.03,171885.2973783368,1582178571.7988825,32920.686274509804,51455.47605947403,61,0.552198,1.11875,768,64x64,7,3.5867297574793953,3.8395579270749995,2048,96x96,14,1.578984604787535,1.7054115854749998,768,64x64,14,6.033899457366197,12.973514847541198,2048,192x192,10,4.9976252555201786,6.821646341899999,1024,128x128,14,3.432469952,10.4826,2048,192x192,7,2.5d,"{'from': 'Chiplet_4', 'to': 'Chiplet_2', 'connection_type': '2.5d_emib', 'loc': '2.5d_chiplet'},{'from': 'Chiplet_4', 'to': 'Chiplet_1', 'connection_type': '2.5d_emib', 'loc': '2.5d_chiplet'},{'from': 'Chiplet_4', 'to': 'Chiplet_6', 'connection_type': '2.5d_emib', 'loc': '2.5d_chiplet'},{'from': 'Chiplet_4', 'to': 'Chiplet_5', 'connection_type': '2.5d_emib', 'loc': '2.5d_chiplet'},{'from': 'Chiplet_6', 'to': 'Chiplet_1', 'connection_type': '2.5d_emib', 'loc': '2.5d_chiplet'},{'from': 'Chiplet_6', 'to': 'Chiplet_4', 'connection_type': '2.5d_emib', 'loc': '2.5d_chiplet'},{'from': 'Chiplet_1', 'to': 'Chiplet_4', 'connection_type': '2.5d_emib', 'loc': '2.5d_chiplet'},{'from': 'Chiplet_1', 'to': 'Chiplet_6', 'connection_type': '2.5d_emib', 'loc': '2.5d_chiplet'},{'from': 'Chiplet_5', 'to': 'Chiplet_2', 'connection_type': '2.5d_emib', 'loc': '2.5d_chiplet'},{'from': 'Chiplet_5', 'to': 'Chiplet_4', 'connection_type': '2.5d_emib', 'loc': '2.5d_chiplet'},{'from': 'Chiplet_5', 'to': 'Chiplet_3', 'connection_type': '2.5d_emib', 'loc': '2.5d_chiplet'},{'from': 'Chiplet_2', 'to': 'Chiplet_3', 'connection_type': '2.5d_emib', 'loc': '2.5d_chiplet'},{'from': 'Chiplet_2', 'to': 'Chiplet_4', 'connection_type': '2.5d_emib', 'loc': '2.5d_chiplet'},{'from': 'Chiplet_2', 'to': 'Chiplet_5', 'connection_type': '2.5d_emib', 'loc': '2.5d_chiplet'},{'from': 'Chiplet_3', 'to': 'Chiplet_2', 'connection_type': '2.5d_emib', 'loc': '2.5d_chiplet'},{'from': 'Chiplet_3', 'to': 'Chiplet_5', 'connection_type': '2.5d_emib', 'loc': '2.5d_chiplet'}",1,1,1,2,2,1,ddr4,bow,na,1,0,is,0,0,0
62,30.12323388864861,3155775.35,86985.10178003313,953163810.5500491,140155.4219739453,99757.88273928897,62,1.4141952089375351,1.7054115854749998,512,64x64,14,2.55521354,4.475,4096,128x128,7,3.665749090547913,5.538366334949999,4096,128x128,10,1.304342696,2.51875,2048,96x96,7,1.4141952089375351,1.7054115854749998,512,64x64,14,14.117807839976791,15.979573171754398,6144,192x192,14,2.5d,"{'from': 'Chiplet_6', 'to': 'Chiplet_3', 'connection_type': '2.5d_rdl', 'loc': '2.5d_chiplet'},{'from': 'Chiplet_6', 'to': 'Chiplet_2', 'connection_type': '2.5d_rdl', 'loc': '2.5d_chiplet'},{'from': 'Chiplet_3', 'to': 'Chiplet_2', 'connection_type': '2.5d_rdl', 'loc': '2.5d_chiplet'},{'from': 'Chiplet_3', 'to': 'Chiplet_1', 'connection_type': '2.5d_rdl', 'loc': '2.5d_chiplet'},{'from': 'Chiplet_3', 'to': 'Chiplet_6', 'connection_type': '2.5d_rdl', 'loc': '2.5d_chiplet'},{'from': 'Chiplet_3', 'to': 'Chiplet_5', 'connection_type': '2.5d_rdl', 'loc': '2.5d_chiplet'},{'from': 'Chiplet_5', 'to': 'Chiplet_3', 'connection_type': '2.5d_rdl', 'loc': '2.5d_chiplet'},{'from': 'Chiplet_5', 'to': 'Chiplet_1', 'connection_type': '2.5d_rdl', 'loc': '2.5d_chiplet'},{'from': 'Chiplet_2', 'to': 'Chiplet_3', 'connection_type': '2.5d_rdl', 'loc': '2.5d_chiplet'},{'from': 'Chiplet_2', 'to': 'Chiplet_1', 'connection_type': '2.5d_rdl', 'loc': '2.5d_chiplet'},{'from': 'Chiplet_2', 'to': 'Chiplet_6', 'connection_type': '2.5d_rdl', 'loc': '2.5d_chiplet'},{'from': 'Chiplet_2', 'to': 'Chiplet_4', 'connection_type': '2.5d_rdl', 'loc': '2.5d_chiplet'},{'from': 'Chiplet_1', 'to': 'Chiplet_2', 'connection_type': '2.5d_rdl', 'loc': '2.5d_chiplet'},{'from': 'Chiplet_1', 'to': 'Chiplet_4', 'connection_type': '2.5d_rdl', 'loc': '2.5d_chiplet'},{'from': 'Chiplet_1', 'to': 'Chiplet_3', 'connection_type': '2.5d_rdl', 'loc': '2.5d_chiplet'},{'from': 'Chiplet_1', 'to': 'Chiplet_5', 'connection_type': '2.5d_rdl', 'loc': '2.5d_chiplet'},{'from': 'Chiplet_4', 'to': 'Chiplet_2', 'connection_type': '2.5d_rdl', 'loc': '2.5d_chiplet'},{'from': 'Chiplet_4', 'to': 'Chiplet_1', 'connection_type': '2.5d_rdl', 'loc': '2.5d_chiplet'}",1,1,1,1,1,3,ddr5,ucie_std,na,0,0,ws,1,0,0
63,36.37162593685587,4448570.86,100665.95984933163,527400458.8710257,17340.494505494506,22655.536801700604,63,1.131132696,2.51875,1536,96x96,7,1.131132696,2.51875,1536,96x96,7,0.46559300000000003,1.11875,512,64x64,7,15.436124909546791,15.979573171754398,8192,192x192,14,6.726740457366197,12.973514847541198,4096,192x192,10,3.665749090547913,5.538366334949999,4096,128x128,10,2.5d,"{'from': 'Chiplet_4', 'to': 'Chiplet_6', 'connection_type': '2.5d_rdl', 'loc': '2.5d_chiplet'},{'from': 'Chiplet_4', 'to': 'Chiplet_5', 'connection_type': '2.5d_rdl', 'loc': '2.5d_chiplet'},{'from': 'Chiplet_5', 'to': 'Chiplet_3', 'connection_type': '2.5d_rdl', 'loc': '2.5d_chiplet'},{'from': 'Chiplet_5', 'to': 'Chiplet_6', 'connection_type': '2.5d_rdl', 'loc': '2.5d_chiplet'},{'from': 'Chiplet_5', 'to': 'Chiplet_4', 'connection_type': '2.5d_rdl', 'loc': '2.5d_chiplet'},{'from': 'Chiplet_5', 'to': 'Chiplet_1', 'connection_type': '2.5d_rdl', 'loc': '2.5d_chiplet'},{'from': 'Chiplet_6', 'to': 'Chiplet_2', 'connection_type': '2.5d_rdl', 'loc': '2.5d_chiplet'},{'from': 'Chiplet_6', 'to': 'Chiplet_1', 'connection_type': '2.5d_rdl', 'loc': '2.5d_chiplet'},{'from': 'Chiplet_6', 'to': 'Chiplet_4', 'connection_type': '2.5d_rdl', 'loc': '2.5d_chiplet'},{'from': 'Chiplet_6', 'to': 'Chiplet_5', 'connection_type': '2.5d_rdl', 'loc': '2.5d_chiplet'},{'from': 'Chiplet_1', 'to': 'Chiplet_3', 'connection_type': '2.5d_rdl', 'loc': '2.5d_chiplet'},{'from': 'Chiplet_1', 'to': 'Chiplet_6', 'connection_type': '2.5d_rdl', 'loc': '2.5d_chiplet'},{'from': 'Chiplet_1', 'to': 'Chiplet_2', 'connection_type': '2.5d_rdl', 'loc': '2.5d_chiplet'},{'from': 'Chiplet_1', 'to': 'Chiplet_5', 'connection_type': '2.5d_rdl', 'loc': '2.5d_chiplet'},{'from': 'Chiplet_3', 'to': 'Chiplet_1', 'connection_type': '2.5d_rdl', 'loc': '2.5d_chiplet'},{'from': 'Chiplet_3', 'to': 'Chiplet_5', 'connection_type': '2.5d_rdl', 'loc': '2.5d_chiplet'},{'from': 'Chiplet_2', 'to': 'Chiplet_1', 'connection_type': '2.5d_rdl', 'loc': '2.5d_chiplet'},{'from': 'Chiplet_2', 'to': 'Chiplet_6', 'connection_type': '2.5d_rdl', 'loc': '2.5d_chiplet'}",1,1,1,8,3,2,hbm3,ucie_std,na,1,0,is,0,0,0
64,31.263967469788568,3478427.07,165708.30826210862,544127155.1586967,19770.27027027027,20785.7737382634,64,1.304342696,2.51875,2048,96x96,7,2.972908090547913,5.538366334949999,2048,128x128,10,1.4141952089375351,1.7054115854749998,512,64x64,14,0.916436759447044,1.3845915837374998,1024,64x64,10,3.3193280905479132,5.538366334949999,3072,128x128,10,7.419580457366196,12.973514847541198,6144,192x192,10,2.5d,"{'from': 'Chiplet_6', 'to': 'Chiplet_1', 'connection_type': '2.5d_emib', 'loc': '2.5d_chiplet'},{'from': 'Chiplet_6', 'to': 'Chiplet_5', 'connection_type': '2.5d_emib', 'loc': '2.5d_chiplet'},{'from': 'Chiplet_1', 'to': 'Chiplet_2', 'connection_type': '2.5d_emib', 'loc': '2.5d_chiplet'},{'from': 'Chiplet_1', 'to': 'Chiplet_6', 'connection_type': '2.5d_emib', 'loc': '2.5d_chiplet'},{'from': 'Chiplet_1', 'to': 'Chiplet_5', 'connection_type': '2.5d_emib', 'loc': '2.5d_chiplet'},{'from': 'Chiplet_5', 'to': 'Chiplet_2', 'connection_type': '2.5d_emib', 'loc': '2.5d_chiplet'},{'from': 'Chiplet_5', 'to': 'Chiplet_1', 'connection_type': '2.5d_emib', 'loc': '2.5d_chiplet'},{'from': 'Chiplet_5', 'to': 'Chiplet_6', 'connection_type': '2.5d_emib', 'loc': '2.5d_chiplet'},{'from': 'Chiplet_5', 'to': 'Chiplet_4', 'connection_type': '2.5d_emib', 'loc': '2.5d_chiplet'},{'from': 'Chiplet_4', 'to': 'Chiplet_3', 'connection_type': '2.5d_emib', 'loc': '2.5d_chiplet'},{'from': 'Chiplet_4', 'to': 'Chiplet_5', 'connection_type': '2.5d_emib', 'loc': '2.5d_chiplet'},{'from': 'Chiplet_2', 'to': 'Chiplet_3', 'connection_type': '2.5d_emib', 'loc': '2.5d_chiplet'},{'from': 'Chiplet_2', 'to': 'Chiplet_1', 'connection_type': '2.5d_emib', 'loc': '2.5d_chiplet'},{'from': 'Chiplet_2', 'to': 'Chiplet_5', 'connection_type': '2.5d_emib', 'loc': '2.5d_chiplet'},{'from': 'Chiplet_3', 'to': 'Chiplet_2', 'connection_type': '2.5d_emib', 'loc': '2.5d_chiplet'},{'from': 'Chiplet_3', 'to': 'Chiplet_4', 'connection_type': '2.5d_emib', 'loc': '2.5d_chiplet'}",1,3,1,1,3,7,hbm2,bow,na,1,0,os,0,0,0
65,22.10160299319171,2546709.37,69741.01429242954,1673745102.092784,23528.537360890303,43761.76465843963,65,1.8849981800824636,3.1172648505374996,2048,96x96,10,2.597993382379395,3.8395579270749995,512,96x96,14,0.552198,1.11875,768,64x64,7,1.86237254,4.475,2048,128x128,7,8.112421457366196,12.973514847541198,8192,192x192,10,1.51595254,4.475,1024,128x128,7,2.5d,"{'from': 'Chiplet_5', 'to': 'Chiplet_2', 'connection_type': '2.5d_rdl', 'loc': '2.5d_chiplet'},{'from': 'Chiplet_5', 'to': 'Chiplet_1', 'connection_type': '2.5d_rdl', 'loc': '2.5d_chiplet'},{'from': 'Chiplet_2', 'to': 'Chiplet_1', 'connection_type': '2.5d_rdl', 'loc': '2.5d_chiplet'},{'from': 'Chiplet_2', 'to': 'Chiplet_6', 'connection_type': '2.5d_rdl', 'loc': '2.5d_chiplet'},{'from': 'Chiplet_2', 'to': 'Chiplet_4', 'connection_type': '2.5d_rdl', 'loc': '2.5d_chiplet'},{'from': 'Chiplet_2', 'to': 'Chiplet_5', 'connection_type': '2.5d_rdl', 'loc': '2.5d_chiplet'},{'from': 'Chiplet_6', 'to': 'Chiplet_2', 'connection_type': '2.5d_rdl', 'loc': '2.5d_chiplet'},{'from': 'Chiplet_6', 'to': 'Chiplet_4', 'connection_type': '2.5d_rdl', 'loc': '2.5d_chiplet'},{'from': 'Chiplet_1', 'to': 'Chiplet_3', 'connection_type': '2.5d_rdl', 'loc': '2.5d_chiplet'},{'from': 'Chiplet_1', 'to': 'Chiplet_4', 'connection_type': '2.5d_rdl', 'loc': '2.5d_chiplet'},{'from': 'Chiplet_1', 'to': 'Chiplet_2', 'connection_type': '2.5d_rdl', 'loc': '2.5d_chiplet'},{'from': 'Chiplet_1', 'to': 'Chiplet_5', 'connection_type': '2.5d_rdl', 'loc': '2.5d_chiplet'},{'from': 'Chiplet_4', 'to': 'Chiplet_2', 'connection_type': '2.5d_rdl', 'loc': '2.5d_chiplet'},{'from': 'Chiplet_4', 'to': 'Chiplet_1', 'connection_type': '2.5d_rdl', 'loc': '2.5d_chiplet'},{'from': 'Chiplet_4', 'to': 'Chiplet_6', 'connection_type': '2.5d_rdl', 'loc': '2.5d_chiplet'},{'from': 'Chiplet_4', 'to': 'Chiplet_3', 'connection_type': '2.5d_rdl', 'loc': '2.5d_chiplet'},{'from': 'Chiplet_3', 'to': 'Chiplet_1', 'connection_type': '2.5d_rdl', 'loc': '2.5d_chiplet'},{'from': 'Chiplet_3', 'to': 'Chiplet_4', 'connection_type': '2.5d_rdl', 'loc': '2.5d_chiplet'}",1,1,1,1,3,1,ddr4,ucie_std,na,0,0,ws,0,0,0
66,49.97540090798042,4735036.97,115647.11336734811,1145552320.1404617,199699.49550516697,211586.8696852255,66,0.656621759447044,1.3845915837374998,256,64x64,10,12.799492673176792,15.979573171754398,4096,192x192,14,12.799492673176792,15.979573171754398,4096,192x192,14,2.55521354,4.475,4096,128x128,7,0.552198,1.11875,768,64x64,7,6.726740457366197,12.973514847541198,4096,192x192,10,2.5d,"{'from': 'Chiplet_2', 'to': 'Chiplet_3', 'connection_type': '2.5d_rdl', 'loc': '2.5d_chiplet'},{'from': 'Chiplet_2', 'to': 'Chiplet_6', 'connection_type': '2.5d_rdl', 'loc': '2.5d_chiplet'},{'from': 'Chiplet_6', 'to': 'Chiplet_2', 'connection_type': '2.5d_rdl', 'loc': '2.5d_chiplet'},{'from': 'Chiplet_6', 'to': 'Chiplet_4', 'connection_type': '2.5d_rdl', 'loc': '2.5d_chiplet'},{'from': 'Chiplet_3', 'to': 'Chiplet_2', 'connection_type': '2.5d_rdl', 'loc': '2.5d_chiplet'},{'from': 'Chiplet_3', 'to': 'Chiplet_1', 'connection_type': '2.5d_rdl', 'loc': '2.5d_chiplet'},{'from': 'Chiplet_3', 'to': 'Chiplet_4', 'connection_type': '2.5d_rdl', 'loc': '2.5d_chiplet'},{'from': 'Chiplet_4', 'to': 'Chiplet_3', 'connection_type': '2.5d_rdl', 'loc': '2.5d_chiplet'},{'from': 'Chiplet_4', 'to': 'Chiplet_1', 'connection_type': '2.5d_rdl', 'loc': '2.5d_chiplet'},{'from': 'Chiplet_4', 'to': 'Chiplet_6', 'connection_type': '2.5d_rdl', 'loc': '2.5d_chiplet'},{'from': 'Chiplet_4', 'to': 'Chiplet_5', 'connection_type': '2.5d_rdl', 'loc': '2.5d_chiplet'},{'from': 'Chiplet_1', 'to': 'Chiplet_3', 'connection_type': '2.5d_rdl', 'loc': '2.5d_chiplet'},{'from': 'Chiplet_1', 'to': 'Chiplet_4', 'connection_type': '2.5d_rdl', 'loc': '2.5d_chiplet'},{'from': 'Chiplet_1', 'to': 'Chiplet_5', 'connection_type': '2.5d_rdl', 'loc': '2.5d_chiplet'},{'from': 'Chiplet_5', 'to': 'Chiplet_1', 'connection_type': '2.5d_rdl', 'loc': '2.5d_chiplet'},{'from': 'Chiplet_5', 'to': 'Chiplet_4', 'connection_type': '2.5d_rdl', 'loc': '2.5d_chiplet'}",1,2,2,1,1,1,ddr4,ucie_std,na,1,0,os,1,0,0
67,26.69129960220407,3101838.36,163763.2978765014,338504290.0504807,86499.23322990809,55228.93601478359,67,6.033899457366197,12.973514847541198,2048,192x192,10,4.9976252555201786,6.821646341899999,1024,128x128,14,0.829831759447044,1.3845915837374998,768,64x64,10,1.743774000637535,1.7054115854749998,1024,64x64,14,0.378988,1.11875,256,64x64,7,6.315940422320179,6.821646341899999,3072,128x128,14,2.5d,"{'from': 'Chiplet_6', 'to': 'Chiplet_3', 'connection_type': '2.5d_emib', 'loc': '2.5d_chiplet'},{'from': 'Chiplet_6', 'to': 'Chiplet_1', 'connection_type': '2.5d_emib', 'loc': '2.5d_chiplet'},{'from': 'Chiplet_6', 'to': 'Chiplet_4', 'connection_type': '2.5d_emib', 'loc': '2.5d_chiplet'},{'from': 'Chiplet_4', 'to': 'Chiplet_3', 'connection_type': '2.5d_emib', 'loc': '2.5d_chiplet'},{'from': 'Chiplet_4', 'to': 'Chiplet_6', 'connection_type': '2.5d_emib', 'loc': '2.5d_chiplet'},{'from': 'Chiplet_4', 'to': 'Chiplet_5', 'connection_type': '2.5d_emib', 'loc': '2.5d_chiplet'},{'from': 'Chiplet_3', 'to': 'Chiplet_2', 'connection_type': '2.5d_emib', 'loc': '2.5d_chiplet'},{'from': 'Chiplet_3', 'to': 'Chiplet_6', 'connection_type': '2.5d_emib', 'loc': '2.5d_chiplet'},{'from': 'Chiplet_3', 'to': 'Chiplet_4', 'connection_type': '2.5d_emib', 'loc': '2.5d_chiplet'},{'from': 'Chiplet_3', 'to': 'Chiplet_5', 'connection_type': '2.5d_emib', 'loc': '2.5d_chiplet'},{'from': 'Chiplet_5', 'to': 'Chiplet_3', 'connection_type': '2.5d_emib', 'loc': '2.5d_chiplet'},{'from': 'Chiplet_5', 'to': 'Chiplet_4', 'connection_type': '2.5d_emib', 'loc': '2.5d_chiplet'},{'from': 'Chiplet_1', 'to': 'Chiplet_2', 'connection_type': '2.5d_emib', 'loc': '2.5d_chiplet'},{'from': 'Chiplet_1', 'to': 'Chiplet_6', 'connection_type': '2.5d_emib', 'loc': '2.5d_chiplet'},{'from': 'Chiplet_2', 'to': 'Chiplet_3', 'connection_type': '2.5d_emib', 'loc': '2.5d_chiplet'},{'from': 'Chiplet_2', 'to': 'Chiplet_1', 'connection_type': '2.5d_emib', 'loc': '2.5d_chiplet'}",4,4,1,1,1,5,hbm3,aib,na,0,0,ws,1,0,0
68,17.15139566807083,2808223.51,115854.21063335752,484794760.69977874,35771.62162162162,25971.525413364292,68,1.131132696,2.51875,1536,96x96,7,0.743226759447044,1.3845915837374998,512,64x64,10,6.726740457366197,12.973514847541198,4096,192x192,10,3.5867297574793953,3.8395579270749995,2048,96x96,14,0.743226759447044,1.3845915837374998,512,64x64,10,2.597993382379395,3.8395579270749995,512,96x96,14,2.5d_3d,"{'from': 'Chiplet_6', 'to': 'Chiplet_1', 'connection_type': '3d_hyb_bond', 'loc': 'stack0_base'},{'from': 'Chiplet_1', 'to': 'Chiplet_2', 'connection_type': '3d_hyb_bond', 'loc': 'stack0_middle1'},{'from': 'Chiplet_2', 'to': 'na', 'connection_type': '3d_hyb_bond', 'loc': 'stack0_top'},{'from': 'Chiplet_3', 'to': 'Chiplet_6', 'connection_type': '2.5d_emib', 'loc': '2.5d_chiplet'},{'from': 'Chiplet_3', 'to': 'Chiplet_4', 'connection_type': '2.5d_emib', 'loc': '2.5d_chiplet'},{'from': 'Chiplet_4', 'to': 'Chiplet_3', 'connection_type': '2.5d_emib', 'loc': '2.5d_chiplet'},{'from': 'Chiplet_4', 'to': 'Chiplet_6', 'connection_type': '2.5d_emib', 'loc': '2.5d_chiplet'},{'from': 'Chiplet_4', 'to': 'Chiplet_5', 'connection_type': '2.5d_emib', 'loc': '2.5d_chiplet'},{'from': 'Chiplet_6', 'to': 'Chiplet_3', 'connection_type': '2.5d_emib', 'loc': '2.5d_chiplet'},{'from': 'Chiplet_6', 'to': 'Chiplet_4', 'connection_type': '2.5d_emib', 'loc': '2.5d_chiplet'},{'from': 'Chiplet_6', 'to': 'Chiplet_5', 'connection_type': '2.5d_emib', 'loc': '2.5d_chiplet'},{'from': 'Chiplet_5', 'to': 'Chiplet_4', 'connection_type': '2.5d_emib', 'loc': '2.5d_chiplet'},{'from': 'Chiplet_5', 'to': 'Chiplet_6', 'connection_type': '2.5d_emib', 'loc': '2.5d_chiplet'}",1,1,7,3,1,3,hbm2,bow,ucie_3d,1,0,is,0,0,0
69,62.373847770926496,5119268.63,115411.73117765522,1257773784.806306,24128.761206193973,46175.582623426664,69,0.916436759447044,1.3845915837374998,1024,64x64,10,11.481175603606792,15.979573171754398,2048,192x192,14,1.304342696,2.51875,2048,96x96,7,6.033899457366197,12.973514847541198,2048,192x192,10,1.5385781800824634,3.1172648505374996,1024,96x96,10,15.436124909546791,15.979573171754398,8192,192x192,14,2.5d,"{'from': 'Chiplet_6', 'to': 'Chiplet_2', 'connection_type': '2.5d_rdl', 'loc': '2.5d_chiplet'},{'from': 'Chiplet_6', 'to': 'Chiplet_4', 'connection_type': '2.5d_rdl', 'loc': '2.5d_chiplet'},{'from': 'Chiplet_6', 'to': 'Chiplet_3', 'connection_type': '2.5d_rdl', 'loc': '2.5d_chiplet'},{'from': 'Chiplet_6', 'to': 'Chiplet_5', 'connection_type': '2.5d_rdl', 'loc': '2.5d_chiplet'},{'from': 'Chiplet_5', 'to': 'Chiplet_3', 'connection_type': '2.5d_rdl', 'loc': '2.5d_chiplet'},{'from': 'Chiplet_5', 'to': 'Chiplet_6', 'connection_type': '2.5d_rdl', 'loc': '2.5d_chiplet'},{'from': 'Chiplet_3', 'to': 'Chiplet_6', 'connection_type': '2.5d_rdl', 'loc': '2.5d_chiplet'},{'from': 'Chiplet_3', 'to': 'Chiplet_5', 'connection_type': '2.5d_rdl', 'loc': '2.5d_chiplet'},{'from': 'Chiplet_2', 'to': 'Chiplet_4', 'connection_type': '2.5d_rdl', 'loc': '2.5d_chiplet'},{'from': 'Chiplet_2', 'to': 'Chiplet_6', 'connection_type': '2.5d_rdl', 'loc': '2.5d_chiplet'},{'from': 'Chiplet_2', 'to': 'Chiplet_1', 'connection_type': '2.5d_rdl', 'loc': '2.5d_chiplet'},{'from': 'Chiplet_4', 'to': 'Chiplet_2', 'connection_type': '2.5d_rdl', 'loc': '2.5d_chiplet'},{'from': 'Chiplet_4', 'to': 'Chiplet_1', 'connection_type': '2.5d_rdl', 'loc': '2.5d_chiplet'},{'from': 'Chiplet_4', 'to': 'Chiplet_6', 'connection_type': '2.5d_rdl', 'loc': '2.5d_chiplet'},{'from': 'Chiplet_1', 'to': 'Chiplet_2', 'connection_type': '2.5d_rdl', 'loc': '2.5d_chiplet'},{'from': 'Chiplet_1', 'to': 'Chiplet_4', 'connection_type': '2.5d_rdl', 'loc': '2.5d_chiplet'}",1,2,1,1,1,2,ddr5,ucie_std,na,1,0,is,0,0,0
70,26.792590301708707,3646423.11,158609.1791100101,1140044809.2709672,16486.176470588234,34125.769867941475,70,0.957922696,2.51875,1024,96x96,7,3.432469952,10.4826,2048,192x192,7,4.1253109519999995,10.4826,4096,192x192,7,1.8849981800824636,3.1172648505374996,2048,96x96,10,6.033899457366197,12.973514847541198,2048,192x192,10,2.597993382379395,3.8395579270749995,512,96x96,14,2.5d_3d,"{'from': 'Chiplet_4', 'to': 'Chiplet_1', 'connection_type': '3d_tsv', 'loc': 'stack0_base'},{'from': 'Chiplet_1', 'to': 'na', 'connection_type': '3d_tsv', 'loc': 'stack0_top'},{'from': 'Chiplet_5', 'to': 'Chiplet_3', 'connection_type': '2.5d_emib', 'loc': '2.5d_chiplet'},{'from': 'Chiplet_5', 'to': 'Chiplet_6', 'connection_type': '2.5d_emib', 'loc': '2.5d_chiplet'},{'from': 'Chiplet_5', 'to': 'Chiplet_2', 'connection_type': '2.5d_emib', 'loc': '2.5d_chiplet'},{'from': 'Chiplet_6', 'to': 'Chiplet_2', 'connection_type': '2.5d_emib', 'loc': '2.5d_chiplet'},{'from': 'Chiplet_6', 'to': 'Chiplet_5', 'connection_type': '2.5d_emib', 'loc': '2.5d_chiplet'},{'from': 'Chiplet_3', 'to': 'Chiplet_2', 'connection_type': '2.5d_emib', 'loc': '2.5d_chiplet'},{'from': 'Chiplet_3', 'to': 'Chiplet_4', 'connection_type': '2.5d_emib', 'loc': '2.5d_chiplet'},{'from': 'Chiplet_3', 'to': 'Chiplet_5', 'connection_type': '2.5d_emib', 'loc': '2.5d_chiplet'},{'from': 'Chiplet_2', 'to': 'Chiplet_3', 'connection_type': '2.5d_emib', 'loc': '2.5d_chiplet'},{'from': 'Chiplet_2', 'to': 'Chiplet_4', 'connection_type': '2.5d_emib', 'loc': '2.5d_chiplet'},{'from': 'Chiplet_2', 'to': 'Chiplet_6', 'connection_type': '2.5d_emib', 'loc': '2.5d_chiplet'},{'from': 'Chiplet_2', 'to': 'Chiplet_5', 'connection_type': '2.5d_emib', 'loc': '2.5d_chiplet'},{'from': 'Chiplet_4', 'to': 'Chiplet_2', 'connection_type': '2.5d_emib', 'loc': '2.5d_chiplet'},{'from': 'Chiplet_4', 'to': 'Chiplet_3', 'connection_type': '2.5d_emib', 'loc': '2.5d_chiplet'}",1,1,2,1,2,1,ddr5,aib,ucie_3d,1,0,os,0,0,0
71,31.95155432645049,3868890.18,158962.83511689078,1303814444.0848866,24978.341483292585,40511.18712774313,71,1.5385781800824634,3.1172648505374996,1024,96x96,10,0.957922696,2.51875,1024,96x96,7,15.436124909546791,15.979573171754398,8192,192x192,14,0.656621759447044,1.3845915837374998,256,64x64,10,0.957922696,2.51875,1024,96x96,7,4.1253109519999995,10.4826,4096,192x192,7,2.5d_3d,"{'from': 'Chiplet_3', 'to': 'Chiplet_5', 'connection_type': '3d_u_bump', 'loc': 'stack0_base'},{'from': 'Chiplet_5', 'to': 'na', 'connection_type': '3d_u_bump', 'loc': 'stack0_top'},{'from': 'Chiplet_3', 'to': 'Chiplet_1', 'connection_type': '2.5d_emib', 'loc': '2.5d_chiplet'},{'from': 'Chiplet_3', 'to': 'Chiplet_6', 'connection_type': '2.5d_emib', 'loc': '2.5d_chiplet'},{'from': 'Chiplet_6', 'to': 'Chiplet_3', 'connection_type': '2.5d_emib', 'loc': '2.5d_chiplet'},{'from': 'Chiplet_6', 'to': 'Chiplet_1', 'connection_type': '2.5d_emib', 'loc': '2.5d_chiplet'},{'from': 'Chiplet_6', 'to': 'Chiplet_2', 'connection_type': '2.5d_emib', 'loc': '2.5d_chiplet'},{'from': 'Chiplet_1', 'to': 'Chiplet_3', 'connection_type': '2.5d_emib', 'loc': '2.5d_chiplet'},{'from': 'Chiplet_1', 'to': 'Chiplet_4', 'connection_type': '2.5d_emib', 'loc': '2.5d_chiplet'},{'from': 'Chiplet_1', 'to': 'Chiplet_2', 'connection_type': '2.5d_emib', 'loc': '2.5d_chiplet'},{'from': 'Chiplet_1', 'to': 'Chiplet_6', 'connection_type': '2.5d_emib', 'loc': '2.5d_chiplet'},{'from': 'Chiplet_2', 'to': 'Chiplet_1', 'connection_type': '2.5d_emib', 'loc': '2.5d_chiplet'},{'from': 'Chiplet_2', 'to': 'Chiplet_6', 'connection_type': '2.5d_emib', 'loc': '2.5d_chiplet'},{'from': 'Chiplet_2', 'to': 'Chiplet_4', 'connection_type': '2.5d_emib', 'loc': '2.5d_chiplet'},{'from': 'Chiplet_4', 'to': 'Chiplet_2', 'connection_type': '2.5d_emib', 'loc': '2.5d_chiplet'},{'from': 'Chiplet_4', 'to': 'Chiplet_1', 'connection_type': '2.5d_emib', 'loc': '2.5d_chiplet'}",1,1,3,1,1,1,ddr5,bow,ucie_3d,0,0,is,0,0,0
72,28.54346521252326,3375737.72,168097.47741838524,329687896.8231599,83280.05063908792,57253.67535841032,72,1.51595254,4.475,1024,128x128,7,4.9976252555201786,6.821646341899999,1024,128x128,14,2.972908090547913,5.538366334949999,2048,128x128,10,1.131132696,2.51875,1536,96x96,7,0.378988,1.11875,256,64x64,7,6.726740457366197,12.973514847541198,4096,192x192,10,2.5d,"{'from': 'Chiplet_6', 'to': 'Chiplet_2', 'connection_type': '2.5d_emib', 'loc': '2.5d_chiplet'},{'from': 'Chiplet_6', 'to': 'Chiplet_1', 'connection_type': '2.5d_emib', 'loc': '2.5d_chiplet'},{'from': 'Chiplet_6', 'to': 'Chiplet_3', 'connection_type': '2.5d_emib', 'loc': '2.5d_chiplet'},{'from': 'Chiplet_6', 'to': 'Chiplet_5', 'connection_type': '2.5d_emib', 'loc': '2.5d_chiplet'},{'from': 'Chiplet_1', 'to': 'Chiplet_6', 'connection_type': '2.5d_emib', 'loc': '2.5d_chiplet'},{'from': 'Chiplet_1', 'to': 'Chiplet_5', 'connection_type': '2.5d_emib', 'loc': '2.5d_chiplet'},{'from': 'Chiplet_5', 'to': 'Chiplet_1', 'connection_type': '2.5d_emib', 'loc': '2.5d_chiplet'},{'from': 'Chiplet_5', 'to': 'Chiplet_6', 'connection_type': '2.5d_emib', 'loc': '2.5d_chiplet'},{'from': 'Chiplet_2', 'to': 'Chiplet_3', 'connection_type': '2.5d_emib', 'loc': '2.5d_chiplet'},{'from': 'Chiplet_2', 'to': 'Chiplet_4', 'connection_type': '2.5d_emib', 'loc': '2.5d_chiplet'},{'from': 'Chiplet_2', 'to': 'Chiplet_6', 'connection_type': '2.5d_emib', 'loc': '2.5d_chiplet'},{'from': 'Chiplet_3', 'to': 'Chiplet_2', 'connection_type': '2.5d_emib', 'loc': '2.5d_chiplet'},{'from': 'Chiplet_3', 'to': 'Chiplet_4', 'connection_type': '2.5d_emib', 'loc': '2.5d_chiplet'},{'from': 'Chiplet_3', 'to': 'Chiplet_6', 'connection_type': '2.5d_emib', 'loc': '2.5d_chiplet'},{'from': 'Chiplet_4', 'to': 'Chiplet_3', 'connection_type': '2.5d_emib', 'loc': '2.5d_chiplet'},{'from': 'Chiplet_4', 'to': 'Chiplet_2', 'connection_type': '2.5d_emib', 'loc': '2.5d_chiplet'}",1,4,3,1,1,6,hbm3,ucie_adv,na,1,0,os,1,0,0
73,8.72676188806488,1567482.95,104580.92034861981,1048125927.0250908,100962.95277253393,52149.491102532746,73,1.8849981800824636,3.1172648505374996,2048,96x96,10,0.552198,1.11875,768,64x64,7,1.5385781800824634,3.1172648505374996,1024,96x96,10,2.972908090547913,5.538366334949999,2048,128x128,10,1.578984604787535,1.7054115854749998,768,64x64,14,1.8849981800824636,3.1172648505374996,2048,96x96,10,2.5d_3d,"{'from': 'Chiplet_4', 'to': 'Chiplet_1', 'connection_type': '3d_hyb_bond', 'loc': 'stack0_base'},{'from': 'Chiplet_1', 'to': 'Chiplet_5', 'connection_type': '3d_hyb_bond', 'loc': 'stack0_middle1'},{'from': 'Chiplet_5', 'to': 'na', 'connection_type': '3d_hyb_bond', 'loc': 'stack0_top'},{'from': 'Chiplet_4', 'to': 'Chiplet_3', 'connection_type': '2.5d_emib', 'loc': '2.5d_chiplet'},{'from': 'Chiplet_4', 'to': 'Chiplet_6', 'connection_type': '2.5d_emib', 'loc': '2.5d_chiplet'},{'from': 'Chiplet_4', 'to': 'Chiplet_2', 'connection_type': '2.5d_emib', 'loc': '2.5d_chiplet'},{'from': 'Chiplet_2', 'to': 'Chiplet_3', 'connection_type': '2.5d_emib', 'loc': '2.5d_chiplet'},{'from': 'Chiplet_2', 'to': 'Chiplet_4', 'connection_type': '2.5d_emib', 'loc': '2.5d_chiplet'},{'from': 'Chiplet_6', 'to': 'Chiplet_3', 'connection_type': '2.5d_emib', 'loc': '2.5d_chiplet'},{'from': 'Chiplet_6', 'to': 'Chiplet_4', 'connection_type': '2.5d_emib', 'loc': '2.5d_chiplet'},{'from': 'Chiplet_3', 'to': 'Chiplet_2', 'connection_type': '2.5d_emib', 'loc': '2.5d_chiplet'},{'from': 'Chiplet_3', 'to': 'Chiplet_6', 'connection_type': '2.5d_emib', 'loc': '2.5d_chiplet'},{'from': 'Chiplet_3', 'to': 'Chiplet_4', 'connection_type': '2.5d_emib', 'loc': '2.5d_chiplet'}",2,1,1,2,1,1,ddr5,ucie_adv,ucie_3d,0,0,os,1,0,0
74,17.653868729372533,2116770.94,156398.6558270762,1049452123.9293216,102739.81569632207,69856.22451761842,74,1.86237254,4.475,2048,128x128,7,1.4141952089375351,1.7054115854749998,512,64x64,14,1.5385781800824634,3.1172648505374996,1024,96x96,10,0.656621759447044,1.3845915837374998,256,64x64,10,6.726740457366197,12.973514847541198,4096,192x192,10,1.5385781800824634,3.1172648505374996,1024,96x96,10,2.5d,"{'from': 'Chiplet_5', 'to': 'Chiplet_3', 'connection_type': '2.5d_emib', 'loc': '2.5d_chiplet'},{'from': 'Chiplet_5', 'to': 'Chiplet_1', 'connection_type': '2.5d_emib', 'loc': '2.5d_chiplet'},{'from': 'Chiplet_5', 'to': 'Chiplet_4', 'connection_type': '2.5d_emib', 'loc': '2.5d_chiplet'},{'from': 'Chiplet_1', 'to': 'Chiplet_2', 'connection_type': '2.5d_emib', 'loc': '2.5d_chiplet'},{'from': 'Chiplet_1', 'to': 'Chiplet_3', 'connection_type': '2.5d_emib', 'loc': '2.5d_chiplet'},{'from': 'Chiplet_1', 'to': 'Chiplet_5', 'connection_type': '2.5d_emib', 'loc': '2.5d_chiplet'},{'from': 'Chiplet_2', 'to': 'Chiplet_3', 'connection_type': '2.5d_emib', 'loc': '2.5d_chiplet'},{'from': 'Chiplet_2', 'to': 'Chiplet_1', 'connection_type': '2.5d_emib', 'loc': '2.5d_chiplet'},{'from': 'Chiplet_2', 'to': 'Chiplet_6', 'connection_type': '2.5d_emib', 'loc': '2.5d_chiplet'},{'from': 'Chiplet_3', 'to': 'Chiplet_2', 'connection_type': '2.5d_emib', 'loc': '2.5d_chiplet'},{'from': 'Chiplet_3', 'to': 'Chiplet_1', 'connection_type': '2.5d_emib', 'loc': '2.5d_chiplet'},{'from': 'Chiplet_3', 'to': 'Chiplet_4', 'connection_type': '2.5d_emib', 'loc': '2.5d_chiplet'},{'from': 'Chiplet_3', 'to': 'Chiplet_5', 'connection_type': '2.5d_emib', 'loc': '2.5d_chiplet'},{'from': 'Chiplet_3', 'to': 'Chiplet_6', 'connection_type': '2.5d_emib', 'loc': '2.5d_chiplet'},{'from': 'Chiplet_4', 'to': 'Chiplet_3', 'connection_type': '2.5d_emib', 'loc': '2.5d_chiplet'},{'from': 'Chiplet_4', 'to': 'Chiplet_5', 'connection_type': '2.5d_emib', 'loc': '2.5d_chiplet'},{'from': 'Chiplet_6', 'to': 'Chiplet_3', 'connection_type': '2.5d_emib', 'loc': '2.5d_chiplet'},{'from': 'Chiplet_6', 'to': 'Chiplet_2', 'connection_type': '2.5d_emib', 'loc': '2.5d_chiplet'}",1,1,1,1,3,1,ddr4,bow,na,0,0,is,1,0,0
75,27.43046194323833,3582743.88,94985.2660176396,1298207179.717596,21715.885085574573,38033.47424042813,75,5.5109919519999995,10.4826,8192,192x192,7,3.2571509657793953,3.8395579270749995,1536,96x96,14,2.20879254,4.475,3072,128x128,7,4.818150952,10.4826,6144,192x192,7,2.20879254,4.475,3072,128x128,7,1.578984604787535,1.7054115854749998,768,64x64,14,2.5d,"{'from': 'Chiplet_1', 'to': 'Chiplet_2', 'connection_type': '2.5d_rdl', 'loc': '2.5d_chiplet'},{'from': 'Chiplet_1', 'to': 'Chiplet_4', 'connection_type': '2.5d_rdl', 'loc': '2.5d_chiplet'},{'from': 'Chiplet_1', 'to': 'Chiplet_3', 'connection_type': '2.5d_rdl', 'loc': '2.5d_chiplet'},{'from': 'Chiplet_1', 'to': 'Chiplet_5', 'connection_type': '2.5d_rdl', 'loc': '2.5d_chiplet'},{'from': 'Chiplet_3', 'to': 'Chiplet_1', 'connection_type': '2.5d_rdl', 'loc': '2.5d_chiplet'},{'from': 'Chiplet_3', 'to': 'Chiplet_5', 'connection_type': '2.5d_rdl', 'loc': '2.5d_chiplet'},{'from': 'Chiplet_5', 'to': 'Chiplet_3', 'connection_type': '2.5d_rdl', 'loc': '2.5d_chiplet'},{'from': 'Chiplet_5', 'to': 'Chiplet_1', 'connection_type': '2.5d_rdl', 'loc': '2.5d_chiplet'},{'from': 'Chiplet_4', 'to': 'Chiplet_2', 'connection_type': '2.5d_rdl', 'loc': '2.5d_chiplet'},{'from': 'Chiplet_4', 'to': 'Chiplet_1', 'connection_type': '2.5d_rdl', 'loc': '2.5d_chiplet'},{'from': 'Chiplet_4', 'to': 'Chiplet_6', 'connection_type': '2.5d_rdl', 'loc': '2.5d_chiplet'},{'from': 'Chiplet_2', 'to': 'Chiplet_1', 'connection_type': '2.5d_rdl', 'loc': '2.5d_chiplet'},{'from': 'Chiplet_2', 'to': 'Chiplet_6', 'connection_type': '2.5d_rdl', 'loc': '2.5d_chiplet'},{'from': 'Chiplet_2', 'to': 'Chiplet_4', 'connection_type': '2.5d_rdl', 'loc': '2.5d_chiplet'},{'from': 'Chiplet_6', 'to': 'Chiplet_2', 'connection_type': '2.5d_rdl', 'loc': '2.5d_chiplet'},{'from': 'Chiplet_6', 'to': 'Chiplet_4', 'connection_type': '2.5d_rdl', 'loc': '2.5d_chiplet'}",2,1,1,2,1,1,ddr5,ucie_std,na,0,0,is,0,0,0
76,34.49590448129325,3728484.21,136442.49943393475,1297543002.5592666,33013.21389793703,44304.899311427085,76,0.46559300000000003,1.11875,512,64x64,7,14.117807839976791,15.979573171754398,6144,192x192,14,3.665749090547913,5.538366334949999,4096,128x128,10,0.957922696,2.51875,1024,96x96,7,1.249405813087535,1.7054115854749998,256,64x64,14,6.975099908490179,6.821646341899999,4096,128x128,14,2.5d_3d,"{'from': 'Chiplet_5', 'to': 'Chiplet_4', 'connection_type': '3d_tsv', 'loc': 'stack0_base'},{'from': 'Chiplet_4', 'to': 'Chiplet_1', 'connection_type': '3d_tsv', 'loc': 'stack0_middle1'},{'from': 'Chiplet_1', 'to': 'na', 'connection_type': '3d_tsv', 'loc': 'stack0_top'},{'from': 'Chiplet_2', 'to': 'Chiplet_3', 'connection_type': '2.5d_emib', 'loc': '2.5d_chiplet'},{'from': 'Chiplet_2', 'to': 'Chiplet_6', 'connection_type': '2.5d_emib', 'loc': '2.5d_chiplet'},{'from': 'Chiplet_6', 'to': 'Chiplet_2', 'connection_type': '2.5d_emib', 'loc': '2.5d_chiplet'},{'from': 'Chiplet_6', 'to': 'Chiplet_3', 'connection_type': '2.5d_emib', 'loc': '2.5d_chiplet'},{'from': 'Chiplet_6', 'to': 'Chiplet_5', 'connection_type': '2.5d_emib', 'loc': '2.5d_chiplet'},{'from': 'Chiplet_3', 'to': 'Chiplet_2', 'connection_type': '2.5d_emib', 'loc': '2.5d_chiplet'},{'from': 'Chiplet_3', 'to': 'Chiplet_6', 'connection_type': '2.5d_emib', 'loc': '2.5d_chiplet'},{'from': 'Chiplet_3', 'to': 'Chiplet_5', 'connection_type': '2.5d_emib', 'loc': '2.5d_chiplet'},{'from': 'Chiplet_5', 'to': 'Chiplet_3', 'connection_type': '2.5d_emib', 'loc': '2.5d_chiplet'},{'from': 'Chiplet_5', 'to': 'Chiplet_6', 'connection_type': '2.5d_emib', 'loc': '2.5d_chiplet'}",1,3,1,1,1,1,ddr5,ucie_adv,ucie_3d,1,0,ws,0,0,0
77,32.51193696501294,3345575.24,174717.1404694742,798327828.937712,110550.41521977498,94022.85072747034,77,1.578984604787535,1.7054115854749998,768,64x64,14,6.726740457366197,12.973514847541198,4096,192x192,10,1.51595254,4.475,1024,128x128,7,6.726740457366197,12.973514847541198,4096,192x192,10,2.972908090547913,5.538366334949999,2048,128x128,10,0.916436759447044,1.3845915837374998,1024,64x64,10,2.5d,"{'from': 'Chiplet_2', 'to': 'Chiplet_6', 'connection_type': '2.5d_emib', 'loc': '2.5d_chiplet'},{'from': 'Chiplet_2', 'to': 'Chiplet_4', 'connection_type': '2.5d_emib', 'loc': '2.5d_chiplet'},{'from': 'Chiplet_2', 'to': 'Chiplet_5', 'connection_type': '2.5d_emib', 'loc': '2.5d_chiplet'},{'from': 'Chiplet_5', 'to': 'Chiplet_2', 'connection_type': '2.5d_emib', 'loc': '2.5d_chiplet'},{'from': 'Chiplet_5', 'to': 'Chiplet_6', 'connection_type': '2.5d_emib', 'loc': '2.5d_chiplet'},{'from': 'Chiplet_6', 'to': 'Chiplet_2', 'connection_type': '2.5d_emib', 'loc': '2.5d_chiplet'},{'from': 'Chiplet_6', 'to': 'Chiplet_5', 'connection_type': '2.5d_emib', 'loc': '2.5d_chiplet'},{'from': 'Chiplet_4', 'to': 'Chiplet_2', 'connection_type': '2.5d_emib', 'loc': '2.5d_chiplet'},{'from': 'Chiplet_4', 'to': 'Chiplet_1', 'connection_type': '2.5d_emib', 'loc': '2.5d_chiplet'},{'from': 'Chiplet_4', 'to': 'Chiplet_3', 'connection_type': '2.5d_emib', 'loc': '2.5d_chiplet'},{'from': 'Chiplet_1', 'to': 'Chiplet_3', 'connection_type': '2.5d_emib', 'loc': '2.5d_chiplet'},{'from': 'Chiplet_1', 'to': 'Chiplet_4', 'connection_type': '2.5d_emib', 'loc': '2.5d_chiplet'},{'from': 'Chiplet_3', 'to': 'Chiplet_1', 'connection_type': '2.5d_emib', 'loc': '2.5d_chiplet'},{'from': 'Chiplet_3', 'to': 'Chiplet_4', 'connection_type': '2.5d_emib', 'loc': '2.5d_chiplet'}",1,2,1,2,1,1,ddr5,bow,na,1,0,ws,1,0,0
78,22.37262354143958,2893803.34,174695.2124242235,1147161309.1022537,99063.38311307773,72124.7119736457,78,0.46559300000000003,1.11875,512,64x64,7,1.578984604787535,1.7054115854749998,768,64x64,14,5.5109919519999995,10.4826,8192,192x192,7,0.46559300000000003,1.11875,512,64x64,7,4.818150952,10.4826,6144,192x192,7,1.3653681800824635,3.1172648505374996,512,96x96,10,2.5d,"{'from': 'Chiplet_3', 'to': 'Chiplet_2', 'connection_type': '2.5d_emib', 'loc': '2.5d_chiplet'},{'from': 'Chiplet_3', 'to': 'Chiplet_6', 'connection_type': '2.5d_emib', 'loc': '2.5d_chiplet'},{'from': 'Chiplet_3', 'to': 'Chiplet_5', 'connection_type': '2.5d_emib', 'loc': '2.5d_chiplet'},{'from': 'Chiplet_6', 'to': 'Chiplet_2', 'connection_type': '2.5d_emib', 'loc': '2.5d_chiplet'},{'from': 'Chiplet_6', 'to': 'Chiplet_3', 'connection_type': '2.5d_emib', 'loc': '2.5d_chiplet'},{'from': 'Chiplet_5', 'to': 'Chiplet_3', 'connection_type': '2.5d_emib', 'loc': '2.5d_chiplet'},{'from': 'Chiplet_5', 'to': 'Chiplet_1', 'connection_type': '2.5d_emib', 'loc': '2.5d_chiplet'},{'from': 'Chiplet_5', 'to': 'Chiplet_2', 'connection_type': '2.5d_emib', 'loc': '2.5d_chiplet'},{'from': 'Chiplet_2', 'to': 'Chiplet_1', 'connection_type': '2.5d_emib', 'loc': '2.5d_chiplet'},{'from': 'Chiplet_2', 'to': 'Chiplet_4', 'connection_type': '2.5d_emib', 'loc': '2.5d_chiplet'},{'from': 'Chiplet_2', 'to': 'Chiplet_5', 'connection_type': '2.5d_emib', 'loc': '2.5d_chiplet'},{'from': 'Chiplet_2', 'to': 'Chiplet_3', 'connection_type': '2.5d_emib', 'loc': '2.5d_chiplet'},{'from': 'Chiplet_2', 'to': 'Chiplet_6', 'connection_type': '2.5d_emib', 'loc': '2.5d_chiplet'},{'from': 'Chiplet_1', 'to': 'Chiplet_2', 'connection_type': '2.5d_emib', 'loc': '2.5d_chiplet'},{'from': 'Chiplet_1', 'to': 'Chiplet_4', 'connection_type': '2.5d_emib', 'loc': '2.5d_chiplet'},{'from': 'Chiplet_1', 'to': 'Chiplet_5', 'connection_type': '2.5d_emib', 'loc': '2.5d_chiplet'},{'from': 'Chiplet_4', 'to': 'Chiplet_2', 'connection_type': '2.5d_emib', 'loc': '2.5d_chiplet'},{'from': 'Chiplet_4', 'to': 'Chiplet_1', 'connection_type': '2.5d_emib', 'loc': '2.5d_chiplet'}",1,1,2,1,2,1,ddr4,aib,na,1,0,is,1,0,0
79,40.131882364231686,4946432.37,86605.92006762853,410324830.98352134,114818.24702165871,88282.54502830021,79,6.315940422320179,6.821646341899999,3072,128x128,14,6.975099908490179,6.821646341899999,4096,128x128,14,6.315940422320179,6.821646341899999,3072,128x128,14,6.033899457366197,12.973514847541198,2048,192x192,10,1.7117881800824635,3.1172648505374996,1536,96x96,10,1.578984604787535,1.7054115854749998,768,64x64,14,2.5d_3d,"{'from': 'Chiplet_4', 'to': 'Chiplet_6', 'connection_type': '3d_hyb_bond', 'loc': 'stack0_base'},{'from': 'Chiplet_6', 'to': 'na', 'connection_type': '3d_hyb_bond', 'loc': 'stack0_top'},{'from': 'Chiplet_2', 'to': 'Chiplet_1', 'connection_type': '2.5d_rdl', 'loc': '2.5d_chiplet'},{'from': 'Chiplet_2', 'to': 'Chiplet_4', 'connection_type': '2.5d_rdl', 'loc': '2.5d_chiplet'},{'from': 'Chiplet_4', 'to': 'Chiplet_3', 'connection_type': '2.5d_rdl', 'loc': '2.5d_chiplet'},{'from': 'Chiplet_4', 'to': 'Chiplet_1', 'connection_type': '2.5d_rdl', 'loc': '2.5d_chiplet'},{'from': 'Chiplet_4', 'to': 'Chiplet_2', 'connection_type': '2.5d_rdl', 'loc': '2.5d_chiplet'},{'from': 'Chiplet_1', 'to': 'Chiplet_2', 'connection_type': '2.5d_rdl', 'loc': '2.5d_chiplet'},{'from': 'Chiplet_1', 'to': 'Chiplet_4', 'connection_type': '2.5d_rdl', 'loc': '2.5d_chiplet'},{'from': 'Chiplet_1', 'to': 'Chiplet_3', 'connection_type': '2.5d_rdl', 'loc': '2.5d_chiplet'},{'from': 'Chiplet_1', 'to': 'Chiplet_5', 'connection_type': '2.5d_rdl', 'loc': '2.5d_chiplet'},{'from': 'Chiplet_5', 'to': 'Chiplet_3', 'connection_type': '2.5d_rdl', 'loc': '2.5d_chiplet'},{'from': 'Chiplet_5', 'to': 'Chiplet_1', 'connection_type': '2.5d_rdl', 'loc': '2.5d_chiplet'},{'from': 'Chiplet_3', 'to': 'Chiplet_1', 'connection_type': '2.5d_rdl', 'loc': '2.5d_chiplet'},{'from': 'Chiplet_3', 'to': 'Chiplet_4', 'connection_type': '2.5d_rdl', 'loc': '2.5d_chiplet'},{'from': 'Chiplet_3', 'to': 'Chiplet_5', 'connection_type': '2.5d_rdl', 'loc': '2.5d_chiplet'}",4,4,3,3,1,1,hbm3,ucie_std,ucie_3d,1,0,ws,1,0,0
80,50.88607888233054,6287460.32,215880.61053179705,549213041.5541856,22171.119407916474,32530.98190457729,80,1.304342696,2.51875,2048,96x96,7,14.117807839976791,15.979573171754398,6144,192x192,14,2.20879254,4.475,3072,128x128,7,12.799492673176792,15.979573171754398,4096,192x192,14,8.112421457366196,12.973514847541198,8192,192x192,10,1.3653681800824635,3.1172648505374996,512,96x96,10,2.5d,"{'from': 'Chiplet_2', 'to': 'Chiplet_3', 'connection_type': '2.5d_emib', 'loc': '2.5d_chiplet'},{'from': 'Chiplet_2', 'to': 'Chiplet_6', 'connection_type': '2.5d_emib', 'loc': '2.5d_chiplet'},{'from': 'Chiplet_2', 'to': 'Chiplet_4', 'connection_type': '2.5d_emib', 'loc': '2.5d_chiplet'},{'from': 'Chiplet_2', 'to': 'Chiplet_5', 'connection_type': '2.5d_emib', 'loc': '2.5d_chiplet'},{'from': 'Chiplet_3', 'to': 'Chiplet_2', 'connection_type': '2.5d_emib', 'loc': '2.5d_chiplet'},{'from': 'Chiplet_3', 'to': 'Chiplet_1', 'connection_type': '2.5d_emib', 'loc': '2.5d_chiplet'},{'from': 'Chiplet_3', 'to': 'Chiplet_6', 'connection_type': '2.5d_emib', 'loc': '2.5d_chiplet'},{'from': 'Chiplet_6', 'to': 'Chiplet_3', 'connection_type': '2.5d_emib', 'loc': '2.5d_chiplet'},{'from': 'Chiplet_6', 'to': 'Chiplet_1', 'connection_type': '2.5d_emib', 'loc': '2.5d_chiplet'},{'from': 'Chiplet_6', 'to': 'Chiplet_2', 'connection_type': '2.5d_emib', 'loc': '2.5d_chiplet'},{'from': 'Chiplet_1', 'to': 'Chiplet_3', 'connection_type': '2.5d_emib', 'loc': '2.5d_chiplet'},{'from': 'Chiplet_1', 'to': 'Chiplet_6', 'connection_type': '2.5d_emib', 'loc': '2.5d_chiplet'},{'from': 'Chiplet_4', 'to': 'Chiplet_2', 'connection_type': '2.5d_emib', 'loc': '2.5d_chiplet'},{'from': 'Chiplet_4', 'to': 'Chiplet_5', 'connection_type': '2.5d_emib', 'loc': '2.5d_chiplet'},{'from': 'Chiplet_5', 'to': 'Chiplet_2', 'connection_type': '2.5d_emib', 'loc': '2.5d_chiplet'},{'from': 'Chiplet_5', 'to': 'Chiplet_4', 'connection_type': '2.5d_emib', 'loc': '2.5d_chiplet'}",1,5,1,5,3,1,hbm3,aib,na,1,0,is,0,0,0
81,30.37241292162628,3234058.18,176936.1029300679,1253222647.129696,17053.14180929095,33814.52910600888,81,3.3193280905479132,5.538366334949999,3072,128x128,10,12.799492673176792,15.979573171754398,4096,192x192,14,0.743226759447044,1.3845915837374998,512,64x64,10,2.927572174079395,3.8395579270749995,1024,96x96,14,2.55521354,4.475,4096,128x128,7,1.8849981800824636,3.1172648505374996,2048,96x96,10,2.5d,"{'from': 'Chiplet_2', 'to': 'Chiplet_1', 'connection_type': '2.5d_emib', 'loc': '2.5d_chiplet'},{'from': 'Chiplet_2', 'to': 'Chiplet_4', 'connection_type': '2.5d_emib', 'loc': '2.5d_chiplet'},{'from': 'Chiplet_1', 'to': 'Chiplet_2', 'connection_type': '2.5d_emib', 'loc': '2.5d_chiplet'},{'from': 'Chiplet_1', 'to': 'Chiplet_4', 'connection_type': '2.5d_emib', 'loc': '2.5d_chiplet'},{'from': 'Chiplet_1', 'to': 'Chiplet_6', 'connection_type': '2.5d_emib', 'loc': '2.5d_chiplet'},{'from': 'Chiplet_1', 'to': 'Chiplet_3', 'connection_type': '2.5d_emib', 'loc': '2.5d_chiplet'},{'from': 'Chiplet_6', 'to': 'Chiplet_3', 'connection_type': '2.5d_emib', 'loc': '2.5d_chiplet'},{'from': 'Chiplet_6', 'to': 'Chiplet_1', 'connection_type': '2.5d_emib', 'loc': '2.5d_chiplet'},{'from': 'Chiplet_3', 'to': 'Chiplet_1', 'connection_type': '2.5d_emib', 'loc': '2.5d_chiplet'},{'from': 'Chiplet_3', 'to': 'Chiplet_6', 'connection_type': '2.5d_emib', 'loc': '2.5d_chiplet'},{'from': 'Chiplet_3', 'to': 'Chiplet_5', 'connection_type': '2.5d_emib', 'loc': '2.5d_chiplet'},{'from': 'Chiplet_4', 'to': 'Chiplet_2', 'connection_type': '2.5d_emib', 'loc': '2.5d_chiplet'},{'from': 'Chiplet_4', 'to': 'Chiplet_1', 'connection_type': '2.5d_emib', 'loc': '2.5d_chiplet'},{'from': 'Chiplet_4', 'to': 'Chiplet_5', 'connection_type': '2.5d_emib', 'loc': '2.5d_chiplet'},{'from': 'Chiplet_5', 'to': 'Chiplet_3', 'connection_type': '2.5d_emib', 'loc': '2.5d_chiplet'},{'from': 'Chiplet_5', 'to': 'Chiplet_4', 'connection_type': '2.5d_emib', 'loc': '2.5d_chiplet'}",1,3,1,1,1,1,ddr5,ucie_adv,na,0,0,os,0,0,0
82,21.631706125054585,2735807.11,63349.06953542331,1062768100.4793316,89941.48357671601,66696.20550981707,82,3.2571509657793953,3.8395579270749995,1536,96x96,14,2.6264880905479133,5.538366334949999,1024,128x128,10,1.743774000637535,1.7054115854749998,1024,64x64,14,3.5867297574793953,3.8395579270749995,2048,96x96,14,4.1253109519999995,10.4826,4096,192x192,7,1.8849981800824636,3.1172648505374996,2048,96x96,10,2.5d_3d,"{'from': 'Chiplet_2', 'to': 'Chiplet_6', 'connection_type': '3d_u_bump', 'loc': 'stack0_base'},{'from': 'Chiplet_6', 'to': 'na', 'connection_type': '3d_u_bump', 'loc': 'stack0_top'},{'from': 'Chiplet_5', 'to': 'Chiplet_2', 'connection_type': '2.5d_rdl', 'loc': '2.5d_chiplet'},{'from': 'Chiplet_5', 'to': 'Chiplet_4', 'connection_type': '2.5d_rdl', 'loc': '2.5d_chiplet'},{'from': 'Chiplet_5', 'to': 'Chiplet_3', 'connection_type': '2.5d_rdl', 'loc': '2.5d_chiplet'},{'from': 'Chiplet_2', 'to': 'Chiplet_3', 'connection_type': '2.5d_rdl', 'loc': '2.5d_chiplet'},{'from': 'Chiplet_2', 'to': 'Chiplet_5', 'connection_type': '2.5d_rdl', 'loc': '2.5d_chiplet'},{'from': 'Chiplet_3', 'to': 'Chiplet_2', 'connection_type': '2.5d_rdl', 'loc': '2.5d_chiplet'},{'from': 'Chiplet_3', 'to': 'Chiplet_1', 'connection_type': '2.5d_rdl', 'loc': '2.5d_chiplet'},{'from': 'Chiplet_3', 'to': 'Chiplet_5', 'connection_type': '2.5d_rdl', 'loc': '2.5d_chiplet'},{'from': 'Chiplet_4', 'to': 'Chiplet_1', 'connection_type': '2.5d_rdl', 'loc': '2.5d_chiplet'},{'from': 'Chiplet_4', 'to': 'Chiplet_5', 'connection_type': '2.5d_rdl', 'loc': '2.5d_chiplet'},{'from': 'Chiplet_1', 'to': 'Chiplet_3', 'connection_type': '2.5d_rdl', 'loc': '2.5d_chiplet'},{'from': 'Chiplet_1', 'to': 'Chiplet_4', 'connection_type': '2.5d_rdl', 'loc': '2.5d_chiplet'}",1,1,1,2,2,1,ddr4,ucie_std,ucie_3d,0,0,ws,1,0,0
83,14.132092539979555,2074793.22,51184.53652860616,467953934.03397423,36264.690301548486,20802.124266595383,83,1.578984604787535,1.7054115854749998,768,64x64,14,2.927572174079395,3.8395579270749995,1024,96x96,14,1.578984604787535,1.7054115854749998,768,64x64,14,0.957922696,2.51875,1024,96x96,7,1.578984604787535,1.7054115854749998,768,64x64,14,5.656782838920179,6.821646341899999,2048,128x128,14,2.5d_3d,"{'from': 'Chiplet_2', 'to': 'Chiplet_5', 'connection_type': '3d_hyb_bond', 'loc': 'stack0_base'},{'from': 'Chiplet_5', 'to': 'Chiplet_1', 'connection_type': '3d_hyb_bond', 'loc': 'stack0_middle1'},{'from': 'Chiplet_1', 'to': 'Chiplet_3', 'connection_type': '3d_hyb_bond', 'loc': 'stack0_middle2'},{'from': 'Chiplet_3', 'to': 'na', 'connection_type': '3d_hyb_bond', 'loc': 'stack0_top'},{'from': 'Chiplet_6', 'to': 'Chiplet_2', 'connection_type': '2.5d_rdl', 'loc': '2.5d_chiplet'},{'from': 'Chiplet_6', 'to': 'Chiplet_4', 'connection_type': '2.5d_rdl', 'loc': '2.5d_chiplet'},{'from': 'Chiplet_2', 'to': 'Chiplet_4', 'connection_type': '2.5d_rdl', 'loc': '2.5d_chiplet'},{'from': 'Chiplet_2', 'to': 'Chiplet_6', 'connection_type': '2.5d_rdl', 'loc': '2.5d_chiplet'},{'from': 'Chiplet_4', 'to': 'Chiplet_2', 'connection_type': '2.5d_rdl', 'loc': '2.5d_chiplet'},{'from': 'Chiplet_4', 'to': 'Chiplet_6', 'connection_type': '2.5d_rdl', 'loc': '2.5d_chiplet'}",2,3,2,1,2,6,hbm3,ucie_std,ucie_3d,0,0,os,0,0,0
84,18.265309948232517,2129825.8,58885.704505294874,1607761477.1056073,20450.07843137255,39279.30123034542,84,4.1253109519999995,10.4826,4096,192x192,7,0.957922696,2.51875,1024,96x96,7,1.3653681800824635,3.1172648505374996,512,96x96,10,3.2571509657793953,3.8395579270749995,1536,96x96,14,1.86237254,4.475,2048,128x128,7,0.743226759447044,1.3845915837374998,512,64x64,10,2.5d,"{'from': 'Chiplet_1', 'to': 'Chiplet_3', 'connection_type': '2.5d_rdl', 'loc': '2.5d_chiplet'},{'from': 'Chiplet_1', 'to': 'Chiplet_6', 'connection_type': '2.5d_rdl', 'loc': '2.5d_chiplet'},{'from': 'Chiplet_1', 'to': 'Chiplet_4', 'connection_type': '2.5d_rdl', 'loc': '2.5d_chiplet'},{'from': 'Chiplet_1', 'to': 'Chiplet_5', 'connection_type': '2.5d_rdl', 'loc': '2.5d_chiplet'},{'from': 'Chiplet_3', 'to': 'Chiplet_1', 'connection_type': '2.5d_rdl', 'loc': '2.5d_chiplet'},{'from': 'Chiplet_3', 'to': 'Chiplet_6', 'connection_type': '2.5d_rdl', 'loc': '2.5d_chiplet'},{'from': 'Chiplet_6', 'to': 'Chiplet_3', 'connection_type': '2.5d_rdl', 'loc': '2.5d_chiplet'},{'from': 'Chiplet_6', 'to': 'Chiplet_1', 'connection_type': '2.5d_rdl', 'loc': '2.5d_chiplet'},{'from': 'Chiplet_4', 'to': 'Chiplet_2', 'connection_type': '2.5d_rdl', 'loc': '2.5d_chiplet'},{'from': 'Chiplet_4', 'to': 'Chiplet_1', 'connection_type': '2.5d_rdl', 'loc': '2.5d_chiplet'},{'from': 'Chiplet_4', 'to': 'Chiplet_5', 'connection_type': '2.5d_rdl', 'loc': '2.5d_chiplet'},{'from': 'Chiplet_5', 'to': 'Chiplet_2', 'connection_type': '2.5d_rdl', 'loc': '2.5d_chiplet'},{'from': 'Chiplet_5', 'to': 'Chiplet_1', 'connection_type': '2.5d_rdl', 'loc': '2.5d_chiplet'},{'from': 'Chiplet_5', 'to': 'Chiplet_4', 'connection_type': '2.5d_rdl', 'loc': '2.5d_chiplet'},{'from': 'Chiplet_2', 'to': 'Chiplet_4', 'connection_type': '2.5d_rdl', 'loc': '2.5d_chiplet'},{'from': 'Chiplet_2', 'to': 'Chiplet_5', 'connection_type': '2.5d_rdl', 'loc': '2.5d_chiplet'}",2,1,1,2,1,1,ddr4,ucie_std,na,0,0,ws,0,0,0
85,30.419564993321437,3575288.24,83407.2310845088,853426306.7611963,131258.15918030436,107637.52494475697,85,11.481175603606792,15.979573171754398,2048,192x192,14,3.3193280905479132,5.538366334949999,3072,128x128,10,0.743226759447044,1.3845915837374998,512,64x64,10,7.419580457366196,12.973514847541198,6144,192x192,10,0.378988,1.11875,256,64x64,7,0.638803,1.11875,1024,64x64,7,2.5d_3d,"{'from': 'Chiplet_1', 'to': 'Chiplet_3', 'connection_type': '3d_u_bump', 'loc': 'stack0_base'},{'from': 'Chiplet_3', 'to': 'Chiplet_5', 'connection_type': '3d_u_bump', 'loc': 'stack0_middle1'},{'from': 'Chiplet_5', 'to': 'na', 'connection_type': '3d_u_bump', 'loc': 'stack0_top'},{'from': 'Chiplet_1', 'to': 'Chiplet_2', 'connection_type': '2.5d_rdl', 'loc': '2.5d_chiplet'},{'from': 'Chiplet_1', 'to': 'Chiplet_4', 'connection_type': '2.5d_rdl', 'loc': '2.5d_chiplet'},{'from': 'Chiplet_4', 'to': 'Chiplet_2', 'connection_type': '2.5d_rdl', 'loc': '2.5d_chiplet'},{'from': 'Chiplet_4', 'to': 'Chiplet_1', 'connection_type': '2.5d_rdl', 'loc': '2.5d_chiplet'},{'from': 'Chiplet_4', 'to': 'Chiplet_6', 'connection_type': '2.5d_rdl', 'loc': '2.5d_chiplet'},{'from': 'Chiplet_2', 'to': 'Chiplet_1', 'connection_type': '2.5d_rdl', 'loc': '2.5d_chiplet'},{'from': 'Chiplet_2', 'to': 'Chiplet_6', 'connection_type': '2.5d_rdl', 'loc': '2.5d_chiplet'},{'from': 'Chiplet_2', 'to': 'Chiplet_4', 'connection_type': '2.5d_rdl', 'loc': '2.5d_chiplet'},{'from': 'Chiplet_6', 'to': 'Chiplet_2', 'connection_type': '2.5d_rdl', 'loc': '2.5d_chiplet'},{'from': 'Chiplet_6', 'to': 'Chiplet_4', 'connection_type': '2.5d_rdl', 'loc': '2.5d_chiplet'}",3,1,1,1,1,1,ddr5,ucie_std,ucie_3d,1,0,is,1,0,0
86,63.19389711470181,7803363.12,143521.27852308218,513531314.7281817,11299.521739130436,23817.45116106149,86,6.033899457366197,12.973514847541198,2048,192x192,10,12.799492673176792,15.979573171754398,4096,192x192,14,12.799492673176792,15.979573171754398,4096,192x192,14,6.315940422320179,6.821646341899999,3072,128x128,14,1.86237254,4.475,2048,128x128,7,6.726740457366197,12.973514847541198,4096,192x192,10,2.5d_3d,"{'from': 'Chiplet_4', 'to': 'Chiplet_5', 'connection_type': '3d_tsv', 'loc': 'stack0_base'},{'from': 'Chiplet_5', 'to': 'na', 'connection_type': '3d_tsv', 'loc': 'stack0_top'},{'from': 'Chiplet_2', 'to': 'Chiplet_3', 'connection_type': '2.5d_rdl', 'loc': '2.5d_chiplet'},{'from': 'Chiplet_2', 'to': 'Chiplet_6', 'connection_type': '2.5d_rdl', 'loc': '2.5d_chiplet'},{'from': 'Chiplet_6', 'to': 'Chiplet_2', 'connection_type': '2.5d_rdl', 'loc': '2.5d_chiplet'},{'from': 'Chiplet_6', 'to': 'Chiplet_4', 'connection_type': '2.5d_rdl', 'loc': '2.5d_chiplet'},{'from': 'Chiplet_3', 'to': 'Chiplet_2', 'connection_type': '2.5d_rdl', 'loc': '2.5d_chiplet'},{'from': 'Chiplet_3', 'to': 'Chiplet_1', 'connection_type': '2.5d_rdl', 'loc': '2.5d_chiplet'},{'from': 'Chiplet_3', 'to': 'Chiplet_4', 'connection_type': '2.5d_rdl', 'loc': '2.5d_chiplet'},{'from': 'Chiplet_4', 'to': 'Chiplet_3', 'connection_type': '2.5d_rdl', 'loc': '2.5d_chiplet'},{'from': 'Chiplet_4', 'to': 'Chiplet_1', 'connection_type': '2.5d_rdl', 'loc': '2.5d_chiplet'},{'from': 'Chiplet_4', 'to': 'Chiplet_6', 'connection_type': '2.5d_rdl', 'loc': '2.5d_chiplet'},{'from': 'Chiplet_1', 'to': 'Chiplet_3', 'connection_type': '2.5d_rdl', 'loc': '2.5d_chiplet'},{'from': 'Chiplet_1', 'to': 'Chiplet_4', 'connection_type': '2.5d_rdl', 'loc': '2.5d_chiplet'}",2,5,4,2,1,2,hbm3,ucie_std,ucie_3d,0,0,os,0,0,0
87,18.67898898091504,3021250.71,71579.06467475161,396668937.90503955,11429.984140619837,14479.657856981681,87,4.1253109519999995,10.4826,4096,192x192,7,1.131132696,2.51875,1536,96x96,7,3.432469952,10.4826,2048,192x192,7,1.3653681800824635,3.1172648505374996,512,96x96,10,1.86237254,4.475,2048,128x128,7,1.5385781800824634,3.1172648505374996,1024,96x96,10,2.5d,"{'from': 'Chiplet_1', 'to': 'Chiplet_3', 'connection_type': '2.5d_rdl', 'loc': '2.5d_chiplet'},{'from': 'Chiplet_1', 'to': 'Chiplet_6', 'connection_type': '2.5d_rdl', 'loc': '2.5d_chiplet'},{'from': 'Chiplet_1', 'to': 'Chiplet_2', 'connection_type': '2.5d_rdl', 'loc': '2.5d_chiplet'},{'from': 'Chiplet_1', 'to': 'Chiplet_5', 'connection_type': '2.5d_rdl', 'loc': '2.5d_chiplet'},{'from': 'Chiplet_6', 'to': 'Chiplet_2', 'connection_type': '2.5d_rdl', 'loc': '2.5d_chiplet'},{'from': 'Chiplet_6', 'to': 'Chiplet_1', 'connection_type': '2.5d_rdl', 'loc': '2.5d_chiplet'},{'from': 'Chiplet_2', 'to': 'Chiplet_1', 'connection_type': '2.5d_rdl', 'loc': '2.5d_chiplet'},{'from': 'Chiplet_2', 'to': 'Chiplet_6', 'connection_type': '2.5d_rdl', 'loc': '2.5d_chiplet'},{'from': 'Chiplet_3', 'to': 'Chiplet_1', 'connection_type': '2.5d_rdl', 'loc': '2.5d_chiplet'},{'from': 'Chiplet_3', 'to': 'Chiplet_4', 'connection_type': '2.5d_rdl', 'loc': '2.5d_chiplet'},{'from': 'Chiplet_3', 'to': 'Chiplet_5', 'connection_type': '2.5d_rdl', 'loc': '2.5d_chiplet'},{'from': 'Chiplet_5', 'to': 'Chiplet_3', 'connection_type': '2.5d_rdl', 'loc': '2.5d_chiplet'},{'from': 'Chiplet_5', 'to': 'Chiplet_1', 'connection_type': '2.5d_rdl', 'loc': '2.5d_chiplet'},{'from': 'Chiplet_5', 'to': 'Chiplet_4', 'connection_type': '2.5d_rdl', 'loc': '2.5d_chiplet'},{'from': 'Chiplet_4', 'to': 'Chiplet_3', 'connection_type': '2.5d_rdl', 'loc': '2.5d_chiplet'},{'from': 'Chiplet_4', 'to': 'Chiplet_5', 'connection_type': '2.5d_rdl', 'loc': '2.5d_chiplet'}",5,1,4,2,2,2,hbm3,ucie_std,na,0,0,ws,0,0,0
88,34.85624582462364,3980315.38,87591.74390128549,414698762.4879643,194516.7577854999,157970.2018062987,88,2.6264880905479133,5.538366334949999,1024,128x128,10,1.51595254,4.475,1024,128x128,7,6.033899457366197,12.973514847541198,2048,192x192,10,0.916436759447044,1.3845915837374998,1024,64x64,10,12.799492673176792,15.979573171754398,4096,192x192,14,1.743774000637535,1.7054115854749998,1024,64x64,14,2.5d,"{'from': 'Chiplet_5', 'to': 'Chiplet_3', 'connection_type': '2.5d_rdl', 'loc': '2.5d_chiplet'},{'from': 'Chiplet_5', 'to': 'Chiplet_1', 'connection_type': '2.5d_rdl', 'loc': '2.5d_chiplet'},{'from': 'Chiplet_5', 'to': 'Chiplet_4', 'connection_type': '2.5d_rdl', 'loc': '2.5d_chiplet'},{'from': 'Chiplet_3', 'to': 'Chiplet_1', 'connection_type': '2.5d_rdl', 'loc': '2.5d_chiplet'},{'from': 'Chiplet_3', 'to': 'Chiplet_6', 'connection_type': '2.5d_rdl', 'loc': '2.5d_chiplet'},{'from': 'Chiplet_3', 'to': 'Chiplet_5', 'connection_type': '2.5d_rdl', 'loc': '2.5d_chiplet'},{'from': 'Chiplet_1', 'to': 'Chiplet_2', 'connection_type': '2.5d_rdl', 'loc': '2.5d_chiplet'},{'from': 'Chiplet_1', 'to': 'Chiplet_4', 'connection_type': '2.5d_rdl', 'loc': '2.5d_chiplet'},{'from': 'Chiplet_1', 'to': 'Chiplet_5', 'connection_type': '2.5d_rdl', 'loc': '2.5d_chiplet'},{'from': 'Chiplet_1', 'to': 'Chiplet_3', 'connection_type': '2.5d_rdl', 'loc': '2.5d_chiplet'},{'from': 'Chiplet_1', 'to': 'Chiplet_6', 'connection_type': '2.5d_rdl', 'loc': '2.5d_chiplet'},{'from': 'Chiplet_4', 'to': 'Chiplet_1', 'connection_type': '2.5d_rdl', 'loc': '2.5d_chiplet'},{'from': 'Chiplet_4', 'to': 'Chiplet_5', 'connection_type': '2.5d_rdl', 'loc': '2.5d_chiplet'},{'from': 'Chiplet_6', 'to': 'Chiplet_3', 'connection_type': '2.5d_rdl', 'loc': '2.5d_chiplet'},{'from': 'Chiplet_6', 'to': 'Chiplet_1', 'connection_type': '2.5d_rdl', 'loc': '2.5d_chiplet'},{'from': 'Chiplet_6', 'to': 'Chiplet_2', 'connection_type': '2.5d_rdl', 'loc': '2.5d_chiplet'},{'from': 'Chiplet_2', 'to': 'Chiplet_1', 'connection_type': '2.5d_rdl', 'loc': '2.5d_chiplet'},{'from': 'Chiplet_2', 'to': 'Chiplet_6', 'connection_type': '2.5d_rdl', 'loc': '2.5d_chiplet'}",2,1,3,1,8,1,hbm2,ucie_std,na,1,0,ws,1,0,0
89,34.728111268755505,4660404.2,156336.80706466897,511226774.8154087,22904.940282301846,23867.26534110077,89,1.578984604787535,1.7054115854749998,768,64x64,14,6.975099908490179,6.821646341899999,4096,128x128,14,1.578984604787535,1.7054115854749998,768,64x64,14,6.315940422320179,6.821646341899999,3072,128x128,14,3.432469952,10.4826,2048,192x192,7,6.975099908490179,6.821646341899999,4096,128x128,14,2.5d_3d,"{'from': 'Chiplet_1', 'to': 'Chiplet_3', 'connection_type': '3d_hyb_bond', 'loc': 'stack0_base'},{'from': 'Chiplet_3', 'to': 'na', 'connection_type': '3d_hyb_bond', 'loc': 'stack0_top'},{'from': 'Chiplet_2', 'to': 'Chiplet_4', 'connection_type': '2.5d_emib', 'loc': '2.5d_chiplet'},{'from': 'Chiplet_2', 'to': 'Chiplet_6', 'connection_type': '2.5d_emib', 'loc': '2.5d_chiplet'},{'from': 'Chiplet_4', 'to': 'Chiplet_2', 'connection_type': '2.5d_emib', 'loc': '2.5d_chiplet'},{'from': 'Chiplet_4', 'to': 'Chiplet_5', 'connection_type': '2.5d_emib', 'loc': '2.5d_chiplet'},{'from': 'Chiplet_6', 'to': 'Chiplet_2', 'connection_type': '2.5d_emib', 'loc': '2.5d_chiplet'},{'from': 'Chiplet_6', 'to': 'Chiplet_1', 'connection_type': '2.5d_emib', 'loc': '2.5d_chiplet'},{'from': 'Chiplet_6', 'to': 'Chiplet_5', 'connection_type': '2.5d_emib', 'loc': '2.5d_chiplet'},{'from': 'Chiplet_5', 'to': 'Chiplet_1', 'connection_type': '2.5d_emib', 'loc': '2.5d_chiplet'},{'from': 'Chiplet_5', 'to': 'Chiplet_4', 'connection_type': '2.5d_emib', 'loc': '2.5d_chiplet'},{'from': 'Chiplet_5', 'to': 'Chiplet_6', 'connection_type': '2.5d_emib', 'loc': '2.5d_chiplet'},{'from': 'Chiplet_1', 'to': 'Chiplet_6', 'connection_type': '2.5d_emib', 'loc': '2.5d_chiplet'},{'from': 'Chiplet_1', 'to': 'Chiplet_5', 'connection_type': '2.5d_emib', 'loc': '2.5d_chiplet'}",1,4,1,4,2,4,hbm3,aib,ucie_3d,1,0,os,0,0,0
90,24.44866929639688,3645576.02,192999.77766891578,1360229291.4899857,14059.885085574573,34235.9678638248,90,4.1253109519999995,10.4826,4096,192x192,7,1.743774000637535,1.7054115854749998,1024,64x64,14,5.5109919519999995,10.4826,8192,192x192,7,0.829831759447044,1.3845915837374998,768,64x64,10,0.46559300000000003,1.11875,512,64x64,7,5.5109919519999995,10.4826,8192,192x192,7,2.5d,"{'from': 'Chiplet_3', 'to': 'Chiplet_1', 'connection_type': '2.5d_emib', 'loc': '2.5d_chiplet'},{'from': 'Chiplet_3', 'to': 'Chiplet_6', 'connection_type': '2.5d_emib', 'loc': '2.5d_chiplet'},{'from': 'Chiplet_1', 'to': 'Chiplet_2', 'connection_type': '2.5d_emib', 'loc': '2.5d_chiplet'},{'from': 'Chiplet_1', 'to': 'Chiplet_3', 'connection_type': '2.5d_emib', 'loc': '2.5d_chiplet'},{'from': 'Chiplet_6', 'to': 'Chiplet_3', 'connection_type': '2.5d_emib', 'loc': '2.5d_chiplet'},{'from': 'Chiplet_6', 'to': 'Chiplet_4', 'connection_type': '2.5d_emib', 'loc': '2.5d_chiplet'},{'from': 'Chiplet_6', 'to': 'Chiplet_2', 'connection_type': '2.5d_emib', 'loc': '2.5d_chiplet'},{'from': 'Chiplet_2', 'to': 'Chiplet_1', 'connection_type': '2.5d_emib', 'loc': '2.5d_chiplet'},{'from': 'Chiplet_2', 'to': 'Chiplet_4', 'connection_type': '2.5d_emib', 'loc': '2.5d_chiplet'},{'from': 'Chiplet_2', 'to': 'Chiplet_6', 'connection_type': '2.5d_emib', 'loc': '2.5d_chiplet'},{'from': 'Chiplet_2', 'to': 'Chiplet_5', 'connection_type': '2.5d_emib', 'loc': '2.5d_chiplet'},{'from': 'Chiplet_4', 'to': 'Chiplet_2', 'connection_type': '2.5d_emib', 'loc': '2.5d_chiplet'},{'from': 'Chiplet_4', 'to': 'Chiplet_6', 'connection_type': '2.5d_emib', 'loc': '2.5d_chiplet'},{'from': 'Chiplet_4', 'to': 'Chiplet_5', 'connection_type': '2.5d_emib', 'loc': '2.5d_chiplet'},{'from': 'Chiplet_5', 'to': 'Chiplet_2', 'connection_type': '2.5d_emib', 'loc': '2.5d_chiplet'},{'from': 'Chiplet_5', 'to': 'Chiplet_4', 'connection_type': '2.5d_emib', 'loc': '2.5d_chiplet'}",1,1,2,1,1,2,ddr5,bow,na,0,0,ws,0,0,0
91,35.956907902158605,3507914.19,84724.58475606196,1094299127.354145,135396.787497476,117382.87154862854,91,1.4141952089375351,1.7054115854749998,512,64x64,14,8.112421457366196,12.973514847541198,8192,192x192,10,1.3653681800824635,3.1172648505374996,512,96x96,10,6.726740457366197,12.973514847541198,4096,192x192,10,1.86237254,4.475,2048,128x128,7,3.5867297574793953,3.8395579270749995,2048,96x96,14,2.5d,"{'from': 'Chiplet_2', 'to': 'Chiplet_6', 'connection_type': '2.5d_rdl', 'loc': '2.5d_chiplet'},{'from': 'Chiplet_2', 'to': 'Chiplet_4', 'connection_type': '2.5d_rdl', 'loc': '2.5d_chiplet'},{'from': 'Chiplet_2', 'to': 'Chiplet_1', 'connection_type': '2.5d_rdl', 'loc': '2.5d_chiplet'},{'from': 'Chiplet_2', 'to': 'Chiplet_5', 'connection_type': '2.5d_rdl', 'loc': '2.5d_chiplet'},{'from': 'Chiplet_5', 'to': 'Chiplet_2', 'connection_type': '2.5d_rdl', 'loc': '2.5d_chiplet'},{'from': 'Chiplet_5', 'to': 'Chiplet_1', 'connection_type': '2.5d_rdl', 'loc': '2.5d_chiplet'},{'from': 'Chiplet_1', 'to': 'Chiplet_2', 'connection_type': '2.5d_rdl', 'loc': '2.5d_chiplet'},{'from': 'Chiplet_1', 'to': 'Chiplet_5', 'connection_type': '2.5d_rdl', 'loc': '2.5d_chiplet'},{'from': 'Chiplet_4', 'to': 'Chiplet_2', 'connection_type': '2.5d_rdl', 'loc': '2.5d_chiplet'},{'from': 'Chiplet_4', 'to': 'Chiplet_6', 'connection_type': '2.5d_rdl', 'loc': '2.5d_chiplet'},{'from': 'Chiplet_4', 'to': 'Chiplet_3', 'connection_type': '2.5d_rdl', 'loc': '2.5d_chiplet'},{'from': 'Chiplet_6', 'to': 'Chiplet_2', 'connection_type': '2.5d_rdl', 'loc': '2.5d_chiplet'},{'from': 'Chiplet_6', 'to': 'Chiplet_4', 'connection_type': '2.5d_rdl', 'loc': '2.5d_chiplet'},{'from': 'Chiplet_6', 'to': 'Chiplet_3', 'connection_type': '2.5d_rdl', 'loc': '2.5d_chiplet'},{'from': 'Chiplet_3', 'to': 'Chiplet_4', 'connection_type': '2.5d_rdl', 'loc': '2.5d_chiplet'},{'from': 'Chiplet_3', 'to': 'Chiplet_6', 'connection_type': '2.5d_rdl', 'loc': '2.5d_chiplet'}",1,2,1,2,1,1,ddr4,ucie_std,na,1,0,os,1,0,0
92,48.47027583734915,5887831.26,207433.41975215316,562382036.4523103,11560.329670329671,20447.24768077379,92,11.481175603606792,15.979573171754398,2048,192x192,14,8.112421457366196,12.973514847541198,8192,192x192,10,5.5109919519999995,10.4826,8192,192x192,7,0.552198,1.11875,768,64x64,7,2.20879254,4.475,3072,128x128,7,1.304342696,2.51875,2048,96x96,7,2.5d,"{'from': 'Chiplet_1', 'to': 'Chiplet_2', 'connection_type': '2.5d_emib', 'loc': '2.5d_chiplet'},{'from': 'Chiplet_1', 'to': 'Chiplet_4', 'connection_type': '2.5d_emib', 'loc': '2.5d_chiplet'},{'from': 'Chiplet_1', 'to': 'Chiplet_3', 'connection_type': '2.5d_emib', 'loc': '2.5d_chiplet'},{'from': 'Chiplet_1', 'to': 'Chiplet_5', 'connection_type': '2.5d_emib', 'loc': '2.5d_chiplet'},{'from': 'Chiplet_5', 'to': 'Chiplet_1', 'connection_type': '2.5d_emib', 'loc': '2.5d_chiplet'},{'from': 'Chiplet_5', 'to': 'Chiplet_4', 'connection_type': '2.5d_emib', 'loc': '2.5d_chiplet'},{'from': 'Chiplet_4', 'to': 'Chiplet_1', 'connection_type': '2.5d_emib', 'loc': '2.5d_chiplet'},{'from': 'Chiplet_4', 'to': 'Chiplet_5', 'connection_type': '2.5d_emib', 'loc': '2.5d_chiplet'},{'from': 'Chiplet_2', 'to': 'Chiplet_3', 'connection_type': '2.5d_emib', 'loc': '2.5d_chiplet'},{'from': 'Chiplet_2', 'to': 'Chiplet_1', 'connection_type': '2.5d_emib', 'loc': '2.5d_chiplet'},{'from': 'Chiplet_2', 'to': 'Chiplet_6', 'connection_type': '2.5d_emib', 'loc': '2.5d_chiplet'},{'from': 'Chiplet_3', 'to': 'Chiplet_2', 'connection_type': '2.5d_emib', 'loc': '2.5d_chiplet'},{'from': 'Chiplet_3', 'to': 'Chiplet_1', 'connection_type': '2.5d_emib', 'loc': '2.5d_chiplet'},{'from': 'Chiplet_3', 'to': 'Chiplet_6', 'connection_type': '2.5d_emib', 'loc': '2.5d_chiplet'},{'from': 'Chiplet_6', 'to': 'Chiplet_3', 'connection_type': '2.5d_emib', 'loc': '2.5d_chiplet'},{'from': 'Chiplet_6', 'to': 'Chiplet_2', 'connection_type': '2.5d_emib', 'loc': '2.5d_chiplet'}",6,4,3,1,1,1,hbm3,ucie_adv,na,0,0,ws,0,0,0
93,53.85477884785875,6765224.84,156240.80945499055,1385635513.1186361,11368.761206193969,38873.68765303743,93,12.799492673176792,15.979573171754398,4096,192x192,14,1.3653681800824635,3.1172648505374996,512,96x96,10,11.481175603606792,15.979573171754398,2048,192x192,14,0.957922696,2.51875,1024,96x96,7,5.5109919519999995,10.4826,8192,192x192,7,15.436124909546791,15.979573171754398,8192,192x192,14,2.5d_3d,"{'from': 'Chiplet_1', 'to': 'Chiplet_5', 'connection_type': '3d_hyb_bond', 'loc': 'stack0_base'},{'from': 'Chiplet_5', 'to': 'Chiplet_2', 'connection_type': '3d_hyb_bond', 'loc': 'stack0_middle1'},{'from': 'Chiplet_2', 'to': 'na', 'connection_type': '3d_hyb_bond', 'loc': 'stack0_top'},{'from': 'Chiplet_6', 'to': 'Chiplet_3', 'connection_type': '2.5d_rdl', 'loc': '2.5d_chiplet'},{'from': 'Chiplet_6', 'to': 'Chiplet_1', 'connection_type': '2.5d_rdl', 'loc': '2.5d_chiplet'},{'from': 'Chiplet_6', 'to': 'Chiplet_4', 'connection_type': '2.5d_rdl', 'loc': '2.5d_chiplet'},{'from': 'Chiplet_4', 'to': 'Chiplet_3', 'connection_type': '2.5d_rdl', 'loc': '2.5d_chiplet'},{'from': 'Chiplet_4', 'to': 'Chiplet_6', 'connection_type': '2.5d_rdl', 'loc': '2.5d_chiplet'},{'from': 'Chiplet_1', 'to': 'Chiplet_3', 'connection_type': '2.5d_rdl', 'loc': '2.5d_chiplet'},{'from': 'Chiplet_1', 'to': 'Chiplet_6', 'connection_type': '2.5d_rdl', 'loc': '2.5d_chiplet'},{'from': 'Chiplet_3', 'to': 'Chiplet_4', 'connection_type': '2.5d_rdl', 'loc': '2.5d_chiplet'},{'from': 'Chiplet_3', 'to': 'Chiplet_6', 'connection_type': '2.5d_rdl', 'loc': '2.5d_chiplet'},{'from': 'Chiplet_3', 'to': 'Chiplet_1', 'connection_type': '2.5d_rdl', 'loc': '2.5d_chiplet'}",2,1,1,1,1,2,ddr5,ucie_std,ucie_3d,0,0,os,0,0,0
94,33.108370793964944,3565223.91,184630.01545173526,1703520004.0664515,35667.94117647059,56367.45530301159,94,0.46559300000000003,1.11875,512,64x64,7,6.033899457366197,12.973514847541198,2048,192x192,10,0.957922696,2.51875,1024,96x96,7,0.552198,1.11875,768,64x64,7,2.55521354,4.475,4096,128x128,7,14.117807839976791,15.979573171754398,6144,192x192,14,2.5d,"{'from': 'Chiplet_6', 'to': 'Chiplet_2', 'connection_type': '2.5d_emib', 'loc': '2.5d_chiplet'},{'from': 'Chiplet_6', 'to': 'Chiplet_5', 'connection_type': '2.5d_emib', 'loc': '2.5d_chiplet'},{'from': 'Chiplet_2', 'to': 'Chiplet_3', 'connection_type': '2.5d_emib', 'loc': '2.5d_chiplet'},{'from': 'Chiplet_2', 'to': 'Chiplet_6', 'connection_type': '2.5d_emib', 'loc': '2.5d_chiplet'},{'from': 'Chiplet_2', 'to': 'Chiplet_5', 'connection_type': '2.5d_emib', 'loc': '2.5d_chiplet'},{'from': 'Chiplet_5', 'to': 'Chiplet_3', 'connection_type': '2.5d_emib', 'loc': '2.5d_chiplet'},{'from': 'Chiplet_5', 'to': 'Chiplet_4', 'connection_type': '2.5d_emib', 'loc': '2.5d_chiplet'},{'from': 'Chiplet_5', 'to': 'Chiplet_6', 'connection_type': '2.5d_emib', 'loc': '2.5d_chiplet'},{'from': 'Chiplet_5', 'to': 'Chiplet_2', 'connection_type': '2.5d_emib', 'loc': '2.5d_chiplet'},{'from': 'Chiplet_3', 'to': 'Chiplet_2', 'connection_type': '2.5d_emib', 'loc': '2.5d_chiplet'},{'from': 'Chiplet_3', 'to': 'Chiplet_1', 'connection_type': '2.5d_emib', 'loc': '2.5d_chiplet'},{'from': 'Chiplet_3', 'to': 'Chiplet_4', 'connection_type': '2.5d_emib', 'loc': '2.5d_chiplet'},{'from': 'Chiplet_3', 'to': 'Chiplet_5', 'connection_type': '2.5d_emib', 'loc': '2.5d_chiplet'},{'from': 'Chiplet_4', 'to': 'Chiplet_3', 'connection_type': '2.5d_emib', 'loc': '2.5d_chiplet'},{'from': 'Chiplet_4', 'to': 'Chiplet_1', 'connection_type': '2.5d_emib', 'loc': '2.5d_chiplet'},{'from': 'Chiplet_4', 'to': 'Chiplet_5', 'connection_type': '2.5d_emib', 'loc': '2.5d_chiplet'},{'from': 'Chiplet_1', 'to': 'Chiplet_3', 'connection_type': '2.5d_emib', 'loc': '2.5d_chiplet'},{'from': 'Chiplet_1', 'to': 'Chiplet_4', 'connection_type': '2.5d_emib', 'loc': '2.5d_chiplet'}",1,1,1,1,1,3,ddr4,aib,na,1,0,is,0,0,0
95,36.47560610671228,3358654.42,175442.72661487968,1085421001.5155687,106261.40040161382,84186.16387859033,95,0.829831759447044,1.3845915837374998,768,64x64,10,2.55521354,4.475,4096,128x128,7,11.481175603606792,15.979573171754398,2048,192x192,14,0.957922696,2.51875,1024,96x96,7,1.249405813087535,1.7054115854749998,256,64x64,14,6.975099908490179,6.821646341899999,4096,128x128,14,2.5d,"{'from': 'Chiplet_3', 'to': 'Chiplet_2', 'connection_type': '2.5d_emib', 'loc': '2.5d_chiplet'},{'from': 'Chiplet_3', 'to': 'Chiplet_1', 'connection_type': '2.5d_emib', 'loc': '2.5d_chiplet'},{'from': 'Chiplet_3', 'to': 'Chiplet_6', 'connection_type': '2.5d_emib', 'loc': '2.5d_chiplet'},{'from': 'Chiplet_1', 'to': 'Chiplet_2', 'connection_type': '2.5d_emib', 'loc': '2.5d_chiplet'},{'from': 'Chiplet_1', 'to': 'Chiplet_3', 'connection_type': '2.5d_emib', 'loc': '2.5d_chiplet'},{'from': 'Chiplet_6', 'to': 'Chiplet_3', 'connection_type': '2.5d_emib', 'loc': '2.5d_chiplet'},{'from': 'Chiplet_6', 'to': 'Chiplet_2', 'connection_type': '2.5d_emib', 'loc': '2.5d_chiplet'},{'from': 'Chiplet_6', 'to': 'Chiplet_5', 'connection_type': '2.5d_emib', 'loc': '2.5d_chiplet'},{'from': 'Chiplet_2', 'to': 'Chiplet_1', 'connection_type': '2.5d_emib', 'loc': '2.5d_chiplet'},{'from': 'Chiplet_2', 'to': 'Chiplet_4', 'connection_type': '2.5d_emib', 'loc': '2.5d_chiplet'},{'from': 'Chiplet_2', 'to': 'Chiplet_5', 'connection_type': '2.5d_emib', 'loc': '2.5d_chiplet'},{'from': 'Chiplet_2', 'to': 'Chiplet_3', 'connection_type': '2.5d_emib', 'loc': '2.5d_chiplet'},{'from': 'Chiplet_2', 'to': 'Chiplet_6', 'connection_type': '2.5d_emib', 'loc': '2.5d_chiplet'},{'from': 'Chiplet_5', 'to': 'Chiplet_2', 'connection_type': '2.5d_emib', 'loc': '2.5d_chiplet'},{'from': 'Chiplet_5', 'to': 'Chiplet_4', 'connection_type': '2.5d_emib', 'loc': '2.5d_chiplet'},{'from': 'Chiplet_5', 'to': 'Chiplet_6', 'connection_type': '2.5d_emib', 'loc': '2.5d_chiplet'},{'from': 'Chiplet_4', 'to': 'Chiplet_2', 'connection_type': '2.5d_emib', 'loc': '2.5d_chiplet'},{'from': 'Chiplet_4', 'to': 'Chiplet_5', 'connection_type': '2.5d_emib', 'loc': '2.5d_chiplet'}",1,1,3,1,1,1,ddr4,bow,na,0,0,is,1,0,0
96,17.398055267622183,3055232.76,68169.3396462796,509012305.0954052,303675.1597106765,150264.0219684434,96,2.20879254,4.475,3072,128x128,7,1.304342696,2.51875,2048,96x96,7,3.5867297574793953,3.8395579270749995,2048,96x96,14,1.3653681800824635,3.1172648505374996,512,96x96,10,2.55521354,4.475,4096,128x128,7,5.656782838920179,6.821646341899999,2048,128x128,14,2.5d_3d,"{'from': 'Chiplet_5', 'to': 'Chiplet_4', 'connection_type': '3d_u_bump', 'loc': 'stack0_base'},{'from': 'Chiplet_4', 'to': 'Chiplet_2', 'connection_type': '3d_u_bump', 'loc': 'stack0_middle1'},{'from': 'Chiplet_2', 'to': 'na', 'connection_type': '3d_u_bump', 'loc': 'stack0_top'},{'from': 'Chiplet_6', 'to': 'Chiplet_3', 'connection_type': '2.5d_rdl', 'loc': '2.5d_chiplet'},{'from': 'Chiplet_6', 'to': 'Chiplet_1', 'connection_type': '2.5d_rdl', 'loc': '2.5d_chiplet'},{'from': 'Chiplet_6', 'to': 'Chiplet_5', 'connection_type': '2.5d_rdl', 'loc': '2.5d_chiplet'},{'from': 'Chiplet_1', 'to': 'Chiplet_6', 'connection_type': '2.5d_rdl', 'loc': '2.5d_chiplet'},{'from': 'Chiplet_1', 'to': 'Chiplet_5', 'connection_type': '2.5d_rdl', 'loc': '2.5d_chiplet'},{'from': 'Chiplet_3', 'to': 'Chiplet_6', 'connection_type': '2.5d_rdl', 'loc': '2.5d_chiplet'},{'from': 'Chiplet_3', 'to': 'Chiplet_5', 'connection_type': '2.5d_rdl', 'loc': '2.5d_chiplet'},{'from': 'Chiplet_5', 'to': 'Chiplet_3', 'connection_type': '2.5d_rdl', 'loc': '2.5d_chiplet'},{'from': 'Chiplet_5', 'to': 'Chiplet_1', 'connection_type': '2.5d_rdl', 'loc': '2.5d_chiplet'},{'from': 'Chiplet_5', 'to': 'Chiplet_6', 'connection_type': '2.5d_rdl', 'loc': '2.5d_chiplet'}",2,1,4,1,3,5,hbm2,ucie_std,ucie_3d,1,0,ws,1,0,0
97,19.225182818987914,2032378.81,55694.55453994731,1699986262.732881,52944.41176470588,54369.445980282486,97,1.5385781800824634,3.1172648505374996,1024,96x96,10,1.249405813087535,1.7054115854749998,256,64x64,14,1.7117881800824635,3.1172648505374996,1536,96x96,10,1.4141952089375351,1.7054115854749998,512,64x64,14,0.378988,1.11875,256,64x64,7,8.112421457366196,12.973514847541198,8192,192x192,10,2.5d,"{'from': 'Chiplet_6', 'to': 'Chiplet_3', 'connection_type': '2.5d_rdl', 'loc': '2.5d_chiplet'},{'from': 'Chiplet_6', 'to': 'Chiplet_1', 'connection_type': '2.5d_rdl', 'loc': '2.5d_chiplet'},{'from': 'Chiplet_3', 'to': 'Chiplet_2', 'connection_type': '2.5d_rdl', 'loc': '2.5d_chiplet'},{'from': 'Chiplet_3', 'to': 'Chiplet_1', 'connection_type': '2.5d_rdl', 'loc': '2.5d_chiplet'},{'from': 'Chiplet_3', 'to': 'Chiplet_6', 'connection_type': '2.5d_rdl', 'loc': '2.5d_chiplet'},{'from': 'Chiplet_2', 'to': 'Chiplet_3', 'connection_type': '2.5d_rdl', 'loc': '2.5d_chiplet'},{'from': 'Chiplet_2', 'to': 'Chiplet_4', 'connection_type': '2.5d_rdl', 'loc': '2.5d_chiplet'},{'from': 'Chiplet_1', 'to': 'Chiplet_3', 'connection_type': '2.5d_rdl', 'loc': '2.5d_chiplet'},{'from': 'Chiplet_1', 'to': 'Chiplet_4', 'connection_type': '2.5d_rdl', 'loc': '2.5d_chiplet'},{'from': 'Chiplet_1', 'to': 'Chiplet_6', 'connection_type': '2.5d_rdl', 'loc': '2.5d_chiplet'},{'from': 'Chiplet_1', 'to': 'Chiplet_5', 'connection_type': '2.5d_rdl', 'loc': '2.5d_chiplet'},{'from': 'Chiplet_4', 'to': 'Chiplet_2', 'connection_type': '2.5d_rdl', 'loc': '2.5d_chiplet'},{'from': 'Chiplet_4', 'to': 'Chiplet_1', 'connection_type': '2.5d_rdl', 'loc': '2.5d_chiplet'},{'from': 'Chiplet_4', 'to': 'Chiplet_5', 'connection_type': '2.5d_rdl', 'loc': '2.5d_chiplet'},{'from': 'Chiplet_5', 'to': 'Chiplet_1', 'connection_type': '2.5d_rdl', 'loc': '2.5d_chiplet'},{'from': 'Chiplet_5', 'to': 'Chiplet_4', 'connection_type': '2.5d_rdl', 'loc': '2.5d_chiplet'}",1,1,1,1,1,3,ddr4,ucie_std,na,0,0,ws,0,0,0
98,32.61476130764844,3650945.05,170048.3635399493,315353803.23171335,82756.49819203166,63138.120562212345,98,6.033899457366197,12.973514847541198,2048,192x192,10,4.9976252555201786,6.821646341899999,1024,128x128,14,2.6264880905479133,5.538366334949999,1024,128x128,10,4.9976252555201786,6.821646341899999,1024,128x128,14,1.578984604787535,1.7054115854749998,768,64x64,14,3.2571509657793953,3.8395579270749995,1536,96x96,14,2.5d,"{'from': 'Chiplet_1', 'to': 'Chiplet_2', 'connection_type': '2.5d_emib', 'loc': '2.5d_chiplet'},{'from': 'Chiplet_1', 'to': 'Chiplet_6', 'connection_type': '2.5d_emib', 'loc': '2.5d_chiplet'},{'from': 'Chiplet_1', 'to': 'Chiplet_3', 'connection_type': '2.5d_emib', 'loc': '2.5d_chiplet'},{'from': 'Chiplet_6', 'to': 'Chiplet_3', 'connection_type': '2.5d_emib', 'loc': '2.5d_chiplet'},{'from': 'Chiplet_6', 'to': 'Chiplet_1', 'connection_type': '2.5d_emib', 'loc': '2.5d_chiplet'},{'from': 'Chiplet_3', 'to': 'Chiplet_4', 'connection_type': '2.5d_emib', 'loc': '2.5d_chiplet'},{'from': 'Chiplet_3', 'to': 'Chiplet_6', 'connection_type': '2.5d_emib', 'loc': '2.5d_chiplet'},{'from': 'Chiplet_3', 'to': 'Chiplet_1', 'connection_type': '2.5d_emib', 'loc': '2.5d_chiplet'},{'from': 'Chiplet_2', 'to': 'Chiplet_1', 'connection_type': '2.5d_emib', 'loc': '2.5d_chiplet'},{'from': 'Chiplet_2', 'to': 'Chiplet_4', 'connection_type': '2.5d_emib', 'loc': '2.5d_chiplet'},{'from': 'Chiplet_2', 'to': 'Chiplet_5', 'connection_type': '2.5d_emib', 'loc': '2.5d_chiplet'},{'from': 'Chiplet_5', 'to': 'Chiplet_2', 'connection_type': '2.5d_emib', 'loc': '2.5d_chiplet'},{'from': 'Chiplet_5', 'to': 'Chiplet_4', 'connection_type': '2.5d_emib', 'loc': '2.5d_chiplet'},{'from': 'Chiplet_4', 'to': 'Chiplet_3', 'connection_type': '2.5d_emib', 'loc': '2.5d_chiplet'},{'from': 'Chiplet_4', 'to': 'Chiplet_2', 'connection_type': '2.5d_emib', 'loc': '2.5d_chiplet'},{'from': 'Chiplet_4', 'to': 'Chiplet_5', 'connection_type': '2.5d_emib', 'loc': '2.5d_chiplet'}",4,4,2,3,1,2,hbm3,bow,na,0,0,ws,1,0,0
99,49.843375237046814,5966441.97,103420.18641566247,459901702.7052782,116031.23392059568,114444.70760038155,99,0.46559300000000003,1.11875,512,64x64,7,8.112421457366196,12.973514847541198,8192,192x192,10,6.033899457366197,12.973514847541198,2048,192x192,10,3.665749090547913,5.538366334949999,4096,128x128,10,0.378988,1.11875,256,64x64,7,11.481175603606792,15.979573171754398,2048,192x192,14,2.5d_3d,"{'from': 'Chiplet_2', 'to': 'Chiplet_5', 'connection_type': '3d_u_bump', 'loc': 'stack0_base'},{'from': 'Chiplet_5', 'to': 'na', 'connection_type': '3d_u_bump', 'loc': 'stack0_top'},{'from': 'Chiplet_6', 'to': 'Chiplet_2', 'connection_type': '2.5d_rdl', 'loc': '2.5d_chiplet'},{'from': 'Chiplet_6', 'to': 'Chiplet_4', 'connection_type': '2.5d_rdl', 'loc': '2.5d_chiplet'},{'from': 'Chiplet_6', 'to': 'Chiplet_3', 'connection_type': '2.5d_rdl', 'loc': '2.5d_chiplet'},{'from': 'Chiplet_4', 'to': 'Chiplet_3', 'connection_type': '2.5d_rdl', 'loc': '2.5d_chiplet'},{'from': 'Chiplet_4', 'to': 'Chiplet_6', 'connection_type': '2.5d_rdl', 'loc': '2.5d_chiplet'},{'from': 'Chiplet_2', 'to': 'Chiplet_3', 'connection_type': '2.5d_rdl', 'loc': '2.5d_chiplet'},{'from': 'Chiplet_2', 'to': 'Chiplet_1', 'connection_type': '2.5d_rdl', 'loc': '2.5d_chiplet'},{'from': 'Chiplet_2', 'to': 'Chiplet_6', 'connection_type': '2.5d_rdl', 'loc': '2.5d_chiplet'},{'from': 'Chiplet_3', 'to': 'Chiplet_2', 'connection_type': '2.5d_rdl', 'loc': '2.5d_chiplet'},{'from': 'Chiplet_3', 'to': 'Chiplet_4', 'connection_type': '2.5d_rdl', 'loc': '2.5d_chiplet'},{'from': 'Chiplet_3', 'to': 'Chiplet_6', 'connection_type': '2.5d_rdl', 'loc': '2.5d_chiplet'},{'from': 'Chiplet_3', 'to': 'Chiplet_1', 'connection_type': '2.5d_rdl', 'loc': '2.5d_chiplet'},{'from': 'Chiplet_1', 'to': 'Chiplet_3', 'connection_type': '2.5d_rdl', 'loc': '2.5d_chiplet'},{'from': 'Chiplet_1', 'to': 'Chiplet_2', 'connection_type': '2.5d_rdl', 'loc': '2.5d_chiplet'}",1,4,3,1,1,6,hbm2,ucie_std,ucie_3d,0,0,os,1,0,0
100,28.377256183922622,3220086.11,163333.23094512054,557640576.2519825,38383.333333333336,30799.20478221545,100,6.726740457366197,12.973514847541198,4096,192x192,10,6.315940422320179,6.821646341899999,3072,128x128,14,1.743774000637535,1.7054115854749998,1024,64x64,14,1.8849981800824636,3.1172648505374996,2048,96x96,10,1.8849981800824636,3.1172648505374996,2048,96x96,10,0.656621759447044,1.3845915837374998,256,64x64,10,2.5d,"{'from': 'Chiplet_1', 'to': 'Chiplet_2', 'connection_type': '2.5d_emib', 'loc': '2.5d_chiplet'},{'from': 'Chiplet_1', 'to': 'Chiplet_6', 'connection_type': '2.5d_emib', 'loc': '2.5d_chiplet'},{'from': 'Chiplet_1', 'to': 'Chiplet_5', 'connection_type': '2.5d_emib', 'loc': '2.5d_chiplet'},{'from': 'Chiplet_5', 'to': 'Chiplet_1', 'connection_type': '2.5d_emib', 'loc': '2.5d_chiplet'},{'from': 'Chiplet_5', 'to': 'Chiplet_6', 'connection_type': '2.5d_emib', 'loc': '2.5d_chiplet'},{'from': 'Chiplet_6', 'to': 'Chiplet_1', 'connection_type': '2.5d_emib', 'loc': '2.5d_chiplet'},{'from': 'Chiplet_6', 'to': 'Chiplet_5', 'connection_type': '2.5d_emib', 'loc': '2.5d_chiplet'},{'from': 'Chiplet_2', 'to': 'Chiplet_3', 'connection_type': '2.5d_emib', 'loc': '2.5d_chiplet'},{'from': 'Chiplet_2', 'to': 'Chiplet_1', 'connection_type': '2.5d_emib', 'loc': '2.5d_chiplet'},{'from': 'Chiplet_2', 'to': 'Chiplet_4', 'connection_type': '2.5d_emib', 'loc': '2.5d_chiplet'},{'from': 'Chiplet_4', 'to': 'Chiplet_3', 'connection_type': '2.5d_emib', 'loc': '2.5d_chiplet'},{'from': 'Chiplet_4', 'to': 'Chiplet_2', 'connection_type': '2.5d_emib', 'loc': '2.5d_chiplet'},{'from': 'Chiplet_3', 'to': 'Chiplet_2', 'connection_type': '2.5d_emib', 'loc': '2.5d_chiplet'},{'from': 'Chiplet_3', 'to': 'Chiplet_4', 'connection_type': '2.5d_emib', 'loc': '2.5d_chiplet'}",6,5,1,2,1,1,hbm2,ucie_adv,na,1,0,is,0,0,0
101,40.51671501844671,3632735.22,178905.51660439497,966373676.0452332,79566.99927927274,69399.26754614493,101,5.656782838920179,6.821646341899999,2048,128x128,14,1.3653681800824635,3.1172648505374996,512,96x96,10,2.597993382379395,3.8395579270749995,512,96x96,14,3.5867297574793953,3.8395579270749995,2048,96x96,14,15.436124909546791,15.979573171754398,8192,192x192,14,1.4141952089375351,1.7054115854749998,512,64x64,14,2.5d,"{'from': 'Chiplet_5', 'to': 'Chiplet_1', 'connection_type': '2.5d_emib', 'loc': '2.5d_chiplet'},{'from': 'Chiplet_5', 'to': 'Chiplet_4', 'connection_type': '2.5d_emib', 'loc': '2.5d_chiplet'},{'from': 'Chiplet_1', 'to': 'Chiplet_3', 'connection_type': '2.5d_emib', 'loc': '2.5d_chiplet'},{'from': 'Chiplet_1', 'to': 'Chiplet_4', 'connection_type': '2.5d_emib', 'loc': '2.5d_chiplet'},{'from': 'Chiplet_1', 'to': 'Chiplet_6', 'connection_type': '2.5d_emib', 'loc': '2.5d_chiplet'},{'from': 'Chiplet_1', 'to': 'Chiplet_5', 'connection_type': '2.5d_emib', 'loc': '2.5d_chiplet'},{'from': 'Chiplet_6', 'to': 'Chiplet_3', 'connection_type': '2.5d_emib', 'loc': '2.5d_chiplet'},{'from': 'Chiplet_6', 'to': 'Chiplet_1', 'connection_type': '2.5d_emib', 'loc': '2.5d_chiplet'},{'from': 'Chiplet_4', 'to': 'Chiplet_3', 'connection_type': '2.5d_emib', 'loc': '2.5d_chiplet'},{'from': 'Chiplet_4', 'to': 'Chiplet_1', 'connection_type': '2.5d_emib', 'loc': '2.5d_chiplet'},{'from': 'Chiplet_4', 'to': 'Chiplet_2', 'connection_type': '2.5d_emib', 'loc': '2.5d_chiplet'},{'from': 'Chiplet_4', 'to': 'Chiplet_5', 'connection_type': '2.5d_emib', 'loc': '2.5d_chiplet'},{'from': 'Chiplet_3', 'to': 'Chiplet_2', 'connection_type': '2.5d_emib', 'loc': '2.5d_chiplet'},{'from': 'Chiplet_3', 'to': 'Chiplet_1', 'connection_type': '2.5d_emib', 'loc': '2.5d_chiplet'},{'from': 'Chiplet_3', 'to': 'Chiplet_4', 'connection_type': '2.5d_emib', 'loc': '2.5d_chiplet'},{'from': 'Chiplet_3', 'to': 'Chiplet_6', 'connection_type': '2.5d_emib', 'loc': '2.5d_chiplet'},{'from': 'Chiplet_2', 'to': 'Chiplet_3', 'connection_type': '2.5d_emib', 'loc': '2.5d_chiplet'},{'from': 'Chiplet_2', 'to': 'Chiplet_4', 'connection_type': '2.5d_emib', 'loc': '2.5d_chiplet'}",1,1,1,1,3,1,ddr5,aib,na,0,0,ws,1,0,0
102,33.24825709496421,3635664.17,169132.50994550646,570932697.7290137,16503.333333333336,20062.797540637424,102,1.578984604787535,1.7054115854749998,768,64x64,14,1.4141952089375351,1.7054115854749998,512,64x64,14,6.315940422320179,6.821646341899999,3072,128x128,14,1.51595254,4.475,1024,128x128,7,3.2571509657793953,3.8395579270749995,1536,96x96,14,7.419580457366196,12.973514847541198,6144,192x192,10,2.5d,"{'from': 'Chiplet_6', 'to': 'Chiplet_3', 'connection_type': '2.5d_emib', 'loc': '2.5d_chiplet'},{'from': 'Chiplet_6', 'to': 'Chiplet_1', 'connection_type': '2.5d_emib', 'loc': '2.5d_chiplet'},{'from': 'Chiplet_6', 'to': 'Chiplet_4', 'connection_type': '2.5d_emib', 'loc': '2.5d_chiplet'},{'from': 'Chiplet_6', 'to': 'Chiplet_5', 'connection_type': '2.5d_emib', 'loc': '2.5d_chiplet'},{'from': 'Chiplet_1', 'to': 'Chiplet_6', 'connection_type': '2.5d_emib', 'loc': '2.5d_chiplet'},{'from': 'Chiplet_1', 'to': 'Chiplet_4', 'connection_type': '2.5d_emib', 'loc': '2.5d_chiplet'},{'from': 'Chiplet_4', 'to': 'Chiplet_1', 'connection_type': '2.5d_emib', 'loc': '2.5d_chiplet'},{'from': 'Chiplet_4', 'to': 'Chiplet_6', 'connection_type': '2.5d_emib', 'loc': '2.5d_chiplet'},{'from': 'Chiplet_3', 'to': 'Chiplet_2', 'connection_type': '2.5d_emib', 'loc': '2.5d_chiplet'},{'from': 'Chiplet_3', 'to': 'Chiplet_6', 'connection_type': '2.5d_emib', 'loc': '2.5d_chiplet'},{'from': 'Chiplet_3', 'to': 'Chiplet_5', 'connection_type': '2.5d_emib', 'loc': '2.5d_chiplet'},{'from': 'Chiplet_5', 'to': 'Chiplet_2', 'connection_type': '2.5d_emib', 'loc': '2.5d_chiplet'},{'from': 'Chiplet_5', 'to': 'Chiplet_6', 'connection_type': '2.5d_emib', 'loc': '2.5d_chiplet'},{'from': 'Chiplet_5', 'to': 'Chiplet_3', 'connection_type': '2.5d_emib', 'loc': '2.5d_chiplet'},{'from': 'Chiplet_2', 'to': 'Chiplet_3', 'connection_type': '2.5d_emib', 'loc': '2.5d_chiplet'},{'from': 'Chiplet_2', 'to': 'Chiplet_5', 'connection_type': '2.5d_emib', 'loc': '2.5d_chiplet'}",1,1,5,1,2,6,hbm2,ucie_adv,na,0,0,os,0,0,0
103,52.5138174935759,4698116.41,88854.77363314437,514359415.6664565,22315.0,26024.04872507752,103,4.9976252555201786,6.821646341899999,1024,128x128,14,3.665749090547913,5.538366334949999,4096,128x128,10,0.743226759447044,1.3845915837374998,512,64x64,10,3.2571509657793953,3.8395579270749995,1536,96x96,14,5.656782838920179,6.821646341899999,2048,128x128,14,11.481175603606792,15.979573171754398,2048,192x192,14,2.5d,"{'from': 'Chiplet_6', 'to': 'Chiplet_4', 'connection_type': '2.5d_rdl', 'loc': '2.5d_chiplet'},{'from': 'Chiplet_6', 'to': 'Chiplet_5', 'connection_type': '2.5d_rdl', 'loc': '2.5d_chiplet'},{'from': 'Chiplet_4', 'to': 'Chiplet_1', 'connection_type': '2.5d_rdl', 'loc': '2.5d_chiplet'},{'from': 'Chiplet_4', 'to': 'Chiplet_6', 'connection_type': '2.5d_rdl', 'loc': '2.5d_chiplet'},{'from': 'Chiplet_4', 'to': 'Chiplet_5', 'connection_type': '2.5d_rdl', 'loc': '2.5d_chiplet'},{'from': 'Chiplet_5', 'to': 'Chiplet_2', 'connection_type': '2.5d_rdl', 'loc': '2.5d_chiplet'},{'from': 'Chiplet_5', 'to': 'Chiplet_1', 'connection_type': '2.5d_rdl', 'loc': '2.5d_chiplet'},{'from': 'Chiplet_5', 'to': 'Chiplet_4', 'connection_type': '2.5d_rdl', 'loc': '2.5d_chiplet'},{'from': 'Chiplet_5', 'to': 'Chiplet_3', 'connection_type': '2.5d_rdl', 'loc': '2.5d_chiplet'},{'from': 'Chiplet_5', 'to': 'Chiplet_6', 'connection_type': '2.5d_rdl', 'loc': '2.5d_chiplet'},{'from': 'Chiplet_3', 'to': 'Chiplet_2', 'connection_type': '2.5d_rdl', 'loc': '2.5d_chiplet'},{'from': 'Chiplet_3', 'to': 'Chiplet_5', 'connection_type': '2.5d_rdl', 'loc': '2.5d_chiplet'},{'from': 'Chiplet_1', 'to': 'Chiplet_2', 'connection_type': '2.5d_rdl', 'loc': '2.5d_chiplet'},{'from': 'Chiplet_1', 'to': 'Chiplet_4', 'connection_type': '2.5d_rdl', 'loc': '2.5d_chiplet'},{'from': 'Chiplet_1', 'to': 'Chiplet_5', 'connection_type': '2.5d_rdl', 'loc': '2.5d_chiplet'},{'from': 'Chiplet_2', 'to': 'Chiplet_3', 'connection_type': '2.5d_rdl', 'loc': '2.5d_chiplet'},{'from': 'Chiplet_2', 'to': 'Chiplet_1', 'connection_type': '2.5d_rdl', 'loc': '2.5d_chiplet'},{'from': 'Chiplet_2', 'to': 'Chiplet_5', 'connection_type': '2.5d_rdl', 'loc': '2.5d_chiplet'}",2,2,1,2,3,6,hbm2,ucie_std,na,0,0,ws,0,0,0
104,46.62639159562287,5129138.79,191584.42771931956,454643387.6521316,9513.785103785103,16572.230125550734,104,1.8849981800824636,3.1172648505374996,2048,96x96,10,6.033899457366197,12.973514847541198,2048,192x192,10,1.304342696,2.51875,2048,96x96,7,12.799492673176792,15.979573171754398,4096,192x192,14,2.6264880905479133,5.538366334949999,1024,128x128,10,6.315940422320179,6.821646341899999,3072,128x128,14,2.5d,"{'from': 'Chiplet_4', 'to': 'Chiplet_2', 'connection_type': '2.5d_emib', 'loc': '2.5d_chiplet'},{'from': 'Chiplet_4', 'to': 'Chiplet_1', 'connection_type': '2.5d_emib', 'loc': '2.5d_chiplet'},{'from': 'Chiplet_4', 'to': 'Chiplet_6', 'connection_type': '2.5d_emib', 'loc': '2.5d_chiplet'},{'from': 'Chiplet_4', 'to': 'Chiplet_3', 'connection_type': '2.5d_emib', 'loc': '2.5d_chiplet'},{'from': 'Chiplet_1', 'to': 'Chiplet_3', 'connection_type': '2.5d_emib', 'loc': '2.5d_chiplet'},{'from': 'Chiplet_1', 'to': 'Chiplet_4', 'connection_type': '2.5d_emib', 'loc': '2.5d_chiplet'},{'from': 'Chiplet_3', 'to': 'Chiplet_1', 'connection_type': '2.5d_emib', 'loc': '2.5d_chiplet'},{'from': 'Chiplet_3', 'to': 'Chiplet_4', 'connection_type': '2.5d_emib', 'loc': '2.5d_chiplet'},{'from': 'Chiplet_6', 'to': 'Chiplet_2', 'connection_type': '2.5d_emib', 'loc': '2.5d_chiplet'},{'from': 'Chiplet_6', 'to': 'Chiplet_4', 'connection_type': '2.5d_emib', 'loc': '2.5d_chiplet'},{'from': 'Chiplet_6', 'to': 'Chiplet_5', 'connection_type': '2.5d_emib', 'loc': '2.5d_chiplet'},{'from': 'Chiplet_2', 'to': 'Chiplet_6', 'connection_type': '2.5d_emib', 'loc': '2.5d_chiplet'},{'from': 'Chiplet_2', 'to': 'Chiplet_4', 'connection_type': '2.5d_emib', 'loc': '2.5d_chiplet'},{'from': 'Chiplet_2', 'to': 'Chiplet_5', 'connection_type': '2.5d_emib', 'loc': '2.5d_chiplet'},{'from': 'Chiplet_5', 'to': 'Chiplet_2', 'connection_type': '2.5d_emib', 'loc': '2.5d_chiplet'},{'from': 'Chiplet_5', 'to': 'Chiplet_6', 'connection_type': '2.5d_emib', 'loc': '2.5d_chiplet'}",1,3,1,7,1,3,hbm3,bow,na,0,0,os,0,0,0
105,48.98817949576477,6650434.82,184799.1664449731,651824913.1835543,28451.666666666664,36827.15081619897,105,15.436124909546791,15.979573171754398,8192,192x192,14,6.726740457366197,12.973514847541198,4096,192x192,10,3.5867297574793953,3.8395579270749995,2048,96x96,14,1.743774000637535,1.7054115854749998,1024,64x64,14,5.5109919519999995,10.4826,8192,192x192,7,1.131132696,2.51875,1536,96x96,7,2.5d_3d,"{'from': 'Chiplet_5', 'to': 'Chiplet_6', 'connection_type': '3d_u_bump', 'loc': 'stack0_base'},{'from': 'Chiplet_6', 'to': 'na', 'connection_type': '3d_u_bump', 'loc': 'stack0_top'},{'from': 'Chiplet_1', 'to': 'Chiplet_2', 'connection_type': '2.5d_emib', 'loc': '2.5d_chiplet'},{'from': 'Chiplet_1', 'to': 'Chiplet_4', 'connection_type': '2.5d_emib', 'loc': '2.5d_chiplet'},{'from': 'Chiplet_1', 'to': 'Chiplet_5', 'connection_type': '2.5d_emib', 'loc': '2.5d_chiplet'},{'from': 'Chiplet_4', 'to': 'Chiplet_1', 'connection_type': '2.5d_emib', 'loc': '2.5d_chiplet'},{'from': 'Chiplet_4', 'to': 'Chiplet_5', 'connection_type': '2.5d_emib', 'loc': '2.5d_chiplet'},{'from': 'Chiplet_2', 'to': 'Chiplet_3', 'connection_type': '2.5d_emib', 'loc': '2.5d_chiplet'},{'from': 'Chiplet_2', 'to': 'Chiplet_1', 'connection_type': '2.5d_emib', 'loc': '2.5d_chiplet'},{'from': 'Chiplet_2', 'to': 'Chiplet_5', 'connection_type': '2.5d_emib', 'loc': '2.5d_chiplet'},{'from': 'Chiplet_5', 'to': 'Chiplet_3', 'connection_type': '2.5d_emib', 'loc': '2.5d_chiplet'},{'from': 'Chiplet_5', 'to': 'Chiplet_1', 'connection_type': '2.5d_emib', 'loc': '2.5d_chiplet'},{'from': 'Chiplet_5', 'to': 'Chiplet_4', 'connection_type': '2.5d_emib', 'loc': '2.5d_chiplet'},{'from': 'Chiplet_5', 'to': 'Chiplet_2', 'connection_type': '2.5d_emib', 'loc': '2.5d_chiplet'},{'from': 'Chiplet_3', 'to': 'Chiplet_2', 'connection_type': '2.5d_emib', 'loc': '2.5d_chiplet'},{'from': 'Chiplet_3', 'to': 'Chiplet_5', 'connection_type': '2.5d_emib', 'loc': '2.5d_chiplet'}",7,3,2,1,2,1,hbm2,bow,ucie_3d,1,0,is,0,0,0
106,39.14959004224625,4012947.11,82502.26903530589,397215611.654408,124206.1469385222,90687.4502332922,106,6.315940422320179,6.821646341899999,3072,128x128,14,6.315940422320179,6.821646341899999,3072,128x128,14,6.033899457366197,12.973514847541198,2048,192x192,10,1.578984604787535,1.7054115854749998,768,64x64,14,6.315940422320179,6.821646341899999,3072,128x128,14,0.743226759447044,1.3845915837374998,512,64x64,10,2.5d,"{'from': 'Chiplet_1', 'to': 'Chiplet_6', 'connection_type': '2.5d_rdl', 'loc': '2.5d_chiplet'},{'from': 'Chiplet_1', 'to': 'Chiplet_5', 'connection_type': '2.5d_rdl', 'loc': '2.5d_chiplet'},{'from': 'Chiplet_6', 'to': 'Chiplet_2', 'connection_type': '2.5d_rdl', 'loc': '2.5d_chiplet'},{'from': 'Chiplet_6', 'to': 'Chiplet_1', 'connection_type': '2.5d_rdl', 'loc': '2.5d_chiplet'},{'from': 'Chiplet_6', 'to': 'Chiplet_5', 'connection_type': '2.5d_rdl', 'loc': '2.5d_chiplet'},{'from': 'Chiplet_5', 'to': 'Chiplet_3', 'connection_type': '2.5d_rdl', 'loc': '2.5d_chiplet'},{'from': 'Chiplet_5', 'to': 'Chiplet_1', 'connection_type': '2.5d_rdl', 'loc': '2.5d_chiplet'},{'from': 'Chiplet_5', 'to': 'Chiplet_6', 'connection_type': '2.5d_rdl', 'loc': '2.5d_chiplet'},{'from': 'Chiplet_2', 'to': 'Chiplet_3', 'connection_type': '2.5d_rdl', 'loc': '2.5d_chiplet'},{'from': 'Chiplet_2', 'to': 'Chiplet_4', 'connection_type': '2.5d_rdl', 'loc': '2.5d_chiplet'},{'from': 'Chiplet_2', 'to': 'Chiplet_6', 'connection_type': '2.5d_rdl', 'loc': '2.5d_chiplet'},{'from': 'Chiplet_3', 'to': 'Chiplet_2', 'connection_type': '2.5d_rdl', 'loc': '2.5d_chiplet'},{'from': 'Chiplet_3', 'to': 'Chiplet_4', 'connection_type': '2.5d_rdl', 'loc': '2.5d_chiplet'},{'from': 'Chiplet_3', 'to': 'Chiplet_5', 'connection_type': '2.5d_rdl', 'loc': '2.5d_chiplet'},{'from': 'Chiplet_4', 'to': 'Chiplet_3', 'connection_type': '2.5d_rdl', 'loc': '2.5d_chiplet'},{'from': 'Chiplet_4', 'to': 'Chiplet_2', 'connection_type': '2.5d_rdl', 'loc': '2.5d_chiplet'}",4,4,3,1,3,1,hbm3,ucie_std,na,0,0,is,1,0,0
107,28.087838687475926,2952234.08,171279.04788478688,1716226558.0500135,31262.35294117647,49076.12915792527,107,0.743226759447044,1.3845915837374998,512,64x64,10,1.4141952089375351,1.7054115854749998,512,64x64,14,0.656621759447044,1.3845915837374998,256,64x64,10,2.55521354,4.475,4096,128x128,7,12.799492673176792,15.979573171754398,4096,192x192,14,3.665749090547913,5.538366334949999,4096,128x128,10,2.5d,"{'from': 'Chiplet_5', 'to': 'Chiplet_4', 'connection_type': '2.5d_emib', 'loc': '2.5d_chiplet'},{'from': 'Chiplet_5', 'to': 'Chiplet_6', 'connection_type': '2.5d_emib', 'loc': '2.5d_chiplet'},{'from': 'Chiplet_6', 'to': 'Chiplet_2', 'connection_type': '2.5d_emib', 'loc': '2.5d_chiplet'},{'from': 'Chiplet_6', 'to': 'Chiplet_1', 'connection_type': '2.5d_emib', 'loc': '2.5d_chiplet'},{'from': 'Chiplet_6', 'to': 'Chiplet_4', 'connection_type': '2.5d_emib', 'loc': '2.5d_chiplet'},{'from': 'Chiplet_6', 'to': 'Chiplet_5', 'connection_type': '2.5d_emib', 'loc': '2.5d_chiplet'},{'from': 'Chiplet_1', 'to': 'Chiplet_2', 'connection_type': '2.5d_emib', 'loc': '2.5d_chiplet'},{'from': 'Chiplet_1', 'to': 'Chiplet_6', 'connection_type': '2.5d_emib', 'loc': '2.5d_chiplet'},{'from': 'Chiplet_4', 'to': 'Chiplet_2', 'connection_type': '2.5d_emib', 'loc': '2.5d_chiplet'},{'from': 'Chiplet_4', 'to': 'Chiplet_6', 'connection_type': '2.5d_emib', 'loc': '2.5d_chiplet'},{'from': 'Chiplet_4', 'to': 'Chiplet_3', 'connection_type': '2.5d_emib', 'loc': '2.5d_chiplet'},{'from': 'Chiplet_4', 'to': 'Chiplet_5', 'connection_type': '2.5d_emib', 'loc': '2.5d_chiplet'},{'from': 'Chiplet_2', 'to': 'Chiplet_3', 'connection_type': '2.5d_emib', 'loc': '2.5d_chiplet'},{'from': 'Chiplet_2', 'to': 'Chiplet_6', 'connection_type': '2.5d_emib', 'loc': '2.5d_chiplet'},{'from': 'Chiplet_2', 'to': 'Chiplet_4', 'connection_type': '2.5d_emib', 'loc': '2.5d_chiplet'},{'from': 'Chiplet_2', 'to': 'Chiplet_1', 'connection_type': '2.5d_emib', 'loc': '2.5d_chiplet'},{'from': 'Chiplet_3', 'to': 'Chiplet_2', 'connection_type': '2.5d_emib', 'loc': '2.5d_chiplet'},{'from': 'Chiplet_3', 'to': 'Chiplet_4', 'connection_type': '2.5d_emib', 'loc': '2.5d_chiplet'}",1,1,1,1,3,1,ddr4,bow,na,1,0,ws,0,0,0
108,18.04481583159832,2934261.44,76637.28235660582,1031317056.4587954,142655.61814443523,114588.3922919891,108,1.131132696,2.51875,1536,96x96,7,6.726740457366197,12.973514847541198,4096,192x192,10,0.378988,1.11875,256,64x64,7,3.2571509657793953,3.8395579270749995,1536,96x96,14,2.972908090547913,5.538366334949999,2048,128x128,10,3.432469952,10.4826,2048,192x192,7,2.5d_3d,"{'from': 'Chiplet_4', 'to': 'Chiplet_5', 'connection_type': '3d_u_bump', 'loc': 'stack0_base'},{'from': 'Chiplet_5', 'to': 'Chiplet_1', 'connection_type': '3d_u_bump', 'loc': 'stack0_middle1'},{'from': 'Chiplet_1', 'to': 'na', 'connection_type': '3d_u_bump', 'loc': 'stack0_top'},{'from': 'Chiplet_2', 'to': 'Chiplet_4', 'connection_type': '2.5d_rdl', 'loc': '2.5d_chiplet'},{'from': 'Chiplet_2', 'to': 'Chiplet_6', 'connection_type': '2.5d_rdl', 'loc': '2.5d_chiplet'},{'from': 'Chiplet_6', 'to': 'Chiplet_2', 'connection_type': '2.5d_rdl', 'loc': '2.5d_chiplet'},{'from': 'Chiplet_6', 'to': 'Chiplet_4', 'connection_type': '2.5d_rdl', 'loc': '2.5d_chiplet'},{'from': 'Chiplet_6', 'to': 'Chiplet_3', 'connection_type': '2.5d_rdl', 'loc': '2.5d_chiplet'},{'from': 'Chiplet_4', 'to': 'Chiplet_2', 'connection_type': '2.5d_rdl', 'loc': '2.5d_chiplet'},{'from': 'Chiplet_4', 'to': 'Chiplet_6', 'connection_type': '2.5d_rdl', 'loc': '2.5d_chiplet'},{'from': 'Chiplet_4', 'to': 'Chiplet_3', 'connection_type': '2.5d_rdl', 'loc': '2.5d_chiplet'},{'from': 'Chiplet_3', 'to': 'Chiplet_6', 'connection_type': '2.5d_rdl', 'loc': '2.5d_chiplet'},{'from': 'Chiplet_3', 'to': 'Chiplet_4', 'connection_type': '2.5d_rdl', 'loc': '2.5d_chiplet'}",1,3,1,1,1,1,ddr4,ucie_std,ucie_3d,1,0,os,1,0,0
109,31.86334190911524,5116825.16,155949.2414559617,583651328.7629461,14905.0,23222.644516662713,109,12.799492673176792,15.979573171754398,4096,192x192,14,3.2571509657793953,3.8395579270749995,1536,96x96,14,6.726740457366197,12.973514847541198,4096,192x192,10,3.5867297574793953,3.8395579270749995,2048,96x96,14,2.20879254,4.475,3072,128x128,7,1.86237254,4.475,2048,128x128,7,2.5d_3d,"{'from': 'Chiplet_3', 'to': 'Chiplet_2', 'connection_type': '3d_u_bump', 'loc': 'stack0_base'},{'from': 'Chiplet_2', 'to': 'Chiplet_5', 'connection_type': '3d_u_bump', 'loc': 'stack0_middle1'},{'from': 'Chiplet_5', 'to': 'na', 'connection_type': '3d_u_bump', 'loc': 'stack0_top'},{'from': 'Chiplet_1', 'to': 'Chiplet_3', 'connection_type': '2.5d_emib', 'loc': '2.5d_chiplet'},{'from': 'Chiplet_1', 'to': 'Chiplet_4', 'connection_type': '2.5d_emib', 'loc': '2.5d_chiplet'},{'from': 'Chiplet_3', 'to': 'Chiplet_1', 'connection_type': '2.5d_emib', 'loc': '2.5d_chiplet'},{'from': 'Chiplet_3', 'to': 'Chiplet_4', 'connection_type': '2.5d_emib', 'loc': '2.5d_chiplet'},{'from': 'Chiplet_3', 'to': 'Chiplet_6', 'connection_type': '2.5d_emib', 'loc': '2.5d_chiplet'},{'from': 'Chiplet_4', 'to': 'Chiplet_3', 'connection_type': '2.5d_emib', 'loc': '2.5d_chiplet'},{'from': 'Chiplet_4', 'to': 'Chiplet_1', 'connection_type': '2.5d_emib', 'loc': '2.5d_chiplet'},{'from': 'Chiplet_4', 'to': 'Chiplet_6', 'connection_type': '2.5d_emib', 'loc': '2.5d_chiplet'},{'from': 'Chiplet_6', 'to': 'Chiplet_3', 'connection_type': '2.5d_emib', 'loc': '2.5d_chiplet'},{'from': 'Chiplet_6', 'to': 'Chiplet_4', 'connection_type': '2.5d_emib', 'loc': '2.5d_chiplet'}",7,2,3,2,1,1,hbm2,aib,ucie_3d,0,0,ws,0,0,0
110,21.56191203384734,2082275.26,46395.512570113104,582183578.8594971,31086.666666666668,21426.434455992727,110,0.638803,1.11875,1024,64x64,7,0.916436759447044,1.3845915837374998,1024,64x64,10,4.9976252555201786,6.821646341899999,1024,128x128,14,2.597993382379395,3.8395579270749995,512,96x96,14,1.86237254,4.475,2048,128x128,7,0.378988,1.11875,256,64x64,7,2.5d,"{'from': 'Chiplet_3', 'to': 'Chiplet_1', 'connection_type': '2.5d_rdl', 'loc': '2.5d_chiplet'},{'from': 'Chiplet_3', 'to': 'Chiplet_4', 'connection_type': '2.5d_rdl', 'loc': '2.5d_chiplet'},{'from': 'Chiplet_1', 'to': 'Chiplet_3', 'connection_type': '2.5d_rdl', 'loc': '2.5d_chiplet'},{'from': 'Chiplet_1', 'to': 'Chiplet_4', 'connection_type': '2.5d_rdl', 'loc': '2.5d_chiplet'},{'from': 'Chiplet_4', 'to': 'Chiplet_2', 'connection_type': '2.5d_rdl', 'loc': '2.5d_chiplet'},{'from': 'Chiplet_4', 'to': 'Chiplet_1', 'connection_type': '2.5d_rdl', 'loc': '2.5d_chiplet'},{'from': 'Chiplet_4', 'to': 'Chiplet_5', 'connection_type': '2.5d_rdl', 'loc': '2.5d_chiplet'},{'from': 'Chiplet_4', 'to': 'Chiplet_3', 'connection_type': '2.5d_rdl', 'loc': '2.5d_chiplet'},{'from': 'Chiplet_4', 'to': 'Chiplet_6', 'connection_type': '2.5d_rdl', 'loc': '2.5d_chiplet'},{'from': 'Chiplet_6', 'to': 'Chiplet_2', 'connection_type': '2.5d_rdl', 'loc': '2.5d_chiplet'},{'from': 'Chiplet_6', 'to': 'Chiplet_4', 'connection_type': '2.5d_rdl', 'loc': '2.5d_chiplet'},{'from': 'Chiplet_5', 'to': 'Chiplet_2', 'connection_type': '2.5d_rdl', 'loc': '2.5d_chiplet'},{'from': 'Chiplet_5', 'to': 'Chiplet_4', 'connection_type': '2.5d_rdl', 'loc': '2.5d_chiplet'},{'from': 'Chiplet_2', 'to': 'Chiplet_6', 'connection_type': '2.5d_rdl', 'loc': '2.5d_chiplet'},{'from': 'Chiplet_2', 'to': 'Chiplet_4', 'connection_type': '2.5d_rdl', 'loc': '2.5d_chiplet'},{'from': 'Chiplet_2', 'to': 'Chiplet_5', 'connection_type': '2.5d_rdl', 'loc': '2.5d_chiplet'}",1,1,7,4,2,1,hbm2,ucie_std,na,0,0,os,0,0,0
111,32.833395740201134,3870438.42,97291.38486478923,1257809846.7618918,15455.588235294117,35835.45910690769,111,2.972908090547913,5.538366334949999,2048,128x128,10,4.1253109519999995,10.4826,4096,192x192,7,0.656621759447044,1.3845915837374998,256,64x64,10,2.597993382379395,3.8395579270749995,512,96x96,14,5.5109919519999995,10.4826,8192,192x192,7,6.726740457366197,12.973514847541198,4096,192x192,10,2.5d,"{'from': 'Chiplet_6', 'to': 'Chiplet_2', 'connection_type': '2.5d_rdl', 'loc': '2.5d_chiplet'},{'from': 'Chiplet_6', 'to': 'Chiplet_1', 'connection_type': '2.5d_rdl', 'loc': '2.5d_chiplet'},{'from': 'Chiplet_6', 'to': 'Chiplet_3', 'connection_type': '2.5d_rdl', 'loc': '2.5d_chiplet'},{'from': 'Chiplet_6', 'to': 'Chiplet_5', 'connection_type': '2.5d_rdl', 'loc': '2.5d_chiplet'},{'from': 'Chiplet_1', 'to': 'Chiplet_3', 'connection_type': '2.5d_rdl', 'loc': '2.5d_chiplet'},{'from': 'Chiplet_1', 'to': 'Chiplet_6', 'connection_type': '2.5d_rdl', 'loc': '2.5d_chiplet'},{'from': 'Chiplet_3', 'to': 'Chiplet_1', 'connection_type': '2.5d_rdl', 'loc': '2.5d_chiplet'},{'from': 'Chiplet_3', 'to': 'Chiplet_6', 'connection_type': '2.5d_rdl', 'loc': '2.5d_chiplet'},{'from': 'Chiplet_5', 'to': 'Chiplet_2', 'connection_type': '2.5d_rdl', 'loc': '2.5d_chiplet'},{'from': 'Chiplet_5', 'to': 'Chiplet_4', 'connection_type': '2.5d_rdl', 'loc': '2.5d_chiplet'},{'from': 'Chiplet_5', 'to': 'Chiplet_6', 'connection_type': '2.5d_rdl', 'loc': '2.5d_chiplet'},{'from': 'Chiplet_2', 'to': 'Chiplet_4', 'connection_type': '2.5d_rdl', 'loc': '2.5d_chiplet'},{'from': 'Chiplet_2', 'to': 'Chiplet_6', 'connection_type': '2.5d_rdl', 'loc': '2.5d_chiplet'},{'from': 'Chiplet_2', 'to': 'Chiplet_5', 'connection_type': '2.5d_rdl', 'loc': '2.5d_chiplet'},{'from': 'Chiplet_4', 'to': 'Chiplet_2', 'connection_type': '2.5d_rdl', 'loc': '2.5d_chiplet'},{'from': 'Chiplet_4', 'to': 'Chiplet_5', 'connection_type': '2.5d_rdl', 'loc': '2.5d_chiplet'}",1,1,1,1,2,2,ddr5,ucie_std,na,0,0,ws,0,0,0
112,61.085047030011495,4667375.34,100210.99577284014,1215543799.49199,112661.0979496192,107517.3470358902,112,7.419580457366196,12.973514847541198,6144,192x192,10,0.638803,1.11875,1024,64x64,7,1.3653681800824635,3.1172648505374996,512,96x96,10,0.46559300000000003,1.11875,512,64x64,7,6.975099908490179,6.821646341899999,4096,128x128,14,14.117807839976791,15.979573171754398,6144,192x192,14,2.5d,"{'from': 'Chiplet_6', 'to': 'Chiplet_3', 'connection_type': '2.5d_rdl', 'loc': '2.5d_chiplet'},{'from': 'Chiplet_6', 'to': 'Chiplet_1', 'connection_type': '2.5d_rdl', 'loc': '2.5d_chiplet'},{'from': 'Chiplet_3', 'to': 'Chiplet_1', 'connection_type': '2.5d_rdl', 'loc': '2.5d_chiplet'},{'from': 'Chiplet_3', 'to': 'Chiplet_6', 'connection_type': '2.5d_rdl', 'loc': '2.5d_chiplet'},{'from': 'Chiplet_1', 'to': 'Chiplet_3', 'connection_type': '2.5d_rdl', 'loc': '2.5d_chiplet'},{'from': 'Chiplet_1', 'to': 'Chiplet_4', 'connection_type': '2.5d_rdl', 'loc': '2.5d_chiplet'},{'from': 'Chiplet_1', 'to': 'Chiplet_6', 'connection_type': '2.5d_rdl', 'loc': '2.5d_chiplet'},{'from': 'Chiplet_1', 'to': 'Chiplet_5', 'connection_type': '2.5d_rdl', 'loc': '2.5d_chiplet'},{'from': 'Chiplet_4', 'to': 'Chiplet_2', 'connection_type': '2.5d_rdl', 'loc': '2.5d_chiplet'},{'from': 'Chiplet_4', 'to': 'Chiplet_1', 'connection_type': '2.5d_rdl', 'loc': '2.5d_chiplet'},{'from': 'Chiplet_5', 'to': 'Chiplet_2', 'connection_type': '2.5d_rdl', 'loc': '2.5d_chiplet'},{'from': 'Chiplet_5', 'to': 'Chiplet_1', 'connection_type': '2.5d_rdl', 'loc': '2.5d_chiplet'},{'from': 'Chiplet_2', 'to': 'Chiplet_4', 'connection_type': '2.5d_rdl', 'loc': '2.5d_chiplet'},{'from': 'Chiplet_2', 'to': 'Chiplet_5', 'connection_type': '2.5d_rdl', 'loc': '2.5d_chiplet'}",1,1,1,1,1,3,ddr4,ucie_std,na,0,0,is,1,0,0
113,21.489040714833866,2674804.58,169382.1375872705,1068592288.345241,100818.16649467991,78623.74233935123,113,0.829831759447044,1.3845915837374998,768,64x64,10,1.3653681800824635,3.1172648505374996,512,96x96,10,3.432469952,10.4826,2048,192x192,7,2.597993382379395,3.8395579270749995,512,96x96,14,0.957922696,2.51875,1024,96x96,7,4.818150952,10.4826,6144,192x192,7,2.5d,"{'from': 'Chiplet_6', 'to': 'Chiplet_3', 'connection_type': '2.5d_emib', 'loc': '2.5d_chiplet'},{'from': 'Chiplet_6', 'to': 'Chiplet_1', 'connection_type': '2.5d_emib', 'loc': '2.5d_chiplet'},{'from': 'Chiplet_6', 'to': 'Chiplet_4', 'connection_type': '2.5d_emib', 'loc': '2.5d_chiplet'},{'from': 'Chiplet_6', 'to': 'Chiplet_2', 'connection_type': '2.5d_emib', 'loc': '2.5d_chiplet'},{'from': 'Chiplet_2', 'to': 'Chiplet_1', 'connection_type': '2.5d_emib', 'loc': '2.5d_chiplet'},{'from': 'Chiplet_2', 'to': 'Chiplet_6', 'connection_type': '2.5d_emib', 'loc': '2.5d_chiplet'},{'from': 'Chiplet_1', 'to': 'Chiplet_2', 'connection_type': '2.5d_emib', 'loc': '2.5d_chiplet'},{'from': 'Chiplet_1', 'to': 'Chiplet_6', 'connection_type': '2.5d_emib', 'loc': '2.5d_chiplet'},{'from': 'Chiplet_3', 'to': 'Chiplet_4', 'connection_type': '2.5d_emib', 'loc': '2.5d_chiplet'},{'from': 'Chiplet_3', 'to': 'Chiplet_6', 'connection_type': '2.5d_emib', 'loc': '2.5d_chiplet'},{'from': 'Chiplet_3', 'to': 'Chiplet_5', 'connection_type': '2.5d_emib', 'loc': '2.5d_chiplet'},{'from': 'Chiplet_4', 'to': 'Chiplet_3', 'connection_type': '2.5d_emib', 'loc': '2.5d_chiplet'},{'from': 'Chiplet_4', 'to': 'Chiplet_6', 'connection_type': '2.5d_emib', 'loc': '2.5d_chiplet'},{'from': 'Chiplet_4', 'to': 'Chiplet_5', 'connection_type': '2.5d_emib', 'loc': '2.5d_chiplet'},{'from': 'Chiplet_5', 'to': 'Chiplet_3', 'connection_type': '2.5d_emib', 'loc': '2.5d_chiplet'},{'from': 'Chiplet_5', 'to': 'Chiplet_4', 'connection_type': '2.5d_emib', 'loc': '2.5d_chiplet'}",1,1,2,1,1,2,ddr4,aib,na,0,0,os,1,0,0
114,40.95880684637012,4489491.95,197558.04882202004,884584704.0553534,88406.29953091829,93000.72870268066,114,2.597993382379395,3.8395579270749995,512,96x96,14,2.927572174079395,3.8395579270749995,1024,96x96,14,5.5109919519999995,10.4826,8192,192x192,7,8.112421457366196,12.973514847541198,8192,192x192,10,1.3653681800824635,3.1172648505374996,512,96x96,10,6.726740457366197,12.973514847541198,4096,192x192,10,2.5d,"{'from': 'Chiplet_4', 'to': 'Chiplet_3', 'connection_type': '2.5d_emib', 'loc': '2.5d_chiplet'},{'from': 'Chiplet_4', 'to': 'Chiplet_1', 'connection_type': '2.5d_emib', 'loc': '2.5d_chiplet'},{'from': 'Chiplet_4', 'to': 'Chiplet_6', 'connection_type': '2.5d_emib', 'loc': '2.5d_chiplet'},{'from': 'Chiplet_4', 'to': 'Chiplet_2', 'connection_type': '2.5d_emib', 'loc': '2.5d_chiplet'},{'from': 'Chiplet_2', 'to': 'Chiplet_1', 'connection_type': '2.5d_emib', 'loc': '2.5d_chiplet'},{'from': 'Chiplet_2', 'to': 'Chiplet_4', 'connection_type': '2.5d_emib', 'loc': '2.5d_chiplet'},{'from': 'Chiplet_1', 'to': 'Chiplet_2', 'connection_type': '2.5d_emib', 'loc': '2.5d_chiplet'},{'from': 'Chiplet_1', 'to': 'Chiplet_4', 'connection_type': '2.5d_emib', 'loc': '2.5d_chiplet'},{'from': 'Chiplet_6', 'to': 'Chiplet_3', 'connection_type': '2.5d_emib', 'loc': '2.5d_chiplet'},{'from': 'Chiplet_6', 'to': 'Chiplet_4', 'connection_type': '2.5d_emib', 'loc': '2.5d_chiplet'},{'from': 'Chiplet_6', 'to': 'Chiplet_5', 'connection_type': '2.5d_emib', 'loc': '2.5d_chiplet'},{'from': 'Chiplet_3', 'to': 'Chiplet_6', 'connection_type': '2.5d_emib', 'loc': '2.5d_chiplet'},{'from': 'Chiplet_3', 'to': 'Chiplet_4', 'connection_type': '2.5d_emib', 'loc': '2.5d_chiplet'},{'from': 'Chiplet_3', 'to': 'Chiplet_5', 'connection_type': '2.5d_emib', 'loc': '2.5d_chiplet'},{'from': 'Chiplet_5', 'to': 'Chiplet_3', 'connection_type': '2.5d_emib', 'loc': '2.5d_chiplet'},{'from': 'Chiplet_5', 'to': 'Chiplet_6', 'connection_type': '2.5d_emib', 'loc': '2.5d_chiplet'}",1,1,1,2,1,2,ddr5,bow,na,1,0,is,1,0,0
115,18.682818776111606,2404392.7,155550.8082498909,407233665.5652906,15424.505971769817,13982.146764892666,115,3.432469952,10.4826,2048,192x192,7,0.46559300000000003,1.11875,512,64x64,7,0.829831759447044,1.3845915837374998,768,64x64,10,1.249405813087535,1.7054115854749998,256,64x64,14,6.975099908490179,6.821646341899999,4096,128x128,14,0.916436759447044,1.3845915837374998,1024,64x64,10,2.5d,"{'from': 'Chiplet_5', 'to': 'Chiplet_2', 'connection_type': '2.5d_emib', 'loc': '2.5d_chiplet'},{'from': 'Chiplet_5', 'to': 'Chiplet_1', 'connection_type': '2.5d_emib', 'loc': '2.5d_chiplet'},{'from': 'Chiplet_5', 'to': 'Chiplet_4', 'connection_type': '2.5d_emib', 'loc': '2.5d_chiplet'},{'from': 'Chiplet_1', 'to': 'Chiplet_6', 'connection_type': '2.5d_emib', 'loc': '2.5d_chiplet'},{'from': 'Chiplet_1', 'to': 'Chiplet_4', 'connection_type': '2.5d_emib', 'loc': '2.5d_chiplet'},{'from': 'Chiplet_1', 'to': 'Chiplet_5', 'connection_type': '2.5d_emib', 'loc': '2.5d_chiplet'},{'from': 'Chiplet_4', 'to': 'Chiplet_2', 'connection_type': '2.5d_emib', 'loc': '2.5d_chiplet'},{'from': 'Chiplet_4', 'to': 'Chiplet_1', 'connection_type': '2.5d_emib', 'loc': '2.5d_chiplet'},{'from': 'Chiplet_4', 'to': 'Chiplet_5', 'connection_type': '2.5d_emib', 'loc': '2.5d_chiplet'},{'from': 'Chiplet_4', 'to': 'Chiplet_3', 'connection_type': '2.5d_emib', 'loc': '2.5d_chiplet'},{'from': 'Chiplet_4', 'to': 'Chiplet_6', 'connection_type': '2.5d_emib', 'loc': '2.5d_chiplet'},{'from': 'Chiplet_2', 'to': 'Chiplet_4', 'connection_type': '2.5d_emib', 'loc': '2.5d_chiplet'},{'from': 'Chiplet_2', 'to': 'Chiplet_5', 'connection_type': '2.5d_emib', 'loc': '2.5d_chiplet'},{'from': 'Chiplet_6', 'to': 'Chiplet_3', 'connection_type': '2.5d_emib', 'loc': '2.5d_chiplet'},{'from': 'Chiplet_6', 'to': 'Chiplet_1', 'connection_type': '2.5d_emib', 'loc': '2.5d_chiplet'},{'from': 'Chiplet_6', 'to': 'Chiplet_4', 'connection_type': '2.5d_emib', 'loc': '2.5d_chiplet'},{'from': 'Chiplet_3', 'to': 'Chiplet_6', 'connection_type': '2.5d_emib', 'loc': '2.5d_chiplet'},{'from': 'Chiplet_3', 'to': 'Chiplet_4', 'connection_type': '2.5d_emib', 'loc': '2.5d_chiplet'}",4,1,1,1,8,1,hbm3,aib,na,0,0,os,0,0,0
116,31.078315625803157,3858595.35,90221.25853148005,585526683.5523083,11301.666666666666,18801.820917028534,116,1.4141952089375351,1.7054115854749998,512,64x64,14,0.46559300000000003,1.11875,512,64x64,7,3.3193280905479132,5.538366334949999,3072,128x128,10,14.117807839976791,15.979573171754398,6144,192x192,14,3.2571509657793953,3.8395579270749995,1536,96x96,14,3.432469952,10.4826,2048,192x192,7,2.5d,"{'from': 'Chiplet_4', 'to': 'Chiplet_3', 'connection_type': '2.5d_rdl', 'loc': '2.5d_chiplet'},{'from': 'Chiplet_4', 'to': 'Chiplet_6', 'connection_type': '2.5d_rdl', 'loc': '2.5d_chiplet'},{'from': 'Chiplet_6', 'to': 'Chiplet_2', 'connection_type': '2.5d_rdl', 'loc': '2.5d_chiplet'},{'from': 'Chiplet_6', 'to': 'Chiplet_1', 'connection_type': '2.5d_rdl', 'loc': '2.5d_chiplet'},{'from': 'Chiplet_6', 'to': 'Chiplet_4', 'connection_type': '2.5d_rdl', 'loc': '2.5d_chiplet'},{'from': 'Chiplet_6', 'to': 'Chiplet_3', 'connection_type': '2.5d_rdl', 'loc': '2.5d_chiplet'},{'from': 'Chiplet_1', 'to': 'Chiplet_2', 'connection_type': '2.5d_rdl', 'loc': '2.5d_chiplet'},{'from': 'Chiplet_1', 'to': 'Chiplet_6', 'connection_type': '2.5d_rdl', 'loc': '2.5d_chiplet'},{'from': 'Chiplet_2', 'to': 'Chiplet_1', 'connection_type': '2.5d_rdl', 'loc': '2.5d_chiplet'},{'from': 'Chiplet_2', 'to': 'Chiplet_6', 'connection_type': '2.5d_rdl', 'loc': '2.5d_chiplet'},{'from': 'Chiplet_2', 'to': 'Chiplet_5', 'connection_type': '2.5d_rdl', 'loc': '2.5d_chiplet'},{'from': 'Chiplet_3', 'to': 'Chiplet_6', 'connection_type': '2.5d_rdl', 'loc': '2.5d_chiplet'},{'from': 'Chiplet_3', 'to': 'Chiplet_4', 'connection_type': '2.5d_rdl', 'loc': '2.5d_chiplet'},{'from': 'Chiplet_3', 'to': 'Chiplet_5', 'connection_type': '2.5d_rdl', 'loc': '2.5d_chiplet'},{'from': 'Chiplet_5', 'to': 'Chiplet_3', 'connection_type': '2.5d_rdl', 'loc': '2.5d_chiplet'},{'from': 'Chiplet_5', 'to': 'Chiplet_2', 'connection_type': '2.5d_rdl', 'loc': '2.5d_chiplet'}",1,1,2,8,2,2,hbm2,ucie_std,na,0,0,os,0,0,0
117,23.904770266624862,2670895.3,61681.58630294287,1101977241.4168324,297471.30651735124,176955.63629621462,117,3.665749090547913,5.538366334949999,4096,128x128,10,2.927572174079395,3.8395579270749995,1024,96x96,14,0.656621759447044,1.3845915837374998,256,64x64,10,3.3193280905479132,5.538366334949999,3072,128x128,10,5.656782838920179,6.821646341899999,2048,128x128,14,2.6264880905479133,5.538366334949999,1024,128x128,10,2.5d_3d,"{'from': 'Chiplet_1', 'to': 'Chiplet_4', 'connection_type': '3d_tsv', 'loc': 'stack0_base'},{'from': 'Chiplet_4', 'to': 'na', 'connection_type': '3d_tsv', 'loc': 'stack0_top'},{'from': 'Chiplet_5', 'to': 'Chiplet_2', 'connection_type': '2.5d_rdl', 'loc': '2.5d_chiplet'},{'from': 'Chiplet_5', 'to': 'Chiplet_1', 'connection_type': '2.5d_rdl', 'loc': '2.5d_chiplet'},{'from': 'Chiplet_5', 'to': 'Chiplet_6', 'connection_type': '2.5d_rdl', 'loc': '2.5d_chiplet'},{'from': 'Chiplet_6', 'to': 'Chiplet_2', 'connection_type': '2.5d_rdl', 'loc': '2.5d_chiplet'},{'from': 'Chiplet_6', 'to': 'Chiplet_5', 'connection_type': '2.5d_rdl', 'loc': '2.5d_chiplet'},{'from': 'Chiplet_1', 'to': 'Chiplet_2', 'connection_type': '2.5d_rdl', 'loc': '2.5d_chiplet'},{'from': 'Chiplet_1', 'to': 'Chiplet_3', 'connection_type': '2.5d_rdl', 'loc': '2.5d_chiplet'},{'from': 'Chiplet_1', 'to': 'Chiplet_5', 'connection_type': '2.5d_rdl', 'loc': '2.5d_chiplet'},{'from': 'Chiplet_2', 'to': 'Chiplet_3', 'connection_type': '2.5d_rdl', 'loc': '2.5d_chiplet'},{'from': 'Chiplet_2', 'to': 'Chiplet_1', 'connection_type': '2.5d_rdl', 'loc': '2.5d_chiplet'},{'from': 'Chiplet_2', 'to': 'Chiplet_6', 'connection_type': '2.5d_rdl', 'loc': '2.5d_chiplet'},{'from': 'Chiplet_2', 'to': 'Chiplet_5', 'connection_type': '2.5d_rdl', 'loc': '2.5d_chiplet'},{'from': 'Chiplet_3', 'to': 'Chiplet_2', 'connection_type': '2.5d_rdl', 'loc': '2.5d_chiplet'},{'from': 'Chiplet_3', 'to': 'Chiplet_1', 'connection_type': '2.5d_rdl', 'loc': '2.5d_chiplet'}",2,1,1,1,2,1,ddr5,ucie_std,ucie_3d,1,0,ws,1,0,0
118,33.53486042670966,3372528.52,180272.2356206301,1268003915.3789475,29786.112920738327,40860.69016888535,118,6.315940422320179,6.821646341899999,3072,128x128,14,0.46559300000000003,1.11875,512,64x64,7,0.784712696,2.51875,512,96x96,7,2.55521354,4.475,4096,128x128,7,0.638803,1.11875,1024,64x64,7,14.117807839976791,15.979573171754398,6144,192x192,14,2.5d,"{'from': 'Chiplet_6', 'to': 'Chiplet_1', 'connection_type': '2.5d_emib', 'loc': '2.5d_chiplet'},{'from': 'Chiplet_6', 'to': 'Chiplet_4', 'connection_type': '2.5d_emib', 'loc': '2.5d_chiplet'},{'from': 'Chiplet_1', 'to': 'Chiplet_3', 'connection_type': '2.5d_emib', 'loc': '2.5d_chiplet'},{'from': 'Chiplet_1', 'to': 'Chiplet_4', 'connection_type': '2.5d_emib', 'loc': '2.5d_chiplet'},{'from': 'Chiplet_1', 'to': 'Chiplet_6', 'connection_type': '2.5d_emib', 'loc': '2.5d_chiplet'},{'from': 'Chiplet_4', 'to': 'Chiplet_3', 'connection_type': '2.5d_emib', 'loc': '2.5d_chiplet'},{'from': 'Chiplet_4', 'to': 'Chiplet_1', 'connection_type': '2.5d_emib', 'loc': '2.5d_chiplet'},{'from': 'Chiplet_4', 'to': 'Chiplet_6', 'connection_type': '2.5d_emib', 'loc': '2.5d_chiplet'},{'from': 'Chiplet_4', 'to': 'Chiplet_5', 'connection_type': '2.5d_emib', 'loc': '2.5d_chiplet'},{'from': 'Chiplet_3', 'to': 'Chiplet_2', 'connection_type': '2.5d_emib', 'loc': '2.5d_chiplet'},{'from': 'Chiplet_3', 'to': 'Chiplet_1', 'connection_type': '2.5d_emib', 'loc': '2.5d_chiplet'},{'from': 'Chiplet_3', 'to': 'Chiplet_4', 'connection_type': '2.5d_emib', 'loc': '2.5d_chiplet'},{'from': 'Chiplet_3', 'to': 'Chiplet_5', 'connection_type': '2.5d_emib', 'loc': '2.5d_chiplet'},{'from': 'Chiplet_5', 'to': 'Chiplet_2', 'connection_type': '2.5d_emib', 'loc': '2.5d_chiplet'},{'from': 'Chiplet_5', 'to': 'Chiplet_4', 'connection_type': '2.5d_emib', 'loc': '2.5d_chiplet'},{'from': 'Chiplet_5', 'to': 'Chiplet_3', 'connection_type': '2.5d_emib', 'loc': '2.5d_chiplet'},{'from': 'Chiplet_2', 'to': 'Chiplet_3', 'connection_type': '2.5d_emib', 'loc': '2.5d_chiplet'},{'from': 'Chiplet_2', 'to': 'Chiplet_5', 'connection_type': '2.5d_emib', 'loc': '2.5d_chiplet'}",1,1,1,1,1,3,ddr5,ucie_adv,na,1,0,ws,0,0,0
119,28.873283474100568,3083359.85,79491.36968973398,1231365750.0581808,10231.885085574573,28994.385519167336,119,1.743774000637535,1.7054115854749998,1024,64x64,14,3.432469952,10.4826,2048,192x192,7,1.7117881800824635,3.1172648505374996,1536,96x96,10,0.552198,1.11875,768,64x64,7,4.818150952,10.4826,6144,192x192,7,6.315940422320179,6.821646341899999,3072,128x128,14,2.5d,"{'from': 'Chiplet_6', 'to': 'Chiplet_2', 'connection_type': '2.5d_rdl', 'loc': '2.5d_chiplet'},{'from': 'Chiplet_6', 'to': 'Chiplet_1', 'connection_type': '2.5d_rdl', 'loc': '2.5d_chiplet'},{'from': 'Chiplet_6', 'to': 'Chiplet_3', 'connection_type': '2.5d_rdl', 'loc': '2.5d_chiplet'},{'from': 'Chiplet_6', 'to': 'Chiplet_5', 'connection_type': '2.5d_rdl', 'loc': '2.5d_chiplet'},{'from': 'Chiplet_1', 'to': 'Chiplet_3', 'connection_type': '2.5d_rdl', 'loc': '2.5d_chiplet'},{'from': 'Chiplet_1', 'to': 'Chiplet_6', 'connection_type': '2.5d_rdl', 'loc': '2.5d_chiplet'},{'from': 'Chiplet_3', 'to': 'Chiplet_1', 'connection_type': '2.5d_rdl', 'loc': '2.5d_chiplet'},{'from': 'Chiplet_3', 'to': 'Chiplet_6', 'connection_type': '2.5d_rdl', 'loc': '2.5d_chiplet'},{'from': 'Chiplet_5', 'to': 'Chiplet_2', 'connection_type': '2.5d_rdl', 'loc': '2.5d_chiplet'},{'from': 'Chiplet_5', 'to': 'Chiplet_4', 'connection_type': '2.5d_rdl', 'loc': '2.5d_chiplet'},{'from': 'Chiplet_5', 'to': 'Chiplet_6', 'connection_type': '2.5d_rdl', 'loc': '2.5d_chiplet'},{'from': 'Chiplet_2', 'to': 'Chiplet_4', 'connection_type': '2.5d_rdl', 'loc': '2.5d_chiplet'},{'from': 'Chiplet_2', 'to': 'Chiplet_6', 'connection_type': '2.5d_rdl', 'loc': '2.5d_chiplet'},{'from': 'Chiplet_2', 'to': 'Chiplet_5', 'connection_type': '2.5d_rdl', 'loc': '2.5d_chiplet'},{'from': 'Chiplet_4', 'to': 'Chiplet_2', 'connection_type': '2.5d_rdl', 'loc': '2.5d_chiplet'},{'from': 'Chiplet_4', 'to': 'Chiplet_5', 'connection_type': '2.5d_rdl', 'loc': '2.5d_chiplet'}",1,1,1,1,2,2,ddr5,ucie_std,na,0,0,os,0,0,0
120,11.481175603606792,3896599.73,228391.59001465488,806677796.8124349,31187.486397480643,40764.430201584335,120,2.927572174079395,3.8395579270749995,1024,96x96,14,0.46559300000000003,1.11875,512,64x64,7,2.20879254,4.475,3072,128x128,7,11.481175603606792,15.979573171754398,2048,192x192,14,11.481175603606792,15.979573171754398,2048,192x192,14,2.927572174079395,3.8395579270749995,1024,96x96,14,3d,"{'from': 'Chiplet_4', 'to': 'Chiplet_5', 'connection_type': '3d_hyb_bond', 'loc': 'stack0_base'},{'from': 'Chiplet_5', 'to': 'Chiplet_1', 'connection_type': '3d_hyb_bond', 'loc': 'stack0_middle1'},{'from': 'Chiplet_1', 'to': 'Chiplet_6', 'connection_type': '3d_hyb_bond', 'loc': 'stack0_middle2'},{'from': 'Chiplet_6', 'to': 'Chiplet_3', 'connection_type': '3d_hyb_bond', 'loc': 'stack0_middle3'},{'from': 'Chiplet_3', 'to': 'Chiplet_2', 'connection_type': '3d_hyb_bond', 'loc': 'stack0_middle4'},{'from': 'Chiplet_2', 'to': 'na', 'connection_type': '3d_hyb_bond', 'loc': 'stack0_top'}",1,1,1,2,2,1,ddr5,na,ucie_3d,0,0,is,1,0,0
121,33.68532724858738,4490186.83,153750.20958104695,1712113660.3339984,38961.79361179361,65911.08152431785,121,1.578984604787535,1.7054115854749998,768,64x64,14,12.799492673176792,15.979573171754398,4096,192x192,14,4.1253109519999995,10.4826,4096,192x192,7,0.916436759447044,1.3845915837374998,1024,64x64,10,8.112421457366196,12.973514847541198,8192,192x192,10,2.6264880905479133,5.538366334949999,1024,128x128,10,2.5d_3d,"{'from': 'Chiplet_6', 'to': 'Chiplet_1', 'connection_type': '3d_tsv', 'loc': 'stack0_base'},{'from': 'Chiplet_1', 'to': 'Chiplet_4', 'connection_type': '3d_tsv', 'loc': 'stack0_middle1'},{'from': 'Chiplet_4', 'to': 'na', 'connection_type': '3d_tsv', 'loc': 'stack0_top'},{'from': 'Chiplet_2', 'to': 'Chiplet_3', 'connection_type': '2.5d_emib', 'loc': '2.5d_chiplet'},{'from': 'Chiplet_2', 'to': 'Chiplet_5', 'connection_type': '2.5d_emib', 'loc': '2.5d_chiplet'},{'from': 'Chiplet_5', 'to': 'Chiplet_2', 'connection_type': '2.5d_emib', 'loc': '2.5d_chiplet'},{'from': 'Chiplet_5', 'to': 'Chiplet_6', 'connection_type': '2.5d_emib', 'loc': '2.5d_chiplet'},{'from': 'Chiplet_5', 'to': 'Chiplet_3', 'connection_type': '2.5d_emib', 'loc': '2.5d_chiplet'},{'from': 'Chiplet_3', 'to': 'Chiplet_2', 'connection_type': '2.5d_emib', 'loc': '2.5d_chiplet'},{'from': 'Chiplet_3', 'to': 'Chiplet_6', 'connection_type': '2.5d_emib', 'loc': '2.5d_chiplet'},{'from': 'Chiplet_3', 'to': 'Chiplet_5', 'connection_type': '2.5d_emib', 'loc': '2.5d_chiplet'},{'from': 'Chiplet_6', 'to': 'Chiplet_3', 'connection_type': '2.5d_emib', 'loc': '2.5d_chiplet'},{'from': 'Chiplet_6', 'to': 'Chiplet_5', 'connection_type': '2.5d_emib', 'loc': '2.5d_chiplet'}",1,3,1,1,1,1,ddr4,bow,ucie_3d,0,0,ws,0,0,0
122,42.61691852487524,4322457.87,92745.30452824851,567414720.6533265,14270.677655677657,20668.293810385014,122,1.249405813087535,1.7054115854749998,256,64x64,14,0.784712696,2.51875,512,96x96,7,11.481175603606792,15.979573171754398,2048,192x192,14,15.436124909546791,15.979573171754398,8192,192x192,14,1.249405813087535,1.7054115854749998,256,64x64,14,0.46559300000000003,1.11875,512,64x64,7,2.5d,"{'from': 'Chiplet_4', 'to': 'Chiplet_3', 'connection_type': '2.5d_rdl', 'loc': '2.5d_chiplet'},{'from': 'Chiplet_4', 'to': 'Chiplet_1', 'connection_type': '2.5d_rdl', 'loc': '2.5d_chiplet'},{'from': 'Chiplet_4', 'to': 'Chiplet_2', 'connection_type': '2.5d_rdl', 'loc': '2.5d_chiplet'},{'from': 'Chiplet_3', 'to': 'Chiplet_1', 'connection_type': '2.5d_rdl', 'loc': '2.5d_chiplet'},{'from': 'Chiplet_3', 'to': 'Chiplet_4', 'connection_type': '2.5d_rdl', 'loc': '2.5d_chiplet'},{'from': 'Chiplet_3', 'to': 'Chiplet_5', 'connection_type': '2.5d_rdl', 'loc': '2.5d_chiplet'},{'from': 'Chiplet_1', 'to': 'Chiplet_3', 'connection_type': '2.5d_rdl', 'loc': '2.5d_chiplet'},{'from': 'Chiplet_1', 'to': 'Chiplet_4', 'connection_type': '2.5d_rdl', 'loc': '2.5d_chiplet'},{'from': 'Chiplet_1', 'to': 'Chiplet_2', 'connection_type': '2.5d_rdl', 'loc': '2.5d_chiplet'},{'from': 'Chiplet_1', 'to': 'Chiplet_5', 'connection_type': '2.5d_rdl', 'loc': '2.5d_chiplet'},{'from': 'Chiplet_2', 'to': 'Chiplet_6', 'connection_type': '2.5d_rdl', 'loc': '2.5d_chiplet'},{'from': 'Chiplet_2', 'to': 'Chiplet_4', 'connection_type': '2.5d_rdl', 'loc': '2.5d_chiplet'},{'from': 'Chiplet_2', 'to': 'Chiplet_1', 'connection_type': '2.5d_rdl', 'loc': '2.5d_chiplet'},{'from': 'Chiplet_5', 'to': 'Chiplet_3', 'connection_type': '2.5d_rdl', 'loc': '2.5d_chiplet'},{'from': 'Chiplet_5', 'to': 'Chiplet_1', 'connection_type': '2.5d_rdl', 'loc': '2.5d_chiplet'},{'from': 'Chiplet_5', 'to': 'Chiplet_6', 'connection_type': '2.5d_rdl', 'loc': '2.5d_chiplet'},{'from': 'Chiplet_6', 'to': 'Chiplet_2', 'connection_type': '2.5d_rdl', 'loc': '2.5d_chiplet'},{'from': 'Chiplet_6', 'to': 'Chiplet_5', 'connection_type': '2.5d_rdl', 'loc': '2.5d_chiplet'}",1,1,5,7,1,1,hbm3,ucie_std,na,0,0,os,0,0,0
123,54.243976351763216,5348381.89,117177.09611756148,904093120.0039418,166540.9120729388,178869.91349829154,123,0.638803,1.11875,1024,64x64,7,3.5867297574793953,3.8395579270749995,2048,96x96,14,6.726740457366197,12.973514847541198,4096,192x192,10,1.5385781800824634,3.1172648505374996,1024,96x96,10,12.799492673176792,15.979573171754398,4096,192x192,14,12.799492673176792,15.979573171754398,4096,192x192,14,2.5d_3d,"{'from': 'Chiplet_2', 'to': 'Chiplet_1', 'connection_type': '3d_tsv', 'loc': 'stack0_base'},{'from': 'Chiplet_1', 'to': 'na', 'connection_type': '3d_tsv', 'loc': 'stack0_top'},{'from': 'Chiplet_5', 'to': 'Chiplet_3', 'connection_type': '2.5d_rdl', 'loc': '2.5d_chiplet'},{'from': 'Chiplet_5', 'to': 'Chiplet_6', 'connection_type': '2.5d_rdl', 'loc': '2.5d_chiplet'},{'from': 'Chiplet_3', 'to': 'Chiplet_2', 'connection_type': '2.5d_rdl', 'loc': '2.5d_chiplet'},{'from': 'Chiplet_3', 'to': 'Chiplet_5', 'connection_type': '2.5d_rdl', 'loc': '2.5d_chiplet'},{'from': 'Chiplet_6', 'to': 'Chiplet_2', 'connection_type': '2.5d_rdl', 'loc': '2.5d_chiplet'},{'from': 'Chiplet_6', 'to': 'Chiplet_4', 'connection_type': '2.5d_rdl', 'loc': '2.5d_chiplet'},{'from': 'Chiplet_6', 'to': 'Chiplet_5', 'connection_type': '2.5d_rdl', 'loc': '2.5d_chiplet'},{'from': 'Chiplet_2', 'to': 'Chiplet_3', 'connection_type': '2.5d_rdl', 'loc': '2.5d_chiplet'},{'from': 'Chiplet_2', 'to': 'Chiplet_6', 'connection_type': '2.5d_rdl', 'loc': '2.5d_chiplet'},{'from': 'Chiplet_2', 'to': 'Chiplet_4', 'connection_type': '2.5d_rdl', 'loc': '2.5d_chiplet'},{'from': 'Chiplet_4', 'to': 'Chiplet_2', 'connection_type': '2.5d_rdl', 'loc': '2.5d_chiplet'},{'from': 'Chiplet_4', 'to': 'Chiplet_6', 'connection_type': '2.5d_rdl', 'loc': '2.5d_chiplet'}",1,1,1,1,2,2,ddr5,ucie_std,ucie_3d,1,0,os,1,0,0
124,23.12216110927793,1992622.72,148982.698442196,1479627677.026405,199794.4300028384,100975.38041929643,124,4.9976252555201786,6.821646341899999,1024,128x128,14,0.829831759447044,1.3845915837374998,768,64x64,10,2.927572174079395,3.8395579270749995,1024,96x96,14,0.378988,1.11875,256,64x64,7,3.665749090547913,5.538366334949999,4096,128x128,10,0.916436759447044,1.3845915837374998,1024,64x64,10,2.5d,"{'from': 'Chiplet_1', 'to': 'Chiplet_3', 'connection_type': '2.5d_emib', 'loc': '2.5d_chiplet'},{'from': 'Chiplet_1', 'to': 'Chiplet_6', 'connection_type': '2.5d_emib', 'loc': '2.5d_chiplet'},{'from': 'Chiplet_1', 'to': 'Chiplet_2', 'connection_type': '2.5d_emib', 'loc': '2.5d_chiplet'},{'from': 'Chiplet_1', 'to': 'Chiplet_5', 'connection_type': '2.5d_emib', 'loc': '2.5d_chiplet'},{'from': 'Chiplet_6', 'to': 'Chiplet_2', 'connection_type': '2.5d_emib', 'loc': '2.5d_chiplet'},{'from': 'Chiplet_6', 'to': 'Chiplet_1', 'connection_type': '2.5d_emib', 'loc': '2.5d_chiplet'},{'from': 'Chiplet_2', 'to': 'Chiplet_1', 'connection_type': '2.5d_emib', 'loc': '2.5d_chiplet'},{'from': 'Chiplet_2', 'to': 'Chiplet_6', 'connection_type': '2.5d_emib', 'loc': '2.5d_chiplet'},{'from': 'Chiplet_5', 'to': 'Chiplet_3', 'connection_type': '2.5d_emib', 'loc': '2.5d_chiplet'},{'from': 'Chiplet_5', 'to': 'Chiplet_1', 'connection_type': '2.5d_emib', 'loc': '2.5d_chiplet'},{'from': 'Chiplet_5', 'to': 'Chiplet_4', 'connection_type': '2.5d_emib', 'loc': '2.5d_chiplet'},{'from': 'Chiplet_3', 'to': 'Chiplet_1', 'connection_type': '2.5d_emib', 'loc': '2.5d_chiplet'},{'from': 'Chiplet_3', 'to': 'Chiplet_4', 'connection_type': '2.5d_emib', 'loc': '2.5d_chiplet'},{'from': 'Chiplet_3', 'to': 'Chiplet_5', 'connection_type': '2.5d_emib', 'loc': '2.5d_chiplet'},{'from': 'Chiplet_4', 'to': 'Chiplet_3', 'connection_type': '2.5d_emib', 'loc': '2.5d_chiplet'},{'from': 'Chiplet_4', 'to': 'Chiplet_5', 'connection_type': '2.5d_emib', 'loc': '2.5d_chiplet'}",2,1,1,1,2,1,ddr4,bow,na,1,0,is,1,0,0
125,31.381416355314386,3279946.15,178255.68063923006,1088935295.5951316,138336.96459787543,103935.51952163938,125,6.315940422320179,6.821646341899999,3072,128x128,14,6.975099908490179,6.821646341899999,4096,128x128,14,0.784712696,2.51875,512,96x96,7,0.784712696,2.51875,512,96x96,7,2.597993382379395,3.8395579270749995,512,96x96,14,4.818150952,10.4826,6144,192x192,7,2.5d,"{'from': 'Chiplet_2', 'to': 'Chiplet_3', 'connection_type': '2.5d_emib', 'loc': '2.5d_chiplet'},{'from': 'Chiplet_2', 'to': 'Chiplet_1', 'connection_type': '2.5d_emib', 'loc': '2.5d_chiplet'},{'from': 'Chiplet_2', 'to': 'Chiplet_5', 'connection_type': '2.5d_emib', 'loc': '2.5d_chiplet'},{'from': 'Chiplet_5', 'to': 'Chiplet_3', 'connection_type': '2.5d_emib', 'loc': '2.5d_chiplet'},{'from': 'Chiplet_5', 'to': 'Chiplet_4', 'connection_type': '2.5d_emib', 'loc': '2.5d_chiplet'},{'from': 'Chiplet_5', 'to': 'Chiplet_2', 'connection_type': '2.5d_emib', 'loc': '2.5d_chiplet'},{'from': 'Chiplet_3', 'to': 'Chiplet_2', 'connection_type': '2.5d_emib', 'loc': '2.5d_chiplet'},{'from': 'Chiplet_3', 'to': 'Chiplet_4', 'connection_type': '2.5d_emib', 'loc': '2.5d_chiplet'},{'from': 'Chiplet_3', 'to': 'Chiplet_6', 'connection_type': '2.5d_emib', 'loc': '2.5d_chiplet'},{'from': 'Chiplet_3', 'to': 'Chiplet_5', 'connection_type': '2.5d_emib', 'loc': '2.5d_chiplet'},{'from': 'Chiplet_4', 'to': 'Chiplet_3', 'connection_type': '2.5d_emib', 'loc': '2.5d_chiplet'},{'from': 'Chiplet_4', 'to': 'Chiplet_6', 'connection_type': '2.5d_emib', 'loc': '2.5d_chiplet'},{'from': 'Chiplet_4', 'to': 'Chiplet_5', 'connection_type': '2.5d_emib', 'loc': '2.5d_chiplet'},{'from': 'Chiplet_1', 'to': 'Chiplet_2', 'connection_type': '2.5d_emib', 'loc': '2.5d_chiplet'},{'from': 'Chiplet_1', 'to': 'Chiplet_6', 'connection_type': '2.5d_emib', 'loc': '2.5d_chiplet'},{'from': 'Chiplet_6', 'to': 'Chiplet_3', 'connection_type': '2.5d_emib', 'loc': '2.5d_chiplet'},{'from': 'Chiplet_6', 'to': 'Chiplet_1', 'connection_type': '2.5d_emib', 'loc': '2.5d_chiplet'},{'from': 'Chiplet_6', 'to': 'Chiplet_4', 'connection_type': '2.5d_emib', 'loc': '2.5d_chiplet'}",2,2,1,1,1,1,ddr4,bow,na,1,0,is,1,0,0
126,57.56027758705001,6431017.49,210494.80789623575,437141092.9042469,158363.48169553847,165614.65767252573,126,1.4141952089375351,1.7054115854749998,512,64x64,14,14.117807839976791,15.979573171754398,6144,192x192,14,4.818150952,10.4826,6144,192x192,7,6.726740457366197,12.973514847541198,4096,192x192,10,3.432469952,10.4826,2048,192x192,7,1.131132696,2.51875,1536,96x96,7,2.5d,"{'from': 'Chiplet_2', 'to': 'Chiplet_1', 'connection_type': '2.5d_emib', 'loc': '2.5d_chiplet'},{'from': 'Chiplet_2', 'to': 'Chiplet_4', 'connection_type': '2.5d_emib', 'loc': '2.5d_chiplet'},{'from': 'Chiplet_1', 'to': 'Chiplet_2', 'connection_type': '2.5d_emib', 'loc': '2.5d_chiplet'},{'from': 'Chiplet_1', 'to': 'Chiplet_4', 'connection_type': '2.5d_emib', 'loc': '2.5d_chiplet'},{'from': 'Chiplet_4', 'to': 'Chiplet_2', 'connection_type': '2.5d_emib', 'loc': '2.5d_chiplet'},{'from': 'Chiplet_4', 'to': 'Chiplet_1', 'connection_type': '2.5d_emib', 'loc': '2.5d_chiplet'},{'from': 'Chiplet_4', 'to': 'Chiplet_5', 'connection_type': '2.5d_emib', 'loc': '2.5d_chiplet'},{'from': 'Chiplet_4', 'to': 'Chiplet_3', 'connection_type': '2.5d_emib', 'loc': '2.5d_chiplet'},{'from': 'Chiplet_4', 'to': 'Chiplet_6', 'connection_type': '2.5d_emib', 'loc': '2.5d_chiplet'},{'from': 'Chiplet_6', 'to': 'Chiplet_4', 'connection_type': '2.5d_emib', 'loc': '2.5d_chiplet'},{'from': 'Chiplet_6', 'to': 'Chiplet_5', 'connection_type': '2.5d_emib', 'loc': '2.5d_chiplet'},{'from': 'Chiplet_3', 'to': 'Chiplet_4', 'connection_type': '2.5d_emib', 'loc': '2.5d_chiplet'},{'from': 'Chiplet_3', 'to': 'Chiplet_5', 'connection_type': '2.5d_emib', 'loc': '2.5d_chiplet'},{'from': 'Chiplet_5', 'to': 'Chiplet_3', 'connection_type': '2.5d_emib', 'loc': '2.5d_chiplet'},{'from': 'Chiplet_5', 'to': 'Chiplet_6', 'connection_type': '2.5d_emib', 'loc': '2.5d_chiplet'},{'from': 'Chiplet_5', 'to': 'Chiplet_4', 'connection_type': '2.5d_emib', 'loc': '2.5d_chiplet'}",1,7,2,3,2,1,hbm3,aib,na,1,0,is,1,0,0
127,35.36264800102269,5528501.77,108527.83777930823,493501789.46964484,99442.41126874326,96916.1611371931,127,2.972908090547913,5.538366334949999,2048,128x128,10,4.818150952,10.4826,6144,192x192,7,1.4141952089375351,1.7054115854749998,512,64x64,14,12.799492673176792,15.979573171754398,4096,192x192,14,0.656621759447044,1.3845915837374998,256,64x64,10,8.112421457366196,12.973514847541198,8192,192x192,10,2.5d_3d,"{'from': 'Chiplet_4', 'to': 'Chiplet_3', 'connection_type': '3d_u_bump', 'loc': 'stack0_base'},{'from': 'Chiplet_3', 'to': 'Chiplet_5', 'connection_type': '3d_u_bump', 'loc': 'stack0_middle1'},{'from': 'Chiplet_5', 'to': 'na', 'connection_type': '3d_u_bump', 'loc': 'stack0_top'},{'from': 'Chiplet_4', 'to': 'Chiplet_2', 'connection_type': '2.5d_rdl', 'loc': '2.5d_chiplet'},{'from': 'Chiplet_4', 'to': 'Chiplet_1', 'connection_type': '2.5d_rdl', 'loc': '2.5d_chiplet'},{'from': 'Chiplet_4', 'to': 'Chiplet_6', 'connection_type': '2.5d_rdl', 'loc': '2.5d_chiplet'},{'from': 'Chiplet_1', 'to': 'Chiplet_2', 'connection_type': '2.5d_rdl', 'loc': '2.5d_chiplet'},{'from': 'Chiplet_1', 'to': 'Chiplet_4', 'connection_type': '2.5d_rdl', 'loc': '2.5d_chiplet'},{'from': 'Chiplet_6', 'to': 'Chiplet_2', 'connection_type': '2.5d_rdl', 'loc': '2.5d_chiplet'},{'from': 'Chiplet_6', 'to': 'Chiplet_4', 'connection_type': '2.5d_rdl', 'loc': '2.5d_chiplet'},{'from': 'Chiplet_2', 'to': 'Chiplet_1', 'connection_type': '2.5d_rdl', 'loc': '2.5d_chiplet'},{'from': 'Chiplet_2', 'to': 'Chiplet_4', 'connection_type': '2.5d_rdl', 'loc': '2.5d_chiplet'},{'from': 'Chiplet_2', 'to': 'Chiplet_6', 'connection_type': '2.5d_rdl', 'loc': '2.5d_chiplet'}",1,2,1,7,1,4,hbm3,ucie_std,ucie_3d,1,0,os,1,0,0
128,18.75195776431292,2791158.57,163393.23463823737,502195044.42599094,12755.405405405407,15512.299743019414,128,1.8849981800824636,3.1172648505374996,2048,96x96,10,1.3653681800824635,3.1172648505374996,512,96x96,10,1.304342696,2.51875,2048,96x96,7,0.957922696,2.51875,1024,96x96,7,0.957922696,2.51875,1024,96x96,7,8.112421457366196,12.973514847541198,8192,192x192,10,2.5d,"{'from': 'Chiplet_6', 'to': 'Chiplet_2', 'connection_type': '2.5d_emib', 'loc': '2.5d_chiplet'},{'from': 'Chiplet_6', 'to': 'Chiplet_1', 'connection_type': '2.5d_emib', 'loc': '2.5d_chiplet'},{'from': 'Chiplet_1', 'to': 'Chiplet_2', 'connection_type': '2.5d_emib', 'loc': '2.5d_chiplet'},{'from': 'Chiplet_1', 'to': 'Chiplet_4', 'connection_type': '2.5d_emib', 'loc': '2.5d_chiplet'},{'from': 'Chiplet_1', 'to': 'Chiplet_6', 'connection_type': '2.5d_emib', 'loc': '2.5d_chiplet'},{'from': 'Chiplet_1', 'to': 'Chiplet_3', 'connection_type': '2.5d_emib', 'loc': '2.5d_chiplet'},{'from': 'Chiplet_4', 'to': 'Chiplet_3', 'connection_type': '2.5d_emib', 'loc': '2.5d_chiplet'},{'from': 'Chiplet_4', 'to': 'Chiplet_1', 'connection_type': '2.5d_emib', 'loc': '2.5d_chiplet'},{'from': 'Chiplet_2', 'to': 'Chiplet_3', 'connection_type': '2.5d_emib', 'loc': '2.5d_chiplet'},{'from': 'Chiplet_2', 'to': 'Chiplet_1', 'connection_type': '2.5d_emib', 'loc': '2.5d_chiplet'},{'from': 'Chiplet_2', 'to': 'Chiplet_6', 'connection_type': '2.5d_emib', 'loc': '2.5d_chiplet'},{'from': 'Chiplet_2', 'to': 'Chiplet_5', 'connection_type': '2.5d_emib', 'loc': '2.5d_chiplet'},{'from': 'Chiplet_3', 'to': 'Chiplet_2', 'connection_type': '2.5d_emib', 'loc': '2.5d_chiplet'},{'from': 'Chiplet_3', 'to': 'Chiplet_1', 'connection_type': '2.5d_emib', 'loc': '2.5d_chiplet'},{'from': 'Chiplet_3', 'to': 'Chiplet_4', 'connection_type': '2.5d_emib', 'loc': '2.5d_chiplet'},{'from': 'Chiplet_3', 'to': 'Chiplet_5', 'connection_type': '2.5d_emib', 'loc': '2.5d_chiplet'},{'from': 'Chiplet_5', 'to': 'Chiplet_2', 'connection_type': '2.5d_emib', 'loc': '2.5d_chiplet'},{'from': 'Chiplet_5', 'to': 'Chiplet_3', 'connection_type': '2.5d_emib', 'loc': '2.5d_chiplet'}",2,2,1,1,1,9,hbm2,bow,na,1,0,os,0,0,0
129,12.622115044957592,1525154.85,148230.69877378474,1055450833.4086934,241727.74148953363,88670.76256881226,129,0.552198,1.11875,768,64x64,7,3.2571509657793953,3.8395579270749995,1536,96x96,14,1.131132696,2.51875,1536,96x96,7,0.784712696,2.51875,512,96x96,7,2.20879254,4.475,3072,128x128,7,0.638803,1.11875,1024,64x64,7,2.5d,"{'from': 'Chiplet_2', 'to': 'Chiplet_3', 'connection_type': '2.5d_emib', 'loc': '2.5d_chiplet'},{'from': 'Chiplet_2', 'to': 'Chiplet_4', 'connection_type': '2.5d_emib', 'loc': '2.5d_chiplet'},{'from': 'Chiplet_2', 'to': 'Chiplet_5', 'connection_type': '2.5d_emib', 'loc': '2.5d_chiplet'},{'from': 'Chiplet_4', 'to': 'Chiplet_3', 'connection_type': '2.5d_emib', 'loc': '2.5d_chiplet'},{'from': 'Chiplet_4', 'to': 'Chiplet_2', 'connection_type': '2.5d_emib', 'loc': '2.5d_chiplet'},{'from': 'Chiplet_5', 'to': 'Chiplet_2', 'connection_type': '2.5d_emib', 'loc': '2.5d_chiplet'},{'from': 'Chiplet_5', 'to': 'Chiplet_6', 'connection_type': '2.5d_emib', 'loc': '2.5d_chiplet'},{'from': 'Chiplet_5', 'to': 'Chiplet_3', 'connection_type': '2.5d_emib', 'loc': '2.5d_chiplet'},{'from': 'Chiplet_3', 'to': 'Chiplet_2', 'connection_type': '2.5d_emib', 'loc': '2.5d_chiplet'},{'from': 'Chiplet_3', 'to': 'Chiplet_1', 'connection_type': '2.5d_emib', 'loc': '2.5d_chiplet'},{'from': 'Chiplet_3', 'to': 'Chiplet_4', 'connection_type': '2.5d_emib', 'loc': '2.5d_chiplet'},{'from': 'Chiplet_3', 'to': 'Chiplet_5', 'connection_type': '2.5d_emib', 'loc': '2.5d_chiplet'},{'from': 'Chiplet_3', 'to': 'Chiplet_6', 'connection_type': '2.5d_emib', 'loc': '2.5d_chiplet'},{'from': 'Chiplet_6', 'to': 'Chiplet_3', 'connection_type': '2.5d_emib', 'loc': '2.5d_chiplet'},{'from': 'Chiplet_6', 'to': 'Chiplet_1', 'connection_type': '2.5d_emib', 'loc': '2.5d_chiplet'},{'from': 'Chiplet_6', 'to': 'Chiplet_5', 'connection_type': '2.5d_emib', 'loc': '2.5d_chiplet'},{'from': 'Chiplet_1', 'to': 'Chiplet_3', 'connection_type': '2.5d_emib', 'loc': '2.5d_chiplet'},{'from': 'Chiplet_1', 'to': 'Chiplet_6', 'connection_type': '2.5d_emib', 'loc': '2.5d_chiplet'}",1,2,1,1,2,1,ddr5,aib,na,0,0,ws,1,0,0
130,22.765982084925675,3822814.65,106800.15908055597,728313539.190598,46766.66666666667,39355.18092105571,130,0.378988,1.11875,256,64x64,7,15.436124909546791,15.979573171754398,8192,192x192,14,2.20879254,4.475,3072,128x128,7,2.972908090547913,5.538366334949999,2048,128x128,10,1.743774000637535,1.7054115854749998,1024,64x64,14,0.656621759447044,1.3845915837374998,256,64x64,10,2.5d_3d,"{'from': 'Chiplet_4', 'to': 'Chiplet_3', 'connection_type': '3d_hyb_bond', 'loc': 'stack0_base'},{'from': 'Chiplet_3', 'to': 'Chiplet_5', 'connection_type': '3d_hyb_bond', 'loc': 'stack0_middle1'},{'from': 'Chiplet_5', 'to': 'Chiplet_6', 'connection_type': '3d_hyb_bond', 'loc': 'stack0_middle2'},{'from': 'Chiplet_6', 'to': 'Chiplet_1', 'connection_type': '3d_hyb_bond', 'loc': 'stack0_middle3'},{'from': 'Chiplet_1', 'to': 'na', 'connection_type': '3d_hyb_bond', 'loc': 'stack0_top'},{'from': 'Chiplet_2', 'to': 'Chiplet_4', 'connection_type': '2.5d_emib', 'loc': '2.5d_chiplet'},{'from': 'Chiplet_4', 'to': 'Chiplet_2', 'connection_type': '2.5d_emib', 'loc': '2.5d_chiplet'}",1,10,1,2,1,1,hbm2,ucie_adv,ucie_3d,0,0,is,0,0,0
131,30.45423377173191,3902182.77,178476.35393573166,491079909.80952793,103249.3932257977,67131.74924627272,131,5.5109919519999995,10.4826,8192,192x192,7,5.656782838920179,6.821646341899999,2048,128x128,14,0.638803,1.11875,1024,64x64,7,3.665749090547913,5.538366334949999,4096,128x128,10,0.378988,1.11875,256,64x64,7,3.665749090547913,5.538366334949999,4096,128x128,10,2.5d,"{'from': 'Chiplet_2', 'to': 'Chiplet_1', 'connection_type': '2.5d_emib', 'loc': '2.5d_chiplet'},{'from': 'Chiplet_2', 'to': 'Chiplet_6', 'connection_type': '2.5d_emib', 'loc': '2.5d_chiplet'},{'from': 'Chiplet_2', 'to': 'Chiplet_5', 'connection_type': '2.5d_emib', 'loc': '2.5d_chiplet'},{'from': 'Chiplet_6', 'to': 'Chiplet_2', 'connection_type': '2.5d_emib', 'loc': '2.5d_chiplet'},{'from': 'Chiplet_6', 'to': 'Chiplet_5', 'connection_type': '2.5d_emib', 'loc': '2.5d_chiplet'},{'from': 'Chiplet_5', 'to': 'Chiplet_2', 'connection_type': '2.5d_emib', 'loc': '2.5d_chiplet'},{'from': 'Chiplet_5', 'to': 'Chiplet_6', 'connection_type': '2.5d_emib', 'loc': '2.5d_chiplet'},{'from': 'Chiplet_1', 'to': 'Chiplet_2', 'connection_type': '2.5d_emib', 'loc': '2.5d_chiplet'},{'from': 'Chiplet_1', 'to': 'Chiplet_4', 'connection_type': '2.5d_emib', 'loc': '2.5d_chiplet'},{'from': 'Chiplet_1', 'to': 'Chiplet_3', 'connection_type': '2.5d_emib', 'loc': '2.5d_chiplet'},{'from': 'Chiplet_4', 'to': 'Chiplet_3', 'connection_type': '2.5d_emib', 'loc': '2.5d_chiplet'},{'from': 'Chiplet_4', 'to': 'Chiplet_1', 'connection_type': '2.5d_emib', 'loc': '2.5d_chiplet'},{'from': 'Chiplet_3', 'to': 'Chiplet_1', 'connection_type': '2.5d_emib', 'loc': '2.5d_chiplet'},{'from': 'Chiplet_3', 'to': 'Chiplet_4', 'connection_type': '2.5d_emib', 'loc': '2.5d_chiplet'}",4,4,1,3,1,3,hbm3,aib,na,0,0,ws,1,0,0
132,31.78250504468501,3321553.15,176573.2230362927,895803090.1353443,168574.96810292415,114446.33457536896,132,3.2571509657793953,3.8395579270749995,1536,96x96,14,0.743226759447044,1.3845915837374998,512,64x64,10,1.86237254,4.475,2048,128x128,7,1.86237254,4.475,2048,128x128,7,2.55521354,4.475,4096,128x128,7,8.112421457366196,12.973514847541198,8192,192x192,10,2.5d,"{'from': 'Chiplet_6', 'to': 'Chiplet_2', 'connection_type': '2.5d_emib', 'loc': '2.5d_chiplet'},{'from': 'Chiplet_6', 'to': 'Chiplet_1', 'connection_type': '2.5d_emib', 'loc': '2.5d_chiplet'},{'from': 'Chiplet_2', 'to': 'Chiplet_1', 'connection_type': '2.5d_emib', 'loc': '2.5d_chiplet'},{'from': 'Chiplet_2', 'to': 'Chiplet_6', 'connection_type': '2.5d_emib', 'loc': '2.5d_chiplet'},{'from': 'Chiplet_2', 'to': 'Chiplet_5', 'connection_type': '2.5d_emib', 'loc': '2.5d_chiplet'},{'from': 'Chiplet_1', 'to': 'Chiplet_2', 'connection_type': '2.5d_emib', 'loc': '2.5d_chiplet'},{'from': 'Chiplet_1', 'to': 'Chiplet_4', 'connection_type': '2.5d_emib', 'loc': '2.5d_chiplet'},{'from': 'Chiplet_1', 'to': 'Chiplet_5', 'connection_type': '2.5d_emib', 'loc': '2.5d_chiplet'},{'from': 'Chiplet_1', 'to': 'Chiplet_3', 'connection_type': '2.5d_emib', 'loc': '2.5d_chiplet'},{'from': 'Chiplet_1', 'to': 'Chiplet_6', 'connection_type': '2.5d_emib', 'loc': '2.5d_chiplet'},{'from': 'Chiplet_4', 'to': 'Chiplet_3', 'connection_type': '2.5d_emib', 'loc': '2.5d_chiplet'},{'from': 'Chiplet_4', 'to': 'Chiplet_1', 'connection_type': '2.5d_emib', 'loc': '2.5d_chiplet'},{'from': 'Chiplet_5', 'to': 'Chiplet_2', 'connection_type': '2.5d_emib', 'loc': '2.5d_chiplet'},{'from': 'Chiplet_5', 'to': 'Chiplet_1', 'connection_type': '2.5d_emib', 'loc': '2.5d_chiplet'},{'from': 'Chiplet_5', 'to': 'Chiplet_3', 'connection_type': '2.5d_emib', 'loc': '2.5d_chiplet'},{'from': 'Chiplet_3', 'to': 'Chiplet_1', 'connection_type': '2.5d_emib', 'loc': '2.5d_chiplet'},{'from': 'Chiplet_3', 'to': 'Chiplet_4', 'connection_type': '2.5d_emib', 'loc': '2.5d_chiplet'},{'from': 'Chiplet_3', 'to': 'Chiplet_5', 'connection_type': '2.5d_emib', 'loc': '2.5d_chiplet'}",1,1,1,1,1,3,ddr5,aib,na,0,0,is,1,0,0
133,29.91225252841628,3961435.28,92206.01560113509,1727971635.0775678,27161.274509803923,51404.57147641944,133,1.4141952089375351,1.7054115854749998,512,64x64,14,1.86237254,4.475,2048,128x128,7,0.378988,1.11875,256,64x64,7,4.1253109519999995,10.4826,4096,192x192,7,2.972908090547913,5.538366334949999,2048,128x128,10,14.117807839976791,15.979573171754398,6144,192x192,14,2.5d_3d,"{'from': 'Chiplet_4', 'to': 'Chiplet_5', 'connection_type': '3d_hyb_bond', 'loc': 'stack0_base'},{'from': 'Chiplet_5', 'to': 'na', 'connection_type': '3d_hyb_bond', 'loc': 'stack0_top'},{'from': 'Chiplet_6', 'to': 'Chiplet_2', 'connection_type': '2.5d_rdl', 'loc': '2.5d_chiplet'},{'from': 'Chiplet_6', 'to': 'Chiplet_4', 'connection_type': '2.5d_rdl', 'loc': '2.5d_chiplet'},{'from': 'Chiplet_4', 'to': 'Chiplet_2', 'connection_type': '2.5d_rdl', 'loc': '2.5d_chiplet'},{'from': 'Chiplet_4', 'to': 'Chiplet_1', 'connection_type': '2.5d_rdl', 'loc': '2.5d_chiplet'},{'from': 'Chiplet_4', 'to': 'Chiplet_6', 'connection_type': '2.5d_rdl', 'loc': '2.5d_chiplet'},{'from': 'Chiplet_2', 'to': 'Chiplet_3', 'connection_type': '2.5d_rdl', 'loc': '2.5d_chiplet'},{'from': 'Chiplet_2', 'to': 'Chiplet_1', 'connection_type': '2.5d_rdl', 'loc': '2.5d_chiplet'},{'from': 'Chiplet_2', 'to': 'Chiplet_6', 'connection_type': '2.5d_rdl', 'loc': '2.5d_chiplet'},{'from': 'Chiplet_2', 'to': 'Chiplet_4', 'connection_type': '2.5d_rdl', 'loc': '2.5d_chiplet'},{'from': 'Chiplet_1', 'to': 'Chiplet_2', 'connection_type': '2.5d_rdl', 'loc': '2.5d_chiplet'},{'from': 'Chiplet_1', 'to': 'Chiplet_4', 'connection_type': '2.5d_rdl', 'loc': '2.5d_chiplet'},{'from': 'Chiplet_1', 'to': 'Chiplet_3', 'connection_type': '2.5d_rdl', 'loc': '2.5d_chiplet'},{'from': 'Chiplet_3', 'to': 'Chiplet_2', 'connection_type': '2.5d_rdl', 'loc': '2.5d_chiplet'},{'from': 'Chiplet_3', 'to': 'Chiplet_1', 'connection_type': '2.5d_rdl', 'loc': '2.5d_chiplet'}",1,1,1,1,1,3,ddr4,ucie_std,ucie_3d,1,0,ws,0,0,0
134,22.362898107184776,2288778.78,61878.56323765776,862850643.2195561,181230.6195497032,103814.77938027948,134,1.51595254,4.475,1024,128x128,7,1.578984604787535,1.7054115854749998,768,64x64,14,1.743774000637535,1.7054115854749998,1024,64x64,14,7.419580457366196,12.973514847541198,6144,192x192,10,1.249405813087535,1.7054115854749998,256,64x64,14,3.5867297574793953,3.8395579270749995,2048,96x96,14,2.5d,"{'from': 'Chiplet_4', 'to': 'Chiplet_3', 'connection_type': '2.5d_rdl', 'loc': '2.5d_chiplet'},{'from': 'Chiplet_4', 'to': 'Chiplet_6', 'connection_type': '2.5d_rdl', 'loc': '2.5d_chiplet'},{'from': 'Chiplet_4', 'to': 'Chiplet_5', 'connection_type': '2.5d_rdl', 'loc': '2.5d_chiplet'},{'from': 'Chiplet_5', 'to': 'Chiplet_3', 'connection_type': '2.5d_rdl', 'loc': '2.5d_chiplet'},{'from': 'Chiplet_5', 'to': 'Chiplet_4', 'connection_type': '2.5d_rdl', 'loc': '2.5d_chiplet'},{'from': 'Chiplet_6', 'to': 'Chiplet_3', 'connection_type': '2.5d_rdl', 'loc': '2.5d_chiplet'},{'from': 'Chiplet_6', 'to': 'Chiplet_4', 'connection_type': '2.5d_rdl', 'loc': '2.5d_chiplet'},{'from': 'Chiplet_6', 'to': 'Chiplet_2', 'connection_type': '2.5d_rdl', 'loc': '2.5d_chiplet'},{'from': 'Chiplet_3', 'to': 'Chiplet_2', 'connection_type': '2.5d_rdl', 'loc': '2.5d_chiplet'},{'from': 'Chiplet_3', 'to': 'Chiplet_1', 'connection_type': '2.5d_rdl', 'loc': '2.5d_chiplet'},{'from': 'Chiplet_3', 'to': 'Chiplet_4', 'connection_type': '2.5d_rdl', 'loc': '2.5d_chiplet'},{'from': 'Chiplet_3', 'to': 'Chiplet_5', 'connection_type': '2.5d_rdl', 'loc': '2.5d_chiplet'},{'from': 'Chiplet_3', 'to': 'Chiplet_6', 'connection_type': '2.5d_rdl', 'loc': '2.5d_chiplet'},{'from': 'Chiplet_2', 'to': 'Chiplet_3', 'connection_type': '2.5d_rdl', 'loc': '2.5d_chiplet'},{'from': 'Chiplet_2', 'to': 'Chiplet_1', 'connection_type': '2.5d_rdl', 'loc': '2.5d_chiplet'},{'from': 'Chiplet_2', 'to': 'Chiplet_6', 'connection_type': '2.5d_rdl', 'loc': '2.5d_chiplet'},{'from': 'Chiplet_1', 'to': 'Chiplet_3', 'connection_type': '2.5d_rdl', 'loc': '2.5d_chiplet'},{'from': 'Chiplet_1', 'to': 'Chiplet_2', 'connection_type': '2.5d_rdl', 'loc': '2.5d_chiplet'}",1,1,1,3,1,1,ddr5,ucie_std,na,0,0,is,1,0,0
135,44.614016110645345,5832954.59,203499.74569757463,991268012.7587738,115829.1613617252,147357.51828168493,135,3.432469952,10.4826,2048,192x192,7,12.799492673176792,15.979573171754398,4096,192x192,14,0.378988,1.11875,256,64x64,7,15.436124909546791,15.979573171754398,8192,192x192,14,0.638803,1.11875,1024,64x64,7,14.117807839976791,15.979573171754398,6144,192x192,14,2.5d_3d,"{'from': 'Chiplet_4', 'to': 'Chiplet_2', 'connection_type': '3d_tsv', 'loc': 'stack0_base'},{'from': 'Chiplet_2', 'to': 'na', 'connection_type': '3d_tsv', 'loc': 'stack0_top'},{'from': 'Chiplet_4', 'to': 'Chiplet_3', 'connection_type': '2.5d_emib', 'loc': '2.5d_chiplet'},{'from': 'Chiplet_4', 'to': 'Chiplet_1', 'connection_type': '2.5d_emib', 'loc': '2.5d_chiplet'},{'from': 'Chiplet_4', 'to': 'Chiplet_6', 'connection_type': '2.5d_emib', 'loc': '2.5d_chiplet'},{'from': 'Chiplet_4', 'to': 'Chiplet_5', 'connection_type': '2.5d_emib', 'loc': '2.5d_chiplet'},{'from': 'Chiplet_5', 'to': 'Chiplet_3', 'connection_type': '2.5d_emib', 'loc': '2.5d_chiplet'},{'from': 'Chiplet_5', 'to': 'Chiplet_4', 'connection_type': '2.5d_emib', 'loc': '2.5d_chiplet'},{'from': 'Chiplet_3', 'to': 'Chiplet_4', 'connection_type': '2.5d_emib', 'loc': '2.5d_chiplet'},{'from': 'Chiplet_3', 'to': 'Chiplet_5', 'connection_type': '2.5d_emib', 'loc': '2.5d_chiplet'},{'from': 'Chiplet_6', 'to': 'Chiplet_1', 'connection_type': '2.5d_emib', 'loc': '2.5d_chiplet'},{'from': 'Chiplet_6', 'to': 'Chiplet_4', 'connection_type': '2.5d_emib', 'loc': '2.5d_chiplet'},{'from': 'Chiplet_1', 'to': 'Chiplet_6', 'connection_type': '2.5d_emib', 'loc': '2.5d_chiplet'},{'from': 'Chiplet_1', 'to': 'Chiplet_4', 'connection_type': '2.5d_emib', 'loc': '2.5d_chiplet'}",1,1,1,2,1,2,ddr5,aib,ucie_3d,1,0,is,1,0,0
136,31.31889086446991,3556844.49,183365.32104669648,1164671499.1583455,92315.48628500878,81568.29194895152,136,8.112421457366196,12.973514847541198,8192,192x192,10,3.5867297574793953,3.8395579270749995,2048,96x96,14,4.818150952,10.4826,6144,192x192,7,0.957922696,2.51875,1024,96x96,7,1.131132696,2.51875,1536,96x96,7,1.8849981800824636,3.1172648505374996,2048,96x96,10,2.5d,"{'from': 'Chiplet_1', 'to': 'Chiplet_3', 'connection_type': '2.5d_emib', 'loc': '2.5d_chiplet'},{'from': 'Chiplet_1', 'to': 'Chiplet_6', 'connection_type': '2.5d_emib', 'loc': '2.5d_chiplet'},{'from': 'Chiplet_1', 'to': 'Chiplet_2', 'connection_type': '2.5d_emib', 'loc': '2.5d_chiplet'},{'from': 'Chiplet_6', 'to': 'Chiplet_2', 'connection_type': '2.5d_emib', 'loc': '2.5d_chiplet'},{'from': 'Chiplet_6', 'to': 'Chiplet_1', 'connection_type': '2.5d_emib', 'loc': '2.5d_chiplet'},{'from': 'Chiplet_3', 'to': 'Chiplet_2', 'connection_type': '2.5d_emib', 'loc': '2.5d_chiplet'},{'from': 'Chiplet_3', 'to': 'Chiplet_1', 'connection_type': '2.5d_emib', 'loc': '2.5d_chiplet'},{'from': 'Chiplet_3', 'to': 'Chiplet_5', 'connection_type': '2.5d_emib', 'loc': '2.5d_chiplet'},{'from': 'Chiplet_2', 'to': 'Chiplet_1', 'connection_type': '2.5d_emib', 'loc': '2.5d_chiplet'},{'from': 'Chiplet_2', 'to': 'Chiplet_4', 'connection_type': '2.5d_emib', 'loc': '2.5d_chiplet'},{'from': 'Chiplet_2', 'to': 'Chiplet_5', 'connection_type': '2.5d_emib', 'loc': '2.5d_chiplet'},{'from': 'Chiplet_2', 'to': 'Chiplet_3', 'connection_type': '2.5d_emib', 'loc': '2.5d_chiplet'},{'from': 'Chiplet_2', 'to': 'Chiplet_6', 'connection_type': '2.5d_emib', 'loc': '2.5d_chiplet'},{'from': 'Chiplet_5', 'to': 'Chiplet_2', 'connection_type': '2.5d_emib', 'loc': '2.5d_chiplet'},{'from': 'Chiplet_5', 'to': 'Chiplet_4', 'connection_type': '2.5d_emib', 'loc': '2.5d_chiplet'},{'from': 'Chiplet_5', 'to': 'Chiplet_3', 'connection_type': '2.5d_emib', 'loc': '2.5d_chiplet'},{'from': 'Chiplet_4', 'to': 'Chiplet_2', 'connection_type': '2.5d_emib', 'loc': '2.5d_chiplet'},{'from': 'Chiplet_4', 'to': 'Chiplet_5', 'connection_type': '2.5d_emib', 'loc': '2.5d_chiplet'}",3,1,1,1,1,1,ddr4,aib,na,0,0,ws,1,0,0
137,29.095734373999704,4018328.96,87874.27366787929,428538335.38450456,166753.14510941837,136533.37352551395,137,3.432469952,10.4826,2048,192x192,7,0.378988,1.11875,256,64x64,7,4.1253109519999995,10.4826,4096,192x192,7,2.6264880905479133,5.538366334949999,1024,128x128,10,0.916436759447044,1.3845915837374998,1024,64x64,10,8.112421457366196,12.973514847541198,8192,192x192,10,2.5d,"{'from': 'Chiplet_6', 'to': 'Chiplet_3', 'connection_type': '2.5d_rdl', 'loc': '2.5d_chiplet'},{'from': 'Chiplet_6', 'to': 'Chiplet_1', 'connection_type': '2.5d_rdl', 'loc': '2.5d_chiplet'},{'from': 'Chiplet_6', 'to': 'Chiplet_2', 'connection_type': '2.5d_rdl', 'loc': '2.5d_chiplet'},{'from': 'Chiplet_6', 'to': 'Chiplet_5', 'connection_type': '2.5d_rdl', 'loc': '2.5d_chiplet'},{'from': 'Chiplet_5', 'to': 'Chiplet_2', 'connection_type': '2.5d_rdl', 'loc': '2.5d_chiplet'},{'from': 'Chiplet_5', 'to': 'Chiplet_6', 'connection_type': '2.5d_rdl', 'loc': '2.5d_chiplet'},{'from': 'Chiplet_2', 'to': 'Chiplet_6', 'connection_type': '2.5d_rdl', 'loc': '2.5d_chiplet'},{'from': 'Chiplet_2', 'to': 'Chiplet_5', 'connection_type': '2.5d_rdl', 'loc': '2.5d_chiplet'},{'from': 'Chiplet_3', 'to': 'Chiplet_1', 'connection_type': '2.5d_rdl', 'loc': '2.5d_chiplet'},{'from': 'Chiplet_3', 'to': 'Chiplet_6', 'connection_type': '2.5d_rdl', 'loc': '2.5d_chiplet'},{'from': 'Chiplet_3', 'to': 'Chiplet_4', 'connection_type': '2.5d_rdl', 'loc': '2.5d_chiplet'},{'from': 'Chiplet_1', 'to': 'Chiplet_3', 'connection_type': '2.5d_rdl', 'loc': '2.5d_chiplet'},{'from': 'Chiplet_1', 'to': 'Chiplet_4', 'connection_type': '2.5d_rdl', 'loc': '2.5d_chiplet'},{'from': 'Chiplet_1', 'to': 'Chiplet_6', 'connection_type': '2.5d_rdl', 'loc': '2.5d_chiplet'},{'from': 'Chiplet_4', 'to': 'Chiplet_3', 'connection_type': '2.5d_rdl', 'loc': '2.5d_chiplet'},{'from': 'Chiplet_4', 'to': 'Chiplet_1', 'connection_type': '2.5d_rdl', 'loc': '2.5d_chiplet'}",3,1,3,2,1,6,hbm3,ucie_std,na,1,0,os,1,0,0
138,32.7956359576868,4135499.08,164374.64638221552,848896839.4655228,97299.9475976045,89972.26488773234,138,7.419580457366196,12.973514847541198,6144,192x192,10,1.5385781800824634,3.1172648505374996,1024,96x96,10,0.784712696,2.51875,512,96x96,7,12.799492673176792,15.979573171754398,4096,192x192,14,1.131132696,2.51875,1536,96x96,7,2.20879254,4.475,3072,128x128,7,2.5d_3d,"{'from': 'Chiplet_1', 'to': 'Chiplet_2', 'connection_type': '3d_u_bump', 'loc': 'stack0_base'},{'from': 'Chiplet_2', 'to': 'na', 'connection_type': '3d_u_bump', 'loc': 'stack0_top'},{'from': 'Chiplet_4', 'to': 'Chiplet_1', 'connection_type': '2.5d_emib', 'loc': '2.5d_chiplet'},{'from': 'Chiplet_4', 'to': 'Chiplet_6', 'connection_type': '2.5d_emib', 'loc': '2.5d_chiplet'},{'from': 'Chiplet_1', 'to': 'Chiplet_6', 'connection_type': '2.5d_emib', 'loc': '2.5d_chiplet'},{'from': 'Chiplet_1', 'to': 'Chiplet_4', 'connection_type': '2.5d_emib', 'loc': '2.5d_chiplet'},{'from': 'Chiplet_1', 'to': 'Chiplet_5', 'connection_type': '2.5d_emib', 'loc': '2.5d_chiplet'},{'from': 'Chiplet_6', 'to': 'Chiplet_3', 'connection_type': '2.5d_emib', 'loc': '2.5d_chiplet'},{'from': 'Chiplet_6', 'to': 'Chiplet_1', 'connection_type': '2.5d_emib', 'loc': '2.5d_chiplet'},{'from': 'Chiplet_6', 'to': 'Chiplet_4', 'connection_type': '2.5d_emib', 'loc': '2.5d_chiplet'},{'from': 'Chiplet_6', 'to': 'Chiplet_5', 'connection_type': '2.5d_emib', 'loc': '2.5d_chiplet'},{'from': 'Chiplet_5', 'to': 'Chiplet_3', 'connection_type': '2.5d_emib', 'loc': '2.5d_chiplet'},{'from': 'Chiplet_5', 'to': 'Chiplet_1', 'connection_type': '2.5d_emib', 'loc': '2.5d_chiplet'},{'from': 'Chiplet_5', 'to': 'Chiplet_6', 'connection_type': '2.5d_emib', 'loc': '2.5d_chiplet'},{'from': 'Chiplet_3', 'to': 'Chiplet_6', 'connection_type': '2.5d_emib', 'loc': '2.5d_chiplet'},{'from': 'Chiplet_3', 'to': 'Chiplet_5', 'connection_type': '2.5d_emib', 'loc': '2.5d_chiplet'}",1,1,1,3,1,1,ddr5,bow,ucie_3d,1,0,os,1,0,0
139,25.418854911172748,3384461.42,70685.71396928486,472800349.98548776,187991.63101667893,106783.77032315529,139,3.5867297574793953,3.8395579270749995,2048,96x96,14,0.378988,1.11875,256,64x64,7,0.638803,1.11875,1024,64x64,7,0.784712696,2.51875,512,96x96,7,7.419580457366196,12.973514847541198,6144,192x192,10,6.975099908490179,6.821646341899999,4096,128x128,14,2.5d_3d,"{'from': 'Chiplet_1', 'to': 'Chiplet_3', 'connection_type': '3d_tsv', 'loc': 'stack0_base'},{'from': 'Chiplet_3', 'to': 'na', 'connection_type': '3d_tsv', 'loc': 'stack0_top'},{'from': 'Chiplet_5', 'to': 'Chiplet_2', 'connection_type': '2.5d_rdl', 'loc': '2.5d_chiplet'},{'from': 'Chiplet_5', 'to': 'Chiplet_4', 'connection_type': '2.5d_rdl', 'loc': '2.5d_chiplet'},{'from': 'Chiplet_5', 'to': 'Chiplet_6', 'connection_type': '2.5d_rdl', 'loc': '2.5d_chiplet'},{'from': 'Chiplet_4', 'to': 'Chiplet_2', 'connection_type': '2.5d_rdl', 'loc': '2.5d_chiplet'},{'from': 'Chiplet_4', 'to': 'Chiplet_5', 'connection_type': '2.5d_rdl', 'loc': '2.5d_chiplet'},{'from': 'Chiplet_2', 'to': 'Chiplet_1', 'connection_type': '2.5d_rdl', 'loc': '2.5d_chiplet'},{'from': 'Chiplet_2', 'to': 'Chiplet_4', 'connection_type': '2.5d_rdl', 'loc': '2.5d_chiplet'},{'from': 'Chiplet_2', 'to': 'Chiplet_5', 'connection_type': '2.5d_rdl', 'loc': '2.5d_chiplet'},{'from': 'Chiplet_6', 'to': 'Chiplet_1', 'connection_type': '2.5d_rdl', 'loc': '2.5d_chiplet'},{'from': 'Chiplet_6', 'to': 'Chiplet_5', 'connection_type': '2.5d_rdl', 'loc': '2.5d_chiplet'},{'from': 'Chiplet_1', 'to': 'Chiplet_2', 'connection_type': '2.5d_rdl', 'loc': '2.5d_chiplet'},{'from': 'Chiplet_1', 'to': 'Chiplet_6', 'connection_type': '2.5d_rdl', 'loc': '2.5d_chiplet'}",2,1,1,1,6,5,hbm2,ucie_std,ucie_3d,1,0,ws,1,0,0
140,14.600647732652408,2008256.85,53732.40200125392,1126990504.415333,372771.73786025314,165417.15896877035,140,3.2571509657793953,3.8395579270749995,1536,96x96,14,1.743774000637535,1.7054115854749998,1024,64x64,14,0.957922696,2.51875,1024,96x96,7,1.8849981800824636,3.1172648505374996,2048,96x96,10,6.975099908490179,6.821646341899999,4096,128x128,14,1.8849981800824636,3.1172648505374996,2048,96x96,10,2.5d_3d,"{'from': 'Chiplet_5', 'to': 'Chiplet_1', 'connection_type': '3d_tsv', 'loc': 'stack0_base'},{'from': 'Chiplet_1', 'to': 'Chiplet_2', 'connection_type': '3d_tsv', 'loc': 'stack0_middle1'},{'from': 'Chiplet_2', 'to': 'na', 'connection_type': '3d_tsv', 'loc': 'stack0_top'},{'from': 'Chiplet_5', 'to': 'Chiplet_6', 'connection_type': '2.5d_rdl', 'loc': '2.5d_chiplet'},{'from': 'Chiplet_5', 'to': 'Chiplet_4', 'connection_type': '2.5d_rdl', 'loc': '2.5d_chiplet'},{'from': 'Chiplet_4', 'to': 'Chiplet_3', 'connection_type': '2.5d_rdl', 'loc': '2.5d_chiplet'},{'from': 'Chiplet_4', 'to': 'Chiplet_6', 'connection_type': '2.5d_rdl', 'loc': '2.5d_chiplet'},{'from': 'Chiplet_4', 'to': 'Chiplet_5', 'connection_type': '2.5d_rdl', 'loc': '2.5d_chiplet'},{'from': 'Chiplet_3', 'to': 'Chiplet_6', 'connection_type': '2.5d_rdl', 'loc': '2.5d_chiplet'},{'from': 'Chiplet_3', 'to': 'Chiplet_4', 'connection_type': '2.5d_rdl', 'loc': '2.5d_chiplet'},{'from': 'Chiplet_6', 'to': 'Chiplet_3', 'connection_type': '2.5d_rdl', 'loc': '2.5d_chiplet'},{'from': 'Chiplet_6', 'to': 'Chiplet_4', 'connection_type': '2.5d_rdl', 'loc': '2.5d_chiplet'},{'from': 'Chiplet_6', 'to': 'Chiplet_5', 'connection_type': '2.5d_rdl', 'loc': '2.5d_chiplet'}",1,1,1,1,3,1,ddr5,ucie_std,ucie_3d,1,0,is,1,0,0
141,30.56627206470018,3451501.48,74156.86023084121,487891981.4409523,113006.10067192253,69808.86566884254,141,2.20879254,4.475,3072,128x128,7,0.552198,1.11875,768,64x64,7,8.112421457366196,12.973514847541198,8192,192x192,10,0.916436759447044,1.3845915837374998,1024,64x64,10,0.784712696,2.51875,512,96x96,7,6.315940422320179,6.821646341899999,3072,128x128,14,2.5d,"{'from': 'Chiplet_3', 'to': 'Chiplet_2', 'connection_type': '2.5d_rdl', 'loc': '2.5d_chiplet'},{'from': 'Chiplet_3', 'to': 'Chiplet_1', 'connection_type': '2.5d_rdl', 'loc': '2.5d_chiplet'},{'from': 'Chiplet_3', 'to': 'Chiplet_6', 'connection_type': '2.5d_rdl', 'loc': '2.5d_chiplet'},{'from': 'Chiplet_3', 'to': 'Chiplet_4', 'connection_type': '2.5d_rdl', 'loc': '2.5d_chiplet'},{'from': 'Chiplet_4', 'to': 'Chiplet_2', 'connection_type': '2.5d_rdl', 'loc': '2.5d_chiplet'},{'from': 'Chiplet_4', 'to': 'Chiplet_3', 'connection_type': '2.5d_rdl', 'loc': '2.5d_chiplet'},{'from': 'Chiplet_2', 'to': 'Chiplet_3', 'connection_type': '2.5d_rdl', 'loc': '2.5d_chiplet'},{'from': 'Chiplet_2', 'to': 'Chiplet_4', 'connection_type': '2.5d_rdl', 'loc': '2.5d_chiplet'},{'from': 'Chiplet_6', 'to': 'Chiplet_3', 'connection_type': '2.5d_rdl', 'loc': '2.5d_chiplet'},{'from': 'Chiplet_6', 'to': 'Chiplet_1', 'connection_type': '2.5d_rdl', 'loc': '2.5d_chiplet'},{'from': 'Chiplet_6', 'to': 'Chiplet_5', 'connection_type': '2.5d_rdl', 'loc': '2.5d_chiplet'},{'from': 'Chiplet_1', 'to': 'Chiplet_3', 'connection_type': '2.5d_rdl', 'loc': '2.5d_chiplet'},{'from': 'Chiplet_1', 'to': 'Chiplet_6', 'connection_type': '2.5d_rdl', 'loc': '2.5d_chiplet'},{'from': 'Chiplet_1', 'to': 'Chiplet_5', 'connection_type': '2.5d_rdl', 'loc': '2.5d_chiplet'},{'from': 'Chiplet_5', 'to': 'Chiplet_1', 'connection_type': '2.5d_rdl', 'loc': '2.5d_chiplet'},{'from': 'Chiplet_5', 'to': 'Chiplet_6', 'connection_type': '2.5d_rdl', 'loc': '2.5d_chiplet'}",1,1,7,1,1,5,hbm3,ucie_std,na,0,0,is,1,0,0
142,83.84999576958812,7467230.04,240335.47614167212,1769113292.326358,15092.35294117647,52396.30909232613,142,14.117807839976791,15.979573171754398,6144,192x192,14,14.117807839976791,15.979573171754398,6144,192x192,14,6.315940422320179,6.821646341899999,3072,128x128,14,6.726740457366197,12.973514847541198,4096,192x192,10,2.927572174079395,3.8395579270749995,1024,96x96,14,12.799492673176792,15.979573171754398,4096,192x192,14,2.5d,"{'from': 'Chiplet_1', 'to': 'Chiplet_2', 'connection_type': '2.5d_emib', 'loc': '2.5d_chiplet'},{'from': 'Chiplet_1', 'to': 'Chiplet_6', 'connection_type': '2.5d_emib', 'loc': '2.5d_chiplet'},{'from': 'Chiplet_1', 'to': 'Chiplet_5', 'connection_type': '2.5d_emib', 'loc': '2.5d_chiplet'},{'from': 'Chiplet_6', 'to': 'Chiplet_1', 'connection_type': '2.5d_emib', 'loc': '2.5d_chiplet'},{'from': 'Chiplet_6', 'to': 'Chiplet_5', 'connection_type': '2.5d_emib', 'loc': '2.5d_chiplet'},{'from': 'Chiplet_5', 'to': 'Chiplet_1', 'connection_type': '2.5d_emib', 'loc': '2.5d_chiplet'},{'from': 'Chiplet_5', 'to': 'Chiplet_6', 'connection_type': '2.5d_emib', 'loc': '2.5d_chiplet'},{'from': 'Chiplet_2', 'to': 'Chiplet_3', 'connection_type': '2.5d_emib', 'loc': '2.5d_chiplet'},{'from': 'Chiplet_2', 'to': 'Chiplet_1', 'connection_type': '2.5d_emib', 'loc': '2.5d_chiplet'},{'from': 'Chiplet_2', 'to': 'Chiplet_4', 'connection_type': '2.5d_emib', 'loc': '2.5d_chiplet'},{'from': 'Chiplet_4', 'to': 'Chiplet_3', 'connection_type': '2.5d_emib', 'loc': '2.5d_chiplet'},{'from': 'Chiplet_4', 'to': 'Chiplet_2', 'connection_type': '2.5d_emib', 'loc': '2.5d_chiplet'},{'from': 'Chiplet_3', 'to': 'Chiplet_2', 'connection_type': '2.5d_emib', 'loc': '2.5d_chiplet'},{'from': 'Chiplet_3', 'to': 'Chiplet_4', 'connection_type': '2.5d_emib', 'loc': '2.5d_chiplet'}",2,2,1,1,1,1,ddr4,bow,na,0,0,os,0,0,0
143,64.9002955248164,5855852.17,129833.48131279799,1174401071.5397615,200399.2046336332,245373.616469573,143,12.799492673176792,15.979573171754398,4096,192x192,14,7.419580457366196,12.973514847541198,6144,192x192,10,0.743226759447044,1.3845915837374998,512,64x64,10,2.55521354,4.475,4096,128x128,7,7.419580457366196,12.973514847541198,6144,192x192,10,6.726740457366197,12.973514847541198,4096,192x192,10,2.5d,"{'from': 'Chiplet_1', 'to': 'Chiplet_2', 'connection_type': '2.5d_rdl', 'loc': '2.5d_chiplet'},{'from': 'Chiplet_1', 'to': 'Chiplet_6', 'connection_type': '2.5d_rdl', 'loc': '2.5d_chiplet'},{'from': 'Chiplet_6', 'to': 'Chiplet_2', 'connection_type': '2.5d_rdl', 'loc': '2.5d_chiplet'},{'from': 'Chiplet_6', 'to': 'Chiplet_1', 'connection_type': '2.5d_rdl', 'loc': '2.5d_chiplet'},{'from': 'Chiplet_6', 'to': 'Chiplet_5', 'connection_type': '2.5d_rdl', 'loc': '2.5d_chiplet'},{'from': 'Chiplet_2', 'to': 'Chiplet_1', 'connection_type': '2.5d_rdl', 'loc': '2.5d_chiplet'},{'from': 'Chiplet_2', 'to': 'Chiplet_6', 'connection_type': '2.5d_rdl', 'loc': '2.5d_chiplet'},{'from': 'Chiplet_2', 'to': 'Chiplet_4', 'connection_type': '2.5d_rdl', 'loc': '2.5d_chiplet'},{'from': 'Chiplet_2', 'to': 'Chiplet_5', 'connection_type': '2.5d_rdl', 'loc': '2.5d_chiplet'},{'from': 'Chiplet_4', 'to': 'Chiplet_2', 'connection_type': '2.5d_rdl', 'loc': '2.5d_chiplet'},{'from': 'Chiplet_4', 'to': 'Chiplet_3', 'connection_type': '2.5d_rdl', 'loc': '2.5d_chiplet'},{'from': 'Chiplet_5', 'to': 'Chiplet_3', 'connection_type': '2.5d_rdl', 'loc': '2.5d_chiplet'},{'from': 'Chiplet_5', 'to': 'Chiplet_6', 'connection_type': '2.5d_rdl', 'loc': '2.5d_chiplet'},{'from': 'Chiplet_5', 'to': 'Chiplet_2', 'connection_type': '2.5d_rdl', 'loc': '2.5d_chiplet'},{'from': 'Chiplet_3', 'to': 'Chiplet_4', 'connection_type': '2.5d_rdl', 'loc': '2.5d_chiplet'},{'from': 'Chiplet_3', 'to': 'Chiplet_5', 'connection_type': '2.5d_rdl', 'loc': '2.5d_chiplet'}",3,1,1,1,1,1,ddr4,ucie_std,na,0,0,ws,1,0,0
144,30.62769125889346,3836933.85,83886.89654553859,1196449574.187944,17901.952686182514,34431.03297981241,144,6.033899457366197,12.973514847541198,2048,192x192,10,4.818150952,10.4826,6144,192x192,7,0.957922696,2.51875,1024,96x96,7,6.315940422320179,6.821646341899999,3072,128x128,14,2.927572174079395,3.8395579270749995,1024,96x96,14,0.552198,1.11875,768,64x64,7,2.5d_3d,"{'from': 'Chiplet_2', 'to': 'Chiplet_6', 'connection_type': '3d_hyb_bond', 'loc': 'stack0_base'},{'from': 'Chiplet_6', 'to': 'na', 'connection_type': '3d_hyb_bond', 'loc': 'stack0_top'},{'from': 'Chiplet_4', 'to': 'Chiplet_3', 'connection_type': '2.5d_rdl', 'loc': '2.5d_chiplet'},{'from': 'Chiplet_4', 'to': 'Chiplet_1', 'connection_type': '2.5d_rdl', 'loc': '2.5d_chiplet'},{'from': 'Chiplet_4', 'to': 'Chiplet_5', 'connection_type': '2.5d_rdl', 'loc': '2.5d_chiplet'},{'from': 'Chiplet_5', 'to': 'Chiplet_3', 'connection_type': '2.5d_rdl', 'loc': '2.5d_chiplet'},{'from': 'Chiplet_5', 'to': 'Chiplet_4', 'connection_type': '2.5d_rdl', 'loc': '2.5d_chiplet'},{'from': 'Chiplet_3', 'to': 'Chiplet_2', 'connection_type': '2.5d_rdl', 'loc': '2.5d_chiplet'},{'from': 'Chiplet_3', 'to': 'Chiplet_4', 'connection_type': '2.5d_rdl', 'loc': '2.5d_chiplet'},{'from': 'Chiplet_3', 'to': 'Chiplet_5', 'connection_type': '2.5d_rdl', 'loc': '2.5d_chiplet'},{'from': 'Chiplet_1', 'to': 'Chiplet_2', 'connection_type': '2.5d_rdl', 'loc': '2.5d_chiplet'},{'from': 'Chiplet_1', 'to': 'Chiplet_4', 'connection_type': '2.5d_rdl', 'loc': '2.5d_chiplet'},{'from': 'Chiplet_2', 'to': 'Chiplet_3', 'connection_type': '2.5d_rdl', 'loc': '2.5d_chiplet'},{'from': 'Chiplet_2', 'to': 'Chiplet_1', 'connection_type': '2.5d_rdl', 'loc': '2.5d_chiplet'}",2,1,1,2,1,1,ddr5,ucie_std,ucie_3d,0,0,ws,0,0,0
145,34.46783563242454,2916943.43,70701.25820188403,792186931.3050547,144661.02179887297,95733.34195854029,145,3.432469952,10.4826,2048,192x192,7,2.597993382379395,3.8395579270749995,512,96x96,14,3.2571509657793953,3.8395579270749995,1536,96x96,14,1.4141952089375351,1.7054115854749998,512,64x64,14,6.975099908490179,6.821646341899999,4096,128x128,14,3.5867297574793953,3.8395579270749995,2048,96x96,14,2.5d,"{'from': 'Chiplet_5', 'to': 'Chiplet_3', 'connection_type': '2.5d_rdl', 'loc': '2.5d_chiplet'},{'from': 'Chiplet_5', 'to': 'Chiplet_6', 'connection_type': '2.5d_rdl', 'loc': '2.5d_chiplet'},{'from': 'Chiplet_3', 'to': 'Chiplet_1', 'connection_type': '2.5d_rdl', 'loc': '2.5d_chiplet'},{'from': 'Chiplet_3', 'to': 'Chiplet_6', 'connection_type': '2.5d_rdl', 'loc': '2.5d_chiplet'},{'from': 'Chiplet_3', 'to': 'Chiplet_5', 'connection_type': '2.5d_rdl', 'loc': '2.5d_chiplet'},{'from': 'Chiplet_6', 'to': 'Chiplet_3', 'connection_type': '2.5d_rdl', 'loc': '2.5d_chiplet'},{'from': 'Chiplet_6', 'to': 'Chiplet_1', 'connection_type': '2.5d_rdl', 'loc': '2.5d_chiplet'},{'from': 'Chiplet_6', 'to': 'Chiplet_4', 'connection_type': '2.5d_rdl', 'loc': '2.5d_chiplet'},{'from': 'Chiplet_6', 'to': 'Chiplet_5', 'connection_type': '2.5d_rdl', 'loc': '2.5d_chiplet'},{'from': 'Chiplet_4', 'to': 'Chiplet_2', 'connection_type': '2.5d_rdl', 'loc': '2.5d_chiplet'},{'from': 'Chiplet_4', 'to': 'Chiplet_6', 'connection_type': '2.5d_rdl', 'loc': '2.5d_chiplet'},{'from': 'Chiplet_1', 'to': 'Chiplet_3', 'connection_type': '2.5d_rdl', 'loc': '2.5d_chiplet'},{'from': 'Chiplet_1', 'to': 'Chiplet_6', 'connection_type': '2.5d_rdl', 'loc': '2.5d_chiplet'},{'from': 'Chiplet_1', 'to': 'Chiplet_2', 'connection_type': '2.5d_rdl', 'loc': '2.5d_chiplet'},{'from': 'Chiplet_2', 'to': 'Chiplet_1', 'connection_type': '2.5d_rdl', 'loc': '2.5d_chiplet'},{'from': 'Chiplet_2', 'to': 'Chiplet_4', 'connection_type': '2.5d_rdl', 'loc': '2.5d_chiplet'}",1,1,1,1,3,1,ddr5,ucie_std,na,0,0,is,1,0,0
146,26.909838517878253,3377134.28,183025.96729186067,1683000636.1624496,25067.117647058825,49191.83750322905,146,6.315940422320179,6.821646341899999,3072,128x128,14,6.726740457366197,12.973514847541198,4096,192x192,10,4.818150952,10.4826,6144,192x192,7,1.3653681800824635,3.1172648505374996,512,96x96,10,1.51595254,4.475,1024,128x128,7,1.249405813087535,1.7054115854749998,256,64x64,14,2.5d,"{'from': 'Chiplet_2', 'to': 'Chiplet_1', 'connection_type': '2.5d_emib', 'loc': '2.5d_chiplet'},{'from': 'Chiplet_2', 'to': 'Chiplet_4', 'connection_type': '2.5d_emib', 'loc': '2.5d_chiplet'},{'from': 'Chiplet_2', 'to': 'Chiplet_5', 'connection_type': '2.5d_emib', 'loc': '2.5d_chiplet'},{'from': 'Chiplet_5', 'to': 'Chiplet_2', 'connection_type': '2.5d_emib', 'loc': '2.5d_chiplet'},{'from': 'Chiplet_5', 'to': 'Chiplet_6', 'connection_type': '2.5d_emib', 'loc': '2.5d_chiplet'},{'from': 'Chiplet_5', 'to': 'Chiplet_4', 'connection_type': '2.5d_emib', 'loc': '2.5d_chiplet'},{'from': 'Chiplet_4', 'to': 'Chiplet_3', 'connection_type': '2.5d_emib', 'loc': '2.5d_chiplet'},{'from': 'Chiplet_4', 'to': 'Chiplet_6', 'connection_type': '2.5d_emib', 'loc': '2.5d_chiplet'},{'from': 'Chiplet_4', 'to': 'Chiplet_2', 'connection_type': '2.5d_emib', 'loc': '2.5d_chiplet'},{'from': 'Chiplet_4', 'to': 'Chiplet_5', 'connection_type': '2.5d_emib', 'loc': '2.5d_chiplet'},{'from': 'Chiplet_6', 'to': 'Chiplet_4', 'connection_type': '2.5d_emib', 'loc': '2.5d_chiplet'},{'from': 'Chiplet_6', 'to': 'Chiplet_5', 'connection_type': '2.5d_emib', 'loc': '2.5d_chiplet'},{'from': 'Chiplet_1', 'to': 'Chiplet_2', 'connection_type': '2.5d_emib', 'loc': '2.5d_chiplet'},{'from': 'Chiplet_1', 'to': 'Chiplet_3', 'connection_type': '2.5d_emib', 'loc': '2.5d_chiplet'},{'from': 'Chiplet_3', 'to': 'Chiplet_1', 'connection_type': '2.5d_emib', 'loc': '2.5d_chiplet'},{'from': 'Chiplet_3', 'to': 'Chiplet_4', 'connection_type': '2.5d_emib', 'loc': '2.5d_chiplet'}",2,2,1,1,1,1,ddr4,aib,na,0,0,is,0,0,0
147,34.68065942522533,5037246.16,167416.34582985347,473633892.4767945,68029.98239038905,62966.409383076236,147,1.5385781800824634,3.1172648505374996,1024,96x96,10,0.784712696,2.51875,512,96x96,7,5.656782838920179,6.821646341899999,2048,128x128,14,1.51595254,4.475,1024,128x128,7,3.432469952,10.4826,2048,192x192,7,15.436124909546791,15.979573171754398,8192,192x192,14,2.5d_3d,"{'from': 'Chiplet_5', 'to': 'Chiplet_4', 'connection_type': '3d_u_bump', 'loc': 'stack0_base'},{'from': 'Chiplet_4', 'to': 'na', 'connection_type': '3d_u_bump', 'loc': 'stack0_top'},{'from': 'Chiplet_6', 'to': 'Chiplet_3', 'connection_type': '2.5d_emib', 'loc': '2.5d_chiplet'},{'from': 'Chiplet_6', 'to': 'Chiplet_5', 'connection_type': '2.5d_emib', 'loc': '2.5d_chiplet'},{'from': 'Chiplet_3', 'to': 'Chiplet_1', 'connection_type': '2.5d_emib', 'loc': '2.5d_chiplet'},{'from': 'Chiplet_3', 'to': 'Chiplet_6', 'connection_type': '2.5d_emib', 'loc': '2.5d_chiplet'},{'from': 'Chiplet_3', 'to': 'Chiplet_5', 'connection_type': '2.5d_emib', 'loc': '2.5d_chiplet'},{'from': 'Chiplet_5', 'to': 'Chiplet_2', 'connection_type': '2.5d_emib', 'loc': '2.5d_chiplet'},{'from': 'Chiplet_5', 'to': 'Chiplet_1', 'connection_type': '2.5d_emib', 'loc': '2.5d_chiplet'},{'from': 'Chiplet_5', 'to': 'Chiplet_6', 'connection_type': '2.5d_emib', 'loc': '2.5d_chiplet'},{'from': 'Chiplet_5', 'to': 'Chiplet_3', 'connection_type': '2.5d_emib', 'loc': '2.5d_chiplet'},{'from': 'Chiplet_1', 'to': 'Chiplet_3', 'connection_type': '2.5d_emib', 'loc': '2.5d_chiplet'},{'from': 'Chiplet_1', 'to': 'Chiplet_2', 'connection_type': '2.5d_emib', 'loc': '2.5d_chiplet'},{'from': 'Chiplet_1', 'to': 'Chiplet_5', 'connection_type': '2.5d_emib', 'loc': '2.5d_chiplet'},{'from': 'Chiplet_2', 'to': 'Chiplet_1', 'connection_type': '2.5d_emib', 'loc': '2.5d_chiplet'},{'from': 'Chiplet_2', 'to': 'Chiplet_5', 'connection_type': '2.5d_emib', 'loc': '2.5d_chiplet'}",1,1,3,1,2,8,hbm3,ucie_adv,ucie_3d,0,0,os,1,0,0
148,21.934140994581465,3985783.26,119437.02142626274,545914238.020796,16335.035561877667,21602.094628263065,148,3.665749090547913,5.538366334949999,4096,128x128,10,7.419580457366196,12.973514847541198,6144,192x192,10,6.726740457366197,12.973514847541198,4096,192x192,10,0.957922696,2.51875,1024,96x96,7,1.5385781800824634,3.1172648505374996,1024,96x96,10,0.656621759447044,1.3845915837374998,256,64x64,10,2.5d_3d,"{'from': 'Chiplet_2', 'to': 'Chiplet_1', 'connection_type': '3d_u_bump', 'loc': 'stack0_base'},{'from': 'Chiplet_1', 'to': 'Chiplet_5', 'connection_type': '3d_u_bump', 'loc': 'stack0_middle1'},{'from': 'Chiplet_5', 'to': 'Chiplet_6', 'connection_type': '3d_u_bump', 'loc': 'stack0_middle2'},{'from': 'Chiplet_6', 'to': 'na', 'connection_type': '3d_u_bump', 'loc': 'stack0_top'},{'from': 'Chiplet_2', 'to': 'Chiplet_3', 'connection_type': '2.5d_emib', 'loc': '2.5d_chiplet'},{'from': 'Chiplet_2', 'to': 'Chiplet_4', 'connection_type': '2.5d_emib', 'loc': '2.5d_chiplet'},{'from': 'Chiplet_3', 'to': 'Chiplet_2', 'connection_type': '2.5d_emib', 'loc': '2.5d_chiplet'},{'from': 'Chiplet_3', 'to': 'Chiplet_4', 'connection_type': '2.5d_emib', 'loc': '2.5d_chiplet'},{'from': 'Chiplet_4', 'to': 'Chiplet_2', 'connection_type': '2.5d_emib', 'loc': '2.5d_chiplet'},{'from': 'Chiplet_4', 'to': 'Chiplet_3', 'connection_type': '2.5d_emib', 'loc': '2.5d_chiplet'}",3,5,5,1,1,1,hbm2,ucie_adv,ucie_3d,1,0,ws,0,0,0
149,34.27286896311052,5037877.75,125767.9516386314,918770248.483935,58647.4650635039,81527.16670322818,149,12.799492673176792,15.979573171754398,4096,192x192,14,0.656621759447044,1.3845915837374998,256,64x64,10,7.419580457366196,12.973514847541198,6144,192x192,10,5.656782838920179,6.821646341899999,2048,128x128,14,12.799492673176792,15.979573171754398,4096,192x192,14,6.315940422320179,6.821646341899999,3072,128x128,14,2.5d_3d,"{'from': 'Chiplet_1', 'to': 'Chiplet_5', 'connection_type': '3d_tsv', 'loc': 'stack0_base'},{'from': 'Chiplet_5', 'to': 'Chiplet_4', 'connection_type': '3d_tsv', 'loc': 'stack0_middle1'},{'from': 'Chiplet_4', 'to': 'na', 'connection_type': '3d_tsv', 'loc': 'stack0_top'},{'from': 'Chiplet_1', 'to': 'Chiplet_3', 'connection_type': '2.5d_rdl', 'loc': '2.5d_chiplet'},{'from': 'Chiplet_1', 'to': 'Chiplet_6', 'connection_type': '2.5d_rdl', 'loc': '2.5d_chiplet'},{'from': 'Chiplet_1', 'to': 'Chiplet_2', 'connection_type': '2.5d_rdl', 'loc': '2.5d_chiplet'},{'from': 'Chiplet_2', 'to': 'Chiplet_1', 'connection_type': '2.5d_rdl', 'loc': '2.5d_chiplet'},{'from': 'Chiplet_2', 'to': 'Chiplet_6', 'connection_type': '2.5d_rdl', 'loc': '2.5d_chiplet'},{'from': 'Chiplet_3', 'to': 'Chiplet_1', 'connection_type': '2.5d_rdl', 'loc': '2.5d_chiplet'},{'from': 'Chiplet_3', 'to': 'Chiplet_6', 'connection_type': '2.5d_rdl', 'loc': '2.5d_chiplet'},{'from': 'Chiplet_6', 'to': 'Chiplet_2', 'connection_type': '2.5d_rdl', 'loc': '2.5d_chiplet'},{'from': 'Chiplet_6', 'to': 'Chiplet_1', 'connection_type': '2.5d_rdl', 'loc': '2.5d_chiplet'},{'from': 'Chiplet_6', 'to': 'Chiplet_3', 'connection_type': '2.5d_rdl', 'loc': '2.5d_chiplet'}",2,1,1,1,2,1,ddr5,ucie_std,ucie_3d,1,0,is,1,0,0
150,20.452539586184667,3984369.96,138385.20531744644,479317736.57903725,82309.46138386971,65011.36160680977,150,7.419580457366196,12.973514847541198,6144,192x192,10,1.8849981800824636,3.1172648505374996,2048,96x96,10,0.957922696,2.51875,1024,96x96,7,4.1253109519999995,10.4826,4096,192x192,7,0.957922696,2.51875,1024,96x96,7,3.3193280905479132,5.538366334949999,3072,128x128,10,2.5d_3d,"{'from': 'Chiplet_4', 'to': 'Chiplet_5', 'connection_type': '3d_u_bump', 'loc': 'stack0_base'},{'from': 'Chiplet_5', 'to': 'Chiplet_3', 'connection_type': '3d_u_bump', 'loc': 'stack0_middle1'},{'from': 'Chiplet_3', 'to': 'na', 'connection_type': '3d_u_bump', 'loc': 'stack0_top'},{'from': 'Chiplet_1', 'to': 'Chiplet_2', 'connection_type': '2.5d_emib', 'loc': '2.5d_chiplet'},{'from': 'Chiplet_1', 'to': 'Chiplet_6', 'connection_type': '2.5d_emib', 'loc': '2.5d_chiplet'},{'from': 'Chiplet_1', 'to': 'Chiplet_4', 'connection_type': '2.5d_emib', 'loc': '2.5d_chiplet'},{'from': 'Chiplet_2', 'to': 'Chiplet_1', 'connection_type': '2.5d_emib', 'loc': '2.5d_chiplet'},{'from': 'Chiplet_2', 'to': 'Chiplet_6', 'connection_type': '2.5d_emib', 'loc': '2.5d_chiplet'},{'from': 'Chiplet_4', 'to': 'Chiplet_1', 'connection_type': '2.5d_emib', 'loc': '2.5d_chiplet'},{'from': 'Chiplet_4', 'to': 'Chiplet_6', 'connection_type': '2.5d_emib', 'loc': '2.5d_chiplet'},{'from': 'Chiplet_6', 'to': 'Chiplet_2', 'connection_type': '2.5d_emib', 'loc': '2.5d_chiplet'},{'from': 'Chiplet_6', 'to': 'Chiplet_1', 'connection_type': '2.5d_emib', 'loc': '2.5d_chiplet'},{'from': 'Chiplet_6', 'to': 'Chiplet_4', 'connection_type': '2.5d_emib', 'loc': '2.5d_chiplet'}",6,2,1,3,1,3,hbm2,aib,ucie_3d,0,0,os,1,0,0
151,64.40105627047426,6145824.67,116877.92909394494,501183441.4149891,25628.92156862745,33946.07451182735,151,15.436124909546791,15.979573171754398,8192,192x192,14,0.743226759447044,1.3845915837374998,512,64x64,10,1.578984604787535,1.7054115854749998,768,64x64,14,1.51595254,4.475,1024,128x128,7,6.726740457366197,12.973514847541198,4096,192x192,10,11.481175603606792,15.979573171754398,2048,192x192,14,2.5d,"{'from': 'Chiplet_1', 'to': 'Chiplet_3', 'connection_type': '2.5d_rdl', 'loc': '2.5d_chiplet'},{'from': 'Chiplet_1', 'to': 'Chiplet_4', 'connection_type': '2.5d_rdl', 'loc': '2.5d_chiplet'},{'from': 'Chiplet_1', 'to': 'Chiplet_6', 'connection_type': '2.5d_rdl', 'loc': '2.5d_chiplet'},{'from': 'Chiplet_1', 'to': 'Chiplet_5', 'connection_type': '2.5d_rdl', 'loc': '2.5d_chiplet'},{'from': 'Chiplet_3', 'to': 'Chiplet_1', 'connection_type': '2.5d_rdl', 'loc': '2.5d_chiplet'},{'from': 'Chiplet_3', 'to': 'Chiplet_4', 'connection_type': '2.5d_rdl', 'loc': '2.5d_chiplet'},{'from': 'Chiplet_4', 'to': 'Chiplet_3', 'connection_type': '2.5d_rdl', 'loc': '2.5d_chiplet'},{'from': 'Chiplet_4', 'to': 'Chiplet_1', 'connection_type': '2.5d_rdl', 'loc': '2.5d_chiplet'},{'from': 'Chiplet_6', 'to': 'Chiplet_2', 'connection_type': '2.5d_rdl', 'loc': '2.5d_chiplet'},{'from': 'Chiplet_6', 'to': 'Chiplet_1', 'connection_type': '2.5d_rdl', 'loc': '2.5d_chiplet'},{'from': 'Chiplet_6', 'to': 'Chiplet_5', 'connection_type': '2.5d_rdl', 'loc': '2.5d_chiplet'},{'from': 'Chiplet_5', 'to': 'Chiplet_2', 'connection_type': '2.5d_rdl', 'loc': '2.5d_chiplet'},{'from': 'Chiplet_5', 'to': 'Chiplet_1', 'connection_type': '2.5d_rdl', 'loc': '2.5d_chiplet'},{'from': 'Chiplet_5', 'to': 'Chiplet_6', 'connection_type': '2.5d_rdl', 'loc': '2.5d_chiplet'},{'from': 'Chiplet_2', 'to': 'Chiplet_6', 'connection_type': '2.5d_rdl', 'loc': '2.5d_chiplet'},{'from': 'Chiplet_2', 'to': 'Chiplet_5', 'connection_type': '2.5d_rdl', 'loc': '2.5d_chiplet'}",6,1,1,1,2,5,hbm3,ucie_std,na,0,0,is,0,0,0
152,36.603981050731534,4731310.86,190619.84709189855,505370053.4016303,101454.01047334845,83353.00795584402,152,3.665749090547913,5.538366334949999,4096,128x128,10,0.656621759447044,1.3845915837374998,256,64x64,10,4.818150952,10.4826,6144,192x192,7,8.112421457366196,12.973514847541198,8192,192x192,10,1.304342696,2.51875,2048,96x96,7,5.656782838920179,6.821646341899999,2048,128x128,14,2.5d,"{'from': 'Chiplet_4', 'to': 'Chiplet_3', 'connection_type': '2.5d_emib', 'loc': '2.5d_chiplet'},{'from': 'Chiplet_4', 'to': 'Chiplet_1', 'connection_type': '2.5d_emib', 'loc': '2.5d_chiplet'},{'from': 'Chiplet_4', 'to': 'Chiplet_6', 'connection_type': '2.5d_emib', 'loc': '2.5d_chiplet'},{'from': 'Chiplet_4', 'to': 'Chiplet_2', 'connection_type': '2.5d_emib', 'loc': '2.5d_chiplet'},{'from': 'Chiplet_1', 'to': 'Chiplet_2', 'connection_type': '2.5d_emib', 'loc': '2.5d_chiplet'},{'from': 'Chiplet_1', 'to': 'Chiplet_4', 'connection_type': '2.5d_emib', 'loc': '2.5d_chiplet'},{'from': 'Chiplet_2', 'to': 'Chiplet_1', 'connection_type': '2.5d_emib', 'loc': '2.5d_chiplet'},{'from': 'Chiplet_2', 'to': 'Chiplet_4', 'connection_type': '2.5d_emib', 'loc': '2.5d_chiplet'},{'from': 'Chiplet_6', 'to': 'Chiplet_3', 'connection_type': '2.5d_emib', 'loc': '2.5d_chiplet'},{'from': 'Chiplet_6', 'to': 'Chiplet_4', 'connection_type': '2.5d_emib', 'loc': '2.5d_chiplet'},{'from': 'Chiplet_6', 'to': 'Chiplet_5', 'connection_type': '2.5d_emib', 'loc': '2.5d_chiplet'},{'from': 'Chiplet_3', 'to': 'Chiplet_6', 'connection_type': '2.5d_emib', 'loc': '2.5d_chiplet'},{'from': 'Chiplet_3', 'to': 'Chiplet_4', 'connection_type': '2.5d_emib', 'loc': '2.5d_chiplet'},{'from': 'Chiplet_3', 'to': 'Chiplet_5', 'connection_type': '2.5d_emib', 'loc': '2.5d_chiplet'},{'from': 'Chiplet_5', 'to': 'Chiplet_3', 'connection_type': '2.5d_emib', 'loc': '2.5d_chiplet'},{'from': 'Chiplet_5', 'to': 'Chiplet_6', 'connection_type': '2.5d_emib', 'loc': '2.5d_chiplet'}",2,1,3,5,1,4,hbm3,aib,na,0,0,is,1,0,0
153,17.02500407837328,2583356.4,62818.56853583253,1068898644.6026527,142830.16293267757,92485.7434889848,153,0.638803,1.11875,1024,64x64,7,6.726740457366197,12.973514847541198,4096,192x192,10,1.51595254,4.475,1024,128x128,7,0.46559300000000003,1.11875,512,64x64,7,1.131132696,2.51875,1536,96x96,7,3.665749090547913,5.538366334949999,4096,128x128,10,2.5d_3d,"{'from': 'Chiplet_6', 'to': 'Chiplet_5', 'connection_type': '3d_hyb_bond', 'loc': 'stack0_base'},{'from': 'Chiplet_5', 'to': 'na', 'connection_type': '3d_hyb_bond', 'loc': 'stack0_top'},{'from': 'Chiplet_2', 'to': 'Chiplet_3', 'connection_type': '2.5d_rdl', 'loc': '2.5d_chiplet'},{'from': 'Chiplet_2', 'to': 'Chiplet_6', 'connection_type': '2.5d_rdl', 'loc': '2.5d_chiplet'},{'from': 'Chiplet_6', 'to': 'Chiplet_2', 'connection_type': '2.5d_rdl', 'loc': '2.5d_chiplet'},{'from': 'Chiplet_6', 'to': 'Chiplet_1', 'connection_type': '2.5d_rdl', 'loc': '2.5d_chiplet'},{'from': 'Chiplet_6', 'to': 'Chiplet_3', 'connection_type': '2.5d_rdl', 'loc': '2.5d_chiplet'},{'from': 'Chiplet_3', 'to': 'Chiplet_2', 'connection_type': '2.5d_rdl', 'loc': '2.5d_chiplet'},{'from': 'Chiplet_3', 'to': 'Chiplet_1', 'connection_type': '2.5d_rdl', 'loc': '2.5d_chiplet'},{'from': 'Chiplet_3', 'to': 'Chiplet_4', 'connection_type': '2.5d_rdl', 'loc': '2.5d_chiplet'},{'from': 'Chiplet_3', 'to': 'Chiplet_6', 'connection_type': '2.5d_rdl', 'loc': '2.5d_chiplet'},{'from': 'Chiplet_1', 'to': 'Chiplet_3', 'connection_type': '2.5d_rdl', 'loc': '2.5d_chiplet'},{'from': 'Chiplet_1', 'to': 'Chiplet_4', 'connection_type': '2.5d_rdl', 'loc': '2.5d_chiplet'},{'from': 'Chiplet_1', 'to': 'Chiplet_6', 'connection_type': '2.5d_rdl', 'loc': '2.5d_chiplet'},{'from': 'Chiplet_4', 'to': 'Chiplet_3', 'connection_type': '2.5d_rdl', 'loc': '2.5d_chiplet'},{'from': 'Chiplet_4', 'to': 'Chiplet_1', 'connection_type': '2.5d_rdl', 'loc': '2.5d_chiplet'}",1,3,1,1,1,1,ddr4,ucie_std,ucie_3d,0,0,os,1,0,0
154,28.03097326511457,3537078.4,82535.63204028748,872525201.3825209,140034.0940439376,118544.91675712459,154,6.726740457366197,12.973514847541198,4096,192x192,10,0.829831759447044,1.3845915837374998,768,64x64,10,7.419580457366196,12.973514847541198,6144,192x192,10,3.2571509657793953,3.8395579270749995,1536,96x96,14,3.665749090547913,5.538366334949999,4096,128x128,10,1.3653681800824635,3.1172648505374996,512,96x96,10,2.5d_3d,"{'from': 'Chiplet_1', 'to': 'Chiplet_4', 'connection_type': '3d_tsv', 'loc': 'stack0_base'},{'from': 'Chiplet_4', 'to': 'na', 'connection_type': '3d_tsv', 'loc': 'stack0_top'},{'from': 'Chiplet_3', 'to': 'Chiplet_2', 'connection_type': '2.5d_rdl', 'loc': '2.5d_chiplet'},{'from': 'Chiplet_3', 'to': 'Chiplet_1', 'connection_type': '2.5d_rdl', 'loc': '2.5d_chiplet'},{'from': 'Chiplet_3', 'to': 'Chiplet_6', 'connection_type': '2.5d_rdl', 'loc': '2.5d_chiplet'},{'from': 'Chiplet_6', 'to': 'Chiplet_2', 'connection_type': '2.5d_rdl', 'loc': '2.5d_chiplet'},{'from': 'Chiplet_6', 'to': 'Chiplet_3', 'connection_type': '2.5d_rdl', 'loc': '2.5d_chiplet'},{'from': 'Chiplet_2', 'to': 'Chiplet_3', 'connection_type': '2.5d_rdl', 'loc': '2.5d_chiplet'},{'from': 'Chiplet_2', 'to': 'Chiplet_6', 'connection_type': '2.5d_rdl', 'loc': '2.5d_chiplet'},{'from': 'Chiplet_2', 'to': 'Chiplet_5', 'connection_type': '2.5d_rdl', 'loc': '2.5d_chiplet'},{'from': 'Chiplet_1', 'to': 'Chiplet_3', 'connection_type': '2.5d_rdl', 'loc': '2.5d_chiplet'},{'from': 'Chiplet_1', 'to': 'Chiplet_5', 'connection_type': '2.5d_rdl', 'loc': '2.5d_chiplet'},{'from': 'Chiplet_5', 'to': 'Chiplet_2', 'connection_type': '2.5d_rdl', 'loc': '2.5d_chiplet'},{'from': 'Chiplet_5', 'to': 'Chiplet_1', 'connection_type': '2.5d_rdl', 'loc': '2.5d_chiplet'}",2,1,2,1,1,1,ddr5,ucie_std,ucie_3d,0,0,os,1,0,0
155,29.036999819578348,3776753.61,106632.03205733126,509194437.6484556,24766.16779646096,23380.239390935218,155,14.117807839976791,15.979573171754398,6144,192x192,14,3.665749090547913,5.538366334949999,4096,128x128,10,1.51595254,4.475,1024,128x128,7,0.829831759447044,1.3845915837374998,768,64x64,10,1.249405813087535,1.7054115854749998,256,64x64,14,1.743774000637535,1.7054115854749998,1024,64x64,14,2.5d_3d,"{'from': 'Chiplet_2', 'to': 'Chiplet_6', 'connection_type': '3d_tsv', 'loc': 'stack0_base'},{'from': 'Chiplet_6', 'to': 'Chiplet_5', 'connection_type': '3d_tsv', 'loc': 'stack0_middle1'},{'from': 'Chiplet_5', 'to': 'Chiplet_4', 'connection_type': '3d_tsv', 'loc': 'stack0_middle2'},{'from': 'Chiplet_4', 'to': 'na', 'connection_type': '3d_tsv', 'loc': 'stack0_top'},{'from': 'Chiplet_1', 'to': 'Chiplet_2', 'connection_type': '2.5d_emib', 'loc': '2.5d_chiplet'},{'from': 'Chiplet_1', 'to': 'Chiplet_3', 'connection_type': '2.5d_emib', 'loc': '2.5d_chiplet'},{'from': 'Chiplet_2', 'to': 'Chiplet_3', 'connection_type': '2.5d_emib', 'loc': '2.5d_chiplet'},{'from': 'Chiplet_2', 'to': 'Chiplet_1', 'connection_type': '2.5d_emib', 'loc': '2.5d_chiplet'},{'from': 'Chiplet_3', 'to': 'Chiplet_2', 'connection_type': '2.5d_emib', 'loc': '2.5d_chiplet'},{'from': 'Chiplet_3', 'to': 'Chiplet_1', 'connection_type': '2.5d_emib', 'loc': '2.5d_chiplet'}",10,2,1,1,1,1,hbm3,bow,ucie_3d,1,0,ws,0,0,0
156,33.41977398180626,4159818.93,183520.1817665328,539039665.3915925,11857.605894402961,17456.34474653467,156,0.743226759447044,1.3845915837374998,512,64x64,10,1.3653681800824635,3.1172648505374996,512,96x96,10,15.436124909546791,15.979573171754398,8192,192x192,14,0.957922696,2.51875,1024,96x96,7,4.818150952,10.4826,6144,192x192,7,0.46559300000000003,1.11875,512,64x64,7,2.5d,"{'from': 'Chiplet_3', 'to': 'Chiplet_2', 'connection_type': '2.5d_emib', 'loc': '2.5d_chiplet'},{'from': 'Chiplet_3', 'to': 'Chiplet_6', 'connection_type': '2.5d_emib', 'loc': '2.5d_chiplet'},{'from': 'Chiplet_3', 'to': 'Chiplet_5', 'connection_type': '2.5d_emib', 'loc': '2.5d_chiplet'},{'from': 'Chiplet_5', 'to': 'Chiplet_3', 'connection_type': '2.5d_emib', 'loc': '2.5d_chiplet'},{'from': 'Chiplet_5', 'to': 'Chiplet_4', 'connection_type': '2.5d_emib', 'loc': '2.5d_chiplet'},{'from': 'Chiplet_5', 'to': 'Chiplet_2', 'connection_type': '2.5d_emib', 'loc': '2.5d_chiplet'},{'from': 'Chiplet_2', 'to': 'Chiplet_1', 'connection_type': '2.5d_emib', 'loc': '2.5d_chiplet'},{'from': 'Chiplet_2', 'to': 'Chiplet_4', 'connection_type': '2.5d_emib', 'loc': '2.5d_chiplet'},{'from': 'Chiplet_2', 'to': 'Chiplet_5', 'connection_type': '2.5d_emib', 'loc': '2.5d_chiplet'},{'from': 'Chiplet_2', 'to': 'Chiplet_3', 'connection_type': '2.5d_emib', 'loc': '2.5d_chiplet'},{'from': 'Chiplet_2', 'to': 'Chiplet_6', 'connection_type': '2.5d_emib', 'loc': '2.5d_chiplet'},{'from': 'Chiplet_6', 'to': 'Chiplet_3', 'connection_type': '2.5d_emib', 'loc': '2.5d_chiplet'},{'from': 'Chiplet_6', 'to': 'Chiplet_2', 'connection_type': '2.5d_emib', 'loc': '2.5d_chiplet'},{'from': 'Chiplet_4', 'to': 'Chiplet_2', 'connection_type': '2.5d_emib', 'loc': '2.5d_chiplet'},{'from': 'Chiplet_4', 'to': 'Chiplet_1', 'connection_type': '2.5d_emib', 'loc': '2.5d_chiplet'},{'from': 'Chiplet_4', 'to': 'Chiplet_5', 'connection_type': '2.5d_emib', 'loc': '2.5d_chiplet'},{'from': 'Chiplet_1', 'to': 'Chiplet_2', 'connection_type': '2.5d_emib', 'loc': '2.5d_chiplet'},{'from': 'Chiplet_1', 'to': 'Chiplet_4', 'connection_type': '2.5d_emib', 'loc': '2.5d_chiplet'}",1,1,10,1,2,1,hbm3,aib,na,1,0,os,0,0,0
157,24.54085016916505,2493186.6,52202.97775986901,448471198.6102991,36518.333333333336,25036.5911539874,157,0.916436759447044,1.3845915837374998,1024,64x64,10,1.4141952089375351,1.7054115854749998,512,64x64,14,1.249405813087535,1.7054115854749998,256,64x64,14,6.033899457366197,12.973514847541198,2048,192x192,10,2.972908090547913,5.538366334949999,2048,128x128,10,1.743774000637535,1.7054115854749998,1024,64x64,14,2.5d,"{'from': 'Chiplet_4', 'to': 'Chiplet_3', 'connection_type': '2.5d_rdl', 'loc': '2.5d_chiplet'},{'from': 'Chiplet_4', 'to': 'Chiplet_5', 'connection_type': '2.5d_rdl', 'loc': '2.5d_chiplet'},{'from': 'Chiplet_3', 'to': 'Chiplet_4', 'connection_type': '2.5d_rdl', 'loc': '2.5d_chiplet'},{'from': 'Chiplet_3', 'to': 'Chiplet_6', 'connection_type': '2.5d_rdl', 'loc': '2.5d_chiplet'},{'from': 'Chiplet_3', 'to': 'Chiplet_5', 'connection_type': '2.5d_rdl', 'loc': '2.5d_chiplet'},{'from': 'Chiplet_5', 'to': 'Chiplet_2', 'connection_type': '2.5d_rdl', 'loc': '2.5d_chiplet'},{'from': 'Chiplet_5', 'to': 'Chiplet_1', 'connection_type': '2.5d_rdl', 'loc': '2.5d_chiplet'},{'from': 'Chiplet_5', 'to': 'Chiplet_4', 'connection_type': '2.5d_rdl', 'loc': '2.5d_chiplet'},{'from': 'Chiplet_5', 'to': 'Chiplet_3', 'connection_type': '2.5d_rdl', 'loc': '2.5d_chiplet'},{'from': 'Chiplet_5', 'to': 'Chiplet_6', 'connection_type': '2.5d_rdl', 'loc': '2.5d_chiplet'},{'from': 'Chiplet_1', 'to': 'Chiplet_2', 'connection_type': '2.5d_rdl', 'loc': '2.5d_chiplet'},{'from': 'Chiplet_1', 'to': 'Chiplet_5', 'connection_type': '2.5d_rdl', 'loc': '2.5d_chiplet'},{'from': 'Chiplet_6', 'to': 'Chiplet_3', 'connection_type': '2.5d_rdl', 'loc': '2.5d_chiplet'},{'from': 'Chiplet_6', 'to': 'Chiplet_2', 'connection_type': '2.5d_rdl', 'loc': '2.5d_chiplet'},{'from': 'Chiplet_6', 'to': 'Chiplet_5', 'connection_type': '2.5d_rdl', 'loc': '2.5d_chiplet'},{'from': 'Chiplet_2', 'to': 'Chiplet_1', 'connection_type': '2.5d_rdl', 'loc': '2.5d_chiplet'},{'from': 'Chiplet_2', 'to': 'Chiplet_6', 'connection_type': '2.5d_rdl', 'loc': '2.5d_chiplet'},{'from': 'Chiplet_2', 'to': 'Chiplet_5', 'connection_type': '2.5d_rdl', 'loc': '2.5d_chiplet'}",1,2,1,7,3,2,hbm2,ucie_std,na,1,0,ws,0,0,0
158,10.872067338929895,2696844.88,67580.1737362391,410712278.5130087,14624.380603096984,14640.5858434505,158,0.916436759447044,1.3845915837374998,1024,64x64,10,1.51595254,4.475,1024,128x128,7,2.55521354,4.475,4096,128x128,7,3.5867297574793953,3.8395579270749995,2048,96x96,14,1.4141952089375351,1.7054115854749998,512,64x64,14,3.432469952,10.4826,2048,192x192,7,2.5d_3d,"{'from': 'Chiplet_3', 'to': 'Chiplet_2', 'connection_type': '3d_hyb_bond', 'loc': 'stack0_base'},{'from': 'Chiplet_2', 'to': 'Chiplet_5', 'connection_type': '3d_hyb_bond', 'loc': 'stack0_middle1'},{'from': 'Chiplet_5', 'to': 'Chiplet_1', 'connection_type': '3d_hyb_bond', 'loc': 'stack0_middle2'},{'from': 'Chiplet_1', 'to': 'na', 'connection_type': '3d_hyb_bond', 'loc': 'stack0_top'},{'from': 'Chiplet_4', 'to': 'Chiplet_3', 'connection_type': '2.5d_rdl', 'loc': '2.5d_chiplet'},{'from': 'Chiplet_4', 'to': 'Chiplet_6', 'connection_type': '2.5d_rdl', 'loc': '2.5d_chiplet'},{'from': 'Chiplet_6', 'to': 'Chiplet_3', 'connection_type': '2.5d_rdl', 'loc': '2.5d_chiplet'},{'from': 'Chiplet_6', 'to': 'Chiplet_4', 'connection_type': '2.5d_rdl', 'loc': '2.5d_chiplet'},{'from': 'Chiplet_3', 'to': 'Chiplet_6', 'connection_type': '2.5d_rdl', 'loc': '2.5d_chiplet'},{'from': 'Chiplet_3', 'to': 'Chiplet_4', 'connection_type': '2.5d_rdl', 'loc': '2.5d_chiplet'}",1,2,3,4,2,4,hbm3,ucie_std,ucie_3d,1,0,os,0,0,0
159,35.88271399970388,5042489.64,187419.24127993264,901227808.9856389,50597.10023157568,61530.643105375784,159,3.3193280905479132,5.538366334949999,3072,128x128,10,5.5109919519999995,10.4826,8192,192x192,7,0.656621759447044,1.3845915837374998,256,64x64,10,1.51595254,4.475,1024,128x128,7,15.436124909546791,15.979573171754398,8192,192x192,14,4.1253109519999995,10.4826,4096,192x192,7,2.5d_3d,"{'from': 'Chiplet_1', 'to': 'Chiplet_3', 'connection_type': '3d_tsv', 'loc': 'stack0_base'},{'from': 'Chiplet_3', 'to': 'na', 'connection_type': '3d_tsv', 'loc': 'stack0_top'},{'from': 'Chiplet_5', 'to': 'Chiplet_2', 'connection_type': '2.5d_emib', 'loc': '2.5d_chiplet'},{'from': 'Chiplet_5', 'to': 'Chiplet_6', 'connection_type': '2.5d_emib', 'loc': '2.5d_chiplet'},{'from': 'Chiplet_2', 'to': 'Chiplet_6', 'connection_type': '2.5d_emib', 'loc': '2.5d_chiplet'},{'from': 'Chiplet_2', 'to': 'Chiplet_4', 'connection_type': '2.5d_emib', 'loc': '2.5d_chiplet'},{'from': 'Chiplet_2', 'to': 'Chiplet_1', 'connection_type': '2.5d_emib', 'loc': '2.5d_chiplet'},{'from': 'Chiplet_2', 'to': 'Chiplet_5', 'connection_type': '2.5d_emib', 'loc': '2.5d_chiplet'},{'from': 'Chiplet_4', 'to': 'Chiplet_2', 'connection_type': '2.5d_emib', 'loc': '2.5d_chiplet'},{'from': 'Chiplet_4', 'to': 'Chiplet_1', 'connection_type': '2.5d_emib', 'loc': '2.5d_chiplet'},{'from': 'Chiplet_6', 'to': 'Chiplet_2', 'connection_type': '2.5d_emib', 'loc': '2.5d_chiplet'},{'from': 'Chiplet_6', 'to': 'Chiplet_1', 'connection_type': '2.5d_emib', 'loc': '2.5d_chiplet'},{'from': 'Chiplet_6', 'to': 'Chiplet_5', 'connection_type': '2.5d_emib', 'loc': '2.5d_chiplet'},{'from': 'Chiplet_1', 'to': 'Chiplet_2', 'connection_type': '2.5d_emib', 'loc': '2.5d_chiplet'},{'from': 'Chiplet_1', 'to': 'Chiplet_4', 'connection_type': '2.5d_emib', 'loc': '2.5d_chiplet'},{'from': 'Chiplet_1', 'to': 'Chiplet_6', 'connection_type': '2.5d_emib', 'loc': '2.5d_chiplet'}",1,1,1,1,3,1,ddr5,ucie_adv,ucie_3d,1,0,os,1,0,0
160,29.96110358846471,3711215.08,78708.21700994277,430729940.6202553,141055.2634317381,96965.8080294019,160,0.552198,1.11875,768,64x64,7,6.726740457366197,12.973514847541198,4096,192x192,10,3.665749090547913,5.538366334949999,4096,128x128,10,1.5385781800824634,3.1172648505374996,1024,96x96,10,0.552198,1.11875,768,64x64,7,4.818150952,10.4826,6144,192x192,7,2.5d,"{'from': 'Chiplet_2', 'to': 'Chiplet_3', 'connection_type': '2.5d_rdl', 'loc': '2.5d_chiplet'},{'from': 'Chiplet_2', 'to': 'Chiplet_4', 'connection_type': '2.5d_rdl', 'loc': '2.5d_chiplet'},{'from': 'Chiplet_2', 'to': 'Chiplet_6', 'connection_type': '2.5d_rdl', 'loc': '2.5d_chiplet'},{'from': 'Chiplet_2', 'to': 'Chiplet_1', 'connection_type': '2.5d_rdl', 'loc': '2.5d_chiplet'},{'from': 'Chiplet_4', 'to': 'Chiplet_2', 'connection_type': '2.5d_rdl', 'loc': '2.5d_chiplet'},{'from': 'Chiplet_4', 'to': 'Chiplet_1', 'connection_type': '2.5d_rdl', 'loc': '2.5d_chiplet'},{'from': 'Chiplet_1', 'to': 'Chiplet_2', 'connection_type': '2.5d_rdl', 'loc': '2.5d_chiplet'},{'from': 'Chiplet_1', 'to': 'Chiplet_4', 'connection_type': '2.5d_rdl', 'loc': '2.5d_chiplet'},{'from': 'Chiplet_6', 'to': 'Chiplet_2', 'connection_type': '2.5d_rdl', 'loc': '2.5d_chiplet'},{'from': 'Chiplet_6', 'to': 'Chiplet_3', 'connection_type': '2.5d_rdl', 'loc': '2.5d_chiplet'},{'from': 'Chiplet_6', 'to': 'Chiplet_5', 'connection_type': '2.5d_rdl', 'loc': '2.5d_chiplet'},{'from': 'Chiplet_3', 'to': 'Chiplet_2', 'connection_type': '2.5d_rdl', 'loc': '2.5d_chiplet'},{'from': 'Chiplet_3', 'to': 'Chiplet_6', 'connection_type': '2.5d_rdl', 'loc': '2.5d_chiplet'},{'from': 'Chiplet_3', 'to': 'Chiplet_5', 'connection_type': '2.5d_rdl', 'loc': '2.5d_chiplet'},{'from': 'Chiplet_5', 'to': 'Chiplet_3', 'connection_type': '2.5d_rdl', 'loc': '2.5d_chiplet'},{'from': 'Chiplet_5', 'to': 'Chiplet_6', 'connection_type': '2.5d_rdl', 'loc': '2.5d_chiplet'}",1,6,3,1,1,4,hbm3,ucie_std,na,1,0,os,1,0,0
161,46.24428764824312,5154227.89,180064.70632759307,1079965815.1444104,95641.26565009494,117884.51419186794,161,2.597993382379395,3.8395579270749995,512,96x96,14,11.481175603606792,15.979573171754398,2048,192x192,14,6.726740457366197,12.973514847541198,4096,192x192,10,11.481175603606792,15.979573171754398,2048,192x192,14,2.20879254,4.475,3072,128x128,7,1.131132696,2.51875,1536,96x96,7,2.5d_3d,"{'from': 'Chiplet_5', 'to': 'Chiplet_6', 'connection_type': '3d_tsv', 'loc': 'stack0_base'},{'from': 'Chiplet_6', 'to': 'na', 'connection_type': '3d_tsv', 'loc': 'stack0_top'},{'from': 'Chiplet_2', 'to': 'Chiplet_3', 'connection_type': '2.5d_emib', 'loc': '2.5d_chiplet'},{'from': 'Chiplet_2', 'to': 'Chiplet_4', 'connection_type': '2.5d_emib', 'loc': '2.5d_chiplet'},{'from': 'Chiplet_3', 'to': 'Chiplet_2', 'connection_type': '2.5d_emib', 'loc': '2.5d_chiplet'},{'from': 'Chiplet_3', 'to': 'Chiplet_1', 'connection_type': '2.5d_emib', 'loc': '2.5d_chiplet'},{'from': 'Chiplet_4', 'to': 'Chiplet_2', 'connection_type': '2.5d_emib', 'loc': '2.5d_chiplet'},{'from': 'Chiplet_4', 'to': 'Chiplet_1', 'connection_type': '2.5d_emib', 'loc': '2.5d_chiplet'},{'from': 'Chiplet_4', 'to': 'Chiplet_5', 'connection_type': '2.5d_emib', 'loc': '2.5d_chiplet'},{'from': 'Chiplet_1', 'to': 'Chiplet_3', 'connection_type': '2.5d_emib', 'loc': '2.5d_chiplet'},{'from': 'Chiplet_1', 'to': 'Chiplet_4', 'connection_type': '2.5d_emib', 'loc': '2.5d_chiplet'},{'from': 'Chiplet_1', 'to': 'Chiplet_5', 'connection_type': '2.5d_emib', 'loc': '2.5d_chiplet'},{'from': 'Chiplet_5', 'to': 'Chiplet_1', 'connection_type': '2.5d_emib', 'loc': '2.5d_chiplet'},{'from': 'Chiplet_5', 'to': 'Chiplet_4', 'connection_type': '2.5d_emib', 'loc': '2.5d_chiplet'}",1,2,1,2,1,1,ddr4,ucie_adv,ucie_3d,0,0,is,1,0,0
162,12.878475603567436,2064580.64,46900.4755459067,351539201.7553223,227013.97728688957,98221.49727224316,162,1.4141952089375351,1.7054115854749998,512,64x64,14,1.578984604787535,1.7054115854749998,768,64x64,14,1.4141952089375351,1.7054115854749998,512,64x64,14,6.033899457366197,12.973514847541198,2048,192x192,10,0.829831759447044,1.3845915837374998,768,64x64,10,1.131132696,2.51875,1536,96x96,7,2.5d_3d,"{'from': 'Chiplet_1', 'to': 'Chiplet_5', 'connection_type': '3d_tsv', 'loc': 'stack0_base'},{'from': 'Chiplet_5', 'to': 'na', 'connection_type': '3d_tsv', 'loc': 'stack0_top'},{'from': 'Chiplet_4', 'to': 'Chiplet_2', 'connection_type': '2.5d_rdl', 'loc': '2.5d_chiplet'},{'from': 'Chiplet_4', 'to': 'Chiplet_1', 'connection_type': '2.5d_rdl', 'loc': '2.5d_chiplet'},{'from': 'Chiplet_2', 'to': 'Chiplet_6', 'connection_type': '2.5d_rdl', 'loc': '2.5d_chiplet'},{'from': 'Chiplet_2', 'to': 'Chiplet_4', 'connection_type': '2.5d_rdl', 'loc': '2.5d_chiplet'},{'from': 'Chiplet_2', 'to': 'Chiplet_1', 'connection_type': '2.5d_rdl', 'loc': '2.5d_chiplet'},{'from': 'Chiplet_6', 'to': 'Chiplet_2', 'connection_type': '2.5d_rdl', 'loc': '2.5d_chiplet'},{'from': 'Chiplet_6', 'to': 'Chiplet_3', 'connection_type': '2.5d_rdl', 'loc': '2.5d_chiplet'},{'from': 'Chiplet_1', 'to': 'Chiplet_3', 'connection_type': '2.5d_rdl', 'loc': '2.5d_chiplet'},{'from': 'Chiplet_1', 'to': 'Chiplet_4', 'connection_type': '2.5d_rdl', 'loc': '2.5d_chiplet'},{'from': 'Chiplet_1', 'to': 'Chiplet_2', 'connection_type': '2.5d_rdl', 'loc': '2.5d_chiplet'},{'from': 'Chiplet_3', 'to': 'Chiplet_1', 'connection_type': '2.5d_rdl', 'loc': '2.5d_chiplet'},{'from': 'Chiplet_3', 'to': 'Chiplet_6', 'connection_type': '2.5d_rdl', 'loc': '2.5d_chiplet'}",2,2,2,8,1,1,hbm2,ucie_std,ucie_3d,1,0,ws,1,0,0
163,34.33465307129485,3451665.44,84440.62888980434,1657730820.1062791,20200.686274509804,43273.223151918195,163,8.112421457366196,12.973514847541198,8192,192x192,10,3.665749090547913,5.538366334949999,4096,128x128,10,2.55521354,4.475,4096,128x128,7,2.20879254,4.475,3072,128x128,7,2.927572174079395,3.8395579270749995,1024,96x96,14,1.3653681800824635,3.1172648505374996,512,96x96,10,2.5d,"{'from': 'Chiplet_1', 'to': 'Chiplet_2', 'connection_type': '2.5d_rdl', 'loc': '2.5d_chiplet'},{'from': 'Chiplet_1', 'to': 'Chiplet_4', 'connection_type': '2.5d_rdl', 'loc': '2.5d_chiplet'},{'from': 'Chiplet_4', 'to': 'Chiplet_2', 'connection_type': '2.5d_rdl', 'loc': '2.5d_chiplet'},{'from': 'Chiplet_4', 'to': 'Chiplet_1', 'connection_type': '2.5d_rdl', 'loc': '2.5d_chiplet'},{'from': 'Chiplet_4', 'to': 'Chiplet_5', 'connection_type': '2.5d_rdl', 'loc': '2.5d_chiplet'},{'from': 'Chiplet_2', 'to': 'Chiplet_1', 'connection_type': '2.5d_rdl', 'loc': '2.5d_chiplet'},{'from': 'Chiplet_2', 'to': 'Chiplet_4', 'connection_type': '2.5d_rdl', 'loc': '2.5d_chiplet'},{'from': 'Chiplet_2', 'to': 'Chiplet_5', 'connection_type': '2.5d_rdl', 'loc': '2.5d_chiplet'},{'from': 'Chiplet_2', 'to': 'Chiplet_3', 'connection_type': '2.5d_rdl', 'loc': '2.5d_chiplet'},{'from': 'Chiplet_2', 'to': 'Chiplet_6', 'connection_type': '2.5d_rdl', 'loc': '2.5d_chiplet'},{'from': 'Chiplet_6', 'to': 'Chiplet_2', 'connection_type': '2.5d_rdl', 'loc': '2.5d_chiplet'},{'from': 'Chiplet_6', 'to': 'Chiplet_3', 'connection_type': '2.5d_rdl', 'loc': '2.5d_chiplet'},{'from': 'Chiplet_5', 'to': 'Chiplet_3', 'connection_type': '2.5d_rdl', 'loc': '2.5d_chiplet'},{'from': 'Chiplet_5', 'to': 'Chiplet_4', 'connection_type': '2.5d_rdl', 'loc': '2.5d_chiplet'},{'from': 'Chiplet_5', 'to': 'Chiplet_2', 'connection_type': '2.5d_rdl', 'loc': '2.5d_chiplet'},{'from': 'Chiplet_3', 'to': 'Chiplet_2', 'connection_type': '2.5d_rdl', 'loc': '2.5d_chiplet'},{'from': 'Chiplet_3', 'to': 'Chiplet_6', 'connection_type': '2.5d_rdl', 'loc': '2.5d_chiplet'},{'from': 'Chiplet_3', 'to': 'Chiplet_5', 'connection_type': '2.5d_rdl', 'loc': '2.5d_chiplet'}",3,1,1,1,1,1,ddr4,ucie_std,na,1,0,os,0,0,0
164,44.04423883784677,3902800.05,95887.4257488125,1218515803.071823,14635.741646291768,34092.46769663374,164,12.799492673176792,15.979573171754398,4096,192x192,14,11.481175603606792,15.979573171754398,2048,192x192,14,0.378988,1.11875,256,64x64,7,0.743226759447044,1.3845915837374998,512,64x64,10,1.86237254,4.475,2048,128x128,7,1.86237254,4.475,2048,128x128,7,2.5d,"{'from': 'Chiplet_1', 'to': 'Chiplet_2', 'connection_type': '2.5d_rdl', 'loc': '2.5d_chiplet'},{'from': 'Chiplet_1', 'to': 'Chiplet_6', 'connection_type': '2.5d_rdl', 'loc': '2.5d_chiplet'},{'from': 'Chiplet_1', 'to': 'Chiplet_5', 'connection_type': '2.5d_rdl', 'loc': '2.5d_chiplet'},{'from': 'Chiplet_6', 'to': 'Chiplet_1', 'connection_type': '2.5d_rdl', 'loc': '2.5d_chiplet'},{'from': 'Chiplet_6', 'to': 'Chiplet_5', 'connection_type': '2.5d_rdl', 'loc': '2.5d_chiplet'},{'from': 'Chiplet_2', 'to': 'Chiplet_1', 'connection_type': '2.5d_rdl', 'loc': '2.5d_chiplet'},{'from': 'Chiplet_2', 'to': 'Chiplet_4', 'connection_type': '2.5d_rdl', 'loc': '2.5d_chiplet'},{'from': 'Chiplet_2', 'to': 'Chiplet_5', 'connection_type': '2.5d_rdl', 'loc': '2.5d_chiplet'},{'from': 'Chiplet_5', 'to': 'Chiplet_2', 'connection_type': '2.5d_rdl', 'loc': '2.5d_chiplet'},{'from': 'Chiplet_5', 'to': 'Chiplet_1', 'connection_type': '2.5d_rdl', 'loc': '2.5d_chiplet'},{'from': 'Chiplet_5', 'to': 'Chiplet_4', 'connection_type': '2.5d_rdl', 'loc': '2.5d_chiplet'},{'from': 'Chiplet_5', 'to': 'Chiplet_3', 'connection_type': '2.5d_rdl', 'loc': '2.5d_chiplet'},{'from': 'Chiplet_5', 'to': 'Chiplet_6', 'connection_type': '2.5d_rdl', 'loc': '2.5d_chiplet'},{'from': 'Chiplet_4', 'to': 'Chiplet_2', 'connection_type': '2.5d_rdl', 'loc': '2.5d_chiplet'},{'from': 'Chiplet_4', 'to': 'Chiplet_3', 'connection_type': '2.5d_rdl', 'loc': '2.5d_chiplet'},{'from': 'Chiplet_4', 'to': 'Chiplet_5', 'connection_type': '2.5d_rdl', 'loc': '2.5d_chiplet'},{'from': 'Chiplet_3', 'to': 'Chiplet_4', 'connection_type': '2.5d_rdl', 'loc': '2.5d_chiplet'},{'from': 'Chiplet_3', 'to': 'Chiplet_5', 'connection_type': '2.5d_rdl', 'loc': '2.5d_chiplet'}",2,2,1,1,1,1,ddr5,ucie_std,na,1,0,os,0,0,0
165,52.07632145902628,5430798.37,193482.47472976468,560163240.8854921,78951.00778254002,71994.90616723041,165,6.315940422320179,6.821646341899999,3072,128x128,14,1.131132696,2.51875,1536,96x96,7,1.578984604787535,1.7054115854749998,768,64x64,14,1.304342696,2.51875,2048,96x96,7,12.799492673176792,15.979573171754398,4096,192x192,14,8.112421457366196,12.973514847541198,8192,192x192,10,2.5d,"{'from': 'Chiplet_5', 'to': 'Chiplet_3', 'connection_type': '2.5d_emib', 'loc': '2.5d_chiplet'},{'from': 'Chiplet_5', 'to': 'Chiplet_1', 'connection_type': '2.5d_emib', 'loc': '2.5d_chiplet'},{'from': 'Chiplet_5', 'to': 'Chiplet_6', 'connection_type': '2.5d_emib', 'loc': '2.5d_chiplet'},{'from': 'Chiplet_5', 'to': 'Chiplet_4', 'connection_type': '2.5d_emib', 'loc': '2.5d_chiplet'},{'from': 'Chiplet_3', 'to': 'Chiplet_4', 'connection_type': '2.5d_emib', 'loc': '2.5d_chiplet'},{'from': 'Chiplet_3', 'to': 'Chiplet_5', 'connection_type': '2.5d_emib', 'loc': '2.5d_chiplet'},{'from': 'Chiplet_4', 'to': 'Chiplet_3', 'connection_type': '2.5d_emib', 'loc': '2.5d_chiplet'},{'from': 'Chiplet_4', 'to': 'Chiplet_5', 'connection_type': '2.5d_emib', 'loc': '2.5d_chiplet'},{'from': 'Chiplet_6', 'to': 'Chiplet_2', 'connection_type': '2.5d_emib', 'loc': '2.5d_chiplet'},{'from': 'Chiplet_6', 'to': 'Chiplet_1', 'connection_type': '2.5d_emib', 'loc': '2.5d_chiplet'},{'from': 'Chiplet_6', 'to': 'Chiplet_5', 'connection_type': '2.5d_emib', 'loc': '2.5d_chiplet'},{'from': 'Chiplet_1', 'to': 'Chiplet_2', 'connection_type': '2.5d_emib', 'loc': '2.5d_chiplet'},{'from': 'Chiplet_1', 'to': 'Chiplet_6', 'connection_type': '2.5d_emib', 'loc': '2.5d_chiplet'},{'from': 'Chiplet_1', 'to': 'Chiplet_5', 'connection_type': '2.5d_emib', 'loc': '2.5d_chiplet'},{'from': 'Chiplet_2', 'to': 'Chiplet_1', 'connection_type': '2.5d_emib', 'loc': '2.5d_chiplet'},{'from': 'Chiplet_2', 'to': 'Chiplet_6', 'connection_type': '2.5d_emib', 'loc': '2.5d_chiplet'}",3,1,1,1,6,4,hbm2,ucie_adv,na,0,0,ws,1,0,0
166,30.891110848965656,3228168.65,68844.27189288437,513273576.0499861,28929.999999999996,26123.818555777383,166,1.249405813087535,1.7054115854749998,256,64x64,14,5.656782838920179,6.821646341899999,2048,128x128,14,2.597993382379395,3.8395579270749995,512,96x96,14,3.432469952,10.4826,2048,192x192,7,1.4141952089375351,1.7054115854749998,512,64x64,14,6.315940422320179,6.821646341899999,3072,128x128,14,2.5d,"{'from': 'Chiplet_6', 'to': 'Chiplet_2', 'connection_type': '2.5d_rdl', 'loc': '2.5d_chiplet'},{'from': 'Chiplet_6', 'to': 'Chiplet_3', 'connection_type': '2.5d_rdl', 'loc': '2.5d_chiplet'},{'from': 'Chiplet_6', 'to': 'Chiplet_5', 'connection_type': '2.5d_rdl', 'loc': '2.5d_chiplet'},{'from': 'Chiplet_3', 'to': 'Chiplet_6', 'connection_type': '2.5d_rdl', 'loc': '2.5d_chiplet'},{'from': 'Chiplet_3', 'to': 'Chiplet_5', 'connection_type': '2.5d_rdl', 'loc': '2.5d_chiplet'},{'from': 'Chiplet_5', 'to': 'Chiplet_3', 'connection_type': '2.5d_rdl', 'loc': '2.5d_chiplet'},{'from': 'Chiplet_5', 'to': 'Chiplet_6', 'connection_type': '2.5d_rdl', 'loc': '2.5d_chiplet'},{'from': 'Chiplet_2', 'to': 'Chiplet_4', 'connection_type': '2.5d_rdl', 'loc': '2.5d_chiplet'},{'from': 'Chiplet_2', 'to': 'Chiplet_6', 'connection_type': '2.5d_rdl', 'loc': '2.5d_chiplet'},{'from': 'Chiplet_2', 'to': 'Chiplet_1', 'connection_type': '2.5d_rdl', 'loc': '2.5d_chiplet'},{'from': 'Chiplet_4', 'to': 'Chiplet_2', 'connection_type': '2.5d_rdl', 'loc': '2.5d_chiplet'},{'from': 'Chiplet_4', 'to': 'Chiplet_1', 'connection_type': '2.5d_rdl', 'loc': '2.5d_chiplet'},{'from': 'Chiplet_1', 'to': 'Chiplet_2', 'connection_type': '2.5d_rdl', 'loc': '2.5d_chiplet'},{'from': 'Chiplet_1', 'to': 'Chiplet_4', 'connection_type': '2.5d_rdl', 'loc': '2.5d_chiplet'}",1,4,2,3,1,5,hbm2,ucie_std,na,0,0,ws,0,0,0
167,14.61683094825189,2313322.65,157315.28239535747,382760403.5087179,440681.9001305761,180893.20374193473,167,0.743226759447044,1.3845915837374998,512,64x64,10,1.86237254,4.475,2048,128x128,7,2.20879254,4.475,3072,128x128,7,2.20879254,4.475,3072,128x128,7,0.552198,1.11875,768,64x64,7,2.6264880905479133,5.538366334949999,1024,128x128,10,2.5d,"{'from': 'Chiplet_6', 'to': 'Chiplet_3', 'connection_type': '2.5d_emib', 'loc': '2.5d_chiplet'},{'from': 'Chiplet_6', 'to': 'Chiplet_2', 'connection_type': '2.5d_emib', 'loc': '2.5d_chiplet'},{'from': 'Chiplet_6', 'to': 'Chiplet_5', 'connection_type': '2.5d_emib', 'loc': '2.5d_chiplet'},{'from': 'Chiplet_2', 'to': 'Chiplet_6', 'connection_type': '2.5d_emib', 'loc': '2.5d_chiplet'},{'from': 'Chiplet_2', 'to': 'Chiplet_5', 'connection_type': '2.5d_emib', 'loc': '2.5d_chiplet'},{'from': 'Chiplet_5', 'to': 'Chiplet_2', 'connection_type': '2.5d_emib', 'loc': '2.5d_chiplet'},{'from': 'Chiplet_5', 'to': 'Chiplet_6', 'connection_type': '2.5d_emib', 'loc': '2.5d_chiplet'},{'from': 'Chiplet_5', 'to': 'Chiplet_4', 'connection_type': '2.5d_emib', 'loc': '2.5d_chiplet'},{'from': 'Chiplet_3', 'to': 'Chiplet_1', 'connection_type': '2.5d_emib', 'loc': '2.5d_chiplet'},{'from': 'Chiplet_3', 'to': 'Chiplet_6', 'connection_type': '2.5d_emib', 'loc': '2.5d_chiplet'},{'from': 'Chiplet_3', 'to': 'Chiplet_4', 'connection_type': '2.5d_emib', 'loc': '2.5d_chiplet'},{'from': 'Chiplet_1', 'to': 'Chiplet_3', 'connection_type': '2.5d_emib', 'loc': '2.5d_chiplet'},{'from': 'Chiplet_1', 'to': 'Chiplet_4', 'connection_type': '2.5d_emib', 'loc': '2.5d_chiplet'},{'from': 'Chiplet_4', 'to': 'Chiplet_3', 'connection_type': '2.5d_emib', 'loc': '2.5d_chiplet'},{'from': 'Chiplet_4', 'to': 'Chiplet_1', 'connection_type': '2.5d_emib', 'loc': '2.5d_chiplet'},{'from': 'Chiplet_4', 'to': 'Chiplet_5', 'connection_type': '2.5d_emib', 'loc': '2.5d_chiplet'}",1,3,4,3,1,4,hbm3,aib,na,1,0,is,1,0,0
168,36.37162593685587,5783889.48,119586.00513136177,509894775.77885365,108614.06817977234,113408.86559697734,168,2.55521354,4.475,4096,128x128,7,15.436124909546791,15.979573171754398,8192,192x192,14,6.726740457366197,12.973514847541198,4096,192x192,10,0.916436759447044,1.3845915837374998,1024,64x64,10,6.315940422320179,6.821646341899999,3072,128x128,14,3.432469952,10.4826,2048,192x192,7,2.5d_3d,"{'from': 'Chiplet_5', 'to': 'Chiplet_6', 'connection_type': '3d_tsv', 'loc': 'stack0_base'},{'from': 'Chiplet_6', 'to': 'Chiplet_4', 'connection_type': '3d_tsv', 'loc': 'stack0_middle1'},{'from': 'Chiplet_4', 'to': 'na', 'connection_type': '3d_tsv', 'loc': 'stack0_top'},{'from': 'Chiplet_2', 'to': 'Chiplet_3', 'connection_type': '2.5d_rdl', 'loc': '2.5d_chiplet'},{'from': 'Chiplet_2', 'to': 'Chiplet_5', 'connection_type': '2.5d_rdl', 'loc': '2.5d_chiplet'},{'from': 'Chiplet_3', 'to': 'Chiplet_2', 'connection_type': '2.5d_rdl', 'loc': '2.5d_chiplet'},{'from': 'Chiplet_3', 'to': 'Chiplet_1', 'connection_type': '2.5d_rdl', 'loc': '2.5d_chiplet'},{'from': 'Chiplet_3', 'to': 'Chiplet_5', 'connection_type': '2.5d_rdl', 'loc': '2.5d_chiplet'},{'from': 'Chiplet_5', 'to': 'Chiplet_2', 'connection_type': '2.5d_rdl', 'loc': '2.5d_chiplet'},{'from': 'Chiplet_5', 'to': 'Chiplet_1', 'connection_type': '2.5d_rdl', 'loc': '2.5d_chiplet'},{'from': 'Chiplet_5', 'to': 'Chiplet_3', 'connection_type': '2.5d_rdl', 'loc': '2.5d_chiplet'},{'from': 'Chiplet_1', 'to': 'Chiplet_3', 'connection_type': '2.5d_rdl', 'loc': '2.5d_chiplet'},{'from': 'Chiplet_1', 'to': 'Chiplet_5', 'connection_type': '2.5d_rdl', 'loc': '2.5d_chiplet'}",1,7,3,1,3,1,hbm2,ucie_std,ucie_3d,0,0,ws,1,0,0
169,45.194269706946024,3649220.95,85408.0863881041,1164276228.849599,20725.00814995925,36322.07801890494,169,0.638803,1.11875,1024,64x64,7,6.315940422320179,6.821646341899999,3072,128x128,14,11.481175603606792,15.979573171754398,2048,192x192,14,0.378988,1.11875,256,64x64,7,0.638803,1.11875,1024,64x64,7,6.033899457366197,12.973514847541198,2048,192x192,10,2.5d,"{'from': 'Chiplet_3', 'to': 'Chiplet_2', 'connection_type': '2.5d_rdl', 'loc': '2.5d_chiplet'},{'from': 'Chiplet_3', 'to': 'Chiplet_1', 'connection_type': '2.5d_rdl', 'loc': '2.5d_chiplet'},{'from': 'Chiplet_3', 'to': 'Chiplet_6', 'connection_type': '2.5d_rdl', 'loc': '2.5d_chiplet'},{'from': 'Chiplet_3', 'to': 'Chiplet_5', 'connection_type': '2.5d_rdl', 'loc': '2.5d_chiplet'},{'from': 'Chiplet_1', 'to': 'Chiplet_3', 'connection_type': '2.5d_rdl', 'loc': '2.5d_chiplet'},{'from': 'Chiplet_1', 'to': 'Chiplet_5', 'connection_type': '2.5d_rdl', 'loc': '2.5d_chiplet'},{'from': 'Chiplet_5', 'to': 'Chiplet_3', 'connection_type': '2.5d_rdl', 'loc': '2.5d_chiplet'},{'from': 'Chiplet_5', 'to': 'Chiplet_1', 'connection_type': '2.5d_rdl', 'loc': '2.5d_chiplet'},{'from': 'Chiplet_2', 'to': 'Chiplet_3', 'connection_type': '2.5d_rdl', 'loc': '2.5d_chiplet'},{'from': 'Chiplet_2', 'to': 'Chiplet_4', 'connection_type': '2.5d_rdl', 'loc': '2.5d_chiplet'},{'from': 'Chiplet_2', 'to': 'Chiplet_6', 'connection_type': '2.5d_rdl', 'loc': '2.5d_chiplet'},{'from': 'Chiplet_6', 'to': 'Chiplet_3', 'connection_type': '2.5d_rdl', 'loc': '2.5d_chiplet'},{'from': 'Chiplet_6', 'to': 'Chiplet_4', 'connection_type': '2.5d_rdl', 'loc': '2.5d_chiplet'},{'from': 'Chiplet_6', 'to': 'Chiplet_2', 'connection_type': '2.5d_rdl', 'loc': '2.5d_chiplet'},{'from': 'Chiplet_4', 'to': 'Chiplet_2', 'connection_type': '2.5d_rdl', 'loc': '2.5d_chiplet'},{'from': 'Chiplet_4', 'to': 'Chiplet_6', 'connection_type': '2.5d_rdl', 'loc': '2.5d_chiplet'}",1,1,3,1,1,1,ddr5,ucie_std,na,0,0,ws,0,0,0
170,20.826783775768327,2732603.84,59482.866479565106,398442172.53340614,281637.7507367262,146862.27382426956,170,0.957922696,2.51875,1024,96x96,7,0.784712696,2.51875,512,96x96,7,1.7117881800824635,3.1172648505374996,1536,96x96,10,1.4141952089375351,1.7054115854749998,512,64x64,14,0.552198,1.11875,768,64x64,7,11.481175603606792,15.979573171754398,2048,192x192,14,2.5d_3d,"{'from': 'Chiplet_1', 'to': 'Chiplet_2', 'connection_type': '3d_tsv', 'loc': 'stack0_base'},{'from': 'Chiplet_2', 'to': 'Chiplet_5', 'connection_type': '3d_tsv', 'loc': 'stack0_middle1'},{'from': 'Chiplet_5', 'to': 'na', 'connection_type': '3d_tsv', 'loc': 'stack0_top'},{'from': 'Chiplet_6', 'to': 'Chiplet_3', 'connection_type': '2.5d_rdl', 'loc': '2.5d_chiplet'},{'from': 'Chiplet_6', 'to': 'Chiplet_4', 'connection_type': '2.5d_rdl', 'loc': '2.5d_chiplet'},{'from': 'Chiplet_3', 'to': 'Chiplet_4', 'connection_type': '2.5d_rdl', 'loc': '2.5d_chiplet'},{'from': 'Chiplet_3', 'to': 'Chiplet_6', 'connection_type': '2.5d_rdl', 'loc': '2.5d_chiplet'},{'from': 'Chiplet_3', 'to': 'Chiplet_1', 'connection_type': '2.5d_rdl', 'loc': '2.5d_chiplet'},{'from': 'Chiplet_4', 'to': 'Chiplet_3', 'connection_type': '2.5d_rdl', 'loc': '2.5d_chiplet'},{'from': 'Chiplet_4', 'to': 'Chiplet_1', 'connection_type': '2.5d_rdl', 'loc': '2.5d_chiplet'},{'from': 'Chiplet_4', 'to': 'Chiplet_6', 'connection_type': '2.5d_rdl', 'loc': '2.5d_chiplet'},{'from': 'Chiplet_1', 'to': 'Chiplet_3', 'connection_type': '2.5d_rdl', 'loc': '2.5d_chiplet'},{'from': 'Chiplet_1', 'to': 'Chiplet_4', 'connection_type': '2.5d_rdl', 'loc': '2.5d_chiplet'}",1,1,1,1,1,11,hbm2,ucie_std,ucie_3d,0,0,ws,1,0,0
171,27.11010048756689,4235130.32,139835.9695875227,492276306.74888134,18555.0,22908.979272101293,171,11.481175603606792,15.979573171754398,2048,192x192,14,4.1253109519999995,10.4826,4096,192x192,7,1.5385781800824634,3.1172648505374996,1024,96x96,10,1.578984604787535,1.7054115854749998,768,64x64,14,4.9976252555201786,6.821646341899999,1024,128x128,14,0.957922696,2.51875,1024,96x96,7,2.5d_3d,"{'from': 'Chiplet_1', 'to': 'Chiplet_3', 'connection_type': '3d_u_bump', 'loc': 'stack0_base'},{'from': 'Chiplet_3', 'to': 'Chiplet_6', 'connection_type': '3d_u_bump', 'loc': 'stack0_middle1'},{'from': 'Chiplet_6', 'to': 'na', 'connection_type': '3d_u_bump', 'loc': 'stack0_top'},{'from': 'Chiplet_1', 'to': 'Chiplet_2', 'connection_type': '2.5d_emib', 'loc': '2.5d_chiplet'},{'from': 'Chiplet_1', 'to': 'Chiplet_5', 'connection_type': '2.5d_emib', 'loc': '2.5d_chiplet'},{'from': 'Chiplet_5', 'to': 'Chiplet_2', 'connection_type': '2.5d_emib', 'loc': '2.5d_chiplet'},{'from': 'Chiplet_5', 'to': 'Chiplet_1', 'connection_type': '2.5d_emib', 'loc': '2.5d_chiplet'},{'from': 'Chiplet_5', 'to': 'Chiplet_4', 'connection_type': '2.5d_emib', 'loc': '2.5d_chiplet'},{'from': 'Chiplet_2', 'to': 'Chiplet_1', 'connection_type': '2.5d_emib', 'loc': '2.5d_chiplet'},{'from': 'Chiplet_2', 'to': 'Chiplet_4', 'connection_type': '2.5d_emib', 'loc': '2.5d_chiplet'},{'from': 'Chiplet_2', 'to': 'Chiplet_5', 'connection_type': '2.5d_emib', 'loc': '2.5d_chiplet'},{'from': 'Chiplet_4', 'to': 'Chiplet_2', 'connection_type': '2.5d_emib', 'loc': '2.5d_chiplet'},{'from': 'Chiplet_4', 'to': 'Chiplet_5', 'connection_type': '2.5d_emib', 'loc': '2.5d_chiplet'}",7,3,1,1,3,1,hbm2,bow,ucie_3d,1,0,ws,0,0,0
172,25.324605650206674,2774890.19,168992.17197507716,1204514418.0267754,32966.11292073833,38622.67254334662,172,1.7117881800824635,3.1172648505374996,1536,96x96,10,6.315940422320179,6.821646341899999,3072,128x128,14,0.378988,1.11875,256,64x64,7,5.5109919519999995,10.4826,8192,192x192,7,1.5385781800824634,3.1172648505374996,1024,96x96,10,0.784712696,2.51875,512,96x96,7,2.5d,"{'from': 'Chiplet_2', 'to': 'Chiplet_3', 'connection_type': '2.5d_emib', 'loc': '2.5d_chiplet'},{'from': 'Chiplet_2', 'to': 'Chiplet_1', 'connection_type': '2.5d_emib', 'loc': '2.5d_chiplet'},{'from': 'Chiplet_2', 'to': 'Chiplet_4', 'connection_type': '2.5d_emib', 'loc': '2.5d_chiplet'},{'from': 'Chiplet_2', 'to': 'Chiplet_5', 'connection_type': '2.5d_emib', 'loc': '2.5d_chiplet'},{'from': 'Chiplet_5', 'to': 'Chiplet_3', 'connection_type': '2.5d_emib', 'loc': '2.5d_chiplet'},{'from': 'Chiplet_5', 'to': 'Chiplet_2', 'connection_type': '2.5d_emib', 'loc': '2.5d_chiplet'},{'from': 'Chiplet_3', 'to': 'Chiplet_2', 'connection_type': '2.5d_emib', 'loc': '2.5d_chiplet'},{'from': 'Chiplet_3', 'to': 'Chiplet_5', 'connection_type': '2.5d_emib', 'loc': '2.5d_chiplet'},{'from': 'Chiplet_4', 'to': 'Chiplet_2', 'connection_type': '2.5d_emib', 'loc': '2.5d_chiplet'},{'from': 'Chiplet_4', 'to': 'Chiplet_1', 'connection_type': '2.5d_emib', 'loc': '2.5d_chiplet'},{'from': 'Chiplet_4', 'to': 'Chiplet_6', 'connection_type': '2.5d_emib', 'loc': '2.5d_chiplet'},{'from': 'Chiplet_1', 'to': 'Chiplet_2', 'connection_type': '2.5d_emib', 'loc': '2.5d_chiplet'},{'from': 'Chiplet_1', 'to': 'Chiplet_4', 'connection_type': '2.5d_emib', 'loc': '2.5d_chiplet'},{'from': 'Chiplet_1', 'to': 'Chiplet_6', 'connection_type': '2.5d_emib', 'loc': '2.5d_chiplet'},{'from': 'Chiplet_6', 'to': 'Chiplet_1', 'connection_type': '2.5d_emib', 'loc': '2.5d_chiplet'},{'from': 'Chiplet_6', 'to': 'Chiplet_4', 'connection_type': '2.5d_emib', 'loc': '2.5d_chiplet'}",1,2,1,2,1,1,ddr5,aib,na,1,0,is,0,0,0
173,48.78631433467817,5366620.32,194895.40546592703,660808873.0006438,13389.0,22282.383710397866,173,0.743226759447044,1.3845915837374998,512,64x64,10,11.481175603606792,15.979573171754398,2048,192x192,14,0.46559300000000003,1.11875,512,64x64,7,5.5109919519999995,10.4826,8192,192x192,7,1.743774000637535,1.7054115854749998,1024,64x64,14,4.818150952,10.4826,6144,192x192,7,2.5d,"{'from': 'Chiplet_2', 'to': 'Chiplet_1', 'connection_type': '2.5d_emib', 'loc': '2.5d_chiplet'},{'from': 'Chiplet_2', 'to': 'Chiplet_4', 'connection_type': '2.5d_emib', 'loc': '2.5d_chiplet'},{'from': 'Chiplet_1', 'to': 'Chiplet_2', 'connection_type': '2.5d_emib', 'loc': '2.5d_chiplet'},{'from': 'Chiplet_1', 'to': 'Chiplet_4', 'connection_type': '2.5d_emib', 'loc': '2.5d_chiplet'},{'from': 'Chiplet_4', 'to': 'Chiplet_2', 'connection_type': '2.5d_emib', 'loc': '2.5d_chiplet'},{'from': 'Chiplet_4', 'to': 'Chiplet_1', 'connection_type': '2.5d_emib', 'loc': '2.5d_chiplet'},{'from': 'Chiplet_4', 'to': 'Chiplet_5', 'connection_type': '2.5d_emib', 'loc': '2.5d_chiplet'},{'from': 'Chiplet_4', 'to': 'Chiplet_3', 'connection_type': '2.5d_emib', 'loc': '2.5d_chiplet'},{'from': 'Chiplet_4', 'to': 'Chiplet_6', 'connection_type': '2.5d_emib', 'loc': '2.5d_chiplet'},{'from': 'Chiplet_3', 'to': 'Chiplet_4', 'connection_type': '2.5d_emib', 'loc': '2.5d_chiplet'},{'from': 'Chiplet_3', 'to': 'Chiplet_5', 'connection_type': '2.5d_emib', 'loc': '2.5d_chiplet'},{'from': 'Chiplet_6', 'to': 'Chiplet_4', 'connection_type': '2.5d_emib', 'loc': '2.5d_chiplet'},{'from': 'Chiplet_6', 'to': 'Chiplet_5', 'connection_type': '2.5d_emib', 'loc': '2.5d_chiplet'},{'from': 'Chiplet_5', 'to': 'Chiplet_3', 'connection_type': '2.5d_emib', 'loc': '2.5d_chiplet'},{'from': 'Chiplet_5', 'to': 'Chiplet_4', 'connection_type': '2.5d_emib', 'loc': '2.5d_chiplet'},{'from': 'Chiplet_5', 'to': 'Chiplet_6', 'connection_type': '2.5d_emib', 'loc': '2.5d_chiplet'}",1,7,1,3,1,3,hbm2,aib,na,1,0,ws,0,0,0
174,18.62591854572483,3162688.59,75794.01645389831,492837292.9405905,205056.71670424283,117902.15058542063,174,2.6264880905479133,5.538366334949999,1024,128x128,10,6.315940422320179,6.821646341899999,3072,128x128,14,0.656621759447044,1.3845915837374998,256,64x64,10,2.927572174079395,3.8395579270749995,1024,96x96,14,5.656782838920179,6.821646341899999,2048,128x128,14,2.20879254,4.475,3072,128x128,7,2.5d_3d,"{'from': 'Chiplet_4', 'to': 'Chiplet_1', 'connection_type': '3d_hyb_bond', 'loc': 'stack0_base'},{'from': 'Chiplet_1', 'to': 'Chiplet_6', 'connection_type': '3d_hyb_bond', 'loc': 'stack0_middle1'},{'from': 'Chiplet_6', 'to': 'Chiplet_3', 'connection_type': '3d_hyb_bond', 'loc': 'stack0_middle2'},{'from': 'Chiplet_3', 'to': 'na', 'connection_type': '3d_hyb_bond', 'loc': 'stack0_top'},{'from': 'Chiplet_2', 'to': 'Chiplet_4', 'connection_type': '2.5d_rdl', 'loc': '2.5d_chiplet'},{'from': 'Chiplet_2', 'to': 'Chiplet_5', 'connection_type': '2.5d_rdl', 'loc': '2.5d_chiplet'},{'from': 'Chiplet_5', 'to': 'Chiplet_2', 'connection_type': '2.5d_rdl', 'loc': '2.5d_chiplet'},{'from': 'Chiplet_5', 'to': 'Chiplet_4', 'connection_type': '2.5d_rdl', 'loc': '2.5d_chiplet'},{'from': 'Chiplet_4', 'to': 'Chiplet_2', 'connection_type': '2.5d_rdl', 'loc': '2.5d_chiplet'},{'from': 'Chiplet_4', 'to': 'Chiplet_5', 'connection_type': '2.5d_rdl', 'loc': '2.5d_chiplet'}",2,5,1,2,4,2,hbm2,ucie_std,ucie_3d,1,0,os,1,0,0
175,28.99144603228725,4185983.27,157534.42149866986,411155042.43011284,115403.04654176794,86855.63211434394,175,11.481175603606792,15.979573171754398,2048,192x192,14,6.315940422320179,6.821646341899999,3072,128x128,14,1.304342696,2.51875,2048,96x96,7,1.7117881800824635,3.1172648505374996,1536,96x96,10,2.20879254,4.475,3072,128x128,7,1.51595254,4.475,1024,128x128,7,2.5d_3d,"{'from': 'Chiplet_2', 'to': 'Chiplet_5', 'connection_type': '3d_tsv', 'loc': 'stack0_base'},{'from': 'Chiplet_5', 'to': 'na', 'connection_type': '3d_tsv', 'loc': 'stack0_top'},{'from': 'Chiplet_1', 'to': 'Chiplet_2', 'connection_type': '2.5d_emib', 'loc': '2.5d_chiplet'},{'from': 'Chiplet_1', 'to': 'Chiplet_4', 'connection_type': '2.5d_emib', 'loc': '2.5d_chiplet'},{'from': 'Chiplet_2', 'to': 'Chiplet_1', 'connection_type': '2.5d_emib', 'loc': '2.5d_chiplet'},{'from': 'Chiplet_2', 'to': 'Chiplet_4', 'connection_type': '2.5d_emib', 'loc': '2.5d_chiplet'},{'from': 'Chiplet_2', 'to': 'Chiplet_6', 'connection_type': '2.5d_emib', 'loc': '2.5d_chiplet'},{'from': 'Chiplet_4', 'to': 'Chiplet_3', 'connection_type': '2.5d_emib', 'loc': '2.5d_chiplet'},{'from': 'Chiplet_4', 'to': 'Chiplet_1', 'connection_type': '2.5d_emib', 'loc': '2.5d_chiplet'},{'from': 'Chiplet_4', 'to': 'Chiplet_6', 'connection_type': '2.5d_emib', 'loc': '2.5d_chiplet'},{'from': 'Chiplet_4', 'to': 'Chiplet_2', 'connection_type': '2.5d_emib', 'loc': '2.5d_chiplet'},{'from': 'Chiplet_6', 'to': 'Chiplet_2', 'connection_type': '2.5d_emib', 'loc': '2.5d_chiplet'},{'from': 'Chiplet_6', 'to': 'Chiplet_4', 'connection_type': '2.5d_emib', 'loc': '2.5d_chiplet'},{'from': 'Chiplet_6', 'to': 'Chiplet_3', 'connection_type': '2.5d_emib', 'loc': '2.5d_chiplet'},{'from': 'Chiplet_3', 'to': 'Chiplet_6', 'connection_type': '2.5d_emib', 'loc': '2.5d_chiplet'},{'from': 'Chiplet_3', 'to': 'Chiplet_4', 'connection_type': '2.5d_emib', 'loc': '2.5d_chiplet'}",8,4,1,1,1,1,hbm2,bow,ucie_3d,1,0,os,1,0,0
176,24.83852944601338,4697569.16,144175.20835645785,516197209.2285385,14272.513812154695,20631.903549138566,176,12.799492673176792,15.979573171754398,4096,192x192,14,2.597993382379395,3.8395579270749995,512,96x96,14,3.5867297574793953,3.8395579270749995,2048,96x96,14,2.927572174079395,3.8395579270749995,1024,96x96,14,5.5109919519999995,10.4826,8192,192x192,7,1.51595254,4.475,1024,128x128,7,2.5d_3d,"{'from': 'Chiplet_1', 'to': 'Chiplet_5', 'connection_type': '3d_u_bump', 'loc': 'stack0_base'},{'from': 'Chiplet_5', 'to': 'Chiplet_3', 'connection_type': '3d_u_bump', 'loc': 'stack0_middle1'},{'from': 'Chiplet_3', 'to': 'Chiplet_4', 'connection_type': '3d_u_bump', 'loc': 'stack0_middle2'},{'from': 'Chiplet_4', 'to': 'na', 'connection_type': '3d_u_bump', 'loc': 'stack0_top'},{'from': 'Chiplet_1', 'to': 'Chiplet_2', 'connection_type': '2.5d_emib', 'loc': '2.5d_chiplet'},{'from': 'Chiplet_1', 'to': 'Chiplet_6', 'connection_type': '2.5d_emib', 'loc': '2.5d_chiplet'},{'from': 'Chiplet_2', 'to': 'Chiplet_1', 'connection_type': '2.5d_emib', 'loc': '2.5d_chiplet'},{'from': 'Chiplet_2', 'to': 'Chiplet_6', 'connection_type': '2.5d_emib', 'loc': '2.5d_chiplet'},{'from': 'Chiplet_6', 'to': 'Chiplet_2', 'connection_type': '2.5d_emib', 'loc': '2.5d_chiplet'},{'from': 'Chiplet_6', 'to': 'Chiplet_1', 'connection_type': '2.5d_emib', 'loc': '2.5d_chiplet'}",7,1,2,2,3,1,hbm3,ucie_adv,ucie_3d,0,0,ws,0,0,0
177,28.484365939140936,3467574.81,183834.7457956002,1177692477.8739495,130934.31568392471,108789.05512583218,177,5.5109919519999995,10.4826,8192,192x192,7,1.249405813087535,1.7054115854749998,256,64x64,14,0.957922696,2.51875,1024,96x96,7,7.419580457366196,12.973514847541198,6144,192x192,10,1.743774000637535,1.7054115854749998,1024,64x64,14,5.656782838920179,6.821646341899999,2048,128x128,14,2.5d,"{'from': 'Chiplet_4', 'to': 'Chiplet_2', 'connection_type': '2.5d_emib', 'loc': '2.5d_chiplet'},{'from': 'Chiplet_4', 'to': 'Chiplet_1', 'connection_type': '2.5d_emib', 'loc': '2.5d_chiplet'},{'from': 'Chiplet_4', 'to': 'Chiplet_6', 'connection_type': '2.5d_emib', 'loc': '2.5d_chiplet'},{'from': 'Chiplet_4', 'to': 'Chiplet_5', 'connection_type': '2.5d_emib', 'loc': '2.5d_chiplet'},{'from': 'Chiplet_5', 'to': 'Chiplet_2', 'connection_type': '2.5d_emib', 'loc': '2.5d_chiplet'},{'from': 'Chiplet_5', 'to': 'Chiplet_4', 'connection_type': '2.5d_emib', 'loc': '2.5d_chiplet'},{'from': 'Chiplet_5', 'to': 'Chiplet_3', 'connection_type': '2.5d_emib', 'loc': '2.5d_chiplet'},{'from': 'Chiplet_2', 'to': 'Chiplet_3', 'connection_type': '2.5d_emib', 'loc': '2.5d_chiplet'},{'from': 'Chiplet_2', 'to': 'Chiplet_4', 'connection_type': '2.5d_emib', 'loc': '2.5d_chiplet'},{'from': 'Chiplet_2', 'to': 'Chiplet_5', 'connection_type': '2.5d_emib', 'loc': '2.5d_chiplet'},{'from': 'Chiplet_3', 'to': 'Chiplet_2', 'connection_type': '2.5d_emib', 'loc': '2.5d_chiplet'},{'from': 'Chiplet_3', 'to': 'Chiplet_5', 'connection_type': '2.5d_emib', 'loc': '2.5d_chiplet'},{'from': 'Chiplet_6', 'to': 'Chiplet_1', 'connection_type': '2.5d_emib', 'loc': '2.5d_chiplet'},{'from': 'Chiplet_6', 'to': 'Chiplet_4', 'connection_type': '2.5d_emib', 'loc': '2.5d_chiplet'},{'from': 'Chiplet_1', 'to': 'Chiplet_6', 'connection_type': '2.5d_emib', 'loc': '2.5d_chiplet'},{'from': 'Chiplet_1', 'to': 'Chiplet_4', 'connection_type': '2.5d_emib', 'loc': '2.5d_chiplet'}",1,1,1,2,1,2,ddr4,bow,na,0,0,os,1,0,0
178,54.78728130912732,5935498.57,121331.88935929262,504449545.70366436,8774.62836185819,17657.8213162422,178,0.784712696,2.51875,512,96x96,7,1.304342696,2.51875,2048,96x96,7,11.481175603606792,15.979573171754398,2048,192x192,14,2.55521354,4.475,4096,128x128,7,14.117807839976791,15.979573171754398,6144,192x192,14,4.1253109519999995,10.4826,4096,192x192,7,2.5d,"{'from': 'Chiplet_5', 'to': 'Chiplet_3', 'connection_type': '2.5d_rdl', 'loc': '2.5d_chiplet'},{'from': 'Chiplet_5', 'to': 'Chiplet_4', 'connection_type': '2.5d_rdl', 'loc': '2.5d_chiplet'},{'from': 'Chiplet_5', 'to': 'Chiplet_6', 'connection_type': '2.5d_rdl', 'loc': '2.5d_chiplet'},{'from': 'Chiplet_5', 'to': 'Chiplet_1', 'connection_type': '2.5d_rdl', 'loc': '2.5d_chiplet'},{'from': 'Chiplet_4', 'to': 'Chiplet_1', 'connection_type': '2.5d_rdl', 'loc': '2.5d_chiplet'},{'from': 'Chiplet_4', 'to': 'Chiplet_5', 'connection_type': '2.5d_rdl', 'loc': '2.5d_chiplet'},{'from': 'Chiplet_1', 'to': 'Chiplet_4', 'connection_type': '2.5d_rdl', 'loc': '2.5d_chiplet'},{'from': 'Chiplet_1', 'to': 'Chiplet_5', 'connection_type': '2.5d_rdl', 'loc': '2.5d_chiplet'},{'from': 'Chiplet_3', 'to': 'Chiplet_2', 'connection_type': '2.5d_rdl', 'loc': '2.5d_chiplet'},{'from': 'Chiplet_3', 'to': 'Chiplet_6', 'connection_type': '2.5d_rdl', 'loc': '2.5d_chiplet'},{'from': 'Chiplet_3', 'to': 'Chiplet_5', 'connection_type': '2.5d_rdl', 'loc': '2.5d_chiplet'},{'from': 'Chiplet_6', 'to': 'Chiplet_2', 'connection_type': '2.5d_rdl', 'loc': '2.5d_chiplet'},{'from': 'Chiplet_6', 'to': 'Chiplet_3', 'connection_type': '2.5d_rdl', 'loc': '2.5d_chiplet'},{'from': 'Chiplet_6', 'to': 'Chiplet_5', 'connection_type': '2.5d_rdl', 'loc': '2.5d_chiplet'},{'from': 'Chiplet_2', 'to': 'Chiplet_3', 'connection_type': '2.5d_rdl', 'loc': '2.5d_chiplet'},{'from': 'Chiplet_2', 'to': 'Chiplet_6', 'connection_type': '2.5d_rdl', 'loc': '2.5d_chiplet'}",1,1,5,1,6,2,hbm3,ucie_std,na,1,0,os,0,0,0
179,28.07824647664256,3944127.43,150113.0303680354,404649029.8197291,82763.93185786401,63797.98966704987,179,1.5385781800824634,3.1172648505374996,1024,96x96,10,2.6264880905479133,5.538366334949999,1024,128x128,10,1.86237254,4.475,2048,128x128,7,0.378988,1.11875,256,64x64,7,11.481175603606792,15.979573171754398,2048,192x192,14,5.656782838920179,6.821646341899999,2048,128x128,14,2.5d_3d,"{'from': 'Chiplet_2', 'to': 'Chiplet_3', 'connection_type': '3d_u_bump', 'loc': 'stack0_base'},{'from': 'Chiplet_3', 'to': 'na', 'connection_type': '3d_u_bump', 'loc': 'stack0_top'},{'from': 'Chiplet_5', 'to': 'Chiplet_2', 'connection_type': '2.5d_emib', 'loc': '2.5d_chiplet'},{'from': 'Chiplet_5', 'to': 'Chiplet_6', 'connection_type': '2.5d_emib', 'loc': '2.5d_chiplet'},{'from': 'Chiplet_6', 'to': 'Chiplet_2', 'connection_type': '2.5d_emib', 'loc': '2.5d_chiplet'},{'from': 'Chiplet_6', 'to': 'Chiplet_1', 'connection_type': '2.5d_emib', 'loc': '2.5d_chiplet'},{'from': 'Chiplet_6', 'to': 'Chiplet_5', 'connection_type': '2.5d_emib', 'loc': '2.5d_chiplet'},{'from': 'Chiplet_2', 'to': 'Chiplet_1', 'connection_type': '2.5d_emib', 'loc': '2.5d_chiplet'},{'from': 'Chiplet_2', 'to': 'Chiplet_4', 'connection_type': '2.5d_emib', 'loc': '2.5d_chiplet'},{'from': 'Chiplet_2', 'to': 'Chiplet_6', 'connection_type': '2.5d_emib', 'loc': '2.5d_chiplet'},{'from': 'Chiplet_2', 'to': 'Chiplet_5', 'connection_type': '2.5d_emib', 'loc': '2.5d_chiplet'},{'from': 'Chiplet_1', 'to': 'Chiplet_2', 'connection_type': '2.5d_emib', 'loc': '2.5d_chiplet'},{'from': 'Chiplet_1', 'to': 'Chiplet_4', 'connection_type': '2.5d_emib', 'loc': '2.5d_chiplet'},{'from': 'Chiplet_1', 'to': 'Chiplet_6', 'connection_type': '2.5d_emib', 'loc': '2.5d_chiplet'},{'from': 'Chiplet_4', 'to': 'Chiplet_2', 'connection_type': '2.5d_emib', 'loc': '2.5d_chiplet'},{'from': 'Chiplet_4', 'to': 'Chiplet_1', 'connection_type': '2.5d_emib', 'loc': '2.5d_chiplet'}",1,2,1,1,7,4,hbm2,aib,ucie_3d,0,0,os,1,0,0
180,36.84814377763819,4599550.66,139321.85750088867,497667061.07364285,83979.19477972567,67111.20914588636,180,0.46559300000000003,1.11875,512,64x64,7,0.829831759447044,1.3845915837374998,768,64x64,10,14.117807839976791,15.979573171754398,6144,192x192,14,12.799492673176792,15.979573171754398,4096,192x192,14,0.916436759447044,1.3845915837374998,1024,64x64,10,1.578984604787535,1.7054115854749998,768,64x64,14,2.5d_3d,"{'from': 'Chiplet_5', 'to': 'Chiplet_2', 'connection_type': '3d_tsv', 'loc': 'stack0_base'},{'from': 'Chiplet_2', 'to': 'Chiplet_1', 'connection_type': '3d_tsv', 'loc': 'stack0_middle1'},{'from': 'Chiplet_1', 'to': 'na', 'connection_type': '3d_tsv', 'loc': 'stack0_top'},{'from': 'Chiplet_3', 'to': 'Chiplet_6', 'connection_type': '2.5d_emib', 'loc': '2.5d_chiplet'},{'from': 'Chiplet_3', 'to': 'Chiplet_4', 'connection_type': '2.5d_emib', 'loc': '2.5d_chiplet'},{'from': 'Chiplet_3', 'to': 'Chiplet_5', 'connection_type': '2.5d_emib', 'loc': '2.5d_chiplet'},{'from': 'Chiplet_5', 'to': 'Chiplet_3', 'connection_type': '2.5d_emib', 'loc': '2.5d_chiplet'},{'from': 'Chiplet_5', 'to': 'Chiplet_6', 'connection_type': '2.5d_emib', 'loc': '2.5d_chiplet'},{'from': 'Chiplet_4', 'to': 'Chiplet_3', 'connection_type': '2.5d_emib', 'loc': '2.5d_chiplet'},{'from': 'Chiplet_4', 'to': 'Chiplet_6', 'connection_type': '2.5d_emib', 'loc': '2.5d_chiplet'},{'from': 'Chiplet_6', 'to': 'Chiplet_3', 'connection_type': '2.5d_emib', 'loc': '2.5d_chiplet'},{'from': 'Chiplet_6', 'to': 'Chiplet_4', 'connection_type': '2.5d_emib', 'loc': '2.5d_chiplet'},{'from': 'Chiplet_6', 'to': 'Chiplet_5', 'connection_type': '2.5d_emib', 'loc': '2.5d_chiplet'}",1,1,6,6,1,1,hbm3,aib,ucie_3d,1,0,is,1,0,0
181,13.779618814415741,1777600.41,152460.886016758,833250844.6711249,142739.83083618458,61275.462599990504,181,1.578984604787535,1.7054115854749998,768,64x64,14,1.578984604787535,1.7054115854749998,768,64x64,14,0.638803,1.11875,1024,64x64,7,0.916436759447044,1.3845915837374998,1024,64x64,10,0.552198,1.11875,768,64x64,7,4.818150952,10.4826,6144,192x192,7,2.5d,"{'from': 'Chiplet_6', 'to': 'Chiplet_2', 'connection_type': '2.5d_emib', 'loc': '2.5d_chiplet'},{'from': 'Chiplet_6', 'to': 'Chiplet_1', 'connection_type': '2.5d_emib', 'loc': '2.5d_chiplet'},{'from': 'Chiplet_1', 'to': 'Chiplet_2', 'connection_type': '2.5d_emib', 'loc': '2.5d_chiplet'},{'from': 'Chiplet_1', 'to': 'Chiplet_4', 'connection_type': '2.5d_emib', 'loc': '2.5d_chiplet'},{'from': 'Chiplet_1', 'to': 'Chiplet_6', 'connection_type': '2.5d_emib', 'loc': '2.5d_chiplet'},{'from': 'Chiplet_4', 'to': 'Chiplet_3', 'connection_type': '2.5d_emib', 'loc': '2.5d_chiplet'},{'from': 'Chiplet_4', 'to': 'Chiplet_1', 'connection_type': '2.5d_emib', 'loc': '2.5d_chiplet'},{'from': 'Chiplet_2', 'to': 'Chiplet_3', 'connection_type': '2.5d_emib', 'loc': '2.5d_chiplet'},{'from': 'Chiplet_2', 'to': 'Chiplet_1', 'connection_type': '2.5d_emib', 'loc': '2.5d_chiplet'},{'from': 'Chiplet_2', 'to': 'Chiplet_6', 'connection_type': '2.5d_emib', 'loc': '2.5d_chiplet'},{'from': 'Chiplet_2', 'to': 'Chiplet_5', 'connection_type': '2.5d_emib', 'loc': '2.5d_chiplet'},{'from': 'Chiplet_3', 'to': 'Chiplet_2', 'connection_type': '2.5d_emib', 'loc': '2.5d_chiplet'},{'from': 'Chiplet_3', 'to': 'Chiplet_4', 'connection_type': '2.5d_emib', 'loc': '2.5d_chiplet'},{'from': 'Chiplet_3', 'to': 'Chiplet_5', 'connection_type': '2.5d_emib', 'loc': '2.5d_chiplet'},{'from': 'Chiplet_5', 'to': 'Chiplet_2', 'connection_type': '2.5d_emib', 'loc': '2.5d_chiplet'},{'from': 'Chiplet_5', 'to': 'Chiplet_3', 'connection_type': '2.5d_emib', 'loc': '2.5d_chiplet'}",1,1,1,1,1,3,ddr5,aib,na,1,0,os,1,0,0
182,14.953967826022074,2253867.63,155666.26108741932,459370862.26483035,28916.928104575163,20028.998430164927,182,2.20879254,4.475,3072,128x128,7,1.51595254,4.475,1024,128x128,7,1.51595254,4.475,1024,128x128,7,0.638803,1.11875,1024,64x64,7,1.4141952089375351,1.7054115854749998,512,64x64,14,3.3193280905479132,5.538366334949999,3072,128x128,10,2.5d,"{'from': 'Chiplet_6', 'to': 'Chiplet_2', 'connection_type': '2.5d_emib', 'loc': '2.5d_chiplet'},{'from': 'Chiplet_6', 'to': 'Chiplet_1', 'connection_type': '2.5d_emib', 'loc': '2.5d_chiplet'},{'from': 'Chiplet_6', 'to': 'Chiplet_4', 'connection_type': '2.5d_emib', 'loc': '2.5d_chiplet'},{'from': 'Chiplet_6', 'to': 'Chiplet_3', 'connection_type': '2.5d_emib', 'loc': '2.5d_chiplet'},{'from': 'Chiplet_3', 'to': 'Chiplet_6', 'connection_type': '2.5d_emib', 'loc': '2.5d_chiplet'},{'from': 'Chiplet_3', 'to': 'Chiplet_4', 'connection_type': '2.5d_emib', 'loc': '2.5d_chiplet'},{'from': 'Chiplet_4', 'to': 'Chiplet_3', 'connection_type': '2.5d_emib', 'loc': '2.5d_chiplet'},{'from': 'Chiplet_4', 'to': 'Chiplet_6', 'connection_type': '2.5d_emib', 'loc': '2.5d_chiplet'},{'from': 'Chiplet_1', 'to': 'Chiplet_2', 'connection_type': '2.5d_emib', 'loc': '2.5d_chiplet'},{'from': 'Chiplet_1', 'to': 'Chiplet_6', 'connection_type': '2.5d_emib', 'loc': '2.5d_chiplet'},{'from': 'Chiplet_1', 'to': 'Chiplet_5', 'connection_type': '2.5d_emib', 'loc': '2.5d_chiplet'},{'from': 'Chiplet_2', 'to': 'Chiplet_1', 'connection_type': '2.5d_emib', 'loc': '2.5d_chiplet'},{'from': 'Chiplet_2', 'to': 'Chiplet_6', 'connection_type': '2.5d_emib', 'loc': '2.5d_chiplet'},{'from': 'Chiplet_2', 'to': 'Chiplet_5', 'connection_type': '2.5d_emib', 'loc': '2.5d_chiplet'},{'from': 'Chiplet_5', 'to': 'Chiplet_2', 'connection_type': '2.5d_emib', 'loc': '2.5d_chiplet'},{'from': 'Chiplet_5', 'to': 'Chiplet_1', 'connection_type': '2.5d_emib', 'loc': '2.5d_chiplet'}",4,2,2,1,2,5,hbm3,bow,na,1,0,ws,0,0,0
183,33.53486042670966,3963851.63,179168.23209990683,473361580.535814,24998.42415705608,24677.861485477515,183,2.972908090547913,5.538366334949999,2048,128x128,10,14.117807839976791,15.979573171754398,6144,192x192,14,0.743226759447044,1.3845915837374998,512,64x64,10,0.784712696,2.51875,512,96x96,7,1.304342696,2.51875,2048,96x96,7,6.315940422320179,6.821646341899999,3072,128x128,14,2.5d,"{'from': 'Chiplet_2', 'to': 'Chiplet_1', 'connection_type': '2.5d_emib', 'loc': '2.5d_chiplet'},{'from': 'Chiplet_2', 'to': 'Chiplet_6', 'connection_type': '2.5d_emib', 'loc': '2.5d_chiplet'},{'from': 'Chiplet_6', 'to': 'Chiplet_2', 'connection_type': '2.5d_emib', 'loc': '2.5d_chiplet'},{'from': 'Chiplet_6', 'to': 'Chiplet_1', 'connection_type': '2.5d_emib', 'loc': '2.5d_chiplet'},{'from': 'Chiplet_6', 'to': 'Chiplet_5', 'connection_type': '2.5d_emib', 'loc': '2.5d_chiplet'},{'from': 'Chiplet_1', 'to': 'Chiplet_2', 'connection_type': '2.5d_emib', 'loc': '2.5d_chiplet'},{'from': 'Chiplet_1', 'to': 'Chiplet_6', 'connection_type': '2.5d_emib', 'loc': '2.5d_chiplet'},{'from': 'Chiplet_1', 'to': 'Chiplet_4', 'connection_type': '2.5d_emib', 'loc': '2.5d_chiplet'},{'from': 'Chiplet_1', 'to': 'Chiplet_5', 'connection_type': '2.5d_emib', 'loc': '2.5d_chiplet'},{'from': 'Chiplet_5', 'to': 'Chiplet_3', 'connection_type': '2.5d_emib', 'loc': '2.5d_chiplet'},{'from': 'Chiplet_5', 'to': 'Chiplet_1', 'connection_type': '2.5d_emib', 'loc': '2.5d_chiplet'},{'from': 'Chiplet_5', 'to': 'Chiplet_6', 'connection_type': '2.5d_emib', 'loc': '2.5d_chiplet'},{'from': 'Chiplet_5', 'to': 'Chiplet_4', 'connection_type': '2.5d_emib', 'loc': '2.5d_chiplet'},{'from': 'Chiplet_4', 'to': 'Chiplet_3', 'connection_type': '2.5d_emib', 'loc': '2.5d_chiplet'},{'from': 'Chiplet_4', 'to': 'Chiplet_1', 'connection_type': '2.5d_emib', 'loc': '2.5d_chiplet'},{'from': 'Chiplet_4', 'to': 'Chiplet_5', 'connection_type': '2.5d_emib', 'loc': '2.5d_chiplet'},{'from': 'Chiplet_3', 'to': 'Chiplet_4', 'connection_type': '2.5d_emib', 'loc': '2.5d_chiplet'},{'from': 'Chiplet_3', 'to': 'Chiplet_5', 'connection_type': '2.5d_emib', 'loc': '2.5d_chiplet'}",1,8,1,1,1,4,hbm3,aib,na,1,0,is,0,0,0
184,47.950718411852996,5747276.89,203503.64568352865,456426016.9196627,100868.13697190135,115826.91296855608,184,3.432469952,10.4826,2048,192x192,7,3.5867297574793953,3.8395579270749995,2048,96x96,14,1.4141952089375351,1.7054115854749998,512,64x64,14,11.481175603606792,15.979573171754398,2048,192x192,14,6.726740457366197,12.973514847541198,4096,192x192,10,6.726740457366197,12.973514847541198,4096,192x192,10,2.5d,"{'from': 'Chiplet_4', 'to': 'Chiplet_2', 'connection_type': '2.5d_emib', 'loc': '2.5d_chiplet'},{'from': 'Chiplet_4', 'to': 'Chiplet_3', 'connection_type': '2.5d_emib', 'loc': '2.5d_chiplet'},{'from': 'Chiplet_4', 'to': 'Chiplet_5', 'connection_type': '2.5d_emib', 'loc': '2.5d_chiplet'},{'from': 'Chiplet_2', 'to': 'Chiplet_3', 'connection_type': '2.5d_emib', 'loc': '2.5d_chiplet'},{'from': 'Chiplet_2', 'to': 'Chiplet_4', 'connection_type': '2.5d_emib', 'loc': '2.5d_chiplet'},{'from': 'Chiplet_3', 'to': 'Chiplet_2', 'connection_type': '2.5d_emib', 'loc': '2.5d_chiplet'},{'from': 'Chiplet_3', 'to': 'Chiplet_4', 'connection_type': '2.5d_emib', 'loc': '2.5d_chiplet'},{'from': 'Chiplet_3', 'to': 'Chiplet_6', 'connection_type': '2.5d_emib', 'loc': '2.5d_chiplet'},{'from': 'Chiplet_5', 'to': 'Chiplet_1', 'connection_type': '2.5d_emib', 'loc': '2.5d_chiplet'},{'from': 'Chiplet_5', 'to': 'Chiplet_4', 'connection_type': '2.5d_emib', 'loc': '2.5d_chiplet'},{'from': 'Chiplet_5', 'to': 'Chiplet_6', 'connection_type': '2.5d_emib', 'loc': '2.5d_chiplet'},{'from': 'Chiplet_1', 'to': 'Chiplet_6', 'connection_type': '2.5d_emib', 'loc': '2.5d_chiplet'},{'from': 'Chiplet_1', 'to': 'Chiplet_5', 'connection_type': '2.5d_emib', 'loc': '2.5d_chiplet'},{'from': 'Chiplet_6', 'to': 'Chiplet_3', 'connection_type': '2.5d_emib', 'loc': '2.5d_chiplet'},{'from': 'Chiplet_6', 'to': 'Chiplet_1', 'connection_type': '2.5d_emib', 'loc': '2.5d_chiplet'},{'from': 'Chiplet_6', 'to': 'Chiplet_5', 'connection_type': '2.5d_emib', 'loc': '2.5d_chiplet'}",2,2,1,5,3,3,hbm2,aib,na,1,0,ws,1,0,0
185,9.94965778157513,1568140.65,116631.81662378731,391460091.7723805,307558.8854345721,91609.72261710392,185,0.784712696,2.51875,512,96x96,7,0.916436759447044,1.3845915837374998,1024,64x64,10,4.9976252555201786,6.821646341899999,1024,128x128,14,0.916436759447044,1.3845915837374998,1024,64x64,10,1.4141952089375351,1.7054115854749998,512,64x64,14,0.552198,1.11875,768,64x64,7,2.5d_3d,"{'from': 'Chiplet_5', 'to': 'Chiplet_1', 'connection_type': '3d_u_bump', 'loc': 'stack0_base'},{'from': 'Chiplet_1', 'to': 'na', 'connection_type': '3d_u_bump', 'loc': 'stack0_top'},{'from': 'Chiplet_3', 'to': 'Chiplet_2', 'connection_type': '2.5d_emib', 'loc': '2.5d_chiplet'},{'from': 'Chiplet_3', 'to': 'Chiplet_5', 'connection_type': '2.5d_emib', 'loc': '2.5d_chiplet'},{'from': 'Chiplet_5', 'to': 'Chiplet_3', 'connection_type': '2.5d_emib', 'loc': '2.5d_chiplet'},{'from': 'Chiplet_5', 'to': 'Chiplet_4', 'connection_type': '2.5d_emib', 'loc': '2.5d_chiplet'},{'from': 'Chiplet_5', 'to': 'Chiplet_6', 'connection_type': '2.5d_emib', 'loc': '2.5d_chiplet'},{'from': 'Chiplet_5', 'to': 'Chiplet_2', 'connection_type': '2.5d_emib', 'loc': '2.5d_chiplet'},{'from': 'Chiplet_6', 'to': 'Chiplet_4', 'connection_type': '2.5d_emib', 'loc': '2.5d_chiplet'},{'from': 'Chiplet_6', 'to': 'Chiplet_5', 'connection_type': '2.5d_emib', 'loc': '2.5d_chiplet'},{'from': 'Chiplet_2', 'to': 'Chiplet_3', 'connection_type': '2.5d_emib', 'loc': '2.5d_chiplet'},{'from': 'Chiplet_2', 'to': 'Chiplet_4', 'connection_type': '2.5d_emib', 'loc': '2.5d_chiplet'},{'from': 'Chiplet_2', 'to': 'Chiplet_5', 'connection_type': '2.5d_emib', 'loc': '2.5d_chiplet'},{'from': 'Chiplet_4', 'to': 'Chiplet_2', 'connection_type': '2.5d_emib', 'loc': '2.5d_chiplet'},{'from': 'Chiplet_4', 'to': 'Chiplet_6', 'connection_type': '2.5d_emib', 'loc': '2.5d_chiplet'},{'from': 'Chiplet_4', 'to': 'Chiplet_5', 'connection_type': '2.5d_emib', 'loc': '2.5d_chiplet'}",1,2,8,2,2,1,hbm2,ucie_adv,ucie_3d,1,0,is,1,0,0
186,22.877082918526323,2655440.5,167527.6006525819,1212219494.767531,32966.11292073833,39119.83711564665,186,1.8849981800824636,3.1172648505374996,2048,96x96,10,1.304342696,2.51875,2048,96x96,7,1.7117881800824635,3.1172648505374996,1536,96x96,10,4.9976252555201786,6.821646341899999,1024,128x128,14,4.818150952,10.4826,6144,192x192,7,1.743774000637535,1.7054115854749998,1024,64x64,14,2.5d,"{'from': 'Chiplet_4', 'to': 'Chiplet_2', 'connection_type': '2.5d_emib', 'loc': '2.5d_chiplet'},{'from': 'Chiplet_4', 'to': 'Chiplet_6', 'connection_type': '2.5d_emib', 'loc': '2.5d_chiplet'},{'from': 'Chiplet_4', 'to': 'Chiplet_5', 'connection_type': '2.5d_emib', 'loc': '2.5d_chiplet'},{'from': 'Chiplet_6', 'to': 'Chiplet_2', 'connection_type': '2.5d_emib', 'loc': '2.5d_chiplet'},{'from': 'Chiplet_6', 'to': 'Chiplet_4', 'connection_type': '2.5d_emib', 'loc': '2.5d_chiplet'},{'from': 'Chiplet_2', 'to': 'Chiplet_4', 'connection_type': '2.5d_emib', 'loc': '2.5d_chiplet'},{'from': 'Chiplet_2', 'to': 'Chiplet_6', 'connection_type': '2.5d_emib', 'loc': '2.5d_chiplet'},{'from': 'Chiplet_5', 'to': 'Chiplet_3', 'connection_type': '2.5d_emib', 'loc': '2.5d_chiplet'},{'from': 'Chiplet_5', 'to': 'Chiplet_1', 'connection_type': '2.5d_emib', 'loc': '2.5d_chiplet'},{'from': 'Chiplet_5', 'to': 'Chiplet_4', 'connection_type': '2.5d_emib', 'loc': '2.5d_chiplet'},{'from': 'Chiplet_1', 'to': 'Chiplet_3', 'connection_type': '2.5d_emib', 'loc': '2.5d_chiplet'},{'from': 'Chiplet_1', 'to': 'Chiplet_5', 'connection_type': '2.5d_emib', 'loc': '2.5d_chiplet'},{'from': 'Chiplet_3', 'to': 'Chiplet_1', 'connection_type': '2.5d_emib', 'loc': '2.5d_chiplet'},{'from': 'Chiplet_3', 'to': 'Chiplet_5', 'connection_type': '2.5d_emib', 'loc': '2.5d_chiplet'}",1,1,1,2,2,1,ddr5,aib,na,0,0,is,0,0,0
187,23.181788493065476,3344504.88,173570.45169767347,368741511.64788496,92720.52773526788,65249.28378501168,187,1.131132696,2.51875,1536,96x96,7,3.432469952,10.4826,2048,192x192,7,4.9976252555201786,6.821646341899999,1024,128x128,14,2.6264880905479133,5.538366334949999,1024,128x128,10,2.55521354,4.475,4096,128x128,7,1.51595254,4.475,1024,128x128,7,2.5d,"{'from': 'Chiplet_3', 'to': 'Chiplet_2', 'connection_type': '2.5d_emib', 'loc': '2.5d_chiplet'},{'from': 'Chiplet_3', 'to': 'Chiplet_1', 'connection_type': '2.5d_emib', 'loc': '2.5d_chiplet'},{'from': 'Chiplet_3', 'to': 'Chiplet_4', 'connection_type': '2.5d_emib', 'loc': '2.5d_chiplet'},{'from': 'Chiplet_3', 'to': 'Chiplet_5', 'connection_type': '2.5d_emib', 'loc': '2.5d_chiplet'},{'from': 'Chiplet_5', 'to': 'Chiplet_3', 'connection_type': '2.5d_emib', 'loc': '2.5d_chiplet'},{'from': 'Chiplet_5', 'to': 'Chiplet_1', 'connection_type': '2.5d_emib', 'loc': '2.5d_chiplet'},{'from': 'Chiplet_1', 'to': 'Chiplet_3', 'connection_type': '2.5d_emib', 'loc': '2.5d_chiplet'},{'from': 'Chiplet_1', 'to': 'Chiplet_5', 'connection_type': '2.5d_emib', 'loc': '2.5d_chiplet'},{'from': 'Chiplet_2', 'to': 'Chiplet_3', 'connection_type': '2.5d_emib', 'loc': '2.5d_chiplet'},{'from': 'Chiplet_2', 'to': 'Chiplet_6', 'connection_type': '2.5d_emib', 'loc': '2.5d_chiplet'},{'from': 'Chiplet_2', 'to': 'Chiplet_4', 'connection_type': '2.5d_emib', 'loc': '2.5d_chiplet'},{'from': 'Chiplet_4', 'to': 'Chiplet_3', 'connection_type': '2.5d_emib', 'loc': '2.5d_chiplet'},{'from': 'Chiplet_4', 'to': 'Chiplet_6', 'connection_type': '2.5d_emib', 'loc': '2.5d_chiplet'},{'from': 'Chiplet_4', 'to': 'Chiplet_2', 'connection_type': '2.5d_emib', 'loc': '2.5d_chiplet'},{'from': 'Chiplet_6', 'to': 'Chiplet_2', 'connection_type': '2.5d_emib', 'loc': '2.5d_chiplet'},{'from': 'Chiplet_6', 'to': 'Chiplet_4', 'connection_type': '2.5d_emib', 'loc': '2.5d_chiplet'}",1,3,5,3,2,2,hbm2,aib,na,0,0,ws,1,0,0
188,22.180810758540026,2965082.93,63924.872396634186,367446314.24114716,256419.24772962416,133798.00473996197,188,0.957922696,2.51875,1024,96x96,7,1.249405813087535,1.7054115854749998,256,64x64,14,0.46559300000000003,1.11875,512,64x64,7,1.304342696,2.51875,2048,96x96,7,12.799492673176792,15.979573171754398,4096,192x192,14,1.5385781800824634,3.1172648505374996,1024,96x96,10,2.5d_3d,"{'from': 'Chiplet_6', 'to': 'Chiplet_1', 'connection_type': '3d_tsv', 'loc': 'stack0_base'},{'from': 'Chiplet_1', 'to': 'Chiplet_3', 'connection_type': '3d_tsv', 'loc': 'stack0_middle1'},{'from': 'Chiplet_3', 'to': 'na', 'connection_type': '3d_tsv', 'loc': 'stack0_top'},{'from': 'Chiplet_5', 'to': 'Chiplet_4', 'connection_type': '2.5d_rdl', 'loc': '2.5d_chiplet'},{'from': 'Chiplet_5', 'to': 'Chiplet_6', 'connection_type': '2.5d_rdl', 'loc': '2.5d_chiplet'},{'from': 'Chiplet_6', 'to': 'Chiplet_2', 'connection_type': '2.5d_rdl', 'loc': '2.5d_chiplet'},{'from': 'Chiplet_6', 'to': 'Chiplet_4', 'connection_type': '2.5d_rdl', 'loc': '2.5d_chiplet'},{'from': 'Chiplet_6', 'to': 'Chiplet_5', 'connection_type': '2.5d_rdl', 'loc': '2.5d_chiplet'},{'from': 'Chiplet_4', 'to': 'Chiplet_2', 'connection_type': '2.5d_rdl', 'loc': '2.5d_chiplet'},{'from': 'Chiplet_4', 'to': 'Chiplet_6', 'connection_type': '2.5d_rdl', 'loc': '2.5d_chiplet'},{'from': 'Chiplet_4', 'to': 'Chiplet_5', 'connection_type': '2.5d_rdl', 'loc': '2.5d_chiplet'},{'from': 'Chiplet_2', 'to': 'Chiplet_6', 'connection_type': '2.5d_rdl', 'loc': '2.5d_chiplet'},{'from': 'Chiplet_2', 'to': 'Chiplet_4', 'connection_type': '2.5d_rdl', 'loc': '2.5d_chiplet'}",1,1,1,1,11,1,hbm3,ucie_std,ucie_3d,1,0,is,1,0,0
189,5.287724346169495,994062.26,35012.526335131595,1720612570.750172,590401.0051515853,175902.0227363192,189,0.638803,1.11875,1024,64x64,7,1.8849981800824636,3.1172648505374996,2048,96x96,10,1.3653681800824635,3.1172648505374996,512,96x96,10,0.378988,1.11875,256,64x64,7,1.3653681800824635,3.1172648505374996,512,96x96,10,1.249405813087535,1.7054115854749998,256,64x64,14,2.5d_3d,"{'from': 'Chiplet_3', 'to': 'Chiplet_5', 'connection_type': '3d_u_bump', 'loc': 'stack0_base'},{'from': 'Chiplet_5', 'to': 'Chiplet_6', 'connection_type': '3d_u_bump', 'loc': 'stack0_middle1'},{'from': 'Chiplet_6', 'to': 'Chiplet_1', 'connection_type': '3d_u_bump', 'loc': 'stack0_middle2'},{'from': 'Chiplet_1', 'to': 'na', 'connection_type': '3d_u_bump', 'loc': 'stack0_top'},{'from': 'Chiplet_2', 'to': 'Chiplet_3', 'connection_type': '2.5d_rdl', 'loc': '2.5d_chiplet'},{'from': 'Chiplet_2', 'to': 'Chiplet_4', 'connection_type': '2.5d_rdl', 'loc': '2.5d_chiplet'},{'from': 'Chiplet_3', 'to': 'Chiplet_2', 'connection_type': '2.5d_rdl', 'loc': '2.5d_chiplet'},{'from': 'Chiplet_3', 'to': 'Chiplet_4', 'connection_type': '2.5d_rdl', 'loc': '2.5d_chiplet'},{'from': 'Chiplet_4', 'to': 'Chiplet_2', 'connection_type': '2.5d_rdl', 'loc': '2.5d_chiplet'},{'from': 'Chiplet_4', 'to': 'Chiplet_3', 'connection_type': '2.5d_rdl', 'loc': '2.5d_chiplet'}",1,2,2,1,1,1,ddr4,ucie_std,ucie_3d,0,0,ws,1,0,0
190,31.082125617792144,3801943.76,87854.90510959744,483051943.9014213,181150.79954696074,124419.77082553458,190,1.86237254,4.475,2048,128x128,7,2.972908090547913,5.538366334949999,2048,128x128,10,0.552198,1.11875,768,64x64,7,14.117807839976791,15.979573171754398,6144,192x192,14,1.8849981800824636,3.1172648505374996,2048,96x96,10,2.20879254,4.475,3072,128x128,7,2.5d,"{'from': 'Chiplet_4', 'to': 'Chiplet_2', 'connection_type': '2.5d_rdl', 'loc': '2.5d_chiplet'},{'from': 'Chiplet_4', 'to': 'Chiplet_6', 'connection_type': '2.5d_rdl', 'loc': '2.5d_chiplet'},{'from': 'Chiplet_2', 'to': 'Chiplet_1', 'connection_type': '2.5d_rdl', 'loc': '2.5d_chiplet'},{'from': 'Chiplet_2', 'to': 'Chiplet_4', 'connection_type': '2.5d_rdl', 'loc': '2.5d_chiplet'},{'from': 'Chiplet_2', 'to': 'Chiplet_6', 'connection_type': '2.5d_rdl', 'loc': '2.5d_chiplet'},{'from': 'Chiplet_2', 'to': 'Chiplet_5', 'connection_type': '2.5d_rdl', 'loc': '2.5d_chiplet'},{'from': 'Chiplet_1', 'to': 'Chiplet_2', 'connection_type': '2.5d_rdl', 'loc': '2.5d_chiplet'},{'from': 'Chiplet_1', 'to': 'Chiplet_5', 'connection_type': '2.5d_rdl', 'loc': '2.5d_chiplet'},{'from': 'Chiplet_6', 'to': 'Chiplet_3', 'connection_type': '2.5d_rdl', 'loc': '2.5d_chiplet'},{'from': 'Chiplet_6', 'to': 'Chiplet_4', 'connection_type': '2.5d_rdl', 'loc': '2.5d_chiplet'},{'from': 'Chiplet_6', 'to': 'Chiplet_2', 'connection_type': '2.5d_rdl', 'loc': '2.5d_chiplet'},{'from': 'Chiplet_6', 'to': 'Chiplet_5', 'connection_type': '2.5d_rdl', 'loc': '2.5d_chiplet'},{'from': 'Chiplet_5', 'to': 'Chiplet_2', 'connection_type': '2.5d_rdl', 'loc': '2.5d_chiplet'},{'from': 'Chiplet_5', 'to': 'Chiplet_1', 'connection_type': '2.5d_rdl', 'loc': '2.5d_chiplet'},{'from': 'Chiplet_5', 'to': 'Chiplet_6', 'connection_type': '2.5d_rdl', 'loc': '2.5d_chiplet'},{'from': 'Chiplet_5', 'to': 'Chiplet_3', 'connection_type': '2.5d_rdl', 'loc': '2.5d_chiplet'},{'from': 'Chiplet_3', 'to': 'Chiplet_6', 'connection_type': '2.5d_rdl', 'loc': '2.5d_chiplet'},{'from': 'Chiplet_3', 'to': 'Chiplet_5', 'connection_type': '2.5d_rdl', 'loc': '2.5d_chiplet'}",1,2,1,10,1,1,hbm3,ucie_std,na,0,0,is,1,0,0
191,30.881664172763156,3880171.92,91920.55543469192,1605564397.3283622,28639.0,52451.29786873558,191,1.5385781800824634,3.1172648505374996,1024,96x96,10,6.033899457366197,12.973514847541198,2048,192x192,10,12.799492673176792,15.979573171754398,4096,192x192,14,2.20879254,4.475,3072,128x128,7,1.131132696,2.51875,1536,96x96,7,1.86237254,4.475,2048,128x128,7,2.5d_3d,"{'from': 'Chiplet_2', 'to': 'Chiplet_4', 'connection_type': '3d_tsv', 'loc': 'stack0_base'},{'from': 'Chiplet_4', 'to': 'Chiplet_1', 'connection_type': '3d_tsv', 'loc': 'stack0_middle1'},{'from': 'Chiplet_1', 'to': 'Chiplet_5', 'connection_type': '3d_tsv', 'loc': 'stack0_middle2'},{'from': 'Chiplet_5', 'to': 'na', 'connection_type': '3d_tsv', 'loc': 'stack0_top'},{'from': 'Chiplet_3', 'to': 'Chiplet_2', 'connection_type': '2.5d_rdl', 'loc': '2.5d_chiplet'},{'from': 'Chiplet_3', 'to': 'Chiplet_6', 'connection_type': '2.5d_rdl', 'loc': '2.5d_chiplet'},{'from': 'Chiplet_2', 'to': 'Chiplet_3', 'connection_type': '2.5d_rdl', 'loc': '2.5d_chiplet'},{'from': 'Chiplet_2', 'to': 'Chiplet_6', 'connection_type': '2.5d_rdl', 'loc': '2.5d_chiplet'},{'from': 'Chiplet_6', 'to': 'Chiplet_3', 'connection_type': '2.5d_rdl', 'loc': '2.5d_chiplet'},{'from': 'Chiplet_6', 'to': 'Chiplet_2', 'connection_type': '2.5d_rdl', 'loc': '2.5d_chiplet'}",1,1,3,1,1,1,ddr4,ucie_std,ucie_3d,1,0,ws,0,0,0
192,15.43612490954679,4735973.4,128537.22317409166,1185766015.7211542,39662.33405875054,61888.46525054593,192,2.597993382379395,3.8395579270749995,512,96x96,14,5.656782838920179,6.821646341899999,2048,128x128,14,4.9976252555201786,6.821646341899999,1024,128x128,14,2.972908090547913,5.538366334949999,2048,128x128,10,15.436124909546791,15.979573171754398,8192,192x192,14,15.436124909546791,15.979573171754398,8192,192x192,14,3d,"{'from': 'Chiplet_6', 'to': 'Chiplet_5', 'connection_type': '3d_tsv', 'loc': 'stack0_base'},{'from': 'Chiplet_5', 'to': 'Chiplet_2', 'connection_type': '3d_tsv', 'loc': 'stack0_middle1'},{'from': 'Chiplet_2', 'to': 'Chiplet_3', 'connection_type': '3d_tsv', 'loc': 'stack0_middle2'},{'from': 'Chiplet_3', 'to': 'Chiplet_4', 'connection_type': '3d_tsv', 'loc': 'stack0_middle3'},{'from': 'Chiplet_4', 'to': 'Chiplet_1', 'connection_type': '3d_tsv', 'loc': 'stack0_middle4'},{'from': 'Chiplet_1', 'to': 'na', 'connection_type': '3d_tsv', 'loc': 'stack0_top'}",1,1,1,1,2,2,ddr4,na,ucie_3d,1,0,ws,1,0,0
193,23.860304763037494,2557561.86,152827.77309800885,344545933.95771366,20587.70588235294,15904.953943602672,193,2.597993382379395,3.8395579270749995,512,96x96,14,1.5385781800824634,3.1172648505374996,1024,96x96,10,0.46559300000000003,1.11875,512,64x64,7,0.552198,1.11875,768,64x64,7,6.033899457366197,12.973514847541198,2048,192x192,10,1.8849981800824636,3.1172648505374996,2048,96x96,10,2.5d,"{'from': 'Chiplet_5', 'to': 'Chiplet_3', 'connection_type': '2.5d_emib', 'loc': '2.5d_chiplet'},{'from': 'Chiplet_5', 'to': 'Chiplet_1', 'connection_type': '2.5d_emib', 'loc': '2.5d_chiplet'},{'from': 'Chiplet_3', 'to': 'Chiplet_1', 'connection_type': '2.5d_emib', 'loc': '2.5d_chiplet'},{'from': 'Chiplet_3', 'to': 'Chiplet_5', 'connection_type': '2.5d_emib', 'loc': '2.5d_chiplet'},{'from': 'Chiplet_1', 'to': 'Chiplet_2', 'connection_type': '2.5d_emib', 'loc': '2.5d_chiplet'},{'from': 'Chiplet_1', 'to': 'Chiplet_4', 'connection_type': '2.5d_emib', 'loc': '2.5d_chiplet'},{'from': 'Chiplet_1', 'to': 'Chiplet_5', 'connection_type': '2.5d_emib', 'loc': '2.5d_chiplet'},{'from': 'Chiplet_1', 'to': 'Chiplet_3', 'connection_type': '2.5d_emib', 'loc': '2.5d_chiplet'},{'from': 'Chiplet_1', 'to': 'Chiplet_6', 'connection_type': '2.5d_emib', 'loc': '2.5d_chiplet'},{'from': 'Chiplet_4', 'to': 'Chiplet_2', 'connection_type': '2.5d_emib', 'loc': '2.5d_chiplet'},{'from': 'Chiplet_4', 'to': 'Chiplet_1', 'connection_type': '2.5d_emib', 'loc': '2.5d_chiplet'},{'from': 'Chiplet_6', 'to': 'Chiplet_2', 'connection_type': '2.5d_emib', 'loc': '2.5d_chiplet'},{'from': 'Chiplet_6', 'to': 'Chiplet_1', 'connection_type': '2.5d_emib', 'loc': '2.5d_chiplet'},{'from': 'Chiplet_2', 'to': 'Chiplet_1', 'connection_type': '2.5d_emib', 'loc': '2.5d_chiplet'},{'from': 'Chiplet_2', 'to': 'Chiplet_6', 'connection_type': '2.5d_emib', 'loc': '2.5d_chiplet'},{'from': 'Chiplet_2', 'to': 'Chiplet_4', 'connection_type': '2.5d_emib', 'loc': '2.5d_chiplet'}",3,2,1,1,7,2,hbm3,ucie_adv,na,1,0,ws,0,0,0
194,34.21494159293391,3535360.47,148642.53381111447,1251413317.2198086,25373.21389793703,37228.562974282075,194,3.432469952,10.4826,2048,192x192,7,0.916436759447044,1.3845915837374998,1024,64x64,10,3.2571509657793953,3.8395579270749995,1536,96x96,14,6.975099908490179,6.821646341899999,4096,128x128,14,0.46559300000000003,1.11875,512,64x64,7,6.975099908490179,6.821646341899999,4096,128x128,14,2.5d_3d,"{'from': 'Chiplet_4', 'to': 'Chiplet_2', 'connection_type': '3d_u_bump', 'loc': 'stack0_base'},{'from': 'Chiplet_2', 'to': 'na', 'connection_type': '3d_u_bump', 'loc': 'stack0_top'},{'from': 'Chiplet_4', 'to': 'Chiplet_1', 'connection_type': '2.5d_emib', 'loc': '2.5d_chiplet'},{'from': 'Chiplet_4', 'to': 'Chiplet_6', 'connection_type': '2.5d_emib', 'loc': '2.5d_chiplet'},{'from': 'Chiplet_1', 'to': 'Chiplet_3', 'connection_type': '2.5d_emib', 'loc': '2.5d_chiplet'},{'from': 'Chiplet_1', 'to': 'Chiplet_4', 'connection_type': '2.5d_emib', 'loc': '2.5d_chiplet'},{'from': 'Chiplet_6', 'to': 'Chiplet_3', 'connection_type': '2.5d_emib', 'loc': '2.5d_chiplet'},{'from': 'Chiplet_6', 'to': 'Chiplet_4', 'connection_type': '2.5d_emib', 'loc': '2.5d_chiplet'},{'from': 'Chiplet_6', 'to': 'Chiplet_5', 'connection_type': '2.5d_emib', 'loc': '2.5d_chiplet'},{'from': 'Chiplet_3', 'to': 'Chiplet_1', 'connection_type': '2.5d_emib', 'loc': '2.5d_chiplet'},{'from': 'Chiplet_3', 'to': 'Chiplet_6', 'connection_type': '2.5d_emib', 'loc': '2.5d_chiplet'},{'from': 'Chiplet_3', 'to': 'Chiplet_5', 'connection_type': '2.5d_emib', 'loc': '2.5d_chiplet'},{'from': 'Chiplet_5', 'to': 'Chiplet_3', 'connection_type': '2.5d_emib', 'loc': '2.5d_chiplet'},{'from': 'Chiplet_5', 'to': 'Chiplet_6', 'connection_type': '2.5d_emib', 'loc': '2.5d_chiplet'}",1,1,1,2,1,2,ddr5,bow,ucie_3d,1,0,os,0,0,0
195,30.087588308519578,3014188.36,80021.92816588467,776507371.4649205,116262.36399998404,98402.46668501377,195,1.8849981800824636,3.1172648505374996,2048,96x96,10,1.249405813087535,1.7054115854749998,256,64x64,14,6.033899457366197,12.973514847541198,2048,192x192,10,1.51595254,4.475,1024,128x128,7,0.552198,1.11875,768,64x64,7,11.481175603606792,15.979573171754398,2048,192x192,14,2.5d,"{'from': 'Chiplet_6', 'to': 'Chiplet_3', 'connection_type': '2.5d_rdl', 'loc': '2.5d_chiplet'},{'from': 'Chiplet_6', 'to': 'Chiplet_1', 'connection_type': '2.5d_rdl', 'loc': '2.5d_chiplet'},{'from': 'Chiplet_6', 'to': 'Chiplet_5', 'connection_type': '2.5d_rdl', 'loc': '2.5d_chiplet'},{'from': 'Chiplet_3', 'to': 'Chiplet_1', 'connection_type': '2.5d_rdl', 'loc': '2.5d_chiplet'},{'from': 'Chiplet_3', 'to': 'Chiplet_6', 'connection_type': '2.5d_rdl', 'loc': '2.5d_chiplet'},{'from': 'Chiplet_3', 'to': 'Chiplet_4', 'connection_type': '2.5d_rdl', 'loc': '2.5d_chiplet'},{'from': 'Chiplet_1', 'to': 'Chiplet_2', 'connection_type': '2.5d_rdl', 'loc': '2.5d_chiplet'},{'from': 'Chiplet_1', 'to': 'Chiplet_4', 'connection_type': '2.5d_rdl', 'loc': '2.5d_chiplet'},{'from': 'Chiplet_1', 'to': 'Chiplet_5', 'connection_type': '2.5d_rdl', 'loc': '2.5d_chiplet'},{'from': 'Chiplet_1', 'to': 'Chiplet_3', 'connection_type': '2.5d_rdl', 'loc': '2.5d_chiplet'},{'from': 'Chiplet_1', 'to': 'Chiplet_6', 'connection_type': '2.5d_rdl', 'loc': '2.5d_chiplet'},{'from': 'Chiplet_5', 'to': 'Chiplet_1', 'connection_type': '2.5d_rdl', 'loc': '2.5d_chiplet'},{'from': 'Chiplet_5', 'to': 'Chiplet_6', 'connection_type': '2.5d_rdl', 'loc': '2.5d_chiplet'},{'from': 'Chiplet_4', 'to': 'Chiplet_3', 'connection_type': '2.5d_rdl', 'loc': '2.5d_chiplet'},{'from': 'Chiplet_4', 'to': 'Chiplet_1', 'connection_type': '2.5d_rdl', 'loc': '2.5d_chiplet'},{'from': 'Chiplet_4', 'to': 'Chiplet_2', 'connection_type': '2.5d_rdl', 'loc': '2.5d_chiplet'},{'from': 'Chiplet_2', 'to': 'Chiplet_1', 'connection_type': '2.5d_rdl', 'loc': '2.5d_chiplet'},{'from': 'Chiplet_2', 'to': 'Chiplet_4', 'connection_type': '2.5d_rdl', 'loc': '2.5d_chiplet'}",1,1,1,1,1,3,ddr5,ucie_std,na,0,0,ws,1,0,0
196,23.266939620147944,2045059.86,53242.7454525915,2474515459.2767224,44511.04575163398,64939.75714237363,196,4.9976252555201786,6.821646341899999,1024,128x128,14,1.8849981800824636,3.1172648505374996,2048,96x96,10,1.51595254,4.475,1024,128x128,7,0.656621759447044,1.3845915837374998,256,64x64,10,4.9976252555201786,6.821646341899999,1024,128x128,14,0.638803,1.11875,1024,64x64,7,2.5d,"{'from': 'Chiplet_1', 'to': 'Chiplet_2', 'connection_type': '2.5d_rdl', 'loc': '2.5d_chiplet'},{'from': 'Chiplet_1', 'to': 'Chiplet_6', 'connection_type': '2.5d_rdl', 'loc': '2.5d_chiplet'},{'from': 'Chiplet_1', 'to': 'Chiplet_5', 'connection_type': '2.5d_rdl', 'loc': '2.5d_chiplet'},{'from': 'Chiplet_2', 'to': 'Chiplet_1', 'connection_type': '2.5d_rdl', 'loc': '2.5d_chiplet'},{'from': 'Chiplet_2', 'to': 'Chiplet_6', 'connection_type': '2.5d_rdl', 'loc': '2.5d_chiplet'},{'from': 'Chiplet_6', 'to': 'Chiplet_2', 'connection_type': '2.5d_rdl', 'loc': '2.5d_chiplet'},{'from': 'Chiplet_6', 'to': 'Chiplet_1', 'connection_type': '2.5d_rdl', 'loc': '2.5d_chiplet'},{'from': 'Chiplet_5', 'to': 'Chiplet_3', 'connection_type': '2.5d_rdl', 'loc': '2.5d_chiplet'},{'from': 'Chiplet_5', 'to': 'Chiplet_1', 'connection_type': '2.5d_rdl', 'loc': '2.5d_chiplet'},{'from': 'Chiplet_5', 'to': 'Chiplet_4', 'connection_type': '2.5d_rdl', 'loc': '2.5d_chiplet'},{'from': 'Chiplet_3', 'to': 'Chiplet_4', 'connection_type': '2.5d_rdl', 'loc': '2.5d_chiplet'},{'from': 'Chiplet_3', 'to': 'Chiplet_5', 'connection_type': '2.5d_rdl', 'loc': '2.5d_chiplet'},{'from': 'Chiplet_4', 'to': 'Chiplet_3', 'connection_type': '2.5d_rdl', 'loc': '2.5d_chiplet'},{'from': 'Chiplet_4', 'to': 'Chiplet_5', 'connection_type': '2.5d_rdl', 'loc': '2.5d_chiplet'}",2,1,1,1,2,1,ddr4,ucie_std,na,0,0,is,0,0,0
197,23.451505950826963,3185087.33,73080.0941158486,1593798981.8062098,26692.448330683626,46758.45426971635,197,6.033899457366197,12.973514847541198,2048,192x192,10,4.1253109519999995,10.4826,4096,192x192,7,1.7117881800824635,3.1172648505374996,1536,96x96,10,0.743226759447044,1.3845915837374998,512,64x64,10,2.20879254,4.475,3072,128x128,7,1.5385781800824634,3.1172648505374996,1024,96x96,10,2.5d_3d,"{'from': 'Chiplet_5', 'to': 'Chiplet_6', 'connection_type': '3d_u_bump', 'loc': 'stack0_base'},{'from': 'Chiplet_6', 'to': 'na', 'connection_type': '3d_u_bump', 'loc': 'stack0_top'},{'from': 'Chiplet_1', 'to': 'Chiplet_2', 'connection_type': '2.5d_rdl', 'loc': '2.5d_chiplet'},{'from': 'Chiplet_1', 'to': 'Chiplet_3', 'connection_type': '2.5d_rdl', 'loc': '2.5d_chiplet'},{'from': 'Chiplet_1', 'to': 'Chiplet_5', 'connection_type': '2.5d_rdl', 'loc': '2.5d_chiplet'},{'from': 'Chiplet_3', 'to': 'Chiplet_1', 'connection_type': '2.5d_rdl', 'loc': '2.5d_chiplet'},{'from': 'Chiplet_3', 'to': 'Chiplet_5', 'connection_type': '2.5d_rdl', 'loc': '2.5d_chiplet'},{'from': 'Chiplet_2', 'to': 'Chiplet_1', 'connection_type': '2.5d_rdl', 'loc': '2.5d_chiplet'},{'from': 'Chiplet_2', 'to': 'Chiplet_4', 'connection_type': '2.5d_rdl', 'loc': '2.5d_chiplet'},{'from': 'Chiplet_2', 'to': 'Chiplet_5', 'connection_type': '2.5d_rdl', 'loc': '2.5d_chiplet'},{'from': 'Chiplet_5', 'to': 'Chiplet_3', 'connection_type': '2.5d_rdl', 'loc': '2.5d_chiplet'},{'from': 'Chiplet_5', 'to': 'Chiplet_1', 'connection_type': '2.5d_rdl', 'loc': '2.5d_chiplet'},{'from': 'Chiplet_5', 'to': 'Chiplet_4', 'connection_type': '2.5d_rdl', 'loc': '2.5d_chiplet'},{'from': 'Chiplet_5', 'to': 'Chiplet_2', 'connection_type': '2.5d_rdl', 'loc': '2.5d_chiplet'},{'from': 'Chiplet_4', 'to': 'Chiplet_2', 'connection_type': '2.5d_rdl', 'loc': '2.5d_chiplet'},{'from': 'Chiplet_4', 'to': 'Chiplet_5', 'connection_type': '2.5d_rdl', 'loc': '2.5d_chiplet'}",2,2,1,1,1,1,ddr4,ucie_std,ucie_3d,1,0,is,0,0,0
198,23.39632383539404,3015341.93,126292.15507208774,836484407.3302057,103407.44683244024,69130.11290647135,198,0.743226759447044,1.3845915837374998,512,64x64,10,4.818150952,10.4826,6144,192x192,7,6.315940422320179,6.821646341899999,3072,128x128,14,5.656782838920179,6.821646341899999,2048,128x128,14,0.656621759447044,1.3845915837374998,256,64x64,10,0.916436759447044,1.3845915837374998,1024,64x64,10,2.5d_3d,"{'from': 'Chiplet_6', 'to': 'Chiplet_1', 'connection_type': '3d_u_bump', 'loc': 'stack0_base'},{'from': 'Chiplet_1', 'to': 'Chiplet_5', 'connection_type': '3d_u_bump', 'loc': 'stack0_middle1'},{'from': 'Chiplet_5', 'to': 'na', 'connection_type': '3d_u_bump', 'loc': 'stack0_top'},{'from': 'Chiplet_3', 'to': 'Chiplet_6', 'connection_type': '2.5d_emib', 'loc': '2.5d_chiplet'},{'from': 'Chiplet_3', 'to': 'Chiplet_4', 'connection_type': '2.5d_emib', 'loc': '2.5d_chiplet'},{'from': 'Chiplet_6', 'to': 'Chiplet_2', 'connection_type': '2.5d_emib', 'loc': '2.5d_chiplet'},{'from': 'Chiplet_6', 'to': 'Chiplet_3', 'connection_type': '2.5d_emib', 'loc': '2.5d_chiplet'},{'from': 'Chiplet_4', 'to': 'Chiplet_3', 'connection_type': '2.5d_emib', 'loc': '2.5d_chiplet'},{'from': 'Chiplet_4', 'to': 'Chiplet_2', 'connection_type': '2.5d_emib', 'loc': '2.5d_chiplet'},{'from': 'Chiplet_2', 'to': 'Chiplet_4', 'connection_type': '2.5d_emib', 'loc': '2.5d_chiplet'},{'from': 'Chiplet_2', 'to': 'Chiplet_6', 'connection_type': '2.5d_emib', 'loc': '2.5d_chiplet'}",1,1,2,2,1,1,ddr5,ucie_adv,ucie_3d,1,0,ws,1,0,0
199,41.81954784760136,4134953.15,99851.4126579924,1135015451.735788,168874.185625816,164408.80484404432,199,3.665749090547913,5.538366334949999,4096,128x128,10,5.656782838920179,6.821646341899999,2048,128x128,14,6.726740457366197,12.973514847541198,4096,192x192,10,7.419580457366196,12.973514847541198,6144,192x192,10,0.46559300000000003,1.11875,512,64x64,7,6.315940422320179,6.821646341899999,3072,128x128,14,2.5d,"{'from': 'Chiplet_4', 'to': 'Chiplet_3', 'connection_type': '2.5d_rdl', 'loc': '2.5d_chiplet'},{'from': 'Chiplet_4', 'to': 'Chiplet_2', 'connection_type': '2.5d_rdl', 'loc': '2.5d_chiplet'},{'from': 'Chiplet_4', 'to': 'Chiplet_5', 'connection_type': '2.5d_rdl', 'loc': '2.5d_chiplet'},{'from': 'Chiplet_2', 'to': 'Chiplet_4', 'connection_type': '2.5d_rdl', 'loc': '2.5d_chiplet'},{'from': 'Chiplet_2', 'to': 'Chiplet_5', 'connection_type': '2.5d_rdl', 'loc': '2.5d_chiplet'},{'from': 'Chiplet_5', 'to': 'Chiplet_2', 'connection_type': '2.5d_rdl', 'loc': '2.5d_chiplet'},{'from': 'Chiplet_5', 'to': 'Chiplet_4', 'connection_type': '2.5d_rdl', 'loc': '2.5d_chiplet'},{'from': 'Chiplet_3', 'to': 'Chiplet_6', 'connection_type': '2.5d_rdl', 'loc': '2.5d_chiplet'},{'from': 'Chiplet_3', 'to': 'Chiplet_4', 'connection_type': '2.5d_rdl', 'loc': '2.5d_chiplet'},{'from': 'Chiplet_3', 'to': 'Chiplet_1', 'connection_type': '2.5d_rdl', 'loc': '2.5d_chiplet'},{'from': 'Chiplet_6', 'to': 'Chiplet_3', 'connection_type': '2.5d_rdl', 'loc': '2.5d_chiplet'},{'from': 'Chiplet_6', 'to': 'Chiplet_1', 'connection_type': '2.5d_rdl', 'loc': '2.5d_chiplet'},{'from': 'Chiplet_1', 'to': 'Chiplet_3', 'connection_type': '2.5d_rdl', 'loc': '2.5d_chiplet'},{'from': 'Chiplet_1', 'to': 'Chiplet_6', 'connection_type': '2.5d_rdl', 'loc': '2.5d_chiplet'}",1,1,2,2,1,1,ddr4,ucie_std,na,1,0,is,1,0,0
200,39.896388500828856,3708167.28,95400.66942834013,999660383.2092745,142299.413381101,108950.12695469747,200,15.436124909546791,15.979573171754398,8192,192x192,14,2.55521354,4.475,4096,128x128,7,1.8849981800824636,3.1172648505374996,2048,96x96,10,6.975099908490179,6.821646341899999,4096,128x128,14,1.3653681800824635,3.1172648505374996,512,96x96,10,0.46559300000000003,1.11875,512,64x64,7,2.5d,"{'from': 'Chiplet_1', 'to': 'Chiplet_2', 'connection_type': '2.5d_rdl', 'loc': '2.5d_chiplet'},{'from': 'Chiplet_1', 'to': 'Chiplet_6', 'connection_type': '2.5d_rdl', 'loc': '2.5d_chiplet'},{'from': 'Chiplet_1', 'to': 'Chiplet_4', 'connection_type': '2.5d_rdl', 'loc': '2.5d_chiplet'},{'from': 'Chiplet_4', 'to': 'Chiplet_2', 'connection_type': '2.5d_rdl', 'loc': '2.5d_chiplet'},{'from': 'Chiplet_4', 'to': 'Chiplet_1', 'connection_type': '2.5d_rdl', 'loc': '2.5d_chiplet'},{'from': 'Chiplet_4', 'to': 'Chiplet_3', 'connection_type': '2.5d_rdl', 'loc': '2.5d_chiplet'},{'from': 'Chiplet_2', 'to': 'Chiplet_1', 'connection_type': '2.5d_rdl', 'loc': '2.5d_chiplet'},{'from': 'Chiplet_2', 'to': 'Chiplet_4', 'connection_type': '2.5d_rdl', 'loc': '2.5d_chiplet'},{'from': 'Chiplet_2', 'to': 'Chiplet_5', 'connection_type': '2.5d_rdl', 'loc': '2.5d_chiplet'},{'from': 'Chiplet_2', 'to': 'Chiplet_3', 'connection_type': '2.5d_rdl', 'loc': '2.5d_chiplet'},{'from': 'Chiplet_2', 'to': 'Chiplet_6', 'connection_type': '2.5d_rdl', 'loc': '2.5d_chiplet'},{'from': 'Chiplet_6', 'to': 'Chiplet_2', 'connection_type': '2.5d_rdl', 'loc': '2.5d_chiplet'},{'from': 'Chiplet_6', 'to': 'Chiplet_1', 'connection_type': '2.5d_rdl', 'loc': '2.5d_chiplet'},{'from': 'Chiplet_3', 'to': 'Chiplet_2', 'connection_type': '2.5d_rdl', 'loc': '2.5d_chiplet'},{'from': 'Chiplet_3', 'to': 'Chiplet_4', 'connection_type': '2.5d_rdl', 'loc': '2.5d_chiplet'},{'from': 'Chiplet_3', 'to': 'Chiplet_5', 'connection_type': '2.5d_rdl', 'loc': '2.5d_chiplet'},{'from': 'Chiplet_5', 'to': 'Chiplet_2', 'connection_type': '2.5d_rdl', 'loc': '2.5d_chiplet'},{'from': 'Chiplet_5', 'to': 'Chiplet_3', 'connection_type': '2.5d_rdl', 'loc': '2.5d_chiplet'}",3,1,1,1,1,1,ddr5,ucie_std,na,0,0,is,1,0,0
201,24.57254213918843,5437007.51,121650.04821860284,667690403.7437642,18134.080784080783,29917.15306887464,201,0.378988,1.11875,256,64x64,7,5.5109919519999995,10.4826,8192,192x192,7,6.726740457366197,12.973514847541198,4096,192x192,10,2.972908090547913,5.538366334949999,2048,128x128,10,14.117807839976791,15.979573171754398,6144,192x192,14,6.975099908490179,6.821646341899999,4096,128x128,14,2.5d_3d,"{'from': 'Chiplet_6', 'to': 'Chiplet_3', 'connection_type': '3d_tsv', 'loc': 'stack0_base'},{'from': 'Chiplet_3', 'to': 'Chiplet_2', 'connection_type': '3d_tsv', 'loc': 'stack0_middle1'},{'from': 'Chiplet_2', 'to': 'Chiplet_4', 'connection_type': '3d_tsv', 'loc': 'stack0_middle2'},{'from': 'Chiplet_4', 'to': 'Chiplet_1', 'connection_type': '3d_tsv', 'loc': 'stack0_middle3'},{'from': 'Chiplet_1', 'to': 'na', 'connection_type': '3d_tsv', 'loc': 'stack0_top'},{'from': 'Chiplet_5', 'to': 'Chiplet_6', 'connection_type': '2.5d_rdl', 'loc': '2.5d_chiplet'},{'from': 'Chiplet_6', 'to': 'Chiplet_5', 'connection_type': '2.5d_rdl', 'loc': '2.5d_chiplet'}",1,2,3,1,6,3,hbm2,ucie_std,ucie_3d,1,0,ws,0,0,0
202,15.481264684722902,2324804.42,56125.28695823411,527073641.8585068,22920.27027027027,18487.281796727613,202,1.7117881800824635,3.1172648505374996,1536,96x96,10,1.7117881800824635,3.1172648505374996,1536,96x96,10,0.829831759447044,1.3845915837374998,768,64x64,10,5.5109919519999995,10.4826,8192,192x192,7,0.743226759447044,1.3845915837374998,512,64x64,10,0.916436759447044,1.3845915837374998,1024,64x64,10,2.5d,"{'from': 'Chiplet_4', 'to': 'Chiplet_2', 'connection_type': '2.5d_rdl', 'loc': '2.5d_chiplet'},{'from': 'Chiplet_4', 'to': 'Chiplet_1', 'connection_type': '2.5d_rdl', 'loc': '2.5d_chiplet'},{'from': 'Chiplet_1', 'to': 'Chiplet_2', 'connection_type': '2.5d_rdl', 'loc': '2.5d_chiplet'},{'from': 'Chiplet_1', 'to': 'Chiplet_6', 'connection_type': '2.5d_rdl', 'loc': '2.5d_chiplet'},{'from': 'Chiplet_1', 'to': 'Chiplet_4', 'connection_type': '2.5d_rdl', 'loc': '2.5d_chiplet'},{'from': 'Chiplet_6', 'to': 'Chiplet_3', 'connection_type': '2.5d_rdl', 'loc': '2.5d_chiplet'},{'from': 'Chiplet_6', 'to': 'Chiplet_1', 'connection_type': '2.5d_rdl', 'loc': '2.5d_chiplet'},{'from': 'Chiplet_2', 'to': 'Chiplet_3', 'connection_type': '2.5d_rdl', 'loc': '2.5d_chiplet'},{'from': 'Chiplet_2', 'to': 'Chiplet_1', 'connection_type': '2.5d_rdl', 'loc': '2.5d_chiplet'},{'from': 'Chiplet_2', 'to': 'Chiplet_4', 'connection_type': '2.5d_rdl', 'loc': '2.5d_chiplet'},{'from': 'Chiplet_2', 'to': 'Chiplet_5', 'connection_type': '2.5d_rdl', 'loc': '2.5d_chiplet'},{'from': 'Chiplet_3', 'to': 'Chiplet_2', 'connection_type': '2.5d_rdl', 'loc': '2.5d_chiplet'},{'from': 'Chiplet_3', 'to': 'Chiplet_6', 'connection_type': '2.5d_rdl', 'loc': '2.5d_chiplet'},{'from': 'Chiplet_3', 'to': 'Chiplet_5', 'connection_type': '2.5d_rdl', 'loc': '2.5d_chiplet'},{'from': 'Chiplet_5', 'to': 'Chiplet_2', 'connection_type': '2.5d_rdl', 'loc': '2.5d_chiplet'},{'from': 'Chiplet_5', 'to': 'Chiplet_3', 'connection_type': '2.5d_rdl', 'loc': '2.5d_chiplet'}",3,2,1,8,1,1,hbm2,ucie_std,na,1,0,os,0,0,0
203,20.701942086905326,2332527.95,160183.42626513325,1245756307.3792896,25333.126280314544,34787.29046306439,203,0.46559300000000003,1.11875,512,64x64,7,2.20879254,4.475,3072,128x128,7,7.419580457366196,12.973514847541198,6144,192x192,10,1.578984604787535,1.7054115854749998,768,64x64,14,0.916436759447044,1.3845915837374998,1024,64x64,10,2.597993382379395,3.8395579270749995,512,96x96,14,2.5d,"{'from': 'Chiplet_3', 'to': 'Chiplet_2', 'connection_type': '2.5d_emib', 'loc': '2.5d_chiplet'},{'from': 'Chiplet_3', 'to': 'Chiplet_6', 'connection_type': '2.5d_emib', 'loc': '2.5d_chiplet'},{'from': 'Chiplet_6', 'to': 'Chiplet_3', 'connection_type': '2.5d_emib', 'loc': '2.5d_chiplet'},{'from': 'Chiplet_6', 'to': 'Chiplet_1', 'connection_type': '2.5d_emib', 'loc': '2.5d_chiplet'},{'from': 'Chiplet_6', 'to': 'Chiplet_2', 'connection_type': '2.5d_emib', 'loc': '2.5d_chiplet'},{'from': 'Chiplet_6', 'to': 'Chiplet_5', 'connection_type': '2.5d_emib', 'loc': '2.5d_chiplet'},{'from': 'Chiplet_5', 'to': 'Chiplet_1', 'connection_type': '2.5d_emib', 'loc': '2.5d_chiplet'},{'from': 'Chiplet_5', 'to': 'Chiplet_6', 'connection_type': '2.5d_emib', 'loc': '2.5d_chiplet'},{'from': 'Chiplet_1', 'to': 'Chiplet_4', 'connection_type': '2.5d_emib', 'loc': '2.5d_chiplet'},{'from': 'Chiplet_1', 'to': 'Chiplet_6', 'connection_type': '2.5d_emib', 'loc': '2.5d_chiplet'},{'from': 'Chiplet_1', 'to': 'Chiplet_5', 'connection_type': '2.5d_emib', 'loc': '2.5d_chiplet'},{'from': 'Chiplet_2', 'to': 'Chiplet_3', 'connection_type': '2.5d_emib', 'loc': '2.5d_chiplet'},{'from': 'Chiplet_2', 'to': 'Chiplet_6', 'connection_type': '2.5d_emib', 'loc': '2.5d_chiplet'},{'from': 'Chiplet_2', 'to': 'Chiplet_4', 'connection_type': '2.5d_emib', 'loc': '2.5d_chiplet'},{'from': 'Chiplet_4', 'to': 'Chiplet_2', 'connection_type': '2.5d_emib', 'loc': '2.5d_chiplet'},{'from': 'Chiplet_4', 'to': 'Chiplet_1', 'connection_type': '2.5d_emib', 'loc': '2.5d_chiplet'}",1,1,3,1,1,1,ddr5,ucie_adv,na,0,0,ws,0,0,0
204,65.71170143799982,6379402.19,118357.26353270978,486300603.05230254,235337.46239717532,257214.2491840946,204,2.6264880905479133,5.538366334949999,1024,128x128,10,1.3653681800824635,3.1172648505374996,512,96x96,10,15.436124909546791,15.979573171754398,8192,192x192,14,6.726740457366197,12.973514847541198,4096,192x192,10,6.033899457366197,12.973514847541198,2048,192x192,10,4.9976252555201786,6.821646341899999,1024,128x128,14,2.5d,"{'from': 'Chiplet_3', 'to': 'Chiplet_1', 'connection_type': '2.5d_rdl', 'loc': '2.5d_chiplet'},{'from': 'Chiplet_3', 'to': 'Chiplet_4', 'connection_type': '2.5d_rdl', 'loc': '2.5d_chiplet'},{'from': 'Chiplet_1', 'to': 'Chiplet_3', 'connection_type': '2.5d_rdl', 'loc': '2.5d_chiplet'},{'from': 'Chiplet_1', 'to': 'Chiplet_4', 'connection_type': '2.5d_rdl', 'loc': '2.5d_chiplet'},{'from': 'Chiplet_1', 'to': 'Chiplet_5', 'connection_type': '2.5d_rdl', 'loc': '2.5d_chiplet'},{'from': 'Chiplet_4', 'to': 'Chiplet_3', 'connection_type': '2.5d_rdl', 'loc': '2.5d_chiplet'},{'from': 'Chiplet_4', 'to': 'Chiplet_1', 'connection_type': '2.5d_rdl', 'loc': '2.5d_chiplet'},{'from': 'Chiplet_4', 'to': 'Chiplet_2', 'connection_type': '2.5d_rdl', 'loc': '2.5d_chiplet'},{'from': 'Chiplet_4', 'to': 'Chiplet_5', 'connection_type': '2.5d_rdl', 'loc': '2.5d_chiplet'},{'from': 'Chiplet_2', 'to': 'Chiplet_6', 'connection_type': '2.5d_rdl', 'loc': '2.5d_chiplet'},{'from': 'Chiplet_2', 'to': 'Chiplet_4', 'connection_type': '2.5d_rdl', 'loc': '2.5d_chiplet'},{'from': 'Chiplet_5', 'to': 'Chiplet_1', 'connection_type': '2.5d_rdl', 'loc': '2.5d_chiplet'},{'from': 'Chiplet_5', 'to': 'Chiplet_6', 'connection_type': '2.5d_rdl', 'loc': '2.5d_chiplet'},{'from': 'Chiplet_5', 'to': 'Chiplet_4', 'connection_type': '2.5d_rdl', 'loc': '2.5d_chiplet'},{'from': 'Chiplet_6', 'to': 'Chiplet_2', 'connection_type': '2.5d_rdl', 'loc': '2.5d_chiplet'},{'from': 'Chiplet_6', 'to': 'Chiplet_5', 'connection_type': '2.5d_rdl', 'loc': '2.5d_chiplet'}",1,1,7,3,2,2,hbm2,ucie_std,na,0,0,ws,1,0,0
205,36.61973790837101,4721866.05,190047.58659681093,425214150.30628854,153734.41776199895,131323.5493015394,205,7.419580457366196,12.973514847541198,6144,192x192,10,0.46559300000000003,1.11875,512,64x64,7,2.972908090547913,5.538366334949999,2048,128x128,10,1.7117881800824635,3.1172648505374996,1536,96x96,10,3.432469952,10.4826,2048,192x192,7,4.818150952,10.4826,6144,192x192,7,2.5d,"{'from': 'Chiplet_1', 'to': 'Chiplet_3', 'connection_type': '2.5d_emib', 'loc': '2.5d_chiplet'},{'from': 'Chiplet_1', 'to': 'Chiplet_6', 'connection_type': '2.5d_emib', 'loc': '2.5d_chiplet'},{'from': 'Chiplet_3', 'to': 'Chiplet_1', 'connection_type': '2.5d_emib', 'loc': '2.5d_chiplet'},{'from': 'Chiplet_3', 'to': 'Chiplet_6', 'connection_type': '2.5d_emib', 'loc': '2.5d_chiplet'},{'from': 'Chiplet_3', 'to': 'Chiplet_5', 'connection_type': '2.5d_emib', 'loc': '2.5d_chiplet'},{'from': 'Chiplet_6', 'to': 'Chiplet_2', 'connection_type': '2.5d_emib', 'loc': '2.5d_chiplet'},{'from': 'Chiplet_6', 'to': 'Chiplet_1', 'connection_type': '2.5d_emib', 'loc': '2.5d_chiplet'},{'from': 'Chiplet_6', 'to': 'Chiplet_4', 'connection_type': '2.5d_emib', 'loc': '2.5d_chiplet'},{'from': 'Chiplet_6', 'to': 'Chiplet_5', 'connection_type': '2.5d_emib', 'loc': '2.5d_chiplet'},{'from': 'Chiplet_6', 'to': 'Chiplet_3', 'connection_type': '2.5d_emib', 'loc': '2.5d_chiplet'},{'from': 'Chiplet_2', 'to': 'Chiplet_4', 'connection_type': '2.5d_emib', 'loc': '2.5d_chiplet'},{'from': 'Chiplet_2', 'to': 'Chiplet_6', 'connection_type': '2.5d_emib', 'loc': '2.5d_chiplet'},{'from': 'Chiplet_5', 'to': 'Chiplet_3', 'connection_type': '2.5d_emib', 'loc': '2.5d_chiplet'},{'from': 'Chiplet_5', 'to': 'Chiplet_6', 'connection_type': '2.5d_emib', 'loc': '2.5d_chiplet'},{'from': 'Chiplet_5', 'to': 'Chiplet_4', 'connection_type': '2.5d_emib', 'loc': '2.5d_chiplet'},{'from': 'Chiplet_4', 'to': 'Chiplet_2', 'connection_type': '2.5d_emib', 'loc': '2.5d_chiplet'},{'from': 'Chiplet_4', 'to': 'Chiplet_6', 'connection_type': '2.5d_emib', 'loc': '2.5d_chiplet'},{'from': 'Chiplet_4', 'to': 'Chiplet_5', 'connection_type': '2.5d_emib', 'loc': '2.5d_chiplet'}",5,1,2,1,3,4,hbm3,bow,na,0,0,os,1,0,0
206,23.839181053304614,3675322.28,83844.57447317673,581489898.203751,8562.406593406593,15541.011409204692,206,1.131132696,2.51875,1536,96x96,7,5.5109919519999995,10.4826,8192,192x192,7,5.5109919519999995,10.4826,8192,192x192,7,0.378988,1.11875,256,64x64,7,1.578984604787535,1.7054115854749998,768,64x64,14,1.51595254,4.475,1024,128x128,7,2.5d,"{'from': 'Chiplet_2', 'to': 'Chiplet_3', 'connection_type': '2.5d_rdl', 'loc': '2.5d_chiplet'},{'from': 'Chiplet_2', 'to': 'Chiplet_4', 'connection_type': '2.5d_rdl', 'loc': '2.5d_chiplet'},{'from': 'Chiplet_2', 'to': 'Chiplet_5', 'connection_type': '2.5d_rdl', 'loc': '2.5d_chiplet'},{'from': 'Chiplet_5', 'to': 'Chiplet_2', 'connection_type': '2.5d_rdl', 'loc': '2.5d_chiplet'},{'from': 'Chiplet_5', 'to': 'Chiplet_4', 'connection_type': '2.5d_rdl', 'loc': '2.5d_chiplet'},{'from': 'Chiplet_4', 'to': 'Chiplet_2', 'connection_type': '2.5d_rdl', 'loc': '2.5d_chiplet'},{'from': 'Chiplet_4', 'to': 'Chiplet_5', 'connection_type': '2.5d_rdl', 'loc': '2.5d_chiplet'},{'from': 'Chiplet_3', 'to': 'Chiplet_2', 'connection_type': '2.5d_rdl', 'loc': '2.5d_chiplet'},{'from': 'Chiplet_3', 'to': 'Chiplet_1', 'connection_type': '2.5d_rdl', 'loc': '2.5d_chiplet'},{'from': 'Chiplet_3', 'to': 'Chiplet_6', 'connection_type': '2.5d_rdl', 'loc': '2.5d_chiplet'},{'from': 'Chiplet_6', 'to': 'Chiplet_3', 'connection_type': '2.5d_rdl', 'loc': '2.5d_chiplet'},{'from': 'Chiplet_6', 'to': 'Chiplet_1', 'connection_type': '2.5d_rdl', 'loc': '2.5d_chiplet'},{'from': 'Chiplet_1', 'to': 'Chiplet_3', 'connection_type': '2.5d_rdl', 'loc': '2.5d_chiplet'},{'from': 'Chiplet_1', 'to': 'Chiplet_6', 'connection_type': '2.5d_rdl', 'loc': '2.5d_chiplet'}",1,6,5,1,2,1,hbm3,ucie_std,na,0,0,os,0,0,0
207,51.21842051982547,6207526.88,110000.89274701357,669385080.348886,13618.333333333332,23189.53047563496,207,0.829831759447044,1.3845915837374998,768,64x64,10,1.304342696,2.51875,2048,96x96,7,1.8849981800824636,3.1172648505374996,2048,96x96,10,2.55521354,4.475,4096,128x128,7,14.117807839976791,15.979573171754398,6144,192x192,14,12.799492673176792,15.979573171754398,4096,192x192,14,2.5d_3d,"{'from': 'Chiplet_6', 'to': 'Chiplet_2', 'connection_type': '3d_hyb_bond', 'loc': 'stack0_base'},{'from': 'Chiplet_2', 'to': 'na', 'connection_type': '3d_hyb_bond', 'loc': 'stack0_top'},{'from': 'Chiplet_5', 'to': 'Chiplet_3', 'connection_type': '2.5d_rdl', 'loc': '2.5d_chiplet'},{'from': 'Chiplet_5', 'to': 'Chiplet_4', 'connection_type': '2.5d_rdl', 'loc': '2.5d_chiplet'},{'from': 'Chiplet_5', 'to': 'Chiplet_6', 'connection_type': '2.5d_rdl', 'loc': '2.5d_chiplet'},{'from': 'Chiplet_3', 'to': 'Chiplet_4', 'connection_type': '2.5d_rdl', 'loc': '2.5d_chiplet'},{'from': 'Chiplet_3', 'to': 'Chiplet_5', 'connection_type': '2.5d_rdl', 'loc': '2.5d_chiplet'},{'from': 'Chiplet_6', 'to': 'Chiplet_1', 'connection_type': '2.5d_rdl', 'loc': '2.5d_chiplet'},{'from': 'Chiplet_6', 'to': 'Chiplet_4', 'connection_type': '2.5d_rdl', 'loc': '2.5d_chiplet'},{'from': 'Chiplet_6', 'to': 'Chiplet_5', 'connection_type': '2.5d_rdl', 'loc': '2.5d_chiplet'},{'from': 'Chiplet_4', 'to': 'Chiplet_3', 'connection_type': '2.5d_rdl', 'loc': '2.5d_chiplet'},{'from': 'Chiplet_4', 'to': 'Chiplet_1', 'connection_type': '2.5d_rdl', 'loc': '2.5d_chiplet'},{'from': 'Chiplet_4', 'to': 'Chiplet_6', 'connection_type': '2.5d_rdl', 'loc': '2.5d_chiplet'},{'from': 'Chiplet_4', 'to': 'Chiplet_5', 'connection_type': '2.5d_rdl', 'loc': '2.5d_chiplet'},{'from': 'Chiplet_1', 'to': 'Chiplet_6', 'connection_type': '2.5d_rdl', 'loc': '2.5d_chiplet'},{'from': 'Chiplet_1', 'to': 'Chiplet_4', 'connection_type': '2.5d_rdl', 'loc': '2.5d_chiplet'}",1,1,1,1,6,6,hbm2,ucie_std,ucie_3d,0,0,os,0,0,0
208,65.10210778279838,7050638.97,141896.801826715,511981029.00199205,9513.785103785103,19782.385651355235,208,15.436124909546791,15.979573171754398,8192,192x192,14,6.975099908490179,6.821646341899999,4096,128x128,14,4.818150952,10.4826,6144,192x192,7,2.6264880905479133,5.538366334949999,1024,128x128,10,11.481175603606792,15.979573171754398,2048,192x192,14,2.20879254,4.475,3072,128x128,7,2.5d,"{'from': 'Chiplet_1', 'to': 'Chiplet_2', 'connection_type': '2.5d_rdl', 'loc': '2.5d_chiplet'},{'from': 'Chiplet_1', 'to': 'Chiplet_6', 'connection_type': '2.5d_rdl', 'loc': '2.5d_chiplet'},{'from': 'Chiplet_1', 'to': 'Chiplet_3', 'connection_type': '2.5d_rdl', 'loc': '2.5d_chiplet'},{'from': 'Chiplet_1', 'to': 'Chiplet_5', 'connection_type': '2.5d_rdl', 'loc': '2.5d_chiplet'},{'from': 'Chiplet_3', 'to': 'Chiplet_1', 'connection_type': '2.5d_rdl', 'loc': '2.5d_chiplet'},{'from': 'Chiplet_3', 'to': 'Chiplet_6', 'connection_type': '2.5d_rdl', 'loc': '2.5d_chiplet'},{'from': 'Chiplet_6', 'to': 'Chiplet_3', 'connection_type': '2.5d_rdl', 'loc': '2.5d_chiplet'},{'from': 'Chiplet_6', 'to': 'Chiplet_1', 'connection_type': '2.5d_rdl', 'loc': '2.5d_chiplet'},{'from': 'Chiplet_5', 'to': 'Chiplet_2', 'connection_type': '2.5d_rdl', 'loc': '2.5d_chiplet'},{'from': 'Chiplet_5', 'to': 'Chiplet_1', 'connection_type': '2.5d_rdl', 'loc': '2.5d_chiplet'},{'from': 'Chiplet_5', 'to': 'Chiplet_4', 'connection_type': '2.5d_rdl', 'loc': '2.5d_chiplet'},{'from': 'Chiplet_2', 'to': 'Chiplet_1', 'connection_type': '2.5d_rdl', 'loc': '2.5d_chiplet'},{'from': 'Chiplet_2', 'to': 'Chiplet_4', 'connection_type': '2.5d_rdl', 'loc': '2.5d_chiplet'},{'from': 'Chiplet_2', 'to': 'Chiplet_5', 'connection_type': '2.5d_rdl', 'loc': '2.5d_chiplet'},{'from': 'Chiplet_4', 'to': 'Chiplet_2', 'connection_type': '2.5d_rdl', 'loc': '2.5d_chiplet'},{'from': 'Chiplet_4', 'to': 'Chiplet_5', 'connection_type': '2.5d_rdl', 'loc': '2.5d_chiplet'}",6,2,2,1,4,1,hbm3,ucie_std,na,1,0,os,0,0,0
209,15.06182400694763,2304746.44,155456.18846452318,390547021.45655346,21132.034976152623,15997.660300346197,209,2.6264880905479133,5.538366334949999,1024,128x128,10,0.829831759447044,1.3845915837374998,768,64x64,10,0.916436759447044,1.3845915837374998,1024,64x64,10,1.304342696,2.51875,2048,96x96,7,0.916436759447044,1.3845915837374998,1024,64x64,10,4.1253109519999995,10.4826,4096,192x192,7,2.5d,"{'from': 'Chiplet_6', 'to': 'Chiplet_1', 'connection_type': '2.5d_emib', 'loc': '2.5d_chiplet'},{'from': 'Chiplet_6', 'to': 'Chiplet_4', 'connection_type': '2.5d_emib', 'loc': '2.5d_chiplet'},{'from': 'Chiplet_6', 'to': 'Chiplet_5', 'connection_type': '2.5d_emib', 'loc': '2.5d_chiplet'},{'from': 'Chiplet_5', 'to': 'Chiplet_6', 'connection_type': '2.5d_emib', 'loc': '2.5d_chiplet'},{'from': 'Chiplet_5', 'to': 'Chiplet_4', 'connection_type': '2.5d_emib', 'loc': '2.5d_chiplet'},{'from': 'Chiplet_1', 'to': 'Chiplet_3', 'connection_type': '2.5d_emib', 'loc': '2.5d_chiplet'},{'from': 'Chiplet_1', 'to': 'Chiplet_4', 'connection_type': '2.5d_emib', 'loc': '2.5d_chiplet'},{'from': 'Chiplet_1', 'to': 'Chiplet_6', 'connection_type': '2.5d_emib', 'loc': '2.5d_chiplet'},{'from': 'Chiplet_4', 'to': 'Chiplet_2', 'connection_type': '2.5d_emib', 'loc': '2.5d_chiplet'},{'from': 'Chiplet_4', 'to': 'Chiplet_1', 'connection_type': '2.5d_emib', 'loc': '2.5d_chiplet'},{'from': 'Chiplet_4', 'to': 'Chiplet_5', 'connection_type': '2.5d_emib', 'loc': '2.5d_chiplet'},{'from': 'Chiplet_4', 'to': 'Chiplet_3', 'connection_type': '2.5d_emib', 'loc': '2.5d_chiplet'},{'from': 'Chiplet_4', 'to': 'Chiplet_6', 'connection_type': '2.5d_emib', 'loc': '2.5d_chiplet'},{'from': 'Chiplet_3', 'to': 'Chiplet_2', 'connection_type': '2.5d_emib', 'loc': '2.5d_chiplet'},{'from': 'Chiplet_3', 'to': 'Chiplet_1', 'connection_type': '2.5d_emib', 'loc': '2.5d_chiplet'},{'from': 'Chiplet_3', 'to': 'Chiplet_4', 'connection_type': '2.5d_emib', 'loc': '2.5d_chiplet'},{'from': 'Chiplet_2', 'to': 'Chiplet_3', 'connection_type': '2.5d_emib', 'loc': '2.5d_chiplet'},{'from': 'Chiplet_2', 'to': 'Chiplet_4', 'connection_type': '2.5d_emib', 'loc': '2.5d_chiplet'}",4,1,2,2,1,6,hbm3,aib,na,1,0,os,0,0,0
210,13.25274400474149,2545895.49,103415.67348726388,506244313.03302705,85990.40392723127,44248.71811599032,210,2.972908090547913,5.538366334949999,2048,128x128,10,0.638803,1.11875,1024,64x64,7,1.249405813087535,1.7054115854749998,256,64x64,14,0.829831759447044,1.3845915837374998,768,64x64,10,6.975099908490179,6.821646341899999,4096,128x128,14,3.3193280905479132,5.538366334949999,3072,128x128,10,2.5d_3d,"{'from': 'Chiplet_5', 'to': 'Chiplet_6', 'connection_type': '3d_hyb_bond', 'loc': 'stack0_base'},{'from': 'Chiplet_6', 'to': 'Chiplet_1', 'connection_type': '3d_hyb_bond', 'loc': 'stack0_middle1'},{'from': 'Chiplet_1', 'to': 'Chiplet_2', 'connection_type': '3d_hyb_bond', 'loc': 'stack0_middle2'},{'from': 'Chiplet_2', 'to': 'na', 'connection_type': '3d_hyb_bond', 'loc': 'stack0_top'},{'from': 'Chiplet_5', 'to': 'Chiplet_3', 'connection_type': '2.5d_emib', 'loc': '2.5d_chiplet'},{'from': 'Chiplet_5', 'to': 'Chiplet_4', 'connection_type': '2.5d_emib', 'loc': '2.5d_chiplet'},{'from': 'Chiplet_3', 'to': 'Chiplet_4', 'connection_type': '2.5d_emib', 'loc': '2.5d_chiplet'},{'from': 'Chiplet_3', 'to': 'Chiplet_5', 'connection_type': '2.5d_emib', 'loc': '2.5d_chiplet'},{'from': 'Chiplet_4', 'to': 'Chiplet_3', 'connection_type': '2.5d_emib', 'loc': '2.5d_chiplet'},{'from': 'Chiplet_4', 'to': 'Chiplet_5', 'connection_type': '2.5d_emib', 'loc': '2.5d_chiplet'}",3,1,1,1,7,3,hbm2,aib,ucie_3d,1,0,is,1,0,0
211,16.69106031777822,1741397.02,149106.47641942496,1122942746.6810117,18829.50980392157,27457.248540941277,211,3.5867297574793953,3.8395579270749995,2048,96x96,14,3.432469952,10.4826,2048,192x192,7,0.552198,1.11875,768,64x64,7,1.4141952089375351,1.7054115854749998,512,64x64,14,0.46559300000000003,1.11875,512,64x64,7,0.829831759447044,1.3845915837374998,768,64x64,10,2.5d,"{'from': 'Chiplet_1', 'to': 'Chiplet_2', 'connection_type': '2.5d_emib', 'loc': '2.5d_chiplet'},{'from': 'Chiplet_1', 'to': 'Chiplet_6', 'connection_type': '2.5d_emib', 'loc': '2.5d_chiplet'},{'from': 'Chiplet_1', 'to': 'Chiplet_3', 'connection_type': '2.5d_emib', 'loc': '2.5d_chiplet'},{'from': 'Chiplet_6', 'to': 'Chiplet_3', 'connection_type': '2.5d_emib', 'loc': '2.5d_chiplet'},{'from': 'Chiplet_6', 'to': 'Chiplet_1', 'connection_type': '2.5d_emib', 'loc': '2.5d_chiplet'},{'from': 'Chiplet_3', 'to': 'Chiplet_1', 'connection_type': '2.5d_emib', 'loc': '2.5d_chiplet'},{'from': 'Chiplet_3', 'to': 'Chiplet_6', 'connection_type': '2.5d_emib', 'loc': '2.5d_chiplet'},{'from': 'Chiplet_2', 'to': 'Chiplet_1', 'connection_type': '2.5d_emib', 'loc': '2.5d_chiplet'},{'from': 'Chiplet_2', 'to': 'Chiplet_4', 'connection_type': '2.5d_emib', 'loc': '2.5d_chiplet'},{'from': 'Chiplet_2', 'to': 'Chiplet_5', 'connection_type': '2.5d_emib', 'loc': '2.5d_chiplet'},{'from': 'Chiplet_4', 'to': 'Chiplet_2', 'connection_type': '2.5d_emib', 'loc': '2.5d_chiplet'},{'from': 'Chiplet_4', 'to': 'Chiplet_5', 'connection_type': '2.5d_emib', 'loc': '2.5d_chiplet'},{'from': 'Chiplet_5', 'to': 'Chiplet_2', 'connection_type': '2.5d_emib', 'loc': '2.5d_chiplet'},{'from': 'Chiplet_5', 'to': 'Chiplet_4', 'connection_type': '2.5d_emib', 'loc': '2.5d_chiplet'}",2,2,1,1,1,1,ddr5,aib,na,0,0,os,0,0,0
212,24.190807151650965,2838194.28,73779.09031975099,758253336.497432,66082.3568375614,51596.465545013554,212,11.481175603606792,15.979573171754398,2048,192x192,14,2.597993382379395,3.8395579270749995,512,96x96,14,1.4141952089375351,1.7054115854749998,512,64x64,14,1.8849981800824636,3.1172648505374996,2048,96x96,10,3.2571509657793953,3.8395579270749995,1536,96x96,14,0.957922696,2.51875,1024,96x96,7,2.5d_3d,"{'from': 'Chiplet_1', 'to': 'Chiplet_4', 'connection_type': '3d_hyb_bond', 'loc': 'stack0_base'},{'from': 'Chiplet_4', 'to': 'Chiplet_3', 'connection_type': '3d_hyb_bond', 'loc': 'stack0_middle1'},{'from': 'Chiplet_3', 'to': 'Chiplet_6', 'connection_type': '3d_hyb_bond', 'loc': 'stack0_middle2'},{'from': 'Chiplet_6', 'to': 'na', 'connection_type': '3d_hyb_bond', 'loc': 'stack0_top'},{'from': 'Chiplet_1', 'to': 'Chiplet_2', 'connection_type': '2.5d_rdl', 'loc': '2.5d_chiplet'},{'from': 'Chiplet_1', 'to': 'Chiplet_5', 'connection_type': '2.5d_rdl', 'loc': '2.5d_chiplet'},{'from': 'Chiplet_5', 'to': 'Chiplet_2', 'connection_type': '2.5d_rdl', 'loc': '2.5d_chiplet'},{'from': 'Chiplet_5', 'to': 'Chiplet_1', 'connection_type': '2.5d_rdl', 'loc': '2.5d_chiplet'},{'from': 'Chiplet_2', 'to': 'Chiplet_1', 'connection_type': '2.5d_rdl', 'loc': '2.5d_chiplet'},{'from': 'Chiplet_2', 'to': 'Chiplet_5', 'connection_type': '2.5d_rdl', 'loc': '2.5d_chiplet'}",3,1,1,1,1,1,ddr5,ucie_std,ucie_3d,1,0,ws,1,0,0
213,57.608120059254766,5936169.76,201104.14118587927,551047936.3897156,183195.58496816223,158666.0305781766,213,2.927572174079395,3.8395579270749995,1024,96x96,14,6.975099908490179,6.821646341899999,4096,128x128,14,0.957922696,2.51875,1024,96x96,7,1.86237254,4.475,2048,128x128,7,4.1253109519999995,10.4826,4096,192x192,7,15.436124909546791,15.979573171754398,8192,192x192,14,2.5d,"{'from': 'Chiplet_6', 'to': 'Chiplet_2', 'connection_type': '2.5d_emib', 'loc': '2.5d_chiplet'},{'from': 'Chiplet_6', 'to': 'Chiplet_3', 'connection_type': '2.5d_emib', 'loc': '2.5d_chiplet'},{'from': 'Chiplet_3', 'to': 'Chiplet_2', 'connection_type': '2.5d_emib', 'loc': '2.5d_chiplet'},{'from': 'Chiplet_3', 'to': 'Chiplet_6', 'connection_type': '2.5d_emib', 'loc': '2.5d_chiplet'},{'from': 'Chiplet_2', 'to': 'Chiplet_1', 'connection_type': '2.5d_emib', 'loc': '2.5d_chiplet'},{'from': 'Chiplet_2', 'to': 'Chiplet_4', 'connection_type': '2.5d_emib', 'loc': '2.5d_chiplet'},{'from': 'Chiplet_2', 'to': 'Chiplet_5', 'connection_type': '2.5d_emib', 'loc': '2.5d_chiplet'},{'from': 'Chiplet_2', 'to': 'Chiplet_3', 'connection_type': '2.5d_emib', 'loc': '2.5d_chiplet'},{'from': 'Chiplet_2', 'to': 'Chiplet_6', 'connection_type': '2.5d_emib', 'loc': '2.5d_chiplet'},{'from': 'Chiplet_4', 'to': 'Chiplet_2', 'connection_type': '2.5d_emib', 'loc': '2.5d_chiplet'},{'from': 'Chiplet_4', 'to': 'Chiplet_1', 'connection_type': '2.5d_emib', 'loc': '2.5d_chiplet'},{'from': 'Chiplet_5', 'to': 'Chiplet_2', 'connection_type': '2.5d_emib', 'loc': '2.5d_chiplet'},{'from': 'Chiplet_5', 'to': 'Chiplet_1', 'connection_type': '2.5d_emib', 'loc': '2.5d_chiplet'},{'from': 'Chiplet_1', 'to': 'Chiplet_2', 'connection_type': '2.5d_emib', 'loc': '2.5d_chiplet'},{'from': 'Chiplet_1', 'to': 'Chiplet_4', 'connection_type': '2.5d_emib', 'loc': '2.5d_chiplet'},{'from': 'Chiplet_1', 'to': 'Chiplet_5', 'connection_type': '2.5d_emib', 'loc': '2.5d_chiplet'}",1,3,1,1,2,8,hbm2,ucie_adv,na,1,0,is,1,0,0
214,21.418083866729095,3081377.02,168181.51087552376,473460648.07676005,8545.0,13979.62309236624,214,4.1253109519999995,10.4826,4096,192x192,7,0.784712696,2.51875,512,96x96,7,1.5385781800824634,3.1172648505374996,1024,96x96,10,1.3653681800824635,3.1172648505374996,512,96x96,10,3.432469952,10.4826,2048,192x192,7,2.927572174079395,3.8395579270749995,1024,96x96,14,2.5d,"{'from': 'Chiplet_1', 'to': 'Chiplet_3', 'connection_type': '2.5d_emib', 'loc': '2.5d_chiplet'},{'from': 'Chiplet_1', 'to': 'Chiplet_4', 'connection_type': '2.5d_emib', 'loc': '2.5d_chiplet'},{'from': 'Chiplet_1', 'to': 'Chiplet_6', 'connection_type': '2.5d_emib', 'loc': '2.5d_chiplet'},{'from': 'Chiplet_1', 'to': 'Chiplet_5', 'connection_type': '2.5d_emib', 'loc': '2.5d_chiplet'},{'from': 'Chiplet_3', 'to': 'Chiplet_1', 'connection_type': '2.5d_emib', 'loc': '2.5d_chiplet'},{'from': 'Chiplet_3', 'to': 'Chiplet_4', 'connection_type': '2.5d_emib', 'loc': '2.5d_chiplet'},{'from': 'Chiplet_4', 'to': 'Chiplet_3', 'connection_type': '2.5d_emib', 'loc': '2.5d_chiplet'},{'from': 'Chiplet_4', 'to': 'Chiplet_1', 'connection_type': '2.5d_emib', 'loc': '2.5d_chiplet'},{'from': 'Chiplet_5', 'to': 'Chiplet_2', 'connection_type': '2.5d_emib', 'loc': '2.5d_chiplet'},{'from': 'Chiplet_5', 'to': 'Chiplet_1', 'connection_type': '2.5d_emib', 'loc': '2.5d_chiplet'},{'from': 'Chiplet_5', 'to': 'Chiplet_6', 'connection_type': '2.5d_emib', 'loc': '2.5d_chiplet'},{'from': 'Chiplet_6', 'to': 'Chiplet_2', 'connection_type': '2.5d_emib', 'loc': '2.5d_chiplet'},{'from': 'Chiplet_6', 'to': 'Chiplet_1', 'connection_type': '2.5d_emib', 'loc': '2.5d_chiplet'},{'from': 'Chiplet_6', 'to': 'Chiplet_5', 'connection_type': '2.5d_emib', 'loc': '2.5d_chiplet'},{'from': 'Chiplet_2', 'to': 'Chiplet_6', 'connection_type': '2.5d_emib', 'loc': '2.5d_chiplet'},{'from': 'Chiplet_2', 'to': 'Chiplet_5', 'connection_type': '2.5d_emib', 'loc': '2.5d_chiplet'}",5,1,2,1,4,3,hbm2,aib,na,0,0,os,0,0,0
215,41.4817486234639,4225026.45,108086.9496310541,1176922008.7484534,150656.9612098634,147286.90811787292,215,1.7117881800824635,3.1172648505374996,1536,96x96,10,15.436124909546791,15.979573171754398,8192,192x192,14,3.432469952,10.4826,2048,192x192,7,0.46559300000000003,1.11875,512,64x64,7,1.743774000637535,1.7054115854749998,1024,64x64,14,8.112421457366196,12.973514847541198,8192,192x192,10,2.5d,"{'from': 'Chiplet_2', 'to': 'Chiplet_3', 'connection_type': '2.5d_rdl', 'loc': '2.5d_chiplet'},{'from': 'Chiplet_2', 'to': 'Chiplet_4', 'connection_type': '2.5d_rdl', 'loc': '2.5d_chiplet'},{'from': 'Chiplet_2', 'to': 'Chiplet_6', 'connection_type': '2.5d_rdl', 'loc': '2.5d_chiplet'},{'from': 'Chiplet_6', 'to': 'Chiplet_2', 'connection_type': '2.5d_rdl', 'loc': '2.5d_chiplet'},{'from': 'Chiplet_6', 'to': 'Chiplet_3', 'connection_type': '2.5d_rdl', 'loc': '2.5d_chiplet'},{'from': 'Chiplet_6', 'to': 'Chiplet_5', 'connection_type': '2.5d_rdl', 'loc': '2.5d_chiplet'},{'from': 'Chiplet_3', 'to': 'Chiplet_2', 'connection_type': '2.5d_rdl', 'loc': '2.5d_chiplet'},{'from': 'Chiplet_3', 'to': 'Chiplet_1', 'connection_type': '2.5d_rdl', 'loc': '2.5d_chiplet'},{'from': 'Chiplet_3', 'to': 'Chiplet_4', 'connection_type': '2.5d_rdl', 'loc': '2.5d_chiplet'},{'from': 'Chiplet_3', 'to': 'Chiplet_5', 'connection_type': '2.5d_rdl', 'loc': '2.5d_chiplet'},{'from': 'Chiplet_3', 'to': 'Chiplet_6', 'connection_type': '2.5d_rdl', 'loc': '2.5d_chiplet'},{'from': 'Chiplet_4', 'to': 'Chiplet_2', 'connection_type': '2.5d_rdl', 'loc': '2.5d_chiplet'},{'from': 'Chiplet_4', 'to': 'Chiplet_3', 'connection_type': '2.5d_rdl', 'loc': '2.5d_chiplet'},{'from': 'Chiplet_5', 'to': 'Chiplet_3', 'connection_type': '2.5d_rdl', 'loc': '2.5d_chiplet'},{'from': 'Chiplet_5', 'to': 'Chiplet_1', 'connection_type': '2.5d_rdl', 'loc': '2.5d_chiplet'},{'from': 'Chiplet_5', 'to': 'Chiplet_6', 'connection_type': '2.5d_rdl', 'loc': '2.5d_chiplet'},{'from': 'Chiplet_1', 'to': 'Chiplet_3', 'connection_type': '2.5d_rdl', 'loc': '2.5d_chiplet'},{'from': 'Chiplet_1', 'to': 'Chiplet_5', 'connection_type': '2.5d_rdl', 'loc': '2.5d_chiplet'}",1,3,1,1,1,1,ddr4,ucie_std,na,1,0,os,1,0,0
216,13.948488143686191,1348293.74,140611.84146937716,3094829627.0549994,44313.333333333336,70075.88795518556,216,1.131132696,2.51875,1536,96x96,7,2.597993382379395,3.8395579270749995,512,96x96,14,0.46559300000000003,1.11875,512,64x64,7,2.597993382379395,3.8395579270749995,512,96x96,14,1.249405813087535,1.7054115854749998,256,64x64,14,1.5385781800824634,3.1172648505374996,1024,96x96,10,2.5d,"{'from': 'Chiplet_2', 'to': 'Chiplet_3', 'connection_type': '2.5d_emib', 'loc': '2.5d_chiplet'},{'from': 'Chiplet_2', 'to': 'Chiplet_6', 'connection_type': '2.5d_emib', 'loc': '2.5d_chiplet'},{'from': 'Chiplet_2', 'to': 'Chiplet_4', 'connection_type': '2.5d_emib', 'loc': '2.5d_chiplet'},{'from': 'Chiplet_6', 'to': 'Chiplet_3', 'connection_type': '2.5d_emib', 'loc': '2.5d_chiplet'},{'from': 'Chiplet_6', 'to': 'Chiplet_2', 'connection_type': '2.5d_emib', 'loc': '2.5d_chiplet'},{'from': 'Chiplet_3', 'to': 'Chiplet_2', 'connection_type': '2.5d_emib', 'loc': '2.5d_chiplet'},{'from': 'Chiplet_3', 'to': 'Chiplet_6', 'connection_type': '2.5d_emib', 'loc': '2.5d_chiplet'},{'from': 'Chiplet_4', 'to': 'Chiplet_2', 'connection_type': '2.5d_emib', 'loc': '2.5d_chiplet'},{'from': 'Chiplet_4', 'to': 'Chiplet_1', 'connection_type': '2.5d_emib', 'loc': '2.5d_chiplet'},{'from': 'Chiplet_4', 'to': 'Chiplet_5', 'connection_type': '2.5d_emib', 'loc': '2.5d_chiplet'},{'from': 'Chiplet_5', 'to': 'Chiplet_1', 'connection_type': '2.5d_emib', 'loc': '2.5d_chiplet'},{'from': 'Chiplet_5', 'to': 'Chiplet_4', 'connection_type': '2.5d_emib', 'loc': '2.5d_chiplet'},{'from': 'Chiplet_1', 'to': 'Chiplet_4', 'connection_type': '2.5d_emib', 'loc': '2.5d_chiplet'},{'from': 'Chiplet_1', 'to': 'Chiplet_5', 'connection_type': '2.5d_emib', 'loc': '2.5d_chiplet'}",1,2,1,2,1,1,ddr4,ucie_adv,na,0,0,os,0,0,0
217,58.98463983990908,4808466.26,105275.22894071156,1705044243.4081728,15092.35294117647,44553.865804557994,217,12.799492673176792,15.979573171754398,4096,192x192,14,7.419580457366196,12.973514847541198,6144,192x192,10,1.5385781800824634,3.1172648505374996,1024,96x96,10,3.665749090547913,5.538366334949999,4096,128x128,10,5.656782838920179,6.821646341899999,2048,128x128,14,1.8849981800824636,3.1172648505374996,2048,96x96,10,2.5d,"{'from': 'Chiplet_1', 'to': 'Chiplet_2', 'connection_type': '2.5d_rdl', 'loc': '2.5d_chiplet'},{'from': 'Chiplet_1', 'to': 'Chiplet_4', 'connection_type': '2.5d_rdl', 'loc': '2.5d_chiplet'},{'from': 'Chiplet_4', 'to': 'Chiplet_2', 'connection_type': '2.5d_rdl', 'loc': '2.5d_chiplet'},{'from': 'Chiplet_4', 'to': 'Chiplet_1', 'connection_type': '2.5d_rdl', 'loc': '2.5d_chiplet'},{'from': 'Chiplet_4', 'to': 'Chiplet_5', 'connection_type': '2.5d_rdl', 'loc': '2.5d_chiplet'},{'from': 'Chiplet_2', 'to': 'Chiplet_1', 'connection_type': '2.5d_rdl', 'loc': '2.5d_chiplet'},{'from': 'Chiplet_2', 'to': 'Chiplet_4', 'connection_type': '2.5d_rdl', 'loc': '2.5d_chiplet'},{'from': 'Chiplet_2', 'to': 'Chiplet_5', 'connection_type': '2.5d_rdl', 'loc': '2.5d_chiplet'},{'from': 'Chiplet_2', 'to': 'Chiplet_3', 'connection_type': '2.5d_rdl', 'loc': '2.5d_chiplet'},{'from': 'Chiplet_2', 'to': 'Chiplet_6', 'connection_type': '2.5d_rdl', 'loc': '2.5d_chiplet'},{'from': 'Chiplet_3', 'to': 'Chiplet_2', 'connection_type': '2.5d_rdl', 'loc': '2.5d_chiplet'},{'from': 'Chiplet_3', 'to': 'Chiplet_6', 'connection_type': '2.5d_rdl', 'loc': '2.5d_chiplet'},{'from': 'Chiplet_5', 'to': 'Chiplet_2', 'connection_type': '2.5d_rdl', 'loc': '2.5d_chiplet'},{'from': 'Chiplet_5', 'to': 'Chiplet_6', 'connection_type': '2.5d_rdl', 'loc': '2.5d_chiplet'},{'from': 'Chiplet_5', 'to': 'Chiplet_4', 'connection_type': '2.5d_rdl', 'loc': '2.5d_chiplet'},{'from': 'Chiplet_6', 'to': 'Chiplet_2', 'connection_type': '2.5d_rdl', 'loc': '2.5d_chiplet'},{'from': 'Chiplet_6', 'to': 'Chiplet_3', 'connection_type': '2.5d_rdl', 'loc': '2.5d_chiplet'},{'from': 'Chiplet_6', 'to': 'Chiplet_5', 'connection_type': '2.5d_rdl', 'loc': '2.5d_chiplet'}",3,1,1,1,1,1,ddr4,ucie_std,na,0,0,os,0,0,0
218,33.754229090894555,3696534.25,83652.86516958797,442754440.82382315,11857.605894402961,15691.17673547895,218,1.5385781800824634,3.1172648505374996,1024,96x96,10,0.46559300000000003,1.11875,512,64x64,7,1.51595254,4.475,1024,128x128,7,14.117807839976791,15.979573171754398,6144,192x192,14,1.3653681800824635,3.1172648505374996,512,96x96,10,6.315940422320179,6.821646341899999,3072,128x128,14,2.5d,"{'from': 'Chiplet_4', 'to': 'Chiplet_2', 'connection_type': '2.5d_rdl', 'loc': '2.5d_chiplet'},{'from': 'Chiplet_4', 'to': 'Chiplet_1', 'connection_type': '2.5d_rdl', 'loc': '2.5d_chiplet'},{'from': 'Chiplet_4', 'to': 'Chiplet_6', 'connection_type': '2.5d_rdl', 'loc': '2.5d_chiplet'},{'from': 'Chiplet_6', 'to': 'Chiplet_3', 'connection_type': '2.5d_rdl', 'loc': '2.5d_chiplet'},{'from': 'Chiplet_6', 'to': 'Chiplet_1', 'connection_type': '2.5d_rdl', 'loc': '2.5d_chiplet'},{'from': 'Chiplet_6', 'to': 'Chiplet_4', 'connection_type': '2.5d_rdl', 'loc': '2.5d_chiplet'},{'from': 'Chiplet_1', 'to': 'Chiplet_3', 'connection_type': '2.5d_rdl', 'loc': '2.5d_chiplet'},{'from': 'Chiplet_1', 'to': 'Chiplet_6', 'connection_type': '2.5d_rdl', 'loc': '2.5d_chiplet'},{'from': 'Chiplet_1', 'to': 'Chiplet_4', 'connection_type': '2.5d_rdl', 'loc': '2.5d_chiplet'},{'from': 'Chiplet_1', 'to': 'Chiplet_2', 'connection_type': '2.5d_rdl', 'loc': '2.5d_chiplet'},{'from': 'Chiplet_2', 'to': 'Chiplet_1', 'connection_type': '2.5d_rdl', 'loc': '2.5d_chiplet'},{'from': 'Chiplet_2', 'to': 'Chiplet_4', 'connection_type': '2.5d_rdl', 'loc': '2.5d_chiplet'},{'from': 'Chiplet_2', 'to': 'Chiplet_5', 'connection_type': '2.5d_rdl', 'loc': '2.5d_chiplet'},{'from': 'Chiplet_3', 'to': 'Chiplet_1', 'connection_type': '2.5d_rdl', 'loc': '2.5d_chiplet'},{'from': 'Chiplet_3', 'to': 'Chiplet_6', 'connection_type': '2.5d_rdl', 'loc': '2.5d_chiplet'},{'from': 'Chiplet_3', 'to': 'Chiplet_5', 'connection_type': '2.5d_rdl', 'loc': '2.5d_chiplet'},{'from': 'Chiplet_5', 'to': 'Chiplet_2', 'connection_type': '2.5d_rdl', 'loc': '2.5d_chiplet'},{'from': 'Chiplet_5', 'to': 'Chiplet_3', 'connection_type': '2.5d_rdl', 'loc': '2.5d_chiplet'}",1,1,1,8,1,4,hbm3,ucie_std,na,1,0,os,0,0,0
219,38.392814619746396,3574327.29,92134.66675357822,1118075750.474518,175672.65624144254,139109.83930862183,219,14.117807839976791,15.979573171754398,6144,192x192,14,1.131132696,2.51875,1536,96x96,7,2.972908090547913,5.538366334949999,2048,128x128,10,6.315940422320179,6.821646341899999,3072,128x128,14,1.86237254,4.475,2048,128x128,7,0.916436759447044,1.3845915837374998,1024,64x64,10,2.5d,"{'from': 'Chiplet_1', 'to': 'Chiplet_3', 'connection_type': '2.5d_rdl', 'loc': '2.5d_chiplet'},{'from': 'Chiplet_1', 'to': 'Chiplet_6', 'connection_type': '2.5d_rdl', 'loc': '2.5d_chiplet'},{'from': 'Chiplet_1', 'to': 'Chiplet_4', 'connection_type': '2.5d_rdl', 'loc': '2.5d_chiplet'},{'from': 'Chiplet_4', 'to': 'Chiplet_3', 'connection_type': '2.5d_rdl', 'loc': '2.5d_chiplet'},{'from': 'Chiplet_4', 'to': 'Chiplet_1', 'connection_type': '2.5d_rdl', 'loc': '2.5d_chiplet'},{'from': 'Chiplet_4', 'to': 'Chiplet_5', 'connection_type': '2.5d_rdl', 'loc': '2.5d_chiplet'},{'from': 'Chiplet_3', 'to': 'Chiplet_2', 'connection_type': '2.5d_rdl', 'loc': '2.5d_chiplet'},{'from': 'Chiplet_3', 'to': 'Chiplet_1', 'connection_type': '2.5d_rdl', 'loc': '2.5d_chiplet'},{'from': 'Chiplet_3', 'to': 'Chiplet_4', 'connection_type': '2.5d_rdl', 'loc': '2.5d_chiplet'},{'from': 'Chiplet_3', 'to': 'Chiplet_5', 'connection_type': '2.5d_rdl', 'loc': '2.5d_chiplet'},{'from': 'Chiplet_3', 'to': 'Chiplet_6', 'connection_type': '2.5d_rdl', 'loc': '2.5d_chiplet'},{'from': 'Chiplet_6', 'to': 'Chiplet_3', 'connection_type': '2.5d_rdl', 'loc': '2.5d_chiplet'},{'from': 'Chiplet_6', 'to': 'Chiplet_1', 'connection_type': '2.5d_rdl', 'loc': '2.5d_chiplet'},{'from': 'Chiplet_5', 'to': 'Chiplet_3', 'connection_type': '2.5d_rdl', 'loc': '2.5d_chiplet'},{'from': 'Chiplet_5', 'to': 'Chiplet_4', 'connection_type': '2.5d_rdl', 'loc': '2.5d_chiplet'},{'from': 'Chiplet_5', 'to': 'Chiplet_2', 'connection_type': '2.5d_rdl', 'loc': '2.5d_chiplet'},{'from': 'Chiplet_2', 'to': 'Chiplet_3', 'connection_type': '2.5d_rdl', 'loc': '2.5d_chiplet'},{'from': 'Chiplet_2', 'to': 'Chiplet_5', 'connection_type': '2.5d_rdl', 'loc': '2.5d_chiplet'}",3,1,1,1,1,1,ddr4,ucie_std,na,1,0,os,1,0,0
220,44.412551210612236,4096287.64,81202.94651690824,472661293.4153484,15731.666666666666,19454.79369899063,220,4.9976252555201786,6.821646341899999,1024,128x128,14,3.5867297574793953,3.8395579270749995,2048,96x96,14,11.481175603606792,15.979573171754398,2048,192x192,14,0.957922696,2.51875,1024,96x96,7,1.131132696,2.51875,1536,96x96,7,2.6264880905479133,5.538366334949999,1024,128x128,10,2.5d,"{'from': 'Chiplet_3', 'to': 'Chiplet_1', 'connection_type': '2.5d_rdl', 'loc': '2.5d_chiplet'},{'from': 'Chiplet_3', 'to': 'Chiplet_4', 'connection_type': '2.5d_rdl', 'loc': '2.5d_chiplet'},{'from': 'Chiplet_4', 'to': 'Chiplet_3', 'connection_type': '2.5d_rdl', 'loc': '2.5d_chiplet'},{'from': 'Chiplet_4', 'to': 'Chiplet_1', 'connection_type': '2.5d_rdl', 'loc': '2.5d_chiplet'},{'from': 'Chiplet_1', 'to': 'Chiplet_2', 'connection_type': '2.5d_rdl', 'loc': '2.5d_chiplet'},{'from': 'Chiplet_1', 'to': 'Chiplet_4', 'connection_type': '2.5d_rdl', 'loc': '2.5d_chiplet'},{'from': 'Chiplet_1', 'to': 'Chiplet_5', 'connection_type': '2.5d_rdl', 'loc': '2.5d_chiplet'},{'from': 'Chiplet_1', 'to': 'Chiplet_3', 'connection_type': '2.5d_rdl', 'loc': '2.5d_chiplet'},{'from': 'Chiplet_1', 'to': 'Chiplet_6', 'connection_type': '2.5d_rdl', 'loc': '2.5d_chiplet'},{'from': 'Chiplet_5', 'to': 'Chiplet_1', 'connection_type': '2.5d_rdl', 'loc': '2.5d_chiplet'},{'from': 'Chiplet_5', 'to': 'Chiplet_6', 'connection_type': '2.5d_rdl', 'loc': '2.5d_chiplet'},{'from': 'Chiplet_2', 'to': 'Chiplet_1', 'connection_type': '2.5d_rdl', 'loc': '2.5d_chiplet'},{'from': 'Chiplet_2', 'to': 'Chiplet_6', 'connection_type': '2.5d_rdl', 'loc': '2.5d_chiplet'},{'from': 'Chiplet_6', 'to': 'Chiplet_2', 'connection_type': '2.5d_rdl', 'loc': '2.5d_chiplet'},{'from': 'Chiplet_6', 'to': 'Chiplet_1', 'connection_type': '2.5d_rdl', 'loc': '2.5d_chiplet'},{'from': 'Chiplet_6', 'to': 'Chiplet_5', 'connection_type': '2.5d_rdl', 'loc': '2.5d_chiplet'}",3,2,7,1,1,2,hbm2,ucie_std,na,1,0,os,0,0,0
221,17.554949054185403,2404047.49,58104.09540240244,454212929.4942185,27821.224165341813,20136.71447060668,221,1.249405813087535,1.7054115854749998,256,64x64,14,0.829831759447044,1.3845915837374998,768,64x64,10,0.552198,1.11875,768,64x64,7,8.112421457366196,12.973514847541198,8192,192x192,10,1.86237254,4.475,2048,128x128,7,0.916436759447044,1.3845915837374998,1024,64x64,10,2.5d,"{'from': 'Chiplet_4', 'to': 'Chiplet_1', 'connection_type': '2.5d_rdl', 'loc': '2.5d_chiplet'},{'from': 'Chiplet_4', 'to': 'Chiplet_5', 'connection_type': '2.5d_rdl', 'loc': '2.5d_chiplet'},{'from': 'Chiplet_5', 'to': 'Chiplet_2', 'connection_type': '2.5d_rdl', 'loc': '2.5d_chiplet'},{'from': 'Chiplet_5', 'to': 'Chiplet_1', 'connection_type': '2.5d_rdl', 'loc': '2.5d_chiplet'},{'from': 'Chiplet_5', 'to': 'Chiplet_4', 'connection_type': '2.5d_rdl', 'loc': '2.5d_chiplet'},{'from': 'Chiplet_5', 'to': 'Chiplet_6', 'connection_type': '2.5d_rdl', 'loc': '2.5d_chiplet'},{'from': 'Chiplet_2', 'to': 'Chiplet_6', 'connection_type': '2.5d_rdl', 'loc': '2.5d_chiplet'},{'from': 'Chiplet_2', 'to': 'Chiplet_5', 'connection_type': '2.5d_rdl', 'loc': '2.5d_chiplet'},{'from': 'Chiplet_1', 'to': 'Chiplet_3', 'connection_type': '2.5d_rdl', 'loc': '2.5d_chiplet'},{'from': 'Chiplet_1', 'to': 'Chiplet_6', 'connection_type': '2.5d_rdl', 'loc': '2.5d_chiplet'},{'from': 'Chiplet_1', 'to': 'Chiplet_4', 'connection_type': '2.5d_rdl', 'loc': '2.5d_chiplet'},{'from': 'Chiplet_1', 'to': 'Chiplet_5', 'connection_type': '2.5d_rdl', 'loc': '2.5d_chiplet'},{'from': 'Chiplet_6', 'to': 'Chiplet_2', 'connection_type': '2.5d_rdl', 'loc': '2.5d_chiplet'},{'from': 'Chiplet_6', 'to': 'Chiplet_1', 'connection_type': '2.5d_rdl', 'loc': '2.5d_chiplet'},{'from': 'Chiplet_6', 'to': 'Chiplet_3', 'connection_type': '2.5d_rdl', 'loc': '2.5d_chiplet'},{'from': 'Chiplet_6', 'to': 'Chiplet_5', 'connection_type': '2.5d_rdl', 'loc': '2.5d_chiplet'},{'from': 'Chiplet_3', 'to': 'Chiplet_1', 'connection_type': '2.5d_rdl', 'loc': '2.5d_chiplet'},{'from': 'Chiplet_3', 'to': 'Chiplet_6', 'connection_type': '2.5d_rdl', 'loc': '2.5d_chiplet'}",1,1,1,10,2,1,hbm3,ucie_std,na,1,0,ws,0,0,0
222,7.184348213704711,2363689.8,90073.25319826516,337846398.57248133,135801.62776850272,63194.830605491356,222,0.638803,1.11875,1024,64x64,7,0.957922696,2.51875,1024,96x96,7,4.1253109519999995,10.4826,4096,192x192,7,1.86237254,4.475,2048,128x128,7,1.5385781800824634,3.1172648505374996,1024,96x96,10,0.638803,1.11875,1024,64x64,7,2.5d_3d,"{'from': 'Chiplet_4', 'to': 'Chiplet_5', 'connection_type': '3d_hyb_bond', 'loc': 'stack0_base'},{'from': 'Chiplet_5', 'to': 'Chiplet_2', 'connection_type': '3d_hyb_bond', 'loc': 'stack0_middle1'},{'from': 'Chiplet_2', 'to': 'Chiplet_1', 'connection_type': '3d_hyb_bond', 'loc': 'stack0_middle2'},{'from': 'Chiplet_1', 'to': 'Chiplet_6', 'connection_type': '3d_hyb_bond', 'loc': 'stack0_middle3'},{'from': 'Chiplet_6', 'to': 'na', 'connection_type': '3d_hyb_bond', 'loc': 'stack0_top'},{'from': 'Chiplet_3', 'to': 'Chiplet_4', 'connection_type': '2.5d_emib', 'loc': '2.5d_chiplet'},{'from': 'Chiplet_4', 'to': 'Chiplet_3', 'connection_type': '2.5d_emib', 'loc': '2.5d_chiplet'}",1,2,7,3,2,1,hbm3,bow,ucie_3d,1,0,os,1,0,0
223,34.83962084664119,3136402.76,80643.0760479196,1051364818.5822778,140071.81445462295,111081.61265943316,223,1.743774000637535,1.7054115854749998,1024,64x64,14,1.86237254,4.475,2048,128x128,7,5.656782838920179,6.821646341899999,2048,128x128,14,2.972908090547913,5.538366334949999,2048,128x128,10,0.46559300000000003,1.11875,512,64x64,7,11.481175603606792,15.979573171754398,2048,192x192,14,2.5d,"{'from': 'Chiplet_6', 'to': 'Chiplet_3', 'connection_type': '2.5d_rdl', 'loc': '2.5d_chiplet'},{'from': 'Chiplet_6', 'to': 'Chiplet_4', 'connection_type': '2.5d_rdl', 'loc': '2.5d_chiplet'},{'from': 'Chiplet_6', 'to': 'Chiplet_5', 'connection_type': '2.5d_rdl', 'loc': '2.5d_chiplet'},{'from': 'Chiplet_5', 'to': 'Chiplet_6', 'connection_type': '2.5d_rdl', 'loc': '2.5d_chiplet'},{'from': 'Chiplet_5', 'to': 'Chiplet_4', 'connection_type': '2.5d_rdl', 'loc': '2.5d_chiplet'},{'from': 'Chiplet_3', 'to': 'Chiplet_2', 'connection_type': '2.5d_rdl', 'loc': '2.5d_chiplet'},{'from': 'Chiplet_3', 'to': 'Chiplet_4', 'connection_type': '2.5d_rdl', 'loc': '2.5d_chiplet'},{'from': 'Chiplet_3', 'to': 'Chiplet_6', 'connection_type': '2.5d_rdl', 'loc': '2.5d_chiplet'},{'from': 'Chiplet_4', 'to': 'Chiplet_2', 'connection_type': '2.5d_rdl', 'loc': '2.5d_chiplet'},{'from': 'Chiplet_4', 'to': 'Chiplet_1', 'connection_type': '2.5d_rdl', 'loc': '2.5d_chiplet'},{'from': 'Chiplet_4', 'to': 'Chiplet_5', 'connection_type': '2.5d_rdl', 'loc': '2.5d_chiplet'},{'from': 'Chiplet_4', 'to': 'Chiplet_3', 'connection_type': '2.5d_rdl', 'loc': '2.5d_chiplet'},{'from': 'Chiplet_4', 'to': 'Chiplet_6', 'connection_type': '2.5d_rdl', 'loc': '2.5d_chiplet'},{'from': 'Chiplet_2', 'to': 'Chiplet_3', 'connection_type': '2.5d_rdl', 'loc': '2.5d_chiplet'},{'from': 'Chiplet_2', 'to': 'Chiplet_1', 'connection_type': '2.5d_rdl', 'loc': '2.5d_chiplet'},{'from': 'Chiplet_2', 'to': 'Chiplet_4', 'connection_type': '2.5d_rdl', 'loc': '2.5d_chiplet'},{'from': 'Chiplet_1', 'to': 'Chiplet_2', 'connection_type': '2.5d_rdl', 'loc': '2.5d_chiplet'},{'from': 'Chiplet_1', 'to': 'Chiplet_4', 'connection_type': '2.5d_rdl', 'loc': '2.5d_chiplet'}",1,1,1,1,1,3,ddr4,ucie_std,na,0,0,os,1,0,0
224,12.306076882637965,1462697.34,139152.4082894137,459249251.93554527,621507.9510951947,164748.35292540627,224,1.578984604787535,1.7054115854749998,768,64x64,14,0.743226759447044,1.3845915837374998,512,64x64,10,1.131132696,2.51875,1536,96x96,7,0.46559300000000003,1.11875,512,64x64,7,1.8849981800824636,3.1172648505374996,2048,96x96,10,2.597993382379395,3.8395579270749995,512,96x96,14,2.5d,"{'from': 'Chiplet_6', 'to': 'Chiplet_3', 'connection_type': '2.5d_emib', 'loc': '2.5d_chiplet'},{'from': 'Chiplet_6', 'to': 'Chiplet_1', 'connection_type': '2.5d_emib', 'loc': '2.5d_chiplet'},{'from': 'Chiplet_6', 'to': 'Chiplet_4', 'connection_type': '2.5d_emib', 'loc': '2.5d_chiplet'},{'from': 'Chiplet_6', 'to': 'Chiplet_5', 'connection_type': '2.5d_emib', 'loc': '2.5d_chiplet'},{'from': 'Chiplet_3', 'to': 'Chiplet_6', 'connection_type': '2.5d_emib', 'loc': '2.5d_chiplet'},{'from': 'Chiplet_3', 'to': 'Chiplet_4', 'connection_type': '2.5d_emib', 'loc': '2.5d_chiplet'},{'from': 'Chiplet_4', 'to': 'Chiplet_3', 'connection_type': '2.5d_emib', 'loc': '2.5d_chiplet'},{'from': 'Chiplet_4', 'to': 'Chiplet_6', 'connection_type': '2.5d_emib', 'loc': '2.5d_chiplet'},{'from': 'Chiplet_5', 'to': 'Chiplet_2', 'connection_type': '2.5d_emib', 'loc': '2.5d_chiplet'},{'from': 'Chiplet_5', 'to': 'Chiplet_1', 'connection_type': '2.5d_emib', 'loc': '2.5d_chiplet'},{'from': 'Chiplet_5', 'to': 'Chiplet_6', 'connection_type': '2.5d_emib', 'loc': '2.5d_chiplet'},{'from': 'Chiplet_1', 'to': 'Chiplet_2', 'connection_type': '2.5d_emib', 'loc': '2.5d_chiplet'},{'from': 'Chiplet_1', 'to': 'Chiplet_6', 'connection_type': '2.5d_emib', 'loc': '2.5d_chiplet'},{'from': 'Chiplet_1', 'to': 'Chiplet_5', 'connection_type': '2.5d_emib', 'loc': '2.5d_chiplet'},{'from': 'Chiplet_2', 'to': 'Chiplet_1', 'connection_type': '2.5d_emib', 'loc': '2.5d_chiplet'},{'from': 'Chiplet_2', 'to': 'Chiplet_5', 'connection_type': '2.5d_emib', 'loc': '2.5d_chiplet'}",3,1,2,1,4,5,hbm2,ucie_adv,na,0,0,os,1,0,0
225,22.9377955453046,2655151.61,167522.86932084188,1609055196.6979804,25067.117647058825,44219.341165965154,225,0.656621759447044,1.3845915837374998,256,64x64,10,3.5867297574793953,3.8395579270749995,2048,96x96,14,2.597993382379395,3.8395579270749995,512,96x96,14,1.578984604787535,1.7054115854749998,768,64x64,14,4.1253109519999995,10.4826,4096,192x192,7,3.432469952,10.4826,2048,192x192,7,2.5d,"{'from': 'Chiplet_5', 'to': 'Chiplet_2', 'connection_type': '2.5d_emib', 'loc': '2.5d_chiplet'},{'from': 'Chiplet_5', 'to': 'Chiplet_4', 'connection_type': '2.5d_emib', 'loc': '2.5d_chiplet'},{'from': 'Chiplet_5', 'to': 'Chiplet_3', 'connection_type': '2.5d_emib', 'loc': '2.5d_chiplet'},{'from': 'Chiplet_3', 'to': 'Chiplet_4', 'connection_type': '2.5d_emib', 'loc': '2.5d_chiplet'},{'from': 'Chiplet_3', 'to': 'Chiplet_5', 'connection_type': '2.5d_emib', 'loc': '2.5d_chiplet'},{'from': 'Chiplet_4', 'to': 'Chiplet_3', 'connection_type': '2.5d_emib', 'loc': '2.5d_chiplet'},{'from': 'Chiplet_4', 'to': 'Chiplet_5', 'connection_type': '2.5d_emib', 'loc': '2.5d_chiplet'},{'from': 'Chiplet_2', 'to': 'Chiplet_1', 'connection_type': '2.5d_emib', 'loc': '2.5d_chiplet'},{'from': 'Chiplet_2', 'to': 'Chiplet_6', 'connection_type': '2.5d_emib', 'loc': '2.5d_chiplet'},{'from': 'Chiplet_2', 'to': 'Chiplet_5', 'connection_type': '2.5d_emib', 'loc': '2.5d_chiplet'},{'from': 'Chiplet_6', 'to': 'Chiplet_2', 'connection_type': '2.5d_emib', 'loc': '2.5d_chiplet'},{'from': 'Chiplet_6', 'to': 'Chiplet_1', 'connection_type': '2.5d_emib', 'loc': '2.5d_chiplet'},{'from': 'Chiplet_1', 'to': 'Chiplet_2', 'connection_type': '2.5d_emib', 'loc': '2.5d_chiplet'},{'from': 'Chiplet_1', 'to': 'Chiplet_6', 'connection_type': '2.5d_emib', 'loc': '2.5d_chiplet'}",1,2,1,1,2,1,ddr4,ucie_adv,na,0,0,is,0,0,0
226,28.210149745111067,2525878.74,159642.81338569665,1541057554.18602,232632.40095082443,131390.7267167795,226,1.7117881800824635,3.1172648505374996,1536,96x96,10,1.7117881800824635,3.1172648505374996,1536,96x96,10,0.784712696,2.51875,512,96x96,7,6.315940422320179,6.821646341899999,3072,128x128,14,1.578984604787535,1.7054115854749998,768,64x64,14,6.975099908490179,6.821646341899999,4096,128x128,14,2.5d,"{'from': 'Chiplet_6', 'to': 'Chiplet_2', 'connection_type': '2.5d_emib', 'loc': '2.5d_chiplet'},{'from': 'Chiplet_6', 'to': 'Chiplet_4', 'connection_type': '2.5d_emib', 'loc': '2.5d_chiplet'},{'from': 'Chiplet_6', 'to': 'Chiplet_3', 'connection_type': '2.5d_emib', 'loc': '2.5d_chiplet'},{'from': 'Chiplet_2', 'to': 'Chiplet_3', 'connection_type': '2.5d_emib', 'loc': '2.5d_chiplet'},{'from': 'Chiplet_2', 'to': 'Chiplet_6', 'connection_type': '2.5d_emib', 'loc': '2.5d_chiplet'},{'from': 'Chiplet_3', 'to': 'Chiplet_2', 'connection_type': '2.5d_emib', 'loc': '2.5d_chiplet'},{'from': 'Chiplet_3', 'to': 'Chiplet_6', 'connection_type': '2.5d_emib', 'loc': '2.5d_chiplet'},{'from': 'Chiplet_4', 'to': 'Chiplet_1', 'connection_type': '2.5d_emib', 'loc': '2.5d_chiplet'},{'from': 'Chiplet_4', 'to': 'Chiplet_6', 'connection_type': '2.5d_emib', 'loc': '2.5d_chiplet'},{'from': 'Chiplet_4', 'to': 'Chiplet_5', 'connection_type': '2.5d_emib', 'loc': '2.5d_chiplet'},{'from': 'Chiplet_1', 'to': 'Chiplet_4', 'connection_type': '2.5d_emib', 'loc': '2.5d_chiplet'},{'from': 'Chiplet_1', 'to': 'Chiplet_5', 'connection_type': '2.5d_emib', 'loc': '2.5d_chiplet'},{'from': 'Chiplet_5', 'to': 'Chiplet_1', 'connection_type': '2.5d_emib', 'loc': '2.5d_chiplet'},{'from': 'Chiplet_5', 'to': 'Chiplet_4', 'connection_type': '2.5d_emib', 'loc': '2.5d_chiplet'}",1,1,1,2,1,2,ddr4,ucie_adv,na,1,0,ws,1,0,0
227,18.820991856186456,2113071.86,58183.336123437,829766787.1853302,177690.4346500283,84110.22660515731,227,3.3193280905479132,5.538366334949999,3072,128x128,10,0.638803,1.11875,1024,64x64,7,4.818150952,10.4826,6144,192x192,7,1.743774000637535,1.7054115854749998,1024,64x64,14,0.638803,1.11875,1024,64x64,7,0.46559300000000003,1.11875,512,64x64,7,2.5d,"{'from': 'Chiplet_3', 'to': 'Chiplet_2', 'connection_type': '2.5d_rdl', 'loc': '2.5d_chiplet'},{'from': 'Chiplet_3', 'to': 'Chiplet_1', 'connection_type': '2.5d_rdl', 'loc': '2.5d_chiplet'},{'from': 'Chiplet_3', 'to': 'Chiplet_4', 'connection_type': '2.5d_rdl', 'loc': '2.5d_chiplet'},{'from': 'Chiplet_3', 'to': 'Chiplet_6', 'connection_type': '2.5d_rdl', 'loc': '2.5d_chiplet'},{'from': 'Chiplet_2', 'to': 'Chiplet_3', 'connection_type': '2.5d_rdl', 'loc': '2.5d_chiplet'},{'from': 'Chiplet_2', 'to': 'Chiplet_6', 'connection_type': '2.5d_rdl', 'loc': '2.5d_chiplet'},{'from': 'Chiplet_6', 'to': 'Chiplet_2', 'connection_type': '2.5d_rdl', 'loc': '2.5d_chiplet'},{'from': 'Chiplet_6', 'to': 'Chiplet_3', 'connection_type': '2.5d_rdl', 'loc': '2.5d_chiplet'},{'from': 'Chiplet_1', 'to': 'Chiplet_3', 'connection_type': '2.5d_rdl', 'loc': '2.5d_chiplet'},{'from': 'Chiplet_1', 'to': 'Chiplet_4', 'connection_type': '2.5d_rdl', 'loc': '2.5d_chiplet'},{'from': 'Chiplet_1', 'to': 'Chiplet_5', 'connection_type': '2.5d_rdl', 'loc': '2.5d_chiplet'},{'from': 'Chiplet_4', 'to': 'Chiplet_3', 'connection_type': '2.5d_rdl', 'loc': '2.5d_chiplet'},{'from': 'Chiplet_4', 'to': 'Chiplet_1', 'connection_type': '2.5d_rdl', 'loc': '2.5d_chiplet'},{'from': 'Chiplet_4', 'to': 'Chiplet_5', 'connection_type': '2.5d_rdl', 'loc': '2.5d_chiplet'},{'from': 'Chiplet_5', 'to': 'Chiplet_1', 'connection_type': '2.5d_rdl', 'loc': '2.5d_chiplet'},{'from': 'Chiplet_5', 'to': 'Chiplet_4', 'connection_type': '2.5d_rdl', 'loc': '2.5d_chiplet'}",1,1,3,1,1,1,ddr5,ucie_std,na,1,0,os,1,0,0
228,45.52496301799094,5313023.62,196007.38662924635,572933508.9635607,81649.72362069243,79879.35310638344,228,1.51595254,4.475,1024,128x128,7,3.665749090547913,5.538366334949999,4096,128x128,10,8.112421457366196,12.973514847541198,8192,192x192,10,2.6264880905479133,5.538366334949999,1024,128x128,10,14.117807839976791,15.979573171754398,6144,192x192,14,1.4141952089375351,1.7054115854749998,512,64x64,14,2.5d,"{'from': 'Chiplet_5', 'to': 'Chiplet_3', 'connection_type': '2.5d_emib', 'loc': '2.5d_chiplet'},{'from': 'Chiplet_5', 'to': 'Chiplet_1', 'connection_type': '2.5d_emib', 'loc': '2.5d_chiplet'},{'from': 'Chiplet_5', 'to': 'Chiplet_2', 'connection_type': '2.5d_emib', 'loc': '2.5d_chiplet'},{'from': 'Chiplet_1', 'to': 'Chiplet_2', 'connection_type': '2.5d_emib', 'loc': '2.5d_chiplet'},{'from': 'Chiplet_1', 'to': 'Chiplet_5', 'connection_type': '2.5d_emib', 'loc': '2.5d_chiplet'},{'from': 'Chiplet_3', 'to': 'Chiplet_2', 'connection_type': '2.5d_emib', 'loc': '2.5d_chiplet'},{'from': 'Chiplet_3', 'to': 'Chiplet_4', 'connection_type': '2.5d_emib', 'loc': '2.5d_chiplet'},{'from': 'Chiplet_3', 'to': 'Chiplet_5', 'connection_type': '2.5d_emib', 'loc': '2.5d_chiplet'},{'from': 'Chiplet_2', 'to': 'Chiplet_1', 'connection_type': '2.5d_emib', 'loc': '2.5d_chiplet'},{'from': 'Chiplet_2', 'to': 'Chiplet_4', 'connection_type': '2.5d_emib', 'loc': '2.5d_chiplet'},{'from': 'Chiplet_2', 'to': 'Chiplet_5', 'connection_type': '2.5d_emib', 'loc': '2.5d_chiplet'},{'from': 'Chiplet_2', 'to': 'Chiplet_3', 'connection_type': '2.5d_emib', 'loc': '2.5d_chiplet'},{'from': 'Chiplet_2', 'to': 'Chiplet_6', 'connection_type': '2.5d_emib', 'loc': '2.5d_chiplet'},{'from': 'Chiplet_4', 'to': 'Chiplet_2', 'connection_type': '2.5d_emib', 'loc': '2.5d_chiplet'},{'from': 'Chiplet_4', 'to': 'Chiplet_6', 'connection_type': '2.5d_emib', 'loc': '2.5d_chiplet'},{'from': 'Chiplet_4', 'to': 'Chiplet_3', 'connection_type': '2.5d_emib', 'loc': '2.5d_chiplet'},{'from': 'Chiplet_6', 'to': 'Chiplet_2', 'connection_type': '2.5d_emib', 'loc': '2.5d_chiplet'},{'from': 'Chiplet_6', 'to': 'Chiplet_4', 'connection_type': '2.5d_emib', 'loc': '2.5d_chiplet'}",1,2,4,1,7,1,hbm2,bow,na,0,0,os,1,0,0
229,20.098868112084162,2509836.33,69145.73765622928,1191182243.7788405,19872.843137254902,31740.805775897752,229,0.46559300000000003,1.11875,512,64x64,7,2.20879254,4.475,3072,128x128,7,1.304342696,2.51875,2048,96x96,7,4.1253109519999995,10.4826,4096,192x192,7,2.20879254,4.475,3072,128x128,7,3.2571509657793953,3.8395579270749995,1536,96x96,14,2.5d,"{'from': 'Chiplet_4', 'to': 'Chiplet_2', 'connection_type': '2.5d_rdl', 'loc': '2.5d_chiplet'},{'from': 'Chiplet_4', 'to': 'Chiplet_1', 'connection_type': '2.5d_rdl', 'loc': '2.5d_chiplet'},{'from': 'Chiplet_4', 'to': 'Chiplet_6', 'connection_type': '2.5d_rdl', 'loc': '2.5d_chiplet'},{'from': 'Chiplet_4', 'to': 'Chiplet_5', 'connection_type': '2.5d_rdl', 'loc': '2.5d_chiplet'},{'from': 'Chiplet_5', 'to': 'Chiplet_1', 'connection_type': '2.5d_rdl', 'loc': '2.5d_chiplet'},{'from': 'Chiplet_5', 'to': 'Chiplet_4', 'connection_type': '2.5d_rdl', 'loc': '2.5d_chiplet'},{'from': 'Chiplet_1', 'to': 'Chiplet_4', 'connection_type': '2.5d_rdl', 'loc': '2.5d_chiplet'},{'from': 'Chiplet_1', 'to': 'Chiplet_5', 'connection_type': '2.5d_rdl', 'loc': '2.5d_chiplet'},{'from': 'Chiplet_6', 'to': 'Chiplet_2', 'connection_type': '2.5d_rdl', 'loc': '2.5d_chiplet'},{'from': 'Chiplet_6', 'to': 'Chiplet_4', 'connection_type': '2.5d_rdl', 'loc': '2.5d_chiplet'},{'from': 'Chiplet_6', 'to': 'Chiplet_3', 'connection_type': '2.5d_rdl', 'loc': '2.5d_chiplet'},{'from': 'Chiplet_2', 'to': 'Chiplet_3', 'connection_type': '2.5d_rdl', 'loc': '2.5d_chiplet'},{'from': 'Chiplet_2', 'to': 'Chiplet_6', 'connection_type': '2.5d_rdl', 'loc': '2.5d_chiplet'},{'from': 'Chiplet_2', 'to': 'Chiplet_4', 'connection_type': '2.5d_rdl', 'loc': '2.5d_chiplet'},{'from': 'Chiplet_3', 'to': 'Chiplet_2', 'connection_type': '2.5d_rdl', 'loc': '2.5d_chiplet'},{'from': 'Chiplet_3', 'to': 'Chiplet_6', 'connection_type': '2.5d_rdl', 'loc': '2.5d_chiplet'}",1,1,1,2,1,2,ddr5,ucie_std,na,1,0,ws,0,0,0
230,58.62045301200078,5709588.01,219670.22454242074,1311156089.1477532,16486.176470588234,42248.7409704941,230,11.481175603606792,15.979573171754398,2048,192x192,14,14.117807839976791,15.979573171754398,6144,192x192,14,3.665749090547913,5.538366334949999,4096,128x128,10,0.784712696,2.51875,512,96x96,7,2.927572174079395,3.8395579270749995,1024,96x96,14,14.117807839976791,15.979573171754398,6144,192x192,14,2.5d,"{'from': 'Chiplet_2', 'to': 'Chiplet_1', 'connection_type': '2.5d_emib', 'loc': '2.5d_chiplet'},{'from': 'Chiplet_2', 'to': 'Chiplet_6', 'connection_type': '2.5d_emib', 'loc': '2.5d_chiplet'},{'from': 'Chiplet_1', 'to': 'Chiplet_3', 'connection_type': '2.5d_emib', 'loc': '2.5d_chiplet'},{'from': 'Chiplet_1', 'to': 'Chiplet_2', 'connection_type': '2.5d_emib', 'loc': '2.5d_chiplet'},{'from': 'Chiplet_6', 'to': 'Chiplet_2', 'connection_type': '2.5d_emib', 'loc': '2.5d_chiplet'},{'from': 'Chiplet_6', 'to': 'Chiplet_3', 'connection_type': '2.5d_emib', 'loc': '2.5d_chiplet'},{'from': 'Chiplet_6', 'to': 'Chiplet_5', 'connection_type': '2.5d_emib', 'loc': '2.5d_chiplet'},{'from': 'Chiplet_3', 'to': 'Chiplet_1', 'connection_type': '2.5d_emib', 'loc': '2.5d_chiplet'},{'from': 'Chiplet_3', 'to': 'Chiplet_4', 'connection_type': '2.5d_emib', 'loc': '2.5d_chiplet'},{'from': 'Chiplet_3', 'to': 'Chiplet_6', 'connection_type': '2.5d_emib', 'loc': '2.5d_chiplet'},{'from': 'Chiplet_3', 'to': 'Chiplet_5', 'connection_type': '2.5d_emib', 'loc': '2.5d_chiplet'},{'from': 'Chiplet_5', 'to': 'Chiplet_3', 'connection_type': '2.5d_emib', 'loc': '2.5d_chiplet'},{'from': 'Chiplet_5', 'to': 'Chiplet_4', 'connection_type': '2.5d_emib', 'loc': '2.5d_chiplet'},{'from': 'Chiplet_5', 'to': 'Chiplet_6', 'connection_type': '2.5d_emib', 'loc': '2.5d_chiplet'},{'from': 'Chiplet_4', 'to': 'Chiplet_3', 'connection_type': '2.5d_emib', 'loc': '2.5d_chiplet'},{'from': 'Chiplet_4', 'to': 'Chiplet_5', 'connection_type': '2.5d_emib', 'loc': '2.5d_chiplet'}",1,2,1,1,1,2,ddr5,ucie_adv,na,1,0,os,0,0,0
231,21.186725257288607,3182426.69,81630.64076660541,1672292618.4702659,32920.686274509804,54025.160566539824,231,3.5867297574793953,3.8395579270749995,2048,96x96,14,1.249405813087535,1.7054115854749998,256,64x64,14,6.033899457366197,12.973514847541198,2048,192x192,10,1.5385781800824634,3.1172648505374996,1024,96x96,10,3.5867297574793953,3.8395579270749995,2048,96x96,14,7.419580457366196,12.973514847541198,6144,192x192,10,2.5d_3d,"{'from': 'Chiplet_6', 'to': 'Chiplet_1', 'connection_type': '3d_u_bump', 'loc': 'stack0_base'},{'from': 'Chiplet_1', 'to': 'Chiplet_4', 'connection_type': '3d_u_bump', 'loc': 'stack0_middle1'},{'from': 'Chiplet_4', 'to': 'Chiplet_2', 'connection_type': '3d_u_bump', 'loc': 'stack0_middle2'},{'from': 'Chiplet_2', 'to': 'na', 'connection_type': '3d_u_bump', 'loc': 'stack0_top'},{'from': 'Chiplet_6', 'to': 'Chiplet_3', 'connection_type': '2.5d_rdl', 'loc': '2.5d_chiplet'},{'from': 'Chiplet_6', 'to': 'Chiplet_5', 'connection_type': '2.5d_rdl', 'loc': '2.5d_chiplet'},{'from': 'Chiplet_3', 'to': 'Chiplet_6', 'connection_type': '2.5d_rdl', 'loc': '2.5d_chiplet'},{'from': 'Chiplet_3', 'to': 'Chiplet_5', 'connection_type': '2.5d_rdl', 'loc': '2.5d_chiplet'},{'from': 'Chiplet_5', 'to': 'Chiplet_3', 'connection_type': '2.5d_rdl', 'loc': '2.5d_chiplet'},{'from': 'Chiplet_5', 'to': 'Chiplet_6', 'connection_type': '2.5d_rdl', 'loc': '2.5d_chiplet'}",1,1,2,1,1,2,ddr4,ucie_std,ucie_3d,1,0,is,0,0,0
232,62.398124046282355,4961065.44,108859.91884998087,1171739949.4232354,92026.6978999525,102430.8535340938,232,7.419580457366196,12.973514847541198,6144,192x192,10,12.799492673176792,15.979573171754398,4096,192x192,14,3.2571509657793953,3.8395579270749995,1536,96x96,14,5.656782838920179,6.821646341899999,2048,128x128,14,0.916436759447044,1.3845915837374998,1024,64x64,10,6.315940422320179,6.821646341899999,3072,128x128,14,2.5d,"{'from': 'Chiplet_2', 'to': 'Chiplet_1', 'connection_type': '2.5d_rdl', 'loc': '2.5d_chiplet'},{'from': 'Chiplet_2', 'to': 'Chiplet_4', 'connection_type': '2.5d_rdl', 'loc': '2.5d_chiplet'},{'from': 'Chiplet_4', 'to': 'Chiplet_2', 'connection_type': '2.5d_rdl', 'loc': '2.5d_chiplet'},{'from': 'Chiplet_4', 'to': 'Chiplet_1', 'connection_type': '2.5d_rdl', 'loc': '2.5d_chiplet'},{'from': 'Chiplet_4', 'to': 'Chiplet_6', 'connection_type': '2.5d_rdl', 'loc': '2.5d_chiplet'},{'from': 'Chiplet_1', 'to': 'Chiplet_2', 'connection_type': '2.5d_rdl', 'loc': '2.5d_chiplet'},{'from': 'Chiplet_1', 'to': 'Chiplet_4', 'connection_type': '2.5d_rdl', 'loc': '2.5d_chiplet'},{'from': 'Chiplet_1', 'to': 'Chiplet_5', 'connection_type': '2.5d_rdl', 'loc': '2.5d_chiplet'},{'from': 'Chiplet_1', 'to': 'Chiplet_3', 'connection_type': '2.5d_rdl', 'loc': '2.5d_chiplet'},{'from': 'Chiplet_1', 'to': 'Chiplet_6', 'connection_type': '2.5d_rdl', 'loc': '2.5d_chiplet'},{'from': 'Chiplet_5', 'to': 'Chiplet_3', 'connection_type': '2.5d_rdl', 'loc': '2.5d_chiplet'},{'from': 'Chiplet_5', 'to': 'Chiplet_1', 'connection_type': '2.5d_rdl', 'loc': '2.5d_chiplet'},{'from': 'Chiplet_6', 'to': 'Chiplet_3', 'connection_type': '2.5d_rdl', 'loc': '2.5d_chiplet'},{'from': 'Chiplet_6', 'to': 'Chiplet_1', 'connection_type': '2.5d_rdl', 'loc': '2.5d_chiplet'},{'from': 'Chiplet_6', 'to': 'Chiplet_4', 'connection_type': '2.5d_rdl', 'loc': '2.5d_chiplet'},{'from': 'Chiplet_3', 'to': 'Chiplet_1', 'connection_type': '2.5d_rdl', 'loc': '2.5d_chiplet'},{'from': 'Chiplet_3', 'to': 'Chiplet_6', 'connection_type': '2.5d_rdl', 'loc': '2.5d_chiplet'},{'from': 'Chiplet_3', 'to': 'Chiplet_5', 'connection_type': '2.5d_rdl', 'loc': '2.5d_chiplet'}",1,3,1,1,1,1,ddr4,ucie_std,na,0,0,ws,1,0,0
233,12.45601869057602,1906534.41,108717.51154499075,1089794988.094939,186945.94935548122,90876.88833616159,233,1.131132696,2.51875,1536,96x96,7,1.7117881800824635,3.1172648505374996,1536,96x96,10,3.3193280905479132,5.538366334949999,3072,128x128,10,0.957922696,2.51875,1024,96x96,7,0.743226759447044,1.3845915837374998,512,64x64,10,3.665749090547913,5.538366334949999,4096,128x128,10,2.5d_3d,"{'from': 'Chiplet_3', 'to': 'Chiplet_4', 'connection_type': '3d_tsv', 'loc': 'stack0_base'},{'from': 'Chiplet_4', 'to': 'Chiplet_5', 'connection_type': '3d_tsv', 'loc': 'stack0_middle1'},{'from': 'Chiplet_5', 'to': 'na', 'connection_type': '3d_tsv', 'loc': 'stack0_top'},{'from': 'Chiplet_6', 'to': 'Chiplet_3', 'connection_type': '2.5d_emib', 'loc': '2.5d_chiplet'},{'from': 'Chiplet_6', 'to': 'Chiplet_1', 'connection_type': '2.5d_emib', 'loc': '2.5d_chiplet'},{'from': 'Chiplet_1', 'to': 'Chiplet_2', 'connection_type': '2.5d_emib', 'loc': '2.5d_chiplet'},{'from': 'Chiplet_1', 'to': 'Chiplet_6', 'connection_type': '2.5d_emib', 'loc': '2.5d_chiplet'},{'from': 'Chiplet_3', 'to': 'Chiplet_2', 'connection_type': '2.5d_emib', 'loc': '2.5d_chiplet'},{'from': 'Chiplet_3', 'to': 'Chiplet_6', 'connection_type': '2.5d_emib', 'loc': '2.5d_chiplet'},{'from': 'Chiplet_2', 'to': 'Chiplet_3', 'connection_type': '2.5d_emib', 'loc': '2.5d_chiplet'},{'from': 'Chiplet_2', 'to': 'Chiplet_1', 'connection_type': '2.5d_emib', 'loc': '2.5d_chiplet'}",1,1,2,1,1,2,ddr5,bow,ucie_3d,0,0,os,1,0,0
234,34.60546033894996,3984344.62,176541.2281553081,445363273.0729257,16118.921568627451,18350.570719442505,234,2.20879254,4.475,3072,128x128,7,6.975099908490179,6.821646341899999,4096,128x128,14,6.726740457366197,12.973514847541198,4096,192x192,10,3.5867297574793953,3.8395579270749995,2048,96x96,14,1.51595254,4.475,1024,128x128,7,1.4141952089375351,1.7054115854749998,512,64x64,14,2.5d,"{'from': 'Chiplet_2', 'to': 'Chiplet_3', 'connection_type': '2.5d_emib', 'loc': '2.5d_chiplet'},{'from': 'Chiplet_2', 'to': 'Chiplet_1', 'connection_type': '2.5d_emib', 'loc': '2.5d_chiplet'},{'from': 'Chiplet_2', 'to': 'Chiplet_5', 'connection_type': '2.5d_emib', 'loc': '2.5d_chiplet'},{'from': 'Chiplet_1', 'to': 'Chiplet_2', 'connection_type': '2.5d_emib', 'loc': '2.5d_chiplet'},{'from': 'Chiplet_1', 'to': 'Chiplet_5', 'connection_type': '2.5d_emib', 'loc': '2.5d_chiplet'},{'from': 'Chiplet_5', 'to': 'Chiplet_2', 'connection_type': '2.5d_emib', 'loc': '2.5d_chiplet'},{'from': 'Chiplet_5', 'to': 'Chiplet_1', 'connection_type': '2.5d_emib', 'loc': '2.5d_chiplet'},{'from': 'Chiplet_3', 'to': 'Chiplet_2', 'connection_type': '2.5d_emib', 'loc': '2.5d_chiplet'},{'from': 'Chiplet_3', 'to': 'Chiplet_6', 'connection_type': '2.5d_emib', 'loc': '2.5d_chiplet'},{'from': 'Chiplet_3', 'to': 'Chiplet_4', 'connection_type': '2.5d_emib', 'loc': '2.5d_chiplet'},{'from': 'Chiplet_4', 'to': 'Chiplet_3', 'connection_type': '2.5d_emib', 'loc': '2.5d_chiplet'},{'from': 'Chiplet_4', 'to': 'Chiplet_6', 'connection_type': '2.5d_emib', 'loc': '2.5d_chiplet'},{'from': 'Chiplet_6', 'to': 'Chiplet_3', 'connection_type': '2.5d_emib', 'loc': '2.5d_chiplet'},{'from': 'Chiplet_6', 'to': 'Chiplet_4', 'connection_type': '2.5d_emib', 'loc': '2.5d_chiplet'}",2,5,5,2,1,1,hbm3,aib,na,0,0,os,0,0,0
235,36.32737503916512,3972561.05,176001.09396258453,439497281.27112424,67892.16454100868,53520.01478597572,235,1.8849981800824636,3.1172648505374996,2048,96x96,10,2.6264880905479133,5.538366334949999,1024,128x128,10,6.315940422320179,6.821646341899999,3072,128x128,14,2.597993382379395,3.8395579270749995,512,96x96,14,0.46559300000000003,1.11875,512,64x64,7,12.799492673176792,15.979573171754398,4096,192x192,14,2.5d,"{'from': 'Chiplet_6', 'to': 'Chiplet_3', 'connection_type': '2.5d_emib', 'loc': '2.5d_chiplet'},{'from': 'Chiplet_6', 'to': 'Chiplet_2', 'connection_type': '2.5d_emib', 'loc': '2.5d_chiplet'},{'from': 'Chiplet_6', 'to': 'Chiplet_5', 'connection_type': '2.5d_emib', 'loc': '2.5d_chiplet'},{'from': 'Chiplet_5', 'to': 'Chiplet_2', 'connection_type': '2.5d_emib', 'loc': '2.5d_chiplet'},{'from': 'Chiplet_5', 'to': 'Chiplet_6', 'connection_type': '2.5d_emib', 'loc': '2.5d_chiplet'},{'from': 'Chiplet_3', 'to': 'Chiplet_2', 'connection_type': '2.5d_emib', 'loc': '2.5d_chiplet'},{'from': 'Chiplet_3', 'to': 'Chiplet_4', 'connection_type': '2.5d_emib', 'loc': '2.5d_chiplet'},{'from': 'Chiplet_3', 'to': 'Chiplet_6', 'connection_type': '2.5d_emib', 'loc': '2.5d_chiplet'},{'from': 'Chiplet_2', 'to': 'Chiplet_1', 'connection_type': '2.5d_emib', 'loc': '2.5d_chiplet'},{'from': 'Chiplet_2', 'to': 'Chiplet_4', 'connection_type': '2.5d_emib', 'loc': '2.5d_chiplet'},{'from': 'Chiplet_2', 'to': 'Chiplet_5', 'connection_type': '2.5d_emib', 'loc': '2.5d_chiplet'},{'from': 'Chiplet_2', 'to': 'Chiplet_3', 'connection_type': '2.5d_emib', 'loc': '2.5d_chiplet'},{'from': 'Chiplet_2', 'to': 'Chiplet_6', 'connection_type': '2.5d_emib', 'loc': '2.5d_chiplet'},{'from': 'Chiplet_4', 'to': 'Chiplet_2', 'connection_type': '2.5d_emib', 'loc': '2.5d_chiplet'},{'from': 'Chiplet_4', 'to': 'Chiplet_1', 'connection_type': '2.5d_emib', 'loc': '2.5d_chiplet'},{'from': 'Chiplet_4', 'to': 'Chiplet_3', 'connection_type': '2.5d_emib', 'loc': '2.5d_chiplet'},{'from': 'Chiplet_1', 'to': 'Chiplet_2', 'connection_type': '2.5d_emib', 'loc': '2.5d_chiplet'},{'from': 'Chiplet_1', 'to': 'Chiplet_4', 'connection_type': '2.5d_emib', 'loc': '2.5d_chiplet'}",1,1,4,1,1,8,hbm3,aib,na,0,0,ws,1,0,0
236,62.373847770926496,7378729.41,183721.70221690807,604858023.0776178,14905.0,26228.222243292425,236,6.033899457366197,12.973514847541198,2048,192x192,10,3.2571509657793953,3.8395579270749995,1536,96x96,14,1.131132696,2.51875,1536,96x96,7,2.597993382379395,3.8395579270749995,512,96x96,14,11.481175603606792,15.979573171754398,2048,192x192,14,15.436124909546791,15.979573171754398,8192,192x192,14,2.5d_3d,"{'from': 'Chiplet_5', 'to': 'Chiplet_2', 'connection_type': '3d_hyb_bond', 'loc': 'stack0_base'},{'from': 'Chiplet_2', 'to': 'na', 'connection_type': '3d_hyb_bond', 'loc': 'stack0_top'},{'from': 'Chiplet_6', 'to': 'Chiplet_1', 'connection_type': '2.5d_emib', 'loc': '2.5d_chiplet'},{'from': 'Chiplet_6', 'to': 'Chiplet_4', 'connection_type': '2.5d_emib', 'loc': '2.5d_chiplet'},{'from': 'Chiplet_6', 'to': 'Chiplet_5', 'connection_type': '2.5d_emib', 'loc': '2.5d_chiplet'},{'from': 'Chiplet_4', 'to': 'Chiplet_1', 'connection_type': '2.5d_emib', 'loc': '2.5d_chiplet'},{'from': 'Chiplet_4', 'to': 'Chiplet_6', 'connection_type': '2.5d_emib', 'loc': '2.5d_chiplet'},{'from': 'Chiplet_5', 'to': 'Chiplet_3', 'connection_type': '2.5d_emib', 'loc': '2.5d_chiplet'},{'from': 'Chiplet_5', 'to': 'Chiplet_1', 'connection_type': '2.5d_emib', 'loc': '2.5d_chiplet'},{'from': 'Chiplet_5', 'to': 'Chiplet_6', 'connection_type': '2.5d_emib', 'loc': '2.5d_chiplet'},{'from': 'Chiplet_1', 'to': 'Chiplet_3', 'connection_type': '2.5d_emib', 'loc': '2.5d_chiplet'},{'from': 'Chiplet_1', 'to': 'Chiplet_4', 'connection_type': '2.5d_emib', 'loc': '2.5d_chiplet'},{'from': 'Chiplet_1', 'to': 'Chiplet_6', 'connection_type': '2.5d_emib', 'loc': '2.5d_chiplet'},{'from': 'Chiplet_1', 'to': 'Chiplet_5', 'connection_type': '2.5d_emib', 'loc': '2.5d_chiplet'},{'from': 'Chiplet_3', 'to': 'Chiplet_1', 'connection_type': '2.5d_emib', 'loc': '2.5d_chiplet'},{'from': 'Chiplet_3', 'to': 'Chiplet_5', 'connection_type': '2.5d_emib', 'loc': '2.5d_chiplet'}",2,1,1,1,5,6,hbm2,aib,ucie_3d,0,0,ws,0,0,0
237,54.70398213580439,5568356.62,106923.50596321108,492917122.36953753,20587.70588235294,27030.90460886166,237,3.3193280905479132,5.538366334949999,3072,128x128,10,14.117807839976791,15.979573171754398,6144,192x192,14,0.829831759447044,1.3845915837374998,768,64x64,10,6.726740457366197,12.973514847541198,4096,192x192,10,0.638803,1.11875,1024,64x64,7,4.1253109519999995,10.4826,4096,192x192,7,2.5d,"{'from': 'Chiplet_2', 'to': 'Chiplet_3', 'connection_type': '2.5d_rdl', 'loc': '2.5d_chiplet'},{'from': 'Chiplet_2', 'to': 'Chiplet_4', 'connection_type': '2.5d_rdl', 'loc': '2.5d_chiplet'},{'from': 'Chiplet_3', 'to': 'Chiplet_2', 'connection_type': '2.5d_rdl', 'loc': '2.5d_chiplet'},{'from': 'Chiplet_3', 'to': 'Chiplet_4', 'connection_type': '2.5d_rdl', 'loc': '2.5d_chiplet'},{'from': 'Chiplet_4', 'to': 'Chiplet_2', 'connection_type': '2.5d_rdl', 'loc': '2.5d_chiplet'},{'from': 'Chiplet_4', 'to': 'Chiplet_1', 'connection_type': '2.5d_rdl', 'loc': '2.5d_chiplet'},{'from': 'Chiplet_4', 'to': 'Chiplet_5', 'connection_type': '2.5d_rdl', 'loc': '2.5d_chiplet'},{'from': 'Chiplet_4', 'to': 'Chiplet_3', 'connection_type': '2.5d_rdl', 'loc': '2.5d_chiplet'},{'from': 'Chiplet_4', 'to': 'Chiplet_6', 'connection_type': '2.5d_rdl', 'loc': '2.5d_chiplet'},{'from': 'Chiplet_5', 'to': 'Chiplet_1', 'connection_type': '2.5d_rdl', 'loc': '2.5d_chiplet'},{'from': 'Chiplet_5', 'to': 'Chiplet_4', 'connection_type': '2.5d_rdl', 'loc': '2.5d_chiplet'},{'from': 'Chiplet_6', 'to': 'Chiplet_1', 'connection_type': '2.5d_rdl', 'loc': '2.5d_chiplet'},{'from': 'Chiplet_6', 'to': 'Chiplet_4', 'connection_type': '2.5d_rdl', 'loc': '2.5d_chiplet'},{'from': 'Chiplet_1', 'to': 'Chiplet_4', 'connection_type': '2.5d_rdl', 'loc': '2.5d_chiplet'},{'from': 'Chiplet_1', 'to': 'Chiplet_6', 'connection_type': '2.5d_rdl', 'loc': '2.5d_chiplet'},{'from': 'Chiplet_1', 'to': 'Chiplet_5', 'connection_type': '2.5d_rdl', 'loc': '2.5d_chiplet'}",2,7,1,3,1,2,hbm3,ucie_std,na,1,0,ws,0,0,0
238,49.60752008836916,5174066.3,110310.16688901675,567552085.1171193,114823.88382969207,101833.69669301633,238,14.117807839976791,15.979573171754398,6144,192x192,14,1.249405813087535,1.7054115854749998,256,64x64,14,6.975099908490179,6.821646341899999,4096,128x128,14,0.638803,1.11875,1024,64x64,7,14.117807839976791,15.979573171754398,6144,192x192,14,1.249405813087535,1.7054115854749998,256,64x64,14,2.5d,"{'from': 'Chiplet_1', 'to': 'Chiplet_3', 'connection_type': '2.5d_rdl', 'loc': '2.5d_chiplet'},{'from': 'Chiplet_1', 'to': 'Chiplet_5', 'connection_type': '2.5d_rdl', 'loc': '2.5d_chiplet'},{'from': 'Chiplet_3', 'to': 'Chiplet_2', 'connection_type': '2.5d_rdl', 'loc': '2.5d_chiplet'},{'from': 'Chiplet_3', 'to': 'Chiplet_1', 'connection_type': '2.5d_rdl', 'loc': '2.5d_chiplet'},{'from': 'Chiplet_3', 'to': 'Chiplet_4', 'connection_type': '2.5d_rdl', 'loc': '2.5d_chiplet'},{'from': 'Chiplet_5', 'to': 'Chiplet_2', 'connection_type': '2.5d_rdl', 'loc': '2.5d_chiplet'},{'from': 'Chiplet_5', 'to': 'Chiplet_1', 'connection_type': '2.5d_rdl', 'loc': '2.5d_chiplet'},{'from': 'Chiplet_5', 'to': 'Chiplet_6', 'connection_type': '2.5d_rdl', 'loc': '2.5d_chiplet'},{'from': 'Chiplet_2', 'to': 'Chiplet_3', 'connection_type': '2.5d_rdl', 'loc': '2.5d_chiplet'},{'from': 'Chiplet_2', 'to': 'Chiplet_4', 'connection_type': '2.5d_rdl', 'loc': '2.5d_chiplet'},{'from': 'Chiplet_2', 'to': 'Chiplet_6', 'connection_type': '2.5d_rdl', 'loc': '2.5d_chiplet'},{'from': 'Chiplet_2', 'to': 'Chiplet_5', 'connection_type': '2.5d_rdl', 'loc': '2.5d_chiplet'},{'from': 'Chiplet_4', 'to': 'Chiplet_3', 'connection_type': '2.5d_rdl', 'loc': '2.5d_chiplet'},{'from': 'Chiplet_4', 'to': 'Chiplet_6', 'connection_type': '2.5d_rdl', 'loc': '2.5d_chiplet'},{'from': 'Chiplet_4', 'to': 'Chiplet_2', 'connection_type': '2.5d_rdl', 'loc': '2.5d_chiplet'},{'from': 'Chiplet_6', 'to': 'Chiplet_2', 'connection_type': '2.5d_rdl', 'loc': '2.5d_chiplet'},{'from': 'Chiplet_6', 'to': 'Chiplet_4', 'connection_type': '2.5d_rdl', 'loc': '2.5d_chiplet'},{'from': 'Chiplet_6', 'to': 'Chiplet_5', 'connection_type': '2.5d_rdl', 'loc': '2.5d_chiplet'}",5,1,3,1,5,1,hbm3,ucie_std,na,1,0,ws,1,0,0
239,49.30599190685818,5157472.73,103825.79184244855,530011796.9414331,28451.666666666664,34396.64947566692,239,1.86237254,4.475,2048,128x128,7,11.481175603606792,15.979573171754398,2048,192x192,14,4.1253109519999995,10.4826,4096,192x192,7,3.665749090547913,5.538366334949999,4096,128x128,10,2.927572174079395,3.8395579270749995,1024,96x96,14,5.656782838920179,6.821646341899999,2048,128x128,14,2.5d,"{'from': 'Chiplet_2', 'to': 'Chiplet_6', 'connection_type': '2.5d_rdl', 'loc': '2.5d_chiplet'},{'from': 'Chiplet_2', 'to': 'Chiplet_5', 'connection_type': '2.5d_rdl', 'loc': '2.5d_chiplet'},{'from': 'Chiplet_5', 'to': 'Chiplet_3', 'connection_type': '2.5d_rdl', 'loc': '2.5d_chiplet'},{'from': 'Chiplet_5', 'to': 'Chiplet_6', 'connection_type': '2.5d_rdl', 'loc': '2.5d_chiplet'},{'from': 'Chiplet_5', 'to': 'Chiplet_2', 'connection_type': '2.5d_rdl', 'loc': '2.5d_chiplet'},{'from': 'Chiplet_6', 'to': 'Chiplet_2', 'connection_type': '2.5d_rdl', 'loc': '2.5d_chiplet'},{'from': 'Chiplet_6', 'to': 'Chiplet_1', 'connection_type': '2.5d_rdl', 'loc': '2.5d_chiplet'},{'from': 'Chiplet_6', 'to': 'Chiplet_4', 'connection_type': '2.5d_rdl', 'loc': '2.5d_chiplet'},{'from': 'Chiplet_6', 'to': 'Chiplet_5', 'connection_type': '2.5d_rdl', 'loc': '2.5d_chiplet'},{'from': 'Chiplet_6', 'to': 'Chiplet_3', 'connection_type': '2.5d_rdl', 'loc': '2.5d_chiplet'},{'from': 'Chiplet_1', 'to': 'Chiplet_4', 'connection_type': '2.5d_rdl', 'loc': '2.5d_chiplet'},{'from': 'Chiplet_1', 'to': 'Chiplet_6', 'connection_type': '2.5d_rdl', 'loc': '2.5d_chiplet'},{'from': 'Chiplet_3', 'to': 'Chiplet_6', 'connection_type': '2.5d_rdl', 'loc': '2.5d_chiplet'},{'from': 'Chiplet_3', 'to': 'Chiplet_4', 'connection_type': '2.5d_rdl', 'loc': '2.5d_chiplet'},{'from': 'Chiplet_3', 'to': 'Chiplet_5', 'connection_type': '2.5d_rdl', 'loc': '2.5d_chiplet'},{'from': 'Chiplet_4', 'to': 'Chiplet_3', 'connection_type': '2.5d_rdl', 'loc': '2.5d_chiplet'},{'from': 'Chiplet_4', 'to': 'Chiplet_1', 'connection_type': '2.5d_rdl', 'loc': '2.5d_chiplet'},{'from': 'Chiplet_4', 'to': 'Chiplet_6', 'connection_type': '2.5d_rdl', 'loc': '2.5d_chiplet'}",1,6,2,2,2,3,hbm2,ucie_std,na,1,0,is,0,0,0
240,12.820847223636244,2432103.16,67610.41763052945,1662736237.8141088,18205.21568627451,38114.95993811619,240,5.5109919519999995,10.4826,8192,192x192,7,1.131132696,2.51875,1536,96x96,7,0.743226759447044,1.3845915837374998,512,64x64,10,2.20879254,4.475,3072,128x128,7,0.378988,1.11875,256,64x64,7,0.784712696,2.51875,512,96x96,7,2.5d_3d,"{'from': 'Chiplet_2', 'to': 'Chiplet_6', 'connection_type': '3d_hyb_bond', 'loc': 'stack0_base'},{'from': 'Chiplet_6', 'to': 'Chiplet_3', 'connection_type': '3d_hyb_bond', 'loc': 'stack0_middle1'},{'from': 'Chiplet_3', 'to': 'Chiplet_5', 'connection_type': '3d_hyb_bond', 'loc': 'stack0_middle2'},{'from': 'Chiplet_5', 'to': 'na', 'connection_type': '3d_hyb_bond', 'loc': 'stack0_top'},{'from': 'Chiplet_1', 'to': 'Chiplet_2', 'connection_type': '2.5d_rdl', 'loc': '2.5d_chiplet'},{'from': 'Chiplet_1', 'to': 'Chiplet_4', 'connection_type': '2.5d_rdl', 'loc': '2.5d_chiplet'},{'from': 'Chiplet_4', 'to': 'Chiplet_2', 'connection_type': '2.5d_rdl', 'loc': '2.5d_chiplet'},{'from': 'Chiplet_4', 'to': 'Chiplet_1', 'connection_type': '2.5d_rdl', 'loc': '2.5d_chiplet'},{'from': 'Chiplet_2', 'to': 'Chiplet_1', 'connection_type': '2.5d_rdl', 'loc': '2.5d_chiplet'},{'from': 'Chiplet_2', 'to': 'Chiplet_4', 'connection_type': '2.5d_rdl', 'loc': '2.5d_chiplet'}",3,1,1,1,1,1,ddr4,ucie_std,ucie_3d,1,0,os,0,0,0
241,23.043045003722288,3307981.46,76840.10644972163,522149879.214538,24757.83930510315,22920.61014048504,241,5.5109919519999995,10.4826,8192,192x192,7,0.916436759447044,1.3845915837374998,1024,64x64,10,5.656782838920179,6.821646341899999,2048,128x128,14,1.304342696,2.51875,2048,96x96,7,3.665749090547913,5.538366334949999,4096,128x128,10,0.784712696,2.51875,512,96x96,7,2.5d,"{'from': 'Chiplet_3', 'to': 'Chiplet_2', 'connection_type': '2.5d_rdl', 'loc': '2.5d_chiplet'},{'from': 'Chiplet_3', 'to': 'Chiplet_1', 'connection_type': '2.5d_rdl', 'loc': '2.5d_chiplet'},{'from': 'Chiplet_3', 'to': 'Chiplet_4', 'connection_type': '2.5d_rdl', 'loc': '2.5d_chiplet'},{'from': 'Chiplet_4', 'to': 'Chiplet_2', 'connection_type': '2.5d_rdl', 'loc': '2.5d_chiplet'},{'from': 'Chiplet_4', 'to': 'Chiplet_6', 'connection_type': '2.5d_rdl', 'loc': '2.5d_chiplet'},{'from': 'Chiplet_4', 'to': 'Chiplet_3', 'connection_type': '2.5d_rdl', 'loc': '2.5d_chiplet'},{'from': 'Chiplet_2', 'to': 'Chiplet_3', 'connection_type': '2.5d_rdl', 'loc': '2.5d_chiplet'},{'from': 'Chiplet_2', 'to': 'Chiplet_6', 'connection_type': '2.5d_rdl', 'loc': '2.5d_chiplet'},{'from': 'Chiplet_2', 'to': 'Chiplet_4', 'connection_type': '2.5d_rdl', 'loc': '2.5d_chiplet'},{'from': 'Chiplet_2', 'to': 'Chiplet_5', 'connection_type': '2.5d_rdl', 'loc': '2.5d_chiplet'},{'from': 'Chiplet_6', 'to': 'Chiplet_2', 'connection_type': '2.5d_rdl', 'loc': '2.5d_chiplet'},{'from': 'Chiplet_6', 'to': 'Chiplet_4', 'connection_type': '2.5d_rdl', 'loc': '2.5d_chiplet'},{'from': 'Chiplet_1', 'to': 'Chiplet_3', 'connection_type': '2.5d_rdl', 'loc': '2.5d_chiplet'},{'from': 'Chiplet_1', 'to': 'Chiplet_5', 'connection_type': '2.5d_rdl', 'loc': '2.5d_chiplet'},{'from': 'Chiplet_5', 'to': 'Chiplet_2', 'connection_type': '2.5d_rdl', 'loc': '2.5d_chiplet'},{'from': 'Chiplet_5', 'to': 'Chiplet_1', 'connection_type': '2.5d_rdl', 'loc': '2.5d_chiplet'}",5,1,5,1,3,1,hbm3,ucie_std,na,0,0,ws,0,0,0
242,66.55062035583522,5294226.17,116222.88682840184,1221089727.8874633,190806.43723802263,190148.97106000804,242,3.2571509657793953,3.8395579270749995,1536,96x96,14,0.829831759447044,1.3845915837374998,768,64x64,10,14.117807839976791,15.979573171754398,6144,192x192,14,6.315940422320179,6.821646341899999,3072,128x128,14,6.975099908490179,6.821646341899999,4096,128x128,14,7.419580457366196,12.973514847541198,6144,192x192,10,2.5d,"{'from': 'Chiplet_3', 'to': 'Chiplet_4', 'connection_type': '2.5d_rdl', 'loc': '2.5d_chiplet'},{'from': 'Chiplet_3', 'to': 'Chiplet_6', 'connection_type': '2.5d_rdl', 'loc': '2.5d_chiplet'},{'from': 'Chiplet_4', 'to': 'Chiplet_3', 'connection_type': '2.5d_rdl', 'loc': '2.5d_chiplet'},{'from': 'Chiplet_4', 'to': 'Chiplet_6', 'connection_type': '2.5d_rdl', 'loc': '2.5d_chiplet'},{'from': 'Chiplet_4', 'to': 'Chiplet_5', 'connection_type': '2.5d_rdl', 'loc': '2.5d_chiplet'},{'from': 'Chiplet_6', 'to': 'Chiplet_3', 'connection_type': '2.5d_rdl', 'loc': '2.5d_chiplet'},{'from': 'Chiplet_6', 'to': 'Chiplet_4', 'connection_type': '2.5d_rdl', 'loc': '2.5d_chiplet'},{'from': 'Chiplet_6', 'to': 'Chiplet_2', 'connection_type': '2.5d_rdl', 'loc': '2.5d_chiplet'},{'from': 'Chiplet_6', 'to': 'Chiplet_5', 'connection_type': '2.5d_rdl', 'loc': '2.5d_chiplet'},{'from': 'Chiplet_2', 'to': 'Chiplet_1', 'connection_type': '2.5d_rdl', 'loc': '2.5d_chiplet'},{'from': 'Chiplet_2', 'to': 'Chiplet_6', 'connection_type': '2.5d_rdl', 'loc': '2.5d_chiplet'},{'from': 'Chiplet_5', 'to': 'Chiplet_1', 'connection_type': '2.5d_rdl', 'loc': '2.5d_chiplet'},{'from': 'Chiplet_5', 'to': 'Chiplet_4', 'connection_type': '2.5d_rdl', 'loc': '2.5d_chiplet'},{'from': 'Chiplet_5', 'to': 'Chiplet_6', 'connection_type': '2.5d_rdl', 'loc': '2.5d_chiplet'},{'from': 'Chiplet_1', 'to': 'Chiplet_2', 'connection_type': '2.5d_rdl', 'loc': '2.5d_chiplet'},{'from': 'Chiplet_1', 'to': 'Chiplet_5', 'connection_type': '2.5d_rdl', 'loc': '2.5d_chiplet'}",1,1,3,1,1,1,ddr4,ucie_std,na,0,0,is,1,0,0
243,19.176453439384073,2589199.84,53054.19820282372,473110533.90315914,34058.92508143322,22584.979623648105,243,5.656782838920179,6.821646341899999,2048,128x128,14,0.784712696,2.51875,512,96x96,7,2.972908090547913,5.538366334949999,2048,128x128,10,1.578984604787535,1.7054115854749998,768,64x64,14,1.86237254,4.475,2048,128x128,7,0.638803,1.11875,1024,64x64,7,2.5d_3d,"{'from': 'Chiplet_4', 'to': 'Chiplet_6', 'connection_type': '3d_u_bump', 'loc': 'stack0_base'},{'from': 'Chiplet_6', 'to': 'na', 'connection_type': '3d_u_bump', 'loc': 'stack0_top'},{'from': 'Chiplet_1', 'to': 'Chiplet_3', 'connection_type': '2.5d_rdl', 'loc': '2.5d_chiplet'},{'from': 'Chiplet_1', 'to': 'Chiplet_2', 'connection_type': '2.5d_rdl', 'loc': '2.5d_chiplet'},{'from': 'Chiplet_1', 'to': 'Chiplet_5', 'connection_type': '2.5d_rdl', 'loc': '2.5d_chiplet'},{'from': 'Chiplet_2', 'to': 'Chiplet_1', 'connection_type': '2.5d_rdl', 'loc': '2.5d_chiplet'},{'from': 'Chiplet_2', 'to': 'Chiplet_5', 'connection_type': '2.5d_rdl', 'loc': '2.5d_chiplet'},{'from': 'Chiplet_3', 'to': 'Chiplet_1', 'connection_type': '2.5d_rdl', 'loc': '2.5d_chiplet'},{'from': 'Chiplet_3', 'to': 'Chiplet_4', 'connection_type': '2.5d_rdl', 'loc': '2.5d_chiplet'},{'from': 'Chiplet_3', 'to': 'Chiplet_5', 'connection_type': '2.5d_rdl', 'loc': '2.5d_chiplet'},{'from': 'Chiplet_5', 'to': 'Chiplet_2', 'connection_type': '2.5d_rdl', 'loc': '2.5d_chiplet'},{'from': 'Chiplet_5', 'to': 'Chiplet_1', 'connection_type': '2.5d_rdl', 'loc': '2.5d_chiplet'},{'from': 'Chiplet_5', 'to': 'Chiplet_4', 'connection_type': '2.5d_rdl', 'loc': '2.5d_chiplet'},{'from': 'Chiplet_5', 'to': 'Chiplet_3', 'connection_type': '2.5d_rdl', 'loc': '2.5d_chiplet'},{'from': 'Chiplet_4', 'to': 'Chiplet_3', 'connection_type': '2.5d_rdl', 'loc': '2.5d_chiplet'},{'from': 'Chiplet_4', 'to': 'Chiplet_5', 'connection_type': '2.5d_rdl', 'loc': '2.5d_chiplet'}",7,1,3,2,2,1,hbm3,ucie_std,ucie_3d,0,0,ws,0,0,0
244,16.834427643133704,3240309.47,127438.26125020754,510985494.0131774,20899.702999702997,20230.32021721148,244,0.378988,1.11875,256,64x64,7,0.552198,1.11875,768,64x64,7,3.665749090547913,5.538366334949999,4096,128x128,10,4.9976252555201786,6.821646341899999,1024,128x128,14,5.5109919519999995,10.4826,8192,192x192,7,1.5385781800824634,3.1172648505374996,1024,96x96,10,2.5d_3d,"{'from': 'Chiplet_4', 'to': 'Chiplet_3', 'connection_type': '3d_tsv', 'loc': 'stack0_base'},{'from': 'Chiplet_3', 'to': 'Chiplet_1', 'connection_type': '3d_tsv', 'loc': 'stack0_middle1'},{'from': 'Chiplet_1', 'to': 'na', 'connection_type': '3d_tsv', 'loc': 'stack0_top'},{'from': 'Chiplet_5', 'to': 'Chiplet_2', 'connection_type': '2.5d_emib', 'loc': '2.5d_chiplet'},{'from': 'Chiplet_5', 'to': 'Chiplet_4', 'connection_type': '2.5d_emib', 'loc': '2.5d_chiplet'},{'from': 'Chiplet_2', 'to': 'Chiplet_6', 'connection_type': '2.5d_emib', 'loc': '2.5d_chiplet'},{'from': 'Chiplet_2', 'to': 'Chiplet_5', 'connection_type': '2.5d_emib', 'loc': '2.5d_chiplet'},{'from': 'Chiplet_4', 'to': 'Chiplet_6', 'connection_type': '2.5d_emib', 'loc': '2.5d_chiplet'},{'from': 'Chiplet_4', 'to': 'Chiplet_5', 'connection_type': '2.5d_emib', 'loc': '2.5d_chiplet'},{'from': 'Chiplet_6', 'to': 'Chiplet_2', 'connection_type': '2.5d_emib', 'loc': '2.5d_chiplet'},{'from': 'Chiplet_6', 'to': 'Chiplet_4', 'connection_type': '2.5d_emib', 'loc': '2.5d_chiplet'}",1,1,3,5,5,1,hbm3,ucie_adv,ucie_3d,0,0,os,0,0,0
245,25.878791249496878,4366758.93,82388.21239105181,455685787.2083817,128782.93809563378,88805.48126074164,245,5.5109919519999995,10.4826,8192,192x192,7,4.1253109519999995,10.4826,4096,192x192,7,0.638803,1.11875,1024,64x64,7,3.3193280905479132,5.538366334949999,3072,128x128,10,0.784712696,2.51875,512,96x96,7,3.2571509657793953,3.8395579270749995,1536,96x96,14,2.5d_3d,"{'from': 'Chiplet_6', 'to': 'Chiplet_5', 'connection_type': '3d_hyb_bond', 'loc': 'stack0_base'},{'from': 'Chiplet_5', 'to': 'na', 'connection_type': '3d_hyb_bond', 'loc': 'stack0_top'},{'from': 'Chiplet_1', 'to': 'Chiplet_2', 'connection_type': '2.5d_rdl', 'loc': '2.5d_chiplet'},{'from': 'Chiplet_1', 'to': 'Chiplet_6', 'connection_type': '2.5d_rdl', 'loc': '2.5d_chiplet'},{'from': 'Chiplet_1', 'to': 'Chiplet_4', 'connection_type': '2.5d_rdl', 'loc': '2.5d_chiplet'},{'from': 'Chiplet_6', 'to': 'Chiplet_1', 'connection_type': '2.5d_rdl', 'loc': '2.5d_chiplet'},{'from': 'Chiplet_6', 'to': 'Chiplet_4', 'connection_type': '2.5d_rdl', 'loc': '2.5d_chiplet'},{'from': 'Chiplet_2', 'to': 'Chiplet_3', 'connection_type': '2.5d_rdl', 'loc': '2.5d_chiplet'},{'from': 'Chiplet_2', 'to': 'Chiplet_1', 'connection_type': '2.5d_rdl', 'loc': '2.5d_chiplet'},{'from': 'Chiplet_2', 'to': 'Chiplet_4', 'connection_type': '2.5d_rdl', 'loc': '2.5d_chiplet'},{'from': 'Chiplet_4', 'to': 'Chiplet_3', 'connection_type': '2.5d_rdl', 'loc': '2.5d_chiplet'},{'from': 'Chiplet_4', 'to': 'Chiplet_1', 'connection_type': '2.5d_rdl', 'loc': '2.5d_chiplet'},{'from': 'Chiplet_4', 'to': 'Chiplet_6', 'connection_type': '2.5d_rdl', 'loc': '2.5d_chiplet'},{'from': 'Chiplet_4', 'to': 'Chiplet_2', 'connection_type': '2.5d_rdl', 'loc': '2.5d_chiplet'},{'from': 'Chiplet_3', 'to': 'Chiplet_2', 'connection_type': '2.5d_rdl', 'loc': '2.5d_chiplet'},{'from': 'Chiplet_3', 'to': 'Chiplet_4', 'connection_type': '2.5d_rdl', 'loc': '2.5d_chiplet'}",5,3,1,3,1,3,hbm3,ucie_std,ucie_3d,0,0,os,1,0,0
246,57.618718480857346,6795547.59,221213.9842926644,660186603.0799372,15377.35294117647,26814.785183951608,246,0.829831759447044,1.3845915837374998,768,64x64,10,2.55521354,4.475,4096,128x128,7,15.436124909546791,15.979573171754398,8192,192x192,14,15.436124909546791,15.979573171754398,8192,192x192,14,8.112421457366196,12.973514847541198,8192,192x192,10,0.552198,1.11875,768,64x64,7,2.5d,"{'from': 'Chiplet_3', 'to': 'Chiplet_4', 'connection_type': '2.5d_emib', 'loc': '2.5d_chiplet'},{'from': 'Chiplet_3', 'to': 'Chiplet_5', 'connection_type': '2.5d_emib', 'loc': '2.5d_chiplet'},{'from': 'Chiplet_5', 'to': 'Chiplet_2', 'connection_type': '2.5d_emib', 'loc': '2.5d_chiplet'},{'from': 'Chiplet_5', 'to': 'Chiplet_3', 'connection_type': '2.5d_emib', 'loc': '2.5d_chiplet'},{'from': 'Chiplet_4', 'to': 'Chiplet_3', 'connection_type': '2.5d_emib', 'loc': '2.5d_chiplet'},{'from': 'Chiplet_4', 'to': 'Chiplet_1', 'connection_type': '2.5d_emib', 'loc': '2.5d_chiplet'},{'from': 'Chiplet_4', 'to': 'Chiplet_2', 'connection_type': '2.5d_emib', 'loc': '2.5d_chiplet'},{'from': 'Chiplet_2', 'to': 'Chiplet_1', 'connection_type': '2.5d_emib', 'loc': '2.5d_chiplet'},{'from': 'Chiplet_2', 'to': 'Chiplet_6', 'connection_type': '2.5d_emib', 'loc': '2.5d_chiplet'},{'from': 'Chiplet_2', 'to': 'Chiplet_4', 'connection_type': '2.5d_emib', 'loc': '2.5d_chiplet'},{'from': 'Chiplet_2', 'to': 'Chiplet_5', 'connection_type': '2.5d_emib', 'loc': '2.5d_chiplet'},{'from': 'Chiplet_1', 'to': 'Chiplet_2', 'connection_type': '2.5d_emib', 'loc': '2.5d_chiplet'},{'from': 'Chiplet_1', 'to': 'Chiplet_6', 'connection_type': '2.5d_emib', 'loc': '2.5d_chiplet'},{'from': 'Chiplet_1', 'to': 'Chiplet_4', 'connection_type': '2.5d_emib', 'loc': '2.5d_chiplet'},{'from': 'Chiplet_6', 'to': 'Chiplet_2', 'connection_type': '2.5d_emib', 'loc': '2.5d_chiplet'},{'from': 'Chiplet_6', 'to': 'Chiplet_1', 'connection_type': '2.5d_emib', 'loc': '2.5d_chiplet'}",1,1,5,5,3,1,hbm3,bow,na,0,0,ws,0,0,0
247,50.32543779417406,4914194.51,202274.93182162457,1696507036.5867276,27852.352941176472,57354.73288660881,247,8.112421457366196,12.973514847541198,8192,192x192,10,4.1253109519999995,10.4826,4096,192x192,7,12.799492673176792,15.979573171754398,4096,192x192,14,1.249405813087535,1.7054115854749998,256,64x64,14,5.656782838920179,6.821646341899999,2048,128x128,14,1.3653681800824635,3.1172648505374996,512,96x96,10,2.5d,"{'from': 'Chiplet_3', 'to': 'Chiplet_2', 'connection_type': '2.5d_emib', 'loc': '2.5d_chiplet'},{'from': 'Chiplet_3', 'to': 'Chiplet_1', 'connection_type': '2.5d_emib', 'loc': '2.5d_chiplet'},{'from': 'Chiplet_3', 'to': 'Chiplet_5', 'connection_type': '2.5d_emib', 'loc': '2.5d_chiplet'},{'from': 'Chiplet_2', 'to': 'Chiplet_3', 'connection_type': '2.5d_emib', 'loc': '2.5d_chiplet'},{'from': 'Chiplet_2', 'to': 'Chiplet_5', 'connection_type': '2.5d_emib', 'loc': '2.5d_chiplet'},{'from': 'Chiplet_1', 'to': 'Chiplet_3', 'connection_type': '2.5d_emib', 'loc': '2.5d_chiplet'},{'from': 'Chiplet_1', 'to': 'Chiplet_6', 'connection_type': '2.5d_emib', 'loc': '2.5d_chiplet'},{'from': 'Chiplet_1', 'to': 'Chiplet_5', 'connection_type': '2.5d_emib', 'loc': '2.5d_chiplet'},{'from': 'Chiplet_5', 'to': 'Chiplet_2', 'connection_type': '2.5d_emib', 'loc': '2.5d_chiplet'},{'from': 'Chiplet_5', 'to': 'Chiplet_1', 'connection_type': '2.5d_emib', 'loc': '2.5d_chiplet'},{'from': 'Chiplet_5', 'to': 'Chiplet_4', 'connection_type': '2.5d_emib', 'loc': '2.5d_chiplet'},{'from': 'Chiplet_5', 'to': 'Chiplet_3', 'connection_type': '2.5d_emib', 'loc': '2.5d_chiplet'},{'from': 'Chiplet_5', 'to': 'Chiplet_6', 'connection_type': '2.5d_emib', 'loc': '2.5d_chiplet'},{'from': 'Chiplet_6', 'to': 'Chiplet_1', 'connection_type': '2.5d_emib', 'loc': '2.5d_chiplet'},{'from': 'Chiplet_6', 'to': 'Chiplet_4', 'connection_type': '2.5d_emib', 'loc': '2.5d_chiplet'},{'from': 'Chiplet_6', 'to': 'Chiplet_5', 'connection_type': '2.5d_emib', 'loc': '2.5d_chiplet'},{'from': 'Chiplet_4', 'to': 'Chiplet_6', 'connection_type': '2.5d_emib', 'loc': '2.5d_chiplet'},{'from': 'Chiplet_4', 'to': 'Chiplet_5', 'connection_type': '2.5d_emib', 'loc': '2.5d_chiplet'}",1,1,3,1,1,1,ddr4,bow,na,1,0,is,0,0,0
248,15.348730256332715,3012010.35,142482.1907789949,461284048.6225989,35771.62162162162,29498.636878712576,248,6.726740457366197,12.973514847541198,4096,192x192,10,1.5385781800824634,3.1172648505374996,1024,96x96,10,0.743226759447044,1.3845915837374998,512,64x64,10,1.86237254,4.475,2048,128x128,7,2.6264880905479133,5.538366334949999,1024,128x128,10,1.86237254,4.475,2048,128x128,7,2.5d_3d,"{'from': 'Chiplet_1', 'to': 'Chiplet_5', 'connection_type': '3d_tsv', 'loc': 'stack0_base'},{'from': 'Chiplet_5', 'to': 'na', 'connection_type': '3d_tsv', 'loc': 'stack0_top'},{'from': 'Chiplet_1', 'to': 'Chiplet_6', 'connection_type': '2.5d_emib', 'loc': '2.5d_chiplet'},{'from': 'Chiplet_1', 'to': 'Chiplet_4', 'connection_type': '2.5d_emib', 'loc': '2.5d_chiplet'},{'from': 'Chiplet_4', 'to': 'Chiplet_2', 'connection_type': '2.5d_emib', 'loc': '2.5d_chiplet'},{'from': 'Chiplet_4', 'to': 'Chiplet_1', 'connection_type': '2.5d_emib', 'loc': '2.5d_chiplet'},{'from': 'Chiplet_4', 'to': 'Chiplet_6', 'connection_type': '2.5d_emib', 'loc': '2.5d_chiplet'},{'from': 'Chiplet_2', 'to': 'Chiplet_3', 'connection_type': '2.5d_emib', 'loc': '2.5d_chiplet'},{'from': 'Chiplet_2', 'to': 'Chiplet_4', 'connection_type': '2.5d_emib', 'loc': '2.5d_chiplet'},{'from': 'Chiplet_6', 'to': 'Chiplet_3', 'connection_type': '2.5d_emib', 'loc': '2.5d_chiplet'},{'from': 'Chiplet_6', 'to': 'Chiplet_1', 'connection_type': '2.5d_emib', 'loc': '2.5d_chiplet'},{'from': 'Chiplet_6', 'to': 'Chiplet_4', 'connection_type': '2.5d_emib', 'loc': '2.5d_chiplet'},{'from': 'Chiplet_3', 'to': 'Chiplet_2', 'connection_type': '2.5d_emib', 'loc': '2.5d_chiplet'},{'from': 'Chiplet_3', 'to': 'Chiplet_6', 'connection_type': '2.5d_emib', 'loc': '2.5d_chiplet'}",7,1,1,2,3,2,hbm2,aib,ucie_3d,1,0,is,0,0,0
249,13.262001806680365,3034263.56,139592.6490801666,1081593768.10594,108723.989585476,81404.31636404112,249,4.818150952,10.4826,6144,192x192,7,3.432469952,10.4826,2048,192x192,7,1.249405813087535,1.7054115854749998,256,64x64,14,0.638803,1.11875,1024,64x64,7,2.55521354,4.475,4096,128x128,7,1.304342696,2.51875,2048,96x96,7,2.5d_3d,"{'from': 'Chiplet_2', 'to': 'Chiplet_5', 'connection_type': '3d_hyb_bond', 'loc': 'stack0_base'},{'from': 'Chiplet_5', 'to': 'Chiplet_6', 'connection_type': '3d_hyb_bond', 'loc': 'stack0_middle1'},{'from': 'Chiplet_6', 'to': 'na', 'connection_type': '3d_hyb_bond', 'loc': 'stack0_top'},{'from': 'Chiplet_1', 'to': 'Chiplet_2', 'connection_type': '2.5d_emib', 'loc': '2.5d_chiplet'},{'from': 'Chiplet_1', 'to': 'Chiplet_3', 'connection_type': '2.5d_emib', 'loc': '2.5d_chiplet'},{'from': 'Chiplet_2', 'to': 'Chiplet_3', 'connection_type': '2.5d_emib', 'loc': '2.5d_chiplet'},{'from': 'Chiplet_2', 'to': 'Chiplet_1', 'connection_type': '2.5d_emib', 'loc': '2.5d_chiplet'},{'from': 'Chiplet_2', 'to': 'Chiplet_4', 'connection_type': '2.5d_emib', 'loc': '2.5d_chiplet'},{'from': 'Chiplet_3', 'to': 'Chiplet_2', 'connection_type': '2.5d_emib', 'loc': '2.5d_chiplet'},{'from': 'Chiplet_3', 'to': 'Chiplet_1', 'connection_type': '2.5d_emib', 'loc': '2.5d_chiplet'},{'from': 'Chiplet_3', 'to': 'Chiplet_4', 'connection_type': '2.5d_emib', 'loc': '2.5d_chiplet'},{'from': 'Chiplet_4', 'to': 'Chiplet_3', 'connection_type': '2.5d_emib', 'loc': '2.5d_chiplet'},{'from': 'Chiplet_4', 'to': 'Chiplet_2', 'connection_type': '2.5d_emib', 'loc': '2.5d_chiplet'}",2,2,1,1,1,1,ddr4,ucie_adv,ucie_3d,0,0,is,1,0,0
250,46.74920568262046,4867633.5,171429.91200905165,893595139.6764054,79870.77283447278,86412.26362806228,250,3.5867297574793953,3.8395579270749995,2048,96x96,14,7.419580457366196,12.973514847541198,6144,192x192,10,1.304342696,2.51875,2048,96x96,7,4.9976252555201786,6.821646341899999,1024,128x128,14,2.6264880905479133,5.538366334949999,1024,128x128,10,12.799492673176792,15.979573171754398,4096,192x192,14,2.5d_3d,"{'from': 'Chiplet_4', 'to': 'Chiplet_5', 'connection_type': '3d_tsv', 'loc': 'stack0_base'},{'from': 'Chiplet_5', 'to': 'na', 'connection_type': '3d_tsv', 'loc': 'stack0_top'},{'from': 'Chiplet_6', 'to': 'Chiplet_2', 'connection_type': '2.5d_emib', 'loc': '2.5d_chiplet'},{'from': 'Chiplet_6', 'to': 'Chiplet_4', 'connection_type': '2.5d_emib', 'loc': '2.5d_chiplet'},{'from': 'Chiplet_6', 'to': 'Chiplet_3', 'connection_type': '2.5d_emib', 'loc': '2.5d_chiplet'},{'from': 'Chiplet_3', 'to': 'Chiplet_6', 'connection_type': '2.5d_emib', 'loc': '2.5d_chiplet'},{'from': 'Chiplet_3', 'to': 'Chiplet_4', 'connection_type': '2.5d_emib', 'loc': '2.5d_chiplet'},{'from': 'Chiplet_2', 'to': 'Chiplet_4', 'connection_type': '2.5d_emib', 'loc': '2.5d_chiplet'},{'from': 'Chiplet_2', 'to': 'Chiplet_6', 'connection_type': '2.5d_emib', 'loc': '2.5d_chiplet'},{'from': 'Chiplet_2', 'to': 'Chiplet_1', 'connection_type': '2.5d_emib', 'loc': '2.5d_chiplet'},{'from': 'Chiplet_4', 'to': 'Chiplet_3', 'connection_type': '2.5d_emib', 'loc': '2.5d_chiplet'},{'from': 'Chiplet_4', 'to': 'Chiplet_1', 'connection_type': '2.5d_emib', 'loc': '2.5d_chiplet'},{'from': 'Chiplet_4', 'to': 'Chiplet_6', 'connection_type': '2.5d_emib', 'loc': '2.5d_chiplet'},{'from': 'Chiplet_4', 'to': 'Chiplet_2', 'connection_type': '2.5d_emib', 'loc': '2.5d_chiplet'},{'from': 'Chiplet_1', 'to': 'Chiplet_2', 'connection_type': '2.5d_emib', 'loc': '2.5d_chiplet'},{'from': 'Chiplet_1', 'to': 'Chiplet_4', 'connection_type': '2.5d_emib', 'loc': '2.5d_chiplet'}",1,1,1,1,1,3,ddr5,aib,ucie_3d,0,0,is,1,0,0
251,22.359075621013094,4077171.93,131903.91564806493,1280021221.1266155,11368.761206193969,32496.571460892912,251,15.436124909546791,15.979573171754398,8192,192x192,14,2.597993382379395,3.8395579270749995,512,96x96,14,2.6264880905479133,5.538366334949999,1024,128x128,10,2.55521354,4.475,4096,128x128,7,1.131132696,2.51875,1536,96x96,7,4.1253109519999995,10.4826,4096,192x192,7,2.5d_3d,"{'from': 'Chiplet_1', 'to': 'Chiplet_6', 'connection_type': '3d_hyb_bond', 'loc': 'stack0_base'},{'from': 'Chiplet_6', 'to': 'Chiplet_2', 'connection_type': '3d_hyb_bond', 'loc': 'stack0_middle1'},{'from': 'Chiplet_2', 'to': 'Chiplet_4', 'connection_type': '3d_hyb_bond', 'loc': 'stack0_middle2'},{'from': 'Chiplet_4', 'to': 'Chiplet_5', 'connection_type': '3d_hyb_bond', 'loc': 'stack0_middle3'},{'from': 'Chiplet_5', 'to': 'na', 'connection_type': '3d_hyb_bond', 'loc': 'stack0_top'},{'from': 'Chiplet_1', 'to': 'Chiplet_3', 'connection_type': '2.5d_rdl', 'loc': '2.5d_chiplet'},{'from': 'Chiplet_3', 'to': 'Chiplet_1', 'connection_type': '2.5d_rdl', 'loc': '2.5d_chiplet'}",3,1,1,1,1,1,ddr5,ucie_std,ucie_3d,0,0,os,0,0,0
252,33.662819499952484,4354946.24,150081.76799045072,1654988679.4455314,19345.686274509804,47349.65532593506,252,4.9976252555201786,6.821646341899999,1024,128x128,14,1.5385781800824634,3.1172648505374996,1024,96x96,10,3.665749090547913,5.538366334949999,4096,128x128,10,11.481175603606792,15.979573171754398,2048,192x192,14,1.8849981800824636,3.1172648505374996,2048,96x96,10,7.419580457366196,12.973514847541198,6144,192x192,10,2.5d_3d,"{'from': 'Chiplet_1', 'to': 'Chiplet_5', 'connection_type': '3d_u_bump', 'loc': 'stack0_base'},{'from': 'Chiplet_5', 'to': 'Chiplet_2', 'connection_type': '3d_u_bump', 'loc': 'stack0_middle1'},{'from': 'Chiplet_2', 'to': 'na', 'connection_type': '3d_u_bump', 'loc': 'stack0_top'},{'from': 'Chiplet_4', 'to': 'Chiplet_3', 'connection_type': '2.5d_emib', 'loc': '2.5d_chiplet'},{'from': 'Chiplet_4', 'to': 'Chiplet_1', 'connection_type': '2.5d_emib', 'loc': '2.5d_chiplet'},{'from': 'Chiplet_4', 'to': 'Chiplet_6', 'connection_type': '2.5d_emib', 'loc': '2.5d_chiplet'},{'from': 'Chiplet_3', 'to': 'Chiplet_1', 'connection_type': '2.5d_emib', 'loc': '2.5d_chiplet'},{'from': 'Chiplet_3', 'to': 'Chiplet_4', 'connection_type': '2.5d_emib', 'loc': '2.5d_chiplet'},{'from': 'Chiplet_6', 'to': 'Chiplet_1', 'connection_type': '2.5d_emib', 'loc': '2.5d_chiplet'},{'from': 'Chiplet_6', 'to': 'Chiplet_4', 'connection_type': '2.5d_emib', 'loc': '2.5d_chiplet'},{'from': 'Chiplet_1', 'to': 'Chiplet_3', 'connection_type': '2.5d_emib', 'loc': '2.5d_chiplet'},{'from': 'Chiplet_1', 'to': 'Chiplet_6', 'connection_type': '2.5d_emib', 'loc': '2.5d_chiplet'},{'from': 'Chiplet_1', 'to': 'Chiplet_4', 'connection_type': '2.5d_emib', 'loc': '2.5d_chiplet'}",1,1,1,3,1,1,ddr4,aib,ucie_3d,0,0,ws,0,0,0
253,65.04213046752044,5604900.89,126809.46415958663,1723530020.5191383,19345.686274509804,52472.917664414934,253,12.799492673176792,15.979573171754398,4096,192x192,14,3.665749090547913,5.538366334949999,4096,128x128,10,0.552198,1.11875,768,64x64,7,6.033899457366197,12.973514847541198,2048,192x192,10,12.799492673176792,15.979573171754398,4096,192x192,14,6.975099908490179,6.821646341899999,4096,128x128,14,2.5d,"{'from': 'Chiplet_1', 'to': 'Chiplet_3', 'connection_type': '2.5d_rdl', 'loc': '2.5d_chiplet'},{'from': 'Chiplet_1', 'to': 'Chiplet_6', 'connection_type': '2.5d_rdl', 'loc': '2.5d_chiplet'},{'from': 'Chiplet_1', 'to': 'Chiplet_5', 'connection_type': '2.5d_rdl', 'loc': '2.5d_chiplet'},{'from': 'Chiplet_6', 'to': 'Chiplet_3', 'connection_type': '2.5d_rdl', 'loc': '2.5d_chiplet'},{'from': 'Chiplet_6', 'to': 'Chiplet_1', 'connection_type': '2.5d_rdl', 'loc': '2.5d_chiplet'},{'from': 'Chiplet_3', 'to': 'Chiplet_1', 'connection_type': '2.5d_rdl', 'loc': '2.5d_chiplet'},{'from': 'Chiplet_3', 'to': 'Chiplet_6', 'connection_type': '2.5d_rdl', 'loc': '2.5d_chiplet'},{'from': 'Chiplet_5', 'to': 'Chiplet_2', 'connection_type': '2.5d_rdl', 'loc': '2.5d_chiplet'},{'from': 'Chiplet_5', 'to': 'Chiplet_1', 'connection_type': '2.5d_rdl', 'loc': '2.5d_chiplet'},{'from': 'Chiplet_5', 'to': 'Chiplet_4', 'connection_type': '2.5d_rdl', 'loc': '2.5d_chiplet'},{'from': 'Chiplet_4', 'to': 'Chiplet_2', 'connection_type': '2.5d_rdl', 'loc': '2.5d_chiplet'},{'from': 'Chiplet_4', 'to': 'Chiplet_5', 'connection_type': '2.5d_rdl', 'loc': '2.5d_chiplet'},{'from': 'Chiplet_2', 'to': 'Chiplet_4', 'connection_type': '2.5d_rdl', 'loc': '2.5d_chiplet'},{'from': 'Chiplet_2', 'to': 'Chiplet_5', 'connection_type': '2.5d_rdl', 'loc': '2.5d_chiplet'}",2,1,1,1,2,1,ddr4,ucie_std,na,1,0,ws,0,0,0
254,23.199150943078156,5550753.31,119182.11794201031,555754652.4392369,181996.83037571277,156931.38991401484,254,5.5109919519999995,10.4826,8192,192x192,7,5.5109919519999995,10.4826,8192,192x192,7,5.656782838920179,6.821646341899999,2048,128x128,14,2.55521354,4.475,4096,128x128,7,5.5109919519999995,10.4826,8192,192x192,7,0.552198,1.11875,768,64x64,7,2.5d_3d,"{'from': 'Chiplet_5', 'to': 'Chiplet_2', 'connection_type': '3d_tsv', 'loc': 'stack0_base'},{'from': 'Chiplet_2', 'to': 'Chiplet_6', 'connection_type': '3d_tsv', 'loc': 'stack0_middle1'},{'from': 'Chiplet_6', 'to': 'na', 'connection_type': '3d_tsv', 'loc': 'stack0_top'},{'from': 'Chiplet_3', 'to': 'Chiplet_1', 'connection_type': '2.5d_rdl', 'loc': '2.5d_chiplet'},{'from': 'Chiplet_3', 'to': 'Chiplet_4', 'connection_type': '2.5d_rdl', 'loc': '2.5d_chiplet'},{'from': 'Chiplet_4', 'to': 'Chiplet_3', 'connection_type': '2.5d_rdl', 'loc': '2.5d_chiplet'},{'from': 'Chiplet_4', 'to': 'Chiplet_5', 'connection_type': '2.5d_rdl', 'loc': '2.5d_chiplet'},{'from': 'Chiplet_1', 'to': 'Chiplet_3', 'connection_type': '2.5d_rdl', 'loc': '2.5d_chiplet'},{'from': 'Chiplet_1', 'to': 'Chiplet_5', 'connection_type': '2.5d_rdl', 'loc': '2.5d_chiplet'},{'from': 'Chiplet_5', 'to': 'Chiplet_1', 'connection_type': '2.5d_rdl', 'loc': '2.5d_chiplet'},{'from': 'Chiplet_5', 'to': 'Chiplet_4', 'connection_type': '2.5d_rdl', 'loc': '2.5d_chiplet'}",3,3,4,2,3,1,hbm3,ucie_std,ucie_3d,0,0,is,1,0,0
255,23.469165346411966,4177149.39,139364.0045841861,550974386.4186355,12085.135135135135,18939.639157452562,255,7.419580457366196,12.973514847541198,6144,192x192,10,1.5385781800824634,3.1172648505374996,1024,96x96,10,2.6264880905479133,5.538366334949999,1024,128x128,10,6.726740457366197,12.973514847541198,4096,192x192,10,1.304342696,2.51875,2048,96x96,7,1.304342696,2.51875,2048,96x96,7,2.5d_3d,"{'from': 'Chiplet_2', 'to': 'Chiplet_6', 'connection_type': '3d_u_bump', 'loc': 'stack0_base'},{'from': 'Chiplet_6', 'to': 'Chiplet_5', 'connection_type': '3d_u_bump', 'loc': 'stack0_middle1'},{'from': 'Chiplet_5', 'to': 'na', 'connection_type': '3d_u_bump', 'loc': 'stack0_top'},{'from': 'Chiplet_1', 'to': 'Chiplet_2', 'connection_type': '2.5d_emib', 'loc': '2.5d_chiplet'},{'from': 'Chiplet_1', 'to': 'Chiplet_4', 'connection_type': '2.5d_emib', 'loc': '2.5d_chiplet'},{'from': 'Chiplet_2', 'to': 'Chiplet_3', 'connection_type': '2.5d_emib', 'loc': '2.5d_chiplet'},{'from': 'Chiplet_2', 'to': 'Chiplet_1', 'connection_type': '2.5d_emib', 'loc': '2.5d_chiplet'},{'from': 'Chiplet_4', 'to': 'Chiplet_3', 'connection_type': '2.5d_emib', 'loc': '2.5d_chiplet'},{'from': 'Chiplet_4', 'to': 'Chiplet_1', 'connection_type': '2.5d_emib', 'loc': '2.5d_chiplet'},{'from': 'Chiplet_3', 'to': 'Chiplet_2', 'connection_type': '2.5d_emib', 'loc': '2.5d_chiplet'},{'from': 'Chiplet_3', 'to': 'Chiplet_4', 'connection_type': '2.5d_emib', 'loc': '2.5d_chiplet'}",6,1,2,5,1,1,hbm2,bow,ucie_3d,0,0,ws,0,0,0
256,61.22131547020618,7052668.88,224377.76541584212,510372631.0450218,59988.68749961283,71409.40867570465,256,15.436124909546791,15.979573171754398,8192,192x192,14,5.656782838920179,6.821646341899999,2048,128x128,14,1.86237254,4.475,2048,128x128,7,1.304342696,2.51875,2048,96x96,7,11.481175603606792,15.979573171754398,2048,192x192,14,5.5109919519999995,10.4826,8192,192x192,7,2.5d,"{'from': 'Chiplet_1', 'to': 'Chiplet_2', 'connection_type': '2.5d_emib', 'loc': '2.5d_chiplet'},{'from': 'Chiplet_1', 'to': 'Chiplet_6', 'connection_type': '2.5d_emib', 'loc': '2.5d_chiplet'},{'from': 'Chiplet_1', 'to': 'Chiplet_5', 'connection_type': '2.5d_emib', 'loc': '2.5d_chiplet'},{'from': 'Chiplet_6', 'to': 'Chiplet_2', 'connection_type': '2.5d_emib', 'loc': '2.5d_chiplet'},{'from': 'Chiplet_6', 'to': 'Chiplet_1', 'connection_type': '2.5d_emib', 'loc': '2.5d_chiplet'},{'from': 'Chiplet_5', 'to': 'Chiplet_2', 'connection_type': '2.5d_emib', 'loc': '2.5d_chiplet'},{'from': 'Chiplet_5', 'to': 'Chiplet_1', 'connection_type': '2.5d_emib', 'loc': '2.5d_chiplet'},{'from': 'Chiplet_5', 'to': 'Chiplet_3', 'connection_type': '2.5d_emib', 'loc': '2.5d_chiplet'},{'from': 'Chiplet_2', 'to': 'Chiplet_1', 'connection_type': '2.5d_emib', 'loc': '2.5d_chiplet'},{'from': 'Chiplet_2', 'to': 'Chiplet_4', 'connection_type': '2.5d_emib', 'loc': '2.5d_chiplet'},{'from': 'Chiplet_2', 'to': 'Chiplet_5', 'connection_type': '2.5d_emib', 'loc': '2.5d_chiplet'},{'from': 'Chiplet_2', 'to': 'Chiplet_3', 'connection_type': '2.5d_emib', 'loc': '2.5d_chiplet'},{'from': 'Chiplet_2', 'to': 'Chiplet_6', 'connection_type': '2.5d_emib', 'loc': '2.5d_chiplet'},{'from': 'Chiplet_3', 'to': 'Chiplet_2', 'connection_type': '2.5d_emib', 'loc': '2.5d_chiplet'},{'from': 'Chiplet_3', 'to': 'Chiplet_4', 'connection_type': '2.5d_emib', 'loc': '2.5d_chiplet'},{'from': 'Chiplet_3', 'to': 'Chiplet_5', 'connection_type': '2.5d_emib', 'loc': '2.5d_chiplet'},{'from': 'Chiplet_4', 'to': 'Chiplet_2', 'connection_type': '2.5d_emib', 'loc': '2.5d_chiplet'},{'from': 'Chiplet_4', 'to': 'Chiplet_3', 'connection_type': '2.5d_emib', 'loc': '2.5d_chiplet'}",6,2,1,1,4,2,hbm3,ucie_adv,na,0,0,is,1,0,0
257,28.9680567401749,3153611.0,174867.2487869514,1139408500.6625512,12686.606948968514,29783.57804392671,257,6.033899457366197,12.973514847541198,2048,192x192,10,4.9976252555201786,6.821646341899999,1024,128x128,14,1.743774000637535,1.7054115854749998,1024,64x64,14,3.432469952,10.4826,2048,192x192,7,2.20879254,4.475,3072,128x128,7,0.916436759447044,1.3845915837374998,1024,64x64,10,2.5d,"{'from': 'Chiplet_1', 'to': 'Chiplet_2', 'connection_type': '2.5d_emib', 'loc': '2.5d_chiplet'},{'from': 'Chiplet_1', 'to': 'Chiplet_4', 'connection_type': '2.5d_emib', 'loc': '2.5d_chiplet'},{'from': 'Chiplet_1', 'to': 'Chiplet_3', 'connection_type': '2.5d_emib', 'loc': '2.5d_chiplet'},{'from': 'Chiplet_1', 'to': 'Chiplet_5', 'connection_type': '2.5d_emib', 'loc': '2.5d_chiplet'},{'from': 'Chiplet_5', 'to': 'Chiplet_3', 'connection_type': '2.5d_emib', 'loc': '2.5d_chiplet'},{'from': 'Chiplet_5', 'to': 'Chiplet_1', 'connection_type': '2.5d_emib', 'loc': '2.5d_chiplet'},{'from': 'Chiplet_3', 'to': 'Chiplet_1', 'connection_type': '2.5d_emib', 'loc': '2.5d_chiplet'},{'from': 'Chiplet_3', 'to': 'Chiplet_5', 'connection_type': '2.5d_emib', 'loc': '2.5d_chiplet'},{'from': 'Chiplet_2', 'to': 'Chiplet_1', 'connection_type': '2.5d_emib', 'loc': '2.5d_chiplet'},{'from': 'Chiplet_2', 'to': 'Chiplet_4', 'connection_type': '2.5d_emib', 'loc': '2.5d_chiplet'},{'from': 'Chiplet_2', 'to': 'Chiplet_6', 'connection_type': '2.5d_emib', 'loc': '2.5d_chiplet'},{'from': 'Chiplet_4', 'to': 'Chiplet_2', 'connection_type': '2.5d_emib', 'loc': '2.5d_chiplet'},{'from': 'Chiplet_4', 'to': 'Chiplet_1', 'connection_type': '2.5d_emib', 'loc': '2.5d_chiplet'},{'from': 'Chiplet_4', 'to': 'Chiplet_6', 'connection_type': '2.5d_emib', 'loc': '2.5d_chiplet'},{'from': 'Chiplet_6', 'to': 'Chiplet_2', 'connection_type': '2.5d_emib', 'loc': '2.5d_chiplet'},{'from': 'Chiplet_6', 'to': 'Chiplet_4', 'connection_type': '2.5d_emib', 'loc': '2.5d_chiplet'}",2,2,1,1,1,1,ddr5,ucie_adv,na,1,0,os,0,0,0
258,11.41483567873837,1924002.96,110669.95974714818,1059184737.9679334,58363.47215916169,41819.09513457263,258,0.656621759447044,1.3845915837374998,256,64x64,10,1.743774000637535,1.7054115854749998,1024,64x64,14,1.578984604787535,1.7054115854749998,768,64x64,14,1.743774000637535,1.7054115854749998,1024,64x64,14,4.1253109519999995,10.4826,4096,192x192,7,2.597993382379395,3.8395579270749995,512,96x96,14,2.5d_3d,"{'from': 'Chiplet_6', 'to': 'Chiplet_2', 'connection_type': '3d_hyb_bond', 'loc': 'stack0_base'},{'from': 'Chiplet_2', 'to': 'Chiplet_3', 'connection_type': '3d_hyb_bond', 'loc': 'stack0_middle1'},{'from': 'Chiplet_3', 'to': 'na', 'connection_type': '3d_hyb_bond', 'loc': 'stack0_top'},{'from': 'Chiplet_5', 'to': 'Chiplet_4', 'connection_type': '2.5d_emib', 'loc': '2.5d_chiplet'},{'from': 'Chiplet_5', 'to': 'Chiplet_6', 'connection_type': '2.5d_emib', 'loc': '2.5d_chiplet'},{'from': 'Chiplet_5', 'to': 'Chiplet_1', 'connection_type': '2.5d_emib', 'loc': '2.5d_chiplet'},{'from': 'Chiplet_1', 'to': 'Chiplet_4', 'connection_type': '2.5d_emib', 'loc': '2.5d_chiplet'},{'from': 'Chiplet_1', 'to': 'Chiplet_5', 'connection_type': '2.5d_emib', 'loc': '2.5d_chiplet'},{'from': 'Chiplet_6', 'to': 'Chiplet_4', 'connection_type': '2.5d_emib', 'loc': '2.5d_chiplet'},{'from': 'Chiplet_6', 'to': 'Chiplet_5', 'connection_type': '2.5d_emib', 'loc': '2.5d_chiplet'},{'from': 'Chiplet_4', 'to': 'Chiplet_1', 'connection_type': '2.5d_emib', 'loc': '2.5d_chiplet'},{'from': 'Chiplet_4', 'to': 'Chiplet_6', 'connection_type': '2.5d_emib', 'loc': '2.5d_chiplet'},{'from': 'Chiplet_4', 'to': 'Chiplet_5', 'connection_type': '2.5d_emib', 'loc': '2.5d_chiplet'}",1,1,1,1,2,2,ddr4,bow,ucie_3d,0,0,os,1,0,0
259,14.17388763022258,1898542.81,124443.24336211428,1038087698.073465,181228.5032195387,82211.32603654239,259,2.972908090547913,5.538366334949999,2048,128x128,10,2.6264880905479133,5.538366334949999,1024,128x128,10,1.8849981800824636,3.1172648505374996,2048,96x96,10,1.304342696,2.51875,2048,96x96,7,0.378988,1.11875,256,64x64,7,0.638803,1.11875,1024,64x64,7,2.5d_3d,"{'from': 'Chiplet_6', 'to': 'Chiplet_5', 'connection_type': '3d_hyb_bond', 'loc': 'stack0_base'},{'from': 'Chiplet_5', 'to': 'na', 'connection_type': '3d_hyb_bond', 'loc': 'stack0_top'},{'from': 'Chiplet_1', 'to': 'Chiplet_2', 'connection_type': '2.5d_emib', 'loc': '2.5d_chiplet'},{'from': 'Chiplet_1', 'to': 'Chiplet_6', 'connection_type': '2.5d_emib', 'loc': '2.5d_chiplet'},{'from': 'Chiplet_1', 'to': 'Chiplet_4', 'connection_type': '2.5d_emib', 'loc': '2.5d_chiplet'},{'from': 'Chiplet_4', 'to': 'Chiplet_1', 'connection_type': '2.5d_emib', 'loc': '2.5d_chiplet'},{'from': 'Chiplet_4', 'to': 'Chiplet_6', 'connection_type': '2.5d_emib', 'loc': '2.5d_chiplet'},{'from': 'Chiplet_6', 'to': 'Chiplet_3', 'connection_type': '2.5d_emib', 'loc': '2.5d_chiplet'},{'from': 'Chiplet_6', 'to': 'Chiplet_1', 'connection_type': '2.5d_emib', 'loc': '2.5d_chiplet'},{'from': 'Chiplet_6', 'to': 'Chiplet_4', 'connection_type': '2.5d_emib', 'loc': '2.5d_chiplet'},{'from': 'Chiplet_2', 'to': 'Chiplet_3', 'connection_type': '2.5d_emib', 'loc': '2.5d_chiplet'},{'from': 'Chiplet_2', 'to': 'Chiplet_1', 'connection_type': '2.5d_emib', 'loc': '2.5d_chiplet'},{'from': 'Chiplet_3', 'to': 'Chiplet_2', 'connection_type': '2.5d_emib', 'loc': '2.5d_chiplet'},{'from': 'Chiplet_3', 'to': 'Chiplet_6', 'connection_type': '2.5d_emib', 'loc': '2.5d_chiplet'}",2,2,1,1,1,1,ddr5,ucie_adv,ucie_3d,0,0,is,1,0,0
260,51.39977100565146,5292317.79,126885.60428503083,1251503670.2963874,24128.761206193973,49835.16999892464,260,7.419580457366196,12.973514847541198,6144,192x192,10,7.419580457366196,12.973514847541198,6144,192x192,10,4.1253109519999995,10.4826,4096,192x192,7,11.481175603606792,15.979573171754398,2048,192x192,14,1.131132696,2.51875,1536,96x96,7,3.665749090547913,5.538366334949999,4096,128x128,10,2.5d,"{'from': 'Chiplet_4', 'to': 'Chiplet_3', 'connection_type': '2.5d_rdl', 'loc': '2.5d_chiplet'},{'from': 'Chiplet_4', 'to': 'Chiplet_1', 'connection_type': '2.5d_rdl', 'loc': '2.5d_chiplet'},{'from': 'Chiplet_4', 'to': 'Chiplet_5', 'connection_type': '2.5d_rdl', 'loc': '2.5d_chiplet'},{'from': 'Chiplet_3', 'to': 'Chiplet_4', 'connection_type': '2.5d_rdl', 'loc': '2.5d_chiplet'},{'from': 'Chiplet_3', 'to': 'Chiplet_5', 'connection_type': '2.5d_rdl', 'loc': '2.5d_chiplet'},{'from': 'Chiplet_5', 'to': 'Chiplet_3', 'connection_type': '2.5d_rdl', 'loc': '2.5d_chiplet'},{'from': 'Chiplet_5', 'to': 'Chiplet_4', 'connection_type': '2.5d_rdl', 'loc': '2.5d_chiplet'},{'from': 'Chiplet_5', 'to': 'Chiplet_2', 'connection_type': '2.5d_rdl', 'loc': '2.5d_chiplet'},{'from': 'Chiplet_1', 'to': 'Chiplet_2', 'connection_type': '2.5d_rdl', 'loc': '2.5d_chiplet'},{'from': 'Chiplet_1', 'to': 'Chiplet_6', 'connection_type': '2.5d_rdl', 'loc': '2.5d_chiplet'},{'from': 'Chiplet_1', 'to': 'Chiplet_4', 'connection_type': '2.5d_rdl', 'loc': '2.5d_chiplet'},{'from': 'Chiplet_6', 'to': 'Chiplet_2', 'connection_type': '2.5d_rdl', 'loc': '2.5d_chiplet'},{'from': 'Chiplet_6', 'to': 'Chiplet_1', 'connection_type': '2.5d_rdl', 'loc': '2.5d_chiplet'},{'from': 'Chiplet_2', 'to': 'Chiplet_1', 'connection_type': '2.5d_rdl', 'loc': '2.5d_chiplet'},{'from': 'Chiplet_2', 'to': 'Chiplet_6', 'connection_type': '2.5d_rdl', 'loc': '2.5d_chiplet'},{'from': 'Chiplet_2', 'to': 'Chiplet_5', 'connection_type': '2.5d_rdl', 'loc': '2.5d_chiplet'}",2,1,1,2,1,1,ddr5,ucie_std,na,1,0,is,0,0,0
261,62.6312775780842,6892243.21,146485.6359828638,695645493.9963062,28451.666666666664,43658.16099672483,261,15.436124909546791,15.979573171754398,8192,192x192,14,2.927572174079395,3.8395579270749995,1024,96x96,14,1.249405813087535,1.7054115854749998,256,64x64,14,15.436124909546791,15.979573171754398,8192,192x192,14,12.799492673176792,15.979573171754398,4096,192x192,14,3.665749090547913,5.538366334949999,4096,128x128,10,2.5d,"{'from': 'Chiplet_1', 'to': 'Chiplet_4', 'connection_type': '2.5d_rdl', 'loc': '2.5d_chiplet'},{'from': 'Chiplet_1', 'to': 'Chiplet_5', 'connection_type': '2.5d_rdl', 'loc': '2.5d_chiplet'},{'from': 'Chiplet_5', 'to': 'Chiplet_1', 'connection_type': '2.5d_rdl', 'loc': '2.5d_chiplet'},{'from': 'Chiplet_5', 'to': 'Chiplet_6', 'connection_type': '2.5d_rdl', 'loc': '2.5d_chiplet'},{'from': 'Chiplet_4', 'to': 'Chiplet_2', 'connection_type': '2.5d_rdl', 'loc': '2.5d_chiplet'},{'from': 'Chiplet_4', 'to': 'Chiplet_1', 'connection_type': '2.5d_rdl', 'loc': '2.5d_chiplet'},{'from': 'Chiplet_4', 'to': 'Chiplet_6', 'connection_type': '2.5d_rdl', 'loc': '2.5d_chiplet'},{'from': 'Chiplet_6', 'to': 'Chiplet_2', 'connection_type': '2.5d_rdl', 'loc': '2.5d_chiplet'},{'from': 'Chiplet_6', 'to': 'Chiplet_4', 'connection_type': '2.5d_rdl', 'loc': '2.5d_chiplet'},{'from': 'Chiplet_6', 'to': 'Chiplet_3', 'connection_type': '2.5d_rdl', 'loc': '2.5d_chiplet'},{'from': 'Chiplet_6', 'to': 'Chiplet_5', 'connection_type': '2.5d_rdl', 'loc': '2.5d_chiplet'},{'from': 'Chiplet_2', 'to': 'Chiplet_3', 'connection_type': '2.5d_rdl', 'loc': '2.5d_chiplet'},{'from': 'Chiplet_2', 'to': 'Chiplet_4', 'connection_type': '2.5d_rdl', 'loc': '2.5d_chiplet'},{'from': 'Chiplet_2', 'to': 'Chiplet_6', 'connection_type': '2.5d_rdl', 'loc': '2.5d_chiplet'},{'from': 'Chiplet_3', 'to': 'Chiplet_2', 'connection_type': '2.5d_rdl', 'loc': '2.5d_chiplet'},{'from': 'Chiplet_3', 'to': 'Chiplet_6', 'connection_type': '2.5d_rdl', 'loc': '2.5d_chiplet'}",5,1,1,4,4,1,hbm2,ucie_std,na,1,0,is,0,0,0
262,44.10399707347767,4788367.66,107211.08241628265,1718673027.1303463,23446.764705882357,50484.50757793346,262,1.3653681800824635,3.1172648505374996,512,96x96,10,2.20879254,4.475,3072,128x128,7,15.436124909546791,15.979573171754398,8192,192x192,14,12.799492673176792,15.979573171754398,4096,192x192,14,1.7117881800824635,3.1172648505374996,1536,96x96,10,0.552198,1.11875,768,64x64,7,2.5d_3d,"{'from': 'Chiplet_5', 'to': 'Chiplet_1', 'connection_type': '3d_u_bump', 'loc': 'stack0_base'},{'from': 'Chiplet_1', 'to': 'Chiplet_6', 'connection_type': '3d_u_bump', 'loc': 'stack0_middle1'},{'from': 'Chiplet_6', 'to': 'na', 'connection_type': '3d_u_bump', 'loc': 'stack0_top'},{'from': 'Chiplet_3', 'to': 'Chiplet_2', 'connection_type': '2.5d_rdl', 'loc': '2.5d_chiplet'},{'from': 'Chiplet_3', 'to': 'Chiplet_4', 'connection_type': '2.5d_rdl', 'loc': '2.5d_chiplet'},{'from': 'Chiplet_4', 'to': 'Chiplet_3', 'connection_type': '2.5d_rdl', 'loc': '2.5d_chiplet'},{'from': 'Chiplet_4', 'to': 'Chiplet_2', 'connection_type': '2.5d_rdl', 'loc': '2.5d_chiplet'},{'from': 'Chiplet_4', 'to': 'Chiplet_5', 'connection_type': '2.5d_rdl', 'loc': '2.5d_chiplet'},{'from': 'Chiplet_2', 'to': 'Chiplet_3', 'connection_type': '2.5d_rdl', 'loc': '2.5d_chiplet'},{'from': 'Chiplet_2', 'to': 'Chiplet_4', 'connection_type': '2.5d_rdl', 'loc': '2.5d_chiplet'},{'from': 'Chiplet_2', 'to': 'Chiplet_5', 'connection_type': '2.5d_rdl', 'loc': '2.5d_chiplet'},{'from': 'Chiplet_5', 'to': 'Chiplet_2', 'connection_type': '2.5d_rdl', 'loc': '2.5d_chiplet'},{'from': 'Chiplet_5', 'to': 'Chiplet_4', 'connection_type': '2.5d_rdl', 'loc': '2.5d_chiplet'}",1,1,2,2,1,1,ddr4,ucie_std,ucie_3d,1,0,ws,0,0,0
263,48.1767567296932,5754703.33,187194.44040737525,933009019.300744,55669.19974473658,69854.58005842692,263,12.799492673176792,15.979573171754398,4096,192x192,14,7.419580457366196,12.973514847541198,6144,192x192,10,1.86237254,4.475,2048,128x128,7,1.86237254,4.475,2048,128x128,7,5.5109919519999995,10.4826,8192,192x192,7,1.7117881800824635,3.1172648505374996,1536,96x96,10,2.5d_3d,"{'from': 'Chiplet_3', 'to': 'Chiplet_4', 'connection_type': '3d_u_bump', 'loc': 'stack0_base'},{'from': 'Chiplet_4', 'to': 'na', 'connection_type': '3d_u_bump', 'loc': 'stack0_top'},{'from': 'Chiplet_1', 'to': 'Chiplet_2', 'connection_type': '2.5d_emib', 'loc': '2.5d_chiplet'},{'from': 'Chiplet_1', 'to': 'Chiplet_3', 'connection_type': '2.5d_emib', 'loc': '2.5d_chiplet'},{'from': 'Chiplet_1', 'to': 'Chiplet_5', 'connection_type': '2.5d_emib', 'loc': '2.5d_chiplet'},{'from': 'Chiplet_3', 'to': 'Chiplet_1', 'connection_type': '2.5d_emib', 'loc': '2.5d_chiplet'},{'from': 'Chiplet_3', 'to': 'Chiplet_5', 'connection_type': '2.5d_emib', 'loc': '2.5d_chiplet'},{'from': 'Chiplet_2', 'to': 'Chiplet_1', 'connection_type': '2.5d_emib', 'loc': '2.5d_chiplet'},{'from': 'Chiplet_2', 'to': 'Chiplet_6', 'connection_type': '2.5d_emib', 'loc': '2.5d_chiplet'},{'from': 'Chiplet_2', 'to': 'Chiplet_5', 'connection_type': '2.5d_emib', 'loc': '2.5d_chiplet'},{'from': 'Chiplet_5', 'to': 'Chiplet_3', 'connection_type': '2.5d_emib', 'loc': '2.5d_chiplet'},{'from': 'Chiplet_5', 'to': 'Chiplet_1', 'connection_type': '2.5d_emib', 'loc': '2.5d_chiplet'},{'from': 'Chiplet_5', 'to': 'Chiplet_6', 'connection_type': '2.5d_emib', 'loc': '2.5d_chiplet'},{'from': 'Chiplet_5', 'to': 'Chiplet_2', 'connection_type': '2.5d_emib', 'loc': '2.5d_chiplet'},{'from': 'Chiplet_6', 'to': 'Chiplet_2', 'connection_type': '2.5d_emib', 'loc': '2.5d_chiplet'},{'from': 'Chiplet_6', 'to': 'Chiplet_5', 'connection_type': '2.5d_emib', 'loc': '2.5d_chiplet'}",3,1,1,1,1,1,ddr5,aib,ucie_3d,0,0,os,1,0,0
264,31.47600925725459,2905328.33,165426.57159335032,1148502978.746202,63689.73562011486,55731.822485243494,264,8.112421457366196,12.973514847541198,8192,192x192,10,5.656782838920179,6.821646341899999,2048,128x128,14,0.784712696,2.51875,512,96x96,7,1.4141952089375351,1.7054115854749998,512,64x64,14,2.927572174079395,3.8395579270749995,1024,96x96,14,1.4141952089375351,1.7054115854749998,512,64x64,14,2.5d,"{'from': 'Chiplet_1', 'to': 'Chiplet_2', 'connection_type': '2.5d_emib', 'loc': '2.5d_chiplet'},{'from': 'Chiplet_1', 'to': 'Chiplet_4', 'connection_type': '2.5d_emib', 'loc': '2.5d_chiplet'},{'from': 'Chiplet_1', 'to': 'Chiplet_3', 'connection_type': '2.5d_emib', 'loc': '2.5d_chiplet'},{'from': 'Chiplet_1', 'to': 'Chiplet_5', 'connection_type': '2.5d_emib', 'loc': '2.5d_chiplet'},{'from': 'Chiplet_4', 'to': 'Chiplet_3', 'connection_type': '2.5d_emib', 'loc': '2.5d_chiplet'},{'from': 'Chiplet_4', 'to': 'Chiplet_1', 'connection_type': '2.5d_emib', 'loc': '2.5d_chiplet'},{'from': 'Chiplet_3', 'to': 'Chiplet_1', 'connection_type': '2.5d_emib', 'loc': '2.5d_chiplet'},{'from': 'Chiplet_3', 'to': 'Chiplet_4', 'connection_type': '2.5d_emib', 'loc': '2.5d_chiplet'},{'from': 'Chiplet_2', 'to': 'Chiplet_1', 'connection_type': '2.5d_emib', 'loc': '2.5d_chiplet'},{'from': 'Chiplet_2', 'to': 'Chiplet_6', 'connection_type': '2.5d_emib', 'loc': '2.5d_chiplet'},{'from': 'Chiplet_2', 'to': 'Chiplet_5', 'connection_type': '2.5d_emib', 'loc': '2.5d_chiplet'},{'from': 'Chiplet_5', 'to': 'Chiplet_2', 'connection_type': '2.5d_emib', 'loc': '2.5d_chiplet'},{'from': 'Chiplet_5', 'to': 'Chiplet_1', 'connection_type': '2.5d_emib', 'loc': '2.5d_chiplet'},{'from': 'Chiplet_5', 'to': 'Chiplet_6', 'connection_type': '2.5d_emib', 'loc': '2.5d_chiplet'},{'from': 'Chiplet_6', 'to': 'Chiplet_2', 'connection_type': '2.5d_emib', 'loc': '2.5d_chiplet'},{'from': 'Chiplet_6', 'to': 'Chiplet_5', 'connection_type': '2.5d_emib', 'loc': '2.5d_chiplet'}",2,2,1,1,1,1,ddr4,aib,na,0,0,os,1,0,0
265,29.89079799221217,4428614.53,88366.5863325567,538509717.4990184,22746.445896445897,25815.045489224765,265,0.957922696,2.51875,1024,96x96,7,6.726740457366197,12.973514847541198,4096,192x192,10,0.829831759447044,1.3845915837374998,768,64x64,10,8.112421457366196,12.973514847541198,8192,192x192,10,0.829831759447044,1.3845915837374998,768,64x64,10,6.975099908490179,6.821646341899999,4096,128x128,14,2.5d_3d,"{'from': 'Chiplet_1', 'to': 'Chiplet_3', 'connection_type': '3d_u_bump', 'loc': 'stack0_base'},{'from': 'Chiplet_3', 'to': 'na', 'connection_type': '3d_u_bump', 'loc': 'stack0_top'},{'from': 'Chiplet_4', 'to': 'Chiplet_2', 'connection_type': '2.5d_rdl', 'loc': '2.5d_chiplet'},{'from': 'Chiplet_4', 'to': 'Chiplet_1', 'connection_type': '2.5d_rdl', 'loc': '2.5d_chiplet'},{'from': 'Chiplet_4', 'to': 'Chiplet_6', 'connection_type': '2.5d_rdl', 'loc': '2.5d_chiplet'},{'from': 'Chiplet_4', 'to': 'Chiplet_5', 'connection_type': '2.5d_rdl', 'loc': '2.5d_chiplet'},{'from': 'Chiplet_1', 'to': 'Chiplet_4', 'connection_type': '2.5d_rdl', 'loc': '2.5d_chiplet'},{'from': 'Chiplet_1', 'to': 'Chiplet_5', 'connection_type': '2.5d_rdl', 'loc': '2.5d_chiplet'},{'from': 'Chiplet_5', 'to': 'Chiplet_1', 'connection_type': '2.5d_rdl', 'loc': '2.5d_chiplet'},{'from': 'Chiplet_5', 'to': 'Chiplet_4', 'connection_type': '2.5d_rdl', 'loc': '2.5d_chiplet'},{'from': 'Chiplet_6', 'to': 'Chiplet_2', 'connection_type': '2.5d_rdl', 'loc': '2.5d_chiplet'},{'from': 'Chiplet_6', 'to': 'Chiplet_4', 'connection_type': '2.5d_rdl', 'loc': '2.5d_chiplet'},{'from': 'Chiplet_2', 'to': 'Chiplet_6', 'connection_type': '2.5d_rdl', 'loc': '2.5d_chiplet'},{'from': 'Chiplet_2', 'to': 'Chiplet_4', 'connection_type': '2.5d_rdl', 'loc': '2.5d_chiplet'}",1,4,1,5,1,4,hbm3,ucie_std,ucie_3d,1,0,is,0,0,0
266,29.936819660782028,3195494.45,65880.83973315496,440636872.260619,22904.940282301846,21218.240444541683,266,2.6264880905479133,5.538366334949999,1024,128x128,10,3.432469952,10.4826,2048,192x192,7,0.743226759447044,1.3845915837374998,512,64x64,10,3.3193280905479132,5.538366334949999,3072,128x128,10,6.315940422320179,6.821646341899999,3072,128x128,14,0.656621759447044,1.3845915837374998,256,64x64,10,2.5d,"{'from': 'Chiplet_5', 'to': 'Chiplet_2', 'connection_type': '2.5d_rdl', 'loc': '2.5d_chiplet'},{'from': 'Chiplet_5', 'to': 'Chiplet_1', 'connection_type': '2.5d_rdl', 'loc': '2.5d_chiplet'},{'from': 'Chiplet_1', 'to': 'Chiplet_2', 'connection_type': '2.5d_rdl', 'loc': '2.5d_chiplet'},{'from': 'Chiplet_1', 'to': 'Chiplet_4', 'connection_type': '2.5d_rdl', 'loc': '2.5d_chiplet'},{'from': 'Chiplet_1', 'to': 'Chiplet_5', 'connection_type': '2.5d_rdl', 'loc': '2.5d_chiplet'},{'from': 'Chiplet_2', 'to': 'Chiplet_1', 'connection_type': '2.5d_rdl', 'loc': '2.5d_chiplet'},{'from': 'Chiplet_2', 'to': 'Chiplet_6', 'connection_type': '2.5d_rdl', 'loc': '2.5d_chiplet'},{'from': 'Chiplet_2', 'to': 'Chiplet_4', 'connection_type': '2.5d_rdl', 'loc': '2.5d_chiplet'},{'from': 'Chiplet_2', 'to': 'Chiplet_5', 'connection_type': '2.5d_rdl', 'loc': '2.5d_chiplet'},{'from': 'Chiplet_6', 'to': 'Chiplet_2', 'connection_type': '2.5d_rdl', 'loc': '2.5d_chiplet'},{'from': 'Chiplet_6', 'to': 'Chiplet_3', 'connection_type': '2.5d_rdl', 'loc': '2.5d_chiplet'},{'from': 'Chiplet_4', 'to': 'Chiplet_3', 'connection_type': '2.5d_rdl', 'loc': '2.5d_chiplet'},{'from': 'Chiplet_4', 'to': 'Chiplet_1', 'connection_type': '2.5d_rdl', 'loc': '2.5d_chiplet'},{'from': 'Chiplet_4', 'to': 'Chiplet_2', 'connection_type': '2.5d_rdl', 'loc': '2.5d_chiplet'},{'from': 'Chiplet_3', 'to': 'Chiplet_6', 'connection_type': '2.5d_rdl', 'loc': '2.5d_chiplet'},{'from': 'Chiplet_3', 'to': 'Chiplet_4', 'connection_type': '2.5d_rdl', 'loc': '2.5d_chiplet'}",2,3,1,3,6,1,hbm3,ucie_std,na,1,0,os,0,0,0
267,17.832718407107528,3065567.52,171449.1105906445,396019721.4513166,14603.551840348908,16210.992937943014,267,1.3653681800824635,3.1172648505374996,512,96x96,10,3.432469952,10.4826,2048,192x192,7,0.46559300000000003,1.11875,512,64x64,7,3.3193280905479132,5.538366334949999,3072,128x128,10,4.1253109519999995,10.4826,4096,192x192,7,1.131132696,2.51875,1536,96x96,7,2.5d,"{'from': 'Chiplet_5', 'to': 'Chiplet_2', 'connection_type': '2.5d_emib', 'loc': '2.5d_chiplet'},{'from': 'Chiplet_5', 'to': 'Chiplet_1', 'connection_type': '2.5d_emib', 'loc': '2.5d_chiplet'},{'from': 'Chiplet_5', 'to': 'Chiplet_4', 'connection_type': '2.5d_emib', 'loc': '2.5d_chiplet'},{'from': 'Chiplet_5', 'to': 'Chiplet_6', 'connection_type': '2.5d_emib', 'loc': '2.5d_chiplet'},{'from': 'Chiplet_1', 'to': 'Chiplet_3', 'connection_type': '2.5d_emib', 'loc': '2.5d_chiplet'},{'from': 'Chiplet_1', 'to': 'Chiplet_6', 'connection_type': '2.5d_emib', 'loc': '2.5d_chiplet'},{'from': 'Chiplet_1', 'to': 'Chiplet_5', 'connection_type': '2.5d_emib', 'loc': '2.5d_chiplet'},{'from': 'Chiplet_6', 'to': 'Chiplet_3', 'connection_type': '2.5d_emib', 'loc': '2.5d_chiplet'},{'from': 'Chiplet_6', 'to': 'Chiplet_1', 'connection_type': '2.5d_emib', 'loc': '2.5d_chiplet'},{'from': 'Chiplet_6', 'to': 'Chiplet_5', 'connection_type': '2.5d_emib', 'loc': '2.5d_chiplet'},{'from': 'Chiplet_3', 'to': 'Chiplet_1', 'connection_type': '2.5d_emib', 'loc': '2.5d_chiplet'},{'from': 'Chiplet_3', 'to': 'Chiplet_6', 'connection_type': '2.5d_emib', 'loc': '2.5d_chiplet'},{'from': 'Chiplet_2', 'to': 'Chiplet_4', 'connection_type': '2.5d_emib', 'loc': '2.5d_chiplet'},{'from': 'Chiplet_2', 'to': 'Chiplet_5', 'connection_type': '2.5d_emib', 'loc': '2.5d_chiplet'},{'from': 'Chiplet_4', 'to': 'Chiplet_2', 'connection_type': '2.5d_emib', 'loc': '2.5d_chiplet'},{'from': 'Chiplet_4', 'to': 'Chiplet_5', 'connection_type': '2.5d_emib', 'loc': '2.5d_chiplet'}",1,4,1,4,5,1,hbm3,ucie_adv,na,1,0,ws,0,0,0
268,35.411776560419995,3675008.48,95740.71883775193,1617290947.0769384,23587.352941176472,47269.762247369326,268,1.7117881800824635,3.1172648505374996,1536,96x96,10,3.2571509657793953,3.8395579270749995,1536,96x96,14,11.481175603606792,15.979573171754398,2048,192x192,14,1.131132696,2.51875,1536,96x96,7,5.5109919519999995,10.4826,8192,192x192,7,1.51595254,4.475,1024,128x128,7,2.5d,"{'from': 'Chiplet_3', 'to': 'Chiplet_2', 'connection_type': '2.5d_rdl', 'loc': '2.5d_chiplet'},{'from': 'Chiplet_3', 'to': 'Chiplet_4', 'connection_type': '2.5d_rdl', 'loc': '2.5d_chiplet'},{'from': 'Chiplet_3', 'to': 'Chiplet_5', 'connection_type': '2.5d_rdl', 'loc': '2.5d_chiplet'},{'from': 'Chiplet_4', 'to': 'Chiplet_2', 'connection_type': '2.5d_rdl', 'loc': '2.5d_chiplet'},{'from': 'Chiplet_4', 'to': 'Chiplet_3', 'connection_type': '2.5d_rdl', 'loc': '2.5d_chiplet'},{'from': 'Chiplet_5', 'to': 'Chiplet_3', 'connection_type': '2.5d_rdl', 'loc': '2.5d_chiplet'},{'from': 'Chiplet_5', 'to': 'Chiplet_1', 'connection_type': '2.5d_rdl', 'loc': '2.5d_chiplet'},{'from': 'Chiplet_5', 'to': 'Chiplet_2', 'connection_type': '2.5d_rdl', 'loc': '2.5d_chiplet'},{'from': 'Chiplet_2', 'to': 'Chiplet_1', 'connection_type': '2.5d_rdl', 'loc': '2.5d_chiplet'},{'from': 'Chiplet_2', 'to': 'Chiplet_4', 'connection_type': '2.5d_rdl', 'loc': '2.5d_chiplet'},{'from': 'Chiplet_2', 'to': 'Chiplet_5', 'connection_type': '2.5d_rdl', 'loc': '2.5d_chiplet'},{'from': 'Chiplet_2', 'to': 'Chiplet_3', 'connection_type': '2.5d_rdl', 'loc': '2.5d_chiplet'},{'from': 'Chiplet_2', 'to': 'Chiplet_6', 'connection_type': '2.5d_rdl', 'loc': '2.5d_chiplet'},{'from': 'Chiplet_1', 'to': 'Chiplet_2', 'connection_type': '2.5d_rdl', 'loc': '2.5d_chiplet'},{'from': 'Chiplet_1', 'to': 'Chiplet_6', 'connection_type': '2.5d_rdl', 'loc': '2.5d_chiplet'},{'from': 'Chiplet_1', 'to': 'Chiplet_5', 'connection_type': '2.5d_rdl', 'loc': '2.5d_chiplet'},{'from': 'Chiplet_6', 'to': 'Chiplet_2', 'connection_type': '2.5d_rdl', 'loc': '2.5d_chiplet'},{'from': 'Chiplet_6', 'to': 'Chiplet_1', 'connection_type': '2.5d_rdl', 'loc': '2.5d_chiplet'}",1,1,3,1,1,1,ddr4,ucie_std,na,1,0,ws,0,0,0
269,31.463450853699868,2864773.14,68317.4122769994,1114318537.0012527,238825.87430830437,162667.54131087204,269,2.972908090547913,5.538366334949999,2048,128x128,10,2.6264880905479133,5.538366334949999,1024,128x128,10,2.597993382379395,3.8395579270749995,512,96x96,14,1.3653681800824635,3.1172648505374996,512,96x96,10,8.112421457366196,12.973514847541198,8192,192x192,10,0.916436759447044,1.3845915837374998,1024,64x64,10,2.5d,"{'from': 'Chiplet_5', 'to': 'Chiplet_1', 'connection_type': '2.5d_rdl', 'loc': '2.5d_chiplet'},{'from': 'Chiplet_5', 'to': 'Chiplet_4', 'connection_type': '2.5d_rdl', 'loc': '2.5d_chiplet'},{'from': 'Chiplet_4', 'to': 'Chiplet_2', 'connection_type': '2.5d_rdl', 'loc': '2.5d_chiplet'},{'from': 'Chiplet_4', 'to': 'Chiplet_1', 'connection_type': '2.5d_rdl', 'loc': '2.5d_chiplet'},{'from': 'Chiplet_4', 'to': 'Chiplet_5', 'connection_type': '2.5d_rdl', 'loc': '2.5d_chiplet'},{'from': 'Chiplet_1', 'to': 'Chiplet_2', 'connection_type': '2.5d_rdl', 'loc': '2.5d_chiplet'},{'from': 'Chiplet_1', 'to': 'Chiplet_6', 'connection_type': '2.5d_rdl', 'loc': '2.5d_chiplet'},{'from': 'Chiplet_1', 'to': 'Chiplet_4', 'connection_type': '2.5d_rdl', 'loc': '2.5d_chiplet'},{'from': 'Chiplet_1', 'to': 'Chiplet_5', 'connection_type': '2.5d_rdl', 'loc': '2.5d_chiplet'},{'from': 'Chiplet_6', 'to': 'Chiplet_3', 'connection_type': '2.5d_rdl', 'loc': '2.5d_chiplet'},{'from': 'Chiplet_6', 'to': 'Chiplet_1', 'connection_type': '2.5d_rdl', 'loc': '2.5d_chiplet'},{'from': 'Chiplet_2', 'to': 'Chiplet_3', 'connection_type': '2.5d_rdl', 'loc': '2.5d_chiplet'},{'from': 'Chiplet_2', 'to': 'Chiplet_1', 'connection_type': '2.5d_rdl', 'loc': '2.5d_chiplet'},{'from': 'Chiplet_2', 'to': 'Chiplet_4', 'connection_type': '2.5d_rdl', 'loc': '2.5d_chiplet'},{'from': 'Chiplet_3', 'to': 'Chiplet_2', 'connection_type': '2.5d_rdl', 'loc': '2.5d_chiplet'},{'from': 'Chiplet_3', 'to': 'Chiplet_6', 'connection_type': '2.5d_rdl', 'loc': '2.5d_chiplet'}",1,1,1,1,3,1,ddr4,ucie_std,na,0,0,os,1,0,0
270,18.547980670767792,2476334.11,155514.4579175697,523729780.6406095,37918.91891891892,27307.70650503674,270,1.578984604787535,1.7054115854749998,768,64x64,14,1.51595254,4.475,1024,128x128,7,1.8849981800824636,3.1172648505374996,2048,96x96,10,6.726740457366197,12.973514847541198,4096,192x192,10,0.743226759447044,1.3845915837374998,512,64x64,10,1.743774000637535,1.7054115854749998,1024,64x64,14,2.5d,"{'from': 'Chiplet_4', 'to': 'Chiplet_3', 'connection_type': '2.5d_emib', 'loc': '2.5d_chiplet'},{'from': 'Chiplet_4', 'to': 'Chiplet_6', 'connection_type': '2.5d_emib', 'loc': '2.5d_chiplet'},{'from': 'Chiplet_3', 'to': 'Chiplet_2', 'connection_type': '2.5d_emib', 'loc': '2.5d_chiplet'},{'from': 'Chiplet_3', 'to': 'Chiplet_6', 'connection_type': '2.5d_emib', 'loc': '2.5d_chiplet'},{'from': 'Chiplet_3', 'to': 'Chiplet_4', 'connection_type': '2.5d_emib', 'loc': '2.5d_chiplet'},{'from': 'Chiplet_2', 'to': 'Chiplet_3', 'connection_type': '2.5d_emib', 'loc': '2.5d_chiplet'},{'from': 'Chiplet_2', 'to': 'Chiplet_1', 'connection_type': '2.5d_emib', 'loc': '2.5d_chiplet'},{'from': 'Chiplet_6', 'to': 'Chiplet_3', 'connection_type': '2.5d_emib', 'loc': '2.5d_chiplet'},{'from': 'Chiplet_6', 'to': 'Chiplet_1', 'connection_type': '2.5d_emib', 'loc': '2.5d_chiplet'},{'from': 'Chiplet_6', 'to': 'Chiplet_4', 'connection_type': '2.5d_emib', 'loc': '2.5d_chiplet'},{'from': 'Chiplet_6', 'to': 'Chiplet_5', 'connection_type': '2.5d_emib', 'loc': '2.5d_chiplet'},{'from': 'Chiplet_1', 'to': 'Chiplet_2', 'connection_type': '2.5d_emib', 'loc': '2.5d_chiplet'},{'from': 'Chiplet_1', 'to': 'Chiplet_6', 'connection_type': '2.5d_emib', 'loc': '2.5d_chiplet'},{'from': 'Chiplet_1', 'to': 'Chiplet_5', 'connection_type': '2.5d_emib', 'loc': '2.5d_chiplet'},{'from': 'Chiplet_5', 'to': 'Chiplet_1', 'connection_type': '2.5d_emib', 'loc': '2.5d_chiplet'},{'from': 'Chiplet_5', 'to': 'Chiplet_6', 'connection_type': '2.5d_emib', 'loc': '2.5d_chiplet'}",2,2,2,7,1,2,hbm2,ucie_adv,na,0,0,is,0,0,0
271,29.011482575160873,4974118.75,103797.13261710262,431120212.3724875,174253.9011211975,159855.91703010353,271,12.799492673176792,15.979573171754398,4096,192x192,14,2.597993382379395,3.8395579270749995,512,96x96,14,0.552198,1.11875,768,64x64,7,4.818150952,10.4826,6144,192x192,7,2.972908090547913,5.538366334949999,2048,128x128,10,3.432469952,10.4826,2048,192x192,7,2.5d_3d,"{'from': 'Chiplet_5', 'to': 'Chiplet_2', 'connection_type': '3d_u_bump', 'loc': 'stack0_base'},{'from': 'Chiplet_2', 'to': 'Chiplet_3', 'connection_type': '3d_u_bump', 'loc': 'stack0_middle1'},{'from': 'Chiplet_3', 'to': 'na', 'connection_type': '3d_u_bump', 'loc': 'stack0_top'},{'from': 'Chiplet_1', 'to': 'Chiplet_6', 'connection_type': '2.5d_rdl', 'loc': '2.5d_chiplet'},{'from': 'Chiplet_1', 'to': 'Chiplet_4', 'connection_type': '2.5d_rdl', 'loc': '2.5d_chiplet'},{'from': 'Chiplet_4', 'to': 'Chiplet_1', 'connection_type': '2.5d_rdl', 'loc': '2.5d_chiplet'},{'from': 'Chiplet_4', 'to': 'Chiplet_6', 'connection_type': '2.5d_rdl', 'loc': '2.5d_chiplet'},{'from': 'Chiplet_4', 'to': 'Chiplet_5', 'connection_type': '2.5d_rdl', 'loc': '2.5d_chiplet'},{'from': 'Chiplet_6', 'to': 'Chiplet_1', 'connection_type': '2.5d_rdl', 'loc': '2.5d_chiplet'},{'from': 'Chiplet_6', 'to': 'Chiplet_4', 'connection_type': '2.5d_rdl', 'loc': '2.5d_chiplet'},{'from': 'Chiplet_6', 'to': 'Chiplet_5', 'connection_type': '2.5d_rdl', 'loc': '2.5d_chiplet'},{'from': 'Chiplet_5', 'to': 'Chiplet_4', 'connection_type': '2.5d_rdl', 'loc': '2.5d_chiplet'},{'from': 'Chiplet_5', 'to': 'Chiplet_6', 'connection_type': '2.5d_rdl', 'loc': '2.5d_chiplet'}",7,1,1,3,2,2,hbm3,ucie_std,ucie_3d,0,0,os,1,0,0
272,32.76283129253582,3829175.17,192104.83491679135,1788753706.6503165,19717.941176470587,46149.006231729254,272,0.916436759447044,1.3845915837374998,1024,64x64,10,2.20879254,4.475,3072,128x128,7,1.743774000637535,1.7054115854749998,1024,64x64,14,1.131132696,2.51875,1536,96x96,7,4.818150952,10.4826,6144,192x192,7,15.436124909546791,15.979573171754398,8192,192x192,14,2.5d,"{'from': 'Chiplet_6', 'to': 'Chiplet_2', 'connection_type': '2.5d_emib', 'loc': '2.5d_chiplet'},{'from': 'Chiplet_6', 'to': 'Chiplet_5', 'connection_type': '2.5d_emib', 'loc': '2.5d_chiplet'},{'from': 'Chiplet_5', 'to': 'Chiplet_2', 'connection_type': '2.5d_emib', 'loc': '2.5d_chiplet'},{'from': 'Chiplet_5', 'to': 'Chiplet_1', 'connection_type': '2.5d_emib', 'loc': '2.5d_chiplet'},{'from': 'Chiplet_5', 'to': 'Chiplet_6', 'connection_type': '2.5d_emib', 'loc': '2.5d_chiplet'},{'from': 'Chiplet_5', 'to': 'Chiplet_3', 'connection_type': '2.5d_emib', 'loc': '2.5d_chiplet'},{'from': 'Chiplet_1', 'to': 'Chiplet_3', 'connection_type': '2.5d_emib', 'loc': '2.5d_chiplet'},{'from': 'Chiplet_1', 'to': 'Chiplet_5', 'connection_type': '2.5d_emib', 'loc': '2.5d_chiplet'},{'from': 'Chiplet_2', 'to': 'Chiplet_3', 'connection_type': '2.5d_emib', 'loc': '2.5d_chiplet'},{'from': 'Chiplet_2', 'to': 'Chiplet_4', 'connection_type': '2.5d_emib', 'loc': '2.5d_chiplet'},{'from': 'Chiplet_2', 'to': 'Chiplet_6', 'connection_type': '2.5d_emib', 'loc': '2.5d_chiplet'},{'from': 'Chiplet_2', 'to': 'Chiplet_5', 'connection_type': '2.5d_emib', 'loc': '2.5d_chiplet'},{'from': 'Chiplet_3', 'to': 'Chiplet_2', 'connection_type': '2.5d_emib', 'loc': '2.5d_chiplet'},{'from': 'Chiplet_3', 'to': 'Chiplet_1', 'connection_type': '2.5d_emib', 'loc': '2.5d_chiplet'},{'from': 'Chiplet_3', 'to': 'Chiplet_4', 'connection_type': '2.5d_emib', 'loc': '2.5d_chiplet'},{'from': 'Chiplet_3', 'to': 'Chiplet_5', 'connection_type': '2.5d_emib', 'loc': '2.5d_chiplet'},{'from': 'Chiplet_4', 'to': 'Chiplet_2', 'connection_type': '2.5d_emib', 'loc': '2.5d_chiplet'},{'from': 'Chiplet_4', 'to': 'Chiplet_3', 'connection_type': '2.5d_emib', 'loc': '2.5d_chiplet'}",1,1,1,1,1,3,ddr4,ucie_adv,na,1,0,os,0,0,0
273,11.132559013348118,1193534.85,139154.39756253804,1663362414.922798,40570.64882472048,41861.69953696276,273,1.4141952089375351,1.7054115854749998,512,64x64,14,0.784712696,2.51875,512,96x96,7,0.46559300000000003,1.11875,512,64x64,7,0.784712696,2.51875,512,96x96,7,2.6264880905479133,5.538366334949999,1024,128x128,10,1.578984604787535,1.7054115854749998,768,64x64,14,2.5d,"{'from': 'Chiplet_5', 'to': 'Chiplet_2', 'connection_type': '2.5d_emib', 'loc': '2.5d_chiplet'},{'from': 'Chiplet_5', 'to': 'Chiplet_1', 'connection_type': '2.5d_emib', 'loc': '2.5d_chiplet'},{'from': 'Chiplet_5', 'to': 'Chiplet_6', 'connection_type': '2.5d_emib', 'loc': '2.5d_chiplet'},{'from': 'Chiplet_5', 'to': 'Chiplet_3', 'connection_type': '2.5d_emib', 'loc': '2.5d_chiplet'},{'from': 'Chiplet_2', 'to': 'Chiplet_3', 'connection_type': '2.5d_emib', 'loc': '2.5d_chiplet'},{'from': 'Chiplet_2', 'to': 'Chiplet_5', 'connection_type': '2.5d_emib', 'loc': '2.5d_chiplet'},{'from': 'Chiplet_3', 'to': 'Chiplet_2', 'connection_type': '2.5d_emib', 'loc': '2.5d_chiplet'},{'from': 'Chiplet_3', 'to': 'Chiplet_5', 'connection_type': '2.5d_emib', 'loc': '2.5d_chiplet'},{'from': 'Chiplet_6', 'to': 'Chiplet_1', 'connection_type': '2.5d_emib', 'loc': '2.5d_chiplet'},{'from': 'Chiplet_6', 'to': 'Chiplet_4', 'connection_type': '2.5d_emib', 'loc': '2.5d_chiplet'},{'from': 'Chiplet_6', 'to': 'Chiplet_5', 'connection_type': '2.5d_emib', 'loc': '2.5d_chiplet'},{'from': 'Chiplet_1', 'to': 'Chiplet_6', 'connection_type': '2.5d_emib', 'loc': '2.5d_chiplet'},{'from': 'Chiplet_1', 'to': 'Chiplet_4', 'connection_type': '2.5d_emib', 'loc': '2.5d_chiplet'},{'from': 'Chiplet_1', 'to': 'Chiplet_5', 'connection_type': '2.5d_emib', 'loc': '2.5d_chiplet'},{'from': 'Chiplet_4', 'to': 'Chiplet_1', 'connection_type': '2.5d_emib', 'loc': '2.5d_chiplet'},{'from': 'Chiplet_4', 'to': 'Chiplet_6', 'connection_type': '2.5d_emib', 'loc': '2.5d_chiplet'}",1,1,1,1,3,1,ddr5,bow,na,1,0,ws,0,0,0
274,29.439599422663896,3534179.77,171374.43109567443,534772785.1479014,31121.62162162162,29275.585372223773,274,12.799492673176792,15.979573171754398,4096,192x192,14,2.972908090547913,5.538366334949999,2048,128x128,10,3.2571509657793953,3.8395579270749995,1536,96x96,14,1.578984604787535,1.7054115854749998,768,64x64,14,2.972908090547913,5.538366334949999,2048,128x128,10,0.916436759447044,1.3845915837374998,1024,64x64,10,2.5d,"{'from': 'Chiplet_1', 'to': 'Chiplet_3', 'connection_type': '2.5d_emib', 'loc': '2.5d_chiplet'},{'from': 'Chiplet_1', 'to': 'Chiplet_2', 'connection_type': '2.5d_emib', 'loc': '2.5d_chiplet'},{'from': 'Chiplet_3', 'to': 'Chiplet_2', 'connection_type': '2.5d_emib', 'loc': '2.5d_chiplet'},{'from': 'Chiplet_3', 'to': 'Chiplet_1', 'connection_type': '2.5d_emib', 'loc': '2.5d_chiplet'},{'from': 'Chiplet_3', 'to': 'Chiplet_4', 'connection_type': '2.5d_emib', 'loc': '2.5d_chiplet'},{'from': 'Chiplet_3', 'to': 'Chiplet_6', 'connection_type': '2.5d_emib', 'loc': '2.5d_chiplet'},{'from': 'Chiplet_4', 'to': 'Chiplet_3', 'connection_type': '2.5d_emib', 'loc': '2.5d_chiplet'},{'from': 'Chiplet_4', 'to': 'Chiplet_6', 'connection_type': '2.5d_emib', 'loc': '2.5d_chiplet'},{'from': 'Chiplet_6', 'to': 'Chiplet_3', 'connection_type': '2.5d_emib', 'loc': '2.5d_chiplet'},{'from': 'Chiplet_6', 'to': 'Chiplet_4', 'connection_type': '2.5d_emib', 'loc': '2.5d_chiplet'},{'from': 'Chiplet_6', 'to': 'Chiplet_5', 'connection_type': '2.5d_emib', 'loc': '2.5d_chiplet'},{'from': 'Chiplet_2', 'to': 'Chiplet_3', 'connection_type': '2.5d_emib', 'loc': '2.5d_chiplet'},{'from': 'Chiplet_2', 'to': 'Chiplet_1', 'connection_type': '2.5d_emib', 'loc': '2.5d_chiplet'},{'from': 'Chiplet_2', 'to': 'Chiplet_5', 'connection_type': '2.5d_emib', 'loc': '2.5d_chiplet'},{'from': 'Chiplet_5', 'to': 'Chiplet_2', 'connection_type': '2.5d_emib', 'loc': '2.5d_chiplet'},{'from': 'Chiplet_5', 'to': 'Chiplet_6', 'connection_type': '2.5d_emib', 'loc': '2.5d_chiplet'}",8,2,2,1,2,1,hbm2,bow,na,1,0,is,0,0,0
275,22.978174478030912,2319062.07,61362.60193260536,1533254454.0444756,267558.5765934621,147141.65228907537,275,1.8849981800824636,3.1172648505374996,2048,96x96,10,1.8849981800824636,3.1172648505374996,2048,96x96,10,0.46559300000000003,1.11875,512,64x64,7,5.656782838920179,6.821646341899999,2048,128x128,14,3.665749090547913,5.538366334949999,4096,128x128,10,2.20879254,4.475,3072,128x128,7,2.5d,"{'from': 'Chiplet_4', 'to': 'Chiplet_3', 'connection_type': '2.5d_rdl', 'loc': '2.5d_chiplet'},{'from': 'Chiplet_4', 'to': 'Chiplet_1', 'connection_type': '2.5d_rdl', 'loc': '2.5d_chiplet'},{'from': 'Chiplet_4', 'to': 'Chiplet_6', 'connection_type': '2.5d_rdl', 'loc': '2.5d_chiplet'},{'from': 'Chiplet_4', 'to': 'Chiplet_5', 'connection_type': '2.5d_rdl', 'loc': '2.5d_chiplet'},{'from': 'Chiplet_1', 'to': 'Chiplet_3', 'connection_type': '2.5d_rdl', 'loc': '2.5d_chiplet'},{'from': 'Chiplet_1', 'to': 'Chiplet_4', 'connection_type': '2.5d_rdl', 'loc': '2.5d_chiplet'},{'from': 'Chiplet_3', 'to': 'Chiplet_1', 'connection_type': '2.5d_rdl', 'loc': '2.5d_chiplet'},{'from': 'Chiplet_3', 'to': 'Chiplet_4', 'connection_type': '2.5d_rdl', 'loc': '2.5d_chiplet'},{'from': 'Chiplet_5', 'to': 'Chiplet_2', 'connection_type': '2.5d_rdl', 'loc': '2.5d_chiplet'},{'from': 'Chiplet_5', 'to': 'Chiplet_6', 'connection_type': '2.5d_rdl', 'loc': '2.5d_chiplet'},{'from': 'Chiplet_5', 'to': 'Chiplet_4', 'connection_type': '2.5d_rdl', 'loc': '2.5d_chiplet'},{'from': 'Chiplet_6', 'to': 'Chiplet_2', 'connection_type': '2.5d_rdl', 'loc': '2.5d_chiplet'},{'from': 'Chiplet_6', 'to': 'Chiplet_4', 'connection_type': '2.5d_rdl', 'loc': '2.5d_chiplet'},{'from': 'Chiplet_6', 'to': 'Chiplet_5', 'connection_type': '2.5d_rdl', 'loc': '2.5d_chiplet'},{'from': 'Chiplet_2', 'to': 'Chiplet_6', 'connection_type': '2.5d_rdl', 'loc': '2.5d_chiplet'},{'from': 'Chiplet_2', 'to': 'Chiplet_5', 'connection_type': '2.5d_rdl', 'loc': '2.5d_chiplet'}",1,1,1,3,1,1,ddr4,ucie_std,na,1,0,ws,1,0,0
276,32.29039578533052,5022844.54,168103.93774481563,1693404917.755784,17976.497085320614,46861.48063697669,276,3.665749090547913,5.538366334949999,4096,128x128,10,3.3193280905479132,5.538366334949999,3072,128x128,10,1.51595254,4.475,1024,128x128,7,14.117807839976791,15.979573171754398,6144,192x192,14,5.5109919519999995,10.4826,8192,192x192,7,2.972908090547913,5.538366334949999,2048,128x128,10,2.5d_3d,"{'from': 'Chiplet_4', 'to': 'Chiplet_2', 'connection_type': '3d_hyb_bond', 'loc': 'stack0_base'},{'from': 'Chiplet_2', 'to': 'Chiplet_3', 'connection_type': '3d_hyb_bond', 'loc': 'stack0_middle1'},{'from': 'Chiplet_3', 'to': 'na', 'connection_type': '3d_hyb_bond', 'loc': 'stack0_top'},{'from': 'Chiplet_4', 'to': 'Chiplet_1', 'connection_type': '2.5d_emib', 'loc': '2.5d_chiplet'},{'from': 'Chiplet_4', 'to': 'Chiplet_5', 'connection_type': '2.5d_emib', 'loc': '2.5d_chiplet'},{'from': 'Chiplet_5', 'to': 'Chiplet_1', 'connection_type': '2.5d_emib', 'loc': '2.5d_chiplet'},{'from': 'Chiplet_5', 'to': 'Chiplet_4', 'connection_type': '2.5d_emib', 'loc': '2.5d_chiplet'},{'from': 'Chiplet_5', 'to': 'Chiplet_6', 'connection_type': '2.5d_emib', 'loc': '2.5d_chiplet'},{'from': 'Chiplet_1', 'to': 'Chiplet_6', 'connection_type': '2.5d_emib', 'loc': '2.5d_chiplet'},{'from': 'Chiplet_1', 'to': 'Chiplet_4', 'connection_type': '2.5d_emib', 'loc': '2.5d_chiplet'},{'from': 'Chiplet_1', 'to': 'Chiplet_5', 'connection_type': '2.5d_emib', 'loc': '2.5d_chiplet'},{'from': 'Chiplet_6', 'to': 'Chiplet_1', 'connection_type': '2.5d_emib', 'loc': '2.5d_chiplet'},{'from': 'Chiplet_6', 'to': 'Chiplet_5', 'connection_type': '2.5d_emib', 'loc': '2.5d_chiplet'}",1,1,1,3,1,1,ddr4,aib,ucie_3d,1,0,is,0,0,0
277,28.340291678913008,3273813.09,128069.72872352778,1091099711.3709962,136499.92548361345,96774.6199066092,277,3.3193280905479132,5.538366334949999,3072,128x128,10,1.3653681800824635,3.1172648505374996,512,96x96,10,1.249405813087535,1.7054115854749998,256,64x64,14,1.7117881800824635,3.1172648505374996,1536,96x96,10,14.117807839976791,15.979573171754398,6144,192x192,14,0.46559300000000003,1.11875,512,64x64,7,2.5d_3d,"{'from': 'Chiplet_1', 'to': 'Chiplet_4', 'connection_type': '3d_hyb_bond', 'loc': 'stack0_base'},{'from': 'Chiplet_4', 'to': 'Chiplet_2', 'connection_type': '3d_hyb_bond', 'loc': 'stack0_middle1'},{'from': 'Chiplet_2', 'to': 'na', 'connection_type': '3d_hyb_bond', 'loc': 'stack0_top'},{'from': 'Chiplet_5', 'to': 'Chiplet_3', 'connection_type': '2.5d_emib', 'loc': '2.5d_chiplet'},{'from': 'Chiplet_5', 'to': 'Chiplet_1', 'connection_type': '2.5d_emib', 'loc': '2.5d_chiplet'},{'from': 'Chiplet_1', 'to': 'Chiplet_3', 'connection_type': '2.5d_emib', 'loc': '2.5d_chiplet'},{'from': 'Chiplet_1', 'to': 'Chiplet_6', 'connection_type': '2.5d_emib', 'loc': '2.5d_chiplet'},{'from': 'Chiplet_1', 'to': 'Chiplet_5', 'connection_type': '2.5d_emib', 'loc': '2.5d_chiplet'},{'from': 'Chiplet_3', 'to': 'Chiplet_1', 'connection_type': '2.5d_emib', 'loc': '2.5d_chiplet'},{'from': 'Chiplet_3', 'to': 'Chiplet_6', 'connection_type': '2.5d_emib', 'loc': '2.5d_chiplet'},{'from': 'Chiplet_3', 'to': 'Chiplet_5', 'connection_type': '2.5d_emib', 'loc': '2.5d_chiplet'},{'from': 'Chiplet_6', 'to': 'Chiplet_3', 'connection_type': '2.5d_emib', 'loc': '2.5d_chiplet'},{'from': 'Chiplet_6', 'to': 'Chiplet_1', 'connection_type': '2.5d_emib', 'loc': '2.5d_chiplet'}",1,1,1,1,3,1,ddr4,aib,ucie_3d,1,0,os,1,0,0
278,52.83458781381912,7780815.58,188712.17733161143,756232333.8966182,10623.333333333332,25882.654420771516,278,6.726740457366197,12.973514847541198,4096,192x192,10,6.726740457366197,12.973514847541198,4096,192x192,10,15.436124909546791,15.979573171754398,8192,192x192,14,15.436124909546791,15.979573171754398,8192,192x192,14,1.249405813087535,1.7054115854749998,256,64x64,14,1.4141952089375351,1.7054115854749998,512,64x64,14,2.5d_3d,"{'from': 'Chiplet_3', 'to': 'Chiplet_1', 'connection_type': '3d_hyb_bond', 'loc': 'stack0_base'},{'from': 'Chiplet_1', 'to': 'Chiplet_5', 'connection_type': '3d_hyb_bond', 'loc': 'stack0_middle1'},{'from': 'Chiplet_5', 'to': 'na', 'connection_type': '3d_hyb_bond', 'loc': 'stack0_top'},{'from': 'Chiplet_3', 'to': 'Chiplet_2', 'connection_type': '2.5d_emib', 'loc': '2.5d_chiplet'},{'from': 'Chiplet_3', 'to': 'Chiplet_4', 'connection_type': '2.5d_emib', 'loc': '2.5d_chiplet'},{'from': 'Chiplet_2', 'to': 'Chiplet_3', 'connection_type': '2.5d_emib', 'loc': '2.5d_chiplet'},{'from': 'Chiplet_2', 'to': 'Chiplet_6', 'connection_type': '2.5d_emib', 'loc': '2.5d_chiplet'},{'from': 'Chiplet_4', 'to': 'Chiplet_3', 'connection_type': '2.5d_emib', 'loc': '2.5d_chiplet'},{'from': 'Chiplet_4', 'to': 'Chiplet_6', 'connection_type': '2.5d_emib', 'loc': '2.5d_chiplet'},{'from': 'Chiplet_6', 'to': 'Chiplet_2', 'connection_type': '2.5d_emib', 'loc': '2.5d_chiplet'},{'from': 'Chiplet_6', 'to': 'Chiplet_4', 'connection_type': '2.5d_emib', 'loc': '2.5d_chiplet'}",2,2,5,5,1,1,hbm2,aib,ucie_3d,0,0,os,0,0,0
279,23.032359290039253,3199829.06,78371.51524317657,861406658.5326831,191345.71817680227,135583.97799589447,279,3.2571509657793953,3.8395579270749995,1536,96x96,14,0.638803,1.11875,1024,64x64,7,6.033899457366197,12.973514847541198,2048,192x192,10,1.131132696,2.51875,1536,96x96,7,5.5109919519999995,10.4826,8192,192x192,7,1.3653681800824635,3.1172648505374996,512,96x96,10,2.5d_3d,"{'from': 'Chiplet_1', 'to': 'Chiplet_6', 'connection_type': '3d_tsv', 'loc': 'stack0_base'},{'from': 'Chiplet_6', 'to': 'na', 'connection_type': '3d_tsv', 'loc': 'stack0_top'},{'from': 'Chiplet_3', 'to': 'Chiplet_2', 'connection_type': '2.5d_rdl', 'loc': '2.5d_chiplet'},{'from': 'Chiplet_3', 'to': 'Chiplet_4', 'connection_type': '2.5d_rdl', 'loc': '2.5d_chiplet'},{'from': 'Chiplet_3', 'to': 'Chiplet_5', 'connection_type': '2.5d_rdl', 'loc': '2.5d_chiplet'},{'from': 'Chiplet_4', 'to': 'Chiplet_2', 'connection_type': '2.5d_rdl', 'loc': '2.5d_chiplet'},{'from': 'Chiplet_4', 'to': 'Chiplet_3', 'connection_type': '2.5d_rdl', 'loc': '2.5d_chiplet'},{'from': 'Chiplet_2', 'to': 'Chiplet_3', 'connection_type': '2.5d_rdl', 'loc': '2.5d_chiplet'},{'from': 'Chiplet_2', 'to': 'Chiplet_1', 'connection_type': '2.5d_rdl', 'loc': '2.5d_chiplet'},{'from': 'Chiplet_2', 'to': 'Chiplet_4', 'connection_type': '2.5d_rdl', 'loc': '2.5d_chiplet'},{'from': 'Chiplet_5', 'to': 'Chiplet_3', 'connection_type': '2.5d_rdl', 'loc': '2.5d_chiplet'},{'from': 'Chiplet_5', 'to': 'Chiplet_1', 'connection_type': '2.5d_rdl', 'loc': '2.5d_chiplet'},{'from': 'Chiplet_1', 'to': 'Chiplet_2', 'connection_type': '2.5d_rdl', 'loc': '2.5d_chiplet'},{'from': 'Chiplet_1', 'to': 'Chiplet_5', 'connection_type': '2.5d_rdl', 'loc': '2.5d_chiplet'}",1,1,2,1,2,1,ddr5,ucie_std,ucie_3d,0,0,os,1,0,0
280,20.830376242710813,1875442.09,149158.33875677318,1769943293.6153693,51113.856209150326,50521.549778034336,280,6.315940422320179,6.821646341899999,3072,128x128,14,1.7117881800824635,3.1172648505374996,1536,96x96,10,3.5867297574793953,3.8395579270749995,2048,96x96,14,0.784712696,2.51875,512,96x96,7,1.249405813087535,1.7054115854749998,256,64x64,14,0.378988,1.11875,256,64x64,7,2.5d,"{'from': 'Chiplet_1', 'to': 'Chiplet_3', 'connection_type': '2.5d_emib', 'loc': '2.5d_chiplet'},{'from': 'Chiplet_1', 'to': 'Chiplet_4', 'connection_type': '2.5d_emib', 'loc': '2.5d_chiplet'},{'from': 'Chiplet_1', 'to': 'Chiplet_2', 'connection_type': '2.5d_emib', 'loc': '2.5d_chiplet'},{'from': 'Chiplet_4', 'to': 'Chiplet_2', 'connection_type': '2.5d_emib', 'loc': '2.5d_chiplet'},{'from': 'Chiplet_4', 'to': 'Chiplet_1', 'connection_type': '2.5d_emib', 'loc': '2.5d_chiplet'},{'from': 'Chiplet_3', 'to': 'Chiplet_2', 'connection_type': '2.5d_emib', 'loc': '2.5d_chiplet'},{'from': 'Chiplet_3', 'to': 'Chiplet_1', 'connection_type': '2.5d_emib', 'loc': '2.5d_chiplet'},{'from': 'Chiplet_3', 'to': 'Chiplet_5', 'connection_type': '2.5d_emib', 'loc': '2.5d_chiplet'},{'from': 'Chiplet_2', 'to': 'Chiplet_1', 'connection_type': '2.5d_emib', 'loc': '2.5d_chiplet'},{'from': 'Chiplet_2', 'to': 'Chiplet_4', 'connection_type': '2.5d_emib', 'loc': '2.5d_chiplet'},{'from': 'Chiplet_2', 'to': 'Chiplet_5', 'connection_type': '2.5d_emib', 'loc': '2.5d_chiplet'},{'from': 'Chiplet_2', 'to': 'Chiplet_3', 'connection_type': '2.5d_emib', 'loc': '2.5d_chiplet'},{'from': 'Chiplet_2', 'to': 'Chiplet_6', 'connection_type': '2.5d_emib', 'loc': '2.5d_chiplet'},{'from': 'Chiplet_5', 'to': 'Chiplet_2', 'connection_type': '2.5d_emib', 'loc': '2.5d_chiplet'},{'from': 'Chiplet_5', 'to': 'Chiplet_6', 'connection_type': '2.5d_emib', 'loc': '2.5d_chiplet'},{'from': 'Chiplet_5', 'to': 'Chiplet_3', 'connection_type': '2.5d_emib', 'loc': '2.5d_chiplet'},{'from': 'Chiplet_6', 'to': 'Chiplet_2', 'connection_type': '2.5d_emib', 'loc': '2.5d_chiplet'},{'from': 'Chiplet_6', 'to': 'Chiplet_5', 'connection_type': '2.5d_emib', 'loc': '2.5d_chiplet'}",3,1,1,1,1,1,ddr5,ucie_adv,na,1,0,ws,0,0,0
281,33.89526400753935,3330650.01,85281.60107384337,795310548.665882,161458.73565121138,134650.8983669454,281,7.419580457366196,12.973514847541198,6144,192x192,10,1.7117881800824635,3.1172648505374996,1536,96x96,10,1.51595254,4.475,1024,128x128,7,0.957922696,2.51875,1024,96x96,7,0.743226759447044,1.3845915837374998,512,64x64,10,11.481175603606792,15.979573171754398,2048,192x192,14,2.5d,"{'from': 'Chiplet_6', 'to': 'Chiplet_2', 'connection_type': '2.5d_rdl', 'loc': '2.5d_chiplet'},{'from': 'Chiplet_6', 'to': 'Chiplet_1', 'connection_type': '2.5d_rdl', 'loc': '2.5d_chiplet'},{'from': 'Chiplet_6', 'to': 'Chiplet_5', 'connection_type': '2.5d_rdl', 'loc': '2.5d_chiplet'},{'from': 'Chiplet_5', 'to': 'Chiplet_2', 'connection_type': '2.5d_rdl', 'loc': '2.5d_chiplet'},{'from': 'Chiplet_5', 'to': 'Chiplet_6', 'connection_type': '2.5d_rdl', 'loc': '2.5d_chiplet'},{'from': 'Chiplet_1', 'to': 'Chiplet_2', 'connection_type': '2.5d_rdl', 'loc': '2.5d_chiplet'},{'from': 'Chiplet_1', 'to': 'Chiplet_6', 'connection_type': '2.5d_rdl', 'loc': '2.5d_chiplet'},{'from': 'Chiplet_1', 'to': 'Chiplet_3', 'connection_type': '2.5d_rdl', 'loc': '2.5d_chiplet'},{'from': 'Chiplet_2', 'to': 'Chiplet_1', 'connection_type': '2.5d_rdl', 'loc': '2.5d_chiplet'},{'from': 'Chiplet_2', 'to': 'Chiplet_4', 'connection_type': '2.5d_rdl', 'loc': '2.5d_chiplet'},{'from': 'Chiplet_2', 'to': 'Chiplet_5', 'connection_type': '2.5d_rdl', 'loc': '2.5d_chiplet'},{'from': 'Chiplet_2', 'to': 'Chiplet_3', 'connection_type': '2.5d_rdl', 'loc': '2.5d_chiplet'},{'from': 'Chiplet_2', 'to': 'Chiplet_6', 'connection_type': '2.5d_rdl', 'loc': '2.5d_chiplet'},{'from': 'Chiplet_3', 'to': 'Chiplet_2', 'connection_type': '2.5d_rdl', 'loc': '2.5d_chiplet'},{'from': 'Chiplet_3', 'to': 'Chiplet_1', 'connection_type': '2.5d_rdl', 'loc': '2.5d_chiplet'},{'from': 'Chiplet_3', 'to': 'Chiplet_4', 'connection_type': '2.5d_rdl', 'loc': '2.5d_chiplet'},{'from': 'Chiplet_4', 'to': 'Chiplet_2', 'connection_type': '2.5d_rdl', 'loc': '2.5d_chiplet'},{'from': 'Chiplet_4', 'to': 'Chiplet_3', 'connection_type': '2.5d_rdl', 'loc': '2.5d_chiplet'}",1,1,1,1,1,3,ddr5,ucie_std,na,1,0,os,1,0,0
282,36.91910530064917,4363533.14,96683.31065316673,524381487.8702934,17340.494505494506,22900.723790376866,282,0.829831759447044,1.3845915837374998,768,64x64,10,14.117807839976791,15.979573171754398,6144,192x192,14,0.656621759447044,1.3845915837374998,256,64x64,10,5.656782838920179,6.821646341899999,2048,128x128,14,4.1253109519999995,10.4826,4096,192x192,7,2.972908090547913,5.538366334949999,2048,128x128,10,2.5d,"{'from': 'Chiplet_2', 'to': 'Chiplet_4', 'connection_type': '2.5d_rdl', 'loc': '2.5d_chiplet'},{'from': 'Chiplet_2', 'to': 'Chiplet_5', 'connection_type': '2.5d_rdl', 'loc': '2.5d_chiplet'},{'from': 'Chiplet_4', 'to': 'Chiplet_2', 'connection_type': '2.5d_rdl', 'loc': '2.5d_chiplet'},{'from': 'Chiplet_4', 'to': 'Chiplet_1', 'connection_type': '2.5d_rdl', 'loc': '2.5d_chiplet'},{'from': 'Chiplet_4', 'to': 'Chiplet_5', 'connection_type': '2.5d_rdl', 'loc': '2.5d_chiplet'},{'from': 'Chiplet_4', 'to': 'Chiplet_3', 'connection_type': '2.5d_rdl', 'loc': '2.5d_chiplet'},{'from': 'Chiplet_4', 'to': 'Chiplet_6', 'connection_type': '2.5d_rdl', 'loc': '2.5d_chiplet'},{'from': 'Chiplet_1', 'to': 'Chiplet_3', 'connection_type': '2.5d_rdl', 'loc': '2.5d_chiplet'},{'from': 'Chiplet_1', 'to': 'Chiplet_4', 'connection_type': '2.5d_rdl', 'loc': '2.5d_chiplet'},{'from': 'Chiplet_3', 'to': 'Chiplet_1', 'connection_type': '2.5d_rdl', 'loc': '2.5d_chiplet'},{'from': 'Chiplet_3', 'to': 'Chiplet_4', 'connection_type': '2.5d_rdl', 'loc': '2.5d_chiplet'},{'from': 'Chiplet_5', 'to': 'Chiplet_2', 'connection_type': '2.5d_rdl', 'loc': '2.5d_chiplet'},{'from': 'Chiplet_5', 'to': 'Chiplet_4', 'connection_type': '2.5d_rdl', 'loc': '2.5d_chiplet'},{'from': 'Chiplet_5', 'to': 'Chiplet_6', 'connection_type': '2.5d_rdl', 'loc': '2.5d_chiplet'},{'from': 'Chiplet_6', 'to': 'Chiplet_4', 'connection_type': '2.5d_rdl', 'loc': '2.5d_chiplet'},{'from': 'Chiplet_6', 'to': 'Chiplet_5', 'connection_type': '2.5d_rdl', 'loc': '2.5d_chiplet'}",1,8,1,3,2,1,hbm3,ucie_std,na,1,0,ws,0,0,0
283,28.071593468425323,5529308.93,116201.25106581277,585238763.7763712,16011.666666666668,25897.16003159005,283,4.1253109519999995,10.4826,4096,192x192,7,2.927572174079395,3.8395579270749995,1024,96x96,14,6.315940422320179,6.821646341899999,3072,128x128,14,8.112421457366196,12.973514847541198,8192,192x192,10,3.432469952,10.4826,2048,192x192,7,6.315940422320179,6.821646341899999,3072,128x128,14,2.5d_3d,"{'from': 'Chiplet_4', 'to': 'Chiplet_5', 'connection_type': '3d_hyb_bond', 'loc': 'stack0_base'},{'from': 'Chiplet_5', 'to': 'Chiplet_2', 'connection_type': '3d_hyb_bond', 'loc': 'stack0_middle1'},{'from': 'Chiplet_2', 'to': 'na', 'connection_type': '3d_hyb_bond', 'loc': 'stack0_top'},{'from': 'Chiplet_4', 'to': 'Chiplet_3', 'connection_type': '2.5d_rdl', 'loc': '2.5d_chiplet'},{'from': 'Chiplet_4', 'to': 'Chiplet_1', 'connection_type': '2.5d_rdl', 'loc': '2.5d_chiplet'},{'from': 'Chiplet_4', 'to': 'Chiplet_6', 'connection_type': '2.5d_rdl', 'loc': '2.5d_chiplet'},{'from': 'Chiplet_1', 'to': 'Chiplet_4', 'connection_type': '2.5d_rdl', 'loc': '2.5d_chiplet'},{'from': 'Chiplet_1', 'to': 'Chiplet_6', 'connection_type': '2.5d_rdl', 'loc': '2.5d_chiplet'},{'from': 'Chiplet_3', 'to': 'Chiplet_6', 'connection_type': '2.5d_rdl', 'loc': '2.5d_chiplet'},{'from': 'Chiplet_3', 'to': 'Chiplet_4', 'connection_type': '2.5d_rdl', 'loc': '2.5d_chiplet'},{'from': 'Chiplet_6', 'to': 'Chiplet_3', 'connection_type': '2.5d_rdl', 'loc': '2.5d_chiplet'},{'from': 'Chiplet_6', 'to': 'Chiplet_1', 'connection_type': '2.5d_rdl', 'loc': '2.5d_chiplet'},{'from': 'Chiplet_6', 'to': 'Chiplet_4', 'connection_type': '2.5d_rdl', 'loc': '2.5d_chiplet'}",2,2,3,4,2,3,hbm2,ucie_std,ucie_3d,1,0,ws,0,0,0
284,10.823206688349346,1999153.98,71039.23519169407,834275319.1451967,65985.49972768797,44066.20882115394,284,0.743226759447044,1.3845915837374998,512,64x64,10,0.656621759447044,1.3845915837374998,256,64x64,10,1.7117881800824635,3.1172648505374996,1536,96x96,10,8.112421457366196,12.973514847541198,8192,192x192,10,1.249405813087535,1.7054115854749998,256,64x64,14,1.8849981800824636,3.1172648505374996,2048,96x96,10,2.5d_3d,"{'from': 'Chiplet_4', 'to': 'Chiplet_6', 'connection_type': '3d_tsv', 'loc': 'stack0_base'},{'from': 'Chiplet_6', 'to': 'Chiplet_3', 'connection_type': '3d_tsv', 'loc': 'stack0_middle1'},{'from': 'Chiplet_3', 'to': 'Chiplet_5', 'connection_type': '3d_tsv', 'loc': 'stack0_middle2'},{'from': 'Chiplet_5', 'to': 'Chiplet_1', 'connection_type': '3d_tsv', 'loc': 'stack0_middle3'},{'from': 'Chiplet_1', 'to': 'na', 'connection_type': '3d_tsv', 'loc': 'stack0_top'},{'from': 'Chiplet_4', 'to': 'Chiplet_2', 'connection_type': '2.5d_emib', 'loc': '2.5d_chiplet'},{'from': 'Chiplet_2', 'to': 'Chiplet_4', 'connection_type': '2.5d_emib', 'loc': '2.5d_chiplet'}",1,1,1,3,1,1,ddr5,aib,ucie_3d,1,0,os,1,0,0
285,36.27202080035769,4776332.17,192675.45660631498,470269887.6233614,117621.64910382402,110710.21900741833,285,6.726740457366197,12.973514847541198,4096,192x192,10,0.829831759447044,1.3845915837374998,768,64x64,10,12.799492673176792,15.979573171754398,4096,192x192,14,8.112421457366196,12.973514847541198,8192,192x192,10,0.656621759447044,1.3845915837374998,256,64x64,10,0.784712696,2.51875,512,96x96,7,2.5d,"{'from': 'Chiplet_3', 'to': 'Chiplet_2', 'connection_type': '2.5d_emib', 'loc': '2.5d_chiplet'},{'from': 'Chiplet_3', 'to': 'Chiplet_1', 'connection_type': '2.5d_emib', 'loc': '2.5d_chiplet'},{'from': 'Chiplet_3', 'to': 'Chiplet_4', 'connection_type': '2.5d_emib', 'loc': '2.5d_chiplet'},{'from': 'Chiplet_3', 'to': 'Chiplet_6', 'connection_type': '2.5d_emib', 'loc': '2.5d_chiplet'},{'from': 'Chiplet_2', 'to': 'Chiplet_3', 'connection_type': '2.5d_emib', 'loc': '2.5d_chiplet'},{'from': 'Chiplet_2', 'to': 'Chiplet_6', 'connection_type': '2.5d_emib', 'loc': '2.5d_chiplet'},{'from': 'Chiplet_2', 'to': 'Chiplet_5', 'connection_type': '2.5d_emib', 'loc': '2.5d_chiplet'},{'from': 'Chiplet_6', 'to': 'Chiplet_2', 'connection_type': '2.5d_emib', 'loc': '2.5d_chiplet'},{'from': 'Chiplet_6', 'to': 'Chiplet_3', 'connection_type': '2.5d_emib', 'loc': '2.5d_chiplet'},{'from': 'Chiplet_6', 'to': 'Chiplet_5', 'connection_type': '2.5d_emib', 'loc': '2.5d_chiplet'},{'from': 'Chiplet_5', 'to': 'Chiplet_2', 'connection_type': '2.5d_emib', 'loc': '2.5d_chiplet'},{'from': 'Chiplet_5', 'to': 'Chiplet_6', 'connection_type': '2.5d_emib', 'loc': '2.5d_chiplet'},{'from': 'Chiplet_4', 'to': 'Chiplet_3', 'connection_type': '2.5d_emib', 'loc': '2.5d_chiplet'},{'from': 'Chiplet_4', 'to': 'Chiplet_1', 'connection_type': '2.5d_emib', 'loc': '2.5d_chiplet'},{'from': 'Chiplet_1', 'to': 'Chiplet_3', 'connection_type': '2.5d_emib', 'loc': '2.5d_chiplet'},{'from': 'Chiplet_1', 'to': 'Chiplet_4', 'connection_type': '2.5d_emib', 'loc': '2.5d_chiplet'}",3,1,6,4,1,1,hbm3,bow,na,1,0,is,1,0,0
286,23.491097360839508,3076327.18,74198.81558169506,1649137733.2957273,38961.79361179361,55421.78979114988,286,0.743226759447044,1.3845915837374998,512,64x64,10,7.419580457366196,12.973514847541198,6144,192x192,10,4.9976252555201786,6.821646341899999,1024,128x128,14,3.2571509657793953,3.8395579270749995,1536,96x96,14,3.665749090547913,5.538366334949999,4096,128x128,10,1.51595254,4.475,1024,128x128,7,2.5d_3d,"{'from': 'Chiplet_4', 'to': 'Chiplet_6', 'connection_type': '3d_tsv', 'loc': 'stack0_base'},{'from': 'Chiplet_6', 'to': 'Chiplet_1', 'connection_type': '3d_tsv', 'loc': 'stack0_middle1'},{'from': 'Chiplet_1', 'to': 'na', 'connection_type': '3d_tsv', 'loc': 'stack0_top'},{'from': 'Chiplet_2', 'to': 'Chiplet_3', 'connection_type': '2.5d_rdl', 'loc': '2.5d_chiplet'},{'from': 'Chiplet_2', 'to': 'Chiplet_4', 'connection_type': '2.5d_rdl', 'loc': '2.5d_chiplet'},{'from': 'Chiplet_2', 'to': 'Chiplet_5', 'connection_type': '2.5d_rdl', 'loc': '2.5d_chiplet'},{'from': 'Chiplet_4', 'to': 'Chiplet_2', 'connection_type': '2.5d_rdl', 'loc': '2.5d_chiplet'},{'from': 'Chiplet_4', 'to': 'Chiplet_5', 'connection_type': '2.5d_rdl', 'loc': '2.5d_chiplet'},{'from': 'Chiplet_3', 'to': 'Chiplet_2', 'connection_type': '2.5d_rdl', 'loc': '2.5d_chiplet'},{'from': 'Chiplet_3', 'to': 'Chiplet_5', 'connection_type': '2.5d_rdl', 'loc': '2.5d_chiplet'},{'from': 'Chiplet_5', 'to': 'Chiplet_2', 'connection_type': '2.5d_rdl', 'loc': '2.5d_chiplet'},{'from': 'Chiplet_5', 'to': 'Chiplet_4', 'connection_type': '2.5d_rdl', 'loc': '2.5d_chiplet'},{'from': 'Chiplet_5', 'to': 'Chiplet_3', 'connection_type': '2.5d_rdl', 'loc': '2.5d_chiplet'}",1,2,2,1,1,1,ddr4,ucie_std,ucie_3d,0,0,is,0,0,0
287,46.54626872837328,4468660.69,107563.49743879975,917237456.4167697,99355.78626126984,105429.57920902522,287,3.2571509657793953,3.8395579270749995,1536,96x96,14,0.829831759447044,1.3845915837374998,768,64x64,10,11.481175603606792,15.979573171754398,2048,192x192,14,8.112421457366196,12.973514847541198,8192,192x192,10,2.597993382379395,3.8395579270749995,512,96x96,14,4.818150952,10.4826,6144,192x192,7,2.5d,"{'from': 'Chiplet_3', 'to': 'Chiplet_2', 'connection_type': '2.5d_rdl', 'loc': '2.5d_chiplet'},{'from': 'Chiplet_3', 'to': 'Chiplet_6', 'connection_type': '2.5d_rdl', 'loc': '2.5d_chiplet'},{'from': 'Chiplet_3', 'to': 'Chiplet_4', 'connection_type': '2.5d_rdl', 'loc': '2.5d_chiplet'},{'from': 'Chiplet_3', 'to': 'Chiplet_1', 'connection_type': '2.5d_rdl', 'loc': '2.5d_chiplet'},{'from': 'Chiplet_1', 'to': 'Chiplet_2', 'connection_type': '2.5d_rdl', 'loc': '2.5d_chiplet'},{'from': 'Chiplet_1', 'to': 'Chiplet_3', 'connection_type': '2.5d_rdl', 'loc': '2.5d_chiplet'},{'from': 'Chiplet_2', 'to': 'Chiplet_3', 'connection_type': '2.5d_rdl', 'loc': '2.5d_chiplet'},{'from': 'Chiplet_2', 'to': 'Chiplet_1', 'connection_type': '2.5d_rdl', 'loc': '2.5d_chiplet'},{'from': 'Chiplet_4', 'to': 'Chiplet_3', 'connection_type': '2.5d_rdl', 'loc': '2.5d_chiplet'},{'from': 'Chiplet_4', 'to': 'Chiplet_6', 'connection_type': '2.5d_rdl', 'loc': '2.5d_chiplet'},{'from': 'Chiplet_4', 'to': 'Chiplet_5', 'connection_type': '2.5d_rdl', 'loc': '2.5d_chiplet'},{'from': 'Chiplet_6', 'to': 'Chiplet_3', 'connection_type': '2.5d_rdl', 'loc': '2.5d_chiplet'},{'from': 'Chiplet_6', 'to': 'Chiplet_4', 'connection_type': '2.5d_rdl', 'loc': '2.5d_chiplet'},{'from': 'Chiplet_6', 'to': 'Chiplet_5', 'connection_type': '2.5d_rdl', 'loc': '2.5d_chiplet'},{'from': 'Chiplet_5', 'to': 'Chiplet_4', 'connection_type': '2.5d_rdl', 'loc': '2.5d_chiplet'},{'from': 'Chiplet_5', 'to': 'Chiplet_6', 'connection_type': '2.5d_rdl', 'loc': '2.5d_chiplet'}",1,1,2,2,1,1,ddr5,ucie_std,na,0,0,ws,1,0,0
288,36.533121815405416,3579899.5,88652.06000135148,1638144320.6914332,13583.117647058823,40633.96675634826,288,0.378988,1.11875,256,64x64,7,4.9976252555201786,6.821646341899999,1024,128x128,14,6.975099908490179,6.821646341899999,4096,128x128,14,6.033899457366197,12.973514847541198,2048,192x192,10,2.927572174079395,3.8395579270749995,1024,96x96,14,4.1253109519999995,10.4826,4096,192x192,7,2.5d,"{'from': 'Chiplet_3', 'to': 'Chiplet_2', 'connection_type': '2.5d_rdl', 'loc': '2.5d_chiplet'},{'from': 'Chiplet_3', 'to': 'Chiplet_6', 'connection_type': '2.5d_rdl', 'loc': '2.5d_chiplet'},{'from': 'Chiplet_3', 'to': 'Chiplet_4', 'connection_type': '2.5d_rdl', 'loc': '2.5d_chiplet'},{'from': 'Chiplet_3', 'to': 'Chiplet_1', 'connection_type': '2.5d_rdl', 'loc': '2.5d_chiplet'},{'from': 'Chiplet_6', 'to': 'Chiplet_3', 'connection_type': '2.5d_rdl', 'loc': '2.5d_chiplet'},{'from': 'Chiplet_6', 'to': 'Chiplet_1', 'connection_type': '2.5d_rdl', 'loc': '2.5d_chiplet'},{'from': 'Chiplet_1', 'to': 'Chiplet_3', 'connection_type': '2.5d_rdl', 'loc': '2.5d_chiplet'},{'from': 'Chiplet_1', 'to': 'Chiplet_6', 'connection_type': '2.5d_rdl', 'loc': '2.5d_chiplet'},{'from': 'Chiplet_4', 'to': 'Chiplet_3', 'connection_type': '2.5d_rdl', 'loc': '2.5d_chiplet'},{'from': 'Chiplet_4', 'to': 'Chiplet_2', 'connection_type': '2.5d_rdl', 'loc': '2.5d_chiplet'},{'from': 'Chiplet_4', 'to': 'Chiplet_5', 'connection_type': '2.5d_rdl', 'loc': '2.5d_chiplet'},{'from': 'Chiplet_2', 'to': 'Chiplet_3', 'connection_type': '2.5d_rdl', 'loc': '2.5d_chiplet'},{'from': 'Chiplet_2', 'to': 'Chiplet_4', 'connection_type': '2.5d_rdl', 'loc': '2.5d_chiplet'},{'from': 'Chiplet_2', 'to': 'Chiplet_5', 'connection_type': '2.5d_rdl', 'loc': '2.5d_chiplet'},{'from': 'Chiplet_5', 'to': 'Chiplet_2', 'connection_type': '2.5d_rdl', 'loc': '2.5d_chiplet'},{'from': 'Chiplet_5', 'to': 'Chiplet_4', 'connection_type': '2.5d_rdl', 'loc': '2.5d_chiplet'}",1,1,2,2,1,1,ddr4,ucie_std,na,0,0,os,0,0,0
289,27.982385590111107,3343761.84,71686.15123271593,456207056.32061803,160570.70483702826,101358.94761320176,289,0.552198,1.11875,768,64x64,7,2.927572174079395,3.8395579270749995,1024,96x96,14,0.656621759447044,1.3845915837374998,256,64x64,10,6.726740457366197,12.973514847541198,4096,192x192,10,1.578984604787535,1.7054115854749998,768,64x64,14,4.818150952,10.4826,6144,192x192,7,2.5d,"{'from': 'Chiplet_4', 'to': 'Chiplet_2', 'connection_type': '2.5d_rdl', 'loc': '2.5d_chiplet'},{'from': 'Chiplet_4', 'to': 'Chiplet_1', 'connection_type': '2.5d_rdl', 'loc': '2.5d_chiplet'},{'from': 'Chiplet_4', 'to': 'Chiplet_6', 'connection_type': '2.5d_rdl', 'loc': '2.5d_chiplet'},{'from': 'Chiplet_4', 'to': 'Chiplet_5', 'connection_type': '2.5d_rdl', 'loc': '2.5d_chiplet'},{'from': 'Chiplet_5', 'to': 'Chiplet_1', 'connection_type': '2.5d_rdl', 'loc': '2.5d_chiplet'},{'from': 'Chiplet_5', 'to': 'Chiplet_4', 'connection_type': '2.5d_rdl', 'loc': '2.5d_chiplet'},{'from': 'Chiplet_1', 'to': 'Chiplet_4', 'connection_type': '2.5d_rdl', 'loc': '2.5d_chiplet'},{'from': 'Chiplet_1', 'to': 'Chiplet_5', 'connection_type': '2.5d_rdl', 'loc': '2.5d_chiplet'},{'from': 'Chiplet_6', 'to': 'Chiplet_2', 'connection_type': '2.5d_rdl', 'loc': '2.5d_chiplet'},{'from': 'Chiplet_6', 'to': 'Chiplet_4', 'connection_type': '2.5d_rdl', 'loc': '2.5d_chiplet'},{'from': 'Chiplet_6', 'to': 'Chiplet_3', 'connection_type': '2.5d_rdl', 'loc': '2.5d_chiplet'},{'from': 'Chiplet_2', 'to': 'Chiplet_3', 'connection_type': '2.5d_rdl', 'loc': '2.5d_chiplet'},{'from': 'Chiplet_2', 'to': 'Chiplet_6', 'connection_type': '2.5d_rdl', 'loc': '2.5d_chiplet'},{'from': 'Chiplet_2', 'to': 'Chiplet_4', 'connection_type': '2.5d_rdl', 'loc': '2.5d_chiplet'},{'from': 'Chiplet_3', 'to': 'Chiplet_2', 'connection_type': '2.5d_rdl', 'loc': '2.5d_chiplet'},{'from': 'Chiplet_3', 'to': 'Chiplet_6', 'connection_type': '2.5d_rdl', 'loc': '2.5d_chiplet'}",1,3,1,6,1,4,hbm3,ucie_std,na,0,0,is,1,0,0
290,29.078200145422947,2602869.63,64255.38190325891,845811989.5234604,101714.26897595049,67352.84209082626,290,1.578984604787535,1.7054115854749998,768,64x64,14,1.8849981800824636,3.1172648505374996,2048,96x96,10,6.975099908490179,6.821646341899999,4096,128x128,14,1.249405813087535,1.7054115854749998,256,64x64,14,6.726740457366197,12.973514847541198,4096,192x192,10,0.829831759447044,1.3845915837374998,768,64x64,10,2.5d,"{'from': 'Chiplet_3', 'to': 'Chiplet_1', 'connection_type': '2.5d_rdl', 'loc': '2.5d_chiplet'},{'from': 'Chiplet_3', 'to': 'Chiplet_4', 'connection_type': '2.5d_rdl', 'loc': '2.5d_chiplet'},{'from': 'Chiplet_3', 'to': 'Chiplet_5', 'connection_type': '2.5d_rdl', 'loc': '2.5d_chiplet'},{'from': 'Chiplet_1', 'to': 'Chiplet_3', 'connection_type': '2.5d_rdl', 'loc': '2.5d_chiplet'},{'from': 'Chiplet_1', 'to': 'Chiplet_4', 'connection_type': '2.5d_rdl', 'loc': '2.5d_chiplet'},{'from': 'Chiplet_4', 'to': 'Chiplet_3', 'connection_type': '2.5d_rdl', 'loc': '2.5d_chiplet'},{'from': 'Chiplet_4', 'to': 'Chiplet_1', 'connection_type': '2.5d_rdl', 'loc': '2.5d_chiplet'},{'from': 'Chiplet_5', 'to': 'Chiplet_3', 'connection_type': '2.5d_rdl', 'loc': '2.5d_chiplet'},{'from': 'Chiplet_5', 'to': 'Chiplet_6', 'connection_type': '2.5d_rdl', 'loc': '2.5d_chiplet'},{'from': 'Chiplet_5', 'to': 'Chiplet_2', 'connection_type': '2.5d_rdl', 'loc': '2.5d_chiplet'},{'from': 'Chiplet_2', 'to': 'Chiplet_6', 'connection_type': '2.5d_rdl', 'loc': '2.5d_chiplet'},{'from': 'Chiplet_2', 'to': 'Chiplet_5', 'connection_type': '2.5d_rdl', 'loc': '2.5d_chiplet'},{'from': 'Chiplet_6', 'to': 'Chiplet_2', 'connection_type': '2.5d_rdl', 'loc': '2.5d_chiplet'},{'from': 'Chiplet_6', 'to': 'Chiplet_5', 'connection_type': '2.5d_rdl', 'loc': '2.5d_chiplet'}",1,1,2,1,2,1,ddr5,ucie_std,na,0,0,ws,1,0,0
291,14.59378688569711,1814023.89,54435.343440552824,799725251.5611869,230423.39637212592,111122.68689497904,291,0.46559300000000003,1.11875,512,64x64,7,0.957922696,2.51875,1024,96x96,7,1.304342696,2.51875,2048,96x96,7,6.726740457366197,12.973514847541198,4096,192x192,10,0.784712696,2.51875,512,96x96,7,0.638803,1.11875,1024,64x64,7,2.5d,"{'from': 'Chiplet_4', 'to': 'Chiplet_3', 'connection_type': '2.5d_rdl', 'loc': '2.5d_chiplet'},{'from': 'Chiplet_4', 'to': 'Chiplet_2', 'connection_type': '2.5d_rdl', 'loc': '2.5d_chiplet'},{'from': 'Chiplet_3', 'to': 'Chiplet_2', 'connection_type': '2.5d_rdl', 'loc': '2.5d_chiplet'},{'from': 'Chiplet_3', 'to': 'Chiplet_6', 'connection_type': '2.5d_rdl', 'loc': '2.5d_chiplet'},{'from': 'Chiplet_3', 'to': 'Chiplet_4', 'connection_type': '2.5d_rdl', 'loc': '2.5d_chiplet'},{'from': 'Chiplet_3', 'to': 'Chiplet_5', 'connection_type': '2.5d_rdl', 'loc': '2.5d_chiplet'},{'from': 'Chiplet_6', 'to': 'Chiplet_3', 'connection_type': '2.5d_rdl', 'loc': '2.5d_chiplet'},{'from': 'Chiplet_6', 'to': 'Chiplet_5', 'connection_type': '2.5d_rdl', 'loc': '2.5d_chiplet'},{'from': 'Chiplet_2', 'to': 'Chiplet_3', 'connection_type': '2.5d_rdl', 'loc': '2.5d_chiplet'},{'from': 'Chiplet_2', 'to': 'Chiplet_1', 'connection_type': '2.5d_rdl', 'loc': '2.5d_chiplet'},{'from': 'Chiplet_2', 'to': 'Chiplet_4', 'connection_type': '2.5d_rdl', 'loc': '2.5d_chiplet'},{'from': 'Chiplet_2', 'to': 'Chiplet_5', 'connection_type': '2.5d_rdl', 'loc': '2.5d_chiplet'},{'from': 'Chiplet_5', 'to': 'Chiplet_2', 'connection_type': '2.5d_rdl', 'loc': '2.5d_chiplet'},{'from': 'Chiplet_5', 'to': 'Chiplet_1', 'connection_type': '2.5d_rdl', 'loc': '2.5d_chiplet'},{'from': 'Chiplet_5', 'to': 'Chiplet_6', 'connection_type': '2.5d_rdl', 'loc': '2.5d_chiplet'},{'from': 'Chiplet_5', 'to': 'Chiplet_3', 'connection_type': '2.5d_rdl', 'loc': '2.5d_chiplet'},{'from': 'Chiplet_1', 'to': 'Chiplet_2', 'connection_type': '2.5d_rdl', 'loc': '2.5d_chiplet'},{'from': 'Chiplet_1', 'to': 'Chiplet_5', 'connection_type': '2.5d_rdl', 'loc': '2.5d_chiplet'}",1,1,1,3,1,1,ddr5,ucie_std,na,0,0,os,1,0,0
292,31.144237151859585,4907207.66,102796.7580294946,571674677.7093766,115917.0868809002,92536.87888505435,292,0.829831759447044,1.3845915837374998,768,64x64,10,4.818150952,10.4826,6144,192x192,7,14.117807839976791,15.979573171754398,6144,192x192,14,1.86237254,4.475,2048,128x128,7,1.578984604787535,1.7054115854749998,768,64x64,14,2.55521354,4.475,4096,128x128,7,2.5d_3d,"{'from': 'Chiplet_2', 'to': 'Chiplet_4', 'connection_type': '3d_u_bump', 'loc': 'stack0_base'},{'from': 'Chiplet_4', 'to': 'Chiplet_5', 'connection_type': '3d_u_bump', 'loc': 'stack0_middle1'},{'from': 'Chiplet_5', 'to': 'Chiplet_1', 'connection_type': '3d_u_bump', 'loc': 'stack0_middle2'},{'from': 'Chiplet_1', 'to': 'na', 'connection_type': '3d_u_bump', 'loc': 'stack0_top'},{'from': 'Chiplet_3', 'to': 'Chiplet_2', 'connection_type': '2.5d_rdl', 'loc': '2.5d_chiplet'},{'from': 'Chiplet_3', 'to': 'Chiplet_6', 'connection_type': '2.5d_rdl', 'loc': '2.5d_chiplet'},{'from': 'Chiplet_2', 'to': 'Chiplet_3', 'connection_type': '2.5d_rdl', 'loc': '2.5d_chiplet'},{'from': 'Chiplet_2', 'to': 'Chiplet_6', 'connection_type': '2.5d_rdl', 'loc': '2.5d_chiplet'},{'from': 'Chiplet_6', 'to': 'Chiplet_3', 'connection_type': '2.5d_rdl', 'loc': '2.5d_chiplet'},{'from': 'Chiplet_6', 'to': 'Chiplet_2', 'connection_type': '2.5d_rdl', 'loc': '2.5d_chiplet'}",1,3,9,1,1,1,hbm2,ucie_std,ucie_3d,0,0,os,1,0,0
293,16.614902441173808,2027538.67,58553.0760916044,1557962405.5894423,20450.07843137255,38534.74268240311,293,3.2571509657793953,3.8395579270749995,1536,96x96,14,1.131132696,2.51875,1536,96x96,7,3.432469952,10.4826,2048,192x192,7,3.2571509657793953,3.8395579270749995,1536,96x96,14,1.51595254,4.475,1024,128x128,7,0.552198,1.11875,768,64x64,7,2.5d,"{'from': 'Chiplet_3', 'to': 'Chiplet_2', 'connection_type': '2.5d_rdl', 'loc': '2.5d_chiplet'},{'from': 'Chiplet_3', 'to': 'Chiplet_1', 'connection_type': '2.5d_rdl', 'loc': '2.5d_chiplet'},{'from': 'Chiplet_3', 'to': 'Chiplet_5', 'connection_type': '2.5d_rdl', 'loc': '2.5d_chiplet'},{'from': 'Chiplet_5', 'to': 'Chiplet_2', 'connection_type': '2.5d_rdl', 'loc': '2.5d_chiplet'},{'from': 'Chiplet_5', 'to': 'Chiplet_6', 'connection_type': '2.5d_rdl', 'loc': '2.5d_chiplet'},{'from': 'Chiplet_5', 'to': 'Chiplet_3', 'connection_type': '2.5d_rdl', 'loc': '2.5d_chiplet'},{'from': 'Chiplet_2', 'to': 'Chiplet_3', 'connection_type': '2.5d_rdl', 'loc': '2.5d_chiplet'},{'from': 'Chiplet_2', 'to': 'Chiplet_6', 'connection_type': '2.5d_rdl', 'loc': '2.5d_chiplet'},{'from': 'Chiplet_2', 'to': 'Chiplet_4', 'connection_type': '2.5d_rdl', 'loc': '2.5d_chiplet'},{'from': 'Chiplet_2', 'to': 'Chiplet_5', 'connection_type': '2.5d_rdl', 'loc': '2.5d_chiplet'},{'from': 'Chiplet_6', 'to': 'Chiplet_2', 'connection_type': '2.5d_rdl', 'loc': '2.5d_chiplet'},{'from': 'Chiplet_6', 'to': 'Chiplet_5', 'connection_type': '2.5d_rdl', 'loc': '2.5d_chiplet'},{'from': 'Chiplet_1', 'to': 'Chiplet_3', 'connection_type': '2.5d_rdl', 'loc': '2.5d_chiplet'},{'from': 'Chiplet_1', 'to': 'Chiplet_4', 'connection_type': '2.5d_rdl', 'loc': '2.5d_chiplet'},{'from': 'Chiplet_4', 'to': 'Chiplet_2', 'connection_type': '2.5d_rdl', 'loc': '2.5d_chiplet'},{'from': 'Chiplet_4', 'to': 'Chiplet_1', 'connection_type': '2.5d_rdl', 'loc': '2.5d_chiplet'}",2,1,2,1,1,1,ddr4,ucie_std,na,0,0,ws,0,0,0
294,31.37378521597255,2533666.45,61163.468845320705,1534958285.8717155,212598.12107554488,125140.63704243286,294,0.378988,1.11875,256,64x64,7,6.975099908490179,6.821646341899999,4096,128x128,14,5.656782838920179,6.821646341899999,2048,128x128,14,1.5385781800824634,3.1172648505374996,1024,96x96,10,0.656621759447044,1.3845915837374998,256,64x64,10,3.3193280905479132,5.538366334949999,3072,128x128,10,2.5d,"{'from': 'Chiplet_2', 'to': 'Chiplet_3', 'connection_type': '2.5d_rdl', 'loc': '2.5d_chiplet'},{'from': 'Chiplet_2', 'to': 'Chiplet_4', 'connection_type': '2.5d_rdl', 'loc': '2.5d_chiplet'},{'from': 'Chiplet_2', 'to': 'Chiplet_6', 'connection_type': '2.5d_rdl', 'loc': '2.5d_chiplet'},{'from': 'Chiplet_2', 'to': 'Chiplet_5', 'connection_type': '2.5d_rdl', 'loc': '2.5d_chiplet'},{'from': 'Chiplet_4', 'to': 'Chiplet_2', 'connection_type': '2.5d_rdl', 'loc': '2.5d_chiplet'},{'from': 'Chiplet_4', 'to': 'Chiplet_5', 'connection_type': '2.5d_rdl', 'loc': '2.5d_chiplet'},{'from': 'Chiplet_5', 'to': 'Chiplet_2', 'connection_type': '2.5d_rdl', 'loc': '2.5d_chiplet'},{'from': 'Chiplet_5', 'to': 'Chiplet_4', 'connection_type': '2.5d_rdl', 'loc': '2.5d_chiplet'},{'from': 'Chiplet_3', 'to': 'Chiplet_2', 'connection_type': '2.5d_rdl', 'loc': '2.5d_chiplet'},{'from': 'Chiplet_3', 'to': 'Chiplet_1', 'connection_type': '2.5d_rdl', 'loc': '2.5d_chiplet'},{'from': 'Chiplet_3', 'to': 'Chiplet_6', 'connection_type': '2.5d_rdl', 'loc': '2.5d_chiplet'},{'from': 'Chiplet_6', 'to': 'Chiplet_2', 'connection_type': '2.5d_rdl', 'loc': '2.5d_chiplet'},{'from': 'Chiplet_6', 'to': 'Chiplet_1', 'connection_type': '2.5d_rdl', 'loc': '2.5d_chiplet'},{'from': 'Chiplet_6', 'to': 'Chiplet_3', 'connection_type': '2.5d_rdl', 'loc': '2.5d_chiplet'},{'from': 'Chiplet_1', 'to': 'Chiplet_3', 'connection_type': '2.5d_rdl', 'loc': '2.5d_chiplet'},{'from': 'Chiplet_1', 'to': 'Chiplet_6', 'connection_type': '2.5d_rdl', 'loc': '2.5d_chiplet'}",1,2,2,1,1,1,ddr4,ucie_std,na,1,0,is,1,0,0
295,9.348380738149304,1972924.43,72495.47631284817,1461306980.8781915,118738.12095248788,87014.80899438247,295,4.9976252555201786,6.821646341899999,1024,128x128,14,3.2571509657793953,3.8395579270749995,1536,96x96,14,2.927572174079395,3.8395579270749995,1024,96x96,14,4.9976252555201786,6.821646341899999,1024,128x128,14,1.5385781800824634,3.1172648505374996,1024,96x96,10,1.8849981800824636,3.1172648505374996,2048,96x96,10,2.5d_3d,"{'from': 'Chiplet_1', 'to': 'Chiplet_4', 'connection_type': '3d_u_bump', 'loc': 'stack0_base'},{'from': 'Chiplet_4', 'to': 'Chiplet_3', 'connection_type': '3d_u_bump', 'loc': 'stack0_middle1'},{'from': 'Chiplet_3', 'to': 'Chiplet_6', 'connection_type': '3d_u_bump', 'loc': 'stack0_middle2'},{'from': 'Chiplet_6', 'to': 'Chiplet_5', 'connection_type': '3d_u_bump', 'loc': 'stack0_middle3'},{'from': 'Chiplet_5', 'to': 'na', 'connection_type': '3d_u_bump', 'loc': 'stack0_top'},{'from': 'Chiplet_1', 'to': 'Chiplet_2', 'connection_type': '2.5d_rdl', 'loc': '2.5d_chiplet'},{'from': 'Chiplet_2', 'to': 'Chiplet_1', 'connection_type': '2.5d_rdl', 'loc': '2.5d_chiplet'}",2,1,1,2,1,1,ddr4,ucie_std,ucie_3d,0,0,is,1,0,0
296,59.867495933329714,5730863.08,191200.804350974,431873623.82181454,65821.80721682885,64238.39729210813,296,6.726740457366197,12.973514847541198,4096,192x192,10,3.3193280905479132,5.538366334949999,3072,128x128,10,2.597993382379395,3.8395579270749995,512,96x96,14,6.315940422320179,6.821646341899999,3072,128x128,14,0.743226759447044,1.3845915837374998,512,64x64,10,12.799492673176792,15.979573171754398,4096,192x192,14,2.5d,"{'from': 'Chiplet_6', 'to': 'Chiplet_2', 'connection_type': '2.5d_emib', 'loc': '2.5d_chiplet'},{'from': 'Chiplet_6', 'to': 'Chiplet_1', 'connection_type': '2.5d_emib', 'loc': '2.5d_chiplet'},{'from': 'Chiplet_2', 'to': 'Chiplet_1', 'connection_type': '2.5d_emib', 'loc': '2.5d_chiplet'},{'from': 'Chiplet_2', 'to': 'Chiplet_4', 'connection_type': '2.5d_emib', 'loc': '2.5d_chiplet'},{'from': 'Chiplet_2', 'to': 'Chiplet_6', 'connection_type': '2.5d_emib', 'loc': '2.5d_chiplet'},{'from': 'Chiplet_1', 'to': 'Chiplet_2', 'connection_type': '2.5d_emib', 'loc': '2.5d_chiplet'},{'from': 'Chiplet_1', 'to': 'Chiplet_4', 'connection_type': '2.5d_emib', 'loc': '2.5d_chiplet'},{'from': 'Chiplet_1', 'to': 'Chiplet_6', 'connection_type': '2.5d_emib', 'loc': '2.5d_chiplet'},{'from': 'Chiplet_1', 'to': 'Chiplet_5', 'connection_type': '2.5d_emib', 'loc': '2.5d_chiplet'},{'from': 'Chiplet_5', 'to': 'Chiplet_3', 'connection_type': '2.5d_emib', 'loc': '2.5d_chiplet'},{'from': 'Chiplet_5', 'to': 'Chiplet_1', 'connection_type': '2.5d_emib', 'loc': '2.5d_chiplet'},{'from': 'Chiplet_4', 'to': 'Chiplet_2', 'connection_type': '2.5d_emib', 'loc': '2.5d_chiplet'},{'from': 'Chiplet_4', 'to': 'Chiplet_1', 'connection_type': '2.5d_emib', 'loc': '2.5d_chiplet'},{'from': 'Chiplet_4', 'to': 'Chiplet_3', 'connection_type': '2.5d_emib', 'loc': '2.5d_chiplet'},{'from': 'Chiplet_3', 'to': 'Chiplet_4', 'connection_type': '2.5d_emib', 'loc': '2.5d_chiplet'},{'from': 'Chiplet_3', 'to': 'Chiplet_5', 'connection_type': '2.5d_emib', 'loc': '2.5d_chiplet'}",3,2,1,3,1,6,hbm3,bow,na,1,0,is,1,0,0
297,15.483194014113822,2794322.7,76375.49133098382,1577771716.6146038,22022.655007949128,44265.25121243602,297,3.2571509657793953,3.8395579270749995,1536,96x96,14,1.249405813087535,1.7054115854749998,256,64x64,14,1.8849981800824636,3.1172648505374996,2048,96x96,10,2.972908090547913,5.538366334949999,2048,128x128,10,6.033899457366197,12.973514847541198,2048,192x192,10,3.432469952,10.4826,2048,192x192,7,2.5d_3d,"{'from': 'Chiplet_6', 'to': 'Chiplet_1', 'connection_type': '3d_u_bump', 'loc': 'stack0_base'},{'from': 'Chiplet_1', 'to': 'Chiplet_3', 'connection_type': '3d_u_bump', 'loc': 'stack0_middle1'},{'from': 'Chiplet_3', 'to': 'Chiplet_2', 'connection_type': '3d_u_bump', 'loc': 'stack0_middle2'},{'from': 'Chiplet_2', 'to': 'na', 'connection_type': '3d_u_bump', 'loc': 'stack0_top'},{'from': 'Chiplet_5', 'to': 'Chiplet_4', 'connection_type': '2.5d_rdl', 'loc': '2.5d_chiplet'},{'from': 'Chiplet_5', 'to': 'Chiplet_6', 'connection_type': '2.5d_rdl', 'loc': '2.5d_chiplet'},{'from': 'Chiplet_6', 'to': 'Chiplet_4', 'connection_type': '2.5d_rdl', 'loc': '2.5d_chiplet'},{'from': 'Chiplet_6', 'to': 'Chiplet_5', 'connection_type': '2.5d_rdl', 'loc': '2.5d_chiplet'},{'from': 'Chiplet_4', 'to': 'Chiplet_6', 'connection_type': '2.5d_rdl', 'loc': '2.5d_chiplet'},{'from': 'Chiplet_4', 'to': 'Chiplet_5', 'connection_type': '2.5d_rdl', 'loc': '2.5d_chiplet'}",1,1,1,1,3,1,ddr4,ucie_std,ucie_3d,0,0,ws,0,0,0
298,29.91225252841628,4450614.98,143975.05895199213,875264982.0319463,99051.17546993335,95229.53419928008,298,1.51595254,4.475,1024,128x128,7,1.131132696,2.51875,1536,96x96,7,4.1253109519999995,10.4826,4096,192x192,7,14.117807839976791,15.979573171754398,6144,192x192,14,2.55521354,4.475,4096,128x128,7,3.665749090547913,5.538366334949999,4096,128x128,10,2.5d_3d,"{'from': 'Chiplet_6', 'to': 'Chiplet_5', 'connection_type': '3d_u_bump', 'loc': 'stack0_base'},{'from': 'Chiplet_5', 'to': 'Chiplet_1', 'connection_type': '3d_u_bump', 'loc': 'stack0_middle1'},{'from': 'Chiplet_1', 'to': 'Chiplet_2', 'connection_type': '3d_u_bump', 'loc': 'stack0_middle2'},{'from': 'Chiplet_2', 'to': 'na', 'connection_type': '3d_u_bump', 'loc': 'stack0_top'},{'from': 'Chiplet_4', 'to': 'Chiplet_3', 'connection_type': '2.5d_emib', 'loc': '2.5d_chiplet'},{'from': 'Chiplet_4', 'to': 'Chiplet_6', 'connection_type': '2.5d_emib', 'loc': '2.5d_chiplet'},{'from': 'Chiplet_3', 'to': 'Chiplet_6', 'connection_type': '2.5d_emib', 'loc': '2.5d_chiplet'},{'from': 'Chiplet_3', 'to': 'Chiplet_4', 'connection_type': '2.5d_emib', 'loc': '2.5d_chiplet'},{'from': 'Chiplet_6', 'to': 'Chiplet_3', 'connection_type': '2.5d_emib', 'loc': '2.5d_chiplet'},{'from': 'Chiplet_6', 'to': 'Chiplet_4', 'connection_type': '2.5d_emib', 'loc': '2.5d_chiplet'}",1,1,1,3,1,1,ddr5,ucie_adv,ucie_3d,1,0,is,1,0,0
299,34.36679850048018,3874731.7,80616.80442417403,442114920.4956412,124077.1711444254,90440.82832142097,299,6.315940422320179,6.821646341899999,3072,128x128,14,3.3193280905479132,5.538366334949999,3072,128x128,10,2.972908090547913,5.538366334949999,2048,128x128,10,3.2571509657793953,3.8395579270749995,1536,96x96,14,7.419580457366196,12.973514847541198,6144,192x192,10,0.916436759447044,1.3845915837374998,1024,64x64,10,2.5d,"{'from': 'Chiplet_5', 'to': 'Chiplet_2', 'connection_type': '2.5d_rdl', 'loc': '2.5d_chiplet'},{'from': 'Chiplet_5', 'to': 'Chiplet_1', 'connection_type': '2.5d_rdl', 'loc': '2.5d_chiplet'},{'from': 'Chiplet_5', 'to': 'Chiplet_4', 'connection_type': '2.5d_rdl', 'loc': '2.5d_chiplet'},{'from': 'Chiplet_5', 'to': 'Chiplet_6', 'connection_type': '2.5d_rdl', 'loc': '2.5d_chiplet'},{'from': 'Chiplet_4', 'to': 'Chiplet_6', 'connection_type': '2.5d_rdl', 'loc': '2.5d_chiplet'},{'from': 'Chiplet_4', 'to': 'Chiplet_5', 'connection_type': '2.5d_rdl', 'loc': '2.5d_chiplet'},{'from': 'Chiplet_6', 'to': 'Chiplet_4', 'connection_type': '2.5d_rdl', 'loc': '2.5d_chiplet'},{'from': 'Chiplet_6', 'to': 'Chiplet_5', 'connection_type': '2.5d_rdl', 'loc': '2.5d_chiplet'},{'from': 'Chiplet_1', 'to': 'Chiplet_2', 'connection_type': '2.5d_rdl', 'loc': '2.5d_chiplet'},{'from': 'Chiplet_1', 'to': 'Chiplet_3', 'connection_type': '2.5d_rdl', 'loc': '2.5d_chiplet'},{'from': 'Chiplet_1', 'to': 'Chiplet_5', 'connection_type': '2.5d_rdl', 'loc': '2.5d_chiplet'},{'from': 'Chiplet_2', 'to': 'Chiplet_3', 'connection_type': '2.5d_rdl', 'loc': '2.5d_chiplet'},{'from': 'Chiplet_2', 'to': 'Chiplet_1', 'connection_type': '2.5d_rdl', 'loc': '2.5d_chiplet'},{'from': 'Chiplet_2', 'to': 'Chiplet_5', 'connection_type': '2.5d_rdl', 'loc': '2.5d_chiplet'},{'from': 'Chiplet_3', 'to': 'Chiplet_2', 'connection_type': '2.5d_rdl', 'loc': '2.5d_chiplet'},{'from': 'Chiplet_3', 'to': 'Chiplet_1', 'connection_type': '2.5d_rdl', 'loc': '2.5d_chiplet'}",4,2,2,2,5,1,hbm3,ucie_std,na,0,0,os,1,0,0
300,69.45927744270688,7080699.21,136387.47461554295,593939758.6939808,116819.37271285798,140777.6519629223,300,12.799492673176792,15.979573171754398,4096,192x192,14,2.6264880905479133,5.538366334949999,1024,128x128,10,7.419580457366196,12.973514847541198,6144,192x192,10,1.86237254,4.475,2048,128x128,7,2.972908090547913,5.538366334949999,2048,128x128,10,15.436124909546791,15.979573171754398,8192,192x192,14,2.5d,"{'from': 'Chiplet_6', 'to': 'Chiplet_3', 'connection_type': '2.5d_rdl', 'loc': '2.5d_chiplet'},{'from': 'Chiplet_6', 'to': 'Chiplet_1', 'connection_type': '2.5d_rdl', 'loc': '2.5d_chiplet'},{'from': 'Chiplet_6', 'to': 'Chiplet_2', 'connection_type': '2.5d_rdl', 'loc': '2.5d_chiplet'},{'from': 'Chiplet_6', 'to': 'Chiplet_5', 'connection_type': '2.5d_rdl', 'loc': '2.5d_chiplet'},{'from': 'Chiplet_5', 'to': 'Chiplet_2', 'connection_type': '2.5d_rdl', 'loc': '2.5d_chiplet'},{'from': 'Chiplet_5', 'to': 'Chiplet_6', 'connection_type': '2.5d_rdl', 'loc': '2.5d_chiplet'},{'from': 'Chiplet_2', 'to': 'Chiplet_6', 'connection_type': '2.5d_rdl', 'loc': '2.5d_chiplet'},{'from': 'Chiplet_2', 'to': 'Chiplet_5', 'connection_type': '2.5d_rdl', 'loc': '2.5d_chiplet'},{'from': 'Chiplet_1', 'to': 'Chiplet_3', 'connection_type': '2.5d_rdl', 'loc': '2.5d_chiplet'},{'from': 'Chiplet_1', 'to': 'Chiplet_4', 'connection_type': '2.5d_rdl', 'loc': '2.5d_chiplet'},{'from': 'Chiplet_1', 'to': 'Chiplet_6', 'connection_type': '2.5d_rdl', 'loc': '2.5d_chiplet'},{'from': 'Chiplet_3', 'to': 'Chiplet_4', 'connection_type': '2.5d_rdl', 'loc': '2.5d_chiplet'},{'from': 'Chiplet_3', 'to': 'Chiplet_6', 'connection_type': '2.5d_rdl', 'loc': '2.5d_chiplet'},{'from': 'Chiplet_3', 'to': 'Chiplet_1', 'connection_type': '2.5d_rdl', 'loc': '2.5d_chiplet'},{'from': 'Chiplet_4', 'to': 'Chiplet_3', 'connection_type': '2.5d_rdl', 'loc': '2.5d_chiplet'},{'from': 'Chiplet_4', 'to': 'Chiplet_1', 'connection_type': '2.5d_rdl', 'loc': '2.5d_chiplet'}",5,1,3,1,1,5,hbm2,ucie_std,na,0,0,is,1,0,0
301,31.2877531707971,3290400.87,76022.99551706936,1297230551.8864057,31244.189079054606,42463.38455263034,301,1.249405813087535,1.7054115854749998,256,64x64,14,1.249405813087535,1.7054115854749998,256,64x64,14,1.4141952089375351,1.7054115854749998,512,64x64,14,6.315940422320179,6.821646341899999,3072,128x128,14,12.799492673176792,15.979573171754398,4096,192x192,14,2.20879254,4.475,3072,128x128,7,2.5d_3d,"{'from': 'Chiplet_4', 'to': 'Chiplet_6', 'connection_type': '3d_tsv', 'loc': 'stack0_base'},{'from': 'Chiplet_6', 'to': 'Chiplet_2', 'connection_type': '3d_tsv', 'loc': 'stack0_middle1'},{'from': 'Chiplet_2', 'to': 'Chiplet_1', 'connection_type': '3d_tsv', 'loc': 'stack0_middle2'},{'from': 'Chiplet_1', 'to': 'na', 'connection_type': '3d_tsv', 'loc': 'stack0_top'},{'from': 'Chiplet_5', 'to': 'Chiplet_3', 'connection_type': '2.5d_rdl', 'loc': '2.5d_chiplet'},{'from': 'Chiplet_5', 'to': 'Chiplet_4', 'connection_type': '2.5d_rdl', 'loc': '2.5d_chiplet'},{'from': 'Chiplet_4', 'to': 'Chiplet_3', 'connection_type': '2.5d_rdl', 'loc': '2.5d_chiplet'},{'from': 'Chiplet_4', 'to': 'Chiplet_5', 'connection_type': '2.5d_rdl', 'loc': '2.5d_chiplet'},{'from': 'Chiplet_3', 'to': 'Chiplet_4', 'connection_type': '2.5d_rdl', 'loc': '2.5d_chiplet'},{'from': 'Chiplet_3', 'to': 'Chiplet_5', 'connection_type': '2.5d_rdl', 'loc': '2.5d_chiplet'}",1,1,1,1,3,1,ddr5,ucie_std,ucie_3d,0,0,ws,0,0,0
302,28.03097326511457,3244724.45,177352.16557718444,1218063353.3588939,17901.952686182514,35603.5165029311,302,1.249405813087535,1.7054115854749998,256,64x64,14,0.784712696,2.51875,512,96x96,7,5.656782838920179,6.821646341899999,2048,128x128,14,6.726740457366197,12.973514847541198,4096,192x192,10,1.3653681800824635,3.1172648505374996,512,96x96,10,7.419580457366196,12.973514847541198,6144,192x192,10,2.5d,"{'from': 'Chiplet_6', 'to': 'Chiplet_1', 'connection_type': '2.5d_emib', 'loc': '2.5d_chiplet'},{'from': 'Chiplet_6', 'to': 'Chiplet_4', 'connection_type': '2.5d_emib', 'loc': '2.5d_chiplet'},{'from': 'Chiplet_6', 'to': 'Chiplet_5', 'connection_type': '2.5d_emib', 'loc': '2.5d_chiplet'},{'from': 'Chiplet_5', 'to': 'Chiplet_2', 'connection_type': '2.5d_emib', 'loc': '2.5d_chiplet'},{'from': 'Chiplet_5', 'to': 'Chiplet_1', 'connection_type': '2.5d_emib', 'loc': '2.5d_chiplet'},{'from': 'Chiplet_5', 'to': 'Chiplet_6', 'connection_type': '2.5d_emib', 'loc': '2.5d_chiplet'},{'from': 'Chiplet_1', 'to': 'Chiplet_3', 'connection_type': '2.5d_emib', 'loc': '2.5d_chiplet'},{'from': 'Chiplet_1', 'to': 'Chiplet_6', 'connection_type': '2.5d_emib', 'loc': '2.5d_chiplet'},{'from': 'Chiplet_1', 'to': 'Chiplet_2', 'connection_type': '2.5d_emib', 'loc': '2.5d_chiplet'},{'from': 'Chiplet_1', 'to': 'Chiplet_5', 'connection_type': '2.5d_emib', 'loc': '2.5d_chiplet'},{'from': 'Chiplet_2', 'to': 'Chiplet_1', 'connection_type': '2.5d_emib', 'loc': '2.5d_chiplet'},{'from': 'Chiplet_2', 'to': 'Chiplet_5', 'connection_type': '2.5d_emib', 'loc': '2.5d_chiplet'},{'from': 'Chiplet_4', 'to': 'Chiplet_3', 'connection_type': '2.5d_emib', 'loc': '2.5d_chiplet'},{'from': 'Chiplet_4', 'to': 'Chiplet_6', 'connection_type': '2.5d_emib', 'loc': '2.5d_chiplet'},{'from': 'Chiplet_3', 'to': 'Chiplet_1', 'connection_type': '2.5d_emib', 'loc': '2.5d_chiplet'},{'from': 'Chiplet_3', 'to': 'Chiplet_4', 'connection_type': '2.5d_emib', 'loc': '2.5d_chiplet'}",1,1,1,2,1,2,ddr5,aib,na,0,0,ws,0,0,0
303,18.3059076771813,2464046.41,61090.351815127986,658375906.9129667,36136.666666666664,26673.9164558408,303,1.51595254,4.475,1024,128x128,7,2.55521354,4.475,4096,128x128,7,6.315940422320179,6.821646341899999,3072,128x128,14,0.784712696,2.51875,512,96x96,7,0.638803,1.11875,1024,64x64,7,1.304342696,2.51875,2048,96x96,7,2.5d,"{'from': 'Chiplet_3', 'to': 'Chiplet_2', 'connection_type': '2.5d_rdl', 'loc': '2.5d_chiplet'},{'from': 'Chiplet_3', 'to': 'Chiplet_1', 'connection_type': '2.5d_rdl', 'loc': '2.5d_chiplet'},{'from': 'Chiplet_2', 'to': 'Chiplet_3', 'connection_type': '2.5d_rdl', 'loc': '2.5d_chiplet'},{'from': 'Chiplet_2', 'to': 'Chiplet_1', 'connection_type': '2.5d_rdl', 'loc': '2.5d_chiplet'},{'from': 'Chiplet_2', 'to': 'Chiplet_4', 'connection_type': '2.5d_rdl', 'loc': '2.5d_chiplet'},{'from': 'Chiplet_2', 'to': 'Chiplet_6', 'connection_type': '2.5d_rdl', 'loc': '2.5d_chiplet'},{'from': 'Chiplet_4', 'to': 'Chiplet_2', 'connection_type': '2.5d_rdl', 'loc': '2.5d_chiplet'},{'from': 'Chiplet_4', 'to': 'Chiplet_6', 'connection_type': '2.5d_rdl', 'loc': '2.5d_chiplet'},{'from': 'Chiplet_1', 'to': 'Chiplet_3', 'connection_type': '2.5d_rdl', 'loc': '2.5d_chiplet'},{'from': 'Chiplet_1', 'to': 'Chiplet_6', 'connection_type': '2.5d_rdl', 'loc': '2.5d_chiplet'},{'from': 'Chiplet_1', 'to': 'Chiplet_2', 'connection_type': '2.5d_rdl', 'loc': '2.5d_chiplet'},{'from': 'Chiplet_1', 'to': 'Chiplet_5', 'connection_type': '2.5d_rdl', 'loc': '2.5d_chiplet'},{'from': 'Chiplet_6', 'to': 'Chiplet_2', 'connection_type': '2.5d_rdl', 'loc': '2.5d_chiplet'},{'from': 'Chiplet_6', 'to': 'Chiplet_1', 'connection_type': '2.5d_rdl', 'loc': '2.5d_chiplet'},{'from': 'Chiplet_6', 'to': 'Chiplet_4', 'connection_type': '2.5d_rdl', 'loc': '2.5d_chiplet'},{'from': 'Chiplet_6', 'to': 'Chiplet_5', 'connection_type': '2.5d_rdl', 'loc': '2.5d_chiplet'},{'from': 'Chiplet_5', 'to': 'Chiplet_1', 'connection_type': '2.5d_rdl', 'loc': '2.5d_chiplet'},{'from': 'Chiplet_5', 'to': 'Chiplet_6', 'connection_type': '2.5d_rdl', 'loc': '2.5d_chiplet'}",2,3,8,1,1,1,hbm2,ucie_std,na,0,0,is,0,0,0
304,15.868228589233949,2255575.28,55438.249798685036,362914599.1924267,174049.8352588606,88522.02690444428,304,1.3653681800824635,3.1172648505374996,512,96x96,10,2.20879254,4.475,3072,128x128,7,0.916436759447044,1.3845915837374998,1024,64x64,10,6.033899457366197,12.973514847541198,2048,192x192,10,0.784712696,2.51875,512,96x96,7,0.552198,1.11875,768,64x64,7,2.5d,"{'from': 'Chiplet_4', 'to': 'Chiplet_2', 'connection_type': '2.5d_rdl', 'loc': '2.5d_chiplet'},{'from': 'Chiplet_4', 'to': 'Chiplet_1', 'connection_type': '2.5d_rdl', 'loc': '2.5d_chiplet'},{'from': 'Chiplet_2', 'to': 'Chiplet_3', 'connection_type': '2.5d_rdl', 'loc': '2.5d_chiplet'},{'from': 'Chiplet_2', 'to': 'Chiplet_1', 'connection_type': '2.5d_rdl', 'loc': '2.5d_chiplet'},{'from': 'Chiplet_2', 'to': 'Chiplet_4', 'connection_type': '2.5d_rdl', 'loc': '2.5d_chiplet'},{'from': 'Chiplet_2', 'to': 'Chiplet_5', 'connection_type': '2.5d_rdl', 'loc': '2.5d_chiplet'},{'from': 'Chiplet_5', 'to': 'Chiplet_2', 'connection_type': '2.5d_rdl', 'loc': '2.5d_chiplet'},{'from': 'Chiplet_5', 'to': 'Chiplet_3', 'connection_type': '2.5d_rdl', 'loc': '2.5d_chiplet'},{'from': 'Chiplet_1', 'to': 'Chiplet_3', 'connection_type': '2.5d_rdl', 'loc': '2.5d_chiplet'},{'from': 'Chiplet_1', 'to': 'Chiplet_6', 'connection_type': '2.5d_rdl', 'loc': '2.5d_chiplet'},{'from': 'Chiplet_1', 'to': 'Chiplet_4', 'connection_type': '2.5d_rdl', 'loc': '2.5d_chiplet'},{'from': 'Chiplet_1', 'to': 'Chiplet_2', 'connection_type': '2.5d_rdl', 'loc': '2.5d_chiplet'},{'from': 'Chiplet_3', 'to': 'Chiplet_2', 'connection_type': '2.5d_rdl', 'loc': '2.5d_chiplet'},{'from': 'Chiplet_3', 'to': 'Chiplet_1', 'connection_type': '2.5d_rdl', 'loc': '2.5d_chiplet'},{'from': 'Chiplet_3', 'to': 'Chiplet_6', 'connection_type': '2.5d_rdl', 'loc': '2.5d_chiplet'},{'from': 'Chiplet_3', 'to': 'Chiplet_5', 'connection_type': '2.5d_rdl', 'loc': '2.5d_chiplet'},{'from': 'Chiplet_6', 'to': 'Chiplet_3', 'connection_type': '2.5d_rdl', 'loc': '2.5d_chiplet'},{'from': 'Chiplet_6', 'to': 'Chiplet_1', 'connection_type': '2.5d_rdl', 'loc': '2.5d_chiplet'}",2,3,1,8,1,1,hbm2,ucie_std,na,0,0,is,1,0,0
305,36.01746857999159,3895125.71,94119.90995503563,1647519343.8739228,12300.82140964494,40556.55708245185,305,4.818150952,10.4826,6144,192x192,7,3.432469952,10.4826,2048,192x192,7,1.51595254,4.475,1024,128x128,7,3.665749090547913,5.538366334949999,4096,128x128,10,0.656621759447044,1.3845915837374998,256,64x64,10,6.726740457366197,12.973514847541198,4096,192x192,10,2.5d,"{'from': 'Chiplet_6', 'to': 'Chiplet_2', 'connection_type': '2.5d_rdl', 'loc': '2.5d_chiplet'},{'from': 'Chiplet_6', 'to': 'Chiplet_1', 'connection_type': '2.5d_rdl', 'loc': '2.5d_chiplet'},{'from': 'Chiplet_2', 'to': 'Chiplet_1', 'connection_type': '2.5d_rdl', 'loc': '2.5d_chiplet'},{'from': 'Chiplet_2', 'to': 'Chiplet_4', 'connection_type': '2.5d_rdl', 'loc': '2.5d_chiplet'},{'from': 'Chiplet_2', 'to': 'Chiplet_6', 'connection_type': '2.5d_rdl', 'loc': '2.5d_chiplet'},{'from': 'Chiplet_1', 'to': 'Chiplet_2', 'connection_type': '2.5d_rdl', 'loc': '2.5d_chiplet'},{'from': 'Chiplet_1', 'to': 'Chiplet_4', 'connection_type': '2.5d_rdl', 'loc': '2.5d_chiplet'},{'from': 'Chiplet_1', 'to': 'Chiplet_5', 'connection_type': '2.5d_rdl', 'loc': '2.5d_chiplet'},{'from': 'Chiplet_1', 'to': 'Chiplet_3', 'connection_type': '2.5d_rdl', 'loc': '2.5d_chiplet'},{'from': 'Chiplet_1', 'to': 'Chiplet_6', 'connection_type': '2.5d_rdl', 'loc': '2.5d_chiplet'},{'from': 'Chiplet_5', 'to': 'Chiplet_3', 'connection_type': '2.5d_rdl', 'loc': '2.5d_chiplet'},{'from': 'Chiplet_5', 'to': 'Chiplet_1', 'connection_type': '2.5d_rdl', 'loc': '2.5d_chiplet'},{'from': 'Chiplet_4', 'to': 'Chiplet_2', 'connection_type': '2.5d_rdl', 'loc': '2.5d_chiplet'},{'from': 'Chiplet_4', 'to': 'Chiplet_1', 'connection_type': '2.5d_rdl', 'loc': '2.5d_chiplet'},{'from': 'Chiplet_4', 'to': 'Chiplet_3', 'connection_type': '2.5d_rdl', 'loc': '2.5d_chiplet'},{'from': 'Chiplet_3', 'to': 'Chiplet_1', 'connection_type': '2.5d_rdl', 'loc': '2.5d_chiplet'},{'from': 'Chiplet_3', 'to': 'Chiplet_4', 'connection_type': '2.5d_rdl', 'loc': '2.5d_chiplet'},{'from': 'Chiplet_3', 'to': 'Chiplet_5', 'connection_type': '2.5d_rdl', 'loc': '2.5d_chiplet'}",2,1,1,1,1,2,ddr4,ucie_std,na,1,0,os,0,0,0
306,18.780056112997315,1983269.78,52457.21509830263,2543080392.318811,23996.581875993637,56119.50164721167,306,1.5385781800824634,3.1172648505374996,1024,96x96,10,2.972908090547913,5.538366334949999,2048,128x128,10,2.55521354,4.475,4096,128x128,7,0.743226759447044,1.3845915837374998,512,64x64,10,0.378988,1.11875,256,64x64,7,3.665749090547913,5.538366334949999,4096,128x128,10,2.5d,"{'from': 'Chiplet_6', 'to': 'Chiplet_2', 'connection_type': '2.5d_rdl', 'loc': '2.5d_chiplet'},{'from': 'Chiplet_6', 'to': 'Chiplet_1', 'connection_type': '2.5d_rdl', 'loc': '2.5d_chiplet'},{'from': 'Chiplet_6', 'to': 'Chiplet_4', 'connection_type': '2.5d_rdl', 'loc': '2.5d_chiplet'},{'from': 'Chiplet_6', 'to': 'Chiplet_3', 'connection_type': '2.5d_rdl', 'loc': '2.5d_chiplet'},{'from': 'Chiplet_1', 'to': 'Chiplet_6', 'connection_type': '2.5d_rdl', 'loc': '2.5d_chiplet'},{'from': 'Chiplet_1', 'to': 'Chiplet_4', 'connection_type': '2.5d_rdl', 'loc': '2.5d_chiplet'},{'from': 'Chiplet_4', 'to': 'Chiplet_1', 'connection_type': '2.5d_rdl', 'loc': '2.5d_chiplet'},{'from': 'Chiplet_4', 'to': 'Chiplet_6', 'connection_type': '2.5d_rdl', 'loc': '2.5d_chiplet'},{'from': 'Chiplet_2', 'to': 'Chiplet_3', 'connection_type': '2.5d_rdl', 'loc': '2.5d_chiplet'},{'from': 'Chiplet_2', 'to': 'Chiplet_6', 'connection_type': '2.5d_rdl', 'loc': '2.5d_chiplet'},{'from': 'Chiplet_2', 'to': 'Chiplet_5', 'connection_type': '2.5d_rdl', 'loc': '2.5d_chiplet'},{'from': 'Chiplet_3', 'to': 'Chiplet_2', 'connection_type': '2.5d_rdl', 'loc': '2.5d_chiplet'},{'from': 'Chiplet_3', 'to': 'Chiplet_6', 'connection_type': '2.5d_rdl', 'loc': '2.5d_chiplet'},{'from': 'Chiplet_3', 'to': 'Chiplet_5', 'connection_type': '2.5d_rdl', 'loc': '2.5d_chiplet'},{'from': 'Chiplet_5', 'to': 'Chiplet_3', 'connection_type': '2.5d_rdl', 'loc': '2.5d_chiplet'},{'from': 'Chiplet_5', 'to': 'Chiplet_2', 'connection_type': '2.5d_rdl', 'loc': '2.5d_chiplet'}",1,2,1,1,1,2,ddr4,ucie_std,na,1,0,os,0,0,0
307,11.731258390030487,1618443.92,123554.35464245442,1463868128.8499756,275581.8501189673,116802.48605537864,307,0.743226759447044,1.3845915837374998,512,64x64,10,0.829831759447044,1.3845915837374998,768,64x64,10,1.304342696,2.51875,2048,96x96,7,1.5385781800824634,3.1172648505374996,1024,96x96,10,0.957922696,2.51875,1024,96x96,7,5.656782838920179,6.821646341899999,2048,128x128,14,2.5d_3d,"{'from': 'Chiplet_4', 'to': 'Chiplet_2', 'connection_type': '3d_tsv', 'loc': 'stack0_base'},{'from': 'Chiplet_2', 'to': 'na', 'connection_type': '3d_tsv', 'loc': 'stack0_top'},{'from': 'Chiplet_6', 'to': 'Chiplet_3', 'connection_type': '2.5d_emib', 'loc': '2.5d_chiplet'},{'from': 'Chiplet_6', 'to': 'Chiplet_4', 'connection_type': '2.5d_emib', 'loc': '2.5d_chiplet'},{'from': 'Chiplet_4', 'to': 'Chiplet_3', 'connection_type': '2.5d_emib', 'loc': '2.5d_chiplet'},{'from': 'Chiplet_4', 'to': 'Chiplet_1', 'connection_type': '2.5d_emib', 'loc': '2.5d_chiplet'},{'from': 'Chiplet_4', 'to': 'Chiplet_6', 'connection_type': '2.5d_emib', 'loc': '2.5d_chiplet'},{'from': 'Chiplet_1', 'to': 'Chiplet_4', 'connection_type': '2.5d_emib', 'loc': '2.5d_chiplet'},{'from': 'Chiplet_1', 'to': 'Chiplet_5', 'connection_type': '2.5d_emib', 'loc': '2.5d_chiplet'},{'from': 'Chiplet_3', 'to': 'Chiplet_4', 'connection_type': '2.5d_emib', 'loc': '2.5d_chiplet'},{'from': 'Chiplet_3', 'to': 'Chiplet_6', 'connection_type': '2.5d_emib', 'loc': '2.5d_chiplet'},{'from': 'Chiplet_3', 'to': 'Chiplet_5', 'connection_type': '2.5d_emib', 'loc': '2.5d_chiplet'},{'from': 'Chiplet_5', 'to': 'Chiplet_3', 'connection_type': '2.5d_emib', 'loc': '2.5d_chiplet'},{'from': 'Chiplet_5', 'to': 'Chiplet_1', 'connection_type': '2.5d_emib', 'loc': '2.5d_chiplet'}",1,1,1,1,1,3,ddr4,bow,ucie_3d,0,0,is,1,0,0
308,12.58097917630307,1965256.77,109410.28985895161,714396296.6540852,148236.43480783704,80748.71146074409,308,6.033899457366197,12.973514847541198,2048,192x192,10,0.656621759447044,1.3845915837374998,256,64x64,10,1.5385781800824634,3.1172648505374996,1024,96x96,10,1.304342696,2.51875,2048,96x96,7,1.249405813087535,1.7054115854749998,256,64x64,14,1.5385781800824634,3.1172648505374996,1024,96x96,10,2.5d_3d,"{'from': 'Chiplet_3', 'to': 'Chiplet_5', 'connection_type': '3d_u_bump', 'loc': 'stack0_base'},{'from': 'Chiplet_5', 'to': 'Chiplet_2', 'connection_type': '3d_u_bump', 'loc': 'stack0_middle1'},{'from': 'Chiplet_2', 'to': 'na', 'connection_type': '3d_u_bump', 'loc': 'stack0_top'},{'from': 'Chiplet_1', 'to': 'Chiplet_3', 'connection_type': '2.5d_emib', 'loc': '2.5d_chiplet'},{'from': 'Chiplet_1', 'to': 'Chiplet_6', 'connection_type': '2.5d_emib', 'loc': '2.5d_chiplet'},{'from': 'Chiplet_3', 'to': 'Chiplet_1', 'connection_type': '2.5d_emib', 'loc': '2.5d_chiplet'},{'from': 'Chiplet_3', 'to': 'Chiplet_4', 'connection_type': '2.5d_emib', 'loc': '2.5d_chiplet'},{'from': 'Chiplet_3', 'to': 'Chiplet_6', 'connection_type': '2.5d_emib', 'loc': '2.5d_chiplet'},{'from': 'Chiplet_4', 'to': 'Chiplet_3', 'connection_type': '2.5d_emib', 'loc': '2.5d_chiplet'},{'from': 'Chiplet_4', 'to': 'Chiplet_6', 'connection_type': '2.5d_emib', 'loc': '2.5d_chiplet'},{'from': 'Chiplet_6', 'to': 'Chiplet_3', 'connection_type': '2.5d_emib', 'loc': '2.5d_chiplet'},{'from': 'Chiplet_6', 'to': 'Chiplet_1', 'connection_type': '2.5d_emib', 'loc': '2.5d_chiplet'},{'from': 'Chiplet_6', 'to': 'Chiplet_4', 'connection_type': '2.5d_emib', 'loc': '2.5d_chiplet'}",3,1,1,1,1,1,ddr5,bow,ucie_3d,1,0,ws,1,0,0
309,27.663119869635597,3634017.8,87639.8219170117,486110057.00554705,126648.96202973102,95277.58889280248,309,0.957922696,2.51875,1024,96x96,7,0.784712696,2.51875,512,96x96,7,1.86237254,4.475,2048,128x128,7,3.432469952,10.4826,2048,192x192,7,14.117807839976791,15.979573171754398,6144,192x192,14,0.552198,1.11875,768,64x64,7,2.5d,"{'from': 'Chiplet_5', 'to': 'Chiplet_3', 'connection_type': '2.5d_rdl', 'loc': '2.5d_chiplet'},{'from': 'Chiplet_5', 'to': 'Chiplet_4', 'connection_type': '2.5d_rdl', 'loc': '2.5d_chiplet'},{'from': 'Chiplet_4', 'to': 'Chiplet_3', 'connection_type': '2.5d_rdl', 'loc': '2.5d_chiplet'},{'from': 'Chiplet_4', 'to': 'Chiplet_1', 'connection_type': '2.5d_rdl', 'loc': '2.5d_chiplet'},{'from': 'Chiplet_4', 'to': 'Chiplet_6', 'connection_type': '2.5d_rdl', 'loc': '2.5d_chiplet'},{'from': 'Chiplet_4', 'to': 'Chiplet_5', 'connection_type': '2.5d_rdl', 'loc': '2.5d_chiplet'},{'from': 'Chiplet_6', 'to': 'Chiplet_1', 'connection_type': '2.5d_rdl', 'loc': '2.5d_chiplet'},{'from': 'Chiplet_6', 'to': 'Chiplet_4', 'connection_type': '2.5d_rdl', 'loc': '2.5d_chiplet'},{'from': 'Chiplet_3', 'to': 'Chiplet_2', 'connection_type': '2.5d_rdl', 'loc': '2.5d_chiplet'},{'from': 'Chiplet_3', 'to': 'Chiplet_1', 'connection_type': '2.5d_rdl', 'loc': '2.5d_chiplet'},{'from': 'Chiplet_3', 'to': 'Chiplet_4', 'connection_type': '2.5d_rdl', 'loc': '2.5d_chiplet'},{'from': 'Chiplet_3', 'to': 'Chiplet_5', 'connection_type': '2.5d_rdl', 'loc': '2.5d_chiplet'},{'from': 'Chiplet_1', 'to': 'Chiplet_3', 'connection_type': '2.5d_rdl', 'loc': '2.5d_chiplet'},{'from': 'Chiplet_1', 'to': 'Chiplet_6', 'connection_type': '2.5d_rdl', 'loc': '2.5d_chiplet'},{'from': 'Chiplet_1', 'to': 'Chiplet_4', 'connection_type': '2.5d_rdl', 'loc': '2.5d_chiplet'},{'from': 'Chiplet_1', 'to': 'Chiplet_2', 'connection_type': '2.5d_rdl', 'loc': '2.5d_chiplet'},{'from': 'Chiplet_2', 'to': 'Chiplet_3', 'connection_type': '2.5d_rdl', 'loc': '2.5d_chiplet'},{'from': 'Chiplet_2', 'to': 'Chiplet_1', 'connection_type': '2.5d_rdl', 'loc': '2.5d_chiplet'}",1,1,1,2,10,1,hbm2,ucie_std,na,0,0,os,1,0,0
310,26.436778798083594,3382547.96,136313.46568898959,1115916141.4546762,96690.60665978417,83708.20030186922,310,12.799492673176792,15.979573171754398,4096,192x192,14,2.972908090547913,5.538366334949999,2048,128x128,10,3.2571509657793953,3.8395579270749995,1536,96x96,14,1.304342696,2.51875,2048,96x96,7,2.927572174079395,3.8395579270749995,1024,96x96,14,3.2571509657793953,3.8395579270749995,1536,96x96,14,2.5d_3d,"{'from': 'Chiplet_6', 'to': 'Chiplet_5', 'connection_type': '3d_u_bump', 'loc': 'stack0_base'},{'from': 'Chiplet_5', 'to': 'Chiplet_4', 'connection_type': '3d_u_bump', 'loc': 'stack0_middle1'},{'from': 'Chiplet_4', 'to': 'na', 'connection_type': '3d_u_bump', 'loc': 'stack0_top'},{'from': 'Chiplet_1', 'to': 'Chiplet_3', 'connection_type': '2.5d_emib', 'loc': '2.5d_chiplet'},{'from': 'Chiplet_1', 'to': 'Chiplet_6', 'connection_type': '2.5d_emib', 'loc': '2.5d_chiplet'},{'from': 'Chiplet_3', 'to': 'Chiplet_2', 'connection_type': '2.5d_emib', 'loc': '2.5d_chiplet'},{'from': 'Chiplet_3', 'to': 'Chiplet_1', 'connection_type': '2.5d_emib', 'loc': '2.5d_chiplet'},{'from': 'Chiplet_3', 'to': 'Chiplet_6', 'connection_type': '2.5d_emib', 'loc': '2.5d_chiplet'},{'from': 'Chiplet_2', 'to': 'Chiplet_3', 'connection_type': '2.5d_emib', 'loc': '2.5d_chiplet'},{'from': 'Chiplet_2', 'to': 'Chiplet_6', 'connection_type': '2.5d_emib', 'loc': '2.5d_chiplet'},{'from': 'Chiplet_6', 'to': 'Chiplet_3', 'connection_type': '2.5d_emib', 'loc': '2.5d_chiplet'},{'from': 'Chiplet_6', 'to': 'Chiplet_1', 'connection_type': '2.5d_emib', 'loc': '2.5d_chiplet'},{'from': 'Chiplet_6', 'to': 'Chiplet_2', 'connection_type': '2.5d_emib', 'loc': '2.5d_chiplet'}",3,1,1,1,1,1,ddr4,ucie_adv,ucie_3d,0,0,os,1,0,0
311,20.980965156597872,3111503.48,147731.5836539789,847036907.9728916,88913.98055214967,63944.9731405066,311,4.818150952,10.4826,6144,192x192,7,2.972908090547913,5.538366334949999,2048,128x128,10,4.9976252555201786,6.821646341899999,1024,128x128,14,1.304342696,2.51875,2048,96x96,7,0.638803,1.11875,1024,64x64,7,1.8849981800824636,3.1172648505374996,2048,96x96,10,2.5d_3d,"{'from': 'Chiplet_2', 'to': 'Chiplet_6', 'connection_type': '3d_hyb_bond', 'loc': 'stack0_base'},{'from': 'Chiplet_6', 'to': 'na', 'connection_type': '3d_hyb_bond', 'loc': 'stack0_top'},{'from': 'Chiplet_3', 'to': 'Chiplet_1', 'connection_type': '2.5d_emib', 'loc': '2.5d_chiplet'},{'from': 'Chiplet_3', 'to': 'Chiplet_4', 'connection_type': '2.5d_emib', 'loc': '2.5d_chiplet'},{'from': 'Chiplet_3', 'to': 'Chiplet_5', 'connection_type': '2.5d_emib', 'loc': '2.5d_chiplet'},{'from': 'Chiplet_4', 'to': 'Chiplet_3', 'connection_type': '2.5d_emib', 'loc': '2.5d_chiplet'},{'from': 'Chiplet_4', 'to': 'Chiplet_5', 'connection_type': '2.5d_emib', 'loc': '2.5d_chiplet'},{'from': 'Chiplet_5', 'to': 'Chiplet_2', 'connection_type': '2.5d_emib', 'loc': '2.5d_chiplet'},{'from': 'Chiplet_5', 'to': 'Chiplet_4', 'connection_type': '2.5d_emib', 'loc': '2.5d_chiplet'},{'from': 'Chiplet_5', 'to': 'Chiplet_3', 'connection_type': '2.5d_emib', 'loc': '2.5d_chiplet'},{'from': 'Chiplet_1', 'to': 'Chiplet_3', 'connection_type': '2.5d_emib', 'loc': '2.5d_chiplet'},{'from': 'Chiplet_1', 'to': 'Chiplet_2', 'connection_type': '2.5d_emib', 'loc': '2.5d_chiplet'},{'from': 'Chiplet_2', 'to': 'Chiplet_1', 'connection_type': '2.5d_emib', 'loc': '2.5d_chiplet'},{'from': 'Chiplet_2', 'to': 'Chiplet_5', 'connection_type': '2.5d_emib', 'loc': '2.5d_chiplet'}",2,1,2,1,1,1,ddr5,ucie_adv,ucie_3d,0,0,ws,1,0,0
312,30.362707505463455,3569011.66,82469.36362361893,454730581.3428914,126345.7303561362,94813.7450615259,312,2.927572174079395,3.8395579270749995,1024,96x96,14,3.432469952,10.4826,2048,192x192,7,12.799492673176792,15.979573171754398,4096,192x192,14,2.927572174079395,3.8395579270749995,1024,96x96,14,1.743774000637535,1.7054115854749998,1024,64x64,14,0.829831759447044,1.3845915837374998,768,64x64,10,2.5d,"{'from': 'Chiplet_3', 'to': 'Chiplet_2', 'connection_type': '2.5d_rdl', 'loc': '2.5d_chiplet'},{'from': 'Chiplet_3', 'to': 'Chiplet_1', 'connection_type': '2.5d_rdl', 'loc': '2.5d_chiplet'},{'from': 'Chiplet_2', 'to': 'Chiplet_1', 'connection_type': '2.5d_rdl', 'loc': '2.5d_chiplet'},{'from': 'Chiplet_2', 'to': 'Chiplet_4', 'connection_type': '2.5d_rdl', 'loc': '2.5d_chiplet'},{'from': 'Chiplet_2', 'to': 'Chiplet_5', 'connection_type': '2.5d_rdl', 'loc': '2.5d_chiplet'},{'from': 'Chiplet_2', 'to': 'Chiplet_3', 'connection_type': '2.5d_rdl', 'loc': '2.5d_chiplet'},{'from': 'Chiplet_2', 'to': 'Chiplet_6', 'connection_type': '2.5d_rdl', 'loc': '2.5d_chiplet'},{'from': 'Chiplet_5', 'to': 'Chiplet_2', 'connection_type': '2.5d_rdl', 'loc': '2.5d_chiplet'},{'from': 'Chiplet_5', 'to': 'Chiplet_6', 'connection_type': '2.5d_rdl', 'loc': '2.5d_chiplet'},{'from': 'Chiplet_6', 'to': 'Chiplet_2', 'connection_type': '2.5d_rdl', 'loc': '2.5d_chiplet'},{'from': 'Chiplet_6', 'to': 'Chiplet_5', 'connection_type': '2.5d_rdl', 'loc': '2.5d_chiplet'},{'from': 'Chiplet_1', 'to': 'Chiplet_3', 'connection_type': '2.5d_rdl', 'loc': '2.5d_chiplet'},{'from': 'Chiplet_1', 'to': 'Chiplet_4', 'connection_type': '2.5d_rdl', 'loc': '2.5d_chiplet'},{'from': 'Chiplet_1', 'to': 'Chiplet_2', 'connection_type': '2.5d_rdl', 'loc': '2.5d_chiplet'},{'from': 'Chiplet_4', 'to': 'Chiplet_2', 'connection_type': '2.5d_rdl', 'loc': '2.5d_chiplet'},{'from': 'Chiplet_4', 'to': 'Chiplet_1', 'connection_type': '2.5d_rdl', 'loc': '2.5d_chiplet'}",2,2,8,2,1,1,hbm2,ucie_std,na,1,0,is,1,0,0
313,34.22796813998516,4422436.98,189115.88724076614,576935822.1049235,14624.380603096984,20461.961716253674,313,15.436124909546791,15.979573171754398,8192,192x192,14,4.818150952,10.4826,6144,192x192,7,3.5867297574793953,3.8395579270749995,2048,96x96,14,0.638803,1.11875,1024,64x64,7,0.829831759447044,1.3845915837374998,768,64x64,10,2.927572174079395,3.8395579270749995,1024,96x96,14,2.5d,"{'from': 'Chiplet_1', 'to': 'Chiplet_2', 'connection_type': '2.5d_emib', 'loc': '2.5d_chiplet'},{'from': 'Chiplet_1', 'to': 'Chiplet_3', 'connection_type': '2.5d_emib', 'loc': '2.5d_chiplet'},{'from': 'Chiplet_2', 'to': 'Chiplet_1', 'connection_type': '2.5d_emib', 'loc': '2.5d_chiplet'},{'from': 'Chiplet_2', 'to': 'Chiplet_4', 'connection_type': '2.5d_emib', 'loc': '2.5d_chiplet'},{'from': 'Chiplet_2', 'to': 'Chiplet_5', 'connection_type': '2.5d_emib', 'loc': '2.5d_chiplet'},{'from': 'Chiplet_2', 'to': 'Chiplet_3', 'connection_type': '2.5d_emib', 'loc': '2.5d_chiplet'},{'from': 'Chiplet_2', 'to': 'Chiplet_6', 'connection_type': '2.5d_emib', 'loc': '2.5d_chiplet'},{'from': 'Chiplet_5', 'to': 'Chiplet_2', 'connection_type': '2.5d_emib', 'loc': '2.5d_chiplet'},{'from': 'Chiplet_5', 'to': 'Chiplet_4', 'connection_type': '2.5d_emib', 'loc': '2.5d_chiplet'},{'from': 'Chiplet_4', 'to': 'Chiplet_2', 'connection_type': '2.5d_emib', 'loc': '2.5d_chiplet'},{'from': 'Chiplet_4', 'to': 'Chiplet_5', 'connection_type': '2.5d_emib', 'loc': '2.5d_chiplet'},{'from': 'Chiplet_3', 'to': 'Chiplet_2', 'connection_type': '2.5d_emib', 'loc': '2.5d_chiplet'},{'from': 'Chiplet_3', 'to': 'Chiplet_1', 'connection_type': '2.5d_emib', 'loc': '2.5d_chiplet'},{'from': 'Chiplet_3', 'to': 'Chiplet_6', 'connection_type': '2.5d_emib', 'loc': '2.5d_chiplet'},{'from': 'Chiplet_6', 'to': 'Chiplet_3', 'connection_type': '2.5d_emib', 'loc': '2.5d_chiplet'},{'from': 'Chiplet_6', 'to': 'Chiplet_2', 'connection_type': '2.5d_emib', 'loc': '2.5d_chiplet'}",9,2,2,1,1,1,hbm3,ucie_adv,na,1,0,os,0,0,0
314,12.15089132037232,2143106.07,49194.2535194867,457840829.65872586,35854.28571428571,22176.34042757413,314,2.927572174079395,3.8395579270749995,1024,96x96,14,1.8849981800824636,3.1172648505374996,2048,96x96,10,3.665749090547913,5.538366334949999,4096,128x128,10,1.51595254,4.475,1024,128x128,7,0.916436759447044,1.3845915837374998,1024,64x64,10,0.784712696,2.51875,512,96x96,7,2.5d_3d,"{'from': 'Chiplet_4', 'to': 'Chiplet_5', 'connection_type': '3d_u_bump', 'loc': 'stack0_base'},{'from': 'Chiplet_5', 'to': 'Chiplet_6', 'connection_type': '3d_u_bump', 'loc': 'stack0_middle1'},{'from': 'Chiplet_6', 'to': 'na', 'connection_type': '3d_u_bump', 'loc': 'stack0_top'},{'from': 'Chiplet_3', 'to': 'Chiplet_2', 'connection_type': '2.5d_rdl', 'loc': '2.5d_chiplet'},{'from': 'Chiplet_3', 'to': 'Chiplet_1', 'connection_type': '2.5d_rdl', 'loc': '2.5d_chiplet'},{'from': 'Chiplet_3', 'to': 'Chiplet_4', 'connection_type': '2.5d_rdl', 'loc': '2.5d_chiplet'},{'from': 'Chiplet_4', 'to': 'Chiplet_2', 'connection_type': '2.5d_rdl', 'loc': '2.5d_chiplet'},{'from': 'Chiplet_4', 'to': 'Chiplet_3', 'connection_type': '2.5d_rdl', 'loc': '2.5d_chiplet'},{'from': 'Chiplet_1', 'to': 'Chiplet_3', 'connection_type': '2.5d_rdl', 'loc': '2.5d_chiplet'},{'from': 'Chiplet_1', 'to': 'Chiplet_2', 'connection_type': '2.5d_rdl', 'loc': '2.5d_chiplet'},{'from': 'Chiplet_2', 'to': 'Chiplet_3', 'connection_type': '2.5d_rdl', 'loc': '2.5d_chiplet'},{'from': 'Chiplet_2', 'to': 'Chiplet_1', 'connection_type': '2.5d_rdl', 'loc': '2.5d_chiplet'},{'from': 'Chiplet_2', 'to': 'Chiplet_4', 'connection_type': '2.5d_rdl', 'loc': '2.5d_chiplet'}",4,3,5,2,1,1,hbm3,ucie_std,ucie_3d,1,0,is,0,0,0
315,12.460805192542226,2110618.52,108241.45294284383,457438307.7932881,17407.05134474328,14283.588957179038,315,1.249405813087535,1.7054115854749998,256,64x64,14,2.55521354,4.475,4096,128x128,7,0.784712696,2.51875,512,96x96,7,1.578984604787535,1.7054115854749998,768,64x64,14,0.552198,1.11875,768,64x64,7,4.9976252555201786,6.821646341899999,1024,128x128,14,2.5d_3d,"{'from': 'Chiplet_2', 'to': 'Chiplet_4', 'connection_type': '3d_u_bump', 'loc': 'stack0_base'},{'from': 'Chiplet_4', 'to': 'Chiplet_5', 'connection_type': '3d_u_bump', 'loc': 'stack0_middle1'},{'from': 'Chiplet_5', 'to': 'na', 'connection_type': '3d_u_bump', 'loc': 'stack0_top'},{'from': 'Chiplet_6', 'to': 'Chiplet_2', 'connection_type': '2.5d_emib', 'loc': '2.5d_chiplet'},{'from': 'Chiplet_6', 'to': 'Chiplet_1', 'connection_type': '2.5d_emib', 'loc': '2.5d_chiplet'},{'from': 'Chiplet_2', 'to': 'Chiplet_3', 'connection_type': '2.5d_emib', 'loc': '2.5d_chiplet'},{'from': 'Chiplet_2', 'to': 'Chiplet_1', 'connection_type': '2.5d_emib', 'loc': '2.5d_chiplet'},{'from': 'Chiplet_2', 'to': 'Chiplet_6', 'connection_type': '2.5d_emib', 'loc': '2.5d_chiplet'},{'from': 'Chiplet_1', 'to': 'Chiplet_3', 'connection_type': '2.5d_emib', 'loc': '2.5d_chiplet'},{'from': 'Chiplet_1', 'to': 'Chiplet_6', 'connection_type': '2.5d_emib', 'loc': '2.5d_chiplet'},{'from': 'Chiplet_1', 'to': 'Chiplet_2', 'connection_type': '2.5d_emib', 'loc': '2.5d_chiplet'},{'from': 'Chiplet_3', 'to': 'Chiplet_2', 'connection_type': '2.5d_emib', 'loc': '2.5d_chiplet'},{'from': 'Chiplet_3', 'to': 'Chiplet_1', 'connection_type': '2.5d_emib', 'loc': '2.5d_chiplet'}",2,3,1,2,1,7,hbm3,ucie_adv,ucie_3d,0,0,os,0,0,0
316,29.866610450344854,3632307.32,79512.5211654451,433324249.3489881,26062.843137254906,23762.835480038535,316,1.131132696,2.51875,1536,96x96,7,1.249405813087535,1.7054115854749998,256,64x64,14,7.419580457366196,12.973514847541198,6144,192x192,10,6.315940422320179,6.821646341899999,3072,128x128,14,1.86237254,4.475,2048,128x128,7,2.20879254,4.475,3072,128x128,7,2.5d,"{'from': 'Chiplet_3', 'to': 'Chiplet_6', 'connection_type': '2.5d_rdl', 'loc': '2.5d_chiplet'},{'from': 'Chiplet_3', 'to': 'Chiplet_4', 'connection_type': '2.5d_rdl', 'loc': '2.5d_chiplet'},{'from': 'Chiplet_3', 'to': 'Chiplet_1', 'connection_type': '2.5d_rdl', 'loc': '2.5d_chiplet'},{'from': 'Chiplet_3', 'to': 'Chiplet_5', 'connection_type': '2.5d_rdl', 'loc': '2.5d_chiplet'},{'from': 'Chiplet_5', 'to': 'Chiplet_3', 'connection_type': '2.5d_rdl', 'loc': '2.5d_chiplet'},{'from': 'Chiplet_5', 'to': 'Chiplet_1', 'connection_type': '2.5d_rdl', 'loc': '2.5d_chiplet'},{'from': 'Chiplet_1', 'to': 'Chiplet_3', 'connection_type': '2.5d_rdl', 'loc': '2.5d_chiplet'},{'from': 'Chiplet_1', 'to': 'Chiplet_5', 'connection_type': '2.5d_rdl', 'loc': '2.5d_chiplet'},{'from': 'Chiplet_4', 'to': 'Chiplet_3', 'connection_type': '2.5d_rdl', 'loc': '2.5d_chiplet'},{'from': 'Chiplet_4', 'to': 'Chiplet_6', 'connection_type': '2.5d_rdl', 'loc': '2.5d_chiplet'},{'from': 'Chiplet_4', 'to': 'Chiplet_2', 'connection_type': '2.5d_rdl', 'loc': '2.5d_chiplet'},{'from': 'Chiplet_6', 'to': 'Chiplet_3', 'connection_type': '2.5d_rdl', 'loc': '2.5d_chiplet'},{'from': 'Chiplet_6', 'to': 'Chiplet_4', 'connection_type': '2.5d_rdl', 'loc': '2.5d_chiplet'},{'from': 'Chiplet_6', 'to': 'Chiplet_2', 'connection_type': '2.5d_rdl', 'loc': '2.5d_chiplet'},{'from': 'Chiplet_2', 'to': 'Chiplet_4', 'connection_type': '2.5d_rdl', 'loc': '2.5d_chiplet'},{'from': 'Chiplet_2', 'to': 'Chiplet_6', 'connection_type': '2.5d_rdl', 'loc': '2.5d_chiplet'}",1,1,6,5,1,2,hbm3,ucie_std,na,1,0,os,0,0,0
317,14.832293497732925,3772517.72,123290.52076758366,571250379.3317217,21045.0,23582.152674506808,317,3.665749090547913,5.538366334949999,4096,128x128,10,1.86237254,4.475,2048,128x128,7,5.5109919519999995,10.4826,8192,192x192,7,0.552198,1.11875,768,64x64,7,3.432469952,10.4826,2048,192x192,7,1.578984604787535,1.7054115854749998,768,64x64,14,2.5d_3d,"{'from': 'Chiplet_5', 'to': 'Chiplet_2', 'connection_type': '3d_u_bump', 'loc': 'stack0_base'},{'from': 'Chiplet_2', 'to': 'Chiplet_6', 'connection_type': '3d_u_bump', 'loc': 'stack0_middle1'},{'from': 'Chiplet_6', 'to': 'Chiplet_4', 'connection_type': '3d_u_bump', 'loc': 'stack0_middle2'},{'from': 'Chiplet_4', 'to': 'na', 'connection_type': '3d_u_bump', 'loc': 'stack0_top'},{'from': 'Chiplet_3', 'to': 'Chiplet_1', 'connection_type': '2.5d_emib', 'loc': '2.5d_chiplet'},{'from': 'Chiplet_3', 'to': 'Chiplet_5', 'connection_type': '2.5d_emib', 'loc': '2.5d_chiplet'},{'from': 'Chiplet_1', 'to': 'Chiplet_3', 'connection_type': '2.5d_emib', 'loc': '2.5d_chiplet'},{'from': 'Chiplet_1', 'to': 'Chiplet_5', 'connection_type': '2.5d_emib', 'loc': '2.5d_chiplet'},{'from': 'Chiplet_5', 'to': 'Chiplet_3', 'connection_type': '2.5d_emib', 'loc': '2.5d_chiplet'},{'from': 'Chiplet_5', 'to': 'Chiplet_1', 'connection_type': '2.5d_emib', 'loc': '2.5d_chiplet'}",4,2,5,1,3,1,hbm2,ucie_adv,ucie_3d,0,0,is,0,0,0
318,36.98558162532074,4056374.75,193395.25699173618,1202211305.2847085,29206.176470588234,45427.74556582159,318,1.7117881800824635,3.1172648505374996,1536,96x96,10,3.2571509657793953,3.8395579270749995,1536,96x96,14,4.818150952,10.4826,6144,192x192,7,1.51595254,4.475,1024,128x128,7,14.117807839976791,15.979573171754398,6144,192x192,14,2.6264880905479133,5.538366334949999,1024,128x128,10,2.5d,"{'from': 'Chiplet_5', 'to': 'Chiplet_3', 'connection_type': '2.5d_emib', 'loc': '2.5d_chiplet'},{'from': 'Chiplet_5', 'to': 'Chiplet_2', 'connection_type': '2.5d_emib', 'loc': '2.5d_chiplet'},{'from': 'Chiplet_3', 'to': 'Chiplet_2', 'connection_type': '2.5d_emib', 'loc': '2.5d_chiplet'},{'from': 'Chiplet_3', 'to': 'Chiplet_1', 'connection_type': '2.5d_emib', 'loc': '2.5d_chiplet'},{'from': 'Chiplet_3', 'to': 'Chiplet_6', 'connection_type': '2.5d_emib', 'loc': '2.5d_chiplet'},{'from': 'Chiplet_3', 'to': 'Chiplet_5', 'connection_type': '2.5d_emib', 'loc': '2.5d_chiplet'},{'from': 'Chiplet_1', 'to': 'Chiplet_3', 'connection_type': '2.5d_emib', 'loc': '2.5d_chiplet'},{'from': 'Chiplet_1', 'to': 'Chiplet_6', 'connection_type': '2.5d_emib', 'loc': '2.5d_chiplet'},{'from': 'Chiplet_2', 'to': 'Chiplet_3', 'connection_type': '2.5d_emib', 'loc': '2.5d_chiplet'},{'from': 'Chiplet_2', 'to': 'Chiplet_4', 'connection_type': '2.5d_emib', 'loc': '2.5d_chiplet'},{'from': 'Chiplet_2', 'to': 'Chiplet_6', 'connection_type': '2.5d_emib', 'loc': '2.5d_chiplet'},{'from': 'Chiplet_2', 'to': 'Chiplet_5', 'connection_type': '2.5d_emib', 'loc': '2.5d_chiplet'},{'from': 'Chiplet_6', 'to': 'Chiplet_2', 'connection_type': '2.5d_emib', 'loc': '2.5d_chiplet'},{'from': 'Chiplet_6', 'to': 'Chiplet_1', 'connection_type': '2.5d_emib', 'loc': '2.5d_chiplet'},{'from': 'Chiplet_6', 'to': 'Chiplet_4', 'connection_type': '2.5d_emib', 'loc': '2.5d_chiplet'},{'from': 'Chiplet_6', 'to': 'Chiplet_3', 'connection_type': '2.5d_emib', 'loc': '2.5d_chiplet'},{'from': 'Chiplet_4', 'to': 'Chiplet_2', 'connection_type': '2.5d_emib', 'loc': '2.5d_chiplet'},{'from': 'Chiplet_4', 'to': 'Chiplet_6', 'connection_type': '2.5d_emib', 'loc': '2.5d_chiplet'}",1,1,1,1,3,1,ddr5,aib,na,1,0,is,0,0,0
319,22.284862340985857,2013435.67,52336.93571706881,1471370310.991912,375691.95686873305,187386.81474541896,319,3.665749090547913,5.538366334949999,4096,128x128,10,0.957922696,2.51875,1024,96x96,7,4.9976252555201786,6.821646341899999,1024,128x128,14,1.7117881800824635,3.1172648505374996,1536,96x96,10,0.656621759447044,1.3845915837374998,256,64x64,10,2.597993382379395,3.8395579270749995,512,96x96,14,2.5d,"{'from': 'Chiplet_3', 'to': 'Chiplet_1', 'connection_type': '2.5d_rdl', 'loc': '2.5d_chiplet'},{'from': 'Chiplet_3', 'to': 'Chiplet_6', 'connection_type': '2.5d_rdl', 'loc': '2.5d_chiplet'},{'from': 'Chiplet_3', 'to': 'Chiplet_4', 'connection_type': '2.5d_rdl', 'loc': '2.5d_chiplet'},{'from': 'Chiplet_3', 'to': 'Chiplet_5', 'connection_type': '2.5d_rdl', 'loc': '2.5d_chiplet'},{'from': 'Chiplet_4', 'to': 'Chiplet_3', 'connection_type': '2.5d_rdl', 'loc': '2.5d_chiplet'},{'from': 'Chiplet_4', 'to': 'Chiplet_5', 'connection_type': '2.5d_rdl', 'loc': '2.5d_chiplet'},{'from': 'Chiplet_5', 'to': 'Chiplet_3', 'connection_type': '2.5d_rdl', 'loc': '2.5d_chiplet'},{'from': 'Chiplet_5', 'to': 'Chiplet_4', 'connection_type': '2.5d_rdl', 'loc': '2.5d_chiplet'},{'from': 'Chiplet_1', 'to': 'Chiplet_3', 'connection_type': '2.5d_rdl', 'loc': '2.5d_chiplet'},{'from': 'Chiplet_1', 'to': 'Chiplet_6', 'connection_type': '2.5d_rdl', 'loc': '2.5d_chiplet'},{'from': 'Chiplet_1', 'to': 'Chiplet_2', 'connection_type': '2.5d_rdl', 'loc': '2.5d_chiplet'},{'from': 'Chiplet_6', 'to': 'Chiplet_3', 'connection_type': '2.5d_rdl', 'loc': '2.5d_chiplet'},{'from': 'Chiplet_6', 'to': 'Chiplet_1', 'connection_type': '2.5d_rdl', 'loc': '2.5d_chiplet'},{'from': 'Chiplet_6', 'to': 'Chiplet_2', 'connection_type': '2.5d_rdl', 'loc': '2.5d_chiplet'},{'from': 'Chiplet_2', 'to': 'Chiplet_1', 'connection_type': '2.5d_rdl', 'loc': '2.5d_chiplet'},{'from': 'Chiplet_2', 'to': 'Chiplet_6', 'connection_type': '2.5d_rdl', 'loc': '2.5d_chiplet'}",2,1,2,1,1,1,ddr4,ucie_std,na,0,0,is,1,0,0
320,8.26584989836627,1599724.06,42742.627127318076,412203165.27827686,157213.95335084273,58590.69101530714,320,1.743774000637535,1.7054115854749998,1024,64x64,14,2.927572174079395,3.8395579270749995,1024,96x96,14,0.829831759447044,1.3845915837374998,768,64x64,10,0.957922696,2.51875,1024,96x96,7,0.829831759447044,1.3845915837374998,768,64x64,10,4.9976252555201786,6.821646341899999,1024,128x128,14,2.5d_3d,"{'from': 'Chiplet_6', 'to': 'Chiplet_2', 'connection_type': '3d_tsv', 'loc': 'stack0_base'},{'from': 'Chiplet_2', 'to': 'Chiplet_4', 'connection_type': '3d_tsv', 'loc': 'stack0_middle1'},{'from': 'Chiplet_4', 'to': 'Chiplet_5', 'connection_type': '3d_tsv', 'loc': 'stack0_middle2'},{'from': 'Chiplet_5', 'to': 'Chiplet_3', 'connection_type': '3d_tsv', 'loc': 'stack0_middle3'},{'from': 'Chiplet_3', 'to': 'na', 'connection_type': '3d_tsv', 'loc': 'stack0_top'},{'from': 'Chiplet_6', 'to': 'Chiplet_1', 'connection_type': '2.5d_rdl', 'loc': '2.5d_chiplet'},{'from': 'Chiplet_1', 'to': 'Chiplet_6', 'connection_type': '2.5d_rdl', 'loc': '2.5d_chiplet'}",2,4,1,1,1,7,hbm2,ucie_std,ucie_3d,1,0,os,1,0,0
321,36.052881089336815,4553856.68,102671.17006564414,576144144.3341525,27089.73863973864,31279.50050206583,321,2.20879254,4.475,3072,128x128,7,14.117807839976791,15.979573171754398,6144,192x192,14,0.552198,1.11875,768,64x64,7,1.51595254,4.475,1024,128x128,7,8.112421457366196,12.973514847541198,8192,192x192,10,1.131132696,2.51875,1536,96x96,7,2.5d,"{'from': 'Chiplet_2', 'to': 'Chiplet_3', 'connection_type': '2.5d_rdl', 'loc': '2.5d_chiplet'},{'from': 'Chiplet_2', 'to': 'Chiplet_1', 'connection_type': '2.5d_rdl', 'loc': '2.5d_chiplet'},{'from': 'Chiplet_2', 'to': 'Chiplet_5', 'connection_type': '2.5d_rdl', 'loc': '2.5d_chiplet'},{'from': 'Chiplet_5', 'to': 'Chiplet_2', 'connection_type': '2.5d_rdl', 'loc': '2.5d_chiplet'},{'from': 'Chiplet_5', 'to': 'Chiplet_1', 'connection_type': '2.5d_rdl', 'loc': '2.5d_chiplet'},{'from': 'Chiplet_5', 'to': 'Chiplet_4', 'connection_type': '2.5d_rdl', 'loc': '2.5d_chiplet'},{'from': 'Chiplet_1', 'to': 'Chiplet_2', 'connection_type': '2.5d_rdl', 'loc': '2.5d_chiplet'},{'from': 'Chiplet_1', 'to': 'Chiplet_4', 'connection_type': '2.5d_rdl', 'loc': '2.5d_chiplet'},{'from': 'Chiplet_1', 'to': 'Chiplet_5', 'connection_type': '2.5d_rdl', 'loc': '2.5d_chiplet'},{'from': 'Chiplet_1', 'to': 'Chiplet_3', 'connection_type': '2.5d_rdl', 'loc': '2.5d_chiplet'},{'from': 'Chiplet_1', 'to': 'Chiplet_6', 'connection_type': '2.5d_rdl', 'loc': '2.5d_chiplet'},{'from': 'Chiplet_3', 'to': 'Chiplet_2', 'connection_type': '2.5d_rdl', 'loc': '2.5d_chiplet'},{'from': 'Chiplet_3', 'to': 'Chiplet_1', 'connection_type': '2.5d_rdl', 'loc': '2.5d_chiplet'},{'from': 'Chiplet_4', 'to': 'Chiplet_1', 'connection_type': '2.5d_rdl', 'loc': '2.5d_chiplet'},{'from': 'Chiplet_4', 'to': 'Chiplet_6', 'connection_type': '2.5d_rdl', 'loc': '2.5d_chiplet'},{'from': 'Chiplet_4', 'to': 'Chiplet_5', 'connection_type': '2.5d_rdl', 'loc': '2.5d_chiplet'},{'from': 'Chiplet_6', 'to': 'Chiplet_1', 'connection_type': '2.5d_rdl', 'loc': '2.5d_chiplet'},{'from': 'Chiplet_6', 'to': 'Chiplet_4', 'connection_type': '2.5d_rdl', 'loc': '2.5d_chiplet'}",1,8,1,1,4,1,hbm3,ucie_std,na,0,0,is,0,0,0
322,24.672486603087627,2954732.04,173121.35234288924,783744987.3971119,101366.77650206728,82586.73544538113,322,2.597993382379395,3.8395579270749995,512,96x96,14,2.20879254,4.475,3072,128x128,7,1.3653681800824635,3.1172648505374996,512,96x96,10,1.249405813087535,1.7054115854749998,256,64x64,14,4.1253109519999995,10.4826,4096,192x192,7,6.033899457366197,12.973514847541198,2048,192x192,10,2.5d,"{'from': 'Chiplet_6', 'to': 'Chiplet_2', 'connection_type': '2.5d_emib', 'loc': '2.5d_chiplet'},{'from': 'Chiplet_6', 'to': 'Chiplet_1', 'connection_type': '2.5d_emib', 'loc': '2.5d_chiplet'},{'from': 'Chiplet_6', 'to': 'Chiplet_5', 'connection_type': '2.5d_emib', 'loc': '2.5d_chiplet'},{'from': 'Chiplet_2', 'to': 'Chiplet_1', 'connection_type': '2.5d_emib', 'loc': '2.5d_chiplet'},{'from': 'Chiplet_2', 'to': 'Chiplet_6', 'connection_type': '2.5d_emib', 'loc': '2.5d_chiplet'},{'from': 'Chiplet_5', 'to': 'Chiplet_3', 'connection_type': '2.5d_emib', 'loc': '2.5d_chiplet'},{'from': 'Chiplet_5', 'to': 'Chiplet_1', 'connection_type': '2.5d_emib', 'loc': '2.5d_chiplet'},{'from': 'Chiplet_5', 'to': 'Chiplet_6', 'connection_type': '2.5d_emib', 'loc': '2.5d_chiplet'},{'from': 'Chiplet_1', 'to': 'Chiplet_2', 'connection_type': '2.5d_emib', 'loc': '2.5d_chiplet'},{'from': 'Chiplet_1', 'to': 'Chiplet_4', 'connection_type': '2.5d_emib', 'loc': '2.5d_chiplet'},{'from': 'Chiplet_1', 'to': 'Chiplet_5', 'connection_type': '2.5d_emib', 'loc': '2.5d_chiplet'},{'from': 'Chiplet_1', 'to': 'Chiplet_3', 'connection_type': '2.5d_emib', 'loc': '2.5d_chiplet'},{'from': 'Chiplet_1', 'to': 'Chiplet_6', 'connection_type': '2.5d_emib', 'loc': '2.5d_chiplet'},{'from': 'Chiplet_3', 'to': 'Chiplet_1', 'connection_type': '2.5d_emib', 'loc': '2.5d_chiplet'},{'from': 'Chiplet_3', 'to': 'Chiplet_4', 'connection_type': '2.5d_emib', 'loc': '2.5d_chiplet'},{'from': 'Chiplet_3', 'to': 'Chiplet_5', 'connection_type': '2.5d_emib', 'loc': '2.5d_chiplet'},{'from': 'Chiplet_4', 'to': 'Chiplet_3', 'connection_type': '2.5d_emib', 'loc': '2.5d_chiplet'},{'from': 'Chiplet_4', 'to': 'Chiplet_1', 'connection_type': '2.5d_emib', 'loc': '2.5d_chiplet'}",1,1,1,1,2,2,ddr5,bow,na,0,0,os,1,0,0
323,17.134675567003885,2241230.68,58982.45475149554,1594079942.6229467,30184.901960784315,43291.457786191466,323,0.638803,1.11875,1024,64x64,7,6.975099908490179,6.821646341899999,4096,128x128,14,0.378988,1.11875,256,64x64,7,3.432469952,10.4826,2048,192x192,7,0.957922696,2.51875,1024,96x96,7,1.3653681800824635,3.1172648505374996,512,96x96,10,2.5d_3d,"{'from': 'Chiplet_6', 'to': 'Chiplet_5', 'connection_type': '3d_tsv', 'loc': 'stack0_base'},{'from': 'Chiplet_5', 'to': 'Chiplet_1', 'connection_type': '3d_tsv', 'loc': 'stack0_middle1'},{'from': 'Chiplet_1', 'to': 'Chiplet_3', 'connection_type': '3d_tsv', 'loc': 'stack0_middle2'},{'from': 'Chiplet_3', 'to': 'na', 'connection_type': '3d_tsv', 'loc': 'stack0_top'},{'from': 'Chiplet_2', 'to': 'Chiplet_6', 'connection_type': '2.5d_rdl', 'loc': '2.5d_chiplet'},{'from': 'Chiplet_2', 'to': 'Chiplet_4', 'connection_type': '2.5d_rdl', 'loc': '2.5d_chiplet'},{'from': 'Chiplet_4', 'to': 'Chiplet_2', 'connection_type': '2.5d_rdl', 'loc': '2.5d_chiplet'},{'from': 'Chiplet_4', 'to': 'Chiplet_6', 'connection_type': '2.5d_rdl', 'loc': '2.5d_chiplet'},{'from': 'Chiplet_6', 'to': 'Chiplet_2', 'connection_type': '2.5d_rdl', 'loc': '2.5d_chiplet'},{'from': 'Chiplet_6', 'to': 'Chiplet_4', 'connection_type': '2.5d_rdl', 'loc': '2.5d_chiplet'}",1,3,1,1,1,1,ddr4,ucie_std,ucie_3d,0,0,ws,0,0,0
324,22.45458889645825,3031243.11,81616.37660134338,1318710582.5141082,28339.509803921566,40392.80685278357,324,0.916436759447044,1.3845915837374998,1024,64x64,10,0.829831759447044,1.3845915837374998,768,64x64,10,4.818150952,10.4826,6144,192x192,7,3.665749090547913,5.538366334949999,4096,128x128,10,1.4141952089375351,1.7054115854749998,512,64x64,14,5.5109919519999995,10.4826,8192,192x192,7,2.5d,"{'from': 'Chiplet_6', 'to': 'Chiplet_3', 'connection_type': '2.5d_rdl', 'loc': '2.5d_chiplet'},{'from': 'Chiplet_6', 'to': 'Chiplet_1', 'connection_type': '2.5d_rdl', 'loc': '2.5d_chiplet'},{'from': 'Chiplet_6', 'to': 'Chiplet_4', 'connection_type': '2.5d_rdl', 'loc': '2.5d_chiplet'},{'from': 'Chiplet_6', 'to': 'Chiplet_5', 'connection_type': '2.5d_rdl', 'loc': '2.5d_chiplet'},{'from': 'Chiplet_5', 'to': 'Chiplet_2', 'connection_type': '2.5d_rdl', 'loc': '2.5d_chiplet'},{'from': 'Chiplet_5', 'to': 'Chiplet_1', 'connection_type': '2.5d_rdl', 'loc': '2.5d_chiplet'},{'from': 'Chiplet_5', 'to': 'Chiplet_6', 'connection_type': '2.5d_rdl', 'loc': '2.5d_chiplet'},{'from': 'Chiplet_1', 'to': 'Chiplet_2', 'connection_type': '2.5d_rdl', 'loc': '2.5d_chiplet'},{'from': 'Chiplet_1', 'to': 'Chiplet_6', 'connection_type': '2.5d_rdl', 'loc': '2.5d_chiplet'},{'from': 'Chiplet_1', 'to': 'Chiplet_5', 'connection_type': '2.5d_rdl', 'loc': '2.5d_chiplet'},{'from': 'Chiplet_2', 'to': 'Chiplet_1', 'connection_type': '2.5d_rdl', 'loc': '2.5d_chiplet'},{'from': 'Chiplet_2', 'to': 'Chiplet_5', 'connection_type': '2.5d_rdl', 'loc': '2.5d_chiplet'},{'from': 'Chiplet_3', 'to': 'Chiplet_4', 'connection_type': '2.5d_rdl', 'loc': '2.5d_chiplet'},{'from': 'Chiplet_3', 'to': 'Chiplet_6', 'connection_type': '2.5d_rdl', 'loc': '2.5d_chiplet'},{'from': 'Chiplet_4', 'to': 'Chiplet_3', 'connection_type': '2.5d_rdl', 'loc': '2.5d_chiplet'},{'from': 'Chiplet_4', 'to': 'Chiplet_6', 'connection_type': '2.5d_rdl', 'loc': '2.5d_chiplet'}",1,1,2,1,1,2,ddr5,ucie_std,na,0,0,ws,0,0,0
325,17.2055407329453,2376934.62,155557.64791267717,290443631.02419466,182297.33141115,92141.99199514778,325,0.784712696,2.51875,512,96x96,7,1.3653681800824635,3.1172648505374996,512,96x96,10,1.4141952089375351,1.7054115854749998,512,64x64,14,0.378988,1.11875,256,64x64,7,2.20879254,4.475,3072,128x128,7,6.033899457366197,12.973514847541198,2048,192x192,10,2.5d,"{'from': 'Chiplet_6', 'to': 'Chiplet_3', 'connection_type': '2.5d_emib', 'loc': '2.5d_chiplet'},{'from': 'Chiplet_6', 'to': 'Chiplet_5', 'connection_type': '2.5d_emib', 'loc': '2.5d_chiplet'},{'from': 'Chiplet_5', 'to': 'Chiplet_3', 'connection_type': '2.5d_emib', 'loc': '2.5d_chiplet'},{'from': 'Chiplet_5', 'to': 'Chiplet_1', 'connection_type': '2.5d_emib', 'loc': '2.5d_chiplet'},{'from': 'Chiplet_5', 'to': 'Chiplet_6', 'connection_type': '2.5d_emib', 'loc': '2.5d_chiplet'},{'from': 'Chiplet_5', 'to': 'Chiplet_2', 'connection_type': '2.5d_emib', 'loc': '2.5d_chiplet'},{'from': 'Chiplet_1', 'to': 'Chiplet_2', 'connection_type': '2.5d_emib', 'loc': '2.5d_chiplet'},{'from': 'Chiplet_1', 'to': 'Chiplet_5', 'connection_type': '2.5d_emib', 'loc': '2.5d_chiplet'},{'from': 'Chiplet_3', 'to': 'Chiplet_2', 'connection_type': '2.5d_emib', 'loc': '2.5d_chiplet'},{'from': 'Chiplet_3', 'to': 'Chiplet_4', 'connection_type': '2.5d_emib', 'loc': '2.5d_chiplet'},{'from': 'Chiplet_3', 'to': 'Chiplet_6', 'connection_type': '2.5d_emib', 'loc': '2.5d_chiplet'},{'from': 'Chiplet_3', 'to': 'Chiplet_5', 'connection_type': '2.5d_emib', 'loc': '2.5d_chiplet'},{'from': 'Chiplet_2', 'to': 'Chiplet_3', 'connection_type': '2.5d_emib', 'loc': '2.5d_chiplet'},{'from': 'Chiplet_2', 'to': 'Chiplet_1', 'connection_type': '2.5d_emib', 'loc': '2.5d_chiplet'},{'from': 'Chiplet_2', 'to': 'Chiplet_4', 'connection_type': '2.5d_emib', 'loc': '2.5d_chiplet'},{'from': 'Chiplet_2', 'to': 'Chiplet_5', 'connection_type': '2.5d_emib', 'loc': '2.5d_chiplet'},{'from': 'Chiplet_4', 'to': 'Chiplet_3', 'connection_type': '2.5d_emib', 'loc': '2.5d_chiplet'},{'from': 'Chiplet_4', 'to': 'Chiplet_2', 'connection_type': '2.5d_emib', 'loc': '2.5d_chiplet'}",1,1,2,1,3,8,hbm3,aib,na,1,0,ws,1,0,0
326,16.28911463843963,3334840.63,128584.05856383138,509865273.9141264,12755.405405405407,16430.24510158398,326,1.51595254,4.475,1024,128x128,7,0.957922696,2.51875,1024,96x96,7,8.112421457366196,12.973514847541198,8192,192x192,10,1.86237254,4.475,2048,128x128,7,1.7117881800824635,3.1172648505374996,1536,96x96,10,0.957922696,2.51875,1024,96x96,7,2.5d_3d,"{'from': 'Chiplet_5', 'to': 'Chiplet_2', 'connection_type': '3d_hyb_bond', 'loc': 'stack0_base'},{'from': 'Chiplet_2', 'to': 'Chiplet_6', 'connection_type': '3d_hyb_bond', 'loc': 'stack0_middle1'},{'from': 'Chiplet_6', 'to': 'na', 'connection_type': '3d_hyb_bond', 'loc': 'stack0_top'},{'from': 'Chiplet_3', 'to': 'Chiplet_4', 'connection_type': '2.5d_emib', 'loc': '2.5d_chiplet'},{'from': 'Chiplet_3', 'to': 'Chiplet_5', 'connection_type': '2.5d_emib', 'loc': '2.5d_chiplet'},{'from': 'Chiplet_4', 'to': 'Chiplet_3', 'connection_type': '2.5d_emib', 'loc': '2.5d_chiplet'},{'from': 'Chiplet_4', 'to': 'Chiplet_1', 'connection_type': '2.5d_emib', 'loc': '2.5d_chiplet'},{'from': 'Chiplet_4', 'to': 'Chiplet_5', 'connection_type': '2.5d_emib', 'loc': '2.5d_chiplet'},{'from': 'Chiplet_5', 'to': 'Chiplet_3', 'connection_type': '2.5d_emib', 'loc': '2.5d_chiplet'},{'from': 'Chiplet_5', 'to': 'Chiplet_1', 'connection_type': '2.5d_emib', 'loc': '2.5d_chiplet'},{'from': 'Chiplet_5', 'to': 'Chiplet_4', 'connection_type': '2.5d_emib', 'loc': '2.5d_chiplet'},{'from': 'Chiplet_1', 'to': 'Chiplet_4', 'connection_type': '2.5d_emib', 'loc': '2.5d_chiplet'},{'from': 'Chiplet_1', 'to': 'Chiplet_5', 'connection_type': '2.5d_emib', 'loc': '2.5d_chiplet'}",2,1,8,2,2,1,hbm2,bow,ucie_3d,1,0,os,0,0,0
327,21.49473465242827,3261686.25,123565.3849420063,950391491.4754059,55195.606430409665,50629.6525630235,327,0.829831759447044,1.3845915837374998,768,64x64,10,3.665749090547913,5.538366334949999,4096,128x128,10,14.117807839976791,15.979573171754398,6144,192x192,14,1.8849981800824636,3.1172648505374996,2048,96x96,10,0.638803,1.11875,1024,64x64,7,3.665749090547913,5.538366334949999,4096,128x128,10,2.5d_3d,"{'from': 'Chiplet_3', 'to': 'Chiplet_6', 'connection_type': '3d_u_bump', 'loc': 'stack0_base'},{'from': 'Chiplet_6', 'to': 'Chiplet_2', 'connection_type': '3d_u_bump', 'loc': 'stack0_middle1'},{'from': 'Chiplet_2', 'to': 'Chiplet_4', 'connection_type': '3d_u_bump', 'loc': 'stack0_middle2'},{'from': 'Chiplet_4', 'to': 'na', 'connection_type': '3d_u_bump', 'loc': 'stack0_top'},{'from': 'Chiplet_3', 'to': 'Chiplet_1', 'connection_type': '2.5d_emib', 'loc': '2.5d_chiplet'},{'from': 'Chiplet_3', 'to': 'Chiplet_5', 'connection_type': '2.5d_emib', 'loc': '2.5d_chiplet'},{'from': 'Chiplet_1', 'to': 'Chiplet_3', 'connection_type': '2.5d_emib', 'loc': '2.5d_chiplet'},{'from': 'Chiplet_1', 'to': 'Chiplet_5', 'connection_type': '2.5d_emib', 'loc': '2.5d_chiplet'},{'from': 'Chiplet_5', 'to': 'Chiplet_3', 'connection_type': '2.5d_emib', 'loc': '2.5d_chiplet'},{'from': 'Chiplet_5', 'to': 'Chiplet_1', 'connection_type': '2.5d_emib', 'loc': '2.5d_chiplet'}",1,1,3,1,1,1,ddr5,bow,ucie_3d,0,0,is,1,0,0
328,36.74444079967994,6699164.68,164508.69727852131,455934747.8407215,39871.93307810089,55795.80949344374,328,15.436124909546791,15.979573171754398,8192,192x192,14,11.481175603606792,15.979573171754398,2048,192x192,14,11.481175603606792,15.979573171754398,2048,192x192,14,4.9976252555201786,6.821646341899999,1024,128x128,14,1.7117881800824635,3.1172648505374996,1536,96x96,10,6.975099908490179,6.821646341899999,4096,128x128,14,2.5d_3d,"{'from': 'Chiplet_1', 'to': 'Chiplet_2', 'connection_type': '3d_hyb_bond', 'loc': 'stack0_base'},{'from': 'Chiplet_2', 'to': 'Chiplet_3', 'connection_type': '3d_hyb_bond', 'loc': 'stack0_middle1'},{'from': 'Chiplet_3', 'to': 'Chiplet_5', 'connection_type': '3d_hyb_bond', 'loc': 'stack0_middle2'},{'from': 'Chiplet_5', 'to': 'na', 'connection_type': '3d_hyb_bond', 'loc': 'stack0_top'},{'from': 'Chiplet_1', 'to': 'Chiplet_4', 'connection_type': '2.5d_rdl', 'loc': '2.5d_chiplet'},{'from': 'Chiplet_1', 'to': 'Chiplet_6', 'connection_type': '2.5d_rdl', 'loc': '2.5d_chiplet'},{'from': 'Chiplet_6', 'to': 'Chiplet_1', 'connection_type': '2.5d_rdl', 'loc': '2.5d_chiplet'},{'from': 'Chiplet_6', 'to': 'Chiplet_4', 'connection_type': '2.5d_rdl', 'loc': '2.5d_chiplet'},{'from': 'Chiplet_4', 'to': 'Chiplet_1', 'connection_type': '2.5d_rdl', 'loc': '2.5d_chiplet'},{'from': 'Chiplet_4', 'to': 'Chiplet_6', 'connection_type': '2.5d_rdl', 'loc': '2.5d_chiplet'}",5,3,3,2,1,2,hbm3,ucie_std,ucie_3d,1,0,os,1,0,0
329,53.27261357668365,4454413.16,187156.10038876068,1320056473.297709,28339.509803921566,44115.89203518804,329,0.743226759447044,1.3845915837374998,512,64x64,10,1.249405813087535,1.7054115854749998,256,64x64,14,5.5109919519999995,10.4826,8192,192x192,7,1.743774000637535,1.7054115854749998,1024,64x64,14,5.656782838920179,6.821646341899999,2048,128x128,14,12.799492673176792,15.979573171754398,4096,192x192,14,2.5d,"{'from': 'Chiplet_6', 'to': 'Chiplet_2', 'connection_type': '2.5d_emib', 'loc': '2.5d_chiplet'},{'from': 'Chiplet_6', 'to': 'Chiplet_5', 'connection_type': '2.5d_emib', 'loc': '2.5d_chiplet'},{'from': 'Chiplet_2', 'to': 'Chiplet_6', 'connection_type': '2.5d_emib', 'loc': '2.5d_chiplet'},{'from': 'Chiplet_2', 'to': 'Chiplet_5', 'connection_type': '2.5d_emib', 'loc': '2.5d_chiplet'},{'from': 'Chiplet_5', 'to': 'Chiplet_2', 'connection_type': '2.5d_emib', 'loc': '2.5d_chiplet'},{'from': 'Chiplet_5', 'to': 'Chiplet_1', 'connection_type': '2.5d_emib', 'loc': '2.5d_chiplet'},{'from': 'Chiplet_5', 'to': 'Chiplet_6', 'connection_type': '2.5d_emib', 'loc': '2.5d_chiplet'},{'from': 'Chiplet_5', 'to': 'Chiplet_3', 'connection_type': '2.5d_emib', 'loc': '2.5d_chiplet'},{'from': 'Chiplet_1', 'to': 'Chiplet_4', 'connection_type': '2.5d_emib', 'loc': '2.5d_chiplet'},{'from': 'Chiplet_1', 'to': 'Chiplet_5', 'connection_type': '2.5d_emib', 'loc': '2.5d_chiplet'},{'from': 'Chiplet_3', 'to': 'Chiplet_4', 'connection_type': '2.5d_emib', 'loc': '2.5d_chiplet'},{'from': 'Chiplet_3', 'to': 'Chiplet_5', 'connection_type': '2.5d_emib', 'loc': '2.5d_chiplet'},{'from': 'Chiplet_4', 'to': 'Chiplet_3', 'connection_type': '2.5d_emib', 'loc': '2.5d_chiplet'},{'from': 'Chiplet_4', 'to': 'Chiplet_1', 'connection_type': '2.5d_emib', 'loc': '2.5d_chiplet'}",1,1,1,1,1,3,ddr5,bow,na,0,0,ws,0,0,0
330,23.653500716859252,2030376.59,54570.493531109554,1532009400.4893117,353956.3544335567,156876.060767057,330,1.131132696,2.51875,1536,96x96,7,0.378988,1.11875,256,64x64,7,5.656782838920179,6.821646341899999,2048,128x128,14,6.975099908490179,6.821646341899999,4096,128x128,14,0.743226759447044,1.3845915837374998,512,64x64,10,0.46559300000000003,1.11875,512,64x64,7,2.5d,"{'from': 'Chiplet_4', 'to': 'Chiplet_3', 'connection_type': '2.5d_rdl', 'loc': '2.5d_chiplet'},{'from': 'Chiplet_4', 'to': 'Chiplet_1', 'connection_type': '2.5d_rdl', 'loc': '2.5d_chiplet'},{'from': 'Chiplet_4', 'to': 'Chiplet_6', 'connection_type': '2.5d_rdl', 'loc': '2.5d_chiplet'},{'from': 'Chiplet_4', 'to': 'Chiplet_2', 'connection_type': '2.5d_rdl', 'loc': '2.5d_chiplet'},{'from': 'Chiplet_6', 'to': 'Chiplet_2', 'connection_type': '2.5d_rdl', 'loc': '2.5d_chiplet'},{'from': 'Chiplet_6', 'to': 'Chiplet_4', 'connection_type': '2.5d_rdl', 'loc': '2.5d_chiplet'},{'from': 'Chiplet_2', 'to': 'Chiplet_4', 'connection_type': '2.5d_rdl', 'loc': '2.5d_chiplet'},{'from': 'Chiplet_2', 'to': 'Chiplet_6', 'connection_type': '2.5d_rdl', 'loc': '2.5d_chiplet'},{'from': 'Chiplet_3', 'to': 'Chiplet_1', 'connection_type': '2.5d_rdl', 'loc': '2.5d_chiplet'},{'from': 'Chiplet_3', 'to': 'Chiplet_4', 'connection_type': '2.5d_rdl', 'loc': '2.5d_chiplet'},{'from': 'Chiplet_3', 'to': 'Chiplet_5', 'connection_type': '2.5d_rdl', 'loc': '2.5d_chiplet'},{'from': 'Chiplet_1', 'to': 'Chiplet_3', 'connection_type': '2.5d_rdl', 'loc': '2.5d_chiplet'},{'from': 'Chiplet_1', 'to': 'Chiplet_4', 'connection_type': '2.5d_rdl', 'loc': '2.5d_chiplet'},{'from': 'Chiplet_1', 'to': 'Chiplet_5', 'connection_type': '2.5d_rdl', 'loc': '2.5d_chiplet'},{'from': 'Chiplet_5', 'to': 'Chiplet_3', 'connection_type': '2.5d_rdl', 'loc': '2.5d_chiplet'},{'from': 'Chiplet_5', 'to': 'Chiplet_1', 'connection_type': '2.5d_rdl', 'loc': '2.5d_chiplet'}",1,1,2,2,1,1,ddr4,ucie_std,na,1,0,ws,1,0,0
331,16.037438731851854,2030071.57,128698.69530114664,2518557069.1052375,60295.91719378953,68559.96435906053,331,0.743226759447044,1.3845915837374998,512,64x64,10,2.6264880905479133,5.538366334949999,1024,128x128,10,1.743774000637535,1.7054115854749998,1024,64x64,14,2.55521354,4.475,4096,128x128,7,3.2571509657793953,3.8395579270749995,1536,96x96,14,1.8849981800824636,3.1172648505374996,2048,96x96,10,2.5d_3d,"{'from': 'Chiplet_5', 'to': 'Chiplet_6', 'connection_type': '3d_tsv', 'loc': 'stack0_base'},{'from': 'Chiplet_6', 'to': 'na', 'connection_type': '3d_tsv', 'loc': 'stack0_top'},{'from': 'Chiplet_5', 'to': 'Chiplet_2', 'connection_type': '2.5d_emib', 'loc': '2.5d_chiplet'},{'from': 'Chiplet_5', 'to': 'Chiplet_1', 'connection_type': '2.5d_emib', 'loc': '2.5d_chiplet'},{'from': 'Chiplet_5', 'to': 'Chiplet_4', 'connection_type': '2.5d_emib', 'loc': '2.5d_chiplet'},{'from': 'Chiplet_5', 'to': 'Chiplet_3', 'connection_type': '2.5d_emib', 'loc': '2.5d_chiplet'},{'from': 'Chiplet_3', 'to': 'Chiplet_1', 'connection_type': '2.5d_emib', 'loc': '2.5d_chiplet'},{'from': 'Chiplet_3', 'to': 'Chiplet_5', 'connection_type': '2.5d_emib', 'loc': '2.5d_chiplet'},{'from': 'Chiplet_1', 'to': 'Chiplet_3', 'connection_type': '2.5d_emib', 'loc': '2.5d_chiplet'},{'from': 'Chiplet_1', 'to': 'Chiplet_5', 'connection_type': '2.5d_emib', 'loc': '2.5d_chiplet'},{'from': 'Chiplet_2', 'to': 'Chiplet_4', 'connection_type': '2.5d_emib', 'loc': '2.5d_chiplet'},{'from': 'Chiplet_2', 'to': 'Chiplet_5', 'connection_type': '2.5d_emib', 'loc': '2.5d_chiplet'},{'from': 'Chiplet_4', 'to': 'Chiplet_2', 'connection_type': '2.5d_emib', 'loc': '2.5d_chiplet'},{'from': 'Chiplet_4', 'to': 'Chiplet_5', 'connection_type': '2.5d_emib', 'loc': '2.5d_chiplet'}",1,2,1,1,2,1,ddr4,ucie_adv,ucie_3d,1,0,ws,0,0,0
332,63.17678294405182,6376609.02,122907.57807314323,487060940.0417542,11452.470141150923,21190.874854282603,332,6.975099908490179,6.821646341899999,4096,128x128,14,11.481175603606792,15.979573171754398,2048,192x192,14,8.112421457366196,12.973514847541198,8192,192x192,10,11.481175603606792,15.979573171754398,2048,192x192,14,2.597993382379395,3.8395579270749995,512,96x96,14,0.957922696,2.51875,1024,96x96,7,2.5d,"{'from': 'Chiplet_2', 'to': 'Chiplet_3', 'connection_type': '2.5d_rdl', 'loc': '2.5d_chiplet'},{'from': 'Chiplet_2', 'to': 'Chiplet_6', 'connection_type': '2.5d_rdl', 'loc': '2.5d_chiplet'},{'from': 'Chiplet_2', 'to': 'Chiplet_4', 'connection_type': '2.5d_rdl', 'loc': '2.5d_chiplet'},{'from': 'Chiplet_3', 'to': 'Chiplet_2', 'connection_type': '2.5d_rdl', 'loc': '2.5d_chiplet'},{'from': 'Chiplet_3', 'to': 'Chiplet_6', 'connection_type': '2.5d_rdl', 'loc': '2.5d_chiplet'},{'from': 'Chiplet_6', 'to': 'Chiplet_3', 'connection_type': '2.5d_rdl', 'loc': '2.5d_chiplet'},{'from': 'Chiplet_6', 'to': 'Chiplet_2', 'connection_type': '2.5d_rdl', 'loc': '2.5d_chiplet'},{'from': 'Chiplet_4', 'to': 'Chiplet_2', 'connection_type': '2.5d_rdl', 'loc': '2.5d_chiplet'},{'from': 'Chiplet_4', 'to': 'Chiplet_1', 'connection_type': '2.5d_rdl', 'loc': '2.5d_chiplet'},{'from': 'Chiplet_4', 'to': 'Chiplet_5', 'connection_type': '2.5d_rdl', 'loc': '2.5d_chiplet'},{'from': 'Chiplet_1', 'to': 'Chiplet_4', 'connection_type': '2.5d_rdl', 'loc': '2.5d_chiplet'},{'from': 'Chiplet_1', 'to': 'Chiplet_5', 'connection_type': '2.5d_rdl', 'loc': '2.5d_chiplet'},{'from': 'Chiplet_5', 'to': 'Chiplet_1', 'connection_type': '2.5d_rdl', 'loc': '2.5d_chiplet'},{'from': 'Chiplet_5', 'to': 'Chiplet_4', 'connection_type': '2.5d_rdl', 'loc': '2.5d_chiplet'}",3,4,3,4,1,1,hbm3,ucie_std,na,1,0,os,0,0,0
333,27.11010048756689,3757155.95,92296.79934564601,1689724740.4810252,29557.352941176472,52753.549070786794,333,11.481175603606792,15.979573171754398,2048,192x192,14,4.818150952,10.4826,6144,192x192,7,0.743226759447044,1.3845915837374998,512,64x64,10,4.9976252555201786,6.821646341899999,1024,128x128,14,3.5867297574793953,3.8395579270749995,2048,96x96,14,0.916436759447044,1.3845915837374998,1024,64x64,10,2.5d_3d,"{'from': 'Chiplet_2', 'to': 'Chiplet_5', 'connection_type': '3d_hyb_bond', 'loc': 'stack0_base'},{'from': 'Chiplet_5', 'to': 'Chiplet_3', 'connection_type': '3d_hyb_bond', 'loc': 'stack0_middle1'},{'from': 'Chiplet_3', 'to': 'na', 'connection_type': '3d_hyb_bond', 'loc': 'stack0_top'},{'from': 'Chiplet_1', 'to': 'Chiplet_2', 'connection_type': '2.5d_rdl', 'loc': '2.5d_chiplet'},{'from': 'Chiplet_1', 'to': 'Chiplet_4', 'connection_type': '2.5d_rdl', 'loc': '2.5d_chiplet'},{'from': 'Chiplet_4', 'to': 'Chiplet_2', 'connection_type': '2.5d_rdl', 'loc': '2.5d_chiplet'},{'from': 'Chiplet_4', 'to': 'Chiplet_1', 'connection_type': '2.5d_rdl', 'loc': '2.5d_chiplet'},{'from': 'Chiplet_4', 'to': 'Chiplet_6', 'connection_type': '2.5d_rdl', 'loc': '2.5d_chiplet'},{'from': 'Chiplet_2', 'to': 'Chiplet_1', 'connection_type': '2.5d_rdl', 'loc': '2.5d_chiplet'},{'from': 'Chiplet_2', 'to': 'Chiplet_6', 'connection_type': '2.5d_rdl', 'loc': '2.5d_chiplet'},{'from': 'Chiplet_2', 'to': 'Chiplet_4', 'connection_type': '2.5d_rdl', 'loc': '2.5d_chiplet'},{'from': 'Chiplet_6', 'to': 'Chiplet_2', 'connection_type': '2.5d_rdl', 'loc': '2.5d_chiplet'},{'from': 'Chiplet_6', 'to': 'Chiplet_4', 'connection_type': '2.5d_rdl', 'loc': '2.5d_chiplet'}",3,1,1,1,1,1,ddr4,ucie_std,ucie_3d,0,0,is,0,0,0
334,18.07696497226453,3349935.6,87873.48650951652,817011254.3854616,156082.9471733647,135236.90603667955,334,0.46559300000000003,1.11875,512,64x64,7,0.957922696,2.51875,1024,96x96,7,3.432469952,10.4826,2048,192x192,7,3.432469952,10.4826,2048,192x192,7,4.1253109519999995,10.4826,4096,192x192,7,6.975099908490179,6.821646341899999,4096,128x128,14,2.5d_3d,"{'from': 'Chiplet_6', 'to': 'Chiplet_4', 'connection_type': '3d_tsv', 'loc': 'stack0_base'},{'from': 'Chiplet_4', 'to': 'Chiplet_3', 'connection_type': '3d_tsv', 'loc': 'stack0_middle1'},{'from': 'Chiplet_3', 'to': 'Chiplet_1', 'connection_type': '3d_tsv', 'loc': 'stack0_middle2'},{'from': 'Chiplet_1', 'to': 'na', 'connection_type': '3d_tsv', 'loc': 'stack0_top'},{'from': 'Chiplet_6', 'to': 'Chiplet_2', 'connection_type': '2.5d_rdl', 'loc': '2.5d_chiplet'},{'from': 'Chiplet_6', 'to': 'Chiplet_5', 'connection_type': '2.5d_rdl', 'loc': '2.5d_chiplet'},{'from': 'Chiplet_5', 'to': 'Chiplet_2', 'connection_type': '2.5d_rdl', 'loc': '2.5d_chiplet'},{'from': 'Chiplet_5', 'to': 'Chiplet_6', 'connection_type': '2.5d_rdl', 'loc': '2.5d_chiplet'},{'from': 'Chiplet_2', 'to': 'Chiplet_6', 'connection_type': '2.5d_rdl', 'loc': '2.5d_chiplet'},{'from': 'Chiplet_2', 'to': 'Chiplet_5', 'connection_type': '2.5d_rdl', 'loc': '2.5d_chiplet'}",1,1,1,1,1,3,ddr5,ucie_std,ucie_3d,1,0,os,1,0,0
335,32.74175697336332,3725624.43,171062.34275502883,394926832.27561104,71661.75952731908,52565.25001648532,335,0.656621759447044,1.3845915837374998,256,64x64,10,7.419580457366196,12.973514847541198,6144,192x192,10,4.9976252555201786,6.821646341899999,1024,128x128,14,2.927572174079395,3.8395579270749995,1024,96x96,14,3.5867297574793953,3.8395579270749995,2048,96x96,14,3.3193280905479132,5.538366334949999,3072,128x128,10,2.5d,"{'from': 'Chiplet_2', 'to': 'Chiplet_3', 'connection_type': '2.5d_emib', 'loc': '2.5d_chiplet'},{'from': 'Chiplet_2', 'to': 'Chiplet_1', 'connection_type': '2.5d_emib', 'loc': '2.5d_chiplet'},{'from': 'Chiplet_2', 'to': 'Chiplet_6', 'connection_type': '2.5d_emib', 'loc': '2.5d_chiplet'},{'from': 'Chiplet_2', 'to': 'Chiplet_5', 'connection_type': '2.5d_emib', 'loc': '2.5d_chiplet'},{'from': 'Chiplet_6', 'to': 'Chiplet_2', 'connection_type': '2.5d_emib', 'loc': '2.5d_chiplet'},{'from': 'Chiplet_6', 'to': 'Chiplet_1', 'connection_type': '2.5d_emib', 'loc': '2.5d_chiplet'},{'from': 'Chiplet_1', 'to': 'Chiplet_2', 'connection_type': '2.5d_emib', 'loc': '2.5d_chiplet'},{'from': 'Chiplet_1', 'to': 'Chiplet_6', 'connection_type': '2.5d_emib', 'loc': '2.5d_chiplet'},{'from': 'Chiplet_3', 'to': 'Chiplet_2', 'connection_type': '2.5d_emib', 'loc': '2.5d_chiplet'},{'from': 'Chiplet_3', 'to': 'Chiplet_4', 'connection_type': '2.5d_emib', 'loc': '2.5d_chiplet'},{'from': 'Chiplet_3', 'to': 'Chiplet_5', 'connection_type': '2.5d_emib', 'loc': '2.5d_chiplet'},{'from': 'Chiplet_5', 'to': 'Chiplet_2', 'connection_type': '2.5d_emib', 'loc': '2.5d_chiplet'},{'from': 'Chiplet_5', 'to': 'Chiplet_4', 'connection_type': '2.5d_emib', 'loc': '2.5d_chiplet'},{'from': 'Chiplet_5', 'to': 'Chiplet_3', 'connection_type': '2.5d_emib', 'loc': '2.5d_chiplet'},{'from': 'Chiplet_4', 'to': 'Chiplet_3', 'connection_type': '2.5d_emib', 'loc': '2.5d_chiplet'},{'from': 'Chiplet_4', 'to': 'Chiplet_5', 'connection_type': '2.5d_emib', 'loc': '2.5d_chiplet'}",1,5,3,2,3,2,hbm3,aib,na,1,0,ws,1,0,0
336,19.128143539523524,2635673.23,61727.02309537451,516654292.8324406,26728.542124542124,21007.33783927006,336,1.5385781800824634,3.1172648505374996,1024,96x96,10,0.957922696,2.51875,1024,96x96,7,0.552198,1.11875,768,64x64,7,5.5109919519999995,10.4826,8192,192x192,7,1.578984604787535,1.7054115854749998,768,64x64,14,1.51595254,4.475,1024,128x128,7,2.5d,"{'from': 'Chiplet_4', 'to': 'Chiplet_3', 'connection_type': '2.5d_rdl', 'loc': '2.5d_chiplet'},{'from': 'Chiplet_4', 'to': 'Chiplet_5', 'connection_type': '2.5d_rdl', 'loc': '2.5d_chiplet'},{'from': 'Chiplet_3', 'to': 'Chiplet_1', 'connection_type': '2.5d_rdl', 'loc': '2.5d_chiplet'},{'from': 'Chiplet_3', 'to': 'Chiplet_4', 'connection_type': '2.5d_rdl', 'loc': '2.5d_chiplet'},{'from': 'Chiplet_3', 'to': 'Chiplet_5', 'connection_type': '2.5d_rdl', 'loc': '2.5d_chiplet'},{'from': 'Chiplet_5', 'to': 'Chiplet_3', 'connection_type': '2.5d_rdl', 'loc': '2.5d_chiplet'},{'from': 'Chiplet_5', 'to': 'Chiplet_1', 'connection_type': '2.5d_rdl', 'loc': '2.5d_chiplet'},{'from': 'Chiplet_5', 'to': 'Chiplet_4', 'connection_type': '2.5d_rdl', 'loc': '2.5d_chiplet'},{'from': 'Chiplet_5', 'to': 'Chiplet_2', 'connection_type': '2.5d_rdl', 'loc': '2.5d_chiplet'},{'from': 'Chiplet_2', 'to': 'Chiplet_6', 'connection_type': '2.5d_rdl', 'loc': '2.5d_chiplet'},{'from': 'Chiplet_2', 'to': 'Chiplet_5', 'connection_type': '2.5d_rdl', 'loc': '2.5d_chiplet'},{'from': 'Chiplet_1', 'to': 'Chiplet_3', 'connection_type': '2.5d_rdl', 'loc': '2.5d_chiplet'},{'from': 'Chiplet_1', 'to': 'Chiplet_6', 'connection_type': '2.5d_rdl', 'loc': '2.5d_chiplet'},{'from': 'Chiplet_1', 'to': 'Chiplet_5', 'connection_type': '2.5d_rdl', 'loc': '2.5d_chiplet'},{'from': 'Chiplet_6', 'to': 'Chiplet_2', 'connection_type': '2.5d_rdl', 'loc': '2.5d_chiplet'},{'from': 'Chiplet_6', 'to': 'Chiplet_1', 'connection_type': '2.5d_rdl', 'loc': '2.5d_chiplet'}",2,1,1,8,2,2,hbm3,ucie_std,na,0,0,is,0,0,0
337,17.165022441381115,4084127.72,124260.13799666104,422197115.5269032,125695.16647843542,104740.5069558872,337,6.033899457366197,12.973514847541198,2048,192x192,10,0.378988,1.11875,256,64x64,7,4.1253109519999995,10.4826,4096,192x192,7,4.818150952,10.4826,6144,192x192,7,3.3193280905479132,5.538366334949999,3072,128x128,10,0.829831759447044,1.3845915837374998,768,64x64,10,2.5d_3d,"{'from': 'Chiplet_4', 'to': 'Chiplet_3', 'connection_type': '3d_tsv', 'loc': 'stack0_base'},{'from': 'Chiplet_3', 'to': 'Chiplet_5', 'connection_type': '3d_tsv', 'loc': 'stack0_middle1'},{'from': 'Chiplet_5', 'to': 'Chiplet_6', 'connection_type': '3d_tsv', 'loc': 'stack0_middle2'},{'from': 'Chiplet_6', 'to': 'na', 'connection_type': '3d_tsv', 'loc': 'stack0_top'},{'from': 'Chiplet_1', 'to': 'Chiplet_2', 'connection_type': '2.5d_emib', 'loc': '2.5d_chiplet'},{'from': 'Chiplet_1', 'to': 'Chiplet_4', 'connection_type': '2.5d_emib', 'loc': '2.5d_chiplet'},{'from': 'Chiplet_4', 'to': 'Chiplet_2', 'connection_type': '2.5d_emib', 'loc': '2.5d_chiplet'},{'from': 'Chiplet_4', 'to': 'Chiplet_1', 'connection_type': '2.5d_emib', 'loc': '2.5d_chiplet'},{'from': 'Chiplet_2', 'to': 'Chiplet_1', 'connection_type': '2.5d_emib', 'loc': '2.5d_chiplet'},{'from': 'Chiplet_2', 'to': 'Chiplet_4', 'connection_type': '2.5d_emib', 'loc': '2.5d_chiplet'}",5,1,3,4,2,1,hbm3,aib,ucie_3d,1,0,ws,1,0,0
338,12.588379167286366,2458179.5,123418.89365260984,1585283354.656209,22323.823529411762,41065.90890193955,338,1.4141952089375351,1.7054115854749998,512,64x64,14,0.656621759447044,1.3845915837374998,256,64x64,10,4.1253109519999995,10.4826,4096,192x192,7,3.432469952,10.4826,2048,192x192,7,0.552198,1.11875,768,64x64,7,2.927572174079395,3.8395579270749995,1024,96x96,14,2.5d_3d,"{'from': 'Chiplet_3', 'to': 'Chiplet_6', 'connection_type': '3d_hyb_bond', 'loc': 'stack0_base'},{'from': 'Chiplet_6', 'to': 'Chiplet_2', 'connection_type': '3d_hyb_bond', 'loc': 'stack0_middle1'},{'from': 'Chiplet_2', 'to': 'na', 'connection_type': '3d_hyb_bond', 'loc': 'stack0_top'},{'from': 'Chiplet_3', 'to': 'Chiplet_1', 'connection_type': '2.5d_emib', 'loc': '2.5d_chiplet'},{'from': 'Chiplet_3', 'to': 'Chiplet_4', 'connection_type': '2.5d_emib', 'loc': '2.5d_chiplet'},{'from': 'Chiplet_3', 'to': 'Chiplet_5', 'connection_type': '2.5d_emib', 'loc': '2.5d_chiplet'},{'from': 'Chiplet_5', 'to': 'Chiplet_3', 'connection_type': '2.5d_emib', 'loc': '2.5d_chiplet'},{'from': 'Chiplet_5', 'to': 'Chiplet_1', 'connection_type': '2.5d_emib', 'loc': '2.5d_chiplet'},{'from': 'Chiplet_4', 'to': 'Chiplet_3', 'connection_type': '2.5d_emib', 'loc': '2.5d_chiplet'},{'from': 'Chiplet_4', 'to': 'Chiplet_1', 'connection_type': '2.5d_emib', 'loc': '2.5d_chiplet'},{'from': 'Chiplet_1', 'to': 'Chiplet_3', 'connection_type': '2.5d_emib', 'loc': '2.5d_chiplet'},{'from': 'Chiplet_1', 'to': 'Chiplet_4', 'connection_type': '2.5d_emib', 'loc': '2.5d_chiplet'},{'from': 'Chiplet_1', 'to': 'Chiplet_5', 'connection_type': '2.5d_emib', 'loc': '2.5d_chiplet'}",1,1,2,2,1,1,ddr4,ucie_adv,ucie_3d,1,0,os,0,0,0
339,26.218987240441535,3232014.18,131850.7879657938,1245765089.1279905,36193.14180929095,43894.590726494935,339,0.656621759447044,1.3845915837374998,256,64x64,10,12.799492673176792,15.979573171754398,4096,192x192,14,1.86237254,4.475,2048,128x128,7,0.916436759447044,1.3845915837374998,1024,64x64,10,2.20879254,4.475,3072,128x128,7,3.2571509657793953,3.8395579270749995,1536,96x96,14,2.5d_3d,"{'from': 'Chiplet_6', 'to': 'Chiplet_3', 'connection_type': '3d_u_bump', 'loc': 'stack0_base'},{'from': 'Chiplet_3', 'to': 'Chiplet_1', 'connection_type': '3d_u_bump', 'loc': 'stack0_middle1'},{'from': 'Chiplet_1', 'to': 'na', 'connection_type': '3d_u_bump', 'loc': 'stack0_top'},{'from': 'Chiplet_2', 'to': 'Chiplet_6', 'connection_type': '2.5d_emib', 'loc': '2.5d_chiplet'},{'from': 'Chiplet_2', 'to': 'Chiplet_5', 'connection_type': '2.5d_emib', 'loc': '2.5d_chiplet'},{'from': 'Chiplet_6', 'to': 'Chiplet_2', 'connection_type': '2.5d_emib', 'loc': '2.5d_chiplet'},{'from': 'Chiplet_6', 'to': 'Chiplet_4', 'connection_type': '2.5d_emib', 'loc': '2.5d_chiplet'},{'from': 'Chiplet_6', 'to': 'Chiplet_5', 'connection_type': '2.5d_emib', 'loc': '2.5d_chiplet'},{'from': 'Chiplet_5', 'to': 'Chiplet_2', 'connection_type': '2.5d_emib', 'loc': '2.5d_chiplet'},{'from': 'Chiplet_5', 'to': 'Chiplet_6', 'connection_type': '2.5d_emib', 'loc': '2.5d_chiplet'},{'from': 'Chiplet_5', 'to': 'Chiplet_4', 'connection_type': '2.5d_emib', 'loc': '2.5d_chiplet'},{'from': 'Chiplet_4', 'to': 'Chiplet_6', 'connection_type': '2.5d_emib', 'loc': '2.5d_chiplet'},{'from': 'Chiplet_4', 'to': 'Chiplet_5', 'connection_type': '2.5d_emib', 'loc': '2.5d_chiplet'}",1,3,1,1,1,1,ddr5,bow,ucie_3d,0,0,is,0,0,0
340,34.82416250525176,4516234.62,94401.58140706946,437482219.14003557,11429.984140619837,18324.86105450637,340,3.3193280905479132,5.538366334949999,3072,128x128,10,6.033899457366197,12.973514847541198,2048,192x192,10,4.818150952,10.4826,6144,192x192,7,2.927572174079395,3.8395579270749995,1024,96x96,14,6.033899457366197,12.973514847541198,2048,192x192,10,1.3653681800824635,3.1172648505374996,512,96x96,10,2.5d,"{'from': 'Chiplet_2', 'to': 'Chiplet_3', 'connection_type': '2.5d_rdl', 'loc': '2.5d_chiplet'},{'from': 'Chiplet_2', 'to': 'Chiplet_6', 'connection_type': '2.5d_rdl', 'loc': '2.5d_chiplet'},{'from': 'Chiplet_2', 'to': 'Chiplet_5', 'connection_type': '2.5d_rdl', 'loc': '2.5d_chiplet'},{'from': 'Chiplet_3', 'to': 'Chiplet_2', 'connection_type': '2.5d_rdl', 'loc': '2.5d_chiplet'},{'from': 'Chiplet_3', 'to': 'Chiplet_6', 'connection_type': '2.5d_rdl', 'loc': '2.5d_chiplet'},{'from': 'Chiplet_6', 'to': 'Chiplet_3', 'connection_type': '2.5d_rdl', 'loc': '2.5d_chiplet'},{'from': 'Chiplet_6', 'to': 'Chiplet_2', 'connection_type': '2.5d_rdl', 'loc': '2.5d_chiplet'},{'from': 'Chiplet_5', 'to': 'Chiplet_2', 'connection_type': '2.5d_rdl', 'loc': '2.5d_chiplet'},{'from': 'Chiplet_5', 'to': 'Chiplet_1', 'connection_type': '2.5d_rdl', 'loc': '2.5d_chiplet'},{'from': 'Chiplet_5', 'to': 'Chiplet_4', 'connection_type': '2.5d_rdl', 'loc': '2.5d_chiplet'},{'from': 'Chiplet_1', 'to': 'Chiplet_4', 'connection_type': '2.5d_rdl', 'loc': '2.5d_chiplet'},{'from': 'Chiplet_1', 'to': 'Chiplet_5', 'connection_type': '2.5d_rdl', 'loc': '2.5d_chiplet'},{'from': 'Chiplet_4', 'to': 'Chiplet_1', 'connection_type': '2.5d_rdl', 'loc': '2.5d_chiplet'},{'from': 'Chiplet_4', 'to': 'Chiplet_5', 'connection_type': '2.5d_rdl', 'loc': '2.5d_chiplet'}",2,4,3,2,4,1,hbm3,ucie_std,na,0,0,ws,0,0,0
341,38.459682296230724,5466718.65,203827.93557447233,451024278.14665,95962.80852525828,106417.78071021117,341,1.7117881800824635,3.1172648505374996,1536,96x96,10,6.726740457366197,12.973514847541198,4096,192x192,10,5.5109919519999995,10.4826,8192,192x192,7,6.033899457366197,12.973514847541198,2048,192x192,10,6.033899457366197,12.973514847541198,2048,192x192,10,1.8849981800824636,3.1172648505374996,2048,96x96,10,2.5d,"{'from': 'Chiplet_2', 'to': 'Chiplet_3', 'connection_type': '2.5d_emib', 'loc': '2.5d_chiplet'},{'from': 'Chiplet_2', 'to': 'Chiplet_1', 'connection_type': '2.5d_emib', 'loc': '2.5d_chiplet'},{'from': 'Chiplet_2', 'to': 'Chiplet_4', 'connection_type': '2.5d_emib', 'loc': '2.5d_chiplet'},{'from': 'Chiplet_3', 'to': 'Chiplet_2', 'connection_type': '2.5d_emib', 'loc': '2.5d_chiplet'},{'from': 'Chiplet_3', 'to': 'Chiplet_1', 'connection_type': '2.5d_emib', 'loc': '2.5d_chiplet'},{'from': 'Chiplet_1', 'to': 'Chiplet_3', 'connection_type': '2.5d_emib', 'loc': '2.5d_chiplet'},{'from': 'Chiplet_1', 'to': 'Chiplet_2', 'connection_type': '2.5d_emib', 'loc': '2.5d_chiplet'},{'from': 'Chiplet_1', 'to': 'Chiplet_5', 'connection_type': '2.5d_emib', 'loc': '2.5d_chiplet'},{'from': 'Chiplet_4', 'to': 'Chiplet_2', 'connection_type': '2.5d_emib', 'loc': '2.5d_chiplet'},{'from': 'Chiplet_4', 'to': 'Chiplet_6', 'connection_type': '2.5d_emib', 'loc': '2.5d_chiplet'},{'from': 'Chiplet_4', 'to': 'Chiplet_5', 'connection_type': '2.5d_emib', 'loc': '2.5d_chiplet'},{'from': 'Chiplet_6', 'to': 'Chiplet_4', 'connection_type': '2.5d_emib', 'loc': '2.5d_chiplet'},{'from': 'Chiplet_6', 'to': 'Chiplet_5', 'connection_type': '2.5d_emib', 'loc': '2.5d_chiplet'},{'from': 'Chiplet_5', 'to': 'Chiplet_1', 'connection_type': '2.5d_emib', 'loc': '2.5d_chiplet'},{'from': 'Chiplet_5', 'to': 'Chiplet_4', 'connection_type': '2.5d_emib', 'loc': '2.5d_chiplet'},{'from': 'Chiplet_5', 'to': 'Chiplet_6', 'connection_type': '2.5d_emib', 'loc': '2.5d_chiplet'}",1,4,3,4,3,1,hbm2,bow,na,0,0,os,1,0,0
342,41.63389644554966,3717165.91,92287.34525064651,885640093.6640484,137542.94564299824,112603.32108129187,342,1.4141952089375351,1.7054115854749998,512,64x64,14,2.6264880905479133,5.538366334949999,1024,128x128,10,1.304342696,2.51875,2048,96x96,7,6.975099908490179,6.821646341899999,4096,128x128,14,3.665749090547913,5.538366334949999,4096,128x128,10,12.799492673176792,15.979573171754398,4096,192x192,14,2.5d,"{'from': 'Chiplet_6', 'to': 'Chiplet_1', 'connection_type': '2.5d_rdl', 'loc': '2.5d_chiplet'},{'from': 'Chiplet_6', 'to': 'Chiplet_4', 'connection_type': '2.5d_rdl', 'loc': '2.5d_chiplet'},{'from': 'Chiplet_6', 'to': 'Chiplet_5', 'connection_type': '2.5d_rdl', 'loc': '2.5d_chiplet'},{'from': 'Chiplet_1', 'to': 'Chiplet_6', 'connection_type': '2.5d_rdl', 'loc': '2.5d_chiplet'},{'from': 'Chiplet_1', 'to': 'Chiplet_5', 'connection_type': '2.5d_rdl', 'loc': '2.5d_chiplet'},{'from': 'Chiplet_4', 'to': 'Chiplet_2', 'connection_type': '2.5d_rdl', 'loc': '2.5d_chiplet'},{'from': 'Chiplet_4', 'to': 'Chiplet_6', 'connection_type': '2.5d_rdl', 'loc': '2.5d_chiplet'},{'from': 'Chiplet_4', 'to': 'Chiplet_5', 'connection_type': '2.5d_rdl', 'loc': '2.5d_chiplet'},{'from': 'Chiplet_5', 'to': 'Chiplet_2', 'connection_type': '2.5d_rdl', 'loc': '2.5d_chiplet'},{'from': 'Chiplet_5', 'to': 'Chiplet_1', 'connection_type': '2.5d_rdl', 'loc': '2.5d_chiplet'},{'from': 'Chiplet_5', 'to': 'Chiplet_4', 'connection_type': '2.5d_rdl', 'loc': '2.5d_chiplet'},{'from': 'Chiplet_5', 'to': 'Chiplet_3', 'connection_type': '2.5d_rdl', 'loc': '2.5d_chiplet'},{'from': 'Chiplet_5', 'to': 'Chiplet_6', 'connection_type': '2.5d_rdl', 'loc': '2.5d_chiplet'},{'from': 'Chiplet_2', 'to': 'Chiplet_3', 'connection_type': '2.5d_rdl', 'loc': '2.5d_chiplet'},{'from': 'Chiplet_2', 'to': 'Chiplet_4', 'connection_type': '2.5d_rdl', 'loc': '2.5d_chiplet'},{'from': 'Chiplet_2', 'to': 'Chiplet_5', 'connection_type': '2.5d_rdl', 'loc': '2.5d_chiplet'},{'from': 'Chiplet_3', 'to': 'Chiplet_2', 'connection_type': '2.5d_rdl', 'loc': '2.5d_chiplet'},{'from': 'Chiplet_3', 'to': 'Chiplet_5', 'connection_type': '2.5d_rdl', 'loc': '2.5d_chiplet'}",1,1,1,1,1,3,ddr5,ucie_std,na,0,0,is,1,0,0
343,32.202826802671126,2937279.94,78025.97683464552,846157317.2616441,240687.85751484593,155019.27205741202,343,12.799492673176792,15.979573171754398,4096,192x192,14,6.975099908490179,6.821646341899999,4096,128x128,14,1.5385781800824634,3.1172648505374996,1024,96x96,10,1.578984604787535,1.7054115854749998,768,64x64,14,0.957922696,2.51875,1024,96x96,7,0.829831759447044,1.3845915837374998,768,64x64,10,2.5d,"{'from': 'Chiplet_1', 'to': 'Chiplet_2', 'connection_type': '2.5d_rdl', 'loc': '2.5d_chiplet'},{'from': 'Chiplet_1', 'to': 'Chiplet_6', 'connection_type': '2.5d_rdl', 'loc': '2.5d_chiplet'},{'from': 'Chiplet_1', 'to': 'Chiplet_4', 'connection_type': '2.5d_rdl', 'loc': '2.5d_chiplet'},{'from': 'Chiplet_2', 'to': 'Chiplet_3', 'connection_type': '2.5d_rdl', 'loc': '2.5d_chiplet'},{'from': 'Chiplet_2', 'to': 'Chiplet_1', 'connection_type': '2.5d_rdl', 'loc': '2.5d_chiplet'},{'from': 'Chiplet_2', 'to': 'Chiplet_4', 'connection_type': '2.5d_rdl', 'loc': '2.5d_chiplet'},{'from': 'Chiplet_4', 'to': 'Chiplet_3', 'connection_type': '2.5d_rdl', 'loc': '2.5d_chiplet'},{'from': 'Chiplet_4', 'to': 'Chiplet_1', 'connection_type': '2.5d_rdl', 'loc': '2.5d_chiplet'},{'from': 'Chiplet_4', 'to': 'Chiplet_2', 'connection_type': '2.5d_rdl', 'loc': '2.5d_chiplet'},{'from': 'Chiplet_4', 'to': 'Chiplet_6', 'connection_type': '2.5d_rdl', 'loc': '2.5d_chiplet'},{'from': 'Chiplet_6', 'to': 'Chiplet_1', 'connection_type': '2.5d_rdl', 'loc': '2.5d_chiplet'},{'from': 'Chiplet_6', 'to': 'Chiplet_4', 'connection_type': '2.5d_rdl', 'loc': '2.5d_chiplet'},{'from': 'Chiplet_6', 'to': 'Chiplet_5', 'connection_type': '2.5d_rdl', 'loc': '2.5d_chiplet'},{'from': 'Chiplet_3', 'to': 'Chiplet_2', 'connection_type': '2.5d_rdl', 'loc': '2.5d_chiplet'},{'from': 'Chiplet_3', 'to': 'Chiplet_4', 'connection_type': '2.5d_rdl', 'loc': '2.5d_chiplet'},{'from': 'Chiplet_3', 'to': 'Chiplet_5', 'connection_type': '2.5d_rdl', 'loc': '2.5d_chiplet'},{'from': 'Chiplet_5', 'to': 'Chiplet_3', 'connection_type': '2.5d_rdl', 'loc': '2.5d_chiplet'},{'from': 'Chiplet_5', 'to': 'Chiplet_6', 'connection_type': '2.5d_rdl', 'loc': '2.5d_chiplet'}",3,1,1,1,1,1,ddr5,ucie_std,na,1,0,is,1,0,0
344,40.39405823176412,5461332.72,129845.58064942429,1798806274.3028016,15171.013071895426,48400.95229679461,344,4.818150952,10.4826,6144,192x192,7,1.5385781800824634,3.1172648505374996,1024,96x96,10,8.112421457366196,12.973514847541198,8192,192x192,10,6.975099908490179,6.821646341899999,4096,128x128,14,15.436124909546791,15.979573171754398,8192,192x192,14,2.6264880905479133,5.538366334949999,1024,128x128,10,2.5d_3d,"{'from': 'Chiplet_5', 'to': 'Chiplet_1', 'connection_type': '3d_tsv', 'loc': 'stack0_base'},{'from': 'Chiplet_1', 'to': 'Chiplet_6', 'connection_type': '3d_tsv', 'loc': 'stack0_middle1'},{'from': 'Chiplet_6', 'to': 'na', 'connection_type': '3d_tsv', 'loc': 'stack0_top'},{'from': 'Chiplet_5', 'to': 'Chiplet_3', 'connection_type': '2.5d_rdl', 'loc': '2.5d_chiplet'},{'from': 'Chiplet_5', 'to': 'Chiplet_4', 'connection_type': '2.5d_rdl', 'loc': '2.5d_chiplet'},{'from': 'Chiplet_3', 'to': 'Chiplet_2', 'connection_type': '2.5d_rdl', 'loc': '2.5d_chiplet'},{'from': 'Chiplet_3', 'to': 'Chiplet_4', 'connection_type': '2.5d_rdl', 'loc': '2.5d_chiplet'},{'from': 'Chiplet_3', 'to': 'Chiplet_5', 'connection_type': '2.5d_rdl', 'loc': '2.5d_chiplet'},{'from': 'Chiplet_4', 'to': 'Chiplet_2', 'connection_type': '2.5d_rdl', 'loc': '2.5d_chiplet'},{'from': 'Chiplet_4', 'to': 'Chiplet_3', 'connection_type': '2.5d_rdl', 'loc': '2.5d_chiplet'},{'from': 'Chiplet_4', 'to': 'Chiplet_5', 'connection_type': '2.5d_rdl', 'loc': '2.5d_chiplet'},{'from': 'Chiplet_2', 'to': 'Chiplet_3', 'connection_type': '2.5d_rdl', 'loc': '2.5d_chiplet'},{'from': 'Chiplet_2', 'to': 'Chiplet_4', 'connection_type': '2.5d_rdl', 'loc': '2.5d_chiplet'}",1,1,1,1,3,1,ddr4,ucie_std,ucie_3d,1,0,os,0,0,0
345,8.587516883116654,1700199.12,52819.08953482764,995335615.3055209,63979.068845853246,42587.961612712454,345,1.304342696,2.51875,2048,96x96,7,1.7117881800824635,3.1172648505374996,1536,96x96,10,1.249405813087535,1.7054115854749998,256,64x64,14,3.432469952,10.4826,2048,192x192,7,1.743774000637535,1.7054115854749998,1024,64x64,14,0.638803,1.11875,1024,64x64,7,2.5d_3d,"{'from': 'Chiplet_4', 'to': 'Chiplet_2', 'connection_type': '3d_u_bump', 'loc': 'stack0_base'},{'from': 'Chiplet_2', 'to': 'Chiplet_1', 'connection_type': '3d_u_bump', 'loc': 'stack0_middle1'},{'from': 'Chiplet_1', 'to': 'Chiplet_3', 'connection_type': '3d_u_bump', 'loc': 'stack0_middle2'},{'from': 'Chiplet_3', 'to': 'na', 'connection_type': '3d_u_bump', 'loc': 'stack0_top'},{'from': 'Chiplet_4', 'to': 'Chiplet_6', 'connection_type': '2.5d_rdl', 'loc': '2.5d_chiplet'},{'from': 'Chiplet_4', 'to': 'Chiplet_5', 'connection_type': '2.5d_rdl', 'loc': '2.5d_chiplet'},{'from': 'Chiplet_5', 'to': 'Chiplet_6', 'connection_type': '2.5d_rdl', 'loc': '2.5d_chiplet'},{'from': 'Chiplet_5', 'to': 'Chiplet_4', 'connection_type': '2.5d_rdl', 'loc': '2.5d_chiplet'},{'from': 'Chiplet_6', 'to': 'Chiplet_4', 'connection_type': '2.5d_rdl', 'loc': '2.5d_chiplet'},{'from': 'Chiplet_6', 'to': 'Chiplet_5', 'connection_type': '2.5d_rdl', 'loc': '2.5d_chiplet'}",1,1,1,3,1,1,ddr4,ucie_std,ucie_3d,0,0,os,1,0,0
346,10.94301801257989,1764050.6,47498.071264880986,1489902624.9926908,232722.3105929477,113960.25333088721,346,0.829831759447044,1.3845915837374998,768,64x64,10,3.665749090547913,5.538366334949999,4096,128x128,10,0.638803,1.11875,1024,64x64,7,0.552198,1.11875,768,64x64,7,2.6264880905479133,5.538366334949999,1024,128x128,10,3.3193280905479132,5.538366334949999,3072,128x128,10,2.5d_3d,"{'from': 'Chiplet_2', 'to': 'Chiplet_5', 'connection_type': '3d_tsv', 'loc': 'stack0_base'},{'from': 'Chiplet_5', 'to': 'Chiplet_3', 'connection_type': '3d_tsv', 'loc': 'stack0_middle1'},{'from': 'Chiplet_3', 'to': 'na', 'connection_type': '3d_tsv', 'loc': 'stack0_top'},{'from': 'Chiplet_2', 'to': 'Chiplet_4', 'connection_type': '2.5d_rdl', 'loc': '2.5d_chiplet'},{'from': 'Chiplet_2', 'to': 'Chiplet_6', 'connection_type': '2.5d_rdl', 'loc': '2.5d_chiplet'},{'from': 'Chiplet_4', 'to': 'Chiplet_2', 'connection_type': '2.5d_rdl', 'loc': '2.5d_chiplet'},{'from': 'Chiplet_4', 'to': 'Chiplet_1', 'connection_type': '2.5d_rdl', 'loc': '2.5d_chiplet'},{'from': 'Chiplet_6', 'to': 'Chiplet_2', 'connection_type': '2.5d_rdl', 'loc': '2.5d_chiplet'},{'from': 'Chiplet_6', 'to': 'Chiplet_1', 'connection_type': '2.5d_rdl', 'loc': '2.5d_chiplet'},{'from': 'Chiplet_1', 'to': 'Chiplet_6', 'connection_type': '2.5d_rdl', 'loc': '2.5d_chiplet'},{'from': 'Chiplet_1', 'to': 'Chiplet_4', 'connection_type': '2.5d_rdl', 'loc': '2.5d_chiplet'}",1,2,1,1,1,2,ddr4,ucie_std,ucie_3d,1,0,ws,1,0,0
347,34.49590448129325,4929004.4,99430.39470502667,676710014.8775294,11301.666666666666,20932.958010756563,347,6.975099908490179,6.821646341899999,4096,128x128,14,14.117807839976791,15.979573171754398,6144,192x192,14,4.818150952,10.4826,6144,192x192,7,0.916436759447044,1.3845915837374998,1024,64x64,10,1.51595254,4.475,1024,128x128,7,1.249405813087535,1.7054115854749998,256,64x64,14,2.5d_3d,"{'from': 'Chiplet_3', 'to': 'Chiplet_5', 'connection_type': '3d_tsv', 'loc': 'stack0_base'},{'from': 'Chiplet_5', 'to': 'Chiplet_6', 'connection_type': '3d_tsv', 'loc': 'stack0_middle1'},{'from': 'Chiplet_6', 'to': 'Chiplet_4', 'connection_type': '3d_tsv', 'loc': 'stack0_middle2'},{'from': 'Chiplet_4', 'to': 'na', 'connection_type': '3d_tsv', 'loc': 'stack0_top'},{'from': 'Chiplet_2', 'to': 'Chiplet_3', 'connection_type': '2.5d_rdl', 'loc': '2.5d_chiplet'},{'from': 'Chiplet_2', 'to': 'Chiplet_1', 'connection_type': '2.5d_rdl', 'loc': '2.5d_chiplet'},{'from': 'Chiplet_1', 'to': 'Chiplet_2', 'connection_type': '2.5d_rdl', 'loc': '2.5d_chiplet'},{'from': 'Chiplet_1', 'to': 'Chiplet_3', 'connection_type': '2.5d_rdl', 'loc': '2.5d_chiplet'},{'from': 'Chiplet_3', 'to': 'Chiplet_2', 'connection_type': '2.5d_rdl', 'loc': '2.5d_chiplet'},{'from': 'Chiplet_3', 'to': 'Chiplet_1', 'connection_type': '2.5d_rdl', 'loc': '2.5d_chiplet'}",4,7,2,1,1,1,hbm2,ucie_std,ucie_3d,0,0,os,0,0,0
348,15.483194014113822,2995490.03,84618.3187541685,994768905.0995673,126924.2940361514,115858.19778276357,348,1.249405813087535,1.7054115854749998,256,64x64,14,3.432469952,10.4826,2048,192x192,7,1.578984604787535,1.7054115854749998,768,64x64,14,1.51595254,4.475,1024,128x128,7,3.432469952,10.4826,2048,192x192,7,6.033899457366197,12.973514847541198,2048,192x192,10,2.5d_3d,"{'from': 'Chiplet_5', 'to': 'Chiplet_2', 'connection_type': '3d_u_bump', 'loc': 'stack0_base'},{'from': 'Chiplet_2', 'to': 'Chiplet_4', 'connection_type': '3d_u_bump', 'loc': 'stack0_middle1'},{'from': 'Chiplet_4', 'to': 'Chiplet_1', 'connection_type': '3d_u_bump', 'loc': 'stack0_middle2'},{'from': 'Chiplet_1', 'to': 'na', 'connection_type': '3d_u_bump', 'loc': 'stack0_top'},{'from': 'Chiplet_6', 'to': 'Chiplet_3', 'connection_type': '2.5d_rdl', 'loc': '2.5d_chiplet'},{'from': 'Chiplet_6', 'to': 'Chiplet_5', 'connection_type': '2.5d_rdl', 'loc': '2.5d_chiplet'},{'from': 'Chiplet_5', 'to': 'Chiplet_3', 'connection_type': '2.5d_rdl', 'loc': '2.5d_chiplet'},{'from': 'Chiplet_5', 'to': 'Chiplet_6', 'connection_type': '2.5d_rdl', 'loc': '2.5d_chiplet'},{'from': 'Chiplet_3', 'to': 'Chiplet_6', 'connection_type': '2.5d_rdl', 'loc': '2.5d_chiplet'},{'from': 'Chiplet_3', 'to': 'Chiplet_5', 'connection_type': '2.5d_rdl', 'loc': '2.5d_chiplet'}",1,1,1,1,1,3,ddr4,ucie_std,ucie_3d,1,0,is,1,0,0
349,15.624300326941718,2439639.7,159062.84040200626,326290525.1584388,91940.00860149204,48225.383478418145,349,0.784712696,2.51875,512,96x96,7,2.55521354,4.475,4096,128x128,7,6.033899457366197,12.973514847541198,2048,192x192,10,1.131132696,2.51875,1536,96x96,7,0.46559300000000003,1.11875,512,64x64,7,0.916436759447044,1.3845915837374998,1024,64x64,10,2.5d,"{'from': 'Chiplet_3', 'to': 'Chiplet_2', 'connection_type': '2.5d_emib', 'loc': '2.5d_chiplet'},{'from': 'Chiplet_3', 'to': 'Chiplet_4', 'connection_type': '2.5d_emib', 'loc': '2.5d_chiplet'},{'from': 'Chiplet_2', 'to': 'Chiplet_3', 'connection_type': '2.5d_emib', 'loc': '2.5d_chiplet'},{'from': 'Chiplet_2', 'to': 'Chiplet_6', 'connection_type': '2.5d_emib', 'loc': '2.5d_chiplet'},{'from': 'Chiplet_2', 'to': 'Chiplet_4', 'connection_type': '2.5d_emib', 'loc': '2.5d_chiplet'},{'from': 'Chiplet_2', 'to': 'Chiplet_5', 'connection_type': '2.5d_emib', 'loc': '2.5d_chiplet'},{'from': 'Chiplet_5', 'to': 'Chiplet_2', 'connection_type': '2.5d_emib', 'loc': '2.5d_chiplet'},{'from': 'Chiplet_5', 'to': 'Chiplet_6', 'connection_type': '2.5d_emib', 'loc': '2.5d_chiplet'},{'from': 'Chiplet_4', 'to': 'Chiplet_3', 'connection_type': '2.5d_emib', 'loc': '2.5d_chiplet'},{'from': 'Chiplet_4', 'to': 'Chiplet_1', 'connection_type': '2.5d_emib', 'loc': '2.5d_chiplet'},{'from': 'Chiplet_4', 'to': 'Chiplet_6', 'connection_type': '2.5d_emib', 'loc': '2.5d_chiplet'},{'from': 'Chiplet_4', 'to': 'Chiplet_2', 'connection_type': '2.5d_emib', 'loc': '2.5d_chiplet'},{'from': 'Chiplet_6', 'to': 'Chiplet_2', 'connection_type': '2.5d_emib', 'loc': '2.5d_chiplet'},{'from': 'Chiplet_6', 'to': 'Chiplet_1', 'connection_type': '2.5d_emib', 'loc': '2.5d_chiplet'},{'from': 'Chiplet_6', 'to': 'Chiplet_4', 'connection_type': '2.5d_emib', 'loc': '2.5d_chiplet'},{'from': 'Chiplet_6', 'to': 'Chiplet_5', 'connection_type': '2.5d_emib', 'loc': '2.5d_chiplet'},{'from': 'Chiplet_1', 'to': 'Chiplet_6', 'connection_type': '2.5d_emib', 'loc': '2.5d_chiplet'},{'from': 'Chiplet_1', 'to': 'Chiplet_4', 'connection_type': '2.5d_emib', 'loc': '2.5d_chiplet'}",1,3,8,2,1,1,hbm3,ucie_adv,na,0,0,ws,1,0,0
350,22.829880685640827,3014966.28,148032.0159672906,1682841781.9731264,40429.65217391304,51554.021107033914,350,4.1253109519999995,10.4826,4096,192x192,7,1.743774000637535,1.7054115854749998,1024,64x64,14,0.552198,1.11875,768,64x64,7,1.7117881800824635,3.1172648505374996,1536,96x96,10,6.975099908490179,6.821646341899999,4096,128x128,14,2.55521354,4.475,4096,128x128,7,2.5d_3d,"{'from': 'Chiplet_1', 'to': 'Chiplet_6', 'connection_type': '3d_tsv', 'loc': 'stack0_base'},{'from': 'Chiplet_6', 'to': 'na', 'connection_type': '3d_tsv', 'loc': 'stack0_top'},{'from': 'Chiplet_5', 'to': 'Chiplet_2', 'connection_type': '2.5d_emib', 'loc': '2.5d_chiplet'},{'from': 'Chiplet_5', 'to': 'Chiplet_1', 'connection_type': '2.5d_emib', 'loc': '2.5d_chiplet'},{'from': 'Chiplet_5', 'to': 'Chiplet_3', 'connection_type': '2.5d_emib', 'loc': '2.5d_chiplet'},{'from': 'Chiplet_3', 'to': 'Chiplet_2', 'connection_type': '2.5d_emib', 'loc': '2.5d_chiplet'},{'from': 'Chiplet_3', 'to': 'Chiplet_5', 'connection_type': '2.5d_emib', 'loc': '2.5d_chiplet'},{'from': 'Chiplet_1', 'to': 'Chiplet_2', 'connection_type': '2.5d_emib', 'loc': '2.5d_chiplet'},{'from': 'Chiplet_1', 'to': 'Chiplet_4', 'connection_type': '2.5d_emib', 'loc': '2.5d_chiplet'},{'from': 'Chiplet_1', 'to': 'Chiplet_5', 'connection_type': '2.5d_emib', 'loc': '2.5d_chiplet'},{'from': 'Chiplet_2', 'to': 'Chiplet_3', 'connection_type': '2.5d_emib', 'loc': '2.5d_chiplet'},{'from': 'Chiplet_2', 'to': 'Chiplet_1', 'connection_type': '2.5d_emib', 'loc': '2.5d_chiplet'},{'from': 'Chiplet_2', 'to': 'Chiplet_4', 'connection_type': '2.5d_emib', 'loc': '2.5d_chiplet'},{'from': 'Chiplet_2', 'to': 'Chiplet_5', 'connection_type': '2.5d_emib', 'loc': '2.5d_chiplet'},{'from': 'Chiplet_4', 'to': 'Chiplet_2', 'connection_type': '2.5d_emib', 'loc': '2.5d_chiplet'},{'from': 'Chiplet_4', 'to': 'Chiplet_1', 'connection_type': '2.5d_emib', 'loc': '2.5d_chiplet'}",1,1,1,1,3,1,ddr4,bow,ucie_3d,1,0,is,0,0,0
351,40.809333701326,3873904.01,97381.72628094946,1589052364.7753637,19124.880763116056,45308.941979001575,351,1.131132696,2.51875,1536,96x96,7,11.481175603606792,15.979573171754398,2048,192x192,14,5.656782838920179,6.821646341899999,2048,128x128,14,1.3653681800824635,3.1172648505374996,512,96x96,10,4.1253109519999995,10.4826,4096,192x192,7,4.9976252555201786,6.821646341899999,1024,128x128,14,2.5d,"{'from': 'Chiplet_2', 'to': 'Chiplet_3', 'connection_type': '2.5d_rdl', 'loc': '2.5d_chiplet'},{'from': 'Chiplet_2', 'to': 'Chiplet_4', 'connection_type': '2.5d_rdl', 'loc': '2.5d_chiplet'},{'from': 'Chiplet_2', 'to': 'Chiplet_6', 'connection_type': '2.5d_rdl', 'loc': '2.5d_chiplet'},{'from': 'Chiplet_2', 'to': 'Chiplet_1', 'connection_type': '2.5d_rdl', 'loc': '2.5d_chiplet'},{'from': 'Chiplet_4', 'to': 'Chiplet_2', 'connection_type': '2.5d_rdl', 'loc': '2.5d_chiplet'},{'from': 'Chiplet_4', 'to': 'Chiplet_1', 'connection_type': '2.5d_rdl', 'loc': '2.5d_chiplet'},{'from': 'Chiplet_1', 'to': 'Chiplet_2', 'connection_type': '2.5d_rdl', 'loc': '2.5d_chiplet'},{'from': 'Chiplet_1', 'to': 'Chiplet_4', 'connection_type': '2.5d_rdl', 'loc': '2.5d_chiplet'},{'from': 'Chiplet_3', 'to': 'Chiplet_2', 'connection_type': '2.5d_rdl', 'loc': '2.5d_chiplet'},{'from': 'Chiplet_3', 'to': 'Chiplet_6', 'connection_type': '2.5d_rdl', 'loc': '2.5d_chiplet'},{'from': 'Chiplet_3', 'to': 'Chiplet_5', 'connection_type': '2.5d_rdl', 'loc': '2.5d_chiplet'},{'from': 'Chiplet_6', 'to': 'Chiplet_2', 'connection_type': '2.5d_rdl', 'loc': '2.5d_chiplet'},{'from': 'Chiplet_6', 'to': 'Chiplet_3', 'connection_type': '2.5d_rdl', 'loc': '2.5d_chiplet'},{'from': 'Chiplet_6', 'to': 'Chiplet_5', 'connection_type': '2.5d_rdl', 'loc': '2.5d_chiplet'},{'from': 'Chiplet_5', 'to': 'Chiplet_3', 'connection_type': '2.5d_rdl', 'loc': '2.5d_chiplet'},{'from': 'Chiplet_5', 'to': 'Chiplet_6', 'connection_type': '2.5d_rdl', 'loc': '2.5d_chiplet'}",1,3,1,1,1,1,ddr4,ucie_std,na,1,0,ws,0,0,0
352,12.76562741486539,1905028.74,109956.12690434908,2472644593.028774,58074.379084967324,68890.35182617645,352,1.7117881800824635,3.1172648505374996,1536,96x96,10,1.51595254,4.475,1024,128x128,7,2.927572174079395,3.8395579270749995,1024,96x96,14,0.378988,1.11875,256,64x64,7,2.6264880905479133,5.538366334949999,1024,128x128,10,3.5867297574793953,3.8395579270749995,2048,96x96,14,2.5d_3d,"{'from': 'Chiplet_6', 'to': 'Chiplet_2', 'connection_type': '3d_hyb_bond', 'loc': 'stack0_base'},{'from': 'Chiplet_2', 'to': 'Chiplet_4', 'connection_type': '3d_hyb_bond', 'loc': 'stack0_middle1'},{'from': 'Chiplet_4', 'to': 'na', 'connection_type': '3d_hyb_bond', 'loc': 'stack0_top'},{'from': 'Chiplet_6', 'to': 'Chiplet_3', 'connection_type': '2.5d_emib', 'loc': '2.5d_chiplet'},{'from': 'Chiplet_6', 'to': 'Chiplet_1', 'connection_type': '2.5d_emib', 'loc': '2.5d_chiplet'},{'from': 'Chiplet_6', 'to': 'Chiplet_5', 'connection_type': '2.5d_emib', 'loc': '2.5d_chiplet'},{'from': 'Chiplet_1', 'to': 'Chiplet_6', 'connection_type': '2.5d_emib', 'loc': '2.5d_chiplet'},{'from': 'Chiplet_1', 'to': 'Chiplet_5', 'connection_type': '2.5d_emib', 'loc': '2.5d_chiplet'},{'from': 'Chiplet_3', 'to': 'Chiplet_6', 'connection_type': '2.5d_emib', 'loc': '2.5d_chiplet'},{'from': 'Chiplet_3', 'to': 'Chiplet_5', 'connection_type': '2.5d_emib', 'loc': '2.5d_chiplet'},{'from': 'Chiplet_5', 'to': 'Chiplet_3', 'connection_type': '2.5d_emib', 'loc': '2.5d_chiplet'},{'from': 'Chiplet_5', 'to': 'Chiplet_1', 'connection_type': '2.5d_emib', 'loc': '2.5d_chiplet'},{'from': 'Chiplet_5', 'to': 'Chiplet_6', 'connection_type': '2.5d_emib', 'loc': '2.5d_chiplet'}",1,1,2,1,1,2,ddr4,bow,ucie_3d,1,0,ws,0,0,0
353,11.262103998674412,1760670.46,147766.6805544642,350041817.40591055,202039.81463324485,69062.13926342165,353,1.7117881800824635,3.1172648505374996,1536,96x96,10,2.20879254,4.475,3072,128x128,7,1.5385781800824634,3.1172648505374996,1024,96x96,10,0.46559300000000003,1.11875,512,64x64,7,0.784712696,2.51875,512,96x96,7,1.304342696,2.51875,2048,96x96,7,2.5d,"{'from': 'Chiplet_2', 'to': 'Chiplet_3', 'connection_type': '2.5d_emib', 'loc': '2.5d_chiplet'},{'from': 'Chiplet_2', 'to': 'Chiplet_1', 'connection_type': '2.5d_emib', 'loc': '2.5d_chiplet'},{'from': 'Chiplet_2', 'to': 'Chiplet_6', 'connection_type': '2.5d_emib', 'loc': '2.5d_chiplet'},{'from': 'Chiplet_2', 'to': 'Chiplet_4', 'connection_type': '2.5d_emib', 'loc': '2.5d_chiplet'},{'from': 'Chiplet_6', 'to': 'Chiplet_2', 'connection_type': '2.5d_emib', 'loc': '2.5d_chiplet'},{'from': 'Chiplet_6', 'to': 'Chiplet_4', 'connection_type': '2.5d_emib', 'loc': '2.5d_chiplet'},{'from': 'Chiplet_4', 'to': 'Chiplet_2', 'connection_type': '2.5d_emib', 'loc': '2.5d_chiplet'},{'from': 'Chiplet_4', 'to': 'Chiplet_6', 'connection_type': '2.5d_emib', 'loc': '2.5d_chiplet'},{'from': 'Chiplet_1', 'to': 'Chiplet_2', 'connection_type': '2.5d_emib', 'loc': '2.5d_chiplet'},{'from': 'Chiplet_1', 'to': 'Chiplet_3', 'connection_type': '2.5d_emib', 'loc': '2.5d_chiplet'},{'from': 'Chiplet_1', 'to': 'Chiplet_5', 'connection_type': '2.5d_emib', 'loc': '2.5d_chiplet'},{'from': 'Chiplet_3', 'to': 'Chiplet_2', 'connection_type': '2.5d_emib', 'loc': '2.5d_chiplet'},{'from': 'Chiplet_3', 'to': 'Chiplet_1', 'connection_type': '2.5d_emib', 'loc': '2.5d_chiplet'},{'from': 'Chiplet_3', 'to': 'Chiplet_5', 'connection_type': '2.5d_emib', 'loc': '2.5d_chiplet'},{'from': 'Chiplet_5', 'to': 'Chiplet_3', 'connection_type': '2.5d_emib', 'loc': '2.5d_chiplet'},{'from': 'Chiplet_5', 'to': 'Chiplet_1', 'connection_type': '2.5d_emib', 'loc': '2.5d_chiplet'}",3,4,3,1,2,3,hbm3,bow,na,0,0,ws,1,0,0
354,14.36195099383778,1827654.09,44749.85784126571,414500896.65616274,35718.8141809291,20934.210554945614,354,0.743226759447044,1.3845915837374998,512,64x64,10,2.972908090547913,5.538366334949999,2048,128x128,10,1.51595254,4.475,1024,128x128,7,1.131132696,2.51875,1536,96x96,7,2.597993382379395,3.8395579270749995,512,96x96,14,0.784712696,2.51875,512,96x96,7,2.5d,"{'from': 'Chiplet_2', 'to': 'Chiplet_6', 'connection_type': '2.5d_rdl', 'loc': '2.5d_chiplet'},{'from': 'Chiplet_2', 'to': 'Chiplet_4', 'connection_type': '2.5d_rdl', 'loc': '2.5d_chiplet'},{'from': 'Chiplet_2', 'to': 'Chiplet_5', 'connection_type': '2.5d_rdl', 'loc': '2.5d_chiplet'},{'from': 'Chiplet_4', 'to': 'Chiplet_2', 'connection_type': '2.5d_rdl', 'loc': '2.5d_chiplet'},{'from': 'Chiplet_4', 'to': 'Chiplet_6', 'connection_type': '2.5d_rdl', 'loc': '2.5d_chiplet'},{'from': 'Chiplet_6', 'to': 'Chiplet_2', 'connection_type': '2.5d_rdl', 'loc': '2.5d_chiplet'},{'from': 'Chiplet_6', 'to': 'Chiplet_4', 'connection_type': '2.5d_rdl', 'loc': '2.5d_chiplet'},{'from': 'Chiplet_5', 'to': 'Chiplet_2', 'connection_type': '2.5d_rdl', 'loc': '2.5d_chiplet'},{'from': 'Chiplet_5', 'to': 'Chiplet_1', 'connection_type': '2.5d_rdl', 'loc': '2.5d_chiplet'},{'from': 'Chiplet_5', 'to': 'Chiplet_3', 'connection_type': '2.5d_rdl', 'loc': '2.5d_chiplet'},{'from': 'Chiplet_3', 'to': 'Chiplet_1', 'connection_type': '2.5d_rdl', 'loc': '2.5d_chiplet'},{'from': 'Chiplet_3', 'to': 'Chiplet_5', 'connection_type': '2.5d_rdl', 'loc': '2.5d_chiplet'},{'from': 'Chiplet_1', 'to': 'Chiplet_3', 'connection_type': '2.5d_rdl', 'loc': '2.5d_chiplet'},{'from': 'Chiplet_1', 'to': 'Chiplet_5', 'connection_type': '2.5d_rdl', 'loc': '2.5d_chiplet'}",1,5,3,2,4,1,hbm3,ucie_std,na,1,0,ws,0,0,0
355,13.598769518314125,2751954.84,103007.90809501712,582667365.7382379,37918.91891891892,27342.455335622246,355,0.743226759447044,1.3845915837374998,512,64x64,10,0.552198,1.11875,768,64x64,7,0.656621759447044,1.3845915837374998,256,64x64,10,1.131132696,2.51875,1536,96x96,7,7.419580457366196,12.973514847541198,6144,192x192,10,2.20879254,4.475,3072,128x128,7,2.5d_3d,"{'from': 'Chiplet_5', 'to': 'Chiplet_6', 'connection_type': '3d_hyb_bond', 'loc': 'stack0_base'},{'from': 'Chiplet_6', 'to': 'Chiplet_1', 'connection_type': '3d_hyb_bond', 'loc': 'stack0_middle1'},{'from': 'Chiplet_1', 'to': 'Chiplet_3', 'connection_type': '3d_hyb_bond', 'loc': 'stack0_middle2'},{'from': 'Chiplet_3', 'to': 'na', 'connection_type': '3d_hyb_bond', 'loc': 'stack0_top'},{'from': 'Chiplet_5', 'to': 'Chiplet_2', 'connection_type': '2.5d_emib', 'loc': '2.5d_chiplet'},{'from': 'Chiplet_5', 'to': 'Chiplet_4', 'connection_type': '2.5d_emib', 'loc': '2.5d_chiplet'},{'from': 'Chiplet_4', 'to': 'Chiplet_2', 'connection_type': '2.5d_emib', 'loc': '2.5d_chiplet'},{'from': 'Chiplet_4', 'to': 'Chiplet_5', 'connection_type': '2.5d_emib', 'loc': '2.5d_chiplet'},{'from': 'Chiplet_2', 'to': 'Chiplet_4', 'connection_type': '2.5d_emib', 'loc': '2.5d_chiplet'},{'from': 'Chiplet_2', 'to': 'Chiplet_5', 'connection_type': '2.5d_emib', 'loc': '2.5d_chiplet'}",1,1,1,1,9,3,hbm2,aib,ucie_3d,0,0,is,0,0,0
356,11.329162150679585,2119014.08,60965.1176829815,1609819791.5677981,43018.68044515103,45431.02709602512,356,1.3653681800824635,3.1172648505374996,512,96x96,10,5.5109919519999995,10.4826,8192,192x192,7,0.46559300000000003,1.11875,512,64x64,7,0.656621759447044,1.3845915837374998,256,64x64,10,0.829831759447044,1.3845915837374998,768,64x64,10,1.304342696,2.51875,2048,96x96,7,2.5d_3d,"{'from': 'Chiplet_2', 'to': 'Chiplet_6', 'connection_type': '3d_hyb_bond', 'loc': 'stack0_base'},{'from': 'Chiplet_6', 'to': 'Chiplet_4', 'connection_type': '3d_hyb_bond', 'loc': 'stack0_middle1'},{'from': 'Chiplet_4', 'to': 'Chiplet_3', 'connection_type': '3d_hyb_bond', 'loc': 'stack0_middle2'},{'from': 'Chiplet_3', 'to': 'na', 'connection_type': '3d_hyb_bond', 'loc': 'stack0_top'},{'from': 'Chiplet_2', 'to': 'Chiplet_1', 'connection_type': '2.5d_rdl', 'loc': '2.5d_chiplet'},{'from': 'Chiplet_2', 'to': 'Chiplet_5', 'connection_type': '2.5d_rdl', 'loc': '2.5d_chiplet'},{'from': 'Chiplet_1', 'to': 'Chiplet_2', 'connection_type': '2.5d_rdl', 'loc': '2.5d_chiplet'},{'from': 'Chiplet_1', 'to': 'Chiplet_5', 'connection_type': '2.5d_rdl', 'loc': '2.5d_chiplet'},{'from': 'Chiplet_5', 'to': 'Chiplet_2', 'connection_type': '2.5d_rdl', 'loc': '2.5d_chiplet'},{'from': 'Chiplet_5', 'to': 'Chiplet_1', 'connection_type': '2.5d_rdl', 'loc': '2.5d_chiplet'}",1,3,1,1,1,1,ddr4,ucie_std,ucie_3d,1,0,is,0,0,0
357,28.21145562979964,4202459.81,88057.98961622208,471578599.76267046,208832.23979512454,145655.55139858605,357,14.117807839976791,15.979573171754398,6144,192x192,14,3.2571509657793953,3.8395579270749995,1536,96x96,14,2.55521354,4.475,4096,128x128,7,2.972908090547913,5.538366334949999,2048,128x128,10,0.656621759447044,1.3845915837374998,256,64x64,10,1.51595254,4.475,1024,128x128,7,2.5d_3d,"{'from': 'Chiplet_2', 'to': 'Chiplet_4', 'connection_type': '3d_u_bump', 'loc': 'stack0_base'},{'from': 'Chiplet_4', 'to': 'Chiplet_5', 'connection_type': '3d_u_bump', 'loc': 'stack0_middle1'},{'from': 'Chiplet_5', 'to': 'na', 'connection_type': '3d_u_bump', 'loc': 'stack0_top'},{'from': 'Chiplet_1', 'to': 'Chiplet_2', 'connection_type': '2.5d_rdl', 'loc': '2.5d_chiplet'},{'from': 'Chiplet_1', 'to': 'Chiplet_3', 'connection_type': '2.5d_rdl', 'loc': '2.5d_chiplet'},{'from': 'Chiplet_2', 'to': 'Chiplet_3', 'connection_type': '2.5d_rdl', 'loc': '2.5d_chiplet'},{'from': 'Chiplet_2', 'to': 'Chiplet_1', 'connection_type': '2.5d_rdl', 'loc': '2.5d_chiplet'},{'from': 'Chiplet_2', 'to': 'Chiplet_6', 'connection_type': '2.5d_rdl', 'loc': '2.5d_chiplet'},{'from': 'Chiplet_3', 'to': 'Chiplet_2', 'connection_type': '2.5d_rdl', 'loc': '2.5d_chiplet'},{'from': 'Chiplet_3', 'to': 'Chiplet_1', 'connection_type': '2.5d_rdl', 'loc': '2.5d_chiplet'},{'from': 'Chiplet_3', 'to': 'Chiplet_6', 'connection_type': '2.5d_rdl', 'loc': '2.5d_chiplet'},{'from': 'Chiplet_6', 'to': 'Chiplet_3', 'connection_type': '2.5d_rdl', 'loc': '2.5d_chiplet'},{'from': 'Chiplet_6', 'to': 'Chiplet_2', 'connection_type': '2.5d_rdl', 'loc': '2.5d_chiplet'}",9,2,1,2,1,1,hbm3,ucie_std,ucie_3d,0,0,is,1,0,0
358,20.50326689606052,2690162.42,61031.625906615074,691341770.3695459,23315.0,23092.97457762945,358,2.927572174079395,3.8395579270749995,1024,96x96,14,1.743774000637535,1.7054115854749998,1024,64x64,14,3.3193280905479132,5.538366334949999,3072,128x128,10,1.8849981800824636,3.1172648505374996,2048,96x96,10,2.55521354,4.475,4096,128x128,7,3.665749090547913,5.538366334949999,4096,128x128,10,2.5d,"{'from': 'Chiplet_6', 'to': 'Chiplet_3', 'connection_type': '2.5d_rdl', 'loc': '2.5d_chiplet'},{'from': 'Chiplet_6', 'to': 'Chiplet_4', 'connection_type': '2.5d_rdl', 'loc': '2.5d_chiplet'},{'from': 'Chiplet_6', 'to': 'Chiplet_5', 'connection_type': '2.5d_rdl', 'loc': '2.5d_chiplet'},{'from': 'Chiplet_5', 'to': 'Chiplet_6', 'connection_type': '2.5d_rdl', 'loc': '2.5d_chiplet'},{'from': 'Chiplet_5', 'to': 'Chiplet_4', 'connection_type': '2.5d_rdl', 'loc': '2.5d_chiplet'},{'from': 'Chiplet_4', 'to': 'Chiplet_6', 'connection_type': '2.5d_rdl', 'loc': '2.5d_chiplet'},{'from': 'Chiplet_4', 'to': 'Chiplet_5', 'connection_type': '2.5d_rdl', 'loc': '2.5d_chiplet'},{'from': 'Chiplet_3', 'to': 'Chiplet_2', 'connection_type': '2.5d_rdl', 'loc': '2.5d_chiplet'},{'from': 'Chiplet_3', 'to': 'Chiplet_1', 'connection_type': '2.5d_rdl', 'loc': '2.5d_chiplet'},{'from': 'Chiplet_3', 'to': 'Chiplet_6', 'connection_type': '2.5d_rdl', 'loc': '2.5d_chiplet'},{'from': 'Chiplet_1', 'to': 'Chiplet_2', 'connection_type': '2.5d_rdl', 'loc': '2.5d_chiplet'},{'from': 'Chiplet_1', 'to': 'Chiplet_3', 'connection_type': '2.5d_rdl', 'loc': '2.5d_chiplet'},{'from': 'Chiplet_2', 'to': 'Chiplet_3', 'connection_type': '2.5d_rdl', 'loc': '2.5d_chiplet'},{'from': 'Chiplet_2', 'to': 'Chiplet_1', 'connection_type': '2.5d_rdl', 'loc': '2.5d_chiplet'}",3,2,3,2,2,4,hbm2,ucie_std,na,1,0,os,0,0,0
359,48.10999799519031,6385860.68,176882.83456718878,470294379.8968891,108973.98136957003,111220.11252779252,359,2.927572174079395,3.8395579270749995,1024,96x96,14,5.656782838920179,6.821646341899999,2048,128x128,14,0.552198,1.11875,768,64x64,7,14.117807839976791,15.979573171754398,6144,192x192,14,6.726740457366197,12.973514847541198,4096,192x192,10,3.432469952,10.4826,2048,192x192,7,2.5d_3d,"{'from': 'Chiplet_1', 'to': 'Chiplet_3', 'connection_type': '3d_hyb_bond', 'loc': 'stack0_base'},{'from': 'Chiplet_3', 'to': 'na', 'connection_type': '3d_hyb_bond', 'loc': 'stack0_top'},{'from': 'Chiplet_4', 'to': 'Chiplet_2', 'connection_type': '2.5d_emib', 'loc': '2.5d_chiplet'},{'from': 'Chiplet_4', 'to': 'Chiplet_1', 'connection_type': '2.5d_emib', 'loc': '2.5d_chiplet'},{'from': 'Chiplet_4', 'to': 'Chiplet_5', 'connection_type': '2.5d_emib', 'loc': '2.5d_chiplet'},{'from': 'Chiplet_1', 'to': 'Chiplet_2', 'connection_type': '2.5d_emib', 'loc': '2.5d_chiplet'},{'from': 'Chiplet_1', 'to': 'Chiplet_4', 'connection_type': '2.5d_emib', 'loc': '2.5d_chiplet'},{'from': 'Chiplet_5', 'to': 'Chiplet_2', 'connection_type': '2.5d_emib', 'loc': '2.5d_chiplet'},{'from': 'Chiplet_5', 'to': 'Chiplet_6', 'connection_type': '2.5d_emib', 'loc': '2.5d_chiplet'},{'from': 'Chiplet_5', 'to': 'Chiplet_4', 'connection_type': '2.5d_emib', 'loc': '2.5d_chiplet'},{'from': 'Chiplet_2', 'to': 'Chiplet_1', 'connection_type': '2.5d_emib', 'loc': '2.5d_chiplet'},{'from': 'Chiplet_2', 'to': 'Chiplet_4', 'connection_type': '2.5d_emib', 'loc': '2.5d_chiplet'},{'from': 'Chiplet_2', 'to': 'Chiplet_6', 'connection_type': '2.5d_emib', 'loc': '2.5d_chiplet'},{'from': 'Chiplet_2', 'to': 'Chiplet_5', 'connection_type': '2.5d_emib', 'loc': '2.5d_chiplet'},{'from': 'Chiplet_6', 'to': 'Chiplet_2', 'connection_type': '2.5d_emib', 'loc': '2.5d_chiplet'},{'from': 'Chiplet_6', 'to': 'Chiplet_5', 'connection_type': '2.5d_emib', 'loc': '2.5d_chiplet'}",1,2,1,7,3,2,hbm2,ucie_adv,ucie_3d,1,0,is,1,0,0
360,34.434441405778266,3601505.15,169136.394815841,563013785.8127311,19027.570207570207,20892.12868156812,360,4.9976252555201786,6.821646341899999,1024,128x128,14,1.8849981800824636,3.1172648505374996,2048,96x96,10,1.4141952089375351,1.7054115854749998,512,64x64,14,0.552198,1.11875,768,64x64,7,0.916436759447044,1.3845915837374998,1024,64x64,10,14.117807839976791,15.979573171754398,6144,192x192,14,2.5d,"{'from': 'Chiplet_6', 'to': 'Chiplet_2', 'connection_type': '2.5d_emib', 'loc': '2.5d_chiplet'},{'from': 'Chiplet_6', 'to': 'Chiplet_1', 'connection_type': '2.5d_emib', 'loc': '2.5d_chiplet'},{'from': 'Chiplet_6', 'to': 'Chiplet_4', 'connection_type': '2.5d_emib', 'loc': '2.5d_chiplet'},{'from': 'Chiplet_1', 'to': 'Chiplet_2', 'connection_type': '2.5d_emib', 'loc': '2.5d_chiplet'},{'from': 'Chiplet_1', 'to': 'Chiplet_6', 'connection_type': '2.5d_emib', 'loc': '2.5d_chiplet'},{'from': 'Chiplet_1', 'to': 'Chiplet_3', 'connection_type': '2.5d_emib', 'loc': '2.5d_chiplet'},{'from': 'Chiplet_2', 'to': 'Chiplet_1', 'connection_type': '2.5d_emib', 'loc': '2.5d_chiplet'},{'from': 'Chiplet_2', 'to': 'Chiplet_4', 'connection_type': '2.5d_emib', 'loc': '2.5d_chiplet'},{'from': 'Chiplet_2', 'to': 'Chiplet_5', 'connection_type': '2.5d_emib', 'loc': '2.5d_chiplet'},{'from': 'Chiplet_2', 'to': 'Chiplet_3', 'connection_type': '2.5d_emib', 'loc': '2.5d_chiplet'},{'from': 'Chiplet_2', 'to': 'Chiplet_6', 'connection_type': '2.5d_emib', 'loc': '2.5d_chiplet'},{'from': 'Chiplet_4', 'to': 'Chiplet_2', 'connection_type': '2.5d_emib', 'loc': '2.5d_chiplet'},{'from': 'Chiplet_4', 'to': 'Chiplet_6', 'connection_type': '2.5d_emib', 'loc': '2.5d_chiplet'},{'from': 'Chiplet_3', 'to': 'Chiplet_2', 'connection_type': '2.5d_emib', 'loc': '2.5d_chiplet'},{'from': 'Chiplet_3', 'to': 'Chiplet_1', 'connection_type': '2.5d_emib', 'loc': '2.5d_chiplet'},{'from': 'Chiplet_3', 'to': 'Chiplet_5', 'connection_type': '2.5d_emib', 'loc': '2.5d_chiplet'},{'from': 'Chiplet_5', 'to': 'Chiplet_2', 'connection_type': '2.5d_emib', 'loc': '2.5d_chiplet'},{'from': 'Chiplet_5', 'to': 'Chiplet_3', 'connection_type': '2.5d_emib', 'loc': '2.5d_chiplet'}",3,1,1,1,1,9,hbm3,ucie_adv,na,0,0,os,0,0,0
361,24.245570187754414,2173496.39,58534.64265831799,1778423450.9975562,51113.856209150326,55238.05305692383,361,1.5385781800824634,3.1172648505374996,1024,96x96,10,0.784712696,2.51875,512,96x96,7,3.2571509657793953,3.8395579270749995,1536,96x96,14,2.927572174079395,3.8395579270749995,1024,96x96,14,6.975099908490179,6.821646341899999,4096,128x128,14,2.927572174079395,3.8395579270749995,1024,96x96,14,2.5d,"{'from': 'Chiplet_5', 'to': 'Chiplet_3', 'connection_type': '2.5d_rdl', 'loc': '2.5d_chiplet'},{'from': 'Chiplet_5', 'to': 'Chiplet_1', 'connection_type': '2.5d_rdl', 'loc': '2.5d_chiplet'},{'from': 'Chiplet_5', 'to': 'Chiplet_4', 'connection_type': '2.5d_rdl', 'loc': '2.5d_chiplet'},{'from': 'Chiplet_5', 'to': 'Chiplet_2', 'connection_type': '2.5d_rdl', 'loc': '2.5d_chiplet'},{'from': 'Chiplet_1', 'to': 'Chiplet_2', 'connection_type': '2.5d_rdl', 'loc': '2.5d_chiplet'},{'from': 'Chiplet_1', 'to': 'Chiplet_5', 'connection_type': '2.5d_rdl', 'loc': '2.5d_chiplet'},{'from': 'Chiplet_2', 'to': 'Chiplet_1', 'connection_type': '2.5d_rdl', 'loc': '2.5d_chiplet'},{'from': 'Chiplet_2', 'to': 'Chiplet_5', 'connection_type': '2.5d_rdl', 'loc': '2.5d_chiplet'},{'from': 'Chiplet_3', 'to': 'Chiplet_6', 'connection_type': '2.5d_rdl', 'loc': '2.5d_chiplet'},{'from': 'Chiplet_3', 'to': 'Chiplet_4', 'connection_type': '2.5d_rdl', 'loc': '2.5d_chiplet'},{'from': 'Chiplet_3', 'to': 'Chiplet_5', 'connection_type': '2.5d_rdl', 'loc': '2.5d_chiplet'},{'from': 'Chiplet_4', 'to': 'Chiplet_3', 'connection_type': '2.5d_rdl', 'loc': '2.5d_chiplet'},{'from': 'Chiplet_4', 'to': 'Chiplet_6', 'connection_type': '2.5d_rdl', 'loc': '2.5d_chiplet'},{'from': 'Chiplet_4', 'to': 'Chiplet_5', 'connection_type': '2.5d_rdl', 'loc': '2.5d_chiplet'},{'from': 'Chiplet_6', 'to': 'Chiplet_3', 'connection_type': '2.5d_rdl', 'loc': '2.5d_chiplet'},{'from': 'Chiplet_6', 'to': 'Chiplet_4', 'connection_type': '2.5d_rdl', 'loc': '2.5d_chiplet'}",1,1,1,1,3,1,ddr5,ucie_std,na,0,0,is,0,0,0
362,28.81573736548773,3501549.65,87739.24871661226,1686868524.0148578,16797.35294117647,43101.487382642736,362,2.927572174079395,3.8395579270749995,1024,96x96,14,12.799492673176792,15.979573171754398,4096,192x192,14,3.2571509657793953,3.8395579270749995,1536,96x96,14,0.46559300000000003,1.11875,512,64x64,7,4.1253109519999995,10.4826,4096,192x192,7,2.597993382379395,3.8395579270749995,512,96x96,14,2.5d_3d,"{'from': 'Chiplet_3', 'to': 'Chiplet_6', 'connection_type': '3d_tsv', 'loc': 'stack0_base'},{'from': 'Chiplet_6', 'to': 'na', 'connection_type': '3d_tsv', 'loc': 'stack0_top'},{'from': 'Chiplet_2', 'to': 'Chiplet_3', 'connection_type': '2.5d_rdl', 'loc': '2.5d_chiplet'},{'from': 'Chiplet_2', 'to': 'Chiplet_5', 'connection_type': '2.5d_rdl', 'loc': '2.5d_chiplet'},{'from': 'Chiplet_5', 'to': 'Chiplet_2', 'connection_type': '2.5d_rdl', 'loc': '2.5d_chiplet'},{'from': 'Chiplet_5', 'to': 'Chiplet_1', 'connection_type': '2.5d_rdl', 'loc': '2.5d_chiplet'},{'from': 'Chiplet_5', 'to': 'Chiplet_4', 'connection_type': '2.5d_rdl', 'loc': '2.5d_chiplet'},{'from': 'Chiplet_5', 'to': 'Chiplet_3', 'connection_type': '2.5d_rdl', 'loc': '2.5d_chiplet'},{'from': 'Chiplet_4', 'to': 'Chiplet_1', 'connection_type': '2.5d_rdl', 'loc': '2.5d_chiplet'},{'from': 'Chiplet_4', 'to': 'Chiplet_5', 'connection_type': '2.5d_rdl', 'loc': '2.5d_chiplet'},{'from': 'Chiplet_3', 'to': 'Chiplet_2', 'connection_type': '2.5d_rdl', 'loc': '2.5d_chiplet'},{'from': 'Chiplet_3', 'to': 'Chiplet_1', 'connection_type': '2.5d_rdl', 'loc': '2.5d_chiplet'},{'from': 'Chiplet_3', 'to': 'Chiplet_5', 'connection_type': '2.5d_rdl', 'loc': '2.5d_chiplet'},{'from': 'Chiplet_1', 'to': 'Chiplet_3', 'connection_type': '2.5d_rdl', 'loc': '2.5d_chiplet'},{'from': 'Chiplet_1', 'to': 'Chiplet_4', 'connection_type': '2.5d_rdl', 'loc': '2.5d_chiplet'},{'from': 'Chiplet_1', 'to': 'Chiplet_5', 'connection_type': '2.5d_rdl', 'loc': '2.5d_chiplet'}",1,3,1,1,1,1,ddr4,ucie_std,ucie_3d,0,0,os,0,0,0
363,30.306261530006264,3297375.05,84057.06492639381,1084762033.946151,208803.72950858157,153260.77386418977,363,1.304342696,2.51875,2048,96x96,7,2.597993382379395,3.8395579270749995,512,96x96,14,5.656782838920179,6.821646341899999,2048,128x128,14,5.5109919519999995,10.4826,8192,192x192,7,3.665749090547913,5.538366334949999,4096,128x128,10,2.6264880905479133,5.538366334949999,1024,128x128,10,2.5d,"{'from': 'Chiplet_3', 'to': 'Chiplet_2', 'connection_type': '2.5d_rdl', 'loc': '2.5d_chiplet'},{'from': 'Chiplet_3', 'to': 'Chiplet_6', 'connection_type': '2.5d_rdl', 'loc': '2.5d_chiplet'},{'from': 'Chiplet_3', 'to': 'Chiplet_4', 'connection_type': '2.5d_rdl', 'loc': '2.5d_chiplet'},{'from': 'Chiplet_6', 'to': 'Chiplet_2', 'connection_type': '2.5d_rdl', 'loc': '2.5d_chiplet'},{'from': 'Chiplet_6', 'to': 'Chiplet_3', 'connection_type': '2.5d_rdl', 'loc': '2.5d_chiplet'},{'from': 'Chiplet_2', 'to': 'Chiplet_3', 'connection_type': '2.5d_rdl', 'loc': '2.5d_chiplet'},{'from': 'Chiplet_2', 'to': 'Chiplet_6', 'connection_type': '2.5d_rdl', 'loc': '2.5d_chiplet'},{'from': 'Chiplet_4', 'to': 'Chiplet_3', 'connection_type': '2.5d_rdl', 'loc': '2.5d_chiplet'},{'from': 'Chiplet_4', 'to': 'Chiplet_1', 'connection_type': '2.5d_rdl', 'loc': '2.5d_chiplet'},{'from': 'Chiplet_4', 'to': 'Chiplet_5', 'connection_type': '2.5d_rdl', 'loc': '2.5d_chiplet'},{'from': 'Chiplet_5', 'to': 'Chiplet_1', 'connection_type': '2.5d_rdl', 'loc': '2.5d_chiplet'},{'from': 'Chiplet_5', 'to': 'Chiplet_4', 'connection_type': '2.5d_rdl', 'loc': '2.5d_chiplet'},{'from': 'Chiplet_1', 'to': 'Chiplet_4', 'connection_type': '2.5d_rdl', 'loc': '2.5d_chiplet'},{'from': 'Chiplet_1', 'to': 'Chiplet_5', 'connection_type': '2.5d_rdl', 'loc': '2.5d_chiplet'}",1,1,2,2,1,1,ddr4,ucie_std,na,1,0,ws,1,0,0
364,27.11865533732649,2878356.46,139696.87261997853,2549420740.554248,29595.78431372549,61139.53001365144,364,4.9976252555201786,6.821646341899999,1024,128x128,14,3.5867297574793953,3.8395579270749995,2048,96x96,14,1.249405813087535,1.7054115854749998,256,64x64,14,6.315940422320179,6.821646341899999,3072,128x128,14,2.20879254,4.475,3072,128x128,7,0.784712696,2.51875,512,96x96,7,2.5d_3d,"{'from': 'Chiplet_4', 'to': 'Chiplet_3', 'connection_type': '3d_u_bump', 'loc': 'stack0_base'},{'from': 'Chiplet_3', 'to': 'na', 'connection_type': '3d_u_bump', 'loc': 'stack0_top'},{'from': 'Chiplet_4', 'to': 'Chiplet_2', 'connection_type': '2.5d_emib', 'loc': '2.5d_chiplet'},{'from': 'Chiplet_4', 'to': 'Chiplet_1', 'connection_type': '2.5d_emib', 'loc': '2.5d_chiplet'},{'from': 'Chiplet_4', 'to': 'Chiplet_6', 'connection_type': '2.5d_emib', 'loc': '2.5d_chiplet'},{'from': 'Chiplet_4', 'to': 'Chiplet_5', 'connection_type': '2.5d_emib', 'loc': '2.5d_chiplet'},{'from': 'Chiplet_5', 'to': 'Chiplet_4', 'connection_type': '2.5d_emib', 'loc': '2.5d_chiplet'},{'from': 'Chiplet_5', 'to': 'Chiplet_6', 'connection_type': '2.5d_emib', 'loc': '2.5d_chiplet'},{'from': 'Chiplet_6', 'to': 'Chiplet_4', 'connection_type': '2.5d_emib', 'loc': '2.5d_chiplet'},{'from': 'Chiplet_6', 'to': 'Chiplet_5', 'connection_type': '2.5d_emib', 'loc': '2.5d_chiplet'},{'from': 'Chiplet_1', 'to': 'Chiplet_2', 'connection_type': '2.5d_emib', 'loc': '2.5d_chiplet'},{'from': 'Chiplet_1', 'to': 'Chiplet_4', 'connection_type': '2.5d_emib', 'loc': '2.5d_chiplet'},{'from': 'Chiplet_2', 'to': 'Chiplet_1', 'connection_type': '2.5d_emib', 'loc': '2.5d_chiplet'},{'from': 'Chiplet_2', 'to': 'Chiplet_4', 'connection_type': '2.5d_emib', 'loc': '2.5d_chiplet'}",2,1,1,2,1,1,ddr4,ucie_adv,ucie_3d,0,0,os,0,0,0
365,17.858283743848933,1990395.75,154005.80048430825,1458205918.0198307,366873.55198618193,186046.60046378477,365,2.927572174079395,3.8395579270749995,1024,96x96,14,0.957922696,2.51875,1024,96x96,7,1.743774000637535,1.7054115854749998,1024,64x64,14,2.6264880905479133,5.538366334949999,1024,128x128,10,2.972908090547913,5.538366334949999,2048,128x128,10,1.86237254,4.475,2048,128x128,7,2.5d,"{'from': 'Chiplet_5', 'to': 'Chiplet_3', 'connection_type': '2.5d_emib', 'loc': '2.5d_chiplet'},{'from': 'Chiplet_5', 'to': 'Chiplet_1', 'connection_type': '2.5d_emib', 'loc': '2.5d_chiplet'},{'from': 'Chiplet_5', 'to': 'Chiplet_6', 'connection_type': '2.5d_emib', 'loc': '2.5d_chiplet'},{'from': 'Chiplet_6', 'to': 'Chiplet_3', 'connection_type': '2.5d_emib', 'loc': '2.5d_chiplet'},{'from': 'Chiplet_6', 'to': 'Chiplet_5', 'connection_type': '2.5d_emib', 'loc': '2.5d_chiplet'},{'from': 'Chiplet_3', 'to': 'Chiplet_6', 'connection_type': '2.5d_emib', 'loc': '2.5d_chiplet'},{'from': 'Chiplet_3', 'to': 'Chiplet_5', 'connection_type': '2.5d_emib', 'loc': '2.5d_chiplet'},{'from': 'Chiplet_1', 'to': 'Chiplet_2', 'connection_type': '2.5d_emib', 'loc': '2.5d_chiplet'},{'from': 'Chiplet_1', 'to': 'Chiplet_4', 'connection_type': '2.5d_emib', 'loc': '2.5d_chiplet'},{'from': 'Chiplet_1', 'to': 'Chiplet_5', 'connection_type': '2.5d_emib', 'loc': '2.5d_chiplet'},{'from': 'Chiplet_4', 'to': 'Chiplet_2', 'connection_type': '2.5d_emib', 'loc': '2.5d_chiplet'},{'from': 'Chiplet_4', 'to': 'Chiplet_1', 'connection_type': '2.5d_emib', 'loc': '2.5d_chiplet'},{'from': 'Chiplet_2', 'to': 'Chiplet_1', 'connection_type': '2.5d_emib', 'loc': '2.5d_chiplet'},{'from': 'Chiplet_2', 'to': 'Chiplet_4', 'connection_type': '2.5d_emib', 'loc': '2.5d_chiplet'}",2,1,1,1,2,1,ddr4,aib,na,1,0,is,1,0,0
366,24.056477948585822,3505788.38,146269.69975709045,448958630.3845794,84303.96911546859,52878.79771888299,366,4.1253109519999995,10.4826,4096,192x192,7,1.3653681800824635,3.1172648505374996,512,96x96,10,0.829831759447044,1.3845915837374998,768,64x64,10,2.55521354,4.475,4096,128x128,7,1.131132696,2.51875,1536,96x96,7,5.656782838920179,6.821646341899999,2048,128x128,14,2.5d_3d,"{'from': 'Chiplet_6', 'to': 'Chiplet_2', 'connection_type': '3d_tsv', 'loc': 'stack0_base'},{'from': 'Chiplet_2', 'to': 'na', 'connection_type': '3d_tsv', 'loc': 'stack0_top'},{'from': 'Chiplet_6', 'to': 'Chiplet_1', 'connection_type': '2.5d_emib', 'loc': '2.5d_chiplet'},{'from': 'Chiplet_6', 'to': 'Chiplet_4', 'connection_type': '2.5d_emib', 'loc': '2.5d_chiplet'},{'from': 'Chiplet_6', 'to': 'Chiplet_5', 'connection_type': '2.5d_emib', 'loc': '2.5d_chiplet'},{'from': 'Chiplet_5', 'to': 'Chiplet_6', 'connection_type': '2.5d_emib', 'loc': '2.5d_chiplet'},{'from': 'Chiplet_5', 'to': 'Chiplet_4', 'connection_type': '2.5d_emib', 'loc': '2.5d_chiplet'},{'from': 'Chiplet_1', 'to': 'Chiplet_3', 'connection_type': '2.5d_emib', 'loc': '2.5d_chiplet'},{'from': 'Chiplet_1', 'to': 'Chiplet_4', 'connection_type': '2.5d_emib', 'loc': '2.5d_chiplet'},{'from': 'Chiplet_1', 'to': 'Chiplet_6', 'connection_type': '2.5d_emib', 'loc': '2.5d_chiplet'},{'from': 'Chiplet_4', 'to': 'Chiplet_3', 'connection_type': '2.5d_emib', 'loc': '2.5d_chiplet'},{'from': 'Chiplet_4', 'to': 'Chiplet_1', 'connection_type': '2.5d_emib', 'loc': '2.5d_chiplet'},{'from': 'Chiplet_4', 'to': 'Chiplet_6', 'connection_type': '2.5d_emib', 'loc': '2.5d_chiplet'},{'from': 'Chiplet_4', 'to': 'Chiplet_5', 'connection_type': '2.5d_emib', 'loc': '2.5d_chiplet'},{'from': 'Chiplet_3', 'to': 'Chiplet_1', 'connection_type': '2.5d_emib', 'loc': '2.5d_chiplet'},{'from': 'Chiplet_3', 'to': 'Chiplet_4', 'connection_type': '2.5d_emib', 'loc': '2.5d_chiplet'}",4,1,1,3,1,6,hbm2,ucie_adv,ucie_3d,0,0,os,1,0,0
367,31.265574435792686,3081779.71,172946.13097021615,1642532019.6180193,22638.529411764706,44816.740383247365,367,1.5385781800824634,3.1172648505374996,1024,96x96,10,0.552198,1.11875,768,64x64,7,4.9976252555201786,6.821646341899999,1024,128x128,14,1.131132696,2.51875,1536,96x96,7,2.6264880905479133,5.538366334949999,1024,128x128,10,12.799492673176792,15.979573171754398,4096,192x192,14,2.5d,"{'from': 'Chiplet_6', 'to': 'Chiplet_3', 'connection_type': '2.5d_emib', 'loc': '2.5d_chiplet'},{'from': 'Chiplet_6', 'to': 'Chiplet_5', 'connection_type': '2.5d_emib', 'loc': '2.5d_chiplet'},{'from': 'Chiplet_3', 'to': 'Chiplet_2', 'connection_type': '2.5d_emib', 'loc': '2.5d_chiplet'},{'from': 'Chiplet_3', 'to': 'Chiplet_1', 'connection_type': '2.5d_emib', 'loc': '2.5d_chiplet'},{'from': 'Chiplet_3', 'to': 'Chiplet_6', 'connection_type': '2.5d_emib', 'loc': '2.5d_chiplet'},{'from': 'Chiplet_3', 'to': 'Chiplet_5', 'connection_type': '2.5d_emib', 'loc': '2.5d_chiplet'},{'from': 'Chiplet_2', 'to': 'Chiplet_3', 'connection_type': '2.5d_emib', 'loc': '2.5d_chiplet'},{'from': 'Chiplet_2', 'to': 'Chiplet_1', 'connection_type': '2.5d_emib', 'loc': '2.5d_chiplet'},{'from': 'Chiplet_5', 'to': 'Chiplet_3', 'connection_type': '2.5d_emib', 'loc': '2.5d_chiplet'},{'from': 'Chiplet_5', 'to': 'Chiplet_1', 'connection_type': '2.5d_emib', 'loc': '2.5d_chiplet'},{'from': 'Chiplet_5', 'to': 'Chiplet_6', 'connection_type': '2.5d_emib', 'loc': '2.5d_chiplet'},{'from': 'Chiplet_5', 'to': 'Chiplet_4', 'connection_type': '2.5d_emib', 'loc': '2.5d_chiplet'},{'from': 'Chiplet_1', 'to': 'Chiplet_3', 'connection_type': '2.5d_emib', 'loc': '2.5d_chiplet'},{'from': 'Chiplet_1', 'to': 'Chiplet_4', 'connection_type': '2.5d_emib', 'loc': '2.5d_chiplet'},{'from': 'Chiplet_1', 'to': 'Chiplet_2', 'connection_type': '2.5d_emib', 'loc': '2.5d_chiplet'},{'from': 'Chiplet_1', 'to': 'Chiplet_5', 'connection_type': '2.5d_emib', 'loc': '2.5d_chiplet'},{'from': 'Chiplet_4', 'to': 'Chiplet_1', 'connection_type': '2.5d_emib', 'loc': '2.5d_chiplet'},{'from': 'Chiplet_4', 'to': 'Chiplet_5', 'connection_type': '2.5d_emib', 'loc': '2.5d_chiplet'}",1,1,1,1,1,3,ddr4,aib,na,0,0,os,0,0,0
368,17.909907382171845,2031948.17,125980.06846056458,1722261379.1461475,24375.392156862745,41967.015292342985,368,0.46559300000000003,1.11875,512,64x64,7,0.916436759447044,1.3845915837374998,1024,64x64,10,2.972908090547913,5.538366334949999,2048,128x128,10,2.6264880905479133,5.538366334949999,1024,128x128,10,2.597993382379395,3.8395579270749995,512,96x96,14,2.972908090547913,5.538366334949999,2048,128x128,10,2.5d_3d,"{'from': 'Chiplet_5', 'to': 'Chiplet_1', 'connection_type': '3d_tsv', 'loc': 'stack0_base'},{'from': 'Chiplet_1', 'to': 'na', 'connection_type': '3d_tsv', 'loc': 'stack0_top'},{'from': 'Chiplet_3', 'to': 'Chiplet_4', 'connection_type': '2.5d_emib', 'loc': '2.5d_chiplet'},{'from': 'Chiplet_3', 'to': 'Chiplet_6', 'connection_type': '2.5d_emib', 'loc': '2.5d_chiplet'},{'from': 'Chiplet_4', 'to': 'Chiplet_3', 'connection_type': '2.5d_emib', 'loc': '2.5d_chiplet'},{'from': 'Chiplet_4', 'to': 'Chiplet_5', 'connection_type': '2.5d_emib', 'loc': '2.5d_chiplet'},{'from': 'Chiplet_6', 'to': 'Chiplet_3', 'connection_type': '2.5d_emib', 'loc': '2.5d_chiplet'},{'from': 'Chiplet_6', 'to': 'Chiplet_2', 'connection_type': '2.5d_emib', 'loc': '2.5d_chiplet'},{'from': 'Chiplet_6', 'to': 'Chiplet_5', 'connection_type': '2.5d_emib', 'loc': '2.5d_chiplet'},{'from': 'Chiplet_5', 'to': 'Chiplet_2', 'connection_type': '2.5d_emib', 'loc': '2.5d_chiplet'},{'from': 'Chiplet_5', 'to': 'Chiplet_6', 'connection_type': '2.5d_emib', 'loc': '2.5d_chiplet'},{'from': 'Chiplet_5', 'to': 'Chiplet_4', 'connection_type': '2.5d_emib', 'loc': '2.5d_chiplet'},{'from': 'Chiplet_2', 'to': 'Chiplet_6', 'connection_type': '2.5d_emib', 'loc': '2.5d_chiplet'},{'from': 'Chiplet_2', 'to': 'Chiplet_5', 'connection_type': '2.5d_emib', 'loc': '2.5d_chiplet'}",1,1,2,1,1,2,ddr5,aib,ucie_3d,1,0,os,0,0,0
369,25.548230838932128,3571188.53,78519.84589661394,352636128.5256026,168847.13531887473,104274.434953842,369,12.799492673176792,15.979573171754398,4096,192x192,14,1.304342696,2.51875,2048,96x96,7,2.6264880905479133,5.538366334949999,1024,128x128,10,2.927572174079395,3.8395579270749995,1024,96x96,14,0.784712696,2.51875,512,96x96,7,0.46559300000000003,1.11875,512,64x64,7,2.5d_3d,"{'from': 'Chiplet_4', 'to': 'Chiplet_3', 'connection_type': '3d_hyb_bond', 'loc': 'stack0_base'},{'from': 'Chiplet_3', 'to': 'Chiplet_5', 'connection_type': '3d_hyb_bond', 'loc': 'stack0_middle1'},{'from': 'Chiplet_5', 'to': 'Chiplet_6', 'connection_type': '3d_hyb_bond', 'loc': 'stack0_middle2'},{'from': 'Chiplet_6', 'to': 'na', 'connection_type': '3d_hyb_bond', 'loc': 'stack0_top'},{'from': 'Chiplet_1', 'to': 'Chiplet_2', 'connection_type': '2.5d_rdl', 'loc': '2.5d_chiplet'},{'from': 'Chiplet_1', 'to': 'Chiplet_4', 'connection_type': '2.5d_rdl', 'loc': '2.5d_chiplet'},{'from': 'Chiplet_4', 'to': 'Chiplet_2', 'connection_type': '2.5d_rdl', 'loc': '2.5d_chiplet'},{'from': 'Chiplet_4', 'to': 'Chiplet_1', 'connection_type': '2.5d_rdl', 'loc': '2.5d_chiplet'},{'from': 'Chiplet_2', 'to': 'Chiplet_1', 'connection_type': '2.5d_rdl', 'loc': '2.5d_chiplet'},{'from': 'Chiplet_2', 'to': 'Chiplet_4', 'connection_type': '2.5d_rdl', 'loc': '2.5d_chiplet'}",9,1,2,2,1,1,hbm3,ucie_std,ucie_3d,1,0,ws,1,0,0
370,14.80866766060786,1907686.78,46946.85250061531,619652595.891868,49700.0,26682.013276619524,370,1.51595254,4.475,1024,128x128,7,2.927572174079395,3.8395579270749995,1024,96x96,14,1.743774000637535,1.7054115854749998,1024,64x64,14,2.55521354,4.475,4096,128x128,7,0.638803,1.11875,1024,64x64,7,0.552198,1.11875,768,64x64,7,2.5d,"{'from': 'Chiplet_2', 'to': 'Chiplet_1', 'connection_type': '2.5d_rdl', 'loc': '2.5d_chiplet'},{'from': 'Chiplet_2', 'to': 'Chiplet_4', 'connection_type': '2.5d_rdl', 'loc': '2.5d_chiplet'},{'from': 'Chiplet_2', 'to': 'Chiplet_6', 'connection_type': '2.5d_rdl', 'loc': '2.5d_chiplet'},{'from': 'Chiplet_1', 'to': 'Chiplet_2', 'connection_type': '2.5d_rdl', 'loc': '2.5d_chiplet'},{'from': 'Chiplet_1', 'to': 'Chiplet_6', 'connection_type': '2.5d_rdl', 'loc': '2.5d_chiplet'},{'from': 'Chiplet_6', 'to': 'Chiplet_2', 'connection_type': '2.5d_rdl', 'loc': '2.5d_chiplet'},{'from': 'Chiplet_6', 'to': 'Chiplet_1', 'connection_type': '2.5d_rdl', 'loc': '2.5d_chiplet'},{'from': 'Chiplet_4', 'to': 'Chiplet_2', 'connection_type': '2.5d_rdl', 'loc': '2.5d_chiplet'},{'from': 'Chiplet_4', 'to': 'Chiplet_3', 'connection_type': '2.5d_rdl', 'loc': '2.5d_chiplet'},{'from': 'Chiplet_4', 'to': 'Chiplet_5', 'connection_type': '2.5d_rdl', 'loc': '2.5d_chiplet'},{'from': 'Chiplet_3', 'to': 'Chiplet_4', 'connection_type': '2.5d_rdl', 'loc': '2.5d_chiplet'},{'from': 'Chiplet_3', 'to': 'Chiplet_5', 'connection_type': '2.5d_rdl', 'loc': '2.5d_chiplet'},{'from': 'Chiplet_5', 'to': 'Chiplet_3', 'connection_type': '2.5d_rdl', 'loc': '2.5d_chiplet'},{'from': 'Chiplet_5', 'to': 'Chiplet_4', 'connection_type': '2.5d_rdl', 'loc': '2.5d_chiplet'}",2,5,3,4,1,1,hbm2,ucie_std,na,0,0,is,0,0,0
371,27.894343440390013,2566346.93,64080.376854439586,848557990.5686009,161383.3582033294,95884.07884236179,371,0.829831759447044,1.3845915837374998,768,64x64,10,5.656782838920179,6.821646341899999,2048,128x128,14,0.656621759447044,1.3845915837374998,256,64x64,10,0.743226759447044,1.3845915837374998,512,64x64,10,8.112421457366196,12.973514847541198,8192,192x192,10,1.8849981800824636,3.1172648505374996,2048,96x96,10,2.5d,"{'from': 'Chiplet_5', 'to': 'Chiplet_2', 'connection_type': '2.5d_rdl', 'loc': '2.5d_chiplet'},{'from': 'Chiplet_5', 'to': 'Chiplet_4', 'connection_type': '2.5d_rdl', 'loc': '2.5d_chiplet'},{'from': 'Chiplet_5', 'to': 'Chiplet_6', 'connection_type': '2.5d_rdl', 'loc': '2.5d_chiplet'},{'from': 'Chiplet_4', 'to': 'Chiplet_6', 'connection_type': '2.5d_rdl', 'loc': '2.5d_chiplet'},{'from': 'Chiplet_4', 'to': 'Chiplet_5', 'connection_type': '2.5d_rdl', 'loc': '2.5d_chiplet'},{'from': 'Chiplet_2', 'to': 'Chiplet_1', 'connection_type': '2.5d_rdl', 'loc': '2.5d_chiplet'},{'from': 'Chiplet_2', 'to': 'Chiplet_6', 'connection_type': '2.5d_rdl', 'loc': '2.5d_chiplet'},{'from': 'Chiplet_2', 'to': 'Chiplet_5', 'connection_type': '2.5d_rdl', 'loc': '2.5d_chiplet'},{'from': 'Chiplet_6', 'to': 'Chiplet_2', 'connection_type': '2.5d_rdl', 'loc': '2.5d_chiplet'},{'from': 'Chiplet_6', 'to': 'Chiplet_1', 'connection_type': '2.5d_rdl', 'loc': '2.5d_chiplet'},{'from': 'Chiplet_6', 'to': 'Chiplet_4', 'connection_type': '2.5d_rdl', 'loc': '2.5d_chiplet'},{'from': 'Chiplet_6', 'to': 'Chiplet_5', 'connection_type': '2.5d_rdl', 'loc': '2.5d_chiplet'},{'from': 'Chiplet_6', 'to': 'Chiplet_3', 'connection_type': '2.5d_rdl', 'loc': '2.5d_chiplet'},{'from': 'Chiplet_1', 'to': 'Chiplet_2', 'connection_type': '2.5d_rdl', 'loc': '2.5d_chiplet'},{'from': 'Chiplet_1', 'to': 'Chiplet_6', 'connection_type': '2.5d_rdl', 'loc': '2.5d_chiplet'},{'from': 'Chiplet_1', 'to': 'Chiplet_3', 'connection_type': '2.5d_rdl', 'loc': '2.5d_chiplet'},{'from': 'Chiplet_3', 'to': 'Chiplet_1', 'connection_type': '2.5d_rdl', 'loc': '2.5d_chiplet'},{'from': 'Chiplet_3', 'to': 'Chiplet_6', 'connection_type': '2.5d_rdl', 'loc': '2.5d_chiplet'}",1,1,1,1,3,1,ddr5,ucie_std,na,1,0,os,1,0,0
372,31.87786745408761,3429767.83,179089.87541726168,1599899543.711789,18166.176470588234,43535.028157196095,372,0.957922696,2.51875,1024,96x96,7,6.726740457366197,12.973514847541198,4096,192x192,10,2.927572174079395,3.8395579270749995,1024,96x96,14,1.3653681800824635,3.1172648505374996,512,96x96,10,6.033899457366197,12.973514847541198,2048,192x192,10,6.315940422320179,6.821646341899999,3072,128x128,14,2.5d,"{'from': 'Chiplet_2', 'to': 'Chiplet_3', 'connection_type': '2.5d_emib', 'loc': '2.5d_chiplet'},{'from': 'Chiplet_2', 'to': 'Chiplet_4', 'connection_type': '2.5d_emib', 'loc': '2.5d_chiplet'},{'from': 'Chiplet_2', 'to': 'Chiplet_6', 'connection_type': '2.5d_emib', 'loc': '2.5d_chiplet'},{'from': 'Chiplet_3', 'to': 'Chiplet_2', 'connection_type': '2.5d_emib', 'loc': '2.5d_chiplet'},{'from': 'Chiplet_3', 'to': 'Chiplet_1', 'connection_type': '2.5d_emib', 'loc': '2.5d_chiplet'},{'from': 'Chiplet_3', 'to': 'Chiplet_4', 'connection_type': '2.5d_emib', 'loc': '2.5d_chiplet'},{'from': 'Chiplet_4', 'to': 'Chiplet_3', 'connection_type': '2.5d_emib', 'loc': '2.5d_chiplet'},{'from': 'Chiplet_4', 'to': 'Chiplet_1', 'connection_type': '2.5d_emib', 'loc': '2.5d_chiplet'},{'from': 'Chiplet_4', 'to': 'Chiplet_2', 'connection_type': '2.5d_emib', 'loc': '2.5d_chiplet'},{'from': 'Chiplet_4', 'to': 'Chiplet_5', 'connection_type': '2.5d_emib', 'loc': '2.5d_chiplet'},{'from': 'Chiplet_1', 'to': 'Chiplet_3', 'connection_type': '2.5d_emib', 'loc': '2.5d_chiplet'},{'from': 'Chiplet_1', 'to': 'Chiplet_4', 'connection_type': '2.5d_emib', 'loc': '2.5d_chiplet'},{'from': 'Chiplet_6', 'to': 'Chiplet_2', 'connection_type': '2.5d_emib', 'loc': '2.5d_chiplet'},{'from': 'Chiplet_6', 'to': 'Chiplet_5', 'connection_type': '2.5d_emib', 'loc': '2.5d_chiplet'},{'from': 'Chiplet_5', 'to': 'Chiplet_6', 'connection_type': '2.5d_emib', 'loc': '2.5d_chiplet'},{'from': 'Chiplet_5', 'to': 'Chiplet_4', 'connection_type': '2.5d_emib', 'loc': '2.5d_chiplet'}",1,2,1,1,1,2,ddr4,ucie_adv,na,0,0,ws,0,0,0
373,13.885550796527978,1662811.04,47485.04121005378,1728829976.2146103,41443.667196608374,46948.975898438046,373,2.55521354,4.475,4096,128x128,7,2.6264880905479133,5.538366334949999,1024,128x128,10,1.3653681800824635,3.1172648505374996,512,96x96,10,1.131132696,2.51875,1536,96x96,7,0.46559300000000003,1.11875,512,64x64,7,1.5385781800824634,3.1172648505374996,1024,96x96,10,2.5d,"{'from': 'Chiplet_2', 'to': 'Chiplet_3', 'connection_type': '2.5d_rdl', 'loc': '2.5d_chiplet'},{'from': 'Chiplet_2', 'to': 'Chiplet_1', 'connection_type': '2.5d_rdl', 'loc': '2.5d_chiplet'},{'from': 'Chiplet_2', 'to': 'Chiplet_4', 'connection_type': '2.5d_rdl', 'loc': '2.5d_chiplet'},{'from': 'Chiplet_3', 'to': 'Chiplet_2', 'connection_type': '2.5d_rdl', 'loc': '2.5d_chiplet'},{'from': 'Chiplet_3', 'to': 'Chiplet_4', 'connection_type': '2.5d_rdl', 'loc': '2.5d_chiplet'},{'from': 'Chiplet_4', 'to': 'Chiplet_3', 'connection_type': '2.5d_rdl', 'loc': '2.5d_chiplet'},{'from': 'Chiplet_4', 'to': 'Chiplet_2', 'connection_type': '2.5d_rdl', 'loc': '2.5d_chiplet'},{'from': 'Chiplet_1', 'to': 'Chiplet_2', 'connection_type': '2.5d_rdl', 'loc': '2.5d_chiplet'},{'from': 'Chiplet_1', 'to': 'Chiplet_6', 'connection_type': '2.5d_rdl', 'loc': '2.5d_chiplet'},{'from': 'Chiplet_1', 'to': 'Chiplet_5', 'connection_type': '2.5d_rdl', 'loc': '2.5d_chiplet'},{'from': 'Chiplet_6', 'to': 'Chiplet_1', 'connection_type': '2.5d_rdl', 'loc': '2.5d_chiplet'},{'from': 'Chiplet_6', 'to': 'Chiplet_5', 'connection_type': '2.5d_rdl', 'loc': '2.5d_chiplet'},{'from': 'Chiplet_5', 'to': 'Chiplet_1', 'connection_type': '2.5d_rdl', 'loc': '2.5d_chiplet'},{'from': 'Chiplet_5', 'to': 'Chiplet_6', 'connection_type': '2.5d_rdl', 'loc': '2.5d_chiplet'}",2,2,1,1,1,1,ddr5,ucie_std,na,0,0,is,0,0,0
374,21.553130747497594,2829864.8,57765.8595117691,401127749.52676797,637944.9719902193,302545.0607713091,374,1.86237254,4.475,2048,128x128,7,3.5867297574793953,3.8395579270749995,2048,96x96,14,0.656621759447044,1.3845915837374998,256,64x64,10,4.9976252555201786,6.821646341899999,1024,128x128,14,3.665749090547913,5.538366334949999,4096,128x128,10,1.5385781800824634,3.1172648505374996,1024,96x96,10,2.5d_3d,"{'from': 'Chiplet_5', 'to': 'Chiplet_6', 'connection_type': '3d_tsv', 'loc': 'stack0_base'},{'from': 'Chiplet_6', 'to': 'na', 'connection_type': '3d_tsv', 'loc': 'stack0_top'},{'from': 'Chiplet_4', 'to': 'Chiplet_2', 'connection_type': '2.5d_rdl', 'loc': '2.5d_chiplet'},{'from': 'Chiplet_4', 'to': 'Chiplet_1', 'connection_type': '2.5d_rdl', 'loc': '2.5d_chiplet'},{'from': 'Chiplet_4', 'to': 'Chiplet_3', 'connection_type': '2.5d_rdl', 'loc': '2.5d_chiplet'},{'from': 'Chiplet_4', 'to': 'Chiplet_5', 'connection_type': '2.5d_rdl', 'loc': '2.5d_chiplet'},{'from': 'Chiplet_1', 'to': 'Chiplet_3', 'connection_type': '2.5d_rdl', 'loc': '2.5d_chiplet'},{'from': 'Chiplet_1', 'to': 'Chiplet_4', 'connection_type': '2.5d_rdl', 'loc': '2.5d_chiplet'},{'from': 'Chiplet_3', 'to': 'Chiplet_1', 'connection_type': '2.5d_rdl', 'loc': '2.5d_chiplet'},{'from': 'Chiplet_3', 'to': 'Chiplet_4', 'connection_type': '2.5d_rdl', 'loc': '2.5d_chiplet'},{'from': 'Chiplet_5', 'to': 'Chiplet_2', 'connection_type': '2.5d_rdl', 'loc': '2.5d_chiplet'},{'from': 'Chiplet_5', 'to': 'Chiplet_4', 'connection_type': '2.5d_rdl', 'loc': '2.5d_chiplet'},{'from': 'Chiplet_2', 'to': 'Chiplet_4', 'connection_type': '2.5d_rdl', 'loc': '2.5d_chiplet'},{'from': 'Chiplet_2', 'to': 'Chiplet_5', 'connection_type': '2.5d_rdl', 'loc': '2.5d_chiplet'}",2,3,1,5,4,1,hbm3,ucie_std,ucie_3d,0,0,os,1,0,0
375,17.118652730030888,2378150.03,52380.757191574856,487387079.3195909,53987.81818181818,30615.226702899028,375,0.552198,1.11875,768,64x64,7,1.3653681800824635,3.1172648505374996,512,96x96,10,2.972908090547913,5.538366334949999,2048,128x128,10,3.5867297574793953,3.8395579270749995,2048,96x96,14,0.743226759447044,1.3845915837374998,512,64x64,10,6.315940422320179,6.821646341899999,3072,128x128,14,2.5d_3d,"{'from': 'Chiplet_3', 'to': 'Chiplet_5', 'connection_type': '3d_tsv', 'loc': 'stack0_base'},{'from': 'Chiplet_5', 'to': 'Chiplet_1', 'connection_type': '3d_tsv', 'loc': 'stack0_middle1'},{'from': 'Chiplet_1', 'to': 'na', 'connection_type': '3d_tsv', 'loc': 'stack0_top'},{'from': 'Chiplet_6', 'to': 'Chiplet_3', 'connection_type': '2.5d_rdl', 'loc': '2.5d_chiplet'},{'from': 'Chiplet_6', 'to': 'Chiplet_4', 'connection_type': '2.5d_rdl', 'loc': '2.5d_chiplet'},{'from': 'Chiplet_6', 'to': 'Chiplet_2', 'connection_type': '2.5d_rdl', 'loc': '2.5d_chiplet'},{'from': 'Chiplet_2', 'to': 'Chiplet_3', 'connection_type': '2.5d_rdl', 'loc': '2.5d_chiplet'},{'from': 'Chiplet_2', 'to': 'Chiplet_6', 'connection_type': '2.5d_rdl', 'loc': '2.5d_chiplet'},{'from': 'Chiplet_4', 'to': 'Chiplet_3', 'connection_type': '2.5d_rdl', 'loc': '2.5d_chiplet'},{'from': 'Chiplet_4', 'to': 'Chiplet_6', 'connection_type': '2.5d_rdl', 'loc': '2.5d_chiplet'},{'from': 'Chiplet_3', 'to': 'Chiplet_2', 'connection_type': '2.5d_rdl', 'loc': '2.5d_chiplet'},{'from': 'Chiplet_3', 'to': 'Chiplet_4', 'connection_type': '2.5d_rdl', 'loc': '2.5d_chiplet'},{'from': 'Chiplet_3', 'to': 'Chiplet_6', 'connection_type': '2.5d_rdl', 'loc': '2.5d_chiplet'}",1,1,3,4,1,6,hbm3,ucie_std,ucie_3d,0,0,is,0,0,0
376,19.630826816598677,2349062.4,55188.94621007601,476379192.2631578,34058.92508143322,22645.10986283864,376,4.9976252555201786,6.821646341899999,1024,128x128,14,1.86237254,4.475,2048,128x128,7,0.552198,1.11875,768,64x64,7,1.4141952089375351,1.7054115854749998,512,64x64,14,3.3193280905479132,5.538366334949999,3072,128x128,10,1.304342696,2.51875,2048,96x96,7,2.5d,"{'from': 'Chiplet_1', 'to': 'Chiplet_2', 'connection_type': '2.5d_rdl', 'loc': '2.5d_chiplet'},{'from': 'Chiplet_1', 'to': 'Chiplet_4', 'connection_type': '2.5d_rdl', 'loc': '2.5d_chiplet'},{'from': 'Chiplet_1', 'to': 'Chiplet_3', 'connection_type': '2.5d_rdl', 'loc': '2.5d_chiplet'},{'from': 'Chiplet_1', 'to': 'Chiplet_5', 'connection_type': '2.5d_rdl', 'loc': '2.5d_chiplet'},{'from': 'Chiplet_4', 'to': 'Chiplet_3', 'connection_type': '2.5d_rdl', 'loc': '2.5d_chiplet'},{'from': 'Chiplet_4', 'to': 'Chiplet_1', 'connection_type': '2.5d_rdl', 'loc': '2.5d_chiplet'},{'from': 'Chiplet_3', 'to': 'Chiplet_1', 'connection_type': '2.5d_rdl', 'loc': '2.5d_chiplet'},{'from': 'Chiplet_3', 'to': 'Chiplet_4', 'connection_type': '2.5d_rdl', 'loc': '2.5d_chiplet'},{'from': 'Chiplet_5', 'to': 'Chiplet_2', 'connection_type': '2.5d_rdl', 'loc': '2.5d_chiplet'},{'from': 'Chiplet_5', 'to': 'Chiplet_1', 'connection_type': '2.5d_rdl', 'loc': '2.5d_chiplet'},{'from': 'Chiplet_5', 'to': 'Chiplet_6', 'connection_type': '2.5d_rdl', 'loc': '2.5d_chiplet'},{'from': 'Chiplet_2', 'to': 'Chiplet_1', 'connection_type': '2.5d_rdl', 'loc': '2.5d_chiplet'},{'from': 'Chiplet_2', 'to': 'Chiplet_6', 'connection_type': '2.5d_rdl', 'loc': '2.5d_chiplet'},{'from': 'Chiplet_2', 'to': 'Chiplet_5', 'connection_type': '2.5d_rdl', 'loc': '2.5d_chiplet'},{'from': 'Chiplet_6', 'to': 'Chiplet_2', 'connection_type': '2.5d_rdl', 'loc': '2.5d_chiplet'},{'from': 'Chiplet_6', 'to': 'Chiplet_5', 'connection_type': '2.5d_rdl', 'loc': '2.5d_chiplet'}",6,2,1,2,4,1,hbm3,ucie_std,na,0,0,ws,0,0,0
377,20.323506361463032,3875494.18,124637.56288840406,480036364.2540771,28439.18918918919,29786.464447712395,377,6.975099908490179,6.821646341899999,4096,128x128,14,6.033899457366197,12.973514847541198,2048,192x192,10,0.638803,1.11875,1024,64x64,7,4.9976252555201786,6.821646341899999,1024,128x128,14,2.972908090547913,5.538366334949999,2048,128x128,10,4.9976252555201786,6.821646341899999,1024,128x128,14,2.5d_3d,"{'from': 'Chiplet_2', 'to': 'Chiplet_4', 'connection_type': '3d_u_bump', 'loc': 'stack0_base'},{'from': 'Chiplet_4', 'to': 'Chiplet_5', 'connection_type': '3d_u_bump', 'loc': 'stack0_middle1'},{'from': 'Chiplet_5', 'to': 'Chiplet_3', 'connection_type': '3d_u_bump', 'loc': 'stack0_middle2'},{'from': 'Chiplet_3', 'to': 'na', 'connection_type': '3d_u_bump', 'loc': 'stack0_top'},{'from': 'Chiplet_1', 'to': 'Chiplet_2', 'connection_type': '2.5d_emib', 'loc': '2.5d_chiplet'},{'from': 'Chiplet_1', 'to': 'Chiplet_6', 'connection_type': '2.5d_emib', 'loc': '2.5d_chiplet'},{'from': 'Chiplet_2', 'to': 'Chiplet_1', 'connection_type': '2.5d_emib', 'loc': '2.5d_chiplet'},{'from': 'Chiplet_2', 'to': 'Chiplet_6', 'connection_type': '2.5d_emib', 'loc': '2.5d_chiplet'},{'from': 'Chiplet_6', 'to': 'Chiplet_2', 'connection_type': '2.5d_emib', 'loc': '2.5d_chiplet'},{'from': 'Chiplet_6', 'to': 'Chiplet_1', 'connection_type': '2.5d_emib', 'loc': '2.5d_chiplet'}",4,3,1,3,2,3,hbm2,aib,ucie_3d,0,0,is,0,0,0
378,23.7159080663132,3185773.93,86773.65930033912,1095871658.9022367,188242.17727532954,150214.9422209649,378,3.432469952,10.4826,2048,192x192,7,2.927572174079395,3.8395579270749995,1024,96x96,14,4.818150952,10.4826,6144,192x192,7,1.86237254,4.475,2048,128x128,7,2.55521354,4.475,4096,128x128,7,2.927572174079395,3.8395579270749995,1024,96x96,14,2.5d,"{'from': 'Chiplet_3', 'to': 'Chiplet_2', 'connection_type': '2.5d_rdl', 'loc': '2.5d_chiplet'},{'from': 'Chiplet_3', 'to': 'Chiplet_1', 'connection_type': '2.5d_rdl', 'loc': '2.5d_chiplet'},{'from': 'Chiplet_3', 'to': 'Chiplet_6', 'connection_type': '2.5d_rdl', 'loc': '2.5d_chiplet'},{'from': 'Chiplet_3', 'to': 'Chiplet_4', 'connection_type': '2.5d_rdl', 'loc': '2.5d_chiplet'},{'from': 'Chiplet_6', 'to': 'Chiplet_3', 'connection_type': '2.5d_rdl', 'loc': '2.5d_chiplet'},{'from': 'Chiplet_6', 'to': 'Chiplet_4', 'connection_type': '2.5d_rdl', 'loc': '2.5d_chiplet'},{'from': 'Chiplet_4', 'to': 'Chiplet_3', 'connection_type': '2.5d_rdl', 'loc': '2.5d_chiplet'},{'from': 'Chiplet_4', 'to': 'Chiplet_6', 'connection_type': '2.5d_rdl', 'loc': '2.5d_chiplet'},{'from': 'Chiplet_1', 'to': 'Chiplet_3', 'connection_type': '2.5d_rdl', 'loc': '2.5d_chiplet'},{'from': 'Chiplet_1', 'to': 'Chiplet_2', 'connection_type': '2.5d_rdl', 'loc': '2.5d_chiplet'},{'from': 'Chiplet_1', 'to': 'Chiplet_5', 'connection_type': '2.5d_rdl', 'loc': '2.5d_chiplet'},{'from': 'Chiplet_2', 'to': 'Chiplet_3', 'connection_type': '2.5d_rdl', 'loc': '2.5d_chiplet'},{'from': 'Chiplet_2', 'to': 'Chiplet_1', 'connection_type': '2.5d_rdl', 'loc': '2.5d_chiplet'},{'from': 'Chiplet_2', 'to': 'Chiplet_5', 'connection_type': '2.5d_rdl', 'loc': '2.5d_chiplet'},{'from': 'Chiplet_5', 'to': 'Chiplet_2', 'connection_type': '2.5d_rdl', 'loc': '2.5d_chiplet'},{'from': 'Chiplet_5', 'to': 'Chiplet_1', 'connection_type': '2.5d_rdl', 'loc': '2.5d_chiplet'}",2,1,2,1,1,1,ddr4,ucie_std,na,0,0,ws,1,0,0
379,22.229391676292327,2699259.67,168994.30780653495,1703013592.2155023,20450.07843137255,40880.67614659137,379,1.249405813087535,1.7054115854749998,256,64x64,14,1.5385781800824634,3.1172648505374996,1024,96x96,10,1.131132696,2.51875,1536,96x96,7,1.5385781800824634,3.1172648505374996,1024,96x96,10,5.5109919519999995,10.4826,8192,192x192,7,2.55521354,4.475,4096,128x128,7,2.5d,"{'from': 'Chiplet_5', 'to': 'Chiplet_1', 'connection_type': '2.5d_emib', 'loc': '2.5d_chiplet'},{'from': 'Chiplet_5', 'to': 'Chiplet_6', 'connection_type': '2.5d_emib', 'loc': '2.5d_chiplet'},{'from': 'Chiplet_1', 'to': 'Chiplet_2', 'connection_type': '2.5d_emib', 'loc': '2.5d_chiplet'},{'from': 'Chiplet_1', 'to': 'Chiplet_6', 'connection_type': '2.5d_emib', 'loc': '2.5d_chiplet'},{'from': 'Chiplet_1', 'to': 'Chiplet_5', 'connection_type': '2.5d_emib', 'loc': '2.5d_chiplet'},{'from': 'Chiplet_6', 'to': 'Chiplet_2', 'connection_type': '2.5d_emib', 'loc': '2.5d_chiplet'},{'from': 'Chiplet_6', 'to': 'Chiplet_1', 'connection_type': '2.5d_emib', 'loc': '2.5d_chiplet'},{'from': 'Chiplet_6', 'to': 'Chiplet_4', 'connection_type': '2.5d_emib', 'loc': '2.5d_chiplet'},{'from': 'Chiplet_6', 'to': 'Chiplet_5', 'connection_type': '2.5d_emib', 'loc': '2.5d_chiplet'},{'from': 'Chiplet_6', 'to': 'Chiplet_3', 'connection_type': '2.5d_emib', 'loc': '2.5d_chiplet'},{'from': 'Chiplet_3', 'to': 'Chiplet_4', 'connection_type': '2.5d_emib', 'loc': '2.5d_chiplet'},{'from': 'Chiplet_3', 'to': 'Chiplet_6', 'connection_type': '2.5d_emib', 'loc': '2.5d_chiplet'},{'from': 'Chiplet_2', 'to': 'Chiplet_1', 'connection_type': '2.5d_emib', 'loc': '2.5d_chiplet'},{'from': 'Chiplet_2', 'to': 'Chiplet_4', 'connection_type': '2.5d_emib', 'loc': '2.5d_chiplet'},{'from': 'Chiplet_2', 'to': 'Chiplet_6', 'connection_type': '2.5d_emib', 'loc': '2.5d_chiplet'},{'from': 'Chiplet_4', 'to': 'Chiplet_2', 'connection_type': '2.5d_emib', 'loc': '2.5d_chiplet'},{'from': 'Chiplet_4', 'to': 'Chiplet_6', 'connection_type': '2.5d_emib', 'loc': '2.5d_chiplet'},{'from': 'Chiplet_4', 'to': 'Chiplet_3', 'connection_type': '2.5d_emib', 'loc': '2.5d_chiplet'}",1,1,1,1,3,1,ddr4,bow,na,0,0,ws,0,0,0
380,20.311329292433236,2425648.91,154835.2084812949,457844437.6507274,218732.13737685484,97572.71861136722,380,1.51595254,4.475,1024,128x128,7,0.552198,1.11875,768,64x64,7,1.743774000637535,1.7054115854749998,1024,64x64,14,5.656782838920179,6.821646341899999,2048,128x128,14,0.957922696,2.51875,1024,96x96,7,3.3193280905479132,5.538366334949999,3072,128x128,10,2.5d,"{'from': 'Chiplet_4', 'to': 'Chiplet_3', 'connection_type': '2.5d_emib', 'loc': '2.5d_chiplet'},{'from': 'Chiplet_4', 'to': 'Chiplet_6', 'connection_type': '2.5d_emib', 'loc': '2.5d_chiplet'},{'from': 'Chiplet_4', 'to': 'Chiplet_5', 'connection_type': '2.5d_emib', 'loc': '2.5d_chiplet'},{'from': 'Chiplet_5', 'to': 'Chiplet_3', 'connection_type': '2.5d_emib', 'loc': '2.5d_chiplet'},{'from': 'Chiplet_5', 'to': 'Chiplet_4', 'connection_type': '2.5d_emib', 'loc': '2.5d_chiplet'},{'from': 'Chiplet_6', 'to': 'Chiplet_3', 'connection_type': '2.5d_emib', 'loc': '2.5d_chiplet'},{'from': 'Chiplet_6', 'to': 'Chiplet_1', 'connection_type': '2.5d_emib', 'loc': '2.5d_chiplet'},{'from': 'Chiplet_6', 'to': 'Chiplet_4', 'connection_type': '2.5d_emib', 'loc': '2.5d_chiplet'},{'from': 'Chiplet_3', 'to': 'Chiplet_2', 'connection_type': '2.5d_emib', 'loc': '2.5d_chiplet'},{'from': 'Chiplet_3', 'to': 'Chiplet_1', 'connection_type': '2.5d_emib', 'loc': '2.5d_chiplet'},{'from': 'Chiplet_3', 'to': 'Chiplet_4', 'connection_type': '2.5d_emib', 'loc': '2.5d_chiplet'},{'from': 'Chiplet_3', 'to': 'Chiplet_5', 'connection_type': '2.5d_emib', 'loc': '2.5d_chiplet'},{'from': 'Chiplet_3', 'to': 'Chiplet_6', 'connection_type': '2.5d_emib', 'loc': '2.5d_chiplet'},{'from': 'Chiplet_1', 'to': 'Chiplet_3', 'connection_type': '2.5d_emib', 'loc': '2.5d_chiplet'},{'from': 'Chiplet_1', 'to': 'Chiplet_6', 'connection_type': '2.5d_emib', 'loc': '2.5d_chiplet'},{'from': 'Chiplet_1', 'to': 'Chiplet_2', 'connection_type': '2.5d_emib', 'loc': '2.5d_chiplet'},{'from': 'Chiplet_2', 'to': 'Chiplet_3', 'connection_type': '2.5d_emib', 'loc': '2.5d_chiplet'},{'from': 'Chiplet_2', 'to': 'Chiplet_1', 'connection_type': '2.5d_emib', 'loc': '2.5d_chiplet'}",2,1,2,6,1,4,hbm2,aib,na,1,0,ws,1,0,0
381,55.198384829922105,5169855.51,120970.27008582166,1146351517.7407744,73721.94170232108,95587.03544875683,381,6.726740457366197,12.973514847541198,4096,192x192,10,3.3193280905479132,5.538366334949999,3072,128x128,10,4.1253109519999995,10.4826,4096,192x192,7,2.972908090547913,5.538366334949999,2048,128x128,10,14.117807839976791,15.979573171754398,6144,192x192,14,1.86237254,4.475,2048,128x128,7,2.5d,"{'from': 'Chiplet_5', 'to': 'Chiplet_1', 'connection_type': '2.5d_rdl', 'loc': '2.5d_chiplet'},{'from': 'Chiplet_5', 'to': 'Chiplet_4', 'connection_type': '2.5d_rdl', 'loc': '2.5d_chiplet'},{'from': 'Chiplet_4', 'to': 'Chiplet_3', 'connection_type': '2.5d_rdl', 'loc': '2.5d_chiplet'},{'from': 'Chiplet_4', 'to': 'Chiplet_1', 'connection_type': '2.5d_rdl', 'loc': '2.5d_chiplet'},{'from': 'Chiplet_4', 'to': 'Chiplet_5', 'connection_type': '2.5d_rdl', 'loc': '2.5d_chiplet'},{'from': 'Chiplet_1', 'to': 'Chiplet_2', 'connection_type': '2.5d_rdl', 'loc': '2.5d_chiplet'},{'from': 'Chiplet_1', 'to': 'Chiplet_4', 'connection_type': '2.5d_rdl', 'loc': '2.5d_chiplet'},{'from': 'Chiplet_1', 'to': 'Chiplet_5', 'connection_type': '2.5d_rdl', 'loc': '2.5d_chiplet'},{'from': 'Chiplet_1', 'to': 'Chiplet_3', 'connection_type': '2.5d_rdl', 'loc': '2.5d_chiplet'},{'from': 'Chiplet_1', 'to': 'Chiplet_6', 'connection_type': '2.5d_rdl', 'loc': '2.5d_chiplet'},{'from': 'Chiplet_6', 'to': 'Chiplet_2', 'connection_type': '2.5d_rdl', 'loc': '2.5d_chiplet'},{'from': 'Chiplet_6', 'to': 'Chiplet_1', 'connection_type': '2.5d_rdl', 'loc': '2.5d_chiplet'},{'from': 'Chiplet_3', 'to': 'Chiplet_2', 'connection_type': '2.5d_rdl', 'loc': '2.5d_chiplet'},{'from': 'Chiplet_3', 'to': 'Chiplet_1', 'connection_type': '2.5d_rdl', 'loc': '2.5d_chiplet'},{'from': 'Chiplet_3', 'to': 'Chiplet_4', 'connection_type': '2.5d_rdl', 'loc': '2.5d_chiplet'},{'from': 'Chiplet_2', 'to': 'Chiplet_3', 'connection_type': '2.5d_rdl', 'loc': '2.5d_chiplet'},{'from': 'Chiplet_2', 'to': 'Chiplet_1', 'connection_type': '2.5d_rdl', 'loc': '2.5d_chiplet'},{'from': 'Chiplet_2', 'to': 'Chiplet_6', 'connection_type': '2.5d_rdl', 'loc': '2.5d_chiplet'}",1,1,1,1,3,1,ddr4,ucie_std,na,1,0,os,1,0,0
382,37.395450809265654,5108660.96,117704.72919721137,1277602889.9550803,36995.151033386326,56835.04110526557,382,4.818150952,10.4826,6144,192x192,7,15.436124909546791,15.979573171754398,8192,192x192,14,0.829831759447044,1.3845915837374998,768,64x64,10,0.743226759447044,1.3845915837374998,512,64x64,10,4.9976252555201786,6.821646341899999,1024,128x128,14,7.419580457366196,12.973514847541198,6144,192x192,10,2.5d_3d,"{'from': 'Chiplet_6', 'to': 'Chiplet_5', 'connection_type': '3d_hyb_bond', 'loc': 'stack0_base'},{'from': 'Chiplet_5', 'to': 'na', 'connection_type': '3d_hyb_bond', 'loc': 'stack0_top'},{'from': 'Chiplet_2', 'to': 'Chiplet_1', 'connection_type': '2.5d_rdl', 'loc': '2.5d_chiplet'},{'from': 'Chiplet_2', 'to': 'Chiplet_6', 'connection_type': '2.5d_rdl', 'loc': '2.5d_chiplet'},{'from': 'Chiplet_6', 'to': 'Chiplet_2', 'connection_type': '2.5d_rdl', 'loc': '2.5d_chiplet'},{'from': 'Chiplet_6', 'to': 'Chiplet_1', 'connection_type': '2.5d_rdl', 'loc': '2.5d_chiplet'},{'from': 'Chiplet_6', 'to': 'Chiplet_3', 'connection_type': '2.5d_rdl', 'loc': '2.5d_chiplet'},{'from': 'Chiplet_1', 'to': 'Chiplet_2', 'connection_type': '2.5d_rdl', 'loc': '2.5d_chiplet'},{'from': 'Chiplet_1', 'to': 'Chiplet_6', 'connection_type': '2.5d_rdl', 'loc': '2.5d_chiplet'},{'from': 'Chiplet_1', 'to': 'Chiplet_4', 'connection_type': '2.5d_rdl', 'loc': '2.5d_chiplet'},{'from': 'Chiplet_1', 'to': 'Chiplet_3', 'connection_type': '2.5d_rdl', 'loc': '2.5d_chiplet'},{'from': 'Chiplet_3', 'to': 'Chiplet_1', 'connection_type': '2.5d_rdl', 'loc': '2.5d_chiplet'},{'from': 'Chiplet_3', 'to': 'Chiplet_6', 'connection_type': '2.5d_rdl', 'loc': '2.5d_chiplet'},{'from': 'Chiplet_3', 'to': 'Chiplet_4', 'connection_type': '2.5d_rdl', 'loc': '2.5d_chiplet'},{'from': 'Chiplet_4', 'to': 'Chiplet_3', 'connection_type': '2.5d_rdl', 'loc': '2.5d_chiplet'},{'from': 'Chiplet_4', 'to': 'Chiplet_1', 'connection_type': '2.5d_rdl', 'loc': '2.5d_chiplet'}",1,3,1,1,1,1,ddr5,ucie_std,ucie_3d,1,0,is,0,0,0
383,41.322521792585206,3704454.93,93213.28418832661,874830659.695168,125693.71309321922,107963.32171610721,383,2.6264880905479133,5.538366334949999,1024,128x128,10,1.8849981800824636,3.1172648505374996,2048,96x96,10,12.799492673176792,15.979573171754398,4096,192x192,14,1.51595254,4.475,1024,128x128,7,6.975099908490179,6.821646341899999,4096,128x128,14,3.5867297574793953,3.8395579270749995,2048,96x96,14,2.5d,"{'from': 'Chiplet_3', 'to': 'Chiplet_2', 'connection_type': '2.5d_rdl', 'loc': '2.5d_chiplet'},{'from': 'Chiplet_3', 'to': 'Chiplet_6', 'connection_type': '2.5d_rdl', 'loc': '2.5d_chiplet'},{'from': 'Chiplet_3', 'to': 'Chiplet_5', 'connection_type': '2.5d_rdl', 'loc': '2.5d_chiplet'},{'from': 'Chiplet_2', 'to': 'Chiplet_3', 'connection_type': '2.5d_rdl', 'loc': '2.5d_chiplet'},{'from': 'Chiplet_2', 'to': 'Chiplet_6', 'connection_type': '2.5d_rdl', 'loc': '2.5d_chiplet'},{'from': 'Chiplet_5', 'to': 'Chiplet_3', 'connection_type': '2.5d_rdl', 'loc': '2.5d_chiplet'},{'from': 'Chiplet_5', 'to': 'Chiplet_1', 'connection_type': '2.5d_rdl', 'loc': '2.5d_chiplet'},{'from': 'Chiplet_5', 'to': 'Chiplet_6', 'connection_type': '2.5d_rdl', 'loc': '2.5d_chiplet'},{'from': 'Chiplet_6', 'to': 'Chiplet_2', 'connection_type': '2.5d_rdl', 'loc': '2.5d_chiplet'},{'from': 'Chiplet_6', 'to': 'Chiplet_1', 'connection_type': '2.5d_rdl', 'loc': '2.5d_chiplet'},{'from': 'Chiplet_6', 'to': 'Chiplet_4', 'connection_type': '2.5d_rdl', 'loc': '2.5d_chiplet'},{'from': 'Chiplet_6', 'to': 'Chiplet_5', 'connection_type': '2.5d_rdl', 'loc': '2.5d_chiplet'},{'from': 'Chiplet_6', 'to': 'Chiplet_3', 'connection_type': '2.5d_rdl', 'loc': '2.5d_chiplet'},{'from': 'Chiplet_1', 'to': 'Chiplet_4', 'connection_type': '2.5d_rdl', 'loc': '2.5d_chiplet'},{'from': 'Chiplet_1', 'to': 'Chiplet_6', 'connection_type': '2.5d_rdl', 'loc': '2.5d_chiplet'},{'from': 'Chiplet_1', 'to': 'Chiplet_5', 'connection_type': '2.5d_rdl', 'loc': '2.5d_chiplet'},{'from': 'Chiplet_4', 'to': 'Chiplet_1', 'connection_type': '2.5d_rdl', 'loc': '2.5d_chiplet'},{'from': 'Chiplet_4', 'to': 'Chiplet_6', 'connection_type': '2.5d_rdl', 'loc': '2.5d_chiplet'}",1,1,3,1,1,1,ddr5,ucie_std,na,0,0,is,1,0,0
384,25.420336836639017,2080396.83,52729.36686334342,2536164730.250519,31995.44250132485,58985.23209848453,384,0.552198,1.11875,768,64x64,7,5.656782838920179,6.821646341899999,2048,128x128,14,1.4141952089375351,1.7054115854749998,512,64x64,14,1.8849981800824636,3.1172648505374996,2048,96x96,10,5.656782838920179,6.821646341899999,2048,128x128,14,0.916436759447044,1.3845915837374998,1024,64x64,10,2.5d,"{'from': 'Chiplet_2', 'to': 'Chiplet_1', 'connection_type': '2.5d_rdl', 'loc': '2.5d_chiplet'},{'from': 'Chiplet_2', 'to': 'Chiplet_4', 'connection_type': '2.5d_rdl', 'loc': '2.5d_chiplet'},{'from': 'Chiplet_2', 'to': 'Chiplet_5', 'connection_type': '2.5d_rdl', 'loc': '2.5d_chiplet'},{'from': 'Chiplet_4', 'to': 'Chiplet_2', 'connection_type': '2.5d_rdl', 'loc': '2.5d_chiplet'},{'from': 'Chiplet_4', 'to': 'Chiplet_1', 'connection_type': '2.5d_rdl', 'loc': '2.5d_chiplet'},{'from': 'Chiplet_1', 'to': 'Chiplet_2', 'connection_type': '2.5d_rdl', 'loc': '2.5d_chiplet'},{'from': 'Chiplet_1', 'to': 'Chiplet_4', 'connection_type': '2.5d_rdl', 'loc': '2.5d_chiplet'},{'from': 'Chiplet_5', 'to': 'Chiplet_2', 'connection_type': '2.5d_rdl', 'loc': '2.5d_chiplet'},{'from': 'Chiplet_5', 'to': 'Chiplet_6', 'connection_type': '2.5d_rdl', 'loc': '2.5d_chiplet'},{'from': 'Chiplet_5', 'to': 'Chiplet_3', 'connection_type': '2.5d_rdl', 'loc': '2.5d_chiplet'},{'from': 'Chiplet_3', 'to': 'Chiplet_6', 'connection_type': '2.5d_rdl', 'loc': '2.5d_chiplet'},{'from': 'Chiplet_3', 'to': 'Chiplet_5', 'connection_type': '2.5d_rdl', 'loc': '2.5d_chiplet'},{'from': 'Chiplet_6', 'to': 'Chiplet_3', 'connection_type': '2.5d_rdl', 'loc': '2.5d_chiplet'},{'from': 'Chiplet_6', 'to': 'Chiplet_5', 'connection_type': '2.5d_rdl', 'loc': '2.5d_chiplet'}",1,2,1,1,2,1,ddr4,ucie_std,na,1,0,os,0,0,0
385,30.66730764783863,3053101.71,76234.83655126959,802975160.4184636,124549.4601847644,99327.64935547877,385,4.9976252555201786,6.821646341899999,1024,128x128,14,3.5867297574793953,3.8395579270749995,2048,96x96,14,6.033899457366197,12.973514847541198,2048,192x192,10,1.249405813087535,1.7054115854749998,256,64x64,14,0.552198,1.11875,768,64x64,7,4.1253109519999995,10.4826,4096,192x192,7,2.5d,"{'from': 'Chiplet_3', 'to': 'Chiplet_2', 'connection_type': '2.5d_rdl', 'loc': '2.5d_chiplet'},{'from': 'Chiplet_3', 'to': 'Chiplet_1', 'connection_type': '2.5d_rdl', 'loc': '2.5d_chiplet'},{'from': 'Chiplet_3', 'to': 'Chiplet_6', 'connection_type': '2.5d_rdl', 'loc': '2.5d_chiplet'},{'from': 'Chiplet_3', 'to': 'Chiplet_5', 'connection_type': '2.5d_rdl', 'loc': '2.5d_chiplet'},{'from': 'Chiplet_2', 'to': 'Chiplet_3', 'connection_type': '2.5d_rdl', 'loc': '2.5d_chiplet'},{'from': 'Chiplet_2', 'to': 'Chiplet_5', 'connection_type': '2.5d_rdl', 'loc': '2.5d_chiplet'},{'from': 'Chiplet_5', 'to': 'Chiplet_2', 'connection_type': '2.5d_rdl', 'loc': '2.5d_chiplet'},{'from': 'Chiplet_5', 'to': 'Chiplet_3', 'connection_type': '2.5d_rdl', 'loc': '2.5d_chiplet'},{'from': 'Chiplet_1', 'to': 'Chiplet_3', 'connection_type': '2.5d_rdl', 'loc': '2.5d_chiplet'},{'from': 'Chiplet_1', 'to': 'Chiplet_4', 'connection_type': '2.5d_rdl', 'loc': '2.5d_chiplet'},{'from': 'Chiplet_1', 'to': 'Chiplet_6', 'connection_type': '2.5d_rdl', 'loc': '2.5d_chiplet'},{'from': 'Chiplet_6', 'to': 'Chiplet_3', 'connection_type': '2.5d_rdl', 'loc': '2.5d_chiplet'},{'from': 'Chiplet_6', 'to': 'Chiplet_1', 'connection_type': '2.5d_rdl', 'loc': '2.5d_chiplet'},{'from': 'Chiplet_6', 'to': 'Chiplet_4', 'connection_type': '2.5d_rdl', 'loc': '2.5d_chiplet'},{'from': 'Chiplet_4', 'to': 'Chiplet_1', 'connection_type': '2.5d_rdl', 'loc': '2.5d_chiplet'},{'from': 'Chiplet_4', 'to': 'Chiplet_6', 'connection_type': '2.5d_rdl', 'loc': '2.5d_chiplet'}",2,1,2,1,1,1,ddr5,ucie_std,na,0,0,ws,1,0,0
386,5.510991952,3188126.31,129973.54160577907,458741688.8554467,27584.92633517495,21780.01653884217,386,3.2571509657793953,3.8395579270749995,1536,96x96,14,5.5109919519999995,10.4826,8192,192x192,7,1.304342696,2.51875,2048,96x96,7,3.2571509657793953,3.8395579270749995,1536,96x96,14,1.8849981800824636,3.1172648505374996,2048,96x96,10,1.131132696,2.51875,1536,96x96,7,3d,"{'from': 'Chiplet_2', 'to': 'Chiplet_4', 'connection_type': '3d_u_bump', 'loc': 'stack0_base'},{'from': 'Chiplet_4', 'to': 'Chiplet_1', 'connection_type': '3d_u_bump', 'loc': 'stack0_middle1'},{'from': 'Chiplet_1', 'to': 'Chiplet_5', 'connection_type': '3d_u_bump', 'loc': 'stack0_middle2'},{'from': 'Chiplet_5', 'to': 'Chiplet_3', 'connection_type': '3d_u_bump', 'loc': 'stack0_middle3'},{'from': 'Chiplet_3', 'to': 'Chiplet_6', 'connection_type': '3d_u_bump', 'loc': 'stack0_middle4'},{'from': 'Chiplet_6', 'to': 'na', 'connection_type': '3d_u_bump', 'loc': 'stack0_top'}",3,6,1,3,2,1,hbm3,na,ucie_3d,1,0,is,0,0,0
387,20.787257222773707,2177671.26,57032.8355637874,1137820654.70186,17269.82128708513,29882.02185695028,387,0.656621759447044,1.3845915837374998,256,64x64,10,1.3653681800824635,3.1172648505374996,512,96x96,10,3.432469952,10.4826,2048,192x192,7,3.665749090547913,5.538366334949999,4096,128x128,10,2.597993382379395,3.8395579270749995,512,96x96,14,2.927572174079395,3.8395579270749995,1024,96x96,14,2.5d,"{'from': 'Chiplet_4', 'to': 'Chiplet_3', 'connection_type': '2.5d_rdl', 'loc': '2.5d_chiplet'},{'from': 'Chiplet_4', 'to': 'Chiplet_2', 'connection_type': '2.5d_rdl', 'loc': '2.5d_chiplet'},{'from': 'Chiplet_4', 'to': 'Chiplet_5', 'connection_type': '2.5d_rdl', 'loc': '2.5d_chiplet'},{'from': 'Chiplet_5', 'to': 'Chiplet_2', 'connection_type': '2.5d_rdl', 'loc': '2.5d_chiplet'},{'from': 'Chiplet_5', 'to': 'Chiplet_4', 'connection_type': '2.5d_rdl', 'loc': '2.5d_chiplet'},{'from': 'Chiplet_2', 'to': 'Chiplet_4', 'connection_type': '2.5d_rdl', 'loc': '2.5d_chiplet'},{'from': 'Chiplet_2', 'to': 'Chiplet_5', 'connection_type': '2.5d_rdl', 'loc': '2.5d_chiplet'},{'from': 'Chiplet_3', 'to': 'Chiplet_6', 'connection_type': '2.5d_rdl', 'loc': '2.5d_chiplet'},{'from': 'Chiplet_3', 'to': 'Chiplet_4', 'connection_type': '2.5d_rdl', 'loc': '2.5d_chiplet'},{'from': 'Chiplet_3', 'to': 'Chiplet_1', 'connection_type': '2.5d_rdl', 'loc': '2.5d_chiplet'},{'from': 'Chiplet_6', 'to': 'Chiplet_3', 'connection_type': '2.5d_rdl', 'loc': '2.5d_chiplet'},{'from': 'Chiplet_6', 'to': 'Chiplet_1', 'connection_type': '2.5d_rdl', 'loc': '2.5d_chiplet'},{'from': 'Chiplet_1', 'to': 'Chiplet_3', 'connection_type': '2.5d_rdl', 'loc': '2.5d_chiplet'},{'from': 'Chiplet_1', 'to': 'Chiplet_6', 'connection_type': '2.5d_rdl', 'loc': '2.5d_chiplet'}",1,1,2,2,1,1,ddr5,ucie_std,na,0,0,os,0,0,0
388,40.99083507801056,5040703.87,196817.46431100107,521500669.1612147,108285.23520023929,92057.2693911453,388,14.117807839976791,15.979573171754398,6144,192x192,14,1.131132696,2.51875,1536,96x96,7,1.5385781800824634,3.1172648505374996,1024,96x96,10,5.656782838920179,6.821646341899999,2048,128x128,14,5.5109919519999995,10.4826,8192,192x192,7,0.957922696,2.51875,1024,96x96,7,2.5d,"{'from': 'Chiplet_1', 'to': 'Chiplet_4', 'connection_type': '2.5d_emib', 'loc': '2.5d_chiplet'},{'from': 'Chiplet_1', 'to': 'Chiplet_5', 'connection_type': '2.5d_emib', 'loc': '2.5d_chiplet'},{'from': 'Chiplet_4', 'to': 'Chiplet_2', 'connection_type': '2.5d_emib', 'loc': '2.5d_chiplet'},{'from': 'Chiplet_4', 'to': 'Chiplet_1', 'connection_type': '2.5d_emib', 'loc': '2.5d_chiplet'},{'from': 'Chiplet_4', 'to': 'Chiplet_6', 'connection_type': '2.5d_emib', 'loc': '2.5d_chiplet'},{'from': 'Chiplet_4', 'to': 'Chiplet_5', 'connection_type': '2.5d_emib', 'loc': '2.5d_chiplet'},{'from': 'Chiplet_2', 'to': 'Chiplet_6', 'connection_type': '2.5d_emib', 'loc': '2.5d_chiplet'},{'from': 'Chiplet_2', 'to': 'Chiplet_4', 'connection_type': '2.5d_emib', 'loc': '2.5d_chiplet'},{'from': 'Chiplet_6', 'to': 'Chiplet_2', 'connection_type': '2.5d_emib', 'loc': '2.5d_chiplet'},{'from': 'Chiplet_6', 'to': 'Chiplet_4', 'connection_type': '2.5d_emib', 'loc': '2.5d_chiplet'},{'from': 'Chiplet_6', 'to': 'Chiplet_3', 'connection_type': '2.5d_emib', 'loc': '2.5d_chiplet'},{'from': 'Chiplet_5', 'to': 'Chiplet_3', 'connection_type': '2.5d_emib', 'loc': '2.5d_chiplet'},{'from': 'Chiplet_5', 'to': 'Chiplet_1', 'connection_type': '2.5d_emib', 'loc': '2.5d_chiplet'},{'from': 'Chiplet_5', 'to': 'Chiplet_4', 'connection_type': '2.5d_emib', 'loc': '2.5d_chiplet'},{'from': 'Chiplet_3', 'to': 'Chiplet_6', 'connection_type': '2.5d_emib', 'loc': '2.5d_chiplet'},{'from': 'Chiplet_3', 'to': 'Chiplet_5', 'connection_type': '2.5d_emib', 'loc': '2.5d_chiplet'}",7,1,1,3,3,1,hbm2,bow,na,1,0,is,1,0,0
389,26.040523884286827,2661651.35,165419.81582956057,1600795129.655924,31262.35294117647,46741.45170337569,389,1.8849981800824636,3.1172648505374996,2048,96x96,10,1.743774000637535,1.7054115854749998,1024,64x64,14,1.8849981800824636,3.1172648505374996,2048,96x96,10,1.578984604787535,1.7054115854749998,768,64x64,14,1.86237254,4.475,2048,128x128,7,11.481175603606792,15.979573171754398,2048,192x192,14,2.5d,"{'from': 'Chiplet_6', 'to': 'Chiplet_3', 'connection_type': '2.5d_emib', 'loc': '2.5d_chiplet'},{'from': 'Chiplet_6', 'to': 'Chiplet_1', 'connection_type': '2.5d_emib', 'loc': '2.5d_chiplet'},{'from': 'Chiplet_1', 'to': 'Chiplet_3', 'connection_type': '2.5d_emib', 'loc': '2.5d_chiplet'},{'from': 'Chiplet_1', 'to': 'Chiplet_6', 'connection_type': '2.5d_emib', 'loc': '2.5d_chiplet'},{'from': 'Chiplet_1', 'to': 'Chiplet_5', 'connection_type': '2.5d_emib', 'loc': '2.5d_chiplet'},{'from': 'Chiplet_5', 'to': 'Chiplet_2', 'connection_type': '2.5d_emib', 'loc': '2.5d_chiplet'},{'from': 'Chiplet_5', 'to': 'Chiplet_1', 'connection_type': '2.5d_emib', 'loc': '2.5d_chiplet'},{'from': 'Chiplet_3', 'to': 'Chiplet_2', 'connection_type': '2.5d_emib', 'loc': '2.5d_chiplet'},{'from': 'Chiplet_3', 'to': 'Chiplet_4', 'connection_type': '2.5d_emib', 'loc': '2.5d_chiplet'},{'from': 'Chiplet_3', 'to': 'Chiplet_6', 'connection_type': '2.5d_emib', 'loc': '2.5d_chiplet'},{'from': 'Chiplet_3', 'to': 'Chiplet_1', 'connection_type': '2.5d_emib', 'loc': '2.5d_chiplet'},{'from': 'Chiplet_2', 'to': 'Chiplet_3', 'connection_type': '2.5d_emib', 'loc': '2.5d_chiplet'},{'from': 'Chiplet_2', 'to': 'Chiplet_4', 'connection_type': '2.5d_emib', 'loc': '2.5d_chiplet'},{'from': 'Chiplet_2', 'to': 'Chiplet_5', 'connection_type': '2.5d_emib', 'loc': '2.5d_chiplet'},{'from': 'Chiplet_4', 'to': 'Chiplet_3', 'connection_type': '2.5d_emib', 'loc': '2.5d_chiplet'},{'from': 'Chiplet_4', 'to': 'Chiplet_2', 'connection_type': '2.5d_emib', 'loc': '2.5d_chiplet'}",1,1,1,1,1,3,ddr4,aib,na,1,0,ws,0,0,0
390,30.419564993321437,4618291.44,143860.36186218663,1133506637.8283834,65130.3616519057,78902.85425656698,390,0.743226759447044,1.3845915837374998,512,64x64,10,7.419580457366196,12.973514847541198,6144,192x192,10,3.5867297574793953,3.8395579270749995,2048,96x96,14,2.927572174079395,3.8395579270749995,1024,96x96,14,4.818150952,10.4826,6144,192x192,7,11.481175603606792,15.979573171754398,2048,192x192,14,2.5d_3d,"{'from': 'Chiplet_2', 'to': 'Chiplet_3', 'connection_type': '3d_hyb_bond', 'loc': 'stack0_base'},{'from': 'Chiplet_3', 'to': 'Chiplet_4', 'connection_type': '3d_hyb_bond', 'loc': 'stack0_middle1'},{'from': 'Chiplet_4', 'to': 'Chiplet_1', 'connection_type': '3d_hyb_bond', 'loc': 'stack0_middle2'},{'from': 'Chiplet_1', 'to': 'na', 'connection_type': '3d_hyb_bond', 'loc': 'stack0_top'},{'from': 'Chiplet_6', 'to': 'Chiplet_2', 'connection_type': '2.5d_emib', 'loc': '2.5d_chiplet'},{'from': 'Chiplet_6', 'to': 'Chiplet_5', 'connection_type': '2.5d_emib', 'loc': '2.5d_chiplet'},{'from': 'Chiplet_2', 'to': 'Chiplet_6', 'connection_type': '2.5d_emib', 'loc': '2.5d_chiplet'},{'from': 'Chiplet_2', 'to': 'Chiplet_5', 'connection_type': '2.5d_emib', 'loc': '2.5d_chiplet'},{'from': 'Chiplet_5', 'to': 'Chiplet_2', 'connection_type': '2.5d_emib', 'loc': '2.5d_chiplet'},{'from': 'Chiplet_5', 'to': 'Chiplet_6', 'connection_type': '2.5d_emib', 'loc': '2.5d_chiplet'}",1,1,1,1,1,3,ddr4,bow,ucie_3d,0,0,os,1,0,0
391,58.62045301200078,6989723.89,226184.7370245979,605762714.3044574,109927.56051846298,133232.50590180428,391,14.117807839976791,15.979573171754398,6144,192x192,14,1.7117881800824635,3.1172648505374996,1536,96x96,10,2.927572174079395,3.8395579270749995,1024,96x96,14,3.665749090547913,5.538366334949999,4096,128x128,10,14.117807839976791,15.979573171754398,6144,192x192,14,14.117807839976791,15.979573171754398,6144,192x192,14,2.5d,"{'from': 'Chiplet_1', 'to': 'Chiplet_6', 'connection_type': '2.5d_emib', 'loc': '2.5d_chiplet'},{'from': 'Chiplet_1', 'to': 'Chiplet_5', 'connection_type': '2.5d_emib', 'loc': '2.5d_chiplet'},{'from': 'Chiplet_6', 'to': 'Chiplet_1', 'connection_type': '2.5d_emib', 'loc': '2.5d_chiplet'},{'from': 'Chiplet_6', 'to': 'Chiplet_4', 'connection_type': '2.5d_emib', 'loc': '2.5d_chiplet'},{'from': 'Chiplet_5', 'to': 'Chiplet_3', 'connection_type': '2.5d_emib', 'loc': '2.5d_chiplet'},{'from': 'Chiplet_5', 'to': 'Chiplet_1', 'connection_type': '2.5d_emib', 'loc': '2.5d_chiplet'},{'from': 'Chiplet_5', 'to': 'Chiplet_4', 'connection_type': '2.5d_emib', 'loc': '2.5d_chiplet'},{'from': 'Chiplet_4', 'to': 'Chiplet_3', 'connection_type': '2.5d_emib', 'loc': '2.5d_chiplet'},{'from': 'Chiplet_4', 'to': 'Chiplet_6', 'connection_type': '2.5d_emib', 'loc': '2.5d_chiplet'},{'from': 'Chiplet_4', 'to': 'Chiplet_2', 'connection_type': '2.5d_emib', 'loc': '2.5d_chiplet'},{'from': 'Chiplet_4', 'to': 'Chiplet_5', 'connection_type': '2.5d_emib', 'loc': '2.5d_chiplet'},{'from': 'Chiplet_3', 'to': 'Chiplet_2', 'connection_type': '2.5d_emib', 'loc': '2.5d_chiplet'},{'from': 'Chiplet_3', 'to': 'Chiplet_4', 'connection_type': '2.5d_emib', 'loc': '2.5d_chiplet'},{'from': 'Chiplet_3', 'to': 'Chiplet_5', 'connection_type': '2.5d_emib', 'loc': '2.5d_chiplet'},{'from': 'Chiplet_2', 'to': 'Chiplet_3', 'connection_type': '2.5d_emib', 'loc': '2.5d_chiplet'},{'from': 'Chiplet_2', 'to': 'Chiplet_4', 'connection_type': '2.5d_emib', 'loc': '2.5d_chiplet'}",5,1,1,1,4,4,hbm2,ucie_adv,na,1,0,is,1,0,0
392,29.033032687885424,3441723.21,169996.34776668594,440552672.5421878,22420.045778677697,21279.633361849123,392,0.784712696,2.51875,512,96x96,7,1.4141952089375351,1.7054115854749998,512,64x64,14,3.3193280905479132,5.538366334949999,3072,128x128,10,1.7117881800824635,3.1172648505374996,1536,96x96,10,1.3653681800824635,3.1172648505374996,512,96x96,10,14.117807839976791,15.979573171754398,6144,192x192,14,2.5d,"{'from': 'Chiplet_6', 'to': 'Chiplet_3', 'connection_type': '2.5d_emib', 'loc': '2.5d_chiplet'},{'from': 'Chiplet_6', 'to': 'Chiplet_4', 'connection_type': '2.5d_emib', 'loc': '2.5d_chiplet'},{'from': 'Chiplet_3', 'to': 'Chiplet_2', 'connection_type': '2.5d_emib', 'loc': '2.5d_chiplet'},{'from': 'Chiplet_3', 'to': 'Chiplet_1', 'connection_type': '2.5d_emib', 'loc': '2.5d_chiplet'},{'from': 'Chiplet_3', 'to': 'Chiplet_6', 'connection_type': '2.5d_emib', 'loc': '2.5d_chiplet'},{'from': 'Chiplet_3', 'to': 'Chiplet_4', 'connection_type': '2.5d_emib', 'loc': '2.5d_chiplet'},{'from': 'Chiplet_1', 'to': 'Chiplet_3', 'connection_type': '2.5d_emib', 'loc': '2.5d_chiplet'},{'from': 'Chiplet_1', 'to': 'Chiplet_2', 'connection_type': '2.5d_emib', 'loc': '2.5d_chiplet'},{'from': 'Chiplet_4', 'to': 'Chiplet_2', 'connection_type': '2.5d_emib', 'loc': '2.5d_chiplet'},{'from': 'Chiplet_4', 'to': 'Chiplet_6', 'connection_type': '2.5d_emib', 'loc': '2.5d_chiplet'},{'from': 'Chiplet_4', 'to': 'Chiplet_3', 'connection_type': '2.5d_emib', 'loc': '2.5d_chiplet'},{'from': 'Chiplet_4', 'to': 'Chiplet_5', 'connection_type': '2.5d_emib', 'loc': '2.5d_chiplet'},{'from': 'Chiplet_2', 'to': 'Chiplet_3', 'connection_type': '2.5d_emib', 'loc': '2.5d_chiplet'},{'from': 'Chiplet_2', 'to': 'Chiplet_1', 'connection_type': '2.5d_emib', 'loc': '2.5d_chiplet'},{'from': 'Chiplet_2', 'to': 'Chiplet_4', 'connection_type': '2.5d_emib', 'loc': '2.5d_chiplet'},{'from': 'Chiplet_2', 'to': 'Chiplet_5', 'connection_type': '2.5d_emib', 'loc': '2.5d_chiplet'},{'from': 'Chiplet_5', 'to': 'Chiplet_2', 'connection_type': '2.5d_emib', 'loc': '2.5d_chiplet'},{'from': 'Chiplet_5', 'to': 'Chiplet_4', 'connection_type': '2.5d_emib', 'loc': '2.5d_chiplet'}",1,1,2,1,1,10,hbm3,ucie_adv,na,1,0,ws,0,0,0
393,15.284341052110744,2369209.95,65203.10200190694,1111705898.9902048,64281.17237277976,52289.00639484577,393,0.957922696,2.51875,1024,96x96,7,1.8849981800824636,3.1172648505374996,2048,96x96,10,1.8849981800824636,3.1172648505374996,2048,96x96,10,7.419580457366196,12.973514847541198,6144,192x192,10,0.743226759447044,1.3845915837374998,512,64x64,10,3.2571509657793953,3.8395579270749995,1536,96x96,14,2.5d_3d,"{'from': 'Chiplet_4', 'to': 'Chiplet_6', 'connection_type': '3d_u_bump', 'loc': 'stack0_base'},{'from': 'Chiplet_6', 'to': 'Chiplet_1', 'connection_type': '3d_u_bump', 'loc': 'stack0_middle1'},{'from': 'Chiplet_1', 'to': 'Chiplet_5', 'connection_type': '3d_u_bump', 'loc': 'stack0_middle2'},{'from': 'Chiplet_5', 'to': 'na', 'connection_type': '3d_u_bump', 'loc': 'stack0_top'},{'from': 'Chiplet_4', 'to': 'Chiplet_2', 'connection_type': '2.5d_rdl', 'loc': '2.5d_chiplet'},{'from': 'Chiplet_4', 'to': 'Chiplet_3', 'connection_type': '2.5d_rdl', 'loc': '2.5d_chiplet'},{'from': 'Chiplet_2', 'to': 'Chiplet_3', 'connection_type': '2.5d_rdl', 'loc': '2.5d_chiplet'},{'from': 'Chiplet_2', 'to': 'Chiplet_4', 'connection_type': '2.5d_rdl', 'loc': '2.5d_chiplet'},{'from': 'Chiplet_3', 'to': 'Chiplet_2', 'connection_type': '2.5d_rdl', 'loc': '2.5d_chiplet'},{'from': 'Chiplet_3', 'to': 'Chiplet_4', 'connection_type': '2.5d_rdl', 'loc': '2.5d_chiplet'}",1,1,1,3,1,1,ddr4,ucie_std,ucie_3d,0,0,ws,1,0,0
394,25.477113291879093,2939142.89,160595.86846461013,396031995.87508214,36904.94028230185,26382.910631276973,394,6.033899457366197,12.973514847541198,2048,192x192,10,2.20879254,4.475,3072,128x128,7,4.9976252555201786,6.821646341899999,1024,128x128,14,0.829831759447044,1.3845915837374998,768,64x64,10,0.638803,1.11875,1024,64x64,7,0.656621759447044,1.3845915837374998,256,64x64,10,2.5d,"{'from': 'Chiplet_1', 'to': 'Chiplet_3', 'connection_type': '2.5d_emib', 'loc': '2.5d_chiplet'},{'from': 'Chiplet_1', 'to': 'Chiplet_4', 'connection_type': '2.5d_emib', 'loc': '2.5d_chiplet'},{'from': 'Chiplet_1', 'to': 'Chiplet_2', 'connection_type': '2.5d_emib', 'loc': '2.5d_chiplet'},{'from': 'Chiplet_1', 'to': 'Chiplet_6', 'connection_type': '2.5d_emib', 'loc': '2.5d_chiplet'},{'from': 'Chiplet_4', 'to': 'Chiplet_1', 'connection_type': '2.5d_emib', 'loc': '2.5d_chiplet'},{'from': 'Chiplet_4', 'to': 'Chiplet_6', 'connection_type': '2.5d_emib', 'loc': '2.5d_chiplet'},{'from': 'Chiplet_6', 'to': 'Chiplet_1', 'connection_type': '2.5d_emib', 'loc': '2.5d_chiplet'},{'from': 'Chiplet_6', 'to': 'Chiplet_4', 'connection_type': '2.5d_emib', 'loc': '2.5d_chiplet'},{'from': 'Chiplet_3', 'to': 'Chiplet_2', 'connection_type': '2.5d_emib', 'loc': '2.5d_chiplet'},{'from': 'Chiplet_3', 'to': 'Chiplet_1', 'connection_type': '2.5d_emib', 'loc': '2.5d_chiplet'},{'from': 'Chiplet_3', 'to': 'Chiplet_5', 'connection_type': '2.5d_emib', 'loc': '2.5d_chiplet'},{'from': 'Chiplet_2', 'to': 'Chiplet_3', 'connection_type': '2.5d_emib', 'loc': '2.5d_chiplet'},{'from': 'Chiplet_2', 'to': 'Chiplet_1', 'connection_type': '2.5d_emib', 'loc': '2.5d_chiplet'},{'from': 'Chiplet_2', 'to': 'Chiplet_5', 'connection_type': '2.5d_emib', 'loc': '2.5d_chiplet'},{'from': 'Chiplet_5', 'to': 'Chiplet_2', 'connection_type': '2.5d_emib', 'loc': '2.5d_chiplet'},{'from': 'Chiplet_5', 'to': 'Chiplet_3', 'connection_type': '2.5d_emib', 'loc': '2.5d_chiplet'}",6,2,5,1,1,1,hbm3,bow,na,1,0,is,0,0,0
395,35.73128559093665,4550635.32,97726.7806751433,527214009.97351736,27344.380603096983,31200.958730690985,395,2.55521354,4.475,4096,128x128,7,6.315940422320179,6.821646341899999,3072,128x128,14,3.2571509657793953,3.8395579270749995,1536,96x96,14,7.419580457366196,12.973514847541198,6144,192x192,10,1.4141952089375351,1.7054115854749998,512,64x64,14,7.419580457366196,12.973514847541198,6144,192x192,10,2.5d,"{'from': 'Chiplet_4', 'to': 'Chiplet_2', 'connection_type': '2.5d_rdl', 'loc': '2.5d_chiplet'},{'from': 'Chiplet_4', 'to': 'Chiplet_6', 'connection_type': '2.5d_rdl', 'loc': '2.5d_chiplet'},{'from': 'Chiplet_2', 'to': 'Chiplet_3', 'connection_type': '2.5d_rdl', 'loc': '2.5d_chiplet'},{'from': 'Chiplet_2', 'to': 'Chiplet_4', 'connection_type': '2.5d_rdl', 'loc': '2.5d_chiplet'},{'from': 'Chiplet_6', 'to': 'Chiplet_3', 'connection_type': '2.5d_rdl', 'loc': '2.5d_chiplet'},{'from': 'Chiplet_6', 'to': 'Chiplet_1', 'connection_type': '2.5d_rdl', 'loc': '2.5d_chiplet'},{'from': 'Chiplet_6', 'to': 'Chiplet_4', 'connection_type': '2.5d_rdl', 'loc': '2.5d_chiplet'},{'from': 'Chiplet_3', 'to': 'Chiplet_2', 'connection_type': '2.5d_rdl', 'loc': '2.5d_chiplet'},{'from': 'Chiplet_3', 'to': 'Chiplet_1', 'connection_type': '2.5d_rdl', 'loc': '2.5d_chiplet'},{'from': 'Chiplet_3', 'to': 'Chiplet_6', 'connection_type': '2.5d_rdl', 'loc': '2.5d_chiplet'},{'from': 'Chiplet_3', 'to': 'Chiplet_5', 'connection_type': '2.5d_rdl', 'loc': '2.5d_chiplet'},{'from': 'Chiplet_1', 'to': 'Chiplet_3', 'connection_type': '2.5d_rdl', 'loc': '2.5d_chiplet'},{'from': 'Chiplet_1', 'to': 'Chiplet_6', 'connection_type': '2.5d_rdl', 'loc': '2.5d_chiplet'},{'from': 'Chiplet_1', 'to': 'Chiplet_5', 'connection_type': '2.5d_rdl', 'loc': '2.5d_chiplet'},{'from': 'Chiplet_5', 'to': 'Chiplet_3', 'connection_type': '2.5d_rdl', 'loc': '2.5d_chiplet'},{'from': 'Chiplet_5', 'to': 'Chiplet_1', 'connection_type': '2.5d_rdl', 'loc': '2.5d_chiplet'}",1,4,2,4,1,4,hbm3,ucie_std,na,1,0,is,0,0,0
396,29.91225252841628,4356787.5,89084.96589690665,640969723.8325163,22315.0,27638.687434160805,396,1.8849981800824636,3.1172648505374996,2048,96x96,10,2.597993382379395,3.8395579270749995,512,96x96,14,2.927572174079395,3.8395579270749995,1024,96x96,14,4.1253109519999995,10.4826,4096,192x192,7,0.656621759447044,1.3845915837374998,256,64x64,10,14.117807839976791,15.979573171754398,6144,192x192,14,2.5d_3d,"{'from': 'Chiplet_3', 'to': 'Chiplet_1', 'connection_type': '3d_u_bump', 'loc': 'stack0_base'},{'from': 'Chiplet_1', 'to': 'Chiplet_5', 'connection_type': '3d_u_bump', 'loc': 'stack0_middle1'},{'from': 'Chiplet_5', 'to': 'na', 'connection_type': '3d_u_bump', 'loc': 'stack0_top'},{'from': 'Chiplet_6', 'to': 'Chiplet_3', 'connection_type': '2.5d_rdl', 'loc': '2.5d_chiplet'},{'from': 'Chiplet_6', 'to': 'Chiplet_4', 'connection_type': '2.5d_rdl', 'loc': '2.5d_chiplet'},{'from': 'Chiplet_4', 'to': 'Chiplet_3', 'connection_type': '2.5d_rdl', 'loc': '2.5d_chiplet'},{'from': 'Chiplet_4', 'to': 'Chiplet_6', 'connection_type': '2.5d_rdl', 'loc': '2.5d_chiplet'},{'from': 'Chiplet_4', 'to': 'Chiplet_2', 'connection_type': '2.5d_rdl', 'loc': '2.5d_chiplet'},{'from': 'Chiplet_3', 'to': 'Chiplet_2', 'connection_type': '2.5d_rdl', 'loc': '2.5d_chiplet'},{'from': 'Chiplet_3', 'to': 'Chiplet_4', 'connection_type': '2.5d_rdl', 'loc': '2.5d_chiplet'},{'from': 'Chiplet_3', 'to': 'Chiplet_6', 'connection_type': '2.5d_rdl', 'loc': '2.5d_chiplet'},{'from': 'Chiplet_2', 'to': 'Chiplet_3', 'connection_type': '2.5d_rdl', 'loc': '2.5d_chiplet'},{'from': 'Chiplet_2', 'to': 'Chiplet_4', 'connection_type': '2.5d_rdl', 'loc': '2.5d_chiplet'}",1,1,2,2,1,9,hbm2,ucie_std,ucie_3d,0,0,ws,0,0,0
397,17.126032160264046,2577147.4,104535.07512714835,792111161.1116657,92548.51102222767,63265.29851366477,397,0.957922696,2.51875,1024,96x96,7,1.743774000637535,1.7054115854749998,1024,64x64,14,2.927572174079395,3.8395579270749995,1024,96x96,14,1.8849981800824636,3.1172648505374996,2048,96x96,10,1.51595254,4.475,1024,128x128,7,7.419580457366196,12.973514847541198,6144,192x192,10,2.5d_3d,"{'from': 'Chiplet_3', 'to': 'Chiplet_4', 'connection_type': '3d_u_bump', 'loc': 'stack0_base'},{'from': 'Chiplet_4', 'to': 'Chiplet_2', 'connection_type': '3d_u_bump', 'loc': 'stack0_middle1'},{'from': 'Chiplet_2', 'to': 'Chiplet_1', 'connection_type': '3d_u_bump', 'loc': 'stack0_middle2'},{'from': 'Chiplet_1', 'to': 'na', 'connection_type': '3d_u_bump', 'loc': 'stack0_top'},{'from': 'Chiplet_6', 'to': 'Chiplet_3', 'connection_type': '2.5d_emib', 'loc': '2.5d_chiplet'},{'from': 'Chiplet_6', 'to': 'Chiplet_5', 'connection_type': '2.5d_emib', 'loc': '2.5d_chiplet'},{'from': 'Chiplet_3', 'to': 'Chiplet_6', 'connection_type': '2.5d_emib', 'loc': '2.5d_chiplet'},{'from': 'Chiplet_3', 'to': 'Chiplet_5', 'connection_type': '2.5d_emib', 'loc': '2.5d_chiplet'},{'from': 'Chiplet_5', 'to': 'Chiplet_3', 'connection_type': '2.5d_emib', 'loc': '2.5d_chiplet'},{'from': 'Chiplet_5', 'to': 'Chiplet_6', 'connection_type': '2.5d_emib', 'loc': '2.5d_chiplet'}",1,1,1,1,1,3,ddr5,bow,ucie_3d,1,0,is,1,0,0
398,16.697045039605356,2467279.1,119523.99556810944,850496364.7704492,81659.28288610574,55190.85517883949,398,0.957922696,2.51875,1024,96x96,7,1.4141952089375351,1.7054115854749998,512,64x64,14,4.818150952,10.4826,6144,192x192,7,1.4141952089375351,1.7054115854749998,512,64x64,14,4.9976252555201786,6.821646341899999,1024,128x128,14,1.8849981800824636,3.1172648505374996,2048,96x96,10,2.5d_3d,"{'from': 'Chiplet_6', 'to': 'Chiplet_2', 'connection_type': '3d_tsv', 'loc': 'stack0_base'},{'from': 'Chiplet_2', 'to': 'Chiplet_4', 'connection_type': '3d_tsv', 'loc': 'stack0_middle1'},{'from': 'Chiplet_4', 'to': 'na', 'connection_type': '3d_tsv', 'loc': 'stack0_top'},{'from': 'Chiplet_5', 'to': 'Chiplet_3', 'connection_type': '2.5d_emib', 'loc': '2.5d_chiplet'},{'from': 'Chiplet_5', 'to': 'Chiplet_1', 'connection_type': '2.5d_emib', 'loc': '2.5d_chiplet'},{'from': 'Chiplet_1', 'to': 'Chiplet_6', 'connection_type': '2.5d_emib', 'loc': '2.5d_chiplet'},{'from': 'Chiplet_1', 'to': 'Chiplet_5', 'connection_type': '2.5d_emib', 'loc': '2.5d_chiplet'},{'from': 'Chiplet_3', 'to': 'Chiplet_6', 'connection_type': '2.5d_emib', 'loc': '2.5d_chiplet'},{'from': 'Chiplet_3', 'to': 'Chiplet_5', 'connection_type': '2.5d_emib', 'loc': '2.5d_chiplet'},{'from': 'Chiplet_6', 'to': 'Chiplet_3', 'connection_type': '2.5d_emib', 'loc': '2.5d_chiplet'},{'from': 'Chiplet_6', 'to': 'Chiplet_1', 'connection_type': '2.5d_emib', 'loc': '2.5d_chiplet'}",1,1,2,1,2,1,ddr5,bow,ucie_3d,0,0,is,1,0,0
399,75.4639319439901,6242712.04,136926.94375093209,1800590740.9879913,20200.686274509804,54276.36179378244,399,2.597993382379395,3.8395579270749995,512,96x96,14,15.436124909546791,15.979573171754398,8192,192x192,14,5.656782838920179,6.821646341899999,2048,128x128,14,0.916436759447044,1.3845915837374998,1024,64x64,10,7.419580457366196,12.973514847541198,6144,192x192,10,15.436124909546791,15.979573171754398,8192,192x192,14,2.5d,"{'from': 'Chiplet_2', 'to': 'Chiplet_4', 'connection_type': '2.5d_rdl', 'loc': '2.5d_chiplet'},{'from': 'Chiplet_2', 'to': 'Chiplet_6', 'connection_type': '2.5d_rdl', 'loc': '2.5d_chiplet'},{'from': 'Chiplet_2', 'to': 'Chiplet_5', 'connection_type': '2.5d_rdl', 'loc': '2.5d_chiplet'},{'from': 'Chiplet_5', 'to': 'Chiplet_2', 'connection_type': '2.5d_rdl', 'loc': '2.5d_chiplet'},{'from': 'Chiplet_5', 'to': 'Chiplet_4', 'connection_type': '2.5d_rdl', 'loc': '2.5d_chiplet'},{'from': 'Chiplet_4', 'to': 'Chiplet_2', 'connection_type': '2.5d_rdl', 'loc': '2.5d_chiplet'},{'from': 'Chiplet_4', 'to': 'Chiplet_5', 'connection_type': '2.5d_rdl', 'loc': '2.5d_chiplet'},{'from': 'Chiplet_6', 'to': 'Chiplet_2', 'connection_type': '2.5d_rdl', 'loc': '2.5d_chiplet'},{'from': 'Chiplet_6', 'to': 'Chiplet_1', 'connection_type': '2.5d_rdl', 'loc': '2.5d_chiplet'},{'from': 'Chiplet_6', 'to': 'Chiplet_3', 'connection_type': '2.5d_rdl', 'loc': '2.5d_chiplet'},{'from': 'Chiplet_3', 'to': 'Chiplet_1', 'connection_type': '2.5d_rdl', 'loc': '2.5d_chiplet'},{'from': 'Chiplet_3', 'to': 'Chiplet_6', 'connection_type': '2.5d_rdl', 'loc': '2.5d_chiplet'},{'from': 'Chiplet_1', 'to': 'Chiplet_3', 'connection_type': '2.5d_rdl', 'loc': '2.5d_chiplet'},{'from': 'Chiplet_1', 'to': 'Chiplet_6', 'connection_type': '2.5d_rdl', 'loc': '2.5d_chiplet'}",1,2,1,1,1,2,ddr4,ucie_std,na,1,0,os,0,0,0
400,17.304417007953493,5188359.53,168860.33962355548,509647147.04589695,21288.04118943025,31792.274919921612,400,3.2571509657793953,3.8395579270749995,1536,96x96,14,4.9976252555201786,6.821646341899999,1024,128x128,14,12.799492673176792,15.979573171754398,4096,192x192,14,1.249405813087535,1.7054115854749998,256,64x64,14,12.799492673176792,15.979573171754398,4096,192x192,14,8.112421457366196,12.973514847541198,8192,192x192,10,2.5d_3d,"{'from': 'Chiplet_3', 'to': 'Chiplet_5', 'connection_type': '3d_u_bump', 'loc': 'stack0_base'},{'from': 'Chiplet_5', 'to': 'Chiplet_6', 'connection_type': '3d_u_bump', 'loc': 'stack0_middle1'},{'from': 'Chiplet_6', 'to': 'Chiplet_2', 'connection_type': '3d_u_bump', 'loc': 'stack0_middle2'},{'from': 'Chiplet_2', 'to': 'Chiplet_1', 'connection_type': '3d_u_bump', 'loc': 'stack0_middle3'},{'from': 'Chiplet_1', 'to': 'na', 'connection_type': '3d_u_bump', 'loc': 'stack0_top'},{'from': 'Chiplet_3', 'to': 'Chiplet_4', 'connection_type': '2.5d_emib', 'loc': '2.5d_chiplet'},{'from': 'Chiplet_4', 'to': 'Chiplet_3', 'connection_type': '2.5d_emib', 'loc': '2.5d_chiplet'}",1,2,5,1,4,3,hbm3,ucie_adv,ucie_3d,0,0,ws,1,0,0
401,11.119632230989264,2137026.48,99754.542520282,799381690.6375031,135631.76096940297,68094.7941229857,401,1.86237254,4.475,2048,128x128,7,1.4141952089375351,1.7054115854749998,512,64x64,14,0.957922696,2.51875,1024,96x96,7,0.552198,1.11875,768,64x64,7,0.552198,1.11875,768,64x64,7,4.818150952,10.4826,6144,192x192,7,2.5d_3d,"{'from': 'Chiplet_1', 'to': 'Chiplet_2', 'connection_type': '3d_u_bump', 'loc': 'stack0_base'},{'from': 'Chiplet_2', 'to': 'Chiplet_3', 'connection_type': '3d_u_bump', 'loc': 'stack0_middle1'},{'from': 'Chiplet_3', 'to': 'Chiplet_5', 'connection_type': '3d_u_bump', 'loc': 'stack0_middle2'},{'from': 'Chiplet_5', 'to': 'na', 'connection_type': '3d_u_bump', 'loc': 'stack0_top'},{'from': 'Chiplet_6', 'to': 'Chiplet_1', 'connection_type': '2.5d_emib', 'loc': '2.5d_chiplet'},{'from': 'Chiplet_6', 'to': 'Chiplet_4', 'connection_type': '2.5d_emib', 'loc': '2.5d_chiplet'},{'from': 'Chiplet_1', 'to': 'Chiplet_4', 'connection_type': '2.5d_emib', 'loc': '2.5d_chiplet'},{'from': 'Chiplet_1', 'to': 'Chiplet_6', 'connection_type': '2.5d_emib', 'loc': '2.5d_chiplet'},{'from': 'Chiplet_4', 'to': 'Chiplet_1', 'connection_type': '2.5d_emib', 'loc': '2.5d_chiplet'},{'from': 'Chiplet_4', 'to': 'Chiplet_6', 'connection_type': '2.5d_emib', 'loc': '2.5d_chiplet'}",1,1,1,1,1,3,ddr5,bow,ucie_3d,1,0,is,1,0,0
402,28.60142269368316,2924408.2,73340.31678895783,1094932676.8707066,318384.2330005005,203664.67079587904,402,1.86237254,4.475,2048,128x128,7,2.55521354,4.475,4096,128x128,7,7.419580457366196,12.973514847541198,6144,192x192,10,0.656621759447044,1.3845915837374998,256,64x64,10,1.131132696,2.51875,1536,96x96,7,2.6264880905479133,5.538366334949999,1024,128x128,10,2.5d,"{'from': 'Chiplet_3', 'to': 'Chiplet_4', 'connection_type': '2.5d_rdl', 'loc': '2.5d_chiplet'},{'from': 'Chiplet_3', 'to': 'Chiplet_6', 'connection_type': '2.5d_rdl', 'loc': '2.5d_chiplet'},{'from': 'Chiplet_4', 'to': 'Chiplet_2', 'connection_type': '2.5d_rdl', 'loc': '2.5d_chiplet'},{'from': 'Chiplet_4', 'to': 'Chiplet_6', 'connection_type': '2.5d_rdl', 'loc': '2.5d_chiplet'},{'from': 'Chiplet_4', 'to': 'Chiplet_3', 'connection_type': '2.5d_rdl', 'loc': '2.5d_chiplet'},{'from': 'Chiplet_6', 'to': 'Chiplet_3', 'connection_type': '2.5d_rdl', 'loc': '2.5d_chiplet'},{'from': 'Chiplet_6', 'to': 'Chiplet_4', 'connection_type': '2.5d_rdl', 'loc': '2.5d_chiplet'},{'from': 'Chiplet_6', 'to': 'Chiplet_2', 'connection_type': '2.5d_rdl', 'loc': '2.5d_chiplet'},{'from': 'Chiplet_6', 'to': 'Chiplet_5', 'connection_type': '2.5d_rdl', 'loc': '2.5d_chiplet'},{'from': 'Chiplet_5', 'to': 'Chiplet_1', 'connection_type': '2.5d_rdl', 'loc': '2.5d_chiplet'},{'from': 'Chiplet_5', 'to': 'Chiplet_6', 'connection_type': '2.5d_rdl', 'loc': '2.5d_chiplet'},{'from': 'Chiplet_2', 'to': 'Chiplet_1', 'connection_type': '2.5d_rdl', 'loc': '2.5d_chiplet'},{'from': 'Chiplet_2', 'to': 'Chiplet_4', 'connection_type': '2.5d_rdl', 'loc': '2.5d_chiplet'},{'from': 'Chiplet_2', 'to': 'Chiplet_6', 'connection_type': '2.5d_rdl', 'loc': '2.5d_chiplet'},{'from': 'Chiplet_1', 'to': 'Chiplet_2', 'connection_type': '2.5d_rdl', 'loc': '2.5d_chiplet'},{'from': 'Chiplet_1', 'to': 'Chiplet_5', 'connection_type': '2.5d_rdl', 'loc': '2.5d_chiplet'}",1,1,3,1,1,1,ddr4,ucie_std,na,0,0,os,1,0,0
403,18.23185522276309,2823876.63,123292.94271821337,1652030883.06073,33874.48330683625,49676.677381386275,403,1.249405813087535,1.7054115854749998,256,64x64,14,0.916436759447044,1.3845915837374998,1024,64x64,10,3.3193280905479132,5.538366334949999,3072,128x128,10,3.2571509657793953,3.8395579270749995,1536,96x96,14,6.726740457366197,12.973514847541198,4096,192x192,10,3.3193280905479132,5.538366334949999,3072,128x128,10,2.5d_3d,"{'from': 'Chiplet_5', 'to': 'Chiplet_1', 'connection_type': '3d_hyb_bond', 'loc': 'stack0_base'},{'from': 'Chiplet_1', 'to': 'Chiplet_2', 'connection_type': '3d_hyb_bond', 'loc': 'stack0_middle1'},{'from': 'Chiplet_2', 'to': 'na', 'connection_type': '3d_hyb_bond', 'loc': 'stack0_top'},{'from': 'Chiplet_5', 'to': 'Chiplet_3', 'connection_type': '2.5d_emib', 'loc': '2.5d_chiplet'},{'from': 'Chiplet_5', 'to': 'Chiplet_6', 'connection_type': '2.5d_emib', 'loc': '2.5d_chiplet'},{'from': 'Chiplet_3', 'to': 'Chiplet_6', 'connection_type': '2.5d_emib', 'loc': '2.5d_chiplet'},{'from': 'Chiplet_3', 'to': 'Chiplet_4', 'connection_type': '2.5d_emib', 'loc': '2.5d_chiplet'},{'from': 'Chiplet_3', 'to': 'Chiplet_5', 'connection_type': '2.5d_emib', 'loc': '2.5d_chiplet'},{'from': 'Chiplet_4', 'to': 'Chiplet_3', 'connection_type': '2.5d_emib', 'loc': '2.5d_chiplet'},{'from': 'Chiplet_4', 'to': 'Chiplet_6', 'connection_type': '2.5d_emib', 'loc': '2.5d_chiplet'},{'from': 'Chiplet_6', 'to': 'Chiplet_3', 'connection_type': '2.5d_emib', 'loc': '2.5d_chiplet'},{'from': 'Chiplet_6', 'to': 'Chiplet_4', 'connection_type': '2.5d_emib', 'loc': '2.5d_chiplet'},{'from': 'Chiplet_6', 'to': 'Chiplet_5', 'connection_type': '2.5d_emib', 'loc': '2.5d_chiplet'}",1,1,1,1,3,1,ddr4,ucie_adv,ucie_3d,0,0,is,0,0,0
404,16.70380285160099,2573229.22,65734.98449323326,1154489677.8997135,24799.249983479815,36529.21578571399,404,1.5385781800824634,3.1172648505374996,1024,96x96,10,3.432469952,10.4826,2048,192x192,7,6.726740457366197,12.973514847541198,4096,192x192,10,0.829831759447044,1.3845915837374998,768,64x64,10,0.46559300000000003,1.11875,512,64x64,7,1.51595254,4.475,1024,128x128,7,2.5d_3d,"{'from': 'Chiplet_2', 'to': 'Chiplet_6', 'connection_type': '3d_tsv', 'loc': 'stack0_base'},{'from': 'Chiplet_6', 'to': 'Chiplet_5', 'connection_type': '3d_tsv', 'loc': 'stack0_middle1'},{'from': 'Chiplet_5', 'to': 'na', 'connection_type': '3d_tsv', 'loc': 'stack0_top'},{'from': 'Chiplet_3', 'to': 'Chiplet_2', 'connection_type': '2.5d_rdl', 'loc': '2.5d_chiplet'},{'from': 'Chiplet_3', 'to': 'Chiplet_1', 'connection_type': '2.5d_rdl', 'loc': '2.5d_chiplet'},{'from': 'Chiplet_2', 'to': 'Chiplet_3', 'connection_type': '2.5d_rdl', 'loc': '2.5d_chiplet'},{'from': 'Chiplet_2', 'to': 'Chiplet_1', 'connection_type': '2.5d_rdl', 'loc': '2.5d_chiplet'},{'from': 'Chiplet_2', 'to': 'Chiplet_4', 'connection_type': '2.5d_rdl', 'loc': '2.5d_chiplet'},{'from': 'Chiplet_1', 'to': 'Chiplet_3', 'connection_type': '2.5d_rdl', 'loc': '2.5d_chiplet'},{'from': 'Chiplet_1', 'to': 'Chiplet_4', 'connection_type': '2.5d_rdl', 'loc': '2.5d_chiplet'},{'from': 'Chiplet_1', 'to': 'Chiplet_2', 'connection_type': '2.5d_rdl', 'loc': '2.5d_chiplet'},{'from': 'Chiplet_4', 'to': 'Chiplet_2', 'connection_type': '2.5d_rdl', 'loc': '2.5d_chiplet'},{'from': 'Chiplet_4', 'to': 'Chiplet_1', 'connection_type': '2.5d_rdl', 'loc': '2.5d_chiplet'}",1,1,3,1,1,1,ddr5,ucie_std,ucie_3d,1,0,is,0,0,0
405,15.239317039654273,2264643.7,94969.69002423741,845636149.1065409,105103.67971937853,64980.672730742925,405,1.86237254,4.475,2048,128x128,7,0.46559300000000003,1.11875,512,64x64,7,1.7117881800824635,3.1172648505374996,1536,96x96,10,0.784712696,2.51875,512,96x96,7,0.829831759447044,1.3845915837374998,768,64x64,10,7.419580457366196,12.973514847541198,6144,192x192,10,2.5d_3d,"{'from': 'Chiplet_1', 'to': 'Chiplet_5', 'connection_type': '3d_tsv', 'loc': 'stack0_base'},{'from': 'Chiplet_5', 'to': 'Chiplet_4', 'connection_type': '3d_tsv', 'loc': 'stack0_middle1'},{'from': 'Chiplet_4', 'to': 'Chiplet_2', 'connection_type': '3d_tsv', 'loc': 'stack0_middle2'},{'from': 'Chiplet_2', 'to': 'na', 'connection_type': '3d_tsv', 'loc': 'stack0_top'},{'from': 'Chiplet_6', 'to': 'Chiplet_3', 'connection_type': '2.5d_emib', 'loc': '2.5d_chiplet'},{'from': 'Chiplet_6', 'to': 'Chiplet_1', 'connection_type': '2.5d_emib', 'loc': '2.5d_chiplet'},{'from': 'Chiplet_1', 'to': 'Chiplet_3', 'connection_type': '2.5d_emib', 'loc': '2.5d_chiplet'},{'from': 'Chiplet_1', 'to': 'Chiplet_6', 'connection_type': '2.5d_emib', 'loc': '2.5d_chiplet'},{'from': 'Chiplet_3', 'to': 'Chiplet_1', 'connection_type': '2.5d_emib', 'loc': '2.5d_chiplet'},{'from': 'Chiplet_3', 'to': 'Chiplet_6', 'connection_type': '2.5d_emib', 'loc': '2.5d_chiplet'}",1,1,1,1,1,3,ddr5,aib,ucie_3d,0,0,ws,1,0,0
406,21.019120967514887,4049072.36,103784.96419231016,1149349528.3184526,206239.5837043423,190974.13162967926,406,6.726740457366197,12.973514847541198,4096,192x192,10,8.112421457366196,12.973514847541198,8192,192x192,10,1.86237254,4.475,2048,128x128,7,4.818150952,10.4826,6144,192x192,7,0.829831759447044,1.3845915837374998,768,64x64,10,1.304342696,2.51875,2048,96x96,7,2.5d_3d,"{'from': 'Chiplet_2', 'to': 'Chiplet_1', 'connection_type': '3d_u_bump', 'loc': 'stack0_base'},{'from': 'Chiplet_1', 'to': 'Chiplet_5', 'connection_type': '3d_u_bump', 'loc': 'stack0_middle1'},{'from': 'Chiplet_5', 'to': 'na', 'connection_type': '3d_u_bump', 'loc': 'stack0_top'},{'from': 'Chiplet_2', 'to': 'Chiplet_3', 'connection_type': '2.5d_rdl', 'loc': '2.5d_chiplet'},{'from': 'Chiplet_2', 'to': 'Chiplet_4', 'connection_type': '2.5d_rdl', 'loc': '2.5d_chiplet'},{'from': 'Chiplet_4', 'to': 'Chiplet_2', 'connection_type': '2.5d_rdl', 'loc': '2.5d_chiplet'},{'from': 'Chiplet_4', 'to': 'Chiplet_6', 'connection_type': '2.5d_rdl', 'loc': '2.5d_chiplet'},{'from': 'Chiplet_4', 'to': 'Chiplet_3', 'connection_type': '2.5d_rdl', 'loc': '2.5d_chiplet'},{'from': 'Chiplet_3', 'to': 'Chiplet_2', 'connection_type': '2.5d_rdl', 'loc': '2.5d_chiplet'},{'from': 'Chiplet_3', 'to': 'Chiplet_4', 'connection_type': '2.5d_rdl', 'loc': '2.5d_chiplet'},{'from': 'Chiplet_3', 'to': 'Chiplet_6', 'connection_type': '2.5d_rdl', 'loc': '2.5d_chiplet'},{'from': 'Chiplet_6', 'to': 'Chiplet_3', 'connection_type': '2.5d_rdl', 'loc': '2.5d_chiplet'},{'from': 'Chiplet_6', 'to': 'Chiplet_4', 'connection_type': '2.5d_rdl', 'loc': '2.5d_chiplet'}",2,2,1,1,1,1,ddr4,ucie_std,ucie_3d,1,0,os,1,0,0
407,25.081463146432483,3069451.22,73907.48795406947,1034046849.2635754,110215.34221887746,85243.55135096188,407,6.315940422320179,6.821646341899999,3072,128x128,14,0.552198,1.11875,768,64x64,7,5.656782838920179,6.821646341899999,2048,128x128,14,6.033899457366197,12.973514847541198,2048,192x192,10,0.46559300000000003,1.11875,512,64x64,7,2.927572174079395,3.8395579270749995,1024,96x96,14,2.5d_3d,"{'from': 'Chiplet_4', 'to': 'Chiplet_6', 'connection_type': '3d_hyb_bond', 'loc': 'stack0_base'},{'from': 'Chiplet_6', 'to': 'Chiplet_5', 'connection_type': '3d_hyb_bond', 'loc': 'stack0_middle1'},{'from': 'Chiplet_5', 'to': 'na', 'connection_type': '3d_hyb_bond', 'loc': 'stack0_top'},{'from': 'Chiplet_1', 'to': 'Chiplet_2', 'connection_type': '2.5d_rdl', 'loc': '2.5d_chiplet'},{'from': 'Chiplet_1', 'to': 'Chiplet_4', 'connection_type': '2.5d_rdl', 'loc': '2.5d_chiplet'},{'from': 'Chiplet_2', 'to': 'Chiplet_3', 'connection_type': '2.5d_rdl', 'loc': '2.5d_chiplet'},{'from': 'Chiplet_2', 'to': 'Chiplet_1', 'connection_type': '2.5d_rdl', 'loc': '2.5d_chiplet'},{'from': 'Chiplet_4', 'to': 'Chiplet_3', 'connection_type': '2.5d_rdl', 'loc': '2.5d_chiplet'},{'from': 'Chiplet_4', 'to': 'Chiplet_1', 'connection_type': '2.5d_rdl', 'loc': '2.5d_chiplet'},{'from': 'Chiplet_3', 'to': 'Chiplet_2', 'connection_type': '2.5d_rdl', 'loc': '2.5d_chiplet'},{'from': 'Chiplet_3', 'to': 'Chiplet_4', 'connection_type': '2.5d_rdl', 'loc': '2.5d_chiplet'}",2,1,1,2,1,1,ddr4,ucie_std,ucie_3d,0,0,is,1,0,0
408,20.722094768221506,2680116.99,128242.66386965215,655497348.059344,31086.666666666668,23110.27340846179,408,0.743226759447044,1.3845915837374998,512,64x64,10,0.46559300000000003,1.11875,512,64x64,7,1.4141952089375351,1.7054115854749998,512,64x64,14,6.315940422320179,6.821646341899999,3072,128x128,14,2.927572174079395,3.8395579270749995,1024,96x96,14,2.20879254,4.475,3072,128x128,7,2.5d_3d,"{'from': 'Chiplet_1', 'to': 'Chiplet_2', 'connection_type': '3d_hyb_bond', 'loc': 'stack0_base'},{'from': 'Chiplet_2', 'to': 'na', 'connection_type': '3d_hyb_bond', 'loc': 'stack0_top'},{'from': 'Chiplet_4', 'to': 'Chiplet_1', 'connection_type': '2.5d_emib', 'loc': '2.5d_chiplet'},{'from': 'Chiplet_4', 'to': 'Chiplet_6', 'connection_type': '2.5d_emib', 'loc': '2.5d_chiplet'},{'from': 'Chiplet_4', 'to': 'Chiplet_5', 'connection_type': '2.5d_emib', 'loc': '2.5d_chiplet'},{'from': 'Chiplet_1', 'to': 'Chiplet_4', 'connection_type': '2.5d_emib', 'loc': '2.5d_chiplet'},{'from': 'Chiplet_1', 'to': 'Chiplet_6', 'connection_type': '2.5d_emib', 'loc': '2.5d_chiplet'},{'from': 'Chiplet_5', 'to': 'Chiplet_3', 'connection_type': '2.5d_emib', 'loc': '2.5d_chiplet'},{'from': 'Chiplet_5', 'to': 'Chiplet_6', 'connection_type': '2.5d_emib', 'loc': '2.5d_chiplet'},{'from': 'Chiplet_5', 'to': 'Chiplet_4', 'connection_type': '2.5d_emib', 'loc': '2.5d_chiplet'},{'from': 'Chiplet_6', 'to': 'Chiplet_3', 'connection_type': '2.5d_emib', 'loc': '2.5d_chiplet'},{'from': 'Chiplet_6', 'to': 'Chiplet_1', 'connection_type': '2.5d_emib', 'loc': '2.5d_chiplet'},{'from': 'Chiplet_6', 'to': 'Chiplet_4', 'connection_type': '2.5d_emib', 'loc': '2.5d_chiplet'},{'from': 'Chiplet_6', 'to': 'Chiplet_5', 'connection_type': '2.5d_emib', 'loc': '2.5d_chiplet'},{'from': 'Chiplet_3', 'to': 'Chiplet_6', 'connection_type': '2.5d_emib', 'loc': '2.5d_chiplet'},{'from': 'Chiplet_3', 'to': 'Chiplet_5', 'connection_type': '2.5d_emib', 'loc': '2.5d_chiplet'}",1,1,2,7,3,2,hbm2,aib,ucie_3d,0,0,os,0,0,0
409,43.603863528208606,4384772.27,194798.22458827592,1275277461.4554775,19872.843137254902,39890.35443953539,409,3.3193280905479132,5.538366334949999,3072,128x128,10,6.726740457366197,12.973514847541198,4096,192x192,10,0.552198,1.11875,768,64x64,7,15.436124909546791,15.979573171754398,8192,192x192,14,3.3193280905479132,5.538366334949999,3072,128x128,10,2.927572174079395,3.8395579270749995,1024,96x96,14,2.5d,"{'from': 'Chiplet_4', 'to': 'Chiplet_2', 'connection_type': '2.5d_emib', 'loc': '2.5d_chiplet'},{'from': 'Chiplet_4', 'to': 'Chiplet_1', 'connection_type': '2.5d_emib', 'loc': '2.5d_chiplet'},{'from': 'Chiplet_4', 'to': 'Chiplet_3', 'connection_type': '2.5d_emib', 'loc': '2.5d_chiplet'},{'from': 'Chiplet_3', 'to': 'Chiplet_1', 'connection_type': '2.5d_emib', 'loc': '2.5d_chiplet'},{'from': 'Chiplet_3', 'to': 'Chiplet_6', 'connection_type': '2.5d_emib', 'loc': '2.5d_chiplet'},{'from': 'Chiplet_3', 'to': 'Chiplet_4', 'connection_type': '2.5d_emib', 'loc': '2.5d_chiplet'},{'from': 'Chiplet_2', 'to': 'Chiplet_1', 'connection_type': '2.5d_emib', 'loc': '2.5d_chiplet'},{'from': 'Chiplet_2', 'to': 'Chiplet_4', 'connection_type': '2.5d_emib', 'loc': '2.5d_chiplet'},{'from': 'Chiplet_2', 'to': 'Chiplet_5', 'connection_type': '2.5d_emib', 'loc': '2.5d_chiplet'},{'from': 'Chiplet_1', 'to': 'Chiplet_2', 'connection_type': '2.5d_emib', 'loc': '2.5d_chiplet'},{'from': 'Chiplet_1', 'to': 'Chiplet_4', 'connection_type': '2.5d_emib', 'loc': '2.5d_chiplet'},{'from': 'Chiplet_1', 'to': 'Chiplet_5', 'connection_type': '2.5d_emib', 'loc': '2.5d_chiplet'},{'from': 'Chiplet_1', 'to': 'Chiplet_3', 'connection_type': '2.5d_emib', 'loc': '2.5d_chiplet'},{'from': 'Chiplet_1', 'to': 'Chiplet_6', 'connection_type': '2.5d_emib', 'loc': '2.5d_chiplet'},{'from': 'Chiplet_6', 'to': 'Chiplet_3', 'connection_type': '2.5d_emib', 'loc': '2.5d_chiplet'},{'from': 'Chiplet_6', 'to': 'Chiplet_1', 'connection_type': '2.5d_emib', 'loc': '2.5d_chiplet'},{'from': 'Chiplet_6', 'to': 'Chiplet_5', 'connection_type': '2.5d_emib', 'loc': '2.5d_chiplet'},{'from': 'Chiplet_5', 'to': 'Chiplet_2', 'connection_type': '2.5d_emib', 'loc': '2.5d_chiplet'},{'from': 'Chiplet_5', 'to': 'Chiplet_1', 'connection_type': '2.5d_emib', 'loc': '2.5d_chiplet'},{'from': 'Chiplet_5', 'to': 'Chiplet_6', 'connection_type': '2.5d_emib', 'loc': '2.5d_chiplet'}",1,1,1,3,1,1,ddr5,ucie_adv,na,1,0,ws,0,0,0
410,29.848848203758788,4123176.94,96632.92222904843,583891497.5328951,9561.0,17649.329142959905,410,12.799492673176792,15.979573171754398,4096,192x192,14,0.743226759447044,1.3845915837374998,512,64x64,10,2.20879254,4.475,3072,128x128,7,2.20879254,4.475,3072,128x128,7,1.304342696,2.51875,2048,96x96,7,4.1253109519999995,10.4826,4096,192x192,7,2.5d,"{'from': 'Chiplet_1', 'to': 'Chiplet_3', 'connection_type': '2.5d_rdl', 'loc': '2.5d_chiplet'},{'from': 'Chiplet_1', 'to': 'Chiplet_6', 'connection_type': '2.5d_rdl', 'loc': '2.5d_chiplet'},{'from': 'Chiplet_1', 'to': 'Chiplet_2', 'connection_type': '2.5d_rdl', 'loc': '2.5d_chiplet'},{'from': 'Chiplet_6', 'to': 'Chiplet_3', 'connection_type': '2.5d_rdl', 'loc': '2.5d_chiplet'},{'from': 'Chiplet_6', 'to': 'Chiplet_1', 'connection_type': '2.5d_rdl', 'loc': '2.5d_chiplet'},{'from': 'Chiplet_6', 'to': 'Chiplet_5', 'connection_type': '2.5d_rdl', 'loc': '2.5d_chiplet'},{'from': 'Chiplet_5', 'to': 'Chiplet_3', 'connection_type': '2.5d_rdl', 'loc': '2.5d_chiplet'},{'from': 'Chiplet_5', 'to': 'Chiplet_4', 'connection_type': '2.5d_rdl', 'loc': '2.5d_chiplet'},{'from': 'Chiplet_5', 'to': 'Chiplet_6', 'connection_type': '2.5d_rdl', 'loc': '2.5d_chiplet'},{'from': 'Chiplet_3', 'to': 'Chiplet_2', 'connection_type': '2.5d_rdl', 'loc': '2.5d_chiplet'},{'from': 'Chiplet_3', 'to': 'Chiplet_1', 'connection_type': '2.5d_rdl', 'loc': '2.5d_chiplet'},{'from': 'Chiplet_3', 'to': 'Chiplet_4', 'connection_type': '2.5d_rdl', 'loc': '2.5d_chiplet'},{'from': 'Chiplet_3', 'to': 'Chiplet_5', 'connection_type': '2.5d_rdl', 'loc': '2.5d_chiplet'},{'from': 'Chiplet_3', 'to': 'Chiplet_6', 'connection_type': '2.5d_rdl', 'loc': '2.5d_chiplet'},{'from': 'Chiplet_2', 'to': 'Chiplet_3', 'connection_type': '2.5d_rdl', 'loc': '2.5d_chiplet'},{'from': 'Chiplet_2', 'to': 'Chiplet_1', 'connection_type': '2.5d_rdl', 'loc': '2.5d_chiplet'},{'from': 'Chiplet_4', 'to': 'Chiplet_3', 'connection_type': '2.5d_rdl', 'loc': '2.5d_chiplet'},{'from': 'Chiplet_4', 'to': 'Chiplet_5', 'connection_type': '2.5d_rdl', 'loc': '2.5d_chiplet'}",9,1,1,1,1,3,hbm2,ucie_std,na,0,0,os,0,0,0
411,44.94811787401272,4093083.51,96713.9570673525,1113631717.397358,309929.62282357283,270384.2172860118,411,0.656621759447044,1.3845915837374998,256,64x64,10,2.597993382379395,3.8395579270749995,512,96x96,14,1.4141952089375351,1.7054115854749998,512,64x64,14,11.481175603606792,15.979573171754398,2048,192x192,14,3.432469952,10.4826,2048,192x192,7,5.5109919519999995,10.4826,8192,192x192,7,2.5d,"{'from': 'Chiplet_4', 'to': 'Chiplet_3', 'connection_type': '2.5d_rdl', 'loc': '2.5d_chiplet'},{'from': 'Chiplet_4', 'to': 'Chiplet_6', 'connection_type': '2.5d_rdl', 'loc': '2.5d_chiplet'},{'from': 'Chiplet_3', 'to': 'Chiplet_4', 'connection_type': '2.5d_rdl', 'loc': '2.5d_chiplet'},{'from': 'Chiplet_3', 'to': 'Chiplet_6', 'connection_type': '2.5d_rdl', 'loc': '2.5d_chiplet'},{'from': 'Chiplet_6', 'to': 'Chiplet_2', 'connection_type': '2.5d_rdl', 'loc': '2.5d_chiplet'},{'from': 'Chiplet_6', 'to': 'Chiplet_1', 'connection_type': '2.5d_rdl', 'loc': '2.5d_chiplet'},{'from': 'Chiplet_6', 'to': 'Chiplet_4', 'connection_type': '2.5d_rdl', 'loc': '2.5d_chiplet'},{'from': 'Chiplet_6', 'to': 'Chiplet_5', 'connection_type': '2.5d_rdl', 'loc': '2.5d_chiplet'},{'from': 'Chiplet_6', 'to': 'Chiplet_3', 'connection_type': '2.5d_rdl', 'loc': '2.5d_chiplet'},{'from': 'Chiplet_1', 'to': 'Chiplet_2', 'connection_type': '2.5d_rdl', 'loc': '2.5d_chiplet'},{'from': 'Chiplet_1', 'to': 'Chiplet_6', 'connection_type': '2.5d_rdl', 'loc': '2.5d_chiplet'},{'from': 'Chiplet_5', 'to': 'Chiplet_2', 'connection_type': '2.5d_rdl', 'loc': '2.5d_chiplet'},{'from': 'Chiplet_5', 'to': 'Chiplet_6', 'connection_type': '2.5d_rdl', 'loc': '2.5d_chiplet'},{'from': 'Chiplet_2', 'to': 'Chiplet_1', 'connection_type': '2.5d_rdl', 'loc': '2.5d_chiplet'},{'from': 'Chiplet_2', 'to': 'Chiplet_6', 'connection_type': '2.5d_rdl', 'loc': '2.5d_chiplet'},{'from': 'Chiplet_2', 'to': 'Chiplet_5', 'connection_type': '2.5d_rdl', 'loc': '2.5d_chiplet'}",1,1,1,3,1,1,ddr4,ucie_std,na,0,0,is,1,0,0
412,24.429021569339376,3530267.64,158253.02673508434,1259389561.0735455,10449.851499851498,29503.458508918786,412,4.818150952,10.4826,6144,192x192,7,1.8849981800824636,3.1172648505374996,2048,96x96,10,3.3193280905479132,5.538366334949999,3072,128x128,10,3.5867297574793953,3.8395579270749995,2048,96x96,14,3.665749090547913,5.538366334949999,4096,128x128,10,2.55521354,4.475,4096,128x128,7,2.5d_3d,"{'from': 'Chiplet_5', 'to': 'Chiplet_3', 'connection_type': '3d_tsv', 'loc': 'stack0_base'},{'from': 'Chiplet_3', 'to': 'na', 'connection_type': '3d_tsv', 'loc': 'stack0_top'},{'from': 'Chiplet_1', 'to': 'Chiplet_6', 'connection_type': '2.5d_emib', 'loc': '2.5d_chiplet'},{'from': 'Chiplet_1', 'to': 'Chiplet_4', 'connection_type': '2.5d_emib', 'loc': '2.5d_chiplet'},{'from': 'Chiplet_1', 'to': 'Chiplet_5', 'connection_type': '2.5d_emib', 'loc': '2.5d_chiplet'},{'from': 'Chiplet_6', 'to': 'Chiplet_1', 'connection_type': '2.5d_emib', 'loc': '2.5d_chiplet'},{'from': 'Chiplet_6', 'to': 'Chiplet_4', 'connection_type': '2.5d_emib', 'loc': '2.5d_chiplet'},{'from': 'Chiplet_5', 'to': 'Chiplet_2', 'connection_type': '2.5d_emib', 'loc': '2.5d_chiplet'},{'from': 'Chiplet_5', 'to': 'Chiplet_1', 'connection_type': '2.5d_emib', 'loc': '2.5d_chiplet'},{'from': 'Chiplet_5', 'to': 'Chiplet_4', 'connection_type': '2.5d_emib', 'loc': '2.5d_chiplet'},{'from': 'Chiplet_4', 'to': 'Chiplet_2', 'connection_type': '2.5d_emib', 'loc': '2.5d_chiplet'},{'from': 'Chiplet_4', 'to': 'Chiplet_1', 'connection_type': '2.5d_emib', 'loc': '2.5d_chiplet'},{'from': 'Chiplet_4', 'to': 'Chiplet_6', 'connection_type': '2.5d_emib', 'loc': '2.5d_chiplet'},{'from': 'Chiplet_4', 'to': 'Chiplet_5', 'connection_type': '2.5d_emib', 'loc': '2.5d_chiplet'},{'from': 'Chiplet_2', 'to': 'Chiplet_4', 'connection_type': '2.5d_emib', 'loc': '2.5d_chiplet'},{'from': 'Chiplet_2', 'to': 'Chiplet_5', 'connection_type': '2.5d_emib', 'loc': '2.5d_chiplet'}",2,1,1,1,2,1,ddr5,aib,ucie_3d,0,0,os,0,0,0
413,27.50366510211546,3739786.98,191923.19203708912,1723743171.5137193,17411.117647058825,43940.15966494319,413,4.818150952,10.4826,6144,192x192,7,1.743774000637535,1.7054115854749998,1024,64x64,14,4.818150952,10.4826,6144,192x192,7,2.972908090547913,5.538366334949999,2048,128x128,10,3.665749090547913,5.538366334949999,4096,128x128,10,2.20879254,4.475,3072,128x128,7,2.5d,"{'from': 'Chiplet_1', 'to': 'Chiplet_3', 'connection_type': '2.5d_emib', 'loc': '2.5d_chiplet'},{'from': 'Chiplet_1', 'to': 'Chiplet_2', 'connection_type': '2.5d_emib', 'loc': '2.5d_chiplet'},{'from': 'Chiplet_1', 'to': 'Chiplet_5', 'connection_type': '2.5d_emib', 'loc': '2.5d_chiplet'},{'from': 'Chiplet_5', 'to': 'Chiplet_2', 'connection_type': '2.5d_emib', 'loc': '2.5d_chiplet'},{'from': 'Chiplet_5', 'to': 'Chiplet_1', 'connection_type': '2.5d_emib', 'loc': '2.5d_chiplet'},{'from': 'Chiplet_2', 'to': 'Chiplet_1', 'connection_type': '2.5d_emib', 'loc': '2.5d_chiplet'},{'from': 'Chiplet_2', 'to': 'Chiplet_5', 'connection_type': '2.5d_emib', 'loc': '2.5d_chiplet'},{'from': 'Chiplet_3', 'to': 'Chiplet_1', 'connection_type': '2.5d_emib', 'loc': '2.5d_chiplet'},{'from': 'Chiplet_3', 'to': 'Chiplet_4', 'connection_type': '2.5d_emib', 'loc': '2.5d_chiplet'},{'from': 'Chiplet_3', 'to': 'Chiplet_6', 'connection_type': '2.5d_emib', 'loc': '2.5d_chiplet'},{'from': 'Chiplet_4', 'to': 'Chiplet_3', 'connection_type': '2.5d_emib', 'loc': '2.5d_chiplet'},{'from': 'Chiplet_4', 'to': 'Chiplet_6', 'connection_type': '2.5d_emib', 'loc': '2.5d_chiplet'},{'from': 'Chiplet_6', 'to': 'Chiplet_3', 'connection_type': '2.5d_emib', 'loc': '2.5d_chiplet'},{'from': 'Chiplet_6', 'to': 'Chiplet_4', 'connection_type': '2.5d_emib', 'loc': '2.5d_chiplet'}",2,1,2,1,1,1,ddr4,bow,na,0,0,ws,0,0,0
414,35.90473527092697,3433489.03,86511.61176304251,1078298600.3664591,121596.41410782665,108407.55900460918,414,6.726740457366197,12.973514847541198,4096,192x192,10,1.3653681800824635,3.1172648505374996,512,96x96,10,1.578984604787535,1.7054115854749998,768,64x64,14,0.916436759447044,1.3845915837374998,1024,64x64,10,2.55521354,4.475,4096,128x128,7,11.481175603606792,15.979573171754398,2048,192x192,14,2.5d,"{'from': 'Chiplet_6', 'to': 'Chiplet_1', 'connection_type': '2.5d_rdl', 'loc': '2.5d_chiplet'},{'from': 'Chiplet_6', 'to': 'Chiplet_4', 'connection_type': '2.5d_rdl', 'loc': '2.5d_chiplet'},{'from': 'Chiplet_6', 'to': 'Chiplet_5', 'connection_type': '2.5d_rdl', 'loc': '2.5d_chiplet'},{'from': 'Chiplet_4', 'to': 'Chiplet_6', 'connection_type': '2.5d_rdl', 'loc': '2.5d_chiplet'},{'from': 'Chiplet_4', 'to': 'Chiplet_5', 'connection_type': '2.5d_rdl', 'loc': '2.5d_chiplet'},{'from': 'Chiplet_1', 'to': 'Chiplet_3', 'connection_type': '2.5d_rdl', 'loc': '2.5d_chiplet'},{'from': 'Chiplet_1', 'to': 'Chiplet_6', 'connection_type': '2.5d_rdl', 'loc': '2.5d_chiplet'},{'from': 'Chiplet_1', 'to': 'Chiplet_5', 'connection_type': '2.5d_rdl', 'loc': '2.5d_chiplet'},{'from': 'Chiplet_5', 'to': 'Chiplet_2', 'connection_type': '2.5d_rdl', 'loc': '2.5d_chiplet'},{'from': 'Chiplet_5', 'to': 'Chiplet_1', 'connection_type': '2.5d_rdl', 'loc': '2.5d_chiplet'},{'from': 'Chiplet_5', 'to': 'Chiplet_4', 'connection_type': '2.5d_rdl', 'loc': '2.5d_chiplet'},{'from': 'Chiplet_5', 'to': 'Chiplet_3', 'connection_type': '2.5d_rdl', 'loc': '2.5d_chiplet'},{'from': 'Chiplet_5', 'to': 'Chiplet_6', 'connection_type': '2.5d_rdl', 'loc': '2.5d_chiplet'},{'from': 'Chiplet_3', 'to': 'Chiplet_2', 'connection_type': '2.5d_rdl', 'loc': '2.5d_chiplet'},{'from': 'Chiplet_3', 'to': 'Chiplet_1', 'connection_type': '2.5d_rdl', 'loc': '2.5d_chiplet'},{'from': 'Chiplet_3', 'to': 'Chiplet_5', 'connection_type': '2.5d_rdl', 'loc': '2.5d_chiplet'},{'from': 'Chiplet_2', 'to': 'Chiplet_3', 'connection_type': '2.5d_rdl', 'loc': '2.5d_chiplet'},{'from': 'Chiplet_2', 'to': 'Chiplet_5', 'connection_type': '2.5d_rdl', 'loc': '2.5d_chiplet'}",1,1,1,1,1,3,ddr4,ucie_std,na,0,0,ws,1,0,0
415,27.708337366573286,3286732.23,73683.36813850029,441891697.4404727,15424.505971769817,17755.02616827192,415,4.9976252555201786,6.821646341899999,1024,128x128,14,6.315940422320179,6.821646341899999,3072,128x128,14,1.4141952089375351,1.7054115854749998,512,64x64,14,0.957922696,2.51875,1024,96x96,7,6.726740457366197,12.973514847541198,4096,192x192,10,1.7117881800824635,3.1172648505374996,1536,96x96,10,2.5d,"{'from': 'Chiplet_5', 'to': 'Chiplet_2', 'connection_type': '2.5d_rdl', 'loc': '2.5d_chiplet'},{'from': 'Chiplet_5', 'to': 'Chiplet_6', 'connection_type': '2.5d_rdl', 'loc': '2.5d_chiplet'},{'from': 'Chiplet_5', 'to': 'Chiplet_3', 'connection_type': '2.5d_rdl', 'loc': '2.5d_chiplet'},{'from': 'Chiplet_6', 'to': 'Chiplet_3', 'connection_type': '2.5d_rdl', 'loc': '2.5d_chiplet'},{'from': 'Chiplet_6', 'to': 'Chiplet_4', 'connection_type': '2.5d_rdl', 'loc': '2.5d_chiplet'},{'from': 'Chiplet_6', 'to': 'Chiplet_5', 'connection_type': '2.5d_rdl', 'loc': '2.5d_chiplet'},{'from': 'Chiplet_3', 'to': 'Chiplet_1', 'connection_type': '2.5d_rdl', 'loc': '2.5d_chiplet'},{'from': 'Chiplet_3', 'to': 'Chiplet_6', 'connection_type': '2.5d_rdl', 'loc': '2.5d_chiplet'},{'from': 'Chiplet_3', 'to': 'Chiplet_4', 'connection_type': '2.5d_rdl', 'loc': '2.5d_chiplet'},{'from': 'Chiplet_3', 'to': 'Chiplet_5', 'connection_type': '2.5d_rdl', 'loc': '2.5d_chiplet'},{'from': 'Chiplet_4', 'to': 'Chiplet_3', 'connection_type': '2.5d_rdl', 'loc': '2.5d_chiplet'},{'from': 'Chiplet_4', 'to': 'Chiplet_6', 'connection_type': '2.5d_rdl', 'loc': '2.5d_chiplet'},{'from': 'Chiplet_2', 'to': 'Chiplet_1', 'connection_type': '2.5d_rdl', 'loc': '2.5d_chiplet'},{'from': 'Chiplet_2', 'to': 'Chiplet_5', 'connection_type': '2.5d_rdl', 'loc': '2.5d_chiplet'},{'from': 'Chiplet_1', 'to': 'Chiplet_3', 'connection_type': '2.5d_rdl', 'loc': '2.5d_chiplet'},{'from': 'Chiplet_1', 'to': 'Chiplet_2', 'connection_type': '2.5d_rdl', 'loc': '2.5d_chiplet'}",4,4,1,1,5,1,hbm3,ucie_std,na,0,0,os,0,0,0
416,7.659248294789196,2624017.22,67420.36572806636,406503594.48145217,86393.7285798152,47979.97227293277,416,2.55521354,4.475,4096,128x128,7,0.552198,1.11875,768,64x64,7,2.597993382379395,3.8395579270749995,512,96x96,14,4.1253109519999995,10.4826,4096,192x192,7,2.55521354,4.475,4096,128x128,7,0.378988,1.11875,256,64x64,7,2.5d_3d,"{'from': 'Chiplet_4', 'to': 'Chiplet_3', 'connection_type': '3d_tsv', 'loc': 'stack0_base'},{'from': 'Chiplet_3', 'to': 'Chiplet_1', 'connection_type': '3d_tsv', 'loc': 'stack0_middle1'},{'from': 'Chiplet_1', 'to': 'Chiplet_2', 'connection_type': '3d_tsv', 'loc': 'stack0_middle2'},{'from': 'Chiplet_2', 'to': 'Chiplet_6', 'connection_type': '3d_tsv', 'loc': 'stack0_middle3'},{'from': 'Chiplet_6', 'to': 'na', 'connection_type': '3d_tsv', 'loc': 'stack0_top'},{'from': 'Chiplet_4', 'to': 'Chiplet_5', 'connection_type': '2.5d_rdl', 'loc': '2.5d_chiplet'},{'from': 'Chiplet_5', 'to': 'Chiplet_4', 'connection_type': '2.5d_rdl', 'loc': '2.5d_chiplet'}",3,1,3,5,3,1,hbm3,ucie_std,ucie_3d,0,0,is,1,0,0
417,10.826813067492145,1554236.21,101654.9977957514,1730264522.9346168,63892.32026143791,51443.510741691716,417,3.665749090547913,5.538366334949999,4096,128x128,10,2.597993382379395,3.8395579270749995,512,96x96,14,1.3653681800824635,3.1172648505374996,512,96x96,10,1.578984604787535,1.7054115854749998,768,64x64,14,0.829831759447044,1.3845915837374998,768,64x64,10,0.46559300000000003,1.11875,512,64x64,7,2.5d_3d,"{'from': 'Chiplet_1', 'to': 'Chiplet_3', 'connection_type': '3d_hyb_bond', 'loc': 'stack0_base'},{'from': 'Chiplet_3', 'to': 'Chiplet_5', 'connection_type': '3d_hyb_bond', 'loc': 'stack0_middle1'},{'from': 'Chiplet_5', 'to': 'na', 'connection_type': '3d_hyb_bond', 'loc': 'stack0_top'},{'from': 'Chiplet_1', 'to': 'Chiplet_2', 'connection_type': '2.5d_emib', 'loc': '2.5d_chiplet'},{'from': 'Chiplet_1', 'to': 'Chiplet_6', 'connection_type': '2.5d_emib', 'loc': '2.5d_chiplet'},{'from': 'Chiplet_1', 'to': 'Chiplet_4', 'connection_type': '2.5d_emib', 'loc': '2.5d_chiplet'},{'from': 'Chiplet_6', 'to': 'Chiplet_1', 'connection_type': '2.5d_emib', 'loc': '2.5d_chiplet'},{'from': 'Chiplet_6', 'to': 'Chiplet_4', 'connection_type': '2.5d_emib', 'loc': '2.5d_chiplet'},{'from': 'Chiplet_2', 'to': 'Chiplet_1', 'connection_type': '2.5d_emib', 'loc': '2.5d_chiplet'},{'from': 'Chiplet_2', 'to': 'Chiplet_4', 'connection_type': '2.5d_emib', 'loc': '2.5d_chiplet'},{'from': 'Chiplet_4', 'to': 'Chiplet_2', 'connection_type': '2.5d_emib', 'loc': '2.5d_chiplet'},{'from': 'Chiplet_4', 'to': 'Chiplet_1', 'connection_type': '2.5d_emib', 'loc': '2.5d_chiplet'},{'from': 'Chiplet_4', 'to': 'Chiplet_6', 'connection_type': '2.5d_emib', 'loc': '2.5d_chiplet'}",2,2,1,1,1,1,ddr5,bow,ucie_3d,0,0,ws,0,0,0
418,19.860023606606585,3271584.7,72022.78936107067,458379175.5279232,237355.35654510735,127515.80110682399,418,2.927572174079395,3.8395579270749995,1024,96x96,14,4.818150952,10.4826,6144,192x192,7,1.131132696,2.51875,1536,96x96,7,1.131132696,2.51875,1536,96x96,7,6.975099908490179,6.821646341899999,4096,128x128,14,0.46559300000000003,1.11875,512,64x64,7,2.5d_3d,"{'from': 'Chiplet_3', 'to': 'Chiplet_4', 'connection_type': '3d_tsv', 'loc': 'stack0_base'},{'from': 'Chiplet_4', 'to': 'Chiplet_6', 'connection_type': '3d_tsv', 'loc': 'stack0_middle1'},{'from': 'Chiplet_6', 'to': 'na', 'connection_type': '3d_tsv', 'loc': 'stack0_top'},{'from': 'Chiplet_5', 'to': 'Chiplet_2', 'connection_type': '2.5d_rdl', 'loc': '2.5d_chiplet'},{'from': 'Chiplet_5', 'to': 'Chiplet_1', 'connection_type': '2.5d_rdl', 'loc': '2.5d_chiplet'},{'from': 'Chiplet_5', 'to': 'Chiplet_3', 'connection_type': '2.5d_rdl', 'loc': '2.5d_chiplet'},{'from': 'Chiplet_3', 'to': 'Chiplet_1', 'connection_type': '2.5d_rdl', 'loc': '2.5d_chiplet'},{'from': 'Chiplet_3', 'to': 'Chiplet_5', 'connection_type': '2.5d_rdl', 'loc': '2.5d_chiplet'},{'from': 'Chiplet_2', 'to': 'Chiplet_1', 'connection_type': '2.5d_rdl', 'loc': '2.5d_chiplet'},{'from': 'Chiplet_2', 'to': 'Chiplet_5', 'connection_type': '2.5d_rdl', 'loc': '2.5d_chiplet'},{'from': 'Chiplet_1', 'to': 'Chiplet_3', 'connection_type': '2.5d_rdl', 'loc': '2.5d_chiplet'},{'from': 'Chiplet_1', 'to': 'Chiplet_2', 'connection_type': '2.5d_rdl', 'loc': '2.5d_chiplet'},{'from': 'Chiplet_1', 'to': 'Chiplet_5', 'connection_type': '2.5d_rdl', 'loc': '2.5d_chiplet'}",3,4,1,1,6,1,hbm3,ucie_std,ucie_3d,0,0,ws,1,0,0
419,34.29389944737253,3534251.53,72700.999479216,485766070.1163378,16503.333333333336,19357.167434174484,419,6.033899457366197,12.973514847541198,2048,192x192,10,0.916436759447044,1.3845915837374998,1024,64x64,10,3.5867297574793953,3.8395579270749995,2048,96x96,14,1.131132696,2.51875,1536,96x96,7,5.656782838920179,6.821646341899999,2048,128x128,14,4.9976252555201786,6.821646341899999,1024,128x128,14,2.5d,"{'from': 'Chiplet_1', 'to': 'Chiplet_3', 'connection_type': '2.5d_rdl', 'loc': '2.5d_chiplet'},{'from': 'Chiplet_1', 'to': 'Chiplet_4', 'connection_type': '2.5d_rdl', 'loc': '2.5d_chiplet'},{'from': 'Chiplet_1', 'to': 'Chiplet_5', 'connection_type': '2.5d_rdl', 'loc': '2.5d_chiplet'},{'from': 'Chiplet_3', 'to': 'Chiplet_1', 'connection_type': '2.5d_rdl', 'loc': '2.5d_chiplet'},{'from': 'Chiplet_3', 'to': 'Chiplet_4', 'connection_type': '2.5d_rdl', 'loc': '2.5d_chiplet'},{'from': 'Chiplet_4', 'to': 'Chiplet_3', 'connection_type': '2.5d_rdl', 'loc': '2.5d_chiplet'},{'from': 'Chiplet_4', 'to': 'Chiplet_1', 'connection_type': '2.5d_rdl', 'loc': '2.5d_chiplet'},{'from': 'Chiplet_5', 'to': 'Chiplet_2', 'connection_type': '2.5d_rdl', 'loc': '2.5d_chiplet'},{'from': 'Chiplet_5', 'to': 'Chiplet_1', 'connection_type': '2.5d_rdl', 'loc': '2.5d_chiplet'},{'from': 'Chiplet_5', 'to': 'Chiplet_6', 'connection_type': '2.5d_rdl', 'loc': '2.5d_chiplet'},{'from': 'Chiplet_6', 'to': 'Chiplet_2', 'connection_type': '2.5d_rdl', 'loc': '2.5d_chiplet'},{'from': 'Chiplet_6', 'to': 'Chiplet_5', 'connection_type': '2.5d_rdl', 'loc': '2.5d_chiplet'},{'from': 'Chiplet_2', 'to': 'Chiplet_6', 'connection_type': '2.5d_rdl', 'loc': '2.5d_chiplet'},{'from': 'Chiplet_2', 'to': 'Chiplet_5', 'connection_type': '2.5d_rdl', 'loc': '2.5d_chiplet'}",4,1,2,1,4,4,hbm2,ucie_std,na,0,0,os,0,0,0
420,16.627137736128077,2231469.6,50588.87795229828,347680961.55647624,146375.9657028298,64245.11610428886,420,1.578984604787535,1.7054115854749998,768,64x64,14,0.957922696,2.51875,1024,96x96,7,4.9976252555201786,6.821646341899999,1024,128x128,14,0.784712696,2.51875,512,96x96,7,0.46559300000000003,1.11875,512,64x64,7,5.656782838920179,6.821646341899999,2048,128x128,14,2.5d_3d,"{'from': 'Chiplet_3', 'to': 'Chiplet_1', 'connection_type': '3d_tsv', 'loc': 'stack0_base'},{'from': 'Chiplet_1', 'to': 'Chiplet_2', 'connection_type': '3d_tsv', 'loc': 'stack0_middle1'},{'from': 'Chiplet_2', 'to': 'Chiplet_4', 'connection_type': '3d_tsv', 'loc': 'stack0_middle2'},{'from': 'Chiplet_4', 'to': 'na', 'connection_type': '3d_tsv', 'loc': 'stack0_top'},{'from': 'Chiplet_6', 'to': 'Chiplet_3', 'connection_type': '2.5d_rdl', 'loc': '2.5d_chiplet'},{'from': 'Chiplet_6', 'to': 'Chiplet_5', 'connection_type': '2.5d_rdl', 'loc': '2.5d_chiplet'},{'from': 'Chiplet_3', 'to': 'Chiplet_6', 'connection_type': '2.5d_rdl', 'loc': '2.5d_chiplet'},{'from': 'Chiplet_3', 'to': 'Chiplet_5', 'connection_type': '2.5d_rdl', 'loc': '2.5d_chiplet'},{'from': 'Chiplet_5', 'to': 'Chiplet_3', 'connection_type': '2.5d_rdl', 'loc': '2.5d_chiplet'},{'from': 'Chiplet_5', 'to': 'Chiplet_6', 'connection_type': '2.5d_rdl', 'loc': '2.5d_chiplet'}",2,1,5,1,1,6,hbm3,ucie_std,ucie_3d,0,0,is,1,0,0
421,50.09433130379716,6691733.3,138634.57534605765,643135576.0289674,16011.666666666668,31115.885675486956,421,5.656782838920179,6.821646341899999,2048,128x128,14,8.112421457366196,12.973514847541198,8192,192x192,10,8.112421457366196,12.973514847541198,8192,192x192,10,6.033899457366197,12.973514847541198,2048,192x192,10,6.975099908490179,6.821646341899999,4096,128x128,14,8.112421457366196,12.973514847541198,8192,192x192,10,2.5d,"{'from': 'Chiplet_2', 'to': 'Chiplet_1', 'connection_type': '2.5d_rdl', 'loc': '2.5d_chiplet'},{'from': 'Chiplet_2', 'to': 'Chiplet_6', 'connection_type': '2.5d_rdl', 'loc': '2.5d_chiplet'},{'from': 'Chiplet_1', 'to': 'Chiplet_2', 'connection_type': '2.5d_rdl', 'loc': '2.5d_chiplet'},{'from': 'Chiplet_1', 'to': 'Chiplet_6', 'connection_type': '2.5d_rdl', 'loc': '2.5d_chiplet'},{'from': 'Chiplet_1', 'to': 'Chiplet_3', 'connection_type': '2.5d_rdl', 'loc': '2.5d_chiplet'},{'from': 'Chiplet_6', 'to': 'Chiplet_2', 'connection_type': '2.5d_rdl', 'loc': '2.5d_chiplet'},{'from': 'Chiplet_6', 'to': 'Chiplet_1', 'connection_type': '2.5d_rdl', 'loc': '2.5d_chiplet'},{'from': 'Chiplet_6', 'to': 'Chiplet_5', 'connection_type': '2.5d_rdl', 'loc': '2.5d_chiplet'},{'from': 'Chiplet_3', 'to': 'Chiplet_1', 'connection_type': '2.5d_rdl', 'loc': '2.5d_chiplet'},{'from': 'Chiplet_3', 'to': 'Chiplet_4', 'connection_type': '2.5d_rdl', 'loc': '2.5d_chiplet'},{'from': 'Chiplet_3', 'to': 'Chiplet_5', 'connection_type': '2.5d_rdl', 'loc': '2.5d_chiplet'},{'from': 'Chiplet_5', 'to': 'Chiplet_3', 'connection_type': '2.5d_rdl', 'loc': '2.5d_chiplet'},{'from': 'Chiplet_5', 'to': 'Chiplet_4', 'connection_type': '2.5d_rdl', 'loc': '2.5d_chiplet'},{'from': 'Chiplet_5', 'to': 'Chiplet_6', 'connection_type': '2.5d_rdl', 'loc': '2.5d_chiplet'},{'from': 'Chiplet_4', 'to': 'Chiplet_3', 'connection_type': '2.5d_rdl', 'loc': '2.5d_chiplet'},{'from': 'Chiplet_4', 'to': 'Chiplet_5', 'connection_type': '2.5d_rdl', 'loc': '2.5d_chiplet'}",2,3,3,2,3,3,hbm2,ucie_std,na,1,0,ws,0,0,0
422,31.01567617137611,4141697.6,166841.83409312475,1184195238.8241577,89903.05366684805,83378.69305213724,422,2.597993382379395,3.8395579270749995,512,96x96,14,2.55521354,4.475,4096,128x128,7,0.743226759447044,1.3845915837374998,512,64x64,10,5.5109919519999995,10.4826,8192,192x192,7,0.638803,1.11875,1024,64x64,7,12.799492673176792,15.979573171754398,4096,192x192,14,2.5d_3d,"{'from': 'Chiplet_1', 'to': 'Chiplet_3', 'connection_type': '3d_u_bump', 'loc': 'stack0_base'},{'from': 'Chiplet_3', 'to': 'na', 'connection_type': '3d_u_bump', 'loc': 'stack0_top'},{'from': 'Chiplet_6', 'to': 'Chiplet_1', 'connection_type': '2.5d_emib', 'loc': '2.5d_chiplet'},{'from': 'Chiplet_6', 'to': 'Chiplet_4', 'connection_type': '2.5d_emib', 'loc': '2.5d_chiplet'},{'from': 'Chiplet_4', 'to': 'Chiplet_2', 'connection_type': '2.5d_emib', 'loc': '2.5d_chiplet'},{'from': 'Chiplet_4', 'to': 'Chiplet_1', 'connection_type': '2.5d_emib', 'loc': '2.5d_chiplet'},{'from': 'Chiplet_4', 'to': 'Chiplet_6', 'connection_type': '2.5d_emib', 'loc': '2.5d_chiplet'},{'from': 'Chiplet_1', 'to': 'Chiplet_2', 'connection_type': '2.5d_emib', 'loc': '2.5d_chiplet'},{'from': 'Chiplet_1', 'to': 'Chiplet_4', 'connection_type': '2.5d_emib', 'loc': '2.5d_chiplet'},{'from': 'Chiplet_1', 'to': 'Chiplet_6', 'connection_type': '2.5d_emib', 'loc': '2.5d_chiplet'},{'from': 'Chiplet_1', 'to': 'Chiplet_5', 'connection_type': '2.5d_emib', 'loc': '2.5d_chiplet'},{'from': 'Chiplet_2', 'to': 'Chiplet_1', 'connection_type': '2.5d_emib', 'loc': '2.5d_chiplet'},{'from': 'Chiplet_2', 'to': 'Chiplet_4', 'connection_type': '2.5d_emib', 'loc': '2.5d_chiplet'},{'from': 'Chiplet_2', 'to': 'Chiplet_5', 'connection_type': '2.5d_emib', 'loc': '2.5d_chiplet'},{'from': 'Chiplet_5', 'to': 'Chiplet_2', 'connection_type': '2.5d_emib', 'loc': '2.5d_chiplet'},{'from': 'Chiplet_5', 'to': 'Chiplet_1', 'connection_type': '2.5d_emib', 'loc': '2.5d_chiplet'}",1,1,1,1,1,3,ddr4,ucie_adv,ucie_3d,0,0,is,1,0,0
423,18.515467301043067,2305323.6,153403.7241438303,426829975.86664724,205664.54271651013,93653.9364648958,423,2.597993382379395,3.8395579270749995,512,96x96,14,4.9976252555201786,6.821646341899999,1024,128x128,14,1.249405813087535,1.7054115854749998,256,64x64,14,2.20879254,4.475,3072,128x128,7,0.916436759447044,1.3845915837374998,1024,64x64,10,1.51595254,4.475,1024,128x128,7,2.5d,"{'from': 'Chiplet_2', 'to': 'Chiplet_3', 'connection_type': '2.5d_emib', 'loc': '2.5d_chiplet'},{'from': 'Chiplet_2', 'to': 'Chiplet_1', 'connection_type': '2.5d_emib', 'loc': '2.5d_chiplet'},{'from': 'Chiplet_2', 'to': 'Chiplet_4', 'connection_type': '2.5d_emib', 'loc': '2.5d_chiplet'},{'from': 'Chiplet_2', 'to': 'Chiplet_5', 'connection_type': '2.5d_emib', 'loc': '2.5d_chiplet'},{'from': 'Chiplet_3', 'to': 'Chiplet_2', 'connection_type': '2.5d_emib', 'loc': '2.5d_chiplet'},{'from': 'Chiplet_3', 'to': 'Chiplet_5', 'connection_type': '2.5d_emib', 'loc': '2.5d_chiplet'},{'from': 'Chiplet_5', 'to': 'Chiplet_3', 'connection_type': '2.5d_emib', 'loc': '2.5d_chiplet'},{'from': 'Chiplet_5', 'to': 'Chiplet_2', 'connection_type': '2.5d_emib', 'loc': '2.5d_chiplet'},{'from': 'Chiplet_1', 'to': 'Chiplet_2', 'connection_type': '2.5d_emib', 'loc': '2.5d_chiplet'},{'from': 'Chiplet_1', 'to': 'Chiplet_6', 'connection_type': '2.5d_emib', 'loc': '2.5d_chiplet'},{'from': 'Chiplet_1', 'to': 'Chiplet_4', 'connection_type': '2.5d_emib', 'loc': '2.5d_chiplet'},{'from': 'Chiplet_4', 'to': 'Chiplet_2', 'connection_type': '2.5d_emib', 'loc': '2.5d_chiplet'},{'from': 'Chiplet_4', 'to': 'Chiplet_1', 'connection_type': '2.5d_emib', 'loc': '2.5d_chiplet'},{'from': 'Chiplet_4', 'to': 'Chiplet_6', 'connection_type': '2.5d_emib', 'loc': '2.5d_chiplet'},{'from': 'Chiplet_6', 'to': 'Chiplet_1', 'connection_type': '2.5d_emib', 'loc': '2.5d_chiplet'},{'from': 'Chiplet_6', 'to': 'Chiplet_4', 'connection_type': '2.5d_emib', 'loc': '2.5d_chiplet'}",3,6,1,3,1,2,hbm2,bow,na,0,0,ws,1,0,0
424,43.89411640470912,4638535.11,203253.87336475775,1252574020.2236817,19872.843137254902,40837.3647768129,424,3.432469952,10.4826,2048,192x192,7,11.481175603606792,15.979573171754398,2048,192x192,14,6.315940422320179,6.821646341899999,3072,128x128,14,5.5109919519999995,10.4826,8192,192x192,7,0.552198,1.11875,768,64x64,7,3.2571509657793953,3.8395579270749995,1536,96x96,14,2.5d,"{'from': 'Chiplet_2', 'to': 'Chiplet_3', 'connection_type': '2.5d_emib', 'loc': '2.5d_chiplet'},{'from': 'Chiplet_2', 'to': 'Chiplet_1', 'connection_type': '2.5d_emib', 'loc': '2.5d_chiplet'},{'from': 'Chiplet_2', 'to': 'Chiplet_4', 'connection_type': '2.5d_emib', 'loc': '2.5d_chiplet'},{'from': 'Chiplet_2', 'to': 'Chiplet_5', 'connection_type': '2.5d_emib', 'loc': '2.5d_chiplet'},{'from': 'Chiplet_1', 'to': 'Chiplet_2', 'connection_type': '2.5d_emib', 'loc': '2.5d_chiplet'},{'from': 'Chiplet_1', 'to': 'Chiplet_5', 'connection_type': '2.5d_emib', 'loc': '2.5d_chiplet'},{'from': 'Chiplet_5', 'to': 'Chiplet_2', 'connection_type': '2.5d_emib', 'loc': '2.5d_chiplet'},{'from': 'Chiplet_5', 'to': 'Chiplet_1', 'connection_type': '2.5d_emib', 'loc': '2.5d_chiplet'},{'from': 'Chiplet_3', 'to': 'Chiplet_2', 'connection_type': '2.5d_emib', 'loc': '2.5d_chiplet'},{'from': 'Chiplet_3', 'to': 'Chiplet_6', 'connection_type': '2.5d_emib', 'loc': '2.5d_chiplet'},{'from': 'Chiplet_3', 'to': 'Chiplet_4', 'connection_type': '2.5d_emib', 'loc': '2.5d_chiplet'},{'from': 'Chiplet_4', 'to': 'Chiplet_2', 'connection_type': '2.5d_emib', 'loc': '2.5d_chiplet'},{'from': 'Chiplet_4', 'to': 'Chiplet_6', 'connection_type': '2.5d_emib', 'loc': '2.5d_chiplet'},{'from': 'Chiplet_4', 'to': 'Chiplet_3', 'connection_type': '2.5d_emib', 'loc': '2.5d_chiplet'},{'from': 'Chiplet_6', 'to': 'Chiplet_3', 'connection_type': '2.5d_emib', 'loc': '2.5d_chiplet'},{'from': 'Chiplet_6', 'to': 'Chiplet_4', 'connection_type': '2.5d_emib', 'loc': '2.5d_chiplet'}",1,3,1,1,1,1,ddr5,ucie_adv,na,1,0,ws,0,0,0
425,10.381803432534722,2009788.87,59893.659694665934,971109757.6400088,192744.20838426147,113202.20617933852,425,1.304342696,2.51875,2048,96x96,7,3.2571509657793953,3.8395579270749995,1536,96x96,14,1.5385781800824634,3.1172648505374996,1024,96x96,10,1.3653681800824635,3.1172648505374996,512,96x96,10,3.432469952,10.4826,2048,192x192,7,2.597993382379395,3.8395579270749995,512,96x96,14,2.5d_3d,"{'from': 'Chiplet_2', 'to': 'Chiplet_6', 'connection_type': '3d_u_bump', 'loc': 'stack0_base'},{'from': 'Chiplet_6', 'to': 'Chiplet_3', 'connection_type': '3d_u_bump', 'loc': 'stack0_middle1'},{'from': 'Chiplet_3', 'to': 'Chiplet_4', 'connection_type': '3d_u_bump', 'loc': 'stack0_middle2'},{'from': 'Chiplet_4', 'to': 'na', 'connection_type': '3d_u_bump', 'loc': 'stack0_top'},{'from': 'Chiplet_5', 'to': 'Chiplet_2', 'connection_type': '2.5d_rdl', 'loc': '2.5d_chiplet'},{'from': 'Chiplet_5', 'to': 'Chiplet_1', 'connection_type': '2.5d_rdl', 'loc': '2.5d_chiplet'},{'from': 'Chiplet_2', 'to': 'Chiplet_1', 'connection_type': '2.5d_rdl', 'loc': '2.5d_chiplet'},{'from': 'Chiplet_2', 'to': 'Chiplet_5', 'connection_type': '2.5d_rdl', 'loc': '2.5d_chiplet'},{'from': 'Chiplet_1', 'to': 'Chiplet_2', 'connection_type': '2.5d_rdl', 'loc': '2.5d_chiplet'},{'from': 'Chiplet_1', 'to': 'Chiplet_5', 'connection_type': '2.5d_rdl', 'loc': '2.5d_chiplet'}",1,2,1,1,2,1,ddr4,ucie_std,ucie_3d,1,0,is,1,0,0
426,32.10477222338489,3662759.16,172648.5690152052,462162245.20881426,118606.69779475589,79776.00742329992,426,0.784712696,2.51875,512,96x96,7,2.927572174079395,3.8395579270749995,1024,96x96,14,1.249405813087535,1.7054115854749998,256,64x64,14,2.972908090547913,5.538366334949999,2048,128x128,10,15.436124909546791,15.979573171754398,8192,192x192,14,1.3653681800824635,3.1172648505374996,512,96x96,10,2.5d,"{'from': 'Chiplet_5', 'to': 'Chiplet_2', 'connection_type': '2.5d_emib', 'loc': '2.5d_chiplet'},{'from': 'Chiplet_5', 'to': 'Chiplet_4', 'connection_type': '2.5d_emib', 'loc': '2.5d_chiplet'},{'from': 'Chiplet_4', 'to': 'Chiplet_3', 'connection_type': '2.5d_emib', 'loc': '2.5d_chiplet'},{'from': 'Chiplet_4', 'to': 'Chiplet_1', 'connection_type': '2.5d_emib', 'loc': '2.5d_chiplet'},{'from': 'Chiplet_4', 'to': 'Chiplet_2', 'connection_type': '2.5d_emib', 'loc': '2.5d_chiplet'},{'from': 'Chiplet_4', 'to': 'Chiplet_5', 'connection_type': '2.5d_emib', 'loc': '2.5d_chiplet'},{'from': 'Chiplet_3', 'to': 'Chiplet_1', 'connection_type': '2.5d_emib', 'loc': '2.5d_chiplet'},{'from': 'Chiplet_3', 'to': 'Chiplet_4', 'connection_type': '2.5d_emib', 'loc': '2.5d_chiplet'},{'from': 'Chiplet_1', 'to': 'Chiplet_3', 'connection_type': '2.5d_emib', 'loc': '2.5d_chiplet'},{'from': 'Chiplet_1', 'to': 'Chiplet_6', 'connection_type': '2.5d_emib', 'loc': '2.5d_chiplet'},{'from': 'Chiplet_1', 'to': 'Chiplet_4', 'connection_type': '2.5d_emib', 'loc': '2.5d_chiplet'},{'from': 'Chiplet_2', 'to': 'Chiplet_4', 'connection_type': '2.5d_emib', 'loc': '2.5d_chiplet'},{'from': 'Chiplet_2', 'to': 'Chiplet_6', 'connection_type': '2.5d_emib', 'loc': '2.5d_chiplet'},{'from': 'Chiplet_2', 'to': 'Chiplet_5', 'connection_type': '2.5d_emib', 'loc': '2.5d_chiplet'},{'from': 'Chiplet_6', 'to': 'Chiplet_2', 'connection_type': '2.5d_emib', 'loc': '2.5d_chiplet'},{'from': 'Chiplet_6', 'to': 'Chiplet_1', 'connection_type': '2.5d_emib', 'loc': '2.5d_chiplet'}",1,1,1,2,10,1,hbm2,aib,na,1,0,os,1,0,0
427,57.27279163547527,5073515.23,114839.08569588121,1133406302.6943727,197595.56110639113,207118.76576481783,427,6.975099908490179,6.821646341899999,4096,128x128,14,6.726740457366197,12.973514847541198,4096,192x192,10,1.304342696,2.51875,2048,96x96,7,0.957922696,2.51875,1024,96x96,7,11.481175603606792,15.979573171754398,2048,192x192,14,4.818150952,10.4826,6144,192x192,7,2.5d,"{'from': 'Chiplet_5', 'to': 'Chiplet_1', 'connection_type': '2.5d_rdl', 'loc': '2.5d_chiplet'},{'from': 'Chiplet_5', 'to': 'Chiplet_6', 'connection_type': '2.5d_rdl', 'loc': '2.5d_chiplet'},{'from': 'Chiplet_6', 'to': 'Chiplet_2', 'connection_type': '2.5d_rdl', 'loc': '2.5d_chiplet'},{'from': 'Chiplet_6', 'to': 'Chiplet_1', 'connection_type': '2.5d_rdl', 'loc': '2.5d_chiplet'},{'from': 'Chiplet_6', 'to': 'Chiplet_5', 'connection_type': '2.5d_rdl', 'loc': '2.5d_chiplet'},{'from': 'Chiplet_1', 'to': 'Chiplet_2', 'connection_type': '2.5d_rdl', 'loc': '2.5d_chiplet'},{'from': 'Chiplet_1', 'to': 'Chiplet_4', 'connection_type': '2.5d_rdl', 'loc': '2.5d_chiplet'},{'from': 'Chiplet_1', 'to': 'Chiplet_6', 'connection_type': '2.5d_rdl', 'loc': '2.5d_chiplet'},{'from': 'Chiplet_1', 'to': 'Chiplet_5', 'connection_type': '2.5d_rdl', 'loc': '2.5d_chiplet'},{'from': 'Chiplet_4', 'to': 'Chiplet_3', 'connection_type': '2.5d_rdl', 'loc': '2.5d_chiplet'},{'from': 'Chiplet_4', 'to': 'Chiplet_1', 'connection_type': '2.5d_rdl', 'loc': '2.5d_chiplet'},{'from': 'Chiplet_2', 'to': 'Chiplet_3', 'connection_type': '2.5d_rdl', 'loc': '2.5d_chiplet'},{'from': 'Chiplet_2', 'to': 'Chiplet_1', 'connection_type': '2.5d_rdl', 'loc': '2.5d_chiplet'},{'from': 'Chiplet_2', 'to': 'Chiplet_6', 'connection_type': '2.5d_rdl', 'loc': '2.5d_chiplet'},{'from': 'Chiplet_3', 'to': 'Chiplet_2', 'connection_type': '2.5d_rdl', 'loc': '2.5d_chiplet'},{'from': 'Chiplet_3', 'to': 'Chiplet_4', 'connection_type': '2.5d_rdl', 'loc': '2.5d_chiplet'}",1,1,1,1,3,1,ddr4,ucie_std,na,0,0,is,1,0,0
428,29.036999819578348,4286450.13,110530.47798051755,1227455896.4216604,15622.094539527303,36161.62076207808,428,3.432469952,10.4826,2048,192x192,7,3.665749090547913,5.538366334949999,4096,128x128,10,1.3653681800824635,3.1172648505374996,512,96x96,10,3.432469952,10.4826,2048,192x192,7,14.117807839976791,15.979573171754398,6144,192x192,14,1.743774000637535,1.7054115854749998,1024,64x64,14,2.5d_3d,"{'from': 'Chiplet_1', 'to': 'Chiplet_4', 'connection_type': '3d_hyb_bond', 'loc': 'stack0_base'},{'from': 'Chiplet_4', 'to': 'Chiplet_6', 'connection_type': '3d_hyb_bond', 'loc': 'stack0_middle1'},{'from': 'Chiplet_6', 'to': 'Chiplet_3', 'connection_type': '3d_hyb_bond', 'loc': 'stack0_middle2'},{'from': 'Chiplet_3', 'to': 'na', 'connection_type': '3d_hyb_bond', 'loc': 'stack0_top'},{'from': 'Chiplet_5', 'to': 'Chiplet_2', 'connection_type': '2.5d_rdl', 'loc': '2.5d_chiplet'},{'from': 'Chiplet_5', 'to': 'Chiplet_1', 'connection_type': '2.5d_rdl', 'loc': '2.5d_chiplet'},{'from': 'Chiplet_2', 'to': 'Chiplet_1', 'connection_type': '2.5d_rdl', 'loc': '2.5d_chiplet'},{'from': 'Chiplet_2', 'to': 'Chiplet_5', 'connection_type': '2.5d_rdl', 'loc': '2.5d_chiplet'},{'from': 'Chiplet_1', 'to': 'Chiplet_2', 'connection_type': '2.5d_rdl', 'loc': '2.5d_chiplet'},{'from': 'Chiplet_1', 'to': 'Chiplet_5', 'connection_type': '2.5d_rdl', 'loc': '2.5d_chiplet'}",1,1,1,1,3,1,ddr5,ucie_std,ucie_3d,0,0,ws,0,0,0
429,35.340606305605135,3890531.02,102903.60290577299,842923707.5980289,183658.8041296742,172939.40158937094,429,3.432469952,10.4826,2048,192x192,7,2.20879254,4.475,3072,128x128,7,12.799492673176792,15.979573171754398,4096,192x192,14,4.1253109519999995,10.4826,4096,192x192,7,2.597993382379395,3.8395579270749995,512,96x96,14,0.916436759447044,1.3845915837374998,1024,64x64,10,2.5d,"{'from': 'Chiplet_3', 'to': 'Chiplet_1', 'connection_type': '2.5d_rdl', 'loc': '2.5d_chiplet'},{'from': 'Chiplet_3', 'to': 'Chiplet_4', 'connection_type': '2.5d_rdl', 'loc': '2.5d_chiplet'},{'from': 'Chiplet_4', 'to': 'Chiplet_3', 'connection_type': '2.5d_rdl', 'loc': '2.5d_chiplet'},{'from': 'Chiplet_4', 'to': 'Chiplet_1', 'connection_type': '2.5d_rdl', 'loc': '2.5d_chiplet'},{'from': 'Chiplet_4', 'to': 'Chiplet_2', 'connection_type': '2.5d_rdl', 'loc': '2.5d_chiplet'},{'from': 'Chiplet_4', 'to': 'Chiplet_5', 'connection_type': '2.5d_rdl', 'loc': '2.5d_chiplet'},{'from': 'Chiplet_2', 'to': 'Chiplet_4', 'connection_type': '2.5d_rdl', 'loc': '2.5d_chiplet'},{'from': 'Chiplet_2', 'to': 'Chiplet_5', 'connection_type': '2.5d_rdl', 'loc': '2.5d_chiplet'},{'from': 'Chiplet_1', 'to': 'Chiplet_3', 'connection_type': '2.5d_rdl', 'loc': '2.5d_chiplet'},{'from': 'Chiplet_1', 'to': 'Chiplet_4', 'connection_type': '2.5d_rdl', 'loc': '2.5d_chiplet'},{'from': 'Chiplet_1', 'to': 'Chiplet_6', 'connection_type': '2.5d_rdl', 'loc': '2.5d_chiplet'},{'from': 'Chiplet_1', 'to': 'Chiplet_5', 'connection_type': '2.5d_rdl', 'loc': '2.5d_chiplet'},{'from': 'Chiplet_5', 'to': 'Chiplet_2', 'connection_type': '2.5d_rdl', 'loc': '2.5d_chiplet'},{'from': 'Chiplet_5', 'to': 'Chiplet_1', 'connection_type': '2.5d_rdl', 'loc': '2.5d_chiplet'},{'from': 'Chiplet_5', 'to': 'Chiplet_4', 'connection_type': '2.5d_rdl', 'loc': '2.5d_chiplet'},{'from': 'Chiplet_5', 'to': 'Chiplet_6', 'connection_type': '2.5d_rdl', 'loc': '2.5d_chiplet'},{'from': 'Chiplet_6', 'to': 'Chiplet_1', 'connection_type': '2.5d_rdl', 'loc': '2.5d_chiplet'},{'from': 'Chiplet_6', 'to': 'Chiplet_5', 'connection_type': '2.5d_rdl', 'loc': '2.5d_chiplet'}",1,1,3,1,1,1,ddr5,ucie_std,na,1,0,ws,1,0,0
430,38.2584372129171,3658707.65,181114.16573938454,1352747257.8725994,26559.011943539634,41903.73650674235,430,1.7117881800824635,3.1172648505374996,1536,96x96,10,15.436124909546791,15.979573171754398,8192,192x192,14,1.4141952089375351,1.7054115854749998,512,64x64,14,5.656782838920179,6.821646341899999,2048,128x128,14,1.743774000637535,1.7054115854749998,1024,64x64,14,3.665749090547913,5.538366334949999,4096,128x128,10,2.5d,"{'from': 'Chiplet_2', 'to': 'Chiplet_6', 'connection_type': '2.5d_emib', 'loc': '2.5d_chiplet'},{'from': 'Chiplet_2', 'to': 'Chiplet_4', 'connection_type': '2.5d_emib', 'loc': '2.5d_chiplet'},{'from': 'Chiplet_4', 'to': 'Chiplet_2', 'connection_type': '2.5d_emib', 'loc': '2.5d_chiplet'},{'from': 'Chiplet_4', 'to': 'Chiplet_6', 'connection_type': '2.5d_emib', 'loc': '2.5d_chiplet'},{'from': 'Chiplet_4', 'to': 'Chiplet_3', 'connection_type': '2.5d_emib', 'loc': '2.5d_chiplet'},{'from': 'Chiplet_4', 'to': 'Chiplet_5', 'connection_type': '2.5d_emib', 'loc': '2.5d_chiplet'},{'from': 'Chiplet_3', 'to': 'Chiplet_4', 'connection_type': '2.5d_emib', 'loc': '2.5d_chiplet'},{'from': 'Chiplet_3', 'to': 'Chiplet_5', 'connection_type': '2.5d_emib', 'loc': '2.5d_chiplet'},{'from': 'Chiplet_6', 'to': 'Chiplet_2', 'connection_type': '2.5d_emib', 'loc': '2.5d_chiplet'},{'from': 'Chiplet_6', 'to': 'Chiplet_1', 'connection_type': '2.5d_emib', 'loc': '2.5d_chiplet'},{'from': 'Chiplet_6', 'to': 'Chiplet_4', 'connection_type': '2.5d_emib', 'loc': '2.5d_chiplet'},{'from': 'Chiplet_6', 'to': 'Chiplet_5', 'connection_type': '2.5d_emib', 'loc': '2.5d_chiplet'},{'from': 'Chiplet_5', 'to': 'Chiplet_3', 'connection_type': '2.5d_emib', 'loc': '2.5d_chiplet'},{'from': 'Chiplet_5', 'to': 'Chiplet_4', 'connection_type': '2.5d_emib', 'loc': '2.5d_chiplet'},{'from': 'Chiplet_5', 'to': 'Chiplet_6', 'connection_type': '2.5d_emib', 'loc': '2.5d_chiplet'},{'from': 'Chiplet_5', 'to': 'Chiplet_1', 'connection_type': '2.5d_emib', 'loc': '2.5d_chiplet'},{'from': 'Chiplet_1', 'to': 'Chiplet_6', 'connection_type': '2.5d_emib', 'loc': '2.5d_chiplet'},{'from': 'Chiplet_1', 'to': 'Chiplet_5', 'connection_type': '2.5d_emib', 'loc': '2.5d_chiplet'}",1,3,1,1,1,1,ddr5,bow,na,0,0,ws,0,0,0
431,34.68065942522533,3757653.55,154552.77171030175,867201867.0322914,112160.50384935334,83188.94652642343,431,0.638803,1.11875,1024,64x64,7,15.436124909546791,15.979573171754398,8192,192x192,14,1.131132696,2.51875,1536,96x96,7,1.249405813087535,1.7054115854749998,256,64x64,14,5.656782838920179,6.821646341899999,2048,128x128,14,1.51595254,4.475,1024,128x128,7,2.5d_3d,"{'from': 'Chiplet_5', 'to': 'Chiplet_6', 'connection_type': '3d_u_bump', 'loc': 'stack0_base'},{'from': 'Chiplet_6', 'to': 'na', 'connection_type': '3d_u_bump', 'loc': 'stack0_top'},{'from': 'Chiplet_2', 'to': 'Chiplet_4', 'connection_type': '2.5d_emib', 'loc': '2.5d_chiplet'},{'from': 'Chiplet_2', 'to': 'Chiplet_5', 'connection_type': '2.5d_emib', 'loc': '2.5d_chiplet'},{'from': 'Chiplet_5', 'to': 'Chiplet_2', 'connection_type': '2.5d_emib', 'loc': '2.5d_chiplet'},{'from': 'Chiplet_5', 'to': 'Chiplet_4', 'connection_type': '2.5d_emib', 'loc': '2.5d_chiplet'},{'from': 'Chiplet_5', 'to': 'Chiplet_3', 'connection_type': '2.5d_emib', 'loc': '2.5d_chiplet'},{'from': 'Chiplet_4', 'to': 'Chiplet_2', 'connection_type': '2.5d_emib', 'loc': '2.5d_chiplet'},{'from': 'Chiplet_4', 'to': 'Chiplet_1', 'connection_type': '2.5d_emib', 'loc': '2.5d_chiplet'},{'from': 'Chiplet_4', 'to': 'Chiplet_3', 'connection_type': '2.5d_emib', 'loc': '2.5d_chiplet'},{'from': 'Chiplet_4', 'to': 'Chiplet_5', 'connection_type': '2.5d_emib', 'loc': '2.5d_chiplet'},{'from': 'Chiplet_3', 'to': 'Chiplet_1', 'connection_type': '2.5d_emib', 'loc': '2.5d_chiplet'},{'from': 'Chiplet_3', 'to': 'Chiplet_4', 'connection_type': '2.5d_emib', 'loc': '2.5d_chiplet'},{'from': 'Chiplet_3', 'to': 'Chiplet_5', 'connection_type': '2.5d_emib', 'loc': '2.5d_chiplet'},{'from': 'Chiplet_1', 'to': 'Chiplet_3', 'connection_type': '2.5d_emib', 'loc': '2.5d_chiplet'},{'from': 'Chiplet_1', 'to': 'Chiplet_4', 'connection_type': '2.5d_emib', 'loc': '2.5d_chiplet'}",1,3,1,1,1,1,ddr5,bow,ucie_3d,1,0,os,1,0,0
432,8.732815541782708,2266446.21,100385.02424037567,1006377661.7310307,45672.76798359236,43354.58788713705,432,0.916436759447044,1.3845915837374998,1024,64x64,10,3.2571509657793953,3.8395579270749995,1536,96x96,14,6.033899457366197,12.973514847541198,2048,192x192,10,1.86237254,4.475,2048,128x128,7,0.916436759447044,1.3845915837374998,1024,64x64,10,2.972908090547913,5.538366334949999,2048,128x128,10,2.5d_3d,"{'from': 'Chiplet_3', 'to': 'Chiplet_2', 'connection_type': '3d_hyb_bond', 'loc': 'stack0_base'},{'from': 'Chiplet_2', 'to': 'Chiplet_6', 'connection_type': '3d_hyb_bond', 'loc': 'stack0_middle1'},{'from': 'Chiplet_6', 'to': 'Chiplet_4', 'connection_type': '3d_hyb_bond', 'loc': 'stack0_middle2'},{'from': 'Chiplet_4', 'to': 'Chiplet_5', 'connection_type': '3d_hyb_bond', 'loc': 'stack0_middle3'},{'from': 'Chiplet_5', 'to': 'na', 'connection_type': '3d_hyb_bond', 'loc': 'stack0_top'},{'from': 'Chiplet_3', 'to': 'Chiplet_1', 'connection_type': '2.5d_emib', 'loc': '2.5d_chiplet'},{'from': 'Chiplet_1', 'to': 'Chiplet_3', 'connection_type': '2.5d_emib', 'loc': '2.5d_chiplet'}",1,1,3,1,1,1,ddr4,bow,ucie_3d,0,0,os,1,0,0
433,50.35803606600154,4854314.22,121387.84685106874,1744296139.2111766,19345.686274509804,50464.365978214104,433,7.419580457366196,12.973514847541198,6144,192x192,10,11.481175603606792,15.979573171754398,2048,192x192,14,1.8849981800824636,3.1172648505374996,2048,96x96,10,0.638803,1.11875,1024,64x64,7,15.436124909546791,15.979573171754398,8192,192x192,14,1.304342696,2.51875,2048,96x96,7,2.5d,"{'from': 'Chiplet_5', 'to': 'Chiplet_2', 'connection_type': '2.5d_rdl', 'loc': '2.5d_chiplet'},{'from': 'Chiplet_5', 'to': 'Chiplet_1', 'connection_type': '2.5d_rdl', 'loc': '2.5d_chiplet'},{'from': 'Chiplet_5', 'to': 'Chiplet_6', 'connection_type': '2.5d_rdl', 'loc': '2.5d_chiplet'},{'from': 'Chiplet_5', 'to': 'Chiplet_3', 'connection_type': '2.5d_rdl', 'loc': '2.5d_chiplet'},{'from': 'Chiplet_3', 'to': 'Chiplet_4', 'connection_type': '2.5d_rdl', 'loc': '2.5d_chiplet'},{'from': 'Chiplet_3', 'to': 'Chiplet_6', 'connection_type': '2.5d_rdl', 'loc': '2.5d_chiplet'},{'from': 'Chiplet_3', 'to': 'Chiplet_5', 'connection_type': '2.5d_rdl', 'loc': '2.5d_chiplet'},{'from': 'Chiplet_6', 'to': 'Chiplet_3', 'connection_type': '2.5d_rdl', 'loc': '2.5d_chiplet'},{'from': 'Chiplet_6', 'to': 'Chiplet_4', 'connection_type': '2.5d_rdl', 'loc': '2.5d_chiplet'},{'from': 'Chiplet_6', 'to': 'Chiplet_5', 'connection_type': '2.5d_rdl', 'loc': '2.5d_chiplet'},{'from': 'Chiplet_4', 'to': 'Chiplet_3', 'connection_type': '2.5d_rdl', 'loc': '2.5d_chiplet'},{'from': 'Chiplet_4', 'to': 'Chiplet_6', 'connection_type': '2.5d_rdl', 'loc': '2.5d_chiplet'},{'from': 'Chiplet_2', 'to': 'Chiplet_1', 'connection_type': '2.5d_rdl', 'loc': '2.5d_chiplet'},{'from': 'Chiplet_2', 'to': 'Chiplet_5', 'connection_type': '2.5d_rdl', 'loc': '2.5d_chiplet'},{'from': 'Chiplet_1', 'to': 'Chiplet_2', 'connection_type': '2.5d_rdl', 'loc': '2.5d_chiplet'},{'from': 'Chiplet_1', 'to': 'Chiplet_5', 'connection_type': '2.5d_rdl', 'loc': '2.5d_chiplet'}",1,2,1,1,2,1,ddr4,ucie_std,na,1,0,ws,0,0,0
434,25.206417121762662,2686478.56,68213.62392971311,1201198961.381186,38027.352941176476,41059.404223611935,434,0.784712696,2.51875,512,96x96,7,0.916436759447044,1.3845915837374998,1024,64x64,10,14.117807839976791,15.979573171754398,6144,192x192,14,2.927572174079395,3.8395579270749995,1024,96x96,14,1.578984604787535,1.7054115854749998,768,64x64,14,1.4141952089375351,1.7054115854749998,512,64x64,14,2.5d_3d,"{'from': 'Chiplet_6', 'to': 'Chiplet_1', 'connection_type': '3d_tsv', 'loc': 'stack0_base'},{'from': 'Chiplet_1', 'to': 'na', 'connection_type': '3d_tsv', 'loc': 'stack0_top'},{'from': 'Chiplet_3', 'to': 'Chiplet_4', 'connection_type': '2.5d_rdl', 'loc': '2.5d_chiplet'},{'from': 'Chiplet_3', 'to': 'Chiplet_5', 'connection_type': '2.5d_rdl', 'loc': '2.5d_chiplet'},{'from': 'Chiplet_4', 'to': 'Chiplet_3', 'connection_type': '2.5d_rdl', 'loc': '2.5d_chiplet'},{'from': 'Chiplet_4', 'to': 'Chiplet_6', 'connection_type': '2.5d_rdl', 'loc': '2.5d_chiplet'},{'from': 'Chiplet_4', 'to': 'Chiplet_2', 'connection_type': '2.5d_rdl', 'loc': '2.5d_chiplet'},{'from': 'Chiplet_4', 'to': 'Chiplet_5', 'connection_type': '2.5d_rdl', 'loc': '2.5d_chiplet'},{'from': 'Chiplet_2', 'to': 'Chiplet_6', 'connection_type': '2.5d_rdl', 'loc': '2.5d_chiplet'},{'from': 'Chiplet_2', 'to': 'Chiplet_4', 'connection_type': '2.5d_rdl', 'loc': '2.5d_chiplet'},{'from': 'Chiplet_5', 'to': 'Chiplet_3', 'connection_type': '2.5d_rdl', 'loc': '2.5d_chiplet'},{'from': 'Chiplet_5', 'to': 'Chiplet_4', 'connection_type': '2.5d_rdl', 'loc': '2.5d_chiplet'},{'from': 'Chiplet_5', 'to': 'Chiplet_6', 'connection_type': '2.5d_rdl', 'loc': '2.5d_chiplet'},{'from': 'Chiplet_6', 'to': 'Chiplet_2', 'connection_type': '2.5d_rdl', 'loc': '2.5d_chiplet'},{'from': 'Chiplet_6', 'to': 'Chiplet_4', 'connection_type': '2.5d_rdl', 'loc': '2.5d_chiplet'},{'from': 'Chiplet_6', 'to': 'Chiplet_5', 'connection_type': '2.5d_rdl', 'loc': '2.5d_chiplet'}",1,1,3,1,1,1,ddr5,ucie_std,ucie_3d,1,0,ws,0,0,0
435,24.052658813179754,2442783.6,58678.79907510537,1852441729.6965413,51113.856209150326,54703.24893628492,435,6.975099908490179,6.821646341899999,4096,128x128,14,6.975099908490179,6.821646341899999,4096,128x128,14,0.743226759447044,1.3845915837374998,512,64x64,10,0.916436759447044,1.3845915837374998,1024,64x64,10,1.4141952089375351,1.7054115854749998,512,64x64,14,2.927572174079395,3.8395579270749995,1024,96x96,14,2.5d_3d,"{'from': 'Chiplet_5', 'to': 'Chiplet_4', 'connection_type': '3d_tsv', 'loc': 'stack0_base'},{'from': 'Chiplet_4', 'to': 'Chiplet_3', 'connection_type': '3d_tsv', 'loc': 'stack0_middle1'},{'from': 'Chiplet_3', 'to': 'na', 'connection_type': '3d_tsv', 'loc': 'stack0_top'},{'from': 'Chiplet_1', 'to': 'Chiplet_2', 'connection_type': '2.5d_rdl', 'loc': '2.5d_chiplet'},{'from': 'Chiplet_1', 'to': 'Chiplet_6', 'connection_type': '2.5d_rdl', 'loc': '2.5d_chiplet'},{'from': 'Chiplet_6', 'to': 'Chiplet_1', 'connection_type': '2.5d_rdl', 'loc': '2.5d_chiplet'},{'from': 'Chiplet_6', 'to': 'Chiplet_5', 'connection_type': '2.5d_rdl', 'loc': '2.5d_chiplet'},{'from': 'Chiplet_2', 'to': 'Chiplet_1', 'connection_type': '2.5d_rdl', 'loc': '2.5d_chiplet'},{'from': 'Chiplet_2', 'to': 'Chiplet_5', 'connection_type': '2.5d_rdl', 'loc': '2.5d_chiplet'},{'from': 'Chiplet_5', 'to': 'Chiplet_2', 'connection_type': '2.5d_rdl', 'loc': '2.5d_chiplet'},{'from': 'Chiplet_5', 'to': 'Chiplet_6', 'connection_type': '2.5d_rdl', 'loc': '2.5d_chiplet'}",2,2,1,1,1,1,ddr5,ucie_std,ucie_3d,0,0,ws,0,0,0
436,15.877134991054236,2384459.74,56825.162818664845,1605486160.9227405,20754.16004239534,39055.24987364701,436,0.784712696,2.51875,512,96x96,7,2.972908090547913,5.538366334949999,2048,128x128,10,4.1253109519999995,10.4826,4096,192x192,7,0.829831759447044,1.3845915837374998,768,64x64,10,0.957922696,2.51875,1024,96x96,7,1.304342696,2.51875,2048,96x96,7,2.5d_3d,"{'from': 'Chiplet_3', 'to': 'Chiplet_1', 'connection_type': '3d_hyb_bond', 'loc': 'stack0_base'},{'from': 'Chiplet_1', 'to': 'na', 'connection_type': '3d_hyb_bond', 'loc': 'stack0_top'},{'from': 'Chiplet_3', 'to': 'Chiplet_2', 'connection_type': '2.5d_rdl', 'loc': '2.5d_chiplet'},{'from': 'Chiplet_3', 'to': 'Chiplet_6', 'connection_type': '2.5d_rdl', 'loc': '2.5d_chiplet'},{'from': 'Chiplet_3', 'to': 'Chiplet_5', 'connection_type': '2.5d_rdl', 'loc': '2.5d_chiplet'},{'from': 'Chiplet_5', 'to': 'Chiplet_3', 'connection_type': '2.5d_rdl', 'loc': '2.5d_chiplet'},{'from': 'Chiplet_5', 'to': 'Chiplet_6', 'connection_type': '2.5d_rdl', 'loc': '2.5d_chiplet'},{'from': 'Chiplet_2', 'to': 'Chiplet_3', 'connection_type': '2.5d_rdl', 'loc': '2.5d_chiplet'},{'from': 'Chiplet_2', 'to': 'Chiplet_4', 'connection_type': '2.5d_rdl', 'loc': '2.5d_chiplet'},{'from': 'Chiplet_2', 'to': 'Chiplet_6', 'connection_type': '2.5d_rdl', 'loc': '2.5d_chiplet'},{'from': 'Chiplet_6', 'to': 'Chiplet_3', 'connection_type': '2.5d_rdl', 'loc': '2.5d_chiplet'},{'from': 'Chiplet_6', 'to': 'Chiplet_4', 'connection_type': '2.5d_rdl', 'loc': '2.5d_chiplet'},{'from': 'Chiplet_6', 'to': 'Chiplet_2', 'connection_type': '2.5d_rdl', 'loc': '2.5d_chiplet'},{'from': 'Chiplet_6', 'to': 'Chiplet_5', 'connection_type': '2.5d_rdl', 'loc': '2.5d_chiplet'},{'from': 'Chiplet_4', 'to': 'Chiplet_2', 'connection_type': '2.5d_rdl', 'loc': '2.5d_chiplet'},{'from': 'Chiplet_4', 'to': 'Chiplet_6', 'connection_type': '2.5d_rdl', 'loc': '2.5d_chiplet'}",1,2,2,1,1,1,ddr4,ucie_std,ucie_3d,0,0,os,0,0,0
437,20.12974020122182,3399561.95,119609.43830978507,1092977817.9724367,106791.22175655965,100200.35036716657,437,3.3193280905479132,5.538366334949999,3072,128x128,10,3.3193280905479132,5.538366334949999,3072,128x128,10,5.656782838920179,6.821646341899999,2048,128x128,14,1.7117881800824635,3.1172648505374996,1536,96x96,10,6.315940422320179,6.821646341899999,3072,128x128,14,6.726740457366197,12.973514847541198,4096,192x192,10,2.5d_3d,"{'from': 'Chiplet_5', 'to': 'Chiplet_3', 'connection_type': '3d_tsv', 'loc': 'stack0_base'},{'from': 'Chiplet_3', 'to': 'Chiplet_2', 'connection_type': '3d_tsv', 'loc': 'stack0_middle1'},{'from': 'Chiplet_2', 'to': 'Chiplet_1', 'connection_type': '3d_tsv', 'loc': 'stack0_middle2'},{'from': 'Chiplet_1', 'to': 'na', 'connection_type': '3d_tsv', 'loc': 'stack0_top'},{'from': 'Chiplet_6', 'to': 'Chiplet_4', 'connection_type': '2.5d_emib', 'loc': '2.5d_chiplet'},{'from': 'Chiplet_6', 'to': 'Chiplet_5', 'connection_type': '2.5d_emib', 'loc': '2.5d_chiplet'},{'from': 'Chiplet_5', 'to': 'Chiplet_4', 'connection_type': '2.5d_emib', 'loc': '2.5d_chiplet'},{'from': 'Chiplet_5', 'to': 'Chiplet_6', 'connection_type': '2.5d_emib', 'loc': '2.5d_chiplet'},{'from': 'Chiplet_4', 'to': 'Chiplet_6', 'connection_type': '2.5d_emib', 'loc': '2.5d_chiplet'},{'from': 'Chiplet_4', 'to': 'Chiplet_5', 'connection_type': '2.5d_emib', 'loc': '2.5d_chiplet'}",1,1,1,1,2,2,ddr4,bow,ucie_3d,1,0,os,1,0,0
438,43.950038638761896,4642636.89,202729.48965310928,1232228601.8825407,16486.176470588234,36949.39936478394,438,6.315940422320179,6.821646341899999,3072,128x128,14,3.665749090547913,5.538366334949999,4096,128x128,10,3.5867297574793953,3.8395579270749995,2048,96x96,14,11.481175603606792,15.979573171754398,2048,192x192,14,1.51595254,4.475,1024,128x128,7,5.5109919519999995,10.4826,8192,192x192,7,2.5d,"{'from': 'Chiplet_4', 'to': 'Chiplet_2', 'connection_type': '2.5d_emib', 'loc': '2.5d_chiplet'},{'from': 'Chiplet_4', 'to': 'Chiplet_1', 'connection_type': '2.5d_emib', 'loc': '2.5d_chiplet'},{'from': 'Chiplet_4', 'to': 'Chiplet_6', 'connection_type': '2.5d_emib', 'loc': '2.5d_chiplet'},{'from': 'Chiplet_4', 'to': 'Chiplet_5', 'connection_type': '2.5d_emib', 'loc': '2.5d_chiplet'},{'from': 'Chiplet_2', 'to': 'Chiplet_4', 'connection_type': '2.5d_emib', 'loc': '2.5d_chiplet'},{'from': 'Chiplet_2', 'to': 'Chiplet_5', 'connection_type': '2.5d_emib', 'loc': '2.5d_chiplet'},{'from': 'Chiplet_5', 'to': 'Chiplet_2', 'connection_type': '2.5d_emib', 'loc': '2.5d_chiplet'},{'from': 'Chiplet_5', 'to': 'Chiplet_4', 'connection_type': '2.5d_emib', 'loc': '2.5d_chiplet'},{'from': 'Chiplet_1', 'to': 'Chiplet_3', 'connection_type': '2.5d_emib', 'loc': '2.5d_chiplet'},{'from': 'Chiplet_1', 'to': 'Chiplet_6', 'connection_type': '2.5d_emib', 'loc': '2.5d_chiplet'},{'from': 'Chiplet_1', 'to': 'Chiplet_4', 'connection_type': '2.5d_emib', 'loc': '2.5d_chiplet'},{'from': 'Chiplet_6', 'to': 'Chiplet_3', 'connection_type': '2.5d_emib', 'loc': '2.5d_chiplet'},{'from': 'Chiplet_6', 'to': 'Chiplet_1', 'connection_type': '2.5d_emib', 'loc': '2.5d_chiplet'},{'from': 'Chiplet_6', 'to': 'Chiplet_4', 'connection_type': '2.5d_emib', 'loc': '2.5d_chiplet'},{'from': 'Chiplet_3', 'to': 'Chiplet_1', 'connection_type': '2.5d_emib', 'loc': '2.5d_chiplet'},{'from': 'Chiplet_3', 'to': 'Chiplet_6', 'connection_type': '2.5d_emib', 'loc': '2.5d_chiplet'}",1,1,1,3,1,1,ddr5,bow,na,1,0,os,0,0,0
439,24.92597596866708,3914715.15,147602.3171703495,1652592109.518576,15171.013071895426,42089.24948307167,439,6.315940422320179,6.821646341899999,3072,128x128,14,5.5109919519999995,10.4826,8192,192x192,7,6.033899457366197,12.973514847541198,2048,192x192,10,4.9976252555201786,6.821646341899999,1024,128x128,14,1.743774000637535,1.7054115854749998,1024,64x64,14,1.5385781800824634,3.1172648505374996,1024,96x96,10,2.5d_3d,"{'from': 'Chiplet_4', 'to': 'Chiplet_5', 'connection_type': '3d_u_bump', 'loc': 'stack0_base'},{'from': 'Chiplet_5', 'to': 'Chiplet_6', 'connection_type': '3d_u_bump', 'loc': 'stack0_middle1'},{'from': 'Chiplet_6', 'to': 'na', 'connection_type': '3d_u_bump', 'loc': 'stack0_top'},{'from': 'Chiplet_1', 'to': 'Chiplet_3', 'connection_type': '2.5d_emib', 'loc': '2.5d_chiplet'},{'from': 'Chiplet_1', 'to': 'Chiplet_4', 'connection_type': '2.5d_emib', 'loc': '2.5d_chiplet'},{'from': 'Chiplet_4', 'to': 'Chiplet_2', 'connection_type': '2.5d_emib', 'loc': '2.5d_chiplet'},{'from': 'Chiplet_4', 'to': 'Chiplet_1', 'connection_type': '2.5d_emib', 'loc': '2.5d_chiplet'},{'from': 'Chiplet_3', 'to': 'Chiplet_2', 'connection_type': '2.5d_emib', 'loc': '2.5d_chiplet'},{'from': 'Chiplet_3', 'to': 'Chiplet_1', 'connection_type': '2.5d_emib', 'loc': '2.5d_chiplet'},{'from': 'Chiplet_2', 'to': 'Chiplet_3', 'connection_type': '2.5d_emib', 'loc': '2.5d_chiplet'},{'from': 'Chiplet_2', 'to': 'Chiplet_4', 'connection_type': '2.5d_emib', 'loc': '2.5d_chiplet'}",2,1,2,1,1,1,ddr4,bow,ucie_3d,1,0,os,0,0,0
440,52.19679757991566,5949232.53,114358.13901752883,594173209.342227,123016.6616267298,110461.3528619129,440,1.578984604787535,1.7054115854749998,768,64x64,14,1.5385781800824634,3.1172648505374996,1024,96x96,10,1.578984604787535,1.7054115854749998,768,64x64,14,15.436124909546791,15.979573171754398,8192,192x192,14,2.6264880905479133,5.538366334949999,1024,128x128,10,15.436124909546791,15.979573171754398,8192,192x192,14,2.5d_3d,"{'from': 'Chiplet_6', 'to': 'Chiplet_2', 'connection_type': '3d_tsv', 'loc': 'stack0_base'},{'from': 'Chiplet_2', 'to': 'na', 'connection_type': '3d_tsv', 'loc': 'stack0_top'},{'from': 'Chiplet_4', 'to': 'Chiplet_6', 'connection_type': '2.5d_rdl', 'loc': '2.5d_chiplet'},{'from': 'Chiplet_4', 'to': 'Chiplet_5', 'connection_type': '2.5d_rdl', 'loc': '2.5d_chiplet'},{'from': 'Chiplet_5', 'to': 'Chiplet_1', 'connection_type': '2.5d_rdl', 'loc': '2.5d_chiplet'},{'from': 'Chiplet_5', 'to': 'Chiplet_4', 'connection_type': '2.5d_rdl', 'loc': '2.5d_chiplet'},{'from': 'Chiplet_6', 'to': 'Chiplet_3', 'connection_type': '2.5d_rdl', 'loc': '2.5d_chiplet'},{'from': 'Chiplet_6', 'to': 'Chiplet_1', 'connection_type': '2.5d_rdl', 'loc': '2.5d_chiplet'},{'from': 'Chiplet_6', 'to': 'Chiplet_4', 'connection_type': '2.5d_rdl', 'loc': '2.5d_chiplet'},{'from': 'Chiplet_1', 'to': 'Chiplet_3', 'connection_type': '2.5d_rdl', 'loc': '2.5d_chiplet'},{'from': 'Chiplet_1', 'to': 'Chiplet_6', 'connection_type': '2.5d_rdl', 'loc': '2.5d_chiplet'},{'from': 'Chiplet_1', 'to': 'Chiplet_5', 'connection_type': '2.5d_rdl', 'loc': '2.5d_chiplet'},{'from': 'Chiplet_3', 'to': 'Chiplet_1', 'connection_type': '2.5d_rdl', 'loc': '2.5d_chiplet'},{'from': 'Chiplet_3', 'to': 'Chiplet_6', 'connection_type': '2.5d_rdl', 'loc': '2.5d_chiplet'}",1,1,1,6,1,6,hbm2,ucie_std,ucie_3d,1,0,os,1,0,0
441,16.532784577981133,2041265.81,51753.814599346326,770224432.6778308,245110.14728705198,122904.48168152635,441,6.726740457366197,12.973514847541198,4096,192x192,10,0.916436759447044,1.3845915837374998,1024,64x64,10,1.7117881800824635,3.1172648505374996,1536,96x96,10,2.597993382379395,3.8395579270749995,512,96x96,14,0.378988,1.11875,256,64x64,7,1.743774000637535,1.7054115854749998,1024,64x64,14,2.5d_3d,"{'from': 'Chiplet_1', 'to': 'Chiplet_2', 'connection_type': '3d_tsv', 'loc': 'stack0_base'},{'from': 'Chiplet_2', 'to': 'na', 'connection_type': '3d_tsv', 'loc': 'stack0_top'},{'from': 'Chiplet_1', 'to': 'Chiplet_6', 'connection_type': '2.5d_rdl', 'loc': '2.5d_chiplet'},{'from': 'Chiplet_1', 'to': 'Chiplet_4', 'connection_type': '2.5d_rdl', 'loc': '2.5d_chiplet'},{'from': 'Chiplet_4', 'to': 'Chiplet_3', 'connection_type': '2.5d_rdl', 'loc': '2.5d_chiplet'},{'from': 'Chiplet_4', 'to': 'Chiplet_1', 'connection_type': '2.5d_rdl', 'loc': '2.5d_chiplet'},{'from': 'Chiplet_4', 'to': 'Chiplet_6', 'connection_type': '2.5d_rdl', 'loc': '2.5d_chiplet'},{'from': 'Chiplet_4', 'to': 'Chiplet_5', 'connection_type': '2.5d_rdl', 'loc': '2.5d_chiplet'},{'from': 'Chiplet_5', 'to': 'Chiplet_3', 'connection_type': '2.5d_rdl', 'loc': '2.5d_chiplet'},{'from': 'Chiplet_5', 'to': 'Chiplet_4', 'connection_type': '2.5d_rdl', 'loc': '2.5d_chiplet'},{'from': 'Chiplet_6', 'to': 'Chiplet_3', 'connection_type': '2.5d_rdl', 'loc': '2.5d_chiplet'},{'from': 'Chiplet_6', 'to': 'Chiplet_1', 'connection_type': '2.5d_rdl', 'loc': '2.5d_chiplet'},{'from': 'Chiplet_6', 'to': 'Chiplet_4', 'connection_type': '2.5d_rdl', 'loc': '2.5d_chiplet'},{'from': 'Chiplet_3', 'to': 'Chiplet_4', 'connection_type': '2.5d_rdl', 'loc': '2.5d_chiplet'},{'from': 'Chiplet_3', 'to': 'Chiplet_6', 'connection_type': '2.5d_rdl', 'loc': '2.5d_chiplet'},{'from': 'Chiplet_3', 'to': 'Chiplet_5', 'connection_type': '2.5d_rdl', 'loc': '2.5d_chiplet'}",3,1,1,1,1,1,ddr5,ucie_std,ucie_3d,1,0,is,1,0,0
442,37.395450809265654,4378916.5,101793.4082676481,879864911.6274735,152805.8255314515,134487.94580579063,442,1.4141952089375351,1.7054115854749998,512,64x64,14,1.86237254,4.475,2048,128x128,7,0.784712696,2.51875,512,96x96,7,1.51595254,4.475,1024,128x128,7,15.436124909546791,15.979573171754398,8192,192x192,14,7.419580457366196,12.973514847541198,6144,192x192,10,2.5d_3d,"{'from': 'Chiplet_2', 'to': 'Chiplet_3', 'connection_type': '3d_u_bump', 'loc': 'stack0_base'},{'from': 'Chiplet_3', 'to': 'na', 'connection_type': '3d_u_bump', 'loc': 'stack0_top'},{'from': 'Chiplet_5', 'to': 'Chiplet_2', 'connection_type': '2.5d_rdl', 'loc': '2.5d_chiplet'},{'from': 'Chiplet_5', 'to': 'Chiplet_6', 'connection_type': '2.5d_rdl', 'loc': '2.5d_chiplet'},{'from': 'Chiplet_6', 'to': 'Chiplet_2', 'connection_type': '2.5d_rdl', 'loc': '2.5d_chiplet'},{'from': 'Chiplet_6', 'to': 'Chiplet_4', 'connection_type': '2.5d_rdl', 'loc': '2.5d_chiplet'},{'from': 'Chiplet_6', 'to': 'Chiplet_5', 'connection_type': '2.5d_rdl', 'loc': '2.5d_chiplet'},{'from': 'Chiplet_2', 'to': 'Chiplet_1', 'connection_type': '2.5d_rdl', 'loc': '2.5d_chiplet'},{'from': 'Chiplet_2', 'to': 'Chiplet_4', 'connection_type': '2.5d_rdl', 'loc': '2.5d_chiplet'},{'from': 'Chiplet_2', 'to': 'Chiplet_6', 'connection_type': '2.5d_rdl', 'loc': '2.5d_chiplet'},{'from': 'Chiplet_2', 'to': 'Chiplet_5', 'connection_type': '2.5d_rdl', 'loc': '2.5d_chiplet'},{'from': 'Chiplet_4', 'to': 'Chiplet_2', 'connection_type': '2.5d_rdl', 'loc': '2.5d_chiplet'},{'from': 'Chiplet_4', 'to': 'Chiplet_1', 'connection_type': '2.5d_rdl', 'loc': '2.5d_chiplet'},{'from': 'Chiplet_4', 'to': 'Chiplet_6', 'connection_type': '2.5d_rdl', 'loc': '2.5d_chiplet'},{'from': 'Chiplet_1', 'to': 'Chiplet_2', 'connection_type': '2.5d_rdl', 'loc': '2.5d_chiplet'},{'from': 'Chiplet_1', 'to': 'Chiplet_4', 'connection_type': '2.5d_rdl', 'loc': '2.5d_chiplet'}",1,1,1,1,3,1,ddr5,ucie_std,ucie_3d,1,0,is,1,0,0
443,13.531748162946378,1425270.22,41786.41771990184,1473607539.914647,601392.1460538429,193355.5503444912,443,0.829831759447044,1.3845915837374998,768,64x64,10,2.20879254,4.475,3072,128x128,7,1.131132696,2.51875,1536,96x96,7,2.927572174079395,3.8395579270749995,1024,96x96,14,1.578984604787535,1.7054115854749998,768,64x64,14,0.46559300000000003,1.11875,512,64x64,7,2.5d,"{'from': 'Chiplet_4', 'to': 'Chiplet_2', 'connection_type': '2.5d_rdl', 'loc': '2.5d_chiplet'},{'from': 'Chiplet_4', 'to': 'Chiplet_6', 'connection_type': '2.5d_rdl', 'loc': '2.5d_chiplet'},{'from': 'Chiplet_4', 'to': 'Chiplet_3', 'connection_type': '2.5d_rdl', 'loc': '2.5d_chiplet'},{'from': 'Chiplet_4', 'to': 'Chiplet_5', 'connection_type': '2.5d_rdl', 'loc': '2.5d_chiplet'},{'from': 'Chiplet_3', 'to': 'Chiplet_4', 'connection_type': '2.5d_rdl', 'loc': '2.5d_chiplet'},{'from': 'Chiplet_3', 'to': 'Chiplet_6', 'connection_type': '2.5d_rdl', 'loc': '2.5d_chiplet'},{'from': 'Chiplet_6', 'to': 'Chiplet_3', 'connection_type': '2.5d_rdl', 'loc': '2.5d_chiplet'},{'from': 'Chiplet_6', 'to': 'Chiplet_4', 'connection_type': '2.5d_rdl', 'loc': '2.5d_chiplet'},{'from': 'Chiplet_2', 'to': 'Chiplet_1', 'connection_type': '2.5d_rdl', 'loc': '2.5d_chiplet'},{'from': 'Chiplet_2', 'to': 'Chiplet_4', 'connection_type': '2.5d_rdl', 'loc': '2.5d_chiplet'},{'from': 'Chiplet_2', 'to': 'Chiplet_5', 'connection_type': '2.5d_rdl', 'loc': '2.5d_chiplet'},{'from': 'Chiplet_5', 'to': 'Chiplet_2', 'connection_type': '2.5d_rdl', 'loc': '2.5d_chiplet'},{'from': 'Chiplet_5', 'to': 'Chiplet_1', 'connection_type': '2.5d_rdl', 'loc': '2.5d_chiplet'},{'from': 'Chiplet_5', 'to': 'Chiplet_4', 'connection_type': '2.5d_rdl', 'loc': '2.5d_chiplet'},{'from': 'Chiplet_1', 'to': 'Chiplet_2', 'connection_type': '2.5d_rdl', 'loc': '2.5d_chiplet'},{'from': 'Chiplet_1', 'to': 'Chiplet_5', 'connection_type': '2.5d_rdl', 'loc': '2.5d_chiplet'}",1,2,1,2,1,1,ddr4,ucie_std,na,0,0,ws,1,0,0
444,36.052881089336815,5277702.13,134078.1398878957,519674388.2860457,72579.5718202667,63511.961217977994,444,1.86237254,4.475,2048,128x128,7,0.829831759447044,1.3845915837374998,768,64x64,10,8.112421457366196,12.973514847541198,8192,192x192,10,14.117807839976791,15.979573171754398,6144,192x192,14,1.8849981800824636,3.1172648505374996,2048,96x96,10,0.957922696,2.51875,1024,96x96,7,2.5d_3d,"{'from': 'Chiplet_4', 'to': 'Chiplet_1', 'connection_type': '3d_hyb_bond', 'loc': 'stack0_base'},{'from': 'Chiplet_1', 'to': 'Chiplet_6', 'connection_type': '3d_hyb_bond', 'loc': 'stack0_middle1'},{'from': 'Chiplet_6', 'to': 'Chiplet_2', 'connection_type': '3d_hyb_bond', 'loc': 'stack0_middle2'},{'from': 'Chiplet_2', 'to': 'na', 'connection_type': '3d_hyb_bond', 'loc': 'stack0_top'},{'from': 'Chiplet_4', 'to': 'Chiplet_3', 'connection_type': '2.5d_emib', 'loc': '2.5d_chiplet'},{'from': 'Chiplet_4', 'to': 'Chiplet_5', 'connection_type': '2.5d_emib', 'loc': '2.5d_chiplet'},{'from': 'Chiplet_3', 'to': 'Chiplet_4', 'connection_type': '2.5d_emib', 'loc': '2.5d_chiplet'},{'from': 'Chiplet_3', 'to': 'Chiplet_5', 'connection_type': '2.5d_emib', 'loc': '2.5d_chiplet'},{'from': 'Chiplet_5', 'to': 'Chiplet_3', 'connection_type': '2.5d_emib', 'loc': '2.5d_chiplet'},{'from': 'Chiplet_5', 'to': 'Chiplet_4', 'connection_type': '2.5d_emib', 'loc': '2.5d_chiplet'}",1,1,4,8,1,1,hbm2,bow,ucie_3d,1,0,ws,1,0,0
445,28.901922065512213,3766408.53,177706.04397253064,580977674.0297813,20443.333333333332,21779.120267878418,445,2.597993382379395,3.8395579270749995,512,96x96,14,6.975099908490179,6.821646341899999,4096,128x128,14,0.829831759447044,1.3845915837374998,768,64x64,10,1.86237254,4.475,2048,128x128,7,5.5109919519999995,10.4826,8192,192x192,7,1.304342696,2.51875,2048,96x96,7,2.5d,"{'from': 'Chiplet_2', 'to': 'Chiplet_3', 'connection_type': '2.5d_emib', 'loc': '2.5d_chiplet'},{'from': 'Chiplet_2', 'to': 'Chiplet_1', 'connection_type': '2.5d_emib', 'loc': '2.5d_chiplet'},{'from': 'Chiplet_2', 'to': 'Chiplet_4', 'connection_type': '2.5d_emib', 'loc': '2.5d_chiplet'},{'from': 'Chiplet_2', 'to': 'Chiplet_5', 'connection_type': '2.5d_emib', 'loc': '2.5d_chiplet'},{'from': 'Chiplet_4', 'to': 'Chiplet_3', 'connection_type': '2.5d_emib', 'loc': '2.5d_chiplet'},{'from': 'Chiplet_4', 'to': 'Chiplet_2', 'connection_type': '2.5d_emib', 'loc': '2.5d_chiplet'},{'from': 'Chiplet_3', 'to': 'Chiplet_2', 'connection_type': '2.5d_emib', 'loc': '2.5d_chiplet'},{'from': 'Chiplet_3', 'to': 'Chiplet_4', 'connection_type': '2.5d_emib', 'loc': '2.5d_chiplet'},{'from': 'Chiplet_5', 'to': 'Chiplet_2', 'connection_type': '2.5d_emib', 'loc': '2.5d_chiplet'},{'from': 'Chiplet_5', 'to': 'Chiplet_1', 'connection_type': '2.5d_emib', 'loc': '2.5d_chiplet'},{'from': 'Chiplet_5', 'to': 'Chiplet_6', 'connection_type': '2.5d_emib', 'loc': '2.5d_chiplet'},{'from': 'Chiplet_1', 'to': 'Chiplet_2', 'connection_type': '2.5d_emib', 'loc': '2.5d_chiplet'},{'from': 'Chiplet_1', 'to': 'Chiplet_6', 'connection_type': '2.5d_emib', 'loc': '2.5d_chiplet'},{'from': 'Chiplet_1', 'to': 'Chiplet_5', 'connection_type': '2.5d_emib', 'loc': '2.5d_chiplet'},{'from': 'Chiplet_6', 'to': 'Chiplet_1', 'connection_type': '2.5d_emib', 'loc': '2.5d_chiplet'},{'from': 'Chiplet_6', 'to': 'Chiplet_5', 'connection_type': '2.5d_emib', 'loc': '2.5d_chiplet'}",2,6,1,1,5,1,hbm2,bow,na,1,0,os,0,0,0
446,25.0836326751093,2889819.2,66888.06524429675,1087047981.9653273,188715.3134412131,123751.60416850407,446,6.726740457366197,12.973514847541198,4096,192x192,10,0.656621759447044,1.3845915837374998,256,64x64,10,2.20879254,4.475,3072,128x128,7,1.578984604787535,1.7054115854749998,768,64x64,14,3.665749090547913,5.538366334949999,4096,128x128,10,2.927572174079395,3.8395579270749995,1024,96x96,14,2.5d_3d,"{'from': 'Chiplet_3', 'to': 'Chiplet_4', 'connection_type': '3d_tsv', 'loc': 'stack0_base'},{'from': 'Chiplet_4', 'to': 'na', 'connection_type': '3d_tsv', 'loc': 'stack0_top'},{'from': 'Chiplet_1', 'to': 'Chiplet_2', 'connection_type': '2.5d_rdl', 'loc': '2.5d_chiplet'},{'from': 'Chiplet_1', 'to': 'Chiplet_6', 'connection_type': '2.5d_rdl', 'loc': '2.5d_chiplet'},{'from': 'Chiplet_1', 'to': 'Chiplet_5', 'connection_type': '2.5d_rdl', 'loc': '2.5d_chiplet'},{'from': 'Chiplet_2', 'to': 'Chiplet_1', 'connection_type': '2.5d_rdl', 'loc': '2.5d_chiplet'},{'from': 'Chiplet_2', 'to': 'Chiplet_6', 'connection_type': '2.5d_rdl', 'loc': '2.5d_chiplet'},{'from': 'Chiplet_5', 'to': 'Chiplet_3', 'connection_type': '2.5d_rdl', 'loc': '2.5d_chiplet'},{'from': 'Chiplet_5', 'to': 'Chiplet_1', 'connection_type': '2.5d_rdl', 'loc': '2.5d_chiplet'},{'from': 'Chiplet_5', 'to': 'Chiplet_6', 'connection_type': '2.5d_rdl', 'loc': '2.5d_chiplet'},{'from': 'Chiplet_6', 'to': 'Chiplet_2', 'connection_type': '2.5d_rdl', 'loc': '2.5d_chiplet'},{'from': 'Chiplet_6', 'to': 'Chiplet_1', 'connection_type': '2.5d_rdl', 'loc': '2.5d_chiplet'},{'from': 'Chiplet_6', 'to': 'Chiplet_3', 'connection_type': '2.5d_rdl', 'loc': '2.5d_chiplet'},{'from': 'Chiplet_6', 'to': 'Chiplet_5', 'connection_type': '2.5d_rdl', 'loc': '2.5d_chiplet'},{'from': 'Chiplet_3', 'to': 'Chiplet_6', 'connection_type': '2.5d_rdl', 'loc': '2.5d_chiplet'},{'from': 'Chiplet_3', 'to': 'Chiplet_5', 'connection_type': '2.5d_rdl', 'loc': '2.5d_chiplet'}",3,1,1,1,1,1,ddr4,ucie_std,ucie_3d,0,0,is,1,0,0
447,28.67477011357079,3213031.88,68426.2635209067,313596618.98452723,119604.25157638588,82280.70333887672,447,6.033899457366197,12.973514847541198,2048,192x192,10,2.927572174079395,3.8395579270749995,1024,96x96,14,4.9976252555201786,6.821646341899999,1024,128x128,14,1.3653681800824635,3.1172648505374996,512,96x96,10,3.3193280905479132,5.538366334949999,3072,128x128,10,0.957922696,2.51875,1024,96x96,7,2.5d,"{'from': 'Chiplet_1', 'to': 'Chiplet_3', 'connection_type': '2.5d_rdl', 'loc': '2.5d_chiplet'},{'from': 'Chiplet_1', 'to': 'Chiplet_6', 'connection_type': '2.5d_rdl', 'loc': '2.5d_chiplet'},{'from': 'Chiplet_1', 'to': 'Chiplet_2', 'connection_type': '2.5d_rdl', 'loc': '2.5d_chiplet'},{'from': 'Chiplet_1', 'to': 'Chiplet_5', 'connection_type': '2.5d_rdl', 'loc': '2.5d_chiplet'},{'from': 'Chiplet_2', 'to': 'Chiplet_1', 'connection_type': '2.5d_rdl', 'loc': '2.5d_chiplet'},{'from': 'Chiplet_2', 'to': 'Chiplet_6', 'connection_type': '2.5d_rdl', 'loc': '2.5d_chiplet'},{'from': 'Chiplet_6', 'to': 'Chiplet_2', 'connection_type': '2.5d_rdl', 'loc': '2.5d_chiplet'},{'from': 'Chiplet_6', 'to': 'Chiplet_1', 'connection_type': '2.5d_rdl', 'loc': '2.5d_chiplet'},{'from': 'Chiplet_3', 'to': 'Chiplet_1', 'connection_type': '2.5d_rdl', 'loc': '2.5d_chiplet'},{'from': 'Chiplet_3', 'to': 'Chiplet_4', 'connection_type': '2.5d_rdl', 'loc': '2.5d_chiplet'},{'from': 'Chiplet_3', 'to': 'Chiplet_5', 'connection_type': '2.5d_rdl', 'loc': '2.5d_chiplet'},{'from': 'Chiplet_5', 'to': 'Chiplet_3', 'connection_type': '2.5d_rdl', 'loc': '2.5d_chiplet'},{'from': 'Chiplet_5', 'to': 'Chiplet_1', 'connection_type': '2.5d_rdl', 'loc': '2.5d_chiplet'},{'from': 'Chiplet_5', 'to': 'Chiplet_4', 'connection_type': '2.5d_rdl', 'loc': '2.5d_chiplet'},{'from': 'Chiplet_4', 'to': 'Chiplet_3', 'connection_type': '2.5d_rdl', 'loc': '2.5d_chiplet'},{'from': 'Chiplet_4', 'to': 'Chiplet_5', 'connection_type': '2.5d_rdl', 'loc': '2.5d_chiplet'}",5,2,4,1,3,1,hbm3,ucie_std,na,1,0,os,1,0,0
448,38.056057598475796,4244444.71,107176.16581757477,1240306636.4983482,15455.588235294117,36200.11123515703,448,8.112421457366196,12.973514847541198,8192,192x192,10,6.975099908490179,6.821646341899999,4096,128x128,14,1.304342696,2.51875,2048,96x96,7,4.1253109519999995,10.4826,4096,192x192,7,3.432469952,10.4826,2048,192x192,7,3.5867297574793953,3.8395579270749995,2048,96x96,14,2.5d,"{'from': 'Chiplet_1', 'to': 'Chiplet_2', 'connection_type': '2.5d_rdl', 'loc': '2.5d_chiplet'},{'from': 'Chiplet_1', 'to': 'Chiplet_6', 'connection_type': '2.5d_rdl', 'loc': '2.5d_chiplet'},{'from': 'Chiplet_1', 'to': 'Chiplet_4', 'connection_type': '2.5d_rdl', 'loc': '2.5d_chiplet'},{'from': 'Chiplet_1', 'to': 'Chiplet_3', 'connection_type': '2.5d_rdl', 'loc': '2.5d_chiplet'},{'from': 'Chiplet_6', 'to': 'Chiplet_3', 'connection_type': '2.5d_rdl', 'loc': '2.5d_chiplet'},{'from': 'Chiplet_6', 'to': 'Chiplet_1', 'connection_type': '2.5d_rdl', 'loc': '2.5d_chiplet'},{'from': 'Chiplet_3', 'to': 'Chiplet_1', 'connection_type': '2.5d_rdl', 'loc': '2.5d_chiplet'},{'from': 'Chiplet_3', 'to': 'Chiplet_6', 'connection_type': '2.5d_rdl', 'loc': '2.5d_chiplet'},{'from': 'Chiplet_2', 'to': 'Chiplet_1', 'connection_type': '2.5d_rdl', 'loc': '2.5d_chiplet'},{'from': 'Chiplet_2', 'to': 'Chiplet_4', 'connection_type': '2.5d_rdl', 'loc': '2.5d_chiplet'},{'from': 'Chiplet_2', 'to': 'Chiplet_5', 'connection_type': '2.5d_rdl', 'loc': '2.5d_chiplet'},{'from': 'Chiplet_4', 'to': 'Chiplet_2', 'connection_type': '2.5d_rdl', 'loc': '2.5d_chiplet'},{'from': 'Chiplet_4', 'to': 'Chiplet_1', 'connection_type': '2.5d_rdl', 'loc': '2.5d_chiplet'},{'from': 'Chiplet_4', 'to': 'Chiplet_5', 'connection_type': '2.5d_rdl', 'loc': '2.5d_chiplet'},{'from': 'Chiplet_5', 'to': 'Chiplet_2', 'connection_type': '2.5d_rdl', 'loc': '2.5d_chiplet'},{'from': 'Chiplet_5', 'to': 'Chiplet_4', 'connection_type': '2.5d_rdl', 'loc': '2.5d_chiplet'}",2,2,1,1,1,1,ddr5,ucie_std,na,0,0,ws,0,0,0
449,30.107216878815304,3903319.73,178860.2191827125,467682662.0806017,131225.0893049365,89004.60552001448,449,3.5867297574793953,3.8395579270749995,2048,96x96,14,5.5109919519999995,10.4826,8192,192x192,7,2.6264880905479133,5.538366334949999,1024,128x128,10,3.3193280905479132,5.538366334949999,3072,128x128,10,5.656782838920179,6.821646341899999,2048,128x128,14,0.46559300000000003,1.11875,512,64x64,7,2.5d,"{'from': 'Chiplet_5', 'to': 'Chiplet_2', 'connection_type': '2.5d_emib', 'loc': '2.5d_chiplet'},{'from': 'Chiplet_5', 'to': 'Chiplet_4', 'connection_type': '2.5d_emib', 'loc': '2.5d_chiplet'},{'from': 'Chiplet_5', 'to': 'Chiplet_3', 'connection_type': '2.5d_emib', 'loc': '2.5d_chiplet'},{'from': 'Chiplet_4', 'to': 'Chiplet_3', 'connection_type': '2.5d_emib', 'loc': '2.5d_chiplet'},{'from': 'Chiplet_4', 'to': 'Chiplet_5', 'connection_type': '2.5d_emib', 'loc': '2.5d_chiplet'},{'from': 'Chiplet_3', 'to': 'Chiplet_4', 'connection_type': '2.5d_emib', 'loc': '2.5d_chiplet'},{'from': 'Chiplet_3', 'to': 'Chiplet_5', 'connection_type': '2.5d_emib', 'loc': '2.5d_chiplet'},{'from': 'Chiplet_2', 'to': 'Chiplet_1', 'connection_type': '2.5d_emib', 'loc': '2.5d_chiplet'},{'from': 'Chiplet_2', 'to': 'Chiplet_6', 'connection_type': '2.5d_emib', 'loc': '2.5d_chiplet'},{'from': 'Chiplet_2', 'to': 'Chiplet_5', 'connection_type': '2.5d_emib', 'loc': '2.5d_chiplet'},{'from': 'Chiplet_1', 'to': 'Chiplet_2', 'connection_type': '2.5d_emib', 'loc': '2.5d_chiplet'},{'from': 'Chiplet_1', 'to': 'Chiplet_6', 'connection_type': '2.5d_emib', 'loc': '2.5d_chiplet'},{'from': 'Chiplet_6', 'to': 'Chiplet_2', 'connection_type': '2.5d_emib', 'loc': '2.5d_chiplet'},{'from': 'Chiplet_6', 'to': 'Chiplet_1', 'connection_type': '2.5d_emib', 'loc': '2.5d_chiplet'}",3,4,2,2,4,1,hbm2,aib,na,1,0,ws,1,0,0
450,19.765185822436443,2662041.65,112584.76728420143,482636403.7012799,46790.41769041769,29691.28197857259,450,0.957922696,2.51875,1024,96x96,7,4.9976252555201786,6.821646341899999,1024,128x128,14,6.315940422320179,6.821646341899999,3072,128x128,14,2.972908090547913,5.538366334949999,2048,128x128,10,0.378988,1.11875,256,64x64,7,0.743226759447044,1.3845915837374998,512,64x64,10,2.5d_3d,"{'from': 'Chiplet_2', 'to': 'Chiplet_6', 'connection_type': '3d_tsv', 'loc': 'stack0_base'},{'from': 'Chiplet_6', 'to': 'Chiplet_5', 'connection_type': '3d_tsv', 'loc': 'stack0_middle1'},{'from': 'Chiplet_5', 'to': 'na', 'connection_type': '3d_tsv', 'loc': 'stack0_top'},{'from': 'Chiplet_3', 'to': 'Chiplet_2', 'connection_type': '2.5d_emib', 'loc': '2.5d_chiplet'},{'from': 'Chiplet_3', 'to': 'Chiplet_1', 'connection_type': '2.5d_emib', 'loc': '2.5d_chiplet'},{'from': 'Chiplet_3', 'to': 'Chiplet_4', 'connection_type': '2.5d_emib', 'loc': '2.5d_chiplet'},{'from': 'Chiplet_1', 'to': 'Chiplet_3', 'connection_type': '2.5d_emib', 'loc': '2.5d_chiplet'},{'from': 'Chiplet_1', 'to': 'Chiplet_4', 'connection_type': '2.5d_emib', 'loc': '2.5d_chiplet'},{'from': 'Chiplet_2', 'to': 'Chiplet_3', 'connection_type': '2.5d_emib', 'loc': '2.5d_chiplet'},{'from': 'Chiplet_2', 'to': 'Chiplet_4', 'connection_type': '2.5d_emib', 'loc': '2.5d_chiplet'},{'from': 'Chiplet_4', 'to': 'Chiplet_3', 'connection_type': '2.5d_emib', 'loc': '2.5d_chiplet'},{'from': 'Chiplet_4', 'to': 'Chiplet_1', 'connection_type': '2.5d_emib', 'loc': '2.5d_chiplet'},{'from': 'Chiplet_4', 'to': 'Chiplet_2', 'connection_type': '2.5d_emib', 'loc': '2.5d_chiplet'}",1,4,6,3,1,1,hbm3,bow,ucie_3d,0,0,is,0,0,0
451,65.40559489183185,5543657.62,123964.87712881475,1734304371.7595987,15092.35294117647,47968.641359153844,451,6.033899457366197,12.973514847541198,2048,192x192,10,12.799492673176792,15.979573171754398,4096,192x192,14,0.656621759447044,1.3845915837374998,256,64x64,10,15.436124909546791,15.979573171754398,8192,192x192,14,0.378988,1.11875,256,64x64,7,3.432469952,10.4826,2048,192x192,7,2.5d,"{'from': 'Chiplet_4', 'to': 'Chiplet_2', 'connection_type': '2.5d_rdl', 'loc': '2.5d_chiplet'},{'from': 'Chiplet_4', 'to': 'Chiplet_1', 'connection_type': '2.5d_rdl', 'loc': '2.5d_chiplet'},{'from': 'Chiplet_4', 'to': 'Chiplet_6', 'connection_type': '2.5d_rdl', 'loc': '2.5d_chiplet'},{'from': 'Chiplet_4', 'to': 'Chiplet_5', 'connection_type': '2.5d_rdl', 'loc': '2.5d_chiplet'},{'from': 'Chiplet_6', 'to': 'Chiplet_4', 'connection_type': '2.5d_rdl', 'loc': '2.5d_chiplet'},{'from': 'Chiplet_6', 'to': 'Chiplet_5', 'connection_type': '2.5d_rdl', 'loc': '2.5d_chiplet'},{'from': 'Chiplet_5', 'to': 'Chiplet_4', 'connection_type': '2.5d_rdl', 'loc': '2.5d_chiplet'},{'from': 'Chiplet_5', 'to': 'Chiplet_6', 'connection_type': '2.5d_rdl', 'loc': '2.5d_chiplet'},{'from': 'Chiplet_2', 'to': 'Chiplet_3', 'connection_type': '2.5d_rdl', 'loc': '2.5d_chiplet'},{'from': 'Chiplet_2', 'to': 'Chiplet_1', 'connection_type': '2.5d_rdl', 'loc': '2.5d_chiplet'},{'from': 'Chiplet_2', 'to': 'Chiplet_4', 'connection_type': '2.5d_rdl', 'loc': '2.5d_chiplet'},{'from': 'Chiplet_1', 'to': 'Chiplet_3', 'connection_type': '2.5d_rdl', 'loc': '2.5d_chiplet'},{'from': 'Chiplet_1', 'to': 'Chiplet_4', 'connection_type': '2.5d_rdl', 'loc': '2.5d_chiplet'},{'from': 'Chiplet_1', 'to': 'Chiplet_2', 'connection_type': '2.5d_rdl', 'loc': '2.5d_chiplet'},{'from': 'Chiplet_3', 'to': 'Chiplet_2', 'connection_type': '2.5d_rdl', 'loc': '2.5d_chiplet'},{'from': 'Chiplet_3', 'to': 'Chiplet_1', 'connection_type': '2.5d_rdl', 'loc': '2.5d_chiplet'}",1,2,1,2,1,1,ddr4,ucie_std,na,1,0,os,0,0,0
452,17.995288652866872,2104426.14,150109.98356309108,374189516.2559211,212130.14864754054,79093.94315477235,452,0.552198,1.11875,768,64x64,7,3.2571509657793953,3.8395579270749995,1536,96x96,14,1.249405813087535,1.7054115854749998,256,64x64,14,5.656782838920179,6.821646341899999,2048,128x128,14,0.957922696,2.51875,1024,96x96,7,1.304342696,2.51875,2048,96x96,7,2.5d,"{'from': 'Chiplet_4', 'to': 'Chiplet_2', 'connection_type': '2.5d_emib', 'loc': '2.5d_chiplet'},{'from': 'Chiplet_4', 'to': 'Chiplet_6', 'connection_type': '2.5d_emib', 'loc': '2.5d_chiplet'},{'from': 'Chiplet_4', 'to': 'Chiplet_5', 'connection_type': '2.5d_emib', 'loc': '2.5d_chiplet'},{'from': 'Chiplet_5', 'to': 'Chiplet_4', 'connection_type': '2.5d_emib', 'loc': '2.5d_chiplet'},{'from': 'Chiplet_5', 'to': 'Chiplet_6', 'connection_type': '2.5d_emib', 'loc': '2.5d_chiplet'},{'from': 'Chiplet_2', 'to': 'Chiplet_3', 'connection_type': '2.5d_emib', 'loc': '2.5d_chiplet'},{'from': 'Chiplet_2', 'to': 'Chiplet_6', 'connection_type': '2.5d_emib', 'loc': '2.5d_chiplet'},{'from': 'Chiplet_2', 'to': 'Chiplet_4', 'connection_type': '2.5d_emib', 'loc': '2.5d_chiplet'},{'from': 'Chiplet_6', 'to': 'Chiplet_2', 'connection_type': '2.5d_emib', 'loc': '2.5d_chiplet'},{'from': 'Chiplet_6', 'to': 'Chiplet_1', 'connection_type': '2.5d_emib', 'loc': '2.5d_chiplet'},{'from': 'Chiplet_6', 'to': 'Chiplet_4', 'connection_type': '2.5d_emib', 'loc': '2.5d_chiplet'},{'from': 'Chiplet_6', 'to': 'Chiplet_5', 'connection_type': '2.5d_emib', 'loc': '2.5d_chiplet'},{'from': 'Chiplet_6', 'to': 'Chiplet_3', 'connection_type': '2.5d_emib', 'loc': '2.5d_chiplet'},{'from': 'Chiplet_3', 'to': 'Chiplet_2', 'connection_type': '2.5d_emib', 'loc': '2.5d_chiplet'},{'from': 'Chiplet_3', 'to': 'Chiplet_1', 'connection_type': '2.5d_emib', 'loc': '2.5d_chiplet'},{'from': 'Chiplet_3', 'to': 'Chiplet_6', 'connection_type': '2.5d_emib', 'loc': '2.5d_chiplet'},{'from': 'Chiplet_1', 'to': 'Chiplet_3', 'connection_type': '2.5d_emib', 'loc': '2.5d_chiplet'},{'from': 'Chiplet_1', 'to': 'Chiplet_6', 'connection_type': '2.5d_emib', 'loc': '2.5d_chiplet'}",1,4,1,7,1,2,hbm3,aib,na,0,0,ws,1,0,0
453,34.69065918178761,3572319.5,168486.86221268872,500673265.45842206,205106.13702315063,124789.51609729671,453,3.2571509657793953,3.8395579270749995,1536,96x96,14,1.131132696,2.51875,1536,96x96,7,6.315940422320179,6.821646341899999,3072,128x128,14,5.656782838920179,6.821646341899999,2048,128x128,14,4.9976252555201786,6.821646341899999,1024,128x128,14,2.927572174079395,3.8395579270749995,1024,96x96,14,2.5d,"{'from': 'Chiplet_3', 'to': 'Chiplet_1', 'connection_type': '2.5d_emib', 'loc': '2.5d_chiplet'},{'from': 'Chiplet_3', 'to': 'Chiplet_4', 'connection_type': '2.5d_emib', 'loc': '2.5d_chiplet'},{'from': 'Chiplet_3', 'to': 'Chiplet_6', 'connection_type': '2.5d_emib', 'loc': '2.5d_chiplet'},{'from': 'Chiplet_1', 'to': 'Chiplet_3', 'connection_type': '2.5d_emib', 'loc': '2.5d_chiplet'},{'from': 'Chiplet_1', 'to': 'Chiplet_6', 'connection_type': '2.5d_emib', 'loc': '2.5d_chiplet'},{'from': 'Chiplet_6', 'to': 'Chiplet_3', 'connection_type': '2.5d_emib', 'loc': '2.5d_chiplet'},{'from': 'Chiplet_6', 'to': 'Chiplet_1', 'connection_type': '2.5d_emib', 'loc': '2.5d_chiplet'},{'from': 'Chiplet_4', 'to': 'Chiplet_3', 'connection_type': '2.5d_emib', 'loc': '2.5d_chiplet'},{'from': 'Chiplet_4', 'to': 'Chiplet_2', 'connection_type': '2.5d_emib', 'loc': '2.5d_chiplet'},{'from': 'Chiplet_4', 'to': 'Chiplet_5', 'connection_type': '2.5d_emib', 'loc': '2.5d_chiplet'},{'from': 'Chiplet_5', 'to': 'Chiplet_2', 'connection_type': '2.5d_emib', 'loc': '2.5d_chiplet'},{'from': 'Chiplet_5', 'to': 'Chiplet_4', 'connection_type': '2.5d_emib', 'loc': '2.5d_chiplet'},{'from': 'Chiplet_2', 'to': 'Chiplet_4', 'connection_type': '2.5d_emib', 'loc': '2.5d_chiplet'},{'from': 'Chiplet_2', 'to': 'Chiplet_5', 'connection_type': '2.5d_emib', 'loc': '2.5d_chiplet'}",2,1,4,4,3,2,hbm2,bow,na,1,0,ws,1,0,0
454,57.88313486674883,6078561.68,118063.79901791252,629782954.0426443,16011.666666666668,26443.461691444783,454,7.419580457366196,12.973514847541198,6144,192x192,10,1.8849981800824636,3.1172648505374996,2048,96x96,10,5.656782838920179,6.821646341899999,2048,128x128,14,5.5109919519999995,10.4826,8192,192x192,7,0.378988,1.11875,256,64x64,7,12.799492673176792,15.979573171754398,4096,192x192,14,2.5d,"{'from': 'Chiplet_6', 'to': 'Chiplet_1', 'connection_type': '2.5d_rdl', 'loc': '2.5d_chiplet'},{'from': 'Chiplet_6', 'to': 'Chiplet_4', 'connection_type': '2.5d_rdl', 'loc': '2.5d_chiplet'},{'from': 'Chiplet_4', 'to': 'Chiplet_3', 'connection_type': '2.5d_rdl', 'loc': '2.5d_chiplet'},{'from': 'Chiplet_4', 'to': 'Chiplet_1', 'connection_type': '2.5d_rdl', 'loc': '2.5d_chiplet'},{'from': 'Chiplet_4', 'to': 'Chiplet_6', 'connection_type': '2.5d_rdl', 'loc': '2.5d_chiplet'},{'from': 'Chiplet_1', 'to': 'Chiplet_2', 'connection_type': '2.5d_rdl', 'loc': '2.5d_chiplet'},{'from': 'Chiplet_1', 'to': 'Chiplet_4', 'connection_type': '2.5d_rdl', 'loc': '2.5d_chiplet'},{'from': 'Chiplet_1', 'to': 'Chiplet_5', 'connection_type': '2.5d_rdl', 'loc': '2.5d_chiplet'},{'from': 'Chiplet_1', 'to': 'Chiplet_3', 'connection_type': '2.5d_rdl', 'loc': '2.5d_chiplet'},{'from': 'Chiplet_1', 'to': 'Chiplet_6', 'connection_type': '2.5d_rdl', 'loc': '2.5d_chiplet'},{'from': 'Chiplet_5', 'to': 'Chiplet_2', 'connection_type': '2.5d_rdl', 'loc': '2.5d_chiplet'},{'from': 'Chiplet_5', 'to': 'Chiplet_1', 'connection_type': '2.5d_rdl', 'loc': '2.5d_chiplet'},{'from': 'Chiplet_3', 'to': 'Chiplet_2', 'connection_type': '2.5d_rdl', 'loc': '2.5d_chiplet'},{'from': 'Chiplet_3', 'to': 'Chiplet_1', 'connection_type': '2.5d_rdl', 'loc': '2.5d_chiplet'},{'from': 'Chiplet_3', 'to': 'Chiplet_4', 'connection_type': '2.5d_rdl', 'loc': '2.5d_chiplet'},{'from': 'Chiplet_2', 'to': 'Chiplet_3', 'connection_type': '2.5d_rdl', 'loc': '2.5d_chiplet'},{'from': 'Chiplet_2', 'to': 'Chiplet_1', 'connection_type': '2.5d_rdl', 'loc': '2.5d_chiplet'},{'from': 'Chiplet_2', 'to': 'Chiplet_5', 'connection_type': '2.5d_rdl', 'loc': '2.5d_chiplet'}",3,1,3,2,1,6,hbm2,ucie_std,na,1,0,ws,0,0,0
455,24.087085794481105,3116582.61,164420.48827556547,441415581.89473283,36518.333333333336,32075.319492259026,455,6.033899457366197,12.973514847541198,2048,192x192,10,0.916436759447044,1.3845915837374998,1024,64x64,10,6.033899457366197,12.973514847541198,2048,192x192,10,2.6264880905479133,5.538366334949999,1024,128x128,10,1.249405813087535,1.7054115854749998,256,64x64,14,0.46559300000000003,1.11875,512,64x64,7,2.5d,"{'from': 'Chiplet_1', 'to': 'Chiplet_3', 'connection_type': '2.5d_emib', 'loc': '2.5d_chiplet'},{'from': 'Chiplet_1', 'to': 'Chiplet_4', 'connection_type': '2.5d_emib', 'loc': '2.5d_chiplet'},{'from': 'Chiplet_4', 'to': 'Chiplet_1', 'connection_type': '2.5d_emib', 'loc': '2.5d_chiplet'},{'from': 'Chiplet_4', 'to': 'Chiplet_5', 'connection_type': '2.5d_emib', 'loc': '2.5d_chiplet'},{'from': 'Chiplet_3', 'to': 'Chiplet_2', 'connection_type': '2.5d_emib', 'loc': '2.5d_chiplet'},{'from': 'Chiplet_3', 'to': 'Chiplet_1', 'connection_type': '2.5d_emib', 'loc': '2.5d_chiplet'},{'from': 'Chiplet_3', 'to': 'Chiplet_5', 'connection_type': '2.5d_emib', 'loc': '2.5d_chiplet'},{'from': 'Chiplet_5', 'to': 'Chiplet_2', 'connection_type': '2.5d_emib', 'loc': '2.5d_chiplet'},{'from': 'Chiplet_5', 'to': 'Chiplet_6', 'connection_type': '2.5d_emib', 'loc': '2.5d_chiplet'},{'from': 'Chiplet_5', 'to': 'Chiplet_4', 'connection_type': '2.5d_emib', 'loc': '2.5d_chiplet'},{'from': 'Chiplet_5', 'to': 'Chiplet_3', 'connection_type': '2.5d_emib', 'loc': '2.5d_chiplet'},{'from': 'Chiplet_2', 'to': 'Chiplet_3', 'connection_type': '2.5d_emib', 'loc': '2.5d_chiplet'},{'from': 'Chiplet_2', 'to': 'Chiplet_6', 'connection_type': '2.5d_emib', 'loc': '2.5d_chiplet'},{'from': 'Chiplet_2', 'to': 'Chiplet_5', 'connection_type': '2.5d_emib', 'loc': '2.5d_chiplet'},{'from': 'Chiplet_6', 'to': 'Chiplet_2', 'connection_type': '2.5d_emib', 'loc': '2.5d_chiplet'},{'from': 'Chiplet_6', 'to': 'Chiplet_5', 'connection_type': '2.5d_emib', 'loc': '2.5d_chiplet'}",6,1,5,2,1,1,hbm2,bow,na,1,0,ws,0,0,0
456,11.800104742928593,1437473.01,144509.9551716101,1731105668.0492675,41443.667196608374,44274.00020487165,456,1.8849981800824636,3.1172648505374996,2048,96x96,10,0.656621759447044,1.3845915837374998,256,64x64,10,2.20879254,4.475,3072,128x128,7,0.957922696,2.51875,1024,96x96,7,1.3653681800824635,3.1172648505374996,512,96x96,10,1.578984604787535,1.7054115854749998,768,64x64,14,2.5d,"{'from': 'Chiplet_3', 'to': 'Chiplet_2', 'connection_type': '2.5d_emib', 'loc': '2.5d_chiplet'},{'from': 'Chiplet_3', 'to': 'Chiplet_1', 'connection_type': '2.5d_emib', 'loc': '2.5d_chiplet'},{'from': 'Chiplet_3', 'to': 'Chiplet_5', 'connection_type': '2.5d_emib', 'loc': '2.5d_chiplet'},{'from': 'Chiplet_5', 'to': 'Chiplet_2', 'connection_type': '2.5d_emib', 'loc': '2.5d_chiplet'},{'from': 'Chiplet_5', 'to': 'Chiplet_3', 'connection_type': '2.5d_emib', 'loc': '2.5d_chiplet'},{'from': 'Chiplet_2', 'to': 'Chiplet_3', 'connection_type': '2.5d_emib', 'loc': '2.5d_chiplet'},{'from': 'Chiplet_2', 'to': 'Chiplet_5', 'connection_type': '2.5d_emib', 'loc': '2.5d_chiplet'},{'from': 'Chiplet_1', 'to': 'Chiplet_3', 'connection_type': '2.5d_emib', 'loc': '2.5d_chiplet'},{'from': 'Chiplet_1', 'to': 'Chiplet_4', 'connection_type': '2.5d_emib', 'loc': '2.5d_chiplet'},{'from': 'Chiplet_1', 'to': 'Chiplet_6', 'connection_type': '2.5d_emib', 'loc': '2.5d_chiplet'},{'from': 'Chiplet_6', 'to': 'Chiplet_1', 'connection_type': '2.5d_emib', 'loc': '2.5d_chiplet'},{'from': 'Chiplet_6', 'to': 'Chiplet_4', 'connection_type': '2.5d_emib', 'loc': '2.5d_chiplet'},{'from': 'Chiplet_4', 'to': 'Chiplet_1', 'connection_type': '2.5d_emib', 'loc': '2.5d_chiplet'},{'from': 'Chiplet_4', 'to': 'Chiplet_6', 'connection_type': '2.5d_emib', 'loc': '2.5d_chiplet'}",2,1,2,1,1,1,ddr5,ucie_adv,na,0,0,ws,0,0,0
457,45.285038866670085,4772010.72,204728.07290137355,1253363332.8713825,29777.352941176472,48873.976344738854,457,1.4141952089375351,1.7054115854749998,512,64x64,14,12.799492673176792,15.979573171754398,4096,192x192,14,1.249405813087535,1.7054115854749998,256,64x64,14,5.5109919519999995,10.4826,8192,192x192,7,4.1253109519999995,10.4826,4096,192x192,7,6.315940422320179,6.821646341899999,3072,128x128,14,2.5d,"{'from': 'Chiplet_2', 'to': 'Chiplet_3', 'connection_type': '2.5d_emib', 'loc': '2.5d_chiplet'},{'from': 'Chiplet_2', 'to': 'Chiplet_4', 'connection_type': '2.5d_emib', 'loc': '2.5d_chiplet'},{'from': 'Chiplet_2', 'to': 'Chiplet_6', 'connection_type': '2.5d_emib', 'loc': '2.5d_chiplet'},{'from': 'Chiplet_2', 'to': 'Chiplet_1', 'connection_type': '2.5d_emib', 'loc': '2.5d_chiplet'},{'from': 'Chiplet_1', 'to': 'Chiplet_3', 'connection_type': '2.5d_emib', 'loc': '2.5d_chiplet'},{'from': 'Chiplet_1', 'to': 'Chiplet_2', 'connection_type': '2.5d_emib', 'loc': '2.5d_chiplet'},{'from': 'Chiplet_3', 'to': 'Chiplet_2', 'connection_type': '2.5d_emib', 'loc': '2.5d_chiplet'},{'from': 'Chiplet_3', 'to': 'Chiplet_1', 'connection_type': '2.5d_emib', 'loc': '2.5d_chiplet'},{'from': 'Chiplet_6', 'to': 'Chiplet_2', 'connection_type': '2.5d_emib', 'loc': '2.5d_chiplet'},{'from': 'Chiplet_6', 'to': 'Chiplet_4', 'connection_type': '2.5d_emib', 'loc': '2.5d_chiplet'},{'from': 'Chiplet_6', 'to': 'Chiplet_5', 'connection_type': '2.5d_emib', 'loc': '2.5d_chiplet'},{'from': 'Chiplet_4', 'to': 'Chiplet_2', 'connection_type': '2.5d_emib', 'loc': '2.5d_chiplet'},{'from': 'Chiplet_4', 'to': 'Chiplet_6', 'connection_type': '2.5d_emib', 'loc': '2.5d_chiplet'},{'from': 'Chiplet_4', 'to': 'Chiplet_5', 'connection_type': '2.5d_emib', 'loc': '2.5d_chiplet'},{'from': 'Chiplet_5', 'to': 'Chiplet_6', 'connection_type': '2.5d_emib', 'loc': '2.5d_chiplet'},{'from': 'Chiplet_5', 'to': 'Chiplet_4', 'connection_type': '2.5d_emib', 'loc': '2.5d_chiplet'}",1,3,1,1,1,1,ddr5,bow,na,1,0,os,0,0,0
458,41.715385927134854,5400650.86,186768.07047919583,1274418924.0903168,24128.761206193973,45216.07287592247,458,5.5109919519999995,10.4826,8192,192x192,7,2.927572174079395,3.8395579270749995,1024,96x96,14,1.86237254,4.475,2048,128x128,7,2.597993382379395,3.8395579270749995,512,96x96,14,5.5109919519999995,10.4826,8192,192x192,7,11.481175603606792,15.979573171754398,2048,192x192,14,2.5d_3d,"{'from': 'Chiplet_2', 'to': 'Chiplet_4', 'connection_type': '3d_u_bump', 'loc': 'stack0_base'},{'from': 'Chiplet_4', 'to': 'na', 'connection_type': '3d_u_bump', 'loc': 'stack0_top'},{'from': 'Chiplet_6', 'to': 'Chiplet_3', 'connection_type': '2.5d_emib', 'loc': '2.5d_chiplet'},{'from': 'Chiplet_6', 'to': 'Chiplet_1', 'connection_type': '2.5d_emib', 'loc': '2.5d_chiplet'},{'from': 'Chiplet_3', 'to': 'Chiplet_1', 'connection_type': '2.5d_emib', 'loc': '2.5d_chiplet'},{'from': 'Chiplet_3', 'to': 'Chiplet_6', 'connection_type': '2.5d_emib', 'loc': '2.5d_chiplet'},{'from': 'Chiplet_3', 'to': 'Chiplet_5', 'connection_type': '2.5d_emib', 'loc': '2.5d_chiplet'},{'from': 'Chiplet_1', 'to': 'Chiplet_3', 'connection_type': '2.5d_emib', 'loc': '2.5d_chiplet'},{'from': 'Chiplet_1', 'to': 'Chiplet_6', 'connection_type': '2.5d_emib', 'loc': '2.5d_chiplet'},{'from': 'Chiplet_1', 'to': 'Chiplet_2', 'connection_type': '2.5d_emib', 'loc': '2.5d_chiplet'},{'from': 'Chiplet_1', 'to': 'Chiplet_5', 'connection_type': '2.5d_emib', 'loc': '2.5d_chiplet'},{'from': 'Chiplet_2', 'to': 'Chiplet_1', 'connection_type': '2.5d_emib', 'loc': '2.5d_chiplet'},{'from': 'Chiplet_2', 'to': 'Chiplet_5', 'connection_type': '2.5d_emib', 'loc': '2.5d_chiplet'},{'from': 'Chiplet_5', 'to': 'Chiplet_3', 'connection_type': '2.5d_emib', 'loc': '2.5d_chiplet'},{'from': 'Chiplet_5', 'to': 'Chiplet_1', 'connection_type': '2.5d_emib', 'loc': '2.5d_chiplet'},{'from': 'Chiplet_5', 'to': 'Chiplet_2', 'connection_type': '2.5d_emib', 'loc': '2.5d_chiplet'}",1,1,1,1,1,3,ddr5,bow,ucie_3d,0,0,is,0,0,0
459,18.780056112997315,2397500.8,54139.65823348674,516586146.71835434,28961.20068723981,21084.074397069777,459,3.665749090547913,5.538366334949999,4096,128x128,10,2.972908090547913,5.538366334949999,2048,128x128,10,1.249405813087535,1.7054115854749998,256,64x64,14,1.8849981800824636,3.1172648505374996,2048,96x96,10,0.743226759447044,1.3845915837374998,512,64x64,10,2.55521354,4.475,4096,128x128,7,2.5d,"{'from': 'Chiplet_1', 'to': 'Chiplet_2', 'connection_type': '2.5d_rdl', 'loc': '2.5d_chiplet'},{'from': 'Chiplet_1', 'to': 'Chiplet_4', 'connection_type': '2.5d_rdl', 'loc': '2.5d_chiplet'},{'from': 'Chiplet_1', 'to': 'Chiplet_6', 'connection_type': '2.5d_rdl', 'loc': '2.5d_chiplet'},{'from': 'Chiplet_1', 'to': 'Chiplet_5', 'connection_type': '2.5d_rdl', 'loc': '2.5d_chiplet'},{'from': 'Chiplet_4', 'to': 'Chiplet_1', 'connection_type': '2.5d_rdl', 'loc': '2.5d_chiplet'},{'from': 'Chiplet_4', 'to': 'Chiplet_5', 'connection_type': '2.5d_rdl', 'loc': '2.5d_chiplet'},{'from': 'Chiplet_5', 'to': 'Chiplet_1', 'connection_type': '2.5d_rdl', 'loc': '2.5d_chiplet'},{'from': 'Chiplet_5', 'to': 'Chiplet_4', 'connection_type': '2.5d_rdl', 'loc': '2.5d_chiplet'},{'from': 'Chiplet_2', 'to': 'Chiplet_3', 'connection_type': '2.5d_rdl', 'loc': '2.5d_chiplet'},{'from': 'Chiplet_2', 'to': 'Chiplet_1', 'connection_type': '2.5d_rdl', 'loc': '2.5d_chiplet'},{'from': 'Chiplet_2', 'to': 'Chiplet_6', 'connection_type': '2.5d_rdl', 'loc': '2.5d_chiplet'},{'from': 'Chiplet_6', 'to': 'Chiplet_3', 'connection_type': '2.5d_rdl', 'loc': '2.5d_chiplet'},{'from': 'Chiplet_6', 'to': 'Chiplet_1', 'connection_type': '2.5d_rdl', 'loc': '2.5d_chiplet'},{'from': 'Chiplet_6', 'to': 'Chiplet_2', 'connection_type': '2.5d_rdl', 'loc': '2.5d_chiplet'},{'from': 'Chiplet_3', 'to': 'Chiplet_2', 'connection_type': '2.5d_rdl', 'loc': '2.5d_chiplet'},{'from': 'Chiplet_3', 'to': 'Chiplet_6', 'connection_type': '2.5d_rdl', 'loc': '2.5d_chiplet'}",4,4,2,2,1,3,hbm3,ucie_std,na,1,0,is,0,0,0
460,15.475279805286634,1848309.26,43321.28965273488,453144192.0694529,38614.93424965307,21395.55203445897,460,3.665749090547913,5.538366334949999,4096,128x128,10,0.916436759447044,1.3845915837374998,1024,64x64,10,2.6264880905479133,5.538366334949999,1024,128x128,10,0.638803,1.11875,1024,64x64,7,1.5385781800824634,3.1172648505374996,1024,96x96,10,1.249405813087535,1.7054115854749998,256,64x64,14,2.5d,"{'from': 'Chiplet_1', 'to': 'Chiplet_3', 'connection_type': '2.5d_rdl', 'loc': '2.5d_chiplet'},{'from': 'Chiplet_1', 'to': 'Chiplet_4', 'connection_type': '2.5d_rdl', 'loc': '2.5d_chiplet'},{'from': 'Chiplet_1', 'to': 'Chiplet_6', 'connection_type': '2.5d_rdl', 'loc': '2.5d_chiplet'},{'from': 'Chiplet_1', 'to': 'Chiplet_5', 'connection_type': '2.5d_rdl', 'loc': '2.5d_chiplet'},{'from': 'Chiplet_6', 'to': 'Chiplet_1', 'connection_type': '2.5d_rdl', 'loc': '2.5d_chiplet'},{'from': 'Chiplet_6', 'to': 'Chiplet_4', 'connection_type': '2.5d_rdl', 'loc': '2.5d_chiplet'},{'from': 'Chiplet_4', 'to': 'Chiplet_1', 'connection_type': '2.5d_rdl', 'loc': '2.5d_chiplet'},{'from': 'Chiplet_4', 'to': 'Chiplet_6', 'connection_type': '2.5d_rdl', 'loc': '2.5d_chiplet'},{'from': 'Chiplet_3', 'to': 'Chiplet_2', 'connection_type': '2.5d_rdl', 'loc': '2.5d_chiplet'},{'from': 'Chiplet_3', 'to': 'Chiplet_1', 'connection_type': '2.5d_rdl', 'loc': '2.5d_chiplet'},{'from': 'Chiplet_3', 'to': 'Chiplet_5', 'connection_type': '2.5d_rdl', 'loc': '2.5d_chiplet'},{'from': 'Chiplet_5', 'to': 'Chiplet_2', 'connection_type': '2.5d_rdl', 'loc': '2.5d_chiplet'},{'from': 'Chiplet_5', 'to': 'Chiplet_1', 'connection_type': '2.5d_rdl', 'loc': '2.5d_chiplet'},{'from': 'Chiplet_5', 'to': 'Chiplet_3', 'connection_type': '2.5d_rdl', 'loc': '2.5d_chiplet'},{'from': 'Chiplet_2', 'to': 'Chiplet_3', 'connection_type': '2.5d_rdl', 'loc': '2.5d_chiplet'},{'from': 'Chiplet_2', 'to': 'Chiplet_5', 'connection_type': '2.5d_rdl', 'loc': '2.5d_chiplet'}",6,1,4,1,2,2,hbm3,ucie_std,na,0,0,is,0,0,0
461,54.21589968448196,6153962.58,176029.707366508,536372132.2347757,28639.0,34213.35794334358,461,12.799492673176792,15.979573171754398,4096,192x192,14,6.315940422320179,6.821646341899999,3072,128x128,14,2.927572174079395,3.8395579270749995,1024,96x96,14,0.378988,1.11875,256,64x64,7,14.117807839976791,15.979573171754398,6144,192x192,14,1.304342696,2.51875,2048,96x96,7,2.5d_3d,"{'from': 'Chiplet_1', 'to': 'Chiplet_6', 'connection_type': '3d_tsv', 'loc': 'stack0_base'},{'from': 'Chiplet_6', 'to': 'na', 'connection_type': '3d_tsv', 'loc': 'stack0_top'},{'from': 'Chiplet_5', 'to': 'Chiplet_2', 'connection_type': '2.5d_emib', 'loc': '2.5d_chiplet'},{'from': 'Chiplet_5', 'to': 'Chiplet_1', 'connection_type': '2.5d_emib', 'loc': '2.5d_chiplet'},{'from': 'Chiplet_5', 'to': 'Chiplet_4', 'connection_type': '2.5d_emib', 'loc': '2.5d_chiplet'},{'from': 'Chiplet_5', 'to': 'Chiplet_3', 'connection_type': '2.5d_emib', 'loc': '2.5d_chiplet'},{'from': 'Chiplet_3', 'to': 'Chiplet_4', 'connection_type': '2.5d_emib', 'loc': '2.5d_chiplet'},{'from': 'Chiplet_3', 'to': 'Chiplet_5', 'connection_type': '2.5d_emib', 'loc': '2.5d_chiplet'},{'from': 'Chiplet_4', 'to': 'Chiplet_3', 'connection_type': '2.5d_emib', 'loc': '2.5d_chiplet'},{'from': 'Chiplet_4', 'to': 'Chiplet_5', 'connection_type': '2.5d_emib', 'loc': '2.5d_chiplet'},{'from': 'Chiplet_1', 'to': 'Chiplet_2', 'connection_type': '2.5d_emib', 'loc': '2.5d_chiplet'},{'from': 'Chiplet_1', 'to': 'Chiplet_5', 'connection_type': '2.5d_emib', 'loc': '2.5d_chiplet'},{'from': 'Chiplet_2', 'to': 'Chiplet_1', 'connection_type': '2.5d_emib', 'loc': '2.5d_chiplet'},{'from': 'Chiplet_2', 'to': 'Chiplet_5', 'connection_type': '2.5d_emib', 'loc': '2.5d_chiplet'}",5,2,1,1,6,1,hbm3,bow,ucie_3d,1,0,ws,0,0,0
462,53.121524559372034,4859300.37,197179.6984869452,1723073253.0358515,18355.56438791733,48088.69186352554,462,12.799492673176792,15.979573171754398,4096,192x192,14,8.112421457366196,12.973514847541198,8192,192x192,10,2.927572174079395,3.8395579270749995,1024,96x96,14,6.726740457366197,12.973514847541198,4096,192x192,10,1.743774000637535,1.7054115854749998,1024,64x64,14,0.638803,1.11875,1024,64x64,7,2.5d,"{'from': 'Chiplet_1', 'to': 'Chiplet_2', 'connection_type': '2.5d_emib', 'loc': '2.5d_chiplet'},{'from': 'Chiplet_1', 'to': 'Chiplet_6', 'connection_type': '2.5d_emib', 'loc': '2.5d_chiplet'},{'from': 'Chiplet_1', 'to': 'Chiplet_4', 'connection_type': '2.5d_emib', 'loc': '2.5d_chiplet'},{'from': 'Chiplet_1', 'to': 'Chiplet_3', 'connection_type': '2.5d_emib', 'loc': '2.5d_chiplet'},{'from': 'Chiplet_3', 'to': 'Chiplet_1', 'connection_type': '2.5d_emib', 'loc': '2.5d_chiplet'},{'from': 'Chiplet_3', 'to': 'Chiplet_6', 'connection_type': '2.5d_emib', 'loc': '2.5d_chiplet'},{'from': 'Chiplet_6', 'to': 'Chiplet_3', 'connection_type': '2.5d_emib', 'loc': '2.5d_chiplet'},{'from': 'Chiplet_6', 'to': 'Chiplet_1', 'connection_type': '2.5d_emib', 'loc': '2.5d_chiplet'},{'from': 'Chiplet_2', 'to': 'Chiplet_1', 'connection_type': '2.5d_emib', 'loc': '2.5d_chiplet'},{'from': 'Chiplet_2', 'to': 'Chiplet_4', 'connection_type': '2.5d_emib', 'loc': '2.5d_chiplet'},{'from': 'Chiplet_2', 'to': 'Chiplet_5', 'connection_type': '2.5d_emib', 'loc': '2.5d_chiplet'},{'from': 'Chiplet_4', 'to': 'Chiplet_2', 'connection_type': '2.5d_emib', 'loc': '2.5d_chiplet'},{'from': 'Chiplet_4', 'to': 'Chiplet_1', 'connection_type': '2.5d_emib', 'loc': '2.5d_chiplet'},{'from': 'Chiplet_4', 'to': 'Chiplet_5', 'connection_type': '2.5d_emib', 'loc': '2.5d_chiplet'},{'from': 'Chiplet_5', 'to': 'Chiplet_2', 'connection_type': '2.5d_emib', 'loc': '2.5d_chiplet'},{'from': 'Chiplet_5', 'to': 'Chiplet_4', 'connection_type': '2.5d_emib', 'loc': '2.5d_chiplet'}",3,1,1,1,1,1,ddr4,ucie_adv,na,0,0,os,0,0,0
463,40.11201789096075,5183443.19,169555.19217811018,1684765468.276103,27852.352941176472,59405.51341128641,463,6.033899457366197,12.973514847541198,2048,192x192,10,0.784712696,2.51875,512,96x96,7,14.117807839976791,15.979573171754398,6144,192x192,14,2.972908090547913,5.538366334949999,2048,128x128,10,0.957922696,2.51875,1024,96x96,7,11.481175603606792,15.979573171754398,2048,192x192,14,2.5d_3d,"{'from': 'Chiplet_6', 'to': 'Chiplet_1', 'connection_type': '3d_hyb_bond', 'loc': 'stack0_base'},{'from': 'Chiplet_1', 'to': 'Chiplet_4', 'connection_type': '3d_hyb_bond', 'loc': 'stack0_middle1'},{'from': 'Chiplet_4', 'to': 'na', 'connection_type': '3d_hyb_bond', 'loc': 'stack0_top'},{'from': 'Chiplet_3', 'to': 'Chiplet_6', 'connection_type': '2.5d_emib', 'loc': '2.5d_chiplet'},{'from': 'Chiplet_3', 'to': 'Chiplet_5', 'connection_type': '2.5d_emib', 'loc': '2.5d_chiplet'},{'from': 'Chiplet_6', 'to': 'Chiplet_3', 'connection_type': '2.5d_emib', 'loc': '2.5d_chiplet'},{'from': 'Chiplet_6', 'to': 'Chiplet_2', 'connection_type': '2.5d_emib', 'loc': '2.5d_chiplet'},{'from': 'Chiplet_6', 'to': 'Chiplet_5', 'connection_type': '2.5d_emib', 'loc': '2.5d_chiplet'},{'from': 'Chiplet_5', 'to': 'Chiplet_3', 'connection_type': '2.5d_emib', 'loc': '2.5d_chiplet'},{'from': 'Chiplet_5', 'to': 'Chiplet_6', 'connection_type': '2.5d_emib', 'loc': '2.5d_chiplet'},{'from': 'Chiplet_5', 'to': 'Chiplet_2', 'connection_type': '2.5d_emib', 'loc': '2.5d_chiplet'},{'from': 'Chiplet_2', 'to': 'Chiplet_6', 'connection_type': '2.5d_emib', 'loc': '2.5d_chiplet'},{'from': 'Chiplet_2', 'to': 'Chiplet_5', 'connection_type': '2.5d_emib', 'loc': '2.5d_chiplet'}",1,1,2,1,1,2,ddr4,bow,ucie_3d,0,0,is,0,0,0
464,16.524634570909456,2236391.71,129954.04854597013,1733229307.376187,38335.39215686275,48521.87128394223,464,2.597993382379395,3.8395579270749995,512,96x96,14,2.972908090547913,5.538366334949999,2048,128x128,10,2.20879254,4.475,3072,128x128,7,0.957922696,2.51875,1024,96x96,7,1.249405813087535,1.7054115854749998,256,64x64,14,2.6264880905479133,5.538366334949999,1024,128x128,10,2.5d_3d,"{'from': 'Chiplet_5', 'to': 'Chiplet_4', 'connection_type': '3d_hyb_bond', 'loc': 'stack0_base'},{'from': 'Chiplet_4', 'to': 'na', 'connection_type': '3d_hyb_bond', 'loc': 'stack0_top'},{'from': 'Chiplet_2', 'to': 'Chiplet_3', 'connection_type': '2.5d_emib', 'loc': '2.5d_chiplet'},{'from': 'Chiplet_2', 'to': 'Chiplet_6', 'connection_type': '2.5d_emib', 'loc': '2.5d_chiplet'},{'from': 'Chiplet_2', 'to': 'Chiplet_5', 'connection_type': '2.5d_emib', 'loc': '2.5d_chiplet'},{'from': 'Chiplet_3', 'to': 'Chiplet_2', 'connection_type': '2.5d_emib', 'loc': '2.5d_chiplet'},{'from': 'Chiplet_3', 'to': 'Chiplet_5', 'connection_type': '2.5d_emib', 'loc': '2.5d_chiplet'},{'from': 'Chiplet_5', 'to': 'Chiplet_3', 'connection_type': '2.5d_emib', 'loc': '2.5d_chiplet'},{'from': 'Chiplet_5', 'to': 'Chiplet_1', 'connection_type': '2.5d_emib', 'loc': '2.5d_chiplet'},{'from': 'Chiplet_5', 'to': 'Chiplet_2', 'connection_type': '2.5d_emib', 'loc': '2.5d_chiplet'},{'from': 'Chiplet_6', 'to': 'Chiplet_2', 'connection_type': '2.5d_emib', 'loc': '2.5d_chiplet'},{'from': 'Chiplet_6', 'to': 'Chiplet_1', 'connection_type': '2.5d_emib', 'loc': '2.5d_chiplet'},{'from': 'Chiplet_1', 'to': 'Chiplet_6', 'connection_type': '2.5d_emib', 'loc': '2.5d_chiplet'},{'from': 'Chiplet_1', 'to': 'Chiplet_5', 'connection_type': '2.5d_emib', 'loc': '2.5d_chiplet'}",1,2,1,1,1,2,ddr5,ucie_adv,ucie_3d,0,0,is,0,0,0
465,18.858086143104828,1543774.68,42912.30077122213,1446349456.5392432,341035.41758015356,125148.75188738978,465,0.378988,1.11875,256,64x64,7,1.743774000637535,1.7054115854749998,1024,64x64,14,4.9976252555201786,6.821646341899999,1024,128x128,14,0.552198,1.11875,768,64x64,7,3.2571509657793953,3.8395579270749995,1536,96x96,14,0.638803,1.11875,1024,64x64,7,2.5d,"{'from': 'Chiplet_3', 'to': 'Chiplet_2', 'connection_type': '2.5d_rdl', 'loc': '2.5d_chiplet'},{'from': 'Chiplet_3', 'to': 'Chiplet_6', 'connection_type': '2.5d_rdl', 'loc': '2.5d_chiplet'},{'from': 'Chiplet_3', 'to': 'Chiplet_5', 'connection_type': '2.5d_rdl', 'loc': '2.5d_chiplet'},{'from': 'Chiplet_6', 'to': 'Chiplet_2', 'connection_type': '2.5d_rdl', 'loc': '2.5d_chiplet'},{'from': 'Chiplet_6', 'to': 'Chiplet_3', 'connection_type': '2.5d_rdl', 'loc': '2.5d_chiplet'},{'from': 'Chiplet_5', 'to': 'Chiplet_3', 'connection_type': '2.5d_rdl', 'loc': '2.5d_chiplet'},{'from': 'Chiplet_5', 'to': 'Chiplet_4', 'connection_type': '2.5d_rdl', 'loc': '2.5d_chiplet'},{'from': 'Chiplet_5', 'to': 'Chiplet_2', 'connection_type': '2.5d_rdl', 'loc': '2.5d_chiplet'},{'from': 'Chiplet_2', 'to': 'Chiplet_1', 'connection_type': '2.5d_rdl', 'loc': '2.5d_chiplet'},{'from': 'Chiplet_2', 'to': 'Chiplet_4', 'connection_type': '2.5d_rdl', 'loc': '2.5d_chiplet'},{'from': 'Chiplet_2', 'to': 'Chiplet_5', 'connection_type': '2.5d_rdl', 'loc': '2.5d_chiplet'},{'from': 'Chiplet_2', 'to': 'Chiplet_3', 'connection_type': '2.5d_rdl', 'loc': '2.5d_chiplet'},{'from': 'Chiplet_2', 'to': 'Chiplet_6', 'connection_type': '2.5d_rdl', 'loc': '2.5d_chiplet'},{'from': 'Chiplet_4', 'to': 'Chiplet_2', 'connection_type': '2.5d_rdl', 'loc': '2.5d_chiplet'},{'from': 'Chiplet_4', 'to': 'Chiplet_1', 'connection_type': '2.5d_rdl', 'loc': '2.5d_chiplet'},{'from': 'Chiplet_4', 'to': 'Chiplet_5', 'connection_type': '2.5d_rdl', 'loc': '2.5d_chiplet'},{'from': 'Chiplet_1', 'to': 'Chiplet_2', 'connection_type': '2.5d_rdl', 'loc': '2.5d_chiplet'},{'from': 'Chiplet_1', 'to': 'Chiplet_4', 'connection_type': '2.5d_rdl', 'loc': '2.5d_chiplet'}",1,1,3,1,1,1,ddr4,ucie_std,na,0,0,ws,1,0,0
466,25.63317294300974,3554302.01,74165.57399410005,547834124.4054055,30544.940282301846,26500.223401063406,466,0.638803,1.11875,1024,64x64,7,0.656621759447044,1.3845915837374998,256,64x64,10,8.112421457366196,12.973514847541198,8192,192x192,10,6.975099908490179,6.821646341899999,4096,128x128,14,1.8849981800824636,3.1172648505374996,2048,96x96,10,3.2571509657793953,3.8395579270749995,1536,96x96,14,2.5d_3d,"{'from': 'Chiplet_6', 'to': 'Chiplet_5', 'connection_type': '3d_tsv', 'loc': 'stack0_base'},{'from': 'Chiplet_5', 'to': 'na', 'connection_type': '3d_tsv', 'loc': 'stack0_top'},{'from': 'Chiplet_3', 'to': 'Chiplet_2', 'connection_type': '2.5d_rdl', 'loc': '2.5d_chiplet'},{'from': 'Chiplet_3', 'to': 'Chiplet_6', 'connection_type': '2.5d_rdl', 'loc': '2.5d_chiplet'},{'from': 'Chiplet_3', 'to': 'Chiplet_4', 'connection_type': '2.5d_rdl', 'loc': '2.5d_chiplet'},{'from': 'Chiplet_3', 'to': 'Chiplet_1', 'connection_type': '2.5d_rdl', 'loc': '2.5d_chiplet'},{'from': 'Chiplet_2', 'to': 'Chiplet_3', 'connection_type': '2.5d_rdl', 'loc': '2.5d_chiplet'},{'from': 'Chiplet_2', 'to': 'Chiplet_1', 'connection_type': '2.5d_rdl', 'loc': '2.5d_chiplet'},{'from': 'Chiplet_1', 'to': 'Chiplet_2', 'connection_type': '2.5d_rdl', 'loc': '2.5d_chiplet'},{'from': 'Chiplet_1', 'to': 'Chiplet_3', 'connection_type': '2.5d_rdl', 'loc': '2.5d_chiplet'},{'from': 'Chiplet_4', 'to': 'Chiplet_3', 'connection_type': '2.5d_rdl', 'loc': '2.5d_chiplet'},{'from': 'Chiplet_4', 'to': 'Chiplet_6', 'connection_type': '2.5d_rdl', 'loc': '2.5d_chiplet'},{'from': 'Chiplet_6', 'to': 'Chiplet_3', 'connection_type': '2.5d_rdl', 'loc': '2.5d_chiplet'},{'from': 'Chiplet_6', 'to': 'Chiplet_4', 'connection_type': '2.5d_rdl', 'loc': '2.5d_chiplet'}",1,1,6,5,1,2,hbm3,ucie_std,ucie_3d,1,0,ws,0,0,0
467,51.39977100565146,4967299.39,201064.01632601672,1115782757.8524632,135848.42330017724,153654.35980989004,467,0.656621759447044,1.3845915837374998,256,64x64,10,3.665749090547913,5.538366334949999,4096,128x128,10,11.481175603606792,15.979573171754398,2048,192x192,14,7.419580457366196,12.973514847541198,6144,192x192,10,1.51595254,4.475,1024,128x128,7,7.419580457366196,12.973514847541198,6144,192x192,10,2.5d,"{'from': 'Chiplet_3', 'to': 'Chiplet_2', 'connection_type': '2.5d_emib', 'loc': '2.5d_chiplet'},{'from': 'Chiplet_3', 'to': 'Chiplet_1', 'connection_type': '2.5d_emib', 'loc': '2.5d_chiplet'},{'from': 'Chiplet_3', 'to': 'Chiplet_4', 'connection_type': '2.5d_emib', 'loc': '2.5d_chiplet'},{'from': 'Chiplet_2', 'to': 'Chiplet_3', 'connection_type': '2.5d_emib', 'loc': '2.5d_chiplet'},{'from': 'Chiplet_2', 'to': 'Chiplet_1', 'connection_type': '2.5d_emib', 'loc': '2.5d_chiplet'},{'from': 'Chiplet_2', 'to': 'Chiplet_6', 'connection_type': '2.5d_emib', 'loc': '2.5d_chiplet'},{'from': 'Chiplet_1', 'to': 'Chiplet_2', 'connection_type': '2.5d_emib', 'loc': '2.5d_chiplet'},{'from': 'Chiplet_1', 'to': 'Chiplet_3', 'connection_type': '2.5d_emib', 'loc': '2.5d_chiplet'},{'from': 'Chiplet_4', 'to': 'Chiplet_3', 'connection_type': '2.5d_emib', 'loc': '2.5d_chiplet'},{'from': 'Chiplet_4', 'to': 'Chiplet_6', 'connection_type': '2.5d_emib', 'loc': '2.5d_chiplet'},{'from': 'Chiplet_4', 'to': 'Chiplet_5', 'connection_type': '2.5d_emib', 'loc': '2.5d_chiplet'},{'from': 'Chiplet_5', 'to': 'Chiplet_6', 'connection_type': '2.5d_emib', 'loc': '2.5d_chiplet'},{'from': 'Chiplet_5', 'to': 'Chiplet_4', 'connection_type': '2.5d_emib', 'loc': '2.5d_chiplet'},{'from': 'Chiplet_6', 'to': 'Chiplet_2', 'connection_type': '2.5d_emib', 'loc': '2.5d_chiplet'},{'from': 'Chiplet_6', 'to': 'Chiplet_4', 'connection_type': '2.5d_emib', 'loc': '2.5d_chiplet'},{'from': 'Chiplet_6', 'to': 'Chiplet_5', 'connection_type': '2.5d_emib', 'loc': '2.5d_chiplet'}",1,1,3,1,1,1,ddr4,ucie_adv,na,1,0,is,1,0,0
468,16.45603190992099,2494451.85,53920.597493600784,395604967.4212165,267493.86961237865,112033.37160421783,468,0.916436759447044,1.3845915837374998,1024,64x64,10,6.975099908490179,6.821646341899999,4096,128x128,14,2.972908090547913,5.538366334949999,2048,128x128,10,0.743226759447044,1.3845915837374998,512,64x64,10,1.51595254,4.475,1024,128x128,7,1.4141952089375351,1.7054115854749998,512,64x64,14,2.5d_3d,"{'from': 'Chiplet_3', 'to': 'Chiplet_6', 'connection_type': '3d_hyb_bond', 'loc': 'stack0_base'},{'from': 'Chiplet_6', 'to': 'Chiplet_1', 'connection_type': '3d_hyb_bond', 'loc': 'stack0_middle1'},{'from': 'Chiplet_1', 'to': 'na', 'connection_type': '3d_hyb_bond', 'loc': 'stack0_top'},{'from': 'Chiplet_2', 'to': 'Chiplet_3', 'connection_type': '2.5d_rdl', 'loc': '2.5d_chiplet'},{'from': 'Chiplet_2', 'to': 'Chiplet_5', 'connection_type': '2.5d_rdl', 'loc': '2.5d_chiplet'},{'from': 'Chiplet_3', 'to': 'Chiplet_2', 'connection_type': '2.5d_rdl', 'loc': '2.5d_chiplet'},{'from': 'Chiplet_3', 'to': 'Chiplet_4', 'connection_type': '2.5d_rdl', 'loc': '2.5d_chiplet'},{'from': 'Chiplet_3', 'to': 'Chiplet_5', 'connection_type': '2.5d_rdl', 'loc': '2.5d_chiplet'},{'from': 'Chiplet_5', 'to': 'Chiplet_2', 'connection_type': '2.5d_rdl', 'loc': '2.5d_chiplet'},{'from': 'Chiplet_5', 'to': 'Chiplet_4', 'connection_type': '2.5d_rdl', 'loc': '2.5d_chiplet'},{'from': 'Chiplet_5', 'to': 'Chiplet_3', 'connection_type': '2.5d_rdl', 'loc': '2.5d_chiplet'},{'from': 'Chiplet_4', 'to': 'Chiplet_3', 'connection_type': '2.5d_rdl', 'loc': '2.5d_chiplet'},{'from': 'Chiplet_4', 'to': 'Chiplet_5', 'connection_type': '2.5d_rdl', 'loc': '2.5d_chiplet'}",1,8,3,1,2,1,hbm3,ucie_std,ucie_3d,0,0,os,1,0,0
469,16.870680652362374,2225871.22,152934.63590520885,357777704.8465788,218880.527800453,95107.60070206058,469,3.2571509657793953,3.8395579270749995,1536,96x96,14,0.957922696,2.51875,1024,96x96,7,0.957922696,2.51875,1024,96x96,7,3.3193280905479132,5.538366334949999,3072,128x128,10,1.7117881800824635,3.1172648505374996,1536,96x96,10,1.51595254,4.475,1024,128x128,7,2.5d,"{'from': 'Chiplet_4', 'to': 'Chiplet_2', 'connection_type': '2.5d_emib', 'loc': '2.5d_chiplet'},{'from': 'Chiplet_4', 'to': 'Chiplet_1', 'connection_type': '2.5d_emib', 'loc': '2.5d_chiplet'},{'from': 'Chiplet_4', 'to': 'Chiplet_6', 'connection_type': '2.5d_emib', 'loc': '2.5d_chiplet'},{'from': 'Chiplet_6', 'to': 'Chiplet_2', 'connection_type': '2.5d_emib', 'loc': '2.5d_chiplet'},{'from': 'Chiplet_6', 'to': 'Chiplet_4', 'connection_type': '2.5d_emib', 'loc': '2.5d_chiplet'},{'from': 'Chiplet_2', 'to': 'Chiplet_4', 'connection_type': '2.5d_emib', 'loc': '2.5d_chiplet'},{'from': 'Chiplet_2', 'to': 'Chiplet_6', 'connection_type': '2.5d_emib', 'loc': '2.5d_chiplet'},{'from': 'Chiplet_1', 'to': 'Chiplet_3', 'connection_type': '2.5d_emib', 'loc': '2.5d_chiplet'},{'from': 'Chiplet_1', 'to': 'Chiplet_4', 'connection_type': '2.5d_emib', 'loc': '2.5d_chiplet'},{'from': 'Chiplet_1', 'to': 'Chiplet_5', 'connection_type': '2.5d_emib', 'loc': '2.5d_chiplet'},{'from': 'Chiplet_5', 'to': 'Chiplet_3', 'connection_type': '2.5d_emib', 'loc': '2.5d_chiplet'},{'from': 'Chiplet_5', 'to': 'Chiplet_1', 'connection_type': '2.5d_emib', 'loc': '2.5d_chiplet'},{'from': 'Chiplet_3', 'to': 'Chiplet_1', 'connection_type': '2.5d_emib', 'loc': '2.5d_chiplet'},{'from': 'Chiplet_3', 'to': 'Chiplet_5', 'connection_type': '2.5d_emib', 'loc': '2.5d_chiplet'}",5,1,1,5,2,2,hbm3,bow,na,0,0,ws,1,0,0
470,35.5616391773576,4032333.63,108411.39648476012,1299670325.0626922,23680.683624801273,41881.48042659757,470,1.4141952089375351,1.7054115854749998,512,64x64,14,1.7117881800824635,3.1172648505374996,1536,96x96,10,2.20879254,4.475,3072,128x128,7,15.436124909546791,15.979573171754398,8192,192x192,14,2.6264880905479133,5.538366334949999,1024,128x128,10,5.5109919519999995,10.4826,8192,192x192,7,2.5d,"{'from': 'Chiplet_4', 'to': 'Chiplet_6', 'connection_type': '2.5d_rdl', 'loc': '2.5d_chiplet'},{'from': 'Chiplet_4', 'to': 'Chiplet_5', 'connection_type': '2.5d_rdl', 'loc': '2.5d_chiplet'},{'from': 'Chiplet_6', 'to': 'Chiplet_3', 'connection_type': '2.5d_rdl', 'loc': '2.5d_chiplet'},{'from': 'Chiplet_6', 'to': 'Chiplet_1', 'connection_type': '2.5d_rdl', 'loc': '2.5d_chiplet'},{'from': 'Chiplet_6', 'to': 'Chiplet_4', 'connection_type': '2.5d_rdl', 'loc': '2.5d_chiplet'},{'from': 'Chiplet_6', 'to': 'Chiplet_5', 'connection_type': '2.5d_rdl', 'loc': '2.5d_chiplet'},{'from': 'Chiplet_1', 'to': 'Chiplet_3', 'connection_type': '2.5d_rdl', 'loc': '2.5d_chiplet'},{'from': 'Chiplet_1', 'to': 'Chiplet_6', 'connection_type': '2.5d_rdl', 'loc': '2.5d_chiplet'},{'from': 'Chiplet_5', 'to': 'Chiplet_3', 'connection_type': '2.5d_rdl', 'loc': '2.5d_chiplet'},{'from': 'Chiplet_5', 'to': 'Chiplet_6', 'connection_type': '2.5d_rdl', 'loc': '2.5d_chiplet'},{'from': 'Chiplet_5', 'to': 'Chiplet_4', 'connection_type': '2.5d_rdl', 'loc': '2.5d_chiplet'},{'from': 'Chiplet_5', 'to': 'Chiplet_2', 'connection_type': '2.5d_rdl', 'loc': '2.5d_chiplet'},{'from': 'Chiplet_3', 'to': 'Chiplet_2', 'connection_type': '2.5d_rdl', 'loc': '2.5d_chiplet'},{'from': 'Chiplet_3', 'to': 'Chiplet_1', 'connection_type': '2.5d_rdl', 'loc': '2.5d_chiplet'},{'from': 'Chiplet_3', 'to': 'Chiplet_6', 'connection_type': '2.5d_rdl', 'loc': '2.5d_chiplet'},{'from': 'Chiplet_3', 'to': 'Chiplet_5', 'connection_type': '2.5d_rdl', 'loc': '2.5d_chiplet'},{'from': 'Chiplet_2', 'to': 'Chiplet_3', 'connection_type': '2.5d_rdl', 'loc': '2.5d_chiplet'},{'from': 'Chiplet_2', 'to': 'Chiplet_5', 'connection_type': '2.5d_rdl', 'loc': '2.5d_chiplet'}",1,1,1,3,1,1,ddr5,ucie_std,na,1,0,is,0,0,0
471,8.238649852412687,1909592.17,82641.77307661419,424863903.61806726,109450.93649394455,48934.15427845194,471,0.46559300000000003,1.11875,512,64x64,7,4.9976252555201786,6.821646341899999,1024,128x128,14,2.927572174079395,3.8395579270749995,1024,96x96,14,2.927572174079395,3.8395579270749995,1024,96x96,14,1.743774000637535,1.7054115854749998,1024,64x64,14,1.7117881800824635,3.1172648505374996,1536,96x96,10,2.5d_3d,"{'from': 'Chiplet_2', 'to': 'Chiplet_4', 'connection_type': '3d_hyb_bond', 'loc': 'stack0_base'},{'from': 'Chiplet_4', 'to': 'Chiplet_3', 'connection_type': '3d_hyb_bond', 'loc': 'stack0_middle1'},{'from': 'Chiplet_3', 'to': 'Chiplet_5', 'connection_type': '3d_hyb_bond', 'loc': 'stack0_middle2'},{'from': 'Chiplet_5', 'to': 'Chiplet_1', 'connection_type': '3d_hyb_bond', 'loc': 'stack0_middle3'},{'from': 'Chiplet_1', 'to': 'na', 'connection_type': '3d_hyb_bond', 'loc': 'stack0_top'},{'from': 'Chiplet_2', 'to': 'Chiplet_6', 'connection_type': '2.5d_emib', 'loc': '2.5d_chiplet'},{'from': 'Chiplet_6', 'to': 'Chiplet_2', 'connection_type': '2.5d_emib', 'loc': '2.5d_chiplet'}",1,5,3,3,2,2,hbm2,aib,ucie_3d,1,0,os,1,0,0
472,52.19680073970872,5673704.3,202075.17245607954,666448433.3149606,100768.00664436922,92465.34844626744,472,1.578984604787535,1.7054115854749998,768,64x64,14,6.315940422320179,6.821646341899999,3072,128x128,14,15.436124909546791,15.979573171754398,8192,192x192,14,0.378988,1.11875,256,64x64,7,15.436124909546791,15.979573171754398,8192,192x192,14,1.4141952089375351,1.7054115854749998,512,64x64,14,2.5d,"{'from': 'Chiplet_3', 'to': 'Chiplet_2', 'connection_type': '2.5d_emib', 'loc': '2.5d_chiplet'},{'from': 'Chiplet_3', 'to': 'Chiplet_5', 'connection_type': '2.5d_emib', 'loc': '2.5d_chiplet'},{'from': 'Chiplet_2', 'to': 'Chiplet_3', 'connection_type': '2.5d_emib', 'loc': '2.5d_chiplet'},{'from': 'Chiplet_2', 'to': 'Chiplet_1', 'connection_type': '2.5d_emib', 'loc': '2.5d_chiplet'},{'from': 'Chiplet_5', 'to': 'Chiplet_3', 'connection_type': '2.5d_emib', 'loc': '2.5d_chiplet'},{'from': 'Chiplet_5', 'to': 'Chiplet_1', 'connection_type': '2.5d_emib', 'loc': '2.5d_chiplet'},{'from': 'Chiplet_5', 'to': 'Chiplet_6', 'connection_type': '2.5d_emib', 'loc': '2.5d_chiplet'},{'from': 'Chiplet_1', 'to': 'Chiplet_2', 'connection_type': '2.5d_emib', 'loc': '2.5d_chiplet'},{'from': 'Chiplet_1', 'to': 'Chiplet_4', 'connection_type': '2.5d_emib', 'loc': '2.5d_chiplet'},{'from': 'Chiplet_1', 'to': 'Chiplet_6', 'connection_type': '2.5d_emib', 'loc': '2.5d_chiplet'},{'from': 'Chiplet_1', 'to': 'Chiplet_5', 'connection_type': '2.5d_emib', 'loc': '2.5d_chiplet'},{'from': 'Chiplet_6', 'to': 'Chiplet_1', 'connection_type': '2.5d_emib', 'loc': '2.5d_chiplet'},{'from': 'Chiplet_6', 'to': 'Chiplet_4', 'connection_type': '2.5d_emib', 'loc': '2.5d_chiplet'},{'from': 'Chiplet_6', 'to': 'Chiplet_5', 'connection_type': '2.5d_emib', 'loc': '2.5d_chiplet'},{'from': 'Chiplet_4', 'to': 'Chiplet_1', 'connection_type': '2.5d_emib', 'loc': '2.5d_chiplet'},{'from': 'Chiplet_4', 'to': 'Chiplet_6', 'connection_type': '2.5d_emib', 'loc': '2.5d_chiplet'}",1,2,6,1,5,1,hbm2,bow,na,1,0,is,1,0,0
473,38.514304953716746,4013626.32,191011.4843531748,1207254306.8660786,16506.606948968514,35142.24416196169,473,3.432469952,10.4826,2048,192x192,7,6.315940422320179,6.821646341899999,3072,128x128,14,1.5385781800824634,3.1172648505374996,1024,96x96,10,15.436124909546791,15.979573171754398,8192,192x192,14,1.7117881800824635,3.1172648505374996,1536,96x96,10,1.7117881800824635,3.1172648505374996,1536,96x96,10,2.5d,"{'from': 'Chiplet_4', 'to': 'Chiplet_2', 'connection_type': '2.5d_emib', 'loc': '2.5d_chiplet'},{'from': 'Chiplet_4', 'to': 'Chiplet_1', 'connection_type': '2.5d_emib', 'loc': '2.5d_chiplet'},{'from': 'Chiplet_2', 'to': 'Chiplet_3', 'connection_type': '2.5d_emib', 'loc': '2.5d_chiplet'},{'from': 'Chiplet_2', 'to': 'Chiplet_1', 'connection_type': '2.5d_emib', 'loc': '2.5d_chiplet'},{'from': 'Chiplet_2', 'to': 'Chiplet_4', 'connection_type': '2.5d_emib', 'loc': '2.5d_chiplet'},{'from': 'Chiplet_2', 'to': 'Chiplet_5', 'connection_type': '2.5d_emib', 'loc': '2.5d_chiplet'},{'from': 'Chiplet_3', 'to': 'Chiplet_2', 'connection_type': '2.5d_emib', 'loc': '2.5d_chiplet'},{'from': 'Chiplet_3', 'to': 'Chiplet_5', 'connection_type': '2.5d_emib', 'loc': '2.5d_chiplet'},{'from': 'Chiplet_1', 'to': 'Chiplet_2', 'connection_type': '2.5d_emib', 'loc': '2.5d_chiplet'},{'from': 'Chiplet_1', 'to': 'Chiplet_6', 'connection_type': '2.5d_emib', 'loc': '2.5d_chiplet'},{'from': 'Chiplet_1', 'to': 'Chiplet_4', 'connection_type': '2.5d_emib', 'loc': '2.5d_chiplet'},{'from': 'Chiplet_1', 'to': 'Chiplet_5', 'connection_type': '2.5d_emib', 'loc': '2.5d_chiplet'},{'from': 'Chiplet_5', 'to': 'Chiplet_2', 'connection_type': '2.5d_emib', 'loc': '2.5d_chiplet'},{'from': 'Chiplet_5', 'to': 'Chiplet_1', 'connection_type': '2.5d_emib', 'loc': '2.5d_chiplet'},{'from': 'Chiplet_5', 'to': 'Chiplet_6', 'connection_type': '2.5d_emib', 'loc': '2.5d_chiplet'},{'from': 'Chiplet_5', 'to': 'Chiplet_3', 'connection_type': '2.5d_emib', 'loc': '2.5d_chiplet'},{'from': 'Chiplet_6', 'to': 'Chiplet_1', 'connection_type': '2.5d_emib', 'loc': '2.5d_chiplet'},{'from': 'Chiplet_6', 'to': 'Chiplet_5', 'connection_type': '2.5d_emib', 'loc': '2.5d_chiplet'}",1,1,1,3,1,1,ddr5,bow,na,1,0,ws,0,0,0
474,43.665332411632306,4567082.07,201827.82421431757,1398532847.7368188,12218.341483292583,34840.06873504902,474,1.578984604787535,1.7054115854749998,768,64x64,14,5.656782838920179,6.821646341899999,2048,128x128,14,15.436124909546791,15.979573171754398,8192,192x192,14,0.638803,1.11875,1024,64x64,7,5.5109919519999995,10.4826,8192,192x192,7,2.20879254,4.475,3072,128x128,7,2.5d,"{'from': 'Chiplet_3', 'to': 'Chiplet_2', 'connection_type': '2.5d_emib', 'loc': '2.5d_chiplet'},{'from': 'Chiplet_3', 'to': 'Chiplet_5', 'connection_type': '2.5d_emib', 'loc': '2.5d_chiplet'},{'from': 'Chiplet_2', 'to': 'Chiplet_3', 'connection_type': '2.5d_emib', 'loc': '2.5d_chiplet'},{'from': 'Chiplet_2', 'to': 'Chiplet_1', 'connection_type': '2.5d_emib', 'loc': '2.5d_chiplet'},{'from': 'Chiplet_2', 'to': 'Chiplet_4', 'connection_type': '2.5d_emib', 'loc': '2.5d_chiplet'},{'from': 'Chiplet_2', 'to': 'Chiplet_5', 'connection_type': '2.5d_emib', 'loc': '2.5d_chiplet'},{'from': 'Chiplet_1', 'to': 'Chiplet_2', 'connection_type': '2.5d_emib', 'loc': '2.5d_chiplet'},{'from': 'Chiplet_1', 'to': 'Chiplet_4', 'connection_type': '2.5d_emib', 'loc': '2.5d_chiplet'},{'from': 'Chiplet_4', 'to': 'Chiplet_2', 'connection_type': '2.5d_emib', 'loc': '2.5d_chiplet'},{'from': 'Chiplet_4', 'to': 'Chiplet_1', 'connection_type': '2.5d_emib', 'loc': '2.5d_chiplet'},{'from': 'Chiplet_4', 'to': 'Chiplet_6', 'connection_type': '2.5d_emib', 'loc': '2.5d_chiplet'},{'from': 'Chiplet_5', 'to': 'Chiplet_3', 'connection_type': '2.5d_emib', 'loc': '2.5d_chiplet'},{'from': 'Chiplet_5', 'to': 'Chiplet_6', 'connection_type': '2.5d_emib', 'loc': '2.5d_chiplet'},{'from': 'Chiplet_5', 'to': 'Chiplet_2', 'connection_type': '2.5d_emib', 'loc': '2.5d_chiplet'},{'from': 'Chiplet_6', 'to': 'Chiplet_4', 'connection_type': '2.5d_emib', 'loc': '2.5d_chiplet'},{'from': 'Chiplet_6', 'to': 'Chiplet_5', 'connection_type': '2.5d_emib', 'loc': '2.5d_chiplet'}",1,1,3,1,1,1,ddr5,aib,na,0,0,os,0,0,0
475,34.39772530908803,3991222.24,161320.62169050396,1172043124.6833324,61730.94661795848,61261.74335548624,475,1.304342696,2.51875,2048,96x96,7,0.656621759447044,1.3845915837374998,256,64x64,10,5.656782838920179,6.821646341899999,2048,128x128,14,6.975099908490179,6.821646341899999,4096,128x128,14,8.112421457366196,12.973514847541198,8192,192x192,10,2.55521354,4.475,4096,128x128,7,2.5d_3d,"{'from': 'Chiplet_4', 'to': 'Chiplet_2', 'connection_type': '3d_tsv', 'loc': 'stack0_base'},{'from': 'Chiplet_2', 'to': 'na', 'connection_type': '3d_tsv', 'loc': 'stack0_top'},{'from': 'Chiplet_5', 'to': 'Chiplet_3', 'connection_type': '2.5d_emib', 'loc': '2.5d_chiplet'},{'from': 'Chiplet_5', 'to': 'Chiplet_6', 'connection_type': '2.5d_emib', 'loc': '2.5d_chiplet'},{'from': 'Chiplet_5', 'to': 'Chiplet_4', 'connection_type': '2.5d_emib', 'loc': '2.5d_chiplet'},{'from': 'Chiplet_5', 'to': 'Chiplet_1', 'connection_type': '2.5d_emib', 'loc': '2.5d_chiplet'},{'from': 'Chiplet_6', 'to': 'Chiplet_1', 'connection_type': '2.5d_emib', 'loc': '2.5d_chiplet'},{'from': 'Chiplet_6', 'to': 'Chiplet_5', 'connection_type': '2.5d_emib', 'loc': '2.5d_chiplet'},{'from': 'Chiplet_1', 'to': 'Chiplet_6', 'connection_type': '2.5d_emib', 'loc': '2.5d_chiplet'},{'from': 'Chiplet_1', 'to': 'Chiplet_5', 'connection_type': '2.5d_emib', 'loc': '2.5d_chiplet'},{'from': 'Chiplet_4', 'to': 'Chiplet_3', 'connection_type': '2.5d_emib', 'loc': '2.5d_chiplet'},{'from': 'Chiplet_4', 'to': 'Chiplet_5', 'connection_type': '2.5d_emib', 'loc': '2.5d_chiplet'},{'from': 'Chiplet_3', 'to': 'Chiplet_4', 'connection_type': '2.5d_emib', 'loc': '2.5d_chiplet'},{'from': 'Chiplet_3', 'to': 'Chiplet_5', 'connection_type': '2.5d_emib', 'loc': '2.5d_chiplet'}",1,1,1,2,2,1,ddr4,ucie_adv,ucie_3d,0,0,os,1,0,0
476,42.55617301897522,4043848.48,171701.13010854568,358114054.73927987,78182.53328351311,55197.394717585776,476,0.829831759447044,1.3845915837374998,768,64x64,10,6.315940422320179,6.821646341899999,3072,128x128,14,4.9976252555201786,6.821646341899999,1024,128x128,14,11.481175603606792,15.979573171754398,2048,192x192,14,1.578984604787535,1.7054115854749998,768,64x64,14,0.638803,1.11875,1024,64x64,7,2.5d,"{'from': 'Chiplet_4', 'to': 'Chiplet_2', 'connection_type': '2.5d_emib', 'loc': '2.5d_chiplet'},{'from': 'Chiplet_4', 'to': 'Chiplet_1', 'connection_type': '2.5d_emib', 'loc': '2.5d_chiplet'},{'from': 'Chiplet_4', 'to': 'Chiplet_6', 'connection_type': '2.5d_emib', 'loc': '2.5d_chiplet'},{'from': 'Chiplet_4', 'to': 'Chiplet_3', 'connection_type': '2.5d_emib', 'loc': '2.5d_chiplet'},{'from': 'Chiplet_1', 'to': 'Chiplet_4', 'connection_type': '2.5d_emib', 'loc': '2.5d_chiplet'},{'from': 'Chiplet_1', 'to': 'Chiplet_6', 'connection_type': '2.5d_emib', 'loc': '2.5d_chiplet'},{'from': 'Chiplet_6', 'to': 'Chiplet_1', 'connection_type': '2.5d_emib', 'loc': '2.5d_chiplet'},{'from': 'Chiplet_6', 'to': 'Chiplet_4', 'connection_type': '2.5d_emib', 'loc': '2.5d_chiplet'},{'from': 'Chiplet_2', 'to': 'Chiplet_3', 'connection_type': '2.5d_emib', 'loc': '2.5d_chiplet'},{'from': 'Chiplet_2', 'to': 'Chiplet_4', 'connection_type': '2.5d_emib', 'loc': '2.5d_chiplet'},{'from': 'Chiplet_2', 'to': 'Chiplet_5', 'connection_type': '2.5d_emib', 'loc': '2.5d_chiplet'},{'from': 'Chiplet_3', 'to': 'Chiplet_2', 'connection_type': '2.5d_emib', 'loc': '2.5d_chiplet'},{'from': 'Chiplet_3', 'to': 'Chiplet_4', 'connection_type': '2.5d_emib', 'loc': '2.5d_chiplet'},{'from': 'Chiplet_3', 'to': 'Chiplet_5', 'connection_type': '2.5d_emib', 'loc': '2.5d_chiplet'},{'from': 'Chiplet_5', 'to': 'Chiplet_3', 'connection_type': '2.5d_emib', 'loc': '2.5d_chiplet'},{'from': 'Chiplet_5', 'to': 'Chiplet_2', 'connection_type': '2.5d_emib', 'loc': '2.5d_chiplet'}",1,3,3,7,1,1,hbm3,ucie_adv,na,1,0,is,1,0,0
477,62.31287387336014,5530176.86,126757.8213562412,1228505150.942968,160578.2993334181,178422.95567372913,477,5.5109919519999995,10.4826,8192,192x192,7,1.4141952089375351,1.7054115854749998,512,64x64,14,12.799492673176792,15.979573171754398,4096,192x192,14,1.3653681800824635,3.1172648505374996,512,96x96,10,14.117807839976791,15.979573171754398,6144,192x192,14,3.665749090547913,5.538366334949999,4096,128x128,10,2.5d,"{'from': 'Chiplet_5', 'to': 'Chiplet_3', 'connection_type': '2.5d_rdl', 'loc': '2.5d_chiplet'},{'from': 'Chiplet_5', 'to': 'Chiplet_1', 'connection_type': '2.5d_rdl', 'loc': '2.5d_chiplet'},{'from': 'Chiplet_5', 'to': 'Chiplet_6', 'connection_type': '2.5d_rdl', 'loc': '2.5d_chiplet'},{'from': 'Chiplet_5', 'to': 'Chiplet_2', 'connection_type': '2.5d_rdl', 'loc': '2.5d_chiplet'},{'from': 'Chiplet_6', 'to': 'Chiplet_2', 'connection_type': '2.5d_rdl', 'loc': '2.5d_chiplet'},{'from': 'Chiplet_6', 'to': 'Chiplet_5', 'connection_type': '2.5d_rdl', 'loc': '2.5d_chiplet'},{'from': 'Chiplet_2', 'to': 'Chiplet_6', 'connection_type': '2.5d_rdl', 'loc': '2.5d_chiplet'},{'from': 'Chiplet_2', 'to': 'Chiplet_5', 'connection_type': '2.5d_rdl', 'loc': '2.5d_chiplet'},{'from': 'Chiplet_3', 'to': 'Chiplet_1', 'connection_type': '2.5d_rdl', 'loc': '2.5d_chiplet'},{'from': 'Chiplet_3', 'to': 'Chiplet_4', 'connection_type': '2.5d_rdl', 'loc': '2.5d_chiplet'},{'from': 'Chiplet_3', 'to': 'Chiplet_5', 'connection_type': '2.5d_rdl', 'loc': '2.5d_chiplet'},{'from': 'Chiplet_1', 'to': 'Chiplet_3', 'connection_type': '2.5d_rdl', 'loc': '2.5d_chiplet'},{'from': 'Chiplet_1', 'to': 'Chiplet_4', 'connection_type': '2.5d_rdl', 'loc': '2.5d_chiplet'},{'from': 'Chiplet_1', 'to': 'Chiplet_5', 'connection_type': '2.5d_rdl', 'loc': '2.5d_chiplet'},{'from': 'Chiplet_4', 'to': 'Chiplet_3', 'connection_type': '2.5d_rdl', 'loc': '2.5d_chiplet'},{'from': 'Chiplet_4', 'to': 'Chiplet_1', 'connection_type': '2.5d_rdl', 'loc': '2.5d_chiplet'}",1,1,2,1,2,1,ddr4,ucie_std,na,0,0,os,1,0,0
478,29.344730134713313,4260164.39,168927.4166103945,1203470624.4236107,19563.86043745457,37532.89495782705,478,5.5109919519999995,10.4826,8192,192x192,7,4.1253109519999995,10.4826,4096,192x192,7,2.927572174079395,3.8395579270749995,1024,96x96,14,6.033899457366197,12.973514847541198,2048,192x192,10,0.784712696,2.51875,512,96x96,7,1.304342696,2.51875,2048,96x96,7,2.5d_3d,"{'from': 'Chiplet_2', 'to': 'Chiplet_5', 'connection_type': '3d_u_bump', 'loc': 'stack0_base'},{'from': 'Chiplet_5', 'to': 'na', 'connection_type': '3d_u_bump', 'loc': 'stack0_top'},{'from': 'Chiplet_4', 'to': 'Chiplet_3', 'connection_type': '2.5d_emib', 'loc': '2.5d_chiplet'},{'from': 'Chiplet_4', 'to': 'Chiplet_1', 'connection_type': '2.5d_emib', 'loc': '2.5d_chiplet'},{'from': 'Chiplet_4', 'to': 'Chiplet_6', 'connection_type': '2.5d_emib', 'loc': '2.5d_chiplet'},{'from': 'Chiplet_3', 'to': 'Chiplet_4', 'connection_type': '2.5d_emib', 'loc': '2.5d_chiplet'},{'from': 'Chiplet_3', 'to': 'Chiplet_6', 'connection_type': '2.5d_emib', 'loc': '2.5d_chiplet'},{'from': 'Chiplet_6', 'to': 'Chiplet_3', 'connection_type': '2.5d_emib', 'loc': '2.5d_chiplet'},{'from': 'Chiplet_6', 'to': 'Chiplet_4', 'connection_type': '2.5d_emib', 'loc': '2.5d_chiplet'},{'from': 'Chiplet_6', 'to': 'Chiplet_2', 'connection_type': '2.5d_emib', 'loc': '2.5d_chiplet'},{'from': 'Chiplet_1', 'to': 'Chiplet_2', 'connection_type': '2.5d_emib', 'loc': '2.5d_chiplet'},{'from': 'Chiplet_1', 'to': 'Chiplet_4', 'connection_type': '2.5d_emib', 'loc': '2.5d_chiplet'},{'from': 'Chiplet_2', 'to': 'Chiplet_1', 'connection_type': '2.5d_emib', 'loc': '2.5d_chiplet'},{'from': 'Chiplet_2', 'to': 'Chiplet_6', 'connection_type': '2.5d_emib', 'loc': '2.5d_chiplet'}",2,1,1,2,1,1,ddr5,ucie_adv,ucie_3d,0,0,is,0,0,0
479,36.6313514296688,3257627.38,76856.71293544729,1126536298.3154109,203241.96282491257,146907.6336569287,479,2.6264880905479133,5.538366334949999,1024,128x128,10,1.3653681800824635,3.1172648505374996,512,96x96,10,3.5867297574793953,3.8395579270749995,2048,96x96,14,3.5867297574793953,3.8395579270749995,2048,96x96,14,8.112421457366196,12.973514847541198,8192,192x192,10,1.86237254,4.475,2048,128x128,7,2.5d,"{'from': 'Chiplet_5', 'to': 'Chiplet_3', 'connection_type': '2.5d_rdl', 'loc': '2.5d_chiplet'},{'from': 'Chiplet_5', 'to': 'Chiplet_6', 'connection_type': '2.5d_rdl', 'loc': '2.5d_chiplet'},{'from': 'Chiplet_6', 'to': 'Chiplet_3', 'connection_type': '2.5d_rdl', 'loc': '2.5d_chiplet'},{'from': 'Chiplet_6', 'to': 'Chiplet_4', 'connection_type': '2.5d_rdl', 'loc': '2.5d_chiplet'},{'from': 'Chiplet_6', 'to': 'Chiplet_5', 'connection_type': '2.5d_rdl', 'loc': '2.5d_chiplet'},{'from': 'Chiplet_3', 'to': 'Chiplet_1', 'connection_type': '2.5d_rdl', 'loc': '2.5d_chiplet'},{'from': 'Chiplet_3', 'to': 'Chiplet_6', 'connection_type': '2.5d_rdl', 'loc': '2.5d_chiplet'},{'from': 'Chiplet_3', 'to': 'Chiplet_4', 'connection_type': '2.5d_rdl', 'loc': '2.5d_chiplet'},{'from': 'Chiplet_3', 'to': 'Chiplet_5', 'connection_type': '2.5d_rdl', 'loc': '2.5d_chiplet'},{'from': 'Chiplet_1', 'to': 'Chiplet_3', 'connection_type': '2.5d_rdl', 'loc': '2.5d_chiplet'},{'from': 'Chiplet_1', 'to': 'Chiplet_2', 'connection_type': '2.5d_rdl', 'loc': '2.5d_chiplet'},{'from': 'Chiplet_4', 'to': 'Chiplet_2', 'connection_type': '2.5d_rdl', 'loc': '2.5d_chiplet'},{'from': 'Chiplet_4', 'to': 'Chiplet_6', 'connection_type': '2.5d_rdl', 'loc': '2.5d_chiplet'},{'from': 'Chiplet_4', 'to': 'Chiplet_3', 'connection_type': '2.5d_rdl', 'loc': '2.5d_chiplet'},{'from': 'Chiplet_2', 'to': 'Chiplet_1', 'connection_type': '2.5d_rdl', 'loc': '2.5d_chiplet'},{'from': 'Chiplet_2', 'to': 'Chiplet_4', 'connection_type': '2.5d_rdl', 'loc': '2.5d_chiplet'}",1,1,1,1,3,1,ddr4,ucie_std,na,0,0,ws,1,0,0
480,20.085228426416492,4173646.92,128330.36646228022,609678749.6006961,18093.243243243243,24671.28549008437,480,1.4141952089375351,1.7054115854749998,512,64x64,14,1.4141952089375351,1.7054115854749998,512,64x64,14,4.1253109519999995,10.4826,4096,192x192,7,3.432469952,10.4826,2048,192x192,7,8.112421457366196,12.973514847541198,8192,192x192,10,1.7117881800824635,3.1172648505374996,1536,96x96,10,2.5d_3d,"{'from': 'Chiplet_3', 'to': 'Chiplet_4', 'connection_type': '3d_u_bump', 'loc': 'stack0_base'},{'from': 'Chiplet_4', 'to': 'Chiplet_6', 'connection_type': '3d_u_bump', 'loc': 'stack0_middle1'},{'from': 'Chiplet_6', 'to': 'Chiplet_2', 'connection_type': '3d_u_bump', 'loc': 'stack0_middle2'},{'from': 'Chiplet_2', 'to': 'na', 'connection_type': '3d_u_bump', 'loc': 'stack0_top'},{'from': 'Chiplet_5', 'to': 'Chiplet_3', 'connection_type': '2.5d_emib', 'loc': '2.5d_chiplet'},{'from': 'Chiplet_5', 'to': 'Chiplet_1', 'connection_type': '2.5d_emib', 'loc': '2.5d_chiplet'},{'from': 'Chiplet_3', 'to': 'Chiplet_1', 'connection_type': '2.5d_emib', 'loc': '2.5d_chiplet'},{'from': 'Chiplet_3', 'to': 'Chiplet_5', 'connection_type': '2.5d_emib', 'loc': '2.5d_chiplet'},{'from': 'Chiplet_1', 'to': 'Chiplet_3', 'connection_type': '2.5d_emib', 'loc': '2.5d_chiplet'},{'from': 'Chiplet_1', 'to': 'Chiplet_5', 'connection_type': '2.5d_emib', 'loc': '2.5d_chiplet'}",1,1,3,3,7,1,hbm2,bow,ucie_3d,0,0,ws,0,0,0
481,14.73487835853157,3060638.47,117153.39327128886,1276602393.705492,21715.885085574573,35733.85440201075,481,1.304342696,2.51875,2048,96x96,7,5.5109919519999995,10.4826,8192,192x192,7,2.20879254,4.475,3072,128x128,7,3.2571509657793953,3.8395579270749995,1536,96x96,14,3.5867297574793953,3.8395579270749995,2048,96x96,14,3.3193280905479132,5.538366334949999,3072,128x128,10,2.5d_3d,"{'from': 'Chiplet_6', 'to': 'Chiplet_4', 'connection_type': '3d_tsv', 'loc': 'stack0_base'},{'from': 'Chiplet_4', 'to': 'Chiplet_3', 'connection_type': '3d_tsv', 'loc': 'stack0_middle1'},{'from': 'Chiplet_3', 'to': 'Chiplet_1', 'connection_type': '3d_tsv', 'loc': 'stack0_middle2'},{'from': 'Chiplet_1', 'to': 'na', 'connection_type': '3d_tsv', 'loc': 'stack0_top'},{'from': 'Chiplet_2', 'to': 'Chiplet_6', 'connection_type': '2.5d_emib', 'loc': '2.5d_chiplet'},{'from': 'Chiplet_2', 'to': 'Chiplet_5', 'connection_type': '2.5d_emib', 'loc': '2.5d_chiplet'},{'from': 'Chiplet_5', 'to': 'Chiplet_2', 'connection_type': '2.5d_emib', 'loc': '2.5d_chiplet'},{'from': 'Chiplet_5', 'to': 'Chiplet_6', 'connection_type': '2.5d_emib', 'loc': '2.5d_chiplet'},{'from': 'Chiplet_6', 'to': 'Chiplet_2', 'connection_type': '2.5d_emib', 'loc': '2.5d_chiplet'},{'from': 'Chiplet_6', 'to': 'Chiplet_5', 'connection_type': '2.5d_emib', 'loc': '2.5d_chiplet'}",1,2,1,1,2,1,ddr5,aib,ucie_3d,0,0,is,0,0,0
482,29.801239643974604,2739088.74,162780.83229679207,2530588961.1782856,37092.53812636165,66472.45246110819,482,1.7117881800824635,3.1172648505374996,1536,96x96,10,2.6264880905479133,5.538366334949999,1024,128x128,10,4.9976252555201786,6.821646341899999,1024,128x128,14,2.972908090547913,5.538366334949999,2048,128x128,10,6.975099908490179,6.821646341899999,4096,128x128,14,0.743226759447044,1.3845915837374998,512,64x64,10,2.5d,"{'from': 'Chiplet_5', 'to': 'Chiplet_3', 'connection_type': '2.5d_emib', 'loc': '2.5d_chiplet'},{'from': 'Chiplet_5', 'to': 'Chiplet_6', 'connection_type': '2.5d_emib', 'loc': '2.5d_chiplet'},{'from': 'Chiplet_5', 'to': 'Chiplet_4', 'connection_type': '2.5d_emib', 'loc': '2.5d_chiplet'},{'from': 'Chiplet_5', 'to': 'Chiplet_2', 'connection_type': '2.5d_emib', 'loc': '2.5d_chiplet'},{'from': 'Chiplet_2', 'to': 'Chiplet_6', 'connection_type': '2.5d_emib', 'loc': '2.5d_chiplet'},{'from': 'Chiplet_2', 'to': 'Chiplet_5', 'connection_type': '2.5d_emib', 'loc': '2.5d_chiplet'},{'from': 'Chiplet_6', 'to': 'Chiplet_2', 'connection_type': '2.5d_emib', 'loc': '2.5d_chiplet'},{'from': 'Chiplet_6', 'to': 'Chiplet_5', 'connection_type': '2.5d_emib', 'loc': '2.5d_chiplet'},{'from': 'Chiplet_3', 'to': 'Chiplet_1', 'connection_type': '2.5d_emib', 'loc': '2.5d_chiplet'},{'from': 'Chiplet_3', 'to': 'Chiplet_4', 'connection_type': '2.5d_emib', 'loc': '2.5d_chiplet'},{'from': 'Chiplet_3', 'to': 'Chiplet_5', 'connection_type': '2.5d_emib', 'loc': '2.5d_chiplet'},{'from': 'Chiplet_4', 'to': 'Chiplet_3', 'connection_type': '2.5d_emib', 'loc': '2.5d_chiplet'},{'from': 'Chiplet_4', 'to': 'Chiplet_1', 'connection_type': '2.5d_emib', 'loc': '2.5d_chiplet'},{'from': 'Chiplet_4', 'to': 'Chiplet_5', 'connection_type': '2.5d_emib', 'loc': '2.5d_chiplet'},{'from': 'Chiplet_1', 'to': 'Chiplet_3', 'connection_type': '2.5d_emib', 'loc': '2.5d_chiplet'},{'from': 'Chiplet_1', 'to': 'Chiplet_4', 'connection_type': '2.5d_emib', 'loc': '2.5d_chiplet'}",1,1,2,1,2,1,ddr4,aib,na,0,0,is,0,0,0
483,36.693357022571554,3934660.01,186814.55845596857,1648977143.7645836,23587.352941176472,49129.883578884415,483,1.249405813087535,1.7054115854749998,256,64x64,14,7.419580457366196,12.973514847541198,6144,192x192,10,3.2571509657793953,3.8395579270749995,1536,96x96,14,4.818150952,10.4826,6144,192x192,7,0.829831759447044,1.3845915837374998,768,64x64,10,6.033899457366197,12.973514847541198,2048,192x192,10,2.5d,"{'from': 'Chiplet_2', 'to': 'Chiplet_3', 'connection_type': '2.5d_emib', 'loc': '2.5d_chiplet'},{'from': 'Chiplet_2', 'to': 'Chiplet_4', 'connection_type': '2.5d_emib', 'loc': '2.5d_chiplet'},{'from': 'Chiplet_2', 'to': 'Chiplet_6', 'connection_type': '2.5d_emib', 'loc': '2.5d_chiplet'},{'from': 'Chiplet_2', 'to': 'Chiplet_1', 'connection_type': '2.5d_emib', 'loc': '2.5d_chiplet'},{'from': 'Chiplet_3', 'to': 'Chiplet_2', 'connection_type': '2.5d_emib', 'loc': '2.5d_chiplet'},{'from': 'Chiplet_3', 'to': 'Chiplet_1', 'connection_type': '2.5d_emib', 'loc': '2.5d_chiplet'},{'from': 'Chiplet_1', 'to': 'Chiplet_3', 'connection_type': '2.5d_emib', 'loc': '2.5d_chiplet'},{'from': 'Chiplet_1', 'to': 'Chiplet_2', 'connection_type': '2.5d_emib', 'loc': '2.5d_chiplet'},{'from': 'Chiplet_6', 'to': 'Chiplet_2', 'connection_type': '2.5d_emib', 'loc': '2.5d_chiplet'},{'from': 'Chiplet_6', 'to': 'Chiplet_4', 'connection_type': '2.5d_emib', 'loc': '2.5d_chiplet'},{'from': 'Chiplet_6', 'to': 'Chiplet_5', 'connection_type': '2.5d_emib', 'loc': '2.5d_chiplet'},{'from': 'Chiplet_4', 'to': 'Chiplet_2', 'connection_type': '2.5d_emib', 'loc': '2.5d_chiplet'},{'from': 'Chiplet_4', 'to': 'Chiplet_6', 'connection_type': '2.5d_emib', 'loc': '2.5d_chiplet'},{'from': 'Chiplet_4', 'to': 'Chiplet_5', 'connection_type': '2.5d_emib', 'loc': '2.5d_chiplet'},{'from': 'Chiplet_5', 'to': 'Chiplet_6', 'connection_type': '2.5d_emib', 'loc': '2.5d_chiplet'},{'from': 'Chiplet_5', 'to': 'Chiplet_4', 'connection_type': '2.5d_emib', 'loc': '2.5d_chiplet'}",1,2,1,1,1,2,ddr4,ucie_adv,na,1,0,ws,0,0,0
484,31.159122450099485,3701573.27,90876.39710961709,1237491174.684881,21471.0,37869.069373311395,484,3.432469952,10.4826,2048,192x192,7,1.51595254,4.475,1024,128x128,7,1.3653681800824635,3.1172648505374996,512,96x96,10,1.578984604787535,1.7054115854749998,768,64x64,14,15.436124909546791,15.979573171754398,8192,192x192,14,1.304342696,2.51875,2048,96x96,7,2.5d_3d,"{'from': 'Chiplet_4', 'to': 'Chiplet_6', 'connection_type': '3d_tsv', 'loc': 'stack0_base'},{'from': 'Chiplet_6', 'to': 'na', 'connection_type': '3d_tsv', 'loc': 'stack0_top'},{'from': 'Chiplet_5', 'to': 'Chiplet_1', 'connection_type': '2.5d_rdl', 'loc': '2.5d_chiplet'},{'from': 'Chiplet_5', 'to': 'Chiplet_4', 'connection_type': '2.5d_rdl', 'loc': '2.5d_chiplet'},{'from': 'Chiplet_1', 'to': 'Chiplet_2', 'connection_type': '2.5d_rdl', 'loc': '2.5d_chiplet'},{'from': 'Chiplet_1', 'to': 'Chiplet_4', 'connection_type': '2.5d_rdl', 'loc': '2.5d_chiplet'},{'from': 'Chiplet_1', 'to': 'Chiplet_5', 'connection_type': '2.5d_rdl', 'loc': '2.5d_chiplet'},{'from': 'Chiplet_4', 'to': 'Chiplet_2', 'connection_type': '2.5d_rdl', 'loc': '2.5d_chiplet'},{'from': 'Chiplet_4', 'to': 'Chiplet_1', 'connection_type': '2.5d_rdl', 'loc': '2.5d_chiplet'},{'from': 'Chiplet_4', 'to': 'Chiplet_3', 'connection_type': '2.5d_rdl', 'loc': '2.5d_chiplet'},{'from': 'Chiplet_4', 'to': 'Chiplet_5', 'connection_type': '2.5d_rdl', 'loc': '2.5d_chiplet'},{'from': 'Chiplet_2', 'to': 'Chiplet_3', 'connection_type': '2.5d_rdl', 'loc': '2.5d_chiplet'},{'from': 'Chiplet_2', 'to': 'Chiplet_1', 'connection_type': '2.5d_rdl', 'loc': '2.5d_chiplet'},{'from': 'Chiplet_2', 'to': 'Chiplet_4', 'connection_type': '2.5d_rdl', 'loc': '2.5d_chiplet'},{'from': 'Chiplet_3', 'to': 'Chiplet_2', 'connection_type': '2.5d_rdl', 'loc': '2.5d_chiplet'},{'from': 'Chiplet_3', 'to': 'Chiplet_4', 'connection_type': '2.5d_rdl', 'loc': '2.5d_chiplet'}",1,1,1,1,3,1,ddr5,ucie_std,ucie_3d,0,0,ws,0,0,0
485,34.68065942522533,3592007.33,84729.54698823858,958142989.6801232,66475.98238798775,57527.42250646969,485,0.784712696,2.51875,512,96x96,7,1.249405813087535,1.7054115854749998,256,64x64,14,15.436124909546791,15.979573171754398,8192,192x192,14,0.957922696,2.51875,1024,96x96,7,1.7117881800824635,3.1172648505374996,1536,96x96,10,5.656782838920179,6.821646341899999,2048,128x128,14,2.5d_3d,"{'from': 'Chiplet_3', 'to': 'Chiplet_5', 'connection_type': '3d_u_bump', 'loc': 'stack0_base'},{'from': 'Chiplet_5', 'to': 'Chiplet_4', 'connection_type': '3d_u_bump', 'loc': 'stack0_middle1'},{'from': 'Chiplet_4', 'to': 'Chiplet_1', 'connection_type': '3d_u_bump', 'loc': 'stack0_middle2'},{'from': 'Chiplet_1', 'to': 'na', 'connection_type': '3d_u_bump', 'loc': 'stack0_top'},{'from': 'Chiplet_3', 'to': 'Chiplet_2', 'connection_type': '2.5d_rdl', 'loc': '2.5d_chiplet'},{'from': 'Chiplet_3', 'to': 'Chiplet_6', 'connection_type': '2.5d_rdl', 'loc': '2.5d_chiplet'},{'from': 'Chiplet_6', 'to': 'Chiplet_3', 'connection_type': '2.5d_rdl', 'loc': '2.5d_chiplet'},{'from': 'Chiplet_6', 'to': 'Chiplet_2', 'connection_type': '2.5d_rdl', 'loc': '2.5d_chiplet'},{'from': 'Chiplet_2', 'to': 'Chiplet_3', 'connection_type': '2.5d_rdl', 'loc': '2.5d_chiplet'},{'from': 'Chiplet_2', 'to': 'Chiplet_6', 'connection_type': '2.5d_rdl', 'loc': '2.5d_chiplet'}",1,1,3,1,1,1,ddr5,ucie_std,ucie_3d,0,0,os,1,0,0
486,30.102816045704497,4792133.21,179174.04824934364,1351679541.8767295,21715.885085574573,41848.010768300825,486,12.799492673176792,15.979573171754398,4096,192x192,14,5.5109919519999995,10.4826,8192,192x192,7,5.5109919519999995,10.4826,8192,192x192,7,1.249405813087535,1.7054115854749998,256,64x64,14,0.829831759447044,1.3845915837374998,768,64x64,10,1.131132696,2.51875,1536,96x96,7,2.5d_3d,"{'from': 'Chiplet_2', 'to': 'Chiplet_3', 'connection_type': '3d_hyb_bond', 'loc': 'stack0_base'},{'from': 'Chiplet_3', 'to': 'na', 'connection_type': '3d_hyb_bond', 'loc': 'stack0_top'},{'from': 'Chiplet_1', 'to': 'Chiplet_2', 'connection_type': '2.5d_emib', 'loc': '2.5d_chiplet'},{'from': 'Chiplet_1', 'to': 'Chiplet_4', 'connection_type': '2.5d_emib', 'loc': '2.5d_chiplet'},{'from': 'Chiplet_2', 'to': 'Chiplet_1', 'connection_type': '2.5d_emib', 'loc': '2.5d_chiplet'},{'from': 'Chiplet_2', 'to': 'Chiplet_4', 'connection_type': '2.5d_emib', 'loc': '2.5d_chiplet'},{'from': 'Chiplet_2', 'to': 'Chiplet_6', 'connection_type': '2.5d_emib', 'loc': '2.5d_chiplet'},{'from': 'Chiplet_4', 'to': 'Chiplet_2', 'connection_type': '2.5d_emib', 'loc': '2.5d_chiplet'},{'from': 'Chiplet_4', 'to': 'Chiplet_1', 'connection_type': '2.5d_emib', 'loc': '2.5d_chiplet'},{'from': 'Chiplet_4', 'to': 'Chiplet_6', 'connection_type': '2.5d_emib', 'loc': '2.5d_chiplet'},{'from': 'Chiplet_4', 'to': 'Chiplet_5', 'connection_type': '2.5d_emib', 'loc': '2.5d_chiplet'},{'from': 'Chiplet_6', 'to': 'Chiplet_2', 'connection_type': '2.5d_emib', 'loc': '2.5d_chiplet'},{'from': 'Chiplet_6', 'to': 'Chiplet_4', 'connection_type': '2.5d_emib', 'loc': '2.5d_chiplet'},{'from': 'Chiplet_6', 'to': 'Chiplet_5', 'connection_type': '2.5d_emib', 'loc': '2.5d_chiplet'},{'from': 'Chiplet_5', 'to': 'Chiplet_6', 'connection_type': '2.5d_emib', 'loc': '2.5d_chiplet'},{'from': 'Chiplet_5', 'to': 'Chiplet_4', 'connection_type': '2.5d_emib', 'loc': '2.5d_chiplet'}",3,1,1,1,1,1,ddr5,bow,ucie_3d,0,0,is,0,0,0
487,36.82146226117953,6293143.83,128391.46601919271,530863833.0208155,105554.92453333957,116664.03875301327,487,6.975099908490179,6.821646341899999,4096,128x128,14,1.304342696,2.51875,2048,96x96,7,8.112421457366196,12.973514847541198,8192,192x192,10,2.927572174079395,3.8395579270749995,1024,96x96,14,8.112421457366196,12.973514847541198,8192,192x192,10,11.481175603606792,15.979573171754398,2048,192x192,14,2.5d_3d,"{'from': 'Chiplet_3', 'to': 'Chiplet_1', 'connection_type': '3d_hyb_bond', 'loc': 'stack0_base'},{'from': 'Chiplet_1', 'to': 'Chiplet_4', 'connection_type': '3d_hyb_bond', 'loc': 'stack0_middle1'},{'from': 'Chiplet_4', 'to': 'na', 'connection_type': '3d_hyb_bond', 'loc': 'stack0_top'},{'from': 'Chiplet_6', 'to': 'Chiplet_3', 'connection_type': '2.5d_rdl', 'loc': '2.5d_chiplet'},{'from': 'Chiplet_6', 'to': 'Chiplet_2', 'connection_type': '2.5d_rdl', 'loc': '2.5d_chiplet'},{'from': 'Chiplet_6', 'to': 'Chiplet_5', 'connection_type': '2.5d_rdl', 'loc': '2.5d_chiplet'},{'from': 'Chiplet_2', 'to': 'Chiplet_6', 'connection_type': '2.5d_rdl', 'loc': '2.5d_chiplet'},{'from': 'Chiplet_2', 'to': 'Chiplet_5', 'connection_type': '2.5d_rdl', 'loc': '2.5d_chiplet'},{'from': 'Chiplet_3', 'to': 'Chiplet_6', 'connection_type': '2.5d_rdl', 'loc': '2.5d_chiplet'},{'from': 'Chiplet_3', 'to': 'Chiplet_5', 'connection_type': '2.5d_rdl', 'loc': '2.5d_chiplet'},{'from': 'Chiplet_5', 'to': 'Chiplet_2', 'connection_type': '2.5d_rdl', 'loc': '2.5d_chiplet'},{'from': 'Chiplet_5', 'to': 'Chiplet_6', 'connection_type': '2.5d_rdl', 'loc': '2.5d_chiplet'},{'from': 'Chiplet_5', 'to': 'Chiplet_3', 'connection_type': '2.5d_rdl', 'loc': '2.5d_chiplet'}",3,1,3,1,3,5,hbm2,ucie_std,ucie_3d,1,0,ws,1,0,0
488,32.202826802671126,4548139.28,91147.22929646174,452280898.5620547,23427.74583093732,27452.311236147747,488,6.975099908490179,6.821646341899999,4096,128x128,14,6.033899457366197,12.973514847541198,2048,192x192,10,2.927572174079395,3.8395579270749995,1024,96x96,14,12.799492673176792,15.979573171754398,4096,192x192,14,1.5385781800824634,3.1172648505374996,1024,96x96,10,1.4141952089375351,1.7054115854749998,512,64x64,14,2.5d_3d,"{'from': 'Chiplet_1', 'to': 'Chiplet_2', 'connection_type': '3d_tsv', 'loc': 'stack0_base'},{'from': 'Chiplet_2', 'to': 'Chiplet_5', 'connection_type': '3d_tsv', 'loc': 'stack0_middle1'},{'from': 'Chiplet_5', 'to': 'Chiplet_6', 'connection_type': '3d_tsv', 'loc': 'stack0_middle2'},{'from': 'Chiplet_6', 'to': 'na', 'connection_type': '3d_tsv', 'loc': 'stack0_top'},{'from': 'Chiplet_4', 'to': 'Chiplet_3', 'connection_type': '2.5d_rdl', 'loc': '2.5d_chiplet'},{'from': 'Chiplet_4', 'to': 'Chiplet_1', 'connection_type': '2.5d_rdl', 'loc': '2.5d_chiplet'},{'from': 'Chiplet_1', 'to': 'Chiplet_3', 'connection_type': '2.5d_rdl', 'loc': '2.5d_chiplet'},{'from': 'Chiplet_1', 'to': 'Chiplet_4', 'connection_type': '2.5d_rdl', 'loc': '2.5d_chiplet'},{'from': 'Chiplet_3', 'to': 'Chiplet_1', 'connection_type': '2.5d_rdl', 'loc': '2.5d_chiplet'},{'from': 'Chiplet_3', 'to': 'Chiplet_4', 'connection_type': '2.5d_rdl', 'loc': '2.5d_chiplet'}",4,3,1,6,1,1,hbm3,ucie_std,ucie_3d,1,0,os,0,0,0
489,27.02364042408286,2682239.69,153186.59407061304,451656182.41417503,129159.12697937814,63424.89875739763,489,0.916436759447044,1.3845915837374998,1024,64x64,10,1.8849981800824636,3.1172648505374996,2048,96x96,10,2.972908090547913,5.538366334949999,2048,128x128,10,0.784712696,2.51875,512,96x96,7,5.656782838920179,6.821646341899999,2048,128x128,14,2.927572174079395,3.8395579270749995,1024,96x96,14,2.5d,"{'from': 'Chiplet_5', 'to': 'Chiplet_3', 'connection_type': '2.5d_emib', 'loc': '2.5d_chiplet'},{'from': 'Chiplet_5', 'to': 'Chiplet_2', 'connection_type': '2.5d_emib', 'loc': '2.5d_chiplet'},{'from': 'Chiplet_2', 'to': 'Chiplet_3', 'connection_type': '2.5d_emib', 'loc': '2.5d_chiplet'},{'from': 'Chiplet_2', 'to': 'Chiplet_6', 'connection_type': '2.5d_emib', 'loc': '2.5d_chiplet'},{'from': 'Chiplet_2', 'to': 'Chiplet_5', 'connection_type': '2.5d_emib', 'loc': '2.5d_chiplet'},{'from': 'Chiplet_3', 'to': 'Chiplet_2', 'connection_type': '2.5d_emib', 'loc': '2.5d_chiplet'},{'from': 'Chiplet_3', 'to': 'Chiplet_6', 'connection_type': '2.5d_emib', 'loc': '2.5d_chiplet'},{'from': 'Chiplet_3', 'to': 'Chiplet_4', 'connection_type': '2.5d_emib', 'loc': '2.5d_chiplet'},{'from': 'Chiplet_3', 'to': 'Chiplet_5', 'connection_type': '2.5d_emib', 'loc': '2.5d_chiplet'},{'from': 'Chiplet_4', 'to': 'Chiplet_3', 'connection_type': '2.5d_emib', 'loc': '2.5d_chiplet'},{'from': 'Chiplet_4', 'to': 'Chiplet_1', 'connection_type': '2.5d_emib', 'loc': '2.5d_chiplet'},{'from': 'Chiplet_6', 'to': 'Chiplet_2', 'connection_type': '2.5d_emib', 'loc': '2.5d_chiplet'},{'from': 'Chiplet_6', 'to': 'Chiplet_1', 'connection_type': '2.5d_emib', 'loc': '2.5d_chiplet'},{'from': 'Chiplet_6', 'to': 'Chiplet_3', 'connection_type': '2.5d_emib', 'loc': '2.5d_chiplet'},{'from': 'Chiplet_1', 'to': 'Chiplet_4', 'connection_type': '2.5d_emib', 'loc': '2.5d_chiplet'},{'from': 'Chiplet_1', 'to': 'Chiplet_6', 'connection_type': '2.5d_emib', 'loc': '2.5d_chiplet'}",1,2,3,1,6,3,hbm2,ucie_adv,na,1,0,ws,1,0,0
490,52.32293488301309,4293724.44,184069.00903301637,1742930430.0240438,44342.026143790856,61971.50793245706,490,0.46559300000000003,1.11875,512,64x64,7,3.3193280905479132,5.538366334949999,3072,128x128,10,1.743774000637535,1.7054115854749998,1024,64x64,14,3.665749090547913,5.538366334949999,4096,128x128,10,14.117807839976791,15.979573171754398,6144,192x192,14,6.315940422320179,6.821646341899999,3072,128x128,14,2.5d,"{'from': 'Chiplet_5', 'to': 'Chiplet_1', 'connection_type': '2.5d_emib', 'loc': '2.5d_chiplet'},{'from': 'Chiplet_5', 'to': 'Chiplet_6', 'connection_type': '2.5d_emib', 'loc': '2.5d_chiplet'},{'from': 'Chiplet_1', 'to': 'Chiplet_6', 'connection_type': '2.5d_emib', 'loc': '2.5d_chiplet'},{'from': 'Chiplet_1', 'to': 'Chiplet_5', 'connection_type': '2.5d_emib', 'loc': '2.5d_chiplet'},{'from': 'Chiplet_6', 'to': 'Chiplet_2', 'connection_type': '2.5d_emib', 'loc': '2.5d_chiplet'},{'from': 'Chiplet_6', 'to': 'Chiplet_1', 'connection_type': '2.5d_emib', 'loc': '2.5d_chiplet'},{'from': 'Chiplet_6', 'to': 'Chiplet_4', 'connection_type': '2.5d_emib', 'loc': '2.5d_chiplet'},{'from': 'Chiplet_6', 'to': 'Chiplet_5', 'connection_type': '2.5d_emib', 'loc': '2.5d_chiplet'},{'from': 'Chiplet_6', 'to': 'Chiplet_3', 'connection_type': '2.5d_emib', 'loc': '2.5d_chiplet'},{'from': 'Chiplet_3', 'to': 'Chiplet_2', 'connection_type': '2.5d_emib', 'loc': '2.5d_chiplet'},{'from': 'Chiplet_3', 'to': 'Chiplet_6', 'connection_type': '2.5d_emib', 'loc': '2.5d_chiplet'},{'from': 'Chiplet_4', 'to': 'Chiplet_2', 'connection_type': '2.5d_emib', 'loc': '2.5d_chiplet'},{'from': 'Chiplet_4', 'to': 'Chiplet_6', 'connection_type': '2.5d_emib', 'loc': '2.5d_chiplet'},{'from': 'Chiplet_2', 'to': 'Chiplet_3', 'connection_type': '2.5d_emib', 'loc': '2.5d_chiplet'},{'from': 'Chiplet_2', 'to': 'Chiplet_6', 'connection_type': '2.5d_emib', 'loc': '2.5d_chiplet'},{'from': 'Chiplet_2', 'to': 'Chiplet_4', 'connection_type': '2.5d_emib', 'loc': '2.5d_chiplet'}",1,1,1,1,3,1,ddr4,aib,na,1,0,is,0,0,0
491,44.859874479002265,4381365.59,192872.69107758324,858650425.2519035,59754.428582957655,65273.99775424398,491,4.818150952,10.4826,6144,192x192,7,7.419580457366196,12.973514847541198,6144,192x192,10,11.481175603606792,15.979573171754398,2048,192x192,14,1.8849981800824636,3.1172648505374996,2048,96x96,10,0.46559300000000003,1.11875,512,64x64,7,0.829831759447044,1.3845915837374998,768,64x64,10,2.5d,"{'from': 'Chiplet_3', 'to': 'Chiplet_2', 'connection_type': '2.5d_emib', 'loc': '2.5d_chiplet'},{'from': 'Chiplet_3', 'to': 'Chiplet_1', 'connection_type': '2.5d_emib', 'loc': '2.5d_chiplet'},{'from': 'Chiplet_3', 'to': 'Chiplet_4', 'connection_type': '2.5d_emib', 'loc': '2.5d_chiplet'},{'from': 'Chiplet_4', 'to': 'Chiplet_3', 'connection_type': '2.5d_emib', 'loc': '2.5d_chiplet'},{'from': 'Chiplet_4', 'to': 'Chiplet_1', 'connection_type': '2.5d_emib', 'loc': '2.5d_chiplet'},{'from': 'Chiplet_2', 'to': 'Chiplet_3', 'connection_type': '2.5d_emib', 'loc': '2.5d_chiplet'},{'from': 'Chiplet_2', 'to': 'Chiplet_1', 'connection_type': '2.5d_emib', 'loc': '2.5d_chiplet'},{'from': 'Chiplet_2', 'to': 'Chiplet_6', 'connection_type': '2.5d_emib', 'loc': '2.5d_chiplet'},{'from': 'Chiplet_1', 'to': 'Chiplet_2', 'connection_type': '2.5d_emib', 'loc': '2.5d_chiplet'},{'from': 'Chiplet_1', 'to': 'Chiplet_4', 'connection_type': '2.5d_emib', 'loc': '2.5d_chiplet'},{'from': 'Chiplet_1', 'to': 'Chiplet_5', 'connection_type': '2.5d_emib', 'loc': '2.5d_chiplet'},{'from': 'Chiplet_1', 'to': 'Chiplet_3', 'connection_type': '2.5d_emib', 'loc': '2.5d_chiplet'},{'from': 'Chiplet_1', 'to': 'Chiplet_6', 'connection_type': '2.5d_emib', 'loc': '2.5d_chiplet'},{'from': 'Chiplet_6', 'to': 'Chiplet_2', 'connection_type': '2.5d_emib', 'loc': '2.5d_chiplet'},{'from': 'Chiplet_6', 'to': 'Chiplet_1', 'connection_type': '2.5d_emib', 'loc': '2.5d_chiplet'},{'from': 'Chiplet_6', 'to': 'Chiplet_5', 'connection_type': '2.5d_emib', 'loc': '2.5d_chiplet'},{'from': 'Chiplet_5', 'to': 'Chiplet_1', 'connection_type': '2.5d_emib', 'loc': '2.5d_chiplet'},{'from': 'Chiplet_5', 'to': 'Chiplet_6', 'connection_type': '2.5d_emib', 'loc': '2.5d_chiplet'}",1,1,3,1,1,1,ddr5,ucie_adv,na,1,0,ws,1,0,0
492,13.660285917076553,2346393.03,92742.9185980852,353738177.1799118,109011.45724774947,53865.21814365176,492,1.304342696,2.51875,2048,96x96,7,2.597993382379395,3.8395579270749995,512,96x96,14,5.656782838920179,6.821646341899999,2048,128x128,14,0.638803,1.11875,1024,64x64,7,0.784712696,2.51875,512,96x96,7,4.9976252555201786,6.821646341899999,1024,128x128,14,2.5d_3d,"{'from': 'Chiplet_3', 'to': 'Chiplet_6', 'connection_type': '3d_tsv', 'loc': 'stack0_base'},{'from': 'Chiplet_6', 'to': 'Chiplet_5', 'connection_type': '3d_tsv', 'loc': 'stack0_middle1'},{'from': 'Chiplet_5', 'to': 'Chiplet_4', 'connection_type': '3d_tsv', 'loc': 'stack0_middle2'},{'from': 'Chiplet_4', 'to': 'na', 'connection_type': '3d_tsv', 'loc': 'stack0_top'},{'from': 'Chiplet_3', 'to': 'Chiplet_2', 'connection_type': '2.5d_emib', 'loc': '2.5d_chiplet'},{'from': 'Chiplet_3', 'to': 'Chiplet_1', 'connection_type': '2.5d_emib', 'loc': '2.5d_chiplet'},{'from': 'Chiplet_2', 'to': 'Chiplet_3', 'connection_type': '2.5d_emib', 'loc': '2.5d_chiplet'},{'from': 'Chiplet_2', 'to': 'Chiplet_1', 'connection_type': '2.5d_emib', 'loc': '2.5d_chiplet'},{'from': 'Chiplet_1', 'to': 'Chiplet_3', 'connection_type': '2.5d_emib', 'loc': '2.5d_chiplet'},{'from': 'Chiplet_1', 'to': 'Chiplet_2', 'connection_type': '2.5d_emib', 'loc': '2.5d_chiplet'}",1,2,6,1,1,5,hbm3,bow,ucie_3d,0,0,os,1,0,0
493,21.249874497833975,2873838.12,70219.90897660922,810667314.1264536,76861.9070364281,61259.22449840349,493,2.972908090547913,5.538366334949999,2048,128x128,10,4.9976252555201786,6.821646341899999,1024,128x128,14,8.112421457366196,12.973514847541198,8192,192x192,10,0.46559300000000003,1.11875,512,64x64,7,2.597993382379395,3.8395579270749995,512,96x96,14,1.131132696,2.51875,1536,96x96,7,2.5d_3d,"{'from': 'Chiplet_3', 'to': 'Chiplet_1', 'connection_type': '3d_tsv', 'loc': 'stack0_base'},{'from': 'Chiplet_1', 'to': 'Chiplet_5', 'connection_type': '3d_tsv', 'loc': 'stack0_middle1'},{'from': 'Chiplet_5', 'to': 'Chiplet_6', 'connection_type': '3d_tsv', 'loc': 'stack0_middle2'},{'from': 'Chiplet_6', 'to': 'na', 'connection_type': '3d_tsv', 'loc': 'stack0_top'},{'from': 'Chiplet_3', 'to': 'Chiplet_2', 'connection_type': '2.5d_rdl', 'loc': '2.5d_chiplet'},{'from': 'Chiplet_3', 'to': 'Chiplet_4', 'connection_type': '2.5d_rdl', 'loc': '2.5d_chiplet'},{'from': 'Chiplet_2', 'to': 'Chiplet_3', 'connection_type': '2.5d_rdl', 'loc': '2.5d_chiplet'},{'from': 'Chiplet_2', 'to': 'Chiplet_4', 'connection_type': '2.5d_rdl', 'loc': '2.5d_chiplet'},{'from': 'Chiplet_4', 'to': 'Chiplet_3', 'connection_type': '2.5d_rdl', 'loc': '2.5d_chiplet'},{'from': 'Chiplet_4', 'to': 'Chiplet_2', 'connection_type': '2.5d_rdl', 'loc': '2.5d_chiplet'}",1,1,3,1,1,1,ddr5,ucie_std,ucie_3d,1,0,ws,1,0,0
494,17.709001358061265,3394227.65,76693.3215001589,475629570.7567936,22904.940282301846,21518.05922249068,494,5.656782838920179,6.821646341899999,2048,128x128,14,1.4141952089375351,1.7054115854749998,512,64x64,14,5.5109919519999995,10.4826,8192,192x192,7,5.656782838920179,6.821646341899999,2048,128x128,14,0.829831759447044,1.3845915837374998,768,64x64,10,1.3653681800824635,3.1172648505374996,512,96x96,10,2.5d_3d,"{'from': 'Chiplet_4', 'to': 'Chiplet_2', 'connection_type': '3d_u_bump', 'loc': 'stack0_base'},{'from': 'Chiplet_2', 'to': 'Chiplet_6', 'connection_type': '3d_u_bump', 'loc': 'stack0_middle1'},{'from': 'Chiplet_6', 'to': 'Chiplet_5', 'connection_type': '3d_u_bump', 'loc': 'stack0_middle2'},{'from': 'Chiplet_5', 'to': 'na', 'connection_type': '3d_u_bump', 'loc': 'stack0_top'},{'from': 'Chiplet_1', 'to': 'Chiplet_3', 'connection_type': '2.5d_rdl', 'loc': '2.5d_chiplet'},{'from': 'Chiplet_1', 'to': 'Chiplet_4', 'connection_type': '2.5d_rdl', 'loc': '2.5d_chiplet'},{'from': 'Chiplet_3', 'to': 'Chiplet_1', 'connection_type': '2.5d_rdl', 'loc': '2.5d_chiplet'},{'from': 'Chiplet_3', 'to': 'Chiplet_4', 'connection_type': '2.5d_rdl', 'loc': '2.5d_chiplet'},{'from': 'Chiplet_4', 'to': 'Chiplet_3', 'connection_type': '2.5d_rdl', 'loc': '2.5d_chiplet'},{'from': 'Chiplet_4', 'to': 'Chiplet_1', 'connection_type': '2.5d_rdl', 'loc': '2.5d_chiplet'}",5,1,4,4,1,1,hbm3,ucie_std,ucie_3d,1,0,os,0,0,0
495,14.457259580147669,1655376.35,40236.22230941073,300190675.0764425,361972.3977729922,124289.85584193631,495,1.3653681800824635,3.1172648505374996,512,96x96,10,0.916436759447044,1.3845915837374998,1024,64x64,10,0.784712696,2.51875,512,96x96,7,1.51595254,4.475,1024,128x128,7,0.957922696,2.51875,1024,96x96,7,2.927572174079395,3.8395579270749995,1024,96x96,14,2.5d,"{'from': 'Chiplet_6', 'to': 'Chiplet_2', 'connection_type': '2.5d_rdl', 'loc': '2.5d_chiplet'},{'from': 'Chiplet_6', 'to': 'Chiplet_4', 'connection_type': '2.5d_rdl', 'loc': '2.5d_chiplet'},{'from': 'Chiplet_2', 'to': 'Chiplet_1', 'connection_type': '2.5d_rdl', 'loc': '2.5d_chiplet'},{'from': 'Chiplet_2', 'to': 'Chiplet_4', 'connection_type': '2.5d_rdl', 'loc': '2.5d_chiplet'},{'from': 'Chiplet_2', 'to': 'Chiplet_6', 'connection_type': '2.5d_rdl', 'loc': '2.5d_chiplet'},{'from': 'Chiplet_4', 'to': 'Chiplet_2', 'connection_type': '2.5d_rdl', 'loc': '2.5d_chiplet'},{'from': 'Chiplet_4', 'to': 'Chiplet_1', 'connection_type': '2.5d_rdl', 'loc': '2.5d_chiplet'},{'from': 'Chiplet_4', 'to': 'Chiplet_6', 'connection_type': '2.5d_rdl', 'loc': '2.5d_chiplet'},{'from': 'Chiplet_4', 'to': 'Chiplet_3', 'connection_type': '2.5d_rdl', 'loc': '2.5d_chiplet'},{'from': 'Chiplet_3', 'to': 'Chiplet_4', 'connection_type': '2.5d_rdl', 'loc': '2.5d_chiplet'},{'from': 'Chiplet_3', 'to': 'Chiplet_5', 'connection_type': '2.5d_rdl', 'loc': '2.5d_chiplet'},{'from': 'Chiplet_1', 'to': 'Chiplet_2', 'connection_type': '2.5d_rdl', 'loc': '2.5d_chiplet'},{'from': 'Chiplet_1', 'to': 'Chiplet_4', 'connection_type': '2.5d_rdl', 'loc': '2.5d_chiplet'},{'from': 'Chiplet_1', 'to': 'Chiplet_5', 'connection_type': '2.5d_rdl', 'loc': '2.5d_chiplet'},{'from': 'Chiplet_5', 'to': 'Chiplet_3', 'connection_type': '2.5d_rdl', 'loc': '2.5d_chiplet'},{'from': 'Chiplet_5', 'to': 'Chiplet_1', 'connection_type': '2.5d_rdl', 'loc': '2.5d_chiplet'}",3,2,1,3,2,5,hbm3,ucie_std,na,1,0,is,1,0,0
496,28.019413129224137,3036808.26,77131.63936190376,1676590950.2412224,27373.529411764703,47083.513681913515,496,2.6264880905479133,5.538366334949999,1024,128x128,10,1.304342696,2.51875,2048,96x96,7,3.3193280905479132,5.538366334949999,3072,128x128,10,4.9976252555201786,6.821646341899999,1024,128x128,14,0.743226759447044,1.3845915837374998,512,64x64,10,5.5109919519999995,10.4826,8192,192x192,7,2.5d,"{'from': 'Chiplet_6', 'to': 'Chiplet_2', 'connection_type': '2.5d_rdl', 'loc': '2.5d_chiplet'},{'from': 'Chiplet_6', 'to': 'Chiplet_1', 'connection_type': '2.5d_rdl', 'loc': '2.5d_chiplet'},{'from': 'Chiplet_6', 'to': 'Chiplet_4', 'connection_type': '2.5d_rdl', 'loc': '2.5d_chiplet'},{'from': 'Chiplet_1', 'to': 'Chiplet_2', 'connection_type': '2.5d_rdl', 'loc': '2.5d_chiplet'},{'from': 'Chiplet_1', 'to': 'Chiplet_6', 'connection_type': '2.5d_rdl', 'loc': '2.5d_chiplet'},{'from': 'Chiplet_2', 'to': 'Chiplet_1', 'connection_type': '2.5d_rdl', 'loc': '2.5d_chiplet'},{'from': 'Chiplet_2', 'to': 'Chiplet_6', 'connection_type': '2.5d_rdl', 'loc': '2.5d_chiplet'},{'from': 'Chiplet_4', 'to': 'Chiplet_3', 'connection_type': '2.5d_rdl', 'loc': '2.5d_chiplet'},{'from': 'Chiplet_4', 'to': 'Chiplet_6', 'connection_type': '2.5d_rdl', 'loc': '2.5d_chiplet'},{'from': 'Chiplet_4', 'to': 'Chiplet_5', 'connection_type': '2.5d_rdl', 'loc': '2.5d_chiplet'},{'from': 'Chiplet_3', 'to': 'Chiplet_4', 'connection_type': '2.5d_rdl', 'loc': '2.5d_chiplet'},{'from': 'Chiplet_3', 'to': 'Chiplet_5', 'connection_type': '2.5d_rdl', 'loc': '2.5d_chiplet'},{'from': 'Chiplet_5', 'to': 'Chiplet_3', 'connection_type': '2.5d_rdl', 'loc': '2.5d_chiplet'},{'from': 'Chiplet_5', 'to': 'Chiplet_4', 'connection_type': '2.5d_rdl', 'loc': '2.5d_chiplet'}",1,1,1,2,1,2,ddr4,ucie_std,na,0,0,is,0,0,0
497,13.810949309598941,2523784.22,65270.49648561122,1577457557.9697897,20080.434782608696,40927.096506717004,497,3.432469952,10.4826,2048,192x192,7,1.8849981800824636,3.1172648505374996,2048,96x96,10,1.7117881800824635,3.1172648505374996,1536,96x96,10,1.86237254,4.475,2048,128x128,7,3.3193280905479132,5.538366334949999,3072,128x128,10,2.972908090547913,5.538366334949999,2048,128x128,10,2.5d_3d,"{'from': 'Chiplet_6', 'to': 'Chiplet_4', 'connection_type': '3d_tsv', 'loc': 'stack0_base'},{'from': 'Chiplet_4', 'to': 'Chiplet_3', 'connection_type': '3d_tsv', 'loc': 'stack0_middle1'},{'from': 'Chiplet_3', 'to': 'na', 'connection_type': '3d_tsv', 'loc': 'stack0_top'},{'from': 'Chiplet_1', 'to': 'Chiplet_2', 'connection_type': '2.5d_rdl', 'loc': '2.5d_chiplet'},{'from': 'Chiplet_1', 'to': 'Chiplet_5', 'connection_type': '2.5d_rdl', 'loc': '2.5d_chiplet'},{'from': 'Chiplet_2', 'to': 'Chiplet_1', 'connection_type': '2.5d_rdl', 'loc': '2.5d_chiplet'},{'from': 'Chiplet_2', 'to': 'Chiplet_6', 'connection_type': '2.5d_rdl', 'loc': '2.5d_chiplet'},{'from': 'Chiplet_5', 'to': 'Chiplet_1', 'connection_type': '2.5d_rdl', 'loc': '2.5d_chiplet'},{'from': 'Chiplet_5', 'to': 'Chiplet_6', 'connection_type': '2.5d_rdl', 'loc': '2.5d_chiplet'},{'from': 'Chiplet_6', 'to': 'Chiplet_2', 'connection_type': '2.5d_rdl', 'loc': '2.5d_chiplet'},{'from': 'Chiplet_6', 'to': 'Chiplet_5', 'connection_type': '2.5d_rdl', 'loc': '2.5d_chiplet'}",2,1,1,1,2,1,ddr4,ucie_std,ucie_3d,0,0,ws,0,0,0
498,31.958098933790623,3327499.48,176113.3950428669,810034100.1411271,103565.6244601885,84811.98403361732,498,0.743226759447044,1.3845915837374998,512,64x64,10,2.6264880905479133,5.538366334949999,1024,128x128,10,2.20879254,4.475,3072,128x128,7,6.726740457366197,12.973514847541198,4096,192x192,10,2.6264880905479133,5.538366334949999,1024,128x128,10,6.975099908490179,6.821646341899999,4096,128x128,14,2.5d,"{'from': 'Chiplet_6', 'to': 'Chiplet_1', 'connection_type': '2.5d_emib', 'loc': '2.5d_chiplet'},{'from': 'Chiplet_6', 'to': 'Chiplet_4', 'connection_type': '2.5d_emib', 'loc': '2.5d_chiplet'},{'from': 'Chiplet_6', 'to': 'Chiplet_5', 'connection_type': '2.5d_emib', 'loc': '2.5d_chiplet'},{'from': 'Chiplet_5', 'to': 'Chiplet_1', 'connection_type': '2.5d_emib', 'loc': '2.5d_chiplet'},{'from': 'Chiplet_5', 'to': 'Chiplet_6', 'connection_type': '2.5d_emib', 'loc': '2.5d_chiplet'},{'from': 'Chiplet_1', 'to': 'Chiplet_6', 'connection_type': '2.5d_emib', 'loc': '2.5d_chiplet'},{'from': 'Chiplet_1', 'to': 'Chiplet_5', 'connection_type': '2.5d_emib', 'loc': '2.5d_chiplet'},{'from': 'Chiplet_4', 'to': 'Chiplet_2', 'connection_type': '2.5d_emib', 'loc': '2.5d_chiplet'},{'from': 'Chiplet_4', 'to': 'Chiplet_6', 'connection_type': '2.5d_emib', 'loc': '2.5d_chiplet'},{'from': 'Chiplet_4', 'to': 'Chiplet_3', 'connection_type': '2.5d_emib', 'loc': '2.5d_chiplet'},{'from': 'Chiplet_2', 'to': 'Chiplet_3', 'connection_type': '2.5d_emib', 'loc': '2.5d_chiplet'},{'from': 'Chiplet_2', 'to': 'Chiplet_4', 'connection_type': '2.5d_emib', 'loc': '2.5d_chiplet'},{'from': 'Chiplet_3', 'to': 'Chiplet_2', 'connection_type': '2.5d_emib', 'loc': '2.5d_chiplet'},{'from': 'Chiplet_3', 'to': 'Chiplet_4', 'connection_type': '2.5d_emib', 'loc': '2.5d_chiplet'}",1,1,1,2,1,2,ddr5,ucie_adv,na,1,0,ws,1,0,0
499,17.534234822007218,1700465.78,47388.309561356386,1744991743.7581847,43782.49185667753,47200.87621097623,499,0.552198,1.11875,768,64x64,7,1.304342696,2.51875,2048,96x96,7,4.9976252555201786,6.821646341899999,1024,128x128,14,3.3193280905479132,5.538366334949999,3072,128x128,10,0.916436759447044,1.3845915837374998,1024,64x64,10,0.656621759447044,1.3845915837374998,256,64x64,10,2.5d,"{'from': 'Chiplet_3', 'to': 'Chiplet_2', 'connection_type': '2.5d_rdl', 'loc': '2.5d_chiplet'},{'from': 'Chiplet_3', 'to': 'Chiplet_6', 'connection_type': '2.5d_rdl', 'loc': '2.5d_chiplet'},{'from': 'Chiplet_3', 'to': 'Chiplet_4', 'connection_type': '2.5d_rdl', 'loc': '2.5d_chiplet'},{'from': 'Chiplet_6', 'to': 'Chiplet_2', 'connection_type': '2.5d_rdl', 'loc': '2.5d_chiplet'},{'from': 'Chiplet_6', 'to': 'Chiplet_3', 'connection_type': '2.5d_rdl', 'loc': '2.5d_chiplet'},{'from': 'Chiplet_4', 'to': 'Chiplet_3', 'connection_type': '2.5d_rdl', 'loc': '2.5d_chiplet'},{'from': 'Chiplet_4', 'to': 'Chiplet_2', 'connection_type': '2.5d_rdl', 'loc': '2.5d_chiplet'},{'from': 'Chiplet_4', 'to': 'Chiplet_5', 'connection_type': '2.5d_rdl', 'loc': '2.5d_chiplet'},{'from': 'Chiplet_2', 'to': 'Chiplet_1', 'connection_type': '2.5d_rdl', 'loc': '2.5d_chiplet'},{'from': 'Chiplet_2', 'to': 'Chiplet_4', 'connection_type': '2.5d_rdl', 'loc': '2.5d_chiplet'},{'from': 'Chiplet_2', 'to': 'Chiplet_5', 'connection_type': '2.5d_rdl', 'loc': '2.5d_chiplet'},{'from': 'Chiplet_2', 'to': 'Chiplet_3', 'connection_type': '2.5d_rdl', 'loc': '2.5d_chiplet'},{'from': 'Chiplet_2', 'to': 'Chiplet_6', 'connection_type': '2.5d_rdl', 'loc': '2.5d_chiplet'},{'from': 'Chiplet_5', 'to': 'Chiplet_2', 'connection_type': '2.5d_rdl', 'loc': '2.5d_chiplet'},{'from': 'Chiplet_5', 'to': 'Chiplet_1', 'connection_type': '2.5d_rdl', 'loc': '2.5d_chiplet'},{'from': 'Chiplet_5', 'to': 'Chiplet_4', 'connection_type': '2.5d_rdl', 'loc': '2.5d_chiplet'},{'from': 'Chiplet_1', 'to': 'Chiplet_2', 'connection_type': '2.5d_rdl', 'loc': '2.5d_chiplet'},{'from': 'Chiplet_1', 'to': 'Chiplet_5', 'connection_type': '2.5d_rdl', 'loc': '2.5d_chiplet'}",1,1,3,1,1,1,ddr5,ucie_std,na,0,0,is,0,0,0
