iteration_id,cost_metrics_area,cost_metrics_dollar_cost,cost_metrics_embCarbon,cost_metrics_energy,cost_metrics_latency,cost_metrics_opeCarbon,iteration_id,Chiplet_1_area,Chiplet_1_power,Chiplet_1_sram_buf,Chiplet_1_sys_array_size,Chiplet_1_tech_node,Chiplet_2_area,Chiplet_2_power,Chiplet_2_sram_buf,Chiplet_2_sys_array_size,Chiplet_2_tech_node,Chiplet_3_area,Chiplet_3_power,Chiplet_3_sram_buf,Chiplet_3_sys_array_size,Chiplet_3_tech_node,Chiplet_4_area,Chiplet_4_power,Chiplet_4_sram_buf,Chiplet_4_sys_array_size,Chiplet_4_tech_node,Chiplet_5_area,Chiplet_5_power,Chiplet_5_sram_buf,Chiplet_5_sys_array_size,Chiplet_5_tech_node,Chiplet_6_area,Chiplet_6_power,Chiplet_6_sram_buf,Chiplet_6_sys_array_size,Chiplet_6_tech_node,pkg_HI_pkg_type,pkg_inter_pkg_conn,pkg_mem_pkg_conn_Chiplet_1,pkg_mem_pkg_conn_Chiplet_2,pkg_mem_pkg_conn_Chiplet_3,pkg_mem_pkg_conn_Chiplet_4,pkg_mem_pkg_conn_Chiplet_5,pkg_mem_pkg_conn_Chiplet_6,pkg_mem_pkg_conn_mem_type,pkg_protocol_2.5d,pkg_protocol_3d,WL_mapping_mapping_assign_workload_in_ascending_order,WL_mapping_mapping_chiplet_data_sharing_enabled,WL_mapping_mapping_dataflow,WL_mapping_mapping_if_splitting_k,WL_mapping_mapping_merge_tiles,WL_mapping_mapping_static_tiling
0,45.438933228676355,6335316.87,217466.96177619236,1911058181.7707977,647384.6572147934,769975.5077103544,0,6.726740457366197,12.973514847541198,4096,192x192,10,7.419580457366196,12.973514847541198,6144,192x192,10,4.1253109519999995,10.4826,4096,192x192,7,5.656782838920179,6.821646341899999,2048,128x128,14,8.112421457366196,12.973514847541198,8192,192x192,10,2.972908090547913,5.538366334949999,2048,128x128,10,2.5d,"{'from': 'Chiplet_5', 'to': 'Chiplet_3', 'connection_type': '2.5d_emib', 'loc': '2.5d_chiplet'},{'from': 'Chiplet_5', 'to': 'Chiplet_2', 'connection_type': '2.5d_emib', 'loc': '2.5d_chiplet'},{'from': 'Chiplet_5', 'to': 'Chiplet_4', 'connection_type': '2.5d_emib', 'loc': '2.5d_chiplet'},{'from': 'Chiplet_4', 'to': 'Chiplet_5', 'connection_type': '2.5d_emib', 'loc': '2.5d_chiplet'},{'from': 'Chiplet_4', 'to': 'Chiplet_3', 'connection_type': '2.5d_emib', 'loc': '2.5d_chiplet'},{'from': 'Chiplet_3', 'to': 'Chiplet_5', 'connection_type': '2.5d_emib', 'loc': '2.5d_chiplet'},{'from': 'Chiplet_3', 'to': 'Chiplet_4', 'connection_type': '2.5d_emib', 'loc': '2.5d_chiplet'},{'from': 'Chiplet_2', 'to': 'Chiplet_5', 'connection_type': '2.5d_emib', 'loc': '2.5d_chiplet'},{'from': 'Chiplet_2', 'to': 'Chiplet_1', 'connection_type': '2.5d_emib', 'loc': '2.5d_chiplet'},{'from': 'Chiplet_2', 'to': 'Chiplet_6', 'connection_type': '2.5d_emib', 'loc': '2.5d_chiplet'},{'from': 'Chiplet_1', 'to': 'Chiplet_6', 'connection_type': '2.5d_emib', 'loc': '2.5d_chiplet'},{'from': 'Chiplet_1', 'to': 'Chiplet_2', 'connection_type': '2.5d_emib', 'loc': '2.5d_chiplet'},{'from': 'Chiplet_6', 'to': 'Chiplet_1', 'connection_type': '2.5d_emib', 'loc': '2.5d_chiplet'},{'from': 'Chiplet_6', 'to': 'Chiplet_2', 'connection_type': '2.5d_emib', 'loc': '2.5d_chiplet'}",3,3,2,3,4,1,hbm3,aib,na,1,0,os,1,0,0
1,54.54382956495656,4973391.62,200366.50477980793,3416532815.634366,370014.5017643122,414351.77256195585,1,3.665749090547913,5.538366334949999,4096,128x128,10,12.799492673176792,15.979573171754398,4096,192x192,14,12.799492673176792,15.979573171754398,4096,192x192,14,3.3193280905479132,5.538366334949999,3072,128x128,10,2.6264880905479133,5.538366334949999,1024,128x128,10,1.3653681800824635,3.1172648505374996,512,96x96,10,2.5d,"{'from': 'Chiplet_2', 'to': 'Chiplet_3', 'connection_type': '2.5d_emib', 'loc': '2.5d_chiplet'},{'from': 'Chiplet_2', 'to': 'Chiplet_1', 'connection_type': '2.5d_emib', 'loc': '2.5d_chiplet'},{'from': 'Chiplet_2', 'to': 'Chiplet_6', 'connection_type': '2.5d_emib', 'loc': '2.5d_chiplet'},{'from': 'Chiplet_1', 'to': 'Chiplet_6', 'connection_type': '2.5d_emib', 'loc': '2.5d_chiplet'},{'from': 'Chiplet_1', 'to': 'Chiplet_2', 'connection_type': '2.5d_emib', 'loc': '2.5d_chiplet'},{'from': 'Chiplet_6', 'to': 'Chiplet_1', 'connection_type': '2.5d_emib', 'loc': '2.5d_chiplet'},{'from': 'Chiplet_6', 'to': 'Chiplet_2', 'connection_type': '2.5d_emib', 'loc': '2.5d_chiplet'},{'from': 'Chiplet_3', 'to': 'Chiplet_5', 'connection_type': '2.5d_emib', 'loc': '2.5d_chiplet'},{'from': 'Chiplet_3', 'to': 'Chiplet_2', 'connection_type': '2.5d_emib', 'loc': '2.5d_chiplet'},{'from': 'Chiplet_3', 'to': 'Chiplet_4', 'connection_type': '2.5d_emib', 'loc': '2.5d_chiplet'},{'from': 'Chiplet_4', 'to': 'Chiplet_5', 'connection_type': '2.5d_emib', 'loc': '2.5d_chiplet'},{'from': 'Chiplet_4', 'to': 'Chiplet_3', 'connection_type': '2.5d_emib', 'loc': '2.5d_chiplet'},{'from': 'Chiplet_5', 'to': 'Chiplet_3', 'connection_type': '2.5d_emib', 'loc': '2.5d_chiplet'},{'from': 'Chiplet_5', 'to': 'Chiplet_4', 'connection_type': '2.5d_emib', 'loc': '2.5d_chiplet'}",1,2,2,1,1,1,ddr5,bow,na,1,0,os,1,0,0
2,16.475063992821006,2243025.71,53536.19530922499,1971014276.3480253,108925.67567567568,81264.3443140735,2,1.131132696,2.51875,1536,96x96,7,4.1253109519999995,10.4826,4096,192x192,7,1.249405813087535,1.7054115854749998,256,64x64,14,0.378988,1.11875,256,64x64,7,0.378988,1.11875,256,64x64,7,3.3193280905479132,5.538366334949999,3072,128x128,10,2.5d,"{'from': 'Chiplet_2', 'to': 'Chiplet_3', 'connection_type': '2.5d_rdl', 'loc': '2.5d_chiplet'},{'from': 'Chiplet_2', 'to': 'Chiplet_1', 'connection_type': '2.5d_rdl', 'loc': '2.5d_chiplet'},{'from': 'Chiplet_2', 'to': 'Chiplet_6', 'connection_type': '2.5d_rdl', 'loc': '2.5d_chiplet'},{'from': 'Chiplet_1', 'to': 'Chiplet_3', 'connection_type': '2.5d_rdl', 'loc': '2.5d_chiplet'},{'from': 'Chiplet_1', 'to': 'Chiplet_2', 'connection_type': '2.5d_rdl', 'loc': '2.5d_chiplet'},{'from': 'Chiplet_6', 'to': 'Chiplet_3', 'connection_type': '2.5d_rdl', 'loc': '2.5d_chiplet'},{'from': 'Chiplet_6', 'to': 'Chiplet_2', 'connection_type': '2.5d_rdl', 'loc': '2.5d_chiplet'},{'from': 'Chiplet_6', 'to': 'Chiplet_4', 'connection_type': '2.5d_rdl', 'loc': '2.5d_chiplet'},{'from': 'Chiplet_3', 'to': 'Chiplet_5', 'connection_type': '2.5d_rdl', 'loc': '2.5d_chiplet'},{'from': 'Chiplet_3', 'to': 'Chiplet_1', 'connection_type': '2.5d_rdl', 'loc': '2.5d_chiplet'},{'from': 'Chiplet_3', 'to': 'Chiplet_2', 'connection_type': '2.5d_rdl', 'loc': '2.5d_chiplet'},{'from': 'Chiplet_3', 'to': 'Chiplet_4', 'connection_type': '2.5d_rdl', 'loc': '2.5d_chiplet'},{'from': 'Chiplet_3', 'to': 'Chiplet_6', 'connection_type': '2.5d_rdl', 'loc': '2.5d_chiplet'},{'from': 'Chiplet_4', 'to': 'Chiplet_5', 'connection_type': '2.5d_rdl', 'loc': '2.5d_chiplet'},{'from': 'Chiplet_4', 'to': 'Chiplet_3', 'connection_type': '2.5d_rdl', 'loc': '2.5d_chiplet'},{'from': 'Chiplet_4', 'to': 'Chiplet_6', 'connection_type': '2.5d_rdl', 'loc': '2.5d_chiplet'},{'from': 'Chiplet_5', 'to': 'Chiplet_3', 'connection_type': '2.5d_rdl', 'loc': '2.5d_chiplet'},{'from': 'Chiplet_5', 'to': 'Chiplet_4', 'connection_type': '2.5d_rdl', 'loc': '2.5d_chiplet'}",1,6,2,1,1,5,hbm2,ucie_std,na,1,0,is,0,0,0
3,21.07183657074128,3762531.14,152388.89603049992,1602356982.58008,574506.0249337532,374625.559922355,3,3.5867297574793953,3.8395579270749995,2048,96x96,14,1.4141952089375351,1.7054115854749998,512,64x64,14,3.432469952,10.4826,2048,192x192,7,1.86237254,4.475,2048,128x128,7,4.818150952,10.4826,6144,192x192,7,1.743774000637535,1.7054115854749998,1024,64x64,14,2.5d_3d,"{'from': 'Chiplet_6', 'to': 'Chiplet_2', 'connection_type': '3d_u_bump', 'loc': 'stack0_base'},{'from': 'Chiplet_2', 'to': 'na', 'connection_type': '3d_u_bump', 'loc': 'stack0_top'},{'from': 'Chiplet_5', 'to': 'Chiplet_3', 'connection_type': '2.5d_emib', 'loc': '2.5d_chiplet'},{'from': 'Chiplet_5', 'to': 'Chiplet_1', 'connection_type': '2.5d_emib', 'loc': '2.5d_chiplet'},{'from': 'Chiplet_5', 'to': 'Chiplet_6', 'connection_type': '2.5d_emib', 'loc': '2.5d_chiplet'},{'from': 'Chiplet_5', 'to': 'Chiplet_4', 'connection_type': '2.5d_emib', 'loc': '2.5d_chiplet'},{'from': 'Chiplet_4', 'to': 'Chiplet_5', 'connection_type': '2.5d_emib', 'loc': '2.5d_chiplet'},{'from': 'Chiplet_4', 'to': 'Chiplet_6', 'connection_type': '2.5d_emib', 'loc': '2.5d_chiplet'},{'from': 'Chiplet_6', 'to': 'Chiplet_5', 'connection_type': '2.5d_emib', 'loc': '2.5d_chiplet'},{'from': 'Chiplet_6', 'to': 'Chiplet_4', 'connection_type': '2.5d_emib', 'loc': '2.5d_chiplet'},{'from': 'Chiplet_1', 'to': 'Chiplet_5', 'connection_type': '2.5d_emib', 'loc': '2.5d_chiplet'},{'from': 'Chiplet_1', 'to': 'Chiplet_3', 'connection_type': '2.5d_emib', 'loc': '2.5d_chiplet'},{'from': 'Chiplet_3', 'to': 'Chiplet_5', 'connection_type': '2.5d_emib', 'loc': '2.5d_chiplet'},{'from': 'Chiplet_3', 'to': 'Chiplet_1', 'connection_type': '2.5d_emib', 'loc': '2.5d_chiplet'}",3,1,3,2,5,2,hbm3,aib,ucie_3d,1,0,os,1,0,0
4,29.696171028643796,3039369.43,81951.73631730616,4194918332.2557845,1006619.9883907625,733311.0732320672,4,1.5385781800824634,3.1172648505374996,1024,96x96,10,11.481175603606792,15.979573171754398,2048,192x192,14,2.20879254,4.475,3072,128x128,7,2.597993382379395,3.8395579270749995,512,96x96,14,1.304342696,2.51875,2048,96x96,7,3.665749090547913,5.538366334949999,4096,128x128,10,2.5d,"{'from': 'Chiplet_2', 'to': 'Chiplet_6', 'connection_type': '2.5d_rdl', 'loc': '2.5d_chiplet'},{'from': 'Chiplet_2', 'to': 'Chiplet_4', 'connection_type': '2.5d_rdl', 'loc': '2.5d_chiplet'},{'from': 'Chiplet_6', 'to': 'Chiplet_3', 'connection_type': '2.5d_rdl', 'loc': '2.5d_chiplet'},{'from': 'Chiplet_6', 'to': 'Chiplet_1', 'connection_type': '2.5d_rdl', 'loc': '2.5d_chiplet'},{'from': 'Chiplet_6', 'to': 'Chiplet_2', 'connection_type': '2.5d_rdl', 'loc': '2.5d_chiplet'},{'from': 'Chiplet_6', 'to': 'Chiplet_4', 'connection_type': '2.5d_rdl', 'loc': '2.5d_chiplet'},{'from': 'Chiplet_1', 'to': 'Chiplet_3', 'connection_type': '2.5d_rdl', 'loc': '2.5d_chiplet'},{'from': 'Chiplet_1', 'to': 'Chiplet_6', 'connection_type': '2.5d_rdl', 'loc': '2.5d_chiplet'},{'from': 'Chiplet_4', 'to': 'Chiplet_5', 'connection_type': '2.5d_rdl', 'loc': '2.5d_chiplet'},{'from': 'Chiplet_4', 'to': 'Chiplet_3', 'connection_type': '2.5d_rdl', 'loc': '2.5d_chiplet'},{'from': 'Chiplet_4', 'to': 'Chiplet_6', 'connection_type': '2.5d_rdl', 'loc': '2.5d_chiplet'},{'from': 'Chiplet_4', 'to': 'Chiplet_2', 'connection_type': '2.5d_rdl', 'loc': '2.5d_chiplet'},{'from': 'Chiplet_3', 'to': 'Chiplet_5', 'connection_type': '2.5d_rdl', 'loc': '2.5d_chiplet'},{'from': 'Chiplet_3', 'to': 'Chiplet_1', 'connection_type': '2.5d_rdl', 'loc': '2.5d_chiplet'},{'from': 'Chiplet_3', 'to': 'Chiplet_6', 'connection_type': '2.5d_rdl', 'loc': '2.5d_chiplet'},{'from': 'Chiplet_3', 'to': 'Chiplet_4', 'connection_type': '2.5d_rdl', 'loc': '2.5d_chiplet'},{'from': 'Chiplet_5', 'to': 'Chiplet_3', 'connection_type': '2.5d_rdl', 'loc': '2.5d_chiplet'},{'from': 'Chiplet_5', 'to': 'Chiplet_4', 'connection_type': '2.5d_rdl', 'loc': '2.5d_chiplet'}",1,3,1,1,1,1,ddr4,ucie_std,na,1,0,os,1,0,0
5,39.95687835453191,4425232.62,95598.31640988085,2416511992.8855057,60958.33333333333,87779.60229839315,5,2.20879254,4.475,3072,128x128,7,3.665749090547913,5.538366334949999,4096,128x128,10,1.86237254,4.475,2048,128x128,7,12.799492673176792,15.979573171754398,4096,192x192,14,0.829831759447044,1.3845915837374998,768,64x64,10,6.315940422320179,6.821646341899999,3072,128x128,14,2.5d,"{'from': 'Chiplet_4', 'to': 'Chiplet_5', 'connection_type': '2.5d_rdl', 'loc': '2.5d_chiplet'},{'from': 'Chiplet_4', 'to': 'Chiplet_6', 'connection_type': '2.5d_rdl', 'loc': '2.5d_chiplet'},{'from': 'Chiplet_4', 'to': 'Chiplet_2', 'connection_type': '2.5d_rdl', 'loc': '2.5d_chiplet'},{'from': 'Chiplet_5', 'to': 'Chiplet_2', 'connection_type': '2.5d_rdl', 'loc': '2.5d_chiplet'},{'from': 'Chiplet_5', 'to': 'Chiplet_4', 'connection_type': '2.5d_rdl', 'loc': '2.5d_chiplet'},{'from': 'Chiplet_6', 'to': 'Chiplet_1', 'connection_type': '2.5d_rdl', 'loc': '2.5d_chiplet'},{'from': 'Chiplet_6', 'to': 'Chiplet_2', 'connection_type': '2.5d_rdl', 'loc': '2.5d_chiplet'},{'from': 'Chiplet_6', 'to': 'Chiplet_4', 'connection_type': '2.5d_rdl', 'loc': '2.5d_chiplet'},{'from': 'Chiplet_2', 'to': 'Chiplet_5', 'connection_type': '2.5d_rdl', 'loc': '2.5d_chiplet'},{'from': 'Chiplet_2', 'to': 'Chiplet_1', 'connection_type': '2.5d_rdl', 'loc': '2.5d_chiplet'},{'from': 'Chiplet_2', 'to': 'Chiplet_6', 'connection_type': '2.5d_rdl', 'loc': '2.5d_chiplet'},{'from': 'Chiplet_2', 'to': 'Chiplet_4', 'connection_type': '2.5d_rdl', 'loc': '2.5d_chiplet'},{'from': 'Chiplet_2', 'to': 'Chiplet_3', 'connection_type': '2.5d_rdl', 'loc': '2.5d_chiplet'},{'from': 'Chiplet_1', 'to': 'Chiplet_3', 'connection_type': '2.5d_rdl', 'loc': '2.5d_chiplet'},{'from': 'Chiplet_1', 'to': 'Chiplet_6', 'connection_type': '2.5d_rdl', 'loc': '2.5d_chiplet'},{'from': 'Chiplet_1', 'to': 'Chiplet_2', 'connection_type': '2.5d_rdl', 'loc': '2.5d_chiplet'},{'from': 'Chiplet_3', 'to': 'Chiplet_1', 'connection_type': '2.5d_rdl', 'loc': '2.5d_chiplet'},{'from': 'Chiplet_3', 'to': 'Chiplet_2', 'connection_type': '2.5d_rdl', 'loc': '2.5d_chiplet'}",1,2,1,7,1,4,hbm2,ucie_std,na,0,0,os,0,0,0
6,23.134616958977062,2935922.75,67373.3515739048,1717107326.501686,638577.3435354829,389594.1201432185,6,8.112421457366196,12.973514847541198,8192,192x192,10,2.6264880905479133,5.538366334949999,1024,128x128,10,1.3653681800824635,3.1172648505374996,512,96x96,10,2.927572174079395,3.8395579270749995,1024,96x96,14,0.957922696,2.51875,1024,96x96,7,0.957922696,2.51875,1024,96x96,7,2.5d,"{'from': 'Chiplet_1', 'to': 'Chiplet_2', 'connection_type': '2.5d_rdl', 'loc': '2.5d_chiplet'},{'from': 'Chiplet_1', 'to': 'Chiplet_4', 'connection_type': '2.5d_rdl', 'loc': '2.5d_chiplet'},{'from': 'Chiplet_4', 'to': 'Chiplet_5', 'connection_type': '2.5d_rdl', 'loc': '2.5d_chiplet'},{'from': 'Chiplet_4', 'to': 'Chiplet_1', 'connection_type': '2.5d_rdl', 'loc': '2.5d_chiplet'},{'from': 'Chiplet_4', 'to': 'Chiplet_6', 'connection_type': '2.5d_rdl', 'loc': '2.5d_chiplet'},{'from': 'Chiplet_4', 'to': 'Chiplet_2', 'connection_type': '2.5d_rdl', 'loc': '2.5d_chiplet'},{'from': 'Chiplet_5', 'to': 'Chiplet_6', 'connection_type': '2.5d_rdl', 'loc': '2.5d_chiplet'},{'from': 'Chiplet_5', 'to': 'Chiplet_4', 'connection_type': '2.5d_rdl', 'loc': '2.5d_chiplet'},{'from': 'Chiplet_6', 'to': 'Chiplet_5', 'connection_type': '2.5d_rdl', 'loc': '2.5d_chiplet'},{'from': 'Chiplet_6', 'to': 'Chiplet_4', 'connection_type': '2.5d_rdl', 'loc': '2.5d_chiplet'},{'from': 'Chiplet_6', 'to': 'Chiplet_3', 'connection_type': '2.5d_rdl', 'loc': '2.5d_chiplet'},{'from': 'Chiplet_2', 'to': 'Chiplet_3', 'connection_type': '2.5d_rdl', 'loc': '2.5d_chiplet'},{'from': 'Chiplet_2', 'to': 'Chiplet_1', 'connection_type': '2.5d_rdl', 'loc': '2.5d_chiplet'},{'from': 'Chiplet_2', 'to': 'Chiplet_4', 'connection_type': '2.5d_rdl', 'loc': '2.5d_chiplet'},{'from': 'Chiplet_3', 'to': 'Chiplet_6', 'connection_type': '2.5d_rdl', 'loc': '2.5d_chiplet'},{'from': 'Chiplet_3', 'to': 'Chiplet_2', 'connection_type': '2.5d_rdl', 'loc': '2.5d_chiplet'}",8,2,1,3,1,1,hbm3,ucie_std,na,0,0,os,1,0,0
7,37.20960593967924,3852459.41,84550.16846973139,1719610139.7493656,1266431.753356296,810928.0093757466,7,1.8849981800824636,3.1172648505374996,2048,96x96,10,15.436124909546791,15.979573171754398,8192,192x192,14,4.9976252555201786,6.821646341899999,1024,128x128,14,1.578984604787535,1.7054115854749998,768,64x64,14,0.743226759447044,1.3845915837374998,512,64x64,10,1.51595254,4.475,1024,128x128,7,2.5d,"{'from': 'Chiplet_2', 'to': 'Chiplet_5', 'connection_type': '2.5d_rdl', 'loc': '2.5d_chiplet'},{'from': 'Chiplet_2', 'to': 'Chiplet_3', 'connection_type': '2.5d_rdl', 'loc': '2.5d_chiplet'},{'from': 'Chiplet_2', 'to': 'Chiplet_1', 'connection_type': '2.5d_rdl', 'loc': '2.5d_chiplet'},{'from': 'Chiplet_3', 'to': 'Chiplet_1', 'connection_type': '2.5d_rdl', 'loc': '2.5d_chiplet'},{'from': 'Chiplet_3', 'to': 'Chiplet_2', 'connection_type': '2.5d_rdl', 'loc': '2.5d_chiplet'},{'from': 'Chiplet_3', 'to': 'Chiplet_4', 'connection_type': '2.5d_rdl', 'loc': '2.5d_chiplet'},{'from': 'Chiplet_1', 'to': 'Chiplet_5', 'connection_type': '2.5d_rdl', 'loc': '2.5d_chiplet'},{'from': 'Chiplet_1', 'to': 'Chiplet_3', 'connection_type': '2.5d_rdl', 'loc': '2.5d_chiplet'},{'from': 'Chiplet_1', 'to': 'Chiplet_2', 'connection_type': '2.5d_rdl', 'loc': '2.5d_chiplet'},{'from': 'Chiplet_1', 'to': 'Chiplet_4', 'connection_type': '2.5d_rdl', 'loc': '2.5d_chiplet'},{'from': 'Chiplet_5', 'to': 'Chiplet_6', 'connection_type': '2.5d_rdl', 'loc': '2.5d_chiplet'},{'from': 'Chiplet_5', 'to': 'Chiplet_1', 'connection_type': '2.5d_rdl', 'loc': '2.5d_chiplet'},{'from': 'Chiplet_5', 'to': 'Chiplet_2', 'connection_type': '2.5d_rdl', 'loc': '2.5d_chiplet'},{'from': 'Chiplet_4', 'to': 'Chiplet_3', 'connection_type': '2.5d_rdl', 'loc': '2.5d_chiplet'},{'from': 'Chiplet_4', 'to': 'Chiplet_1', 'connection_type': '2.5d_rdl', 'loc': '2.5d_chiplet'},{'from': 'Chiplet_4', 'to': 'Chiplet_6', 'connection_type': '2.5d_rdl', 'loc': '2.5d_chiplet'},{'from': 'Chiplet_6', 'to': 'Chiplet_5', 'connection_type': '2.5d_rdl', 'loc': '2.5d_chiplet'},{'from': 'Chiplet_6', 'to': 'Chiplet_4', 'connection_type': '2.5d_rdl', 'loc': '2.5d_chiplet'}",1,9,3,1,1,1,hbm3,ucie_std,na,1,0,os,1,0,0
8,18.139021101540642,2193096.36,150849.64977820168,1735496417.1584759,727753.0707224841,324816.1889396641,8,0.784712696,2.51875,512,96x96,7,1.5385781800824634,3.1172648505374996,1024,96x96,10,2.972908090547913,5.538366334949999,2048,128x128,10,0.957922696,2.51875,1024,96x96,7,5.656782838920179,6.821646341899999,2048,128x128,14,0.829831759447044,1.3845915837374998,768,64x64,10,2.5d,"{'from': 'Chiplet_5', 'to': 'Chiplet_3', 'connection_type': '2.5d_emib', 'loc': '2.5d_chiplet'},{'from': 'Chiplet_5', 'to': 'Chiplet_1', 'connection_type': '2.5d_emib', 'loc': '2.5d_chiplet'},{'from': 'Chiplet_5', 'to': 'Chiplet_2', 'connection_type': '2.5d_emib', 'loc': '2.5d_chiplet'},{'from': 'Chiplet_1', 'to': 'Chiplet_5', 'connection_type': '2.5d_emib', 'loc': '2.5d_chiplet'},{'from': 'Chiplet_1', 'to': 'Chiplet_2', 'connection_type': '2.5d_emib', 'loc': '2.5d_chiplet'},{'from': 'Chiplet_3', 'to': 'Chiplet_5', 'connection_type': '2.5d_emib', 'loc': '2.5d_chiplet'},{'from': 'Chiplet_3', 'to': 'Chiplet_2', 'connection_type': '2.5d_emib', 'loc': '2.5d_chiplet'},{'from': 'Chiplet_3', 'to': 'Chiplet_4', 'connection_type': '2.5d_emib', 'loc': '2.5d_chiplet'},{'from': 'Chiplet_2', 'to': 'Chiplet_5', 'connection_type': '2.5d_emib', 'loc': '2.5d_chiplet'},{'from': 'Chiplet_2', 'to': 'Chiplet_1', 'connection_type': '2.5d_emib', 'loc': '2.5d_chiplet'},{'from': 'Chiplet_2', 'to': 'Chiplet_6', 'connection_type': '2.5d_emib', 'loc': '2.5d_chiplet'},{'from': 'Chiplet_2', 'to': 'Chiplet_4', 'connection_type': '2.5d_emib', 'loc': '2.5d_chiplet'},{'from': 'Chiplet_2', 'to': 'Chiplet_3', 'connection_type': '2.5d_emib', 'loc': '2.5d_chiplet'},{'from': 'Chiplet_4', 'to': 'Chiplet_3', 'connection_type': '2.5d_emib', 'loc': '2.5d_chiplet'},{'from': 'Chiplet_4', 'to': 'Chiplet_6', 'connection_type': '2.5d_emib', 'loc': '2.5d_chiplet'},{'from': 'Chiplet_4', 'to': 'Chiplet_2', 'connection_type': '2.5d_emib', 'loc': '2.5d_chiplet'},{'from': 'Chiplet_6', 'to': 'Chiplet_2', 'connection_type': '2.5d_emib', 'loc': '2.5d_chiplet'},{'from': 'Chiplet_6', 'to': 'Chiplet_4', 'connection_type': '2.5d_emib', 'loc': '2.5d_chiplet'}",1,2,4,1,7,1,hbm2,ucie_adv,na,1,0,is,1,0,0
9,22.08453708113687,2874732.48,174854.5906211763,6744600051.524221,100268.4705882353,183031.76966928583,9,5.656782838920179,6.821646341899999,2048,128x128,14,0.46559300000000003,1.11875,512,64x64,7,1.249405813087535,1.7054115854749998,256,64x64,14,4.818150952,10.4826,6144,192x192,7,4.1253109519999995,10.4826,4096,192x192,7,0.656621759447044,1.3845915837374998,256,64x64,10,2.5d,"{'from': 'Chiplet_1', 'to': 'Chiplet_5', 'connection_type': '2.5d_emib', 'loc': '2.5d_chiplet'},{'from': 'Chiplet_1', 'to': 'Chiplet_6', 'connection_type': '2.5d_emib', 'loc': '2.5d_chiplet'},{'from': 'Chiplet_1', 'to': 'Chiplet_4', 'connection_type': '2.5d_emib', 'loc': '2.5d_chiplet'},{'from': 'Chiplet_1', 'to': 'Chiplet_3', 'connection_type': '2.5d_emib', 'loc': '2.5d_chiplet'},{'from': 'Chiplet_3', 'to': 'Chiplet_1', 'connection_type': '2.5d_emib', 'loc': '2.5d_chiplet'},{'from': 'Chiplet_3', 'to': 'Chiplet_6', 'connection_type': '2.5d_emib', 'loc': '2.5d_chiplet'},{'from': 'Chiplet_3', 'to': 'Chiplet_2', 'connection_type': '2.5d_emib', 'loc': '2.5d_chiplet'},{'from': 'Chiplet_6', 'to': 'Chiplet_3', 'connection_type': '2.5d_emib', 'loc': '2.5d_chiplet'},{'from': 'Chiplet_6', 'to': 'Chiplet_1', 'connection_type': '2.5d_emib', 'loc': '2.5d_chiplet'},{'from': 'Chiplet_6', 'to': 'Chiplet_2', 'connection_type': '2.5d_emib', 'loc': '2.5d_chiplet'},{'from': 'Chiplet_2', 'to': 'Chiplet_3', 'connection_type': '2.5d_emib', 'loc': '2.5d_chiplet'},{'from': 'Chiplet_2', 'to': 'Chiplet_6', 'connection_type': '2.5d_emib', 'loc': '2.5d_chiplet'},{'from': 'Chiplet_4', 'to': 'Chiplet_5', 'connection_type': '2.5d_emib', 'loc': '2.5d_chiplet'},{'from': 'Chiplet_4', 'to': 'Chiplet_1', 'connection_type': '2.5d_emib', 'loc': '2.5d_chiplet'},{'from': 'Chiplet_5', 'to': 'Chiplet_1', 'connection_type': '2.5d_emib', 'loc': '2.5d_chiplet'},{'from': 'Chiplet_5', 'to': 'Chiplet_4', 'connection_type': '2.5d_emib', 'loc': '2.5d_chiplet'}",2,1,1,2,1,1,ddr4,aib,na,0,0,is,0,0,0
10,17.528191226505562,2380915.4,49733.9188519944,1841269535.53455,1003484.270855949,418814.06099253084,10,3.665749090547913,5.538366334949999,4096,128x128,10,1.8849981800824636,3.1172648505374996,2048,96x96,10,0.957922696,2.51875,1024,96x96,7,3.5867297574793953,3.8395579270749995,2048,96x96,14,0.656621759447044,1.3845915837374998,256,64x64,10,1.51595254,4.475,1024,128x128,7,2.5d_3d,"{'from': 'Chiplet_3', 'to': 'Chiplet_5', 'connection_type': '3d_tsv', 'loc': 'stack0_base'},{'from': 'Chiplet_5', 'to': 'na', 'connection_type': '3d_tsv', 'loc': 'stack0_top'},{'from': 'Chiplet_1', 'to': 'Chiplet_3', 'connection_type': '2.5d_rdl', 'loc': '2.5d_chiplet'},{'from': 'Chiplet_1', 'to': 'Chiplet_6', 'connection_type': '2.5d_rdl', 'loc': '2.5d_chiplet'},{'from': 'Chiplet_1', 'to': 'Chiplet_4', 'connection_type': '2.5d_rdl', 'loc': '2.5d_chiplet'},{'from': 'Chiplet_6', 'to': 'Chiplet_3', 'connection_type': '2.5d_rdl', 'loc': '2.5d_chiplet'},{'from': 'Chiplet_6', 'to': 'Chiplet_1', 'connection_type': '2.5d_rdl', 'loc': '2.5d_chiplet'},{'from': 'Chiplet_3', 'to': 'Chiplet_1', 'connection_type': '2.5d_rdl', 'loc': '2.5d_chiplet'},{'from': 'Chiplet_3', 'to': 'Chiplet_6', 'connection_type': '2.5d_rdl', 'loc': '2.5d_chiplet'},{'from': 'Chiplet_3', 'to': 'Chiplet_2', 'connection_type': '2.5d_rdl', 'loc': '2.5d_chiplet'},{'from': 'Chiplet_4', 'to': 'Chiplet_1', 'connection_type': '2.5d_rdl', 'loc': '2.5d_chiplet'},{'from': 'Chiplet_4', 'to': 'Chiplet_2', 'connection_type': '2.5d_rdl', 'loc': '2.5d_chiplet'},{'from': 'Chiplet_2', 'to': 'Chiplet_3', 'connection_type': '2.5d_rdl', 'loc': '2.5d_chiplet'},{'from': 'Chiplet_2', 'to': 'Chiplet_4', 'connection_type': '2.5d_rdl', 'loc': '2.5d_chiplet'}",5,2,1,5,1,2,hbm2,ucie_std,ucie_3d,0,0,is,1,0,0
11,30.656609998006644,2884500.27,167022.3719537613,3768216219.3402495,358439.4790430555,261296.96262710774,11,0.656621759447044,1.3845915837374998,256,64x64,10,14.117807839976791,15.979573171754398,6144,192x192,14,1.8849981800824636,3.1172648505374996,2048,96x96,10,1.8849981800824636,3.1172648505374996,2048,96x96,10,3.2571509657793953,3.8395579270749995,1536,96x96,14,1.4141952089375351,1.7054115854749998,512,64x64,14,2.5d,"{'from': 'Chiplet_2', 'to': 'Chiplet_5', 'connection_type': '2.5d_emib', 'loc': '2.5d_chiplet'},{'from': 'Chiplet_2', 'to': 'Chiplet_1', 'connection_type': '2.5d_emib', 'loc': '2.5d_chiplet'},{'from': 'Chiplet_2', 'to': 'Chiplet_3', 'connection_type': '2.5d_emib', 'loc': '2.5d_chiplet'},{'from': 'Chiplet_5', 'to': 'Chiplet_3', 'connection_type': '2.5d_emib', 'loc': '2.5d_chiplet'},{'from': 'Chiplet_5', 'to': 'Chiplet_6', 'connection_type': '2.5d_emib', 'loc': '2.5d_chiplet'},{'from': 'Chiplet_5', 'to': 'Chiplet_2', 'connection_type': '2.5d_emib', 'loc': '2.5d_chiplet'},{'from': 'Chiplet_6', 'to': 'Chiplet_5', 'connection_type': '2.5d_emib', 'loc': '2.5d_chiplet'},{'from': 'Chiplet_6', 'to': 'Chiplet_4', 'connection_type': '2.5d_emib', 'loc': '2.5d_chiplet'},{'from': 'Chiplet_6', 'to': 'Chiplet_3', 'connection_type': '2.5d_emib', 'loc': '2.5d_chiplet'},{'from': 'Chiplet_3', 'to': 'Chiplet_5', 'connection_type': '2.5d_emib', 'loc': '2.5d_chiplet'},{'from': 'Chiplet_3', 'to': 'Chiplet_1', 'connection_type': '2.5d_emib', 'loc': '2.5d_chiplet'},{'from': 'Chiplet_3', 'to': 'Chiplet_6', 'connection_type': '2.5d_emib', 'loc': '2.5d_chiplet'},{'from': 'Chiplet_3', 'to': 'Chiplet_2', 'connection_type': '2.5d_emib', 'loc': '2.5d_chiplet'},{'from': 'Chiplet_3', 'to': 'Chiplet_4', 'connection_type': '2.5d_emib', 'loc': '2.5d_chiplet'},{'from': 'Chiplet_1', 'to': 'Chiplet_3', 'connection_type': '2.5d_emib', 'loc': '2.5d_chiplet'},{'from': 'Chiplet_1', 'to': 'Chiplet_2', 'connection_type': '2.5d_emib', 'loc': '2.5d_chiplet'},{'from': 'Chiplet_4', 'to': 'Chiplet_3', 'connection_type': '2.5d_emib', 'loc': '2.5d_chiplet'},{'from': 'Chiplet_4', 'to': 'Chiplet_6', 'connection_type': '2.5d_emib', 'loc': '2.5d_chiplet'}",1,3,1,1,1,1,ddr5,ucie_adv,na,0,0,os,1,0,0
12,38.22926723650561,4008416.28,96301.41847423473,4943565002.270794,41145.7522669249,125870.4994563344,12,0.957922696,2.51875,1024,96x96,7,4.1253109519999995,10.4826,4096,192x192,7,1.743774000637535,1.7054115854749998,1024,64x64,14,7.419580457366196,12.973514847541198,6144,192x192,10,7.419580457366196,12.973514847541198,6144,192x192,10,2.6264880905479133,5.538366334949999,1024,128x128,10,2.5d,"{'from': 'Chiplet_4', 'to': 'Chiplet_5', 'connection_type': '2.5d_rdl', 'loc': '2.5d_chiplet'},{'from': 'Chiplet_4', 'to': 'Chiplet_1', 'connection_type': '2.5d_rdl', 'loc': '2.5d_chiplet'},{'from': 'Chiplet_4', 'to': 'Chiplet_2', 'connection_type': '2.5d_rdl', 'loc': '2.5d_chiplet'},{'from': 'Chiplet_2', 'to': 'Chiplet_1', 'connection_type': '2.5d_rdl', 'loc': '2.5d_chiplet'},{'from': 'Chiplet_2', 'to': 'Chiplet_4', 'connection_type': '2.5d_rdl', 'loc': '2.5d_chiplet'},{'from': 'Chiplet_1', 'to': 'Chiplet_2', 'connection_type': '2.5d_rdl', 'loc': '2.5d_chiplet'},{'from': 'Chiplet_1', 'to': 'Chiplet_4', 'connection_type': '2.5d_rdl', 'loc': '2.5d_chiplet'},{'from': 'Chiplet_5', 'to': 'Chiplet_3', 'connection_type': '2.5d_rdl', 'loc': '2.5d_chiplet'},{'from': 'Chiplet_5', 'to': 'Chiplet_6', 'connection_type': '2.5d_rdl', 'loc': '2.5d_chiplet'},{'from': 'Chiplet_5', 'to': 'Chiplet_4', 'connection_type': '2.5d_rdl', 'loc': '2.5d_chiplet'},{'from': 'Chiplet_6', 'to': 'Chiplet_5', 'connection_type': '2.5d_rdl', 'loc': '2.5d_chiplet'},{'from': 'Chiplet_6', 'to': 'Chiplet_3', 'connection_type': '2.5d_rdl', 'loc': '2.5d_chiplet'},{'from': 'Chiplet_3', 'to': 'Chiplet_5', 'connection_type': '2.5d_rdl', 'loc': '2.5d_chiplet'},{'from': 'Chiplet_3', 'to': 'Chiplet_6', 'connection_type': '2.5d_rdl', 'loc': '2.5d_chiplet'}",1,1,1,2,2,1,ddr5,ucie_std,na,1,0,os,0,0,0
13,29.839004758311926,2861124.51,166074.35500116865,7168513651.569666,112583.55048859934,191936.533817826,13,5.656782838920179,6.821646341899999,2048,128x128,14,2.20879254,4.475,3072,128x128,7,0.46559300000000003,1.11875,512,64x64,7,2.972908090547913,5.538366334949999,2048,128x128,10,2.972908090547913,5.538366334949999,2048,128x128,10,3.3193280905479132,5.538366334949999,3072,128x128,10,2.5d,"{'from': 'Chiplet_1', 'to': 'Chiplet_5', 'connection_type': '2.5d_emib', 'loc': '2.5d_chiplet'},{'from': 'Chiplet_1', 'to': 'Chiplet_6', 'connection_type': '2.5d_emib', 'loc': '2.5d_chiplet'},{'from': 'Chiplet_5', 'to': 'Chiplet_1', 'connection_type': '2.5d_emib', 'loc': '2.5d_chiplet'},{'from': 'Chiplet_5', 'to': 'Chiplet_6', 'connection_type': '2.5d_emib', 'loc': '2.5d_chiplet'},{'from': 'Chiplet_5', 'to': 'Chiplet_4', 'connection_type': '2.5d_emib', 'loc': '2.5d_chiplet'},{'from': 'Chiplet_6', 'to': 'Chiplet_5', 'connection_type': '2.5d_emib', 'loc': '2.5d_chiplet'},{'from': 'Chiplet_6', 'to': 'Chiplet_1', 'connection_type': '2.5d_emib', 'loc': '2.5d_chiplet'},{'from': 'Chiplet_6', 'to': 'Chiplet_4', 'connection_type': '2.5d_emib', 'loc': '2.5d_chiplet'},{'from': 'Chiplet_6', 'to': 'Chiplet_3', 'connection_type': '2.5d_emib', 'loc': '2.5d_chiplet'},{'from': 'Chiplet_3', 'to': 'Chiplet_6', 'connection_type': '2.5d_emib', 'loc': '2.5d_chiplet'},{'from': 'Chiplet_3', 'to': 'Chiplet_2', 'connection_type': '2.5d_emib', 'loc': '2.5d_chiplet'},{'from': 'Chiplet_4', 'to': 'Chiplet_5', 'connection_type': '2.5d_emib', 'loc': '2.5d_chiplet'},{'from': 'Chiplet_4', 'to': 'Chiplet_6', 'connection_type': '2.5d_emib', 'loc': '2.5d_chiplet'},{'from': 'Chiplet_4', 'to': 'Chiplet_2', 'connection_type': '2.5d_emib', 'loc': '2.5d_chiplet'},{'from': 'Chiplet_2', 'to': 'Chiplet_3', 'connection_type': '2.5d_emib', 'loc': '2.5d_chiplet'},{'from': 'Chiplet_2', 'to': 'Chiplet_4', 'connection_type': '2.5d_emib', 'loc': '2.5d_chiplet'}",3,1,1,1,1,1,ddr5,ucie_adv,na,0,0,ws,0,0,0
14,28.578996435562804,3631548.05,79802.06917288441,2231178076.9256926,128756.66666666667,117096.35851331541,14,2.20879254,4.475,3072,128x128,7,6.315940422320179,6.821646341899999,3072,128x128,14,3.3193280905479132,5.538366334949999,3072,128x128,10,1.249405813087535,1.7054115854749998,256,64x64,14,4.818150952,10.4826,6144,192x192,7,1.7117881800824635,3.1172648505374996,1536,96x96,10,2.5d,"{'from': 'Chiplet_2', 'to': 'Chiplet_5', 'connection_type': '2.5d_rdl', 'loc': '2.5d_chiplet'},{'from': 'Chiplet_2', 'to': 'Chiplet_1', 'connection_type': '2.5d_rdl', 'loc': '2.5d_chiplet'},{'from': 'Chiplet_2', 'to': 'Chiplet_4', 'connection_type': '2.5d_rdl', 'loc': '2.5d_chiplet'},{'from': 'Chiplet_2', 'to': 'Chiplet_3', 'connection_type': '2.5d_rdl', 'loc': '2.5d_chiplet'},{'from': 'Chiplet_1', 'to': 'Chiplet_2', 'connection_type': '2.5d_rdl', 'loc': '2.5d_chiplet'},{'from': 'Chiplet_1', 'to': 'Chiplet_4', 'connection_type': '2.5d_rdl', 'loc': '2.5d_chiplet'},{'from': 'Chiplet_4', 'to': 'Chiplet_1', 'connection_type': '2.5d_rdl', 'loc': '2.5d_chiplet'},{'from': 'Chiplet_4', 'to': 'Chiplet_2', 'connection_type': '2.5d_rdl', 'loc': '2.5d_chiplet'},{'from': 'Chiplet_5', 'to': 'Chiplet_3', 'connection_type': '2.5d_rdl', 'loc': '2.5d_chiplet'},{'from': 'Chiplet_5', 'to': 'Chiplet_6', 'connection_type': '2.5d_rdl', 'loc': '2.5d_chiplet'},{'from': 'Chiplet_5', 'to': 'Chiplet_2', 'connection_type': '2.5d_rdl', 'loc': '2.5d_chiplet'},{'from': 'Chiplet_3', 'to': 'Chiplet_5', 'connection_type': '2.5d_rdl', 'loc': '2.5d_chiplet'},{'from': 'Chiplet_3', 'to': 'Chiplet_6', 'connection_type': '2.5d_rdl', 'loc': '2.5d_chiplet'},{'from': 'Chiplet_3', 'to': 'Chiplet_2', 'connection_type': '2.5d_rdl', 'loc': '2.5d_chiplet'},{'from': 'Chiplet_6', 'to': 'Chiplet_5', 'connection_type': '2.5d_rdl', 'loc': '2.5d_chiplet'},{'from': 'Chiplet_6', 'to': 'Chiplet_3', 'connection_type': '2.5d_rdl', 'loc': '2.5d_chiplet'}",2,5,3,1,4,1,hbm2,ucie_std,na,1,0,is,0,0,0
15,24.500228681664982,3342312.22,171052.47826909143,2026124877.7556632,595502.0864690722,338781.86966020195,15,2.20879254,4.475,3072,128x128,7,5.5109919519999995,10.4826,8192,192x192,7,2.597993382379395,3.8395579270749995,512,96x96,14,1.5385781800824634,3.1172648505374996,1024,96x96,10,1.304342696,2.51875,2048,96x96,7,1.5385781800824634,3.1172648505374996,1024,96x96,10,2.5d,"{'from': 'Chiplet_2', 'to': 'Chiplet_3', 'connection_type': '2.5d_emib', 'loc': '2.5d_chiplet'},{'from': 'Chiplet_2', 'to': 'Chiplet_6', 'connection_type': '2.5d_emib', 'loc': '2.5d_chiplet'},{'from': 'Chiplet_6', 'to': 'Chiplet_3', 'connection_type': '2.5d_emib', 'loc': '2.5d_chiplet'},{'from': 'Chiplet_6', 'to': 'Chiplet_1', 'connection_type': '2.5d_emib', 'loc': '2.5d_chiplet'},{'from': 'Chiplet_6', 'to': 'Chiplet_2', 'connection_type': '2.5d_emib', 'loc': '2.5d_chiplet'},{'from': 'Chiplet_3', 'to': 'Chiplet_5', 'connection_type': '2.5d_emib', 'loc': '2.5d_chiplet'},{'from': 'Chiplet_3', 'to': 'Chiplet_6', 'connection_type': '2.5d_emib', 'loc': '2.5d_chiplet'},{'from': 'Chiplet_3', 'to': 'Chiplet_1', 'connection_type': '2.5d_emib', 'loc': '2.5d_chiplet'},{'from': 'Chiplet_3', 'to': 'Chiplet_2', 'connection_type': '2.5d_emib', 'loc': '2.5d_chiplet'},{'from': 'Chiplet_5', 'to': 'Chiplet_3', 'connection_type': '2.5d_emib', 'loc': '2.5d_chiplet'},{'from': 'Chiplet_5', 'to': 'Chiplet_4', 'connection_type': '2.5d_emib', 'loc': '2.5d_chiplet'},{'from': 'Chiplet_1', 'to': 'Chiplet_3', 'connection_type': '2.5d_emib', 'loc': '2.5d_chiplet'},{'from': 'Chiplet_1', 'to': 'Chiplet_6', 'connection_type': '2.5d_emib', 'loc': '2.5d_chiplet'},{'from': 'Chiplet_1', 'to': 'Chiplet_4', 'connection_type': '2.5d_emib', 'loc': '2.5d_chiplet'},{'from': 'Chiplet_4', 'to': 'Chiplet_5', 'connection_type': '2.5d_emib', 'loc': '2.5d_chiplet'},{'from': 'Chiplet_4', 'to': 'Chiplet_1', 'connection_type': '2.5d_emib', 'loc': '2.5d_chiplet'}",2,6,3,2,1,2,hbm2,ucie_adv,na,0,0,ws,1,0,0
16,21.495907483423153,2788622.02,68509.99635639752,4960630381.774023,76412.90909090909,134334.25611207722,16,7.419580457366196,12.973514847541198,6144,192x192,10,2.6264880905479133,5.538366334949999,1024,128x128,10,0.46559300000000003,1.11875,512,64x64,7,6.315940422320179,6.821646341899999,3072,128x128,14,1.131132696,2.51875,1536,96x96,7,1.578984604787535,1.7054115854749998,768,64x64,14,2.5d_3d,"{'from': 'Chiplet_4', 'to': 'Chiplet_6', 'connection_type': '3d_tsv', 'loc': 'stack0_base'},{'from': 'Chiplet_6', 'to': 'Chiplet_5', 'connection_type': '3d_tsv', 'loc': 'stack0_middle1'},{'from': 'Chiplet_5', 'to': 'Chiplet_3', 'connection_type': '3d_tsv', 'loc': 'stack0_middle2'},{'from': 'Chiplet_3', 'to': 'na', 'connection_type': '3d_tsv', 'loc': 'stack0_top'},{'from': 'Chiplet_1', 'to': 'Chiplet_2', 'connection_type': '2.5d_rdl', 'loc': '2.5d_chiplet'},{'from': 'Chiplet_1', 'to': 'Chiplet_4', 'connection_type': '2.5d_rdl', 'loc': '2.5d_chiplet'},{'from': 'Chiplet_4', 'to': 'Chiplet_1', 'connection_type': '2.5d_rdl', 'loc': '2.5d_chiplet'},{'from': 'Chiplet_4', 'to': 'Chiplet_2', 'connection_type': '2.5d_rdl', 'loc': '2.5d_chiplet'},{'from': 'Chiplet_2', 'to': 'Chiplet_1', 'connection_type': '2.5d_rdl', 'loc': '2.5d_chiplet'},{'from': 'Chiplet_2', 'to': 'Chiplet_4', 'connection_type': '2.5d_rdl', 'loc': '2.5d_chiplet'}",2,1,1,2,1,1,ddr5,ucie_std,ucie_3d,0,0,os,0,0,0
17,49.27177060316624,5277867.56,215100.8425137861,4887606038.108661,23874.398533007334,114369.40940269196,17,1.86237254,4.475,2048,128x128,7,14.117807839976791,15.979573171754398,6144,192x192,14,4.818150952,10.4826,6144,192x192,7,3.432469952,10.4826,2048,192x192,7,3.432469952,10.4826,2048,192x192,7,3.5867297574793953,3.8395579270749995,2048,96x96,14,2.5d,"{'from': 'Chiplet_2', 'to': 'Chiplet_3', 'connection_type': '2.5d_emib', 'loc': '2.5d_chiplet'},{'from': 'Chiplet_2', 'to': 'Chiplet_1', 'connection_type': '2.5d_emib', 'loc': '2.5d_chiplet'},{'from': 'Chiplet_1', 'to': 'Chiplet_3', 'connection_type': '2.5d_emib', 'loc': '2.5d_chiplet'},{'from': 'Chiplet_1', 'to': 'Chiplet_6', 'connection_type': '2.5d_emib', 'loc': '2.5d_chiplet'},{'from': 'Chiplet_1', 'to': 'Chiplet_2', 'connection_type': '2.5d_emib', 'loc': '2.5d_chiplet'},{'from': 'Chiplet_3', 'to': 'Chiplet_5', 'connection_type': '2.5d_emib', 'loc': '2.5d_chiplet'},{'from': 'Chiplet_3', 'to': 'Chiplet_1', 'connection_type': '2.5d_emib', 'loc': '2.5d_chiplet'},{'from': 'Chiplet_3', 'to': 'Chiplet_2', 'connection_type': '2.5d_emib', 'loc': '2.5d_chiplet'},{'from': 'Chiplet_3', 'to': 'Chiplet_4', 'connection_type': '2.5d_emib', 'loc': '2.5d_chiplet'},{'from': 'Chiplet_3', 'to': 'Chiplet_6', 'connection_type': '2.5d_emib', 'loc': '2.5d_chiplet'},{'from': 'Chiplet_5', 'to': 'Chiplet_3', 'connection_type': '2.5d_emib', 'loc': '2.5d_chiplet'},{'from': 'Chiplet_5', 'to': 'Chiplet_4', 'connection_type': '2.5d_emib', 'loc': '2.5d_chiplet'},{'from': 'Chiplet_6', 'to': 'Chiplet_3', 'connection_type': '2.5d_emib', 'loc': '2.5d_chiplet'},{'from': 'Chiplet_6', 'to': 'Chiplet_1', 'connection_type': '2.5d_emib', 'loc': '2.5d_chiplet'},{'from': 'Chiplet_6', 'to': 'Chiplet_4', 'connection_type': '2.5d_emib', 'loc': '2.5d_chiplet'},{'from': 'Chiplet_4', 'to': 'Chiplet_5', 'connection_type': '2.5d_emib', 'loc': '2.5d_chiplet'},{'from': 'Chiplet_4', 'to': 'Chiplet_3', 'connection_type': '2.5d_emib', 'loc': '2.5d_chiplet'},{'from': 'Chiplet_4', 'to': 'Chiplet_6', 'connection_type': '2.5d_emib', 'loc': '2.5d_chiplet'}",1,3,1,1,1,1,ddr5,ucie_adv,na,0,0,os,0,0,0
18,36.00554083727294,5147428.12,221798.50137307774,3817466539.359462,571858.6742195819,602019.50651372,18,6.726740457366197,12.973514847541198,4096,192x192,10,4.818150952,10.4826,6144,192x192,7,5.5109919519999995,10.4826,8192,192x192,7,2.55521354,4.475,4096,128x128,7,1.578984604787535,1.7054115854749998,768,64x64,14,5.5109919519999995,10.4826,8192,192x192,7,2.5d,"{'from': 'Chiplet_1', 'to': 'Chiplet_5', 'connection_type': '2.5d_emib', 'loc': '2.5d_chiplet'},{'from': 'Chiplet_1', 'to': 'Chiplet_3', 'connection_type': '2.5d_emib', 'loc': '2.5d_chiplet'},{'from': 'Chiplet_1', 'to': 'Chiplet_2', 'connection_type': '2.5d_emib', 'loc': '2.5d_chiplet'},{'from': 'Chiplet_2', 'to': 'Chiplet_5', 'connection_type': '2.5d_emib', 'loc': '2.5d_chiplet'},{'from': 'Chiplet_2', 'to': 'Chiplet_1', 'connection_type': '2.5d_emib', 'loc': '2.5d_chiplet'},{'from': 'Chiplet_5', 'to': 'Chiplet_6', 'connection_type': '2.5d_emib', 'loc': '2.5d_chiplet'},{'from': 'Chiplet_5', 'to': 'Chiplet_1', 'connection_type': '2.5d_emib', 'loc': '2.5d_chiplet'},{'from': 'Chiplet_5', 'to': 'Chiplet_2', 'connection_type': '2.5d_emib', 'loc': '2.5d_chiplet'},{'from': 'Chiplet_3', 'to': 'Chiplet_1', 'connection_type': '2.5d_emib', 'loc': '2.5d_chiplet'},{'from': 'Chiplet_3', 'to': 'Chiplet_6', 'connection_type': '2.5d_emib', 'loc': '2.5d_chiplet'},{'from': 'Chiplet_3', 'to': 'Chiplet_4', 'connection_type': '2.5d_emib', 'loc': '2.5d_chiplet'},{'from': 'Chiplet_4', 'to': 'Chiplet_3', 'connection_type': '2.5d_emib', 'loc': '2.5d_chiplet'},{'from': 'Chiplet_4', 'to': 'Chiplet_6', 'connection_type': '2.5d_emib', 'loc': '2.5d_chiplet'},{'from': 'Chiplet_6', 'to': 'Chiplet_5', 'connection_type': '2.5d_emib', 'loc': '2.5d_chiplet'},{'from': 'Chiplet_6', 'to': 'Chiplet_4', 'connection_type': '2.5d_emib', 'loc': '2.5d_chiplet'},{'from': 'Chiplet_6', 'to': 'Chiplet_3', 'connection_type': '2.5d_emib', 'loc': '2.5d_chiplet'}",2,1,2,1,1,1,ddr5,aib,na,1,0,os,1,0,0
19,22.779659029055185,2278555.19,128620.33141679627,10107592415.048548,217778.92156862744,273269.17792176735,19,0.638803,1.11875,1024,64x64,7,2.927572174079395,3.8395579270749995,1024,96x96,14,0.743226759447044,1.3845915837374998,512,64x64,10,2.972908090547913,5.538366334949999,2048,128x128,10,1.5385781800824634,3.1172648505374996,1024,96x96,10,6.315940422320179,6.821646341899999,3072,128x128,14,2.5d_3d,"{'from': 'Chiplet_2', 'to': 'Chiplet_1', 'connection_type': '3d_tsv', 'loc': 'stack0_base'},{'from': 'Chiplet_1', 'to': 'na', 'connection_type': '3d_tsv', 'loc': 'stack0_top'},{'from': 'Chiplet_6', 'to': 'Chiplet_3', 'connection_type': '2.5d_emib', 'loc': '2.5d_chiplet'},{'from': 'Chiplet_6', 'to': 'Chiplet_2', 'connection_type': '2.5d_emib', 'loc': '2.5d_chiplet'},{'from': 'Chiplet_6', 'to': 'Chiplet_4', 'connection_type': '2.5d_emib', 'loc': '2.5d_chiplet'},{'from': 'Chiplet_3', 'to': 'Chiplet_6', 'connection_type': '2.5d_emib', 'loc': '2.5d_chiplet'},{'from': 'Chiplet_3', 'to': 'Chiplet_2', 'connection_type': '2.5d_emib', 'loc': '2.5d_chiplet'},{'from': 'Chiplet_4', 'to': 'Chiplet_5', 'connection_type': '2.5d_emib', 'loc': '2.5d_chiplet'},{'from': 'Chiplet_4', 'to': 'Chiplet_6', 'connection_type': '2.5d_emib', 'loc': '2.5d_chiplet'},{'from': 'Chiplet_4', 'to': 'Chiplet_2', 'connection_type': '2.5d_emib', 'loc': '2.5d_chiplet'},{'from': 'Chiplet_2', 'to': 'Chiplet_5', 'connection_type': '2.5d_emib', 'loc': '2.5d_chiplet'},{'from': 'Chiplet_2', 'to': 'Chiplet_3', 'connection_type': '2.5d_emib', 'loc': '2.5d_chiplet'},{'from': 'Chiplet_2', 'to': 'Chiplet_6', 'connection_type': '2.5d_emib', 'loc': '2.5d_chiplet'},{'from': 'Chiplet_2', 'to': 'Chiplet_4', 'connection_type': '2.5d_emib', 'loc': '2.5d_chiplet'},{'from': 'Chiplet_5', 'to': 'Chiplet_2', 'connection_type': '2.5d_emib', 'loc': '2.5d_chiplet'},{'from': 'Chiplet_5', 'to': 'Chiplet_4', 'connection_type': '2.5d_emib', 'loc': '2.5d_chiplet'}",1,1,1,1,1,3,ddr4,bow,ucie_3d,0,0,ws,0,0,0
20,18.664612647065564,2143196.22,150379.6829725922,2468560874.9913306,132118.33333333334,91736.09041921818,20,1.51595254,4.475,1024,128x128,7,6.315940422320179,6.821646341899999,3072,128x128,14,1.4141952089375351,1.7054115854749998,512,64x64,14,0.638803,1.11875,1024,64x64,7,2.597993382379395,3.8395579270749995,512,96x96,14,0.638803,1.11875,1024,64x64,7,2.5d,"{'from': 'Chiplet_2', 'to': 'Chiplet_5', 'connection_type': '2.5d_emib', 'loc': '2.5d_chiplet'},{'from': 'Chiplet_2', 'to': 'Chiplet_1', 'connection_type': '2.5d_emib', 'loc': '2.5d_chiplet'},{'from': 'Chiplet_5', 'to': 'Chiplet_3', 'connection_type': '2.5d_emib', 'loc': '2.5d_chiplet'},{'from': 'Chiplet_5', 'to': 'Chiplet_1', 'connection_type': '2.5d_emib', 'loc': '2.5d_chiplet'},{'from': 'Chiplet_5', 'to': 'Chiplet_2', 'connection_type': '2.5d_emib', 'loc': '2.5d_chiplet'},{'from': 'Chiplet_5', 'to': 'Chiplet_4', 'connection_type': '2.5d_emib', 'loc': '2.5d_chiplet'},{'from': 'Chiplet_4', 'to': 'Chiplet_5', 'connection_type': '2.5d_emib', 'loc': '2.5d_chiplet'},{'from': 'Chiplet_4', 'to': 'Chiplet_3', 'connection_type': '2.5d_emib', 'loc': '2.5d_chiplet'},{'from': 'Chiplet_1', 'to': 'Chiplet_5', 'connection_type': '2.5d_emib', 'loc': '2.5d_chiplet'},{'from': 'Chiplet_1', 'to': 'Chiplet_3', 'connection_type': '2.5d_emib', 'loc': '2.5d_chiplet'},{'from': 'Chiplet_1', 'to': 'Chiplet_6', 'connection_type': '2.5d_emib', 'loc': '2.5d_chiplet'},{'from': 'Chiplet_1', 'to': 'Chiplet_2', 'connection_type': '2.5d_emib', 'loc': '2.5d_chiplet'},{'from': 'Chiplet_3', 'to': 'Chiplet_5', 'connection_type': '2.5d_emib', 'loc': '2.5d_chiplet'},{'from': 'Chiplet_3', 'to': 'Chiplet_1', 'connection_type': '2.5d_emib', 'loc': '2.5d_chiplet'},{'from': 'Chiplet_3', 'to': 'Chiplet_6', 'connection_type': '2.5d_emib', 'loc': '2.5d_chiplet'},{'from': 'Chiplet_3', 'to': 'Chiplet_4', 'connection_type': '2.5d_emib', 'loc': '2.5d_chiplet'},{'from': 'Chiplet_6', 'to': 'Chiplet_3', 'connection_type': '2.5d_emib', 'loc': '2.5d_chiplet'},{'from': 'Chiplet_6', 'to': 'Chiplet_1', 'connection_type': '2.5d_emib', 'loc': '2.5d_chiplet'}",2,7,2,1,3,1,hbm2,aib,na,0,0,os,0,0,0
21,16.530155342780446,1531175.22,40773.560934957735,10021504892.263206,104350.46811517401,215409.8222968709,21,1.4141952089375351,1.7054115854749998,512,64x64,14,3.3193280905479132,5.538366334949999,3072,128x128,10,1.578984604787535,1.7054115854749998,768,64x64,14,1.86237254,4.475,2048,128x128,7,0.656621759447044,1.3845915837374998,256,64x64,10,0.916436759447044,1.3845915837374998,1024,64x64,10,2.5d,"{'from': 'Chiplet_2', 'to': 'Chiplet_1', 'connection_type': '2.5d_rdl', 'loc': '2.5d_chiplet'},{'from': 'Chiplet_2', 'to': 'Chiplet_4', 'connection_type': '2.5d_rdl', 'loc': '2.5d_chiplet'},{'from': 'Chiplet_1', 'to': 'Chiplet_3', 'connection_type': '2.5d_rdl', 'loc': '2.5d_chiplet'},{'from': 'Chiplet_1', 'to': 'Chiplet_2', 'connection_type': '2.5d_rdl', 'loc': '2.5d_chiplet'},{'from': 'Chiplet_1', 'to': 'Chiplet_4', 'connection_type': '2.5d_rdl', 'loc': '2.5d_chiplet'},{'from': 'Chiplet_4', 'to': 'Chiplet_5', 'connection_type': '2.5d_rdl', 'loc': '2.5d_chiplet'},{'from': 'Chiplet_4', 'to': 'Chiplet_1', 'connection_type': '2.5d_rdl', 'loc': '2.5d_chiplet'},{'from': 'Chiplet_4', 'to': 'Chiplet_2', 'connection_type': '2.5d_rdl', 'loc': '2.5d_chiplet'},{'from': 'Chiplet_4', 'to': 'Chiplet_3', 'connection_type': '2.5d_rdl', 'loc': '2.5d_chiplet'},{'from': 'Chiplet_5', 'to': 'Chiplet_6', 'connection_type': '2.5d_rdl', 'loc': '2.5d_chiplet'},{'from': 'Chiplet_5', 'to': 'Chiplet_4', 'connection_type': '2.5d_rdl', 'loc': '2.5d_chiplet'},{'from': 'Chiplet_3', 'to': 'Chiplet_1', 'connection_type': '2.5d_rdl', 'loc': '2.5d_chiplet'},{'from': 'Chiplet_3', 'to': 'Chiplet_6', 'connection_type': '2.5d_rdl', 'loc': '2.5d_chiplet'},{'from': 'Chiplet_3', 'to': 'Chiplet_4', 'connection_type': '2.5d_rdl', 'loc': '2.5d_chiplet'},{'from': 'Chiplet_6', 'to': 'Chiplet_5', 'connection_type': '2.5d_rdl', 'loc': '2.5d_chiplet'},{'from': 'Chiplet_6', 'to': 'Chiplet_3', 'connection_type': '2.5d_rdl', 'loc': '2.5d_chiplet'}",1,3,1,1,1,1,ddr4,ucie_std,na,0,0,os,0,0,0
22,34.92271728659398,6902702.57,156855.5624353935,2004222454.0153565,537531.4185620137,730997.00036912,22,7.419580457366196,12.973514847541198,6144,192x192,10,4.9976252555201786,6.821646341899999,1024,128x128,14,11.481175603606792,15.979573171754398,2048,192x192,14,3.3193280905479132,5.538366334949999,3072,128x128,10,8.112421457366196,12.973514847541198,8192,192x192,10,11.481175603606792,15.979573171754398,2048,192x192,14,2.5d_3d,"{'from': 'Chiplet_6', 'to': 'Chiplet_5', 'connection_type': '3d_hyb_bond', 'loc': 'stack0_base'},{'from': 'Chiplet_5', 'to': 'Chiplet_2', 'connection_type': '3d_hyb_bond', 'loc': 'stack0_middle1'},{'from': 'Chiplet_2', 'to': 'Chiplet_4', 'connection_type': '3d_hyb_bond', 'loc': 'stack0_middle2'},{'from': 'Chiplet_4', 'to': 'na', 'connection_type': '3d_hyb_bond', 'loc': 'stack0_top'},{'from': 'Chiplet_3', 'to': 'Chiplet_1', 'connection_type': '2.5d_rdl', 'loc': '2.5d_chiplet'},{'from': 'Chiplet_3', 'to': 'Chiplet_6', 'connection_type': '2.5d_rdl', 'loc': '2.5d_chiplet'},{'from': 'Chiplet_1', 'to': 'Chiplet_3', 'connection_type': '2.5d_rdl', 'loc': '2.5d_chiplet'},{'from': 'Chiplet_1', 'to': 'Chiplet_6', 'connection_type': '2.5d_rdl', 'loc': '2.5d_chiplet'},{'from': 'Chiplet_6', 'to': 'Chiplet_3', 'connection_type': '2.5d_rdl', 'loc': '2.5d_chiplet'},{'from': 'Chiplet_6', 'to': 'Chiplet_1', 'connection_type': '2.5d_rdl', 'loc': '2.5d_chiplet'}",2,2,4,1,3,4,hbm2,ucie_std,ucie_3d,1,0,ws,1,0,0
23,23.34527313704055,3349491.78,139358.40028659208,1291369849.3388345,475359.92542284075,297182.7021139365,23,1.3653681800824635,3.1172648505374996,512,96x96,10,0.378988,1.11875,256,64x64,7,11.481175603606792,15.979573171754398,2048,192x192,14,3.3193280905479132,5.538366334949999,3072,128x128,10,2.597993382379395,3.8395579270749995,512,96x96,14,1.578984604787535,1.7054115854749998,768,64x64,14,2.5d_3d,"{'from': 'Chiplet_3', 'to': 'Chiplet_2', 'connection_type': '3d_hyb_bond', 'loc': 'stack0_base'},{'from': 'Chiplet_2', 'to': 'na', 'connection_type': '3d_hyb_bond', 'loc': 'stack0_top'},{'from': 'Chiplet_3', 'to': 'Chiplet_5', 'connection_type': '2.5d_emib', 'loc': '2.5d_chiplet'},{'from': 'Chiplet_3', 'to': 'Chiplet_4', 'connection_type': '2.5d_emib', 'loc': '2.5d_chiplet'},{'from': 'Chiplet_4', 'to': 'Chiplet_5', 'connection_type': '2.5d_emib', 'loc': '2.5d_chiplet'},{'from': 'Chiplet_4', 'to': 'Chiplet_3', 'connection_type': '2.5d_emib', 'loc': '2.5d_chiplet'},{'from': 'Chiplet_4', 'to': 'Chiplet_1', 'connection_type': '2.5d_emib', 'loc': '2.5d_chiplet'},{'from': 'Chiplet_4', 'to': 'Chiplet_6', 'connection_type': '2.5d_emib', 'loc': '2.5d_chiplet'},{'from': 'Chiplet_1', 'to': 'Chiplet_6', 'connection_type': '2.5d_emib', 'loc': '2.5d_chiplet'},{'from': 'Chiplet_1', 'to': 'Chiplet_4', 'connection_type': '2.5d_emib', 'loc': '2.5d_chiplet'},{'from': 'Chiplet_5', 'to': 'Chiplet_3', 'connection_type': '2.5d_emib', 'loc': '2.5d_chiplet'},{'from': 'Chiplet_5', 'to': 'Chiplet_6', 'connection_type': '2.5d_emib', 'loc': '2.5d_chiplet'},{'from': 'Chiplet_5', 'to': 'Chiplet_4', 'connection_type': '2.5d_emib', 'loc': '2.5d_chiplet'},{'from': 'Chiplet_6', 'to': 'Chiplet_5', 'connection_type': '2.5d_emib', 'loc': '2.5d_chiplet'},{'from': 'Chiplet_6', 'to': 'Chiplet_1', 'connection_type': '2.5d_emib', 'loc': '2.5d_chiplet'},{'from': 'Chiplet_6', 'to': 'Chiplet_4', 'connection_type': '2.5d_emib', 'loc': '2.5d_chiplet'}",1,1,9,2,2,1,hbm3,aib,ucie_3d,1,0,os,1,0,0
24,13.004442280972308,1810157.16,41099.75316001859,1851423283.8805692,91387.0195599022,60663.71157995922,24,5.656782838920179,6.821646341899999,2048,128x128,14,1.743774000637535,1.7054115854749998,1024,64x64,14,0.957922696,2.51875,1024,96x96,7,1.4141952089375351,1.7054115854749998,512,64x64,14,0.916436759447044,1.3845915837374998,1024,64x64,10,1.4141952089375351,1.7054115854749998,512,64x64,14,2.5d_3d,"{'from': 'Chiplet_3', 'to': 'Chiplet_5', 'connection_type': '3d_u_bump', 'loc': 'stack0_base'},{'from': 'Chiplet_5', 'to': 'na', 'connection_type': '3d_u_bump', 'loc': 'stack0_top'},{'from': 'Chiplet_1', 'to': 'Chiplet_2', 'connection_type': '2.5d_rdl', 'loc': '2.5d_chiplet'},{'from': 'Chiplet_1', 'to': 'Chiplet_4', 'connection_type': '2.5d_rdl', 'loc': '2.5d_chiplet'},{'from': 'Chiplet_2', 'to': 'Chiplet_3', 'connection_type': '2.5d_rdl', 'loc': '2.5d_chiplet'},{'from': 'Chiplet_2', 'to': 'Chiplet_1', 'connection_type': '2.5d_rdl', 'loc': '2.5d_chiplet'},{'from': 'Chiplet_2', 'to': 'Chiplet_4', 'connection_type': '2.5d_rdl', 'loc': '2.5d_chiplet'},{'from': 'Chiplet_3', 'to': 'Chiplet_6', 'connection_type': '2.5d_rdl', 'loc': '2.5d_chiplet'},{'from': 'Chiplet_3', 'to': 'Chiplet_2', 'connection_type': '2.5d_rdl', 'loc': '2.5d_chiplet'},{'from': 'Chiplet_4', 'to': 'Chiplet_1', 'connection_type': '2.5d_rdl', 'loc': '2.5d_chiplet'},{'from': 'Chiplet_4', 'to': 'Chiplet_6', 'connection_type': '2.5d_rdl', 'loc': '2.5d_chiplet'},{'from': 'Chiplet_4', 'to': 'Chiplet_2', 'connection_type': '2.5d_rdl', 'loc': '2.5d_chiplet'},{'from': 'Chiplet_6', 'to': 'Chiplet_3', 'connection_type': '2.5d_rdl', 'loc': '2.5d_chiplet'},{'from': 'Chiplet_6', 'to': 'Chiplet_4', 'connection_type': '2.5d_rdl', 'loc': '2.5d_chiplet'}",8,2,1,2,1,2,hbm3,ucie_std,ucie_3d,1,0,os,0,0,0
25,13.21569972540638,1671476.69,151243.15497380504,2914699051.8267555,479051.5581498493,229864.7759108093,25,3.432469952,10.4826,2048,192x192,7,0.552198,1.11875,768,64x64,7,1.86237254,4.475,2048,128x128,7,0.552198,1.11875,768,64x64,7,1.578984604787535,1.7054115854749998,768,64x64,14,0.378988,1.11875,256,64x64,7,2.5d,"{'from': 'Chiplet_1', 'to': 'Chiplet_5', 'connection_type': '2.5d_emib', 'loc': '2.5d_chiplet'},{'from': 'Chiplet_1', 'to': 'Chiplet_3', 'connection_type': '2.5d_emib', 'loc': '2.5d_chiplet'},{'from': 'Chiplet_1', 'to': 'Chiplet_6', 'connection_type': '2.5d_emib', 'loc': '2.5d_chiplet'},{'from': 'Chiplet_1', 'to': 'Chiplet_2', 'connection_type': '2.5d_emib', 'loc': '2.5d_chiplet'},{'from': 'Chiplet_2', 'to': 'Chiplet_1', 'connection_type': '2.5d_emib', 'loc': '2.5d_chiplet'},{'from': 'Chiplet_2', 'to': 'Chiplet_6', 'connection_type': '2.5d_emib', 'loc': '2.5d_chiplet'},{'from': 'Chiplet_6', 'to': 'Chiplet_1', 'connection_type': '2.5d_emib', 'loc': '2.5d_chiplet'},{'from': 'Chiplet_6', 'to': 'Chiplet_2', 'connection_type': '2.5d_emib', 'loc': '2.5d_chiplet'},{'from': 'Chiplet_3', 'to': 'Chiplet_5', 'connection_type': '2.5d_emib', 'loc': '2.5d_chiplet'},{'from': 'Chiplet_3', 'to': 'Chiplet_1', 'connection_type': '2.5d_emib', 'loc': '2.5d_chiplet'},{'from': 'Chiplet_3', 'to': 'Chiplet_4', 'connection_type': '2.5d_emib', 'loc': '2.5d_chiplet'},{'from': 'Chiplet_5', 'to': 'Chiplet_3', 'connection_type': '2.5d_emib', 'loc': '2.5d_chiplet'},{'from': 'Chiplet_5', 'to': 'Chiplet_1', 'connection_type': '2.5d_emib', 'loc': '2.5d_chiplet'},{'from': 'Chiplet_5', 'to': 'Chiplet_4', 'connection_type': '2.5d_emib', 'loc': '2.5d_chiplet'},{'from': 'Chiplet_4', 'to': 'Chiplet_5', 'connection_type': '2.5d_emib', 'loc': '2.5d_chiplet'},{'from': 'Chiplet_4', 'to': 'Chiplet_3', 'connection_type': '2.5d_emib', 'loc': '2.5d_chiplet'}",3,1,1,1,1,1,ddr5,aib,na,1,0,is,1,0,0
26,50.515862905368635,4392973.37,189861.6935022166,4615671668.728903,279829.8615769016,295863.682129825,26,6.975099908490179,6.821646341899999,4096,128x128,14,2.6264880905479133,5.538366334949999,1024,128x128,10,6.315940422320179,6.821646341899999,3072,128x128,14,0.829831759447044,1.3845915837374998,768,64x64,10,14.117807839976791,15.979573171754398,6144,192x192,14,1.51595254,4.475,1024,128x128,7,2.5d,"{'from': 'Chiplet_5', 'to': 'Chiplet_3', 'connection_type': '2.5d_emib', 'loc': '2.5d_chiplet'},{'from': 'Chiplet_5', 'to': 'Chiplet_1', 'connection_type': '2.5d_emib', 'loc': '2.5d_chiplet'},{'from': 'Chiplet_5', 'to': 'Chiplet_6', 'connection_type': '2.5d_emib', 'loc': '2.5d_chiplet'},{'from': 'Chiplet_5', 'to': 'Chiplet_4', 'connection_type': '2.5d_emib', 'loc': '2.5d_chiplet'},{'from': 'Chiplet_6', 'to': 'Chiplet_5', 'connection_type': '2.5d_emib', 'loc': '2.5d_chiplet'},{'from': 'Chiplet_6', 'to': 'Chiplet_4', 'connection_type': '2.5d_emib', 'loc': '2.5d_chiplet'},{'from': 'Chiplet_4', 'to': 'Chiplet_5', 'connection_type': '2.5d_emib', 'loc': '2.5d_chiplet'},{'from': 'Chiplet_4', 'to': 'Chiplet_6', 'connection_type': '2.5d_emib', 'loc': '2.5d_chiplet'},{'from': 'Chiplet_1', 'to': 'Chiplet_5', 'connection_type': '2.5d_emib', 'loc': '2.5d_chiplet'},{'from': 'Chiplet_1', 'to': 'Chiplet_2', 'connection_type': '2.5d_emib', 'loc': '2.5d_chiplet'},{'from': 'Chiplet_1', 'to': 'Chiplet_3', 'connection_type': '2.5d_emib', 'loc': '2.5d_chiplet'},{'from': 'Chiplet_3', 'to': 'Chiplet_5', 'connection_type': '2.5d_emib', 'loc': '2.5d_chiplet'},{'from': 'Chiplet_3', 'to': 'Chiplet_1', 'connection_type': '2.5d_emib', 'loc': '2.5d_chiplet'},{'from': 'Chiplet_3', 'to': 'Chiplet_2', 'connection_type': '2.5d_emib', 'loc': '2.5d_chiplet'},{'from': 'Chiplet_2', 'to': 'Chiplet_3', 'connection_type': '2.5d_emib', 'loc': '2.5d_chiplet'},{'from': 'Chiplet_2', 'to': 'Chiplet_1', 'connection_type': '2.5d_emib', 'loc': '2.5d_chiplet'}",1,1,1,1,3,1,ddr4,ucie_adv,na,0,0,os,1,0,0
27,66.07287522543514,6654920.04,126585.92843099807,2163739928.6173887,38055.14041514041,79105.69530871455,27,8.112421457366196,12.973514847541198,8192,192x192,10,3.432469952,10.4826,2048,192x192,7,1.7117881800824635,3.1172648505374996,1536,96x96,10,5.656782838920179,6.821646341899999,2048,128x128,14,14.117807839976791,15.979573171754398,6144,192x192,14,6.315940422320179,6.821646341899999,3072,128x128,14,2.5d,"{'from': 'Chiplet_5', 'to': 'Chiplet_1', 'connection_type': '2.5d_rdl', 'loc': '2.5d_chiplet'},{'from': 'Chiplet_5', 'to': 'Chiplet_4', 'connection_type': '2.5d_rdl', 'loc': '2.5d_chiplet'},{'from': 'Chiplet_4', 'to': 'Chiplet_5', 'connection_type': '2.5d_rdl', 'loc': '2.5d_chiplet'},{'from': 'Chiplet_4', 'to': 'Chiplet_1', 'connection_type': '2.5d_rdl', 'loc': '2.5d_chiplet'},{'from': 'Chiplet_4', 'to': 'Chiplet_6', 'connection_type': '2.5d_rdl', 'loc': '2.5d_chiplet'},{'from': 'Chiplet_1', 'to': 'Chiplet_5', 'connection_type': '2.5d_rdl', 'loc': '2.5d_chiplet'},{'from': 'Chiplet_1', 'to': 'Chiplet_2', 'connection_type': '2.5d_rdl', 'loc': '2.5d_chiplet'},{'from': 'Chiplet_1', 'to': 'Chiplet_6', 'connection_type': '2.5d_rdl', 'loc': '2.5d_chiplet'},{'from': 'Chiplet_1', 'to': 'Chiplet_4', 'connection_type': '2.5d_rdl', 'loc': '2.5d_chiplet'},{'from': 'Chiplet_1', 'to': 'Chiplet_3', 'connection_type': '2.5d_rdl', 'loc': '2.5d_chiplet'},{'from': 'Chiplet_3', 'to': 'Chiplet_1', 'connection_type': '2.5d_rdl', 'loc': '2.5d_chiplet'},{'from': 'Chiplet_3', 'to': 'Chiplet_2', 'connection_type': '2.5d_rdl', 'loc': '2.5d_chiplet'},{'from': 'Chiplet_6', 'to': 'Chiplet_1', 'connection_type': '2.5d_rdl', 'loc': '2.5d_chiplet'},{'from': 'Chiplet_6', 'to': 'Chiplet_2', 'connection_type': '2.5d_rdl', 'loc': '2.5d_chiplet'},{'from': 'Chiplet_6', 'to': 'Chiplet_4', 'connection_type': '2.5d_rdl', 'loc': '2.5d_chiplet'},{'from': 'Chiplet_2', 'to': 'Chiplet_3', 'connection_type': '2.5d_rdl', 'loc': '2.5d_chiplet'},{'from': 'Chiplet_2', 'to': 'Chiplet_1', 'connection_type': '2.5d_rdl', 'loc': '2.5d_chiplet'},{'from': 'Chiplet_2', 'to': 'Chiplet_6', 'connection_type': '2.5d_rdl', 'loc': '2.5d_chiplet'}",3,1,1,2,6,3,hbm3,ucie_std,na,0,0,os,0,0,0
28,41.13570719306565,3642374.4,88458.73236976116,6609455402.099194,99433.78378378379,196020.4264061589,28,1.5385781800824634,3.1172648505374996,1024,96x96,10,11.481175603606792,15.979573171754398,2048,192x192,14,1.743774000637535,1.7054115854749998,1024,64x64,14,1.7117881800824635,3.1172648505374996,1536,96x96,10,7.419580457366196,12.973514847541198,6144,192x192,10,3.5867297574793953,3.8395579270749995,2048,96x96,14,2.5d,"{'from': 'Chiplet_2', 'to': 'Chiplet_5', 'connection_type': '2.5d_rdl', 'loc': '2.5d_chiplet'},{'from': 'Chiplet_2', 'to': 'Chiplet_6', 'connection_type': '2.5d_rdl', 'loc': '2.5d_chiplet'},{'from': 'Chiplet_2', 'to': 'Chiplet_4', 'connection_type': '2.5d_rdl', 'loc': '2.5d_chiplet'},{'from': 'Chiplet_4', 'to': 'Chiplet_6', 'connection_type': '2.5d_rdl', 'loc': '2.5d_chiplet'},{'from': 'Chiplet_4', 'to': 'Chiplet_2', 'connection_type': '2.5d_rdl', 'loc': '2.5d_chiplet'},{'from': 'Chiplet_5', 'to': 'Chiplet_3', 'connection_type': '2.5d_rdl', 'loc': '2.5d_chiplet'},{'from': 'Chiplet_5', 'to': 'Chiplet_6', 'connection_type': '2.5d_rdl', 'loc': '2.5d_chiplet'},{'from': 'Chiplet_5', 'to': 'Chiplet_2', 'connection_type': '2.5d_rdl', 'loc': '2.5d_chiplet'},{'from': 'Chiplet_6', 'to': 'Chiplet_5', 'connection_type': '2.5d_rdl', 'loc': '2.5d_chiplet'},{'from': 'Chiplet_6', 'to': 'Chiplet_1', 'connection_type': '2.5d_rdl', 'loc': '2.5d_chiplet'},{'from': 'Chiplet_6', 'to': 'Chiplet_2', 'connection_type': '2.5d_rdl', 'loc': '2.5d_chiplet'},{'from': 'Chiplet_6', 'to': 'Chiplet_4', 'connection_type': '2.5d_rdl', 'loc': '2.5d_chiplet'},{'from': 'Chiplet_6', 'to': 'Chiplet_3', 'connection_type': '2.5d_rdl', 'loc': '2.5d_chiplet'},{'from': 'Chiplet_3', 'to': 'Chiplet_5', 'connection_type': '2.5d_rdl', 'loc': '2.5d_chiplet'},{'from': 'Chiplet_3', 'to': 'Chiplet_1', 'connection_type': '2.5d_rdl', 'loc': '2.5d_chiplet'},{'from': 'Chiplet_3', 'to': 'Chiplet_6', 'connection_type': '2.5d_rdl', 'loc': '2.5d_chiplet'},{'from': 'Chiplet_1', 'to': 'Chiplet_3', 'connection_type': '2.5d_rdl', 'loc': '2.5d_chiplet'},{'from': 'Chiplet_1', 'to': 'Chiplet_6', 'connection_type': '2.5d_rdl', 'loc': '2.5d_chiplet'}",1,3,1,1,1,1,ddr4,ucie_std,na,1,0,is,0,0,0
29,28.63088407191469,3313102.83,85430.4150936561,3458753954.26181,662104.4410694008,494470.1033428422,29,2.597993382379395,3.8395579270749995,512,96x96,14,6.726740457366197,12.973514847541198,4096,192x192,10,5.5109919519999995,10.4826,8192,192x192,7,1.304342696,2.51875,2048,96x96,7,2.20879254,4.475,3072,128x128,7,0.378988,1.11875,256,64x64,7,2.5d,"{'from': 'Chiplet_2', 'to': 'Chiplet_5', 'connection_type': '2.5d_rdl', 'loc': '2.5d_chiplet'},{'from': 'Chiplet_2', 'to': 'Chiplet_3', 'connection_type': '2.5d_rdl', 'loc': '2.5d_chiplet'},{'from': 'Chiplet_2', 'to': 'Chiplet_1', 'connection_type': '2.5d_rdl', 'loc': '2.5d_chiplet'},{'from': 'Chiplet_2', 'to': 'Chiplet_6', 'connection_type': '2.5d_rdl', 'loc': '2.5d_chiplet'},{'from': 'Chiplet_5', 'to': 'Chiplet_6', 'connection_type': '2.5d_rdl', 'loc': '2.5d_chiplet'},{'from': 'Chiplet_5', 'to': 'Chiplet_2', 'connection_type': '2.5d_rdl', 'loc': '2.5d_chiplet'},{'from': 'Chiplet_6', 'to': 'Chiplet_5', 'connection_type': '2.5d_rdl', 'loc': '2.5d_chiplet'},{'from': 'Chiplet_6', 'to': 'Chiplet_2', 'connection_type': '2.5d_rdl', 'loc': '2.5d_chiplet'},{'from': 'Chiplet_3', 'to': 'Chiplet_1', 'connection_type': '2.5d_rdl', 'loc': '2.5d_chiplet'},{'from': 'Chiplet_3', 'to': 'Chiplet_2', 'connection_type': '2.5d_rdl', 'loc': '2.5d_chiplet'},{'from': 'Chiplet_3', 'to': 'Chiplet_4', 'connection_type': '2.5d_rdl', 'loc': '2.5d_chiplet'},{'from': 'Chiplet_1', 'to': 'Chiplet_3', 'connection_type': '2.5d_rdl', 'loc': '2.5d_chiplet'},{'from': 'Chiplet_1', 'to': 'Chiplet_2', 'connection_type': '2.5d_rdl', 'loc': '2.5d_chiplet'},{'from': 'Chiplet_1', 'to': 'Chiplet_4', 'connection_type': '2.5d_rdl', 'loc': '2.5d_chiplet'},{'from': 'Chiplet_4', 'to': 'Chiplet_3', 'connection_type': '2.5d_rdl', 'loc': '2.5d_chiplet'},{'from': 'Chiplet_4', 'to': 'Chiplet_1', 'connection_type': '2.5d_rdl', 'loc': '2.5d_chiplet'}",1,2,2,1,1,1,ddr5,ucie_std,na,1,0,ws,1,0,0
30,30.102816045704497,4567373.92,93595.90209971924,2014480403.756248,475542.0822675468,368783.71858552966,30,5.5109919519999995,10.4826,8192,192x192,7,2.20879254,4.475,3072,128x128,7,1.5385781800824634,3.1172648505374996,1024,96x96,10,12.799492673176792,15.979573171754398,4096,192x192,14,0.656621759447044,1.3845915837374998,256,64x64,10,1.131132696,2.51875,1536,96x96,7,2.5d_3d,"{'from': 'Chiplet_3', 'to': 'Chiplet_6', 'connection_type': '3d_tsv', 'loc': 'stack0_base'},{'from': 'Chiplet_6', 'to': 'Chiplet_5', 'connection_type': '3d_tsv', 'loc': 'stack0_middle1'},{'from': 'Chiplet_5', 'to': 'na', 'connection_type': '3d_tsv', 'loc': 'stack0_top'},{'from': 'Chiplet_4', 'to': 'Chiplet_1', 'connection_type': '2.5d_rdl', 'loc': '2.5d_chiplet'},{'from': 'Chiplet_4', 'to': 'Chiplet_2', 'connection_type': '2.5d_rdl', 'loc': '2.5d_chiplet'},{'from': 'Chiplet_1', 'to': 'Chiplet_3', 'connection_type': '2.5d_rdl', 'loc': '2.5d_chiplet'},{'from': 'Chiplet_1', 'to': 'Chiplet_2', 'connection_type': '2.5d_rdl', 'loc': '2.5d_chiplet'},{'from': 'Chiplet_1', 'to': 'Chiplet_4', 'connection_type': '2.5d_rdl', 'loc': '2.5d_chiplet'},{'from': 'Chiplet_2', 'to': 'Chiplet_3', 'connection_type': '2.5d_rdl', 'loc': '2.5d_chiplet'},{'from': 'Chiplet_2', 'to': 'Chiplet_1', 'connection_type': '2.5d_rdl', 'loc': '2.5d_chiplet'},{'from': 'Chiplet_2', 'to': 'Chiplet_4', 'connection_type': '2.5d_rdl', 'loc': '2.5d_chiplet'},{'from': 'Chiplet_3', 'to': 'Chiplet_1', 'connection_type': '2.5d_rdl', 'loc': '2.5d_chiplet'},{'from': 'Chiplet_3', 'to': 'Chiplet_2', 'connection_type': '2.5d_rdl', 'loc': '2.5d_chiplet'}",4,1,1,8,1,1,hbm2,ucie_std,ucie_3d,1,0,ws,1,0,0
31,22.943110907220564,2757337.22,70480.87742770105,3915137876.695175,690342.6911439918,468878.4470162817,31,0.743226759447044,1.3845915837374998,512,64x64,10,11.481175603606792,15.979573171754398,2048,192x192,14,0.957922696,2.51875,1024,96x96,7,1.51595254,4.475,1024,128x128,7,2.6264880905479133,5.538366334949999,1024,128x128,10,0.743226759447044,1.3845915837374998,512,64x64,10,2.5d_3d,"{'from': 'Chiplet_5', 'to': 'Chiplet_4', 'connection_type': '3d_hyb_bond', 'loc': 'stack0_base'},{'from': 'Chiplet_4', 'to': 'Chiplet_6', 'connection_type': '3d_hyb_bond', 'loc': 'stack0_middle1'},{'from': 'Chiplet_6', 'to': 'Chiplet_1', 'connection_type': '3d_hyb_bond', 'loc': 'stack0_middle2'},{'from': 'Chiplet_1', 'to': 'na', 'connection_type': '3d_hyb_bond', 'loc': 'stack0_top'},{'from': 'Chiplet_2', 'to': 'Chiplet_5', 'connection_type': '2.5d_rdl', 'loc': '2.5d_chiplet'},{'from': 'Chiplet_2', 'to': 'Chiplet_3', 'connection_type': '2.5d_rdl', 'loc': '2.5d_chiplet'},{'from': 'Chiplet_5', 'to': 'Chiplet_3', 'connection_type': '2.5d_rdl', 'loc': '2.5d_chiplet'},{'from': 'Chiplet_5', 'to': 'Chiplet_2', 'connection_type': '2.5d_rdl', 'loc': '2.5d_chiplet'},{'from': 'Chiplet_3', 'to': 'Chiplet_5', 'connection_type': '2.5d_rdl', 'loc': '2.5d_chiplet'},{'from': 'Chiplet_3', 'to': 'Chiplet_2', 'connection_type': '2.5d_rdl', 'loc': '2.5d_chiplet'}",1,3,1,1,1,1,ddr4,ucie_std,ucie_3d,1,0,os,1,0,0
32,16.34014423628256,3332605.93,126303.13105525967,1782401629.4961135,350434.08620234585,207347.14009918884,32,2.597993382379395,3.8395579270749995,512,96x96,14,0.743226759447044,1.3845915837374998,512,64x64,10,0.743226759447044,1.3845915837374998,512,64x64,10,3.3193280905479132,5.538366334949999,3072,128x128,10,1.86237254,4.475,2048,128x128,7,5.5109919519999995,10.4826,8192,192x192,7,2.5d_3d,"{'from': 'Chiplet_5', 'to': 'Chiplet_3', 'connection_type': '3d_hyb_bond', 'loc': 'stack0_base'},{'from': 'Chiplet_3', 'to': 'Chiplet_2', 'connection_type': '3d_hyb_bond', 'loc': 'stack0_middle1'},{'from': 'Chiplet_2', 'to': 'na', 'connection_type': '3d_hyb_bond', 'loc': 'stack0_top'},{'from': 'Chiplet_6', 'to': 'Chiplet_5', 'connection_type': '2.5d_emib', 'loc': '2.5d_chiplet'},{'from': 'Chiplet_6', 'to': 'Chiplet_1', 'connection_type': '2.5d_emib', 'loc': '2.5d_chiplet'},{'from': 'Chiplet_6', 'to': 'Chiplet_4', 'connection_type': '2.5d_emib', 'loc': '2.5d_chiplet'},{'from': 'Chiplet_5', 'to': 'Chiplet_1', 'connection_type': '2.5d_emib', 'loc': '2.5d_chiplet'},{'from': 'Chiplet_5', 'to': 'Chiplet_6', 'connection_type': '2.5d_emib', 'loc': '2.5d_chiplet'},{'from': 'Chiplet_4', 'to': 'Chiplet_1', 'connection_type': '2.5d_emib', 'loc': '2.5d_chiplet'},{'from': 'Chiplet_4', 'to': 'Chiplet_6', 'connection_type': '2.5d_emib', 'loc': '2.5d_chiplet'},{'from': 'Chiplet_1', 'to': 'Chiplet_5', 'connection_type': '2.5d_emib', 'loc': '2.5d_chiplet'},{'from': 'Chiplet_1', 'to': 'Chiplet_6', 'connection_type': '2.5d_emib', 'loc': '2.5d_chiplet'},{'from': 'Chiplet_1', 'to': 'Chiplet_4', 'connection_type': '2.5d_emib', 'loc': '2.5d_chiplet'}",3,1,1,3,2,6,hbm2,aib,ucie_3d,1,0,ws,1,0,0
33,30.31376974725826,3555378.19,183759.010088944,6724115789.528105,130524.08585055644,220446.03552597878,33,8.112421457366196,12.973514847541198,8192,192x192,10,0.656621759447044,1.3845915837374998,256,64x64,10,1.4141952089375351,1.7054115854749998,512,64x64,14,6.726740457366197,12.973514847541198,4096,192x192,10,1.51595254,4.475,1024,128x128,7,6.975099908490179,6.821646341899999,4096,128x128,14,2.5d,"{'from': 'Chiplet_1', 'to': 'Chiplet_5', 'connection_type': '2.5d_emib', 'loc': '2.5d_chiplet'},{'from': 'Chiplet_1', 'to': 'Chiplet_6', 'connection_type': '2.5d_emib', 'loc': '2.5d_chiplet'},{'from': 'Chiplet_1', 'to': 'Chiplet_4', 'connection_type': '2.5d_emib', 'loc': '2.5d_chiplet'},{'from': 'Chiplet_1', 'to': 'Chiplet_3', 'connection_type': '2.5d_emib', 'loc': '2.5d_chiplet'},{'from': 'Chiplet_5', 'to': 'Chiplet_3', 'connection_type': '2.5d_emib', 'loc': '2.5d_chiplet'},{'from': 'Chiplet_5', 'to': 'Chiplet_1', 'connection_type': '2.5d_emib', 'loc': '2.5d_chiplet'},{'from': 'Chiplet_5', 'to': 'Chiplet_2', 'connection_type': '2.5d_emib', 'loc': '2.5d_chiplet'},{'from': 'Chiplet_3', 'to': 'Chiplet_5', 'connection_type': '2.5d_emib', 'loc': '2.5d_chiplet'},{'from': 'Chiplet_3', 'to': 'Chiplet_1', 'connection_type': '2.5d_emib', 'loc': '2.5d_chiplet'},{'from': 'Chiplet_3', 'to': 'Chiplet_2', 'connection_type': '2.5d_emib', 'loc': '2.5d_chiplet'},{'from': 'Chiplet_2', 'to': 'Chiplet_5', 'connection_type': '2.5d_emib', 'loc': '2.5d_chiplet'},{'from': 'Chiplet_2', 'to': 'Chiplet_3', 'connection_type': '2.5d_emib', 'loc': '2.5d_chiplet'},{'from': 'Chiplet_6', 'to': 'Chiplet_1', 'connection_type': '2.5d_emib', 'loc': '2.5d_chiplet'},{'from': 'Chiplet_6', 'to': 'Chiplet_4', 'connection_type': '2.5d_emib', 'loc': '2.5d_chiplet'},{'from': 'Chiplet_4', 'to': 'Chiplet_1', 'connection_type': '2.5d_emib', 'loc': '2.5d_chiplet'},{'from': 'Chiplet_4', 'to': 'Chiplet_6', 'connection_type': '2.5d_emib', 'loc': '2.5d_chiplet'}",2,1,1,1,1,2,ddr4,aib,na,1,0,is,0,0,0
34,45.16919767182185,4602750.99,105710.16241019579,4430465196.123011,423697.6405756111,433027.77771431446,34,1.86237254,4.475,2048,128x128,7,11.481175603606792,15.979573171754398,2048,192x192,14,1.86237254,4.475,2048,128x128,7,14.117807839976791,15.979573171754398,6144,192x192,14,1.7117881800824635,3.1172648505374996,1536,96x96,10,0.552198,1.11875,768,64x64,7,2.5d_3d,"{'from': 'Chiplet_4', 'to': 'Chiplet_5', 'connection_type': '3d_tsv', 'loc': 'stack0_base'},{'from': 'Chiplet_5', 'to': 'na', 'connection_type': '3d_tsv', 'loc': 'stack0_top'},{'from': 'Chiplet_4', 'to': 'Chiplet_1', 'connection_type': '2.5d_rdl', 'loc': '2.5d_chiplet'},{'from': 'Chiplet_4', 'to': 'Chiplet_2', 'connection_type': '2.5d_rdl', 'loc': '2.5d_chiplet'},{'from': 'Chiplet_4', 'to': 'Chiplet_6', 'connection_type': '2.5d_rdl', 'loc': '2.5d_chiplet'},{'from': 'Chiplet_6', 'to': 'Chiplet_1', 'connection_type': '2.5d_rdl', 'loc': '2.5d_chiplet'},{'from': 'Chiplet_6', 'to': 'Chiplet_4', 'connection_type': '2.5d_rdl', 'loc': '2.5d_chiplet'},{'from': 'Chiplet_2', 'to': 'Chiplet_3', 'connection_type': '2.5d_rdl', 'loc': '2.5d_chiplet'},{'from': 'Chiplet_2', 'to': 'Chiplet_1', 'connection_type': '2.5d_rdl', 'loc': '2.5d_chiplet'},{'from': 'Chiplet_2', 'to': 'Chiplet_4', 'connection_type': '2.5d_rdl', 'loc': '2.5d_chiplet'},{'from': 'Chiplet_1', 'to': 'Chiplet_3', 'connection_type': '2.5d_rdl', 'loc': '2.5d_chiplet'},{'from': 'Chiplet_1', 'to': 'Chiplet_6', 'connection_type': '2.5d_rdl', 'loc': '2.5d_chiplet'},{'from': 'Chiplet_1', 'to': 'Chiplet_4', 'connection_type': '2.5d_rdl', 'loc': '2.5d_chiplet'},{'from': 'Chiplet_1', 'to': 'Chiplet_2', 'connection_type': '2.5d_rdl', 'loc': '2.5d_chiplet'},{'from': 'Chiplet_3', 'to': 'Chiplet_1', 'connection_type': '2.5d_rdl', 'loc': '2.5d_chiplet'},{'from': 'Chiplet_3', 'to': 'Chiplet_2', 'connection_type': '2.5d_rdl', 'loc': '2.5d_chiplet'}",1,2,1,2,1,1,ddr4,ucie_std,ucie_3d,1,0,os,1,0,0
35,28.78507854472343,3663801.45,86882.35749078632,5147670102.436899,117383.16262472743,169126.34833636746,35,7.419580457366196,12.973514847541198,6144,192x192,10,6.975099908490179,6.821646341899999,4096,128x128,14,1.4141952089375351,1.7054115854749998,512,64x64,14,6.315940422320179,6.821646341899999,3072,128x128,14,1.4141952089375351,1.7054115854749998,512,64x64,14,2.55521354,4.475,4096,128x128,7,2.5d_3d,"{'from': 'Chiplet_2', 'to': 'Chiplet_6', 'connection_type': '3d_u_bump', 'loc': 'stack0_base'},{'from': 'Chiplet_6', 'to': 'na', 'connection_type': '3d_u_bump', 'loc': 'stack0_top'},{'from': 'Chiplet_1', 'to': 'Chiplet_5', 'connection_type': '2.5d_rdl', 'loc': '2.5d_chiplet'},{'from': 'Chiplet_1', 'to': 'Chiplet_3', 'connection_type': '2.5d_rdl', 'loc': '2.5d_chiplet'},{'from': 'Chiplet_1', 'to': 'Chiplet_2', 'connection_type': '2.5d_rdl', 'loc': '2.5d_chiplet'},{'from': 'Chiplet_3', 'to': 'Chiplet_5', 'connection_type': '2.5d_rdl', 'loc': '2.5d_chiplet'},{'from': 'Chiplet_3', 'to': 'Chiplet_1', 'connection_type': '2.5d_rdl', 'loc': '2.5d_chiplet'},{'from': 'Chiplet_5', 'to': 'Chiplet_3', 'connection_type': '2.5d_rdl', 'loc': '2.5d_chiplet'},{'from': 'Chiplet_5', 'to': 'Chiplet_1', 'connection_type': '2.5d_rdl', 'loc': '2.5d_chiplet'},{'from': 'Chiplet_5', 'to': 'Chiplet_4', 'connection_type': '2.5d_rdl', 'loc': '2.5d_chiplet'},{'from': 'Chiplet_2', 'to': 'Chiplet_1', 'connection_type': '2.5d_rdl', 'loc': '2.5d_chiplet'},{'from': 'Chiplet_2', 'to': 'Chiplet_4', 'connection_type': '2.5d_rdl', 'loc': '2.5d_chiplet'},{'from': 'Chiplet_4', 'to': 'Chiplet_5', 'connection_type': '2.5d_rdl', 'loc': '2.5d_chiplet'},{'from': 'Chiplet_4', 'to': 'Chiplet_2', 'connection_type': '2.5d_rdl', 'loc': '2.5d_chiplet'}",2,2,1,1,1,1,ddr5,ucie_std,ucie_3d,0,0,is,0,0,0
36,15.202896595771485,2524753.16,56210.54277541809,2314694242.8516293,76412.90909090909,75839.52656845094,36,1.743774000637535,1.7054115854749998,1024,64x64,14,1.249405813087535,1.7054115854749998,256,64x64,14,0.638803,1.11875,1024,64x64,7,1.86237254,4.475,2048,128x128,7,1.4141952089375351,1.7054115854749998,512,64x64,14,7.419580457366196,12.973514847541198,6144,192x192,10,2.5d_3d,"{'from': 'Chiplet_2', 'to': 'Chiplet_3', 'connection_type': '3d_tsv', 'loc': 'stack0_base'},{'from': 'Chiplet_3', 'to': 'na', 'connection_type': '3d_tsv', 'loc': 'stack0_top'},{'from': 'Chiplet_6', 'to': 'Chiplet_1', 'connection_type': '2.5d_rdl', 'loc': '2.5d_chiplet'},{'from': 'Chiplet_6', 'to': 'Chiplet_4', 'connection_type': '2.5d_rdl', 'loc': '2.5d_chiplet'},{'from': 'Chiplet_4', 'to': 'Chiplet_1', 'connection_type': '2.5d_rdl', 'loc': '2.5d_chiplet'},{'from': 'Chiplet_4', 'to': 'Chiplet_6', 'connection_type': '2.5d_rdl', 'loc': '2.5d_chiplet'},{'from': 'Chiplet_4', 'to': 'Chiplet_2', 'connection_type': '2.5d_rdl', 'loc': '2.5d_chiplet'},{'from': 'Chiplet_2', 'to': 'Chiplet_5', 'connection_type': '2.5d_rdl', 'loc': '2.5d_chiplet'},{'from': 'Chiplet_2', 'to': 'Chiplet_4', 'connection_type': '2.5d_rdl', 'loc': '2.5d_chiplet'},{'from': 'Chiplet_1', 'to': 'Chiplet_5', 'connection_type': '2.5d_rdl', 'loc': '2.5d_chiplet'},{'from': 'Chiplet_1', 'to': 'Chiplet_6', 'connection_type': '2.5d_rdl', 'loc': '2.5d_chiplet'},{'from': 'Chiplet_1', 'to': 'Chiplet_4', 'connection_type': '2.5d_rdl', 'loc': '2.5d_chiplet'},{'from': 'Chiplet_5', 'to': 'Chiplet_1', 'connection_type': '2.5d_rdl', 'loc': '2.5d_chiplet'},{'from': 'Chiplet_5', 'to': 'Chiplet_2', 'connection_type': '2.5d_rdl', 'loc': '2.5d_chiplet'}",2,1,1,2,2,8,hbm2,ucie_std,ucie_3d,0,0,os,0,0,0
37,37.395450809265654,3683369.08,183022.63375863872,5244543819.605437,58542.96658516707,136099.6136000668,37,7.419580457366196,12.973514847541198,6144,192x192,10,0.46559300000000003,1.11875,512,64x64,7,15.436124909546791,15.979573171754398,8192,192x192,14,1.3653681800824635,3.1172648505374996,512,96x96,10,0.46559300000000003,1.11875,512,64x64,7,0.957922696,2.51875,1024,96x96,7,2.5d,"{'from': 'Chiplet_3', 'to': 'Chiplet_5', 'connection_type': '2.5d_emib', 'loc': '2.5d_chiplet'},{'from': 'Chiplet_3', 'to': 'Chiplet_1', 'connection_type': '2.5d_emib', 'loc': '2.5d_chiplet'},{'from': 'Chiplet_3', 'to': 'Chiplet_4', 'connection_type': '2.5d_emib', 'loc': '2.5d_chiplet'},{'from': 'Chiplet_1', 'to': 'Chiplet_3', 'connection_type': '2.5d_emib', 'loc': '2.5d_chiplet'},{'from': 'Chiplet_1', 'to': 'Chiplet_6', 'connection_type': '2.5d_emib', 'loc': '2.5d_chiplet'},{'from': 'Chiplet_1', 'to': 'Chiplet_4', 'connection_type': '2.5d_emib', 'loc': '2.5d_chiplet'},{'from': 'Chiplet_4', 'to': 'Chiplet_5', 'connection_type': '2.5d_emib', 'loc': '2.5d_chiplet'},{'from': 'Chiplet_4', 'to': 'Chiplet_1', 'connection_type': '2.5d_emib', 'loc': '2.5d_chiplet'},{'from': 'Chiplet_4', 'to': 'Chiplet_6', 'connection_type': '2.5d_emib', 'loc': '2.5d_chiplet'},{'from': 'Chiplet_4', 'to': 'Chiplet_2', 'connection_type': '2.5d_emib', 'loc': '2.5d_chiplet'},{'from': 'Chiplet_4', 'to': 'Chiplet_3', 'connection_type': '2.5d_emib', 'loc': '2.5d_chiplet'},{'from': 'Chiplet_5', 'to': 'Chiplet_3', 'connection_type': '2.5d_emib', 'loc': '2.5d_chiplet'},{'from': 'Chiplet_5', 'to': 'Chiplet_4', 'connection_type': '2.5d_emib', 'loc': '2.5d_chiplet'},{'from': 'Chiplet_6', 'to': 'Chiplet_1', 'connection_type': '2.5d_emib', 'loc': '2.5d_chiplet'},{'from': 'Chiplet_6', 'to': 'Chiplet_2', 'connection_type': '2.5d_emib', 'loc': '2.5d_chiplet'},{'from': 'Chiplet_6', 'to': 'Chiplet_4', 'connection_type': '2.5d_emib', 'loc': '2.5d_chiplet'},{'from': 'Chiplet_2', 'to': 'Chiplet_6', 'connection_type': '2.5d_emib', 'loc': '2.5d_chiplet'},{'from': 'Chiplet_2', 'to': 'Chiplet_4', 'connection_type': '2.5d_emib', 'loc': '2.5d_chiplet'}",1,1,3,1,1,1,ddr5,aib,na,1,0,os,0,0,0
38,17.11043388579456,3713792.5,138011.82376739432,6592826645.553432,67915.58823529413,181394.59972465044,38,3.432469952,10.4826,2048,192x192,7,2.6264880905479133,5.538366334949999,1024,128x128,10,6.315940422320179,6.821646341899999,3072,128x128,14,12.799492673176792,15.979573171754398,4096,192x192,14,4.9976252555201786,6.821646341899999,1024,128x128,14,1.131132696,2.51875,1536,96x96,7,2.5d_3d,"{'from': 'Chiplet_4', 'to': 'Chiplet_3', 'connection_type': '3d_u_bump', 'loc': 'stack0_base'},{'from': 'Chiplet_3', 'to': 'Chiplet_5', 'connection_type': '3d_u_bump', 'loc': 'stack0_middle1'},{'from': 'Chiplet_5', 'to': 'Chiplet_1', 'connection_type': '3d_u_bump', 'loc': 'stack0_middle2'},{'from': 'Chiplet_1', 'to': 'Chiplet_2', 'connection_type': '3d_u_bump', 'loc': 'stack0_middle3'},{'from': 'Chiplet_2', 'to': 'na', 'connection_type': '3d_u_bump', 'loc': 'stack0_top'},{'from': 'Chiplet_4', 'to': 'Chiplet_6', 'connection_type': '2.5d_emib', 'loc': '2.5d_chiplet'},{'from': 'Chiplet_6', 'to': 'Chiplet_4', 'connection_type': '2.5d_emib', 'loc': '2.5d_chiplet'}",1,1,1,3,1,1,ddr4,bow,ucie_3d,0,0,os,0,0,0
39,31.591447922041656,2863565.04,163165.76524605846,6842771390.797327,91777.82193958663,173038.86164712033,39,2.927572174079395,3.8395579270749995,1024,96x96,14,8.112421457366196,12.973514847541198,8192,192x192,10,2.972908090547913,5.538366334949999,2048,128x128,10,0.829831759447044,1.3845915837374998,768,64x64,10,0.957922696,2.51875,1024,96x96,7,1.743774000637535,1.7054115854749998,1024,64x64,14,2.5d,"{'from': 'Chiplet_2', 'to': 'Chiplet_3', 'connection_type': '2.5d_emib', 'loc': '2.5d_chiplet'},{'from': 'Chiplet_2', 'to': 'Chiplet_4', 'connection_type': '2.5d_emib', 'loc': '2.5d_chiplet'},{'from': 'Chiplet_4', 'to': 'Chiplet_3', 'connection_type': '2.5d_emib', 'loc': '2.5d_chiplet'},{'from': 'Chiplet_4', 'to': 'Chiplet_1', 'connection_type': '2.5d_emib', 'loc': '2.5d_chiplet'},{'from': 'Chiplet_4', 'to': 'Chiplet_2', 'connection_type': '2.5d_emib', 'loc': '2.5d_chiplet'},{'from': 'Chiplet_3', 'to': 'Chiplet_5', 'connection_type': '2.5d_emib', 'loc': '2.5d_chiplet'},{'from': 'Chiplet_3', 'to': 'Chiplet_1', 'connection_type': '2.5d_emib', 'loc': '2.5d_chiplet'},{'from': 'Chiplet_3', 'to': 'Chiplet_2', 'connection_type': '2.5d_emib', 'loc': '2.5d_chiplet'},{'from': 'Chiplet_3', 'to': 'Chiplet_4', 'connection_type': '2.5d_emib', 'loc': '2.5d_chiplet'},{'from': 'Chiplet_5', 'to': 'Chiplet_3', 'connection_type': '2.5d_emib', 'loc': '2.5d_chiplet'},{'from': 'Chiplet_5', 'to': 'Chiplet_6', 'connection_type': '2.5d_emib', 'loc': '2.5d_chiplet'},{'from': 'Chiplet_1', 'to': 'Chiplet_3', 'connection_type': '2.5d_emib', 'loc': '2.5d_chiplet'},{'from': 'Chiplet_1', 'to': 'Chiplet_6', 'connection_type': '2.5d_emib', 'loc': '2.5d_chiplet'},{'from': 'Chiplet_1', 'to': 'Chiplet_4', 'connection_type': '2.5d_emib', 'loc': '2.5d_chiplet'},{'from': 'Chiplet_6', 'to': 'Chiplet_5', 'connection_type': '2.5d_emib', 'loc': '2.5d_chiplet'},{'from': 'Chiplet_6', 'to': 'Chiplet_1', 'connection_type': '2.5d_emib', 'loc': '2.5d_chiplet'}",1,3,1,1,1,1,ddr4,aib,na,0,0,os,0,0,0
40,51.71770186739988,6375065.09,214899.51586179613,2228163894.958994,626061.1197497399,652855.3333833134,40,5.5109919519999995,10.4826,8192,192x192,7,14.117807839976791,15.979573171754398,6144,192x192,14,5.656782838920179,6.821646341899999,2048,128x128,14,2.6264880905479133,5.538366334949999,1024,128x128,10,0.829831759447044,1.3845915837374998,768,64x64,10,8.112421457366196,12.973514847541198,8192,192x192,10,2.5d,"{'from': 'Chiplet_2', 'to': 'Chiplet_5', 'connection_type': '2.5d_emib', 'loc': '2.5d_chiplet'},{'from': 'Chiplet_2', 'to': 'Chiplet_3', 'connection_type': '2.5d_emib', 'loc': '2.5d_chiplet'},{'from': 'Chiplet_2', 'to': 'Chiplet_6', 'connection_type': '2.5d_emib', 'loc': '2.5d_chiplet'},{'from': 'Chiplet_2', 'to': 'Chiplet_4', 'connection_type': '2.5d_emib', 'loc': '2.5d_chiplet'},{'from': 'Chiplet_4', 'to': 'Chiplet_5', 'connection_type': '2.5d_emib', 'loc': '2.5d_chiplet'},{'from': 'Chiplet_4', 'to': 'Chiplet_2', 'connection_type': '2.5d_emib', 'loc': '2.5d_chiplet'},{'from': 'Chiplet_5', 'to': 'Chiplet_2', 'connection_type': '2.5d_emib', 'loc': '2.5d_chiplet'},{'from': 'Chiplet_5', 'to': 'Chiplet_4', 'connection_type': '2.5d_emib', 'loc': '2.5d_chiplet'},{'from': 'Chiplet_6', 'to': 'Chiplet_3', 'connection_type': '2.5d_emib', 'loc': '2.5d_chiplet'},{'from': 'Chiplet_6', 'to': 'Chiplet_1', 'connection_type': '2.5d_emib', 'loc': '2.5d_chiplet'},{'from': 'Chiplet_6', 'to': 'Chiplet_2', 'connection_type': '2.5d_emib', 'loc': '2.5d_chiplet'},{'from': 'Chiplet_3', 'to': 'Chiplet_1', 'connection_type': '2.5d_emib', 'loc': '2.5d_chiplet'},{'from': 'Chiplet_3', 'to': 'Chiplet_2', 'connection_type': '2.5d_emib', 'loc': '2.5d_chiplet'},{'from': 'Chiplet_3', 'to': 'Chiplet_6', 'connection_type': '2.5d_emib', 'loc': '2.5d_chiplet'},{'from': 'Chiplet_1', 'to': 'Chiplet_3', 'connection_type': '2.5d_emib', 'loc': '2.5d_chiplet'},{'from': 'Chiplet_1', 'to': 'Chiplet_6', 'connection_type': '2.5d_emib', 'loc': '2.5d_chiplet'}",2,6,2,1,1,4,hbm3,bow,na,0,0,os,1,0,0
41,28.517180931974274,4321761.99,189762.1016876265,1838467258.4798546,363961.0517578416,278830.5487868235,41,1.131132696,2.51875,1536,96x96,7,4.818150952,10.4826,6144,192x192,7,1.86237254,4.475,2048,128x128,7,8.112421457366196,12.973514847541198,8192,192x192,10,2.55521354,4.475,4096,128x128,7,1.578984604787535,1.7054115854749998,768,64x64,14,2.5d,"{'from': 'Chiplet_4', 'to': 'Chiplet_5', 'connection_type': '2.5d_emib', 'loc': '2.5d_chiplet'},{'from': 'Chiplet_4', 'to': 'Chiplet_6', 'connection_type': '2.5d_emib', 'loc': '2.5d_chiplet'},{'from': 'Chiplet_4', 'to': 'Chiplet_2', 'connection_type': '2.5d_emib', 'loc': '2.5d_chiplet'},{'from': 'Chiplet_6', 'to': 'Chiplet_5', 'connection_type': '2.5d_emib', 'loc': '2.5d_chiplet'},{'from': 'Chiplet_6', 'to': 'Chiplet_4', 'connection_type': '2.5d_emib', 'loc': '2.5d_chiplet'},{'from': 'Chiplet_2', 'to': 'Chiplet_5', 'connection_type': '2.5d_emib', 'loc': '2.5d_chiplet'},{'from': 'Chiplet_2', 'to': 'Chiplet_4', 'connection_type': '2.5d_emib', 'loc': '2.5d_chiplet'},{'from': 'Chiplet_2', 'to': 'Chiplet_3', 'connection_type': '2.5d_emib', 'loc': '2.5d_chiplet'},{'from': 'Chiplet_5', 'to': 'Chiplet_1', 'connection_type': '2.5d_emib', 'loc': '2.5d_chiplet'},{'from': 'Chiplet_5', 'to': 'Chiplet_6', 'connection_type': '2.5d_emib', 'loc': '2.5d_chiplet'},{'from': 'Chiplet_5', 'to': 'Chiplet_4', 'connection_type': '2.5d_emib', 'loc': '2.5d_chiplet'},{'from': 'Chiplet_5', 'to': 'Chiplet_2', 'connection_type': '2.5d_emib', 'loc': '2.5d_chiplet'},{'from': 'Chiplet_5', 'to': 'Chiplet_3', 'connection_type': '2.5d_emib', 'loc': '2.5d_chiplet'},{'from': 'Chiplet_3', 'to': 'Chiplet_5', 'connection_type': '2.5d_emib', 'loc': '2.5d_chiplet'},{'from': 'Chiplet_3', 'to': 'Chiplet_1', 'connection_type': '2.5d_emib', 'loc': '2.5d_chiplet'},{'from': 'Chiplet_3', 'to': 'Chiplet_2', 'connection_type': '2.5d_emib', 'loc': '2.5d_chiplet'},{'from': 'Chiplet_1', 'to': 'Chiplet_5', 'connection_type': '2.5d_emib', 'loc': '2.5d_chiplet'},{'from': 'Chiplet_1', 'to': 'Chiplet_3', 'connection_type': '2.5d_emib', 'loc': '2.5d_chiplet'}",1,4,2,6,2,1,hbm3,ucie_adv,na,1,0,is,1,0,0
42,27.423201141228184,2673153.06,68427.54119738404,4751656585.647408,118119.64169381108,151343.177447262,42,2.6264880905479133,5.538366334949999,1024,128x128,10,0.656621759447044,1.3845915837374998,256,64x64,10,4.1253109519999995,10.4826,4096,192x192,7,0.743226759447044,1.3845915837374998,512,64x64,10,3.2571509657793953,3.8395579270749995,1536,96x96,14,6.975099908490179,6.821646341899999,4096,128x128,14,2.5d,"{'from': 'Chiplet_6', 'to': 'Chiplet_5', 'connection_type': '2.5d_rdl', 'loc': '2.5d_chiplet'},{'from': 'Chiplet_6', 'to': 'Chiplet_3', 'connection_type': '2.5d_rdl', 'loc': '2.5d_chiplet'},{'from': 'Chiplet_6', 'to': 'Chiplet_1', 'connection_type': '2.5d_rdl', 'loc': '2.5d_chiplet'},{'from': 'Chiplet_1', 'to': 'Chiplet_5', 'connection_type': '2.5d_rdl', 'loc': '2.5d_chiplet'},{'from': 'Chiplet_1', 'to': 'Chiplet_6', 'connection_type': '2.5d_rdl', 'loc': '2.5d_chiplet'},{'from': 'Chiplet_3', 'to': 'Chiplet_5', 'connection_type': '2.5d_rdl', 'loc': '2.5d_chiplet'},{'from': 'Chiplet_3', 'to': 'Chiplet_6', 'connection_type': '2.5d_rdl', 'loc': '2.5d_chiplet'},{'from': 'Chiplet_3', 'to': 'Chiplet_4', 'connection_type': '2.5d_rdl', 'loc': '2.5d_chiplet'},{'from': 'Chiplet_5', 'to': 'Chiplet_1', 'connection_type': '2.5d_rdl', 'loc': '2.5d_chiplet'},{'from': 'Chiplet_5', 'to': 'Chiplet_6', 'connection_type': '2.5d_rdl', 'loc': '2.5d_chiplet'},{'from': 'Chiplet_5', 'to': 'Chiplet_4', 'connection_type': '2.5d_rdl', 'loc': '2.5d_chiplet'},{'from': 'Chiplet_5', 'to': 'Chiplet_2', 'connection_type': '2.5d_rdl', 'loc': '2.5d_chiplet'},{'from': 'Chiplet_5', 'to': 'Chiplet_3', 'connection_type': '2.5d_rdl', 'loc': '2.5d_chiplet'},{'from': 'Chiplet_4', 'to': 'Chiplet_5', 'connection_type': '2.5d_rdl', 'loc': '2.5d_chiplet'},{'from': 'Chiplet_4', 'to': 'Chiplet_2', 'connection_type': '2.5d_rdl', 'loc': '2.5d_chiplet'},{'from': 'Chiplet_4', 'to': 'Chiplet_3', 'connection_type': '2.5d_rdl', 'loc': '2.5d_chiplet'},{'from': 'Chiplet_2', 'to': 'Chiplet_5', 'connection_type': '2.5d_rdl', 'loc': '2.5d_chiplet'},{'from': 'Chiplet_2', 'to': 'Chiplet_4', 'connection_type': '2.5d_rdl', 'loc': '2.5d_chiplet'}",1,1,1,1,1,3,ddr5,ucie_std,na,1,0,is,0,0,0
43,26.680306536880696,3424824.58,170664.99128571537,1961689197.7936296,356570.0740106996,235714.49130499398,43,1.131132696,2.51875,1536,96x96,7,7.419580457366196,12.973514847541198,6144,192x192,10,0.552198,1.11875,768,64x64,7,3.2571509657793953,3.8395579270749995,1536,96x96,14,1.86237254,4.475,2048,128x128,7,3.665749090547913,5.538366334949999,4096,128x128,10,2.5d,"{'from': 'Chiplet_2', 'to': 'Chiplet_3', 'connection_type': '2.5d_emib', 'loc': '2.5d_chiplet'},{'from': 'Chiplet_2', 'to': 'Chiplet_1', 'connection_type': '2.5d_emib', 'loc': '2.5d_chiplet'},{'from': 'Chiplet_2', 'to': 'Chiplet_6', 'connection_type': '2.5d_emib', 'loc': '2.5d_chiplet'},{'from': 'Chiplet_2', 'to': 'Chiplet_4', 'connection_type': '2.5d_emib', 'loc': '2.5d_chiplet'},{'from': 'Chiplet_1', 'to': 'Chiplet_3', 'connection_type': '2.5d_emib', 'loc': '2.5d_chiplet'},{'from': 'Chiplet_1', 'to': 'Chiplet_2', 'connection_type': '2.5d_emib', 'loc': '2.5d_chiplet'},{'from': 'Chiplet_3', 'to': 'Chiplet_1', 'connection_type': '2.5d_emib', 'loc': '2.5d_chiplet'},{'from': 'Chiplet_3', 'to': 'Chiplet_2', 'connection_type': '2.5d_emib', 'loc': '2.5d_chiplet'},{'from': 'Chiplet_6', 'to': 'Chiplet_5', 'connection_type': '2.5d_emib', 'loc': '2.5d_chiplet'},{'from': 'Chiplet_6', 'to': 'Chiplet_2', 'connection_type': '2.5d_emib', 'loc': '2.5d_chiplet'},{'from': 'Chiplet_6', 'to': 'Chiplet_4', 'connection_type': '2.5d_emib', 'loc': '2.5d_chiplet'},{'from': 'Chiplet_4', 'to': 'Chiplet_5', 'connection_type': '2.5d_emib', 'loc': '2.5d_chiplet'},{'from': 'Chiplet_4', 'to': 'Chiplet_6', 'connection_type': '2.5d_emib', 'loc': '2.5d_chiplet'},{'from': 'Chiplet_4', 'to': 'Chiplet_2', 'connection_type': '2.5d_emib', 'loc': '2.5d_chiplet'},{'from': 'Chiplet_5', 'to': 'Chiplet_6', 'connection_type': '2.5d_emib', 'loc': '2.5d_chiplet'},{'from': 'Chiplet_5', 'to': 'Chiplet_4', 'connection_type': '2.5d_emib', 'loc': '2.5d_chiplet'}",1,6,1,3,2,3,hbm2,ucie_adv,na,0,0,ws,1,0,0
44,23.240024351068772,2708125.47,71055.37281460526,3274856570.0050097,1517388.0462202874,992559.0029400128,44,3.5867297574793953,3.8395579270749995,2048,96x96,14,3.3193280905479132,5.538366334949999,3072,128x128,10,0.656621759447044,1.3845915837374998,256,64x64,10,3.432469952,10.4826,2048,192x192,7,1.4141952089375351,1.7054115854749998,512,64x64,14,4.1253109519999995,10.4826,4096,192x192,7,2.5d,"{'from': 'Chiplet_6', 'to': 'Chiplet_3', 'connection_type': '2.5d_rdl', 'loc': '2.5d_chiplet'},{'from': 'Chiplet_6', 'to': 'Chiplet_1', 'connection_type': '2.5d_rdl', 'loc': '2.5d_chiplet'},{'from': 'Chiplet_6', 'to': 'Chiplet_2', 'connection_type': '2.5d_rdl', 'loc': '2.5d_chiplet'},{'from': 'Chiplet_2', 'to': 'Chiplet_3', 'connection_type': '2.5d_rdl', 'loc': '2.5d_chiplet'},{'from': 'Chiplet_2', 'to': 'Chiplet_6', 'connection_type': '2.5d_rdl', 'loc': '2.5d_chiplet'},{'from': 'Chiplet_3', 'to': 'Chiplet_6', 'connection_type': '2.5d_rdl', 'loc': '2.5d_chiplet'},{'from': 'Chiplet_3', 'to': 'Chiplet_2', 'connection_type': '2.5d_rdl', 'loc': '2.5d_chiplet'},{'from': 'Chiplet_1', 'to': 'Chiplet_5', 'connection_type': '2.5d_rdl', 'loc': '2.5d_chiplet'},{'from': 'Chiplet_1', 'to': 'Chiplet_6', 'connection_type': '2.5d_rdl', 'loc': '2.5d_chiplet'},{'from': 'Chiplet_1', 'to': 'Chiplet_4', 'connection_type': '2.5d_rdl', 'loc': '2.5d_chiplet'},{'from': 'Chiplet_4', 'to': 'Chiplet_5', 'connection_type': '2.5d_rdl', 'loc': '2.5d_chiplet'},{'from': 'Chiplet_4', 'to': 'Chiplet_1', 'connection_type': '2.5d_rdl', 'loc': '2.5d_chiplet'},{'from': 'Chiplet_5', 'to': 'Chiplet_1', 'connection_type': '2.5d_rdl', 'loc': '2.5d_chiplet'},{'from': 'Chiplet_5', 'to': 'Chiplet_4', 'connection_type': '2.5d_rdl', 'loc': '2.5d_chiplet'}",2,1,1,1,1,2,ddr5,ucie_std,na,0,0,is,1,0,0
45,21.019120967514887,4183717.11,145674.8452964035,6898003921.449002,48948.17170111288,167010.33174681274,45,1.86237254,4.475,2048,128x128,7,1.51595254,4.475,1024,128x128,7,4.1253109519999995,10.4826,4096,192x192,7,8.112421457366196,12.973514847541198,8192,192x192,10,1.743774000637535,1.7054115854749998,1024,64x64,14,4.818150952,10.4826,6144,192x192,7,2.5d_3d,"{'from': 'Chiplet_6', 'to': 'Chiplet_3', 'connection_type': '3d_u_bump', 'loc': 'stack0_base'},{'from': 'Chiplet_3', 'to': 'Chiplet_5', 'connection_type': '3d_u_bump', 'loc': 'stack0_middle1'},{'from': 'Chiplet_5', 'to': 'Chiplet_2', 'connection_type': '3d_u_bump', 'loc': 'stack0_middle2'},{'from': 'Chiplet_2', 'to': 'na', 'connection_type': '3d_u_bump', 'loc': 'stack0_top'},{'from': 'Chiplet_4', 'to': 'Chiplet_1', 'connection_type': '2.5d_emib', 'loc': '2.5d_chiplet'},{'from': 'Chiplet_4', 'to': 'Chiplet_6', 'connection_type': '2.5d_emib', 'loc': '2.5d_chiplet'},{'from': 'Chiplet_6', 'to': 'Chiplet_1', 'connection_type': '2.5d_emib', 'loc': '2.5d_chiplet'},{'from': 'Chiplet_6', 'to': 'Chiplet_4', 'connection_type': '2.5d_emib', 'loc': '2.5d_chiplet'},{'from': 'Chiplet_1', 'to': 'Chiplet_6', 'connection_type': '2.5d_emib', 'loc': '2.5d_chiplet'},{'from': 'Chiplet_1', 'to': 'Chiplet_4', 'connection_type': '2.5d_emib', 'loc': '2.5d_chiplet'}",1,1,1,3,1,1,ddr4,aib,ucie_3d,0,0,os,0,0,0
46,55.7211333353039,5449813.52,189626.87898035004,1681203565.8417978,79228.55921855922,103078.42551612009,46,6.726740457366197,12.973514847541198,4096,192x192,10,11.481175603606792,15.979573171754398,2048,192x192,14,2.597993382379395,3.8395579270749995,512,96x96,14,5.656782838920179,6.821646341899999,2048,128x128,14,1.3653681800824635,3.1172648505374996,512,96x96,10,4.9976252555201786,6.821646341899999,1024,128x128,14,2.5d,"{'from': 'Chiplet_2', 'to': 'Chiplet_1', 'connection_type': '2.5d_emib', 'loc': '2.5d_chiplet'},{'from': 'Chiplet_2', 'to': 'Chiplet_6', 'connection_type': '2.5d_emib', 'loc': '2.5d_chiplet'},{'from': 'Chiplet_6', 'to': 'Chiplet_1', 'connection_type': '2.5d_emib', 'loc': '2.5d_chiplet'},{'from': 'Chiplet_6', 'to': 'Chiplet_2', 'connection_type': '2.5d_emib', 'loc': '2.5d_chiplet'},{'from': 'Chiplet_6', 'to': 'Chiplet_4', 'connection_type': '2.5d_emib', 'loc': '2.5d_chiplet'},{'from': 'Chiplet_1', 'to': 'Chiplet_5', 'connection_type': '2.5d_emib', 'loc': '2.5d_chiplet'},{'from': 'Chiplet_1', 'to': 'Chiplet_6', 'connection_type': '2.5d_emib', 'loc': '2.5d_chiplet'},{'from': 'Chiplet_1', 'to': 'Chiplet_2', 'connection_type': '2.5d_emib', 'loc': '2.5d_chiplet'},{'from': 'Chiplet_1', 'to': 'Chiplet_4', 'connection_type': '2.5d_emib', 'loc': '2.5d_chiplet'},{'from': 'Chiplet_1', 'to': 'Chiplet_3', 'connection_type': '2.5d_emib', 'loc': '2.5d_chiplet'},{'from': 'Chiplet_5', 'to': 'Chiplet_3', 'connection_type': '2.5d_emib', 'loc': '2.5d_chiplet'},{'from': 'Chiplet_5', 'to': 'Chiplet_1', 'connection_type': '2.5d_emib', 'loc': '2.5d_chiplet'},{'from': 'Chiplet_4', 'to': 'Chiplet_3', 'connection_type': '2.5d_emib', 'loc': '2.5d_chiplet'},{'from': 'Chiplet_4', 'to': 'Chiplet_1', 'connection_type': '2.5d_emib', 'loc': '2.5d_chiplet'},{'from': 'Chiplet_4', 'to': 'Chiplet_6', 'connection_type': '2.5d_emib', 'loc': '2.5d_chiplet'},{'from': 'Chiplet_3', 'to': 'Chiplet_5', 'connection_type': '2.5d_emib', 'loc': '2.5d_chiplet'},{'from': 'Chiplet_3', 'to': 'Chiplet_1', 'connection_type': '2.5d_emib', 'loc': '2.5d_chiplet'},{'from': 'Chiplet_3', 'to': 'Chiplet_4', 'connection_type': '2.5d_emib', 'loc': '2.5d_chiplet'}",3,6,1,3,1,2,hbm3,aib,na,1,0,is,0,0,0
47,67.72012804289224,6417298.01,226969.87096196398,5458582011.101772,45475.044824775876,150902.0115721001,47,15.436124909546791,15.979573171754398,8192,192x192,14,2.6264880905479133,5.538366334949999,1024,128x128,10,4.9976252555201786,6.821646341899999,1024,128x128,14,1.8849981800824636,3.1172648505374996,2048,96x96,10,8.112421457366196,12.973514847541198,8192,192x192,10,15.436124909546791,15.979573171754398,8192,192x192,14,2.5d,"{'from': 'Chiplet_1', 'to': 'Chiplet_5', 'connection_type': '2.5d_emib', 'loc': '2.5d_chiplet'},{'from': 'Chiplet_1', 'to': 'Chiplet_6', 'connection_type': '2.5d_emib', 'loc': '2.5d_chiplet'},{'from': 'Chiplet_5', 'to': 'Chiplet_3', 'connection_type': '2.5d_emib', 'loc': '2.5d_chiplet'},{'from': 'Chiplet_5', 'to': 'Chiplet_1', 'connection_type': '2.5d_emib', 'loc': '2.5d_chiplet'},{'from': 'Chiplet_6', 'to': 'Chiplet_3', 'connection_type': '2.5d_emib', 'loc': '2.5d_chiplet'},{'from': 'Chiplet_6', 'to': 'Chiplet_1', 'connection_type': '2.5d_emib', 'loc': '2.5d_chiplet'},{'from': 'Chiplet_6', 'to': 'Chiplet_2', 'connection_type': '2.5d_emib', 'loc': '2.5d_chiplet'},{'from': 'Chiplet_3', 'to': 'Chiplet_5', 'connection_type': '2.5d_emib', 'loc': '2.5d_chiplet'},{'from': 'Chiplet_3', 'to': 'Chiplet_6', 'connection_type': '2.5d_emib', 'loc': '2.5d_chiplet'},{'from': 'Chiplet_3', 'to': 'Chiplet_2', 'connection_type': '2.5d_emib', 'loc': '2.5d_chiplet'},{'from': 'Chiplet_3', 'to': 'Chiplet_4', 'connection_type': '2.5d_emib', 'loc': '2.5d_chiplet'},{'from': 'Chiplet_2', 'to': 'Chiplet_3', 'connection_type': '2.5d_emib', 'loc': '2.5d_chiplet'},{'from': 'Chiplet_2', 'to': 'Chiplet_6', 'connection_type': '2.5d_emib', 'loc': '2.5d_chiplet'},{'from': 'Chiplet_2', 'to': 'Chiplet_4', 'connection_type': '2.5d_emib', 'loc': '2.5d_chiplet'},{'from': 'Chiplet_4', 'to': 'Chiplet_3', 'connection_type': '2.5d_emib', 'loc': '2.5d_chiplet'},{'from': 'Chiplet_4', 'to': 'Chiplet_2', 'connection_type': '2.5d_emib', 'loc': '2.5d_chiplet'}",2,1,1,1,1,2,ddr5,ucie_adv,na,1,0,os,0,0,0
48,40.21708610831078,4150832.5,89410.19490077888,2297286256.737675,61330.0,82629.76178162792,48,14.117807839976791,15.979573171754398,6144,192x192,14,0.46559300000000003,1.11875,512,64x64,7,2.927572174079395,3.8395579270749995,1024,96x96,14,6.975099908490179,6.821646341899999,4096,128x128,14,2.6264880905479133,5.538366334949999,1024,128x128,10,1.131132696,2.51875,1536,96x96,7,2.5d,"{'from': 'Chiplet_1', 'to': 'Chiplet_3', 'connection_type': '2.5d_rdl', 'loc': '2.5d_chiplet'},{'from': 'Chiplet_1', 'to': 'Chiplet_2', 'connection_type': '2.5d_rdl', 'loc': '2.5d_chiplet'},{'from': 'Chiplet_1', 'to': 'Chiplet_4', 'connection_type': '2.5d_rdl', 'loc': '2.5d_chiplet'},{'from': 'Chiplet_4', 'to': 'Chiplet_5', 'connection_type': '2.5d_rdl', 'loc': '2.5d_chiplet'},{'from': 'Chiplet_4', 'to': 'Chiplet_3', 'connection_type': '2.5d_rdl', 'loc': '2.5d_chiplet'},{'from': 'Chiplet_4', 'to': 'Chiplet_1', 'connection_type': '2.5d_rdl', 'loc': '2.5d_chiplet'},{'from': 'Chiplet_3', 'to': 'Chiplet_5', 'connection_type': '2.5d_rdl', 'loc': '2.5d_chiplet'},{'from': 'Chiplet_3', 'to': 'Chiplet_1', 'connection_type': '2.5d_rdl', 'loc': '2.5d_chiplet'},{'from': 'Chiplet_3', 'to': 'Chiplet_2', 'connection_type': '2.5d_rdl', 'loc': '2.5d_chiplet'},{'from': 'Chiplet_3', 'to': 'Chiplet_4', 'connection_type': '2.5d_rdl', 'loc': '2.5d_chiplet'},{'from': 'Chiplet_2', 'to': 'Chiplet_3', 'connection_type': '2.5d_rdl', 'loc': '2.5d_chiplet'},{'from': 'Chiplet_2', 'to': 'Chiplet_1', 'connection_type': '2.5d_rdl', 'loc': '2.5d_chiplet'},{'from': 'Chiplet_2', 'to': 'Chiplet_6', 'connection_type': '2.5d_rdl', 'loc': '2.5d_chiplet'},{'from': 'Chiplet_5', 'to': 'Chiplet_3', 'connection_type': '2.5d_rdl', 'loc': '2.5d_chiplet'},{'from': 'Chiplet_5', 'to': 'Chiplet_6', 'connection_type': '2.5d_rdl', 'loc': '2.5d_chiplet'},{'from': 'Chiplet_5', 'to': 'Chiplet_4', 'connection_type': '2.5d_rdl', 'loc': '2.5d_chiplet'},{'from': 'Chiplet_6', 'to': 'Chiplet_5', 'connection_type': '2.5d_rdl', 'loc': '2.5d_chiplet'},{'from': 'Chiplet_6', 'to': 'Chiplet_2', 'connection_type': '2.5d_rdl', 'loc': '2.5d_chiplet'}",8,1,1,4,1,1,hbm2,ucie_std,na,1,0,os,0,0,0
49,29.637080647938962,2750469.42,75929.88304307287,4903630385.201482,617973.9059712503,430931.6171747872,49,2.927572174079395,3.8395579270749995,1024,96x96,14,0.656621759447044,1.3845915837374998,256,64x64,10,15.436124909546791,15.979573171754398,8192,192x192,14,2.597993382379395,3.8395579270749995,512,96x96,14,0.46559300000000003,1.11875,512,64x64,7,2.597993382379395,3.8395579270749995,512,96x96,14,2.5d,"{'from': 'Chiplet_3', 'to': 'Chiplet_1', 'connection_type': '2.5d_rdl', 'loc': '2.5d_chiplet'},{'from': 'Chiplet_3', 'to': 'Chiplet_4', 'connection_type': '2.5d_rdl', 'loc': '2.5d_chiplet'},{'from': 'Chiplet_1', 'to': 'Chiplet_5', 'connection_type': '2.5d_rdl', 'loc': '2.5d_chiplet'},{'from': 'Chiplet_1', 'to': 'Chiplet_3', 'connection_type': '2.5d_rdl', 'loc': '2.5d_chiplet'},{'from': 'Chiplet_1', 'to': 'Chiplet_2', 'connection_type': '2.5d_rdl', 'loc': '2.5d_chiplet'},{'from': 'Chiplet_1', 'to': 'Chiplet_4', 'connection_type': '2.5d_rdl', 'loc': '2.5d_chiplet'},{'from': 'Chiplet_2', 'to': 'Chiplet_5', 'connection_type': '2.5d_rdl', 'loc': '2.5d_chiplet'},{'from': 'Chiplet_2', 'to': 'Chiplet_1', 'connection_type': '2.5d_rdl', 'loc': '2.5d_chiplet'},{'from': 'Chiplet_5', 'to': 'Chiplet_1', 'connection_type': '2.5d_rdl', 'loc': '2.5d_chiplet'},{'from': 'Chiplet_5', 'to': 'Chiplet_2', 'connection_type': '2.5d_rdl', 'loc': '2.5d_chiplet'},{'from': 'Chiplet_5', 'to': 'Chiplet_6', 'connection_type': '2.5d_rdl', 'loc': '2.5d_chiplet'},{'from': 'Chiplet_4', 'to': 'Chiplet_3', 'connection_type': '2.5d_rdl', 'loc': '2.5d_chiplet'},{'from': 'Chiplet_4', 'to': 'Chiplet_1', 'connection_type': '2.5d_rdl', 'loc': '2.5d_chiplet'},{'from': 'Chiplet_4', 'to': 'Chiplet_6', 'connection_type': '2.5d_rdl', 'loc': '2.5d_chiplet'},{'from': 'Chiplet_6', 'to': 'Chiplet_5', 'connection_type': '2.5d_rdl', 'loc': '2.5d_chiplet'},{'from': 'Chiplet_6', 'to': 'Chiplet_4', 'connection_type': '2.5d_rdl', 'loc': '2.5d_chiplet'}",1,1,3,1,1,1,ddr4,ucie_std,na,0,0,is,1,0,0
50,55.53031236687361,4928503.4,118839.00499439696,5291678113.3385725,70299.42542787286,163687.13742135034,50,2.6264880905479133,5.538366334949999,1024,128x128,10,3.2571509657793953,3.8395579270749995,1536,96x96,14,12.799492673176792,15.979573171754398,4096,192x192,14,2.6264880905479133,5.538366334949999,1024,128x128,10,15.436124909546791,15.979573171754398,8192,192x192,14,1.86237254,4.475,2048,128x128,7,2.5d,"{'from': 'Chiplet_5', 'to': 'Chiplet_3', 'connection_type': '2.5d_rdl', 'loc': '2.5d_chiplet'},{'from': 'Chiplet_5', 'to': 'Chiplet_1', 'connection_type': '2.5d_rdl', 'loc': '2.5d_chiplet'},{'from': 'Chiplet_5', 'to': 'Chiplet_2', 'connection_type': '2.5d_rdl', 'loc': '2.5d_chiplet'},{'from': 'Chiplet_5', 'to': 'Chiplet_6', 'connection_type': '2.5d_rdl', 'loc': '2.5d_chiplet'},{'from': 'Chiplet_1', 'to': 'Chiplet_5', 'connection_type': '2.5d_rdl', 'loc': '2.5d_chiplet'},{'from': 'Chiplet_1', 'to': 'Chiplet_6', 'connection_type': '2.5d_rdl', 'loc': '2.5d_chiplet'},{'from': 'Chiplet_6', 'to': 'Chiplet_5', 'connection_type': '2.5d_rdl', 'loc': '2.5d_chiplet'},{'from': 'Chiplet_6', 'to': 'Chiplet_1', 'connection_type': '2.5d_rdl', 'loc': '2.5d_chiplet'},{'from': 'Chiplet_3', 'to': 'Chiplet_5', 'connection_type': '2.5d_rdl', 'loc': '2.5d_chiplet'},{'from': 'Chiplet_3', 'to': 'Chiplet_2', 'connection_type': '2.5d_rdl', 'loc': '2.5d_chiplet'},{'from': 'Chiplet_3', 'to': 'Chiplet_4', 'connection_type': '2.5d_rdl', 'loc': '2.5d_chiplet'},{'from': 'Chiplet_2', 'to': 'Chiplet_5', 'connection_type': '2.5d_rdl', 'loc': '2.5d_chiplet'},{'from': 'Chiplet_2', 'to': 'Chiplet_4', 'connection_type': '2.5d_rdl', 'loc': '2.5d_chiplet'},{'from': 'Chiplet_2', 'to': 'Chiplet_3', 'connection_type': '2.5d_rdl', 'loc': '2.5d_chiplet'},{'from': 'Chiplet_4', 'to': 'Chiplet_3', 'connection_type': '2.5d_rdl', 'loc': '2.5d_chiplet'},{'from': 'Chiplet_4', 'to': 'Chiplet_2', 'connection_type': '2.5d_rdl', 'loc': '2.5d_chiplet'}",1,1,2,1,2,1,ddr5,ucie_std,na,0,0,ws,0,0,0
51,21.522461475324622,2676115.75,168469.56843983853,4158346783.5216856,328105.3555546396,273736.4189519433,51,0.829831759447044,1.3845915837374998,768,64x64,10,4.1253109519999995,10.4826,4096,192x192,7,1.8849981800824636,3.1172648505374996,2048,96x96,10,1.249405813087535,1.7054115854749998,256,64x64,14,2.972908090547913,5.538366334949999,2048,128x128,10,3.432469952,10.4826,2048,192x192,7,2.5d,"{'from': 'Chiplet_2', 'to': 'Chiplet_5', 'connection_type': '2.5d_emib', 'loc': '2.5d_chiplet'},{'from': 'Chiplet_2', 'to': 'Chiplet_6', 'connection_type': '2.5d_emib', 'loc': '2.5d_chiplet'},{'from': 'Chiplet_2', 'to': 'Chiplet_4', 'connection_type': '2.5d_emib', 'loc': '2.5d_chiplet'},{'from': 'Chiplet_2', 'to': 'Chiplet_3', 'connection_type': '2.5d_emib', 'loc': '2.5d_chiplet'},{'from': 'Chiplet_3', 'to': 'Chiplet_2', 'connection_type': '2.5d_emib', 'loc': '2.5d_chiplet'},{'from': 'Chiplet_3', 'to': 'Chiplet_4', 'connection_type': '2.5d_emib', 'loc': '2.5d_chiplet'},{'from': 'Chiplet_4', 'to': 'Chiplet_3', 'connection_type': '2.5d_emib', 'loc': '2.5d_chiplet'},{'from': 'Chiplet_4', 'to': 'Chiplet_2', 'connection_type': '2.5d_emib', 'loc': '2.5d_chiplet'},{'from': 'Chiplet_6', 'to': 'Chiplet_5', 'connection_type': '2.5d_emib', 'loc': '2.5d_chiplet'},{'from': 'Chiplet_6', 'to': 'Chiplet_1', 'connection_type': '2.5d_emib', 'loc': '2.5d_chiplet'},{'from': 'Chiplet_6', 'to': 'Chiplet_2', 'connection_type': '2.5d_emib', 'loc': '2.5d_chiplet'},{'from': 'Chiplet_5', 'to': 'Chiplet_1', 'connection_type': '2.5d_emib', 'loc': '2.5d_chiplet'},{'from': 'Chiplet_5', 'to': 'Chiplet_2', 'connection_type': '2.5d_emib', 'loc': '2.5d_chiplet'},{'from': 'Chiplet_5', 'to': 'Chiplet_6', 'connection_type': '2.5d_emib', 'loc': '2.5d_chiplet'},{'from': 'Chiplet_1', 'to': 'Chiplet_5', 'connection_type': '2.5d_emib', 'loc': '2.5d_chiplet'},{'from': 'Chiplet_1', 'to': 'Chiplet_6', 'connection_type': '2.5d_emib', 'loc': '2.5d_chiplet'}",1,2,1,1,1,2,ddr4,ucie_adv,na,0,0,os,1,0,0
52,27.56327134146952,2638294.32,71943.9495719983,3299806514.8027368,1022715.3215291809,603124.290469247,52,1.131132696,2.51875,1536,96x96,7,0.656621759447044,1.3845915837374998,256,64x64,10,0.656621759447044,1.3845915837374998,256,64x64,10,1.3653681800824635,3.1172648505374996,512,96x96,10,14.117807839976791,15.979573171754398,6144,192x192,14,1.86237254,4.475,2048,128x128,7,2.5d,"{'from': 'Chiplet_5', 'to': 'Chiplet_6', 'connection_type': '2.5d_rdl', 'loc': '2.5d_chiplet'},{'from': 'Chiplet_5', 'to': 'Chiplet_4', 'connection_type': '2.5d_rdl', 'loc': '2.5d_chiplet'},{'from': 'Chiplet_6', 'to': 'Chiplet_5', 'connection_type': '2.5d_rdl', 'loc': '2.5d_chiplet'},{'from': 'Chiplet_6', 'to': 'Chiplet_1', 'connection_type': '2.5d_rdl', 'loc': '2.5d_chiplet'},{'from': 'Chiplet_6', 'to': 'Chiplet_2', 'connection_type': '2.5d_rdl', 'loc': '2.5d_chiplet'},{'from': 'Chiplet_6', 'to': 'Chiplet_4', 'connection_type': '2.5d_rdl', 'loc': '2.5d_chiplet'},{'from': 'Chiplet_2', 'to': 'Chiplet_1', 'connection_type': '2.5d_rdl', 'loc': '2.5d_chiplet'},{'from': 'Chiplet_2', 'to': 'Chiplet_6', 'connection_type': '2.5d_rdl', 'loc': '2.5d_chiplet'},{'from': 'Chiplet_4', 'to': 'Chiplet_5', 'connection_type': '2.5d_rdl', 'loc': '2.5d_chiplet'},{'from': 'Chiplet_4', 'to': 'Chiplet_1', 'connection_type': '2.5d_rdl', 'loc': '2.5d_chiplet'},{'from': 'Chiplet_4', 'to': 'Chiplet_6', 'connection_type': '2.5d_rdl', 'loc': '2.5d_chiplet'},{'from': 'Chiplet_4', 'to': 'Chiplet_3', 'connection_type': '2.5d_rdl', 'loc': '2.5d_chiplet'},{'from': 'Chiplet_1', 'to': 'Chiplet_3', 'connection_type': '2.5d_rdl', 'loc': '2.5d_chiplet'},{'from': 'Chiplet_1', 'to': 'Chiplet_6', 'connection_type': '2.5d_rdl', 'loc': '2.5d_chiplet'},{'from': 'Chiplet_1', 'to': 'Chiplet_4', 'connection_type': '2.5d_rdl', 'loc': '2.5d_chiplet'},{'from': 'Chiplet_1', 'to': 'Chiplet_2', 'connection_type': '2.5d_rdl', 'loc': '2.5d_chiplet'},{'from': 'Chiplet_3', 'to': 'Chiplet_1', 'connection_type': '2.5d_rdl', 'loc': '2.5d_chiplet'},{'from': 'Chiplet_3', 'to': 'Chiplet_4', 'connection_type': '2.5d_rdl', 'loc': '2.5d_chiplet'}",1,1,1,1,3,1,ddr5,ucie_std,na,1,0,is,1,0,0
53,20.90923763155355,2496308.37,63505.8866613971,6307747367.959593,152901.76470588235,187822.58142313708,53,1.578984604787535,1.7054115854749998,768,64x64,14,1.131132696,2.51875,1536,96x96,7,0.957922696,2.51875,1024,96x96,7,1.743774000637535,1.7054115854749998,1024,64x64,14,0.638803,1.11875,1024,64x64,7,11.481175603606792,15.979573171754398,2048,192x192,14,2.5d_3d,"{'from': 'Chiplet_1', 'to': 'Chiplet_2', 'connection_type': '3d_hyb_bond', 'loc': 'stack0_base'},{'from': 'Chiplet_2', 'to': 'Chiplet_5', 'connection_type': '3d_hyb_bond', 'loc': 'stack0_middle1'},{'from': 'Chiplet_5', 'to': 'na', 'connection_type': '3d_hyb_bond', 'loc': 'stack0_top'},{'from': 'Chiplet_6', 'to': 'Chiplet_1', 'connection_type': '2.5d_rdl', 'loc': '2.5d_chiplet'},{'from': 'Chiplet_6', 'to': 'Chiplet_4', 'connection_type': '2.5d_rdl', 'loc': '2.5d_chiplet'},{'from': 'Chiplet_4', 'to': 'Chiplet_3', 'connection_type': '2.5d_rdl', 'loc': '2.5d_chiplet'},{'from': 'Chiplet_4', 'to': 'Chiplet_1', 'connection_type': '2.5d_rdl', 'loc': '2.5d_chiplet'},{'from': 'Chiplet_4', 'to': 'Chiplet_6', 'connection_type': '2.5d_rdl', 'loc': '2.5d_chiplet'},{'from': 'Chiplet_1', 'to': 'Chiplet_3', 'connection_type': '2.5d_rdl', 'loc': '2.5d_chiplet'},{'from': 'Chiplet_1', 'to': 'Chiplet_6', 'connection_type': '2.5d_rdl', 'loc': '2.5d_chiplet'},{'from': 'Chiplet_1', 'to': 'Chiplet_4', 'connection_type': '2.5d_rdl', 'loc': '2.5d_chiplet'},{'from': 'Chiplet_3', 'to': 'Chiplet_1', 'connection_type': '2.5d_rdl', 'loc': '2.5d_chiplet'},{'from': 'Chiplet_3', 'to': 'Chiplet_4', 'connection_type': '2.5d_rdl', 'loc': '2.5d_chiplet'}",1,1,1,1,1,3,ddr4,ucie_std,ucie_3d,1,0,is,0,0,0
54,32.202826802671126,4570627.42,144755.94277779313,6928435486.685602,102598.23529411765,211110.20275307482,54,3.665749090547913,5.538366334949999,4096,128x128,10,4.818150952,10.4826,6144,192x192,7,6.975099908490179,6.821646341899999,4096,128x128,14,12.799492673176792,15.979573171754398,4096,192x192,14,1.578984604787535,1.7054115854749998,768,64x64,14,3.5867297574793953,3.8395579270749995,2048,96x96,14,2.5d_3d,"{'from': 'Chiplet_2', 'to': 'Chiplet_1', 'connection_type': '3d_u_bump', 'loc': 'stack0_base'},{'from': 'Chiplet_1', 'to': 'Chiplet_6', 'connection_type': '3d_u_bump', 'loc': 'stack0_middle1'},{'from': 'Chiplet_6', 'to': 'Chiplet_5', 'connection_type': '3d_u_bump', 'loc': 'stack0_middle2'},{'from': 'Chiplet_5', 'to': 'na', 'connection_type': '3d_u_bump', 'loc': 'stack0_top'},{'from': 'Chiplet_4', 'to': 'Chiplet_3', 'connection_type': '2.5d_emib', 'loc': '2.5d_chiplet'},{'from': 'Chiplet_4', 'to': 'Chiplet_2', 'connection_type': '2.5d_emib', 'loc': '2.5d_chiplet'},{'from': 'Chiplet_3', 'to': 'Chiplet_2', 'connection_type': '2.5d_emib', 'loc': '2.5d_chiplet'},{'from': 'Chiplet_3', 'to': 'Chiplet_4', 'connection_type': '2.5d_emib', 'loc': '2.5d_chiplet'},{'from': 'Chiplet_2', 'to': 'Chiplet_3', 'connection_type': '2.5d_emib', 'loc': '2.5d_chiplet'},{'from': 'Chiplet_2', 'to': 'Chiplet_4', 'connection_type': '2.5d_emib', 'loc': '2.5d_chiplet'}",1,1,1,3,1,1,ddr4,bow,ucie_3d,1,0,is,0,0,0
55,37.778978362218545,3932165.43,94985.00467421231,5050224938.334127,41480.61521178881,126577.28953157293,55,7.419580457366196,12.973514847541198,6144,192x192,10,3.432469952,10.4826,2048,192x192,7,1.131132696,2.51875,1536,96x96,7,8.112421457366196,12.973514847541198,8192,192x192,10,0.916436759447044,1.3845915837374998,1024,64x64,10,3.5867297574793953,3.8395579270749995,2048,96x96,14,2.5d,"{'from': 'Chiplet_4', 'to': 'Chiplet_5', 'connection_type': '2.5d_rdl', 'loc': '2.5d_chiplet'},{'from': 'Chiplet_4', 'to': 'Chiplet_1', 'connection_type': '2.5d_rdl', 'loc': '2.5d_chiplet'},{'from': 'Chiplet_4', 'to': 'Chiplet_2', 'connection_type': '2.5d_rdl', 'loc': '2.5d_chiplet'},{'from': 'Chiplet_2', 'to': 'Chiplet_5', 'connection_type': '2.5d_rdl', 'loc': '2.5d_chiplet'},{'from': 'Chiplet_2', 'to': 'Chiplet_4', 'connection_type': '2.5d_rdl', 'loc': '2.5d_chiplet'},{'from': 'Chiplet_5', 'to': 'Chiplet_2', 'connection_type': '2.5d_rdl', 'loc': '2.5d_chiplet'},{'from': 'Chiplet_5', 'to': 'Chiplet_4', 'connection_type': '2.5d_rdl', 'loc': '2.5d_chiplet'},{'from': 'Chiplet_1', 'to': 'Chiplet_3', 'connection_type': '2.5d_rdl', 'loc': '2.5d_chiplet'},{'from': 'Chiplet_1', 'to': 'Chiplet_6', 'connection_type': '2.5d_rdl', 'loc': '2.5d_chiplet'},{'from': 'Chiplet_1', 'to': 'Chiplet_4', 'connection_type': '2.5d_rdl', 'loc': '2.5d_chiplet'},{'from': 'Chiplet_6', 'to': 'Chiplet_3', 'connection_type': '2.5d_rdl', 'loc': '2.5d_chiplet'},{'from': 'Chiplet_6', 'to': 'Chiplet_1', 'connection_type': '2.5d_rdl', 'loc': '2.5d_chiplet'},{'from': 'Chiplet_3', 'to': 'Chiplet_1', 'connection_type': '2.5d_rdl', 'loc': '2.5d_chiplet'},{'from': 'Chiplet_3', 'to': 'Chiplet_6', 'connection_type': '2.5d_rdl', 'loc': '2.5d_chiplet'}",2,1,1,2,1,1,ddr5,ucie_std,na,1,0,os,0,0,0
56,16.083242259527314,1986485.79,56916.71050697281,6474416764.078352,169372.41653418122,200612.66649082582,56,6.726740457366197,12.973514847541198,4096,192x192,10,1.5385781800824634,3.1172648505374996,1024,96x96,10,1.86237254,4.475,2048,128x128,7,1.7117881800824635,3.1172648505374996,1536,96x96,10,0.656621759447044,1.3845915837374998,256,64x64,10,0.552198,1.11875,768,64x64,7,2.5d,"{'from': 'Chiplet_1', 'to': 'Chiplet_3', 'connection_type': '2.5d_rdl', 'loc': '2.5d_chiplet'},{'from': 'Chiplet_1', 'to': 'Chiplet_4', 'connection_type': '2.5d_rdl', 'loc': '2.5d_chiplet'},{'from': 'Chiplet_3', 'to': 'Chiplet_5', 'connection_type': '2.5d_rdl', 'loc': '2.5d_chiplet'},{'from': 'Chiplet_3', 'to': 'Chiplet_1', 'connection_type': '2.5d_rdl', 'loc': '2.5d_chiplet'},{'from': 'Chiplet_3', 'to': 'Chiplet_6', 'connection_type': '2.5d_rdl', 'loc': '2.5d_chiplet'},{'from': 'Chiplet_3', 'to': 'Chiplet_4', 'connection_type': '2.5d_rdl', 'loc': '2.5d_chiplet'},{'from': 'Chiplet_5', 'to': 'Chiplet_3', 'connection_type': '2.5d_rdl', 'loc': '2.5d_chiplet'},{'from': 'Chiplet_5', 'to': 'Chiplet_6', 'connection_type': '2.5d_rdl', 'loc': '2.5d_chiplet'},{'from': 'Chiplet_6', 'to': 'Chiplet_5', 'connection_type': '2.5d_rdl', 'loc': '2.5d_chiplet'},{'from': 'Chiplet_6', 'to': 'Chiplet_3', 'connection_type': '2.5d_rdl', 'loc': '2.5d_chiplet'},{'from': 'Chiplet_6', 'to': 'Chiplet_2', 'connection_type': '2.5d_rdl', 'loc': '2.5d_chiplet'},{'from': 'Chiplet_4', 'to': 'Chiplet_3', 'connection_type': '2.5d_rdl', 'loc': '2.5d_chiplet'},{'from': 'Chiplet_4', 'to': 'Chiplet_1', 'connection_type': '2.5d_rdl', 'loc': '2.5d_chiplet'},{'from': 'Chiplet_4', 'to': 'Chiplet_2', 'connection_type': '2.5d_rdl', 'loc': '2.5d_chiplet'},{'from': 'Chiplet_2', 'to': 'Chiplet_6', 'connection_type': '2.5d_rdl', 'loc': '2.5d_chiplet'},{'from': 'Chiplet_2', 'to': 'Chiplet_4', 'connection_type': '2.5d_rdl', 'loc': '2.5d_chiplet'}",3,1,1,1,1,1,ddr4,ucie_std,na,0,0,is,0,0,0
57,60.486717697654235,5283689.49,202737.77829178443,5496675886.316063,78110.47269763652,164805.16176870215,57,5.5109919519999995,10.4826,8192,192x192,7,2.597993382379395,3.8395579270749995,512,96x96,14,15.436124909546791,15.979573171754398,8192,192x192,14,1.4141952089375351,1.7054115854749998,512,64x64,14,2.972908090547913,5.538366334949999,2048,128x128,10,6.315940422320179,6.821646341899999,3072,128x128,14,2.5d,"{'from': 'Chiplet_3', 'to': 'Chiplet_6', 'connection_type': '2.5d_emib', 'loc': '2.5d_chiplet'},{'from': 'Chiplet_3', 'to': 'Chiplet_4', 'connection_type': '2.5d_emib', 'loc': '2.5d_chiplet'},{'from': 'Chiplet_4', 'to': 'Chiplet_3', 'connection_type': '2.5d_emib', 'loc': '2.5d_chiplet'},{'from': 'Chiplet_4', 'to': 'Chiplet_1', 'connection_type': '2.5d_emib', 'loc': '2.5d_chiplet'},{'from': 'Chiplet_4', 'to': 'Chiplet_6', 'connection_type': '2.5d_emib', 'loc': '2.5d_chiplet'},{'from': 'Chiplet_6', 'to': 'Chiplet_5', 'connection_type': '2.5d_emib', 'loc': '2.5d_chiplet'},{'from': 'Chiplet_6', 'to': 'Chiplet_1', 'connection_type': '2.5d_emib', 'loc': '2.5d_chiplet'},{'from': 'Chiplet_6', 'to': 'Chiplet_2', 'connection_type': '2.5d_emib', 'loc': '2.5d_chiplet'},{'from': 'Chiplet_6', 'to': 'Chiplet_4', 'connection_type': '2.5d_emib', 'loc': '2.5d_chiplet'},{'from': 'Chiplet_6', 'to': 'Chiplet_3', 'connection_type': '2.5d_emib', 'loc': '2.5d_chiplet'},{'from': 'Chiplet_2', 'to': 'Chiplet_5', 'connection_type': '2.5d_emib', 'loc': '2.5d_chiplet'},{'from': 'Chiplet_2', 'to': 'Chiplet_6', 'connection_type': '2.5d_emib', 'loc': '2.5d_chiplet'},{'from': 'Chiplet_1', 'to': 'Chiplet_5', 'connection_type': '2.5d_emib', 'loc': '2.5d_chiplet'},{'from': 'Chiplet_1', 'to': 'Chiplet_6', 'connection_type': '2.5d_emib', 'loc': '2.5d_chiplet'},{'from': 'Chiplet_1', 'to': 'Chiplet_4', 'connection_type': '2.5d_emib', 'loc': '2.5d_chiplet'},{'from': 'Chiplet_5', 'to': 'Chiplet_1', 'connection_type': '2.5d_emib', 'loc': '2.5d_chiplet'},{'from': 'Chiplet_5', 'to': 'Chiplet_6', 'connection_type': '2.5d_emib', 'loc': '2.5d_chiplet'},{'from': 'Chiplet_5', 'to': 'Chiplet_2', 'connection_type': '2.5d_emib', 'loc': '2.5d_chiplet'}",1,1,3,1,1,1,ddr5,aib,na,0,0,ws,0,0,0
58,17.02500407837328,2875408.91,63143.24379702528,1581855568.5195756,444851.24448600516,260402.47901819268,58,1.249405813087535,1.7054115854749998,256,64x64,14,6.726740457366197,12.973514847541198,4096,192x192,10,0.46559300000000003,1.11875,512,64x64,7,1.3653681800824635,3.1172648505374996,512,96x96,10,3.665749090547913,5.538366334949999,4096,128x128,10,3.5867297574793953,3.8395579270749995,2048,96x96,14,2.5d_3d,"{'from': 'Chiplet_2', 'to': 'Chiplet_6', 'connection_type': '3d_u_bump', 'loc': 'stack0_base'},{'from': 'Chiplet_6', 'to': 'Chiplet_4', 'connection_type': '3d_u_bump', 'loc': 'stack0_middle1'},{'from': 'Chiplet_4', 'to': 'na', 'connection_type': '3d_u_bump', 'loc': 'stack0_top'},{'from': 'Chiplet_2', 'to': 'Chiplet_5', 'connection_type': '2.5d_rdl', 'loc': '2.5d_chiplet'},{'from': 'Chiplet_2', 'to': 'Chiplet_1', 'connection_type': '2.5d_rdl', 'loc': '2.5d_chiplet'},{'from': 'Chiplet_5', 'to': 'Chiplet_3', 'connection_type': '2.5d_rdl', 'loc': '2.5d_chiplet'},{'from': 'Chiplet_5', 'to': 'Chiplet_1', 'connection_type': '2.5d_rdl', 'loc': '2.5d_chiplet'},{'from': 'Chiplet_5', 'to': 'Chiplet_2', 'connection_type': '2.5d_rdl', 'loc': '2.5d_chiplet'},{'from': 'Chiplet_1', 'to': 'Chiplet_5', 'connection_type': '2.5d_rdl', 'loc': '2.5d_chiplet'},{'from': 'Chiplet_1', 'to': 'Chiplet_3', 'connection_type': '2.5d_rdl', 'loc': '2.5d_chiplet'},{'from': 'Chiplet_1', 'to': 'Chiplet_2', 'connection_type': '2.5d_rdl', 'loc': '2.5d_chiplet'},{'from': 'Chiplet_3', 'to': 'Chiplet_5', 'connection_type': '2.5d_rdl', 'loc': '2.5d_chiplet'},{'from': 'Chiplet_3', 'to': 'Chiplet_1', 'connection_type': '2.5d_rdl', 'loc': '2.5d_chiplet'}",1,6,1,1,4,3,hbm3,ucie_std,ucie_3d,0,0,os,1,0,0
59,26.45089906804531,2941905.81,161100.9262086098,1762462600.457666,58497.52241238794,62666.78841753686,59,2.927572174079395,3.8395579270749995,1024,96x96,14,1.4141952089375351,1.7054115854749998,512,64x64,14,0.656621759447044,1.3845915837374998,256,64x64,10,2.927572174079395,3.8395579270749995,1024,96x96,14,0.829831759447044,1.3845915837374998,768,64x64,10,12.799492673176792,15.979573171754398,4096,192x192,14,2.5d,"{'from': 'Chiplet_6', 'to': 'Chiplet_1', 'connection_type': '2.5d_emib', 'loc': '2.5d_chiplet'},{'from': 'Chiplet_6', 'to': 'Chiplet_4', 'connection_type': '2.5d_emib', 'loc': '2.5d_chiplet'},{'from': 'Chiplet_1', 'to': 'Chiplet_6', 'connection_type': '2.5d_emib', 'loc': '2.5d_chiplet'},{'from': 'Chiplet_1', 'to': 'Chiplet_2', 'connection_type': '2.5d_emib', 'loc': '2.5d_chiplet'},{'from': 'Chiplet_1', 'to': 'Chiplet_4', 'connection_type': '2.5d_emib', 'loc': '2.5d_chiplet'},{'from': 'Chiplet_2', 'to': 'Chiplet_5', 'connection_type': '2.5d_emib', 'loc': '2.5d_chiplet'},{'from': 'Chiplet_2', 'to': 'Chiplet_1', 'connection_type': '2.5d_emib', 'loc': '2.5d_chiplet'},{'from': 'Chiplet_4', 'to': 'Chiplet_5', 'connection_type': '2.5d_emib', 'loc': '2.5d_chiplet'},{'from': 'Chiplet_4', 'to': 'Chiplet_1', 'connection_type': '2.5d_emib', 'loc': '2.5d_chiplet'},{'from': 'Chiplet_4', 'to': 'Chiplet_6', 'connection_type': '2.5d_emib', 'loc': '2.5d_chiplet'},{'from': 'Chiplet_4', 'to': 'Chiplet_3', 'connection_type': '2.5d_emib', 'loc': '2.5d_chiplet'},{'from': 'Chiplet_5', 'to': 'Chiplet_3', 'connection_type': '2.5d_emib', 'loc': '2.5d_chiplet'},{'from': 'Chiplet_5', 'to': 'Chiplet_2', 'connection_type': '2.5d_emib', 'loc': '2.5d_chiplet'},{'from': 'Chiplet_5', 'to': 'Chiplet_4', 'connection_type': '2.5d_emib', 'loc': '2.5d_chiplet'},{'from': 'Chiplet_3', 'to': 'Chiplet_5', 'connection_type': '2.5d_emib', 'loc': '2.5d_chiplet'},{'from': 'Chiplet_3', 'to': 'Chiplet_4', 'connection_type': '2.5d_emib', 'loc': '2.5d_chiplet'}",2,1,1,2,1,9,hbm3,aib,na,1,0,os,0,0,0
60,31.598036839667493,3590364.09,75517.48087386238,2175356856.1238375,57018.33333333333,75691.79083902968,60,2.20879254,4.475,3072,128x128,7,6.726740457366197,12.973514847541198,4096,192x192,10,2.972908090547913,5.538366334949999,2048,128x128,10,1.5385781800824634,3.1172648505374996,1024,96x96,10,0.46559300000000003,1.11875,512,64x64,7,6.315940422320179,6.821646341899999,3072,128x128,14,2.5d,"{'from': 'Chiplet_2', 'to': 'Chiplet_1', 'connection_type': '2.5d_rdl', 'loc': '2.5d_chiplet'},{'from': 'Chiplet_2', 'to': 'Chiplet_6', 'connection_type': '2.5d_rdl', 'loc': '2.5d_chiplet'},{'from': 'Chiplet_2', 'to': 'Chiplet_4', 'connection_type': '2.5d_rdl', 'loc': '2.5d_chiplet'},{'from': 'Chiplet_1', 'to': 'Chiplet_2', 'connection_type': '2.5d_rdl', 'loc': '2.5d_chiplet'},{'from': 'Chiplet_1', 'to': 'Chiplet_4', 'connection_type': '2.5d_rdl', 'loc': '2.5d_chiplet'},{'from': 'Chiplet_4', 'to': 'Chiplet_1', 'connection_type': '2.5d_rdl', 'loc': '2.5d_chiplet'},{'from': 'Chiplet_4', 'to': 'Chiplet_2', 'connection_type': '2.5d_rdl', 'loc': '2.5d_chiplet'},{'from': 'Chiplet_6', 'to': 'Chiplet_5', 'connection_type': '2.5d_rdl', 'loc': '2.5d_chiplet'},{'from': 'Chiplet_6', 'to': 'Chiplet_3', 'connection_type': '2.5d_rdl', 'loc': '2.5d_chiplet'},{'from': 'Chiplet_6', 'to': 'Chiplet_2', 'connection_type': '2.5d_rdl', 'loc': '2.5d_chiplet'},{'from': 'Chiplet_3', 'to': 'Chiplet_5', 'connection_type': '2.5d_rdl', 'loc': '2.5d_chiplet'},{'from': 'Chiplet_3', 'to': 'Chiplet_6', 'connection_type': '2.5d_rdl', 'loc': '2.5d_chiplet'},{'from': 'Chiplet_5', 'to': 'Chiplet_3', 'connection_type': '2.5d_rdl', 'loc': '2.5d_chiplet'},{'from': 'Chiplet_5', 'to': 'Chiplet_6', 'connection_type': '2.5d_rdl', 'loc': '2.5d_chiplet'}",2,5,2,1,1,5,hbm2,ucie_std,na,0,0,os,0,0,0
61,22.032016395724128,2971898.66,62630.82755560202,1589059876.4259124,104694.76710753306,82066.01538439258,61,0.638803,1.11875,1024,64x64,7,0.829831759447044,1.3845915837374998,768,64x64,10,0.829831759447044,1.3845915837374998,768,64x64,10,1.5385781800824634,3.1172648505374996,1024,96x96,10,2.20879254,4.475,3072,128x128,7,11.481175603606792,15.979573171754398,2048,192x192,14,2.5d_3d,"{'from': 'Chiplet_6', 'to': 'Chiplet_4', 'connection_type': '3d_tsv', 'loc': 'stack0_base'},{'from': 'Chiplet_4', 'to': 'Chiplet_1', 'connection_type': '3d_tsv', 'loc': 'stack0_middle1'},{'from': 'Chiplet_1', 'to': 'na', 'connection_type': '3d_tsv', 'loc': 'stack0_top'},{'from': 'Chiplet_6', 'to': 'Chiplet_5', 'connection_type': '2.5d_rdl', 'loc': '2.5d_chiplet'},{'from': 'Chiplet_6', 'to': 'Chiplet_2', 'connection_type': '2.5d_rdl', 'loc': '2.5d_chiplet'},{'from': 'Chiplet_5', 'to': 'Chiplet_3', 'connection_type': '2.5d_rdl', 'loc': '2.5d_chiplet'},{'from': 'Chiplet_5', 'to': 'Chiplet_6', 'connection_type': '2.5d_rdl', 'loc': '2.5d_chiplet'},{'from': 'Chiplet_5', 'to': 'Chiplet_2', 'connection_type': '2.5d_rdl', 'loc': '2.5d_chiplet'},{'from': 'Chiplet_2', 'to': 'Chiplet_5', 'connection_type': '2.5d_rdl', 'loc': '2.5d_chiplet'},{'from': 'Chiplet_2', 'to': 'Chiplet_3', 'connection_type': '2.5d_rdl', 'loc': '2.5d_chiplet'},{'from': 'Chiplet_2', 'to': 'Chiplet_6', 'connection_type': '2.5d_rdl', 'loc': '2.5d_chiplet'},{'from': 'Chiplet_3', 'to': 'Chiplet_5', 'connection_type': '2.5d_rdl', 'loc': '2.5d_chiplet'},{'from': 'Chiplet_3', 'to': 'Chiplet_2', 'connection_type': '2.5d_rdl', 'loc': '2.5d_chiplet'}",1,1,1,1,2,10,hbm3,ucie_std,ucie_3d,1,0,ws,0,0,0
62,60.43808726692622,5299244.21,182767.0223601946,2115249407.9231405,559667.8865975942,404703.49223223823,62,1.3653681800824635,3.1172648505374996,512,96x96,10,0.552198,1.11875,768,64x64,7,1.578984604787535,1.7054115854749998,768,64x64,14,14.117807839976791,15.979573171754398,6144,192x192,14,6.315940422320179,6.821646341899999,3072,128x128,14,6.975099908490179,6.821646341899999,4096,128x128,14,2.5d,"{'from': 'Chiplet_4', 'to': 'Chiplet_1', 'connection_type': '2.5d_emib', 'loc': '2.5d_chiplet'},{'from': 'Chiplet_4', 'to': 'Chiplet_6', 'connection_type': '2.5d_emib', 'loc': '2.5d_chiplet'},{'from': 'Chiplet_1', 'to': 'Chiplet_6', 'connection_type': '2.5d_emib', 'loc': '2.5d_chiplet'},{'from': 'Chiplet_1', 'to': 'Chiplet_4', 'connection_type': '2.5d_emib', 'loc': '2.5d_chiplet'},{'from': 'Chiplet_6', 'to': 'Chiplet_5', 'connection_type': '2.5d_emib', 'loc': '2.5d_chiplet'},{'from': 'Chiplet_6', 'to': 'Chiplet_1', 'connection_type': '2.5d_emib', 'loc': '2.5d_chiplet'},{'from': 'Chiplet_6', 'to': 'Chiplet_2', 'connection_type': '2.5d_emib', 'loc': '2.5d_chiplet'},{'from': 'Chiplet_6', 'to': 'Chiplet_4', 'connection_type': '2.5d_emib', 'loc': '2.5d_chiplet'},{'from': 'Chiplet_2', 'to': 'Chiplet_3', 'connection_type': '2.5d_emib', 'loc': '2.5d_chiplet'},{'from': 'Chiplet_2', 'to': 'Chiplet_6', 'connection_type': '2.5d_emib', 'loc': '2.5d_chiplet'},{'from': 'Chiplet_5', 'to': 'Chiplet_3', 'connection_type': '2.5d_emib', 'loc': '2.5d_chiplet'},{'from': 'Chiplet_5', 'to': 'Chiplet_6', 'connection_type': '2.5d_emib', 'loc': '2.5d_chiplet'},{'from': 'Chiplet_3', 'to': 'Chiplet_5', 'connection_type': '2.5d_emib', 'loc': '2.5d_chiplet'},{'from': 'Chiplet_3', 'to': 'Chiplet_2', 'connection_type': '2.5d_emib', 'loc': '2.5d_chiplet'}",1,1,1,7,3,3,hbm2,bow,na,1,0,ws,1,0,0
63,16.339055914293564,3821159.97,86649.61313195,2152503409.4601526,455500.23156644753,323735.20987436577,63,0.957922696,2.51875,1024,96x96,7,4.818150952,10.4826,6144,192x192,7,4.9976252555201786,6.821646341899999,1024,128x128,14,1.304342696,2.51875,2048,96x96,7,5.5109919519999995,10.4826,8192,192x192,7,0.46559300000000003,1.11875,512,64x64,7,2.5d_3d,"{'from': 'Chiplet_3', 'to': 'Chiplet_4', 'connection_type': '3d_tsv', 'loc': 'stack0_base'},{'from': 'Chiplet_4', 'to': 'Chiplet_1', 'connection_type': '3d_tsv', 'loc': 'stack0_middle1'},{'from': 'Chiplet_1', 'to': 'Chiplet_6', 'connection_type': '3d_tsv', 'loc': 'stack0_middle2'},{'from': 'Chiplet_6', 'to': 'na', 'connection_type': '3d_tsv', 'loc': 'stack0_top'},{'from': 'Chiplet_5', 'to': 'Chiplet_3', 'connection_type': '2.5d_rdl', 'loc': '2.5d_chiplet'},{'from': 'Chiplet_5', 'to': 'Chiplet_2', 'connection_type': '2.5d_rdl', 'loc': '2.5d_chiplet'},{'from': 'Chiplet_3', 'to': 'Chiplet_5', 'connection_type': '2.5d_rdl', 'loc': '2.5d_chiplet'},{'from': 'Chiplet_3', 'to': 'Chiplet_2', 'connection_type': '2.5d_rdl', 'loc': '2.5d_chiplet'},{'from': 'Chiplet_2', 'to': 'Chiplet_5', 'connection_type': '2.5d_rdl', 'loc': '2.5d_chiplet'},{'from': 'Chiplet_2', 'to': 'Chiplet_3', 'connection_type': '2.5d_rdl', 'loc': '2.5d_chiplet'}",1,4,4,1,5,1,hbm2,ucie_std,ucie_3d,0,0,os,1,0,0
64,25.436793917567364,2457782.55,64745.78308872509,10010892632.617409,159704.54248366013,266745.81008166063,64,1.743774000637535,1.7054115854749998,1024,64x64,14,1.51595254,4.475,1024,128x128,7,4.9976252555201786,6.821646341899999,1024,128x128,14,2.597993382379395,3.8395579270749995,512,96x96,14,2.55521354,4.475,4096,128x128,7,4.9976252555201786,6.821646341899999,1024,128x128,14,2.5d,"{'from': 'Chiplet_3', 'to': 'Chiplet_6', 'connection_type': '2.5d_rdl', 'loc': '2.5d_chiplet'},{'from': 'Chiplet_3', 'to': 'Chiplet_4', 'connection_type': '2.5d_rdl', 'loc': '2.5d_chiplet'},{'from': 'Chiplet_3', 'to': 'Chiplet_2', 'connection_type': '2.5d_rdl', 'loc': '2.5d_chiplet'},{'from': 'Chiplet_4', 'to': 'Chiplet_3', 'connection_type': '2.5d_rdl', 'loc': '2.5d_chiplet'},{'from': 'Chiplet_4', 'to': 'Chiplet_2', 'connection_type': '2.5d_rdl', 'loc': '2.5d_chiplet'},{'from': 'Chiplet_2', 'to': 'Chiplet_3', 'connection_type': '2.5d_rdl', 'loc': '2.5d_chiplet'},{'from': 'Chiplet_2', 'to': 'Chiplet_4', 'connection_type': '2.5d_rdl', 'loc': '2.5d_chiplet'},{'from': 'Chiplet_6', 'to': 'Chiplet_5', 'connection_type': '2.5d_rdl', 'loc': '2.5d_chiplet'},{'from': 'Chiplet_6', 'to': 'Chiplet_3', 'connection_type': '2.5d_rdl', 'loc': '2.5d_chiplet'},{'from': 'Chiplet_6', 'to': 'Chiplet_1', 'connection_type': '2.5d_rdl', 'loc': '2.5d_chiplet'},{'from': 'Chiplet_5', 'to': 'Chiplet_1', 'connection_type': '2.5d_rdl', 'loc': '2.5d_chiplet'},{'from': 'Chiplet_5', 'to': 'Chiplet_6', 'connection_type': '2.5d_rdl', 'loc': '2.5d_chiplet'},{'from': 'Chiplet_1', 'to': 'Chiplet_5', 'connection_type': '2.5d_rdl', 'loc': '2.5d_chiplet'},{'from': 'Chiplet_1', 'to': 'Chiplet_6', 'connection_type': '2.5d_rdl', 'loc': '2.5d_chiplet'}",1,1,2,1,1,2,ddr4,ucie_std,na,0,0,ws,0,0,0
65,36.17275844830403,3873056.94,82409.59820014905,1614848246.4832473,610225.1717270729,483007.41392667836,65,1.249405813087535,1.7054115854749998,256,64x64,14,0.957922696,2.51875,1024,96x96,7,6.726740457366197,12.973514847541198,4096,192x192,10,11.481175603606792,15.979573171754398,2048,192x192,14,2.6264880905479133,5.538366334949999,1024,128x128,10,1.4141952089375351,1.7054115854749998,512,64x64,14,2.5d,"{'from': 'Chiplet_4', 'to': 'Chiplet_5', 'connection_type': '2.5d_rdl', 'loc': '2.5d_chiplet'},{'from': 'Chiplet_4', 'to': 'Chiplet_3', 'connection_type': '2.5d_rdl', 'loc': '2.5d_chiplet'},{'from': 'Chiplet_4', 'to': 'Chiplet_2', 'connection_type': '2.5d_rdl', 'loc': '2.5d_chiplet'},{'from': 'Chiplet_2', 'to': 'Chiplet_5', 'connection_type': '2.5d_rdl', 'loc': '2.5d_chiplet'},{'from': 'Chiplet_2', 'to': 'Chiplet_4', 'connection_type': '2.5d_rdl', 'loc': '2.5d_chiplet'},{'from': 'Chiplet_3', 'to': 'Chiplet_5', 'connection_type': '2.5d_rdl', 'loc': '2.5d_chiplet'},{'from': 'Chiplet_3', 'to': 'Chiplet_6', 'connection_type': '2.5d_rdl', 'loc': '2.5d_chiplet'},{'from': 'Chiplet_3', 'to': 'Chiplet_4', 'connection_type': '2.5d_rdl', 'loc': '2.5d_chiplet'},{'from': 'Chiplet_5', 'to': 'Chiplet_1', 'connection_type': '2.5d_rdl', 'loc': '2.5d_chiplet'},{'from': 'Chiplet_5', 'to': 'Chiplet_6', 'connection_type': '2.5d_rdl', 'loc': '2.5d_chiplet'},{'from': 'Chiplet_5', 'to': 'Chiplet_2', 'connection_type': '2.5d_rdl', 'loc': '2.5d_chiplet'},{'from': 'Chiplet_5', 'to': 'Chiplet_4', 'connection_type': '2.5d_rdl', 'loc': '2.5d_chiplet'},{'from': 'Chiplet_5', 'to': 'Chiplet_3', 'connection_type': '2.5d_rdl', 'loc': '2.5d_chiplet'},{'from': 'Chiplet_6', 'to': 'Chiplet_5', 'connection_type': '2.5d_rdl', 'loc': '2.5d_chiplet'},{'from': 'Chiplet_6', 'to': 'Chiplet_1', 'connection_type': '2.5d_rdl', 'loc': '2.5d_chiplet'},{'from': 'Chiplet_6', 'to': 'Chiplet_3', 'connection_type': '2.5d_rdl', 'loc': '2.5d_chiplet'},{'from': 'Chiplet_1', 'to': 'Chiplet_5', 'connection_type': '2.5d_rdl', 'loc': '2.5d_chiplet'},{'from': 'Chiplet_1', 'to': 'Chiplet_6', 'connection_type': '2.5d_rdl', 'loc': '2.5d_chiplet'}",1,1,4,7,2,1,hbm2,ucie_std,na,1,0,os,1,0,0
66,39.66846271083086,4328633.77,106124.8984231798,6671608778.26189,66845.64705882352,185761.36802042992,66,8.112421457366196,12.973514847541198,8192,192x192,10,6.033899457366197,12.973514847541198,2048,192x192,10,0.784712696,2.51875,512,96x96,7,2.972908090547913,5.538366334949999,2048,128x128,10,4.818150952,10.4826,6144,192x192,7,4.9976252555201786,6.821646341899999,1024,128x128,14,2.5d,"{'from': 'Chiplet_1', 'to': 'Chiplet_5', 'connection_type': '2.5d_rdl', 'loc': '2.5d_chiplet'},{'from': 'Chiplet_1', 'to': 'Chiplet_6', 'connection_type': '2.5d_rdl', 'loc': '2.5d_chiplet'},{'from': 'Chiplet_1', 'to': 'Chiplet_2', 'connection_type': '2.5d_rdl', 'loc': '2.5d_chiplet'},{'from': 'Chiplet_1', 'to': 'Chiplet_3', 'connection_type': '2.5d_rdl', 'loc': '2.5d_chiplet'},{'from': 'Chiplet_5', 'to': 'Chiplet_3', 'connection_type': '2.5d_rdl', 'loc': '2.5d_chiplet'},{'from': 'Chiplet_5', 'to': 'Chiplet_1', 'connection_type': '2.5d_rdl', 'loc': '2.5d_chiplet'},{'from': 'Chiplet_3', 'to': 'Chiplet_5', 'connection_type': '2.5d_rdl', 'loc': '2.5d_chiplet'},{'from': 'Chiplet_3', 'to': 'Chiplet_1', 'connection_type': '2.5d_rdl', 'loc': '2.5d_chiplet'},{'from': 'Chiplet_2', 'to': 'Chiplet_1', 'connection_type': '2.5d_rdl', 'loc': '2.5d_chiplet'},{'from': 'Chiplet_2', 'to': 'Chiplet_6', 'connection_type': '2.5d_rdl', 'loc': '2.5d_chiplet'},{'from': 'Chiplet_2', 'to': 'Chiplet_4', 'connection_type': '2.5d_rdl', 'loc': '2.5d_chiplet'},{'from': 'Chiplet_6', 'to': 'Chiplet_1', 'connection_type': '2.5d_rdl', 'loc': '2.5d_chiplet'},{'from': 'Chiplet_6', 'to': 'Chiplet_2', 'connection_type': '2.5d_rdl', 'loc': '2.5d_chiplet'},{'from': 'Chiplet_6', 'to': 'Chiplet_4', 'connection_type': '2.5d_rdl', 'loc': '2.5d_chiplet'},{'from': 'Chiplet_4', 'to': 'Chiplet_6', 'connection_type': '2.5d_rdl', 'loc': '2.5d_chiplet'},{'from': 'Chiplet_4', 'to': 'Chiplet_2', 'connection_type': '2.5d_rdl', 'loc': '2.5d_chiplet'}",2,2,1,1,1,1,ddr4,ucie_std,na,1,0,is,0,0,0
67,51.55664800957216,5010237.44,166630.9750258945,6954477579.572657,139261.76470588235,235928.80340768571,67,6.975099908490179,6.821646341899999,4096,128x128,14,6.726740457366197,12.973514847541198,4096,192x192,10,14.117807839976791,15.979573171754398,6144,192x192,14,0.957922696,2.51875,1024,96x96,7,0.957922696,2.51875,1024,96x96,7,0.743226759447044,1.3845915837374998,512,64x64,10,2.5d_3d,"{'from': 'Chiplet_4', 'to': 'Chiplet_5', 'connection_type': '3d_u_bump', 'loc': 'stack0_base'},{'from': 'Chiplet_5', 'to': 'na', 'connection_type': '3d_u_bump', 'loc': 'stack0_top'},{'from': 'Chiplet_3', 'to': 'Chiplet_1', 'connection_type': '2.5d_emib', 'loc': '2.5d_chiplet'},{'from': 'Chiplet_3', 'to': 'Chiplet_2', 'connection_type': '2.5d_emib', 'loc': '2.5d_chiplet'},{'from': 'Chiplet_3', 'to': 'Chiplet_6', 'connection_type': '2.5d_emib', 'loc': '2.5d_chiplet'},{'from': 'Chiplet_6', 'to': 'Chiplet_3', 'connection_type': '2.5d_emib', 'loc': '2.5d_chiplet'},{'from': 'Chiplet_6', 'to': 'Chiplet_2', 'connection_type': '2.5d_emib', 'loc': '2.5d_chiplet'},{'from': 'Chiplet_1', 'to': 'Chiplet_3', 'connection_type': '2.5d_emib', 'loc': '2.5d_chiplet'},{'from': 'Chiplet_1', 'to': 'Chiplet_2', 'connection_type': '2.5d_emib', 'loc': '2.5d_chiplet'},{'from': 'Chiplet_1', 'to': 'Chiplet_4', 'connection_type': '2.5d_emib', 'loc': '2.5d_chiplet'},{'from': 'Chiplet_2', 'to': 'Chiplet_3', 'connection_type': '2.5d_emib', 'loc': '2.5d_chiplet'},{'from': 'Chiplet_2', 'to': 'Chiplet_1', 'connection_type': '2.5d_emib', 'loc': '2.5d_chiplet'},{'from': 'Chiplet_2', 'to': 'Chiplet_6', 'connection_type': '2.5d_emib', 'loc': '2.5d_chiplet'},{'from': 'Chiplet_2', 'to': 'Chiplet_4', 'connection_type': '2.5d_emib', 'loc': '2.5d_chiplet'},{'from': 'Chiplet_4', 'to': 'Chiplet_1', 'connection_type': '2.5d_emib', 'loc': '2.5d_chiplet'},{'from': 'Chiplet_4', 'to': 'Chiplet_2', 'connection_type': '2.5d_emib', 'loc': '2.5d_chiplet'}",1,1,3,1,1,1,ddr4,aib,ucie_3d,0,0,is,0,0,0
68,43.091132370686296,3954582.98,100375.19195928666,5327780381.874307,63433.03474484256,144915.15518811604,68,15.436124909546791,15.979573171754398,8192,192x192,14,2.597993382379395,3.8395579270749995,512,96x96,14,3.3193280905479132,5.538366334949999,3072,128x128,10,2.972908090547913,5.538366334949999,2048,128x128,10,0.784712696,2.51875,512,96x96,7,6.975099908490179,6.821646341899999,4096,128x128,14,2.5d,"{'from': 'Chiplet_1', 'to': 'Chiplet_5', 'connection_type': '2.5d_rdl', 'loc': '2.5d_chiplet'},{'from': 'Chiplet_1', 'to': 'Chiplet_3', 'connection_type': '2.5d_rdl', 'loc': '2.5d_chiplet'},{'from': 'Chiplet_1', 'to': 'Chiplet_6', 'connection_type': '2.5d_rdl', 'loc': '2.5d_chiplet'},{'from': 'Chiplet_5', 'to': 'Chiplet_3', 'connection_type': '2.5d_rdl', 'loc': '2.5d_chiplet'},{'from': 'Chiplet_5', 'to': 'Chiplet_1', 'connection_type': '2.5d_rdl', 'loc': '2.5d_chiplet'},{'from': 'Chiplet_6', 'to': 'Chiplet_3', 'connection_type': '2.5d_rdl', 'loc': '2.5d_chiplet'},{'from': 'Chiplet_6', 'to': 'Chiplet_1', 'connection_type': '2.5d_rdl', 'loc': '2.5d_chiplet'},{'from': 'Chiplet_6', 'to': 'Chiplet_4', 'connection_type': '2.5d_rdl', 'loc': '2.5d_chiplet'},{'from': 'Chiplet_3', 'to': 'Chiplet_5', 'connection_type': '2.5d_rdl', 'loc': '2.5d_chiplet'},{'from': 'Chiplet_3', 'to': 'Chiplet_1', 'connection_type': '2.5d_rdl', 'loc': '2.5d_chiplet'},{'from': 'Chiplet_3', 'to': 'Chiplet_2', 'connection_type': '2.5d_rdl', 'loc': '2.5d_chiplet'},{'from': 'Chiplet_3', 'to': 'Chiplet_4', 'connection_type': '2.5d_rdl', 'loc': '2.5d_chiplet'},{'from': 'Chiplet_3', 'to': 'Chiplet_6', 'connection_type': '2.5d_rdl', 'loc': '2.5d_chiplet'},{'from': 'Chiplet_4', 'to': 'Chiplet_3', 'connection_type': '2.5d_rdl', 'loc': '2.5d_chiplet'},{'from': 'Chiplet_4', 'to': 'Chiplet_6', 'connection_type': '2.5d_rdl', 'loc': '2.5d_chiplet'},{'from': 'Chiplet_4', 'to': 'Chiplet_2', 'connection_type': '2.5d_rdl', 'loc': '2.5d_chiplet'},{'from': 'Chiplet_2', 'to': 'Chiplet_3', 'connection_type': '2.5d_rdl', 'loc': '2.5d_chiplet'},{'from': 'Chiplet_2', 'to': 'Chiplet_4', 'connection_type': '2.5d_rdl', 'loc': '2.5d_chiplet'}",3,1,1,1,1,1,ddr5,ucie_std,na,0,0,os,0,0,0
69,26.36809686532509,4062318.56,97721.85012711067,2294415173.227257,432760.6305687006,292947.4445533417,69,6.975099908490179,6.821646341899999,4096,128x128,14,1.578984604787535,1.7054115854749998,768,64x64,14,1.304342696,2.51875,2048,96x96,7,0.829831759447044,1.3845915837374998,768,64x64,10,1.3653681800824635,3.1172648505374996,512,96x96,10,15.436124909546791,15.979573171754398,8192,192x192,14,2.5d_3d,"{'from': 'Chiplet_1', 'to': 'Chiplet_2', 'connection_type': '3d_hyb_bond', 'loc': 'stack0_base'},{'from': 'Chiplet_2', 'to': 'Chiplet_5', 'connection_type': '3d_hyb_bond', 'loc': 'stack0_middle1'},{'from': 'Chiplet_5', 'to': 'Chiplet_3', 'connection_type': '3d_hyb_bond', 'loc': 'stack0_middle2'},{'from': 'Chiplet_3', 'to': 'Chiplet_4', 'connection_type': '3d_hyb_bond', 'loc': 'stack0_middle3'},{'from': 'Chiplet_4', 'to': 'na', 'connection_type': '3d_hyb_bond', 'loc': 'stack0_top'},{'from': 'Chiplet_6', 'to': 'Chiplet_1', 'connection_type': '2.5d_rdl', 'loc': '2.5d_chiplet'},{'from': 'Chiplet_1', 'to': 'Chiplet_6', 'connection_type': '2.5d_rdl', 'loc': '2.5d_chiplet'}",4,1,1,1,1,8,hbm3,ucie_std,ucie_3d,0,0,ws,1,0,0
70,36.71949283422939,4045626.04,176020.91083953413,1927829854.1868134,47195.0,70273.88396509134,70,0.957922696,2.51875,1024,96x96,7,1.4141952089375351,1.7054115854749998,512,64x64,14,11.481175603606792,15.979573171754398,2048,192x192,14,3.2571509657793953,3.8395579270749995,1536,96x96,14,1.8849981800824636,3.1172648505374996,2048,96x96,10,6.033899457366197,12.973514847541198,2048,192x192,10,2.5d,"{'from': 'Chiplet_3', 'to': 'Chiplet_1', 'connection_type': '2.5d_emib', 'loc': '2.5d_chiplet'},{'from': 'Chiplet_3', 'to': 'Chiplet_6', 'connection_type': '2.5d_emib', 'loc': '2.5d_chiplet'},{'from': 'Chiplet_3', 'to': 'Chiplet_4', 'connection_type': '2.5d_emib', 'loc': '2.5d_chiplet'},{'from': 'Chiplet_1', 'to': 'Chiplet_3', 'connection_type': '2.5d_emib', 'loc': '2.5d_chiplet'},{'from': 'Chiplet_1', 'to': 'Chiplet_4', 'connection_type': '2.5d_emib', 'loc': '2.5d_chiplet'},{'from': 'Chiplet_6', 'to': 'Chiplet_5', 'connection_type': '2.5d_emib', 'loc': '2.5d_chiplet'},{'from': 'Chiplet_6', 'to': 'Chiplet_3', 'connection_type': '2.5d_emib', 'loc': '2.5d_chiplet'},{'from': 'Chiplet_6', 'to': 'Chiplet_4', 'connection_type': '2.5d_emib', 'loc': '2.5d_chiplet'},{'from': 'Chiplet_4', 'to': 'Chiplet_5', 'connection_type': '2.5d_emib', 'loc': '2.5d_chiplet'},{'from': 'Chiplet_4', 'to': 'Chiplet_1', 'connection_type': '2.5d_emib', 'loc': '2.5d_chiplet'},{'from': 'Chiplet_4', 'to': 'Chiplet_2', 'connection_type': '2.5d_emib', 'loc': '2.5d_chiplet'},{'from': 'Chiplet_4', 'to': 'Chiplet_6', 'connection_type': '2.5d_emib', 'loc': '2.5d_chiplet'},{'from': 'Chiplet_4', 'to': 'Chiplet_3', 'connection_type': '2.5d_emib', 'loc': '2.5d_chiplet'},{'from': 'Chiplet_5', 'to': 'Chiplet_6', 'connection_type': '2.5d_emib', 'loc': '2.5d_chiplet'},{'from': 'Chiplet_5', 'to': 'Chiplet_4', 'connection_type': '2.5d_emib', 'loc': '2.5d_chiplet'},{'from': 'Chiplet_5', 'to': 'Chiplet_2', 'connection_type': '2.5d_emib', 'loc': '2.5d_chiplet'},{'from': 'Chiplet_2', 'to': 'Chiplet_5', 'connection_type': '2.5d_emib', 'loc': '2.5d_chiplet'},{'from': 'Chiplet_2', 'to': 'Chiplet_4', 'connection_type': '2.5d_emib', 'loc': '2.5d_chiplet'}",1,1,7,2,1,4,hbm2,bow,na,1,0,os,0,0,0
71,20.56307050990387,4224881.82,95009.97359804121,1635849791.8873181,541535.7809778316,432911.80039058626,71,4.9976252555201786,6.821646341899999,1024,128x128,14,1.304342696,2.51875,2048,96x96,7,7.419580457366196,12.973514847541198,6144,192x192,10,3.5867297574793953,3.8395579270749995,2048,96x96,14,4.1253109519999995,10.4826,4096,192x192,7,2.927572174079395,3.8395579270749995,1024,96x96,14,2.5d_3d,"{'from': 'Chiplet_1', 'to': 'Chiplet_5', 'connection_type': '3d_hyb_bond', 'loc': 'stack0_base'},{'from': 'Chiplet_5', 'to': 'Chiplet_4', 'connection_type': '3d_hyb_bond', 'loc': 'stack0_middle1'},{'from': 'Chiplet_4', 'to': 'na', 'connection_type': '3d_hyb_bond', 'loc': 'stack0_top'},{'from': 'Chiplet_3', 'to': 'Chiplet_1', 'connection_type': '2.5d_rdl', 'loc': '2.5d_chiplet'},{'from': 'Chiplet_3', 'to': 'Chiplet_6', 'connection_type': '2.5d_rdl', 'loc': '2.5d_chiplet'},{'from': 'Chiplet_3', 'to': 'Chiplet_2', 'connection_type': '2.5d_rdl', 'loc': '2.5d_chiplet'},{'from': 'Chiplet_2', 'to': 'Chiplet_3', 'connection_type': '2.5d_rdl', 'loc': '2.5d_chiplet'},{'from': 'Chiplet_2', 'to': 'Chiplet_6', 'connection_type': '2.5d_rdl', 'loc': '2.5d_chiplet'},{'from': 'Chiplet_1', 'to': 'Chiplet_3', 'connection_type': '2.5d_rdl', 'loc': '2.5d_chiplet'},{'from': 'Chiplet_1', 'to': 'Chiplet_6', 'connection_type': '2.5d_rdl', 'loc': '2.5d_chiplet'},{'from': 'Chiplet_6', 'to': 'Chiplet_3', 'connection_type': '2.5d_rdl', 'loc': '2.5d_chiplet'},{'from': 'Chiplet_6', 'to': 'Chiplet_1', 'connection_type': '2.5d_rdl', 'loc': '2.5d_chiplet'},{'from': 'Chiplet_6', 'to': 'Chiplet_2', 'connection_type': '2.5d_rdl', 'loc': '2.5d_chiplet'}",3,1,5,2,3,2,hbm3,ucie_std,ucie_3d,1,0,is,1,0,0
72,49.843375237046814,5519502.58,196071.681476152,1686404229.812741,223488.53455933338,245249.98861732273,72,11.481175603606792,15.979573171754398,2048,192x192,14,1.578984604787535,1.7054115854749998,768,64x64,14,1.578984604787535,1.7054115854749998,768,64x64,14,8.112421457366196,12.973514847541198,8192,192x192,10,4.9976252555201786,6.821646341899999,1024,128x128,14,6.033899457366197,12.973514847541198,2048,192x192,10,2.5d,"{'from': 'Chiplet_1', 'to': 'Chiplet_5', 'connection_type': '2.5d_emib', 'loc': '2.5d_chiplet'},{'from': 'Chiplet_1', 'to': 'Chiplet_6', 'connection_type': '2.5d_emib', 'loc': '2.5d_chiplet'},{'from': 'Chiplet_1', 'to': 'Chiplet_4', 'connection_type': '2.5d_emib', 'loc': '2.5d_chiplet'},{'from': 'Chiplet_5', 'to': 'Chiplet_1', 'connection_type': '2.5d_emib', 'loc': '2.5d_chiplet'},{'from': 'Chiplet_5', 'to': 'Chiplet_6', 'connection_type': '2.5d_emib', 'loc': '2.5d_chiplet'},{'from': 'Chiplet_4', 'to': 'Chiplet_1', 'connection_type': '2.5d_emib', 'loc': '2.5d_chiplet'},{'from': 'Chiplet_4', 'to': 'Chiplet_6', 'connection_type': '2.5d_emib', 'loc': '2.5d_chiplet'},{'from': 'Chiplet_4', 'to': 'Chiplet_2', 'connection_type': '2.5d_emib', 'loc': '2.5d_chiplet'},{'from': 'Chiplet_6', 'to': 'Chiplet_5', 'connection_type': '2.5d_emib', 'loc': '2.5d_chiplet'},{'from': 'Chiplet_6', 'to': 'Chiplet_1', 'connection_type': '2.5d_emib', 'loc': '2.5d_chiplet'},{'from': 'Chiplet_6', 'to': 'Chiplet_2', 'connection_type': '2.5d_emib', 'loc': '2.5d_chiplet'},{'from': 'Chiplet_6', 'to': 'Chiplet_4', 'connection_type': '2.5d_emib', 'loc': '2.5d_chiplet'},{'from': 'Chiplet_6', 'to': 'Chiplet_3', 'connection_type': '2.5d_emib', 'loc': '2.5d_chiplet'},{'from': 'Chiplet_2', 'to': 'Chiplet_3', 'connection_type': '2.5d_emib', 'loc': '2.5d_chiplet'},{'from': 'Chiplet_2', 'to': 'Chiplet_6', 'connection_type': '2.5d_emib', 'loc': '2.5d_chiplet'},{'from': 'Chiplet_2', 'to': 'Chiplet_4', 'connection_type': '2.5d_emib', 'loc': '2.5d_chiplet'},{'from': 'Chiplet_3', 'to': 'Chiplet_6', 'connection_type': '2.5d_emib', 'loc': '2.5d_chiplet'},{'from': 'Chiplet_3', 'to': 'Chiplet_2', 'connection_type': '2.5d_emib', 'loc': '2.5d_chiplet'}",5,1,1,4,2,3,hbm3,ucie_adv,na,0,0,is,1,0,0
73,24.93528172879292,2917025.25,123277.17733525964,4611697186.289162,92095.085995086,138413.8303353672,73,3.665749090547913,5.538366334949999,4096,128x128,10,0.743226759447044,1.3845915837374998,512,64x64,10,1.8849981800824636,3.1172648505374996,2048,96x96,10,11.481175603606792,15.979573171754398,2048,192x192,14,1.7117881800824635,3.1172648505374996,1536,96x96,10,0.957922696,2.51875,1024,96x96,7,2.5d_3d,"{'from': 'Chiplet_4', 'to': 'Chiplet_5', 'connection_type': '3d_tsv', 'loc': 'stack0_base'},{'from': 'Chiplet_5', 'to': 'Chiplet_2', 'connection_type': '3d_tsv', 'loc': 'stack0_middle1'},{'from': 'Chiplet_2', 'to': 'na', 'connection_type': '3d_tsv', 'loc': 'stack0_top'},{'from': 'Chiplet_4', 'to': 'Chiplet_3', 'connection_type': '2.5d_emib', 'loc': '2.5d_chiplet'},{'from': 'Chiplet_4', 'to': 'Chiplet_1', 'connection_type': '2.5d_emib', 'loc': '2.5d_chiplet'},{'from': 'Chiplet_1', 'to': 'Chiplet_3', 'connection_type': '2.5d_emib', 'loc': '2.5d_chiplet'},{'from': 'Chiplet_1', 'to': 'Chiplet_6', 'connection_type': '2.5d_emib', 'loc': '2.5d_chiplet'},{'from': 'Chiplet_1', 'to': 'Chiplet_4', 'connection_type': '2.5d_emib', 'loc': '2.5d_chiplet'},{'from': 'Chiplet_3', 'to': 'Chiplet_1', 'connection_type': '2.5d_emib', 'loc': '2.5d_chiplet'},{'from': 'Chiplet_3', 'to': 'Chiplet_6', 'connection_type': '2.5d_emib', 'loc': '2.5d_chiplet'},{'from': 'Chiplet_3', 'to': 'Chiplet_4', 'connection_type': '2.5d_emib', 'loc': '2.5d_chiplet'},{'from': 'Chiplet_6', 'to': 'Chiplet_3', 'connection_type': '2.5d_emib', 'loc': '2.5d_chiplet'},{'from': 'Chiplet_6', 'to': 'Chiplet_1', 'connection_type': '2.5d_emib', 'loc': '2.5d_chiplet'}",1,1,1,3,1,1,ddr5,bow,ucie_3d,1,0,os,0,0,0
74,15.798673933842625,2701795.77,64389.671870689934,3118828929.483198,664754.5621076124,409021.299195554,74,3.432469952,10.4826,2048,192x192,7,1.86237254,4.475,2048,128x128,7,1.8849981800824636,3.1172648505374996,2048,96x96,10,1.8849981800824636,3.1172648505374996,2048,96x96,10,1.7117881800824635,3.1172648505374996,1536,96x96,10,2.55521354,4.475,4096,128x128,7,2.5d_3d,"{'from': 'Chiplet_3', 'to': 'Chiplet_5', 'connection_type': '3d_hyb_bond', 'loc': 'stack0_base'},{'from': 'Chiplet_5', 'to': 'na', 'connection_type': '3d_hyb_bond', 'loc': 'stack0_top'},{'from': 'Chiplet_1', 'to': 'Chiplet_3', 'connection_type': '2.5d_rdl', 'loc': '2.5d_chiplet'},{'from': 'Chiplet_1', 'to': 'Chiplet_6', 'connection_type': '2.5d_rdl', 'loc': '2.5d_chiplet'},{'from': 'Chiplet_1', 'to': 'Chiplet_4', 'connection_type': '2.5d_rdl', 'loc': '2.5d_chiplet'},{'from': 'Chiplet_4', 'to': 'Chiplet_3', 'connection_type': '2.5d_rdl', 'loc': '2.5d_chiplet'},{'from': 'Chiplet_4', 'to': 'Chiplet_1', 'connection_type': '2.5d_rdl', 'loc': '2.5d_chiplet'},{'from': 'Chiplet_6', 'to': 'Chiplet_3', 'connection_type': '2.5d_rdl', 'loc': '2.5d_chiplet'},{'from': 'Chiplet_6', 'to': 'Chiplet_1', 'connection_type': '2.5d_rdl', 'loc': '2.5d_chiplet'},{'from': 'Chiplet_6', 'to': 'Chiplet_2', 'connection_type': '2.5d_rdl', 'loc': '2.5d_chiplet'},{'from': 'Chiplet_3', 'to': 'Chiplet_1', 'connection_type': '2.5d_rdl', 'loc': '2.5d_chiplet'},{'from': 'Chiplet_3', 'to': 'Chiplet_2', 'connection_type': '2.5d_rdl', 'loc': '2.5d_chiplet'},{'from': 'Chiplet_3', 'to': 'Chiplet_4', 'connection_type': '2.5d_rdl', 'loc': '2.5d_chiplet'},{'from': 'Chiplet_3', 'to': 'Chiplet_6', 'connection_type': '2.5d_rdl', 'loc': '2.5d_chiplet'},{'from': 'Chiplet_2', 'to': 'Chiplet_3', 'connection_type': '2.5d_rdl', 'loc': '2.5d_chiplet'},{'from': 'Chiplet_2', 'to': 'Chiplet_6', 'connection_type': '2.5d_rdl', 'loc': '2.5d_chiplet'}",2,1,1,1,1,2,ddr5,ucie_std,ucie_3d,0,0,is,1,0,0
75,34.86706191713811,3769456.26,184751.55140144506,4585093051.260233,294882.3272873897,302839.8256814578,75,1.3653681800824635,3.1172648505374996,512,96x96,10,5.656782838920179,6.821646341899999,2048,128x128,14,3.3193280905479132,5.538366334949999,3072,128x128,10,0.916436759447044,1.3845915837374998,1024,64x64,10,4.1253109519999995,10.4826,4096,192x192,7,8.112421457366196,12.973514847541198,8192,192x192,10,2.5d,"{'from': 'Chiplet_6', 'to': 'Chiplet_5', 'connection_type': '2.5d_emib', 'loc': '2.5d_chiplet'},{'from': 'Chiplet_6', 'to': 'Chiplet_2', 'connection_type': '2.5d_emib', 'loc': '2.5d_chiplet'},{'from': 'Chiplet_6', 'to': 'Chiplet_3', 'connection_type': '2.5d_emib', 'loc': '2.5d_chiplet'},{'from': 'Chiplet_3', 'to': 'Chiplet_5', 'connection_type': '2.5d_emib', 'loc': '2.5d_chiplet'},{'from': 'Chiplet_3', 'to': 'Chiplet_6', 'connection_type': '2.5d_emib', 'loc': '2.5d_chiplet'},{'from': 'Chiplet_2', 'to': 'Chiplet_5', 'connection_type': '2.5d_emib', 'loc': '2.5d_chiplet'},{'from': 'Chiplet_2', 'to': 'Chiplet_1', 'connection_type': '2.5d_emib', 'loc': '2.5d_chiplet'},{'from': 'Chiplet_2', 'to': 'Chiplet_6', 'connection_type': '2.5d_emib', 'loc': '2.5d_chiplet'},{'from': 'Chiplet_5', 'to': 'Chiplet_1', 'connection_type': '2.5d_emib', 'loc': '2.5d_chiplet'},{'from': 'Chiplet_5', 'to': 'Chiplet_6', 'connection_type': '2.5d_emib', 'loc': '2.5d_chiplet'},{'from': 'Chiplet_5', 'to': 'Chiplet_4', 'connection_type': '2.5d_emib', 'loc': '2.5d_chiplet'},{'from': 'Chiplet_5', 'to': 'Chiplet_2', 'connection_type': '2.5d_emib', 'loc': '2.5d_chiplet'},{'from': 'Chiplet_5', 'to': 'Chiplet_3', 'connection_type': '2.5d_emib', 'loc': '2.5d_chiplet'},{'from': 'Chiplet_1', 'to': 'Chiplet_5', 'connection_type': '2.5d_emib', 'loc': '2.5d_chiplet'},{'from': 'Chiplet_1', 'to': 'Chiplet_2', 'connection_type': '2.5d_emib', 'loc': '2.5d_chiplet'},{'from': 'Chiplet_1', 'to': 'Chiplet_4', 'connection_type': '2.5d_emib', 'loc': '2.5d_chiplet'},{'from': 'Chiplet_4', 'to': 'Chiplet_5', 'connection_type': '2.5d_emib', 'loc': '2.5d_chiplet'},{'from': 'Chiplet_4', 'to': 'Chiplet_1', 'connection_type': '2.5d_emib', 'loc': '2.5d_chiplet'}",1,2,1,1,1,2,ddr4,aib,na,0,0,is,1,0,0
76,23.839482225565746,2573017.6,57322.68540047344,2022766121.6727057,136235.70032573288,91679.33440825233,76,1.5385781800824634,3.1172648505374996,1024,96x96,10,1.578984604787535,1.7054115854749998,768,64x64,14,2.55521354,4.475,4096,128x128,7,6.315940422320179,6.821646341899999,3072,128x128,14,1.5385781800824634,3.1172648505374996,1024,96x96,10,0.957922696,2.51875,1024,96x96,7,2.5d,"{'from': 'Chiplet_4', 'to': 'Chiplet_3', 'connection_type': '2.5d_rdl', 'loc': '2.5d_chiplet'},{'from': 'Chiplet_4', 'to': 'Chiplet_6', 'connection_type': '2.5d_rdl', 'loc': '2.5d_chiplet'},{'from': 'Chiplet_6', 'to': 'Chiplet_3', 'connection_type': '2.5d_rdl', 'loc': '2.5d_chiplet'},{'from': 'Chiplet_6', 'to': 'Chiplet_2', 'connection_type': '2.5d_rdl', 'loc': '2.5d_chiplet'},{'from': 'Chiplet_6', 'to': 'Chiplet_4', 'connection_type': '2.5d_rdl', 'loc': '2.5d_chiplet'},{'from': 'Chiplet_3', 'to': 'Chiplet_5', 'connection_type': '2.5d_rdl', 'loc': '2.5d_chiplet'},{'from': 'Chiplet_3', 'to': 'Chiplet_1', 'connection_type': '2.5d_rdl', 'loc': '2.5d_chiplet'},{'from': 'Chiplet_3', 'to': 'Chiplet_6', 'connection_type': '2.5d_rdl', 'loc': '2.5d_chiplet'},{'from': 'Chiplet_3', 'to': 'Chiplet_4', 'connection_type': '2.5d_rdl', 'loc': '2.5d_chiplet'},{'from': 'Chiplet_3', 'to': 'Chiplet_2', 'connection_type': '2.5d_rdl', 'loc': '2.5d_chiplet'},{'from': 'Chiplet_5', 'to': 'Chiplet_3', 'connection_type': '2.5d_rdl', 'loc': '2.5d_chiplet'},{'from': 'Chiplet_5', 'to': 'Chiplet_1', 'connection_type': '2.5d_rdl', 'loc': '2.5d_chiplet'},{'from': 'Chiplet_2', 'to': 'Chiplet_3', 'connection_type': '2.5d_rdl', 'loc': '2.5d_chiplet'},{'from': 'Chiplet_2', 'to': 'Chiplet_1', 'connection_type': '2.5d_rdl', 'loc': '2.5d_chiplet'},{'from': 'Chiplet_2', 'to': 'Chiplet_6', 'connection_type': '2.5d_rdl', 'loc': '2.5d_chiplet'},{'from': 'Chiplet_1', 'to': 'Chiplet_5', 'connection_type': '2.5d_rdl', 'loc': '2.5d_chiplet'},{'from': 'Chiplet_1', 'to': 'Chiplet_3', 'connection_type': '2.5d_rdl', 'loc': '2.5d_chiplet'},{'from': 'Chiplet_1', 'to': 'Chiplet_2', 'connection_type': '2.5d_rdl', 'loc': '2.5d_chiplet'}",2,2,3,7,1,1,hbm3,ucie_std,na,0,0,is,0,0,0
77,28.20244602606753,2746520.43,165125.32954812955,6140249667.329297,599439.1831950424,422471.4570190989,77,2.927572174079395,3.8395579270749995,1024,96x96,14,6.315940422320179,6.821646341899999,3072,128x128,14,3.3193280905479132,5.538366334949999,3072,128x128,10,3.5867297574793953,3.8395579270749995,2048,96x96,14,3.3193280905479132,5.538366334949999,3072,128x128,10,0.957922696,2.51875,1024,96x96,7,2.5d,"{'from': 'Chiplet_2', 'to': 'Chiplet_5', 'connection_type': '2.5d_emib', 'loc': '2.5d_chiplet'},{'from': 'Chiplet_2', 'to': 'Chiplet_3', 'connection_type': '2.5d_emib', 'loc': '2.5d_chiplet'},{'from': 'Chiplet_2', 'to': 'Chiplet_6', 'connection_type': '2.5d_emib', 'loc': '2.5d_chiplet'},{'from': 'Chiplet_2', 'to': 'Chiplet_4', 'connection_type': '2.5d_emib', 'loc': '2.5d_chiplet'},{'from': 'Chiplet_5', 'to': 'Chiplet_6', 'connection_type': '2.5d_emib', 'loc': '2.5d_chiplet'},{'from': 'Chiplet_5', 'to': 'Chiplet_2', 'connection_type': '2.5d_emib', 'loc': '2.5d_chiplet'},{'from': 'Chiplet_6', 'to': 'Chiplet_5', 'connection_type': '2.5d_emib', 'loc': '2.5d_chiplet'},{'from': 'Chiplet_6', 'to': 'Chiplet_2', 'connection_type': '2.5d_emib', 'loc': '2.5d_chiplet'},{'from': 'Chiplet_4', 'to': 'Chiplet_3', 'connection_type': '2.5d_emib', 'loc': '2.5d_chiplet'},{'from': 'Chiplet_4', 'to': 'Chiplet_1', 'connection_type': '2.5d_emib', 'loc': '2.5d_chiplet'},{'from': 'Chiplet_4', 'to': 'Chiplet_2', 'connection_type': '2.5d_emib', 'loc': '2.5d_chiplet'},{'from': 'Chiplet_3', 'to': 'Chiplet_1', 'connection_type': '2.5d_emib', 'loc': '2.5d_chiplet'},{'from': 'Chiplet_3', 'to': 'Chiplet_2', 'connection_type': '2.5d_emib', 'loc': '2.5d_chiplet'},{'from': 'Chiplet_3', 'to': 'Chiplet_4', 'connection_type': '2.5d_emib', 'loc': '2.5d_chiplet'},{'from': 'Chiplet_1', 'to': 'Chiplet_3', 'connection_type': '2.5d_emib', 'loc': '2.5d_chiplet'},{'from': 'Chiplet_1', 'to': 'Chiplet_4', 'connection_type': '2.5d_emib', 'loc': '2.5d_chiplet'}",1,3,1,1,1,1,ddr4,ucie_adv,na,1,0,ws,1,0,0
78,51.57406067320768,5922809.74,203245.80503425276,1984431103.7800343,667399.2106037083,721149.2887650314,78,3.432469952,10.4826,2048,192x192,7,1.578984604787535,1.7054115854749998,768,64x64,14,11.481175603606792,15.979573171754398,2048,192x192,14,8.112421457366196,12.973514847541198,8192,192x192,10,1.4141952089375351,1.7054115854749998,512,64x64,14,6.726740457366197,12.973514847541198,4096,192x192,10,2.5d,"{'from': 'Chiplet_3', 'to': 'Chiplet_5', 'connection_type': '2.5d_emib', 'loc': '2.5d_chiplet'},{'from': 'Chiplet_3', 'to': 'Chiplet_1', 'connection_type': '2.5d_emib', 'loc': '2.5d_chiplet'},{'from': 'Chiplet_3', 'to': 'Chiplet_6', 'connection_type': '2.5d_emib', 'loc': '2.5d_chiplet'},{'from': 'Chiplet_3', 'to': 'Chiplet_4', 'connection_type': '2.5d_emib', 'loc': '2.5d_chiplet'},{'from': 'Chiplet_1', 'to': 'Chiplet_5', 'connection_type': '2.5d_emib', 'loc': '2.5d_chiplet'},{'from': 'Chiplet_1', 'to': 'Chiplet_3', 'connection_type': '2.5d_emib', 'loc': '2.5d_chiplet'},{'from': 'Chiplet_5', 'to': 'Chiplet_3', 'connection_type': '2.5d_emib', 'loc': '2.5d_chiplet'},{'from': 'Chiplet_5', 'to': 'Chiplet_1', 'connection_type': '2.5d_emib', 'loc': '2.5d_chiplet'},{'from': 'Chiplet_4', 'to': 'Chiplet_3', 'connection_type': '2.5d_emib', 'loc': '2.5d_chiplet'},{'from': 'Chiplet_4', 'to': 'Chiplet_6', 'connection_type': '2.5d_emib', 'loc': '2.5d_chiplet'},{'from': 'Chiplet_4', 'to': 'Chiplet_2', 'connection_type': '2.5d_emib', 'loc': '2.5d_chiplet'},{'from': 'Chiplet_6', 'to': 'Chiplet_3', 'connection_type': '2.5d_emib', 'loc': '2.5d_chiplet'},{'from': 'Chiplet_6', 'to': 'Chiplet_2', 'connection_type': '2.5d_emib', 'loc': '2.5d_chiplet'},{'from': 'Chiplet_6', 'to': 'Chiplet_4', 'connection_type': '2.5d_emib', 'loc': '2.5d_chiplet'},{'from': 'Chiplet_2', 'to': 'Chiplet_6', 'connection_type': '2.5d_emib', 'loc': '2.5d_chiplet'},{'from': 'Chiplet_2', 'to': 'Chiplet_4', 'connection_type': '2.5d_emib', 'loc': '2.5d_chiplet'}",2,1,5,4,1,3,hbm2,ucie_adv,na,1,0,os,1,0,0
79,54.77888579095048,5077975.4,203377.25021943328,4843358250.421889,440884.21992733906,460145.22571292927,79,3.2571509657793953,3.8395579270749995,1536,96x96,14,1.4141952089375351,1.7054115854749998,512,64x64,14,7.419580457366196,12.973514847541198,6144,192x192,10,6.975099908490179,6.821646341899999,4096,128x128,14,15.436124909546791,15.979573171754398,8192,192x192,14,2.20879254,4.475,3072,128x128,7,2.5d,"{'from': 'Chiplet_5', 'to': 'Chiplet_3', 'connection_type': '2.5d_emib', 'loc': '2.5d_chiplet'},{'from': 'Chiplet_5', 'to': 'Chiplet_6', 'connection_type': '2.5d_emib', 'loc': '2.5d_chiplet'},{'from': 'Chiplet_5', 'to': 'Chiplet_4', 'connection_type': '2.5d_emib', 'loc': '2.5d_chiplet'},{'from': 'Chiplet_5', 'to': 'Chiplet_2', 'connection_type': '2.5d_emib', 'loc': '2.5d_chiplet'},{'from': 'Chiplet_6', 'to': 'Chiplet_5', 'connection_type': '2.5d_emib', 'loc': '2.5d_chiplet'},{'from': 'Chiplet_6', 'to': 'Chiplet_2', 'connection_type': '2.5d_emib', 'loc': '2.5d_chiplet'},{'from': 'Chiplet_2', 'to': 'Chiplet_5', 'connection_type': '2.5d_emib', 'loc': '2.5d_chiplet'},{'from': 'Chiplet_2', 'to': 'Chiplet_6', 'connection_type': '2.5d_emib', 'loc': '2.5d_chiplet'},{'from': 'Chiplet_3', 'to': 'Chiplet_5', 'connection_type': '2.5d_emib', 'loc': '2.5d_chiplet'},{'from': 'Chiplet_3', 'to': 'Chiplet_1', 'connection_type': '2.5d_emib', 'loc': '2.5d_chiplet'},{'from': 'Chiplet_3', 'to': 'Chiplet_4', 'connection_type': '2.5d_emib', 'loc': '2.5d_chiplet'},{'from': 'Chiplet_4', 'to': 'Chiplet_5', 'connection_type': '2.5d_emib', 'loc': '2.5d_chiplet'},{'from': 'Chiplet_4', 'to': 'Chiplet_1', 'connection_type': '2.5d_emib', 'loc': '2.5d_chiplet'},{'from': 'Chiplet_4', 'to': 'Chiplet_3', 'connection_type': '2.5d_emib', 'loc': '2.5d_chiplet'},{'from': 'Chiplet_1', 'to': 'Chiplet_3', 'connection_type': '2.5d_emib', 'loc': '2.5d_chiplet'},{'from': 'Chiplet_1', 'to': 'Chiplet_4', 'connection_type': '2.5d_emib', 'loc': '2.5d_chiplet'}",1,1,1,1,3,1,ddr4,bow,na,1,0,ws,1,0,0
80,18.122166594785707,2370601.37,58032.66761657327,4944468163.483988,156510.88349963655,161772.11820437488,80,0.957922696,2.51875,1024,96x96,7,0.916436759447044,1.3845915837374998,1024,64x64,10,7.419580457366196,12.973514847541198,6144,192x192,10,3.5867297574793953,3.8395579270749995,2048,96x96,14,0.656621759447044,1.3845915837374998,256,64x64,10,1.131132696,2.51875,1536,96x96,7,2.5d_3d,"{'from': 'Chiplet_3', 'to': 'Chiplet_6', 'connection_type': '3d_u_bump', 'loc': 'stack0_base'},{'from': 'Chiplet_6', 'to': 'na', 'connection_type': '3d_u_bump', 'loc': 'stack0_top'},{'from': 'Chiplet_3', 'to': 'Chiplet_1', 'connection_type': '2.5d_rdl', 'loc': '2.5d_chiplet'},{'from': 'Chiplet_3', 'to': 'Chiplet_4', 'connection_type': '2.5d_rdl', 'loc': '2.5d_chiplet'},{'from': 'Chiplet_4', 'to': 'Chiplet_3', 'connection_type': '2.5d_rdl', 'loc': '2.5d_chiplet'},{'from': 'Chiplet_4', 'to': 'Chiplet_1', 'connection_type': '2.5d_rdl', 'loc': '2.5d_chiplet'},{'from': 'Chiplet_4', 'to': 'Chiplet_2', 'connection_type': '2.5d_rdl', 'loc': '2.5d_chiplet'},{'from': 'Chiplet_1', 'to': 'Chiplet_5', 'connection_type': '2.5d_rdl', 'loc': '2.5d_chiplet'},{'from': 'Chiplet_1', 'to': 'Chiplet_3', 'connection_type': '2.5d_rdl', 'loc': '2.5d_chiplet'},{'from': 'Chiplet_1', 'to': 'Chiplet_2', 'connection_type': '2.5d_rdl', 'loc': '2.5d_chiplet'},{'from': 'Chiplet_1', 'to': 'Chiplet_4', 'connection_type': '2.5d_rdl', 'loc': '2.5d_chiplet'},{'from': 'Chiplet_2', 'to': 'Chiplet_5', 'connection_type': '2.5d_rdl', 'loc': '2.5d_chiplet'},{'from': 'Chiplet_2', 'to': 'Chiplet_1', 'connection_type': '2.5d_rdl', 'loc': '2.5d_chiplet'},{'from': 'Chiplet_2', 'to': 'Chiplet_4', 'connection_type': '2.5d_rdl', 'loc': '2.5d_chiplet'},{'from': 'Chiplet_5', 'to': 'Chiplet_1', 'connection_type': '2.5d_rdl', 'loc': '2.5d_chiplet'},{'from': 'Chiplet_5', 'to': 'Chiplet_2', 'connection_type': '2.5d_rdl', 'loc': '2.5d_chiplet'}",1,1,3,1,1,1,ddr5,ucie_std,ucie_3d,0,0,is,0,0,0
81,10.079745385826076,2879965.1,98128.22876810771,2047514888.37142,319394.2034256302,193032.73579108476,81,2.972908090547913,5.538366334949999,2048,128x128,10,2.597993382379395,3.8395579270749995,512,96x96,14,0.743226759447044,1.3845915837374998,512,64x64,10,5.5109919519999995,10.4826,8192,192x192,7,0.743226759447044,1.3845915837374998,512,64x64,10,3.2571509657793953,3.8395579270749995,1536,96x96,14,2.5d_3d,"{'from': 'Chiplet_6', 'to': 'Chiplet_1', 'connection_type': '3d_hyb_bond', 'loc': 'stack0_base'},{'from': 'Chiplet_1', 'to': 'Chiplet_2', 'connection_type': '3d_hyb_bond', 'loc': 'stack0_middle1'},{'from': 'Chiplet_2', 'to': 'Chiplet_3', 'connection_type': '3d_hyb_bond', 'loc': 'stack0_middle2'},{'from': 'Chiplet_3', 'to': 'Chiplet_5', 'connection_type': '3d_hyb_bond', 'loc': 'stack0_middle3'},{'from': 'Chiplet_5', 'to': 'na', 'connection_type': '3d_hyb_bond', 'loc': 'stack0_top'},{'from': 'Chiplet_4', 'to': 'Chiplet_6', 'connection_type': '2.5d_emib', 'loc': '2.5d_chiplet'},{'from': 'Chiplet_6', 'to': 'Chiplet_4', 'connection_type': '2.5d_emib', 'loc': '2.5d_chiplet'}",3,3,1,5,1,3,hbm2,aib,ucie_3d,0,0,ws,1,0,0
82,51.31248270141064,7140352.04,195351.6102724914,1967110653.7793179,265960.9806055792,341291.3559075521,82,7.419580457366196,12.973514847541198,6144,192x192,10,4.818150952,10.4826,6144,192x192,7,1.51595254,4.475,1024,128x128,7,12.799492673176792,15.979573171754398,4096,192x192,14,2.6264880905479133,5.538366334949999,1024,128x128,10,6.726740457366197,12.973514847541198,4096,192x192,10,2.5d_3d,"{'from': 'Chiplet_5', 'to': 'Chiplet_3', 'connection_type': '3d_tsv', 'loc': 'stack0_base'},{'from': 'Chiplet_3', 'to': 'na', 'connection_type': '3d_tsv', 'loc': 'stack0_top'},{'from': 'Chiplet_4', 'to': 'Chiplet_1', 'connection_type': '2.5d_emib', 'loc': '2.5d_chiplet'},{'from': 'Chiplet_4', 'to': 'Chiplet_6', 'connection_type': '2.5d_emib', 'loc': '2.5d_chiplet'},{'from': 'Chiplet_4', 'to': 'Chiplet_2', 'connection_type': '2.5d_emib', 'loc': '2.5d_chiplet'},{'from': 'Chiplet_2', 'to': 'Chiplet_6', 'connection_type': '2.5d_emib', 'loc': '2.5d_chiplet'},{'from': 'Chiplet_2', 'to': 'Chiplet_4', 'connection_type': '2.5d_emib', 'loc': '2.5d_chiplet'},{'from': 'Chiplet_1', 'to': 'Chiplet_5', 'connection_type': '2.5d_emib', 'loc': '2.5d_chiplet'},{'from': 'Chiplet_1', 'to': 'Chiplet_6', 'connection_type': '2.5d_emib', 'loc': '2.5d_chiplet'},{'from': 'Chiplet_1', 'to': 'Chiplet_4', 'connection_type': '2.5d_emib', 'loc': '2.5d_chiplet'},{'from': 'Chiplet_6', 'to': 'Chiplet_5', 'connection_type': '2.5d_emib', 'loc': '2.5d_chiplet'},{'from': 'Chiplet_6', 'to': 'Chiplet_1', 'connection_type': '2.5d_emib', 'loc': '2.5d_chiplet'},{'from': 'Chiplet_6', 'to': 'Chiplet_2', 'connection_type': '2.5d_emib', 'loc': '2.5d_chiplet'},{'from': 'Chiplet_6', 'to': 'Chiplet_4', 'connection_type': '2.5d_emib', 'loc': '2.5d_chiplet'},{'from': 'Chiplet_5', 'to': 'Chiplet_1', 'connection_type': '2.5d_emib', 'loc': '2.5d_chiplet'},{'from': 'Chiplet_5', 'to': 'Chiplet_6', 'connection_type': '2.5d_emib', 'loc': '2.5d_chiplet'}",3,2,1,6,1,3,hbm2,bow,ucie_3d,1,0,is,1,0,0
83,29.323097986647905,3281693.77,180351.1673739898,6581632915.167406,153187.94117647057,224554.4371411669,83,3.665749090547913,5.538366334949999,4096,128x128,10,0.638803,1.11875,1024,64x64,7,0.46559300000000003,1.11875,512,64x64,7,1.131132696,2.51875,1536,96x96,7,4.1253109519999995,10.4826,4096,192x192,7,11.481175603606792,15.979573171754398,2048,192x192,14,2.5d,"{'from': 'Chiplet_6', 'to': 'Chiplet_5', 'connection_type': '2.5d_emib', 'loc': '2.5d_chiplet'},{'from': 'Chiplet_6', 'to': 'Chiplet_1', 'connection_type': '2.5d_emib', 'loc': '2.5d_chiplet'},{'from': 'Chiplet_5', 'to': 'Chiplet_3', 'connection_type': '2.5d_emib', 'loc': '2.5d_chiplet'},{'from': 'Chiplet_5', 'to': 'Chiplet_1', 'connection_type': '2.5d_emib', 'loc': '2.5d_chiplet'},{'from': 'Chiplet_5', 'to': 'Chiplet_6', 'connection_type': '2.5d_emib', 'loc': '2.5d_chiplet'},{'from': 'Chiplet_5', 'to': 'Chiplet_2', 'connection_type': '2.5d_emib', 'loc': '2.5d_chiplet'},{'from': 'Chiplet_2', 'to': 'Chiplet_5', 'connection_type': '2.5d_emib', 'loc': '2.5d_chiplet'},{'from': 'Chiplet_2', 'to': 'Chiplet_3', 'connection_type': '2.5d_emib', 'loc': '2.5d_chiplet'},{'from': 'Chiplet_3', 'to': 'Chiplet_5', 'connection_type': '2.5d_emib', 'loc': '2.5d_chiplet'},{'from': 'Chiplet_3', 'to': 'Chiplet_2', 'connection_type': '2.5d_emib', 'loc': '2.5d_chiplet'},{'from': 'Chiplet_3', 'to': 'Chiplet_4', 'connection_type': '2.5d_emib', 'loc': '2.5d_chiplet'},{'from': 'Chiplet_1', 'to': 'Chiplet_5', 'connection_type': '2.5d_emib', 'loc': '2.5d_chiplet'},{'from': 'Chiplet_1', 'to': 'Chiplet_6', 'connection_type': '2.5d_emib', 'loc': '2.5d_chiplet'},{'from': 'Chiplet_1', 'to': 'Chiplet_4', 'connection_type': '2.5d_emib', 'loc': '2.5d_chiplet'},{'from': 'Chiplet_4', 'to': 'Chiplet_3', 'connection_type': '2.5d_emib', 'loc': '2.5d_chiplet'},{'from': 'Chiplet_4', 'to': 'Chiplet_1', 'connection_type': '2.5d_emib', 'loc': '2.5d_chiplet'}",1,1,1,1,1,3,ddr4,bow,na,0,0,is,0,0,0
84,25.01185839572215,2422903.62,148396.445305625,2569933571.5042477,174660.55555555556,111318.86606861606,84,1.8849981800824636,3.1172648505374996,2048,96x96,10,0.743226759447044,1.3845915837374998,512,64x64,10,0.656621759447044,1.3845915837374998,256,64x64,10,2.972908090547913,5.538366334949999,2048,128x128,10,1.249405813087535,1.7054115854749998,256,64x64,14,6.315940422320179,6.821646341899999,3072,128x128,14,2.5d,"{'from': 'Chiplet_6', 'to': 'Chiplet_3', 'connection_type': '2.5d_emib', 'loc': '2.5d_chiplet'},{'from': 'Chiplet_6', 'to': 'Chiplet_4', 'connection_type': '2.5d_emib', 'loc': '2.5d_chiplet'},{'from': 'Chiplet_3', 'to': 'Chiplet_6', 'connection_type': '2.5d_emib', 'loc': '2.5d_chiplet'},{'from': 'Chiplet_3', 'to': 'Chiplet_4', 'connection_type': '2.5d_emib', 'loc': '2.5d_chiplet'},{'from': 'Chiplet_4', 'to': 'Chiplet_5', 'connection_type': '2.5d_emib', 'loc': '2.5d_chiplet'},{'from': 'Chiplet_4', 'to': 'Chiplet_1', 'connection_type': '2.5d_emib', 'loc': '2.5d_chiplet'},{'from': 'Chiplet_4', 'to': 'Chiplet_6', 'connection_type': '2.5d_emib', 'loc': '2.5d_chiplet'},{'from': 'Chiplet_4', 'to': 'Chiplet_2', 'connection_type': '2.5d_emib', 'loc': '2.5d_chiplet'},{'from': 'Chiplet_4', 'to': 'Chiplet_3', 'connection_type': '2.5d_emib', 'loc': '2.5d_chiplet'},{'from': 'Chiplet_2', 'to': 'Chiplet_5', 'connection_type': '2.5d_emib', 'loc': '2.5d_chiplet'},{'from': 'Chiplet_2', 'to': 'Chiplet_4', 'connection_type': '2.5d_emib', 'loc': '2.5d_chiplet'},{'from': 'Chiplet_1', 'to': 'Chiplet_5', 'connection_type': '2.5d_emib', 'loc': '2.5d_chiplet'},{'from': 'Chiplet_1', 'to': 'Chiplet_4', 'connection_type': '2.5d_emib', 'loc': '2.5d_chiplet'},{'from': 'Chiplet_5', 'to': 'Chiplet_1', 'connection_type': '2.5d_emib', 'loc': '2.5d_chiplet'},{'from': 'Chiplet_5', 'to': 'Chiplet_2', 'connection_type': '2.5d_emib', 'loc': '2.5d_chiplet'},{'from': 'Chiplet_5', 'to': 'Chiplet_4', 'connection_type': '2.5d_emib', 'loc': '2.5d_chiplet'}",2,1,1,3,2,7,hbm2,aib,na,0,0,is,0,0,0
85,26.818610376172668,2798059.29,134948.90917444773,10177451805.035278,203260.3267973856,277902.69146684185,85,6.975099908490179,6.821646341899999,4096,128x128,14,3.5867297574793953,3.8395579270749995,2048,96x96,14,0.46559300000000003,1.11875,512,64x64,7,1.3653681800824635,3.1172648505374996,512,96x96,10,2.6264880905479133,5.538366334949999,1024,128x128,10,3.5867297574793953,3.8395579270749995,2048,96x96,14,2.5d_3d,"{'from': 'Chiplet_5', 'to': 'Chiplet_4', 'connection_type': '3d_hyb_bond', 'loc': 'stack0_base'},{'from': 'Chiplet_4', 'to': 'na', 'connection_type': '3d_hyb_bond', 'loc': 'stack0_top'},{'from': 'Chiplet_1', 'to': 'Chiplet_5', 'connection_type': '2.5d_emib', 'loc': '2.5d_chiplet'},{'from': 'Chiplet_1', 'to': 'Chiplet_2', 'connection_type': '2.5d_emib', 'loc': '2.5d_chiplet'},{'from': 'Chiplet_5', 'to': 'Chiplet_6', 'connection_type': '2.5d_emib', 'loc': '2.5d_chiplet'},{'from': 'Chiplet_5', 'to': 'Chiplet_1', 'connection_type': '2.5d_emib', 'loc': '2.5d_chiplet'},{'from': 'Chiplet_5', 'to': 'Chiplet_2', 'connection_type': '2.5d_emib', 'loc': '2.5d_chiplet'},{'from': 'Chiplet_2', 'to': 'Chiplet_5', 'connection_type': '2.5d_emib', 'loc': '2.5d_chiplet'},{'from': 'Chiplet_2', 'to': 'Chiplet_1', 'connection_type': '2.5d_emib', 'loc': '2.5d_chiplet'},{'from': 'Chiplet_2', 'to': 'Chiplet_6', 'connection_type': '2.5d_emib', 'loc': '2.5d_chiplet'},{'from': 'Chiplet_2', 'to': 'Chiplet_3', 'connection_type': '2.5d_emib', 'loc': '2.5d_chiplet'},{'from': 'Chiplet_3', 'to': 'Chiplet_6', 'connection_type': '2.5d_emib', 'loc': '2.5d_chiplet'},{'from': 'Chiplet_3', 'to': 'Chiplet_2', 'connection_type': '2.5d_emib', 'loc': '2.5d_chiplet'},{'from': 'Chiplet_6', 'to': 'Chiplet_5', 'connection_type': '2.5d_emib', 'loc': '2.5d_chiplet'},{'from': 'Chiplet_6', 'to': 'Chiplet_2', 'connection_type': '2.5d_emib', 'loc': '2.5d_chiplet'},{'from': 'Chiplet_6', 'to': 'Chiplet_3', 'connection_type': '2.5d_emib', 'loc': '2.5d_chiplet'}",3,1,1,1,1,1,ddr4,aib,ucie_3d,0,0,ws,0,0,0
86,35.72994042370284,3986203.84,82207.84086491443,2087085079.5512183,91634.82084690554,92808.12397856326,86,0.916436759447044,1.3845915837374998,1024,64x64,10,3.3193280905479132,5.538366334949999,3072,128x128,10,0.638803,1.11875,1024,64x64,7,6.975099908490179,6.821646341899999,4096,128x128,14,2.20879254,4.475,3072,128x128,7,8.112421457366196,12.973514847541198,8192,192x192,10,2.5d,"{'from': 'Chiplet_6', 'to': 'Chiplet_5', 'connection_type': '2.5d_rdl', 'loc': '2.5d_chiplet'},{'from': 'Chiplet_6', 'to': 'Chiplet_2', 'connection_type': '2.5d_rdl', 'loc': '2.5d_chiplet'},{'from': 'Chiplet_6', 'to': 'Chiplet_4', 'connection_type': '2.5d_rdl', 'loc': '2.5d_chiplet'},{'from': 'Chiplet_6', 'to': 'Chiplet_3', 'connection_type': '2.5d_rdl', 'loc': '2.5d_chiplet'},{'from': 'Chiplet_5', 'to': 'Chiplet_3', 'connection_type': '2.5d_rdl', 'loc': '2.5d_chiplet'},{'from': 'Chiplet_5', 'to': 'Chiplet_6', 'connection_type': '2.5d_rdl', 'loc': '2.5d_chiplet'},{'from': 'Chiplet_3', 'to': 'Chiplet_5', 'connection_type': '2.5d_rdl', 'loc': '2.5d_chiplet'},{'from': 'Chiplet_3', 'to': 'Chiplet_6', 'connection_type': '2.5d_rdl', 'loc': '2.5d_chiplet'},{'from': 'Chiplet_4', 'to': 'Chiplet_1', 'connection_type': '2.5d_rdl', 'loc': '2.5d_chiplet'},{'from': 'Chiplet_4', 'to': 'Chiplet_6', 'connection_type': '2.5d_rdl', 'loc': '2.5d_chiplet'},{'from': 'Chiplet_4', 'to': 'Chiplet_2', 'connection_type': '2.5d_rdl', 'loc': '2.5d_chiplet'},{'from': 'Chiplet_2', 'to': 'Chiplet_1', 'connection_type': '2.5d_rdl', 'loc': '2.5d_chiplet'},{'from': 'Chiplet_2', 'to': 'Chiplet_6', 'connection_type': '2.5d_rdl', 'loc': '2.5d_chiplet'},{'from': 'Chiplet_2', 'to': 'Chiplet_4', 'connection_type': '2.5d_rdl', 'loc': '2.5d_chiplet'},{'from': 'Chiplet_1', 'to': 'Chiplet_2', 'connection_type': '2.5d_rdl', 'loc': '2.5d_chiplet'},{'from': 'Chiplet_1', 'to': 'Chiplet_4', 'connection_type': '2.5d_rdl', 'loc': '2.5d_chiplet'}",1,2,1,5,1,6,hbm3,ucie_std,na,1,0,ws,0,0,0
87,17.134675567003885,2820502.23,72575.54928361753,4173798789.676388,561030.3691141348,387554.76969881746,87,2.20879254,4.475,3072,128x128,7,6.975099908490179,6.821646341899999,4096,128x128,14,1.743774000637535,1.7054115854749998,1024,64x64,14,3.432469952,10.4826,2048,192x192,7,2.6264880905479133,5.538366334949999,1024,128x128,10,0.638803,1.11875,1024,64x64,7,2.5d_3d,"{'from': 'Chiplet_1', 'to': 'Chiplet_3', 'connection_type': '3d_hyb_bond', 'loc': 'stack0_base'},{'from': 'Chiplet_3', 'to': 'Chiplet_6', 'connection_type': '3d_hyb_bond', 'loc': 'stack0_middle1'},{'from': 'Chiplet_6', 'to': 'na', 'connection_type': '3d_hyb_bond', 'loc': 'stack0_top'},{'from': 'Chiplet_2', 'to': 'Chiplet_5', 'connection_type': '2.5d_rdl', 'loc': '2.5d_chiplet'},{'from': 'Chiplet_2', 'to': 'Chiplet_4', 'connection_type': '2.5d_rdl', 'loc': '2.5d_chiplet'},{'from': 'Chiplet_4', 'to': 'Chiplet_5', 'connection_type': '2.5d_rdl', 'loc': '2.5d_chiplet'},{'from': 'Chiplet_4', 'to': 'Chiplet_1', 'connection_type': '2.5d_rdl', 'loc': '2.5d_chiplet'},{'from': 'Chiplet_4', 'to': 'Chiplet_2', 'connection_type': '2.5d_rdl', 'loc': '2.5d_chiplet'},{'from': 'Chiplet_5', 'to': 'Chiplet_1', 'connection_type': '2.5d_rdl', 'loc': '2.5d_chiplet'},{'from': 'Chiplet_5', 'to': 'Chiplet_2', 'connection_type': '2.5d_rdl', 'loc': '2.5d_chiplet'},{'from': 'Chiplet_5', 'to': 'Chiplet_4', 'connection_type': '2.5d_rdl', 'loc': '2.5d_chiplet'},{'from': 'Chiplet_1', 'to': 'Chiplet_5', 'connection_type': '2.5d_rdl', 'loc': '2.5d_chiplet'},{'from': 'Chiplet_1', 'to': 'Chiplet_4', 'connection_type': '2.5d_rdl', 'loc': '2.5d_chiplet'}",1,3,1,1,1,1,ddr4,ucie_std,ucie_3d,1,0,is,1,0,0
88,37.615512726202816,3749812.34,152661.5734972873,4295209911.214313,321027.9572883845,293784.1603073351,88,1.249405813087535,1.7054115854749998,256,64x64,14,3.3193280905479132,5.538366334949999,3072,128x128,10,6.315940422320179,6.821646341899999,3072,128x128,14,11.481175603606792,15.979573171754398,2048,192x192,14,3.2571509657793953,3.8395579270749995,1536,96x96,14,1.131132696,2.51875,1536,96x96,7,2.5d_3d,"{'from': 'Chiplet_3', 'to': 'Chiplet_6', 'connection_type': '3d_tsv', 'loc': 'stack0_base'},{'from': 'Chiplet_6', 'to': 'na', 'connection_type': '3d_tsv', 'loc': 'stack0_top'},{'from': 'Chiplet_4', 'to': 'Chiplet_3', 'connection_type': '2.5d_emib', 'loc': '2.5d_chiplet'},{'from': 'Chiplet_4', 'to': 'Chiplet_1', 'connection_type': '2.5d_emib', 'loc': '2.5d_chiplet'},{'from': 'Chiplet_4', 'to': 'Chiplet_2', 'connection_type': '2.5d_emib', 'loc': '2.5d_chiplet'},{'from': 'Chiplet_1', 'to': 'Chiplet_2', 'connection_type': '2.5d_emib', 'loc': '2.5d_chiplet'},{'from': 'Chiplet_1', 'to': 'Chiplet_4', 'connection_type': '2.5d_emib', 'loc': '2.5d_chiplet'},{'from': 'Chiplet_3', 'to': 'Chiplet_5', 'connection_type': '2.5d_emib', 'loc': '2.5d_chiplet'},{'from': 'Chiplet_3', 'to': 'Chiplet_2', 'connection_type': '2.5d_emib', 'loc': '2.5d_chiplet'},{'from': 'Chiplet_3', 'to': 'Chiplet_4', 'connection_type': '2.5d_emib', 'loc': '2.5d_chiplet'},{'from': 'Chiplet_2', 'to': 'Chiplet_5', 'connection_type': '2.5d_emib', 'loc': '2.5d_chiplet'},{'from': 'Chiplet_2', 'to': 'Chiplet_1', 'connection_type': '2.5d_emib', 'loc': '2.5d_chiplet'},{'from': 'Chiplet_2', 'to': 'Chiplet_4', 'connection_type': '2.5d_emib', 'loc': '2.5d_chiplet'},{'from': 'Chiplet_2', 'to': 'Chiplet_3', 'connection_type': '2.5d_emib', 'loc': '2.5d_chiplet'},{'from': 'Chiplet_5', 'to': 'Chiplet_3', 'connection_type': '2.5d_emib', 'loc': '2.5d_chiplet'},{'from': 'Chiplet_5', 'to': 'Chiplet_2', 'connection_type': '2.5d_emib', 'loc': '2.5d_chiplet'}",1,1,1,3,1,1,ddr4,aib,ucie_3d,0,0,ws,1,0,0
89,17.8445915123596,2868376.99,129925.92893873509,6836663553.528022,98351.83006535948,177077.7263621297,89,0.829831759447044,1.3845915837374998,768,64x64,10,3.2571509657793953,3.8395579270749995,1536,96x96,14,1.51595254,4.475,1024,128x128,7,5.656782838920179,6.821646341899999,2048,128x128,14,0.743226759447044,1.3845915837374998,512,64x64,10,5.5109919519999995,10.4826,8192,192x192,7,2.5d_3d,"{'from': 'Chiplet_6', 'to': 'Chiplet_2', 'connection_type': '3d_u_bump', 'loc': 'stack0_base'},{'from': 'Chiplet_2', 'to': 'Chiplet_5', 'connection_type': '3d_u_bump', 'loc': 'stack0_middle1'},{'from': 'Chiplet_5', 'to': 'na', 'connection_type': '3d_u_bump', 'loc': 'stack0_top'},{'from': 'Chiplet_4', 'to': 'Chiplet_1', 'connection_type': '2.5d_emib', 'loc': '2.5d_chiplet'},{'from': 'Chiplet_4', 'to': 'Chiplet_6', 'connection_type': '2.5d_emib', 'loc': '2.5d_chiplet'},{'from': 'Chiplet_1', 'to': 'Chiplet_3', 'connection_type': '2.5d_emib', 'loc': '2.5d_chiplet'},{'from': 'Chiplet_1', 'to': 'Chiplet_4', 'connection_type': '2.5d_emib', 'loc': '2.5d_chiplet'},{'from': 'Chiplet_6', 'to': 'Chiplet_3', 'connection_type': '2.5d_emib', 'loc': '2.5d_chiplet'},{'from': 'Chiplet_6', 'to': 'Chiplet_4', 'connection_type': '2.5d_emib', 'loc': '2.5d_chiplet'},{'from': 'Chiplet_3', 'to': 'Chiplet_1', 'connection_type': '2.5d_emib', 'loc': '2.5d_chiplet'},{'from': 'Chiplet_3', 'to': 'Chiplet_6', 'connection_type': '2.5d_emib', 'loc': '2.5d_chiplet'}",1,1,1,2,1,2,ddr4,aib,ucie_3d,0,0,ws,0,0,0
90,16.76822306318789,2357256.42,55750.90947633624,1646901809.8799715,640722.2181860019,301428.0909558387,90,4.818150952,10.4826,6144,192x192,7,0.916436759447044,1.3845915837374998,1024,64x64,10,0.743226759447044,1.3845915837374998,512,64x64,10,0.552198,1.11875,768,64x64,7,1.3653681800824635,3.1172648505374996,512,96x96,10,2.972908090547913,5.538366334949999,2048,128x128,10,2.5d,"{'from': 'Chiplet_1', 'to': 'Chiplet_5', 'connection_type': '2.5d_rdl', 'loc': '2.5d_chiplet'},{'from': 'Chiplet_1', 'to': 'Chiplet_6', 'connection_type': '2.5d_rdl', 'loc': '2.5d_chiplet'},{'from': 'Chiplet_1', 'to': 'Chiplet_3', 'connection_type': '2.5d_rdl', 'loc': '2.5d_chiplet'},{'from': 'Chiplet_3', 'to': 'Chiplet_5', 'connection_type': '2.5d_rdl', 'loc': '2.5d_chiplet'},{'from': 'Chiplet_3', 'to': 'Chiplet_1', 'connection_type': '2.5d_rdl', 'loc': '2.5d_chiplet'},{'from': 'Chiplet_6', 'to': 'Chiplet_5', 'connection_type': '2.5d_rdl', 'loc': '2.5d_chiplet'},{'from': 'Chiplet_6', 'to': 'Chiplet_1', 'connection_type': '2.5d_rdl', 'loc': '2.5d_chiplet'},{'from': 'Chiplet_6', 'to': 'Chiplet_2', 'connection_type': '2.5d_rdl', 'loc': '2.5d_chiplet'},{'from': 'Chiplet_5', 'to': 'Chiplet_1', 'connection_type': '2.5d_rdl', 'loc': '2.5d_chiplet'},{'from': 'Chiplet_5', 'to': 'Chiplet_2', 'connection_type': '2.5d_rdl', 'loc': '2.5d_chiplet'},{'from': 'Chiplet_5', 'to': 'Chiplet_4', 'connection_type': '2.5d_rdl', 'loc': '2.5d_chiplet'},{'from': 'Chiplet_5', 'to': 'Chiplet_6', 'connection_type': '2.5d_rdl', 'loc': '2.5d_chiplet'},{'from': 'Chiplet_5', 'to': 'Chiplet_3', 'connection_type': '2.5d_rdl', 'loc': '2.5d_chiplet'},{'from': 'Chiplet_2', 'to': 'Chiplet_5', 'connection_type': '2.5d_rdl', 'loc': '2.5d_chiplet'},{'from': 'Chiplet_2', 'to': 'Chiplet_6', 'connection_type': '2.5d_rdl', 'loc': '2.5d_chiplet'},{'from': 'Chiplet_2', 'to': 'Chiplet_4', 'connection_type': '2.5d_rdl', 'loc': '2.5d_chiplet'},{'from': 'Chiplet_4', 'to': 'Chiplet_5', 'connection_type': '2.5d_rdl', 'loc': '2.5d_chiplet'},{'from': 'Chiplet_4', 'to': 'Chiplet_2', 'connection_type': '2.5d_rdl', 'loc': '2.5d_chiplet'}",7,1,1,1,2,4,hbm2,ucie_std,na,1,0,ws,1,0,0
91,19.712698994402015,2245332.99,157857.4828734636,10114295696.930695,129490.16958134605,246964.24774245167,91,3.665749090547913,5.538366334949999,4096,128x128,10,0.656621759447044,1.3845915837374998,256,64x64,10,1.86237254,4.475,2048,128x128,7,2.972908090547913,5.538366334949999,2048,128x128,10,2.972908090547913,5.538366334949999,2048,128x128,10,1.7117881800824635,3.1172648505374996,1536,96x96,10,2.5d,"{'from': 'Chiplet_1', 'to': 'Chiplet_3', 'connection_type': '2.5d_emib', 'loc': '2.5d_chiplet'},{'from': 'Chiplet_1', 'to': 'Chiplet_6', 'connection_type': '2.5d_emib', 'loc': '2.5d_chiplet'},{'from': 'Chiplet_1', 'to': 'Chiplet_4', 'connection_type': '2.5d_emib', 'loc': '2.5d_chiplet'},{'from': 'Chiplet_3', 'to': 'Chiplet_1', 'connection_type': '2.5d_emib', 'loc': '2.5d_chiplet'},{'from': 'Chiplet_3', 'to': 'Chiplet_6', 'connection_type': '2.5d_emib', 'loc': '2.5d_chiplet'},{'from': 'Chiplet_6', 'to': 'Chiplet_5', 'connection_type': '2.5d_emib', 'loc': '2.5d_chiplet'},{'from': 'Chiplet_6', 'to': 'Chiplet_3', 'connection_type': '2.5d_emib', 'loc': '2.5d_chiplet'},{'from': 'Chiplet_6', 'to': 'Chiplet_1', 'connection_type': '2.5d_emib', 'loc': '2.5d_chiplet'},{'from': 'Chiplet_4', 'to': 'Chiplet_5', 'connection_type': '2.5d_emib', 'loc': '2.5d_chiplet'},{'from': 'Chiplet_4', 'to': 'Chiplet_1', 'connection_type': '2.5d_emib', 'loc': '2.5d_chiplet'},{'from': 'Chiplet_4', 'to': 'Chiplet_2', 'connection_type': '2.5d_emib', 'loc': '2.5d_chiplet'},{'from': 'Chiplet_2', 'to': 'Chiplet_5', 'connection_type': '2.5d_emib', 'loc': '2.5d_chiplet'},{'from': 'Chiplet_2', 'to': 'Chiplet_4', 'connection_type': '2.5d_emib', 'loc': '2.5d_chiplet'},{'from': 'Chiplet_5', 'to': 'Chiplet_6', 'connection_type': '2.5d_emib', 'loc': '2.5d_chiplet'},{'from': 'Chiplet_5', 'to': 'Chiplet_4', 'connection_type': '2.5d_emib', 'loc': '2.5d_chiplet'},{'from': 'Chiplet_5', 'to': 'Chiplet_2', 'connection_type': '2.5d_emib', 'loc': '2.5d_chiplet'}",2,1,1,2,1,1,ddr4,bow,na,0,0,is,0,0,0
92,9.688317677108094,1315757.6,37926.81079795553,12598871486.39837,460554.8039215686,361486.0859546082,92,1.4141952089375351,1.7054115854749998,512,64x64,14,2.927572174079395,3.8395579270749995,1024,96x96,14,1.7117881800824635,3.1172648505374996,1536,96x96,10,0.638803,1.11875,1024,64x64,7,1.4141952089375351,1.7054115854749998,512,64x64,14,3.2571509657793953,3.8395579270749995,1536,96x96,14,2.5d_3d,"{'from': 'Chiplet_6', 'to': 'Chiplet_5', 'connection_type': '3d_tsv', 'loc': 'stack0_base'},{'from': 'Chiplet_5', 'to': 'Chiplet_1', 'connection_type': '3d_tsv', 'loc': 'stack0_middle1'},{'from': 'Chiplet_1', 'to': 'Chiplet_4', 'connection_type': '3d_tsv', 'loc': 'stack0_middle2'},{'from': 'Chiplet_4', 'to': 'na', 'connection_type': '3d_tsv', 'loc': 'stack0_top'},{'from': 'Chiplet_6', 'to': 'Chiplet_3', 'connection_type': '2.5d_rdl', 'loc': '2.5d_chiplet'},{'from': 'Chiplet_6', 'to': 'Chiplet_2', 'connection_type': '2.5d_rdl', 'loc': '2.5d_chiplet'},{'from': 'Chiplet_2', 'to': 'Chiplet_3', 'connection_type': '2.5d_rdl', 'loc': '2.5d_chiplet'},{'from': 'Chiplet_2', 'to': 'Chiplet_6', 'connection_type': '2.5d_rdl', 'loc': '2.5d_chiplet'},{'from': 'Chiplet_3', 'to': 'Chiplet_6', 'connection_type': '2.5d_rdl', 'loc': '2.5d_chiplet'},{'from': 'Chiplet_3', 'to': 'Chiplet_2', 'connection_type': '2.5d_rdl', 'loc': '2.5d_chiplet'}",1,2,1,1,1,2,ddr4,ucie_std,ucie_3d,0,0,is,0,0,0
93,17.020001445255996,1922675.68,153721.186250259,4424144232.045351,940318.5458225877,427599.08694057993,93,0.638803,1.11875,1024,64x64,7,0.916436759447044,1.3845915837374998,1024,64x64,10,1.7117881800824635,3.1172648505374996,1536,96x96,10,6.975099908490179,6.821646341899999,4096,128x128,14,1.5385781800824634,3.1172648505374996,1024,96x96,10,1.86237254,4.475,2048,128x128,7,2.5d,"{'from': 'Chiplet_4', 'to': 'Chiplet_3', 'connection_type': '2.5d_emib', 'loc': '2.5d_chiplet'},{'from': 'Chiplet_4', 'to': 'Chiplet_6', 'connection_type': '2.5d_emib', 'loc': '2.5d_chiplet'},{'from': 'Chiplet_6', 'to': 'Chiplet_3', 'connection_type': '2.5d_emib', 'loc': '2.5d_chiplet'},{'from': 'Chiplet_6', 'to': 'Chiplet_1', 'connection_type': '2.5d_emib', 'loc': '2.5d_chiplet'},{'from': 'Chiplet_6', 'to': 'Chiplet_2', 'connection_type': '2.5d_emib', 'loc': '2.5d_chiplet'},{'from': 'Chiplet_6', 'to': 'Chiplet_4', 'connection_type': '2.5d_emib', 'loc': '2.5d_chiplet'},{'from': 'Chiplet_2', 'to': 'Chiplet_1', 'connection_type': '2.5d_emib', 'loc': '2.5d_chiplet'},{'from': 'Chiplet_2', 'to': 'Chiplet_6', 'connection_type': '2.5d_emib', 'loc': '2.5d_chiplet'},{'from': 'Chiplet_1', 'to': 'Chiplet_5', 'connection_type': '2.5d_emib', 'loc': '2.5d_chiplet'},{'from': 'Chiplet_1', 'to': 'Chiplet_6', 'connection_type': '2.5d_emib', 'loc': '2.5d_chiplet'},{'from': 'Chiplet_1', 'to': 'Chiplet_2', 'connection_type': '2.5d_emib', 'loc': '2.5d_chiplet'},{'from': 'Chiplet_3', 'to': 'Chiplet_5', 'connection_type': '2.5d_emib', 'loc': '2.5d_chiplet'},{'from': 'Chiplet_3', 'to': 'Chiplet_6', 'connection_type': '2.5d_emib', 'loc': '2.5d_chiplet'},{'from': 'Chiplet_3', 'to': 'Chiplet_4', 'connection_type': '2.5d_emib', 'loc': '2.5d_chiplet'},{'from': 'Chiplet_5', 'to': 'Chiplet_3', 'connection_type': '2.5d_emib', 'loc': '2.5d_chiplet'},{'from': 'Chiplet_5', 'to': 'Chiplet_1', 'connection_type': '2.5d_emib', 'loc': '2.5d_chiplet'}",1,1,1,3,1,1,ddr5,bow,na,1,0,is,1,0,0
94,16.691308339506786,2501540.76,159337.2063909093,1453095737.4363716,331790.6122251973,198918.09912447946,94,3.432469952,10.4826,2048,192x192,7,1.51595254,4.475,1024,128x128,7,0.784712696,2.51875,512,96x96,7,2.597993382379395,3.8395579270749995,512,96x96,14,0.829831759447044,1.3845915837374998,768,64x64,10,3.3193280905479132,5.538366334949999,3072,128x128,10,2.5d,"{'from': 'Chiplet_1', 'to': 'Chiplet_5', 'connection_type': '2.5d_emib', 'loc': '2.5d_chiplet'},{'from': 'Chiplet_1', 'to': 'Chiplet_6', 'connection_type': '2.5d_emib', 'loc': '2.5d_chiplet'},{'from': 'Chiplet_1', 'to': 'Chiplet_2', 'connection_type': '2.5d_emib', 'loc': '2.5d_chiplet'},{'from': 'Chiplet_2', 'to': 'Chiplet_5', 'connection_type': '2.5d_emib', 'loc': '2.5d_chiplet'},{'from': 'Chiplet_2', 'to': 'Chiplet_1', 'connection_type': '2.5d_emib', 'loc': '2.5d_chiplet'},{'from': 'Chiplet_2', 'to': 'Chiplet_3', 'connection_type': '2.5d_emib', 'loc': '2.5d_chiplet'},{'from': 'Chiplet_5', 'to': 'Chiplet_3', 'connection_type': '2.5d_emib', 'loc': '2.5d_chiplet'},{'from': 'Chiplet_5', 'to': 'Chiplet_1', 'connection_type': '2.5d_emib', 'loc': '2.5d_chiplet'},{'from': 'Chiplet_5', 'to': 'Chiplet_2', 'connection_type': '2.5d_emib', 'loc': '2.5d_chiplet'},{'from': 'Chiplet_5', 'to': 'Chiplet_4', 'connection_type': '2.5d_emib', 'loc': '2.5d_chiplet'},{'from': 'Chiplet_3', 'to': 'Chiplet_5', 'connection_type': '2.5d_emib', 'loc': '2.5d_chiplet'},{'from': 'Chiplet_3', 'to': 'Chiplet_2', 'connection_type': '2.5d_emib', 'loc': '2.5d_chiplet'},{'from': 'Chiplet_6', 'to': 'Chiplet_1', 'connection_type': '2.5d_emib', 'loc': '2.5d_chiplet'},{'from': 'Chiplet_6', 'to': 'Chiplet_4', 'connection_type': '2.5d_emib', 'loc': '2.5d_chiplet'},{'from': 'Chiplet_4', 'to': 'Chiplet_5', 'connection_type': '2.5d_emib', 'loc': '2.5d_chiplet'},{'from': 'Chiplet_4', 'to': 'Chiplet_6', 'connection_type': '2.5d_emib', 'loc': '2.5d_chiplet'}",5,2,1,3,1,4,hbm2,bow,na,0,0,is,1,0,0
95,19.56401252525848,2537237.7,156006.10726837727,1909707491.4376714,144478.6060786061,102089.79043049029,95,0.829831759447044,1.3845915837374998,768,64x64,10,2.927572174079395,3.8395579270749995,1024,96x96,14,7.419580457366196,12.973514847541198,6144,192x192,10,1.8849981800824636,3.1172648505374996,2048,96x96,10,0.743226759447044,1.3845915837374998,512,64x64,10,0.784712696,2.51875,512,96x96,7,2.5d,"{'from': 'Chiplet_3', 'to': 'Chiplet_2', 'connection_type': '2.5d_emib', 'loc': '2.5d_chiplet'},{'from': 'Chiplet_3', 'to': 'Chiplet_4', 'connection_type': '2.5d_emib', 'loc': '2.5d_chiplet'},{'from': 'Chiplet_2', 'to': 'Chiplet_5', 'connection_type': '2.5d_emib', 'loc': '2.5d_chiplet'},{'from': 'Chiplet_2', 'to': 'Chiplet_3', 'connection_type': '2.5d_emib', 'loc': '2.5d_chiplet'},{'from': 'Chiplet_2', 'to': 'Chiplet_1', 'connection_type': '2.5d_emib', 'loc': '2.5d_chiplet'},{'from': 'Chiplet_2', 'to': 'Chiplet_4', 'connection_type': '2.5d_emib', 'loc': '2.5d_chiplet'},{'from': 'Chiplet_5', 'to': 'Chiplet_1', 'connection_type': '2.5d_emib', 'loc': '2.5d_chiplet'},{'from': 'Chiplet_5', 'to': 'Chiplet_2', 'connection_type': '2.5d_emib', 'loc': '2.5d_chiplet'},{'from': 'Chiplet_4', 'to': 'Chiplet_3', 'connection_type': '2.5d_emib', 'loc': '2.5d_chiplet'},{'from': 'Chiplet_4', 'to': 'Chiplet_1', 'connection_type': '2.5d_emib', 'loc': '2.5d_chiplet'},{'from': 'Chiplet_4', 'to': 'Chiplet_6', 'connection_type': '2.5d_emib', 'loc': '2.5d_chiplet'},{'from': 'Chiplet_4', 'to': 'Chiplet_2', 'connection_type': '2.5d_emib', 'loc': '2.5d_chiplet'},{'from': 'Chiplet_1', 'to': 'Chiplet_5', 'connection_type': '2.5d_emib', 'loc': '2.5d_chiplet'},{'from': 'Chiplet_1', 'to': 'Chiplet_6', 'connection_type': '2.5d_emib', 'loc': '2.5d_chiplet'},{'from': 'Chiplet_1', 'to': 'Chiplet_2', 'connection_type': '2.5d_emib', 'loc': '2.5d_chiplet'},{'from': 'Chiplet_1', 'to': 'Chiplet_4', 'connection_type': '2.5d_emib', 'loc': '2.5d_chiplet'},{'from': 'Chiplet_6', 'to': 'Chiplet_1', 'connection_type': '2.5d_emib', 'loc': '2.5d_chiplet'},{'from': 'Chiplet_6', 'to': 'Chiplet_4', 'connection_type': '2.5d_emib', 'loc': '2.5d_chiplet'}",1,3,8,2,1,1,hbm3,bow,na,0,0,is,0,0,0
96,21.04818887157868,3187867.32,113818.98540388278,3222562919.706793,273658.3845575294,246650.11644358948,96,1.86237254,4.475,2048,128x128,7,0.378988,1.11875,256,64x64,7,6.726740457366197,12.973514847541198,4096,192x192,10,6.975099908490179,6.821646341899999,4096,128x128,14,0.656621759447044,1.3845915837374998,256,64x64,10,3.432469952,10.4826,2048,192x192,7,2.5d_3d,"{'from': 'Chiplet_3', 'to': 'Chiplet_1', 'connection_type': '3d_tsv', 'loc': 'stack0_base'},{'from': 'Chiplet_1', 'to': 'Chiplet_5', 'connection_type': '3d_tsv', 'loc': 'stack0_middle1'},{'from': 'Chiplet_5', 'to': 'Chiplet_2', 'connection_type': '3d_tsv', 'loc': 'stack0_middle2'},{'from': 'Chiplet_2', 'to': 'na', 'connection_type': '3d_tsv', 'loc': 'stack0_top'},{'from': 'Chiplet_4', 'to': 'Chiplet_3', 'connection_type': '2.5d_emib', 'loc': '2.5d_chiplet'},{'from': 'Chiplet_4', 'to': 'Chiplet_6', 'connection_type': '2.5d_emib', 'loc': '2.5d_chiplet'},{'from': 'Chiplet_3', 'to': 'Chiplet_6', 'connection_type': '2.5d_emib', 'loc': '2.5d_chiplet'},{'from': 'Chiplet_3', 'to': 'Chiplet_4', 'connection_type': '2.5d_emib', 'loc': '2.5d_chiplet'},{'from': 'Chiplet_6', 'to': 'Chiplet_3', 'connection_type': '2.5d_emib', 'loc': '2.5d_chiplet'},{'from': 'Chiplet_6', 'to': 'Chiplet_4', 'connection_type': '2.5d_emib', 'loc': '2.5d_chiplet'}",1,1,2,2,1,1,ddr5,ucie_adv,ucie_3d,0,0,is,1,0,0
97,40.5524832653437,4298339.03,96353.10778140891,4586409535.929695,730351.3756813654,572068.8077500915,97,6.315940422320179,6.821646341899999,3072,128x128,14,1.51595254,4.475,1024,128x128,7,0.378988,1.11875,256,64x64,7,6.315940422320179,6.821646341899999,3072,128x128,14,0.378988,1.11875,256,64x64,7,15.436124909546791,15.979573171754398,8192,192x192,14,2.5d_3d,"{'from': 'Chiplet_6', 'to': 'Chiplet_3', 'connection_type': '3d_hyb_bond', 'loc': 'stack0_base'},{'from': 'Chiplet_3', 'to': 'na', 'connection_type': '3d_hyb_bond', 'loc': 'stack0_top'},{'from': 'Chiplet_6', 'to': 'Chiplet_1', 'connection_type': '2.5d_rdl', 'loc': '2.5d_chiplet'},{'from': 'Chiplet_6', 'to': 'Chiplet_4', 'connection_type': '2.5d_rdl', 'loc': '2.5d_chiplet'},{'from': 'Chiplet_1', 'to': 'Chiplet_6', 'connection_type': '2.5d_rdl', 'loc': '2.5d_chiplet'},{'from': 'Chiplet_1', 'to': 'Chiplet_2', 'connection_type': '2.5d_rdl', 'loc': '2.5d_chiplet'},{'from': 'Chiplet_1', 'to': 'Chiplet_4', 'connection_type': '2.5d_rdl', 'loc': '2.5d_chiplet'},{'from': 'Chiplet_2', 'to': 'Chiplet_5', 'connection_type': '2.5d_rdl', 'loc': '2.5d_chiplet'},{'from': 'Chiplet_2', 'to': 'Chiplet_1', 'connection_type': '2.5d_rdl', 'loc': '2.5d_chiplet'},{'from': 'Chiplet_4', 'to': 'Chiplet_5', 'connection_type': '2.5d_rdl', 'loc': '2.5d_chiplet'},{'from': 'Chiplet_4', 'to': 'Chiplet_1', 'connection_type': '2.5d_rdl', 'loc': '2.5d_chiplet'},{'from': 'Chiplet_4', 'to': 'Chiplet_6', 'connection_type': '2.5d_rdl', 'loc': '2.5d_chiplet'},{'from': 'Chiplet_5', 'to': 'Chiplet_2', 'connection_type': '2.5d_rdl', 'loc': '2.5d_chiplet'},{'from': 'Chiplet_5', 'to': 'Chiplet_4', 'connection_type': '2.5d_rdl', 'loc': '2.5d_chiplet'}",1,1,1,1,1,3,ddr4,ucie_std,ucie_3d,1,0,os,1,0,0
98,29.861556314668928,4262078.12,167208.76684616838,6641181526.244064,85584.90196078431,192097.05344650566,98,1.5385781800824634,3.1172648505374996,1024,96x96,10,3.665749090547913,5.538366334949999,4096,128x128,10,0.957922696,2.51875,1024,96x96,7,4.1253109519999995,10.4826,4096,192x192,7,12.799492673176792,15.979573171754398,4096,192x192,14,4.9976252555201786,6.821646341899999,1024,128x128,14,2.5d_3d,"{'from': 'Chiplet_6', 'to': 'Chiplet_4', 'connection_type': '3d_hyb_bond', 'loc': 'stack0_base'},{'from': 'Chiplet_4', 'to': 'na', 'connection_type': '3d_hyb_bond', 'loc': 'stack0_top'},{'from': 'Chiplet_5', 'to': 'Chiplet_6', 'connection_type': '2.5d_emib', 'loc': '2.5d_chiplet'},{'from': 'Chiplet_5', 'to': 'Chiplet_2', 'connection_type': '2.5d_emib', 'loc': '2.5d_chiplet'},{'from': 'Chiplet_6', 'to': 'Chiplet_5', 'connection_type': '2.5d_emib', 'loc': '2.5d_chiplet'},{'from': 'Chiplet_6', 'to': 'Chiplet_1', 'connection_type': '2.5d_emib', 'loc': '2.5d_chiplet'},{'from': 'Chiplet_6', 'to': 'Chiplet_2', 'connection_type': '2.5d_emib', 'loc': '2.5d_chiplet'},{'from': 'Chiplet_6', 'to': 'Chiplet_3', 'connection_type': '2.5d_emib', 'loc': '2.5d_chiplet'},{'from': 'Chiplet_3', 'to': 'Chiplet_1', 'connection_type': '2.5d_emib', 'loc': '2.5d_chiplet'},{'from': 'Chiplet_3', 'to': 'Chiplet_6', 'connection_type': '2.5d_emib', 'loc': '2.5d_chiplet'},{'from': 'Chiplet_2', 'to': 'Chiplet_5', 'connection_type': '2.5d_emib', 'loc': '2.5d_chiplet'},{'from': 'Chiplet_2', 'to': 'Chiplet_1', 'connection_type': '2.5d_emib', 'loc': '2.5d_chiplet'},{'from': 'Chiplet_2', 'to': 'Chiplet_6', 'connection_type': '2.5d_emib', 'loc': '2.5d_chiplet'},{'from': 'Chiplet_1', 'to': 'Chiplet_3', 'connection_type': '2.5d_emib', 'loc': '2.5d_chiplet'},{'from': 'Chiplet_1', 'to': 'Chiplet_6', 'connection_type': '2.5d_emib', 'loc': '2.5d_chiplet'},{'from': 'Chiplet_1', 'to': 'Chiplet_2', 'connection_type': '2.5d_emib', 'loc': '2.5d_chiplet'}",1,1,1,1,3,1,ddr4,ucie_adv,ucie_3d,1,0,ws,0,0,0
99,36.66588915295949,3798846.41,84434.3855024666,2222495277.6624603,604953.2213592936,402509.4037075245,99,0.829831759447044,1.3845915837374998,768,64x64,10,0.743226759447044,1.3845915837374998,512,64x64,10,15.436124909546791,15.979573171754398,8192,192x192,14,5.656782838920179,6.821646341899999,2048,128x128,14,1.3653681800824635,3.1172648505374996,512,96x96,10,3.5867297574793953,3.8395579270749995,2048,96x96,14,2.5d,"{'from': 'Chiplet_3', 'to': 'Chiplet_6', 'connection_type': '2.5d_rdl', 'loc': '2.5d_chiplet'},{'from': 'Chiplet_3', 'to': 'Chiplet_4', 'connection_type': '2.5d_rdl', 'loc': '2.5d_chiplet'},{'from': 'Chiplet_4', 'to': 'Chiplet_5', 'connection_type': '2.5d_rdl', 'loc': '2.5d_chiplet'},{'from': 'Chiplet_4', 'to': 'Chiplet_3', 'connection_type': '2.5d_rdl', 'loc': '2.5d_chiplet'},{'from': 'Chiplet_4', 'to': 'Chiplet_6', 'connection_type': '2.5d_rdl', 'loc': '2.5d_chiplet'},{'from': 'Chiplet_4', 'to': 'Chiplet_2', 'connection_type': '2.5d_rdl', 'loc': '2.5d_chiplet'},{'from': 'Chiplet_2', 'to': 'Chiplet_5', 'connection_type': '2.5d_rdl', 'loc': '2.5d_chiplet'},{'from': 'Chiplet_2', 'to': 'Chiplet_4', 'connection_type': '2.5d_rdl', 'loc': '2.5d_chiplet'},{'from': 'Chiplet_6', 'to': 'Chiplet_5', 'connection_type': '2.5d_rdl', 'loc': '2.5d_chiplet'},{'from': 'Chiplet_6', 'to': 'Chiplet_3', 'connection_type': '2.5d_rdl', 'loc': '2.5d_chiplet'},{'from': 'Chiplet_6', 'to': 'Chiplet_1', 'connection_type': '2.5d_rdl', 'loc': '2.5d_chiplet'},{'from': 'Chiplet_6', 'to': 'Chiplet_4', 'connection_type': '2.5d_rdl', 'loc': '2.5d_chiplet'},{'from': 'Chiplet_5', 'to': 'Chiplet_1', 'connection_type': '2.5d_rdl', 'loc': '2.5d_chiplet'},{'from': 'Chiplet_5', 'to': 'Chiplet_6', 'connection_type': '2.5d_rdl', 'loc': '2.5d_chiplet'},{'from': 'Chiplet_5', 'to': 'Chiplet_4', 'connection_type': '2.5d_rdl', 'loc': '2.5d_chiplet'},{'from': 'Chiplet_5', 'to': 'Chiplet_2', 'connection_type': '2.5d_rdl', 'loc': '2.5d_chiplet'},{'from': 'Chiplet_1', 'to': 'Chiplet_5', 'connection_type': '2.5d_rdl', 'loc': '2.5d_chiplet'},{'from': 'Chiplet_1', 'to': 'Chiplet_6', 'connection_type': '2.5d_rdl', 'loc': '2.5d_chiplet'}",1,1,8,3,1,2,hbm3,ucie_std,na,0,0,is,1,0,0
100,25.51686685344871,3121284.42,134175.5959859169,1784818662.591405,142875.2567237164,105100.99246431349,100,1.5385781800824634,3.1172648505374996,1024,96x96,10,3.5867297574793953,3.8395579270749995,2048,96x96,14,4.9976252555201786,6.821646341899999,1024,128x128,14,0.916436759447044,1.3845915837374998,1024,64x64,10,4.9976252555201786,6.821646341899999,1024,128x128,14,2.6264880905479133,5.538366334949999,1024,128x128,10,2.5d_3d,"{'from': 'Chiplet_1', 'to': 'Chiplet_4', 'connection_type': '3d_u_bump', 'loc': 'stack0_base'},{'from': 'Chiplet_4', 'to': 'na', 'connection_type': '3d_u_bump', 'loc': 'stack0_top'},{'from': 'Chiplet_3', 'to': 'Chiplet_5', 'connection_type': '2.5d_emib', 'loc': '2.5d_chiplet'},{'from': 'Chiplet_3', 'to': 'Chiplet_2', 'connection_type': '2.5d_emib', 'loc': '2.5d_chiplet'},{'from': 'Chiplet_2', 'to': 'Chiplet_3', 'connection_type': '2.5d_emib', 'loc': '2.5d_chiplet'},{'from': 'Chiplet_2', 'to': 'Chiplet_6', 'connection_type': '2.5d_emib', 'loc': '2.5d_chiplet'},{'from': 'Chiplet_5', 'to': 'Chiplet_3', 'connection_type': '2.5d_emib', 'loc': '2.5d_chiplet'},{'from': 'Chiplet_5', 'to': 'Chiplet_1', 'connection_type': '2.5d_emib', 'loc': '2.5d_chiplet'},{'from': 'Chiplet_5', 'to': 'Chiplet_6', 'connection_type': '2.5d_emib', 'loc': '2.5d_chiplet'},{'from': 'Chiplet_6', 'to': 'Chiplet_5', 'connection_type': '2.5d_emib', 'loc': '2.5d_chiplet'},{'from': 'Chiplet_6', 'to': 'Chiplet_1', 'connection_type': '2.5d_emib', 'loc': '2.5d_chiplet'},{'from': 'Chiplet_6', 'to': 'Chiplet_2', 'connection_type': '2.5d_emib', 'loc': '2.5d_chiplet'},{'from': 'Chiplet_1', 'to': 'Chiplet_5', 'connection_type': '2.5d_emib', 'loc': '2.5d_chiplet'},{'from': 'Chiplet_1', 'to': 'Chiplet_6', 'connection_type': '2.5d_emib', 'loc': '2.5d_chiplet'}",2,3,4,1,4,2,hbm3,aib,ucie_3d,0,0,ws,0,0,0
101,31.13435985169767,3636620.02,172376.06954792567,2070897687.6212478,151991.66666666666,134000.41583390068,101,3.3193280905479132,5.538366334949999,3072,128x128,10,11.481175603606792,15.979573171754398,2048,192x192,14,1.7117881800824635,3.1172648505374996,1536,96x96,10,3.5867297574793953,3.8395579270749995,2048,96x96,14,1.86237254,4.475,2048,128x128,7,0.916436759447044,1.3845915837374998,1024,64x64,10,2.5d,"{'from': 'Chiplet_2', 'to': 'Chiplet_1', 'connection_type': '2.5d_emib', 'loc': '2.5d_chiplet'},{'from': 'Chiplet_2', 'to': 'Chiplet_4', 'connection_type': '2.5d_emib', 'loc': '2.5d_chiplet'},{'from': 'Chiplet_4', 'to': 'Chiplet_3', 'connection_type': '2.5d_emib', 'loc': '2.5d_chiplet'},{'from': 'Chiplet_4', 'to': 'Chiplet_1', 'connection_type': '2.5d_emib', 'loc': '2.5d_chiplet'},{'from': 'Chiplet_4', 'to': 'Chiplet_2', 'connection_type': '2.5d_emib', 'loc': '2.5d_chiplet'},{'from': 'Chiplet_3', 'to': 'Chiplet_5', 'connection_type': '2.5d_emib', 'loc': '2.5d_chiplet'},{'from': 'Chiplet_3', 'to': 'Chiplet_4', 'connection_type': '2.5d_emib', 'loc': '2.5d_chiplet'},{'from': 'Chiplet_1', 'to': 'Chiplet_5', 'connection_type': '2.5d_emib', 'loc': '2.5d_chiplet'},{'from': 'Chiplet_1', 'to': 'Chiplet_6', 'connection_type': '2.5d_emib', 'loc': '2.5d_chiplet'},{'from': 'Chiplet_1', 'to': 'Chiplet_2', 'connection_type': '2.5d_emib', 'loc': '2.5d_chiplet'},{'from': 'Chiplet_1', 'to': 'Chiplet_4', 'connection_type': '2.5d_emib', 'loc': '2.5d_chiplet'},{'from': 'Chiplet_5', 'to': 'Chiplet_3', 'connection_type': '2.5d_emib', 'loc': '2.5d_chiplet'},{'from': 'Chiplet_5', 'to': 'Chiplet_1', 'connection_type': '2.5d_emib', 'loc': '2.5d_chiplet'},{'from': 'Chiplet_5', 'to': 'Chiplet_6', 'connection_type': '2.5d_emib', 'loc': '2.5d_chiplet'},{'from': 'Chiplet_6', 'to': 'Chiplet_5', 'connection_type': '2.5d_emib', 'loc': '2.5d_chiplet'},{'from': 'Chiplet_6', 'to': 'Chiplet_1', 'connection_type': '2.5d_emib', 'loc': '2.5d_chiplet'}",2,8,1,3,1,1,hbm2,ucie_adv,na,0,0,is,0,0,0
102,19.176453439384073,2171719.35,159259.800912051,10040875091.527514,148370.1525054466,252736.01933849265,102,2.972908090547913,5.538366334949999,2048,128x128,10,1.86237254,4.475,2048,128x128,7,0.784712696,2.51875,512,96x96,7,1.86237254,4.475,2048,128x128,7,0.378988,1.11875,256,64x64,7,5.656782838920179,6.821646341899999,2048,128x128,14,2.5d,"{'from': 'Chiplet_6', 'to': 'Chiplet_5', 'connection_type': '2.5d_emib', 'loc': '2.5d_chiplet'},{'from': 'Chiplet_6', 'to': 'Chiplet_3', 'connection_type': '2.5d_emib', 'loc': '2.5d_chiplet'},{'from': 'Chiplet_6', 'to': 'Chiplet_1', 'connection_type': '2.5d_emib', 'loc': '2.5d_chiplet'},{'from': 'Chiplet_6', 'to': 'Chiplet_2', 'connection_type': '2.5d_emib', 'loc': '2.5d_chiplet'},{'from': 'Chiplet_3', 'to': 'Chiplet_5', 'connection_type': '2.5d_emib', 'loc': '2.5d_chiplet'},{'from': 'Chiplet_3', 'to': 'Chiplet_6', 'connection_type': '2.5d_emib', 'loc': '2.5d_chiplet'},{'from': 'Chiplet_5', 'to': 'Chiplet_3', 'connection_type': '2.5d_emib', 'loc': '2.5d_chiplet'},{'from': 'Chiplet_5', 'to': 'Chiplet_6', 'connection_type': '2.5d_emib', 'loc': '2.5d_chiplet'},{'from': 'Chiplet_1', 'to': 'Chiplet_6', 'connection_type': '2.5d_emib', 'loc': '2.5d_chiplet'},{'from': 'Chiplet_1', 'to': 'Chiplet_2', 'connection_type': '2.5d_emib', 'loc': '2.5d_chiplet'},{'from': 'Chiplet_1', 'to': 'Chiplet_4', 'connection_type': '2.5d_emib', 'loc': '2.5d_chiplet'},{'from': 'Chiplet_2', 'to': 'Chiplet_1', 'connection_type': '2.5d_emib', 'loc': '2.5d_chiplet'},{'from': 'Chiplet_2', 'to': 'Chiplet_6', 'connection_type': '2.5d_emib', 'loc': '2.5d_chiplet'},{'from': 'Chiplet_2', 'to': 'Chiplet_4', 'connection_type': '2.5d_emib', 'loc': '2.5d_chiplet'},{'from': 'Chiplet_4', 'to': 'Chiplet_1', 'connection_type': '2.5d_emib', 'loc': '2.5d_chiplet'},{'from': 'Chiplet_4', 'to': 'Chiplet_2', 'connection_type': '2.5d_emib', 'loc': '2.5d_chiplet'}",1,1,1,1,1,3,ddr4,aib,na,0,0,ws,0,0,0
103,53.325247181347855,4277539.55,95452.9454480206,4813339442.986719,1198203.1115340989,907071.9889287876,103,6.315940422320179,6.821646341899999,3072,128x128,14,0.46559300000000003,1.11875,512,64x64,7,5.5109919519999995,10.4826,8192,192x192,7,0.743226759447044,1.3845915837374998,512,64x64,10,12.799492673176792,15.979573171754398,4096,192x192,14,0.829831759447044,1.3845915837374998,768,64x64,10,2.5d,"{'from': 'Chiplet_5', 'to': 'Chiplet_1', 'connection_type': '2.5d_rdl', 'loc': '2.5d_chiplet'},{'from': 'Chiplet_5', 'to': 'Chiplet_2', 'connection_type': '2.5d_rdl', 'loc': '2.5d_chiplet'},{'from': 'Chiplet_2', 'to': 'Chiplet_5', 'connection_type': '2.5d_rdl', 'loc': '2.5d_chiplet'},{'from': 'Chiplet_2', 'to': 'Chiplet_1', 'connection_type': '2.5d_rdl', 'loc': '2.5d_chiplet'},{'from': 'Chiplet_1', 'to': 'Chiplet_5', 'connection_type': '2.5d_rdl', 'loc': '2.5d_chiplet'},{'from': 'Chiplet_1', 'to': 'Chiplet_6', 'connection_type': '2.5d_rdl', 'loc': '2.5d_chiplet'},{'from': 'Chiplet_1', 'to': 'Chiplet_2', 'connection_type': '2.5d_rdl', 'loc': '2.5d_chiplet'},{'from': 'Chiplet_1', 'to': 'Chiplet_4', 'connection_type': '2.5d_rdl', 'loc': '2.5d_chiplet'},{'from': 'Chiplet_1', 'to': 'Chiplet_3', 'connection_type': '2.5d_rdl', 'loc': '2.5d_chiplet'},{'from': 'Chiplet_4', 'to': 'Chiplet_1', 'connection_type': '2.5d_rdl', 'loc': '2.5d_chiplet'},{'from': 'Chiplet_4', 'to': 'Chiplet_6', 'connection_type': '2.5d_rdl', 'loc': '2.5d_chiplet'},{'from': 'Chiplet_3', 'to': 'Chiplet_1', 'connection_type': '2.5d_rdl', 'loc': '2.5d_chiplet'},{'from': 'Chiplet_3', 'to': 'Chiplet_6', 'connection_type': '2.5d_rdl', 'loc': '2.5d_chiplet'},{'from': 'Chiplet_6', 'to': 'Chiplet_3', 'connection_type': '2.5d_rdl', 'loc': '2.5d_chiplet'},{'from': 'Chiplet_6', 'to': 'Chiplet_1', 'connection_type': '2.5d_rdl', 'loc': '2.5d_chiplet'},{'from': 'Chiplet_6', 'to': 'Chiplet_4', 'connection_type': '2.5d_rdl', 'loc': '2.5d_chiplet'}",1,1,1,1,3,1,ddr4,ucie_std,na,0,0,ws,1,0,0
104,10.755441932701798,1764858.77,92978.7813431204,7078126923.323805,217233.88888888888,197752.9693241738,104,3.5867297574793953,3.8395579270749995,2048,96x96,14,0.916436759447044,1.3845915837374998,1024,64x64,10,3.3193280905479132,5.538366334949999,3072,128x128,10,0.957922696,2.51875,1024,96x96,7,1.304342696,2.51875,2048,96x96,7,0.638803,1.11875,1024,64x64,7,2.5d_3d,"{'from': 'Chiplet_1', 'to': 'Chiplet_5', 'connection_type': '3d_hyb_bond', 'loc': 'stack0_base'},{'from': 'Chiplet_5', 'to': 'Chiplet_4', 'connection_type': '3d_hyb_bond', 'loc': 'stack0_middle1'},{'from': 'Chiplet_4', 'to': 'Chiplet_6', 'connection_type': '3d_hyb_bond', 'loc': 'stack0_middle2'},{'from': 'Chiplet_6', 'to': 'na', 'connection_type': '3d_hyb_bond', 'loc': 'stack0_top'},{'from': 'Chiplet_1', 'to': 'Chiplet_3', 'connection_type': '2.5d_emib', 'loc': '2.5d_chiplet'},{'from': 'Chiplet_1', 'to': 'Chiplet_2', 'connection_type': '2.5d_emib', 'loc': '2.5d_chiplet'},{'from': 'Chiplet_3', 'to': 'Chiplet_1', 'connection_type': '2.5d_emib', 'loc': '2.5d_chiplet'},{'from': 'Chiplet_3', 'to': 'Chiplet_2', 'connection_type': '2.5d_emib', 'loc': '2.5d_chiplet'},{'from': 'Chiplet_2', 'to': 'Chiplet_3', 'connection_type': '2.5d_emib', 'loc': '2.5d_chiplet'},{'from': 'Chiplet_2', 'to': 'Chiplet_1', 'connection_type': '2.5d_emib', 'loc': '2.5d_chiplet'}",2,1,2,1,1,1,ddr5,ucie_adv,ucie_3d,1,0,is,0,0,0
105,37.99772502393246,3560081.69,83675.28740587487,6491275167.477668,75855.06535947713,176304.57515671858,105,0.552198,1.11875,768,64x64,7,2.972908090547913,5.538366334949999,2048,128x128,10,8.112421457366196,12.973514847541198,8192,192x192,10,4.9976252555201786,6.821646341899999,1024,128x128,14,0.916436759447044,1.3845915837374998,1024,64x64,10,6.033899457366197,12.973514847541198,2048,192x192,10,2.5d,"{'from': 'Chiplet_3', 'to': 'Chiplet_1', 'connection_type': '2.5d_rdl', 'loc': '2.5d_chiplet'},{'from': 'Chiplet_3', 'to': 'Chiplet_6', 'connection_type': '2.5d_rdl', 'loc': '2.5d_chiplet'},{'from': 'Chiplet_3', 'to': 'Chiplet_4', 'connection_type': '2.5d_rdl', 'loc': '2.5d_chiplet'},{'from': 'Chiplet_3', 'to': 'Chiplet_2', 'connection_type': '2.5d_rdl', 'loc': '2.5d_chiplet'},{'from': 'Chiplet_2', 'to': 'Chiplet_3', 'connection_type': '2.5d_rdl', 'loc': '2.5d_chiplet'},{'from': 'Chiplet_2', 'to': 'Chiplet_1', 'connection_type': '2.5d_rdl', 'loc': '2.5d_chiplet'},{'from': 'Chiplet_1', 'to': 'Chiplet_3', 'connection_type': '2.5d_rdl', 'loc': '2.5d_chiplet'},{'from': 'Chiplet_1', 'to': 'Chiplet_2', 'connection_type': '2.5d_rdl', 'loc': '2.5d_chiplet'},{'from': 'Chiplet_6', 'to': 'Chiplet_5', 'connection_type': '2.5d_rdl', 'loc': '2.5d_chiplet'},{'from': 'Chiplet_6', 'to': 'Chiplet_3', 'connection_type': '2.5d_rdl', 'loc': '2.5d_chiplet'},{'from': 'Chiplet_6', 'to': 'Chiplet_4', 'connection_type': '2.5d_rdl', 'loc': '2.5d_chiplet'},{'from': 'Chiplet_4', 'to': 'Chiplet_5', 'connection_type': '2.5d_rdl', 'loc': '2.5d_chiplet'},{'from': 'Chiplet_4', 'to': 'Chiplet_3', 'connection_type': '2.5d_rdl', 'loc': '2.5d_chiplet'},{'from': 'Chiplet_4', 'to': 'Chiplet_6', 'connection_type': '2.5d_rdl', 'loc': '2.5d_chiplet'},{'from': 'Chiplet_5', 'to': 'Chiplet_6', 'connection_type': '2.5d_rdl', 'loc': '2.5d_chiplet'},{'from': 'Chiplet_5', 'to': 'Chiplet_4', 'connection_type': '2.5d_rdl', 'loc': '2.5d_chiplet'}",1,1,2,1,1,2,ddr4,ucie_std,na,1,0,os,0,0,0
106,32.729281952109716,2650684.36,158321.83095325236,4558471507.991872,791357.7458004887,428389.17935351003,106,6.975099908490179,6.821646341899999,4096,128x128,14,1.3653681800824635,3.1172648505374996,512,96x96,10,0.916436759447044,1.3845915837374998,1024,64x64,10,1.249405813087535,1.7054115854749998,256,64x64,14,3.2571509657793953,3.8395579270749995,1536,96x96,14,6.315940422320179,6.821646341899999,3072,128x128,14,2.5d,"{'from': 'Chiplet_1', 'to': 'Chiplet_6', 'connection_type': '2.5d_emib', 'loc': '2.5d_chiplet'},{'from': 'Chiplet_1', 'to': 'Chiplet_2', 'connection_type': '2.5d_emib', 'loc': '2.5d_chiplet'},{'from': 'Chiplet_1', 'to': 'Chiplet_4', 'connection_type': '2.5d_emib', 'loc': '2.5d_chiplet'},{'from': 'Chiplet_2', 'to': 'Chiplet_1', 'connection_type': '2.5d_emib', 'loc': '2.5d_chiplet'},{'from': 'Chiplet_2', 'to': 'Chiplet_4', 'connection_type': '2.5d_emib', 'loc': '2.5d_chiplet'},{'from': 'Chiplet_4', 'to': 'Chiplet_1', 'connection_type': '2.5d_emib', 'loc': '2.5d_chiplet'},{'from': 'Chiplet_4', 'to': 'Chiplet_2', 'connection_type': '2.5d_emib', 'loc': '2.5d_chiplet'},{'from': 'Chiplet_6', 'to': 'Chiplet_5', 'connection_type': '2.5d_emib', 'loc': '2.5d_chiplet'},{'from': 'Chiplet_6', 'to': 'Chiplet_1', 'connection_type': '2.5d_emib', 'loc': '2.5d_chiplet'},{'from': 'Chiplet_6', 'to': 'Chiplet_3', 'connection_type': '2.5d_emib', 'loc': '2.5d_chiplet'},{'from': 'Chiplet_5', 'to': 'Chiplet_3', 'connection_type': '2.5d_emib', 'loc': '2.5d_chiplet'},{'from': 'Chiplet_5', 'to': 'Chiplet_6', 'connection_type': '2.5d_emib', 'loc': '2.5d_chiplet'},{'from': 'Chiplet_3', 'to': 'Chiplet_5', 'connection_type': '2.5d_emib', 'loc': '2.5d_chiplet'},{'from': 'Chiplet_3', 'to': 'Chiplet_6', 'connection_type': '2.5d_emib', 'loc': '2.5d_chiplet'}",2,1,1,1,1,2,ddr5,ucie_adv,na,1,0,ws,1,0,0
107,26.561973615563296,4001798.61,132199.02271268005,6744981064.841727,111409.41176470589,216332.64724780788,107,0.638803,1.11875,1024,64x64,7,3.432469952,10.4826,2048,192x192,7,0.784712696,2.51875,512,96x96,7,1.51595254,4.475,1024,128x128,7,4.818150952,10.4826,6144,192x192,7,12.799492673176792,15.979573171754398,4096,192x192,14,2.5d_3d,"{'from': 'Chiplet_6', 'to': 'Chiplet_5', 'connection_type': '3d_tsv', 'loc': 'stack0_base'},{'from': 'Chiplet_5', 'to': 'Chiplet_4', 'connection_type': '3d_tsv', 'loc': 'stack0_middle1'},{'from': 'Chiplet_4', 'to': 'Chiplet_3', 'connection_type': '3d_tsv', 'loc': 'stack0_middle2'},{'from': 'Chiplet_3', 'to': 'na', 'connection_type': '3d_tsv', 'loc': 'stack0_top'},{'from': 'Chiplet_6', 'to': 'Chiplet_1', 'connection_type': '2.5d_emib', 'loc': '2.5d_chiplet'},{'from': 'Chiplet_6', 'to': 'Chiplet_2', 'connection_type': '2.5d_emib', 'loc': '2.5d_chiplet'},{'from': 'Chiplet_2', 'to': 'Chiplet_1', 'connection_type': '2.5d_emib', 'loc': '2.5d_chiplet'},{'from': 'Chiplet_2', 'to': 'Chiplet_6', 'connection_type': '2.5d_emib', 'loc': '2.5d_chiplet'},{'from': 'Chiplet_1', 'to': 'Chiplet_6', 'connection_type': '2.5d_emib', 'loc': '2.5d_chiplet'},{'from': 'Chiplet_1', 'to': 'Chiplet_2', 'connection_type': '2.5d_emib', 'loc': '2.5d_chiplet'}",1,1,1,1,1,3,ddr4,bow,ucie_3d,0,0,is,0,0,0
108,29.343799023188467,3310814.19,71311.90659143051,2268603205.232018,73150.0,77741.58694837627,108,0.552198,1.11875,768,64x64,7,3.3193280905479132,5.538366334949999,3072,128x128,10,0.552198,1.11875,768,64x64,7,1.249405813087535,1.7054115854749998,256,64x64,14,4.818150952,10.4826,6144,192x192,7,6.975099908490179,6.821646341899999,4096,128x128,14,2.5d,"{'from': 'Chiplet_6', 'to': 'Chiplet_5', 'connection_type': '2.5d_rdl', 'loc': '2.5d_chiplet'},{'from': 'Chiplet_6', 'to': 'Chiplet_2', 'connection_type': '2.5d_rdl', 'loc': '2.5d_chiplet'},{'from': 'Chiplet_6', 'to': 'Chiplet_4', 'connection_type': '2.5d_rdl', 'loc': '2.5d_chiplet'},{'from': 'Chiplet_6', 'to': 'Chiplet_3', 'connection_type': '2.5d_rdl', 'loc': '2.5d_chiplet'},{'from': 'Chiplet_4', 'to': 'Chiplet_3', 'connection_type': '2.5d_rdl', 'loc': '2.5d_chiplet'},{'from': 'Chiplet_4', 'to': 'Chiplet_6', 'connection_type': '2.5d_rdl', 'loc': '2.5d_chiplet'},{'from': 'Chiplet_3', 'to': 'Chiplet_6', 'connection_type': '2.5d_rdl', 'loc': '2.5d_chiplet'},{'from': 'Chiplet_3', 'to': 'Chiplet_4', 'connection_type': '2.5d_rdl', 'loc': '2.5d_chiplet'},{'from': 'Chiplet_5', 'to': 'Chiplet_1', 'connection_type': '2.5d_rdl', 'loc': '2.5d_chiplet'},{'from': 'Chiplet_5', 'to': 'Chiplet_6', 'connection_type': '2.5d_rdl', 'loc': '2.5d_chiplet'},{'from': 'Chiplet_5', 'to': 'Chiplet_2', 'connection_type': '2.5d_rdl', 'loc': '2.5d_chiplet'},{'from': 'Chiplet_2', 'to': 'Chiplet_5', 'connection_type': '2.5d_rdl', 'loc': '2.5d_chiplet'},{'from': 'Chiplet_2', 'to': 'Chiplet_1', 'connection_type': '2.5d_rdl', 'loc': '2.5d_chiplet'},{'from': 'Chiplet_2', 'to': 'Chiplet_6', 'connection_type': '2.5d_rdl', 'loc': '2.5d_chiplet'},{'from': 'Chiplet_1', 'to': 'Chiplet_5', 'connection_type': '2.5d_rdl', 'loc': '2.5d_chiplet'},{'from': 'Chiplet_1', 'to': 'Chiplet_2', 'connection_type': '2.5d_rdl', 'loc': '2.5d_chiplet'}",1,3,1,1,4,6,hbm2,ucie_std,na,1,0,os,0,0,0
109,32.848567874671836,3442081.97,87752.4324142716,4264150860.3146524,788987.7339719816,682294.1402231855,109,6.726740457366197,12.973514847541198,4096,192x192,10,6.315940422320179,6.821646341899999,3072,128x128,14,1.304342696,2.51875,2048,96x96,7,3.2571509657793953,3.8395579270749995,1536,96x96,14,6.033899457366197,12.973514847541198,2048,192x192,10,1.131132696,2.51875,1536,96x96,7,2.5d,"{'from': 'Chiplet_1', 'to': 'Chiplet_3', 'connection_type': '2.5d_rdl', 'loc': '2.5d_chiplet'},{'from': 'Chiplet_1', 'to': 'Chiplet_2', 'connection_type': '2.5d_rdl', 'loc': '2.5d_chiplet'},{'from': 'Chiplet_1', 'to': 'Chiplet_4', 'connection_type': '2.5d_rdl', 'loc': '2.5d_chiplet'},{'from': 'Chiplet_4', 'to': 'Chiplet_3', 'connection_type': '2.5d_rdl', 'loc': '2.5d_chiplet'},{'from': 'Chiplet_4', 'to': 'Chiplet_1', 'connection_type': '2.5d_rdl', 'loc': '2.5d_chiplet'},{'from': 'Chiplet_4', 'to': 'Chiplet_6', 'connection_type': '2.5d_rdl', 'loc': '2.5d_chiplet'},{'from': 'Chiplet_3', 'to': 'Chiplet_5', 'connection_type': '2.5d_rdl', 'loc': '2.5d_chiplet'},{'from': 'Chiplet_3', 'to': 'Chiplet_1', 'connection_type': '2.5d_rdl', 'loc': '2.5d_chiplet'},{'from': 'Chiplet_3', 'to': 'Chiplet_6', 'connection_type': '2.5d_rdl', 'loc': '2.5d_chiplet'},{'from': 'Chiplet_3', 'to': 'Chiplet_4', 'connection_type': '2.5d_rdl', 'loc': '2.5d_chiplet'},{'from': 'Chiplet_6', 'to': 'Chiplet_3', 'connection_type': '2.5d_rdl', 'loc': '2.5d_chiplet'},{'from': 'Chiplet_6', 'to': 'Chiplet_4', 'connection_type': '2.5d_rdl', 'loc': '2.5d_chiplet'},{'from': 'Chiplet_2', 'to': 'Chiplet_5', 'connection_type': '2.5d_rdl', 'loc': '2.5d_chiplet'},{'from': 'Chiplet_2', 'to': 'Chiplet_1', 'connection_type': '2.5d_rdl', 'loc': '2.5d_chiplet'},{'from': 'Chiplet_5', 'to': 'Chiplet_3', 'connection_type': '2.5d_rdl', 'loc': '2.5d_chiplet'},{'from': 'Chiplet_5', 'to': 'Chiplet_2', 'connection_type': '2.5d_rdl', 'loc': '2.5d_chiplet'}",2,2,1,1,1,1,ddr4,ucie_std,na,0,0,is,1,0,0
110,63.75603919445499,8159105.13,202087.01386363202,2478591647.0290966,55068.473748473756,104287.11552599938,110,2.972908090547913,5.538366334949999,2048,128x128,10,2.972908090547913,5.538366334949999,2048,128x128,10,12.799492673176792,15.979573171754398,4096,192x192,14,15.436124909546791,15.979573171754398,8192,192x192,14,1.86237254,4.475,2048,128x128,7,5.5109919519999995,10.4826,8192,192x192,7,2.5d_3d,"{'from': 'Chiplet_2', 'to': 'Chiplet_5', 'connection_type': '3d_u_bump', 'loc': 'stack0_base'},{'from': 'Chiplet_5', 'to': 'na', 'connection_type': '3d_u_bump', 'loc': 'stack0_top'},{'from': 'Chiplet_4', 'to': 'Chiplet_3', 'connection_type': '2.5d_emib', 'loc': '2.5d_chiplet'},{'from': 'Chiplet_4', 'to': 'Chiplet_1', 'connection_type': '2.5d_emib', 'loc': '2.5d_chiplet'},{'from': 'Chiplet_4', 'to': 'Chiplet_6', 'connection_type': '2.5d_emib', 'loc': '2.5d_chiplet'},{'from': 'Chiplet_1', 'to': 'Chiplet_6', 'connection_type': '2.5d_emib', 'loc': '2.5d_chiplet'},{'from': 'Chiplet_1', 'to': 'Chiplet_4', 'connection_type': '2.5d_emib', 'loc': '2.5d_chiplet'},{'from': 'Chiplet_3', 'to': 'Chiplet_6', 'connection_type': '2.5d_emib', 'loc': '2.5d_chiplet'},{'from': 'Chiplet_3', 'to': 'Chiplet_4', 'connection_type': '2.5d_emib', 'loc': '2.5d_chiplet'},{'from': 'Chiplet_3', 'to': 'Chiplet_2', 'connection_type': '2.5d_emib', 'loc': '2.5d_chiplet'},{'from': 'Chiplet_6', 'to': 'Chiplet_3', 'connection_type': '2.5d_emib', 'loc': '2.5d_chiplet'},{'from': 'Chiplet_6', 'to': 'Chiplet_1', 'connection_type': '2.5d_emib', 'loc': '2.5d_chiplet'},{'from': 'Chiplet_6', 'to': 'Chiplet_2', 'connection_type': '2.5d_emib', 'loc': '2.5d_chiplet'},{'from': 'Chiplet_6', 'to': 'Chiplet_4', 'connection_type': '2.5d_emib', 'loc': '2.5d_chiplet'},{'from': 'Chiplet_2', 'to': 'Chiplet_3', 'connection_type': '2.5d_emib', 'loc': '2.5d_chiplet'},{'from': 'Chiplet_2', 'to': 'Chiplet_6', 'connection_type': '2.5d_emib', 'loc': '2.5d_chiplet'}",1,1,5,6,1,2,hbm3,bow,ucie_3d,0,0,ws,0,0,0
111,22.525418571566426,2807491.97,64843.926605327375,1810758966.4571955,65270.0,70083.14938765299,111,2.927572174079395,3.8395579270749995,1024,96x96,14,1.86237254,4.475,2048,128x128,7,4.9976252555201786,6.821646341899999,1024,128x128,14,0.784712696,2.51875,512,96x96,7,3.432469952,10.4826,2048,192x192,7,0.957922696,2.51875,1024,96x96,7,2.5d,"{'from': 'Chiplet_3', 'to': 'Chiplet_5', 'connection_type': '2.5d_rdl', 'loc': '2.5d_chiplet'},{'from': 'Chiplet_3', 'to': 'Chiplet_1', 'connection_type': '2.5d_rdl', 'loc': '2.5d_chiplet'},{'from': 'Chiplet_3', 'to': 'Chiplet_2', 'connection_type': '2.5d_rdl', 'loc': '2.5d_chiplet'},{'from': 'Chiplet_3', 'to': 'Chiplet_4', 'connection_type': '2.5d_rdl', 'loc': '2.5d_chiplet'},{'from': 'Chiplet_2', 'to': 'Chiplet_3', 'connection_type': '2.5d_rdl', 'loc': '2.5d_chiplet'},{'from': 'Chiplet_2', 'to': 'Chiplet_4', 'connection_type': '2.5d_rdl', 'loc': '2.5d_chiplet'},{'from': 'Chiplet_4', 'to': 'Chiplet_3', 'connection_type': '2.5d_rdl', 'loc': '2.5d_chiplet'},{'from': 'Chiplet_4', 'to': 'Chiplet_2', 'connection_type': '2.5d_rdl', 'loc': '2.5d_chiplet'},{'from': 'Chiplet_5', 'to': 'Chiplet_3', 'connection_type': '2.5d_rdl', 'loc': '2.5d_chiplet'},{'from': 'Chiplet_5', 'to': 'Chiplet_1', 'connection_type': '2.5d_rdl', 'loc': '2.5d_chiplet'},{'from': 'Chiplet_5', 'to': 'Chiplet_6', 'connection_type': '2.5d_rdl', 'loc': '2.5d_chiplet'},{'from': 'Chiplet_1', 'to': 'Chiplet_5', 'connection_type': '2.5d_rdl', 'loc': '2.5d_chiplet'},{'from': 'Chiplet_1', 'to': 'Chiplet_3', 'connection_type': '2.5d_rdl', 'loc': '2.5d_chiplet'},{'from': 'Chiplet_1', 'to': 'Chiplet_6', 'connection_type': '2.5d_rdl', 'loc': '2.5d_chiplet'},{'from': 'Chiplet_6', 'to': 'Chiplet_5', 'connection_type': '2.5d_rdl', 'loc': '2.5d_chiplet'},{'from': 'Chiplet_6', 'to': 'Chiplet_1', 'connection_type': '2.5d_rdl', 'loc': '2.5d_chiplet'}",3,2,5,1,4,1,hbm2,ucie_std,na,0,0,os,0,0,0
112,25.826306815092362,2572305.28,71617.0355811349,6601725269.828233,105646.4705882353,181661.92037627706,112,12.799492673176792,15.979573171754398,4096,192x192,14,1.131132696,2.51875,1536,96x96,7,0.743226759447044,1.3845915837374998,512,64x64,10,0.46559300000000003,1.11875,512,64x64,7,1.51595254,4.475,1024,128x128,7,2.6264880905479133,5.538366334949999,1024,128x128,10,2.5d,"{'from': 'Chiplet_1', 'to': 'Chiplet_5', 'connection_type': '2.5d_rdl', 'loc': '2.5d_chiplet'},{'from': 'Chiplet_1', 'to': 'Chiplet_6', 'connection_type': '2.5d_rdl', 'loc': '2.5d_chiplet'},{'from': 'Chiplet_6', 'to': 'Chiplet_5', 'connection_type': '2.5d_rdl', 'loc': '2.5d_chiplet'},{'from': 'Chiplet_6', 'to': 'Chiplet_3', 'connection_type': '2.5d_rdl', 'loc': '2.5d_chiplet'},{'from': 'Chiplet_6', 'to': 'Chiplet_1', 'connection_type': '2.5d_rdl', 'loc': '2.5d_chiplet'},{'from': 'Chiplet_6', 'to': 'Chiplet_2', 'connection_type': '2.5d_rdl', 'loc': '2.5d_chiplet'},{'from': 'Chiplet_3', 'to': 'Chiplet_6', 'connection_type': '2.5d_rdl', 'loc': '2.5d_chiplet'},{'from': 'Chiplet_3', 'to': 'Chiplet_2', 'connection_type': '2.5d_rdl', 'loc': '2.5d_chiplet'},{'from': 'Chiplet_5', 'to': 'Chiplet_1', 'connection_type': '2.5d_rdl', 'loc': '2.5d_chiplet'},{'from': 'Chiplet_5', 'to': 'Chiplet_2', 'connection_type': '2.5d_rdl', 'loc': '2.5d_chiplet'},{'from': 'Chiplet_5', 'to': 'Chiplet_4', 'connection_type': '2.5d_rdl', 'loc': '2.5d_chiplet'},{'from': 'Chiplet_5', 'to': 'Chiplet_6', 'connection_type': '2.5d_rdl', 'loc': '2.5d_chiplet'},{'from': 'Chiplet_2', 'to': 'Chiplet_5', 'connection_type': '2.5d_rdl', 'loc': '2.5d_chiplet'},{'from': 'Chiplet_2', 'to': 'Chiplet_6', 'connection_type': '2.5d_rdl', 'loc': '2.5d_chiplet'},{'from': 'Chiplet_2', 'to': 'Chiplet_4', 'connection_type': '2.5d_rdl', 'loc': '2.5d_chiplet'},{'from': 'Chiplet_2', 'to': 'Chiplet_3', 'connection_type': '2.5d_rdl', 'loc': '2.5d_chiplet'},{'from': 'Chiplet_4', 'to': 'Chiplet_5', 'connection_type': '2.5d_rdl', 'loc': '2.5d_chiplet'},{'from': 'Chiplet_4', 'to': 'Chiplet_2', 'connection_type': '2.5d_rdl', 'loc': '2.5d_chiplet'}",3,1,1,1,1,1,ddr4,ucie_std,na,0,0,os,0,0,0
113,6.726740457366197,3279891.87,182631.98221703607,4364834260.016536,92382.47377422384,142032.2221291498,113,2.55521354,4.475,4096,128x128,7,1.5385781800824634,3.1172648505374996,1024,96x96,10,6.726740457366197,12.973514847541198,4096,192x192,10,1.578984604787535,1.7054115854749998,768,64x64,14,6.726740457366197,12.973514847541198,4096,192x192,10,0.46559300000000003,1.11875,512,64x64,7,3d,"{'from': 'Chiplet_3', 'to': 'Chiplet_5', 'connection_type': '3d_hyb_bond', 'loc': 'stack0_base'},{'from': 'Chiplet_5', 'to': 'Chiplet_1', 'connection_type': '3d_hyb_bond', 'loc': 'stack0_middle1'},{'from': 'Chiplet_1', 'to': 'Chiplet_4', 'connection_type': '3d_hyb_bond', 'loc': 'stack0_middle2'},{'from': 'Chiplet_4', 'to': 'Chiplet_2', 'connection_type': '3d_hyb_bond', 'loc': 'stack0_middle3'},{'from': 'Chiplet_2', 'to': 'Chiplet_6', 'connection_type': '3d_hyb_bond', 'loc': 'stack0_middle4'},{'from': 'Chiplet_6', 'to': 'na', 'connection_type': '3d_hyb_bond', 'loc': 'stack0_top'}",1,1,2,1,2,1,ddr4,na,ucie_3d,0,0,ws,1,0,0
114,22.60266743045199,3362227.93,123379.20894076567,1502228383.9964087,369291.0813528204,220315.56479711254,114,1.131132696,2.51875,1536,96x96,7,6.726740457366197,12.973514847541198,4096,192x192,10,2.927572174079395,3.8395579270749995,1024,96x96,14,0.552198,1.11875,768,64x64,7,6.315940422320179,6.821646341899999,3072,128x128,14,0.378988,1.11875,256,64x64,7,2.5d_3d,"{'from': 'Chiplet_2', 'to': 'Chiplet_1', 'connection_type': '3d_hyb_bond', 'loc': 'stack0_base'},{'from': 'Chiplet_1', 'to': 'Chiplet_6', 'connection_type': '3d_hyb_bond', 'loc': 'stack0_middle1'},{'from': 'Chiplet_6', 'to': 'na', 'connection_type': '3d_hyb_bond', 'loc': 'stack0_top'},{'from': 'Chiplet_2', 'to': 'Chiplet_5', 'connection_type': '2.5d_emib', 'loc': '2.5d_chiplet'},{'from': 'Chiplet_2', 'to': 'Chiplet_4', 'connection_type': '2.5d_emib', 'loc': '2.5d_chiplet'},{'from': 'Chiplet_4', 'to': 'Chiplet_3', 'connection_type': '2.5d_emib', 'loc': '2.5d_chiplet'},{'from': 'Chiplet_4', 'to': 'Chiplet_2', 'connection_type': '2.5d_emib', 'loc': '2.5d_chiplet'},{'from': 'Chiplet_5', 'to': 'Chiplet_3', 'connection_type': '2.5d_emib', 'loc': '2.5d_chiplet'},{'from': 'Chiplet_5', 'to': 'Chiplet_2', 'connection_type': '2.5d_emib', 'loc': '2.5d_chiplet'},{'from': 'Chiplet_3', 'to': 'Chiplet_5', 'connection_type': '2.5d_emib', 'loc': '2.5d_chiplet'},{'from': 'Chiplet_3', 'to': 'Chiplet_4', 'connection_type': '2.5d_emib', 'loc': '2.5d_chiplet'}",1,6,2,1,5,1,hbm3,ucie_adv,ucie_3d,1,0,is,1,0,0
115,45.194269706946024,5200982.31,159081.30788592392,1649737457.7627912,76362.35070575461,91046.27755033219,115,0.46559300000000003,1.11875,512,64x64,7,6.315940422320179,6.821646341899999,3072,128x128,14,11.481175603606792,15.979573171754398,2048,192x192,14,6.033899457366197,12.973514847541198,2048,192x192,10,0.784712696,2.51875,512,96x96,7,3.2571509657793953,3.8395579270749995,1536,96x96,14,2.5d_3d,"{'from': 'Chiplet_6', 'to': 'Chiplet_1', 'connection_type': '3d_u_bump', 'loc': 'stack0_base'},{'from': 'Chiplet_1', 'to': 'na', 'connection_type': '3d_u_bump', 'loc': 'stack0_top'},{'from': 'Chiplet_3', 'to': 'Chiplet_6', 'connection_type': '2.5d_emib', 'loc': '2.5d_chiplet'},{'from': 'Chiplet_3', 'to': 'Chiplet_2', 'connection_type': '2.5d_emib', 'loc': '2.5d_chiplet'},{'from': 'Chiplet_3', 'to': 'Chiplet_4', 'connection_type': '2.5d_emib', 'loc': '2.5d_chiplet'},{'from': 'Chiplet_6', 'to': 'Chiplet_3', 'connection_type': '2.5d_emib', 'loc': '2.5d_chiplet'},{'from': 'Chiplet_6', 'to': 'Chiplet_4', 'connection_type': '2.5d_emib', 'loc': '2.5d_chiplet'},{'from': 'Chiplet_2', 'to': 'Chiplet_5', 'connection_type': '2.5d_emib', 'loc': '2.5d_chiplet'},{'from': 'Chiplet_2', 'to': 'Chiplet_3', 'connection_type': '2.5d_emib', 'loc': '2.5d_chiplet'},{'from': 'Chiplet_2', 'to': 'Chiplet_4', 'connection_type': '2.5d_emib', 'loc': '2.5d_chiplet'},{'from': 'Chiplet_4', 'to': 'Chiplet_5', 'connection_type': '2.5d_emib', 'loc': '2.5d_chiplet'},{'from': 'Chiplet_4', 'to': 'Chiplet_3', 'connection_type': '2.5d_emib', 'loc': '2.5d_chiplet'},{'from': 'Chiplet_4', 'to': 'Chiplet_6', 'connection_type': '2.5d_emib', 'loc': '2.5d_chiplet'},{'from': 'Chiplet_4', 'to': 'Chiplet_2', 'connection_type': '2.5d_emib', 'loc': '2.5d_chiplet'},{'from': 'Chiplet_5', 'to': 'Chiplet_2', 'connection_type': '2.5d_emib', 'loc': '2.5d_chiplet'},{'from': 'Chiplet_5', 'to': 'Chiplet_4', 'connection_type': '2.5d_emib', 'loc': '2.5d_chiplet'}",1,3,6,3,1,2,hbm3,bow,ucie_3d,1,0,ws,0,0,0
116,51.30578674118395,6097453.75,209722.192692755,2480316019.904675,34712.45916245916,75555.02729683406,116,14.117807839976791,15.979573171754398,6144,192x192,14,1.304342696,2.51875,2048,96x96,7,5.5109919519999995,10.4826,8192,192x192,7,3.5867297574793953,3.8395579270749995,2048,96x96,14,0.46559300000000003,1.11875,512,64x64,7,8.112421457366196,12.973514847541198,8192,192x192,10,2.5d,"{'from': 'Chiplet_1', 'to': 'Chiplet_5', 'connection_type': '2.5d_emib', 'loc': '2.5d_chiplet'},{'from': 'Chiplet_1', 'to': 'Chiplet_3', 'connection_type': '2.5d_emib', 'loc': '2.5d_chiplet'},{'from': 'Chiplet_1', 'to': 'Chiplet_6', 'connection_type': '2.5d_emib', 'loc': '2.5d_chiplet'},{'from': 'Chiplet_1', 'to': 'Chiplet_2', 'connection_type': '2.5d_emib', 'loc': '2.5d_chiplet'},{'from': 'Chiplet_2', 'to': 'Chiplet_5', 'connection_type': '2.5d_emib', 'loc': '2.5d_chiplet'},{'from': 'Chiplet_2', 'to': 'Chiplet_1', 'connection_type': '2.5d_emib', 'loc': '2.5d_chiplet'},{'from': 'Chiplet_5', 'to': 'Chiplet_1', 'connection_type': '2.5d_emib', 'loc': '2.5d_chiplet'},{'from': 'Chiplet_5', 'to': 'Chiplet_2', 'connection_type': '2.5d_emib', 'loc': '2.5d_chiplet'},{'from': 'Chiplet_6', 'to': 'Chiplet_3', 'connection_type': '2.5d_emib', 'loc': '2.5d_chiplet'},{'from': 'Chiplet_6', 'to': 'Chiplet_1', 'connection_type': '2.5d_emib', 'loc': '2.5d_chiplet'},{'from': 'Chiplet_6', 'to': 'Chiplet_4', 'connection_type': '2.5d_emib', 'loc': '2.5d_chiplet'},{'from': 'Chiplet_3', 'to': 'Chiplet_1', 'connection_type': '2.5d_emib', 'loc': '2.5d_chiplet'},{'from': 'Chiplet_3', 'to': 'Chiplet_6', 'connection_type': '2.5d_emib', 'loc': '2.5d_chiplet'},{'from': 'Chiplet_3', 'to': 'Chiplet_4', 'connection_type': '2.5d_emib', 'loc': '2.5d_chiplet'},{'from': 'Chiplet_4', 'to': 'Chiplet_3', 'connection_type': '2.5d_emib', 'loc': '2.5d_chiplet'},{'from': 'Chiplet_4', 'to': 'Chiplet_6', 'connection_type': '2.5d_emib', 'loc': '2.5d_chiplet'}",7,1,2,1,1,4,hbm3,aib,na,0,0,os,0,0,0
117,52.74485566038837,5533435.36,177026.4855501206,4767429480.742205,247524.02342773014,287449.24322271964,117,3.2571509657793953,3.8395579270749995,1536,96x96,14,15.436124909546791,15.979573171754398,8192,192x192,14,1.86237254,4.475,2048,128x128,7,0.638803,1.11875,1024,64x64,7,0.784712696,2.51875,512,96x96,7,14.117807839976791,15.979573171754398,6144,192x192,14,2.5d_3d,"{'from': 'Chiplet_5', 'to': 'Chiplet_4', 'connection_type': '3d_hyb_bond', 'loc': 'stack0_base'},{'from': 'Chiplet_4', 'to': 'na', 'connection_type': '3d_hyb_bond', 'loc': 'stack0_top'},{'from': 'Chiplet_2', 'to': 'Chiplet_5', 'connection_type': '2.5d_emib', 'loc': '2.5d_chiplet'},{'from': 'Chiplet_2', 'to': 'Chiplet_3', 'connection_type': '2.5d_emib', 'loc': '2.5d_chiplet'},{'from': 'Chiplet_2', 'to': 'Chiplet_1', 'connection_type': '2.5d_emib', 'loc': '2.5d_chiplet'},{'from': 'Chiplet_2', 'to': 'Chiplet_6', 'connection_type': '2.5d_emib', 'loc': '2.5d_chiplet'},{'from': 'Chiplet_3', 'to': 'Chiplet_5', 'connection_type': '2.5d_emib', 'loc': '2.5d_chiplet'},{'from': 'Chiplet_3', 'to': 'Chiplet_2', 'connection_type': '2.5d_emib', 'loc': '2.5d_chiplet'},{'from': 'Chiplet_5', 'to': 'Chiplet_3', 'connection_type': '2.5d_emib', 'loc': '2.5d_chiplet'},{'from': 'Chiplet_5', 'to': 'Chiplet_2', 'connection_type': '2.5d_emib', 'loc': '2.5d_chiplet'},{'from': 'Chiplet_6', 'to': 'Chiplet_1', 'connection_type': '2.5d_emib', 'loc': '2.5d_chiplet'},{'from': 'Chiplet_6', 'to': 'Chiplet_2', 'connection_type': '2.5d_emib', 'loc': '2.5d_chiplet'},{'from': 'Chiplet_1', 'to': 'Chiplet_6', 'connection_type': '2.5d_emib', 'loc': '2.5d_chiplet'},{'from': 'Chiplet_1', 'to': 'Chiplet_2', 'connection_type': '2.5d_emib', 'loc': '2.5d_chiplet'}",1,2,1,1,1,2,ddr4,bow,ucie_3d,1,0,ws,1,0,0
118,31.926758363191492,4481527.73,97191.19847417375,1779650063.7511647,663429.5774520383,572851.9876920533,118,4.1253109519999995,10.4826,4096,192x192,7,1.578984604787535,1.7054115854749998,768,64x64,14,7.419580457366196,12.973514847541198,6144,192x192,10,1.8849981800824636,3.1172648505374996,2048,96x96,10,4.818150952,10.4826,6144,192x192,7,2.6264880905479133,5.538366334949999,1024,128x128,10,2.5d,"{'from': 'Chiplet_3', 'to': 'Chiplet_5', 'connection_type': '2.5d_rdl', 'loc': '2.5d_chiplet'},{'from': 'Chiplet_3', 'to': 'Chiplet_1', 'connection_type': '2.5d_rdl', 'loc': '2.5d_chiplet'},{'from': 'Chiplet_3', 'to': 'Chiplet_6', 'connection_type': '2.5d_rdl', 'loc': '2.5d_chiplet'},{'from': 'Chiplet_3', 'to': 'Chiplet_2', 'connection_type': '2.5d_rdl', 'loc': '2.5d_chiplet'},{'from': 'Chiplet_6', 'to': 'Chiplet_3', 'connection_type': '2.5d_rdl', 'loc': '2.5d_chiplet'},{'from': 'Chiplet_6', 'to': 'Chiplet_2', 'connection_type': '2.5d_rdl', 'loc': '2.5d_chiplet'},{'from': 'Chiplet_2', 'to': 'Chiplet_3', 'connection_type': '2.5d_rdl', 'loc': '2.5d_chiplet'},{'from': 'Chiplet_2', 'to': 'Chiplet_6', 'connection_type': '2.5d_rdl', 'loc': '2.5d_chiplet'},{'from': 'Chiplet_5', 'to': 'Chiplet_3', 'connection_type': '2.5d_rdl', 'loc': '2.5d_chiplet'},{'from': 'Chiplet_5', 'to': 'Chiplet_1', 'connection_type': '2.5d_rdl', 'loc': '2.5d_chiplet'},{'from': 'Chiplet_5', 'to': 'Chiplet_4', 'connection_type': '2.5d_rdl', 'loc': '2.5d_chiplet'},{'from': 'Chiplet_1', 'to': 'Chiplet_5', 'connection_type': '2.5d_rdl', 'loc': '2.5d_chiplet'},{'from': 'Chiplet_1', 'to': 'Chiplet_3', 'connection_type': '2.5d_rdl', 'loc': '2.5d_chiplet'},{'from': 'Chiplet_1', 'to': 'Chiplet_4', 'connection_type': '2.5d_rdl', 'loc': '2.5d_chiplet'},{'from': 'Chiplet_4', 'to': 'Chiplet_5', 'connection_type': '2.5d_rdl', 'loc': '2.5d_chiplet'},{'from': 'Chiplet_4', 'to': 'Chiplet_1', 'connection_type': '2.5d_rdl', 'loc': '2.5d_chiplet'}",3,1,5,1,4,2,hbm3,ucie_std,na,1,0,is,1,0,0
119,19.16256430599557,2884015.47,127921.01853138533,3380355286.0865183,475253.3231024627,309421.76591809344,119,1.51595254,4.475,1024,128x128,7,1.743774000637535,1.7054115854749998,1024,64x64,14,5.5109919519999995,10.4826,8192,192x192,7,1.7117881800824635,3.1172648505374996,1536,96x96,10,6.315940422320179,6.821646341899999,3072,128x128,14,1.249405813087535,1.7054115854749998,256,64x64,14,2.5d_3d,"{'from': 'Chiplet_2', 'to': 'Chiplet_4', 'connection_type': '3d_tsv', 'loc': 'stack0_base'},{'from': 'Chiplet_4', 'to': 'Chiplet_6', 'connection_type': '3d_tsv', 'loc': 'stack0_middle1'},{'from': 'Chiplet_6', 'to': 'na', 'connection_type': '3d_tsv', 'loc': 'stack0_top'},{'from': 'Chiplet_5', 'to': 'Chiplet_3', 'connection_type': '2.5d_emib', 'loc': '2.5d_chiplet'},{'from': 'Chiplet_5', 'to': 'Chiplet_1', 'connection_type': '2.5d_emib', 'loc': '2.5d_chiplet'},{'from': 'Chiplet_5', 'to': 'Chiplet_2', 'connection_type': '2.5d_emib', 'loc': '2.5d_chiplet'},{'from': 'Chiplet_1', 'to': 'Chiplet_5', 'connection_type': '2.5d_emib', 'loc': '2.5d_chiplet'},{'from': 'Chiplet_1', 'to': 'Chiplet_2', 'connection_type': '2.5d_emib', 'loc': '2.5d_chiplet'},{'from': 'Chiplet_3', 'to': 'Chiplet_5', 'connection_type': '2.5d_emib', 'loc': '2.5d_chiplet'},{'from': 'Chiplet_3', 'to': 'Chiplet_2', 'connection_type': '2.5d_emib', 'loc': '2.5d_chiplet'},{'from': 'Chiplet_2', 'to': 'Chiplet_5', 'connection_type': '2.5d_emib', 'loc': '2.5d_chiplet'},{'from': 'Chiplet_2', 'to': 'Chiplet_1', 'connection_type': '2.5d_emib', 'loc': '2.5d_chiplet'},{'from': 'Chiplet_2', 'to': 'Chiplet_3', 'connection_type': '2.5d_emib', 'loc': '2.5d_chiplet'}",1,1,2,1,2,1,ddr5,bow,ucie_3d,1,0,ws,1,0,0
120,19.85315995661329,2047926.47,56993.337532272344,4081019599.829658,683304.162012181,377001.8173524702,120,0.916436759447044,1.3845915837374998,1024,64x64,10,6.315940422320179,6.821646341899999,3072,128x128,14,1.5385781800824634,3.1172648505374996,1024,96x96,10,3.432469952,10.4826,2048,192x192,7,0.46559300000000003,1.11875,512,64x64,7,0.638803,1.11875,1024,64x64,7,2.5d,"{'from': 'Chiplet_2', 'to': 'Chiplet_5', 'connection_type': '2.5d_rdl', 'loc': '2.5d_chiplet'},{'from': 'Chiplet_2', 'to': 'Chiplet_3', 'connection_type': '2.5d_rdl', 'loc': '2.5d_chiplet'},{'from': 'Chiplet_2', 'to': 'Chiplet_4', 'connection_type': '2.5d_rdl', 'loc': '2.5d_chiplet'},{'from': 'Chiplet_5', 'to': 'Chiplet_3', 'connection_type': '2.5d_rdl', 'loc': '2.5d_chiplet'},{'from': 'Chiplet_5', 'to': 'Chiplet_2', 'connection_type': '2.5d_rdl', 'loc': '2.5d_chiplet'},{'from': 'Chiplet_4', 'to': 'Chiplet_3', 'connection_type': '2.5d_rdl', 'loc': '2.5d_chiplet'},{'from': 'Chiplet_4', 'to': 'Chiplet_1', 'connection_type': '2.5d_rdl', 'loc': '2.5d_chiplet'},{'from': 'Chiplet_4', 'to': 'Chiplet_2', 'connection_type': '2.5d_rdl', 'loc': '2.5d_chiplet'},{'from': 'Chiplet_3', 'to': 'Chiplet_5', 'connection_type': '2.5d_rdl', 'loc': '2.5d_chiplet'},{'from': 'Chiplet_3', 'to': 'Chiplet_1', 'connection_type': '2.5d_rdl', 'loc': '2.5d_chiplet'},{'from': 'Chiplet_3', 'to': 'Chiplet_2', 'connection_type': '2.5d_rdl', 'loc': '2.5d_chiplet'},{'from': 'Chiplet_3', 'to': 'Chiplet_4', 'connection_type': '2.5d_rdl', 'loc': '2.5d_chiplet'},{'from': 'Chiplet_3', 'to': 'Chiplet_6', 'connection_type': '2.5d_rdl', 'loc': '2.5d_chiplet'},{'from': 'Chiplet_1', 'to': 'Chiplet_3', 'connection_type': '2.5d_rdl', 'loc': '2.5d_chiplet'},{'from': 'Chiplet_1', 'to': 'Chiplet_6', 'connection_type': '2.5d_rdl', 'loc': '2.5d_chiplet'},{'from': 'Chiplet_1', 'to': 'Chiplet_4', 'connection_type': '2.5d_rdl', 'loc': '2.5d_chiplet'},{'from': 'Chiplet_6', 'to': 'Chiplet_3', 'connection_type': '2.5d_rdl', 'loc': '2.5d_chiplet'},{'from': 'Chiplet_6', 'to': 'Chiplet_1', 'connection_type': '2.5d_rdl', 'loc': '2.5d_chiplet'}",1,3,1,1,1,1,ddr4,ucie_std,na,1,0,os,1,0,0
121,15.837660205236638,1891239.78,44232.04499859744,1447026700.382157,1440663.693651329,522343.76581803476,121,1.8849981800824636,3.1172648505374996,2048,96x96,10,1.4141952089375351,1.7054115854749998,512,64x64,14,2.6264880905479133,5.538366334949999,1024,128x128,10,0.638803,1.11875,1024,64x64,7,3.3193280905479132,5.538366334949999,3072,128x128,10,1.578984604787535,1.7054115854749998,768,64x64,14,2.5d,"{'from': 'Chiplet_5', 'to': 'Chiplet_3', 'connection_type': '2.5d_rdl', 'loc': '2.5d_chiplet'},{'from': 'Chiplet_5', 'to': 'Chiplet_1', 'connection_type': '2.5d_rdl', 'loc': '2.5d_chiplet'},{'from': 'Chiplet_5', 'to': 'Chiplet_6', 'connection_type': '2.5d_rdl', 'loc': '2.5d_chiplet'},{'from': 'Chiplet_5', 'to': 'Chiplet_4', 'connection_type': '2.5d_rdl', 'loc': '2.5d_chiplet'},{'from': 'Chiplet_6', 'to': 'Chiplet_5', 'connection_type': '2.5d_rdl', 'loc': '2.5d_chiplet'},{'from': 'Chiplet_6', 'to': 'Chiplet_4', 'connection_type': '2.5d_rdl', 'loc': '2.5d_chiplet'},{'from': 'Chiplet_4', 'to': 'Chiplet_5', 'connection_type': '2.5d_rdl', 'loc': '2.5d_chiplet'},{'from': 'Chiplet_4', 'to': 'Chiplet_6', 'connection_type': '2.5d_rdl', 'loc': '2.5d_chiplet'},{'from': 'Chiplet_3', 'to': 'Chiplet_5', 'connection_type': '2.5d_rdl', 'loc': '2.5d_chiplet'},{'from': 'Chiplet_3', 'to': 'Chiplet_1', 'connection_type': '2.5d_rdl', 'loc': '2.5d_chiplet'},{'from': 'Chiplet_3', 'to': 'Chiplet_2', 'connection_type': '2.5d_rdl', 'loc': '2.5d_chiplet'},{'from': 'Chiplet_1', 'to': 'Chiplet_5', 'connection_type': '2.5d_rdl', 'loc': '2.5d_chiplet'},{'from': 'Chiplet_1', 'to': 'Chiplet_2', 'connection_type': '2.5d_rdl', 'loc': '2.5d_chiplet'},{'from': 'Chiplet_1', 'to': 'Chiplet_3', 'connection_type': '2.5d_rdl', 'loc': '2.5d_chiplet'},{'from': 'Chiplet_2', 'to': 'Chiplet_3', 'connection_type': '2.5d_rdl', 'loc': '2.5d_chiplet'},{'from': 'Chiplet_2', 'to': 'Chiplet_1', 'connection_type': '2.5d_rdl', 'loc': '2.5d_chiplet'}",3,2,4,1,4,2,hbm3,ucie_std,na,1,0,is,1,0,0
122,39.848391798093665,3435943.4,86480.58214579312,3385153826.0462394,954595.9758939191,690611.3629841603,122,3.5867297574793953,3.8395579270749995,2048,96x96,14,2.6264880905479133,5.538366334949999,1024,128x128,10,14.117807839976791,15.979573171754398,6144,192x192,14,5.656782838920179,6.821646341899999,2048,128x128,14,0.784712696,2.51875,512,96x96,7,0.552198,1.11875,768,64x64,7,2.5d,"{'from': 'Chiplet_3', 'to': 'Chiplet_1', 'connection_type': '2.5d_rdl', 'loc': '2.5d_chiplet'},{'from': 'Chiplet_3', 'to': 'Chiplet_4', 'connection_type': '2.5d_rdl', 'loc': '2.5d_chiplet'},{'from': 'Chiplet_4', 'to': 'Chiplet_5', 'connection_type': '2.5d_rdl', 'loc': '2.5d_chiplet'},{'from': 'Chiplet_4', 'to': 'Chiplet_3', 'connection_type': '2.5d_rdl', 'loc': '2.5d_chiplet'},{'from': 'Chiplet_4', 'to': 'Chiplet_1', 'connection_type': '2.5d_rdl', 'loc': '2.5d_chiplet'},{'from': 'Chiplet_4', 'to': 'Chiplet_2', 'connection_type': '2.5d_rdl', 'loc': '2.5d_chiplet'},{'from': 'Chiplet_5', 'to': 'Chiplet_2', 'connection_type': '2.5d_rdl', 'loc': '2.5d_chiplet'},{'from': 'Chiplet_5', 'to': 'Chiplet_4', 'connection_type': '2.5d_rdl', 'loc': '2.5d_chiplet'},{'from': 'Chiplet_1', 'to': 'Chiplet_3', 'connection_type': '2.5d_rdl', 'loc': '2.5d_chiplet'},{'from': 'Chiplet_1', 'to': 'Chiplet_6', 'connection_type': '2.5d_rdl', 'loc': '2.5d_chiplet'},{'from': 'Chiplet_1', 'to': 'Chiplet_2', 'connection_type': '2.5d_rdl', 'loc': '2.5d_chiplet'},{'from': 'Chiplet_1', 'to': 'Chiplet_4', 'connection_type': '2.5d_rdl', 'loc': '2.5d_chiplet'},{'from': 'Chiplet_2', 'to': 'Chiplet_5', 'connection_type': '2.5d_rdl', 'loc': '2.5d_chiplet'},{'from': 'Chiplet_2', 'to': 'Chiplet_1', 'connection_type': '2.5d_rdl', 'loc': '2.5d_chiplet'},{'from': 'Chiplet_2', 'to': 'Chiplet_6', 'connection_type': '2.5d_rdl', 'loc': '2.5d_chiplet'},{'from': 'Chiplet_2', 'to': 'Chiplet_4', 'connection_type': '2.5d_rdl', 'loc': '2.5d_chiplet'},{'from': 'Chiplet_6', 'to': 'Chiplet_1', 'connection_type': '2.5d_rdl', 'loc': '2.5d_chiplet'},{'from': 'Chiplet_6', 'to': 'Chiplet_2', 'connection_type': '2.5d_rdl', 'loc': '2.5d_chiplet'}",1,1,3,1,1,1,ddr5,ucie_std,na,1,0,os,1,0,0
123,32.06576026192589,3473598.97,75024.71936846337,2032209713.8109255,61330.0,76111.3025590055,123,0.784712696,2.51875,512,96x96,7,5.656782838920179,6.821646341899999,2048,128x128,14,0.829831759447044,1.3845915837374998,768,64x64,10,6.975099908490179,6.821646341899999,4096,128x128,14,2.927572174079395,3.8395579270749995,1024,96x96,14,6.033899457366197,12.973514847541198,2048,192x192,10,2.5d,"{'from': 'Chiplet_4', 'to': 'Chiplet_5', 'connection_type': '2.5d_rdl', 'loc': '2.5d_chiplet'},{'from': 'Chiplet_4', 'to': 'Chiplet_6', 'connection_type': '2.5d_rdl', 'loc': '2.5d_chiplet'},{'from': 'Chiplet_4', 'to': 'Chiplet_2', 'connection_type': '2.5d_rdl', 'loc': '2.5d_chiplet'},{'from': 'Chiplet_4', 'to': 'Chiplet_3', 'connection_type': '2.5d_rdl', 'loc': '2.5d_chiplet'},{'from': 'Chiplet_5', 'to': 'Chiplet_3', 'connection_type': '2.5d_rdl', 'loc': '2.5d_chiplet'},{'from': 'Chiplet_5', 'to': 'Chiplet_1', 'connection_type': '2.5d_rdl', 'loc': '2.5d_chiplet'},{'from': 'Chiplet_5', 'to': 'Chiplet_4', 'connection_type': '2.5d_rdl', 'loc': '2.5d_chiplet'},{'from': 'Chiplet_3', 'to': 'Chiplet_5', 'connection_type': '2.5d_rdl', 'loc': '2.5d_chiplet'},{'from': 'Chiplet_3', 'to': 'Chiplet_1', 'connection_type': '2.5d_rdl', 'loc': '2.5d_chiplet'},{'from': 'Chiplet_3', 'to': 'Chiplet_4', 'connection_type': '2.5d_rdl', 'loc': '2.5d_chiplet'},{'from': 'Chiplet_1', 'to': 'Chiplet_5', 'connection_type': '2.5d_rdl', 'loc': '2.5d_chiplet'},{'from': 'Chiplet_1', 'to': 'Chiplet_3', 'connection_type': '2.5d_rdl', 'loc': '2.5d_chiplet'},{'from': 'Chiplet_6', 'to': 'Chiplet_2', 'connection_type': '2.5d_rdl', 'loc': '2.5d_chiplet'},{'from': 'Chiplet_6', 'to': 'Chiplet_4', 'connection_type': '2.5d_rdl', 'loc': '2.5d_chiplet'},{'from': 'Chiplet_2', 'to': 'Chiplet_6', 'connection_type': '2.5d_rdl', 'loc': '2.5d_chiplet'},{'from': 'Chiplet_2', 'to': 'Chiplet_4', 'connection_type': '2.5d_rdl', 'loc': '2.5d_chiplet'}",1,4,1,4,2,4,hbm2,ucie_std,na,0,0,os,0,0,0
124,51.85519401246217,4869474.58,119828.42170871119,5285094503.2825775,81392.00488997555,166458.55270297028,124,6.975099908490179,6.821646341899999,4096,128x128,14,1.4141952089375351,1.7054115854749998,512,64x64,14,4.818150952,10.4826,6144,192x192,7,1.51595254,4.475,1024,128x128,7,6.315940422320179,6.821646341899999,3072,128x128,14,15.436124909546791,15.979573171754398,8192,192x192,14,2.5d,"{'from': 'Chiplet_6', 'to': 'Chiplet_5', 'connection_type': '2.5d_rdl', 'loc': '2.5d_chiplet'},{'from': 'Chiplet_6', 'to': 'Chiplet_1', 'connection_type': '2.5d_rdl', 'loc': '2.5d_chiplet'},{'from': 'Chiplet_6', 'to': 'Chiplet_2', 'connection_type': '2.5d_rdl', 'loc': '2.5d_chiplet'},{'from': 'Chiplet_6', 'to': 'Chiplet_4', 'connection_type': '2.5d_rdl', 'loc': '2.5d_chiplet'},{'from': 'Chiplet_4', 'to': 'Chiplet_6', 'connection_type': '2.5d_rdl', 'loc': '2.5d_chiplet'},{'from': 'Chiplet_4', 'to': 'Chiplet_2', 'connection_type': '2.5d_rdl', 'loc': '2.5d_chiplet'},{'from': 'Chiplet_2', 'to': 'Chiplet_6', 'connection_type': '2.5d_rdl', 'loc': '2.5d_chiplet'},{'from': 'Chiplet_2', 'to': 'Chiplet_4', 'connection_type': '2.5d_rdl', 'loc': '2.5d_chiplet'},{'from': 'Chiplet_1', 'to': 'Chiplet_5', 'connection_type': '2.5d_rdl', 'loc': '2.5d_chiplet'},{'from': 'Chiplet_1', 'to': 'Chiplet_6', 'connection_type': '2.5d_rdl', 'loc': '2.5d_chiplet'},{'from': 'Chiplet_1', 'to': 'Chiplet_3', 'connection_type': '2.5d_rdl', 'loc': '2.5d_chiplet'},{'from': 'Chiplet_5', 'to': 'Chiplet_3', 'connection_type': '2.5d_rdl', 'loc': '2.5d_chiplet'},{'from': 'Chiplet_5', 'to': 'Chiplet_1', 'connection_type': '2.5d_rdl', 'loc': '2.5d_chiplet'},{'from': 'Chiplet_5', 'to': 'Chiplet_6', 'connection_type': '2.5d_rdl', 'loc': '2.5d_chiplet'},{'from': 'Chiplet_3', 'to': 'Chiplet_5', 'connection_type': '2.5d_rdl', 'loc': '2.5d_chiplet'},{'from': 'Chiplet_3', 'to': 'Chiplet_1', 'connection_type': '2.5d_rdl', 'loc': '2.5d_chiplet'}",1,1,1,1,1,3,ddr5,ucie_std,na,1,0,is,0,0,0
125,26.341660567242926,3565520.28,125954.4994905934,1926472002.645387,511291.635036258,330278.0466529974,125,0.957922696,2.51875,1024,96x96,7,1.4141952089375351,1.7054115854749998,512,64x64,14,12.799492673176792,15.979573171754398,4096,192x192,14,1.3653681800824635,3.1172648505374996,512,96x96,10,3.3193280905479132,5.538366334949999,3072,128x128,10,1.304342696,2.51875,2048,96x96,7,2.5d_3d,"{'from': 'Chiplet_5', 'to': 'Chiplet_4', 'connection_type': '3d_tsv', 'loc': 'stack0_base'},{'from': 'Chiplet_4', 'to': 'Chiplet_1', 'connection_type': '3d_tsv', 'loc': 'stack0_middle1'},{'from': 'Chiplet_1', 'to': 'na', 'connection_type': '3d_tsv', 'loc': 'stack0_top'},{'from': 'Chiplet_3', 'to': 'Chiplet_5', 'connection_type': '2.5d_emib', 'loc': '2.5d_chiplet'},{'from': 'Chiplet_3', 'to': 'Chiplet_2', 'connection_type': '2.5d_emib', 'loc': '2.5d_chiplet'},{'from': 'Chiplet_5', 'to': 'Chiplet_3', 'connection_type': '2.5d_emib', 'loc': '2.5d_chiplet'},{'from': 'Chiplet_5', 'to': 'Chiplet_6', 'connection_type': '2.5d_emib', 'loc': '2.5d_chiplet'},{'from': 'Chiplet_5', 'to': 'Chiplet_2', 'connection_type': '2.5d_emib', 'loc': '2.5d_chiplet'},{'from': 'Chiplet_2', 'to': 'Chiplet_5', 'connection_type': '2.5d_emib', 'loc': '2.5d_chiplet'},{'from': 'Chiplet_2', 'to': 'Chiplet_3', 'connection_type': '2.5d_emib', 'loc': '2.5d_chiplet'},{'from': 'Chiplet_2', 'to': 'Chiplet_6', 'connection_type': '2.5d_emib', 'loc': '2.5d_chiplet'},{'from': 'Chiplet_6', 'to': 'Chiplet_5', 'connection_type': '2.5d_emib', 'loc': '2.5d_chiplet'},{'from': 'Chiplet_6', 'to': 'Chiplet_2', 'connection_type': '2.5d_emib', 'loc': '2.5d_chiplet'}",1,1,10,1,2,1,hbm2,aib,ucie_3d,0,0,is,1,0,0
126,17.32289613677164,2330645.34,58178.74426535866,4087847734.7562313,596249.9610144683,372665.6525886855,126,1.743774000637535,1.7054115854749998,1024,64x64,14,3.3193280905479132,5.538366334949999,3072,128x128,10,1.4141952089375351,1.7054115854749998,512,64x64,14,6.033899457366197,12.973514847541198,2048,192x192,10,3.5867297574793953,3.8395579270749995,2048,96x96,14,0.743226759447044,1.3845915837374998,512,64x64,10,2.5d_3d,"{'from': 'Chiplet_2', 'to': 'Chiplet_3', 'connection_type': '3d_u_bump', 'loc': 'stack0_base'},{'from': 'Chiplet_3', 'to': 'Chiplet_6', 'connection_type': '3d_u_bump', 'loc': 'stack0_middle1'},{'from': 'Chiplet_6', 'to': 'na', 'connection_type': '3d_u_bump', 'loc': 'stack0_top'},{'from': 'Chiplet_4', 'to': 'Chiplet_5', 'connection_type': '2.5d_rdl', 'loc': '2.5d_chiplet'},{'from': 'Chiplet_4', 'to': 'Chiplet_1', 'connection_type': '2.5d_rdl', 'loc': '2.5d_chiplet'},{'from': 'Chiplet_4', 'to': 'Chiplet_2', 'connection_type': '2.5d_rdl', 'loc': '2.5d_chiplet'},{'from': 'Chiplet_1', 'to': 'Chiplet_2', 'connection_type': '2.5d_rdl', 'loc': '2.5d_chiplet'},{'from': 'Chiplet_1', 'to': 'Chiplet_4', 'connection_type': '2.5d_rdl', 'loc': '2.5d_chiplet'},{'from': 'Chiplet_5', 'to': 'Chiplet_2', 'connection_type': '2.5d_rdl', 'loc': '2.5d_chiplet'},{'from': 'Chiplet_5', 'to': 'Chiplet_4', 'connection_type': '2.5d_rdl', 'loc': '2.5d_chiplet'},{'from': 'Chiplet_2', 'to': 'Chiplet_5', 'connection_type': '2.5d_rdl', 'loc': '2.5d_chiplet'},{'from': 'Chiplet_2', 'to': 'Chiplet_1', 'connection_type': '2.5d_rdl', 'loc': '2.5d_chiplet'},{'from': 'Chiplet_2', 'to': 'Chiplet_4', 'connection_type': '2.5d_rdl', 'loc': '2.5d_chiplet'}",1,1,1,3,1,1,ddr4,ucie_std,ucie_3d,1,0,is,1,0,0
127,41.8254828617943,5023551.4,193505.95501166495,1930468312.3015232,327616.13016225246,305401.53022881015,127,8.112421457366196,12.973514847541198,8192,192x192,10,1.51595254,4.475,1024,128x128,7,2.972908090547913,5.538366334949999,2048,128x128,10,0.743226759447044,1.3845915837374998,512,64x64,10,12.799492673176792,15.979573171754398,4096,192x192,14,2.20879254,4.475,3072,128x128,7,2.5d,"{'from': 'Chiplet_5', 'to': 'Chiplet_3', 'connection_type': '2.5d_emib', 'loc': '2.5d_chiplet'},{'from': 'Chiplet_5', 'to': 'Chiplet_1', 'connection_type': '2.5d_emib', 'loc': '2.5d_chiplet'},{'from': 'Chiplet_5', 'to': 'Chiplet_2', 'connection_type': '2.5d_emib', 'loc': '2.5d_chiplet'},{'from': 'Chiplet_2', 'to': 'Chiplet_5', 'connection_type': '2.5d_emib', 'loc': '2.5d_chiplet'},{'from': 'Chiplet_2', 'to': 'Chiplet_3', 'connection_type': '2.5d_emib', 'loc': '2.5d_chiplet'},{'from': 'Chiplet_1', 'to': 'Chiplet_5', 'connection_type': '2.5d_emib', 'loc': '2.5d_chiplet'},{'from': 'Chiplet_1', 'to': 'Chiplet_6', 'connection_type': '2.5d_emib', 'loc': '2.5d_chiplet'},{'from': 'Chiplet_1', 'to': 'Chiplet_3', 'connection_type': '2.5d_emib', 'loc': '2.5d_chiplet'},{'from': 'Chiplet_3', 'to': 'Chiplet_5', 'connection_type': '2.5d_emib', 'loc': '2.5d_chiplet'},{'from': 'Chiplet_3', 'to': 'Chiplet_1', 'connection_type': '2.5d_emib', 'loc': '2.5d_chiplet'},{'from': 'Chiplet_3', 'to': 'Chiplet_6', 'connection_type': '2.5d_emib', 'loc': '2.5d_chiplet'},{'from': 'Chiplet_3', 'to': 'Chiplet_2', 'connection_type': '2.5d_emib', 'loc': '2.5d_chiplet'},{'from': 'Chiplet_3', 'to': 'Chiplet_4', 'connection_type': '2.5d_emib', 'loc': '2.5d_chiplet'},{'from': 'Chiplet_6', 'to': 'Chiplet_3', 'connection_type': '2.5d_emib', 'loc': '2.5d_chiplet'},{'from': 'Chiplet_6', 'to': 'Chiplet_1', 'connection_type': '2.5d_emib', 'loc': '2.5d_chiplet'},{'from': 'Chiplet_6', 'to': 'Chiplet_4', 'connection_type': '2.5d_emib', 'loc': '2.5d_chiplet'},{'from': 'Chiplet_4', 'to': 'Chiplet_3', 'connection_type': '2.5d_emib', 'loc': '2.5d_chiplet'},{'from': 'Chiplet_4', 'to': 'Chiplet_6', 'connection_type': '2.5d_emib', 'loc': '2.5d_chiplet'}",4,1,2,1,7,1,hbm3,ucie_adv,na,0,0,is,1,0,0
128,45.355620749705274,4117124.18,183399.4317722958,3218833431.4128637,475335.1626094914,444381.830769282,128,4.9976252555201786,6.821646341899999,1024,128x128,14,1.7117881800824635,3.1172648505374996,1536,96x96,10,8.112421457366196,12.973514847541198,8192,192x192,10,0.916436759447044,1.3845915837374998,1024,64x64,10,4.9976252555201786,6.821646341899999,1024,128x128,14,6.033899457366197,12.973514847541198,2048,192x192,10,2.5d,"{'from': 'Chiplet_3', 'to': 'Chiplet_5', 'connection_type': '2.5d_emib', 'loc': '2.5d_chiplet'},{'from': 'Chiplet_3', 'to': 'Chiplet_6', 'connection_type': '2.5d_emib', 'loc': '2.5d_chiplet'},{'from': 'Chiplet_5', 'to': 'Chiplet_3', 'connection_type': '2.5d_emib', 'loc': '2.5d_chiplet'},{'from': 'Chiplet_5', 'to': 'Chiplet_1', 'connection_type': '2.5d_emib', 'loc': '2.5d_chiplet'},{'from': 'Chiplet_5', 'to': 'Chiplet_6', 'connection_type': '2.5d_emib', 'loc': '2.5d_chiplet'},{'from': 'Chiplet_6', 'to': 'Chiplet_5', 'connection_type': '2.5d_emib', 'loc': '2.5d_chiplet'},{'from': 'Chiplet_6', 'to': 'Chiplet_1', 'connection_type': '2.5d_emib', 'loc': '2.5d_chiplet'},{'from': 'Chiplet_6', 'to': 'Chiplet_2', 'connection_type': '2.5d_emib', 'loc': '2.5d_chiplet'},{'from': 'Chiplet_6', 'to': 'Chiplet_4', 'connection_type': '2.5d_emib', 'loc': '2.5d_chiplet'},{'from': 'Chiplet_6', 'to': 'Chiplet_3', 'connection_type': '2.5d_emib', 'loc': '2.5d_chiplet'},{'from': 'Chiplet_4', 'to': 'Chiplet_6', 'connection_type': '2.5d_emib', 'loc': '2.5d_chiplet'},{'from': 'Chiplet_4', 'to': 'Chiplet_2', 'connection_type': '2.5d_emib', 'loc': '2.5d_chiplet'},{'from': 'Chiplet_1', 'to': 'Chiplet_5', 'connection_type': '2.5d_emib', 'loc': '2.5d_chiplet'},{'from': 'Chiplet_1', 'to': 'Chiplet_6', 'connection_type': '2.5d_emib', 'loc': '2.5d_chiplet'},{'from': 'Chiplet_1', 'to': 'Chiplet_2', 'connection_type': '2.5d_emib', 'loc': '2.5d_chiplet'},{'from': 'Chiplet_2', 'to': 'Chiplet_1', 'connection_type': '2.5d_emib', 'loc': '2.5d_chiplet'},{'from': 'Chiplet_2', 'to': 'Chiplet_6', 'connection_type': '2.5d_emib', 'loc': '2.5d_chiplet'},{'from': 'Chiplet_2', 'to': 'Chiplet_4', 'connection_type': '2.5d_emib', 'loc': '2.5d_chiplet'}",1,1,2,1,1,2,ddr5,aib,na,1,0,os,1,0,0
129,31.690131190508854,3269031.2,175045.06567525177,6576880636.298851,72404.92845786962,168159.6801980475,129,8.112421457366196,12.973514847541198,8192,192x192,10,1.8849981800824636,3.1172648505374996,2048,96x96,10,2.597993382379395,3.8395579270749995,512,96x96,14,3.432469952,10.4826,2048,192x192,7,1.131132696,2.51875,1536,96x96,7,0.957922696,2.51875,1024,96x96,7,2.5d,"{'from': 'Chiplet_1', 'to': 'Chiplet_6', 'connection_type': '2.5d_emib', 'loc': '2.5d_chiplet'},{'from': 'Chiplet_1', 'to': 'Chiplet_4', 'connection_type': '2.5d_emib', 'loc': '2.5d_chiplet'},{'from': 'Chiplet_6', 'to': 'Chiplet_3', 'connection_type': '2.5d_emib', 'loc': '2.5d_chiplet'},{'from': 'Chiplet_6', 'to': 'Chiplet_1', 'connection_type': '2.5d_emib', 'loc': '2.5d_chiplet'},{'from': 'Chiplet_6', 'to': 'Chiplet_4', 'connection_type': '2.5d_emib', 'loc': '2.5d_chiplet'},{'from': 'Chiplet_4', 'to': 'Chiplet_5', 'connection_type': '2.5d_emib', 'loc': '2.5d_chiplet'},{'from': 'Chiplet_4', 'to': 'Chiplet_1', 'connection_type': '2.5d_emib', 'loc': '2.5d_chiplet'},{'from': 'Chiplet_4', 'to': 'Chiplet_6', 'connection_type': '2.5d_emib', 'loc': '2.5d_chiplet'},{'from': 'Chiplet_4', 'to': 'Chiplet_2', 'connection_type': '2.5d_emib', 'loc': '2.5d_chiplet'},{'from': 'Chiplet_4', 'to': 'Chiplet_3', 'connection_type': '2.5d_emib', 'loc': '2.5d_chiplet'},{'from': 'Chiplet_5', 'to': 'Chiplet_2', 'connection_type': '2.5d_emib', 'loc': '2.5d_chiplet'},{'from': 'Chiplet_5', 'to': 'Chiplet_4', 'connection_type': '2.5d_emib', 'loc': '2.5d_chiplet'},{'from': 'Chiplet_3', 'to': 'Chiplet_6', 'connection_type': '2.5d_emib', 'loc': '2.5d_chiplet'},{'from': 'Chiplet_3', 'to': 'Chiplet_2', 'connection_type': '2.5d_emib', 'loc': '2.5d_chiplet'},{'from': 'Chiplet_3', 'to': 'Chiplet_4', 'connection_type': '2.5d_emib', 'loc': '2.5d_chiplet'},{'from': 'Chiplet_2', 'to': 'Chiplet_5', 'connection_type': '2.5d_emib', 'loc': '2.5d_chiplet'},{'from': 'Chiplet_2', 'to': 'Chiplet_3', 'connection_type': '2.5d_emib', 'loc': '2.5d_chiplet'},{'from': 'Chiplet_2', 'to': 'Chiplet_4', 'connection_type': '2.5d_emib', 'loc': '2.5d_chiplet'}",3,1,1,1,1,1,ddr4,aib,na,0,0,ws,0,0,0
130,35.253024663376756,3243633.96,78488.94398894215,3230937444.7453527,568948.2408343806,439815.2176531457,130,6.726740457366197,12.973514847541198,4096,192x192,10,0.957922696,2.51875,1024,96x96,7,5.656782838920179,6.821646341899999,2048,128x128,14,4.9976252555201786,6.821646341899999,1024,128x128,14,1.743774000637535,1.7054115854749998,1024,64x64,14,3.665749090547913,5.538366334949999,4096,128x128,10,2.5d,"{'from': 'Chiplet_1', 'to': 'Chiplet_5', 'connection_type': '2.5d_rdl', 'loc': '2.5d_chiplet'},{'from': 'Chiplet_1', 'to': 'Chiplet_3', 'connection_type': '2.5d_rdl', 'loc': '2.5d_chiplet'},{'from': 'Chiplet_1', 'to': 'Chiplet_6', 'connection_type': '2.5d_rdl', 'loc': '2.5d_chiplet'},{'from': 'Chiplet_1', 'to': 'Chiplet_4', 'connection_type': '2.5d_rdl', 'loc': '2.5d_chiplet'},{'from': 'Chiplet_6', 'to': 'Chiplet_5', 'connection_type': '2.5d_rdl', 'loc': '2.5d_chiplet'},{'from': 'Chiplet_6', 'to': 'Chiplet_1', 'connection_type': '2.5d_rdl', 'loc': '2.5d_chiplet'},{'from': 'Chiplet_5', 'to': 'Chiplet_1', 'connection_type': '2.5d_rdl', 'loc': '2.5d_chiplet'},{'from': 'Chiplet_5', 'to': 'Chiplet_6', 'connection_type': '2.5d_rdl', 'loc': '2.5d_chiplet'},{'from': 'Chiplet_3', 'to': 'Chiplet_1', 'connection_type': '2.5d_rdl', 'loc': '2.5d_chiplet'},{'from': 'Chiplet_3', 'to': 'Chiplet_2', 'connection_type': '2.5d_rdl', 'loc': '2.5d_chiplet'},{'from': 'Chiplet_3', 'to': 'Chiplet_4', 'connection_type': '2.5d_rdl', 'loc': '2.5d_chiplet'},{'from': 'Chiplet_4', 'to': 'Chiplet_3', 'connection_type': '2.5d_rdl', 'loc': '2.5d_chiplet'},{'from': 'Chiplet_4', 'to': 'Chiplet_1', 'connection_type': '2.5d_rdl', 'loc': '2.5d_chiplet'},{'from': 'Chiplet_4', 'to': 'Chiplet_2', 'connection_type': '2.5d_rdl', 'loc': '2.5d_chiplet'},{'from': 'Chiplet_2', 'to': 'Chiplet_3', 'connection_type': '2.5d_rdl', 'loc': '2.5d_chiplet'},{'from': 'Chiplet_2', 'to': 'Chiplet_4', 'connection_type': '2.5d_rdl', 'loc': '2.5d_chiplet'}",2,1,2,1,1,1,ddr5,ucie_std,na,1,0,is,1,0,0
131,27.585827927900745,2955652.44,172410.63023985978,4227857463.022954,467963.95118215936,343991.37400299363,131,4.1253109519999995,10.4826,4096,192x192,7,0.784712696,2.51875,512,96x96,7,3.3193280905479132,5.538366334949999,3072,128x128,10,1.51595254,4.475,1024,128x128,7,0.552198,1.11875,768,64x64,7,6.975099908490179,6.821646341899999,4096,128x128,14,2.5d,"{'from': 'Chiplet_6', 'to': 'Chiplet_3', 'connection_type': '2.5d_emib', 'loc': '2.5d_chiplet'},{'from': 'Chiplet_6', 'to': 'Chiplet_1', 'connection_type': '2.5d_emib', 'loc': '2.5d_chiplet'},{'from': 'Chiplet_6', 'to': 'Chiplet_4', 'connection_type': '2.5d_emib', 'loc': '2.5d_chiplet'},{'from': 'Chiplet_4', 'to': 'Chiplet_3', 'connection_type': '2.5d_emib', 'loc': '2.5d_chiplet'},{'from': 'Chiplet_4', 'to': 'Chiplet_6', 'connection_type': '2.5d_emib', 'loc': '2.5d_chiplet'},{'from': 'Chiplet_1', 'to': 'Chiplet_3', 'connection_type': '2.5d_emib', 'loc': '2.5d_chiplet'},{'from': 'Chiplet_1', 'to': 'Chiplet_6', 'connection_type': '2.5d_emib', 'loc': '2.5d_chiplet'},{'from': 'Chiplet_1', 'to': 'Chiplet_2', 'connection_type': '2.5d_emib', 'loc': '2.5d_chiplet'},{'from': 'Chiplet_3', 'to': 'Chiplet_5', 'connection_type': '2.5d_emib', 'loc': '2.5d_chiplet'},{'from': 'Chiplet_3', 'to': 'Chiplet_1', 'connection_type': '2.5d_emib', 'loc': '2.5d_chiplet'},{'from': 'Chiplet_3', 'to': 'Chiplet_6', 'connection_type': '2.5d_emib', 'loc': '2.5d_chiplet'},{'from': 'Chiplet_3', 'to': 'Chiplet_4', 'connection_type': '2.5d_emib', 'loc': '2.5d_chiplet'},{'from': 'Chiplet_3', 'to': 'Chiplet_2', 'connection_type': '2.5d_emib', 'loc': '2.5d_chiplet'},{'from': 'Chiplet_2', 'to': 'Chiplet_5', 'connection_type': '2.5d_emib', 'loc': '2.5d_chiplet'},{'from': 'Chiplet_2', 'to': 'Chiplet_3', 'connection_type': '2.5d_emib', 'loc': '2.5d_chiplet'},{'from': 'Chiplet_2', 'to': 'Chiplet_1', 'connection_type': '2.5d_emib', 'loc': '2.5d_chiplet'},{'from': 'Chiplet_5', 'to': 'Chiplet_3', 'connection_type': '2.5d_emib', 'loc': '2.5d_chiplet'},{'from': 'Chiplet_5', 'to': 'Chiplet_2', 'connection_type': '2.5d_emib', 'loc': '2.5d_chiplet'}",1,1,1,1,1,3,ddr4,bow,na,1,0,os,1,0,0
132,19.80821718776332,4018636.52,139590.0553473418,2543245418.6404757,40195.79744579745,71270.70133004978,132,3.2571509657793953,3.8395579270749995,1536,96x96,14,1.3653681800824635,3.1172648505374996,512,96x96,10,4.818150952,10.4826,6144,192x192,7,3.2571509657793953,3.8395579270749995,1536,96x96,14,5.5109919519999995,10.4826,8192,192x192,7,0.656621759447044,1.3845915837374998,256,64x64,10,2.5d_3d,"{'from': 'Chiplet_3', 'to': 'Chiplet_2', 'connection_type': '3d_u_bump', 'loc': 'stack0_base'},{'from': 'Chiplet_2', 'to': 'Chiplet_6', 'connection_type': '3d_u_bump', 'loc': 'stack0_middle1'},{'from': 'Chiplet_6', 'to': 'na', 'connection_type': '3d_u_bump', 'loc': 'stack0_top'},{'from': 'Chiplet_5', 'to': 'Chiplet_3', 'connection_type': '2.5d_emib', 'loc': '2.5d_chiplet'},{'from': 'Chiplet_5', 'to': 'Chiplet_1', 'connection_type': '2.5d_emib', 'loc': '2.5d_chiplet'},{'from': 'Chiplet_5', 'to': 'Chiplet_4', 'connection_type': '2.5d_emib', 'loc': '2.5d_chiplet'},{'from': 'Chiplet_4', 'to': 'Chiplet_5', 'connection_type': '2.5d_emib', 'loc': '2.5d_chiplet'},{'from': 'Chiplet_4', 'to': 'Chiplet_1', 'connection_type': '2.5d_emib', 'loc': '2.5d_chiplet'},{'from': 'Chiplet_3', 'to': 'Chiplet_5', 'connection_type': '2.5d_emib', 'loc': '2.5d_chiplet'},{'from': 'Chiplet_3', 'to': 'Chiplet_1', 'connection_type': '2.5d_emib', 'loc': '2.5d_chiplet'},{'from': 'Chiplet_1', 'to': 'Chiplet_5', 'connection_type': '2.5d_emib', 'loc': '2.5d_chiplet'},{'from': 'Chiplet_1', 'to': 'Chiplet_4', 'connection_type': '2.5d_emib', 'loc': '2.5d_chiplet'},{'from': 'Chiplet_1', 'to': 'Chiplet_3', 'connection_type': '2.5d_emib', 'loc': '2.5d_chiplet'}",3,1,4,3,4,1,hbm2,ucie_adv,ucie_3d,0,0,os,0,0,0
133,31.32684832177118,3529788.6,167086.47995073727,1752224333.4925623,67260.1373360331,70681.84492144265,133,1.7117881800824635,3.1172648505374996,1536,96x96,10,2.597993382379395,3.8395579270749995,512,96x96,14,1.7117881800824635,3.1172648505374996,1536,96x96,10,3.665749090547913,5.538366334949999,4096,128x128,10,1.131132696,2.51875,1536,96x96,7,7.419580457366196,12.973514847541198,6144,192x192,10,2.5d,"{'from': 'Chiplet_6', 'to': 'Chiplet_3', 'connection_type': '2.5d_emib', 'loc': '2.5d_chiplet'},{'from': 'Chiplet_6', 'to': 'Chiplet_4', 'connection_type': '2.5d_emib', 'loc': '2.5d_chiplet'},{'from': 'Chiplet_3', 'to': 'Chiplet_6', 'connection_type': '2.5d_emib', 'loc': '2.5d_chiplet'},{'from': 'Chiplet_3', 'to': 'Chiplet_2', 'connection_type': '2.5d_emib', 'loc': '2.5d_chiplet'},{'from': 'Chiplet_3', 'to': 'Chiplet_4', 'connection_type': '2.5d_emib', 'loc': '2.5d_chiplet'},{'from': 'Chiplet_4', 'to': 'Chiplet_5', 'connection_type': '2.5d_emib', 'loc': '2.5d_chiplet'},{'from': 'Chiplet_4', 'to': 'Chiplet_1', 'connection_type': '2.5d_emib', 'loc': '2.5d_chiplet'},{'from': 'Chiplet_4', 'to': 'Chiplet_6', 'connection_type': '2.5d_emib', 'loc': '2.5d_chiplet'},{'from': 'Chiplet_4', 'to': 'Chiplet_2', 'connection_type': '2.5d_emib', 'loc': '2.5d_chiplet'},{'from': 'Chiplet_4', 'to': 'Chiplet_3', 'connection_type': '2.5d_emib', 'loc': '2.5d_chiplet'},{'from': 'Chiplet_5', 'to': 'Chiplet_1', 'connection_type': '2.5d_emib', 'loc': '2.5d_chiplet'},{'from': 'Chiplet_5', 'to': 'Chiplet_4', 'connection_type': '2.5d_emib', 'loc': '2.5d_chiplet'},{'from': 'Chiplet_2', 'to': 'Chiplet_3', 'connection_type': '2.5d_emib', 'loc': '2.5d_chiplet'},{'from': 'Chiplet_2', 'to': 'Chiplet_1', 'connection_type': '2.5d_emib', 'loc': '2.5d_chiplet'},{'from': 'Chiplet_2', 'to': 'Chiplet_4', 'connection_type': '2.5d_emib', 'loc': '2.5d_chiplet'},{'from': 'Chiplet_1', 'to': 'Chiplet_5', 'connection_type': '2.5d_emib', 'loc': '2.5d_chiplet'},{'from': 'Chiplet_1', 'to': 'Chiplet_2', 'connection_type': '2.5d_emib', 'loc': '2.5d_chiplet'},{'from': 'Chiplet_1', 'to': 'Chiplet_4', 'connection_type': '2.5d_emib', 'loc': '2.5d_chiplet'}",2,2,1,3,1,7,hbm3,bow,na,1,0,ws,0,0,0
134,59.68955978397595,5642198.88,212955.2676017862,4301966670.127237,363281.9565550387,506997.1836831091,134,11.481175603606792,15.979573171754398,2048,192x192,14,6.033899457366197,12.973514847541198,2048,192x192,10,1.4141952089375351,1.7054115854749998,512,64x64,14,11.481175603606792,15.979573171754398,2048,192x192,14,2.20879254,4.475,3072,128x128,7,6.726740457366197,12.973514847541198,4096,192x192,10,2.5d,"{'from': 'Chiplet_1', 'to': 'Chiplet_3', 'connection_type': '2.5d_emib', 'loc': '2.5d_chiplet'},{'from': 'Chiplet_1', 'to': 'Chiplet_6', 'connection_type': '2.5d_emib', 'loc': '2.5d_chiplet'},{'from': 'Chiplet_1', 'to': 'Chiplet_4', 'connection_type': '2.5d_emib', 'loc': '2.5d_chiplet'},{'from': 'Chiplet_6', 'to': 'Chiplet_3', 'connection_type': '2.5d_emib', 'loc': '2.5d_chiplet'},{'from': 'Chiplet_6', 'to': 'Chiplet_1', 'connection_type': '2.5d_emib', 'loc': '2.5d_chiplet'},{'from': 'Chiplet_3', 'to': 'Chiplet_1', 'connection_type': '2.5d_emib', 'loc': '2.5d_chiplet'},{'from': 'Chiplet_3', 'to': 'Chiplet_6', 'connection_type': '2.5d_emib', 'loc': '2.5d_chiplet'},{'from': 'Chiplet_4', 'to': 'Chiplet_5', 'connection_type': '2.5d_emib', 'loc': '2.5d_chiplet'},{'from': 'Chiplet_4', 'to': 'Chiplet_1', 'connection_type': '2.5d_emib', 'loc': '2.5d_chiplet'},{'from': 'Chiplet_4', 'to': 'Chiplet_2', 'connection_type': '2.5d_emib', 'loc': '2.5d_chiplet'},{'from': 'Chiplet_2', 'to': 'Chiplet_5', 'connection_type': '2.5d_emib', 'loc': '2.5d_chiplet'},{'from': 'Chiplet_2', 'to': 'Chiplet_4', 'connection_type': '2.5d_emib', 'loc': '2.5d_chiplet'},{'from': 'Chiplet_5', 'to': 'Chiplet_2', 'connection_type': '2.5d_emib', 'loc': '2.5d_chiplet'},{'from': 'Chiplet_5', 'to': 'Chiplet_4', 'connection_type': '2.5d_emib', 'loc': '2.5d_chiplet'}",2,1,1,2,1,1,ddr4,ucie_adv,na,0,0,is,1,0,0
135,39.87797297139445,4670415.37,99762.9127904453,4560752396.202223,1214157.2935402629,1050822.826553547,135,5.5109919519999995,10.4826,8192,192x192,7,4.9976252555201786,6.821646341899999,1024,128x128,14,6.975099908490179,6.821646341899999,4096,128x128,14,7.419580457366196,12.973514847541198,6144,192x192,10,1.3653681800824635,3.1172648505374996,512,96x96,10,1.5385781800824634,3.1172648505374996,1024,96x96,10,2.5d_3d,"{'from': 'Chiplet_3', 'to': 'Chiplet_5', 'connection_type': '3d_u_bump', 'loc': 'stack0_base'},{'from': 'Chiplet_5', 'to': 'na', 'connection_type': '3d_u_bump', 'loc': 'stack0_top'},{'from': 'Chiplet_4', 'to': 'Chiplet_3', 'connection_type': '2.5d_rdl', 'loc': '2.5d_chiplet'},{'from': 'Chiplet_4', 'to': 'Chiplet_6', 'connection_type': '2.5d_rdl', 'loc': '2.5d_chiplet'},{'from': 'Chiplet_4', 'to': 'Chiplet_2', 'connection_type': '2.5d_rdl', 'loc': '2.5d_chiplet'},{'from': 'Chiplet_2', 'to': 'Chiplet_6', 'connection_type': '2.5d_rdl', 'loc': '2.5d_chiplet'},{'from': 'Chiplet_2', 'to': 'Chiplet_4', 'connection_type': '2.5d_rdl', 'loc': '2.5d_chiplet'},{'from': 'Chiplet_6', 'to': 'Chiplet_1', 'connection_type': '2.5d_rdl', 'loc': '2.5d_chiplet'},{'from': 'Chiplet_6', 'to': 'Chiplet_2', 'connection_type': '2.5d_rdl', 'loc': '2.5d_chiplet'},{'from': 'Chiplet_6', 'to': 'Chiplet_4', 'connection_type': '2.5d_rdl', 'loc': '2.5d_chiplet'},{'from': 'Chiplet_3', 'to': 'Chiplet_1', 'connection_type': '2.5d_rdl', 'loc': '2.5d_chiplet'},{'from': 'Chiplet_3', 'to': 'Chiplet_4', 'connection_type': '2.5d_rdl', 'loc': '2.5d_chiplet'},{'from': 'Chiplet_1', 'to': 'Chiplet_3', 'connection_type': '2.5d_rdl', 'loc': '2.5d_chiplet'},{'from': 'Chiplet_1', 'to': 'Chiplet_6', 'connection_type': '2.5d_rdl', 'loc': '2.5d_chiplet'}",1,1,2,2,1,1,ddr4,ucie_std,ucie_3d,1,0,os,1,0,0
136,25.488800009581,2166020.42,56288.983669260924,5982613101.852533,1590867.8921162435,787831.9655289794,136,6.315940422320179,6.821646341899999,3072,128x128,14,1.7117881800824635,3.1172648505374996,1536,96x96,10,0.784712696,2.51875,512,96x96,7,0.829831759447044,1.3845915837374998,768,64x64,10,5.656782838920179,6.821646341899999,2048,128x128,14,0.784712696,2.51875,512,96x96,7,2.5d,"{'from': 'Chiplet_1', 'to': 'Chiplet_5', 'connection_type': '2.5d_rdl', 'loc': '2.5d_chiplet'},{'from': 'Chiplet_1', 'to': 'Chiplet_4', 'connection_type': '2.5d_rdl', 'loc': '2.5d_chiplet'},{'from': 'Chiplet_1', 'to': 'Chiplet_3', 'connection_type': '2.5d_rdl', 'loc': '2.5d_chiplet'},{'from': 'Chiplet_4', 'to': 'Chiplet_3', 'connection_type': '2.5d_rdl', 'loc': '2.5d_chiplet'},{'from': 'Chiplet_4', 'to': 'Chiplet_1', 'connection_type': '2.5d_rdl', 'loc': '2.5d_chiplet'},{'from': 'Chiplet_3', 'to': 'Chiplet_1', 'connection_type': '2.5d_rdl', 'loc': '2.5d_chiplet'},{'from': 'Chiplet_3', 'to': 'Chiplet_4', 'connection_type': '2.5d_rdl', 'loc': '2.5d_chiplet'},{'from': 'Chiplet_5', 'to': 'Chiplet_1', 'connection_type': '2.5d_rdl', 'loc': '2.5d_chiplet'},{'from': 'Chiplet_5', 'to': 'Chiplet_2', 'connection_type': '2.5d_rdl', 'loc': '2.5d_chiplet'},{'from': 'Chiplet_5', 'to': 'Chiplet_6', 'connection_type': '2.5d_rdl', 'loc': '2.5d_chiplet'},{'from': 'Chiplet_2', 'to': 'Chiplet_5', 'connection_type': '2.5d_rdl', 'loc': '2.5d_chiplet'},{'from': 'Chiplet_2', 'to': 'Chiplet_6', 'connection_type': '2.5d_rdl', 'loc': '2.5d_chiplet'},{'from': 'Chiplet_6', 'to': 'Chiplet_5', 'connection_type': '2.5d_rdl', 'loc': '2.5d_chiplet'},{'from': 'Chiplet_6', 'to': 'Chiplet_2', 'connection_type': '2.5d_rdl', 'loc': '2.5d_chiplet'}",2,1,1,1,2,1,ddr4,ucie_std,na,1,0,ws,1,0,0
137,20.085228426416492,3259336.74,117344.76595840485,3529462714.6587496,345176.1709623343,273967.0229278854,137,8.112421457366196,12.973514847541198,8192,192x192,10,1.86237254,4.475,2048,128x128,7,0.552198,1.11875,768,64x64,7,4.1253109519999995,10.4826,4096,192x192,7,1.304342696,2.51875,2048,96x96,7,0.656621759447044,1.3845915837374998,256,64x64,10,2.5d_3d,"{'from': 'Chiplet_4', 'to': 'Chiplet_5', 'connection_type': '3d_u_bump', 'loc': 'stack0_base'},{'from': 'Chiplet_5', 'to': 'Chiplet_6', 'connection_type': '3d_u_bump', 'loc': 'stack0_middle1'},{'from': 'Chiplet_6', 'to': 'Chiplet_3', 'connection_type': '3d_u_bump', 'loc': 'stack0_middle2'},{'from': 'Chiplet_3', 'to': 'na', 'connection_type': '3d_u_bump', 'loc': 'stack0_top'},{'from': 'Chiplet_1', 'to': 'Chiplet_2', 'connection_type': '2.5d_emib', 'loc': '2.5d_chiplet'},{'from': 'Chiplet_1', 'to': 'Chiplet_4', 'connection_type': '2.5d_emib', 'loc': '2.5d_chiplet'},{'from': 'Chiplet_4', 'to': 'Chiplet_1', 'connection_type': '2.5d_emib', 'loc': '2.5d_chiplet'},{'from': 'Chiplet_4', 'to': 'Chiplet_2', 'connection_type': '2.5d_emib', 'loc': '2.5d_chiplet'},{'from': 'Chiplet_2', 'to': 'Chiplet_1', 'connection_type': '2.5d_emib', 'loc': '2.5d_chiplet'},{'from': 'Chiplet_2', 'to': 'Chiplet_4', 'connection_type': '2.5d_emib', 'loc': '2.5d_chiplet'}",3,1,1,1,1,1,ddr5,aib,ucie_3d,0,0,ws,1,0,0
138,8.418531799597634,1485462.34,105233.48443612778,9806523936.65214,217778.92156862744,252971.57712091343,138,1.578984604787535,1.7054115854749998,768,64x64,14,1.86237254,4.475,2048,128x128,7,2.597993382379395,3.8395579270749995,512,96x96,14,0.784712696,2.51875,512,96x96,7,1.51595254,4.475,1024,128x128,7,0.46559300000000003,1.11875,512,64x64,7,2.5d_3d,"{'from': 'Chiplet_2', 'to': 'Chiplet_5', 'connection_type': '3d_u_bump', 'loc': 'stack0_base'},{'from': 'Chiplet_5', 'to': 'Chiplet_6', 'connection_type': '3d_u_bump', 'loc': 'stack0_middle1'},{'from': 'Chiplet_6', 'to': 'na', 'connection_type': '3d_u_bump', 'loc': 'stack0_top'},{'from': 'Chiplet_3', 'to': 'Chiplet_1', 'connection_type': '2.5d_emib', 'loc': '2.5d_chiplet'},{'from': 'Chiplet_3', 'to': 'Chiplet_2', 'connection_type': '2.5d_emib', 'loc': '2.5d_chiplet'},{'from': 'Chiplet_3', 'to': 'Chiplet_4', 'connection_type': '2.5d_emib', 'loc': '2.5d_chiplet'},{'from': 'Chiplet_4', 'to': 'Chiplet_3', 'connection_type': '2.5d_emib', 'loc': '2.5d_chiplet'},{'from': 'Chiplet_4', 'to': 'Chiplet_1', 'connection_type': '2.5d_emib', 'loc': '2.5d_chiplet'},{'from': 'Chiplet_2', 'to': 'Chiplet_3', 'connection_type': '2.5d_emib', 'loc': '2.5d_chiplet'},{'from': 'Chiplet_2', 'to': 'Chiplet_1', 'connection_type': '2.5d_emib', 'loc': '2.5d_chiplet'},{'from': 'Chiplet_1', 'to': 'Chiplet_3', 'connection_type': '2.5d_emib', 'loc': '2.5d_chiplet'},{'from': 'Chiplet_1', 'to': 'Chiplet_2', 'connection_type': '2.5d_emib', 'loc': '2.5d_chiplet'},{'from': 'Chiplet_1', 'to': 'Chiplet_4', 'connection_type': '2.5d_emib', 'loc': '2.5d_chiplet'}",1,2,2,1,1,1,ddr4,bow,ucie_3d,0,0,is,0,0,0
139,42.12338050782418,4532520.93,104219.41503850411,3334948928.361624,327877.7113218982,377150.07719866093,139,6.033899457366197,12.973514847541198,2048,192x192,10,12.799492673176792,15.979573171754398,4096,192x192,14,2.597993382379395,3.8395579270749995,512,96x96,14,0.784712696,2.51875,512,96x96,7,11.481175603606792,15.979573171754398,2048,192x192,14,0.46559300000000003,1.11875,512,64x64,7,2.5d_3d,"{'from': 'Chiplet_3', 'to': 'Chiplet_4', 'connection_type': '3d_tsv', 'loc': 'stack0_base'},{'from': 'Chiplet_4', 'to': 'Chiplet_6', 'connection_type': '3d_tsv', 'loc': 'stack0_middle1'},{'from': 'Chiplet_6', 'to': 'na', 'connection_type': '3d_tsv', 'loc': 'stack0_top'},{'from': 'Chiplet_2', 'to': 'Chiplet_5', 'connection_type': '2.5d_rdl', 'loc': '2.5d_chiplet'},{'from': 'Chiplet_2', 'to': 'Chiplet_1', 'connection_type': '2.5d_rdl', 'loc': '2.5d_chiplet'},{'from': 'Chiplet_2', 'to': 'Chiplet_3', 'connection_type': '2.5d_rdl', 'loc': '2.5d_chiplet'},{'from': 'Chiplet_3', 'to': 'Chiplet_1', 'connection_type': '2.5d_rdl', 'loc': '2.5d_chiplet'},{'from': 'Chiplet_3', 'to': 'Chiplet_2', 'connection_type': '2.5d_rdl', 'loc': '2.5d_chiplet'},{'from': 'Chiplet_5', 'to': 'Chiplet_1', 'connection_type': '2.5d_rdl', 'loc': '2.5d_chiplet'},{'from': 'Chiplet_5', 'to': 'Chiplet_2', 'connection_type': '2.5d_rdl', 'loc': '2.5d_chiplet'},{'from': 'Chiplet_1', 'to': 'Chiplet_5', 'connection_type': '2.5d_rdl', 'loc': '2.5d_chiplet'},{'from': 'Chiplet_1', 'to': 'Chiplet_3', 'connection_type': '2.5d_rdl', 'loc': '2.5d_chiplet'},{'from': 'Chiplet_1', 'to': 'Chiplet_2', 'connection_type': '2.5d_rdl', 'loc': '2.5d_chiplet'}",1,2,1,1,2,1,ddr5,ucie_std,ucie_3d,0,0,os,1,0,0
140,57.6255882962742,6394010.77,212043.87204819373,2567943533.500148,93533.33333333334,139328.99617402194,140,12.799492673176792,15.979573171754398,4096,192x192,14,14.117807839976791,15.979573171754398,6144,192x192,14,0.46559300000000003,1.11875,512,64x64,7,1.86237254,4.475,2048,128x128,7,4.1253109519999995,10.4826,4096,192x192,7,3.3193280905479132,5.538366334949999,3072,128x128,10,2.5d,"{'from': 'Chiplet_2', 'to': 'Chiplet_5', 'connection_type': '2.5d_emib', 'loc': '2.5d_chiplet'},{'from': 'Chiplet_2', 'to': 'Chiplet_1', 'connection_type': '2.5d_emib', 'loc': '2.5d_chiplet'},{'from': 'Chiplet_2', 'to': 'Chiplet_6', 'connection_type': '2.5d_emib', 'loc': '2.5d_chiplet'},{'from': 'Chiplet_2', 'to': 'Chiplet_3', 'connection_type': '2.5d_emib', 'loc': '2.5d_chiplet'},{'from': 'Chiplet_6', 'to': 'Chiplet_3', 'connection_type': '2.5d_emib', 'loc': '2.5d_chiplet'},{'from': 'Chiplet_6', 'to': 'Chiplet_2', 'connection_type': '2.5d_emib', 'loc': '2.5d_chiplet'},{'from': 'Chiplet_3', 'to': 'Chiplet_6', 'connection_type': '2.5d_emib', 'loc': '2.5d_chiplet'},{'from': 'Chiplet_3', 'to': 'Chiplet_2', 'connection_type': '2.5d_emib', 'loc': '2.5d_chiplet'},{'from': 'Chiplet_1', 'to': 'Chiplet_5', 'connection_type': '2.5d_emib', 'loc': '2.5d_chiplet'},{'from': 'Chiplet_1', 'to': 'Chiplet_2', 'connection_type': '2.5d_emib', 'loc': '2.5d_chiplet'},{'from': 'Chiplet_1', 'to': 'Chiplet_4', 'connection_type': '2.5d_emib', 'loc': '2.5d_chiplet'},{'from': 'Chiplet_5', 'to': 'Chiplet_1', 'connection_type': '2.5d_emib', 'loc': '2.5d_chiplet'},{'from': 'Chiplet_5', 'to': 'Chiplet_2', 'connection_type': '2.5d_emib', 'loc': '2.5d_chiplet'},{'from': 'Chiplet_5', 'to': 'Chiplet_4', 'connection_type': '2.5d_emib', 'loc': '2.5d_chiplet'},{'from': 'Chiplet_4', 'to': 'Chiplet_5', 'connection_type': '2.5d_emib', 'loc': '2.5d_chiplet'},{'from': 'Chiplet_4', 'to': 'Chiplet_1', 'connection_type': '2.5d_emib', 'loc': '2.5d_chiplet'}",5,6,1,1,2,1,hbm2,aib,na,0,0,is,0,0,0
141,10.450701286532011,1244860.69,36889.1839625538,4950679703.416963,2286038.966815152,778908.6855979757,141,1.5385781800824634,3.1172648505374996,1024,96x96,10,1.304342696,2.51875,2048,96x96,7,0.656621759447044,1.3845915837374998,256,64x64,10,1.8849981800824636,3.1172648505374996,2048,96x96,10,1.3653681800824635,3.1172648505374996,512,96x96,10,1.5385781800824634,3.1172648505374996,1024,96x96,10,2.5d,"{'from': 'Chiplet_4', 'to': 'Chiplet_5', 'connection_type': '2.5d_rdl', 'loc': '2.5d_chiplet'},{'from': 'Chiplet_4', 'to': 'Chiplet_1', 'connection_type': '2.5d_rdl', 'loc': '2.5d_chiplet'},{'from': 'Chiplet_4', 'to': 'Chiplet_3', 'connection_type': '2.5d_rdl', 'loc': '2.5d_chiplet'},{'from': 'Chiplet_5', 'to': 'Chiplet_3', 'connection_type': '2.5d_rdl', 'loc': '2.5d_chiplet'},{'from': 'Chiplet_5', 'to': 'Chiplet_4', 'connection_type': '2.5d_rdl', 'loc': '2.5d_chiplet'},{'from': 'Chiplet_3', 'to': 'Chiplet_5', 'connection_type': '2.5d_rdl', 'loc': '2.5d_chiplet'},{'from': 'Chiplet_3', 'to': 'Chiplet_6', 'connection_type': '2.5d_rdl', 'loc': '2.5d_chiplet'},{'from': 'Chiplet_3', 'to': 'Chiplet_4', 'connection_type': '2.5d_rdl', 'loc': '2.5d_chiplet'},{'from': 'Chiplet_1', 'to': 'Chiplet_6', 'connection_type': '2.5d_rdl', 'loc': '2.5d_chiplet'},{'from': 'Chiplet_1', 'to': 'Chiplet_2', 'connection_type': '2.5d_rdl', 'loc': '2.5d_chiplet'},{'from': 'Chiplet_1', 'to': 'Chiplet_4', 'connection_type': '2.5d_rdl', 'loc': '2.5d_chiplet'},{'from': 'Chiplet_2', 'to': 'Chiplet_1', 'connection_type': '2.5d_rdl', 'loc': '2.5d_chiplet'},{'from': 'Chiplet_2', 'to': 'Chiplet_6', 'connection_type': '2.5d_rdl', 'loc': '2.5d_chiplet'},{'from': 'Chiplet_6', 'to': 'Chiplet_3', 'connection_type': '2.5d_rdl', 'loc': '2.5d_chiplet'},{'from': 'Chiplet_6', 'to': 'Chiplet_1', 'connection_type': '2.5d_rdl', 'loc': '2.5d_chiplet'},{'from': 'Chiplet_6', 'to': 'Chiplet_2', 'connection_type': '2.5d_rdl', 'loc': '2.5d_chiplet'}",2,1,1,2,1,1,ddr5,ucie_std,na,0,0,os,1,0,0
142,29.53658733776328,5554709.32,154825.9472790585,1986027065.3782353,45809.88056460369,80146.06220527834,142,1.4141952089375351,1.7054115854749998,512,64x64,14,5.656782838920179,6.821646341899999,2048,128x128,14,6.726740457366197,12.973514847541198,4096,192x192,10,3.5867297574793953,3.8395579270749995,2048,96x96,14,5.5109919519999995,10.4826,8192,192x192,7,11.481175603606792,15.979573171754398,2048,192x192,14,2.5d_3d,"{'from': 'Chiplet_6', 'to': 'Chiplet_5', 'connection_type': '3d_u_bump', 'loc': 'stack0_base'},{'from': 'Chiplet_5', 'to': 'Chiplet_4', 'connection_type': '3d_u_bump', 'loc': 'stack0_middle1'},{'from': 'Chiplet_4', 'to': 'Chiplet_1', 'connection_type': '3d_u_bump', 'loc': 'stack0_middle2'},{'from': 'Chiplet_1', 'to': 'na', 'connection_type': '3d_u_bump', 'loc': 'stack0_top'},{'from': 'Chiplet_6', 'to': 'Chiplet_3', 'connection_type': '2.5d_emib', 'loc': '2.5d_chiplet'},{'from': 'Chiplet_6', 'to': 'Chiplet_2', 'connection_type': '2.5d_emib', 'loc': '2.5d_chiplet'},{'from': 'Chiplet_3', 'to': 'Chiplet_6', 'connection_type': '2.5d_emib', 'loc': '2.5d_chiplet'},{'from': 'Chiplet_3', 'to': 'Chiplet_2', 'connection_type': '2.5d_emib', 'loc': '2.5d_chiplet'},{'from': 'Chiplet_2', 'to': 'Chiplet_3', 'connection_type': '2.5d_emib', 'loc': '2.5d_chiplet'},{'from': 'Chiplet_2', 'to': 'Chiplet_6', 'connection_type': '2.5d_emib', 'loc': '2.5d_chiplet'}",1,3,3,2,2,5,hbm3,aib,ucie_3d,1,0,os,0,0,0
143,32.66388805189173,4382877.56,190204.5756779723,2182699375.6216083,89942.01465201465,103648.53972801144,143,2.927572174079395,3.8395579270749995,1024,96x96,14,1.304342696,2.51875,2048,96x96,7,1.51595254,4.475,1024,128x128,7,14.117807839976791,15.979573171754398,6144,192x192,14,0.638803,1.11875,1024,64x64,7,4.818150952,10.4826,6144,192x192,7,2.5d,"{'from': 'Chiplet_4', 'to': 'Chiplet_1', 'connection_type': '2.5d_emib', 'loc': '2.5d_chiplet'},{'from': 'Chiplet_4', 'to': 'Chiplet_6', 'connection_type': '2.5d_emib', 'loc': '2.5d_chiplet'},{'from': 'Chiplet_6', 'to': 'Chiplet_5', 'connection_type': '2.5d_emib', 'loc': '2.5d_chiplet'},{'from': 'Chiplet_6', 'to': 'Chiplet_1', 'connection_type': '2.5d_emib', 'loc': '2.5d_chiplet'},{'from': 'Chiplet_6', 'to': 'Chiplet_4', 'connection_type': '2.5d_emib', 'loc': '2.5d_chiplet'},{'from': 'Chiplet_6', 'to': 'Chiplet_3', 'connection_type': '2.5d_emib', 'loc': '2.5d_chiplet'},{'from': 'Chiplet_5', 'to': 'Chiplet_3', 'connection_type': '2.5d_emib', 'loc': '2.5d_chiplet'},{'from': 'Chiplet_5', 'to': 'Chiplet_6', 'connection_type': '2.5d_emib', 'loc': '2.5d_chiplet'},{'from': 'Chiplet_1', 'to': 'Chiplet_3', 'connection_type': '2.5d_emib', 'loc': '2.5d_chiplet'},{'from': 'Chiplet_1', 'to': 'Chiplet_6', 'connection_type': '2.5d_emib', 'loc': '2.5d_chiplet'},{'from': 'Chiplet_1', 'to': 'Chiplet_2', 'connection_type': '2.5d_emib', 'loc': '2.5d_chiplet'},{'from': 'Chiplet_1', 'to': 'Chiplet_4', 'connection_type': '2.5d_emib', 'loc': '2.5d_chiplet'},{'from': 'Chiplet_3', 'to': 'Chiplet_5', 'connection_type': '2.5d_emib', 'loc': '2.5d_chiplet'},{'from': 'Chiplet_3', 'to': 'Chiplet_1', 'connection_type': '2.5d_emib', 'loc': '2.5d_chiplet'},{'from': 'Chiplet_3', 'to': 'Chiplet_6', 'connection_type': '2.5d_emib', 'loc': '2.5d_chiplet'},{'from': 'Chiplet_3', 'to': 'Chiplet_2', 'connection_type': '2.5d_emib', 'loc': '2.5d_chiplet'},{'from': 'Chiplet_2', 'to': 'Chiplet_3', 'connection_type': '2.5d_emib', 'loc': '2.5d_chiplet'},{'from': 'Chiplet_2', 'to': 'Chiplet_1', 'connection_type': '2.5d_emib', 'loc': '2.5d_chiplet'}",1,1,1,9,1,3,hbm3,bow,na,0,0,is,0,0,0
144,28.900638500290402,4325536.72,156457.848411799,1942371526.6953976,80185.62637362638,86079.72699868465,144,6.975099908490179,6.821646341899999,4096,128x128,14,6.975099908490179,6.821646341899999,4096,128x128,14,0.829831759447044,1.3845915837374998,768,64x64,10,3.3193280905479132,5.538366334949999,3072,128x128,10,4.1253109519999995,10.4826,4096,192x192,7,1.7117881800824635,3.1172648505374996,1536,96x96,10,2.5d_3d,"{'from': 'Chiplet_2', 'to': 'Chiplet_4', 'connection_type': '3d_u_bump', 'loc': 'stack0_base'},{'from': 'Chiplet_4', 'to': 'na', 'connection_type': '3d_u_bump', 'loc': 'stack0_top'},{'from': 'Chiplet_1', 'to': 'Chiplet_5', 'connection_type': '2.5d_emib', 'loc': '2.5d_chiplet'},{'from': 'Chiplet_1', 'to': 'Chiplet_2', 'connection_type': '2.5d_emib', 'loc': '2.5d_chiplet'},{'from': 'Chiplet_5', 'to': 'Chiplet_1', 'connection_type': '2.5d_emib', 'loc': '2.5d_chiplet'},{'from': 'Chiplet_5', 'to': 'Chiplet_6', 'connection_type': '2.5d_emib', 'loc': '2.5d_chiplet'},{'from': 'Chiplet_2', 'to': 'Chiplet_3', 'connection_type': '2.5d_emib', 'loc': '2.5d_chiplet'},{'from': 'Chiplet_2', 'to': 'Chiplet_1', 'connection_type': '2.5d_emib', 'loc': '2.5d_chiplet'},{'from': 'Chiplet_2', 'to': 'Chiplet_6', 'connection_type': '2.5d_emib', 'loc': '2.5d_chiplet'},{'from': 'Chiplet_6', 'to': 'Chiplet_5', 'connection_type': '2.5d_emib', 'loc': '2.5d_chiplet'},{'from': 'Chiplet_6', 'to': 'Chiplet_2', 'connection_type': '2.5d_emib', 'loc': '2.5d_chiplet'},{'from': 'Chiplet_6', 'to': 'Chiplet_3', 'connection_type': '2.5d_emib', 'loc': '2.5d_chiplet'},{'from': 'Chiplet_3', 'to': 'Chiplet_6', 'connection_type': '2.5d_emib', 'loc': '2.5d_chiplet'},{'from': 'Chiplet_3', 'to': 'Chiplet_2', 'connection_type': '2.5d_emib', 'loc': '2.5d_chiplet'}",5,4,1,2,3,1,hbm3,aib,ucie_3d,0,0,is,0,0,0
145,18.07696497226453,2917092.19,114497.28587963508,3312937186.6611605,206056.27003139834,172166.36493991019,145,4.1253109519999995,10.4826,4096,192x192,7,6.975099908490179,6.821646341899999,4096,128x128,14,3.665749090547913,5.538366334949999,4096,128x128,10,1.743774000637535,1.7054115854749998,1024,64x64,14,1.3653681800824635,3.1172648505374996,512,96x96,10,1.249405813087535,1.7054115854749998,256,64x64,14,2.5d_3d,"{'from': 'Chiplet_1', 'to': 'Chiplet_3', 'connection_type': '3d_hyb_bond', 'loc': 'stack0_base'},{'from': 'Chiplet_3', 'to': 'Chiplet_4', 'connection_type': '3d_hyb_bond', 'loc': 'stack0_middle1'},{'from': 'Chiplet_4', 'to': 'Chiplet_6', 'connection_type': '3d_hyb_bond', 'loc': 'stack0_middle2'},{'from': 'Chiplet_6', 'to': 'na', 'connection_type': '3d_hyb_bond', 'loc': 'stack0_top'},{'from': 'Chiplet_2', 'to': 'Chiplet_5', 'connection_type': '2.5d_emib', 'loc': '2.5d_chiplet'},{'from': 'Chiplet_2', 'to': 'Chiplet_1', 'connection_type': '2.5d_emib', 'loc': '2.5d_chiplet'},{'from': 'Chiplet_1', 'to': 'Chiplet_5', 'connection_type': '2.5d_emib', 'loc': '2.5d_chiplet'},{'from': 'Chiplet_1', 'to': 'Chiplet_2', 'connection_type': '2.5d_emib', 'loc': '2.5d_chiplet'},{'from': 'Chiplet_5', 'to': 'Chiplet_1', 'connection_type': '2.5d_emib', 'loc': '2.5d_chiplet'},{'from': 'Chiplet_5', 'to': 'Chiplet_2', 'connection_type': '2.5d_emib', 'loc': '2.5d_chiplet'}",1,3,1,1,1,1,ddr5,aib,ucie_3d,1,0,os,1,0,0
146,19.876802928385775,2019376.14,54930.72582267034,3973940031.486594,666878.7540654928,385584.35903442116,146,6.033899457366197,12.973514847541198,2048,192x192,10,0.638803,1.11875,1024,64x64,7,1.578984604787535,1.7054115854749998,768,64x64,14,0.829831759447044,1.3845915837374998,768,64x64,10,3.2571509657793953,3.8395579270749995,1536,96x96,14,1.51595254,4.475,1024,128x128,7,2.5d,"{'from': 'Chiplet_1', 'to': 'Chiplet_5', 'connection_type': '2.5d_rdl', 'loc': '2.5d_chiplet'},{'from': 'Chiplet_1', 'to': 'Chiplet_4', 'connection_type': '2.5d_rdl', 'loc': '2.5d_chiplet'},{'from': 'Chiplet_1', 'to': 'Chiplet_3', 'connection_type': '2.5d_rdl', 'loc': '2.5d_chiplet'},{'from': 'Chiplet_4', 'to': 'Chiplet_3', 'connection_type': '2.5d_rdl', 'loc': '2.5d_chiplet'},{'from': 'Chiplet_4', 'to': 'Chiplet_1', 'connection_type': '2.5d_rdl', 'loc': '2.5d_chiplet'},{'from': 'Chiplet_5', 'to': 'Chiplet_3', 'connection_type': '2.5d_rdl', 'loc': '2.5d_chiplet'},{'from': 'Chiplet_5', 'to': 'Chiplet_1', 'connection_type': '2.5d_rdl', 'loc': '2.5d_chiplet'},{'from': 'Chiplet_5', 'to': 'Chiplet_6', 'connection_type': '2.5d_rdl', 'loc': '2.5d_chiplet'},{'from': 'Chiplet_3', 'to': 'Chiplet_5', 'connection_type': '2.5d_rdl', 'loc': '2.5d_chiplet'},{'from': 'Chiplet_3', 'to': 'Chiplet_1', 'connection_type': '2.5d_rdl', 'loc': '2.5d_chiplet'},{'from': 'Chiplet_3', 'to': 'Chiplet_6', 'connection_type': '2.5d_rdl', 'loc': '2.5d_chiplet'},{'from': 'Chiplet_3', 'to': 'Chiplet_4', 'connection_type': '2.5d_rdl', 'loc': '2.5d_chiplet'},{'from': 'Chiplet_3', 'to': 'Chiplet_2', 'connection_type': '2.5d_rdl', 'loc': '2.5d_chiplet'},{'from': 'Chiplet_6', 'to': 'Chiplet_5', 'connection_type': '2.5d_rdl', 'loc': '2.5d_chiplet'},{'from': 'Chiplet_6', 'to': 'Chiplet_3', 'connection_type': '2.5d_rdl', 'loc': '2.5d_chiplet'},{'from': 'Chiplet_6', 'to': 'Chiplet_2', 'connection_type': '2.5d_rdl', 'loc': '2.5d_chiplet'},{'from': 'Chiplet_2', 'to': 'Chiplet_3', 'connection_type': '2.5d_rdl', 'loc': '2.5d_chiplet'},{'from': 'Chiplet_2', 'to': 'Chiplet_6', 'connection_type': '2.5d_rdl', 'loc': '2.5d_chiplet'}",3,1,1,1,1,1,ddr4,ucie_std,na,0,0,os,1,0,0
147,25.66488134418088,2622915.28,72546.28362237859,4261811997.819337,594929.3140586917,408606.7354942364,147,11.481175603606792,15.979573171754398,2048,192x192,14,1.249405813087535,1.7054115854749998,256,64x64,14,3.665749090547913,5.538366334949999,4096,128x128,10,2.20879254,4.475,3072,128x128,7,0.638803,1.11875,1024,64x64,7,0.743226759447044,1.3845915837374998,512,64x64,10,2.5d,"{'from': 'Chiplet_1', 'to': 'Chiplet_3', 'connection_type': '2.5d_rdl', 'loc': '2.5d_chiplet'},{'from': 'Chiplet_1', 'to': 'Chiplet_4', 'connection_type': '2.5d_rdl', 'loc': '2.5d_chiplet'},{'from': 'Chiplet_3', 'to': 'Chiplet_5', 'connection_type': '2.5d_rdl', 'loc': '2.5d_chiplet'},{'from': 'Chiplet_3', 'to': 'Chiplet_1', 'connection_type': '2.5d_rdl', 'loc': '2.5d_chiplet'},{'from': 'Chiplet_3', 'to': 'Chiplet_2', 'connection_type': '2.5d_rdl', 'loc': '2.5d_chiplet'},{'from': 'Chiplet_3', 'to': 'Chiplet_4', 'connection_type': '2.5d_rdl', 'loc': '2.5d_chiplet'},{'from': 'Chiplet_5', 'to': 'Chiplet_3', 'connection_type': '2.5d_rdl', 'loc': '2.5d_chiplet'},{'from': 'Chiplet_5', 'to': 'Chiplet_2', 'connection_type': '2.5d_rdl', 'loc': '2.5d_chiplet'},{'from': 'Chiplet_4', 'to': 'Chiplet_3', 'connection_type': '2.5d_rdl', 'loc': '2.5d_chiplet'},{'from': 'Chiplet_4', 'to': 'Chiplet_1', 'connection_type': '2.5d_rdl', 'loc': '2.5d_chiplet'},{'from': 'Chiplet_4', 'to': 'Chiplet_2', 'connection_type': '2.5d_rdl', 'loc': '2.5d_chiplet'},{'from': 'Chiplet_4', 'to': 'Chiplet_6', 'connection_type': '2.5d_rdl', 'loc': '2.5d_chiplet'},{'from': 'Chiplet_2', 'to': 'Chiplet_5', 'connection_type': '2.5d_rdl', 'loc': '2.5d_chiplet'},{'from': 'Chiplet_2', 'to': 'Chiplet_3', 'connection_type': '2.5d_rdl', 'loc': '2.5d_chiplet'},{'from': 'Chiplet_2', 'to': 'Chiplet_6', 'connection_type': '2.5d_rdl', 'loc': '2.5d_chiplet'},{'from': 'Chiplet_2', 'to': 'Chiplet_4', 'connection_type': '2.5d_rdl', 'loc': '2.5d_chiplet'},{'from': 'Chiplet_6', 'to': 'Chiplet_2', 'connection_type': '2.5d_rdl', 'loc': '2.5d_chiplet'},{'from': 'Chiplet_6', 'to': 'Chiplet_4', 'connection_type': '2.5d_rdl', 'loc': '2.5d_chiplet'}",3,1,1,1,1,1,ddr4,ucie_std,na,0,0,is,1,0,0
148,16.82499180239726,1835336.15,50891.03384336525,6494605039.118918,117936.76470588235,163215.70215510533,148,4.818150952,10.4826,6144,192x192,7,0.656621759447044,1.3845915837374998,256,64x64,10,2.927572174079395,3.8395579270749995,1024,96x96,14,0.829831759447044,1.3845915837374998,768,64x64,10,1.4141952089375351,1.7054115854749998,512,64x64,14,0.743226759447044,1.3845915837374998,512,64x64,10,2.5d,"{'from': 'Chiplet_1', 'to': 'Chiplet_5', 'connection_type': '2.5d_rdl', 'loc': '2.5d_chiplet'},{'from': 'Chiplet_1', 'to': 'Chiplet_3', 'connection_type': '2.5d_rdl', 'loc': '2.5d_chiplet'},{'from': 'Chiplet_1', 'to': 'Chiplet_6', 'connection_type': '2.5d_rdl', 'loc': '2.5d_chiplet'},{'from': 'Chiplet_6', 'to': 'Chiplet_5', 'connection_type': '2.5d_rdl', 'loc': '2.5d_chiplet'},{'from': 'Chiplet_6', 'to': 'Chiplet_1', 'connection_type': '2.5d_rdl', 'loc': '2.5d_chiplet'},{'from': 'Chiplet_3', 'to': 'Chiplet_5', 'connection_type': '2.5d_rdl', 'loc': '2.5d_chiplet'},{'from': 'Chiplet_3', 'to': 'Chiplet_1', 'connection_type': '2.5d_rdl', 'loc': '2.5d_chiplet'},{'from': 'Chiplet_3', 'to': 'Chiplet_4', 'connection_type': '2.5d_rdl', 'loc': '2.5d_chiplet'},{'from': 'Chiplet_5', 'to': 'Chiplet_1', 'connection_type': '2.5d_rdl', 'loc': '2.5d_chiplet'},{'from': 'Chiplet_5', 'to': 'Chiplet_6', 'connection_type': '2.5d_rdl', 'loc': '2.5d_chiplet'},{'from': 'Chiplet_5', 'to': 'Chiplet_4', 'connection_type': '2.5d_rdl', 'loc': '2.5d_chiplet'},{'from': 'Chiplet_5', 'to': 'Chiplet_2', 'connection_type': '2.5d_rdl', 'loc': '2.5d_chiplet'},{'from': 'Chiplet_5', 'to': 'Chiplet_3', 'connection_type': '2.5d_rdl', 'loc': '2.5d_chiplet'},{'from': 'Chiplet_4', 'to': 'Chiplet_5', 'connection_type': '2.5d_rdl', 'loc': '2.5d_chiplet'},{'from': 'Chiplet_4', 'to': 'Chiplet_2', 'connection_type': '2.5d_rdl', 'loc': '2.5d_chiplet'},{'from': 'Chiplet_4', 'to': 'Chiplet_3', 'connection_type': '2.5d_rdl', 'loc': '2.5d_chiplet'},{'from': 'Chiplet_2', 'to': 'Chiplet_5', 'connection_type': '2.5d_rdl', 'loc': '2.5d_chiplet'},{'from': 'Chiplet_2', 'to': 'Chiplet_4', 'connection_type': '2.5d_rdl', 'loc': '2.5d_chiplet'}",3,1,1,1,1,1,ddr4,ucie_std,na,1,0,ws,0,0,0
149,47.73724863304092,4538318.18,194673.18100370106,4834619653.861826,66026.42779587406,151126.73003984796,149,5.656782838920179,6.821646341899999,2048,128x128,14,12.799492673176792,15.979573171754398,4096,192x192,14,0.46559300000000003,1.11875,512,64x64,7,0.656621759447044,1.3845915837374998,256,64x64,10,6.033899457366197,12.973514847541198,2048,192x192,10,6.726740457366197,12.973514847541198,4096,192x192,10,2.5d,"{'from': 'Chiplet_2', 'to': 'Chiplet_5', 'connection_type': '2.5d_emib', 'loc': '2.5d_chiplet'},{'from': 'Chiplet_2', 'to': 'Chiplet_6', 'connection_type': '2.5d_emib', 'loc': '2.5d_chiplet'},{'from': 'Chiplet_2', 'to': 'Chiplet_4', 'connection_type': '2.5d_emib', 'loc': '2.5d_chiplet'},{'from': 'Chiplet_2', 'to': 'Chiplet_3', 'connection_type': '2.5d_emib', 'loc': '2.5d_chiplet'},{'from': 'Chiplet_4', 'to': 'Chiplet_3', 'connection_type': '2.5d_emib', 'loc': '2.5d_chiplet'},{'from': 'Chiplet_4', 'to': 'Chiplet_2', 'connection_type': '2.5d_emib', 'loc': '2.5d_chiplet'},{'from': 'Chiplet_3', 'to': 'Chiplet_2', 'connection_type': '2.5d_emib', 'loc': '2.5d_chiplet'},{'from': 'Chiplet_3', 'to': 'Chiplet_4', 'connection_type': '2.5d_emib', 'loc': '2.5d_chiplet'},{'from': 'Chiplet_6', 'to': 'Chiplet_5', 'connection_type': '2.5d_emib', 'loc': '2.5d_chiplet'},{'from': 'Chiplet_6', 'to': 'Chiplet_1', 'connection_type': '2.5d_emib', 'loc': '2.5d_chiplet'},{'from': 'Chiplet_6', 'to': 'Chiplet_2', 'connection_type': '2.5d_emib', 'loc': '2.5d_chiplet'},{'from': 'Chiplet_5', 'to': 'Chiplet_1', 'connection_type': '2.5d_emib', 'loc': '2.5d_chiplet'},{'from': 'Chiplet_5', 'to': 'Chiplet_2', 'connection_type': '2.5d_emib', 'loc': '2.5d_chiplet'},{'from': 'Chiplet_5', 'to': 'Chiplet_6', 'connection_type': '2.5d_emib', 'loc': '2.5d_chiplet'},{'from': 'Chiplet_1', 'to': 'Chiplet_5', 'connection_type': '2.5d_emib', 'loc': '2.5d_chiplet'},{'from': 'Chiplet_1', 'to': 'Chiplet_6', 'connection_type': '2.5d_emib', 'loc': '2.5d_chiplet'}",1,3,1,1,1,1,ddr5,ucie_adv,na,1,0,ws,0,0,0
150,35.07732811679548,4660955.46,169276.58396896746,4507752823.2280245,355630.1755068888,357398.48434533895,150,6.726740457366197,12.973514847541198,4096,192x192,10,3.665749090547913,5.538366334949999,4096,128x128,10,6.975099908490179,6.821646341899999,4096,128x128,14,2.55521354,4.475,4096,128x128,7,1.578984604787535,1.7054115854749998,768,64x64,14,4.1253109519999995,10.4826,4096,192x192,7,2.5d_3d,"{'from': 'Chiplet_6', 'to': 'Chiplet_4', 'connection_type': '3d_hyb_bond', 'loc': 'stack0_base'},{'from': 'Chiplet_4', 'to': 'na', 'connection_type': '3d_hyb_bond', 'loc': 'stack0_top'},{'from': 'Chiplet_3', 'to': 'Chiplet_5', 'connection_type': '2.5d_emib', 'loc': '2.5d_chiplet'},{'from': 'Chiplet_3', 'to': 'Chiplet_1', 'connection_type': '2.5d_emib', 'loc': '2.5d_chiplet'},{'from': 'Chiplet_3', 'to': 'Chiplet_2', 'connection_type': '2.5d_emib', 'loc': '2.5d_chiplet'},{'from': 'Chiplet_2', 'to': 'Chiplet_5', 'connection_type': '2.5d_emib', 'loc': '2.5d_chiplet'},{'from': 'Chiplet_2', 'to': 'Chiplet_3', 'connection_type': '2.5d_emib', 'loc': '2.5d_chiplet'},{'from': 'Chiplet_5', 'to': 'Chiplet_3', 'connection_type': '2.5d_emib', 'loc': '2.5d_chiplet'},{'from': 'Chiplet_5', 'to': 'Chiplet_6', 'connection_type': '2.5d_emib', 'loc': '2.5d_chiplet'},{'from': 'Chiplet_5', 'to': 'Chiplet_2', 'connection_type': '2.5d_emib', 'loc': '2.5d_chiplet'},{'from': 'Chiplet_1', 'to': 'Chiplet_3', 'connection_type': '2.5d_emib', 'loc': '2.5d_chiplet'},{'from': 'Chiplet_1', 'to': 'Chiplet_6', 'connection_type': '2.5d_emib', 'loc': '2.5d_chiplet'},{'from': 'Chiplet_6', 'to': 'Chiplet_5', 'connection_type': '2.5d_emib', 'loc': '2.5d_chiplet'},{'from': 'Chiplet_6', 'to': 'Chiplet_1', 'connection_type': '2.5d_emib', 'loc': '2.5d_chiplet'}",2,1,2,1,1,1,ddr4,aib,ucie_3d,1,0,ws,1,0,0
151,25.76797849233151,2292294.47,155597.78574137148,4440093737.87763,960778.7161137369,453843.70137409726,151,1.8849981800824636,3.1172648505374996,2048,96x96,10,1.86237254,4.475,2048,128x128,7,2.597993382379395,3.8395579270749995,512,96x96,14,6.975099908490179,6.821646341899999,4096,128x128,14,0.638803,1.11875,1024,64x64,7,1.578984604787535,1.7054115854749998,768,64x64,14,2.5d,"{'from': 'Chiplet_4', 'to': 'Chiplet_5', 'connection_type': '2.5d_emib', 'loc': '2.5d_chiplet'},{'from': 'Chiplet_4', 'to': 'Chiplet_3', 'connection_type': '2.5d_emib', 'loc': '2.5d_chiplet'},{'from': 'Chiplet_5', 'to': 'Chiplet_3', 'connection_type': '2.5d_emib', 'loc': '2.5d_chiplet'},{'from': 'Chiplet_5', 'to': 'Chiplet_1', 'connection_type': '2.5d_emib', 'loc': '2.5d_chiplet'},{'from': 'Chiplet_5', 'to': 'Chiplet_4', 'connection_type': '2.5d_emib', 'loc': '2.5d_chiplet'},{'from': 'Chiplet_3', 'to': 'Chiplet_5', 'connection_type': '2.5d_emib', 'loc': '2.5d_chiplet'},{'from': 'Chiplet_3', 'to': 'Chiplet_1', 'connection_type': '2.5d_emib', 'loc': '2.5d_chiplet'},{'from': 'Chiplet_3', 'to': 'Chiplet_6', 'connection_type': '2.5d_emib', 'loc': '2.5d_chiplet'},{'from': 'Chiplet_3', 'to': 'Chiplet_4', 'connection_type': '2.5d_emib', 'loc': '2.5d_chiplet'},{'from': 'Chiplet_3', 'to': 'Chiplet_2', 'connection_type': '2.5d_emib', 'loc': '2.5d_chiplet'},{'from': 'Chiplet_6', 'to': 'Chiplet_3', 'connection_type': '2.5d_emib', 'loc': '2.5d_chiplet'},{'from': 'Chiplet_6', 'to': 'Chiplet_2', 'connection_type': '2.5d_emib', 'loc': '2.5d_chiplet'},{'from': 'Chiplet_1', 'to': 'Chiplet_5', 'connection_type': '2.5d_emib', 'loc': '2.5d_chiplet'},{'from': 'Chiplet_1', 'to': 'Chiplet_2', 'connection_type': '2.5d_emib', 'loc': '2.5d_chiplet'},{'from': 'Chiplet_1', 'to': 'Chiplet_3', 'connection_type': '2.5d_emib', 'loc': '2.5d_chiplet'},{'from': 'Chiplet_2', 'to': 'Chiplet_3', 'connection_type': '2.5d_emib', 'loc': '2.5d_chiplet'},{'from': 'Chiplet_2', 'to': 'Chiplet_1', 'connection_type': '2.5d_emib', 'loc': '2.5d_chiplet'},{'from': 'Chiplet_2', 'to': 'Chiplet_6', 'connection_type': '2.5d_emib', 'loc': '2.5d_chiplet'}",1,1,1,3,1,1,ddr5,bow,na,1,0,ws,1,0,0
152,21.88795405061164,3664627.6,76383.50877564173,2348310858.3176374,58673.52173913043,74236.29014207519,152,0.378988,1.11875,256,64x64,7,0.656621759447044,1.3845915837374998,256,64x64,10,8.112421457366196,12.973514847541198,8192,192x192,10,0.552198,1.11875,768,64x64,7,1.4141952089375351,1.7054115854749998,512,64x64,14,5.5109919519999995,10.4826,8192,192x192,7,2.5d_3d,"{'from': 'Chiplet_6', 'to': 'Chiplet_5', 'connection_type': '3d_u_bump', 'loc': 'stack0_base'},{'from': 'Chiplet_5', 'to': 'Chiplet_4', 'connection_type': '3d_u_bump', 'loc': 'stack0_middle1'},{'from': 'Chiplet_4', 'to': 'Chiplet_1', 'connection_type': '3d_u_bump', 'loc': 'stack0_middle2'},{'from': 'Chiplet_1', 'to': 'na', 'connection_type': '3d_u_bump', 'loc': 'stack0_top'},{'from': 'Chiplet_3', 'to': 'Chiplet_6', 'connection_type': '2.5d_rdl', 'loc': '2.5d_chiplet'},{'from': 'Chiplet_3', 'to': 'Chiplet_2', 'connection_type': '2.5d_rdl', 'loc': '2.5d_chiplet'},{'from': 'Chiplet_6', 'to': 'Chiplet_3', 'connection_type': '2.5d_rdl', 'loc': '2.5d_chiplet'},{'from': 'Chiplet_6', 'to': 'Chiplet_2', 'connection_type': '2.5d_rdl', 'loc': '2.5d_chiplet'},{'from': 'Chiplet_2', 'to': 'Chiplet_3', 'connection_type': '2.5d_rdl', 'loc': '2.5d_chiplet'},{'from': 'Chiplet_2', 'to': 'Chiplet_6', 'connection_type': '2.5d_rdl', 'loc': '2.5d_chiplet'}",1,1,7,1,1,5,hbm3,ucie_std,ucie_3d,0,0,os,0,0,0
153,32.46918566174543,3384529.46,70232.2232140546,2129403682.1298938,83718.96346896347,85703.7055454865,153,3.2571509657793953,3.8395579270749995,1536,96x96,14,5.656782838920179,6.821646341899999,2048,128x128,14,0.916436759447044,1.3845915837374998,1024,64x64,10,2.597993382379395,3.8395579270749995,512,96x96,14,0.829831759447044,1.3845915837374998,768,64x64,10,8.112421457366196,12.973514847541198,8192,192x192,10,2.5d,"{'from': 'Chiplet_6', 'to': 'Chiplet_1', 'connection_type': '2.5d_rdl', 'loc': '2.5d_chiplet'},{'from': 'Chiplet_6', 'to': 'Chiplet_2', 'connection_type': '2.5d_rdl', 'loc': '2.5d_chiplet'},{'from': 'Chiplet_6', 'to': 'Chiplet_4', 'connection_type': '2.5d_rdl', 'loc': '2.5d_chiplet'},{'from': 'Chiplet_4', 'to': 'Chiplet_1', 'connection_type': '2.5d_rdl', 'loc': '2.5d_chiplet'},{'from': 'Chiplet_4', 'to': 'Chiplet_6', 'connection_type': '2.5d_rdl', 'loc': '2.5d_chiplet'},{'from': 'Chiplet_2', 'to': 'Chiplet_3', 'connection_type': '2.5d_rdl', 'loc': '2.5d_chiplet'},{'from': 'Chiplet_2', 'to': 'Chiplet_1', 'connection_type': '2.5d_rdl', 'loc': '2.5d_chiplet'},{'from': 'Chiplet_2', 'to': 'Chiplet_6', 'connection_type': '2.5d_rdl', 'loc': '2.5d_chiplet'},{'from': 'Chiplet_1', 'to': 'Chiplet_5', 'connection_type': '2.5d_rdl', 'loc': '2.5d_chiplet'},{'from': 'Chiplet_1', 'to': 'Chiplet_6', 'connection_type': '2.5d_rdl', 'loc': '2.5d_chiplet'},{'from': 'Chiplet_1', 'to': 'Chiplet_4', 'connection_type': '2.5d_rdl', 'loc': '2.5d_chiplet'},{'from': 'Chiplet_1', 'to': 'Chiplet_2', 'connection_type': '2.5d_rdl', 'loc': '2.5d_chiplet'},{'from': 'Chiplet_1', 'to': 'Chiplet_3', 'connection_type': '2.5d_rdl', 'loc': '2.5d_chiplet'},{'from': 'Chiplet_3', 'to': 'Chiplet_5', 'connection_type': '2.5d_rdl', 'loc': '2.5d_chiplet'},{'from': 'Chiplet_3', 'to': 'Chiplet_1', 'connection_type': '2.5d_rdl', 'loc': '2.5d_chiplet'},{'from': 'Chiplet_3', 'to': 'Chiplet_2', 'connection_type': '2.5d_rdl', 'loc': '2.5d_chiplet'},{'from': 'Chiplet_5', 'to': 'Chiplet_3', 'connection_type': '2.5d_rdl', 'loc': '2.5d_chiplet'},{'from': 'Chiplet_5', 'to': 'Chiplet_1', 'connection_type': '2.5d_rdl', 'loc': '2.5d_chiplet'}",2,4,1,2,1,6,hbm3,ucie_std,na,0,0,ws,0,0,0
154,23.878775295524278,4337402.48,107843.86583045678,1857486599.5657392,90299.1287991288,107628.66442764003,154,2.6264880905479133,5.538366334949999,1024,128x128,10,2.6264880905479133,5.538366334949999,1024,128x128,10,0.552198,1.11875,768,64x64,7,14.117807839976791,15.979573171754398,6144,192x192,14,1.5385781800824634,3.1172648505374996,1024,96x96,10,6.033899457366197,12.973514847541198,2048,192x192,10,2.5d_3d,"{'from': 'Chiplet_6', 'to': 'Chiplet_2', 'connection_type': '3d_hyb_bond', 'loc': 'stack0_base'},{'from': 'Chiplet_2', 'to': 'Chiplet_1', 'connection_type': '3d_hyb_bond', 'loc': 'stack0_middle1'},{'from': 'Chiplet_1', 'to': 'Chiplet_5', 'connection_type': '3d_hyb_bond', 'loc': 'stack0_middle2'},{'from': 'Chiplet_5', 'to': 'Chiplet_3', 'connection_type': '3d_hyb_bond', 'loc': 'stack0_middle3'},{'from': 'Chiplet_3', 'to': 'na', 'connection_type': '3d_hyb_bond', 'loc': 'stack0_top'},{'from': 'Chiplet_4', 'to': 'Chiplet_6', 'connection_type': '2.5d_rdl', 'loc': '2.5d_chiplet'},{'from': 'Chiplet_6', 'to': 'Chiplet_4', 'connection_type': '2.5d_rdl', 'loc': '2.5d_chiplet'}",2,1,1,8,1,3,hbm3,ucie_std,ucie_3d,0,0,is,0,0,0
155,23.39632383539404,3069197.76,128548.34149775817,4393013453.344805,543858.3321734555,387194.68220596603,155,1.8849981800824636,3.1172648505374996,2048,96x96,10,1.249405813087535,1.7054115854749998,256,64x64,14,1.249405813087535,1.7054115854749998,256,64x64,14,6.315940422320179,6.821646341899999,3072,128x128,14,4.818150952,10.4826,6144,192x192,7,5.656782838920179,6.821646341899999,2048,128x128,14,2.5d_3d,"{'from': 'Chiplet_4', 'to': 'Chiplet_3', 'connection_type': '3d_tsv', 'loc': 'stack0_base'},{'from': 'Chiplet_3', 'to': 'Chiplet_2', 'connection_type': '3d_tsv', 'loc': 'stack0_middle1'},{'from': 'Chiplet_2', 'to': 'na', 'connection_type': '3d_tsv', 'loc': 'stack0_top'},{'from': 'Chiplet_4', 'to': 'Chiplet_1', 'connection_type': '2.5d_emib', 'loc': '2.5d_chiplet'},{'from': 'Chiplet_4', 'to': 'Chiplet_6', 'connection_type': '2.5d_emib', 'loc': '2.5d_chiplet'},{'from': 'Chiplet_1', 'to': 'Chiplet_5', 'connection_type': '2.5d_emib', 'loc': '2.5d_chiplet'},{'from': 'Chiplet_1', 'to': 'Chiplet_4', 'connection_type': '2.5d_emib', 'loc': '2.5d_chiplet'},{'from': 'Chiplet_6', 'to': 'Chiplet_5', 'connection_type': '2.5d_emib', 'loc': '2.5d_chiplet'},{'from': 'Chiplet_6', 'to': 'Chiplet_4', 'connection_type': '2.5d_emib', 'loc': '2.5d_chiplet'},{'from': 'Chiplet_5', 'to': 'Chiplet_1', 'connection_type': '2.5d_emib', 'loc': '2.5d_chiplet'},{'from': 'Chiplet_5', 'to': 'Chiplet_6', 'connection_type': '2.5d_emib', 'loc': '2.5d_chiplet'}",1,1,1,2,1,2,ddr4,ucie_adv,ucie_3d,1,0,os,1,0,0
156,29.311907524079572,3102580.61,78199.8223844244,4181666416.780368,857665.8085752048,665942.2166595022,156,4.818150952,10.4826,6144,192x192,7,1.3653681800824635,3.1172648505374996,512,96x96,10,3.2571509657793953,3.8395579270749995,1536,96x96,14,3.5867297574793953,3.8395579270749995,2048,96x96,14,1.3653681800824635,3.1172648505374996,512,96x96,10,6.033899457366197,12.973514847541198,2048,192x192,10,2.5d,"{'from': 'Chiplet_6', 'to': 'Chiplet_5', 'connection_type': '2.5d_rdl', 'loc': '2.5d_chiplet'},{'from': 'Chiplet_6', 'to': 'Chiplet_3', 'connection_type': '2.5d_rdl', 'loc': '2.5d_chiplet'},{'from': 'Chiplet_6', 'to': 'Chiplet_1', 'connection_type': '2.5d_rdl', 'loc': '2.5d_chiplet'},{'from': 'Chiplet_6', 'to': 'Chiplet_4', 'connection_type': '2.5d_rdl', 'loc': '2.5d_chiplet'},{'from': 'Chiplet_3', 'to': 'Chiplet_5', 'connection_type': '2.5d_rdl', 'loc': '2.5d_chiplet'},{'from': 'Chiplet_3', 'to': 'Chiplet_6', 'connection_type': '2.5d_rdl', 'loc': '2.5d_chiplet'},{'from': 'Chiplet_5', 'to': 'Chiplet_3', 'connection_type': '2.5d_rdl', 'loc': '2.5d_chiplet'},{'from': 'Chiplet_5', 'to': 'Chiplet_6', 'connection_type': '2.5d_rdl', 'loc': '2.5d_chiplet'},{'from': 'Chiplet_1', 'to': 'Chiplet_6', 'connection_type': '2.5d_rdl', 'loc': '2.5d_chiplet'},{'from': 'Chiplet_1', 'to': 'Chiplet_4', 'connection_type': '2.5d_rdl', 'loc': '2.5d_chiplet'},{'from': 'Chiplet_1', 'to': 'Chiplet_2', 'connection_type': '2.5d_rdl', 'loc': '2.5d_chiplet'},{'from': 'Chiplet_4', 'to': 'Chiplet_1', 'connection_type': '2.5d_rdl', 'loc': '2.5d_chiplet'},{'from': 'Chiplet_4', 'to': 'Chiplet_6', 'connection_type': '2.5d_rdl', 'loc': '2.5d_chiplet'},{'from': 'Chiplet_4', 'to': 'Chiplet_2', 'connection_type': '2.5d_rdl', 'loc': '2.5d_chiplet'},{'from': 'Chiplet_2', 'to': 'Chiplet_1', 'connection_type': '2.5d_rdl', 'loc': '2.5d_chiplet'},{'from': 'Chiplet_2', 'to': 'Chiplet_4', 'connection_type': '2.5d_rdl', 'loc': '2.5d_chiplet'}",2,1,1,1,1,2,ddr4,ucie_std,na,1,0,ws,1,0,0
157,8.30129712101265,2324799.86,67554.6269827495,1556008607.6037047,758517.5589466948,334394.2560622977,157,3.665749090547913,5.538366334949999,4096,128x128,10,0.552198,1.11875,768,64x64,7,4.1253109519999995,10.4826,4096,192x192,7,1.743774000637535,1.7054115854749998,1024,64x64,14,1.578984604787535,1.7054115854749998,768,64x64,14,0.916436759447044,1.3845915837374998,1024,64x64,10,2.5d_3d,"{'from': 'Chiplet_1', 'to': 'Chiplet_4', 'connection_type': '3d_hyb_bond', 'loc': 'stack0_base'},{'from': 'Chiplet_4', 'to': 'Chiplet_5', 'connection_type': '3d_hyb_bond', 'loc': 'stack0_middle1'},{'from': 'Chiplet_5', 'to': 'Chiplet_6', 'connection_type': '3d_hyb_bond', 'loc': 'stack0_middle2'},{'from': 'Chiplet_6', 'to': 'Chiplet_2', 'connection_type': '3d_hyb_bond', 'loc': 'stack0_middle3'},{'from': 'Chiplet_2', 'to': 'na', 'connection_type': '3d_hyb_bond', 'loc': 'stack0_top'},{'from': 'Chiplet_3', 'to': 'Chiplet_1', 'connection_type': '2.5d_rdl', 'loc': '2.5d_chiplet'},{'from': 'Chiplet_1', 'to': 'Chiplet_3', 'connection_type': '2.5d_rdl', 'loc': '2.5d_chiplet'}",5,1,5,2,2,1,hbm3,ucie_std,ucie_3d,1,0,is,1,0,0
158,2.2087925399999997,1186410.51,45902.4294973279,6986437898.31358,325451.0,207314.8746977058,158,1.131132696,2.51875,1536,96x96,7,1.578984604787535,1.7054115854749998,768,64x64,14,0.916436759447044,1.3845915837374998,1024,64x64,10,0.656621759447044,1.3845915837374998,256,64x64,10,2.20879254,4.475,3072,128x128,7,1.578984604787535,1.7054115854749998,768,64x64,14,3d,"{'from': 'Chiplet_5', 'to': 'Chiplet_2', 'connection_type': '3d_tsv', 'loc': 'stack0_base'},{'from': 'Chiplet_2', 'to': 'Chiplet_6', 'connection_type': '3d_tsv', 'loc': 'stack0_middle1'},{'from': 'Chiplet_6', 'to': 'Chiplet_1', 'connection_type': '3d_tsv', 'loc': 'stack0_middle2'},{'from': 'Chiplet_1', 'to': 'Chiplet_3', 'connection_type': '3d_tsv', 'loc': 'stack0_middle3'},{'from': 'Chiplet_3', 'to': 'Chiplet_4', 'connection_type': '3d_tsv', 'loc': 'stack0_middle4'},{'from': 'Chiplet_4', 'to': 'na', 'connection_type': '3d_tsv', 'loc': 'stack0_top'}",1,2,1,1,2,1,ddr5,na,ucie_3d,1,0,is,0,0,0
159,29.036999819578348,4012591.22,131973.4086235973,1895832620.7994852,374574.7184785723,278546.06215715857,159,1.7117881800824635,3.1172648505374996,1536,96x96,10,2.927572174079395,3.8395579270749995,1024,96x96,14,14.117807839976791,15.979573171754398,6144,192x192,14,3.665749090547913,5.538366334949999,4096,128x128,10,2.6264880905479133,5.538366334949999,1024,128x128,10,0.656621759447044,1.3845915837374998,256,64x64,10,2.5d_3d,"{'from': 'Chiplet_2', 'to': 'Chiplet_1', 'connection_type': '3d_tsv', 'loc': 'stack0_base'},{'from': 'Chiplet_1', 'to': 'Chiplet_6', 'connection_type': '3d_tsv', 'loc': 'stack0_middle1'},{'from': 'Chiplet_6', 'to': 'na', 'connection_type': '3d_tsv', 'loc': 'stack0_top'},{'from': 'Chiplet_3', 'to': 'Chiplet_2', 'connection_type': '2.5d_emib', 'loc': '2.5d_chiplet'},{'from': 'Chiplet_3', 'to': 'Chiplet_4', 'connection_type': '2.5d_emib', 'loc': '2.5d_chiplet'},{'from': 'Chiplet_4', 'to': 'Chiplet_5', 'connection_type': '2.5d_emib', 'loc': '2.5d_chiplet'},{'from': 'Chiplet_4', 'to': 'Chiplet_3', 'connection_type': '2.5d_emib', 'loc': '2.5d_chiplet'},{'from': 'Chiplet_4', 'to': 'Chiplet_2', 'connection_type': '2.5d_emib', 'loc': '2.5d_chiplet'},{'from': 'Chiplet_2', 'to': 'Chiplet_5', 'connection_type': '2.5d_emib', 'loc': '2.5d_chiplet'},{'from': 'Chiplet_2', 'to': 'Chiplet_3', 'connection_type': '2.5d_emib', 'loc': '2.5d_chiplet'},{'from': 'Chiplet_2', 'to': 'Chiplet_4', 'connection_type': '2.5d_emib', 'loc': '2.5d_chiplet'},{'from': 'Chiplet_5', 'to': 'Chiplet_2', 'connection_type': '2.5d_emib', 'loc': '2.5d_chiplet'},{'from': 'Chiplet_5', 'to': 'Chiplet_4', 'connection_type': '2.5d_emib', 'loc': '2.5d_chiplet'}",1,2,9,2,1,1,hbm3,ucie_adv,ucie_3d,0,0,os,1,0,0
160,28.96726237097897,3286078.51,68801.10614593652,2013210938.6473148,629385.7161935277,405560.7665227915,160,0.656621759447044,1.3845915837374998,256,64x64,10,6.726740457366197,12.973514847541198,4096,192x192,10,7.419580457366196,12.973514847541198,6144,192x192,10,1.743774000637535,1.7054115854749998,1024,64x64,14,1.4141952089375351,1.7054115854749998,512,64x64,14,0.638803,1.11875,1024,64x64,7,2.5d,"{'from': 'Chiplet_3', 'to': 'Chiplet_5', 'connection_type': '2.5d_rdl', 'loc': '2.5d_chiplet'},{'from': 'Chiplet_3', 'to': 'Chiplet_6', 'connection_type': '2.5d_rdl', 'loc': '2.5d_chiplet'},{'from': 'Chiplet_3', 'to': 'Chiplet_2', 'connection_type': '2.5d_rdl', 'loc': '2.5d_chiplet'},{'from': 'Chiplet_5', 'to': 'Chiplet_3', 'connection_type': '2.5d_rdl', 'loc': '2.5d_chiplet'},{'from': 'Chiplet_5', 'to': 'Chiplet_6', 'connection_type': '2.5d_rdl', 'loc': '2.5d_chiplet'},{'from': 'Chiplet_6', 'to': 'Chiplet_5', 'connection_type': '2.5d_rdl', 'loc': '2.5d_chiplet'},{'from': 'Chiplet_6', 'to': 'Chiplet_3', 'connection_type': '2.5d_rdl', 'loc': '2.5d_chiplet'},{'from': 'Chiplet_2', 'to': 'Chiplet_3', 'connection_type': '2.5d_rdl', 'loc': '2.5d_chiplet'},{'from': 'Chiplet_2', 'to': 'Chiplet_1', 'connection_type': '2.5d_rdl', 'loc': '2.5d_chiplet'},{'from': 'Chiplet_2', 'to': 'Chiplet_4', 'connection_type': '2.5d_rdl', 'loc': '2.5d_chiplet'},{'from': 'Chiplet_4', 'to': 'Chiplet_1', 'connection_type': '2.5d_rdl', 'loc': '2.5d_chiplet'},{'from': 'Chiplet_4', 'to': 'Chiplet_2', 'connection_type': '2.5d_rdl', 'loc': '2.5d_chiplet'},{'from': 'Chiplet_1', 'to': 'Chiplet_2', 'connection_type': '2.5d_rdl', 'loc': '2.5d_chiplet'},{'from': 'Chiplet_1', 'to': 'Chiplet_4', 'connection_type': '2.5d_rdl', 'loc': '2.5d_chiplet'}",1,6,6,1,1,1,hbm2,ucie_std,na,0,0,ws,1,0,0
161,40.83658559280673,5273591.85,115830.72328637773,2027291182.6539469,721082.674389811,642874.218853789,161,14.117807839976791,15.979573171754398,6144,192x192,14,4.818150952,10.4826,6144,192x192,7,1.5385781800824634,3.1172648505374996,1024,96x96,10,1.7117881800824635,3.1172648505374996,1536,96x96,10,5.5109919519999995,10.4826,8192,192x192,7,0.957922696,2.51875,1024,96x96,7,2.5d,"{'from': 'Chiplet_1', 'to': 'Chiplet_5', 'connection_type': '2.5d_rdl', 'loc': '2.5d_chiplet'},{'from': 'Chiplet_1', 'to': 'Chiplet_2', 'connection_type': '2.5d_rdl', 'loc': '2.5d_chiplet'},{'from': 'Chiplet_5', 'to': 'Chiplet_3', 'connection_type': '2.5d_rdl', 'loc': '2.5d_chiplet'},{'from': 'Chiplet_5', 'to': 'Chiplet_1', 'connection_type': '2.5d_rdl', 'loc': '2.5d_chiplet'},{'from': 'Chiplet_5', 'to': 'Chiplet_2', 'connection_type': '2.5d_rdl', 'loc': '2.5d_chiplet'},{'from': 'Chiplet_5', 'to': 'Chiplet_4', 'connection_type': '2.5d_rdl', 'loc': '2.5d_chiplet'},{'from': 'Chiplet_3', 'to': 'Chiplet_5', 'connection_type': '2.5d_rdl', 'loc': '2.5d_chiplet'},{'from': 'Chiplet_3', 'to': 'Chiplet_4', 'connection_type': '2.5d_rdl', 'loc': '2.5d_chiplet'},{'from': 'Chiplet_2', 'to': 'Chiplet_5', 'connection_type': '2.5d_rdl', 'loc': '2.5d_chiplet'},{'from': 'Chiplet_2', 'to': 'Chiplet_1', 'connection_type': '2.5d_rdl', 'loc': '2.5d_chiplet'},{'from': 'Chiplet_2', 'to': 'Chiplet_6', 'connection_type': '2.5d_rdl', 'loc': '2.5d_chiplet'},{'from': 'Chiplet_2', 'to': 'Chiplet_4', 'connection_type': '2.5d_rdl', 'loc': '2.5d_chiplet'},{'from': 'Chiplet_4', 'to': 'Chiplet_5', 'connection_type': '2.5d_rdl', 'loc': '2.5d_chiplet'},{'from': 'Chiplet_4', 'to': 'Chiplet_6', 'connection_type': '2.5d_rdl', 'loc': '2.5d_chiplet'},{'from': 'Chiplet_4', 'to': 'Chiplet_2', 'connection_type': '2.5d_rdl', 'loc': '2.5d_chiplet'},{'from': 'Chiplet_4', 'to': 'Chiplet_3', 'connection_type': '2.5d_rdl', 'loc': '2.5d_chiplet'},{'from': 'Chiplet_6', 'to': 'Chiplet_2', 'connection_type': '2.5d_rdl', 'loc': '2.5d_chiplet'},{'from': 'Chiplet_6', 'to': 'Chiplet_4', 'connection_type': '2.5d_rdl', 'loc': '2.5d_chiplet'}",8,2,1,1,3,1,hbm3,ucie_std,na,1,0,os,1,0,0
162,10.912998099278958,1860486.16,50784.85078839694,10242562933.820242,137627.45454545456,239213.08875733943,162,3.665749090547913,5.538366334949999,4096,128x128,10,3.3193280905479132,5.538366334949999,3072,128x128,10,1.4141952089375351,1.7054115854749998,512,64x64,14,2.20879254,4.475,3072,128x128,7,0.552198,1.11875,768,64x64,7,1.4141952089375351,1.7054115854749998,512,64x64,14,2.5d_3d,"{'from': 'Chiplet_2', 'to': 'Chiplet_3', 'connection_type': '3d_tsv', 'loc': 'stack0_base'},{'from': 'Chiplet_3', 'to': 'Chiplet_6', 'connection_type': '3d_tsv', 'loc': 'stack0_middle1'},{'from': 'Chiplet_6', 'to': 'Chiplet_5', 'connection_type': '3d_tsv', 'loc': 'stack0_middle2'},{'from': 'Chiplet_5', 'to': 'na', 'connection_type': '3d_tsv', 'loc': 'stack0_top'},{'from': 'Chiplet_1', 'to': 'Chiplet_2', 'connection_type': '2.5d_rdl', 'loc': '2.5d_chiplet'},{'from': 'Chiplet_1', 'to': 'Chiplet_4', 'connection_type': '2.5d_rdl', 'loc': '2.5d_chiplet'},{'from': 'Chiplet_2', 'to': 'Chiplet_1', 'connection_type': '2.5d_rdl', 'loc': '2.5d_chiplet'},{'from': 'Chiplet_2', 'to': 'Chiplet_4', 'connection_type': '2.5d_rdl', 'loc': '2.5d_chiplet'},{'from': 'Chiplet_4', 'to': 'Chiplet_1', 'connection_type': '2.5d_rdl', 'loc': '2.5d_chiplet'},{'from': 'Chiplet_4', 'to': 'Chiplet_2', 'connection_type': '2.5d_rdl', 'loc': '2.5d_chiplet'}",2,2,1,1,1,1,ddr4,ucie_std,ucie_3d,0,0,os,0,0,0
163,27.50326892233488,2717091.82,69485.28022732772,4816159775.969479,65944.70588235294,125069.5754676856,163,0.656621759447044,1.3845915837374998,256,64x64,10,3.3193280905479132,5.538366334949999,3072,128x128,10,0.957922696,2.51875,1024,96x96,7,3.5867297574793953,3.8395579270749995,2048,96x96,14,3.5867297574793953,3.8395579270749995,2048,96x96,14,7.419580457366196,12.973514847541198,6144,192x192,10,2.5d,"{'from': 'Chiplet_6', 'to': 'Chiplet_3', 'connection_type': '2.5d_rdl', 'loc': '2.5d_chiplet'},{'from': 'Chiplet_6', 'to': 'Chiplet_1', 'connection_type': '2.5d_rdl', 'loc': '2.5d_chiplet'},{'from': 'Chiplet_6', 'to': 'Chiplet_4', 'connection_type': '2.5d_rdl', 'loc': '2.5d_chiplet'},{'from': 'Chiplet_3', 'to': 'Chiplet_1', 'connection_type': '2.5d_rdl', 'loc': '2.5d_chiplet'},{'from': 'Chiplet_3', 'to': 'Chiplet_6', 'connection_type': '2.5d_rdl', 'loc': '2.5d_chiplet'},{'from': 'Chiplet_1', 'to': 'Chiplet_5', 'connection_type': '2.5d_rdl', 'loc': '2.5d_chiplet'},{'from': 'Chiplet_1', 'to': 'Chiplet_3', 'connection_type': '2.5d_rdl', 'loc': '2.5d_chiplet'},{'from': 'Chiplet_1', 'to': 'Chiplet_6', 'connection_type': '2.5d_rdl', 'loc': '2.5d_chiplet'},{'from': 'Chiplet_4', 'to': 'Chiplet_5', 'connection_type': '2.5d_rdl', 'loc': '2.5d_chiplet'},{'from': 'Chiplet_4', 'to': 'Chiplet_6', 'connection_type': '2.5d_rdl', 'loc': '2.5d_chiplet'},{'from': 'Chiplet_4', 'to': 'Chiplet_2', 'connection_type': '2.5d_rdl', 'loc': '2.5d_chiplet'},{'from': 'Chiplet_2', 'to': 'Chiplet_5', 'connection_type': '2.5d_rdl', 'loc': '2.5d_chiplet'},{'from': 'Chiplet_2', 'to': 'Chiplet_4', 'connection_type': '2.5d_rdl', 'loc': '2.5d_chiplet'},{'from': 'Chiplet_5', 'to': 'Chiplet_1', 'connection_type': '2.5d_rdl', 'loc': '2.5d_chiplet'},{'from': 'Chiplet_5', 'to': 'Chiplet_2', 'connection_type': '2.5d_rdl', 'loc': '2.5d_chiplet'},{'from': 'Chiplet_5', 'to': 'Chiplet_4', 'connection_type': '2.5d_rdl', 'loc': '2.5d_chiplet'}",1,1,1,1,1,3,ddr5,ucie_std,na,1,0,os,0,0,0
164,38.74670832124786,4378568.82,181749.0314492938,1464417521.8933508,349702.08419944043,300504.3600000862,164,12.799492673176792,15.979573171754398,4096,192x192,14,1.8849981800824636,3.1172648505374996,2048,96x96,10,0.552198,1.11875,768,64x64,7,3.2571509657793953,3.8395579270749995,1536,96x96,14,6.033899457366197,12.973514847541198,2048,192x192,10,2.6264880905479133,5.538366334949999,1024,128x128,10,2.5d,"{'from': 'Chiplet_1', 'to': 'Chiplet_5', 'connection_type': '2.5d_emib', 'loc': '2.5d_chiplet'},{'from': 'Chiplet_1', 'to': 'Chiplet_4', 'connection_type': '2.5d_emib', 'loc': '2.5d_chiplet'},{'from': 'Chiplet_1', 'to': 'Chiplet_3', 'connection_type': '2.5d_emib', 'loc': '2.5d_chiplet'},{'from': 'Chiplet_3', 'to': 'Chiplet_1', 'connection_type': '2.5d_emib', 'loc': '2.5d_chiplet'},{'from': 'Chiplet_3', 'to': 'Chiplet_4', 'connection_type': '2.5d_emib', 'loc': '2.5d_chiplet'},{'from': 'Chiplet_5', 'to': 'Chiplet_1', 'connection_type': '2.5d_emib', 'loc': '2.5d_chiplet'},{'from': 'Chiplet_5', 'to': 'Chiplet_6', 'connection_type': '2.5d_emib', 'loc': '2.5d_chiplet'},{'from': 'Chiplet_5', 'to': 'Chiplet_4', 'connection_type': '2.5d_emib', 'loc': '2.5d_chiplet'},{'from': 'Chiplet_4', 'to': 'Chiplet_5', 'connection_type': '2.5d_emib', 'loc': '2.5d_chiplet'},{'from': 'Chiplet_4', 'to': 'Chiplet_1', 'connection_type': '2.5d_emib', 'loc': '2.5d_chiplet'},{'from': 'Chiplet_4', 'to': 'Chiplet_6', 'connection_type': '2.5d_emib', 'loc': '2.5d_chiplet'},{'from': 'Chiplet_4', 'to': 'Chiplet_2', 'connection_type': '2.5d_emib', 'loc': '2.5d_chiplet'},{'from': 'Chiplet_4', 'to': 'Chiplet_3', 'connection_type': '2.5d_emib', 'loc': '2.5d_chiplet'},{'from': 'Chiplet_6', 'to': 'Chiplet_5', 'connection_type': '2.5d_emib', 'loc': '2.5d_chiplet'},{'from': 'Chiplet_6', 'to': 'Chiplet_2', 'connection_type': '2.5d_emib', 'loc': '2.5d_chiplet'},{'from': 'Chiplet_6', 'to': 'Chiplet_4', 'connection_type': '2.5d_emib', 'loc': '2.5d_chiplet'},{'from': 'Chiplet_2', 'to': 'Chiplet_6', 'connection_type': '2.5d_emib', 'loc': '2.5d_chiplet'},{'from': 'Chiplet_2', 'to': 'Chiplet_4', 'connection_type': '2.5d_emib', 'loc': '2.5d_chiplet'}",7,1,1,2,4,1,hbm3,ucie_adv,na,1,0,ws,1,0,0
165,31.707060294980163,2669764.94,63917.38242052236,6762404812.156685,125485.53259141493,189224.7461189989,165,7.419580457366196,12.973514847541198,6144,192x192,10,3.2571509657793953,3.8395579270749995,1536,96x96,14,0.656621759447044,1.3845915837374998,256,64x64,10,5.656782838920179,6.821646341899999,2048,128x128,14,0.743226759447044,1.3845915837374998,512,64x64,10,1.4141952089375351,1.7054115854749998,512,64x64,14,2.5d,"{'from': 'Chiplet_1', 'to': 'Chiplet_5', 'connection_type': '2.5d_rdl', 'loc': '2.5d_chiplet'},{'from': 'Chiplet_1', 'to': 'Chiplet_6', 'connection_type': '2.5d_rdl', 'loc': '2.5d_chiplet'},{'from': 'Chiplet_1', 'to': 'Chiplet_2', 'connection_type': '2.5d_rdl', 'loc': '2.5d_chiplet'},{'from': 'Chiplet_1', 'to': 'Chiplet_4', 'connection_type': '2.5d_rdl', 'loc': '2.5d_chiplet'},{'from': 'Chiplet_6', 'to': 'Chiplet_5', 'connection_type': '2.5d_rdl', 'loc': '2.5d_chiplet'},{'from': 'Chiplet_6', 'to': 'Chiplet_1', 'connection_type': '2.5d_rdl', 'loc': '2.5d_chiplet'},{'from': 'Chiplet_5', 'to': 'Chiplet_1', 'connection_type': '2.5d_rdl', 'loc': '2.5d_chiplet'},{'from': 'Chiplet_5', 'to': 'Chiplet_6', 'connection_type': '2.5d_rdl', 'loc': '2.5d_chiplet'},{'from': 'Chiplet_4', 'to': 'Chiplet_3', 'connection_type': '2.5d_rdl', 'loc': '2.5d_chiplet'},{'from': 'Chiplet_4', 'to': 'Chiplet_1', 'connection_type': '2.5d_rdl', 'loc': '2.5d_chiplet'},{'from': 'Chiplet_4', 'to': 'Chiplet_2', 'connection_type': '2.5d_rdl', 'loc': '2.5d_chiplet'},{'from': 'Chiplet_2', 'to': 'Chiplet_3', 'connection_type': '2.5d_rdl', 'loc': '2.5d_chiplet'},{'from': 'Chiplet_2', 'to': 'Chiplet_1', 'connection_type': '2.5d_rdl', 'loc': '2.5d_chiplet'},{'from': 'Chiplet_2', 'to': 'Chiplet_4', 'connection_type': '2.5d_rdl', 'loc': '2.5d_chiplet'},{'from': 'Chiplet_3', 'to': 'Chiplet_2', 'connection_type': '2.5d_rdl', 'loc': '2.5d_chiplet'},{'from': 'Chiplet_3', 'to': 'Chiplet_4', 'connection_type': '2.5d_rdl', 'loc': '2.5d_chiplet'}",2,1,1,2,1,1,ddr4,ucie_std,na,0,0,ws,0,0,0
166,24.031763518112424,4402566.73,143105.1284804973,3834681592.964092,238506.39344370534,269948.10834801145,166,5.5109919519999995,10.4826,8192,192x192,7,3.2571509657793953,3.8395579270749995,1536,96x96,14,7.419580457366196,12.973514847541198,6144,192x192,10,3.2571509657793953,3.8395579270749995,1536,96x96,14,8.112421457366196,12.973514847541198,8192,192x192,10,0.743226759447044,1.3845915837374998,512,64x64,10,2.5d_3d,"{'from': 'Chiplet_1', 'to': 'Chiplet_2', 'connection_type': '3d_u_bump', 'loc': 'stack0_base'},{'from': 'Chiplet_2', 'to': 'Chiplet_4', 'connection_type': '3d_u_bump', 'loc': 'stack0_middle1'},{'from': 'Chiplet_4', 'to': 'Chiplet_6', 'connection_type': '3d_u_bump', 'loc': 'stack0_middle2'},{'from': 'Chiplet_6', 'to': 'na', 'connection_type': '3d_u_bump', 'loc': 'stack0_top'},{'from': 'Chiplet_5', 'to': 'Chiplet_3', 'connection_type': '2.5d_emib', 'loc': '2.5d_chiplet'},{'from': 'Chiplet_5', 'to': 'Chiplet_1', 'connection_type': '2.5d_emib', 'loc': '2.5d_chiplet'},{'from': 'Chiplet_3', 'to': 'Chiplet_5', 'connection_type': '2.5d_emib', 'loc': '2.5d_chiplet'},{'from': 'Chiplet_3', 'to': 'Chiplet_1', 'connection_type': '2.5d_emib', 'loc': '2.5d_chiplet'},{'from': 'Chiplet_1', 'to': 'Chiplet_5', 'connection_type': '2.5d_emib', 'loc': '2.5d_chiplet'},{'from': 'Chiplet_1', 'to': 'Chiplet_3', 'connection_type': '2.5d_emib', 'loc': '2.5d_chiplet'}",1,1,2,1,2,1,ddr5,aib,ucie_3d,0,0,os,1,0,0
167,68.47149743712029,7506603.47,155988.37363896077,2570799272.7910295,622043.8803536638,787764.749874389,167,12.799492673176792,15.979573171754398,4096,192x192,14,1.86237254,4.475,2048,128x128,7,14.117807839976791,15.979573171754398,6144,192x192,14,15.436124909546791,15.979573171754398,8192,192x192,14,5.656782838920179,6.821646341899999,2048,128x128,14,3.665749090547913,5.538366334949999,4096,128x128,10,2.5d,"{'from': 'Chiplet_4', 'to': 'Chiplet_5', 'connection_type': '2.5d_rdl', 'loc': '2.5d_chiplet'},{'from': 'Chiplet_4', 'to': 'Chiplet_3', 'connection_type': '2.5d_rdl', 'loc': '2.5d_chiplet'},{'from': 'Chiplet_4', 'to': 'Chiplet_1', 'connection_type': '2.5d_rdl', 'loc': '2.5d_chiplet'},{'from': 'Chiplet_4', 'to': 'Chiplet_6', 'connection_type': '2.5d_rdl', 'loc': '2.5d_chiplet'},{'from': 'Chiplet_5', 'to': 'Chiplet_6', 'connection_type': '2.5d_rdl', 'loc': '2.5d_chiplet'},{'from': 'Chiplet_5', 'to': 'Chiplet_2', 'connection_type': '2.5d_rdl', 'loc': '2.5d_chiplet'},{'from': 'Chiplet_5', 'to': 'Chiplet_4', 'connection_type': '2.5d_rdl', 'loc': '2.5d_chiplet'},{'from': 'Chiplet_6', 'to': 'Chiplet_5', 'connection_type': '2.5d_rdl', 'loc': '2.5d_chiplet'},{'from': 'Chiplet_6', 'to': 'Chiplet_2', 'connection_type': '2.5d_rdl', 'loc': '2.5d_chiplet'},{'from': 'Chiplet_6', 'to': 'Chiplet_4', 'connection_type': '2.5d_rdl', 'loc': '2.5d_chiplet'},{'from': 'Chiplet_2', 'to': 'Chiplet_5', 'connection_type': '2.5d_rdl', 'loc': '2.5d_chiplet'},{'from': 'Chiplet_2', 'to': 'Chiplet_6', 'connection_type': '2.5d_rdl', 'loc': '2.5d_chiplet'},{'from': 'Chiplet_3', 'to': 'Chiplet_1', 'connection_type': '2.5d_rdl', 'loc': '2.5d_chiplet'},{'from': 'Chiplet_3', 'to': 'Chiplet_4', 'connection_type': '2.5d_rdl', 'loc': '2.5d_chiplet'},{'from': 'Chiplet_1', 'to': 'Chiplet_3', 'connection_type': '2.5d_rdl', 'loc': '2.5d_chiplet'},{'from': 'Chiplet_1', 'to': 'Chiplet_4', 'connection_type': '2.5d_rdl', 'loc': '2.5d_chiplet'}",4,1,4,4,2,1,hbm2,ucie_std,na,0,0,ws,1,0,0
168,37.10885022535711,4359593.6,182604.6794943583,1993626514.869978,264723.877545881,224455.80512656455,168,6.726740457366197,12.973514847541198,4096,192x192,10,1.578984604787535,1.7054115854749998,768,64x64,14,1.7117881800824635,3.1172648505374996,1536,96x96,10,1.7117881800824635,3.1172648505374996,1536,96x96,10,1.4141952089375351,1.7054115854749998,512,64x64,14,15.436124909546791,15.979573171754398,8192,192x192,14,2.5d,"{'from': 'Chiplet_6', 'to': 'Chiplet_3', 'connection_type': '2.5d_emib', 'loc': '2.5d_chiplet'},{'from': 'Chiplet_6', 'to': 'Chiplet_1', 'connection_type': '2.5d_emib', 'loc': '2.5d_chiplet'},{'from': 'Chiplet_6', 'to': 'Chiplet_2', 'connection_type': '2.5d_emib', 'loc': '2.5d_chiplet'},{'from': 'Chiplet_1', 'to': 'Chiplet_3', 'connection_type': '2.5d_emib', 'loc': '2.5d_chiplet'},{'from': 'Chiplet_1', 'to': 'Chiplet_6', 'connection_type': '2.5d_emib', 'loc': '2.5d_chiplet'},{'from': 'Chiplet_1', 'to': 'Chiplet_4', 'connection_type': '2.5d_emib', 'loc': '2.5d_chiplet'},{'from': 'Chiplet_3', 'to': 'Chiplet_1', 'connection_type': '2.5d_emib', 'loc': '2.5d_chiplet'},{'from': 'Chiplet_3', 'to': 'Chiplet_6', 'connection_type': '2.5d_emib', 'loc': '2.5d_chiplet'},{'from': 'Chiplet_3', 'to': 'Chiplet_4', 'connection_type': '2.5d_emib', 'loc': '2.5d_chiplet'},{'from': 'Chiplet_3', 'to': 'Chiplet_2', 'connection_type': '2.5d_emib', 'loc': '2.5d_chiplet'},{'from': 'Chiplet_2', 'to': 'Chiplet_5', 'connection_type': '2.5d_emib', 'loc': '2.5d_chiplet'},{'from': 'Chiplet_2', 'to': 'Chiplet_6', 'connection_type': '2.5d_emib', 'loc': '2.5d_chiplet'},{'from': 'Chiplet_2', 'to': 'Chiplet_3', 'connection_type': '2.5d_emib', 'loc': '2.5d_chiplet'},{'from': 'Chiplet_4', 'to': 'Chiplet_5', 'connection_type': '2.5d_emib', 'loc': '2.5d_chiplet'},{'from': 'Chiplet_4', 'to': 'Chiplet_3', 'connection_type': '2.5d_emib', 'loc': '2.5d_chiplet'},{'from': 'Chiplet_4', 'to': 'Chiplet_1', 'connection_type': '2.5d_emib', 'loc': '2.5d_chiplet'},{'from': 'Chiplet_5', 'to': 'Chiplet_2', 'connection_type': '2.5d_emib', 'loc': '2.5d_chiplet'},{'from': 'Chiplet_5', 'to': 'Chiplet_4', 'connection_type': '2.5d_emib', 'loc': '2.5d_chiplet'}",4,1,1,1,1,8,hbm3,bow,na,1,0,ws,1,0,0
169,38.37131060730235,5806407.25,117114.11182610512,2076274074.4548304,497798.62484295,481158.2687222172,169,1.86237254,4.475,2048,128x128,7,2.597993382379395,3.8395579270749995,512,96x96,14,4.9976252555201786,6.821646341899999,1024,128x128,14,14.117807839976791,15.979573171754398,6144,192x192,14,5.5109919519999995,10.4826,8192,192x192,7,5.656782838920179,6.821646341899999,2048,128x128,14,2.5d_3d,"{'from': 'Chiplet_6', 'to': 'Chiplet_3', 'connection_type': '3d_u_bump', 'loc': 'stack0_base'},{'from': 'Chiplet_3', 'to': 'na', 'connection_type': '3d_u_bump', 'loc': 'stack0_top'},{'from': 'Chiplet_4', 'to': 'Chiplet_5', 'connection_type': '2.5d_rdl', 'loc': '2.5d_chiplet'},{'from': 'Chiplet_4', 'to': 'Chiplet_6', 'connection_type': '2.5d_rdl', 'loc': '2.5d_chiplet'},{'from': 'Chiplet_6', 'to': 'Chiplet_5', 'connection_type': '2.5d_rdl', 'loc': '2.5d_chiplet'},{'from': 'Chiplet_6', 'to': 'Chiplet_1', 'connection_type': '2.5d_rdl', 'loc': '2.5d_chiplet'},{'from': 'Chiplet_6', 'to': 'Chiplet_4', 'connection_type': '2.5d_rdl', 'loc': '2.5d_chiplet'},{'from': 'Chiplet_1', 'to': 'Chiplet_6', 'connection_type': '2.5d_rdl', 'loc': '2.5d_chiplet'},{'from': 'Chiplet_1', 'to': 'Chiplet_2', 'connection_type': '2.5d_rdl', 'loc': '2.5d_chiplet'},{'from': 'Chiplet_5', 'to': 'Chiplet_6', 'connection_type': '2.5d_rdl', 'loc': '2.5d_chiplet'},{'from': 'Chiplet_5', 'to': 'Chiplet_2', 'connection_type': '2.5d_rdl', 'loc': '2.5d_chiplet'},{'from': 'Chiplet_5', 'to': 'Chiplet_4', 'connection_type': '2.5d_rdl', 'loc': '2.5d_chiplet'},{'from': 'Chiplet_2', 'to': 'Chiplet_5', 'connection_type': '2.5d_rdl', 'loc': '2.5d_chiplet'},{'from': 'Chiplet_2', 'to': 'Chiplet_1', 'connection_type': '2.5d_rdl', 'loc': '2.5d_chiplet'}",1,1,2,6,3,3,hbm3,ucie_std,ucie_3d,0,0,ws,1,0,0
170,45.846450367948144,5059245.38,211642.27467668775,7040354109.90318,77382.74509803922,200749.38010647113,170,1.249405813087535,1.7054115854749998,256,64x64,14,2.55521354,4.475,4096,128x128,7,3.432469952,10.4826,2048,192x192,7,8.112421457366196,12.973514847541198,8192,192x192,10,15.436124909546791,15.979573171754398,8192,192x192,14,2.20879254,4.475,3072,128x128,7,2.5d,"{'from': 'Chiplet_5', 'to': 'Chiplet_3', 'connection_type': '2.5d_emib', 'loc': '2.5d_chiplet'},{'from': 'Chiplet_5', 'to': 'Chiplet_1', 'connection_type': '2.5d_emib', 'loc': '2.5d_chiplet'},{'from': 'Chiplet_5', 'to': 'Chiplet_4', 'connection_type': '2.5d_emib', 'loc': '2.5d_chiplet'},{'from': 'Chiplet_1', 'to': 'Chiplet_5', 'connection_type': '2.5d_emib', 'loc': '2.5d_chiplet'},{'from': 'Chiplet_1', 'to': 'Chiplet_3', 'connection_type': '2.5d_emib', 'loc': '2.5d_chiplet'},{'from': 'Chiplet_4', 'to': 'Chiplet_5', 'connection_type': '2.5d_emib', 'loc': '2.5d_chiplet'},{'from': 'Chiplet_4', 'to': 'Chiplet_2', 'connection_type': '2.5d_emib', 'loc': '2.5d_chiplet'},{'from': 'Chiplet_4', 'to': 'Chiplet_3', 'connection_type': '2.5d_emib', 'loc': '2.5d_chiplet'},{'from': 'Chiplet_3', 'to': 'Chiplet_5', 'connection_type': '2.5d_emib', 'loc': '2.5d_chiplet'},{'from': 'Chiplet_3', 'to': 'Chiplet_1', 'connection_type': '2.5d_emib', 'loc': '2.5d_chiplet'},{'from': 'Chiplet_3', 'to': 'Chiplet_2', 'connection_type': '2.5d_emib', 'loc': '2.5d_chiplet'},{'from': 'Chiplet_3', 'to': 'Chiplet_4', 'connection_type': '2.5d_emib', 'loc': '2.5d_chiplet'},{'from': 'Chiplet_3', 'to': 'Chiplet_6', 'connection_type': '2.5d_emib', 'loc': '2.5d_chiplet'},{'from': 'Chiplet_2', 'to': 'Chiplet_3', 'connection_type': '2.5d_emib', 'loc': '2.5d_chiplet'},{'from': 'Chiplet_2', 'to': 'Chiplet_6', 'connection_type': '2.5d_emib', 'loc': '2.5d_chiplet'},{'from': 'Chiplet_2', 'to': 'Chiplet_4', 'connection_type': '2.5d_emib', 'loc': '2.5d_chiplet'},{'from': 'Chiplet_6', 'to': 'Chiplet_3', 'connection_type': '2.5d_emib', 'loc': '2.5d_chiplet'},{'from': 'Chiplet_6', 'to': 'Chiplet_2', 'connection_type': '2.5d_emib', 'loc': '2.5d_chiplet'}",1,1,1,1,3,1,ddr4,ucie_adv,na,1,0,ws,0,0,0
171,35.37300942074737,5090583.21,200222.5665794902,2014247466.5250566,296774.5034443694,279404.89974091685,171,2.6264880905479133,5.538366334949999,1024,128x128,10,7.419580457366196,12.973514847541198,6144,192x192,10,0.46559300000000003,1.11875,512,64x64,7,3.2571509657793953,3.8395579270749995,1536,96x96,14,4.818150952,10.4826,6144,192x192,7,5.5109919519999995,10.4826,8192,192x192,7,2.5d,"{'from': 'Chiplet_2', 'to': 'Chiplet_5', 'connection_type': '2.5d_emib', 'loc': '2.5d_chiplet'},{'from': 'Chiplet_2', 'to': 'Chiplet_6', 'connection_type': '2.5d_emib', 'loc': '2.5d_chiplet'},{'from': 'Chiplet_2', 'to': 'Chiplet_4', 'connection_type': '2.5d_emib', 'loc': '2.5d_chiplet'},{'from': 'Chiplet_2', 'to': 'Chiplet_3', 'connection_type': '2.5d_emib', 'loc': '2.5d_chiplet'},{'from': 'Chiplet_4', 'to': 'Chiplet_3', 'connection_type': '2.5d_emib', 'loc': '2.5d_chiplet'},{'from': 'Chiplet_4', 'to': 'Chiplet_2', 'connection_type': '2.5d_emib', 'loc': '2.5d_chiplet'},{'from': 'Chiplet_3', 'to': 'Chiplet_2', 'connection_type': '2.5d_emib', 'loc': '2.5d_chiplet'},{'from': 'Chiplet_3', 'to': 'Chiplet_4', 'connection_type': '2.5d_emib', 'loc': '2.5d_chiplet'},{'from': 'Chiplet_6', 'to': 'Chiplet_5', 'connection_type': '2.5d_emib', 'loc': '2.5d_chiplet'},{'from': 'Chiplet_6', 'to': 'Chiplet_1', 'connection_type': '2.5d_emib', 'loc': '2.5d_chiplet'},{'from': 'Chiplet_6', 'to': 'Chiplet_2', 'connection_type': '2.5d_emib', 'loc': '2.5d_chiplet'},{'from': 'Chiplet_5', 'to': 'Chiplet_1', 'connection_type': '2.5d_emib', 'loc': '2.5d_chiplet'},{'from': 'Chiplet_5', 'to': 'Chiplet_2', 'connection_type': '2.5d_emib', 'loc': '2.5d_chiplet'},{'from': 'Chiplet_5', 'to': 'Chiplet_6', 'connection_type': '2.5d_emib', 'loc': '2.5d_chiplet'},{'from': 'Chiplet_1', 'to': 'Chiplet_5', 'connection_type': '2.5d_emib', 'loc': '2.5d_chiplet'},{'from': 'Chiplet_1', 'to': 'Chiplet_6', 'connection_type': '2.5d_emib', 'loc': '2.5d_chiplet'}",2,5,1,2,3,3,hbm3,bow,na,0,0,is,1,0,0
172,15.113864361600443,2607673.03,69515.19686455495,10214792296.838358,148370.1525054466,257567.36345320859,172,4.9976252555201786,6.821646341899999,1024,128x128,14,1.8849981800824636,3.1172648505374996,2048,96x96,10,2.972908090547913,5.538366334949999,2048,128x128,10,2.55521354,4.475,4096,128x128,7,0.638803,1.11875,1024,64x64,7,2.55521354,4.475,4096,128x128,7,2.5d_3d,"{'from': 'Chiplet_3', 'to': 'Chiplet_6', 'connection_type': '3d_hyb_bond', 'loc': 'stack0_base'},{'from': 'Chiplet_6', 'to': 'Chiplet_5', 'connection_type': '3d_hyb_bond', 'loc': 'stack0_middle1'},{'from': 'Chiplet_5', 'to': 'na', 'connection_type': '3d_hyb_bond', 'loc': 'stack0_top'},{'from': 'Chiplet_1', 'to': 'Chiplet_3', 'connection_type': '2.5d_rdl', 'loc': '2.5d_chiplet'},{'from': 'Chiplet_1', 'to': 'Chiplet_2', 'connection_type': '2.5d_rdl', 'loc': '2.5d_chiplet'},{'from': 'Chiplet_1', 'to': 'Chiplet_4', 'connection_type': '2.5d_rdl', 'loc': '2.5d_chiplet'},{'from': 'Chiplet_2', 'to': 'Chiplet_1', 'connection_type': '2.5d_rdl', 'loc': '2.5d_chiplet'},{'from': 'Chiplet_2', 'to': 'Chiplet_4', 'connection_type': '2.5d_rdl', 'loc': '2.5d_chiplet'},{'from': 'Chiplet_3', 'to': 'Chiplet_1', 'connection_type': '2.5d_rdl', 'loc': '2.5d_chiplet'},{'from': 'Chiplet_3', 'to': 'Chiplet_4', 'connection_type': '2.5d_rdl', 'loc': '2.5d_chiplet'},{'from': 'Chiplet_4', 'to': 'Chiplet_3', 'connection_type': '2.5d_rdl', 'loc': '2.5d_chiplet'},{'from': 'Chiplet_4', 'to': 'Chiplet_1', 'connection_type': '2.5d_rdl', 'loc': '2.5d_chiplet'},{'from': 'Chiplet_4', 'to': 'Chiplet_2', 'connection_type': '2.5d_rdl', 'loc': '2.5d_chiplet'}",3,1,1,1,1,1,ddr4,ucie_std,ucie_3d,0,0,ws,0,0,0
173,55.53166510437711,5376543.34,213987.39818350805,6925832758.346249,87055.58823529413,217023.380366043,173,0.638803,1.11875,1024,64x64,7,14.117807839976791,15.979573171754398,6144,192x192,14,1.8849981800824636,3.1172648505374996,2048,96x96,10,14.117807839976791,15.979573171754398,6144,192x192,14,11.481175603606792,15.979573171754398,2048,192x192,14,2.927572174079395,3.8395579270749995,1024,96x96,14,2.5d,"{'from': 'Chiplet_2', 'to': 'Chiplet_5', 'connection_type': '2.5d_emib', 'loc': '2.5d_chiplet'},{'from': 'Chiplet_2', 'to': 'Chiplet_4', 'connection_type': '2.5d_emib', 'loc': '2.5d_chiplet'},{'from': 'Chiplet_5', 'to': 'Chiplet_6', 'connection_type': '2.5d_emib', 'loc': '2.5d_chiplet'},{'from': 'Chiplet_5', 'to': 'Chiplet_2', 'connection_type': '2.5d_emib', 'loc': '2.5d_chiplet'},{'from': 'Chiplet_4', 'to': 'Chiplet_3', 'connection_type': '2.5d_emib', 'loc': '2.5d_chiplet'},{'from': 'Chiplet_4', 'to': 'Chiplet_6', 'connection_type': '2.5d_emib', 'loc': '2.5d_chiplet'},{'from': 'Chiplet_4', 'to': 'Chiplet_2', 'connection_type': '2.5d_emib', 'loc': '2.5d_chiplet'},{'from': 'Chiplet_6', 'to': 'Chiplet_5', 'connection_type': '2.5d_emib', 'loc': '2.5d_chiplet'},{'from': 'Chiplet_6', 'to': 'Chiplet_1', 'connection_type': '2.5d_emib', 'loc': '2.5d_chiplet'},{'from': 'Chiplet_6', 'to': 'Chiplet_4', 'connection_type': '2.5d_emib', 'loc': '2.5d_chiplet'},{'from': 'Chiplet_6', 'to': 'Chiplet_3', 'connection_type': '2.5d_emib', 'loc': '2.5d_chiplet'},{'from': 'Chiplet_3', 'to': 'Chiplet_1', 'connection_type': '2.5d_emib', 'loc': '2.5d_chiplet'},{'from': 'Chiplet_3', 'to': 'Chiplet_6', 'connection_type': '2.5d_emib', 'loc': '2.5d_chiplet'},{'from': 'Chiplet_3', 'to': 'Chiplet_4', 'connection_type': '2.5d_emib', 'loc': '2.5d_chiplet'},{'from': 'Chiplet_1', 'to': 'Chiplet_3', 'connection_type': '2.5d_emib', 'loc': '2.5d_chiplet'},{'from': 'Chiplet_1', 'to': 'Chiplet_6', 'connection_type': '2.5d_emib', 'loc': '2.5d_chiplet'}",1,2,1,2,1,1,ddr4,ucie_adv,na,1,0,ws,0,0,0
174,26.26407593650413,2418960.36,59499.953655698366,6244736682.435877,143093.00476947537,187937.46235534683,174,6.033899457366197,12.973514847541198,2048,192x192,10,1.4141952089375351,1.7054115854749998,512,64x64,14,0.656621759447044,1.3845915837374998,256,64x64,10,1.4141952089375351,1.7054115854749998,512,64x64,14,2.55521354,4.475,4096,128x128,7,2.6264880905479133,5.538366334949999,1024,128x128,10,2.5d,"{'from': 'Chiplet_1', 'to': 'Chiplet_6', 'connection_type': '2.5d_rdl', 'loc': '2.5d_chiplet'},{'from': 'Chiplet_1', 'to': 'Chiplet_4', 'connection_type': '2.5d_rdl', 'loc': '2.5d_chiplet'},{'from': 'Chiplet_4', 'to': 'Chiplet_5', 'connection_type': '2.5d_rdl', 'loc': '2.5d_chiplet'},{'from': 'Chiplet_4', 'to': 'Chiplet_1', 'connection_type': '2.5d_rdl', 'loc': '2.5d_chiplet'},{'from': 'Chiplet_4', 'to': 'Chiplet_6', 'connection_type': '2.5d_rdl', 'loc': '2.5d_chiplet'},{'from': 'Chiplet_6', 'to': 'Chiplet_5', 'connection_type': '2.5d_rdl', 'loc': '2.5d_chiplet'},{'from': 'Chiplet_6', 'to': 'Chiplet_3', 'connection_type': '2.5d_rdl', 'loc': '2.5d_chiplet'},{'from': 'Chiplet_6', 'to': 'Chiplet_1', 'connection_type': '2.5d_rdl', 'loc': '2.5d_chiplet'},{'from': 'Chiplet_6', 'to': 'Chiplet_4', 'connection_type': '2.5d_rdl', 'loc': '2.5d_chiplet'},{'from': 'Chiplet_3', 'to': 'Chiplet_6', 'connection_type': '2.5d_rdl', 'loc': '2.5d_chiplet'},{'from': 'Chiplet_3', 'to': 'Chiplet_2', 'connection_type': '2.5d_rdl', 'loc': '2.5d_chiplet'},{'from': 'Chiplet_5', 'to': 'Chiplet_6', 'connection_type': '2.5d_rdl', 'loc': '2.5d_chiplet'},{'from': 'Chiplet_5', 'to': 'Chiplet_2', 'connection_type': '2.5d_rdl', 'loc': '2.5d_chiplet'},{'from': 'Chiplet_5', 'to': 'Chiplet_4', 'connection_type': '2.5d_rdl', 'loc': '2.5d_chiplet'},{'from': 'Chiplet_2', 'to': 'Chiplet_5', 'connection_type': '2.5d_rdl', 'loc': '2.5d_chiplet'},{'from': 'Chiplet_2', 'to': 'Chiplet_3', 'connection_type': '2.5d_rdl', 'loc': '2.5d_chiplet'}",3,1,1,1,1,1,ddr4,ucie_std,na,0,0,ws,0,0,0
175,32.70375019345875,4001758.76,91087.06653302001,1852557372.897643,584958.9959684446,464903.6548739104,175,3.665749090547913,5.538366334949999,4096,128x128,10,3.2571509657793953,3.8395579270749995,1536,96x96,14,12.799492673176792,15.979573171754398,4096,192x192,14,1.8849981800824636,3.1172648505374996,2048,96x96,10,0.638803,1.11875,1024,64x64,7,3.432469952,10.4826,2048,192x192,7,2.5d,"{'from': 'Chiplet_3', 'to': 'Chiplet_1', 'connection_type': '2.5d_rdl', 'loc': '2.5d_chiplet'},{'from': 'Chiplet_3', 'to': 'Chiplet_6', 'connection_type': '2.5d_rdl', 'loc': '2.5d_chiplet'},{'from': 'Chiplet_1', 'to': 'Chiplet_5', 'connection_type': '2.5d_rdl', 'loc': '2.5d_chiplet'},{'from': 'Chiplet_1', 'to': 'Chiplet_3', 'connection_type': '2.5d_rdl', 'loc': '2.5d_chiplet'},{'from': 'Chiplet_1', 'to': 'Chiplet_6', 'connection_type': '2.5d_rdl', 'loc': '2.5d_chiplet'},{'from': 'Chiplet_1', 'to': 'Chiplet_4', 'connection_type': '2.5d_rdl', 'loc': '2.5d_chiplet'},{'from': 'Chiplet_4', 'to': 'Chiplet_5', 'connection_type': '2.5d_rdl', 'loc': '2.5d_chiplet'},{'from': 'Chiplet_4', 'to': 'Chiplet_1', 'connection_type': '2.5d_rdl', 'loc': '2.5d_chiplet'},{'from': 'Chiplet_5', 'to': 'Chiplet_1', 'connection_type': '2.5d_rdl', 'loc': '2.5d_chiplet'},{'from': 'Chiplet_5', 'to': 'Chiplet_2', 'connection_type': '2.5d_rdl', 'loc': '2.5d_chiplet'},{'from': 'Chiplet_5', 'to': 'Chiplet_4', 'connection_type': '2.5d_rdl', 'loc': '2.5d_chiplet'},{'from': 'Chiplet_6', 'to': 'Chiplet_3', 'connection_type': '2.5d_rdl', 'loc': '2.5d_chiplet'},{'from': 'Chiplet_6', 'to': 'Chiplet_1', 'connection_type': '2.5d_rdl', 'loc': '2.5d_chiplet'},{'from': 'Chiplet_6', 'to': 'Chiplet_2', 'connection_type': '2.5d_rdl', 'loc': '2.5d_chiplet'},{'from': 'Chiplet_2', 'to': 'Chiplet_5', 'connection_type': '2.5d_rdl', 'loc': '2.5d_chiplet'},{'from': 'Chiplet_2', 'to': 'Chiplet_6', 'connection_type': '2.5d_rdl', 'loc': '2.5d_chiplet'}",2,2,8,1,1,2,hbm2,ucie_std,na,0,0,os,1,0,0
176,20.362422739311445,2485463.28,155561.70538775815,1717099554.4197724,756545.2989323495,374187.69863704534,176,5.656782838920179,6.821646341899999,2048,128x128,14,2.6264880905479133,5.538366334949999,1024,128x128,10,0.957922696,2.51875,1024,96x96,7,1.743774000637535,1.7054115854749998,1024,64x64,14,2.6264880905479133,5.538366334949999,1024,128x128,10,1.131132696,2.51875,1536,96x96,7,2.5d,"{'from': 'Chiplet_1', 'to': 'Chiplet_3', 'connection_type': '2.5d_emib', 'loc': '2.5d_chiplet'},{'from': 'Chiplet_1', 'to': 'Chiplet_6', 'connection_type': '2.5d_emib', 'loc': '2.5d_chiplet'},{'from': 'Chiplet_1', 'to': 'Chiplet_2', 'connection_type': '2.5d_emib', 'loc': '2.5d_chiplet'},{'from': 'Chiplet_6', 'to': 'Chiplet_3', 'connection_type': '2.5d_emib', 'loc': '2.5d_chiplet'},{'from': 'Chiplet_6', 'to': 'Chiplet_1', 'connection_type': '2.5d_emib', 'loc': '2.5d_chiplet'},{'from': 'Chiplet_3', 'to': 'Chiplet_5', 'connection_type': '2.5d_emib', 'loc': '2.5d_chiplet'},{'from': 'Chiplet_3', 'to': 'Chiplet_1', 'connection_type': '2.5d_emib', 'loc': '2.5d_chiplet'},{'from': 'Chiplet_3', 'to': 'Chiplet_6', 'connection_type': '2.5d_emib', 'loc': '2.5d_chiplet'},{'from': 'Chiplet_2', 'to': 'Chiplet_5', 'connection_type': '2.5d_emib', 'loc': '2.5d_chiplet'},{'from': 'Chiplet_2', 'to': 'Chiplet_1', 'connection_type': '2.5d_emib', 'loc': '2.5d_chiplet'},{'from': 'Chiplet_2', 'to': 'Chiplet_4', 'connection_type': '2.5d_emib', 'loc': '2.5d_chiplet'},{'from': 'Chiplet_4', 'to': 'Chiplet_5', 'connection_type': '2.5d_emib', 'loc': '2.5d_chiplet'},{'from': 'Chiplet_4', 'to': 'Chiplet_2', 'connection_type': '2.5d_emib', 'loc': '2.5d_chiplet'},{'from': 'Chiplet_5', 'to': 'Chiplet_3', 'connection_type': '2.5d_emib', 'loc': '2.5d_chiplet'},{'from': 'Chiplet_5', 'to': 'Chiplet_2', 'connection_type': '2.5d_emib', 'loc': '2.5d_chiplet'},{'from': 'Chiplet_5', 'to': 'Chiplet_4', 'connection_type': '2.5d_emib', 'loc': '2.5d_chiplet'}",6,3,1,2,3,1,hbm2,ucie_adv,na,1,0,os,1,0,0
177,31.86334190911524,5025052.55,152716.1270272251,1909426391.2766404,61952.03296703297,88275.63304753024,177,6.033899457366197,12.973514847541198,2048,192x192,10,6.726740457366197,12.973514847541198,4096,192x192,10,0.784712696,2.51875,512,96x96,7,0.552198,1.11875,768,64x64,7,0.638803,1.11875,1024,64x64,7,12.799492673176792,15.979573171754398,4096,192x192,14,2.5d_3d,"{'from': 'Chiplet_6', 'to': 'Chiplet_1', 'connection_type': '3d_hyb_bond', 'loc': 'stack0_base'},{'from': 'Chiplet_1', 'to': 'Chiplet_4', 'connection_type': '3d_hyb_bond', 'loc': 'stack0_middle1'},{'from': 'Chiplet_4', 'to': 'na', 'connection_type': '3d_hyb_bond', 'loc': 'stack0_top'},{'from': 'Chiplet_6', 'to': 'Chiplet_3', 'connection_type': '2.5d_emib', 'loc': '2.5d_chiplet'},{'from': 'Chiplet_6', 'to': 'Chiplet_2', 'connection_type': '2.5d_emib', 'loc': '2.5d_chiplet'},{'from': 'Chiplet_2', 'to': 'Chiplet_5', 'connection_type': '2.5d_emib', 'loc': '2.5d_chiplet'},{'from': 'Chiplet_2', 'to': 'Chiplet_3', 'connection_type': '2.5d_emib', 'loc': '2.5d_chiplet'},{'from': 'Chiplet_2', 'to': 'Chiplet_6', 'connection_type': '2.5d_emib', 'loc': '2.5d_chiplet'},{'from': 'Chiplet_3', 'to': 'Chiplet_5', 'connection_type': '2.5d_emib', 'loc': '2.5d_chiplet'},{'from': 'Chiplet_3', 'to': 'Chiplet_6', 'connection_type': '2.5d_emib', 'loc': '2.5d_chiplet'},{'from': 'Chiplet_3', 'to': 'Chiplet_2', 'connection_type': '2.5d_emib', 'loc': '2.5d_chiplet'},{'from': 'Chiplet_5', 'to': 'Chiplet_3', 'connection_type': '2.5d_emib', 'loc': '2.5d_chiplet'},{'from': 'Chiplet_5', 'to': 'Chiplet_2', 'connection_type': '2.5d_emib', 'loc': '2.5d_chiplet'}",3,3,1,1,1,7,hbm3,aib,ucie_3d,0,0,ws,0,0,0
178,30.419564993321437,4214818.69,84315.63563515537,1753464202.8929174,616568.6410744244,483756.40191110916,178,1.7117881800824635,3.1172648505374996,1536,96x96,10,11.481175603606792,15.979573171754398,2048,192x192,14,2.6264880905479133,5.538366334949999,1024,128x128,10,0.378988,1.11875,256,64x64,7,0.552198,1.11875,768,64x64,7,7.419580457366196,12.973514847541198,6144,192x192,10,2.5d_3d,"{'from': 'Chiplet_6', 'to': 'Chiplet_1', 'connection_type': '3d_u_bump', 'loc': 'stack0_base'},{'from': 'Chiplet_1', 'to': 'Chiplet_5', 'connection_type': '3d_u_bump', 'loc': 'stack0_middle1'},{'from': 'Chiplet_5', 'to': 'na', 'connection_type': '3d_u_bump', 'loc': 'stack0_top'},{'from': 'Chiplet_2', 'to': 'Chiplet_3', 'connection_type': '2.5d_rdl', 'loc': '2.5d_chiplet'},{'from': 'Chiplet_2', 'to': 'Chiplet_6', 'connection_type': '2.5d_rdl', 'loc': '2.5d_chiplet'},{'from': 'Chiplet_6', 'to': 'Chiplet_3', 'connection_type': '2.5d_rdl', 'loc': '2.5d_chiplet'},{'from': 'Chiplet_6', 'to': 'Chiplet_2', 'connection_type': '2.5d_rdl', 'loc': '2.5d_chiplet'},{'from': 'Chiplet_6', 'to': 'Chiplet_4', 'connection_type': '2.5d_rdl', 'loc': '2.5d_chiplet'},{'from': 'Chiplet_3', 'to': 'Chiplet_6', 'connection_type': '2.5d_rdl', 'loc': '2.5d_chiplet'},{'from': 'Chiplet_3', 'to': 'Chiplet_2', 'connection_type': '2.5d_rdl', 'loc': '2.5d_chiplet'},{'from': 'Chiplet_3', 'to': 'Chiplet_4', 'connection_type': '2.5d_rdl', 'loc': '2.5d_chiplet'},{'from': 'Chiplet_4', 'to': 'Chiplet_3', 'connection_type': '2.5d_rdl', 'loc': '2.5d_chiplet'},{'from': 'Chiplet_4', 'to': 'Chiplet_6', 'connection_type': '2.5d_rdl', 'loc': '2.5d_chiplet'}",1,7,1,1,1,5,hbm2,ucie_std,ucie_3d,1,0,ws,1,0,0
179,41.534177696216936,5398789.97,130050.25658245018,6900413985.140144,77382.74509803922,205018.19097271858,179,3.665749090547913,5.538366334949999,4096,128x128,10,12.799492673176792,15.979573171754398,4096,192x192,14,3.432469952,10.4826,2048,192x192,7,14.117807839976791,15.979573171754398,6144,192x192,14,0.829831759447044,1.3845915837374998,768,64x64,10,3.3193280905479132,5.538366334949999,3072,128x128,10,2.5d_3d,"{'from': 'Chiplet_2', 'to': 'Chiplet_1', 'connection_type': '3d_hyb_bond', 'loc': 'stack0_base'},{'from': 'Chiplet_1', 'to': 'Chiplet_6', 'connection_type': '3d_hyb_bond', 'loc': 'stack0_middle1'},{'from': 'Chiplet_6', 'to': 'Chiplet_5', 'connection_type': '3d_hyb_bond', 'loc': 'stack0_middle2'},{'from': 'Chiplet_5', 'to': 'na', 'connection_type': '3d_hyb_bond', 'loc': 'stack0_top'},{'from': 'Chiplet_4', 'to': 'Chiplet_3', 'connection_type': '2.5d_rdl', 'loc': '2.5d_chiplet'},{'from': 'Chiplet_4', 'to': 'Chiplet_2', 'connection_type': '2.5d_rdl', 'loc': '2.5d_chiplet'},{'from': 'Chiplet_2', 'to': 'Chiplet_3', 'connection_type': '2.5d_rdl', 'loc': '2.5d_chiplet'},{'from': 'Chiplet_2', 'to': 'Chiplet_4', 'connection_type': '2.5d_rdl', 'loc': '2.5d_chiplet'},{'from': 'Chiplet_3', 'to': 'Chiplet_2', 'connection_type': '2.5d_rdl', 'loc': '2.5d_chiplet'},{'from': 'Chiplet_3', 'to': 'Chiplet_4', 'connection_type': '2.5d_rdl', 'loc': '2.5d_chiplet'}",1,2,1,2,1,1,ddr4,ucie_std,ucie_3d,1,0,ws,0,0,0
180,44.098045896763246,6507355.64,174595.5324542666,2112706505.3258562,230500.27554878648,279708.3468162262,180,12.799492673176792,15.979573171754398,4096,192x192,14,1.8849981800824636,3.1172648505374996,2048,96x96,10,4.818150952,10.4826,6144,192x192,7,14.117807839976791,15.979573171754398,6144,192x192,14,1.51595254,4.475,1024,128x128,7,4.9976252555201786,6.821646341899999,1024,128x128,14,2.5d_3d,"{'from': 'Chiplet_1', 'to': 'Chiplet_3', 'connection_type': '3d_tsv', 'loc': 'stack0_base'},{'from': 'Chiplet_3', 'to': 'Chiplet_5', 'connection_type': '3d_tsv', 'loc': 'stack0_middle1'},{'from': 'Chiplet_5', 'to': 'na', 'connection_type': '3d_tsv', 'loc': 'stack0_top'},{'from': 'Chiplet_4', 'to': 'Chiplet_1', 'connection_type': '2.5d_emib', 'loc': '2.5d_chiplet'},{'from': 'Chiplet_4', 'to': 'Chiplet_6', 'connection_type': '2.5d_emib', 'loc': '2.5d_chiplet'},{'from': 'Chiplet_4', 'to': 'Chiplet_2', 'connection_type': '2.5d_emib', 'loc': '2.5d_chiplet'},{'from': 'Chiplet_2', 'to': 'Chiplet_6', 'connection_type': '2.5d_emib', 'loc': '2.5d_chiplet'},{'from': 'Chiplet_2', 'to': 'Chiplet_4', 'connection_type': '2.5d_emib', 'loc': '2.5d_chiplet'},{'from': 'Chiplet_1', 'to': 'Chiplet_6', 'connection_type': '2.5d_emib', 'loc': '2.5d_chiplet'},{'from': 'Chiplet_1', 'to': 'Chiplet_4', 'connection_type': '2.5d_emib', 'loc': '2.5d_chiplet'},{'from': 'Chiplet_6', 'to': 'Chiplet_1', 'connection_type': '2.5d_emib', 'loc': '2.5d_chiplet'},{'from': 'Chiplet_6', 'to': 'Chiplet_2', 'connection_type': '2.5d_emib', 'loc': '2.5d_chiplet'},{'from': 'Chiplet_6', 'to': 'Chiplet_4', 'connection_type': '2.5d_emib', 'loc': '2.5d_chiplet'}",5,1,2,5,1,2,hbm2,ucie_adv,ucie_3d,1,0,is,1,0,0
181,25.91050873186442,2991002.23,64115.94191445881,2051623626.5570846,123236.48648648648,105702.36653380585,181,2.6264880905479133,5.538366334949999,1024,128x128,10,1.131132696,2.51875,1536,96x96,7,2.20879254,4.475,3072,128x128,7,1.3653681800824635,3.1172648505374996,512,96x96,10,0.656621759447044,1.3845915837374998,256,64x64,10,6.726740457366197,12.973514847541198,4096,192x192,10,2.5d,"{'from': 'Chiplet_6', 'to': 'Chiplet_5', 'connection_type': '2.5d_rdl', 'loc': '2.5d_chiplet'},{'from': 'Chiplet_6', 'to': 'Chiplet_1', 'connection_type': '2.5d_rdl', 'loc': '2.5d_chiplet'},{'from': 'Chiplet_5', 'to': 'Chiplet_3', 'connection_type': '2.5d_rdl', 'loc': '2.5d_chiplet'},{'from': 'Chiplet_5', 'to': 'Chiplet_1', 'connection_type': '2.5d_rdl', 'loc': '2.5d_chiplet'},{'from': 'Chiplet_5', 'to': 'Chiplet_6', 'connection_type': '2.5d_rdl', 'loc': '2.5d_chiplet'},{'from': 'Chiplet_1', 'to': 'Chiplet_5', 'connection_type': '2.5d_rdl', 'loc': '2.5d_chiplet'},{'from': 'Chiplet_1', 'to': 'Chiplet_6', 'connection_type': '2.5d_rdl', 'loc': '2.5d_chiplet'},{'from': 'Chiplet_1', 'to': 'Chiplet_2', 'connection_type': '2.5d_rdl', 'loc': '2.5d_chiplet'},{'from': 'Chiplet_1', 'to': 'Chiplet_3', 'connection_type': '2.5d_rdl', 'loc': '2.5d_chiplet'},{'from': 'Chiplet_2', 'to': 'Chiplet_1', 'connection_type': '2.5d_rdl', 'loc': '2.5d_chiplet'},{'from': 'Chiplet_2', 'to': 'Chiplet_4', 'connection_type': '2.5d_rdl', 'loc': '2.5d_chiplet'},{'from': 'Chiplet_3', 'to': 'Chiplet_5', 'connection_type': '2.5d_rdl', 'loc': '2.5d_chiplet'},{'from': 'Chiplet_3', 'to': 'Chiplet_1', 'connection_type': '2.5d_rdl', 'loc': '2.5d_chiplet'},{'from': 'Chiplet_3', 'to': 'Chiplet_4', 'connection_type': '2.5d_rdl', 'loc': '2.5d_chiplet'},{'from': 'Chiplet_4', 'to': 'Chiplet_3', 'connection_type': '2.5d_rdl', 'loc': '2.5d_chiplet'},{'from': 'Chiplet_4', 'to': 'Chiplet_2', 'connection_type': '2.5d_rdl', 'loc': '2.5d_chiplet'}",3,1,2,2,1,7,hbm2,ucie_std,na,0,0,is,0,0,0
182,13.802808110426827,1319369.45,140793.61856687398,9797991190.621729,167976.07313195546,226550.58040921818,182,0.552198,1.11875,768,64x64,7,4.9976252555201786,6.821646341899999,1024,128x128,14,1.5385781800824634,3.1172648505374996,1024,96x96,10,0.378988,1.11875,256,64x64,7,0.378988,1.11875,256,64x64,7,1.743774000637535,1.7054115854749998,1024,64x64,14,2.5d,"{'from': 'Chiplet_2', 'to': 'Chiplet_3', 'connection_type': '2.5d_emib', 'loc': '2.5d_chiplet'},{'from': 'Chiplet_2', 'to': 'Chiplet_6', 'connection_type': '2.5d_emib', 'loc': '2.5d_chiplet'},{'from': 'Chiplet_6', 'to': 'Chiplet_3', 'connection_type': '2.5d_emib', 'loc': '2.5d_chiplet'},{'from': 'Chiplet_6', 'to': 'Chiplet_2', 'connection_type': '2.5d_emib', 'loc': '2.5d_chiplet'},{'from': 'Chiplet_6', 'to': 'Chiplet_4', 'connection_type': '2.5d_emib', 'loc': '2.5d_chiplet'},{'from': 'Chiplet_4', 'to': 'Chiplet_1', 'connection_type': '2.5d_emib', 'loc': '2.5d_chiplet'},{'from': 'Chiplet_4', 'to': 'Chiplet_6', 'connection_type': '2.5d_emib', 'loc': '2.5d_chiplet'},{'from': 'Chiplet_3', 'to': 'Chiplet_5', 'connection_type': '2.5d_emib', 'loc': '2.5d_chiplet'},{'from': 'Chiplet_3', 'to': 'Chiplet_1', 'connection_type': '2.5d_emib', 'loc': '2.5d_chiplet'},{'from': 'Chiplet_3', 'to': 'Chiplet_2', 'connection_type': '2.5d_emib', 'loc': '2.5d_chiplet'},{'from': 'Chiplet_3', 'to': 'Chiplet_6', 'connection_type': '2.5d_emib', 'loc': '2.5d_chiplet'},{'from': 'Chiplet_1', 'to': 'Chiplet_5', 'connection_type': '2.5d_emib', 'loc': '2.5d_chiplet'},{'from': 'Chiplet_1', 'to': 'Chiplet_3', 'connection_type': '2.5d_emib', 'loc': '2.5d_chiplet'},{'from': 'Chiplet_1', 'to': 'Chiplet_4', 'connection_type': '2.5d_emib', 'loc': '2.5d_chiplet'},{'from': 'Chiplet_5', 'to': 'Chiplet_3', 'connection_type': '2.5d_emib', 'loc': '2.5d_chiplet'},{'from': 'Chiplet_5', 'to': 'Chiplet_1', 'connection_type': '2.5d_emib', 'loc': '2.5d_chiplet'}",1,3,1,1,1,1,ddr4,ucie_adv,na,0,0,os,0,0,0
183,31.852321521883344,3786340.96,188407.42747766868,3541394660.641303,298489.4415423691,287571.40730373526,183,7.419580457366196,12.973514847541198,6144,192x192,10,3.432469952,10.4826,2048,192x192,7,5.5109919519999995,10.4826,8192,192x192,7,0.656621759447044,1.3845915837374998,256,64x64,10,3.2571509657793953,3.8395579270749995,1536,96x96,14,0.916436759447044,1.3845915837374998,1024,64x64,10,2.5d,"{'from': 'Chiplet_1', 'to': 'Chiplet_5', 'connection_type': '2.5d_emib', 'loc': '2.5d_chiplet'},{'from': 'Chiplet_1', 'to': 'Chiplet_3', 'connection_type': '2.5d_emib', 'loc': '2.5d_chiplet'},{'from': 'Chiplet_1', 'to': 'Chiplet_2', 'connection_type': '2.5d_emib', 'loc': '2.5d_chiplet'},{'from': 'Chiplet_5', 'to': 'Chiplet_1', 'connection_type': '2.5d_emib', 'loc': '2.5d_chiplet'},{'from': 'Chiplet_5', 'to': 'Chiplet_2', 'connection_type': '2.5d_emib', 'loc': '2.5d_chiplet'},{'from': 'Chiplet_3', 'to': 'Chiplet_1', 'connection_type': '2.5d_emib', 'loc': '2.5d_chiplet'},{'from': 'Chiplet_3', 'to': 'Chiplet_2', 'connection_type': '2.5d_emib', 'loc': '2.5d_chiplet'},{'from': 'Chiplet_3', 'to': 'Chiplet_6', 'connection_type': '2.5d_emib', 'loc': '2.5d_chiplet'},{'from': 'Chiplet_2', 'to': 'Chiplet_5', 'connection_type': '2.5d_emib', 'loc': '2.5d_chiplet'},{'from': 'Chiplet_2', 'to': 'Chiplet_1', 'connection_type': '2.5d_emib', 'loc': '2.5d_chiplet'},{'from': 'Chiplet_2', 'to': 'Chiplet_6', 'connection_type': '2.5d_emib', 'loc': '2.5d_chiplet'},{'from': 'Chiplet_2', 'to': 'Chiplet_4', 'connection_type': '2.5d_emib', 'loc': '2.5d_chiplet'},{'from': 'Chiplet_2', 'to': 'Chiplet_3', 'connection_type': '2.5d_emib', 'loc': '2.5d_chiplet'},{'from': 'Chiplet_6', 'to': 'Chiplet_3', 'connection_type': '2.5d_emib', 'loc': '2.5d_chiplet'},{'from': 'Chiplet_6', 'to': 'Chiplet_2', 'connection_type': '2.5d_emib', 'loc': '2.5d_chiplet'},{'from': 'Chiplet_6', 'to': 'Chiplet_4', 'connection_type': '2.5d_emib', 'loc': '2.5d_chiplet'},{'from': 'Chiplet_4', 'to': 'Chiplet_6', 'connection_type': '2.5d_emib', 'loc': '2.5d_chiplet'},{'from': 'Chiplet_4', 'to': 'Chiplet_2', 'connection_type': '2.5d_emib', 'loc': '2.5d_chiplet'}",2,1,2,1,1,1,ddr5,bow,na,1,0,os,1,0,0
184,33.19105459251859,3803887.8,79889.01888055842,2055547261.2999365,80058.33333333333,94224.91444675886,184,5.656782838920179,6.821646341899999,2048,128x128,14,2.597993382379395,3.8395579270749995,512,96x96,14,6.726740457366197,12.973514847541198,4096,192x192,10,4.1253109519999995,10.4826,4096,192x192,7,0.784712696,2.51875,512,96x96,7,1.4141952089375351,1.7054115854749998,512,64x64,14,2.5d,"{'from': 'Chiplet_3', 'to': 'Chiplet_1', 'connection_type': '2.5d_rdl', 'loc': '2.5d_chiplet'},{'from': 'Chiplet_3', 'to': 'Chiplet_2', 'connection_type': '2.5d_rdl', 'loc': '2.5d_chiplet'},{'from': 'Chiplet_3', 'to': 'Chiplet_4', 'connection_type': '2.5d_rdl', 'loc': '2.5d_chiplet'},{'from': 'Chiplet_3', 'to': 'Chiplet_6', 'connection_type': '2.5d_rdl', 'loc': '2.5d_chiplet'},{'from': 'Chiplet_2', 'to': 'Chiplet_3', 'connection_type': '2.5d_rdl', 'loc': '2.5d_chiplet'},{'from': 'Chiplet_2', 'to': 'Chiplet_6', 'connection_type': '2.5d_rdl', 'loc': '2.5d_chiplet'},{'from': 'Chiplet_6', 'to': 'Chiplet_3', 'connection_type': '2.5d_rdl', 'loc': '2.5d_chiplet'},{'from': 'Chiplet_6', 'to': 'Chiplet_2', 'connection_type': '2.5d_rdl', 'loc': '2.5d_chiplet'},{'from': 'Chiplet_1', 'to': 'Chiplet_5', 'connection_type': '2.5d_rdl', 'loc': '2.5d_chiplet'},{'from': 'Chiplet_1', 'to': 'Chiplet_3', 'connection_type': '2.5d_rdl', 'loc': '2.5d_chiplet'},{'from': 'Chiplet_1', 'to': 'Chiplet_4', 'connection_type': '2.5d_rdl', 'loc': '2.5d_chiplet'},{'from': 'Chiplet_4', 'to': 'Chiplet_5', 'connection_type': '2.5d_rdl', 'loc': '2.5d_chiplet'},{'from': 'Chiplet_4', 'to': 'Chiplet_3', 'connection_type': '2.5d_rdl', 'loc': '2.5d_chiplet'},{'from': 'Chiplet_4', 'to': 'Chiplet_1', 'connection_type': '2.5d_rdl', 'loc': '2.5d_chiplet'},{'from': 'Chiplet_5', 'to': 'Chiplet_1', 'connection_type': '2.5d_rdl', 'loc': '2.5d_chiplet'},{'from': 'Chiplet_5', 'to': 'Chiplet_4', 'connection_type': '2.5d_rdl', 'loc': '2.5d_chiplet'}",4,2,5,3,1,1,hbm2,ucie_std,na,1,0,ws,0,0,0
185,14.148540441162194,1520980.68,36615.46544142462,1527740634.4974906,3918966.786553496,1099024.0145437063,185,1.5385781800824634,3.1172648505374996,1024,96x96,10,3.2571509657793953,3.8395579270749995,1536,96x96,14,0.743226759447044,1.3845915837374998,512,64x64,10,1.7117881800824635,3.1172648505374996,1536,96x96,10,1.4141952089375351,1.7054115854749998,512,64x64,14,1.743774000637535,1.7054115854749998,1024,64x64,14,2.5d,"{'from': 'Chiplet_2', 'to': 'Chiplet_3', 'connection_type': '2.5d_rdl', 'loc': '2.5d_chiplet'},{'from': 'Chiplet_2', 'to': 'Chiplet_1', 'connection_type': '2.5d_rdl', 'loc': '2.5d_chiplet'},{'from': 'Chiplet_2', 'to': 'Chiplet_6', 'connection_type': '2.5d_rdl', 'loc': '2.5d_chiplet'},{'from': 'Chiplet_2', 'to': 'Chiplet_4', 'connection_type': '2.5d_rdl', 'loc': '2.5d_chiplet'},{'from': 'Chiplet_1', 'to': 'Chiplet_3', 'connection_type': '2.5d_rdl', 'loc': '2.5d_chiplet'},{'from': 'Chiplet_1', 'to': 'Chiplet_2', 'connection_type': '2.5d_rdl', 'loc': '2.5d_chiplet'},{'from': 'Chiplet_3', 'to': 'Chiplet_1', 'connection_type': '2.5d_rdl', 'loc': '2.5d_chiplet'},{'from': 'Chiplet_3', 'to': 'Chiplet_2', 'connection_type': '2.5d_rdl', 'loc': '2.5d_chiplet'},{'from': 'Chiplet_6', 'to': 'Chiplet_5', 'connection_type': '2.5d_rdl', 'loc': '2.5d_chiplet'},{'from': 'Chiplet_6', 'to': 'Chiplet_2', 'connection_type': '2.5d_rdl', 'loc': '2.5d_chiplet'},{'from': 'Chiplet_6', 'to': 'Chiplet_4', 'connection_type': '2.5d_rdl', 'loc': '2.5d_chiplet'},{'from': 'Chiplet_4', 'to': 'Chiplet_5', 'connection_type': '2.5d_rdl', 'loc': '2.5d_chiplet'},{'from': 'Chiplet_4', 'to': 'Chiplet_6', 'connection_type': '2.5d_rdl', 'loc': '2.5d_chiplet'},{'from': 'Chiplet_4', 'to': 'Chiplet_2', 'connection_type': '2.5d_rdl', 'loc': '2.5d_chiplet'},{'from': 'Chiplet_5', 'to': 'Chiplet_6', 'connection_type': '2.5d_rdl', 'loc': '2.5d_chiplet'},{'from': 'Chiplet_5', 'to': 'Chiplet_4', 'connection_type': '2.5d_rdl', 'loc': '2.5d_chiplet'}",2,5,1,3,2,3,hbm3,ucie_std,na,0,0,ws,1,0,0
186,26.661509087912574,3517724.25,139147.0575280851,3642953400.3397956,491018.6654354078,370472.9513435554,186,0.957922696,2.51875,1024,96x96,7,1.578984604787535,1.7054115854749998,768,64x64,14,14.117807839976791,15.979573171754398,6144,192x192,14,2.55521354,4.475,4096,128x128,7,1.51595254,4.475,1024,128x128,7,2.20879254,4.475,3072,128x128,7,2.5d_3d,"{'from': 'Chiplet_4', 'to': 'Chiplet_2', 'connection_type': '3d_tsv', 'loc': 'stack0_base'},{'from': 'Chiplet_2', 'to': 'Chiplet_1', 'connection_type': '3d_tsv', 'loc': 'stack0_middle1'},{'from': 'Chiplet_1', 'to': 'na', 'connection_type': '3d_tsv', 'loc': 'stack0_top'},{'from': 'Chiplet_3', 'to': 'Chiplet_6', 'connection_type': '2.5d_emib', 'loc': '2.5d_chiplet'},{'from': 'Chiplet_3', 'to': 'Chiplet_4', 'connection_type': '2.5d_emib', 'loc': '2.5d_chiplet'},{'from': 'Chiplet_4', 'to': 'Chiplet_5', 'connection_type': '2.5d_emib', 'loc': '2.5d_chiplet'},{'from': 'Chiplet_4', 'to': 'Chiplet_3', 'connection_type': '2.5d_emib', 'loc': '2.5d_chiplet'},{'from': 'Chiplet_4', 'to': 'Chiplet_6', 'connection_type': '2.5d_emib', 'loc': '2.5d_chiplet'},{'from': 'Chiplet_6', 'to': 'Chiplet_5', 'connection_type': '2.5d_emib', 'loc': '2.5d_chiplet'},{'from': 'Chiplet_6', 'to': 'Chiplet_3', 'connection_type': '2.5d_emib', 'loc': '2.5d_chiplet'},{'from': 'Chiplet_6', 'to': 'Chiplet_4', 'connection_type': '2.5d_emib', 'loc': '2.5d_chiplet'},{'from': 'Chiplet_5', 'to': 'Chiplet_6', 'connection_type': '2.5d_emib', 'loc': '2.5d_chiplet'},{'from': 'Chiplet_5', 'to': 'Chiplet_4', 'connection_type': '2.5d_emib', 'loc': '2.5d_chiplet'}",1,1,3,1,1,1,ddr5,bow,ucie_3d,0,0,os,1,0,0
187,32.29039578533052,4830741.89,164841.15362518988,2343662494.7335377,403528.7142286257,308125.97931753134,187,0.46559300000000003,1.11875,512,64x64,7,1.8849981800824636,3.1172648505374996,2048,96x96,10,0.957922696,2.51875,1024,96x96,7,14.117807839976791,15.979573171754398,6144,192x192,14,5.5109919519999995,10.4826,8192,192x192,7,1.131132696,2.51875,1536,96x96,7,2.5d_3d,"{'from': 'Chiplet_3', 'to': 'Chiplet_1', 'connection_type': '3d_u_bump', 'loc': 'stack0_base'},{'from': 'Chiplet_1', 'to': 'na', 'connection_type': '3d_u_bump', 'loc': 'stack0_top'},{'from': 'Chiplet_4', 'to': 'Chiplet_5', 'connection_type': '2.5d_emib', 'loc': '2.5d_chiplet'},{'from': 'Chiplet_4', 'to': 'Chiplet_2', 'connection_type': '2.5d_emib', 'loc': '2.5d_chiplet'},{'from': 'Chiplet_5', 'to': 'Chiplet_6', 'connection_type': '2.5d_emib', 'loc': '2.5d_chiplet'},{'from': 'Chiplet_5', 'to': 'Chiplet_2', 'connection_type': '2.5d_emib', 'loc': '2.5d_chiplet'},{'from': 'Chiplet_5', 'to': 'Chiplet_4', 'connection_type': '2.5d_emib', 'loc': '2.5d_chiplet'},{'from': 'Chiplet_2', 'to': 'Chiplet_5', 'connection_type': '2.5d_emib', 'loc': '2.5d_chiplet'},{'from': 'Chiplet_2', 'to': 'Chiplet_3', 'connection_type': '2.5d_emib', 'loc': '2.5d_chiplet'},{'from': 'Chiplet_2', 'to': 'Chiplet_6', 'connection_type': '2.5d_emib', 'loc': '2.5d_chiplet'},{'from': 'Chiplet_2', 'to': 'Chiplet_4', 'connection_type': '2.5d_emib', 'loc': '2.5d_chiplet'},{'from': 'Chiplet_6', 'to': 'Chiplet_5', 'connection_type': '2.5d_emib', 'loc': '2.5d_chiplet'},{'from': 'Chiplet_6', 'to': 'Chiplet_2', 'connection_type': '2.5d_emib', 'loc': '2.5d_chiplet'},{'from': 'Chiplet_6', 'to': 'Chiplet_3', 'connection_type': '2.5d_emib', 'loc': '2.5d_chiplet'},{'from': 'Chiplet_3', 'to': 'Chiplet_6', 'connection_type': '2.5d_emib', 'loc': '2.5d_chiplet'},{'from': 'Chiplet_3', 'to': 'Chiplet_2', 'connection_type': '2.5d_emib', 'loc': '2.5d_chiplet'}",1,1,1,9,3,1,hbm2,aib,ucie_3d,0,0,is,1,0,0
188,15.198834891058121,2788663.08,121505.23849183481,2685556904.7448273,132501.11111111112,106816.99883916261,188,1.4141952089375351,1.7054115854749998,512,64x64,14,2.20879254,4.475,3072,128x128,7,6.975099908490179,6.821646341899999,4096,128x128,14,2.972908090547913,5.538366334949999,2048,128x128,10,0.957922696,2.51875,1024,96x96,7,1.131132696,2.51875,1536,96x96,7,2.5d_3d,"{'from': 'Chiplet_3', 'to': 'Chiplet_4', 'connection_type': '3d_u_bump', 'loc': 'stack0_base'},{'from': 'Chiplet_4', 'to': 'Chiplet_1', 'connection_type': '3d_u_bump', 'loc': 'stack0_middle1'},{'from': 'Chiplet_1', 'to': 'na', 'connection_type': '3d_u_bump', 'loc': 'stack0_top'},{'from': 'Chiplet_3', 'to': 'Chiplet_6', 'connection_type': '2.5d_emib', 'loc': '2.5d_chiplet'},{'from': 'Chiplet_3', 'to': 'Chiplet_2', 'connection_type': '2.5d_emib', 'loc': '2.5d_chiplet'},{'from': 'Chiplet_2', 'to': 'Chiplet_5', 'connection_type': '2.5d_emib', 'loc': '2.5d_chiplet'},{'from': 'Chiplet_2', 'to': 'Chiplet_3', 'connection_type': '2.5d_emib', 'loc': '2.5d_chiplet'},{'from': 'Chiplet_2', 'to': 'Chiplet_6', 'connection_type': '2.5d_emib', 'loc': '2.5d_chiplet'},{'from': 'Chiplet_6', 'to': 'Chiplet_5', 'connection_type': '2.5d_emib', 'loc': '2.5d_chiplet'},{'from': 'Chiplet_6', 'to': 'Chiplet_3', 'connection_type': '2.5d_emib', 'loc': '2.5d_chiplet'},{'from': 'Chiplet_6', 'to': 'Chiplet_2', 'connection_type': '2.5d_emib', 'loc': '2.5d_chiplet'},{'from': 'Chiplet_5', 'to': 'Chiplet_6', 'connection_type': '2.5d_emib', 'loc': '2.5d_chiplet'},{'from': 'Chiplet_5', 'to': 'Chiplet_2', 'connection_type': '2.5d_emib', 'loc': '2.5d_chiplet'}",2,2,7,3,1,1,hbm2,aib,ucie_3d,0,0,ws,0,0,0
189,55.97088813859852,4899331.63,90822.843552398,1755026503.9638014,1105117.8255937486,809145.786786446,189,0.656621759447044,1.3845915837374998,256,64x64,10,5.656782838920179,6.821646341899999,2048,128x128,14,3.665749090547913,5.538366334949999,4096,128x128,10,14.117807839976791,15.979573171754398,6144,192x192,14,4.9976252555201786,6.821646341899999,1024,128x128,14,1.249405813087535,1.7054115854749998,256,64x64,14,2.5d,"{'from': 'Chiplet_4', 'to': 'Chiplet_6', 'connection_type': '2.5d_rdl', 'loc': '2.5d_chiplet'},{'from': 'Chiplet_4', 'to': 'Chiplet_2', 'connection_type': '2.5d_rdl', 'loc': '2.5d_chiplet'},{'from': 'Chiplet_6', 'to': 'Chiplet_5', 'connection_type': '2.5d_rdl', 'loc': '2.5d_chiplet'},{'from': 'Chiplet_6', 'to': 'Chiplet_2', 'connection_type': '2.5d_rdl', 'loc': '2.5d_chiplet'},{'from': 'Chiplet_6', 'to': 'Chiplet_4', 'connection_type': '2.5d_rdl', 'loc': '2.5d_chiplet'},{'from': 'Chiplet_2', 'to': 'Chiplet_5', 'connection_type': '2.5d_rdl', 'loc': '2.5d_chiplet'},{'from': 'Chiplet_2', 'to': 'Chiplet_1', 'connection_type': '2.5d_rdl', 'loc': '2.5d_chiplet'},{'from': 'Chiplet_2', 'to': 'Chiplet_6', 'connection_type': '2.5d_rdl', 'loc': '2.5d_chiplet'},{'from': 'Chiplet_2', 'to': 'Chiplet_4', 'connection_type': '2.5d_rdl', 'loc': '2.5d_chiplet'},{'from': 'Chiplet_2', 'to': 'Chiplet_3', 'connection_type': '2.5d_rdl', 'loc': '2.5d_chiplet'},{'from': 'Chiplet_1', 'to': 'Chiplet_3', 'connection_type': '2.5d_rdl', 'loc': '2.5d_chiplet'},{'from': 'Chiplet_1', 'to': 'Chiplet_2', 'connection_type': '2.5d_rdl', 'loc': '2.5d_chiplet'},{'from': 'Chiplet_5', 'to': 'Chiplet_3', 'connection_type': '2.5d_rdl', 'loc': '2.5d_chiplet'},{'from': 'Chiplet_5', 'to': 'Chiplet_6', 'connection_type': '2.5d_rdl', 'loc': '2.5d_chiplet'},{'from': 'Chiplet_5', 'to': 'Chiplet_2', 'connection_type': '2.5d_rdl', 'loc': '2.5d_chiplet'},{'from': 'Chiplet_3', 'to': 'Chiplet_5', 'connection_type': '2.5d_rdl', 'loc': '2.5d_chiplet'},{'from': 'Chiplet_3', 'to': 'Chiplet_1', 'connection_type': '2.5d_rdl', 'loc': '2.5d_chiplet'},{'from': 'Chiplet_3', 'to': 'Chiplet_2', 'connection_type': '2.5d_rdl', 'loc': '2.5d_chiplet'}",1,3,2,7,2,1,hbm3,ucie_std,na,1,0,os,1,0,0
190,56.548421762475044,4336765.74,94113.60031644505,4302924625.971434,986490.4418027203,878952.8503458911,190,1.8849981800824636,3.1172648505374996,2048,96x96,10,2.927572174079395,3.8395579270749995,1024,96x96,14,5.656782838920179,6.821646341899999,2048,128x128,14,12.799492673176792,15.979573171754398,4096,192x192,14,0.916436759447044,1.3845915837374998,1024,64x64,10,6.033899457366197,12.973514847541198,2048,192x192,10,2.5d,"{'from': 'Chiplet_4', 'to': 'Chiplet_1', 'connection_type': '2.5d_rdl', 'loc': '2.5d_chiplet'},{'from': 'Chiplet_4', 'to': 'Chiplet_6', 'connection_type': '2.5d_rdl', 'loc': '2.5d_chiplet'},{'from': 'Chiplet_1', 'to': 'Chiplet_3', 'connection_type': '2.5d_rdl', 'loc': '2.5d_chiplet'},{'from': 'Chiplet_1', 'to': 'Chiplet_6', 'connection_type': '2.5d_rdl', 'loc': '2.5d_chiplet'},{'from': 'Chiplet_1', 'to': 'Chiplet_4', 'connection_type': '2.5d_rdl', 'loc': '2.5d_chiplet'},{'from': 'Chiplet_6', 'to': 'Chiplet_5', 'connection_type': '2.5d_rdl', 'loc': '2.5d_chiplet'},{'from': 'Chiplet_6', 'to': 'Chiplet_1', 'connection_type': '2.5d_rdl', 'loc': '2.5d_chiplet'},{'from': 'Chiplet_6', 'to': 'Chiplet_4', 'connection_type': '2.5d_rdl', 'loc': '2.5d_chiplet'},{'from': 'Chiplet_6', 'to': 'Chiplet_3', 'connection_type': '2.5d_rdl', 'loc': '2.5d_chiplet'},{'from': 'Chiplet_5', 'to': 'Chiplet_6', 'connection_type': '2.5d_rdl', 'loc': '2.5d_chiplet'},{'from': 'Chiplet_5', 'to': 'Chiplet_2', 'connection_type': '2.5d_rdl', 'loc': '2.5d_chiplet'},{'from': 'Chiplet_3', 'to': 'Chiplet_1', 'connection_type': '2.5d_rdl', 'loc': '2.5d_chiplet'},{'from': 'Chiplet_3', 'to': 'Chiplet_2', 'connection_type': '2.5d_rdl', 'loc': '2.5d_chiplet'},{'from': 'Chiplet_3', 'to': 'Chiplet_6', 'connection_type': '2.5d_rdl', 'loc': '2.5d_chiplet'},{'from': 'Chiplet_2', 'to': 'Chiplet_5', 'connection_type': '2.5d_rdl', 'loc': '2.5d_chiplet'},{'from': 'Chiplet_2', 'to': 'Chiplet_3', 'connection_type': '2.5d_rdl', 'loc': '2.5d_chiplet'}",1,1,1,3,1,1,ddr4,ucie_std,na,1,0,ws,1,0,0
191,24.664163237293128,2445393.24,52926.05998960628,1893501914.8835726,1278706.2211630791,561383.6329031958,191,1.3653681800824635,3.1172648505374996,512,96x96,10,0.656621759447044,1.3845915837374998,256,64x64,10,5.656782838920179,6.821646341899999,2048,128x128,14,1.4141952089375351,1.7054115854749998,512,64x64,14,3.3193280905479132,5.538366334949999,3072,128x128,10,3.5867297574793953,3.8395579270749995,2048,96x96,14,2.5d,"{'from': 'Chiplet_3', 'to': 'Chiplet_5', 'connection_type': '2.5d_rdl', 'loc': '2.5d_chiplet'},{'from': 'Chiplet_3', 'to': 'Chiplet_6', 'connection_type': '2.5d_rdl', 'loc': '2.5d_chiplet'},{'from': 'Chiplet_3', 'to': 'Chiplet_4', 'connection_type': '2.5d_rdl', 'loc': '2.5d_chiplet'},{'from': 'Chiplet_3', 'to': 'Chiplet_2', 'connection_type': '2.5d_rdl', 'loc': '2.5d_chiplet'},{'from': 'Chiplet_4', 'to': 'Chiplet_3', 'connection_type': '2.5d_rdl', 'loc': '2.5d_chiplet'},{'from': 'Chiplet_4', 'to': 'Chiplet_2', 'connection_type': '2.5d_rdl', 'loc': '2.5d_chiplet'},{'from': 'Chiplet_2', 'to': 'Chiplet_3', 'connection_type': '2.5d_rdl', 'loc': '2.5d_chiplet'},{'from': 'Chiplet_2', 'to': 'Chiplet_4', 'connection_type': '2.5d_rdl', 'loc': '2.5d_chiplet'},{'from': 'Chiplet_6', 'to': 'Chiplet_5', 'connection_type': '2.5d_rdl', 'loc': '2.5d_chiplet'},{'from': 'Chiplet_6', 'to': 'Chiplet_3', 'connection_type': '2.5d_rdl', 'loc': '2.5d_chiplet'},{'from': 'Chiplet_6', 'to': 'Chiplet_1', 'connection_type': '2.5d_rdl', 'loc': '2.5d_chiplet'},{'from': 'Chiplet_5', 'to': 'Chiplet_3', 'connection_type': '2.5d_rdl', 'loc': '2.5d_chiplet'},{'from': 'Chiplet_5', 'to': 'Chiplet_1', 'connection_type': '2.5d_rdl', 'loc': '2.5d_chiplet'},{'from': 'Chiplet_5', 'to': 'Chiplet_6', 'connection_type': '2.5d_rdl', 'loc': '2.5d_chiplet'},{'from': 'Chiplet_1', 'to': 'Chiplet_5', 'connection_type': '2.5d_rdl', 'loc': '2.5d_chiplet'},{'from': 'Chiplet_1', 'to': 'Chiplet_6', 'connection_type': '2.5d_rdl', 'loc': '2.5d_chiplet'}",1,1,6,1,3,4,hbm2,ucie_std,na,1,0,ws,1,0,0
192,20.59373702340253,3515568.2,92040.27933023535,4856174683.167393,82033.14180929096,146760.72538601005,192,7.419580457366196,12.973514847541198,6144,192x192,10,2.597993382379395,3.8395579270749995,512,96x96,14,2.927572174079395,3.8395579270749995,1024,96x96,14,5.5109919519999995,10.4826,8192,192x192,7,2.597993382379395,3.8395579270749995,512,96x96,14,1.3653681800824635,3.1172648505374996,512,96x96,10,2.5d_3d,"{'from': 'Chiplet_1', 'to': 'Chiplet_3', 'connection_type': '3d_hyb_bond', 'loc': 'stack0_base'},{'from': 'Chiplet_3', 'to': 'Chiplet_5', 'connection_type': '3d_hyb_bond', 'loc': 'stack0_middle1'},{'from': 'Chiplet_5', 'to': 'Chiplet_2', 'connection_type': '3d_hyb_bond', 'loc': 'stack0_middle2'},{'from': 'Chiplet_2', 'to': 'na', 'connection_type': '3d_hyb_bond', 'loc': 'stack0_top'},{'from': 'Chiplet_1', 'to': 'Chiplet_6', 'connection_type': '2.5d_rdl', 'loc': '2.5d_chiplet'},{'from': 'Chiplet_1', 'to': 'Chiplet_4', 'connection_type': '2.5d_rdl', 'loc': '2.5d_chiplet'},{'from': 'Chiplet_4', 'to': 'Chiplet_1', 'connection_type': '2.5d_rdl', 'loc': '2.5d_chiplet'},{'from': 'Chiplet_4', 'to': 'Chiplet_6', 'connection_type': '2.5d_rdl', 'loc': '2.5d_chiplet'},{'from': 'Chiplet_6', 'to': 'Chiplet_1', 'connection_type': '2.5d_rdl', 'loc': '2.5d_chiplet'},{'from': 'Chiplet_6', 'to': 'Chiplet_4', 'connection_type': '2.5d_rdl', 'loc': '2.5d_chiplet'}",2,1,1,2,1,1,ddr5,ucie_std,ucie_3d,1,0,is,0,0,0
193,13.874161140577685,2225183.56,108378.50373706511,1466549060.426567,1041173.9518561695,407767.2055674094,193,0.656621759447044,1.3845915837374998,256,64x64,10,0.957922696,2.51875,1024,96x96,7,0.46559300000000003,1.11875,512,64x64,7,4.9976252555201786,6.821646341899999,1024,128x128,14,1.131132696,2.51875,1536,96x96,7,3.665749090547913,5.538366334949999,4096,128x128,10,2.5d_3d,"{'from': 'Chiplet_2', 'to': 'Chiplet_1', 'connection_type': '3d_u_bump', 'loc': 'stack0_base'},{'from': 'Chiplet_1', 'to': 'Chiplet_3', 'connection_type': '3d_u_bump', 'loc': 'stack0_middle1'},{'from': 'Chiplet_3', 'to': 'na', 'connection_type': '3d_u_bump', 'loc': 'stack0_top'},{'from': 'Chiplet_4', 'to': 'Chiplet_5', 'connection_type': '2.5d_emib', 'loc': '2.5d_chiplet'},{'from': 'Chiplet_4', 'to': 'Chiplet_6', 'connection_type': '2.5d_emib', 'loc': '2.5d_chiplet'},{'from': 'Chiplet_6', 'to': 'Chiplet_5', 'connection_type': '2.5d_emib', 'loc': '2.5d_chiplet'},{'from': 'Chiplet_6', 'to': 'Chiplet_2', 'connection_type': '2.5d_emib', 'loc': '2.5d_chiplet'},{'from': 'Chiplet_6', 'to': 'Chiplet_4', 'connection_type': '2.5d_emib', 'loc': '2.5d_chiplet'},{'from': 'Chiplet_5', 'to': 'Chiplet_6', 'connection_type': '2.5d_emib', 'loc': '2.5d_chiplet'},{'from': 'Chiplet_5', 'to': 'Chiplet_2', 'connection_type': '2.5d_emib', 'loc': '2.5d_chiplet'},{'from': 'Chiplet_5', 'to': 'Chiplet_4', 'connection_type': '2.5d_emib', 'loc': '2.5d_chiplet'},{'from': 'Chiplet_2', 'to': 'Chiplet_5', 'connection_type': '2.5d_emib', 'loc': '2.5d_chiplet'},{'from': 'Chiplet_2', 'to': 'Chiplet_6', 'connection_type': '2.5d_emib', 'loc': '2.5d_chiplet'}",1,1,1,7,1,5,hbm3,aib,ucie_3d,1,0,os,1,0,0
194,29.549933809352723,3958593.43,87263.2095751873,1839198191.7339473,837690.2232763164,611474.4375133709,194,6.315940422320179,6.821646341899999,3072,128x128,14,2.20879254,4.475,3072,128x128,7,0.743226759447044,1.3845915837374998,512,64x64,10,0.743226759447044,1.3845915837374998,512,64x64,10,6.726740457366197,12.973514847541198,4096,192x192,10,4.818150952,10.4826,6144,192x192,7,2.5d,"{'from': 'Chiplet_5', 'to': 'Chiplet_3', 'connection_type': '2.5d_rdl', 'loc': '2.5d_chiplet'},{'from': 'Chiplet_5', 'to': 'Chiplet_1', 'connection_type': '2.5d_rdl', 'loc': '2.5d_chiplet'},{'from': 'Chiplet_5', 'to': 'Chiplet_2', 'connection_type': '2.5d_rdl', 'loc': '2.5d_chiplet'},{'from': 'Chiplet_2', 'to': 'Chiplet_5', 'connection_type': '2.5d_rdl', 'loc': '2.5d_chiplet'},{'from': 'Chiplet_2', 'to': 'Chiplet_3', 'connection_type': '2.5d_rdl', 'loc': '2.5d_chiplet'},{'from': 'Chiplet_2', 'to': 'Chiplet_4', 'connection_type': '2.5d_rdl', 'loc': '2.5d_chiplet'},{'from': 'Chiplet_3', 'to': 'Chiplet_5', 'connection_type': '2.5d_rdl', 'loc': '2.5d_chiplet'},{'from': 'Chiplet_3', 'to': 'Chiplet_6', 'connection_type': '2.5d_rdl', 'loc': '2.5d_chiplet'},{'from': 'Chiplet_3', 'to': 'Chiplet_2', 'connection_type': '2.5d_rdl', 'loc': '2.5d_chiplet'},{'from': 'Chiplet_3', 'to': 'Chiplet_4', 'connection_type': '2.5d_rdl', 'loc': '2.5d_chiplet'},{'from': 'Chiplet_4', 'to': 'Chiplet_3', 'connection_type': '2.5d_rdl', 'loc': '2.5d_chiplet'},{'from': 'Chiplet_4', 'to': 'Chiplet_6', 'connection_type': '2.5d_rdl', 'loc': '2.5d_chiplet'},{'from': 'Chiplet_4', 'to': 'Chiplet_2', 'connection_type': '2.5d_rdl', 'loc': '2.5d_chiplet'},{'from': 'Chiplet_1', 'to': 'Chiplet_5', 'connection_type': '2.5d_rdl', 'loc': '2.5d_chiplet'},{'from': 'Chiplet_1', 'to': 'Chiplet_6', 'connection_type': '2.5d_rdl', 'loc': '2.5d_chiplet'},{'from': 'Chiplet_6', 'to': 'Chiplet_3', 'connection_type': '2.5d_rdl', 'loc': '2.5d_chiplet'},{'from': 'Chiplet_6', 'to': 'Chiplet_1', 'connection_type': '2.5d_rdl', 'loc': '2.5d_chiplet'},{'from': 'Chiplet_6', 'to': 'Chiplet_4', 'connection_type': '2.5d_rdl', 'loc': '2.5d_chiplet'}",5,1,1,1,5,3,hbm3,ucie_std,na,0,0,is,1,0,0
195,47.29332066109351,3743097.83,85876.04292769181,6507825078.18494,94955.06535947711,187252.35010188285,195,2.6264880905479133,5.538366334949999,1024,128x128,10,1.578984604787535,1.7054115854749998,768,64x64,14,12.799492673176792,15.979573171754398,4096,192x192,14,1.3653681800824635,3.1172648505374996,512,96x96,10,5.656782838920179,6.821646341899999,2048,128x128,14,3.3193280905479132,5.538366334949999,3072,128x128,10,2.5d,"{'from': 'Chiplet_3', 'to': 'Chiplet_5', 'connection_type': '2.5d_rdl', 'loc': '2.5d_chiplet'},{'from': 'Chiplet_3', 'to': 'Chiplet_4', 'connection_type': '2.5d_rdl', 'loc': '2.5d_chiplet'},{'from': 'Chiplet_4', 'to': 'Chiplet_5', 'connection_type': '2.5d_rdl', 'loc': '2.5d_chiplet'},{'from': 'Chiplet_4', 'to': 'Chiplet_3', 'connection_type': '2.5d_rdl', 'loc': '2.5d_chiplet'},{'from': 'Chiplet_5', 'to': 'Chiplet_1', 'connection_type': '2.5d_rdl', 'loc': '2.5d_chiplet'},{'from': 'Chiplet_5', 'to': 'Chiplet_6', 'connection_type': '2.5d_rdl', 'loc': '2.5d_chiplet'},{'from': 'Chiplet_5', 'to': 'Chiplet_2', 'connection_type': '2.5d_rdl', 'loc': '2.5d_chiplet'},{'from': 'Chiplet_5', 'to': 'Chiplet_4', 'connection_type': '2.5d_rdl', 'loc': '2.5d_chiplet'},{'from': 'Chiplet_5', 'to': 'Chiplet_3', 'connection_type': '2.5d_rdl', 'loc': '2.5d_chiplet'},{'from': 'Chiplet_2', 'to': 'Chiplet_5', 'connection_type': '2.5d_rdl', 'loc': '2.5d_chiplet'},{'from': 'Chiplet_2', 'to': 'Chiplet_1', 'connection_type': '2.5d_rdl', 'loc': '2.5d_chiplet'},{'from': 'Chiplet_6', 'to': 'Chiplet_5', 'connection_type': '2.5d_rdl', 'loc': '2.5d_chiplet'},{'from': 'Chiplet_6', 'to': 'Chiplet_1', 'connection_type': '2.5d_rdl', 'loc': '2.5d_chiplet'},{'from': 'Chiplet_1', 'to': 'Chiplet_5', 'connection_type': '2.5d_rdl', 'loc': '2.5d_chiplet'},{'from': 'Chiplet_1', 'to': 'Chiplet_6', 'connection_type': '2.5d_rdl', 'loc': '2.5d_chiplet'},{'from': 'Chiplet_1', 'to': 'Chiplet_2', 'connection_type': '2.5d_rdl', 'loc': '2.5d_chiplet'}",1,1,3,1,1,1,ddr4,ucie_std,na,1,0,ws,0,0,0
196,31.018643288907505,3203327.68,176482.0888620235,4735089127.174356,444247.647505062,345482.72324768925,196,2.55521354,4.475,4096,128x128,7,3.5867297574793953,3.8395579270749995,2048,96x96,14,0.638803,1.11875,1024,64x64,7,1.7117881800824635,3.1172648505374996,1536,96x96,10,14.117807839976791,15.979573171754398,6144,192x192,14,1.3653681800824635,3.1172648505374996,512,96x96,10,2.5d,"{'from': 'Chiplet_5', 'to': 'Chiplet_1', 'connection_type': '2.5d_emib', 'loc': '2.5d_chiplet'},{'from': 'Chiplet_5', 'to': 'Chiplet_2', 'connection_type': '2.5d_emib', 'loc': '2.5d_chiplet'},{'from': 'Chiplet_2', 'to': 'Chiplet_5', 'connection_type': '2.5d_emib', 'loc': '2.5d_chiplet'},{'from': 'Chiplet_2', 'to': 'Chiplet_1', 'connection_type': '2.5d_emib', 'loc': '2.5d_chiplet'},{'from': 'Chiplet_2', 'to': 'Chiplet_6', 'connection_type': '2.5d_emib', 'loc': '2.5d_chiplet'},{'from': 'Chiplet_2', 'to': 'Chiplet_4', 'connection_type': '2.5d_emib', 'loc': '2.5d_chiplet'},{'from': 'Chiplet_6', 'to': 'Chiplet_2', 'connection_type': '2.5d_emib', 'loc': '2.5d_chiplet'},{'from': 'Chiplet_6', 'to': 'Chiplet_4', 'connection_type': '2.5d_emib', 'loc': '2.5d_chiplet'},{'from': 'Chiplet_1', 'to': 'Chiplet_5', 'connection_type': '2.5d_emib', 'loc': '2.5d_chiplet'},{'from': 'Chiplet_1', 'to': 'Chiplet_2', 'connection_type': '2.5d_emib', 'loc': '2.5d_chiplet'},{'from': 'Chiplet_1', 'to': 'Chiplet_4', 'connection_type': '2.5d_emib', 'loc': '2.5d_chiplet'},{'from': 'Chiplet_1', 'to': 'Chiplet_3', 'connection_type': '2.5d_emib', 'loc': '2.5d_chiplet'},{'from': 'Chiplet_4', 'to': 'Chiplet_3', 'connection_type': '2.5d_emib', 'loc': '2.5d_chiplet'},{'from': 'Chiplet_4', 'to': 'Chiplet_1', 'connection_type': '2.5d_emib', 'loc': '2.5d_chiplet'},{'from': 'Chiplet_4', 'to': 'Chiplet_2', 'connection_type': '2.5d_emib', 'loc': '2.5d_chiplet'},{'from': 'Chiplet_4', 'to': 'Chiplet_6', 'connection_type': '2.5d_emib', 'loc': '2.5d_chiplet'},{'from': 'Chiplet_3', 'to': 'Chiplet_1', 'connection_type': '2.5d_emib', 'loc': '2.5d_chiplet'},{'from': 'Chiplet_3', 'to': 'Chiplet_4', 'connection_type': '2.5d_emib', 'loc': '2.5d_chiplet'}",1,1,1,1,3,1,ddr4,bow,na,0,0,is,1,0,0
197,29.53658733776328,4421148.5,139187.35548402523,6620200017.171226,74054.80392156863,185631.0945798505,197,4.818150952,10.4826,6144,192x192,7,2.597993382379395,3.8395579270749995,512,96x96,14,11.481175603606792,15.979573171754398,2048,192x192,14,0.638803,1.11875,1024,64x64,7,1.131132696,2.51875,1536,96x96,7,6.726740457366197,12.973514847541198,4096,192x192,10,2.5d_3d,"{'from': 'Chiplet_1', 'to': 'Chiplet_2', 'connection_type': '3d_hyb_bond', 'loc': 'stack0_base'},{'from': 'Chiplet_2', 'to': 'Chiplet_5', 'connection_type': '3d_hyb_bond', 'loc': 'stack0_middle1'},{'from': 'Chiplet_5', 'to': 'Chiplet_4', 'connection_type': '3d_hyb_bond', 'loc': 'stack0_middle2'},{'from': 'Chiplet_4', 'to': 'na', 'connection_type': '3d_hyb_bond', 'loc': 'stack0_top'},{'from': 'Chiplet_3', 'to': 'Chiplet_1', 'connection_type': '2.5d_emib', 'loc': '2.5d_chiplet'},{'from': 'Chiplet_3', 'to': 'Chiplet_6', 'connection_type': '2.5d_emib', 'loc': '2.5d_chiplet'},{'from': 'Chiplet_6', 'to': 'Chiplet_3', 'connection_type': '2.5d_emib', 'loc': '2.5d_chiplet'},{'from': 'Chiplet_6', 'to': 'Chiplet_1', 'connection_type': '2.5d_emib', 'loc': '2.5d_chiplet'},{'from': 'Chiplet_1', 'to': 'Chiplet_3', 'connection_type': '2.5d_emib', 'loc': '2.5d_chiplet'},{'from': 'Chiplet_1', 'to': 'Chiplet_6', 'connection_type': '2.5d_emib', 'loc': '2.5d_chiplet'}",1,1,3,1,1,1,ddr4,aib,ucie_3d,1,0,ws,0,0,0
198,25.465653297788855,2977066.5,68589.22017828724,10264293037.04985,76414.97821350762,227315.69570338808,198,0.784712696,2.51875,512,96x96,7,3.665749090547913,5.538366334949999,4096,128x128,10,1.304342696,2.51875,2048,96x96,7,2.972908090547913,5.538366334949999,2048,128x128,10,6.975099908490179,6.821646341899999,4096,128x128,14,1.86237254,4.475,2048,128x128,7,2.5d_3d,"{'from': 'Chiplet_3', 'to': 'Chiplet_1', 'connection_type': '3d_u_bump', 'loc': 'stack0_base'},{'from': 'Chiplet_1', 'to': 'na', 'connection_type': '3d_u_bump', 'loc': 'stack0_top'},{'from': 'Chiplet_5', 'to': 'Chiplet_3', 'connection_type': '2.5d_rdl', 'loc': '2.5d_chiplet'},{'from': 'Chiplet_5', 'to': 'Chiplet_2', 'connection_type': '2.5d_rdl', 'loc': '2.5d_chiplet'},{'from': 'Chiplet_5', 'to': 'Chiplet_4', 'connection_type': '2.5d_rdl', 'loc': '2.5d_chiplet'},{'from': 'Chiplet_3', 'to': 'Chiplet_5', 'connection_type': '2.5d_rdl', 'loc': '2.5d_chiplet'},{'from': 'Chiplet_3', 'to': 'Chiplet_4', 'connection_type': '2.5d_rdl', 'loc': '2.5d_chiplet'},{'from': 'Chiplet_2', 'to': 'Chiplet_5', 'connection_type': '2.5d_rdl', 'loc': '2.5d_chiplet'},{'from': 'Chiplet_2', 'to': 'Chiplet_6', 'connection_type': '2.5d_rdl', 'loc': '2.5d_chiplet'},{'from': 'Chiplet_2', 'to': 'Chiplet_4', 'connection_type': '2.5d_rdl', 'loc': '2.5d_chiplet'},{'from': 'Chiplet_4', 'to': 'Chiplet_5', 'connection_type': '2.5d_rdl', 'loc': '2.5d_chiplet'},{'from': 'Chiplet_4', 'to': 'Chiplet_6', 'connection_type': '2.5d_rdl', 'loc': '2.5d_chiplet'},{'from': 'Chiplet_4', 'to': 'Chiplet_2', 'connection_type': '2.5d_rdl', 'loc': '2.5d_chiplet'},{'from': 'Chiplet_4', 'to': 'Chiplet_3', 'connection_type': '2.5d_rdl', 'loc': '2.5d_chiplet'},{'from': 'Chiplet_6', 'to': 'Chiplet_2', 'connection_type': '2.5d_rdl', 'loc': '2.5d_chiplet'},{'from': 'Chiplet_6', 'to': 'Chiplet_4', 'connection_type': '2.5d_rdl', 'loc': '2.5d_chiplet'}",1,1,1,1,3,1,ddr4,ucie_std,ucie_3d,0,0,os,0,0,0
199,23.129299756934724,3657315.24,78340.1104268557,1580761631.9799585,664510.6033366335,484864.28398178436,199,0.656621759447044,1.3845915837374998,256,64x64,10,1.8849981800824636,3.1172648505374996,2048,96x96,10,3.2571509657793953,3.8395579270749995,1536,96x96,14,0.957922696,2.51875,1024,96x96,7,3.432469952,10.4826,2048,192x192,7,12.799492673176792,15.979573171754398,4096,192x192,14,2.5d_3d,"{'from': 'Chiplet_6', 'to': 'Chiplet_5', 'connection_type': '3d_tsv', 'loc': 'stack0_base'},{'from': 'Chiplet_5', 'to': 'Chiplet_3', 'connection_type': '3d_tsv', 'loc': 'stack0_middle1'},{'from': 'Chiplet_3', 'to': 'na', 'connection_type': '3d_tsv', 'loc': 'stack0_top'},{'from': 'Chiplet_6', 'to': 'Chiplet_2', 'connection_type': '2.5d_rdl', 'loc': '2.5d_chiplet'},{'from': 'Chiplet_6', 'to': 'Chiplet_4', 'connection_type': '2.5d_rdl', 'loc': '2.5d_chiplet'},{'from': 'Chiplet_2', 'to': 'Chiplet_1', 'connection_type': '2.5d_rdl', 'loc': '2.5d_chiplet'},{'from': 'Chiplet_2', 'to': 'Chiplet_6', 'connection_type': '2.5d_rdl', 'loc': '2.5d_chiplet'},{'from': 'Chiplet_2', 'to': 'Chiplet_4', 'connection_type': '2.5d_rdl', 'loc': '2.5d_chiplet'},{'from': 'Chiplet_4', 'to': 'Chiplet_1', 'connection_type': '2.5d_rdl', 'loc': '2.5d_chiplet'},{'from': 'Chiplet_4', 'to': 'Chiplet_6', 'connection_type': '2.5d_rdl', 'loc': '2.5d_chiplet'},{'from': 'Chiplet_4', 'to': 'Chiplet_2', 'connection_type': '2.5d_rdl', 'loc': '2.5d_chiplet'},{'from': 'Chiplet_1', 'to': 'Chiplet_2', 'connection_type': '2.5d_rdl', 'loc': '2.5d_chiplet'},{'from': 'Chiplet_1', 'to': 'Chiplet_4', 'connection_type': '2.5d_rdl', 'loc': '2.5d_chiplet'}",1,1,2,1,2,9,hbm3,ucie_std,ucie_3d,1,0,ws,1,0,0
200,27.526896704012362,2877337.49,79418.95340049117,4480083271.542416,761872.2765829004,559989.0776859928,200,12.799492673176792,15.979573171754398,4096,192x192,14,1.578984604787535,1.7054115854749998,768,64x64,14,0.378988,1.11875,256,64x64,7,1.3653681800824635,3.1172648505374996,512,96x96,10,1.743774000637535,1.7054115854749998,1024,64x64,14,4.1253109519999995,10.4826,4096,192x192,7,2.5d,"{'from': 'Chiplet_1', 'to': 'Chiplet_5', 'connection_type': '2.5d_rdl', 'loc': '2.5d_chiplet'},{'from': 'Chiplet_1', 'to': 'Chiplet_6', 'connection_type': '2.5d_rdl', 'loc': '2.5d_chiplet'},{'from': 'Chiplet_6', 'to': 'Chiplet_5', 'connection_type': '2.5d_rdl', 'loc': '2.5d_chiplet'},{'from': 'Chiplet_6', 'to': 'Chiplet_3', 'connection_type': '2.5d_rdl', 'loc': '2.5d_chiplet'},{'from': 'Chiplet_6', 'to': 'Chiplet_1', 'connection_type': '2.5d_rdl', 'loc': '2.5d_chiplet'},{'from': 'Chiplet_6', 'to': 'Chiplet_2', 'connection_type': '2.5d_rdl', 'loc': '2.5d_chiplet'},{'from': 'Chiplet_3', 'to': 'Chiplet_6', 'connection_type': '2.5d_rdl', 'loc': '2.5d_chiplet'},{'from': 'Chiplet_3', 'to': 'Chiplet_2', 'connection_type': '2.5d_rdl', 'loc': '2.5d_chiplet'},{'from': 'Chiplet_5', 'to': 'Chiplet_1', 'connection_type': '2.5d_rdl', 'loc': '2.5d_chiplet'},{'from': 'Chiplet_5', 'to': 'Chiplet_2', 'connection_type': '2.5d_rdl', 'loc': '2.5d_chiplet'},{'from': 'Chiplet_5', 'to': 'Chiplet_4', 'connection_type': '2.5d_rdl', 'loc': '2.5d_chiplet'},{'from': 'Chiplet_5', 'to': 'Chiplet_6', 'connection_type': '2.5d_rdl', 'loc': '2.5d_chiplet'},{'from': 'Chiplet_2', 'to': 'Chiplet_5', 'connection_type': '2.5d_rdl', 'loc': '2.5d_chiplet'},{'from': 'Chiplet_2', 'to': 'Chiplet_6', 'connection_type': '2.5d_rdl', 'loc': '2.5d_chiplet'},{'from': 'Chiplet_2', 'to': 'Chiplet_4', 'connection_type': '2.5d_rdl', 'loc': '2.5d_chiplet'},{'from': 'Chiplet_2', 'to': 'Chiplet_3', 'connection_type': '2.5d_rdl', 'loc': '2.5d_chiplet'},{'from': 'Chiplet_4', 'to': 'Chiplet_5', 'connection_type': '2.5d_rdl', 'loc': '2.5d_chiplet'},{'from': 'Chiplet_4', 'to': 'Chiplet_2', 'connection_type': '2.5d_rdl', 'loc': '2.5d_chiplet'}",3,1,1,1,1,1,ddr4,ucie_std,na,0,0,ws,1,0,0
201,16.057069427634232,1817099.88,52621.91516169173,6558479199.785116,78363.19554848966,151015.7554180624,201,0.784712696,2.51875,512,96x96,7,0.552198,1.11875,768,64x64,7,1.743774000637535,1.7054115854749998,1024,64x64,14,8.112421457366196,12.973514847541198,8192,192x192,10,0.656621759447044,1.3845915837374998,256,64x64,10,0.656621759447044,1.3845915837374998,256,64x64,10,2.5d,"{'from': 'Chiplet_4', 'to': 'Chiplet_3', 'connection_type': '2.5d_rdl', 'loc': '2.5d_chiplet'},{'from': 'Chiplet_4', 'to': 'Chiplet_1', 'connection_type': '2.5d_rdl', 'loc': '2.5d_chiplet'},{'from': 'Chiplet_3', 'to': 'Chiplet_5', 'connection_type': '2.5d_rdl', 'loc': '2.5d_chiplet'},{'from': 'Chiplet_3', 'to': 'Chiplet_1', 'connection_type': '2.5d_rdl', 'loc': '2.5d_chiplet'},{'from': 'Chiplet_3', 'to': 'Chiplet_2', 'connection_type': '2.5d_rdl', 'loc': '2.5d_chiplet'},{'from': 'Chiplet_3', 'to': 'Chiplet_4', 'connection_type': '2.5d_rdl', 'loc': '2.5d_chiplet'},{'from': 'Chiplet_2', 'to': 'Chiplet_5', 'connection_type': '2.5d_rdl', 'loc': '2.5d_chiplet'},{'from': 'Chiplet_2', 'to': 'Chiplet_3', 'connection_type': '2.5d_rdl', 'loc': '2.5d_chiplet'},{'from': 'Chiplet_1', 'to': 'Chiplet_5', 'connection_type': '2.5d_rdl', 'loc': '2.5d_chiplet'},{'from': 'Chiplet_1', 'to': 'Chiplet_6', 'connection_type': '2.5d_rdl', 'loc': '2.5d_chiplet'},{'from': 'Chiplet_1', 'to': 'Chiplet_4', 'connection_type': '2.5d_rdl', 'loc': '2.5d_chiplet'},{'from': 'Chiplet_1', 'to': 'Chiplet_3', 'connection_type': '2.5d_rdl', 'loc': '2.5d_chiplet'},{'from': 'Chiplet_5', 'to': 'Chiplet_3', 'connection_type': '2.5d_rdl', 'loc': '2.5d_chiplet'},{'from': 'Chiplet_5', 'to': 'Chiplet_1', 'connection_type': '2.5d_rdl', 'loc': '2.5d_chiplet'},{'from': 'Chiplet_5', 'to': 'Chiplet_2', 'connection_type': '2.5d_rdl', 'loc': '2.5d_chiplet'},{'from': 'Chiplet_5', 'to': 'Chiplet_6', 'connection_type': '2.5d_rdl', 'loc': '2.5d_chiplet'},{'from': 'Chiplet_6', 'to': 'Chiplet_5', 'connection_type': '2.5d_rdl', 'loc': '2.5d_chiplet'},{'from': 'Chiplet_6', 'to': 'Chiplet_1', 'connection_type': '2.5d_rdl', 'loc': '2.5d_chiplet'}",1,1,1,3,1,1,ddr4,ucie_std,na,1,0,os,0,0,0
202,29.50335661054602,3615131.7,78549.57610775574,1839739344.6426072,936889.8114989661,600385.3392234377,202,4.1253109519999995,10.4826,4096,192x192,7,1.743774000637535,1.7054115854749998,1024,64x64,14,8.112421457366196,12.973514847541198,8192,192x192,10,0.916436759447044,1.3845915837374998,1024,64x64,10,3.5867297574793953,3.8395579270749995,2048,96x96,14,0.957922696,2.51875,1024,96x96,7,2.5d,"{'from': 'Chiplet_3', 'to': 'Chiplet_5', 'connection_type': '2.5d_rdl', 'loc': '2.5d_chiplet'},{'from': 'Chiplet_3', 'to': 'Chiplet_1', 'connection_type': '2.5d_rdl', 'loc': '2.5d_chiplet'},{'from': 'Chiplet_3', 'to': 'Chiplet_6', 'connection_type': '2.5d_rdl', 'loc': '2.5d_chiplet'},{'from': 'Chiplet_3', 'to': 'Chiplet_4', 'connection_type': '2.5d_rdl', 'loc': '2.5d_chiplet'},{'from': 'Chiplet_6', 'to': 'Chiplet_3', 'connection_type': '2.5d_rdl', 'loc': '2.5d_chiplet'},{'from': 'Chiplet_6', 'to': 'Chiplet_4', 'connection_type': '2.5d_rdl', 'loc': '2.5d_chiplet'},{'from': 'Chiplet_4', 'to': 'Chiplet_3', 'connection_type': '2.5d_rdl', 'loc': '2.5d_chiplet'},{'from': 'Chiplet_4', 'to': 'Chiplet_6', 'connection_type': '2.5d_rdl', 'loc': '2.5d_chiplet'},{'from': 'Chiplet_1', 'to': 'Chiplet_5', 'connection_type': '2.5d_rdl', 'loc': '2.5d_chiplet'},{'from': 'Chiplet_1', 'to': 'Chiplet_3', 'connection_type': '2.5d_rdl', 'loc': '2.5d_chiplet'},{'from': 'Chiplet_1', 'to': 'Chiplet_2', 'connection_type': '2.5d_rdl', 'loc': '2.5d_chiplet'},{'from': 'Chiplet_5', 'to': 'Chiplet_3', 'connection_type': '2.5d_rdl', 'loc': '2.5d_chiplet'},{'from': 'Chiplet_5', 'to': 'Chiplet_1', 'connection_type': '2.5d_rdl', 'loc': '2.5d_chiplet'},{'from': 'Chiplet_5', 'to': 'Chiplet_2', 'connection_type': '2.5d_rdl', 'loc': '2.5d_chiplet'},{'from': 'Chiplet_2', 'to': 'Chiplet_5', 'connection_type': '2.5d_rdl', 'loc': '2.5d_chiplet'},{'from': 'Chiplet_2', 'to': 'Chiplet_1', 'connection_type': '2.5d_rdl', 'loc': '2.5d_chiplet'}",3,1,7,1,3,1,hbm3,ucie_std,na,1,0,os,1,0,0
203,54.98332478998411,6086676.55,207836.21209155902,2019650333.2952368,89095.14041514043,123201.02481307421,203,0.784712696,2.51875,512,96x96,7,2.20879254,4.475,3072,128x128,7,3.432469952,10.4826,2048,192x192,7,14.117807839976791,15.979573171754398,6144,192x192,14,12.799492673176792,15.979573171754398,4096,192x192,14,1.8849981800824636,3.1172648505374996,2048,96x96,10,2.5d,"{'from': 'Chiplet_4', 'to': 'Chiplet_5', 'connection_type': '2.5d_emib', 'loc': '2.5d_chiplet'},{'from': 'Chiplet_4', 'to': 'Chiplet_1', 'connection_type': '2.5d_emib', 'loc': '2.5d_chiplet'},{'from': 'Chiplet_4', 'to': 'Chiplet_2', 'connection_type': '2.5d_emib', 'loc': '2.5d_chiplet'},{'from': 'Chiplet_4', 'to': 'Chiplet_3', 'connection_type': '2.5d_emib', 'loc': '2.5d_chiplet'},{'from': 'Chiplet_2', 'to': 'Chiplet_1', 'connection_type': '2.5d_emib', 'loc': '2.5d_chiplet'},{'from': 'Chiplet_2', 'to': 'Chiplet_4', 'connection_type': '2.5d_emib', 'loc': '2.5d_chiplet'},{'from': 'Chiplet_1', 'to': 'Chiplet_2', 'connection_type': '2.5d_emib', 'loc': '2.5d_chiplet'},{'from': 'Chiplet_1', 'to': 'Chiplet_4', 'connection_type': '2.5d_emib', 'loc': '2.5d_chiplet'},{'from': 'Chiplet_5', 'to': 'Chiplet_3', 'connection_type': '2.5d_emib', 'loc': '2.5d_chiplet'},{'from': 'Chiplet_5', 'to': 'Chiplet_6', 'connection_type': '2.5d_emib', 'loc': '2.5d_chiplet'},{'from': 'Chiplet_5', 'to': 'Chiplet_4', 'connection_type': '2.5d_emib', 'loc': '2.5d_chiplet'},{'from': 'Chiplet_3', 'to': 'Chiplet_5', 'connection_type': '2.5d_emib', 'loc': '2.5d_chiplet'},{'from': 'Chiplet_3', 'to': 'Chiplet_6', 'connection_type': '2.5d_emib', 'loc': '2.5d_chiplet'},{'from': 'Chiplet_3', 'to': 'Chiplet_4', 'connection_type': '2.5d_emib', 'loc': '2.5d_chiplet'},{'from': 'Chiplet_6', 'to': 'Chiplet_5', 'connection_type': '2.5d_emib', 'loc': '2.5d_chiplet'},{'from': 'Chiplet_6', 'to': 'Chiplet_3', 'connection_type': '2.5d_emib', 'loc': '2.5d_chiplet'}",1,1,1,6,6,1,hbm3,ucie_adv,na,1,0,is,0,0,0
204,34.728111268755505,3274538.94,82075.9470456091,4308993806.523082,1155428.0462497456,804321.4566805847,204,3.432469952,10.4826,2048,192x192,7,2.20879254,4.475,3072,128x128,7,6.975099908490179,6.821646341899999,4096,128x128,14,1.249405813087535,1.7054115854749998,256,64x64,14,2.597993382379395,3.8395579270749995,512,96x96,14,6.975099908490179,6.821646341899999,4096,128x128,14,2.5d,"{'from': 'Chiplet_3', 'to': 'Chiplet_1', 'connection_type': '2.5d_rdl', 'loc': '2.5d_chiplet'},{'from': 'Chiplet_3', 'to': 'Chiplet_6', 'connection_type': '2.5d_rdl', 'loc': '2.5d_chiplet'},{'from': 'Chiplet_3', 'to': 'Chiplet_4', 'connection_type': '2.5d_rdl', 'loc': '2.5d_chiplet'},{'from': 'Chiplet_1', 'to': 'Chiplet_3', 'connection_type': '2.5d_rdl', 'loc': '2.5d_chiplet'},{'from': 'Chiplet_1', 'to': 'Chiplet_4', 'connection_type': '2.5d_rdl', 'loc': '2.5d_chiplet'},{'from': 'Chiplet_4', 'to': 'Chiplet_3', 'connection_type': '2.5d_rdl', 'loc': '2.5d_chiplet'},{'from': 'Chiplet_4', 'to': 'Chiplet_1', 'connection_type': '2.5d_rdl', 'loc': '2.5d_chiplet'},{'from': 'Chiplet_6', 'to': 'Chiplet_5', 'connection_type': '2.5d_rdl', 'loc': '2.5d_chiplet'},{'from': 'Chiplet_6', 'to': 'Chiplet_3', 'connection_type': '2.5d_rdl', 'loc': '2.5d_chiplet'},{'from': 'Chiplet_6', 'to': 'Chiplet_2', 'connection_type': '2.5d_rdl', 'loc': '2.5d_chiplet'},{'from': 'Chiplet_5', 'to': 'Chiplet_6', 'connection_type': '2.5d_rdl', 'loc': '2.5d_chiplet'},{'from': 'Chiplet_5', 'to': 'Chiplet_2', 'connection_type': '2.5d_rdl', 'loc': '2.5d_chiplet'},{'from': 'Chiplet_2', 'to': 'Chiplet_5', 'connection_type': '2.5d_rdl', 'loc': '2.5d_chiplet'},{'from': 'Chiplet_2', 'to': 'Chiplet_6', 'connection_type': '2.5d_rdl', 'loc': '2.5d_chiplet'}",1,1,2,1,1,2,ddr4,ucie_std,na,0,0,is,1,0,0
205,36.74444079967994,4281842.61,147572.9594859034,5511063893.764856,156836.94784026078,203275.5540492764,205,6.975099908490179,6.821646341899999,4096,128x128,14,2.55521354,4.475,4096,128x128,7,0.552198,1.11875,768,64x64,7,3.5867297574793953,3.8395579270749995,2048,96x96,14,15.436124909546791,15.979573171754398,8192,192x192,14,1.5385781800824634,3.1172648505374996,1024,96x96,10,2.5d_3d,"{'from': 'Chiplet_2', 'to': 'Chiplet_6', 'connection_type': '3d_u_bump', 'loc': 'stack0_base'},{'from': 'Chiplet_6', 'to': 'Chiplet_3', 'connection_type': '3d_u_bump', 'loc': 'stack0_middle1'},{'from': 'Chiplet_3', 'to': 'na', 'connection_type': '3d_u_bump', 'loc': 'stack0_top'},{'from': 'Chiplet_5', 'to': 'Chiplet_1', 'connection_type': '2.5d_emib', 'loc': '2.5d_chiplet'},{'from': 'Chiplet_5', 'to': 'Chiplet_4', 'connection_type': '2.5d_emib', 'loc': '2.5d_chiplet'},{'from': 'Chiplet_1', 'to': 'Chiplet_5', 'connection_type': '2.5d_emib', 'loc': '2.5d_chiplet'},{'from': 'Chiplet_1', 'to': 'Chiplet_2', 'connection_type': '2.5d_emib', 'loc': '2.5d_chiplet'},{'from': 'Chiplet_1', 'to': 'Chiplet_4', 'connection_type': '2.5d_emib', 'loc': '2.5d_chiplet'},{'from': 'Chiplet_4', 'to': 'Chiplet_5', 'connection_type': '2.5d_emib', 'loc': '2.5d_chiplet'},{'from': 'Chiplet_4', 'to': 'Chiplet_1', 'connection_type': '2.5d_emib', 'loc': '2.5d_chiplet'},{'from': 'Chiplet_4', 'to': 'Chiplet_2', 'connection_type': '2.5d_emib', 'loc': '2.5d_chiplet'},{'from': 'Chiplet_2', 'to': 'Chiplet_1', 'connection_type': '2.5d_emib', 'loc': '2.5d_chiplet'},{'from': 'Chiplet_2', 'to': 'Chiplet_4', 'connection_type': '2.5d_emib', 'loc': '2.5d_chiplet'}",1,1,1,1,3,1,ddr5,aib,ucie_3d,0,0,is,0,0,0
206,24.878816145798375,3014829.61,78249.53738680569,6750266510.100106,194966.4705882353,241824.65929474967,206,12.799492673176792,15.979573171754398,4096,192x192,14,0.552198,1.11875,768,64x64,7,3.3193280905479132,5.538366334949999,3072,128x128,10,2.927572174079395,3.8395579270749995,1024,96x96,14,1.131132696,2.51875,1536,96x96,7,3.2571509657793953,3.8395579270749995,1536,96x96,14,2.5d_3d,"{'from': 'Chiplet_1', 'to': 'Chiplet_4', 'connection_type': '3d_tsv', 'loc': 'stack0_base'},{'from': 'Chiplet_4', 'to': 'na', 'connection_type': '3d_tsv', 'loc': 'stack0_top'},{'from': 'Chiplet_1', 'to': 'Chiplet_3', 'connection_type': '2.5d_rdl', 'loc': '2.5d_chiplet'},{'from': 'Chiplet_1', 'to': 'Chiplet_6', 'connection_type': '2.5d_rdl', 'loc': '2.5d_chiplet'},{'from': 'Chiplet_3', 'to': 'Chiplet_1', 'connection_type': '2.5d_rdl', 'loc': '2.5d_chiplet'},{'from': 'Chiplet_3', 'to': 'Chiplet_2', 'connection_type': '2.5d_rdl', 'loc': '2.5d_chiplet'},{'from': 'Chiplet_3', 'to': 'Chiplet_6', 'connection_type': '2.5d_rdl', 'loc': '2.5d_chiplet'},{'from': 'Chiplet_2', 'to': 'Chiplet_5', 'connection_type': '2.5d_rdl', 'loc': '2.5d_chiplet'},{'from': 'Chiplet_2', 'to': 'Chiplet_3', 'connection_type': '2.5d_rdl', 'loc': '2.5d_chiplet'},{'from': 'Chiplet_6', 'to': 'Chiplet_5', 'connection_type': '2.5d_rdl', 'loc': '2.5d_chiplet'},{'from': 'Chiplet_6', 'to': 'Chiplet_1', 'connection_type': '2.5d_rdl', 'loc': '2.5d_chiplet'},{'from': 'Chiplet_6', 'to': 'Chiplet_3', 'connection_type': '2.5d_rdl', 'loc': '2.5d_chiplet'},{'from': 'Chiplet_5', 'to': 'Chiplet_6', 'connection_type': '2.5d_rdl', 'loc': '2.5d_chiplet'},{'from': 'Chiplet_5', 'to': 'Chiplet_2', 'connection_type': '2.5d_rdl', 'loc': '2.5d_chiplet'}",3,1,1,1,1,1,ddr4,ucie_std,ucie_3d,0,0,is,0,0,0
207,25.504870808644718,3538995.72,72153.6726566597,2591218560.6427693,489620.9090909091,313795.9645624183,207,1.743774000637535,1.7054115854749998,1024,64x64,14,0.378988,1.11875,256,64x64,7,1.7117881800824635,3.1172648505374996,1536,96x96,10,6.975099908490179,6.821646341899999,4096,128x128,14,3.2571509657793953,3.8395579270749995,1536,96x96,14,8.112421457366196,12.973514847541198,8192,192x192,10,2.5d_3d,"{'from': 'Chiplet_4', 'to': 'Chiplet_3', 'connection_type': '3d_tsv', 'loc': 'stack0_base'},{'from': 'Chiplet_3', 'to': 'Chiplet_2', 'connection_type': '3d_tsv', 'loc': 'stack0_middle1'},{'from': 'Chiplet_2', 'to': 'na', 'connection_type': '3d_tsv', 'loc': 'stack0_top'},{'from': 'Chiplet_6', 'to': 'Chiplet_5', 'connection_type': '2.5d_rdl', 'loc': '2.5d_chiplet'},{'from': 'Chiplet_6', 'to': 'Chiplet_1', 'connection_type': '2.5d_rdl', 'loc': '2.5d_chiplet'},{'from': 'Chiplet_6', 'to': 'Chiplet_4', 'connection_type': '2.5d_rdl', 'loc': '2.5d_chiplet'},{'from': 'Chiplet_1', 'to': 'Chiplet_5', 'connection_type': '2.5d_rdl', 'loc': '2.5d_chiplet'},{'from': 'Chiplet_1', 'to': 'Chiplet_6', 'connection_type': '2.5d_rdl', 'loc': '2.5d_chiplet'},{'from': 'Chiplet_4', 'to': 'Chiplet_5', 'connection_type': '2.5d_rdl', 'loc': '2.5d_chiplet'},{'from': 'Chiplet_4', 'to': 'Chiplet_6', 'connection_type': '2.5d_rdl', 'loc': '2.5d_chiplet'},{'from': 'Chiplet_5', 'to': 'Chiplet_1', 'connection_type': '2.5d_rdl', 'loc': '2.5d_chiplet'},{'from': 'Chiplet_5', 'to': 'Chiplet_6', 'connection_type': '2.5d_rdl', 'loc': '2.5d_chiplet'},{'from': 'Chiplet_5', 'to': 'Chiplet_4', 'connection_type': '2.5d_rdl', 'loc': '2.5d_chiplet'}",1,1,1,5,2,6,hbm2,ucie_std,ucie_3d,0,0,is,0,0,0
208,51.55664800957216,5397589.68,215157.0167851635,3726209771.5025015,668006.2772807706,705608.523372306,208,5.5109919519999995,10.4826,8192,192x192,7,14.117807839976791,15.979573171754398,6144,192x192,14,6.975099908490179,6.821646341899999,4096,128x128,14,1.304342696,2.51875,2048,96x96,7,1.7117881800824635,3.1172648505374996,1536,96x96,10,6.726740457366197,12.973514847541198,4096,192x192,10,2.5d,"{'from': 'Chiplet_2', 'to': 'Chiplet_5', 'connection_type': '2.5d_emib', 'loc': '2.5d_chiplet'},{'from': 'Chiplet_2', 'to': 'Chiplet_3', 'connection_type': '2.5d_emib', 'loc': '2.5d_chiplet'},{'from': 'Chiplet_2', 'to': 'Chiplet_6', 'connection_type': '2.5d_emib', 'loc': '2.5d_chiplet'},{'from': 'Chiplet_2', 'to': 'Chiplet_4', 'connection_type': '2.5d_emib', 'loc': '2.5d_chiplet'},{'from': 'Chiplet_5', 'to': 'Chiplet_2', 'connection_type': '2.5d_emib', 'loc': '2.5d_chiplet'},{'from': 'Chiplet_5', 'to': 'Chiplet_4', 'connection_type': '2.5d_emib', 'loc': '2.5d_chiplet'},{'from': 'Chiplet_4', 'to': 'Chiplet_5', 'connection_type': '2.5d_emib', 'loc': '2.5d_chiplet'},{'from': 'Chiplet_4', 'to': 'Chiplet_2', 'connection_type': '2.5d_emib', 'loc': '2.5d_chiplet'},{'from': 'Chiplet_3', 'to': 'Chiplet_6', 'connection_type': '2.5d_emib', 'loc': '2.5d_chiplet'},{'from': 'Chiplet_3', 'to': 'Chiplet_1', 'connection_type': '2.5d_emib', 'loc': '2.5d_chiplet'},{'from': 'Chiplet_3', 'to': 'Chiplet_2', 'connection_type': '2.5d_emib', 'loc': '2.5d_chiplet'},{'from': 'Chiplet_6', 'to': 'Chiplet_3', 'connection_type': '2.5d_emib', 'loc': '2.5d_chiplet'},{'from': 'Chiplet_6', 'to': 'Chiplet_1', 'connection_type': '2.5d_emib', 'loc': '2.5d_chiplet'},{'from': 'Chiplet_6', 'to': 'Chiplet_2', 'connection_type': '2.5d_emib', 'loc': '2.5d_chiplet'},{'from': 'Chiplet_1', 'to': 'Chiplet_3', 'connection_type': '2.5d_emib', 'loc': '2.5d_chiplet'},{'from': 'Chiplet_1', 'to': 'Chiplet_6', 'connection_type': '2.5d_emib', 'loc': '2.5d_chiplet'}",1,3,1,1,1,1,ddr5,aib,na,1,0,is,1,0,0
209,29.311907524079572,4056212.45,88395.07137119306,1774857795.2822874,584031.3820640908,505043.98259982496,209,1.7117881800824635,3.1172648505374996,1536,96x96,10,3.432469952,10.4826,2048,192x192,7,1.5385781800824634,3.1172648505374996,1024,96x96,10,3.2571509657793953,3.8395579270749995,1536,96x96,14,6.033899457366197,12.973514847541198,2048,192x192,10,4.818150952,10.4826,6144,192x192,7,2.5d,"{'from': 'Chiplet_5', 'to': 'Chiplet_3', 'connection_type': '2.5d_rdl', 'loc': '2.5d_chiplet'},{'from': 'Chiplet_5', 'to': 'Chiplet_6', 'connection_type': '2.5d_rdl', 'loc': '2.5d_chiplet'},{'from': 'Chiplet_5', 'to': 'Chiplet_2', 'connection_type': '2.5d_rdl', 'loc': '2.5d_chiplet'},{'from': 'Chiplet_5', 'to': 'Chiplet_4', 'connection_type': '2.5d_rdl', 'loc': '2.5d_chiplet'},{'from': 'Chiplet_4', 'to': 'Chiplet_5', 'connection_type': '2.5d_rdl', 'loc': '2.5d_chiplet'},{'from': 'Chiplet_4', 'to': 'Chiplet_3', 'connection_type': '2.5d_rdl', 'loc': '2.5d_chiplet'},{'from': 'Chiplet_3', 'to': 'Chiplet_5', 'connection_type': '2.5d_rdl', 'loc': '2.5d_chiplet'},{'from': 'Chiplet_3', 'to': 'Chiplet_4', 'connection_type': '2.5d_rdl', 'loc': '2.5d_chiplet'},{'from': 'Chiplet_6', 'to': 'Chiplet_5', 'connection_type': '2.5d_rdl', 'loc': '2.5d_chiplet'},{'from': 'Chiplet_6', 'to': 'Chiplet_1', 'connection_type': '2.5d_rdl', 'loc': '2.5d_chiplet'},{'from': 'Chiplet_6', 'to': 'Chiplet_2', 'connection_type': '2.5d_rdl', 'loc': '2.5d_chiplet'},{'from': 'Chiplet_2', 'to': 'Chiplet_5', 'connection_type': '2.5d_rdl', 'loc': '2.5d_chiplet'},{'from': 'Chiplet_2', 'to': 'Chiplet_1', 'connection_type': '2.5d_rdl', 'loc': '2.5d_chiplet'},{'from': 'Chiplet_2', 'to': 'Chiplet_6', 'connection_type': '2.5d_rdl', 'loc': '2.5d_chiplet'},{'from': 'Chiplet_1', 'to': 'Chiplet_6', 'connection_type': '2.5d_rdl', 'loc': '2.5d_chiplet'},{'from': 'Chiplet_1', 'to': 'Chiplet_2', 'connection_type': '2.5d_rdl', 'loc': '2.5d_chiplet'}",1,3,1,2,5,4,hbm2,ucie_std,na,0,0,ws,1,0,0
210,26.667843270181915,2809543.37,78357.89148382898,4753171006.740744,99913.36593317034,151562.64422330644,210,12.799492673176792,15.979573171754398,4096,192x192,14,1.131132696,2.51875,1536,96x96,7,1.3653681800824635,3.1172648505374996,512,96x96,10,1.578984604787535,1.7054115854749998,768,64x64,14,0.46559300000000003,1.11875,512,64x64,7,3.432469952,10.4826,2048,192x192,7,2.5d,"{'from': 'Chiplet_1', 'to': 'Chiplet_6', 'connection_type': '2.5d_rdl', 'loc': '2.5d_chiplet'},{'from': 'Chiplet_1', 'to': 'Chiplet_4', 'connection_type': '2.5d_rdl', 'loc': '2.5d_chiplet'},{'from': 'Chiplet_6', 'to': 'Chiplet_5', 'connection_type': '2.5d_rdl', 'loc': '2.5d_chiplet'},{'from': 'Chiplet_6', 'to': 'Chiplet_1', 'connection_type': '2.5d_rdl', 'loc': '2.5d_chiplet'},{'from': 'Chiplet_6', 'to': 'Chiplet_4', 'connection_type': '2.5d_rdl', 'loc': '2.5d_chiplet'},{'from': 'Chiplet_6', 'to': 'Chiplet_3', 'connection_type': '2.5d_rdl', 'loc': '2.5d_chiplet'},{'from': 'Chiplet_5', 'to': 'Chiplet_3', 'connection_type': '2.5d_rdl', 'loc': '2.5d_chiplet'},{'from': 'Chiplet_5', 'to': 'Chiplet_6', 'connection_type': '2.5d_rdl', 'loc': '2.5d_chiplet'},{'from': 'Chiplet_4', 'to': 'Chiplet_3', 'connection_type': '2.5d_rdl', 'loc': '2.5d_chiplet'},{'from': 'Chiplet_4', 'to': 'Chiplet_1', 'connection_type': '2.5d_rdl', 'loc': '2.5d_chiplet'},{'from': 'Chiplet_4', 'to': 'Chiplet_2', 'connection_type': '2.5d_rdl', 'loc': '2.5d_chiplet'},{'from': 'Chiplet_4', 'to': 'Chiplet_6', 'connection_type': '2.5d_rdl', 'loc': '2.5d_chiplet'},{'from': 'Chiplet_3', 'to': 'Chiplet_5', 'connection_type': '2.5d_rdl', 'loc': '2.5d_chiplet'},{'from': 'Chiplet_3', 'to': 'Chiplet_6', 'connection_type': '2.5d_rdl', 'loc': '2.5d_chiplet'},{'from': 'Chiplet_3', 'to': 'Chiplet_4', 'connection_type': '2.5d_rdl', 'loc': '2.5d_chiplet'},{'from': 'Chiplet_3', 'to': 'Chiplet_2', 'connection_type': '2.5d_rdl', 'loc': '2.5d_chiplet'},{'from': 'Chiplet_2', 'to': 'Chiplet_3', 'connection_type': '2.5d_rdl', 'loc': '2.5d_chiplet'},{'from': 'Chiplet_2', 'to': 'Chiplet_4', 'connection_type': '2.5d_rdl', 'loc': '2.5d_chiplet'}",3,1,1,1,1,1,ddr5,ucie_std,na,0,0,is,0,0,0
211,14.429221960514907,1693598.38,149896.14225075886,4096494651.934744,843473.5471173753,390153.6186833717,211,2.6264880905479133,5.538366334949999,1024,128x128,10,0.46559300000000003,1.11875,512,64x64,7,1.304342696,2.51875,2048,96x96,7,1.51595254,4.475,1024,128x128,7,0.46559300000000003,1.11875,512,64x64,7,2.972908090547913,5.538366334949999,2048,128x128,10,2.5d,"{'from': 'Chiplet_6', 'to': 'Chiplet_5', 'connection_type': '2.5d_emib', 'loc': '2.5d_chiplet'},{'from': 'Chiplet_6', 'to': 'Chiplet_3', 'connection_type': '2.5d_emib', 'loc': '2.5d_chiplet'},{'from': 'Chiplet_6', 'to': 'Chiplet_1', 'connection_type': '2.5d_emib', 'loc': '2.5d_chiplet'},{'from': 'Chiplet_3', 'to': 'Chiplet_5', 'connection_type': '2.5d_emib', 'loc': '2.5d_chiplet'},{'from': 'Chiplet_3', 'to': 'Chiplet_6', 'connection_type': '2.5d_emib', 'loc': '2.5d_chiplet'},{'from': 'Chiplet_5', 'to': 'Chiplet_3', 'connection_type': '2.5d_emib', 'loc': '2.5d_chiplet'},{'from': 'Chiplet_5', 'to': 'Chiplet_6', 'connection_type': '2.5d_emib', 'loc': '2.5d_chiplet'},{'from': 'Chiplet_1', 'to': 'Chiplet_6', 'connection_type': '2.5d_emib', 'loc': '2.5d_chiplet'},{'from': 'Chiplet_1', 'to': 'Chiplet_4', 'connection_type': '2.5d_emib', 'loc': '2.5d_chiplet'},{'from': 'Chiplet_1', 'to': 'Chiplet_2', 'connection_type': '2.5d_emib', 'loc': '2.5d_chiplet'},{'from': 'Chiplet_4', 'to': 'Chiplet_1', 'connection_type': '2.5d_emib', 'loc': '2.5d_chiplet'},{'from': 'Chiplet_4', 'to': 'Chiplet_2', 'connection_type': '2.5d_emib', 'loc': '2.5d_chiplet'},{'from': 'Chiplet_2', 'to': 'Chiplet_1', 'connection_type': '2.5d_emib', 'loc': '2.5d_chiplet'},{'from': 'Chiplet_2', 'to': 'Chiplet_4', 'connection_type': '2.5d_emib', 'loc': '2.5d_chiplet'}",2,1,1,1,1,2,ddr5,ucie_adv,na,1,0,ws,1,0,0
212,14.851677474876976,1464743.33,142683.24599608735,5035945181.894894,1193465.556180567,445419.1049418767,212,0.656621759447044,1.3845915837374998,256,64x64,10,0.743226759447044,1.3845915837374998,512,64x64,10,0.784712696,2.51875,512,96x96,7,3.5867297574793953,3.8395579270749995,2048,96x96,14,3.5867297574793953,3.8395579270749995,2048,96x96,14,1.7117881800824635,3.1172648505374996,1536,96x96,10,2.5d,"{'from': 'Chiplet_4', 'to': 'Chiplet_5', 'connection_type': '2.5d_emib', 'loc': '2.5d_chiplet'},{'from': 'Chiplet_4', 'to': 'Chiplet_6', 'connection_type': '2.5d_emib', 'loc': '2.5d_chiplet'},{'from': 'Chiplet_6', 'to': 'Chiplet_3', 'connection_type': '2.5d_emib', 'loc': '2.5d_chiplet'},{'from': 'Chiplet_6', 'to': 'Chiplet_4', 'connection_type': '2.5d_emib', 'loc': '2.5d_chiplet'},{'from': 'Chiplet_5', 'to': 'Chiplet_3', 'connection_type': '2.5d_emib', 'loc': '2.5d_chiplet'},{'from': 'Chiplet_5', 'to': 'Chiplet_2', 'connection_type': '2.5d_emib', 'loc': '2.5d_chiplet'},{'from': 'Chiplet_5', 'to': 'Chiplet_4', 'connection_type': '2.5d_emib', 'loc': '2.5d_chiplet'},{'from': 'Chiplet_3', 'to': 'Chiplet_5', 'connection_type': '2.5d_emib', 'loc': '2.5d_chiplet'},{'from': 'Chiplet_3', 'to': 'Chiplet_1', 'connection_type': '2.5d_emib', 'loc': '2.5d_chiplet'},{'from': 'Chiplet_3', 'to': 'Chiplet_6', 'connection_type': '2.5d_emib', 'loc': '2.5d_chiplet'},{'from': 'Chiplet_3', 'to': 'Chiplet_2', 'connection_type': '2.5d_emib', 'loc': '2.5d_chiplet'},{'from': 'Chiplet_2', 'to': 'Chiplet_5', 'connection_type': '2.5d_emib', 'loc': '2.5d_chiplet'},{'from': 'Chiplet_2', 'to': 'Chiplet_3', 'connection_type': '2.5d_emib', 'loc': '2.5d_chiplet'},{'from': 'Chiplet_2', 'to': 'Chiplet_1', 'connection_type': '2.5d_emib', 'loc': '2.5d_chiplet'},{'from': 'Chiplet_1', 'to': 'Chiplet_3', 'connection_type': '2.5d_emib', 'loc': '2.5d_chiplet'},{'from': 'Chiplet_1', 'to': 'Chiplet_2', 'connection_type': '2.5d_emib', 'loc': '2.5d_chiplet'}",1,1,1,2,2,1,ddr5,ucie_adv,na,1,0,is,1,0,0
213,30.102816045704497,5983873.96,186872.20795969228,3880592232.2738466,283509.53335372725,347639.40571477526,213,0.378988,1.11875,256,64x64,7,2.55521354,4.475,4096,128x128,7,5.5109919519999995,10.4826,8192,192x192,7,5.5109919519999995,10.4826,8192,192x192,7,12.799492673176792,15.979573171754398,4096,192x192,14,5.5109919519999995,10.4826,8192,192x192,7,2.5d_3d,"{'from': 'Chiplet_5', 'to': 'Chiplet_3', 'connection_type': '3d_hyb_bond', 'loc': 'stack0_base'},{'from': 'Chiplet_3', 'to': 'Chiplet_2', 'connection_type': '3d_hyb_bond', 'loc': 'stack0_middle1'},{'from': 'Chiplet_2', 'to': 'Chiplet_1', 'connection_type': '3d_hyb_bond', 'loc': 'stack0_middle2'},{'from': 'Chiplet_1', 'to': 'na', 'connection_type': '3d_hyb_bond', 'loc': 'stack0_top'},{'from': 'Chiplet_5', 'to': 'Chiplet_6', 'connection_type': '2.5d_emib', 'loc': '2.5d_chiplet'},{'from': 'Chiplet_5', 'to': 'Chiplet_4', 'connection_type': '2.5d_emib', 'loc': '2.5d_chiplet'},{'from': 'Chiplet_4', 'to': 'Chiplet_5', 'connection_type': '2.5d_emib', 'loc': '2.5d_chiplet'},{'from': 'Chiplet_4', 'to': 'Chiplet_6', 'connection_type': '2.5d_emib', 'loc': '2.5d_chiplet'},{'from': 'Chiplet_6', 'to': 'Chiplet_5', 'connection_type': '2.5d_emib', 'loc': '2.5d_chiplet'},{'from': 'Chiplet_6', 'to': 'Chiplet_4', 'connection_type': '2.5d_emib', 'loc': '2.5d_chiplet'}",1,1,1,1,3,1,ddr5,aib,ucie_3d,1,0,is,1,0,0
214,13.022858420960574,2079473.09,52113.10508118944,1788063300.2272933,164618.13789359393,88059.35834487076,214,0.552198,1.11875,768,64x64,7,1.131132696,2.51875,1536,96x96,7,0.552198,1.11875,768,64x64,7,0.638803,1.11875,1024,64x64,7,2.972908090547913,5.538366334949999,2048,128x128,10,4.9976252555201786,6.821646341899999,1024,128x128,14,2.5d_3d,"{'from': 'Chiplet_2', 'to': 'Chiplet_4', 'connection_type': '3d_hyb_bond', 'loc': 'stack0_base'},{'from': 'Chiplet_4', 'to': 'Chiplet_1', 'connection_type': '3d_hyb_bond', 'loc': 'stack0_middle1'},{'from': 'Chiplet_1', 'to': 'Chiplet_3', 'connection_type': '3d_hyb_bond', 'loc': 'stack0_middle2'},{'from': 'Chiplet_3', 'to': 'na', 'connection_type': '3d_hyb_bond', 'loc': 'stack0_top'},{'from': 'Chiplet_6', 'to': 'Chiplet_5', 'connection_type': '2.5d_rdl', 'loc': '2.5d_chiplet'},{'from': 'Chiplet_6', 'to': 'Chiplet_2', 'connection_type': '2.5d_rdl', 'loc': '2.5d_chiplet'},{'from': 'Chiplet_5', 'to': 'Chiplet_6', 'connection_type': '2.5d_rdl', 'loc': '2.5d_chiplet'},{'from': 'Chiplet_5', 'to': 'Chiplet_2', 'connection_type': '2.5d_rdl', 'loc': '2.5d_chiplet'},{'from': 'Chiplet_2', 'to': 'Chiplet_5', 'connection_type': '2.5d_rdl', 'loc': '2.5d_chiplet'},{'from': 'Chiplet_2', 'to': 'Chiplet_6', 'connection_type': '2.5d_rdl', 'loc': '2.5d_chiplet'}",1,2,1,1,4,7,hbm3,ucie_std,ucie_3d,1,0,ws,0,0,0
215,16.336193914290334,2922439.38,62603.481213804684,2492353031.6780624,68908.1081081081,77697.75941219056,215,1.578984604787535,1.7054115854749998,768,64x64,14,1.7117881800824635,3.1172648505374996,1536,96x96,10,1.8849981800824636,3.1172648505374996,2048,96x96,10,8.112421457366196,12.973514847541198,8192,192x192,10,1.8849981800824636,3.1172648505374996,2048,96x96,10,0.638803,1.11875,1024,64x64,7,2.5d_3d,"{'from': 'Chiplet_4', 'to': 'Chiplet_3', 'connection_type': '3d_hyb_bond', 'loc': 'stack0_base'},{'from': 'Chiplet_3', 'to': 'Chiplet_1', 'connection_type': '3d_hyb_bond', 'loc': 'stack0_middle1'},{'from': 'Chiplet_1', 'to': 'na', 'connection_type': '3d_hyb_bond', 'loc': 'stack0_top'},{'from': 'Chiplet_4', 'to': 'Chiplet_5', 'connection_type': '2.5d_rdl', 'loc': '2.5d_chiplet'},{'from': 'Chiplet_4', 'to': 'Chiplet_2', 'connection_type': '2.5d_rdl', 'loc': '2.5d_chiplet'},{'from': 'Chiplet_5', 'to': 'Chiplet_6', 'connection_type': '2.5d_rdl', 'loc': '2.5d_chiplet'},{'from': 'Chiplet_5', 'to': 'Chiplet_2', 'connection_type': '2.5d_rdl', 'loc': '2.5d_chiplet'},{'from': 'Chiplet_5', 'to': 'Chiplet_4', 'connection_type': '2.5d_rdl', 'loc': '2.5d_chiplet'},{'from': 'Chiplet_2', 'to': 'Chiplet_5', 'connection_type': '2.5d_rdl', 'loc': '2.5d_chiplet'},{'from': 'Chiplet_2', 'to': 'Chiplet_6', 'connection_type': '2.5d_rdl', 'loc': '2.5d_chiplet'},{'from': 'Chiplet_2', 'to': 'Chiplet_4', 'connection_type': '2.5d_rdl', 'loc': '2.5d_chiplet'},{'from': 'Chiplet_6', 'to': 'Chiplet_5', 'connection_type': '2.5d_rdl', 'loc': '2.5d_chiplet'},{'from': 'Chiplet_6', 'to': 'Chiplet_2', 'connection_type': '2.5d_rdl', 'loc': '2.5d_chiplet'}",1,2,2,8,2,1,hbm2,ucie_std,ucie_3d,0,0,os,0,0,0
216,13.18398285945552,1363309.39,41743.390667796666,9766099516.052471,222555.22875816992,253549.37707300758,216,1.249405813087535,1.7054115854749998,256,64x64,14,0.743226759447044,1.3845915837374998,512,64x64,10,4.9976252555201786,6.821646341899999,1024,128x128,14,0.957922696,2.51875,1024,96x96,7,0.957922696,2.51875,1024,96x96,7,1.3653681800824635,3.1172648505374996,512,96x96,10,2.5d,"{'from': 'Chiplet_3', 'to': 'Chiplet_1', 'connection_type': '2.5d_rdl', 'loc': '2.5d_chiplet'},{'from': 'Chiplet_3', 'to': 'Chiplet_6', 'connection_type': '2.5d_rdl', 'loc': '2.5d_chiplet'},{'from': 'Chiplet_6', 'to': 'Chiplet_5', 'connection_type': '2.5d_rdl', 'loc': '2.5d_chiplet'},{'from': 'Chiplet_6', 'to': 'Chiplet_3', 'connection_type': '2.5d_rdl', 'loc': '2.5d_chiplet'},{'from': 'Chiplet_6', 'to': 'Chiplet_1', 'connection_type': '2.5d_rdl', 'loc': '2.5d_chiplet'},{'from': 'Chiplet_5', 'to': 'Chiplet_6', 'connection_type': '2.5d_rdl', 'loc': '2.5d_chiplet'},{'from': 'Chiplet_5', 'to': 'Chiplet_4', 'connection_type': '2.5d_rdl', 'loc': '2.5d_chiplet'},{'from': 'Chiplet_1', 'to': 'Chiplet_3', 'connection_type': '2.5d_rdl', 'loc': '2.5d_chiplet'},{'from': 'Chiplet_1', 'to': 'Chiplet_6', 'connection_type': '2.5d_rdl', 'loc': '2.5d_chiplet'},{'from': 'Chiplet_1', 'to': 'Chiplet_2', 'connection_type': '2.5d_rdl', 'loc': '2.5d_chiplet'},{'from': 'Chiplet_1', 'to': 'Chiplet_4', 'connection_type': '2.5d_rdl', 'loc': '2.5d_chiplet'},{'from': 'Chiplet_4', 'to': 'Chiplet_5', 'connection_type': '2.5d_rdl', 'loc': '2.5d_chiplet'},{'from': 'Chiplet_4', 'to': 'Chiplet_1', 'connection_type': '2.5d_rdl', 'loc': '2.5d_chiplet'},{'from': 'Chiplet_4', 'to': 'Chiplet_2', 'connection_type': '2.5d_rdl', 'loc': '2.5d_chiplet'},{'from': 'Chiplet_2', 'to': 'Chiplet_1', 'connection_type': '2.5d_rdl', 'loc': '2.5d_chiplet'},{'from': 'Chiplet_2', 'to': 'Chiplet_4', 'connection_type': '2.5d_rdl', 'loc': '2.5d_chiplet'}",1,1,3,1,1,1,ddr4,ucie_std,na,0,0,is,0,0,0
217,27.10988017347217,4057666.3,80674.83594026332,2020042814.0292647,500328.00866114994,357208.23026619037,217,5.656782838920179,6.821646341899999,2048,128x128,14,1.743774000637535,1.7054115854749998,1024,64x64,14,6.726740457366197,12.973514847541198,4096,192x192,10,0.378988,1.11875,256,64x64,7,1.743774000637535,1.7054115854749998,1024,64x64,14,4.818150952,10.4826,6144,192x192,7,2.5d_3d,"{'from': 'Chiplet_2', 'to': 'Chiplet_5', 'connection_type': '3d_u_bump', 'loc': 'stack0_base'},{'from': 'Chiplet_5', 'to': 'na', 'connection_type': '3d_u_bump', 'loc': 'stack0_top'},{'from': 'Chiplet_3', 'to': 'Chiplet_1', 'connection_type': '2.5d_rdl', 'loc': '2.5d_chiplet'},{'from': 'Chiplet_3', 'to': 'Chiplet_6', 'connection_type': '2.5d_rdl', 'loc': '2.5d_chiplet'},{'from': 'Chiplet_3', 'to': 'Chiplet_2', 'connection_type': '2.5d_rdl', 'loc': '2.5d_chiplet'},{'from': 'Chiplet_3', 'to': 'Chiplet_4', 'connection_type': '2.5d_rdl', 'loc': '2.5d_chiplet'},{'from': 'Chiplet_2', 'to': 'Chiplet_3', 'connection_type': '2.5d_rdl', 'loc': '2.5d_chiplet'},{'from': 'Chiplet_2', 'to': 'Chiplet_4', 'connection_type': '2.5d_rdl', 'loc': '2.5d_chiplet'},{'from': 'Chiplet_4', 'to': 'Chiplet_3', 'connection_type': '2.5d_rdl', 'loc': '2.5d_chiplet'},{'from': 'Chiplet_4', 'to': 'Chiplet_2', 'connection_type': '2.5d_rdl', 'loc': '2.5d_chiplet'},{'from': 'Chiplet_1', 'to': 'Chiplet_3', 'connection_type': '2.5d_rdl', 'loc': '2.5d_chiplet'},{'from': 'Chiplet_1', 'to': 'Chiplet_6', 'connection_type': '2.5d_rdl', 'loc': '2.5d_chiplet'},{'from': 'Chiplet_6', 'to': 'Chiplet_3', 'connection_type': '2.5d_rdl', 'loc': '2.5d_chiplet'},{'from': 'Chiplet_6', 'to': 'Chiplet_1', 'connection_type': '2.5d_rdl', 'loc': '2.5d_chiplet'}",4,1,5,1,1,4,hbm2,ucie_std,ucie_3d,0,0,os,1,0,0
218,18.674798750740504,2356215.33,64685.80137215413,6499540091.918299,74412.74509803922,156248.63790889317,218,0.656621759447044,1.3845915837374998,256,64x64,10,0.829831759447044,1.3845915837374998,768,64x64,10,0.743226759447044,1.3845915837374998,512,64x64,10,5.5109919519999995,10.4826,8192,192x192,7,3.432469952,10.4826,2048,192x192,7,1.4141952089375351,1.7054115854749998,512,64x64,14,2.5d,"{'from': 'Chiplet_4', 'to': 'Chiplet_5', 'connection_type': '2.5d_rdl', 'loc': '2.5d_chiplet'},{'from': 'Chiplet_4', 'to': 'Chiplet_6', 'connection_type': '2.5d_rdl', 'loc': '2.5d_chiplet'},{'from': 'Chiplet_4', 'to': 'Chiplet_3', 'connection_type': '2.5d_rdl', 'loc': '2.5d_chiplet'},{'from': 'Chiplet_3', 'to': 'Chiplet_6', 'connection_type': '2.5d_rdl', 'loc': '2.5d_chiplet'},{'from': 'Chiplet_3', 'to': 'Chiplet_4', 'connection_type': '2.5d_rdl', 'loc': '2.5d_chiplet'},{'from': 'Chiplet_5', 'to': 'Chiplet_6', 'connection_type': '2.5d_rdl', 'loc': '2.5d_chiplet'},{'from': 'Chiplet_5', 'to': 'Chiplet_4', 'connection_type': '2.5d_rdl', 'loc': '2.5d_chiplet'},{'from': 'Chiplet_5', 'to': 'Chiplet_2', 'connection_type': '2.5d_rdl', 'loc': '2.5d_chiplet'},{'from': 'Chiplet_6', 'to': 'Chiplet_5', 'connection_type': '2.5d_rdl', 'loc': '2.5d_chiplet'},{'from': 'Chiplet_6', 'to': 'Chiplet_1', 'connection_type': '2.5d_rdl', 'loc': '2.5d_chiplet'},{'from': 'Chiplet_6', 'to': 'Chiplet_2', 'connection_type': '2.5d_rdl', 'loc': '2.5d_chiplet'},{'from': 'Chiplet_6', 'to': 'Chiplet_4', 'connection_type': '2.5d_rdl', 'loc': '2.5d_chiplet'},{'from': 'Chiplet_6', 'to': 'Chiplet_3', 'connection_type': '2.5d_rdl', 'loc': '2.5d_chiplet'},{'from': 'Chiplet_2', 'to': 'Chiplet_5', 'connection_type': '2.5d_rdl', 'loc': '2.5d_chiplet'},{'from': 'Chiplet_2', 'to': 'Chiplet_1', 'connection_type': '2.5d_rdl', 'loc': '2.5d_chiplet'},{'from': 'Chiplet_2', 'to': 'Chiplet_6', 'connection_type': '2.5d_rdl', 'loc': '2.5d_chiplet'},{'from': 'Chiplet_1', 'to': 'Chiplet_6', 'connection_type': '2.5d_rdl', 'loc': '2.5d_chiplet'},{'from': 'Chiplet_1', 'to': 'Chiplet_2', 'connection_type': '2.5d_rdl', 'loc': '2.5d_chiplet'}",1,1,1,3,1,1,ddr4,ucie_std,na,1,0,os,0,0,0
219,21.837991651641676,4212970.79,157544.13065359695,2284685625.710019,70150.0,88183.64229459719,219,1.249405813087535,1.7054115854749998,256,64x64,14,1.8849981800824636,3.1172648505374996,2048,96x96,10,4.818150952,10.4826,6144,192x192,7,1.51595254,4.475,1024,128x128,7,4.1253109519999995,10.4826,4096,192x192,7,3.3193280905479132,5.538366334949999,3072,128x128,10,2.5d_3d,"{'from': 'Chiplet_6', 'to': 'Chiplet_1', 'connection_type': '3d_hyb_bond', 'loc': 'stack0_base'},{'from': 'Chiplet_1', 'to': 'na', 'connection_type': '3d_hyb_bond', 'loc': 'stack0_top'},{'from': 'Chiplet_3', 'to': 'Chiplet_5', 'connection_type': '2.5d_emib', 'loc': '2.5d_chiplet'},{'from': 'Chiplet_3', 'to': 'Chiplet_6', 'connection_type': '2.5d_emib', 'loc': '2.5d_chiplet'},{'from': 'Chiplet_3', 'to': 'Chiplet_2', 'connection_type': '2.5d_emib', 'loc': '2.5d_chiplet'},{'from': 'Chiplet_3', 'to': 'Chiplet_4', 'connection_type': '2.5d_emib', 'loc': '2.5d_chiplet'},{'from': 'Chiplet_2', 'to': 'Chiplet_3', 'connection_type': '2.5d_emib', 'loc': '2.5d_chiplet'},{'from': 'Chiplet_2', 'to': 'Chiplet_4', 'connection_type': '2.5d_emib', 'loc': '2.5d_chiplet'},{'from': 'Chiplet_4', 'to': 'Chiplet_3', 'connection_type': '2.5d_emib', 'loc': '2.5d_chiplet'},{'from': 'Chiplet_4', 'to': 'Chiplet_2', 'connection_type': '2.5d_emib', 'loc': '2.5d_chiplet'},{'from': 'Chiplet_5', 'to': 'Chiplet_3', 'connection_type': '2.5d_emib', 'loc': '2.5d_chiplet'},{'from': 'Chiplet_5', 'to': 'Chiplet_6', 'connection_type': '2.5d_emib', 'loc': '2.5d_chiplet'},{'from': 'Chiplet_6', 'to': 'Chiplet_5', 'connection_type': '2.5d_emib', 'loc': '2.5d_chiplet'},{'from': 'Chiplet_6', 'to': 'Chiplet_3', 'connection_type': '2.5d_emib', 'loc': '2.5d_chiplet'}",1,2,5,1,4,3,hbm2,ucie_adv,ucie_3d,0,0,is,0,0,0
220,10.847348038445737,1820548.25,52816.942566405196,4486709749.869807,963152.6575214296,402237.11648090894,220,0.378988,1.11875,256,64x64,7,1.578984604787535,1.7054115854749998,768,64x64,14,3.665749090547913,5.538366334949999,4096,128x128,10,3.2571509657793953,3.8395579270749995,1536,96x96,14,0.916436759447044,1.3845915837374998,1024,64x64,10,2.55521354,4.475,4096,128x128,7,2.5d_3d,"{'from': 'Chiplet_3', 'to': 'Chiplet_2', 'connection_type': '3d_u_bump', 'loc': 'stack0_base'},{'from': 'Chiplet_2', 'to': 'Chiplet_5', 'connection_type': '3d_u_bump', 'loc': 'stack0_middle1'},{'from': 'Chiplet_5', 'to': 'Chiplet_1', 'connection_type': '3d_u_bump', 'loc': 'stack0_middle2'},{'from': 'Chiplet_1', 'to': 'na', 'connection_type': '3d_u_bump', 'loc': 'stack0_top'},{'from': 'Chiplet_3', 'to': 'Chiplet_6', 'connection_type': '2.5d_rdl', 'loc': '2.5d_chiplet'},{'from': 'Chiplet_3', 'to': 'Chiplet_4', 'connection_type': '2.5d_rdl', 'loc': '2.5d_chiplet'},{'from': 'Chiplet_4', 'to': 'Chiplet_3', 'connection_type': '2.5d_rdl', 'loc': '2.5d_chiplet'},{'from': 'Chiplet_4', 'to': 'Chiplet_6', 'connection_type': '2.5d_rdl', 'loc': '2.5d_chiplet'},{'from': 'Chiplet_6', 'to': 'Chiplet_3', 'connection_type': '2.5d_rdl', 'loc': '2.5d_chiplet'},{'from': 'Chiplet_6', 'to': 'Chiplet_4', 'connection_type': '2.5d_rdl', 'loc': '2.5d_chiplet'}",1,1,2,2,1,1,ddr5,ucie_std,ucie_3d,0,0,ws,1,0,0
221,34.59292226459208,4112831.53,181391.52809059227,2007995828.230483,75142.14285714286,83969.04007455206,221,1.743774000637535,1.7054115854749998,1024,64x64,14,2.6264880905479133,5.538366334949999,1024,128x128,10,2.20879254,4.475,3072,128x128,7,15.436124909546791,15.979573171754398,8192,192x192,14,3.5867297574793953,3.8395579270749995,2048,96x96,14,0.957922696,2.51875,1024,96x96,7,2.5d,"{'from': 'Chiplet_4', 'to': 'Chiplet_5', 'connection_type': '2.5d_emib', 'loc': '2.5d_chiplet'},{'from': 'Chiplet_4', 'to': 'Chiplet_2', 'connection_type': '2.5d_emib', 'loc': '2.5d_chiplet'},{'from': 'Chiplet_5', 'to': 'Chiplet_3', 'connection_type': '2.5d_emib', 'loc': '2.5d_chiplet'},{'from': 'Chiplet_5', 'to': 'Chiplet_1', 'connection_type': '2.5d_emib', 'loc': '2.5d_chiplet'},{'from': 'Chiplet_5', 'to': 'Chiplet_2', 'connection_type': '2.5d_emib', 'loc': '2.5d_chiplet'},{'from': 'Chiplet_5', 'to': 'Chiplet_4', 'connection_type': '2.5d_emib', 'loc': '2.5d_chiplet'},{'from': 'Chiplet_1', 'to': 'Chiplet_5', 'connection_type': '2.5d_emib', 'loc': '2.5d_chiplet'},{'from': 'Chiplet_1', 'to': 'Chiplet_3', 'connection_type': '2.5d_emib', 'loc': '2.5d_chiplet'},{'from': 'Chiplet_2', 'to': 'Chiplet_5', 'connection_type': '2.5d_emib', 'loc': '2.5d_chiplet'},{'from': 'Chiplet_2', 'to': 'Chiplet_3', 'connection_type': '2.5d_emib', 'loc': '2.5d_chiplet'},{'from': 'Chiplet_2', 'to': 'Chiplet_6', 'connection_type': '2.5d_emib', 'loc': '2.5d_chiplet'},{'from': 'Chiplet_2', 'to': 'Chiplet_4', 'connection_type': '2.5d_emib', 'loc': '2.5d_chiplet'},{'from': 'Chiplet_3', 'to': 'Chiplet_5', 'connection_type': '2.5d_emib', 'loc': '2.5d_chiplet'},{'from': 'Chiplet_3', 'to': 'Chiplet_1', 'connection_type': '2.5d_emib', 'loc': '2.5d_chiplet'},{'from': 'Chiplet_3', 'to': 'Chiplet_2', 'connection_type': '2.5d_emib', 'loc': '2.5d_chiplet'},{'from': 'Chiplet_3', 'to': 'Chiplet_6', 'connection_type': '2.5d_emib', 'loc': '2.5d_chiplet'},{'from': 'Chiplet_6', 'to': 'Chiplet_3', 'connection_type': '2.5d_emib', 'loc': '2.5d_chiplet'},{'from': 'Chiplet_6', 'to': 'Chiplet_2', 'connection_type': '2.5d_emib', 'loc': '2.5d_chiplet'}",1,2,1,9,2,1,hbm3,ucie_adv,na,1,0,ws,0,0,0
222,39.31347444495909,3908336.51,82221.56732176029,2054861861.0547876,66596.49572649573,80248.57861797701,222,0.638803,1.11875,1024,64x64,7,2.597993382379395,3.8395579270749995,512,96x96,14,3.3193280905479132,5.538366334949999,3072,128x128,10,6.315940422320179,6.821646341899999,3072,128x128,14,0.656621759447044,1.3845915837374998,256,64x64,10,12.799492673176792,15.979573171754398,4096,192x192,14,2.5d,"{'from': 'Chiplet_6', 'to': 'Chiplet_3', 'connection_type': '2.5d_rdl', 'loc': '2.5d_chiplet'},{'from': 'Chiplet_6', 'to': 'Chiplet_1', 'connection_type': '2.5d_rdl', 'loc': '2.5d_chiplet'},{'from': 'Chiplet_6', 'to': 'Chiplet_4', 'connection_type': '2.5d_rdl', 'loc': '2.5d_chiplet'},{'from': 'Chiplet_1', 'to': 'Chiplet_3', 'connection_type': '2.5d_rdl', 'loc': '2.5d_chiplet'},{'from': 'Chiplet_1', 'to': 'Chiplet_6', 'connection_type': '2.5d_rdl', 'loc': '2.5d_chiplet'},{'from': 'Chiplet_4', 'to': 'Chiplet_3', 'connection_type': '2.5d_rdl', 'loc': '2.5d_chiplet'},{'from': 'Chiplet_4', 'to': 'Chiplet_6', 'connection_type': '2.5d_rdl', 'loc': '2.5d_chiplet'},{'from': 'Chiplet_4', 'to': 'Chiplet_2', 'connection_type': '2.5d_rdl', 'loc': '2.5d_chiplet'},{'from': 'Chiplet_3', 'to': 'Chiplet_5', 'connection_type': '2.5d_rdl', 'loc': '2.5d_chiplet'},{'from': 'Chiplet_3', 'to': 'Chiplet_1', 'connection_type': '2.5d_rdl', 'loc': '2.5d_chiplet'},{'from': 'Chiplet_3', 'to': 'Chiplet_6', 'connection_type': '2.5d_rdl', 'loc': '2.5d_chiplet'},{'from': 'Chiplet_3', 'to': 'Chiplet_2', 'connection_type': '2.5d_rdl', 'loc': '2.5d_chiplet'},{'from': 'Chiplet_3', 'to': 'Chiplet_4', 'connection_type': '2.5d_rdl', 'loc': '2.5d_chiplet'},{'from': 'Chiplet_2', 'to': 'Chiplet_5', 'connection_type': '2.5d_rdl', 'loc': '2.5d_chiplet'},{'from': 'Chiplet_2', 'to': 'Chiplet_3', 'connection_type': '2.5d_rdl', 'loc': '2.5d_chiplet'},{'from': 'Chiplet_2', 'to': 'Chiplet_4', 'connection_type': '2.5d_rdl', 'loc': '2.5d_chiplet'},{'from': 'Chiplet_5', 'to': 'Chiplet_3', 'connection_type': '2.5d_rdl', 'loc': '2.5d_chiplet'},{'from': 'Chiplet_5', 'to': 'Chiplet_2', 'connection_type': '2.5d_rdl', 'loc': '2.5d_chiplet'}",1,1,2,4,1,7,hbm3,ucie_std,na,0,0,os,0,0,0
223,25.307179252875592,3084457.69,164209.66959700183,1874958504.8948557,454236.6505535338,244997.1191719188,223,0.916436759447044,1.3845915837374998,1024,64x64,10,1.743774000637535,1.7054115854749998,1024,64x64,14,1.743774000637535,1.7054115854749998,1024,64x64,14,4.818150952,10.4826,6144,192x192,7,1.5385781800824634,3.1172648505374996,1024,96x96,10,6.315940422320179,6.821646341899999,3072,128x128,14,2.5d,"{'from': 'Chiplet_6', 'to': 'Chiplet_3', 'connection_type': '2.5d_emib', 'loc': '2.5d_chiplet'},{'from': 'Chiplet_6', 'to': 'Chiplet_1', 'connection_type': '2.5d_emib', 'loc': '2.5d_chiplet'},{'from': 'Chiplet_6', 'to': 'Chiplet_2', 'connection_type': '2.5d_emib', 'loc': '2.5d_chiplet'},{'from': 'Chiplet_6', 'to': 'Chiplet_4', 'connection_type': '2.5d_emib', 'loc': '2.5d_chiplet'},{'from': 'Chiplet_3', 'to': 'Chiplet_1', 'connection_type': '2.5d_emib', 'loc': '2.5d_chiplet'},{'from': 'Chiplet_3', 'to': 'Chiplet_6', 'connection_type': '2.5d_emib', 'loc': '2.5d_chiplet'},{'from': 'Chiplet_1', 'to': 'Chiplet_3', 'connection_type': '2.5d_emib', 'loc': '2.5d_chiplet'},{'from': 'Chiplet_1', 'to': 'Chiplet_6', 'connection_type': '2.5d_emib', 'loc': '2.5d_chiplet'},{'from': 'Chiplet_4', 'to': 'Chiplet_5', 'connection_type': '2.5d_emib', 'loc': '2.5d_chiplet'},{'from': 'Chiplet_4', 'to': 'Chiplet_6', 'connection_type': '2.5d_emib', 'loc': '2.5d_chiplet'},{'from': 'Chiplet_4', 'to': 'Chiplet_2', 'connection_type': '2.5d_emib', 'loc': '2.5d_chiplet'},{'from': 'Chiplet_2', 'to': 'Chiplet_5', 'connection_type': '2.5d_emib', 'loc': '2.5d_chiplet'},{'from': 'Chiplet_2', 'to': 'Chiplet_6', 'connection_type': '2.5d_emib', 'loc': '2.5d_chiplet'},{'from': 'Chiplet_2', 'to': 'Chiplet_4', 'connection_type': '2.5d_emib', 'loc': '2.5d_chiplet'},{'from': 'Chiplet_5', 'to': 'Chiplet_2', 'connection_type': '2.5d_emib', 'loc': '2.5d_chiplet'},{'from': 'Chiplet_5', 'to': 'Chiplet_4', 'connection_type': '2.5d_emib', 'loc': '2.5d_chiplet'}",1,2,2,4,1,6,hbm2,bow,na,1,0,os,1,0,0
224,31.707060294980163,3283411.77,68367.88497598519,1685640416.6857593,85847.71986970684,80512.73812641582,224,3.2571509657793953,3.8395579270749995,1536,96x96,14,7.419580457366196,12.973514847541198,6144,192x192,10,0.784712696,2.51875,512,96x96,7,5.656782838920179,6.821646341899999,2048,128x128,14,2.597993382379395,3.8395579270749995,512,96x96,14,0.656621759447044,1.3845915837374998,256,64x64,10,2.5d,"{'from': 'Chiplet_2', 'to': 'Chiplet_5', 'connection_type': '2.5d_rdl', 'loc': '2.5d_chiplet'},{'from': 'Chiplet_2', 'to': 'Chiplet_1', 'connection_type': '2.5d_rdl', 'loc': '2.5d_chiplet'},{'from': 'Chiplet_2', 'to': 'Chiplet_4', 'connection_type': '2.5d_rdl', 'loc': '2.5d_chiplet'},{'from': 'Chiplet_5', 'to': 'Chiplet_1', 'connection_type': '2.5d_rdl', 'loc': '2.5d_chiplet'},{'from': 'Chiplet_5', 'to': 'Chiplet_2', 'connection_type': '2.5d_rdl', 'loc': '2.5d_chiplet'},{'from': 'Chiplet_4', 'to': 'Chiplet_3', 'connection_type': '2.5d_rdl', 'loc': '2.5d_chiplet'},{'from': 'Chiplet_4', 'to': 'Chiplet_1', 'connection_type': '2.5d_rdl', 'loc': '2.5d_chiplet'},{'from': 'Chiplet_4', 'to': 'Chiplet_2', 'connection_type': '2.5d_rdl', 'loc': '2.5d_chiplet'},{'from': 'Chiplet_1', 'to': 'Chiplet_5', 'connection_type': '2.5d_rdl', 'loc': '2.5d_chiplet'},{'from': 'Chiplet_1', 'to': 'Chiplet_6', 'connection_type': '2.5d_rdl', 'loc': '2.5d_chiplet'},{'from': 'Chiplet_1', 'to': 'Chiplet_2', 'connection_type': '2.5d_rdl', 'loc': '2.5d_chiplet'},{'from': 'Chiplet_1', 'to': 'Chiplet_4', 'connection_type': '2.5d_rdl', 'loc': '2.5d_chiplet'},{'from': 'Chiplet_1', 'to': 'Chiplet_3', 'connection_type': '2.5d_rdl', 'loc': '2.5d_chiplet'},{'from': 'Chiplet_3', 'to': 'Chiplet_1', 'connection_type': '2.5d_rdl', 'loc': '2.5d_chiplet'},{'from': 'Chiplet_3', 'to': 'Chiplet_6', 'connection_type': '2.5d_rdl', 'loc': '2.5d_chiplet'},{'from': 'Chiplet_3', 'to': 'Chiplet_4', 'connection_type': '2.5d_rdl', 'loc': '2.5d_chiplet'},{'from': 'Chiplet_6', 'to': 'Chiplet_3', 'connection_type': '2.5d_rdl', 'loc': '2.5d_chiplet'},{'from': 'Chiplet_6', 'to': 'Chiplet_1', 'connection_type': '2.5d_rdl', 'loc': '2.5d_chiplet'}",2,6,1,4,2,1,hbm3,ucie_std,na,1,0,ws,0,0,0
225,20.102694734633104,2277701.84,52350.5019224647,7090809143.978854,191676.96078431373,202623.26042959437,225,2.597993382379395,3.8395579270749995,512,96x96,14,2.55521354,4.475,4096,128x128,7,0.46559300000000003,1.11875,512,64x64,7,0.46559300000000003,1.11875,512,64x64,7,5.656782838920179,6.821646341899999,2048,128x128,14,1.7117881800824635,3.1172648505374996,1536,96x96,10,2.5d_3d,"{'from': 'Chiplet_2', 'to': 'Chiplet_4', 'connection_type': '3d_hyb_bond', 'loc': 'stack0_base'},{'from': 'Chiplet_4', 'to': 'na', 'connection_type': '3d_hyb_bond', 'loc': 'stack0_top'},{'from': 'Chiplet_5', 'to': 'Chiplet_3', 'connection_type': '2.5d_rdl', 'loc': '2.5d_chiplet'},{'from': 'Chiplet_5', 'to': 'Chiplet_1', 'connection_type': '2.5d_rdl', 'loc': '2.5d_chiplet'},{'from': 'Chiplet_5', 'to': 'Chiplet_2', 'connection_type': '2.5d_rdl', 'loc': '2.5d_chiplet'},{'from': 'Chiplet_3', 'to': 'Chiplet_5', 'connection_type': '2.5d_rdl', 'loc': '2.5d_chiplet'},{'from': 'Chiplet_3', 'to': 'Chiplet_2', 'connection_type': '2.5d_rdl', 'loc': '2.5d_chiplet'},{'from': 'Chiplet_1', 'to': 'Chiplet_5', 'connection_type': '2.5d_rdl', 'loc': '2.5d_chiplet'},{'from': 'Chiplet_1', 'to': 'Chiplet_6', 'connection_type': '2.5d_rdl', 'loc': '2.5d_chiplet'},{'from': 'Chiplet_1', 'to': 'Chiplet_2', 'connection_type': '2.5d_rdl', 'loc': '2.5d_chiplet'},{'from': 'Chiplet_2', 'to': 'Chiplet_5', 'connection_type': '2.5d_rdl', 'loc': '2.5d_chiplet'},{'from': 'Chiplet_2', 'to': 'Chiplet_1', 'connection_type': '2.5d_rdl', 'loc': '2.5d_chiplet'},{'from': 'Chiplet_2', 'to': 'Chiplet_6', 'connection_type': '2.5d_rdl', 'loc': '2.5d_chiplet'},{'from': 'Chiplet_2', 'to': 'Chiplet_3', 'connection_type': '2.5d_rdl', 'loc': '2.5d_chiplet'},{'from': 'Chiplet_6', 'to': 'Chiplet_1', 'connection_type': '2.5d_rdl', 'loc': '2.5d_chiplet'},{'from': 'Chiplet_6', 'to': 'Chiplet_2', 'connection_type': '2.5d_rdl', 'loc': '2.5d_chiplet'}",1,1,1,1,3,1,ddr5,ucie_std,ucie_3d,1,0,ws,0,0,0
226,41.33678592475901,5673875.66,102156.41078211939,1731785835.607117,55068.473748473756,81908.37334436973,226,3.2571509657793953,3.8395579270749995,1536,96x96,14,1.51595254,4.475,1024,128x128,7,1.249405813087535,1.7054115854749998,256,64x64,14,4.818150952,10.4826,6144,192x192,7,6.033899457366197,12.973514847541198,2048,192x192,10,11.481175603606792,15.979573171754398,2048,192x192,14,2.5d_3d,"{'from': 'Chiplet_5', 'to': 'Chiplet_2', 'connection_type': '3d_hyb_bond', 'loc': 'stack0_base'},{'from': 'Chiplet_2', 'to': 'na', 'connection_type': '3d_hyb_bond', 'loc': 'stack0_top'},{'from': 'Chiplet_6', 'to': 'Chiplet_5', 'connection_type': '2.5d_rdl', 'loc': '2.5d_chiplet'},{'from': 'Chiplet_6', 'to': 'Chiplet_4', 'connection_type': '2.5d_rdl', 'loc': '2.5d_chiplet'},{'from': 'Chiplet_6', 'to': 'Chiplet_3', 'connection_type': '2.5d_rdl', 'loc': '2.5d_chiplet'},{'from': 'Chiplet_3', 'to': 'Chiplet_6', 'connection_type': '2.5d_rdl', 'loc': '2.5d_chiplet'},{'from': 'Chiplet_3', 'to': 'Chiplet_4', 'connection_type': '2.5d_rdl', 'loc': '2.5d_chiplet'},{'from': 'Chiplet_5', 'to': 'Chiplet_1', 'connection_type': '2.5d_rdl', 'loc': '2.5d_chiplet'},{'from': 'Chiplet_5', 'to': 'Chiplet_6', 'connection_type': '2.5d_rdl', 'loc': '2.5d_chiplet'},{'from': 'Chiplet_5', 'to': 'Chiplet_4', 'connection_type': '2.5d_rdl', 'loc': '2.5d_chiplet'},{'from': 'Chiplet_4', 'to': 'Chiplet_5', 'connection_type': '2.5d_rdl', 'loc': '2.5d_chiplet'},{'from': 'Chiplet_4', 'to': 'Chiplet_3', 'connection_type': '2.5d_rdl', 'loc': '2.5d_chiplet'},{'from': 'Chiplet_4', 'to': 'Chiplet_1', 'connection_type': '2.5d_rdl', 'loc': '2.5d_chiplet'},{'from': 'Chiplet_4', 'to': 'Chiplet_6', 'connection_type': '2.5d_rdl', 'loc': '2.5d_chiplet'},{'from': 'Chiplet_1', 'to': 'Chiplet_5', 'connection_type': '2.5d_rdl', 'loc': '2.5d_chiplet'},{'from': 'Chiplet_1', 'to': 'Chiplet_4', 'connection_type': '2.5d_rdl', 'loc': '2.5d_chiplet'}",2,1,1,3,3,6,hbm3,ucie_std,ucie_3d,0,0,ws,0,0,0
227,30.871098847567456,2896946.65,57945.595974639815,1975932608.110961,804689.9934239007,399261.8398989617,227,0.378988,1.11875,256,64x64,7,0.916436759447044,1.3845915837374998,1024,64x64,10,2.927572174079395,3.8395579270749995,1024,96x96,14,0.743226759447044,1.3845915837374998,512,64x64,10,7.419580457366196,12.973514847541198,6144,192x192,10,3.5867297574793953,3.8395579270749995,2048,96x96,14,2.5d,"{'from': 'Chiplet_5', 'to': 'Chiplet_6', 'connection_type': '2.5d_rdl', 'loc': '2.5d_chiplet'},{'from': 'Chiplet_5', 'to': 'Chiplet_4', 'connection_type': '2.5d_rdl', 'loc': '2.5d_chiplet'},{'from': 'Chiplet_4', 'to': 'Chiplet_5', 'connection_type': '2.5d_rdl', 'loc': '2.5d_chiplet'},{'from': 'Chiplet_4', 'to': 'Chiplet_6', 'connection_type': '2.5d_rdl', 'loc': '2.5d_chiplet'},{'from': 'Chiplet_6', 'to': 'Chiplet_5', 'connection_type': '2.5d_rdl', 'loc': '2.5d_chiplet'},{'from': 'Chiplet_6', 'to': 'Chiplet_1', 'connection_type': '2.5d_rdl', 'loc': '2.5d_chiplet'},{'from': 'Chiplet_6', 'to': 'Chiplet_2', 'connection_type': '2.5d_rdl', 'loc': '2.5d_chiplet'},{'from': 'Chiplet_6', 'to': 'Chiplet_4', 'connection_type': '2.5d_rdl', 'loc': '2.5d_chiplet'},{'from': 'Chiplet_6', 'to': 'Chiplet_3', 'connection_type': '2.5d_rdl', 'loc': '2.5d_chiplet'},{'from': 'Chiplet_1', 'to': 'Chiplet_6', 'connection_type': '2.5d_rdl', 'loc': '2.5d_chiplet'},{'from': 'Chiplet_1', 'to': 'Chiplet_2', 'connection_type': '2.5d_rdl', 'loc': '2.5d_chiplet'},{'from': 'Chiplet_3', 'to': 'Chiplet_6', 'connection_type': '2.5d_rdl', 'loc': '2.5d_chiplet'},{'from': 'Chiplet_3', 'to': 'Chiplet_2', 'connection_type': '2.5d_rdl', 'loc': '2.5d_chiplet'},{'from': 'Chiplet_2', 'to': 'Chiplet_3', 'connection_type': '2.5d_rdl', 'loc': '2.5d_chiplet'},{'from': 'Chiplet_2', 'to': 'Chiplet_1', 'connection_type': '2.5d_rdl', 'loc': '2.5d_chiplet'},{'from': 'Chiplet_2', 'to': 'Chiplet_6', 'connection_type': '2.5d_rdl', 'loc': '2.5d_chiplet'}",1,1,3,1,7,3,hbm2,ucie_std,na,0,0,is,1,0,0
228,23.915816720650206,4790614.07,151816.06182127676,2547845803.128552,49254.07308717168,89481.41631453238,228,8.112421457366196,12.973514847541198,8192,192x192,10,7.419580457366196,12.973514847541198,6144,192x192,10,0.957922696,2.51875,1024,96x96,7,7.419580457366196,12.973514847541198,6144,192x192,10,0.784712696,2.51875,512,96x96,7,1.8849981800824636,3.1172648505374996,2048,96x96,10,2.5d_3d,"{'from': 'Chiplet_4', 'to': 'Chiplet_2', 'connection_type': '3d_tsv', 'loc': 'stack0_base'},{'from': 'Chiplet_2', 'to': 'Chiplet_5', 'connection_type': '3d_tsv', 'loc': 'stack0_middle1'},{'from': 'Chiplet_5', 'to': 'na', 'connection_type': '3d_tsv', 'loc': 'stack0_top'},{'from': 'Chiplet_1', 'to': 'Chiplet_3', 'connection_type': '2.5d_emib', 'loc': '2.5d_chiplet'},{'from': 'Chiplet_1', 'to': 'Chiplet_4', 'connection_type': '2.5d_emib', 'loc': '2.5d_chiplet'},{'from': 'Chiplet_3', 'to': 'Chiplet_1', 'connection_type': '2.5d_emib', 'loc': '2.5d_chiplet'},{'from': 'Chiplet_3', 'to': 'Chiplet_6', 'connection_type': '2.5d_emib', 'loc': '2.5d_chiplet'},{'from': 'Chiplet_4', 'to': 'Chiplet_1', 'connection_type': '2.5d_emib', 'loc': '2.5d_chiplet'},{'from': 'Chiplet_4', 'to': 'Chiplet_6', 'connection_type': '2.5d_emib', 'loc': '2.5d_chiplet'},{'from': 'Chiplet_6', 'to': 'Chiplet_3', 'connection_type': '2.5d_emib', 'loc': '2.5d_chiplet'},{'from': 'Chiplet_6', 'to': 'Chiplet_4', 'connection_type': '2.5d_emib', 'loc': '2.5d_chiplet'}",5,4,1,4,1,1,hbm2,ucie_adv,ucie_3d,0,0,os,0,0,0
229,13.348120262397842,3893309.25,152536.99954672297,4739231664.484742,137039.9740989426,180766.54216494664,229,5.5109919519999995,10.4826,8192,192x192,7,1.743774000637535,1.7054115854749998,1024,64x64,14,2.55521354,4.475,4096,128x128,7,2.972908090547913,5.538366334949999,2048,128x128,10,1.51595254,4.475,1024,128x128,7,5.5109919519999995,10.4826,8192,192x192,7,2.5d_3d,"{'from': 'Chiplet_1', 'to': 'Chiplet_6', 'connection_type': '3d_hyb_bond', 'loc': 'stack0_base'},{'from': 'Chiplet_6', 'to': 'Chiplet_4', 'connection_type': '3d_hyb_bond', 'loc': 'stack0_middle1'},{'from': 'Chiplet_4', 'to': 'Chiplet_5', 'connection_type': '3d_hyb_bond', 'loc': 'stack0_middle2'},{'from': 'Chiplet_5', 'to': 'na', 'connection_type': '3d_hyb_bond', 'loc': 'stack0_top'},{'from': 'Chiplet_1', 'to': 'Chiplet_3', 'connection_type': '2.5d_emib', 'loc': '2.5d_chiplet'},{'from': 'Chiplet_1', 'to': 'Chiplet_2', 'connection_type': '2.5d_emib', 'loc': '2.5d_chiplet'},{'from': 'Chiplet_3', 'to': 'Chiplet_1', 'connection_type': '2.5d_emib', 'loc': '2.5d_chiplet'},{'from': 'Chiplet_3', 'to': 'Chiplet_2', 'connection_type': '2.5d_emib', 'loc': '2.5d_chiplet'},{'from': 'Chiplet_2', 'to': 'Chiplet_3', 'connection_type': '2.5d_emib', 'loc': '2.5d_chiplet'},{'from': 'Chiplet_2', 'to': 'Chiplet_1', 'connection_type': '2.5d_emib', 'loc': '2.5d_chiplet'}",2,1,1,1,1,2,ddr4,aib,ucie_3d,0,0,ws,1,0,0
230,45.37593786883039,4666719.33,119555.9747514749,5026942439.238141,96515.04482477589,190504.0035015983,230,1.86237254,4.475,2048,128x128,7,0.743226759447044,1.3845915837374998,512,64x64,10,8.112421457366196,12.973514847541198,8192,192x192,10,12.799492673176792,15.979573171754398,4096,192x192,14,1.51595254,4.475,1024,128x128,7,11.481175603606792,15.979573171754398,2048,192x192,14,2.5d,"{'from': 'Chiplet_4', 'to': 'Chiplet_5', 'connection_type': '2.5d_rdl', 'loc': '2.5d_chiplet'},{'from': 'Chiplet_4', 'to': 'Chiplet_3', 'connection_type': '2.5d_rdl', 'loc': '2.5d_chiplet'},{'from': 'Chiplet_4', 'to': 'Chiplet_1', 'connection_type': '2.5d_rdl', 'loc': '2.5d_chiplet'},{'from': 'Chiplet_4', 'to': 'Chiplet_6', 'connection_type': '2.5d_rdl', 'loc': '2.5d_chiplet'},{'from': 'Chiplet_1', 'to': 'Chiplet_5', 'connection_type': '2.5d_rdl', 'loc': '2.5d_chiplet'},{'from': 'Chiplet_1', 'to': 'Chiplet_2', 'connection_type': '2.5d_rdl', 'loc': '2.5d_chiplet'},{'from': 'Chiplet_1', 'to': 'Chiplet_4', 'connection_type': '2.5d_rdl', 'loc': '2.5d_chiplet'},{'from': 'Chiplet_5', 'to': 'Chiplet_1', 'connection_type': '2.5d_rdl', 'loc': '2.5d_chiplet'},{'from': 'Chiplet_5', 'to': 'Chiplet_2', 'connection_type': '2.5d_rdl', 'loc': '2.5d_chiplet'},{'from': 'Chiplet_5', 'to': 'Chiplet_4', 'connection_type': '2.5d_rdl', 'loc': '2.5d_chiplet'},{'from': 'Chiplet_2', 'to': 'Chiplet_5', 'connection_type': '2.5d_rdl', 'loc': '2.5d_chiplet'},{'from': 'Chiplet_2', 'to': 'Chiplet_1', 'connection_type': '2.5d_rdl', 'loc': '2.5d_chiplet'},{'from': 'Chiplet_6', 'to': 'Chiplet_3', 'connection_type': '2.5d_rdl', 'loc': '2.5d_chiplet'},{'from': 'Chiplet_6', 'to': 'Chiplet_4', 'connection_type': '2.5d_rdl', 'loc': '2.5d_chiplet'},{'from': 'Chiplet_3', 'to': 'Chiplet_6', 'connection_type': '2.5d_rdl', 'loc': '2.5d_chiplet'},{'from': 'Chiplet_3', 'to': 'Chiplet_4', 'connection_type': '2.5d_rdl', 'loc': '2.5d_chiplet'}",1,1,1,2,1,2,ddr5,ucie_std,na,0,0,is,0,0,0
231,43.41663032034166,4474052.69,108421.66909975425,5195542147.968732,66026.42779587406,149383.5490870037,231,6.975099908490179,6.821646341899999,4096,128x128,14,2.6264880905479133,5.538366334949999,1024,128x128,10,5.5109919519999995,10.4826,8192,192x192,7,6.315940422320179,6.821646341899999,3072,128x128,14,1.578984604787535,1.7054115854749998,768,64x64,14,8.112421457366196,12.973514847541198,8192,192x192,10,2.5d,"{'from': 'Chiplet_6', 'to': 'Chiplet_5', 'connection_type': '2.5d_rdl', 'loc': '2.5d_chiplet'},{'from': 'Chiplet_6', 'to': 'Chiplet_3', 'connection_type': '2.5d_rdl', 'loc': '2.5d_chiplet'},{'from': 'Chiplet_6', 'to': 'Chiplet_1', 'connection_type': '2.5d_rdl', 'loc': '2.5d_chiplet'},{'from': 'Chiplet_6', 'to': 'Chiplet_4', 'connection_type': '2.5d_rdl', 'loc': '2.5d_chiplet'},{'from': 'Chiplet_3', 'to': 'Chiplet_5', 'connection_type': '2.5d_rdl', 'loc': '2.5d_chiplet'},{'from': 'Chiplet_3', 'to': 'Chiplet_6', 'connection_type': '2.5d_rdl', 'loc': '2.5d_chiplet'},{'from': 'Chiplet_5', 'to': 'Chiplet_3', 'connection_type': '2.5d_rdl', 'loc': '2.5d_chiplet'},{'from': 'Chiplet_5', 'to': 'Chiplet_6', 'connection_type': '2.5d_rdl', 'loc': '2.5d_chiplet'},{'from': 'Chiplet_1', 'to': 'Chiplet_6', 'connection_type': '2.5d_rdl', 'loc': '2.5d_chiplet'},{'from': 'Chiplet_1', 'to': 'Chiplet_4', 'connection_type': '2.5d_rdl', 'loc': '2.5d_chiplet'},{'from': 'Chiplet_1', 'to': 'Chiplet_2', 'connection_type': '2.5d_rdl', 'loc': '2.5d_chiplet'},{'from': 'Chiplet_4', 'to': 'Chiplet_1', 'connection_type': '2.5d_rdl', 'loc': '2.5d_chiplet'},{'from': 'Chiplet_4', 'to': 'Chiplet_6', 'connection_type': '2.5d_rdl', 'loc': '2.5d_chiplet'},{'from': 'Chiplet_4', 'to': 'Chiplet_2', 'connection_type': '2.5d_rdl', 'loc': '2.5d_chiplet'},{'from': 'Chiplet_2', 'to': 'Chiplet_1', 'connection_type': '2.5d_rdl', 'loc': '2.5d_chiplet'},{'from': 'Chiplet_2', 'to': 'Chiplet_4', 'connection_type': '2.5d_rdl', 'loc': '2.5d_chiplet'}",2,1,1,1,1,2,ddr5,ucie_std,na,1,0,ws,0,0,0
232,18.380072179134324,2410689.78,67164.51217268681,3264133603.093006,708829.4172003958,395923.19462861546,232,2.972908090547913,5.538366334949999,2048,128x128,10,5.5109919519999995,10.4826,8192,192x192,7,0.916436759447044,1.3845915837374998,1024,64x64,10,0.916436759447044,1.3845915837374998,1024,64x64,10,1.304342696,2.51875,2048,96x96,7,1.51595254,4.475,1024,128x128,7,2.5d,"{'from': 'Chiplet_2', 'to': 'Chiplet_3', 'connection_type': '2.5d_rdl', 'loc': '2.5d_chiplet'},{'from': 'Chiplet_2', 'to': 'Chiplet_1', 'connection_type': '2.5d_rdl', 'loc': '2.5d_chiplet'},{'from': 'Chiplet_2', 'to': 'Chiplet_6', 'connection_type': '2.5d_rdl', 'loc': '2.5d_chiplet'},{'from': 'Chiplet_3', 'to': 'Chiplet_6', 'connection_type': '2.5d_rdl', 'loc': '2.5d_chiplet'},{'from': 'Chiplet_3', 'to': 'Chiplet_2', 'connection_type': '2.5d_rdl', 'loc': '2.5d_chiplet'},{'from': 'Chiplet_1', 'to': 'Chiplet_5', 'connection_type': '2.5d_rdl', 'loc': '2.5d_chiplet'},{'from': 'Chiplet_1', 'to': 'Chiplet_6', 'connection_type': '2.5d_rdl', 'loc': '2.5d_chiplet'},{'from': 'Chiplet_1', 'to': 'Chiplet_2', 'connection_type': '2.5d_rdl', 'loc': '2.5d_chiplet'},{'from': 'Chiplet_6', 'to': 'Chiplet_5', 'connection_type': '2.5d_rdl', 'loc': '2.5d_chiplet'},{'from': 'Chiplet_6', 'to': 'Chiplet_1', 'connection_type': '2.5d_rdl', 'loc': '2.5d_chiplet'},{'from': 'Chiplet_6', 'to': 'Chiplet_2', 'connection_type': '2.5d_rdl', 'loc': '2.5d_chiplet'},{'from': 'Chiplet_6', 'to': 'Chiplet_4', 'connection_type': '2.5d_rdl', 'loc': '2.5d_chiplet'},{'from': 'Chiplet_6', 'to': 'Chiplet_3', 'connection_type': '2.5d_rdl', 'loc': '2.5d_chiplet'},{'from': 'Chiplet_5', 'to': 'Chiplet_1', 'connection_type': '2.5d_rdl', 'loc': '2.5d_chiplet'},{'from': 'Chiplet_5', 'to': 'Chiplet_6', 'connection_type': '2.5d_rdl', 'loc': '2.5d_chiplet'},{'from': 'Chiplet_5', 'to': 'Chiplet_4', 'connection_type': '2.5d_rdl', 'loc': '2.5d_chiplet'},{'from': 'Chiplet_4', 'to': 'Chiplet_5', 'connection_type': '2.5d_rdl', 'loc': '2.5d_chiplet'},{'from': 'Chiplet_4', 'to': 'Chiplet_6', 'connection_type': '2.5d_rdl', 'loc': '2.5d_chiplet'}",1,3,1,1,1,1,ddr5,ucie_std,na,1,0,os,1,0,0
233,23.243221478053623,2966424.67,175461.262668841,6495721932.703051,76990.5935347112,165327.73336170916,233,4.818150952,10.4826,6144,192x192,7,2.597993382379395,3.8395579270749995,512,96x96,14,1.304342696,2.51875,2048,96x96,7,2.6264880905479133,5.538366334949999,1024,128x128,10,1.86237254,4.475,2048,128x128,7,3.665749090547913,5.538366334949999,4096,128x128,10,2.5d,"{'from': 'Chiplet_1', 'to': 'Chiplet_3', 'connection_type': '2.5d_emib', 'loc': '2.5d_chiplet'},{'from': 'Chiplet_1', 'to': 'Chiplet_6', 'connection_type': '2.5d_emib', 'loc': '2.5d_chiplet'},{'from': 'Chiplet_1', 'to': 'Chiplet_4', 'connection_type': '2.5d_emib', 'loc': '2.5d_chiplet'},{'from': 'Chiplet_1', 'to': 'Chiplet_2', 'connection_type': '2.5d_emib', 'loc': '2.5d_chiplet'},{'from': 'Chiplet_2', 'to': 'Chiplet_3', 'connection_type': '2.5d_emib', 'loc': '2.5d_chiplet'},{'from': 'Chiplet_2', 'to': 'Chiplet_1', 'connection_type': '2.5d_emib', 'loc': '2.5d_chiplet'},{'from': 'Chiplet_3', 'to': 'Chiplet_1', 'connection_type': '2.5d_emib', 'loc': '2.5d_chiplet'},{'from': 'Chiplet_3', 'to': 'Chiplet_2', 'connection_type': '2.5d_emib', 'loc': '2.5d_chiplet'},{'from': 'Chiplet_6', 'to': 'Chiplet_5', 'connection_type': '2.5d_emib', 'loc': '2.5d_chiplet'},{'from': 'Chiplet_6', 'to': 'Chiplet_1', 'connection_type': '2.5d_emib', 'loc': '2.5d_chiplet'},{'from': 'Chiplet_6', 'to': 'Chiplet_4', 'connection_type': '2.5d_emib', 'loc': '2.5d_chiplet'},{'from': 'Chiplet_4', 'to': 'Chiplet_5', 'connection_type': '2.5d_emib', 'loc': '2.5d_chiplet'},{'from': 'Chiplet_4', 'to': 'Chiplet_1', 'connection_type': '2.5d_emib', 'loc': '2.5d_chiplet'},{'from': 'Chiplet_4', 'to': 'Chiplet_6', 'connection_type': '2.5d_emib', 'loc': '2.5d_chiplet'},{'from': 'Chiplet_5', 'to': 'Chiplet_6', 'connection_type': '2.5d_emib', 'loc': '2.5d_chiplet'},{'from': 'Chiplet_5', 'to': 'Chiplet_4', 'connection_type': '2.5d_emib', 'loc': '2.5d_chiplet'}",2,1,1,1,1,2,ddr4,aib,na,1,0,ws,0,0,0
234,12.042961325264494,3504320.76,126769.09849713069,1986796751.2155032,89321.06631559829,82989.35070432043,234,1.5385781800824634,3.1172648505374996,1024,96x96,10,1.743774000637535,1.7054115854749998,1024,64x64,14,5.5109919519999995,10.4826,8192,192x192,7,0.638803,1.11875,1024,64x64,7,0.829831759447044,1.3845915837374998,768,64x64,10,4.818150952,10.4826,6144,192x192,7,2.5d_3d,"{'from': 'Chiplet_3', 'to': 'Chiplet_6', 'connection_type': '3d_hyb_bond', 'loc': 'stack0_base'},{'from': 'Chiplet_6', 'to': 'Chiplet_1', 'connection_type': '3d_hyb_bond', 'loc': 'stack0_middle1'},{'from': 'Chiplet_1', 'to': 'Chiplet_4', 'connection_type': '3d_hyb_bond', 'loc': 'stack0_middle2'},{'from': 'Chiplet_4', 'to': 'na', 'connection_type': '3d_hyb_bond', 'loc': 'stack0_top'},{'from': 'Chiplet_3', 'to': 'Chiplet_5', 'connection_type': '2.5d_emib', 'loc': '2.5d_chiplet'},{'from': 'Chiplet_3', 'to': 'Chiplet_2', 'connection_type': '2.5d_emib', 'loc': '2.5d_chiplet'},{'from': 'Chiplet_2', 'to': 'Chiplet_5', 'connection_type': '2.5d_emib', 'loc': '2.5d_chiplet'},{'from': 'Chiplet_2', 'to': 'Chiplet_3', 'connection_type': '2.5d_emib', 'loc': '2.5d_chiplet'},{'from': 'Chiplet_5', 'to': 'Chiplet_3', 'connection_type': '2.5d_emib', 'loc': '2.5d_chiplet'},{'from': 'Chiplet_5', 'to': 'Chiplet_2', 'connection_type': '2.5d_emib', 'loc': '2.5d_chiplet'}",1,2,6,1,1,5,hbm3,bow,ucie_3d,0,0,ws,1,0,0
235,34.26492192172926,4045737.6,179630.4649729492,1883846679.1697416,99329.04167904168,105450.61862238843,235,1.7117881800824635,3.1172648505374996,1536,96x96,10,1.51595254,4.475,1024,128x128,7,0.46559300000000003,1.11875,512,64x64,7,14.117807839976791,15.979573171754398,6144,192x192,14,0.46559300000000003,1.11875,512,64x64,7,6.033899457366197,12.973514847541198,2048,192x192,10,2.5d,"{'from': 'Chiplet_4', 'to': 'Chiplet_5', 'connection_type': '2.5d_emib', 'loc': '2.5d_chiplet'},{'from': 'Chiplet_4', 'to': 'Chiplet_1', 'connection_type': '2.5d_emib', 'loc': '2.5d_chiplet'},{'from': 'Chiplet_4', 'to': 'Chiplet_6', 'connection_type': '2.5d_emib', 'loc': '2.5d_chiplet'},{'from': 'Chiplet_6', 'to': 'Chiplet_1', 'connection_type': '2.5d_emib', 'loc': '2.5d_chiplet'},{'from': 'Chiplet_6', 'to': 'Chiplet_2', 'connection_type': '2.5d_emib', 'loc': '2.5d_chiplet'},{'from': 'Chiplet_6', 'to': 'Chiplet_4', 'connection_type': '2.5d_emib', 'loc': '2.5d_chiplet'},{'from': 'Chiplet_1', 'to': 'Chiplet_5', 'connection_type': '2.5d_emib', 'loc': '2.5d_chiplet'},{'from': 'Chiplet_1', 'to': 'Chiplet_6', 'connection_type': '2.5d_emib', 'loc': '2.5d_chiplet'},{'from': 'Chiplet_1', 'to': 'Chiplet_2', 'connection_type': '2.5d_emib', 'loc': '2.5d_chiplet'},{'from': 'Chiplet_1', 'to': 'Chiplet_4', 'connection_type': '2.5d_emib', 'loc': '2.5d_chiplet'},{'from': 'Chiplet_5', 'to': 'Chiplet_3', 'connection_type': '2.5d_emib', 'loc': '2.5d_chiplet'},{'from': 'Chiplet_5', 'to': 'Chiplet_1', 'connection_type': '2.5d_emib', 'loc': '2.5d_chiplet'},{'from': 'Chiplet_5', 'to': 'Chiplet_4', 'connection_type': '2.5d_emib', 'loc': '2.5d_chiplet'},{'from': 'Chiplet_2', 'to': 'Chiplet_3', 'connection_type': '2.5d_emib', 'loc': '2.5d_chiplet'},{'from': 'Chiplet_2', 'to': 'Chiplet_1', 'connection_type': '2.5d_emib', 'loc': '2.5d_chiplet'},{'from': 'Chiplet_2', 'to': 'Chiplet_6', 'connection_type': '2.5d_emib', 'loc': '2.5d_chiplet'},{'from': 'Chiplet_3', 'to': 'Chiplet_5', 'connection_type': '2.5d_emib', 'loc': '2.5d_chiplet'},{'from': 'Chiplet_3', 'to': 'Chiplet_2', 'connection_type': '2.5d_emib', 'loc': '2.5d_chiplet'}",1,1,1,9,1,3,hbm3,ucie_adv,na,0,0,is,0,0,0
236,32.22890862831299,3362253.89,83775.01419837638,3265983393.3578606,829734.7090284588,669670.3887911582,236,3.5867297574793953,3.8395579270749995,2048,96x96,14,0.743226759447044,1.3845915837374998,512,64x64,10,1.51595254,4.475,1024,128x128,7,4.818150952,10.4826,6144,192x192,7,4.9976252555201786,6.821646341899999,1024,128x128,14,6.033899457366197,12.973514847541198,2048,192x192,10,2.5d,"{'from': 'Chiplet_6', 'to': 'Chiplet_5', 'connection_type': '2.5d_rdl', 'loc': '2.5d_chiplet'},{'from': 'Chiplet_6', 'to': 'Chiplet_1', 'connection_type': '2.5d_rdl', 'loc': '2.5d_chiplet'},{'from': 'Chiplet_6', 'to': 'Chiplet_4', 'connection_type': '2.5d_rdl', 'loc': '2.5d_chiplet'},{'from': 'Chiplet_6', 'to': 'Chiplet_3', 'connection_type': '2.5d_rdl', 'loc': '2.5d_chiplet'},{'from': 'Chiplet_1', 'to': 'Chiplet_3', 'connection_type': '2.5d_rdl', 'loc': '2.5d_chiplet'},{'from': 'Chiplet_1', 'to': 'Chiplet_6', 'connection_type': '2.5d_rdl', 'loc': '2.5d_chiplet'},{'from': 'Chiplet_3', 'to': 'Chiplet_1', 'connection_type': '2.5d_rdl', 'loc': '2.5d_chiplet'},{'from': 'Chiplet_3', 'to': 'Chiplet_6', 'connection_type': '2.5d_rdl', 'loc': '2.5d_chiplet'},{'from': 'Chiplet_5', 'to': 'Chiplet_6', 'connection_type': '2.5d_rdl', 'loc': '2.5d_chiplet'},{'from': 'Chiplet_5', 'to': 'Chiplet_4', 'connection_type': '2.5d_rdl', 'loc': '2.5d_chiplet'},{'from': 'Chiplet_5', 'to': 'Chiplet_2', 'connection_type': '2.5d_rdl', 'loc': '2.5d_chiplet'},{'from': 'Chiplet_4', 'to': 'Chiplet_5', 'connection_type': '2.5d_rdl', 'loc': '2.5d_chiplet'},{'from': 'Chiplet_4', 'to': 'Chiplet_6', 'connection_type': '2.5d_rdl', 'loc': '2.5d_chiplet'},{'from': 'Chiplet_4', 'to': 'Chiplet_2', 'connection_type': '2.5d_rdl', 'loc': '2.5d_chiplet'},{'from': 'Chiplet_2', 'to': 'Chiplet_5', 'connection_type': '2.5d_rdl', 'loc': '2.5d_chiplet'},{'from': 'Chiplet_2', 'to': 'Chiplet_4', 'connection_type': '2.5d_rdl', 'loc': '2.5d_chiplet'}",1,1,1,1,2,2,ddr5,ucie_std,na,0,0,is,1,0,0
237,44.14358744664404,4517325.65,197508.1793206192,6865699824.70604,101623.44992050873,214969.98591860602,237,12.799492673176792,15.979573171754398,4096,192x192,14,4.1253109519999995,10.4826,4096,192x192,7,7.419580457366196,12.973514847541198,6144,192x192,10,0.378988,1.11875,256,64x64,7,3.665749090547913,5.538366334949999,4096,128x128,10,0.916436759447044,1.3845915837374998,1024,64x64,10,2.5d,"{'from': 'Chiplet_1', 'to': 'Chiplet_3', 'connection_type': '2.5d_emib', 'loc': '2.5d_chiplet'},{'from': 'Chiplet_1', 'to': 'Chiplet_6', 'connection_type': '2.5d_emib', 'loc': '2.5d_chiplet'},{'from': 'Chiplet_1', 'to': 'Chiplet_2', 'connection_type': '2.5d_emib', 'loc': '2.5d_chiplet'},{'from': 'Chiplet_1', 'to': 'Chiplet_4', 'connection_type': '2.5d_emib', 'loc': '2.5d_chiplet'},{'from': 'Chiplet_6', 'to': 'Chiplet_1', 'connection_type': '2.5d_emib', 'loc': '2.5d_chiplet'},{'from': 'Chiplet_6', 'to': 'Chiplet_4', 'connection_type': '2.5d_emib', 'loc': '2.5d_chiplet'},{'from': 'Chiplet_4', 'to': 'Chiplet_1', 'connection_type': '2.5d_emib', 'loc': '2.5d_chiplet'},{'from': 'Chiplet_4', 'to': 'Chiplet_6', 'connection_type': '2.5d_emib', 'loc': '2.5d_chiplet'},{'from': 'Chiplet_3', 'to': 'Chiplet_5', 'connection_type': '2.5d_emib', 'loc': '2.5d_chiplet'},{'from': 'Chiplet_3', 'to': 'Chiplet_1', 'connection_type': '2.5d_emib', 'loc': '2.5d_chiplet'},{'from': 'Chiplet_3', 'to': 'Chiplet_2', 'connection_type': '2.5d_emib', 'loc': '2.5d_chiplet'},{'from': 'Chiplet_2', 'to': 'Chiplet_5', 'connection_type': '2.5d_emib', 'loc': '2.5d_chiplet'},{'from': 'Chiplet_2', 'to': 'Chiplet_1', 'connection_type': '2.5d_emib', 'loc': '2.5d_chiplet'},{'from': 'Chiplet_2', 'to': 'Chiplet_3', 'connection_type': '2.5d_emib', 'loc': '2.5d_chiplet'},{'from': 'Chiplet_5', 'to': 'Chiplet_3', 'connection_type': '2.5d_emib', 'loc': '2.5d_chiplet'},{'from': 'Chiplet_5', 'to': 'Chiplet_2', 'connection_type': '2.5d_emib', 'loc': '2.5d_chiplet'}",3,1,1,1,1,1,ddr4,aib,na,0,0,is,0,0,0
238,24.53053689390176,2701463.4,59161.22326957083,1868405150.9560833,64601.35135135135,67535.54478171063,238,0.378988,1.11875,256,64x64,7,6.033899457366197,12.973514847541198,2048,192x192,10,1.131132696,2.51875,1536,96x96,7,1.5385781800824634,3.1172648505374996,1024,96x96,10,5.656782838920179,6.821646341899999,2048,128x128,14,0.916436759447044,1.3845915837374998,1024,64x64,10,2.5d,"{'from': 'Chiplet_2', 'to': 'Chiplet_5', 'connection_type': '2.5d_rdl', 'loc': '2.5d_chiplet'},{'from': 'Chiplet_2', 'to': 'Chiplet_6', 'connection_type': '2.5d_rdl', 'loc': '2.5d_chiplet'},{'from': 'Chiplet_2', 'to': 'Chiplet_3', 'connection_type': '2.5d_rdl', 'loc': '2.5d_chiplet'},{'from': 'Chiplet_3', 'to': 'Chiplet_6', 'connection_type': '2.5d_rdl', 'loc': '2.5d_chiplet'},{'from': 'Chiplet_3', 'to': 'Chiplet_2', 'connection_type': '2.5d_rdl', 'loc': '2.5d_chiplet'},{'from': 'Chiplet_6', 'to': 'Chiplet_3', 'connection_type': '2.5d_rdl', 'loc': '2.5d_chiplet'},{'from': 'Chiplet_6', 'to': 'Chiplet_2', 'connection_type': '2.5d_rdl', 'loc': '2.5d_chiplet'},{'from': 'Chiplet_5', 'to': 'Chiplet_1', 'connection_type': '2.5d_rdl', 'loc': '2.5d_chiplet'},{'from': 'Chiplet_5', 'to': 'Chiplet_2', 'connection_type': '2.5d_rdl', 'loc': '2.5d_chiplet'},{'from': 'Chiplet_5', 'to': 'Chiplet_4', 'connection_type': '2.5d_rdl', 'loc': '2.5d_chiplet'},{'from': 'Chiplet_4', 'to': 'Chiplet_5', 'connection_type': '2.5d_rdl', 'loc': '2.5d_chiplet'},{'from': 'Chiplet_4', 'to': 'Chiplet_1', 'connection_type': '2.5d_rdl', 'loc': '2.5d_chiplet'},{'from': 'Chiplet_1', 'to': 'Chiplet_5', 'connection_type': '2.5d_rdl', 'loc': '2.5d_chiplet'},{'from': 'Chiplet_1', 'to': 'Chiplet_4', 'connection_type': '2.5d_rdl', 'loc': '2.5d_chiplet'}",1,6,1,1,6,1,hbm2,ucie_std,na,0,0,os,0,0,0
239,65.14243254310249,5538913.59,203879.4176917959,3601948143.3356457,527986.9853770892,540796.8380853995,239,15.436124909546791,15.979573171754398,8192,192x192,14,2.6264880905479133,5.538366334949999,1024,128x128,10,5.656782838920179,6.821646341899999,2048,128x128,14,8.112421457366196,12.973514847541198,8192,192x192,10,1.86237254,4.475,2048,128x128,7,1.7117881800824635,3.1172648505374996,1536,96x96,10,2.5d,"{'from': 'Chiplet_1', 'to': 'Chiplet_5', 'connection_type': '2.5d_emib', 'loc': '2.5d_chiplet'},{'from': 'Chiplet_1', 'to': 'Chiplet_4', 'connection_type': '2.5d_emib', 'loc': '2.5d_chiplet'},{'from': 'Chiplet_5', 'to': 'Chiplet_1', 'connection_type': '2.5d_emib', 'loc': '2.5d_chiplet'},{'from': 'Chiplet_5', 'to': 'Chiplet_4', 'connection_type': '2.5d_emib', 'loc': '2.5d_chiplet'},{'from': 'Chiplet_4', 'to': 'Chiplet_5', 'connection_type': '2.5d_emib', 'loc': '2.5d_chiplet'},{'from': 'Chiplet_4', 'to': 'Chiplet_1', 'connection_type': '2.5d_emib', 'loc': '2.5d_chiplet'},{'from': 'Chiplet_4', 'to': 'Chiplet_6', 'connection_type': '2.5d_emib', 'loc': '2.5d_chiplet'},{'from': 'Chiplet_4', 'to': 'Chiplet_2', 'connection_type': '2.5d_emib', 'loc': '2.5d_chiplet'},{'from': 'Chiplet_4', 'to': 'Chiplet_3', 'connection_type': '2.5d_emib', 'loc': '2.5d_chiplet'},{'from': 'Chiplet_6', 'to': 'Chiplet_2', 'connection_type': '2.5d_emib', 'loc': '2.5d_chiplet'},{'from': 'Chiplet_6', 'to': 'Chiplet_4', 'connection_type': '2.5d_emib', 'loc': '2.5d_chiplet'},{'from': 'Chiplet_3', 'to': 'Chiplet_2', 'connection_type': '2.5d_emib', 'loc': '2.5d_chiplet'},{'from': 'Chiplet_3', 'to': 'Chiplet_4', 'connection_type': '2.5d_emib', 'loc': '2.5d_chiplet'},{'from': 'Chiplet_2', 'to': 'Chiplet_3', 'connection_type': '2.5d_emib', 'loc': '2.5d_chiplet'},{'from': 'Chiplet_2', 'to': 'Chiplet_6', 'connection_type': '2.5d_emib', 'loc': '2.5d_chiplet'},{'from': 'Chiplet_2', 'to': 'Chiplet_4', 'connection_type': '2.5d_emib', 'loc': '2.5d_chiplet'}",3,1,1,1,1,1,ddr5,bow,na,1,0,is,1,0,0
240,55.27647890448458,5380182.75,214566.27571837194,3855247653.7382836,391772.78528007056,474785.5347195866,240,1.7117881800824635,3.1172648505374996,1536,96x96,10,0.784712696,2.51875,512,96x96,7,11.481175603606792,15.979573171754398,2048,192x192,14,14.117807839976791,15.979573171754398,6144,192x192,14,1.304342696,2.51875,2048,96x96,7,14.117807839976791,15.979573171754398,6144,192x192,14,2.5d,"{'from': 'Chiplet_4', 'to': 'Chiplet_3', 'connection_type': '2.5d_emib', 'loc': '2.5d_chiplet'},{'from': 'Chiplet_4', 'to': 'Chiplet_6', 'connection_type': '2.5d_emib', 'loc': '2.5d_chiplet'},{'from': 'Chiplet_3', 'to': 'Chiplet_1', 'connection_type': '2.5d_emib', 'loc': '2.5d_chiplet'},{'from': 'Chiplet_3', 'to': 'Chiplet_4', 'connection_type': '2.5d_emib', 'loc': '2.5d_chiplet'},{'from': 'Chiplet_6', 'to': 'Chiplet_5', 'connection_type': '2.5d_emib', 'loc': '2.5d_chiplet'},{'from': 'Chiplet_6', 'to': 'Chiplet_1', 'connection_type': '2.5d_emib', 'loc': '2.5d_chiplet'},{'from': 'Chiplet_6', 'to': 'Chiplet_4', 'connection_type': '2.5d_emib', 'loc': '2.5d_chiplet'},{'from': 'Chiplet_1', 'to': 'Chiplet_5', 'connection_type': '2.5d_emib', 'loc': '2.5d_chiplet'},{'from': 'Chiplet_1', 'to': 'Chiplet_3', 'connection_type': '2.5d_emib', 'loc': '2.5d_chiplet'},{'from': 'Chiplet_1', 'to': 'Chiplet_6', 'connection_type': '2.5d_emib', 'loc': '2.5d_chiplet'},{'from': 'Chiplet_1', 'to': 'Chiplet_2', 'connection_type': '2.5d_emib', 'loc': '2.5d_chiplet'},{'from': 'Chiplet_5', 'to': 'Chiplet_1', 'connection_type': '2.5d_emib', 'loc': '2.5d_chiplet'},{'from': 'Chiplet_5', 'to': 'Chiplet_6', 'connection_type': '2.5d_emib', 'loc': '2.5d_chiplet'},{'from': 'Chiplet_5', 'to': 'Chiplet_2', 'connection_type': '2.5d_emib', 'loc': '2.5d_chiplet'},{'from': 'Chiplet_2', 'to': 'Chiplet_5', 'connection_type': '2.5d_emib', 'loc': '2.5d_chiplet'},{'from': 'Chiplet_2', 'to': 'Chiplet_1', 'connection_type': '2.5d_emib', 'loc': '2.5d_chiplet'}",1,1,1,2,1,2,ddr5,ucie_adv,na,0,0,ws,1,0,0
241,31.928180172884236,3159450.53,173618.11821438986,7332668528.103662,127784.64052287582,208479.93688018166,241,3.2571509657793953,3.8395579270749995,1536,96x96,14,2.55521354,4.475,4096,128x128,7,2.597993382379395,3.8395579270749995,512,96x96,14,6.315940422320179,6.821646341899999,3072,128x128,14,2.972908090547913,5.538366334949999,2048,128x128,10,6.315940422320179,6.821646341899999,3072,128x128,14,2.5d,"{'from': 'Chiplet_4', 'to': 'Chiplet_1', 'connection_type': '2.5d_emib', 'loc': '2.5d_chiplet'},{'from': 'Chiplet_4', 'to': 'Chiplet_6', 'connection_type': '2.5d_emib', 'loc': '2.5d_chiplet'},{'from': 'Chiplet_4', 'to': 'Chiplet_2', 'connection_type': '2.5d_emib', 'loc': '2.5d_chiplet'},{'from': 'Chiplet_1', 'to': 'Chiplet_2', 'connection_type': '2.5d_emib', 'loc': '2.5d_chiplet'},{'from': 'Chiplet_1', 'to': 'Chiplet_4', 'connection_type': '2.5d_emib', 'loc': '2.5d_chiplet'},{'from': 'Chiplet_2', 'to': 'Chiplet_1', 'connection_type': '2.5d_emib', 'loc': '2.5d_chiplet'},{'from': 'Chiplet_2', 'to': 'Chiplet_4', 'connection_type': '2.5d_emib', 'loc': '2.5d_chiplet'},{'from': 'Chiplet_6', 'to': 'Chiplet_5', 'connection_type': '2.5d_emib', 'loc': '2.5d_chiplet'},{'from': 'Chiplet_6', 'to': 'Chiplet_4', 'connection_type': '2.5d_emib', 'loc': '2.5d_chiplet'},{'from': 'Chiplet_6', 'to': 'Chiplet_3', 'connection_type': '2.5d_emib', 'loc': '2.5d_chiplet'},{'from': 'Chiplet_5', 'to': 'Chiplet_3', 'connection_type': '2.5d_emib', 'loc': '2.5d_chiplet'},{'from': 'Chiplet_5', 'to': 'Chiplet_6', 'connection_type': '2.5d_emib', 'loc': '2.5d_chiplet'},{'from': 'Chiplet_3', 'to': 'Chiplet_5', 'connection_type': '2.5d_emib', 'loc': '2.5d_chiplet'},{'from': 'Chiplet_3', 'to': 'Chiplet_6', 'connection_type': '2.5d_emib', 'loc': '2.5d_chiplet'}",1,1,1,2,1,2,ddr5,bow,na,1,0,ws,0,0,0
242,27.11010048756689,4217115.35,119766.36672818003,1845709210.060876,77017.81326781327,88548.23619680891,242,0.656621759447044,1.3845915837374998,256,64x64,10,11.481175603606792,15.979573171754398,2048,192x192,14,0.784712696,2.51875,512,96x96,7,0.743226759447044,1.3845915837374998,512,64x64,10,5.5109919519999995,10.4826,8192,192x192,7,4.9976252555201786,6.821646341899999,1024,128x128,14,2.5d_3d,"{'from': 'Chiplet_2', 'to': 'Chiplet_5', 'connection_type': '3d_tsv', 'loc': 'stack0_base'},{'from': 'Chiplet_5', 'to': 'Chiplet_4', 'connection_type': '3d_tsv', 'loc': 'stack0_middle1'},{'from': 'Chiplet_4', 'to': 'Chiplet_1', 'connection_type': '3d_tsv', 'loc': 'stack0_middle2'},{'from': 'Chiplet_1', 'to': 'na', 'connection_type': '3d_tsv', 'loc': 'stack0_top'},{'from': 'Chiplet_2', 'to': 'Chiplet_3', 'connection_type': '2.5d_emib', 'loc': '2.5d_chiplet'},{'from': 'Chiplet_2', 'to': 'Chiplet_6', 'connection_type': '2.5d_emib', 'loc': '2.5d_chiplet'},{'from': 'Chiplet_6', 'to': 'Chiplet_3', 'connection_type': '2.5d_emib', 'loc': '2.5d_chiplet'},{'from': 'Chiplet_6', 'to': 'Chiplet_2', 'connection_type': '2.5d_emib', 'loc': '2.5d_chiplet'},{'from': 'Chiplet_3', 'to': 'Chiplet_6', 'connection_type': '2.5d_emib', 'loc': '2.5d_chiplet'},{'from': 'Chiplet_3', 'to': 'Chiplet_2', 'connection_type': '2.5d_emib', 'loc': '2.5d_chiplet'}",1,7,1,1,3,3,hbm3,aib,ucie_3d,1,0,os,0,0,0
243,30.881664172763156,4139361.61,129448.25021771266,4213660072.191743,410105.317821934,443887.7750839223,243,12.799492673176792,15.979573171754398,4096,192x192,14,0.784712696,2.51875,512,96x96,7,0.552198,1.11875,768,64x64,7,3.432469952,10.4826,2048,192x192,7,6.033899457366197,12.973514847541198,2048,192x192,10,3.665749090547913,5.538366334949999,4096,128x128,10,2.5d_3d,"{'from': 'Chiplet_6', 'to': 'Chiplet_4', 'connection_type': '3d_tsv', 'loc': 'stack0_base'},{'from': 'Chiplet_4', 'to': 'Chiplet_2', 'connection_type': '3d_tsv', 'loc': 'stack0_middle1'},{'from': 'Chiplet_2', 'to': 'Chiplet_3', 'connection_type': '3d_tsv', 'loc': 'stack0_middle2'},{'from': 'Chiplet_3', 'to': 'na', 'connection_type': '3d_tsv', 'loc': 'stack0_top'},{'from': 'Chiplet_1', 'to': 'Chiplet_5', 'connection_type': '2.5d_emib', 'loc': '2.5d_chiplet'},{'from': 'Chiplet_1', 'to': 'Chiplet_6', 'connection_type': '2.5d_emib', 'loc': '2.5d_chiplet'},{'from': 'Chiplet_5', 'to': 'Chiplet_1', 'connection_type': '2.5d_emib', 'loc': '2.5d_chiplet'},{'from': 'Chiplet_5', 'to': 'Chiplet_6', 'connection_type': '2.5d_emib', 'loc': '2.5d_chiplet'},{'from': 'Chiplet_6', 'to': 'Chiplet_5', 'connection_type': '2.5d_emib', 'loc': '2.5d_chiplet'},{'from': 'Chiplet_6', 'to': 'Chiplet_1', 'connection_type': '2.5d_emib', 'loc': '2.5d_chiplet'}",3,1,1,1,1,1,ddr4,ucie_adv,ucie_3d,0,0,is,1,0,0
244,41.918167377353896,4046176.02,96968.27459806492,4807108924.439002,932506.9509642049,772611.5000027769,244,0.378988,1.11875,256,64x64,7,6.975099908490179,6.821646341899999,4096,128x128,14,4.818150952,10.4826,6144,192x192,7,8.112421457366196,12.973514847541198,8192,192x192,10,5.656782838920179,6.821646341899999,2048,128x128,14,1.4141952089375351,1.7054115854749998,512,64x64,14,2.5d,"{'from': 'Chiplet_4', 'to': 'Chiplet_5', 'connection_type': '2.5d_rdl', 'loc': '2.5d_chiplet'},{'from': 'Chiplet_4', 'to': 'Chiplet_1', 'connection_type': '2.5d_rdl', 'loc': '2.5d_chiplet'},{'from': 'Chiplet_4', 'to': 'Chiplet_2', 'connection_type': '2.5d_rdl', 'loc': '2.5d_chiplet'},{'from': 'Chiplet_4', 'to': 'Chiplet_3', 'connection_type': '2.5d_rdl', 'loc': '2.5d_chiplet'},{'from': 'Chiplet_3', 'to': 'Chiplet_1', 'connection_type': '2.5d_rdl', 'loc': '2.5d_chiplet'},{'from': 'Chiplet_3', 'to': 'Chiplet_4', 'connection_type': '2.5d_rdl', 'loc': '2.5d_chiplet'},{'from': 'Chiplet_1', 'to': 'Chiplet_3', 'connection_type': '2.5d_rdl', 'loc': '2.5d_chiplet'},{'from': 'Chiplet_1', 'to': 'Chiplet_4', 'connection_type': '2.5d_rdl', 'loc': '2.5d_chiplet'},{'from': 'Chiplet_2', 'to': 'Chiplet_5', 'connection_type': '2.5d_rdl', 'loc': '2.5d_chiplet'},{'from': 'Chiplet_2', 'to': 'Chiplet_6', 'connection_type': '2.5d_rdl', 'loc': '2.5d_chiplet'},{'from': 'Chiplet_2', 'to': 'Chiplet_4', 'connection_type': '2.5d_rdl', 'loc': '2.5d_chiplet'},{'from': 'Chiplet_5', 'to': 'Chiplet_6', 'connection_type': '2.5d_rdl', 'loc': '2.5d_chiplet'},{'from': 'Chiplet_5', 'to': 'Chiplet_4', 'connection_type': '2.5d_rdl', 'loc': '2.5d_chiplet'},{'from': 'Chiplet_5', 'to': 'Chiplet_2', 'connection_type': '2.5d_rdl', 'loc': '2.5d_chiplet'},{'from': 'Chiplet_6', 'to': 'Chiplet_5', 'connection_type': '2.5d_rdl', 'loc': '2.5d_chiplet'},{'from': 'Chiplet_6', 'to': 'Chiplet_2', 'connection_type': '2.5d_rdl', 'loc': '2.5d_chiplet'}",1,2,1,2,1,1,ddr4,ucie_std,na,0,0,os,1,0,0
245,8.49023356038027,1328402.18,41200.86571649,5930923520.200234,573240.8439880287,259215.2842917786,245,1.8849981800824636,3.1172648505374996,2048,96x96,10,3.665749090547913,5.538366334949999,4096,128x128,10,0.46559300000000003,1.11875,512,64x64,7,1.4141952089375351,1.7054115854749998,512,64x64,14,0.916436759447044,1.3845915837374998,1024,64x64,10,0.743226759447044,1.3845915837374998,512,64x64,10,2.5d_3d,"{'from': 'Chiplet_2', 'to': 'Chiplet_1', 'connection_type': '3d_u_bump', 'loc': 'stack0_base'},{'from': 'Chiplet_1', 'to': 'Chiplet_6', 'connection_type': '3d_u_bump', 'loc': 'stack0_middle1'},{'from': 'Chiplet_6', 'to': 'Chiplet_3', 'connection_type': '3d_u_bump', 'loc': 'stack0_middle2'},{'from': 'Chiplet_3', 'to': 'na', 'connection_type': '3d_u_bump', 'loc': 'stack0_top'},{'from': 'Chiplet_2', 'to': 'Chiplet_5', 'connection_type': '2.5d_rdl', 'loc': '2.5d_chiplet'},{'from': 'Chiplet_2', 'to': 'Chiplet_4', 'connection_type': '2.5d_rdl', 'loc': '2.5d_chiplet'},{'from': 'Chiplet_4', 'to': 'Chiplet_5', 'connection_type': '2.5d_rdl', 'loc': '2.5d_chiplet'},{'from': 'Chiplet_4', 'to': 'Chiplet_2', 'connection_type': '2.5d_rdl', 'loc': '2.5d_chiplet'},{'from': 'Chiplet_5', 'to': 'Chiplet_2', 'connection_type': '2.5d_rdl', 'loc': '2.5d_chiplet'},{'from': 'Chiplet_5', 'to': 'Chiplet_4', 'connection_type': '2.5d_rdl', 'loc': '2.5d_chiplet'}",1,3,1,1,1,1,ddr4,ucie_std,ucie_3d,0,0,os,1,0,0
246,30.905267679022792,3785933.37,188596.23785796354,6864851767.222046,101623.44992050873,204818.64570955784,246,0.743226759447044,1.3845915837374998,512,64x64,10,8.112421457366196,12.973514847541198,8192,192x192,10,0.378988,1.11875,256,64x64,7,4.818150952,10.4826,6144,192x192,7,6.726740457366197,12.973514847541198,4096,192x192,10,1.7117881800824635,3.1172648505374996,1536,96x96,10,2.5d,"{'from': 'Chiplet_2', 'to': 'Chiplet_5', 'connection_type': '2.5d_emib', 'loc': '2.5d_chiplet'},{'from': 'Chiplet_2', 'to': 'Chiplet_1', 'connection_type': '2.5d_emib', 'loc': '2.5d_chiplet'},{'from': 'Chiplet_2', 'to': 'Chiplet_6', 'connection_type': '2.5d_emib', 'loc': '2.5d_chiplet'},{'from': 'Chiplet_2', 'to': 'Chiplet_4', 'connection_type': '2.5d_emib', 'loc': '2.5d_chiplet'},{'from': 'Chiplet_6', 'to': 'Chiplet_3', 'connection_type': '2.5d_emib', 'loc': '2.5d_chiplet'},{'from': 'Chiplet_6', 'to': 'Chiplet_1', 'connection_type': '2.5d_emib', 'loc': '2.5d_chiplet'},{'from': 'Chiplet_6', 'to': 'Chiplet_2', 'connection_type': '2.5d_emib', 'loc': '2.5d_chiplet'},{'from': 'Chiplet_1', 'to': 'Chiplet_3', 'connection_type': '2.5d_emib', 'loc': '2.5d_chiplet'},{'from': 'Chiplet_1', 'to': 'Chiplet_6', 'connection_type': '2.5d_emib', 'loc': '2.5d_chiplet'},{'from': 'Chiplet_1', 'to': 'Chiplet_2', 'connection_type': '2.5d_emib', 'loc': '2.5d_chiplet'},{'from': 'Chiplet_3', 'to': 'Chiplet_1', 'connection_type': '2.5d_emib', 'loc': '2.5d_chiplet'},{'from': 'Chiplet_3', 'to': 'Chiplet_6', 'connection_type': '2.5d_emib', 'loc': '2.5d_chiplet'},{'from': 'Chiplet_5', 'to': 'Chiplet_2', 'connection_type': '2.5d_emib', 'loc': '2.5d_chiplet'},{'from': 'Chiplet_5', 'to': 'Chiplet_4', 'connection_type': '2.5d_emib', 'loc': '2.5d_chiplet'},{'from': 'Chiplet_4', 'to': 'Chiplet_5', 'connection_type': '2.5d_emib', 'loc': '2.5d_chiplet'},{'from': 'Chiplet_4', 'to': 'Chiplet_2', 'connection_type': '2.5d_emib', 'loc': '2.5d_chiplet'}",1,2,1,1,2,1,ddr4,aib,na,0,0,is,0,0,0
247,59.572070024317796,7643352.62,192646.91460778713,2307414090.063357,73809.8805646037,113842.1294937869,247,3.2571509657793953,3.8395579270749995,1536,96x96,14,2.972908090547913,5.538366334949999,2048,128x128,10,6.315940422320179,6.821646341899999,3072,128x128,14,14.117807839976791,15.979573171754398,6144,192x192,14,15.436124909546791,15.979573171754398,8192,192x192,14,2.20879254,4.475,3072,128x128,7,2.5d_3d,"{'from': 'Chiplet_1', 'to': 'Chiplet_6', 'connection_type': '3d_hyb_bond', 'loc': 'stack0_base'},{'from': 'Chiplet_6', 'to': 'na', 'connection_type': '3d_hyb_bond', 'loc': 'stack0_top'},{'from': 'Chiplet_5', 'to': 'Chiplet_3', 'connection_type': '2.5d_emib', 'loc': '2.5d_chiplet'},{'from': 'Chiplet_5', 'to': 'Chiplet_1', 'connection_type': '2.5d_emib', 'loc': '2.5d_chiplet'},{'from': 'Chiplet_5', 'to': 'Chiplet_2', 'connection_type': '2.5d_emib', 'loc': '2.5d_chiplet'},{'from': 'Chiplet_5', 'to': 'Chiplet_4', 'connection_type': '2.5d_emib', 'loc': '2.5d_chiplet'},{'from': 'Chiplet_1', 'to': 'Chiplet_5', 'connection_type': '2.5d_emib', 'loc': '2.5d_chiplet'},{'from': 'Chiplet_1', 'to': 'Chiplet_2', 'connection_type': '2.5d_emib', 'loc': '2.5d_chiplet'},{'from': 'Chiplet_2', 'to': 'Chiplet_5', 'connection_type': '2.5d_emib', 'loc': '2.5d_chiplet'},{'from': 'Chiplet_2', 'to': 'Chiplet_1', 'connection_type': '2.5d_emib', 'loc': '2.5d_chiplet'},{'from': 'Chiplet_4', 'to': 'Chiplet_5', 'connection_type': '2.5d_emib', 'loc': '2.5d_chiplet'},{'from': 'Chiplet_4', 'to': 'Chiplet_3', 'connection_type': '2.5d_emib', 'loc': '2.5d_chiplet'},{'from': 'Chiplet_3', 'to': 'Chiplet_5', 'connection_type': '2.5d_emib', 'loc': '2.5d_chiplet'},{'from': 'Chiplet_3', 'to': 'Chiplet_4', 'connection_type': '2.5d_emib', 'loc': '2.5d_chiplet'}",1,1,2,5,6,1,hbm3,bow,ucie_3d,1,0,is,0,0,0
248,17.02500407837328,2731908.38,125554.19080708365,4691265496.267641,61718.62840038736,120700.1152356631,248,1.3653681800824635,3.1172648505374996,512,96x96,10,1.4141952089375351,1.7054115854749998,512,64x64,14,1.86237254,4.475,2048,128x128,7,1.304342696,2.51875,2048,96x96,7,6.726740457366197,12.973514847541198,4096,192x192,10,3.665749090547913,5.538366334949999,4096,128x128,10,2.5d_3d,"{'from': 'Chiplet_2', 'to': 'Chiplet_1', 'connection_type': '3d_u_bump', 'loc': 'stack0_base'},{'from': 'Chiplet_1', 'to': 'Chiplet_4', 'connection_type': '3d_u_bump', 'loc': 'stack0_middle1'},{'from': 'Chiplet_4', 'to': 'na', 'connection_type': '3d_u_bump', 'loc': 'stack0_top'},{'from': 'Chiplet_5', 'to': 'Chiplet_3', 'connection_type': '2.5d_emib', 'loc': '2.5d_chiplet'},{'from': 'Chiplet_5', 'to': 'Chiplet_6', 'connection_type': '2.5d_emib', 'loc': '2.5d_chiplet'},{'from': 'Chiplet_6', 'to': 'Chiplet_5', 'connection_type': '2.5d_emib', 'loc': '2.5d_chiplet'},{'from': 'Chiplet_6', 'to': 'Chiplet_2', 'connection_type': '2.5d_emib', 'loc': '2.5d_chiplet'},{'from': 'Chiplet_6', 'to': 'Chiplet_3', 'connection_type': '2.5d_emib', 'loc': '2.5d_chiplet'},{'from': 'Chiplet_3', 'to': 'Chiplet_5', 'connection_type': '2.5d_emib', 'loc': '2.5d_chiplet'},{'from': 'Chiplet_3', 'to': 'Chiplet_6', 'connection_type': '2.5d_emib', 'loc': '2.5d_chiplet'},{'from': 'Chiplet_3', 'to': 'Chiplet_2', 'connection_type': '2.5d_emib', 'loc': '2.5d_chiplet'},{'from': 'Chiplet_2', 'to': 'Chiplet_3', 'connection_type': '2.5d_emib', 'loc': '2.5d_chiplet'},{'from': 'Chiplet_2', 'to': 'Chiplet_6', 'connection_type': '2.5d_emib', 'loc': '2.5d_chiplet'}",1,1,1,1,3,1,ddr5,aib,ucie_3d,1,0,os,0,0,0
249,7.78270706060127,1510320.97,44758.44507742896,9913217021.179096,176577.5039745628,248567.10453433348,249,0.743226759447044,1.3845915837374998,512,64x64,10,2.972908090547913,5.538366334949999,2048,128x128,10,1.7117881800824635,3.1172648505374996,1536,96x96,10,1.3653681800824635,3.1172648505374996,512,96x96,10,2.972908090547913,5.538366334949999,2048,128x128,10,1.4141952089375351,1.7054115854749998,512,64x64,14,2.5d_3d,"{'from': 'Chiplet_5', 'to': 'Chiplet_2', 'connection_type': '3d_u_bump', 'loc': 'stack0_base'},{'from': 'Chiplet_2', 'to': 'Chiplet_3', 'connection_type': '3d_u_bump', 'loc': 'stack0_middle1'},{'from': 'Chiplet_3', 'to': 'na', 'connection_type': '3d_u_bump', 'loc': 'stack0_top'},{'from': 'Chiplet_5', 'to': 'Chiplet_6', 'connection_type': '2.5d_rdl', 'loc': '2.5d_chiplet'},{'from': 'Chiplet_5', 'to': 'Chiplet_4', 'connection_type': '2.5d_rdl', 'loc': '2.5d_chiplet'},{'from': 'Chiplet_6', 'to': 'Chiplet_5', 'connection_type': '2.5d_rdl', 'loc': '2.5d_chiplet'},{'from': 'Chiplet_6', 'to': 'Chiplet_1', 'connection_type': '2.5d_rdl', 'loc': '2.5d_chiplet'},{'from': 'Chiplet_6', 'to': 'Chiplet_4', 'connection_type': '2.5d_rdl', 'loc': '2.5d_chiplet'},{'from': 'Chiplet_4', 'to': 'Chiplet_5', 'connection_type': '2.5d_rdl', 'loc': '2.5d_chiplet'},{'from': 'Chiplet_4', 'to': 'Chiplet_1', 'connection_type': '2.5d_rdl', 'loc': '2.5d_chiplet'},{'from': 'Chiplet_4', 'to': 'Chiplet_6', 'connection_type': '2.5d_rdl', 'loc': '2.5d_chiplet'},{'from': 'Chiplet_1', 'to': 'Chiplet_6', 'connection_type': '2.5d_rdl', 'loc': '2.5d_chiplet'},{'from': 'Chiplet_1', 'to': 'Chiplet_4', 'connection_type': '2.5d_rdl', 'loc': '2.5d_chiplet'}",1,2,1,1,2,1,ddr4,ucie_std,ucie_3d,1,0,ws,0,0,0
250,42.82213446796218,4193470.85,106645.08577673187,4359662107.77932,785060.1323818198,829147.5944248666,250,7.419580457366196,12.973514847541198,6144,192x192,10,0.378988,1.11875,256,64x64,7,11.481175603606792,15.979573171754398,2048,192x192,14,11.481175603606792,15.979573171754398,2048,192x192,14,1.51595254,4.475,1024,128x128,7,0.916436759447044,1.3845915837374998,1024,64x64,10,2.5d,"{'from': 'Chiplet_3', 'to': 'Chiplet_1', 'connection_type': '2.5d_rdl', 'loc': '2.5d_chiplet'},{'from': 'Chiplet_3', 'to': 'Chiplet_4', 'connection_type': '2.5d_rdl', 'loc': '2.5d_chiplet'},{'from': 'Chiplet_1', 'to': 'Chiplet_5', 'connection_type': '2.5d_rdl', 'loc': '2.5d_chiplet'},{'from': 'Chiplet_1', 'to': 'Chiplet_3', 'connection_type': '2.5d_rdl', 'loc': '2.5d_chiplet'},{'from': 'Chiplet_4', 'to': 'Chiplet_5', 'connection_type': '2.5d_rdl', 'loc': '2.5d_chiplet'},{'from': 'Chiplet_4', 'to': 'Chiplet_3', 'connection_type': '2.5d_rdl', 'loc': '2.5d_chiplet'},{'from': 'Chiplet_4', 'to': 'Chiplet_6', 'connection_type': '2.5d_rdl', 'loc': '2.5d_chiplet'},{'from': 'Chiplet_5', 'to': 'Chiplet_1', 'connection_type': '2.5d_rdl', 'loc': '2.5d_chiplet'},{'from': 'Chiplet_5', 'to': 'Chiplet_6', 'connection_type': '2.5d_rdl', 'loc': '2.5d_chiplet'},{'from': 'Chiplet_5', 'to': 'Chiplet_2', 'connection_type': '2.5d_rdl', 'loc': '2.5d_chiplet'},{'from': 'Chiplet_5', 'to': 'Chiplet_4', 'connection_type': '2.5d_rdl', 'loc': '2.5d_chiplet'},{'from': 'Chiplet_6', 'to': 'Chiplet_5', 'connection_type': '2.5d_rdl', 'loc': '2.5d_chiplet'},{'from': 'Chiplet_6', 'to': 'Chiplet_2', 'connection_type': '2.5d_rdl', 'loc': '2.5d_chiplet'},{'from': 'Chiplet_6', 'to': 'Chiplet_4', 'connection_type': '2.5d_rdl', 'loc': '2.5d_chiplet'},{'from': 'Chiplet_2', 'to': 'Chiplet_5', 'connection_type': '2.5d_rdl', 'loc': '2.5d_chiplet'},{'from': 'Chiplet_2', 'to': 'Chiplet_6', 'connection_type': '2.5d_rdl', 'loc': '2.5d_chiplet'}",1,1,2,2,1,1,ddr4,ucie_std,na,0,0,ws,1,0,0
251,23.69480439851066,4125745.68,137990.36832770347,1770278156.1446795,55812.64231264231,74579.81074668134,251,0.957922696,2.51875,1024,96x96,7,1.3653681800824635,3.1172648505374996,512,96x96,10,3.665749090547913,5.538366334949999,4096,128x128,10,7.419580457366196,12.973514847541198,6144,192x192,10,6.033899457366197,12.973514847541198,2048,192x192,10,2.927572174079395,3.8395579270749995,1024,96x96,14,2.5d_3d,"{'from': 'Chiplet_3', 'to': 'Chiplet_6', 'connection_type': '3d_u_bump', 'loc': 'stack0_base'},{'from': 'Chiplet_6', 'to': 'Chiplet_2', 'connection_type': '3d_u_bump', 'loc': 'stack0_middle1'},{'from': 'Chiplet_2', 'to': 'na', 'connection_type': '3d_u_bump', 'loc': 'stack0_top'},{'from': 'Chiplet_4', 'to': 'Chiplet_5', 'connection_type': '2.5d_emib', 'loc': '2.5d_chiplet'},{'from': 'Chiplet_4', 'to': 'Chiplet_1', 'connection_type': '2.5d_emib', 'loc': '2.5d_chiplet'},{'from': 'Chiplet_4', 'to': 'Chiplet_3', 'connection_type': '2.5d_emib', 'loc': '2.5d_chiplet'},{'from': 'Chiplet_1', 'to': 'Chiplet_3', 'connection_type': '2.5d_emib', 'loc': '2.5d_chiplet'},{'from': 'Chiplet_1', 'to': 'Chiplet_4', 'connection_type': '2.5d_emib', 'loc': '2.5d_chiplet'},{'from': 'Chiplet_5', 'to': 'Chiplet_3', 'connection_type': '2.5d_emib', 'loc': '2.5d_chiplet'},{'from': 'Chiplet_5', 'to': 'Chiplet_4', 'connection_type': '2.5d_emib', 'loc': '2.5d_chiplet'},{'from': 'Chiplet_3', 'to': 'Chiplet_5', 'connection_type': '2.5d_emib', 'loc': '2.5d_chiplet'},{'from': 'Chiplet_3', 'to': 'Chiplet_1', 'connection_type': '2.5d_emib', 'loc': '2.5d_chiplet'},{'from': 'Chiplet_3', 'to': 'Chiplet_4', 'connection_type': '2.5d_emib', 'loc': '2.5d_chiplet'}",1,1,3,5,4,2,hbm3,aib,ucie_3d,0,0,ws,0,0,0
252,27.86918958722984,5048752.67,157460.51920987663,1970727343.0057526,60139.21978021978,88356.24096109252,252,1.131132696,2.51875,1536,96x96,7,11.481175603606792,15.979573171754398,2048,192x192,14,3.432469952,10.4826,2048,192x192,7,3.5867297574793953,3.8395579270749995,2048,96x96,14,5.5109919519999995,10.4826,8192,192x192,7,3.5867297574793953,3.8395579270749995,2048,96x96,14,2.5d_3d,"{'from': 'Chiplet_5', 'to': 'Chiplet_4', 'connection_type': '3d_tsv', 'loc': 'stack0_base'},{'from': 'Chiplet_4', 'to': 'Chiplet_6', 'connection_type': '3d_tsv', 'loc': 'stack0_middle1'},{'from': 'Chiplet_6', 'to': 'na', 'connection_type': '3d_tsv', 'loc': 'stack0_top'},{'from': 'Chiplet_2', 'to': 'Chiplet_5', 'connection_type': '2.5d_emib', 'loc': '2.5d_chiplet'},{'from': 'Chiplet_2', 'to': 'Chiplet_3', 'connection_type': '2.5d_emib', 'loc': '2.5d_chiplet'},{'from': 'Chiplet_5', 'to': 'Chiplet_3', 'connection_type': '2.5d_emib', 'loc': '2.5d_chiplet'},{'from': 'Chiplet_5', 'to': 'Chiplet_1', 'connection_type': '2.5d_emib', 'loc': '2.5d_chiplet'},{'from': 'Chiplet_5', 'to': 'Chiplet_2', 'connection_type': '2.5d_emib', 'loc': '2.5d_chiplet'},{'from': 'Chiplet_3', 'to': 'Chiplet_5', 'connection_type': '2.5d_emib', 'loc': '2.5d_chiplet'},{'from': 'Chiplet_3', 'to': 'Chiplet_1', 'connection_type': '2.5d_emib', 'loc': '2.5d_chiplet'},{'from': 'Chiplet_3', 'to': 'Chiplet_2', 'connection_type': '2.5d_emib', 'loc': '2.5d_chiplet'},{'from': 'Chiplet_1', 'to': 'Chiplet_5', 'connection_type': '2.5d_emib', 'loc': '2.5d_chiplet'},{'from': 'Chiplet_1', 'to': 'Chiplet_3', 'connection_type': '2.5d_emib', 'loc': '2.5d_chiplet'}",1,6,2,2,3,2,hbm3,bow,ucie_3d,0,0,is,0,0,0
253,17.594643827799672,2563564.71,158737.2605580319,1443238305.8892279,539902.6984332629,280855.04668877495,253,0.656621759447044,1.3845915837374998,256,64x64,10,1.3653681800824635,3.1172648505374996,512,96x96,10,1.304342696,2.51875,2048,96x96,7,1.7117881800824635,3.1172648505374996,1536,96x96,10,1.131132696,2.51875,1536,96x96,7,7.419580457366196,12.973514847541198,6144,192x192,10,2.5d,"{'from': 'Chiplet_6', 'to': 'Chiplet_2', 'connection_type': '2.5d_emib', 'loc': '2.5d_chiplet'},{'from': 'Chiplet_6', 'to': 'Chiplet_4', 'connection_type': '2.5d_emib', 'loc': '2.5d_chiplet'},{'from': 'Chiplet_4', 'to': 'Chiplet_5', 'connection_type': '2.5d_emib', 'loc': '2.5d_chiplet'},{'from': 'Chiplet_4', 'to': 'Chiplet_6', 'connection_type': '2.5d_emib', 'loc': '2.5d_chiplet'},{'from': 'Chiplet_4', 'to': 'Chiplet_2', 'connection_type': '2.5d_emib', 'loc': '2.5d_chiplet'},{'from': 'Chiplet_5', 'to': 'Chiplet_3', 'connection_type': '2.5d_emib', 'loc': '2.5d_chiplet'},{'from': 'Chiplet_5', 'to': 'Chiplet_4', 'connection_type': '2.5d_emib', 'loc': '2.5d_chiplet'},{'from': 'Chiplet_2', 'to': 'Chiplet_3', 'connection_type': '2.5d_emib', 'loc': '2.5d_chiplet'},{'from': 'Chiplet_2', 'to': 'Chiplet_1', 'connection_type': '2.5d_emib', 'loc': '2.5d_chiplet'},{'from': 'Chiplet_2', 'to': 'Chiplet_6', 'connection_type': '2.5d_emib', 'loc': '2.5d_chiplet'},{'from': 'Chiplet_2', 'to': 'Chiplet_4', 'connection_type': '2.5d_emib', 'loc': '2.5d_chiplet'},{'from': 'Chiplet_3', 'to': 'Chiplet_5', 'connection_type': '2.5d_emib', 'loc': '2.5d_chiplet'},{'from': 'Chiplet_3', 'to': 'Chiplet_1', 'connection_type': '2.5d_emib', 'loc': '2.5d_chiplet'},{'from': 'Chiplet_3', 'to': 'Chiplet_2', 'connection_type': '2.5d_emib', 'loc': '2.5d_chiplet'},{'from': 'Chiplet_1', 'to': 'Chiplet_3', 'connection_type': '2.5d_emib', 'loc': '2.5d_chiplet'},{'from': 'Chiplet_1', 'to': 'Chiplet_2', 'connection_type': '2.5d_emib', 'loc': '2.5d_chiplet'}",1,2,1,2,1,9,hbm3,aib,na,1,0,os,1,0,0
254,28.99144603228725,2882338.09,171069.17110283975,6380554595.169737,81535.62091503269,165375.07490334098,254,0.638803,1.11875,1024,64x64,7,0.784712696,2.51875,512,96x96,7,6.315940422320179,6.821646341899999,3072,128x128,14,11.481175603606792,15.979573171754398,2048,192x192,14,0.378988,1.11875,256,64x64,7,1.86237254,4.475,2048,128x128,7,2.5d,"{'from': 'Chiplet_4', 'to': 'Chiplet_3', 'connection_type': '2.5d_emib', 'loc': '2.5d_chiplet'},{'from': 'Chiplet_4', 'to': 'Chiplet_6', 'connection_type': '2.5d_emib', 'loc': '2.5d_chiplet'},{'from': 'Chiplet_3', 'to': 'Chiplet_6', 'connection_type': '2.5d_emib', 'loc': '2.5d_chiplet'},{'from': 'Chiplet_3', 'to': 'Chiplet_4', 'connection_type': '2.5d_emib', 'loc': '2.5d_chiplet'},{'from': 'Chiplet_3', 'to': 'Chiplet_2', 'connection_type': '2.5d_emib', 'loc': '2.5d_chiplet'},{'from': 'Chiplet_6', 'to': 'Chiplet_3', 'connection_type': '2.5d_emib', 'loc': '2.5d_chiplet'},{'from': 'Chiplet_6', 'to': 'Chiplet_1', 'connection_type': '2.5d_emib', 'loc': '2.5d_chiplet'},{'from': 'Chiplet_6', 'to': 'Chiplet_2', 'connection_type': '2.5d_emib', 'loc': '2.5d_chiplet'},{'from': 'Chiplet_6', 'to': 'Chiplet_4', 'connection_type': '2.5d_emib', 'loc': '2.5d_chiplet'},{'from': 'Chiplet_2', 'to': 'Chiplet_5', 'connection_type': '2.5d_emib', 'loc': '2.5d_chiplet'},{'from': 'Chiplet_2', 'to': 'Chiplet_3', 'connection_type': '2.5d_emib', 'loc': '2.5d_chiplet'},{'from': 'Chiplet_2', 'to': 'Chiplet_1', 'connection_type': '2.5d_emib', 'loc': '2.5d_chiplet'},{'from': 'Chiplet_2', 'to': 'Chiplet_6', 'connection_type': '2.5d_emib', 'loc': '2.5d_chiplet'},{'from': 'Chiplet_1', 'to': 'Chiplet_5', 'connection_type': '2.5d_emib', 'loc': '2.5d_chiplet'},{'from': 'Chiplet_1', 'to': 'Chiplet_6', 'connection_type': '2.5d_emib', 'loc': '2.5d_chiplet'},{'from': 'Chiplet_1', 'to': 'Chiplet_2', 'connection_type': '2.5d_emib', 'loc': '2.5d_chiplet'},{'from': 'Chiplet_5', 'to': 'Chiplet_1', 'connection_type': '2.5d_emib', 'loc': '2.5d_chiplet'},{'from': 'Chiplet_5', 'to': 'Chiplet_2', 'connection_type': '2.5d_emib', 'loc': '2.5d_chiplet'}",1,1,1,3,1,1,ddr4,bow,na,1,0,os,0,0,0
255,26.661509087912574,3967689.05,129925.98758500321,4576915004.937283,327188.62356465054,330795.30022252834,255,2.55521354,4.475,4096,128x128,7,3.5867297574793953,3.8395579270749995,2048,96x96,14,4.1253109519999995,10.4826,4096,192x192,7,1.5385781800824634,3.1172648505374996,1024,96x96,10,1.8849981800824636,3.1172648505374996,2048,96x96,10,14.117807839976791,15.979573171754398,6144,192x192,14,2.5d_3d,"{'from': 'Chiplet_6', 'to': 'Chiplet_3', 'connection_type': '3d_tsv', 'loc': 'stack0_base'},{'from': 'Chiplet_3', 'to': 'Chiplet_2', 'connection_type': '3d_tsv', 'loc': 'stack0_middle1'},{'from': 'Chiplet_2', 'to': 'Chiplet_4', 'connection_type': '3d_tsv', 'loc': 'stack0_middle2'},{'from': 'Chiplet_4', 'to': 'na', 'connection_type': '3d_tsv', 'loc': 'stack0_top'},{'from': 'Chiplet_6', 'to': 'Chiplet_5', 'connection_type': '2.5d_emib', 'loc': '2.5d_chiplet'},{'from': 'Chiplet_6', 'to': 'Chiplet_1', 'connection_type': '2.5d_emib', 'loc': '2.5d_chiplet'},{'from': 'Chiplet_1', 'to': 'Chiplet_5', 'connection_type': '2.5d_emib', 'loc': '2.5d_chiplet'},{'from': 'Chiplet_1', 'to': 'Chiplet_6', 'connection_type': '2.5d_emib', 'loc': '2.5d_chiplet'},{'from': 'Chiplet_5', 'to': 'Chiplet_1', 'connection_type': '2.5d_emib', 'loc': '2.5d_chiplet'},{'from': 'Chiplet_5', 'to': 'Chiplet_6', 'connection_type': '2.5d_emib', 'loc': '2.5d_chiplet'}",1,1,1,1,1,3,ddr4,bow,ucie_3d,1,0,ws,1,0,0
256,39.49349365107066,3505106.48,176631.45959120427,4955178075.412323,309645.4761059271,276565.85354218853,256,0.552198,1.11875,768,64x64,7,2.597993382379395,3.8395579270749995,512,96x96,14,15.436124909546791,15.979573171754398,8192,192x192,14,1.249405813087535,1.7054115854749998,256,64x64,14,6.315940422320179,6.821646341899999,3072,128x128,14,1.7117881800824635,3.1172648505374996,1536,96x96,10,2.5d,"{'from': 'Chiplet_3', 'to': 'Chiplet_5', 'connection_type': '2.5d_emib', 'loc': '2.5d_chiplet'},{'from': 'Chiplet_3', 'to': 'Chiplet_1', 'connection_type': '2.5d_emib', 'loc': '2.5d_chiplet'},{'from': 'Chiplet_3', 'to': 'Chiplet_2', 'connection_type': '2.5d_emib', 'loc': '2.5d_chiplet'},{'from': 'Chiplet_5', 'to': 'Chiplet_3', 'connection_type': '2.5d_emib', 'loc': '2.5d_chiplet'},{'from': 'Chiplet_5', 'to': 'Chiplet_6', 'connection_type': '2.5d_emib', 'loc': '2.5d_chiplet'},{'from': 'Chiplet_5', 'to': 'Chiplet_2', 'connection_type': '2.5d_emib', 'loc': '2.5d_chiplet'},{'from': 'Chiplet_2', 'to': 'Chiplet_5', 'connection_type': '2.5d_emib', 'loc': '2.5d_chiplet'},{'from': 'Chiplet_2', 'to': 'Chiplet_1', 'connection_type': '2.5d_emib', 'loc': '2.5d_chiplet'},{'from': 'Chiplet_2', 'to': 'Chiplet_6', 'connection_type': '2.5d_emib', 'loc': '2.5d_chiplet'},{'from': 'Chiplet_2', 'to': 'Chiplet_4', 'connection_type': '2.5d_emib', 'loc': '2.5d_chiplet'},{'from': 'Chiplet_2', 'to': 'Chiplet_3', 'connection_type': '2.5d_emib', 'loc': '2.5d_chiplet'},{'from': 'Chiplet_1', 'to': 'Chiplet_3', 'connection_type': '2.5d_emib', 'loc': '2.5d_chiplet'},{'from': 'Chiplet_1', 'to': 'Chiplet_2', 'connection_type': '2.5d_emib', 'loc': '2.5d_chiplet'},{'from': 'Chiplet_6', 'to': 'Chiplet_5', 'connection_type': '2.5d_emib', 'loc': '2.5d_chiplet'},{'from': 'Chiplet_6', 'to': 'Chiplet_2', 'connection_type': '2.5d_emib', 'loc': '2.5d_chiplet'},{'from': 'Chiplet_6', 'to': 'Chiplet_4', 'connection_type': '2.5d_emib', 'loc': '2.5d_chiplet'},{'from': 'Chiplet_4', 'to': 'Chiplet_6', 'connection_type': '2.5d_emib', 'loc': '2.5d_chiplet'},{'from': 'Chiplet_4', 'to': 'Chiplet_2', 'connection_type': '2.5d_emib', 'loc': '2.5d_chiplet'}",1,1,3,1,1,1,ddr4,bow,na,0,0,ws,1,0,0
257,18.32403957512624,2616543.25,62198.4957108179,1983457245.9113753,113806.66666666666,89929.36890625002,257,0.784712696,2.51875,512,96x96,7,1.5385781800824634,3.1172648505374996,1024,96x96,10,4.818150952,10.4826,6144,192x192,7,0.378988,1.11875,256,64x64,7,2.597993382379395,3.8395579270749995,512,96x96,14,2.20879254,4.475,3072,128x128,7,2.5d,"{'from': 'Chiplet_3', 'to': 'Chiplet_5', 'connection_type': '2.5d_rdl', 'loc': '2.5d_chiplet'},{'from': 'Chiplet_3', 'to': 'Chiplet_1', 'connection_type': '2.5d_rdl', 'loc': '2.5d_chiplet'},{'from': 'Chiplet_3', 'to': 'Chiplet_6', 'connection_type': '2.5d_rdl', 'loc': '2.5d_chiplet'},{'from': 'Chiplet_3', 'to': 'Chiplet_4', 'connection_type': '2.5d_rdl', 'loc': '2.5d_chiplet'},{'from': 'Chiplet_1', 'to': 'Chiplet_3', 'connection_type': '2.5d_rdl', 'loc': '2.5d_chiplet'},{'from': 'Chiplet_1', 'to': 'Chiplet_4', 'connection_type': '2.5d_rdl', 'loc': '2.5d_chiplet'},{'from': 'Chiplet_4', 'to': 'Chiplet_3', 'connection_type': '2.5d_rdl', 'loc': '2.5d_chiplet'},{'from': 'Chiplet_4', 'to': 'Chiplet_1', 'connection_type': '2.5d_rdl', 'loc': '2.5d_chiplet'},{'from': 'Chiplet_5', 'to': 'Chiplet_3', 'connection_type': '2.5d_rdl', 'loc': '2.5d_chiplet'},{'from': 'Chiplet_5', 'to': 'Chiplet_6', 'connection_type': '2.5d_rdl', 'loc': '2.5d_chiplet'},{'from': 'Chiplet_5', 'to': 'Chiplet_2', 'connection_type': '2.5d_rdl', 'loc': '2.5d_chiplet'},{'from': 'Chiplet_6', 'to': 'Chiplet_5', 'connection_type': '2.5d_rdl', 'loc': '2.5d_chiplet'},{'from': 'Chiplet_6', 'to': 'Chiplet_3', 'connection_type': '2.5d_rdl', 'loc': '2.5d_chiplet'},{'from': 'Chiplet_6', 'to': 'Chiplet_2', 'connection_type': '2.5d_rdl', 'loc': '2.5d_chiplet'},{'from': 'Chiplet_2', 'to': 'Chiplet_5', 'connection_type': '2.5d_rdl', 'loc': '2.5d_chiplet'},{'from': 'Chiplet_2', 'to': 'Chiplet_6', 'connection_type': '2.5d_rdl', 'loc': '2.5d_chiplet'}",1,2,6,1,3,3,hbm2,ucie_std,na,1,0,is,0,0,0
258,25.986650360911263,3349364.04,72948.11045470412,1547809405.9418433,960118.6874231785,713769.5467526787,258,6.033899457366197,12.973514847541198,2048,192x192,10,1.3653681800824635,3.1172648505374996,512,96x96,10,6.033899457366197,12.973514847541198,2048,192x192,10,1.7117881800824635,3.1172648505374996,1536,96x96,10,3.665749090547913,5.538366334949999,4096,128x128,10,0.46559300000000003,1.11875,512,64x64,7,2.5d,"{'from': 'Chiplet_1', 'to': 'Chiplet_5', 'connection_type': '2.5d_rdl', 'loc': '2.5d_chiplet'},{'from': 'Chiplet_1', 'to': 'Chiplet_3', 'connection_type': '2.5d_rdl', 'loc': '2.5d_chiplet'},{'from': 'Chiplet_5', 'to': 'Chiplet_1', 'connection_type': '2.5d_rdl', 'loc': '2.5d_chiplet'},{'from': 'Chiplet_5', 'to': 'Chiplet_4', 'connection_type': '2.5d_rdl', 'loc': '2.5d_chiplet'},{'from': 'Chiplet_3', 'to': 'Chiplet_1', 'connection_type': '2.5d_rdl', 'loc': '2.5d_chiplet'},{'from': 'Chiplet_3', 'to': 'Chiplet_2', 'connection_type': '2.5d_rdl', 'loc': '2.5d_chiplet'},{'from': 'Chiplet_3', 'to': 'Chiplet_4', 'connection_type': '2.5d_rdl', 'loc': '2.5d_chiplet'},{'from': 'Chiplet_4', 'to': 'Chiplet_5', 'connection_type': '2.5d_rdl', 'loc': '2.5d_chiplet'},{'from': 'Chiplet_4', 'to': 'Chiplet_6', 'connection_type': '2.5d_rdl', 'loc': '2.5d_chiplet'},{'from': 'Chiplet_4', 'to': 'Chiplet_2', 'connection_type': '2.5d_rdl', 'loc': '2.5d_chiplet'},{'from': 'Chiplet_4', 'to': 'Chiplet_3', 'connection_type': '2.5d_rdl', 'loc': '2.5d_chiplet'},{'from': 'Chiplet_2', 'to': 'Chiplet_3', 'connection_type': '2.5d_rdl', 'loc': '2.5d_chiplet'},{'from': 'Chiplet_2', 'to': 'Chiplet_6', 'connection_type': '2.5d_rdl', 'loc': '2.5d_chiplet'},{'from': 'Chiplet_2', 'to': 'Chiplet_4', 'connection_type': '2.5d_rdl', 'loc': '2.5d_chiplet'},{'from': 'Chiplet_6', 'to': 'Chiplet_2', 'connection_type': '2.5d_rdl', 'loc': '2.5d_chiplet'},{'from': 'Chiplet_6', 'to': 'Chiplet_4', 'connection_type': '2.5d_rdl', 'loc': '2.5d_chiplet'}",5,1,5,1,3,1,hbm2,ucie_std,na,1,0,os,1,0,0
259,31.967846064313154,2823846.29,68306.0810961942,6571749584.739487,79540.77901430841,167793.9628681155,259,7.419580457366196,12.973514847541198,6144,192x192,10,2.927572174079395,3.8395579270749995,1024,96x96,14,2.927572174079395,3.8395579270749995,1024,96x96,14,2.927572174079395,3.8395579270749995,1024,96x96,14,1.51595254,4.475,1024,128x128,7,1.5385781800824634,3.1172648505374996,1024,96x96,10,2.5d,"{'from': 'Chiplet_1', 'to': 'Chiplet_6', 'connection_type': '2.5d_rdl', 'loc': '2.5d_chiplet'},{'from': 'Chiplet_1', 'to': 'Chiplet_2', 'connection_type': '2.5d_rdl', 'loc': '2.5d_chiplet'},{'from': 'Chiplet_6', 'to': 'Chiplet_3', 'connection_type': '2.5d_rdl', 'loc': '2.5d_chiplet'},{'from': 'Chiplet_6', 'to': 'Chiplet_1', 'connection_type': '2.5d_rdl', 'loc': '2.5d_chiplet'},{'from': 'Chiplet_6', 'to': 'Chiplet_2', 'connection_type': '2.5d_rdl', 'loc': '2.5d_chiplet'},{'from': 'Chiplet_2', 'to': 'Chiplet_3', 'connection_type': '2.5d_rdl', 'loc': '2.5d_chiplet'},{'from': 'Chiplet_2', 'to': 'Chiplet_1', 'connection_type': '2.5d_rdl', 'loc': '2.5d_chiplet'},{'from': 'Chiplet_2', 'to': 'Chiplet_6', 'connection_type': '2.5d_rdl', 'loc': '2.5d_chiplet'},{'from': 'Chiplet_2', 'to': 'Chiplet_4', 'connection_type': '2.5d_rdl', 'loc': '2.5d_chiplet'},{'from': 'Chiplet_4', 'to': 'Chiplet_5', 'connection_type': '2.5d_rdl', 'loc': '2.5d_chiplet'},{'from': 'Chiplet_4', 'to': 'Chiplet_2', 'connection_type': '2.5d_rdl', 'loc': '2.5d_chiplet'},{'from': 'Chiplet_3', 'to': 'Chiplet_5', 'connection_type': '2.5d_rdl', 'loc': '2.5d_chiplet'},{'from': 'Chiplet_3', 'to': 'Chiplet_6', 'connection_type': '2.5d_rdl', 'loc': '2.5d_chiplet'},{'from': 'Chiplet_3', 'to': 'Chiplet_2', 'connection_type': '2.5d_rdl', 'loc': '2.5d_chiplet'},{'from': 'Chiplet_5', 'to': 'Chiplet_3', 'connection_type': '2.5d_rdl', 'loc': '2.5d_chiplet'},{'from': 'Chiplet_5', 'to': 'Chiplet_4', 'connection_type': '2.5d_rdl', 'loc': '2.5d_chiplet'}",3,1,1,1,1,1,ddr4,ucie_std,na,0,0,os,0,0,0
260,36.37162593685587,3368158.79,86321.54504086787,5269028785.786373,66644.74735126324,141037.04737859673,260,0.46559300000000003,1.11875,512,64x64,7,0.378988,1.11875,256,64x64,7,1.578984604787535,1.7054115854749998,768,64x64,14,6.726740457366197,12.973514847541198,4096,192x192,10,15.436124909546791,15.979573171754398,8192,192x192,14,1.3653681800824635,3.1172648505374996,512,96x96,10,2.5d,"{'from': 'Chiplet_5', 'to': 'Chiplet_3', 'connection_type': '2.5d_rdl', 'loc': '2.5d_chiplet'},{'from': 'Chiplet_5', 'to': 'Chiplet_2', 'connection_type': '2.5d_rdl', 'loc': '2.5d_chiplet'},{'from': 'Chiplet_5', 'to': 'Chiplet_4', 'connection_type': '2.5d_rdl', 'loc': '2.5d_chiplet'},{'from': 'Chiplet_4', 'to': 'Chiplet_5', 'connection_type': '2.5d_rdl', 'loc': '2.5d_chiplet'},{'from': 'Chiplet_4', 'to': 'Chiplet_6', 'connection_type': '2.5d_rdl', 'loc': '2.5d_chiplet'},{'from': 'Chiplet_4', 'to': 'Chiplet_3', 'connection_type': '2.5d_rdl', 'loc': '2.5d_chiplet'},{'from': 'Chiplet_3', 'to': 'Chiplet_5', 'connection_type': '2.5d_rdl', 'loc': '2.5d_chiplet'},{'from': 'Chiplet_3', 'to': 'Chiplet_6', 'connection_type': '2.5d_rdl', 'loc': '2.5d_chiplet'},{'from': 'Chiplet_3', 'to': 'Chiplet_4', 'connection_type': '2.5d_rdl', 'loc': '2.5d_chiplet'},{'from': 'Chiplet_3', 'to': 'Chiplet_2', 'connection_type': '2.5d_rdl', 'loc': '2.5d_chiplet'},{'from': 'Chiplet_2', 'to': 'Chiplet_5', 'connection_type': '2.5d_rdl', 'loc': '2.5d_chiplet'},{'from': 'Chiplet_2', 'to': 'Chiplet_1', 'connection_type': '2.5d_rdl', 'loc': '2.5d_chiplet'},{'from': 'Chiplet_2', 'to': 'Chiplet_3', 'connection_type': '2.5d_rdl', 'loc': '2.5d_chiplet'},{'from': 'Chiplet_6', 'to': 'Chiplet_3', 'connection_type': '2.5d_rdl', 'loc': '2.5d_chiplet'},{'from': 'Chiplet_6', 'to': 'Chiplet_1', 'connection_type': '2.5d_rdl', 'loc': '2.5d_chiplet'},{'from': 'Chiplet_6', 'to': 'Chiplet_4', 'connection_type': '2.5d_rdl', 'loc': '2.5d_chiplet'},{'from': 'Chiplet_1', 'to': 'Chiplet_6', 'connection_type': '2.5d_rdl', 'loc': '2.5d_chiplet'},{'from': 'Chiplet_1', 'to': 'Chiplet_2', 'connection_type': '2.5d_rdl', 'loc': '2.5d_chiplet'}",1,1,1,1,3,1,ddr5,ucie_std,na,1,0,os,0,0,0
261,29.235417419534105,4887263.41,118554.69734358296,5048607954.304389,60863.71335504886,152368.9706675983,261,6.315940422320179,6.821646341899999,3072,128x128,14,7.419580457366196,12.973514847541198,6144,192x192,10,6.726740457366197,12.973514847541198,4096,192x192,10,1.8849981800824636,3.1172648505374996,2048,96x96,10,4.1253109519999995,10.4826,4096,192x192,7,6.975099908490179,6.821646341899999,4096,128x128,14,2.5d_3d,"{'from': 'Chiplet_1', 'to': 'Chiplet_5', 'connection_type': '3d_hyb_bond', 'loc': 'stack0_base'},{'from': 'Chiplet_5', 'to': 'Chiplet_4', 'connection_type': '3d_hyb_bond', 'loc': 'stack0_middle1'},{'from': 'Chiplet_4', 'to': 'na', 'connection_type': '3d_hyb_bond', 'loc': 'stack0_top'},{'from': 'Chiplet_2', 'to': 'Chiplet_1', 'connection_type': '2.5d_rdl', 'loc': '2.5d_chiplet'},{'from': 'Chiplet_2', 'to': 'Chiplet_6', 'connection_type': '2.5d_rdl', 'loc': '2.5d_chiplet'},{'from': 'Chiplet_1', 'to': 'Chiplet_3', 'connection_type': '2.5d_rdl', 'loc': '2.5d_chiplet'},{'from': 'Chiplet_1', 'to': 'Chiplet_2', 'connection_type': '2.5d_rdl', 'loc': '2.5d_chiplet'},{'from': 'Chiplet_6', 'to': 'Chiplet_3', 'connection_type': '2.5d_rdl', 'loc': '2.5d_chiplet'},{'from': 'Chiplet_6', 'to': 'Chiplet_2', 'connection_type': '2.5d_rdl', 'loc': '2.5d_chiplet'},{'from': 'Chiplet_3', 'to': 'Chiplet_1', 'connection_type': '2.5d_rdl', 'loc': '2.5d_chiplet'},{'from': 'Chiplet_3', 'to': 'Chiplet_6', 'connection_type': '2.5d_rdl', 'loc': '2.5d_chiplet'}",1,2,1,1,1,2,ddr5,ucie_std,ucie_3d,1,0,is,0,0,0
262,31.2877531707971,3148865.84,175545.01808229604,6799354118.265918,194966.4705882353,243545.72657895772,262,3.2571509657793953,3.8395579270749995,1536,96x96,14,6.315940422320179,6.821646341899999,3072,128x128,14,0.957922696,2.51875,1024,96x96,7,1.304342696,2.51875,2048,96x96,7,12.799492673176792,15.979573171754398,4096,192x192,14,0.829831759447044,1.3845915837374998,768,64x64,10,2.5d,"{'from': 'Chiplet_5', 'to': 'Chiplet_1', 'connection_type': '2.5d_emib', 'loc': '2.5d_chiplet'},{'from': 'Chiplet_5', 'to': 'Chiplet_2', 'connection_type': '2.5d_emib', 'loc': '2.5d_chiplet'},{'from': 'Chiplet_2', 'to': 'Chiplet_5', 'connection_type': '2.5d_emib', 'loc': '2.5d_chiplet'},{'from': 'Chiplet_2', 'to': 'Chiplet_1', 'connection_type': '2.5d_emib', 'loc': '2.5d_chiplet'},{'from': 'Chiplet_2', 'to': 'Chiplet_4', 'connection_type': '2.5d_emib', 'loc': '2.5d_chiplet'},{'from': 'Chiplet_1', 'to': 'Chiplet_5', 'connection_type': '2.5d_emib', 'loc': '2.5d_chiplet'},{'from': 'Chiplet_1', 'to': 'Chiplet_2', 'connection_type': '2.5d_emib', 'loc': '2.5d_chiplet'},{'from': 'Chiplet_1', 'to': 'Chiplet_4', 'connection_type': '2.5d_emib', 'loc': '2.5d_chiplet'},{'from': 'Chiplet_1', 'to': 'Chiplet_3', 'connection_type': '2.5d_emib', 'loc': '2.5d_chiplet'},{'from': 'Chiplet_4', 'to': 'Chiplet_3', 'connection_type': '2.5d_emib', 'loc': '2.5d_chiplet'},{'from': 'Chiplet_4', 'to': 'Chiplet_1', 'connection_type': '2.5d_emib', 'loc': '2.5d_chiplet'},{'from': 'Chiplet_4', 'to': 'Chiplet_2', 'connection_type': '2.5d_emib', 'loc': '2.5d_chiplet'},{'from': 'Chiplet_4', 'to': 'Chiplet_6', 'connection_type': '2.5d_emib', 'loc': '2.5d_chiplet'},{'from': 'Chiplet_3', 'to': 'Chiplet_1', 'connection_type': '2.5d_emib', 'loc': '2.5d_chiplet'},{'from': 'Chiplet_3', 'to': 'Chiplet_6', 'connection_type': '2.5d_emib', 'loc': '2.5d_chiplet'},{'from': 'Chiplet_3', 'to': 'Chiplet_4', 'connection_type': '2.5d_emib', 'loc': '2.5d_chiplet'},{'from': 'Chiplet_6', 'to': 'Chiplet_3', 'connection_type': '2.5d_emib', 'loc': '2.5d_chiplet'},{'from': 'Chiplet_6', 'to': 'Chiplet_4', 'connection_type': '2.5d_emib', 'loc': '2.5d_chiplet'}",1,1,1,1,3,1,ddr4,ucie_adv,na,0,0,is,0,0,0
263,32.202826802671126,3246528.69,176820.57225299615,3509640871.531018,370102.4689136974,303260.9703275518,263,0.378988,1.11875,256,64x64,7,1.5385781800824634,3.1172648505374996,1024,96x96,10,6.975099908490179,6.821646341899999,4096,128x128,14,12.799492673176792,15.979573171754398,4096,192x192,14,3.3193280905479132,5.538366334949999,3072,128x128,10,0.784712696,2.51875,512,96x96,7,2.5d,"{'from': 'Chiplet_4', 'to': 'Chiplet_5', 'connection_type': '2.5d_emib', 'loc': '2.5d_chiplet'},{'from': 'Chiplet_4', 'to': 'Chiplet_3', 'connection_type': '2.5d_emib', 'loc': '2.5d_chiplet'},{'from': 'Chiplet_3', 'to': 'Chiplet_5', 'connection_type': '2.5d_emib', 'loc': '2.5d_chiplet'},{'from': 'Chiplet_3', 'to': 'Chiplet_2', 'connection_type': '2.5d_emib', 'loc': '2.5d_chiplet'},{'from': 'Chiplet_3', 'to': 'Chiplet_4', 'connection_type': '2.5d_emib', 'loc': '2.5d_chiplet'},{'from': 'Chiplet_5', 'to': 'Chiplet_3', 'connection_type': '2.5d_emib', 'loc': '2.5d_chiplet'},{'from': 'Chiplet_5', 'to': 'Chiplet_6', 'connection_type': '2.5d_emib', 'loc': '2.5d_chiplet'},{'from': 'Chiplet_5', 'to': 'Chiplet_2', 'connection_type': '2.5d_emib', 'loc': '2.5d_chiplet'},{'from': 'Chiplet_5', 'to': 'Chiplet_4', 'connection_type': '2.5d_emib', 'loc': '2.5d_chiplet'},{'from': 'Chiplet_2', 'to': 'Chiplet_5', 'connection_type': '2.5d_emib', 'loc': '2.5d_chiplet'},{'from': 'Chiplet_2', 'to': 'Chiplet_1', 'connection_type': '2.5d_emib', 'loc': '2.5d_chiplet'},{'from': 'Chiplet_2', 'to': 'Chiplet_6', 'connection_type': '2.5d_emib', 'loc': '2.5d_chiplet'},{'from': 'Chiplet_2', 'to': 'Chiplet_3', 'connection_type': '2.5d_emib', 'loc': '2.5d_chiplet'},{'from': 'Chiplet_6', 'to': 'Chiplet_5', 'connection_type': '2.5d_emib', 'loc': '2.5d_chiplet'},{'from': 'Chiplet_6', 'to': 'Chiplet_1', 'connection_type': '2.5d_emib', 'loc': '2.5d_chiplet'},{'from': 'Chiplet_6', 'to': 'Chiplet_2', 'connection_type': '2.5d_emib', 'loc': '2.5d_chiplet'},{'from': 'Chiplet_1', 'to': 'Chiplet_6', 'connection_type': '2.5d_emib', 'loc': '2.5d_chiplet'},{'from': 'Chiplet_1', 'to': 'Chiplet_2', 'connection_type': '2.5d_emib', 'loc': '2.5d_chiplet'}",1,1,1,3,1,1,ddr5,ucie_adv,na,0,0,is,1,0,0
264,28.291676379179354,3971890.35,79162.48688068132,1564612751.1529505,1226734.8429317072,874694.1079301296,264,1.86237254,4.475,2048,128x128,7,0.656621759447044,1.3845915837374998,256,64x64,10,3.432469952,10.4826,2048,192x192,7,0.916436759447044,1.3845915837374998,1024,64x64,10,6.726740457366197,12.973514847541198,4096,192x192,10,6.315940422320179,6.821646341899999,3072,128x128,14,2.5d_3d,"{'from': 'Chiplet_6', 'to': 'Chiplet_4', 'connection_type': '3d_tsv', 'loc': 'stack0_base'},{'from': 'Chiplet_4', 'to': 'na', 'connection_type': '3d_tsv', 'loc': 'stack0_top'},{'from': 'Chiplet_5', 'to': 'Chiplet_1', 'connection_type': '2.5d_rdl', 'loc': '2.5d_chiplet'},{'from': 'Chiplet_5', 'to': 'Chiplet_6', 'connection_type': '2.5d_rdl', 'loc': '2.5d_chiplet'},{'from': 'Chiplet_5', 'to': 'Chiplet_2', 'connection_type': '2.5d_rdl', 'loc': '2.5d_chiplet'},{'from': 'Chiplet_1', 'to': 'Chiplet_5', 'connection_type': '2.5d_rdl', 'loc': '2.5d_chiplet'},{'from': 'Chiplet_1', 'to': 'Chiplet_2', 'connection_type': '2.5d_rdl', 'loc': '2.5d_chiplet'},{'from': 'Chiplet_2', 'to': 'Chiplet_5', 'connection_type': '2.5d_rdl', 'loc': '2.5d_chiplet'},{'from': 'Chiplet_2', 'to': 'Chiplet_3', 'connection_type': '2.5d_rdl', 'loc': '2.5d_chiplet'},{'from': 'Chiplet_2', 'to': 'Chiplet_1', 'connection_type': '2.5d_rdl', 'loc': '2.5d_chiplet'},{'from': 'Chiplet_6', 'to': 'Chiplet_5', 'connection_type': '2.5d_rdl', 'loc': '2.5d_chiplet'},{'from': 'Chiplet_6', 'to': 'Chiplet_3', 'connection_type': '2.5d_rdl', 'loc': '2.5d_chiplet'},{'from': 'Chiplet_3', 'to': 'Chiplet_6', 'connection_type': '2.5d_rdl', 'loc': '2.5d_chiplet'},{'from': 'Chiplet_3', 'to': 'Chiplet_2', 'connection_type': '2.5d_rdl', 'loc': '2.5d_chiplet'}",1,1,3,1,5,5,hbm3,ucie_std,ucie_3d,0,0,ws,1,0,0
265,16.97203867817994,2364788.03,126668.86661851953,2734910917.276189,192728.88888888888,115036.64255122826,265,3.3193280905479132,5.538366334949999,3072,128x128,10,1.4141952089375351,1.7054115854749998,512,64x64,14,1.249405813087535,1.7054115854749998,256,64x64,14,0.829831759447044,1.3845915837374998,768,64x64,10,6.975099908490179,6.821646341899999,4096,128x128,14,0.638803,1.11875,1024,64x64,7,2.5d_3d,"{'from': 'Chiplet_2', 'to': 'Chiplet_4', 'connection_type': '3d_u_bump', 'loc': 'stack0_base'},{'from': 'Chiplet_4', 'to': 'na', 'connection_type': '3d_u_bump', 'loc': 'stack0_top'},{'from': 'Chiplet_5', 'to': 'Chiplet_1', 'connection_type': '2.5d_emib', 'loc': '2.5d_chiplet'},{'from': 'Chiplet_5', 'to': 'Chiplet_2', 'connection_type': '2.5d_emib', 'loc': '2.5d_chiplet'},{'from': 'Chiplet_1', 'to': 'Chiplet_5', 'connection_type': '2.5d_emib', 'loc': '2.5d_chiplet'},{'from': 'Chiplet_1', 'to': 'Chiplet_2', 'connection_type': '2.5d_emib', 'loc': '2.5d_chiplet'},{'from': 'Chiplet_1', 'to': 'Chiplet_3', 'connection_type': '2.5d_emib', 'loc': '2.5d_chiplet'},{'from': 'Chiplet_2', 'to': 'Chiplet_5', 'connection_type': '2.5d_emib', 'loc': '2.5d_chiplet'},{'from': 'Chiplet_2', 'to': 'Chiplet_1', 'connection_type': '2.5d_emib', 'loc': '2.5d_chiplet'},{'from': 'Chiplet_2', 'to': 'Chiplet_6', 'connection_type': '2.5d_emib', 'loc': '2.5d_chiplet'},{'from': 'Chiplet_2', 'to': 'Chiplet_3', 'connection_type': '2.5d_emib', 'loc': '2.5d_chiplet'},{'from': 'Chiplet_3', 'to': 'Chiplet_1', 'connection_type': '2.5d_emib', 'loc': '2.5d_chiplet'},{'from': 'Chiplet_3', 'to': 'Chiplet_2', 'connection_type': '2.5d_emib', 'loc': '2.5d_chiplet'},{'from': 'Chiplet_3', 'to': 'Chiplet_6', 'connection_type': '2.5d_emib', 'loc': '2.5d_chiplet'},{'from': 'Chiplet_6', 'to': 'Chiplet_3', 'connection_type': '2.5d_emib', 'loc': '2.5d_chiplet'},{'from': 'Chiplet_6', 'to': 'Chiplet_2', 'connection_type': '2.5d_emib', 'loc': '2.5d_chiplet'}",3,2,1,1,8,1,hbm2,ucie_adv,ucie_3d,0,0,ws,0,0,0
266,51.47720217343997,4316072.58,101151.69679232906,4917438474.932039,92025.93376764387,161817.8534740517,266,1.86237254,4.475,2048,128x128,7,5.656782838920179,6.821646341899999,2048,128x128,14,14.117807839976791,15.979573171754398,6144,192x192,14,3.665749090547913,5.538366334949999,4096,128x128,10,2.6264880905479133,5.538366334949999,1024,128x128,10,3.5867297574793953,3.8395579270749995,2048,96x96,14,2.5d,"{'from': 'Chiplet_3', 'to': 'Chiplet_1', 'connection_type': '2.5d_rdl', 'loc': '2.5d_chiplet'},{'from': 'Chiplet_3', 'to': 'Chiplet_2', 'connection_type': '2.5d_rdl', 'loc': '2.5d_chiplet'},{'from': 'Chiplet_1', 'to': 'Chiplet_3', 'connection_type': '2.5d_rdl', 'loc': '2.5d_chiplet'},{'from': 'Chiplet_1', 'to': 'Chiplet_2', 'connection_type': '2.5d_rdl', 'loc': '2.5d_chiplet'},{'from': 'Chiplet_1', 'to': 'Chiplet_4', 'connection_type': '2.5d_rdl', 'loc': '2.5d_chiplet'},{'from': 'Chiplet_2', 'to': 'Chiplet_5', 'connection_type': '2.5d_rdl', 'loc': '2.5d_chiplet'},{'from': 'Chiplet_2', 'to': 'Chiplet_1', 'connection_type': '2.5d_rdl', 'loc': '2.5d_chiplet'},{'from': 'Chiplet_2', 'to': 'Chiplet_6', 'connection_type': '2.5d_rdl', 'loc': '2.5d_chiplet'},{'from': 'Chiplet_2', 'to': 'Chiplet_4', 'connection_type': '2.5d_rdl', 'loc': '2.5d_chiplet'},{'from': 'Chiplet_2', 'to': 'Chiplet_3', 'connection_type': '2.5d_rdl', 'loc': '2.5d_chiplet'},{'from': 'Chiplet_5', 'to': 'Chiplet_6', 'connection_type': '2.5d_rdl', 'loc': '2.5d_chiplet'},{'from': 'Chiplet_5', 'to': 'Chiplet_2', 'connection_type': '2.5d_rdl', 'loc': '2.5d_chiplet'},{'from': 'Chiplet_4', 'to': 'Chiplet_1', 'connection_type': '2.5d_rdl', 'loc': '2.5d_chiplet'},{'from': 'Chiplet_4', 'to': 'Chiplet_6', 'connection_type': '2.5d_rdl', 'loc': '2.5d_chiplet'},{'from': 'Chiplet_4', 'to': 'Chiplet_2', 'connection_type': '2.5d_rdl', 'loc': '2.5d_chiplet'},{'from': 'Chiplet_6', 'to': 'Chiplet_5', 'connection_type': '2.5d_rdl', 'loc': '2.5d_chiplet'},{'from': 'Chiplet_6', 'to': 'Chiplet_2', 'connection_type': '2.5d_rdl', 'loc': '2.5d_chiplet'},{'from': 'Chiplet_6', 'to': 'Chiplet_4', 'connection_type': '2.5d_rdl', 'loc': '2.5d_chiplet'}",1,1,3,1,1,1,ddr5,ucie_std,na,1,0,is,0,0,0
267,32.7956359576868,4066407.26,124798.90166740846,4650840340.264851,361808.3776006209,368513.49059502484,267,12.799492673176792,15.979573171754398,4096,192x192,14,1.578984604787535,1.7054115854749998,768,64x64,14,0.957922696,2.51875,1024,96x96,7,7.419580457366196,12.973514847541198,6144,192x192,10,3.2571509657793953,3.8395579270749995,1536,96x96,14,3.665749090547913,5.538366334949999,4096,128x128,10,2.5d_3d,"{'from': 'Chiplet_4', 'to': 'Chiplet_6', 'connection_type': '3d_tsv', 'loc': 'stack0_base'},{'from': 'Chiplet_6', 'to': 'Chiplet_5', 'connection_type': '3d_tsv', 'loc': 'stack0_middle1'},{'from': 'Chiplet_5', 'to': 'Chiplet_3', 'connection_type': '3d_tsv', 'loc': 'stack0_middle2'},{'from': 'Chiplet_3', 'to': 'na', 'connection_type': '3d_tsv', 'loc': 'stack0_top'},{'from': 'Chiplet_1', 'to': 'Chiplet_2', 'connection_type': '2.5d_emib', 'loc': '2.5d_chiplet'},{'from': 'Chiplet_1', 'to': 'Chiplet_4', 'connection_type': '2.5d_emib', 'loc': '2.5d_chiplet'},{'from': 'Chiplet_4', 'to': 'Chiplet_1', 'connection_type': '2.5d_emib', 'loc': '2.5d_chiplet'},{'from': 'Chiplet_4', 'to': 'Chiplet_2', 'connection_type': '2.5d_emib', 'loc': '2.5d_chiplet'},{'from': 'Chiplet_2', 'to': 'Chiplet_1', 'connection_type': '2.5d_emib', 'loc': '2.5d_chiplet'},{'from': 'Chiplet_2', 'to': 'Chiplet_4', 'connection_type': '2.5d_emib', 'loc': '2.5d_chiplet'}",3,1,1,1,1,1,ddr4,bow,ucie_3d,0,0,os,1,0,0
268,35.417471523124384,3768230.47,184222.15439416846,4372655610.374976,588984.1972229792,538084.4945461729,268,3.432469952,10.4826,2048,192x192,7,0.916436759447044,1.3845915837374998,1024,64x64,10,4.1253109519999995,10.4826,4096,192x192,7,2.597993382379395,3.8395579270749995,512,96x96,14,7.419580457366196,12.973514847541198,6144,192x192,10,1.8849981800824636,3.1172648505374996,2048,96x96,10,2.5d,"{'from': 'Chiplet_5', 'to': 'Chiplet_3', 'connection_type': '2.5d_emib', 'loc': '2.5d_chiplet'},{'from': 'Chiplet_5', 'to': 'Chiplet_4', 'connection_type': '2.5d_emib', 'loc': '2.5d_chiplet'},{'from': 'Chiplet_4', 'to': 'Chiplet_5', 'connection_type': '2.5d_emib', 'loc': '2.5d_chiplet'},{'from': 'Chiplet_4', 'to': 'Chiplet_3', 'connection_type': '2.5d_emib', 'loc': '2.5d_chiplet'},{'from': 'Chiplet_4', 'to': 'Chiplet_1', 'connection_type': '2.5d_emib', 'loc': '2.5d_chiplet'},{'from': 'Chiplet_3', 'to': 'Chiplet_5', 'connection_type': '2.5d_emib', 'loc': '2.5d_chiplet'},{'from': 'Chiplet_3', 'to': 'Chiplet_1', 'connection_type': '2.5d_emib', 'loc': '2.5d_chiplet'},{'from': 'Chiplet_3', 'to': 'Chiplet_2', 'connection_type': '2.5d_emib', 'loc': '2.5d_chiplet'},{'from': 'Chiplet_3', 'to': 'Chiplet_4', 'connection_type': '2.5d_emib', 'loc': '2.5d_chiplet'},{'from': 'Chiplet_3', 'to': 'Chiplet_6', 'connection_type': '2.5d_emib', 'loc': '2.5d_chiplet'},{'from': 'Chiplet_2', 'to': 'Chiplet_3', 'connection_type': '2.5d_emib', 'loc': '2.5d_chiplet'},{'from': 'Chiplet_2', 'to': 'Chiplet_6', 'connection_type': '2.5d_emib', 'loc': '2.5d_chiplet'},{'from': 'Chiplet_1', 'to': 'Chiplet_3', 'connection_type': '2.5d_emib', 'loc': '2.5d_chiplet'},{'from': 'Chiplet_1', 'to': 'Chiplet_6', 'connection_type': '2.5d_emib', 'loc': '2.5d_chiplet'},{'from': 'Chiplet_1', 'to': 'Chiplet_4', 'connection_type': '2.5d_emib', 'loc': '2.5d_chiplet'},{'from': 'Chiplet_6', 'to': 'Chiplet_3', 'connection_type': '2.5d_emib', 'loc': '2.5d_chiplet'},{'from': 'Chiplet_6', 'to': 'Chiplet_1', 'connection_type': '2.5d_emib', 'loc': '2.5d_chiplet'},{'from': 'Chiplet_6', 'to': 'Chiplet_2', 'connection_type': '2.5d_emib', 'loc': '2.5d_chiplet'}",1,1,1,1,3,1,ddr4,ucie_adv,na,1,0,os,1,0,0
269,31.958098933790623,3637185.56,78011.50212414756,1605797227.4579675,593289.6065907982,426322.1629280297,269,2.6264880905479133,5.538366334949999,1024,128x128,10,4.9976252555201786,6.821646341899999,1024,128x128,14,6.975099908490179,6.821646341899999,4096,128x128,14,0.638803,1.11875,1024,64x64,7,1.5385781800824634,3.1172648505374996,1024,96x96,10,6.726740457366197,12.973514847541198,4096,192x192,10,2.5d,"{'from': 'Chiplet_3', 'to': 'Chiplet_5', 'connection_type': '2.5d_rdl', 'loc': '2.5d_chiplet'},{'from': 'Chiplet_3', 'to': 'Chiplet_1', 'connection_type': '2.5d_rdl', 'loc': '2.5d_chiplet'},{'from': 'Chiplet_3', 'to': 'Chiplet_6', 'connection_type': '2.5d_rdl', 'loc': '2.5d_chiplet'},{'from': 'Chiplet_1', 'to': 'Chiplet_5', 'connection_type': '2.5d_rdl', 'loc': '2.5d_chiplet'},{'from': 'Chiplet_1', 'to': 'Chiplet_4', 'connection_type': '2.5d_rdl', 'loc': '2.5d_chiplet'},{'from': 'Chiplet_1', 'to': 'Chiplet_3', 'connection_type': '2.5d_rdl', 'loc': '2.5d_chiplet'},{'from': 'Chiplet_5', 'to': 'Chiplet_3', 'connection_type': '2.5d_rdl', 'loc': '2.5d_chiplet'},{'from': 'Chiplet_5', 'to': 'Chiplet_1', 'connection_type': '2.5d_rdl', 'loc': '2.5d_chiplet'},{'from': 'Chiplet_5', 'to': 'Chiplet_2', 'connection_type': '2.5d_rdl', 'loc': '2.5d_chiplet'},{'from': 'Chiplet_5', 'to': 'Chiplet_4', 'connection_type': '2.5d_rdl', 'loc': '2.5d_chiplet'},{'from': 'Chiplet_4', 'to': 'Chiplet_5', 'connection_type': '2.5d_rdl', 'loc': '2.5d_chiplet'},{'from': 'Chiplet_4', 'to': 'Chiplet_1', 'connection_type': '2.5d_rdl', 'loc': '2.5d_chiplet'},{'from': 'Chiplet_6', 'to': 'Chiplet_3', 'connection_type': '2.5d_rdl', 'loc': '2.5d_chiplet'},{'from': 'Chiplet_6', 'to': 'Chiplet_2', 'connection_type': '2.5d_rdl', 'loc': '2.5d_chiplet'},{'from': 'Chiplet_2', 'to': 'Chiplet_5', 'connection_type': '2.5d_rdl', 'loc': '2.5d_chiplet'},{'from': 'Chiplet_2', 'to': 'Chiplet_6', 'connection_type': '2.5d_rdl', 'loc': '2.5d_chiplet'}",2,3,5,1,1,4,hbm3,ucie_std,na,0,0,os,1,0,0
270,60.31572606760004,7227542.54,127157.05587260264,2582267241.3130417,94211.66666666667,138147.2568610598,270,1.4141952089375351,1.7054115854749998,512,64x64,14,15.436124909546791,15.979573171754398,8192,192x192,14,0.743226759447044,1.3845915837374998,512,64x64,10,14.117807839976791,15.979573171754398,6144,192x192,14,3.432469952,10.4826,2048,192x192,7,5.656782838920179,6.821646341899999,2048,128x128,14,2.5d_3d,"{'from': 'Chiplet_5', 'to': 'Chiplet_3', 'connection_type': '3d_hyb_bond', 'loc': 'stack0_base'},{'from': 'Chiplet_3', 'to': 'na', 'connection_type': '3d_hyb_bond', 'loc': 'stack0_top'},{'from': 'Chiplet_2', 'to': 'Chiplet_5', 'connection_type': '2.5d_rdl', 'loc': '2.5d_chiplet'},{'from': 'Chiplet_2', 'to': 'Chiplet_1', 'connection_type': '2.5d_rdl', 'loc': '2.5d_chiplet'},{'from': 'Chiplet_2', 'to': 'Chiplet_6', 'connection_type': '2.5d_rdl', 'loc': '2.5d_chiplet'},{'from': 'Chiplet_2', 'to': 'Chiplet_4', 'connection_type': '2.5d_rdl', 'loc': '2.5d_chiplet'},{'from': 'Chiplet_5', 'to': 'Chiplet_1', 'connection_type': '2.5d_rdl', 'loc': '2.5d_chiplet'},{'from': 'Chiplet_5', 'to': 'Chiplet_2', 'connection_type': '2.5d_rdl', 'loc': '2.5d_chiplet'},{'from': 'Chiplet_1', 'to': 'Chiplet_5', 'connection_type': '2.5d_rdl', 'loc': '2.5d_chiplet'},{'from': 'Chiplet_1', 'to': 'Chiplet_2', 'connection_type': '2.5d_rdl', 'loc': '2.5d_chiplet'},{'from': 'Chiplet_4', 'to': 'Chiplet_6', 'connection_type': '2.5d_rdl', 'loc': '2.5d_chiplet'},{'from': 'Chiplet_4', 'to': 'Chiplet_2', 'connection_type': '2.5d_rdl', 'loc': '2.5d_chiplet'},{'from': 'Chiplet_6', 'to': 'Chiplet_2', 'connection_type': '2.5d_rdl', 'loc': '2.5d_chiplet'},{'from': 'Chiplet_6', 'to': 'Chiplet_4', 'connection_type': '2.5d_rdl', 'loc': '2.5d_chiplet'}",1,6,1,5,1,2,hbm2,ucie_std,ucie_3d,0,0,is,0,0,0
271,37.910829705988206,4234565.57,195136.93286794715,6786574679.421713,130524.08585055644,238898.26790123893,271,8.112421457366196,12.973514847541198,8192,192x192,10,0.656621759447044,1.3845915837374998,256,64x64,10,0.638803,1.11875,1024,64x64,7,8.112421457366196,12.973514847541198,8192,192x192,10,1.5385781800824634,3.1172648505374996,1024,96x96,10,11.481175603606792,15.979573171754398,2048,192x192,14,2.5d,"{'from': 'Chiplet_6', 'to': 'Chiplet_5', 'connection_type': '2.5d_emib', 'loc': '2.5d_chiplet'},{'from': 'Chiplet_6', 'to': 'Chiplet_1', 'connection_type': '2.5d_emib', 'loc': '2.5d_chiplet'},{'from': 'Chiplet_6', 'to': 'Chiplet_2', 'connection_type': '2.5d_emib', 'loc': '2.5d_chiplet'},{'from': 'Chiplet_6', 'to': 'Chiplet_4', 'connection_type': '2.5d_emib', 'loc': '2.5d_chiplet'},{'from': 'Chiplet_5', 'to': 'Chiplet_3', 'connection_type': '2.5d_emib', 'loc': '2.5d_chiplet'},{'from': 'Chiplet_5', 'to': 'Chiplet_6', 'connection_type': '2.5d_emib', 'loc': '2.5d_chiplet'},{'from': 'Chiplet_5', 'to': 'Chiplet_2', 'connection_type': '2.5d_emib', 'loc': '2.5d_chiplet'},{'from': 'Chiplet_2', 'to': 'Chiplet_5', 'connection_type': '2.5d_emib', 'loc': '2.5d_chiplet'},{'from': 'Chiplet_2', 'to': 'Chiplet_6', 'connection_type': '2.5d_emib', 'loc': '2.5d_chiplet'},{'from': 'Chiplet_2', 'to': 'Chiplet_3', 'connection_type': '2.5d_emib', 'loc': '2.5d_chiplet'},{'from': 'Chiplet_3', 'to': 'Chiplet_5', 'connection_type': '2.5d_emib', 'loc': '2.5d_chiplet'},{'from': 'Chiplet_3', 'to': 'Chiplet_2', 'connection_type': '2.5d_emib', 'loc': '2.5d_chiplet'},{'from': 'Chiplet_1', 'to': 'Chiplet_6', 'connection_type': '2.5d_emib', 'loc': '2.5d_chiplet'},{'from': 'Chiplet_1', 'to': 'Chiplet_4', 'connection_type': '2.5d_emib', 'loc': '2.5d_chiplet'},{'from': 'Chiplet_4', 'to': 'Chiplet_1', 'connection_type': '2.5d_emib', 'loc': '2.5d_chiplet'},{'from': 'Chiplet_4', 'to': 'Chiplet_6', 'connection_type': '2.5d_emib', 'loc': '2.5d_chiplet'}",2,1,1,1,1,2,ddr4,aib,na,1,0,is,0,0,0
272,34.60546033894996,3563687.38,89826.27374368759,4835312387.867675,97819.30218727284,155572.08558000543,272,6.975099908490179,6.821646341899999,4096,128x128,14,2.20879254,4.475,3072,128x128,7,3.5867297574793953,3.8395579270749995,2048,96x96,14,6.726740457366197,12.973514847541198,4096,192x192,10,2.55521354,4.475,4096,128x128,7,1.51595254,4.475,1024,128x128,7,2.5d,"{'from': 'Chiplet_1', 'to': 'Chiplet_5', 'connection_type': '2.5d_rdl', 'loc': '2.5d_chiplet'},{'from': 'Chiplet_1', 'to': 'Chiplet_2', 'connection_type': '2.5d_rdl', 'loc': '2.5d_chiplet'},{'from': 'Chiplet_1', 'to': 'Chiplet_4', 'connection_type': '2.5d_rdl', 'loc': '2.5d_chiplet'},{'from': 'Chiplet_5', 'to': 'Chiplet_1', 'connection_type': '2.5d_rdl', 'loc': '2.5d_chiplet'},{'from': 'Chiplet_5', 'to': 'Chiplet_2', 'connection_type': '2.5d_rdl', 'loc': '2.5d_chiplet'},{'from': 'Chiplet_2', 'to': 'Chiplet_5', 'connection_type': '2.5d_rdl', 'loc': '2.5d_chiplet'},{'from': 'Chiplet_2', 'to': 'Chiplet_1', 'connection_type': '2.5d_rdl', 'loc': '2.5d_chiplet'},{'from': 'Chiplet_4', 'to': 'Chiplet_3', 'connection_type': '2.5d_rdl', 'loc': '2.5d_chiplet'},{'from': 'Chiplet_4', 'to': 'Chiplet_1', 'connection_type': '2.5d_rdl', 'loc': '2.5d_chiplet'},{'from': 'Chiplet_4', 'to': 'Chiplet_6', 'connection_type': '2.5d_rdl', 'loc': '2.5d_chiplet'},{'from': 'Chiplet_3', 'to': 'Chiplet_6', 'connection_type': '2.5d_rdl', 'loc': '2.5d_chiplet'},{'from': 'Chiplet_3', 'to': 'Chiplet_4', 'connection_type': '2.5d_rdl', 'loc': '2.5d_chiplet'},{'from': 'Chiplet_6', 'to': 'Chiplet_3', 'connection_type': '2.5d_rdl', 'loc': '2.5d_chiplet'},{'from': 'Chiplet_6', 'to': 'Chiplet_4', 'connection_type': '2.5d_rdl', 'loc': '2.5d_chiplet'}",2,1,1,2,1,1,ddr5,ucie_std,na,0,0,is,0,0,0
273,61.339248131415374,5465145.34,207122.4866048303,4946967868.90892,96515.04482477589,195650.2262119441,273,6.726740457366197,12.973514847541198,4096,192x192,10,12.799492673176792,15.979573171754398,4096,192x192,14,11.481175603606792,15.979573171754398,2048,192x192,14,2.6264880905479133,5.538366334949999,1024,128x128,10,5.656782838920179,6.821646341899999,2048,128x128,14,1.249405813087535,1.7054115854749998,256,64x64,14,2.5d,"{'from': 'Chiplet_2', 'to': 'Chiplet_5', 'connection_type': '2.5d_emib', 'loc': '2.5d_chiplet'},{'from': 'Chiplet_2', 'to': 'Chiplet_3', 'connection_type': '2.5d_emib', 'loc': '2.5d_chiplet'},{'from': 'Chiplet_2', 'to': 'Chiplet_1', 'connection_type': '2.5d_emib', 'loc': '2.5d_chiplet'},{'from': 'Chiplet_2', 'to': 'Chiplet_6', 'connection_type': '2.5d_emib', 'loc': '2.5d_chiplet'},{'from': 'Chiplet_5', 'to': 'Chiplet_6', 'connection_type': '2.5d_emib', 'loc': '2.5d_chiplet'},{'from': 'Chiplet_5', 'to': 'Chiplet_2', 'connection_type': '2.5d_emib', 'loc': '2.5d_chiplet'},{'from': 'Chiplet_6', 'to': 'Chiplet_5', 'connection_type': '2.5d_emib', 'loc': '2.5d_chiplet'},{'from': 'Chiplet_6', 'to': 'Chiplet_2', 'connection_type': '2.5d_emib', 'loc': '2.5d_chiplet'},{'from': 'Chiplet_3', 'to': 'Chiplet_1', 'connection_type': '2.5d_emib', 'loc': '2.5d_chiplet'},{'from': 'Chiplet_3', 'to': 'Chiplet_2', 'connection_type': '2.5d_emib', 'loc': '2.5d_chiplet'},{'from': 'Chiplet_3', 'to': 'Chiplet_4', 'connection_type': '2.5d_emib', 'loc': '2.5d_chiplet'},{'from': 'Chiplet_1', 'to': 'Chiplet_3', 'connection_type': '2.5d_emib', 'loc': '2.5d_chiplet'},{'from': 'Chiplet_1', 'to': 'Chiplet_2', 'connection_type': '2.5d_emib', 'loc': '2.5d_chiplet'},{'from': 'Chiplet_1', 'to': 'Chiplet_4', 'connection_type': '2.5d_emib', 'loc': '2.5d_chiplet'},{'from': 'Chiplet_4', 'to': 'Chiplet_3', 'connection_type': '2.5d_emib', 'loc': '2.5d_chiplet'},{'from': 'Chiplet_4', 'to': 'Chiplet_1', 'connection_type': '2.5d_emib', 'loc': '2.5d_chiplet'}",1,2,2,1,1,1,ddr5,ucie_adv,na,0,0,is,0,0,0
274,21.186725257288607,4838342.07,131812.907163872,4658848215.729918,486937.4514990945,567764.5133689285,274,6.033899457366197,12.973514847541198,2048,192x192,10,1.7117881800824635,3.1172648505374996,1536,96x96,10,4.818150952,10.4826,6144,192x192,7,3.5867297574793953,3.8395579270749995,2048,96x96,14,5.5109919519999995,10.4826,8192,192x192,7,7.419580457366196,12.973514847541198,6144,192x192,10,2.5d_3d,"{'from': 'Chiplet_6', 'to': 'Chiplet_3', 'connection_type': '3d_hyb_bond', 'loc': 'stack0_base'},{'from': 'Chiplet_3', 'to': 'Chiplet_4', 'connection_type': '3d_hyb_bond', 'loc': 'stack0_middle1'},{'from': 'Chiplet_4', 'to': 'Chiplet_2', 'connection_type': '3d_hyb_bond', 'loc': 'stack0_middle2'},{'from': 'Chiplet_2', 'to': 'na', 'connection_type': '3d_hyb_bond', 'loc': 'stack0_top'},{'from': 'Chiplet_6', 'to': 'Chiplet_5', 'connection_type': '2.5d_rdl', 'loc': '2.5d_chiplet'},{'from': 'Chiplet_6', 'to': 'Chiplet_1', 'connection_type': '2.5d_rdl', 'loc': '2.5d_chiplet'},{'from': 'Chiplet_1', 'to': 'Chiplet_5', 'connection_type': '2.5d_rdl', 'loc': '2.5d_chiplet'},{'from': 'Chiplet_1', 'to': 'Chiplet_6', 'connection_type': '2.5d_rdl', 'loc': '2.5d_chiplet'},{'from': 'Chiplet_5', 'to': 'Chiplet_1', 'connection_type': '2.5d_rdl', 'loc': '2.5d_chiplet'},{'from': 'Chiplet_5', 'to': 'Chiplet_6', 'connection_type': '2.5d_rdl', 'loc': '2.5d_chiplet'}",2,1,1,1,1,2,ddr4,ucie_std,ucie_3d,1,0,is,1,0,0
275,37.834858713798106,4379207.36,108451.39779077464,4838231985.337167,761925.3915532568,670154.2462486408,275,5.5109919519999995,10.4826,8192,192x192,7,1.743774000637535,1.7054115854749998,1024,64x64,14,0.916436759447044,1.3845915837374998,1024,64x64,10,1.86237254,4.475,2048,128x128,7,5.5109919519999995,10.4826,8192,192x192,7,8.112421457366196,12.973514847541198,8192,192x192,10,2.5d,"{'from': 'Chiplet_6', 'to': 'Chiplet_1', 'connection_type': '2.5d_rdl', 'loc': '2.5d_chiplet'},{'from': 'Chiplet_6', 'to': 'Chiplet_2', 'connection_type': '2.5d_rdl', 'loc': '2.5d_chiplet'},{'from': 'Chiplet_6', 'to': 'Chiplet_4', 'connection_type': '2.5d_rdl', 'loc': '2.5d_chiplet'},{'from': 'Chiplet_4', 'to': 'Chiplet_6', 'connection_type': '2.5d_rdl', 'loc': '2.5d_chiplet'},{'from': 'Chiplet_4', 'to': 'Chiplet_2', 'connection_type': '2.5d_rdl', 'loc': '2.5d_chiplet'},{'from': 'Chiplet_2', 'to': 'Chiplet_5', 'connection_type': '2.5d_rdl', 'loc': '2.5d_chiplet'},{'from': 'Chiplet_2', 'to': 'Chiplet_6', 'connection_type': '2.5d_rdl', 'loc': '2.5d_chiplet'},{'from': 'Chiplet_2', 'to': 'Chiplet_4', 'connection_type': '2.5d_rdl', 'loc': '2.5d_chiplet'},{'from': 'Chiplet_1', 'to': 'Chiplet_5', 'connection_type': '2.5d_rdl', 'loc': '2.5d_chiplet'},{'from': 'Chiplet_1', 'to': 'Chiplet_3', 'connection_type': '2.5d_rdl', 'loc': '2.5d_chiplet'},{'from': 'Chiplet_1', 'to': 'Chiplet_6', 'connection_type': '2.5d_rdl', 'loc': '2.5d_chiplet'},{'from': 'Chiplet_3', 'to': 'Chiplet_5', 'connection_type': '2.5d_rdl', 'loc': '2.5d_chiplet'},{'from': 'Chiplet_3', 'to': 'Chiplet_1', 'connection_type': '2.5d_rdl', 'loc': '2.5d_chiplet'},{'from': 'Chiplet_5', 'to': 'Chiplet_3', 'connection_type': '2.5d_rdl', 'loc': '2.5d_chiplet'},{'from': 'Chiplet_5', 'to': 'Chiplet_1', 'connection_type': '2.5d_rdl', 'loc': '2.5d_chiplet'},{'from': 'Chiplet_5', 'to': 'Chiplet_2', 'connection_type': '2.5d_rdl', 'loc': '2.5d_chiplet'}",2,1,1,1,1,2,ddr4,ucie_std,na,1,0,os,1,0,0
276,25.72622795957586,3556267.45,189104.49223116637,4390078397.126863,429365.013655641,380096.66436349286,276,3.2571509657793953,3.8395579270749995,1536,96x96,14,5.5109919519999995,10.4826,8192,192x192,7,2.6264880905479133,5.538366334949999,1024,128x128,10,1.8849981800824636,3.1172648505374996,2048,96x96,10,2.20879254,4.475,3072,128x128,7,4.1253109519999995,10.4826,4096,192x192,7,2.5d,"{'from': 'Chiplet_2', 'to': 'Chiplet_3', 'connection_type': '2.5d_emib', 'loc': '2.5d_chiplet'},{'from': 'Chiplet_2', 'to': 'Chiplet_1', 'connection_type': '2.5d_emib', 'loc': '2.5d_chiplet'},{'from': 'Chiplet_2', 'to': 'Chiplet_6', 'connection_type': '2.5d_emib', 'loc': '2.5d_chiplet'},{'from': 'Chiplet_2', 'to': 'Chiplet_4', 'connection_type': '2.5d_emib', 'loc': '2.5d_chiplet'},{'from': 'Chiplet_3', 'to': 'Chiplet_2', 'connection_type': '2.5d_emib', 'loc': '2.5d_chiplet'},{'from': 'Chiplet_3', 'to': 'Chiplet_4', 'connection_type': '2.5d_emib', 'loc': '2.5d_chiplet'},{'from': 'Chiplet_4', 'to': 'Chiplet_3', 'connection_type': '2.5d_emib', 'loc': '2.5d_chiplet'},{'from': 'Chiplet_4', 'to': 'Chiplet_2', 'connection_type': '2.5d_emib', 'loc': '2.5d_chiplet'},{'from': 'Chiplet_6', 'to': 'Chiplet_5', 'connection_type': '2.5d_emib', 'loc': '2.5d_chiplet'},{'from': 'Chiplet_6', 'to': 'Chiplet_1', 'connection_type': '2.5d_emib', 'loc': '2.5d_chiplet'},{'from': 'Chiplet_6', 'to': 'Chiplet_2', 'connection_type': '2.5d_emib', 'loc': '2.5d_chiplet'},{'from': 'Chiplet_1', 'to': 'Chiplet_5', 'connection_type': '2.5d_emib', 'loc': '2.5d_chiplet'},{'from': 'Chiplet_1', 'to': 'Chiplet_6', 'connection_type': '2.5d_emib', 'loc': '2.5d_chiplet'},{'from': 'Chiplet_1', 'to': 'Chiplet_2', 'connection_type': '2.5d_emib', 'loc': '2.5d_chiplet'},{'from': 'Chiplet_5', 'to': 'Chiplet_1', 'connection_type': '2.5d_emib', 'loc': '2.5d_chiplet'},{'from': 'Chiplet_5', 'to': 'Chiplet_6', 'connection_type': '2.5d_emib', 'loc': '2.5d_chiplet'}",1,2,1,1,1,2,ddr4,bow,na,1,0,is,1,0,0
277,37.69092526205733,4367561.95,90378.18418612536,1968665111.8509536,588706.8942215582,461851.7848373035,277,6.033899457366197,12.973514847541198,2048,192x192,10,5.5109919519999995,10.4826,8192,192x192,7,2.597993382379395,3.8395579270749995,512,96x96,14,3.2571509657793953,3.8395579270749995,1536,96x96,14,6.975099908490179,6.821646341899999,4096,128x128,14,0.743226759447044,1.3845915837374998,512,64x64,10,2.5d,"{'from': 'Chiplet_5', 'to': 'Chiplet_3', 'connection_type': '2.5d_rdl', 'loc': '2.5d_chiplet'},{'from': 'Chiplet_5', 'to': 'Chiplet_1', 'connection_type': '2.5d_rdl', 'loc': '2.5d_chiplet'},{'from': 'Chiplet_5', 'to': 'Chiplet_2', 'connection_type': '2.5d_rdl', 'loc': '2.5d_chiplet'},{'from': 'Chiplet_5', 'to': 'Chiplet_4', 'connection_type': '2.5d_rdl', 'loc': '2.5d_chiplet'},{'from': 'Chiplet_4', 'to': 'Chiplet_5', 'connection_type': '2.5d_rdl', 'loc': '2.5d_chiplet'},{'from': 'Chiplet_4', 'to': 'Chiplet_3', 'connection_type': '2.5d_rdl', 'loc': '2.5d_chiplet'},{'from': 'Chiplet_3', 'to': 'Chiplet_5', 'connection_type': '2.5d_rdl', 'loc': '2.5d_chiplet'},{'from': 'Chiplet_3', 'to': 'Chiplet_4', 'connection_type': '2.5d_rdl', 'loc': '2.5d_chiplet'},{'from': 'Chiplet_1', 'to': 'Chiplet_5', 'connection_type': '2.5d_rdl', 'loc': '2.5d_chiplet'},{'from': 'Chiplet_1', 'to': 'Chiplet_6', 'connection_type': '2.5d_rdl', 'loc': '2.5d_chiplet'},{'from': 'Chiplet_1', 'to': 'Chiplet_2', 'connection_type': '2.5d_rdl', 'loc': '2.5d_chiplet'},{'from': 'Chiplet_2', 'to': 'Chiplet_5', 'connection_type': '2.5d_rdl', 'loc': '2.5d_chiplet'},{'from': 'Chiplet_2', 'to': 'Chiplet_1', 'connection_type': '2.5d_rdl', 'loc': '2.5d_chiplet'},{'from': 'Chiplet_2', 'to': 'Chiplet_6', 'connection_type': '2.5d_rdl', 'loc': '2.5d_chiplet'},{'from': 'Chiplet_6', 'to': 'Chiplet_1', 'connection_type': '2.5d_rdl', 'loc': '2.5d_chiplet'},{'from': 'Chiplet_6', 'to': 'Chiplet_2', 'connection_type': '2.5d_rdl', 'loc': '2.5d_chiplet'}",4,3,2,2,4,1,hbm2,ucie_std,na,1,0,os,1,0,0
278,39.201944505090765,5174531.07,197059.45015396585,1846466998.0640965,216663.56322074588,214765.20842936856,278,8.112421457366196,12.973514847541198,8192,192x192,10,6.033899457366197,12.973514847541198,2048,192x192,10,5.5109919519999995,10.4826,8192,192x192,7,0.829831759447044,1.3845915837374998,768,64x64,10,1.8849981800824636,3.1172648505374996,2048,96x96,10,1.86237254,4.475,2048,128x128,7,2.5d,"{'from': 'Chiplet_1', 'to': 'Chiplet_5', 'connection_type': '2.5d_emib', 'loc': '2.5d_chiplet'},{'from': 'Chiplet_1', 'to': 'Chiplet_3', 'connection_type': '2.5d_emib', 'loc': '2.5d_chiplet'},{'from': 'Chiplet_1', 'to': 'Chiplet_6', 'connection_type': '2.5d_emib', 'loc': '2.5d_chiplet'},{'from': 'Chiplet_1', 'to': 'Chiplet_2', 'connection_type': '2.5d_emib', 'loc': '2.5d_chiplet'},{'from': 'Chiplet_5', 'to': 'Chiplet_1', 'connection_type': '2.5d_emib', 'loc': '2.5d_chiplet'},{'from': 'Chiplet_5', 'to': 'Chiplet_6', 'connection_type': '2.5d_emib', 'loc': '2.5d_chiplet'},{'from': 'Chiplet_6', 'to': 'Chiplet_5', 'connection_type': '2.5d_emib', 'loc': '2.5d_chiplet'},{'from': 'Chiplet_6', 'to': 'Chiplet_1', 'connection_type': '2.5d_emib', 'loc': '2.5d_chiplet'},{'from': 'Chiplet_2', 'to': 'Chiplet_3', 'connection_type': '2.5d_emib', 'loc': '2.5d_chiplet'},{'from': 'Chiplet_2', 'to': 'Chiplet_1', 'connection_type': '2.5d_emib', 'loc': '2.5d_chiplet'},{'from': 'Chiplet_2', 'to': 'Chiplet_4', 'connection_type': '2.5d_emib', 'loc': '2.5d_chiplet'},{'from': 'Chiplet_3', 'to': 'Chiplet_1', 'connection_type': '2.5d_emib', 'loc': '2.5d_chiplet'},{'from': 'Chiplet_3', 'to': 'Chiplet_2', 'connection_type': '2.5d_emib', 'loc': '2.5d_chiplet'},{'from': 'Chiplet_3', 'to': 'Chiplet_4', 'connection_type': '2.5d_emib', 'loc': '2.5d_chiplet'},{'from': 'Chiplet_4', 'to': 'Chiplet_3', 'connection_type': '2.5d_emib', 'loc': '2.5d_chiplet'},{'from': 'Chiplet_4', 'to': 'Chiplet_2', 'connection_type': '2.5d_emib', 'loc': '2.5d_chiplet'}",5,4,4,1,1,1,hbm3,bow,na,1,0,is,1,0,0
279,35.739527011123165,4135454.49,145475.22020893355,4729413920.574953,490802.51795359346,414299.1092433421,279,6.315940422320179,6.821646341899999,3072,128x128,14,5.656782838920179,6.821646341899999,2048,128x128,14,0.638803,1.11875,1024,64x64,7,3.5867297574793953,3.8395579270749995,2048,96x96,14,15.436124909546791,15.979573171754398,8192,192x192,14,1.743774000637535,1.7054115854749998,1024,64x64,14,2.5d_3d,"{'from': 'Chiplet_4', 'to': 'Chiplet_6', 'connection_type': '3d_u_bump', 'loc': 'stack0_base'},{'from': 'Chiplet_6', 'to': 'Chiplet_3', 'connection_type': '3d_u_bump', 'loc': 'stack0_middle1'},{'from': 'Chiplet_3', 'to': 'na', 'connection_type': '3d_u_bump', 'loc': 'stack0_top'},{'from': 'Chiplet_5', 'to': 'Chiplet_1', 'connection_type': '2.5d_emib', 'loc': '2.5d_chiplet'},{'from': 'Chiplet_5', 'to': 'Chiplet_2', 'connection_type': '2.5d_emib', 'loc': '2.5d_chiplet'},{'from': 'Chiplet_1', 'to': 'Chiplet_5', 'connection_type': '2.5d_emib', 'loc': '2.5d_chiplet'},{'from': 'Chiplet_1', 'to': 'Chiplet_2', 'connection_type': '2.5d_emib', 'loc': '2.5d_chiplet'},{'from': 'Chiplet_1', 'to': 'Chiplet_4', 'connection_type': '2.5d_emib', 'loc': '2.5d_chiplet'},{'from': 'Chiplet_2', 'to': 'Chiplet_5', 'connection_type': '2.5d_emib', 'loc': '2.5d_chiplet'},{'from': 'Chiplet_2', 'to': 'Chiplet_1', 'connection_type': '2.5d_emib', 'loc': '2.5d_chiplet'},{'from': 'Chiplet_2', 'to': 'Chiplet_4', 'connection_type': '2.5d_emib', 'loc': '2.5d_chiplet'},{'from': 'Chiplet_4', 'to': 'Chiplet_1', 'connection_type': '2.5d_emib', 'loc': '2.5d_chiplet'},{'from': 'Chiplet_4', 'to': 'Chiplet_2', 'connection_type': '2.5d_emib', 'loc': '2.5d_chiplet'}",1,1,1,1,3,1,ddr4,aib,ucie_3d,1,0,is,1,0,0
280,19.2707241793443,3605711.89,127322.05069610325,6812828712.479288,112914.94435612083,201562.7609839603,280,3.665749090547913,5.538366334949999,4096,128x128,10,5.5109919519999995,10.4826,8192,192x192,7,0.916436759447044,1.3845915837374998,1024,64x64,10,0.784712696,2.51875,512,96x96,7,6.726740457366197,12.973514847541198,4096,192x192,10,3.2571509657793953,3.8395579270749995,1536,96x96,14,2.5d_3d,"{'from': 'Chiplet_1', 'to': 'Chiplet_6', 'connection_type': '3d_hyb_bond', 'loc': 'stack0_base'},{'from': 'Chiplet_6', 'to': 'Chiplet_3', 'connection_type': '3d_hyb_bond', 'loc': 'stack0_middle1'},{'from': 'Chiplet_3', 'to': 'Chiplet_4', 'connection_type': '3d_hyb_bond', 'loc': 'stack0_middle2'},{'from': 'Chiplet_4', 'to': 'na', 'connection_type': '3d_hyb_bond', 'loc': 'stack0_top'},{'from': 'Chiplet_5', 'to': 'Chiplet_1', 'connection_type': '2.5d_emib', 'loc': '2.5d_chiplet'},{'from': 'Chiplet_5', 'to': 'Chiplet_2', 'connection_type': '2.5d_emib', 'loc': '2.5d_chiplet'},{'from': 'Chiplet_2', 'to': 'Chiplet_5', 'connection_type': '2.5d_emib', 'loc': '2.5d_chiplet'},{'from': 'Chiplet_2', 'to': 'Chiplet_1', 'connection_type': '2.5d_emib', 'loc': '2.5d_chiplet'},{'from': 'Chiplet_1', 'to': 'Chiplet_5', 'connection_type': '2.5d_emib', 'loc': '2.5d_chiplet'},{'from': 'Chiplet_1', 'to': 'Chiplet_2', 'connection_type': '2.5d_emib', 'loc': '2.5d_chiplet'}",1,2,1,1,2,1,ddr4,bow,ucie_3d,0,0,is,0,0,0
281,25.86205166860851,2744153.71,60066.19033507419,2520268945.08124,120891.8918918919,103212.46154052798,281,2.972908090547913,5.538366334949999,2048,128x128,10,1.5385781800824634,3.1172648505374996,1024,96x96,10,1.51595254,4.475,1024,128x128,7,6.975099908490179,6.821646341899999,4096,128x128,14,1.5385781800824634,3.1172648505374996,1024,96x96,10,0.957922696,2.51875,1024,96x96,7,2.5d,"{'from': 'Chiplet_4', 'to': 'Chiplet_1', 'connection_type': '2.5d_rdl', 'loc': '2.5d_chiplet'},{'from': 'Chiplet_4', 'to': 'Chiplet_6', 'connection_type': '2.5d_rdl', 'loc': '2.5d_chiplet'},{'from': 'Chiplet_6', 'to': 'Chiplet_1', 'connection_type': '2.5d_rdl', 'loc': '2.5d_chiplet'},{'from': 'Chiplet_6', 'to': 'Chiplet_2', 'connection_type': '2.5d_rdl', 'loc': '2.5d_chiplet'},{'from': 'Chiplet_6', 'to': 'Chiplet_4', 'connection_type': '2.5d_rdl', 'loc': '2.5d_chiplet'},{'from': 'Chiplet_1', 'to': 'Chiplet_5', 'connection_type': '2.5d_rdl', 'loc': '2.5d_chiplet'},{'from': 'Chiplet_1', 'to': 'Chiplet_6', 'connection_type': '2.5d_rdl', 'loc': '2.5d_chiplet'},{'from': 'Chiplet_1', 'to': 'Chiplet_4', 'connection_type': '2.5d_rdl', 'loc': '2.5d_chiplet'},{'from': 'Chiplet_1', 'to': 'Chiplet_2', 'connection_type': '2.5d_rdl', 'loc': '2.5d_chiplet'},{'from': 'Chiplet_1', 'to': 'Chiplet_3', 'connection_type': '2.5d_rdl', 'loc': '2.5d_chiplet'},{'from': 'Chiplet_3', 'to': 'Chiplet_5', 'connection_type': '2.5d_rdl', 'loc': '2.5d_chiplet'},{'from': 'Chiplet_3', 'to': 'Chiplet_1', 'connection_type': '2.5d_rdl', 'loc': '2.5d_chiplet'},{'from': 'Chiplet_2', 'to': 'Chiplet_5', 'connection_type': '2.5d_rdl', 'loc': '2.5d_chiplet'},{'from': 'Chiplet_2', 'to': 'Chiplet_1', 'connection_type': '2.5d_rdl', 'loc': '2.5d_chiplet'},{'from': 'Chiplet_2', 'to': 'Chiplet_6', 'connection_type': '2.5d_rdl', 'loc': '2.5d_chiplet'},{'from': 'Chiplet_5', 'to': 'Chiplet_3', 'connection_type': '2.5d_rdl', 'loc': '2.5d_chiplet'},{'from': 'Chiplet_5', 'to': 'Chiplet_1', 'connection_type': '2.5d_rdl', 'loc': '2.5d_chiplet'},{'from': 'Chiplet_5', 'to': 'Chiplet_2', 'connection_type': '2.5d_rdl', 'loc': '2.5d_chiplet'}",3,2,1,7,2,1,hbm2,ucie_std,na,0,0,ws,0,0,0
282,22.641496613690443,2451926.26,162890.84234845615,4565183374.5884495,118119.64169381108,146259.6200492203,282,0.46559300000000003,1.11875,512,64x64,7,2.6264880905479133,5.538366334949999,1024,128x128,10,0.638803,1.11875,1024,64x64,7,0.46559300000000003,1.11875,512,64x64,7,6.975099908490179,6.821646341899999,4096,128x128,14,6.033899457366197,12.973514847541198,2048,192x192,10,2.5d,"{'from': 'Chiplet_5', 'to': 'Chiplet_3', 'connection_type': '2.5d_emib', 'loc': '2.5d_chiplet'},{'from': 'Chiplet_5', 'to': 'Chiplet_1', 'connection_type': '2.5d_emib', 'loc': '2.5d_chiplet'},{'from': 'Chiplet_5', 'to': 'Chiplet_6', 'connection_type': '2.5d_emib', 'loc': '2.5d_chiplet'},{'from': 'Chiplet_5', 'to': 'Chiplet_2', 'connection_type': '2.5d_emib', 'loc': '2.5d_chiplet'},{'from': 'Chiplet_3', 'to': 'Chiplet_5', 'connection_type': '2.5d_emib', 'loc': '2.5d_chiplet'},{'from': 'Chiplet_3', 'to': 'Chiplet_1', 'connection_type': '2.5d_emib', 'loc': '2.5d_chiplet'},{'from': 'Chiplet_3', 'to': 'Chiplet_4', 'connection_type': '2.5d_emib', 'loc': '2.5d_chiplet'},{'from': 'Chiplet_1', 'to': 'Chiplet_5', 'connection_type': '2.5d_emib', 'loc': '2.5d_chiplet'},{'from': 'Chiplet_1', 'to': 'Chiplet_3', 'connection_type': '2.5d_emib', 'loc': '2.5d_chiplet'},{'from': 'Chiplet_1', 'to': 'Chiplet_4', 'connection_type': '2.5d_emib', 'loc': '2.5d_chiplet'},{'from': 'Chiplet_4', 'to': 'Chiplet_3', 'connection_type': '2.5d_emib', 'loc': '2.5d_chiplet'},{'from': 'Chiplet_4', 'to': 'Chiplet_1', 'connection_type': '2.5d_emib', 'loc': '2.5d_chiplet'},{'from': 'Chiplet_6', 'to': 'Chiplet_5', 'connection_type': '2.5d_emib', 'loc': '2.5d_chiplet'},{'from': 'Chiplet_6', 'to': 'Chiplet_2', 'connection_type': '2.5d_emib', 'loc': '2.5d_chiplet'},{'from': 'Chiplet_2', 'to': 'Chiplet_5', 'connection_type': '2.5d_emib', 'loc': '2.5d_chiplet'},{'from': 'Chiplet_2', 'to': 'Chiplet_6', 'connection_type': '2.5d_emib', 'loc': '2.5d_chiplet'}",1,1,1,1,2,2,ddr5,aib,na,1,0,is,0,0,0
283,24.740065103412867,4350293.04,104740.9349121447,3576958781.5292463,540742.9285009181,587455.5075283023,283,8.112421457366196,12.973514847541198,8192,192x192,10,4.1253109519999995,10.4826,4096,192x192,7,0.829831759447044,1.3845915837374998,768,64x64,10,6.033899457366197,12.973514847541198,2048,192x192,10,8.112421457366196,12.973514847541198,8192,192x192,10,1.4141952089375351,1.7054115854749998,512,64x64,14,2.5d_3d,"{'from': 'Chiplet_5', 'to': 'Chiplet_4', 'connection_type': '3d_tsv', 'loc': 'stack0_base'},{'from': 'Chiplet_4', 'to': 'Chiplet_6', 'connection_type': '3d_tsv', 'loc': 'stack0_middle1'},{'from': 'Chiplet_6', 'to': 'Chiplet_3', 'connection_type': '3d_tsv', 'loc': 'stack0_middle2'},{'from': 'Chiplet_3', 'to': 'na', 'connection_type': '3d_tsv', 'loc': 'stack0_top'},{'from': 'Chiplet_1', 'to': 'Chiplet_5', 'connection_type': '2.5d_rdl', 'loc': '2.5d_chiplet'},{'from': 'Chiplet_1', 'to': 'Chiplet_2', 'connection_type': '2.5d_rdl', 'loc': '2.5d_chiplet'},{'from': 'Chiplet_2', 'to': 'Chiplet_5', 'connection_type': '2.5d_rdl', 'loc': '2.5d_chiplet'},{'from': 'Chiplet_2', 'to': 'Chiplet_1', 'connection_type': '2.5d_rdl', 'loc': '2.5d_chiplet'},{'from': 'Chiplet_5', 'to': 'Chiplet_1', 'connection_type': '2.5d_rdl', 'loc': '2.5d_chiplet'},{'from': 'Chiplet_5', 'to': 'Chiplet_2', 'connection_type': '2.5d_rdl', 'loc': '2.5d_chiplet'}",2,1,1,1,2,1,ddr5,ucie_std,ucie_3d,1,0,os,1,0,0
284,25.215003992639275,5704241.61,126231.0804795653,2451169320.7087817,902213.1252162638,851958.4758821363,284,15.436124909546791,15.979573171754398,8192,192x192,14,1.578984604787535,1.7054115854749998,768,64x64,14,3.3193280905479132,5.538366334949999,3072,128x128,10,4.818150952,10.4826,6144,192x192,7,5.5109919519999995,10.4826,8192,192x192,7,2.55521354,4.475,4096,128x128,7,2.5d_3d,"{'from': 'Chiplet_5', 'to': 'Chiplet_4', 'connection_type': '3d_tsv', 'loc': 'stack0_base'},{'from': 'Chiplet_4', 'to': 'Chiplet_3', 'connection_type': '3d_tsv', 'loc': 'stack0_middle1'},{'from': 'Chiplet_3', 'to': 'Chiplet_6', 'connection_type': '3d_tsv', 'loc': 'stack0_middle2'},{'from': 'Chiplet_6', 'to': 'Chiplet_2', 'connection_type': '3d_tsv', 'loc': 'stack0_middle3'},{'from': 'Chiplet_2', 'to': 'na', 'connection_type': '3d_tsv', 'loc': 'stack0_top'},{'from': 'Chiplet_1', 'to': 'Chiplet_5', 'connection_type': '2.5d_rdl', 'loc': '2.5d_chiplet'},{'from': 'Chiplet_5', 'to': 'Chiplet_1', 'connection_type': '2.5d_rdl', 'loc': '2.5d_chiplet'}",7,1,2,2,3,1,hbm2,ucie_std,ucie_3d,0,0,os,1,0,0
285,13.89957084209354,1631968.73,48507.13485283459,6334861585.065746,124919.95230524644,163596.1516568743,285,0.743226759447044,1.3845915837374998,512,64x64,10,0.656621759447044,1.3845915837374998,256,64x64,10,1.304342696,2.51875,2048,96x96,7,0.378988,1.11875,256,64x64,7,0.552198,1.11875,768,64x64,7,6.726740457366197,12.973514847541198,4096,192x192,10,2.5d,"{'from': 'Chiplet_6', 'to': 'Chiplet_3', 'connection_type': '2.5d_rdl', 'loc': '2.5d_chiplet'},{'from': 'Chiplet_6', 'to': 'Chiplet_1', 'connection_type': '2.5d_rdl', 'loc': '2.5d_chiplet'},{'from': 'Chiplet_3', 'to': 'Chiplet_5', 'connection_type': '2.5d_rdl', 'loc': '2.5d_chiplet'},{'from': 'Chiplet_3', 'to': 'Chiplet_1', 'connection_type': '2.5d_rdl', 'loc': '2.5d_chiplet'},{'from': 'Chiplet_3', 'to': 'Chiplet_6', 'connection_type': '2.5d_rdl', 'loc': '2.5d_chiplet'},{'from': 'Chiplet_3', 'to': 'Chiplet_2', 'connection_type': '2.5d_rdl', 'loc': '2.5d_chiplet'},{'from': 'Chiplet_5', 'to': 'Chiplet_3', 'connection_type': '2.5d_rdl', 'loc': '2.5d_chiplet'},{'from': 'Chiplet_5', 'to': 'Chiplet_2', 'connection_type': '2.5d_rdl', 'loc': '2.5d_chiplet'},{'from': 'Chiplet_1', 'to': 'Chiplet_3', 'connection_type': '2.5d_rdl', 'loc': '2.5d_chiplet'},{'from': 'Chiplet_1', 'to': 'Chiplet_6', 'connection_type': '2.5d_rdl', 'loc': '2.5d_chiplet'},{'from': 'Chiplet_1', 'to': 'Chiplet_2', 'connection_type': '2.5d_rdl', 'loc': '2.5d_chiplet'},{'from': 'Chiplet_1', 'to': 'Chiplet_4', 'connection_type': '2.5d_rdl', 'loc': '2.5d_chiplet'},{'from': 'Chiplet_2', 'to': 'Chiplet_5', 'connection_type': '2.5d_rdl', 'loc': '2.5d_chiplet'},{'from': 'Chiplet_2', 'to': 'Chiplet_3', 'connection_type': '2.5d_rdl', 'loc': '2.5d_chiplet'},{'from': 'Chiplet_2', 'to': 'Chiplet_1', 'connection_type': '2.5d_rdl', 'loc': '2.5d_chiplet'},{'from': 'Chiplet_2', 'to': 'Chiplet_4', 'connection_type': '2.5d_rdl', 'loc': '2.5d_chiplet'},{'from': 'Chiplet_4', 'to': 'Chiplet_1', 'connection_type': '2.5d_rdl', 'loc': '2.5d_chiplet'},{'from': 'Chiplet_4', 'to': 'Chiplet_2', 'connection_type': '2.5d_rdl', 'loc': '2.5d_chiplet'}",1,1,1,1,1,3,ddr4,ucie_std,na,1,0,ws,0,0,0
286,40.44059970920725,4081239.9,82895.18256561387,2121025159.273515,50140.21879021879,73358.54182569179,286,2.927572174079395,3.8395579270749995,1024,96x96,14,1.743774000637535,1.7054115854749998,1024,64x64,14,11.481175603606792,15.979573171754398,2048,192x192,14,8.112421457366196,12.973514847541198,8192,192x192,10,0.656621759447044,1.3845915837374998,256,64x64,10,0.916436759447044,1.3845915837374998,1024,64x64,10,2.5d,"{'from': 'Chiplet_3', 'to': 'Chiplet_5', 'connection_type': '2.5d_rdl', 'loc': '2.5d_chiplet'},{'from': 'Chiplet_3', 'to': 'Chiplet_1', 'connection_type': '2.5d_rdl', 'loc': '2.5d_chiplet'},{'from': 'Chiplet_3', 'to': 'Chiplet_6', 'connection_type': '2.5d_rdl', 'loc': '2.5d_chiplet'},{'from': 'Chiplet_3', 'to': 'Chiplet_4', 'connection_type': '2.5d_rdl', 'loc': '2.5d_chiplet'},{'from': 'Chiplet_6', 'to': 'Chiplet_5', 'connection_type': '2.5d_rdl', 'loc': '2.5d_chiplet'},{'from': 'Chiplet_6', 'to': 'Chiplet_3', 'connection_type': '2.5d_rdl', 'loc': '2.5d_chiplet'},{'from': 'Chiplet_5', 'to': 'Chiplet_3', 'connection_type': '2.5d_rdl', 'loc': '2.5d_chiplet'},{'from': 'Chiplet_5', 'to': 'Chiplet_6', 'connection_type': '2.5d_rdl', 'loc': '2.5d_chiplet'},{'from': 'Chiplet_4', 'to': 'Chiplet_3', 'connection_type': '2.5d_rdl', 'loc': '2.5d_chiplet'},{'from': 'Chiplet_4', 'to': 'Chiplet_1', 'connection_type': '2.5d_rdl', 'loc': '2.5d_chiplet'},{'from': 'Chiplet_4', 'to': 'Chiplet_2', 'connection_type': '2.5d_rdl', 'loc': '2.5d_chiplet'},{'from': 'Chiplet_1', 'to': 'Chiplet_3', 'connection_type': '2.5d_rdl', 'loc': '2.5d_chiplet'},{'from': 'Chiplet_1', 'to': 'Chiplet_2', 'connection_type': '2.5d_rdl', 'loc': '2.5d_chiplet'},{'from': 'Chiplet_1', 'to': 'Chiplet_4', 'connection_type': '2.5d_rdl', 'loc': '2.5d_chiplet'},{'from': 'Chiplet_2', 'to': 'Chiplet_1', 'connection_type': '2.5d_rdl', 'loc': '2.5d_chiplet'},{'from': 'Chiplet_2', 'to': 'Chiplet_4', 'connection_type': '2.5d_rdl', 'loc': '2.5d_chiplet'}",1,1,7,5,1,1,hbm3,ucie_std,na,0,0,os,0,0,0
287,49.20870875616468,4868715.21,203848.9637928441,4774196210.258349,387524.0502773425,447854.5315075176,287,12.799492673176792,15.979573171754398,4096,192x192,14,14.117807839976791,15.979573171754398,6144,192x192,14,1.8849981800824636,3.1172648505374996,2048,96x96,10,7.419580457366196,12.973514847541198,6144,192x192,10,0.916436759447044,1.3845915837374998,1024,64x64,10,0.46559300000000003,1.11875,512,64x64,7,2.5d,"{'from': 'Chiplet_2', 'to': 'Chiplet_5', 'connection_type': '2.5d_emib', 'loc': '2.5d_chiplet'},{'from': 'Chiplet_2', 'to': 'Chiplet_3', 'connection_type': '2.5d_emib', 'loc': '2.5d_chiplet'},{'from': 'Chiplet_2', 'to': 'Chiplet_1', 'connection_type': '2.5d_emib', 'loc': '2.5d_chiplet'},{'from': 'Chiplet_2', 'to': 'Chiplet_4', 'connection_type': '2.5d_emib', 'loc': '2.5d_chiplet'},{'from': 'Chiplet_3', 'to': 'Chiplet_5', 'connection_type': '2.5d_emib', 'loc': '2.5d_chiplet'},{'from': 'Chiplet_3', 'to': 'Chiplet_6', 'connection_type': '2.5d_emib', 'loc': '2.5d_chiplet'},{'from': 'Chiplet_3', 'to': 'Chiplet_2', 'connection_type': '2.5d_emib', 'loc': '2.5d_chiplet'},{'from': 'Chiplet_5', 'to': 'Chiplet_3', 'connection_type': '2.5d_emib', 'loc': '2.5d_chiplet'},{'from': 'Chiplet_5', 'to': 'Chiplet_6', 'connection_type': '2.5d_emib', 'loc': '2.5d_chiplet'},{'from': 'Chiplet_5', 'to': 'Chiplet_2', 'connection_type': '2.5d_emib', 'loc': '2.5d_chiplet'},{'from': 'Chiplet_6', 'to': 'Chiplet_5', 'connection_type': '2.5d_emib', 'loc': '2.5d_chiplet'},{'from': 'Chiplet_6', 'to': 'Chiplet_3', 'connection_type': '2.5d_emib', 'loc': '2.5d_chiplet'},{'from': 'Chiplet_1', 'to': 'Chiplet_2', 'connection_type': '2.5d_emib', 'loc': '2.5d_chiplet'},{'from': 'Chiplet_1', 'to': 'Chiplet_4', 'connection_type': '2.5d_emib', 'loc': '2.5d_chiplet'},{'from': 'Chiplet_4', 'to': 'Chiplet_1', 'connection_type': '2.5d_emib', 'loc': '2.5d_chiplet'},{'from': 'Chiplet_4', 'to': 'Chiplet_2', 'connection_type': '2.5d_emib', 'loc': '2.5d_chiplet'}",2,2,1,1,1,1,ddr4,ucie_adv,na,1,0,os,1,0,0
288,17.327167569440334,1968590.32,146411.1364881178,2523770043.5274196,236075.0,121629.53338652368,288,0.916436759447044,1.3845915837374998,1024,64x64,10,5.656782838920179,6.821646341899999,2048,128x128,14,0.916436759447044,1.3845915837374998,1024,64x64,10,1.131132696,2.51875,1536,96x96,7,0.743226759447044,1.3845915837374998,512,64x64,10,3.2571509657793953,3.8395579270749995,1536,96x96,14,2.5d,"{'from': 'Chiplet_2', 'to': 'Chiplet_5', 'connection_type': '2.5d_emib', 'loc': '2.5d_chiplet'},{'from': 'Chiplet_2', 'to': 'Chiplet_6', 'connection_type': '2.5d_emib', 'loc': '2.5d_chiplet'},{'from': 'Chiplet_2', 'to': 'Chiplet_4', 'connection_type': '2.5d_emib', 'loc': '2.5d_chiplet'},{'from': 'Chiplet_5', 'to': 'Chiplet_2', 'connection_type': '2.5d_emib', 'loc': '2.5d_chiplet'},{'from': 'Chiplet_5', 'to': 'Chiplet_4', 'connection_type': '2.5d_emib', 'loc': '2.5d_chiplet'},{'from': 'Chiplet_6', 'to': 'Chiplet_1', 'connection_type': '2.5d_emib', 'loc': '2.5d_chiplet'},{'from': 'Chiplet_6', 'to': 'Chiplet_2', 'connection_type': '2.5d_emib', 'loc': '2.5d_chiplet'},{'from': 'Chiplet_6', 'to': 'Chiplet_4', 'connection_type': '2.5d_emib', 'loc': '2.5d_chiplet'},{'from': 'Chiplet_4', 'to': 'Chiplet_5', 'connection_type': '2.5d_emib', 'loc': '2.5d_chiplet'},{'from': 'Chiplet_4', 'to': 'Chiplet_1', 'connection_type': '2.5d_emib', 'loc': '2.5d_chiplet'},{'from': 'Chiplet_4', 'to': 'Chiplet_6', 'connection_type': '2.5d_emib', 'loc': '2.5d_chiplet'},{'from': 'Chiplet_4', 'to': 'Chiplet_2', 'connection_type': '2.5d_emib', 'loc': '2.5d_chiplet'},{'from': 'Chiplet_4', 'to': 'Chiplet_3', 'connection_type': '2.5d_emib', 'loc': '2.5d_chiplet'},{'from': 'Chiplet_1', 'to': 'Chiplet_3', 'connection_type': '2.5d_emib', 'loc': '2.5d_chiplet'},{'from': 'Chiplet_1', 'to': 'Chiplet_6', 'connection_type': '2.5d_emib', 'loc': '2.5d_chiplet'},{'from': 'Chiplet_1', 'to': 'Chiplet_4', 'connection_type': '2.5d_emib', 'loc': '2.5d_chiplet'},{'from': 'Chiplet_3', 'to': 'Chiplet_1', 'connection_type': '2.5d_emib', 'loc': '2.5d_chiplet'},{'from': 'Chiplet_3', 'to': 'Chiplet_4', 'connection_type': '2.5d_emib', 'loc': '2.5d_chiplet'}",1,7,1,2,1,4,hbm2,aib,na,1,0,ws,0,0,0
289,61.74492647765268,6093304.6,119696.79775774339,1935191010.200742,801351.2443296306,838033.2217051846,289,11.481175603606792,15.979573171754398,2048,192x192,14,14.117807839976791,15.979573171754398,6144,192x192,14,3.2571509657793953,3.8395579270749995,1536,96x96,14,6.315940422320179,6.821646341899999,3072,128x128,14,0.656621759447044,1.3845915837374998,256,64x64,10,3.432469952,10.4826,2048,192x192,7,2.5d,"{'from': 'Chiplet_2', 'to': 'Chiplet_3', 'connection_type': '2.5d_rdl', 'loc': '2.5d_chiplet'},{'from': 'Chiplet_2', 'to': 'Chiplet_1', 'connection_type': '2.5d_rdl', 'loc': '2.5d_chiplet'},{'from': 'Chiplet_2', 'to': 'Chiplet_6', 'connection_type': '2.5d_rdl', 'loc': '2.5d_chiplet'},{'from': 'Chiplet_2', 'to': 'Chiplet_4', 'connection_type': '2.5d_rdl', 'loc': '2.5d_chiplet'},{'from': 'Chiplet_6', 'to': 'Chiplet_3', 'connection_type': '2.5d_rdl', 'loc': '2.5d_chiplet'},{'from': 'Chiplet_6', 'to': 'Chiplet_2', 'connection_type': '2.5d_rdl', 'loc': '2.5d_chiplet'},{'from': 'Chiplet_3', 'to': 'Chiplet_6', 'connection_type': '2.5d_rdl', 'loc': '2.5d_chiplet'},{'from': 'Chiplet_3', 'to': 'Chiplet_2', 'connection_type': '2.5d_rdl', 'loc': '2.5d_chiplet'},{'from': 'Chiplet_1', 'to': 'Chiplet_5', 'connection_type': '2.5d_rdl', 'loc': '2.5d_chiplet'},{'from': 'Chiplet_1', 'to': 'Chiplet_2', 'connection_type': '2.5d_rdl', 'loc': '2.5d_chiplet'},{'from': 'Chiplet_1', 'to': 'Chiplet_4', 'connection_type': '2.5d_rdl', 'loc': '2.5d_chiplet'},{'from': 'Chiplet_4', 'to': 'Chiplet_5', 'connection_type': '2.5d_rdl', 'loc': '2.5d_chiplet'},{'from': 'Chiplet_4', 'to': 'Chiplet_1', 'connection_type': '2.5d_rdl', 'loc': '2.5d_chiplet'},{'from': 'Chiplet_4', 'to': 'Chiplet_2', 'connection_type': '2.5d_rdl', 'loc': '2.5d_chiplet'},{'from': 'Chiplet_5', 'to': 'Chiplet_1', 'connection_type': '2.5d_rdl', 'loc': '2.5d_chiplet'},{'from': 'Chiplet_5', 'to': 'Chiplet_4', 'connection_type': '2.5d_rdl', 'loc': '2.5d_chiplet'}",4,6,1,3,1,1,hbm2,ucie_std,na,1,0,is,1,0,0
290,34.13936493386398,5321986.59,174392.50142999823,4640023618.948074,306627.7704501554,396292.7004761656,290,6.726740457366197,12.973514847541198,4096,192x192,10,0.743226759447044,1.3845915837374998,512,64x64,10,14.117807839976791,15.979573171754398,6144,192x192,14,0.916436759447044,1.3845915837374998,1024,64x64,10,6.726740457366197,12.973514847541198,4096,192x192,10,4.818150952,10.4826,6144,192x192,7,2.5d_3d,"{'from': 'Chiplet_5', 'to': 'Chiplet_1', 'connection_type': '3d_hyb_bond', 'loc': 'stack0_base'},{'from': 'Chiplet_1', 'to': 'Chiplet_2', 'connection_type': '3d_hyb_bond', 'loc': 'stack0_middle1'},{'from': 'Chiplet_2', 'to': 'na', 'connection_type': '3d_hyb_bond', 'loc': 'stack0_top'},{'from': 'Chiplet_3', 'to': 'Chiplet_5', 'connection_type': '2.5d_emib', 'loc': '2.5d_chiplet'},{'from': 'Chiplet_3', 'to': 'Chiplet_6', 'connection_type': '2.5d_emib', 'loc': '2.5d_chiplet'},{'from': 'Chiplet_5', 'to': 'Chiplet_3', 'connection_type': '2.5d_emib', 'loc': '2.5d_chiplet'},{'from': 'Chiplet_5', 'to': 'Chiplet_6', 'connection_type': '2.5d_emib', 'loc': '2.5d_chiplet'},{'from': 'Chiplet_5', 'to': 'Chiplet_4', 'connection_type': '2.5d_emib', 'loc': '2.5d_chiplet'},{'from': 'Chiplet_6', 'to': 'Chiplet_5', 'connection_type': '2.5d_emib', 'loc': '2.5d_chiplet'},{'from': 'Chiplet_6', 'to': 'Chiplet_3', 'connection_type': '2.5d_emib', 'loc': '2.5d_chiplet'},{'from': 'Chiplet_6', 'to': 'Chiplet_4', 'connection_type': '2.5d_emib', 'loc': '2.5d_chiplet'},{'from': 'Chiplet_4', 'to': 'Chiplet_5', 'connection_type': '2.5d_emib', 'loc': '2.5d_chiplet'},{'from': 'Chiplet_4', 'to': 'Chiplet_6', 'connection_type': '2.5d_emib', 'loc': '2.5d_chiplet'}",1,1,3,1,1,1,ddr4,aib,ucie_3d,1,0,ws,1,0,0
291,17.764944627099318,2083812.92,157839.57601444822,3460234224.088081,241947.5874683041,156067.99617860257,291,1.249405813087535,1.7054115854749998,256,64x64,14,0.552198,1.11875,768,64x64,7,3.5867297574793953,3.8395579270749995,2048,96x96,14,4.818150952,10.4826,6144,192x192,7,1.131132696,2.51875,1536,96x96,7,0.378988,1.11875,256,64x64,7,2.5d,"{'from': 'Chiplet_4', 'to': 'Chiplet_5', 'connection_type': '2.5d_emib', 'loc': '2.5d_chiplet'},{'from': 'Chiplet_4', 'to': 'Chiplet_3', 'connection_type': '2.5d_emib', 'loc': '2.5d_chiplet'},{'from': 'Chiplet_4', 'to': 'Chiplet_1', 'connection_type': '2.5d_emib', 'loc': '2.5d_chiplet'},{'from': 'Chiplet_5', 'to': 'Chiplet_1', 'connection_type': '2.5d_emib', 'loc': '2.5d_chiplet'},{'from': 'Chiplet_5', 'to': 'Chiplet_4', 'connection_type': '2.5d_emib', 'loc': '2.5d_chiplet'},{'from': 'Chiplet_3', 'to': 'Chiplet_1', 'connection_type': '2.5d_emib', 'loc': '2.5d_chiplet'},{'from': 'Chiplet_3', 'to': 'Chiplet_2', 'connection_type': '2.5d_emib', 'loc': '2.5d_chiplet'},{'from': 'Chiplet_3', 'to': 'Chiplet_4', 'connection_type': '2.5d_emib', 'loc': '2.5d_chiplet'},{'from': 'Chiplet_1', 'to': 'Chiplet_5', 'connection_type': '2.5d_emib', 'loc': '2.5d_chiplet'},{'from': 'Chiplet_1', 'to': 'Chiplet_6', 'connection_type': '2.5d_emib', 'loc': '2.5d_chiplet'},{'from': 'Chiplet_1', 'to': 'Chiplet_2', 'connection_type': '2.5d_emib', 'loc': '2.5d_chiplet'},{'from': 'Chiplet_1', 'to': 'Chiplet_4', 'connection_type': '2.5d_emib', 'loc': '2.5d_chiplet'},{'from': 'Chiplet_1', 'to': 'Chiplet_3', 'connection_type': '2.5d_emib', 'loc': '2.5d_chiplet'},{'from': 'Chiplet_2', 'to': 'Chiplet_3', 'connection_type': '2.5d_emib', 'loc': '2.5d_chiplet'},{'from': 'Chiplet_2', 'to': 'Chiplet_1', 'connection_type': '2.5d_emib', 'loc': '2.5d_chiplet'},{'from': 'Chiplet_2', 'to': 'Chiplet_6', 'connection_type': '2.5d_emib', 'loc': '2.5d_chiplet'},{'from': 'Chiplet_6', 'to': 'Chiplet_1', 'connection_type': '2.5d_emib', 'loc': '2.5d_chiplet'},{'from': 'Chiplet_6', 'to': 'Chiplet_2', 'connection_type': '2.5d_emib', 'loc': '2.5d_chiplet'}",1,1,2,2,1,1,ddr5,ucie_adv,na,0,0,os,1,0,0
292,17.927821831849347,2421122.65,118108.85988931062,6151811060.126795,824715.3248759542,469002.3515482862,292,3.5867297574793953,3.8395579270749995,2048,96x96,14,0.743226759447044,1.3845915837374998,512,64x64,10,1.5385781800824634,3.1172648505374996,1024,96x96,10,2.927572174079395,3.8395579270749995,1024,96x96,14,6.975099908490179,6.821646341899999,4096,128x128,14,2.20879254,4.475,3072,128x128,7,2.5d_3d,"{'from': 'Chiplet_4', 'to': 'Chiplet_3', 'connection_type': '3d_u_bump', 'loc': 'stack0_base'},{'from': 'Chiplet_3', 'to': 'Chiplet_2', 'connection_type': '3d_u_bump', 'loc': 'stack0_middle1'},{'from': 'Chiplet_2', 'to': 'na', 'connection_type': '3d_u_bump', 'loc': 'stack0_top'},{'from': 'Chiplet_5', 'to': 'Chiplet_1', 'connection_type': '2.5d_emib', 'loc': '2.5d_chiplet'},{'from': 'Chiplet_5', 'to': 'Chiplet_4', 'connection_type': '2.5d_emib', 'loc': '2.5d_chiplet'},{'from': 'Chiplet_1', 'to': 'Chiplet_5', 'connection_type': '2.5d_emib', 'loc': '2.5d_chiplet'},{'from': 'Chiplet_1', 'to': 'Chiplet_6', 'connection_type': '2.5d_emib', 'loc': '2.5d_chiplet'},{'from': 'Chiplet_1', 'to': 'Chiplet_4', 'connection_type': '2.5d_emib', 'loc': '2.5d_chiplet'},{'from': 'Chiplet_4', 'to': 'Chiplet_5', 'connection_type': '2.5d_emib', 'loc': '2.5d_chiplet'},{'from': 'Chiplet_4', 'to': 'Chiplet_1', 'connection_type': '2.5d_emib', 'loc': '2.5d_chiplet'},{'from': 'Chiplet_4', 'to': 'Chiplet_6', 'connection_type': '2.5d_emib', 'loc': '2.5d_chiplet'},{'from': 'Chiplet_6', 'to': 'Chiplet_1', 'connection_type': '2.5d_emib', 'loc': '2.5d_chiplet'},{'from': 'Chiplet_6', 'to': 'Chiplet_4', 'connection_type': '2.5d_emib', 'loc': '2.5d_chiplet'}",1,1,1,1,3,1,ddr4,aib,ucie_3d,1,0,os,1,0,0
293,45.69896528179273,3966199.71,182013.84145293117,6431807482.834555,139261.76470588235,224904.9259961711,293,0.46559300000000003,1.11875,512,64x64,7,3.432469952,10.4826,2048,192x192,7,11.481175603606792,15.979573171754398,2048,192x192,14,3.665749090547913,5.538366334949999,4096,128x128,10,1.743774000637535,1.7054115854749998,1024,64x64,14,4.9976252555201786,6.821646341899999,1024,128x128,14,2.5d,"{'from': 'Chiplet_3', 'to': 'Chiplet_5', 'connection_type': '2.5d_emib', 'loc': '2.5d_chiplet'},{'from': 'Chiplet_3', 'to': 'Chiplet_6', 'connection_type': '2.5d_emib', 'loc': '2.5d_chiplet'},{'from': 'Chiplet_5', 'to': 'Chiplet_3', 'connection_type': '2.5d_emib', 'loc': '2.5d_chiplet'},{'from': 'Chiplet_5', 'to': 'Chiplet_6', 'connection_type': '2.5d_emib', 'loc': '2.5d_chiplet'},{'from': 'Chiplet_5', 'to': 'Chiplet_4', 'connection_type': '2.5d_emib', 'loc': '2.5d_chiplet'},{'from': 'Chiplet_6', 'to': 'Chiplet_5', 'connection_type': '2.5d_emib', 'loc': '2.5d_chiplet'},{'from': 'Chiplet_6', 'to': 'Chiplet_1', 'connection_type': '2.5d_emib', 'loc': '2.5d_chiplet'},{'from': 'Chiplet_6', 'to': 'Chiplet_2', 'connection_type': '2.5d_emib', 'loc': '2.5d_chiplet'},{'from': 'Chiplet_6', 'to': 'Chiplet_4', 'connection_type': '2.5d_emib', 'loc': '2.5d_chiplet'},{'from': 'Chiplet_6', 'to': 'Chiplet_3', 'connection_type': '2.5d_emib', 'loc': '2.5d_chiplet'},{'from': 'Chiplet_1', 'to': 'Chiplet_6', 'connection_type': '2.5d_emib', 'loc': '2.5d_chiplet'},{'from': 'Chiplet_1', 'to': 'Chiplet_2', 'connection_type': '2.5d_emib', 'loc': '2.5d_chiplet'},{'from': 'Chiplet_4', 'to': 'Chiplet_5', 'connection_type': '2.5d_emib', 'loc': '2.5d_chiplet'},{'from': 'Chiplet_4', 'to': 'Chiplet_6', 'connection_type': '2.5d_emib', 'loc': '2.5d_chiplet'},{'from': 'Chiplet_4', 'to': 'Chiplet_2', 'connection_type': '2.5d_emib', 'loc': '2.5d_chiplet'},{'from': 'Chiplet_2', 'to': 'Chiplet_1', 'connection_type': '2.5d_emib', 'loc': '2.5d_chiplet'},{'from': 'Chiplet_2', 'to': 'Chiplet_6', 'connection_type': '2.5d_emib', 'loc': '2.5d_chiplet'},{'from': 'Chiplet_2', 'to': 'Chiplet_4', 'connection_type': '2.5d_emib', 'loc': '2.5d_chiplet'}",1,1,3,1,1,1,ddr4,aib,na,0,0,is,0,0,0
294,45.24791949394289,4612540.7,93887.15372301423,2289141616.219384,78189.1330891331,98346.04643565262,294,8.112421457366196,12.973514847541198,8192,192x192,10,2.927572174079395,3.8395579270749995,1024,96x96,14,0.378988,1.11875,256,64x64,7,14.117807839976791,15.979573171754398,6144,192x192,14,3.5867297574793953,3.8395579270749995,2048,96x96,14,0.656621759447044,1.3845915837374998,256,64x64,10,2.5d,"{'from': 'Chiplet_4', 'to': 'Chiplet_5', 'connection_type': '2.5d_rdl', 'loc': '2.5d_chiplet'},{'from': 'Chiplet_4', 'to': 'Chiplet_1', 'connection_type': '2.5d_rdl', 'loc': '2.5d_chiplet'},{'from': 'Chiplet_4', 'to': 'Chiplet_6', 'connection_type': '2.5d_rdl', 'loc': '2.5d_chiplet'},{'from': 'Chiplet_6', 'to': 'Chiplet_5', 'connection_type': '2.5d_rdl', 'loc': '2.5d_chiplet'},{'from': 'Chiplet_6', 'to': 'Chiplet_4', 'connection_type': '2.5d_rdl', 'loc': '2.5d_chiplet'},{'from': 'Chiplet_1', 'to': 'Chiplet_5', 'connection_type': '2.5d_rdl', 'loc': '2.5d_chiplet'},{'from': 'Chiplet_1', 'to': 'Chiplet_2', 'connection_type': '2.5d_rdl', 'loc': '2.5d_chiplet'},{'from': 'Chiplet_1', 'to': 'Chiplet_4', 'connection_type': '2.5d_rdl', 'loc': '2.5d_chiplet'},{'from': 'Chiplet_5', 'to': 'Chiplet_1', 'connection_type': '2.5d_rdl', 'loc': '2.5d_chiplet'},{'from': 'Chiplet_5', 'to': 'Chiplet_6', 'connection_type': '2.5d_rdl', 'loc': '2.5d_chiplet'},{'from': 'Chiplet_5', 'to': 'Chiplet_4', 'connection_type': '2.5d_rdl', 'loc': '2.5d_chiplet'},{'from': 'Chiplet_5', 'to': 'Chiplet_2', 'connection_type': '2.5d_rdl', 'loc': '2.5d_chiplet'},{'from': 'Chiplet_5', 'to': 'Chiplet_3', 'connection_type': '2.5d_rdl', 'loc': '2.5d_chiplet'},{'from': 'Chiplet_2', 'to': 'Chiplet_5', 'connection_type': '2.5d_rdl', 'loc': '2.5d_chiplet'},{'from': 'Chiplet_2', 'to': 'Chiplet_1', 'connection_type': '2.5d_rdl', 'loc': '2.5d_chiplet'},{'from': 'Chiplet_2', 'to': 'Chiplet_3', 'connection_type': '2.5d_rdl', 'loc': '2.5d_chiplet'},{'from': 'Chiplet_3', 'to': 'Chiplet_5', 'connection_type': '2.5d_rdl', 'loc': '2.5d_chiplet'},{'from': 'Chiplet_3', 'to': 'Chiplet_2', 'connection_type': '2.5d_rdl', 'loc': '2.5d_chiplet'}",4,1,1,7,2,1,hbm3,ucie_std,na,1,0,ws,0,0,0
295,22.95264812503097,3034717.36,68063.09738286931,2000185926.1745112,488566.8953533156,278342.3029942095,295,0.638803,1.11875,1024,64x64,7,3.665749090547913,5.538366334949999,4096,128x128,10,5.5109919519999995,10.4826,8192,192x192,7,1.249405813087535,1.7054115854749998,256,64x64,14,0.784712696,2.51875,512,96x96,7,2.6264880905479133,5.538366334949999,1024,128x128,10,2.5d,"{'from': 'Chiplet_3', 'to': 'Chiplet_6', 'connection_type': '2.5d_rdl', 'loc': '2.5d_chiplet'},{'from': 'Chiplet_3', 'to': 'Chiplet_1', 'connection_type': '2.5d_rdl', 'loc': '2.5d_chiplet'},{'from': 'Chiplet_3', 'to': 'Chiplet_2', 'connection_type': '2.5d_rdl', 'loc': '2.5d_chiplet'},{'from': 'Chiplet_3', 'to': 'Chiplet_4', 'connection_type': '2.5d_rdl', 'loc': '2.5d_chiplet'},{'from': 'Chiplet_4', 'to': 'Chiplet_3', 'connection_type': '2.5d_rdl', 'loc': '2.5d_chiplet'},{'from': 'Chiplet_4', 'to': 'Chiplet_1', 'connection_type': '2.5d_rdl', 'loc': '2.5d_chiplet'},{'from': 'Chiplet_1', 'to': 'Chiplet_3', 'connection_type': '2.5d_rdl', 'loc': '2.5d_chiplet'},{'from': 'Chiplet_1', 'to': 'Chiplet_4', 'connection_type': '2.5d_rdl', 'loc': '2.5d_chiplet'},{'from': 'Chiplet_2', 'to': 'Chiplet_5', 'connection_type': '2.5d_rdl', 'loc': '2.5d_chiplet'},{'from': 'Chiplet_2', 'to': 'Chiplet_3', 'connection_type': '2.5d_rdl', 'loc': '2.5d_chiplet'},{'from': 'Chiplet_2', 'to': 'Chiplet_6', 'connection_type': '2.5d_rdl', 'loc': '2.5d_chiplet'},{'from': 'Chiplet_6', 'to': 'Chiplet_5', 'connection_type': '2.5d_rdl', 'loc': '2.5d_chiplet'},{'from': 'Chiplet_6', 'to': 'Chiplet_3', 'connection_type': '2.5d_rdl', 'loc': '2.5d_chiplet'},{'from': 'Chiplet_6', 'to': 'Chiplet_2', 'connection_type': '2.5d_rdl', 'loc': '2.5d_chiplet'},{'from': 'Chiplet_5', 'to': 'Chiplet_6', 'connection_type': '2.5d_rdl', 'loc': '2.5d_chiplet'},{'from': 'Chiplet_5', 'to': 'Chiplet_2', 'connection_type': '2.5d_rdl', 'loc': '2.5d_chiplet'}",1,4,6,1,1,3,hbm2,ucie_std,na,0,0,ws,1,0,0
296,44.31114898266308,5668887.87,205319.89301732118,2374339472.3803134,75837.83783783784,119702.75668807467,296,4.9976252555201786,6.821646341899999,1024,128x128,14,1.51595254,4.475,1024,128x128,7,6.975099908490179,6.821646341899999,4096,128x128,14,3.432469952,10.4826,2048,192x192,7,8.112421457366196,12.973514847541198,8192,192x192,10,6.726740457366197,12.973514847541198,4096,192x192,10,2.5d,"{'from': 'Chiplet_5', 'to': 'Chiplet_3', 'connection_type': '2.5d_emib', 'loc': '2.5d_chiplet'},{'from': 'Chiplet_5', 'to': 'Chiplet_1', 'connection_type': '2.5d_emib', 'loc': '2.5d_chiplet'},{'from': 'Chiplet_5', 'to': 'Chiplet_6', 'connection_type': '2.5d_emib', 'loc': '2.5d_chiplet'},{'from': 'Chiplet_5', 'to': 'Chiplet_4', 'connection_type': '2.5d_emib', 'loc': '2.5d_chiplet'},{'from': 'Chiplet_1', 'to': 'Chiplet_5', 'connection_type': '2.5d_emib', 'loc': '2.5d_chiplet'},{'from': 'Chiplet_1', 'to': 'Chiplet_4', 'connection_type': '2.5d_emib', 'loc': '2.5d_chiplet'},{'from': 'Chiplet_4', 'to': 'Chiplet_5', 'connection_type': '2.5d_emib', 'loc': '2.5d_chiplet'},{'from': 'Chiplet_4', 'to': 'Chiplet_1', 'connection_type': '2.5d_emib', 'loc': '2.5d_chiplet'},{'from': 'Chiplet_3', 'to': 'Chiplet_5', 'connection_type': '2.5d_emib', 'loc': '2.5d_chiplet'},{'from': 'Chiplet_3', 'to': 'Chiplet_6', 'connection_type': '2.5d_emib', 'loc': '2.5d_chiplet'},{'from': 'Chiplet_3', 'to': 'Chiplet_2', 'connection_type': '2.5d_emib', 'loc': '2.5d_chiplet'},{'from': 'Chiplet_6', 'to': 'Chiplet_5', 'connection_type': '2.5d_emib', 'loc': '2.5d_chiplet'},{'from': 'Chiplet_6', 'to': 'Chiplet_2', 'connection_type': '2.5d_emib', 'loc': '2.5d_chiplet'},{'from': 'Chiplet_6', 'to': 'Chiplet_3', 'connection_type': '2.5d_emib', 'loc': '2.5d_chiplet'},{'from': 'Chiplet_2', 'to': 'Chiplet_3', 'connection_type': '2.5d_emib', 'loc': '2.5d_chiplet'},{'from': 'Chiplet_2', 'to': 'Chiplet_6', 'connection_type': '2.5d_emib', 'loc': '2.5d_chiplet'}",3,1,3,2,4,3,hbm2,aib,na,0,0,is,0,0,0
297,26.79860192111061,2923322.24,65587.19976061795,6142532852.665133,891843.3857483047,533197.1307617982,297,1.8849981800824636,3.1172648505374996,2048,96x96,10,3.5867297574793953,3.8395579270749995,2048,96x96,14,1.131132696,2.51875,1536,96x96,7,1.131132696,2.51875,1536,96x96,7,6.315940422320179,6.821646341899999,3072,128x128,14,5.656782838920179,6.821646341899999,2048,128x128,14,2.5d_3d,"{'from': 'Chiplet_5', 'to': 'Chiplet_4', 'connection_type': '3d_hyb_bond', 'loc': 'stack0_base'},{'from': 'Chiplet_4', 'to': 'na', 'connection_type': '3d_hyb_bond', 'loc': 'stack0_top'},{'from': 'Chiplet_5', 'to': 'Chiplet_3', 'connection_type': '2.5d_rdl', 'loc': '2.5d_chiplet'},{'from': 'Chiplet_5', 'to': 'Chiplet_1', 'connection_type': '2.5d_rdl', 'loc': '2.5d_chiplet'},{'from': 'Chiplet_5', 'to': 'Chiplet_6', 'connection_type': '2.5d_rdl', 'loc': '2.5d_chiplet'},{'from': 'Chiplet_1', 'to': 'Chiplet_5', 'connection_type': '2.5d_rdl', 'loc': '2.5d_chiplet'},{'from': 'Chiplet_1', 'to': 'Chiplet_3', 'connection_type': '2.5d_rdl', 'loc': '2.5d_chiplet'},{'from': 'Chiplet_3', 'to': 'Chiplet_5', 'connection_type': '2.5d_rdl', 'loc': '2.5d_chiplet'},{'from': 'Chiplet_3', 'to': 'Chiplet_1', 'connection_type': '2.5d_rdl', 'loc': '2.5d_chiplet'},{'from': 'Chiplet_3', 'to': 'Chiplet_2', 'connection_type': '2.5d_rdl', 'loc': '2.5d_chiplet'},{'from': 'Chiplet_6', 'to': 'Chiplet_5', 'connection_type': '2.5d_rdl', 'loc': '2.5d_chiplet'},{'from': 'Chiplet_6', 'to': 'Chiplet_2', 'connection_type': '2.5d_rdl', 'loc': '2.5d_chiplet'},{'from': 'Chiplet_2', 'to': 'Chiplet_3', 'connection_type': '2.5d_rdl', 'loc': '2.5d_chiplet'},{'from': 'Chiplet_2', 'to': 'Chiplet_6', 'connection_type': '2.5d_rdl', 'loc': '2.5d_chiplet'}",1,1,1,1,2,2,ddr4,ucie_std,ucie_3d,0,0,is,1,0,0
298,14.697707487474663,1880723.15,118664.4767888615,1534077958.7860136,649061.4820518027,206801.1126731191,298,1.4141952089375351,1.7054115854749998,512,64x64,14,3.665749090547913,5.538366334949999,4096,128x128,10,0.656621759447044,1.3845915837374998,256,64x64,10,0.638803,1.11875,1024,64x64,7,0.829831759447044,1.3845915837374998,768,64x64,10,3.2571509657793953,3.8395579270749995,1536,96x96,14,2.5d_3d,"{'from': 'Chiplet_2', 'to': 'Chiplet_4', 'connection_type': '3d_tsv', 'loc': 'stack0_base'},{'from': 'Chiplet_4', 'to': 'na', 'connection_type': '3d_tsv', 'loc': 'stack0_top'},{'from': 'Chiplet_2', 'to': 'Chiplet_5', 'connection_type': '2.5d_emib', 'loc': '2.5d_chiplet'},{'from': 'Chiplet_2', 'to': 'Chiplet_6', 'connection_type': '2.5d_emib', 'loc': '2.5d_chiplet'},{'from': 'Chiplet_2', 'to': 'Chiplet_3', 'connection_type': '2.5d_emib', 'loc': '2.5d_chiplet'},{'from': 'Chiplet_5', 'to': 'Chiplet_3', 'connection_type': '2.5d_emib', 'loc': '2.5d_chiplet'},{'from': 'Chiplet_5', 'to': 'Chiplet_2', 'connection_type': '2.5d_emib', 'loc': '2.5d_chiplet'},{'from': 'Chiplet_3', 'to': 'Chiplet_5', 'connection_type': '2.5d_emib', 'loc': '2.5d_chiplet'},{'from': 'Chiplet_3', 'to': 'Chiplet_1', 'connection_type': '2.5d_emib', 'loc': '2.5d_chiplet'},{'from': 'Chiplet_3', 'to': 'Chiplet_2', 'connection_type': '2.5d_emib', 'loc': '2.5d_chiplet'},{'from': 'Chiplet_6', 'to': 'Chiplet_1', 'connection_type': '2.5d_emib', 'loc': '2.5d_chiplet'},{'from': 'Chiplet_6', 'to': 'Chiplet_2', 'connection_type': '2.5d_emib', 'loc': '2.5d_chiplet'},{'from': 'Chiplet_1', 'to': 'Chiplet_3', 'connection_type': '2.5d_emib', 'loc': '2.5d_chiplet'},{'from': 'Chiplet_1', 'to': 'Chiplet_6', 'connection_type': '2.5d_emib', 'loc': '2.5d_chiplet'}",2,6,1,1,1,5,hbm3,aib,ucie_3d,0,0,os,1,0,0
299,27.83842850088569,4934724.36,140957.84934853355,2244014350.0746727,42493.33333333333,76754.8570697709,299,2.20879254,4.475,3072,128x128,7,2.6264880905479133,5.538366334949999,1024,128x128,10,1.51595254,4.475,1024,128x128,7,12.799492673176792,15.979573171754398,4096,192x192,14,4.1253109519999995,10.4826,4096,192x192,7,1.86237254,4.475,2048,128x128,7,2.5d_3d,"{'from': 'Chiplet_4', 'to': 'Chiplet_2', 'connection_type': '3d_u_bump', 'loc': 'stack0_base'},{'from': 'Chiplet_2', 'to': 'Chiplet_1', 'connection_type': '3d_u_bump', 'loc': 'stack0_middle1'},{'from': 'Chiplet_1', 'to': 'Chiplet_6', 'connection_type': '3d_u_bump', 'loc': 'stack0_middle2'},{'from': 'Chiplet_6', 'to': 'na', 'connection_type': '3d_u_bump', 'loc': 'stack0_top'},{'from': 'Chiplet_4', 'to': 'Chiplet_5', 'connection_type': '2.5d_emib', 'loc': '2.5d_chiplet'},{'from': 'Chiplet_4', 'to': 'Chiplet_3', 'connection_type': '2.5d_emib', 'loc': '2.5d_chiplet'},{'from': 'Chiplet_5', 'to': 'Chiplet_3', 'connection_type': '2.5d_emib', 'loc': '2.5d_chiplet'},{'from': 'Chiplet_5', 'to': 'Chiplet_4', 'connection_type': '2.5d_emib', 'loc': '2.5d_chiplet'},{'from': 'Chiplet_3', 'to': 'Chiplet_5', 'connection_type': '2.5d_emib', 'loc': '2.5d_chiplet'},{'from': 'Chiplet_3', 'to': 'Chiplet_4', 'connection_type': '2.5d_emib', 'loc': '2.5d_chiplet'}",1,2,1,8,3,1,hbm2,ucie_adv,ucie_3d,0,0,os,0,0,0
300,20.579598860672146,3393841.97,127697.09894398913,2138674177.2230005,65270.0,74391.87447390315,300,3.2571509657793953,3.8395579270749995,1536,96x96,14,0.552198,1.11875,768,64x64,7,6.315940422320179,6.821646341899999,3072,128x128,14,4.1253109519999995,10.4826,4096,192x192,7,3.5867297574793953,3.8395579270749995,2048,96x96,14,1.7117881800824635,3.1172648505374996,1536,96x96,10,2.5d_3d,"{'from': 'Chiplet_1', 'to': 'Chiplet_6', 'connection_type': '3d_u_bump', 'loc': 'stack0_base'},{'from': 'Chiplet_6', 'to': 'Chiplet_2', 'connection_type': '3d_u_bump', 'loc': 'stack0_middle1'},{'from': 'Chiplet_2', 'to': 'na', 'connection_type': '3d_u_bump', 'loc': 'stack0_top'},{'from': 'Chiplet_3', 'to': 'Chiplet_5', 'connection_type': '2.5d_emib', 'loc': '2.5d_chiplet'},{'from': 'Chiplet_3', 'to': 'Chiplet_1', 'connection_type': '2.5d_emib', 'loc': '2.5d_chiplet'},{'from': 'Chiplet_3', 'to': 'Chiplet_4', 'connection_type': '2.5d_emib', 'loc': '2.5d_chiplet'},{'from': 'Chiplet_1', 'to': 'Chiplet_5', 'connection_type': '2.5d_emib', 'loc': '2.5d_chiplet'},{'from': 'Chiplet_1', 'to': 'Chiplet_3', 'connection_type': '2.5d_emib', 'loc': '2.5d_chiplet'},{'from': 'Chiplet_4', 'to': 'Chiplet_5', 'connection_type': '2.5d_emib', 'loc': '2.5d_chiplet'},{'from': 'Chiplet_4', 'to': 'Chiplet_3', 'connection_type': '2.5d_emib', 'loc': '2.5d_chiplet'},{'from': 'Chiplet_5', 'to': 'Chiplet_3', 'connection_type': '2.5d_emib', 'loc': '2.5d_chiplet'},{'from': 'Chiplet_5', 'to': 'Chiplet_1', 'connection_type': '2.5d_emib', 'loc': '2.5d_chiplet'},{'from': 'Chiplet_5', 'to': 'Chiplet_4', 'connection_type': '2.5d_emib', 'loc': '2.5d_chiplet'}",3,1,5,3,3,1,hbm2,aib,ucie_3d,1,0,os,0,0,0
301,26.89661106828376,2628381.58,163209.05135334318,4741896383.544785,103311.68704156479,143109.52539580117,301,1.3653681800824635,3.1172648505374996,512,96x96,10,1.249405813087535,1.7054115854749998,256,64x64,14,12.799492673176792,15.979573171754398,4096,192x192,14,3.3193280905479132,5.538366334949999,3072,128x128,10,0.656621759447044,1.3845915837374998,256,64x64,10,1.743774000637535,1.7054115854749998,1024,64x64,14,2.5d,"{'from': 'Chiplet_3', 'to': 'Chiplet_6', 'connection_type': '2.5d_emib', 'loc': '2.5d_chiplet'},{'from': 'Chiplet_3', 'to': 'Chiplet_4', 'connection_type': '2.5d_emib', 'loc': '2.5d_chiplet'},{'from': 'Chiplet_4', 'to': 'Chiplet_5', 'connection_type': '2.5d_emib', 'loc': '2.5d_chiplet'},{'from': 'Chiplet_4', 'to': 'Chiplet_3', 'connection_type': '2.5d_emib', 'loc': '2.5d_chiplet'},{'from': 'Chiplet_4', 'to': 'Chiplet_1', 'connection_type': '2.5d_emib', 'loc': '2.5d_chiplet'},{'from': 'Chiplet_4', 'to': 'Chiplet_6', 'connection_type': '2.5d_emib', 'loc': '2.5d_chiplet'},{'from': 'Chiplet_5', 'to': 'Chiplet_1', 'connection_type': '2.5d_emib', 'loc': '2.5d_chiplet'},{'from': 'Chiplet_5', 'to': 'Chiplet_4', 'connection_type': '2.5d_emib', 'loc': '2.5d_chiplet'},{'from': 'Chiplet_6', 'to': 'Chiplet_3', 'connection_type': '2.5d_emib', 'loc': '2.5d_chiplet'},{'from': 'Chiplet_6', 'to': 'Chiplet_1', 'connection_type': '2.5d_emib', 'loc': '2.5d_chiplet'},{'from': 'Chiplet_6', 'to': 'Chiplet_2', 'connection_type': '2.5d_emib', 'loc': '2.5d_chiplet'},{'from': 'Chiplet_6', 'to': 'Chiplet_4', 'connection_type': '2.5d_emib', 'loc': '2.5d_chiplet'},{'from': 'Chiplet_1', 'to': 'Chiplet_5', 'connection_type': '2.5d_emib', 'loc': '2.5d_chiplet'},{'from': 'Chiplet_1', 'to': 'Chiplet_6', 'connection_type': '2.5d_emib', 'loc': '2.5d_chiplet'},{'from': 'Chiplet_1', 'to': 'Chiplet_4', 'connection_type': '2.5d_emib', 'loc': '2.5d_chiplet'},{'from': 'Chiplet_1', 'to': 'Chiplet_2', 'connection_type': '2.5d_emib', 'loc': '2.5d_chiplet'},{'from': 'Chiplet_2', 'to': 'Chiplet_1', 'connection_type': '2.5d_emib', 'loc': '2.5d_chiplet'},{'from': 'Chiplet_2', 'to': 'Chiplet_6', 'connection_type': '2.5d_emib', 'loc': '2.5d_chiplet'}",1,1,3,1,1,1,ddr5,aib,na,1,0,ws,0,0,0
302,15.726656246673839,1630910.14,48718.45609072885,7085983799.148449,111995.04504504504,168022.62478853087,302,6.975099908490179,6.821646341899999,4096,128x128,14,0.743226759447044,1.3845915837374998,512,64x64,10,0.46559300000000003,1.11875,512,64x64,7,1.8849981800824636,3.1172648505374996,2048,96x96,10,0.656621759447044,1.3845915837374998,256,64x64,10,1.51595254,4.475,1024,128x128,7,2.5d,"{'from': 'Chiplet_1', 'to': 'Chiplet_6', 'connection_type': '2.5d_rdl', 'loc': '2.5d_chiplet'},{'from': 'Chiplet_1', 'to': 'Chiplet_4', 'connection_type': '2.5d_rdl', 'loc': '2.5d_chiplet'},{'from': 'Chiplet_4', 'to': 'Chiplet_5', 'connection_type': '2.5d_rdl', 'loc': '2.5d_chiplet'},{'from': 'Chiplet_4', 'to': 'Chiplet_1', 'connection_type': '2.5d_rdl', 'loc': '2.5d_chiplet'},{'from': 'Chiplet_4', 'to': 'Chiplet_6', 'connection_type': '2.5d_rdl', 'loc': '2.5d_chiplet'},{'from': 'Chiplet_4', 'to': 'Chiplet_2', 'connection_type': '2.5d_rdl', 'loc': '2.5d_chiplet'},{'from': 'Chiplet_5', 'to': 'Chiplet_2', 'connection_type': '2.5d_rdl', 'loc': '2.5d_chiplet'},{'from': 'Chiplet_5', 'to': 'Chiplet_4', 'connection_type': '2.5d_rdl', 'loc': '2.5d_chiplet'},{'from': 'Chiplet_6', 'to': 'Chiplet_3', 'connection_type': '2.5d_rdl', 'loc': '2.5d_chiplet'},{'from': 'Chiplet_6', 'to': 'Chiplet_1', 'connection_type': '2.5d_rdl', 'loc': '2.5d_chiplet'},{'from': 'Chiplet_6', 'to': 'Chiplet_2', 'connection_type': '2.5d_rdl', 'loc': '2.5d_chiplet'},{'from': 'Chiplet_6', 'to': 'Chiplet_4', 'connection_type': '2.5d_rdl', 'loc': '2.5d_chiplet'},{'from': 'Chiplet_2', 'to': 'Chiplet_5', 'connection_type': '2.5d_rdl', 'loc': '2.5d_chiplet'},{'from': 'Chiplet_2', 'to': 'Chiplet_6', 'connection_type': '2.5d_rdl', 'loc': '2.5d_chiplet'},{'from': 'Chiplet_2', 'to': 'Chiplet_4', 'connection_type': '2.5d_rdl', 'loc': '2.5d_chiplet'},{'from': 'Chiplet_2', 'to': 'Chiplet_3', 'connection_type': '2.5d_rdl', 'loc': '2.5d_chiplet'},{'from': 'Chiplet_3', 'to': 'Chiplet_6', 'connection_type': '2.5d_rdl', 'loc': '2.5d_chiplet'},{'from': 'Chiplet_3', 'to': 'Chiplet_2', 'connection_type': '2.5d_rdl', 'loc': '2.5d_chiplet'}",3,1,1,1,1,1,ddr5,ucie_std,na,0,0,os,0,0,0
303,30.976764366225474,3641498.73,77847.4191691119,1586977381.5669692,1488799.4672472605,925439.2816003786,303,1.51595254,4.475,1024,128x128,7,7.419580457366196,12.973514847541198,6144,192x192,10,0.784712696,2.51875,512,96x96,7,2.55521354,4.475,4096,128x128,7,1.86237254,4.475,2048,128x128,7,3.5867297574793953,3.8395579270749995,2048,96x96,14,2.5d,"{'from': 'Chiplet_2', 'to': 'Chiplet_1', 'connection_type': '2.5d_rdl', 'loc': '2.5d_chiplet'},{'from': 'Chiplet_2', 'to': 'Chiplet_6', 'connection_type': '2.5d_rdl', 'loc': '2.5d_chiplet'},{'from': 'Chiplet_1', 'to': 'Chiplet_6', 'connection_type': '2.5d_rdl', 'loc': '2.5d_chiplet'},{'from': 'Chiplet_1', 'to': 'Chiplet_4', 'connection_type': '2.5d_rdl', 'loc': '2.5d_chiplet'},{'from': 'Chiplet_1', 'to': 'Chiplet_2', 'connection_type': '2.5d_rdl', 'loc': '2.5d_chiplet'},{'from': 'Chiplet_6', 'to': 'Chiplet_5', 'connection_type': '2.5d_rdl', 'loc': '2.5d_chiplet'},{'from': 'Chiplet_6', 'to': 'Chiplet_1', 'connection_type': '2.5d_rdl', 'loc': '2.5d_chiplet'},{'from': 'Chiplet_6', 'to': 'Chiplet_2', 'connection_type': '2.5d_rdl', 'loc': '2.5d_chiplet'},{'from': 'Chiplet_6', 'to': 'Chiplet_4', 'connection_type': '2.5d_rdl', 'loc': '2.5d_chiplet'},{'from': 'Chiplet_6', 'to': 'Chiplet_3', 'connection_type': '2.5d_rdl', 'loc': '2.5d_chiplet'},{'from': 'Chiplet_3', 'to': 'Chiplet_5', 'connection_type': '2.5d_rdl', 'loc': '2.5d_chiplet'},{'from': 'Chiplet_3', 'to': 'Chiplet_6', 'connection_type': '2.5d_rdl', 'loc': '2.5d_chiplet'},{'from': 'Chiplet_4', 'to': 'Chiplet_5', 'connection_type': '2.5d_rdl', 'loc': '2.5d_chiplet'},{'from': 'Chiplet_4', 'to': 'Chiplet_1', 'connection_type': '2.5d_rdl', 'loc': '2.5d_chiplet'},{'from': 'Chiplet_4', 'to': 'Chiplet_6', 'connection_type': '2.5d_rdl', 'loc': '2.5d_chiplet'},{'from': 'Chiplet_5', 'to': 'Chiplet_3', 'connection_type': '2.5d_rdl', 'loc': '2.5d_chiplet'},{'from': 'Chiplet_5', 'to': 'Chiplet_6', 'connection_type': '2.5d_rdl', 'loc': '2.5d_chiplet'},{'from': 'Chiplet_5', 'to': 'Chiplet_4', 'connection_type': '2.5d_rdl', 'loc': '2.5d_chiplet'}",1,7,1,2,2,3,hbm3,ucie_std,na,1,0,ws,1,0,0
304,37.34490971225082,4327340.99,106377.42513383851,4533208765.623196,567415.6382951314,605041.7688625727,304,2.972908090547913,5.538366334949999,2048,128x128,10,3.665749090547913,5.538366334949999,4096,128x128,10,6.033899457366197,12.973514847541198,2048,192x192,10,5.5109919519999995,10.4826,8192,192x192,7,6.726740457366197,12.973514847541198,4096,192x192,10,1.304342696,2.51875,2048,96x96,7,2.5d,"{'from': 'Chiplet_5', 'to': 'Chiplet_3', 'connection_type': '2.5d_rdl', 'loc': '2.5d_chiplet'},{'from': 'Chiplet_5', 'to': 'Chiplet_1', 'connection_type': '2.5d_rdl', 'loc': '2.5d_chiplet'},{'from': 'Chiplet_5', 'to': 'Chiplet_2', 'connection_type': '2.5d_rdl', 'loc': '2.5d_chiplet'},{'from': 'Chiplet_2', 'to': 'Chiplet_5', 'connection_type': '2.5d_rdl', 'loc': '2.5d_chiplet'},{'from': 'Chiplet_2', 'to': 'Chiplet_1', 'connection_type': '2.5d_rdl', 'loc': '2.5d_chiplet'},{'from': 'Chiplet_1', 'to': 'Chiplet_5', 'connection_type': '2.5d_rdl', 'loc': '2.5d_chiplet'},{'from': 'Chiplet_1', 'to': 'Chiplet_2', 'connection_type': '2.5d_rdl', 'loc': '2.5d_chiplet'},{'from': 'Chiplet_3', 'to': 'Chiplet_5', 'connection_type': '2.5d_rdl', 'loc': '2.5d_chiplet'},{'from': 'Chiplet_3', 'to': 'Chiplet_6', 'connection_type': '2.5d_rdl', 'loc': '2.5d_chiplet'},{'from': 'Chiplet_3', 'to': 'Chiplet_4', 'connection_type': '2.5d_rdl', 'loc': '2.5d_chiplet'},{'from': 'Chiplet_4', 'to': 'Chiplet_3', 'connection_type': '2.5d_rdl', 'loc': '2.5d_chiplet'},{'from': 'Chiplet_4', 'to': 'Chiplet_6', 'connection_type': '2.5d_rdl', 'loc': '2.5d_chiplet'},{'from': 'Chiplet_6', 'to': 'Chiplet_3', 'connection_type': '2.5d_rdl', 'loc': '2.5d_chiplet'},{'from': 'Chiplet_6', 'to': 'Chiplet_4', 'connection_type': '2.5d_rdl', 'loc': '2.5d_chiplet'}",1,1,2,1,2,1,ddr4,ucie_std,na,0,0,os,1,0,0
305,11.849900951315135,1778909.44,101548.16600126767,2329351596.543355,192728.88888888888,101731.7473168638,305,5.656782838920179,6.821646341899999,2048,128x128,14,1.249405813087535,1.7054115854749998,256,64x64,14,1.51595254,4.475,1024,128x128,7,0.552198,1.11875,768,64x64,7,0.378988,1.11875,256,64x64,7,0.656621759447044,1.3845915837374998,256,64x64,10,2.5d_3d,"{'from': 'Chiplet_3', 'to': 'Chiplet_2', 'connection_type': '3d_u_bump', 'loc': 'stack0_base'},{'from': 'Chiplet_2', 'to': 'Chiplet_6', 'connection_type': '3d_u_bump', 'loc': 'stack0_middle1'},{'from': 'Chiplet_6', 'to': 'na', 'connection_type': '3d_u_bump', 'loc': 'stack0_top'},{'from': 'Chiplet_1', 'to': 'Chiplet_3', 'connection_type': '2.5d_emib', 'loc': '2.5d_chiplet'},{'from': 'Chiplet_1', 'to': 'Chiplet_4', 'connection_type': '2.5d_emib', 'loc': '2.5d_chiplet'},{'from': 'Chiplet_3', 'to': 'Chiplet_5', 'connection_type': '2.5d_emib', 'loc': '2.5d_chiplet'},{'from': 'Chiplet_3', 'to': 'Chiplet_1', 'connection_type': '2.5d_emib', 'loc': '2.5d_chiplet'},{'from': 'Chiplet_3', 'to': 'Chiplet_4', 'connection_type': '2.5d_emib', 'loc': '2.5d_chiplet'},{'from': 'Chiplet_4', 'to': 'Chiplet_5', 'connection_type': '2.5d_emib', 'loc': '2.5d_chiplet'},{'from': 'Chiplet_4', 'to': 'Chiplet_1', 'connection_type': '2.5d_emib', 'loc': '2.5d_chiplet'},{'from': 'Chiplet_4', 'to': 'Chiplet_3', 'connection_type': '2.5d_emib', 'loc': '2.5d_chiplet'},{'from': 'Chiplet_5', 'to': 'Chiplet_3', 'connection_type': '2.5d_emib', 'loc': '2.5d_chiplet'},{'from': 'Chiplet_5', 'to': 'Chiplet_4', 'connection_type': '2.5d_emib', 'loc': '2.5d_chiplet'}",9,2,2,1,1,1,hbm2,bow,ucie_3d,1,0,ws,0,0,0
306,36.00983520456253,3088179.04,79061.63772484346,4418271372.3247795,906273.5378670399,606566.3728675914,306,1.7117881800824635,3.1172648505374996,1536,96x96,10,1.3653681800824635,3.1172648505374996,512,96x96,10,0.46559300000000003,1.11875,512,64x64,7,0.743226759447044,1.3845915837374998,512,64x64,10,15.436124909546791,15.979573171754398,8192,192x192,14,4.9976252555201786,6.821646341899999,1024,128x128,14,2.5d,"{'from': 'Chiplet_5', 'to': 'Chiplet_3', 'connection_type': '2.5d_rdl', 'loc': '2.5d_chiplet'},{'from': 'Chiplet_5', 'to': 'Chiplet_1', 'connection_type': '2.5d_rdl', 'loc': '2.5d_chiplet'},{'from': 'Chiplet_5', 'to': 'Chiplet_6', 'connection_type': '2.5d_rdl', 'loc': '2.5d_chiplet'},{'from': 'Chiplet_6', 'to': 'Chiplet_5', 'connection_type': '2.5d_rdl', 'loc': '2.5d_chiplet'},{'from': 'Chiplet_6', 'to': 'Chiplet_1', 'connection_type': '2.5d_rdl', 'loc': '2.5d_chiplet'},{'from': 'Chiplet_6', 'to': 'Chiplet_2', 'connection_type': '2.5d_rdl', 'loc': '2.5d_chiplet'},{'from': 'Chiplet_1', 'to': 'Chiplet_5', 'connection_type': '2.5d_rdl', 'loc': '2.5d_chiplet'},{'from': 'Chiplet_1', 'to': 'Chiplet_6', 'connection_type': '2.5d_rdl', 'loc': '2.5d_chiplet'},{'from': 'Chiplet_1', 'to': 'Chiplet_2', 'connection_type': '2.5d_rdl', 'loc': '2.5d_chiplet'},{'from': 'Chiplet_1', 'to': 'Chiplet_3', 'connection_type': '2.5d_rdl', 'loc': '2.5d_chiplet'},{'from': 'Chiplet_3', 'to': 'Chiplet_5', 'connection_type': '2.5d_rdl', 'loc': '2.5d_chiplet'},{'from': 'Chiplet_3', 'to': 'Chiplet_1', 'connection_type': '2.5d_rdl', 'loc': '2.5d_chiplet'},{'from': 'Chiplet_3', 'to': 'Chiplet_4', 'connection_type': '2.5d_rdl', 'loc': '2.5d_chiplet'},{'from': 'Chiplet_2', 'to': 'Chiplet_1', 'connection_type': '2.5d_rdl', 'loc': '2.5d_chiplet'},{'from': 'Chiplet_2', 'to': 'Chiplet_6', 'connection_type': '2.5d_rdl', 'loc': '2.5d_chiplet'},{'from': 'Chiplet_2', 'to': 'Chiplet_4', 'connection_type': '2.5d_rdl', 'loc': '2.5d_chiplet'},{'from': 'Chiplet_4', 'to': 'Chiplet_3', 'connection_type': '2.5d_rdl', 'loc': '2.5d_chiplet'},{'from': 'Chiplet_4', 'to': 'Chiplet_2', 'connection_type': '2.5d_rdl', 'loc': '2.5d_chiplet'}",1,1,1,1,3,1,ddr4,ucie_std,na,1,0,ws,1,0,0
307,59.612076931819516,6280394.28,206906.28759740875,2334281735.6977606,415325.75758793537,397666.00626764057,307,1.3653681800824635,3.1172648505374996,512,96x96,10,15.436124909546791,15.979573171754398,8192,192x192,14,0.656621759447044,1.3845915837374998,256,64x64,10,2.972908090547913,5.538366334949999,2048,128x128,10,2.55521354,4.475,4096,128x128,7,15.436124909546791,15.979573171754398,8192,192x192,14,2.5d,"{'from': 'Chiplet_2', 'to': 'Chiplet_3', 'connection_type': '2.5d_emib', 'loc': '2.5d_chiplet'},{'from': 'Chiplet_2', 'to': 'Chiplet_6', 'connection_type': '2.5d_emib', 'loc': '2.5d_chiplet'},{'from': 'Chiplet_2', 'to': 'Chiplet_4', 'connection_type': '2.5d_emib', 'loc': '2.5d_chiplet'},{'from': 'Chiplet_4', 'to': 'Chiplet_3', 'connection_type': '2.5d_emib', 'loc': '2.5d_chiplet'},{'from': 'Chiplet_4', 'to': 'Chiplet_2', 'connection_type': '2.5d_emib', 'loc': '2.5d_chiplet'},{'from': 'Chiplet_3', 'to': 'Chiplet_2', 'connection_type': '2.5d_emib', 'loc': '2.5d_chiplet'},{'from': 'Chiplet_3', 'to': 'Chiplet_4', 'connection_type': '2.5d_emib', 'loc': '2.5d_chiplet'},{'from': 'Chiplet_6', 'to': 'Chiplet_5', 'connection_type': '2.5d_emib', 'loc': '2.5d_chiplet'},{'from': 'Chiplet_6', 'to': 'Chiplet_1', 'connection_type': '2.5d_emib', 'loc': '2.5d_chiplet'},{'from': 'Chiplet_6', 'to': 'Chiplet_2', 'connection_type': '2.5d_emib', 'loc': '2.5d_chiplet'},{'from': 'Chiplet_5', 'to': 'Chiplet_1', 'connection_type': '2.5d_emib', 'loc': '2.5d_chiplet'},{'from': 'Chiplet_5', 'to': 'Chiplet_6', 'connection_type': '2.5d_emib', 'loc': '2.5d_chiplet'},{'from': 'Chiplet_1', 'to': 'Chiplet_5', 'connection_type': '2.5d_emib', 'loc': '2.5d_chiplet'},{'from': 'Chiplet_1', 'to': 'Chiplet_6', 'connection_type': '2.5d_emib', 'loc': '2.5d_chiplet'}",1,6,1,1,1,6,hbm2,bow,na,1,0,ws,1,0,0
308,58.03945719610408,5483470.51,187548.81505296397,2195897820.932066,74383.33333333334,104450.12994859522,308,2.6264880905479133,5.538366334949999,1024,128x128,10,1.249405813087535,1.7054115854749998,256,64x64,14,6.033899457366197,12.973514847541198,2048,192x192,10,2.597993382379395,3.8395579270749995,512,96x96,14,6.315940422320179,6.821646341899999,3072,128x128,14,12.799492673176792,15.979573171754398,4096,192x192,14,2.5d,"{'from': 'Chiplet_6', 'to': 'Chiplet_5', 'connection_type': '2.5d_emib', 'loc': '2.5d_chiplet'},{'from': 'Chiplet_6', 'to': 'Chiplet_4', 'connection_type': '2.5d_emib', 'loc': '2.5d_chiplet'},{'from': 'Chiplet_4', 'to': 'Chiplet_5', 'connection_type': '2.5d_emib', 'loc': '2.5d_chiplet'},{'from': 'Chiplet_4', 'to': 'Chiplet_6', 'connection_type': '2.5d_emib', 'loc': '2.5d_chiplet'},{'from': 'Chiplet_4', 'to': 'Chiplet_3', 'connection_type': '2.5d_emib', 'loc': '2.5d_chiplet'},{'from': 'Chiplet_5', 'to': 'Chiplet_3', 'connection_type': '2.5d_emib', 'loc': '2.5d_chiplet'},{'from': 'Chiplet_5', 'to': 'Chiplet_6', 'connection_type': '2.5d_emib', 'loc': '2.5d_chiplet'},{'from': 'Chiplet_5', 'to': 'Chiplet_4', 'connection_type': '2.5d_emib', 'loc': '2.5d_chiplet'},{'from': 'Chiplet_5', 'to': 'Chiplet_2', 'connection_type': '2.5d_emib', 'loc': '2.5d_chiplet'},{'from': 'Chiplet_2', 'to': 'Chiplet_5', 'connection_type': '2.5d_emib', 'loc': '2.5d_chiplet'},{'from': 'Chiplet_2', 'to': 'Chiplet_1', 'connection_type': '2.5d_emib', 'loc': '2.5d_chiplet'},{'from': 'Chiplet_3', 'to': 'Chiplet_5', 'connection_type': '2.5d_emib', 'loc': '2.5d_chiplet'},{'from': 'Chiplet_3', 'to': 'Chiplet_1', 'connection_type': '2.5d_emib', 'loc': '2.5d_chiplet'},{'from': 'Chiplet_3', 'to': 'Chiplet_4', 'connection_type': '2.5d_emib', 'loc': '2.5d_chiplet'},{'from': 'Chiplet_1', 'to': 'Chiplet_3', 'connection_type': '2.5d_emib', 'loc': '2.5d_chiplet'},{'from': 'Chiplet_1', 'to': 'Chiplet_2', 'connection_type': '2.5d_emib', 'loc': '2.5d_chiplet'}",1,1,3,1,3,7,hbm2,aib,na,0,0,ws,0,0,0
309,24.64388368252219,2800331.61,159075.9598747545,2004989686.3193638,76449.88766272384,67389.9140953308,309,0.46559300000000003,1.11875,512,64x64,7,1.4141952089375351,1.7054115854749998,512,64x64,14,2.55521354,4.475,4096,128x128,7,2.55521354,4.475,4096,128x128,7,4.9976252555201786,6.821646341899999,1024,128x128,14,1.5385781800824634,3.1172648505374996,1024,96x96,10,2.5d,"{'from': 'Chiplet_5', 'to': 'Chiplet_3', 'connection_type': '2.5d_emib', 'loc': '2.5d_chiplet'},{'from': 'Chiplet_5', 'to': 'Chiplet_6', 'connection_type': '2.5d_emib', 'loc': '2.5d_chiplet'},{'from': 'Chiplet_6', 'to': 'Chiplet_5', 'connection_type': '2.5d_emib', 'loc': '2.5d_chiplet'},{'from': 'Chiplet_6', 'to': 'Chiplet_3', 'connection_type': '2.5d_emib', 'loc': '2.5d_chiplet'},{'from': 'Chiplet_6', 'to': 'Chiplet_4', 'connection_type': '2.5d_emib', 'loc': '2.5d_chiplet'},{'from': 'Chiplet_3', 'to': 'Chiplet_5', 'connection_type': '2.5d_emib', 'loc': '2.5d_chiplet'},{'from': 'Chiplet_3', 'to': 'Chiplet_6', 'connection_type': '2.5d_emib', 'loc': '2.5d_chiplet'},{'from': 'Chiplet_3', 'to': 'Chiplet_2', 'connection_type': '2.5d_emib', 'loc': '2.5d_chiplet'},{'from': 'Chiplet_3', 'to': 'Chiplet_4', 'connection_type': '2.5d_emib', 'loc': '2.5d_chiplet'},{'from': 'Chiplet_2', 'to': 'Chiplet_3', 'connection_type': '2.5d_emib', 'loc': '2.5d_chiplet'},{'from': 'Chiplet_2', 'to': 'Chiplet_1', 'connection_type': '2.5d_emib', 'loc': '2.5d_chiplet'},{'from': 'Chiplet_4', 'to': 'Chiplet_3', 'connection_type': '2.5d_emib', 'loc': '2.5d_chiplet'},{'from': 'Chiplet_4', 'to': 'Chiplet_1', 'connection_type': '2.5d_emib', 'loc': '2.5d_chiplet'},{'from': 'Chiplet_4', 'to': 'Chiplet_6', 'connection_type': '2.5d_emib', 'loc': '2.5d_chiplet'},{'from': 'Chiplet_1', 'to': 'Chiplet_2', 'connection_type': '2.5d_emib', 'loc': '2.5d_chiplet'},{'from': 'Chiplet_1', 'to': 'Chiplet_4', 'connection_type': '2.5d_emib', 'loc': '2.5d_chiplet'}",1,1,3,3,6,2,hbm3,bow,na,1,0,os,0,0,0
310,10.051998190439514,2080348.72,108391.81287724001,1488710464.894084,117797.7886977887,71875.84781951187,310,0.743226759447044,1.3845915837374998,512,64x64,10,0.552198,1.11875,768,64x64,7,3.432469952,10.4826,2048,192x192,7,1.743774000637535,1.7054115854749998,1024,64x64,14,0.743226759447044,1.3845915837374998,512,64x64,10,2.20879254,4.475,3072,128x128,7,2.5d_3d,"{'from': 'Chiplet_6', 'to': 'Chiplet_1', 'connection_type': '3d_tsv', 'loc': 'stack0_base'},{'from': 'Chiplet_1', 'to': 'Chiplet_5', 'connection_type': '3d_tsv', 'loc': 'stack0_middle1'},{'from': 'Chiplet_5', 'to': 'na', 'connection_type': '3d_tsv', 'loc': 'stack0_top'},{'from': 'Chiplet_3', 'to': 'Chiplet_6', 'connection_type': '2.5d_emib', 'loc': '2.5d_chiplet'},{'from': 'Chiplet_3', 'to': 'Chiplet_4', 'connection_type': '2.5d_emib', 'loc': '2.5d_chiplet'},{'from': 'Chiplet_3', 'to': 'Chiplet_2', 'connection_type': '2.5d_emib', 'loc': '2.5d_chiplet'},{'from': 'Chiplet_2', 'to': 'Chiplet_3', 'connection_type': '2.5d_emib', 'loc': '2.5d_chiplet'},{'from': 'Chiplet_2', 'to': 'Chiplet_4', 'connection_type': '2.5d_emib', 'loc': '2.5d_chiplet'},{'from': 'Chiplet_6', 'to': 'Chiplet_3', 'connection_type': '2.5d_emib', 'loc': '2.5d_chiplet'},{'from': 'Chiplet_6', 'to': 'Chiplet_4', 'connection_type': '2.5d_emib', 'loc': '2.5d_chiplet'},{'from': 'Chiplet_4', 'to': 'Chiplet_3', 'connection_type': '2.5d_emib', 'loc': '2.5d_chiplet'},{'from': 'Chiplet_4', 'to': 'Chiplet_6', 'connection_type': '2.5d_emib', 'loc': '2.5d_chiplet'},{'from': 'Chiplet_4', 'to': 'Chiplet_2', 'connection_type': '2.5d_emib', 'loc': '2.5d_chiplet'}",1,1,6,3,1,4,hbm3,bow,ucie_3d,1,0,is,0,0,0
311,28.497311344674745,4432909.07,84939.56297474114,2243823204.6117525,69206.75675675676,86900.13116552276,311,5.5109919519999995,10.4826,8192,192x192,7,1.7117881800824635,3.1172648505374996,1536,96x96,10,6.726740457366197,12.973514847541198,4096,192x192,10,2.55521354,4.475,4096,128x128,7,1.249405813087535,1.7054115854749998,256,64x64,14,1.3653681800824635,3.1172648505374996,512,96x96,10,2.5d_3d,"{'from': 'Chiplet_4', 'to': 'Chiplet_5', 'connection_type': '3d_u_bump', 'loc': 'stack0_base'},{'from': 'Chiplet_5', 'to': 'na', 'connection_type': '3d_u_bump', 'loc': 'stack0_top'},{'from': 'Chiplet_3', 'to': 'Chiplet_1', 'connection_type': '2.5d_rdl', 'loc': '2.5d_chiplet'},{'from': 'Chiplet_3', 'to': 'Chiplet_2', 'connection_type': '2.5d_rdl', 'loc': '2.5d_chiplet'},{'from': 'Chiplet_3', 'to': 'Chiplet_4', 'connection_type': '2.5d_rdl', 'loc': '2.5d_chiplet'},{'from': 'Chiplet_2', 'to': 'Chiplet_3', 'connection_type': '2.5d_rdl', 'loc': '2.5d_chiplet'},{'from': 'Chiplet_2', 'to': 'Chiplet_4', 'connection_type': '2.5d_rdl', 'loc': '2.5d_chiplet'},{'from': 'Chiplet_1', 'to': 'Chiplet_3', 'connection_type': '2.5d_rdl', 'loc': '2.5d_chiplet'},{'from': 'Chiplet_1', 'to': 'Chiplet_6', 'connection_type': '2.5d_rdl', 'loc': '2.5d_chiplet'},{'from': 'Chiplet_1', 'to': 'Chiplet_4', 'connection_type': '2.5d_rdl', 'loc': '2.5d_chiplet'},{'from': 'Chiplet_4', 'to': 'Chiplet_3', 'connection_type': '2.5d_rdl', 'loc': '2.5d_chiplet'},{'from': 'Chiplet_4', 'to': 'Chiplet_6', 'connection_type': '2.5d_rdl', 'loc': '2.5d_chiplet'},{'from': 'Chiplet_4', 'to': 'Chiplet_1', 'connection_type': '2.5d_rdl', 'loc': '2.5d_chiplet'},{'from': 'Chiplet_4', 'to': 'Chiplet_2', 'connection_type': '2.5d_rdl', 'loc': '2.5d_chiplet'},{'from': 'Chiplet_6', 'to': 'Chiplet_1', 'connection_type': '2.5d_rdl', 'loc': '2.5d_chiplet'},{'from': 'Chiplet_6', 'to': 'Chiplet_4', 'connection_type': '2.5d_rdl', 'loc': '2.5d_chiplet'}",4,2,6,2,1,1,hbm2,ucie_std,ucie_3d,1,0,is,0,0,0
312,20.261130310291037,2659942.3,112833.17921877652,1771264628.0126717,781916.7017422321,329917.64494557545,312,0.552198,1.11875,768,64x64,7,6.315940422320179,6.821646341899999,3072,128x128,14,1.131132696,2.51875,1536,96x96,7,1.4141952089375351,1.7054115854749998,512,64x64,14,1.743774000637535,1.7054115854749998,1024,64x64,14,6.315940422320179,6.821646341899999,3072,128x128,14,2.5d_3d,"{'from': 'Chiplet_5', 'to': 'Chiplet_3', 'connection_type': '3d_tsv', 'loc': 'stack0_base'},{'from': 'Chiplet_3', 'to': 'Chiplet_1', 'connection_type': '3d_tsv', 'loc': 'stack0_middle1'},{'from': 'Chiplet_1', 'to': 'na', 'connection_type': '3d_tsv', 'loc': 'stack0_top'},{'from': 'Chiplet_2', 'to': 'Chiplet_5', 'connection_type': '2.5d_emib', 'loc': '2.5d_chiplet'},{'from': 'Chiplet_2', 'to': 'Chiplet_6', 'connection_type': '2.5d_emib', 'loc': '2.5d_chiplet'},{'from': 'Chiplet_5', 'to': 'Chiplet_2', 'connection_type': '2.5d_emib', 'loc': '2.5d_chiplet'},{'from': 'Chiplet_5', 'to': 'Chiplet_4', 'connection_type': '2.5d_emib', 'loc': '2.5d_chiplet'},{'from': 'Chiplet_6', 'to': 'Chiplet_2', 'connection_type': '2.5d_emib', 'loc': '2.5d_chiplet'},{'from': 'Chiplet_6', 'to': 'Chiplet_4', 'connection_type': '2.5d_emib', 'loc': '2.5d_chiplet'},{'from': 'Chiplet_4', 'to': 'Chiplet_5', 'connection_type': '2.5d_emib', 'loc': '2.5d_chiplet'},{'from': 'Chiplet_4', 'to': 'Chiplet_6', 'connection_type': '2.5d_emib', 'loc': '2.5d_chiplet'}",1,6,1,1,2,5,hbm3,aib,ucie_3d,0,0,os,1,0,0
313,22.9377955453046,3266422.88,171490.70854832817,1437844890.8604023,647517.0554730257,417720.34944050544,313,4.1253109519999995,10.4826,4096,192x192,7,3.5867297574793953,3.8395579270749995,2048,96x96,14,2.927572174079395,3.8395579270749995,1024,96x96,14,1.7117881800824635,3.1172648505374996,1536,96x96,10,3.432469952,10.4826,2048,192x192,7,0.638803,1.11875,1024,64x64,7,2.5d,"{'from': 'Chiplet_1', 'to': 'Chiplet_3', 'connection_type': '2.5d_emib', 'loc': '2.5d_chiplet'},{'from': 'Chiplet_1', 'to': 'Chiplet_6', 'connection_type': '2.5d_emib', 'loc': '2.5d_chiplet'},{'from': 'Chiplet_1', 'to': 'Chiplet_2', 'connection_type': '2.5d_emib', 'loc': '2.5d_chiplet'},{'from': 'Chiplet_3', 'to': 'Chiplet_1', 'connection_type': '2.5d_emib', 'loc': '2.5d_chiplet'},{'from': 'Chiplet_3', 'to': 'Chiplet_6', 'connection_type': '2.5d_emib', 'loc': '2.5d_chiplet'},{'from': 'Chiplet_6', 'to': 'Chiplet_3', 'connection_type': '2.5d_emib', 'loc': '2.5d_chiplet'},{'from': 'Chiplet_6', 'to': 'Chiplet_1', 'connection_type': '2.5d_emib', 'loc': '2.5d_chiplet'},{'from': 'Chiplet_2', 'to': 'Chiplet_5', 'connection_type': '2.5d_emib', 'loc': '2.5d_chiplet'},{'from': 'Chiplet_2', 'to': 'Chiplet_1', 'connection_type': '2.5d_emib', 'loc': '2.5d_chiplet'},{'from': 'Chiplet_2', 'to': 'Chiplet_4', 'connection_type': '2.5d_emib', 'loc': '2.5d_chiplet'},{'from': 'Chiplet_5', 'to': 'Chiplet_2', 'connection_type': '2.5d_emib', 'loc': '2.5d_chiplet'},{'from': 'Chiplet_5', 'to': 'Chiplet_4', 'connection_type': '2.5d_emib', 'loc': '2.5d_chiplet'},{'from': 'Chiplet_4', 'to': 'Chiplet_5', 'connection_type': '2.5d_emib', 'loc': '2.5d_chiplet'},{'from': 'Chiplet_4', 'to': 'Chiplet_2', 'connection_type': '2.5d_emib', 'loc': '2.5d_chiplet'}",4,3,3,2,3,1,hbm3,aib,na,1,0,is,1,0,0
314,14.845860565170112,2097866.23,151187.9639701337,1710096413.2581537,595209.5931195823,259326.16878443887,314,0.378988,1.11875,256,64x64,7,1.7117881800824635,3.1172648505374996,1536,96x96,10,7.419580457366196,12.973514847541198,6144,192x192,10,0.916436759447044,1.3845915837374998,1024,64x64,10,0.378988,1.11875,256,64x64,7,0.552198,1.11875,768,64x64,7,2.5d,"{'from': 'Chiplet_3', 'to': 'Chiplet_2', 'connection_type': '2.5d_emib', 'loc': '2.5d_chiplet'},{'from': 'Chiplet_3', 'to': 'Chiplet_4', 'connection_type': '2.5d_emib', 'loc': '2.5d_chiplet'},{'from': 'Chiplet_2', 'to': 'Chiplet_5', 'connection_type': '2.5d_emib', 'loc': '2.5d_chiplet'},{'from': 'Chiplet_2', 'to': 'Chiplet_3', 'connection_type': '2.5d_emib', 'loc': '2.5d_chiplet'},{'from': 'Chiplet_2', 'to': 'Chiplet_6', 'connection_type': '2.5d_emib', 'loc': '2.5d_chiplet'},{'from': 'Chiplet_2', 'to': 'Chiplet_4', 'connection_type': '2.5d_emib', 'loc': '2.5d_chiplet'},{'from': 'Chiplet_5', 'to': 'Chiplet_6', 'connection_type': '2.5d_emib', 'loc': '2.5d_chiplet'},{'from': 'Chiplet_5', 'to': 'Chiplet_2', 'connection_type': '2.5d_emib', 'loc': '2.5d_chiplet'},{'from': 'Chiplet_4', 'to': 'Chiplet_3', 'connection_type': '2.5d_emib', 'loc': '2.5d_chiplet'},{'from': 'Chiplet_4', 'to': 'Chiplet_1', 'connection_type': '2.5d_emib', 'loc': '2.5d_chiplet'},{'from': 'Chiplet_4', 'to': 'Chiplet_6', 'connection_type': '2.5d_emib', 'loc': '2.5d_chiplet'},{'from': 'Chiplet_4', 'to': 'Chiplet_2', 'connection_type': '2.5d_emib', 'loc': '2.5d_chiplet'},{'from': 'Chiplet_6', 'to': 'Chiplet_5', 'connection_type': '2.5d_emib', 'loc': '2.5d_chiplet'},{'from': 'Chiplet_6', 'to': 'Chiplet_1', 'connection_type': '2.5d_emib', 'loc': '2.5d_chiplet'},{'from': 'Chiplet_6', 'to': 'Chiplet_2', 'connection_type': '2.5d_emib', 'loc': '2.5d_chiplet'},{'from': 'Chiplet_6', 'to': 'Chiplet_4', 'connection_type': '2.5d_emib', 'loc': '2.5d_chiplet'},{'from': 'Chiplet_1', 'to': 'Chiplet_6', 'connection_type': '2.5d_emib', 'loc': '2.5d_chiplet'},{'from': 'Chiplet_1', 'to': 'Chiplet_4', 'connection_type': '2.5d_emib', 'loc': '2.5d_chiplet'}",1,2,10,1,1,1,hbm2,bow,na,1,0,ws,1,0,0
315,52.62384696286889,7025631.82,228885.13982398357,2389427101.2597194,285972.25904214545,344370.2771636431,315,2.6264880905479133,5.538366334949999,1024,128x128,10,1.578984604787535,1.7054115854749998,768,64x64,14,15.436124909546791,15.979573171754398,8192,192x192,14,4.818150952,10.4826,6144,192x192,7,5.5109919519999995,10.4826,8192,192x192,7,8.112421457366196,12.973514847541198,8192,192x192,10,2.5d,"{'from': 'Chiplet_3', 'to': 'Chiplet_5', 'connection_type': '2.5d_emib', 'loc': '2.5d_chiplet'},{'from': 'Chiplet_3', 'to': 'Chiplet_1', 'connection_type': '2.5d_emib', 'loc': '2.5d_chiplet'},{'from': 'Chiplet_3', 'to': 'Chiplet_6', 'connection_type': '2.5d_emib', 'loc': '2.5d_chiplet'},{'from': 'Chiplet_3', 'to': 'Chiplet_2', 'connection_type': '2.5d_emib', 'loc': '2.5d_chiplet'},{'from': 'Chiplet_1', 'to': 'Chiplet_3', 'connection_type': '2.5d_emib', 'loc': '2.5d_chiplet'},{'from': 'Chiplet_1', 'to': 'Chiplet_2', 'connection_type': '2.5d_emib', 'loc': '2.5d_chiplet'},{'from': 'Chiplet_2', 'to': 'Chiplet_3', 'connection_type': '2.5d_emib', 'loc': '2.5d_chiplet'},{'from': 'Chiplet_2', 'to': 'Chiplet_1', 'connection_type': '2.5d_emib', 'loc': '2.5d_chiplet'},{'from': 'Chiplet_6', 'to': 'Chiplet_5', 'connection_type': '2.5d_emib', 'loc': '2.5d_chiplet'},{'from': 'Chiplet_6', 'to': 'Chiplet_3', 'connection_type': '2.5d_emib', 'loc': '2.5d_chiplet'},{'from': 'Chiplet_6', 'to': 'Chiplet_4', 'connection_type': '2.5d_emib', 'loc': '2.5d_chiplet'},{'from': 'Chiplet_5', 'to': 'Chiplet_3', 'connection_type': '2.5d_emib', 'loc': '2.5d_chiplet'},{'from': 'Chiplet_5', 'to': 'Chiplet_6', 'connection_type': '2.5d_emib', 'loc': '2.5d_chiplet'},{'from': 'Chiplet_5', 'to': 'Chiplet_4', 'connection_type': '2.5d_emib', 'loc': '2.5d_chiplet'},{'from': 'Chiplet_4', 'to': 'Chiplet_5', 'connection_type': '2.5d_emib', 'loc': '2.5d_chiplet'},{'from': 'Chiplet_4', 'to': 'Chiplet_6', 'connection_type': '2.5d_emib', 'loc': '2.5d_chiplet'}",1,1,7,2,2,3,hbm2,ucie_adv,na,1,0,ws,1,0,0
316,18.319354139111166,1852045.08,51403.37963522074,5951644235.57988,1348477.4495058605,609253.1592594691,316,0.957922696,2.51875,1024,96x96,7,0.916436759447044,1.3845915837374998,1024,64x64,10,0.916436759447044,1.3845915837374998,1024,64x64,10,1.304342696,2.51875,2048,96x96,7,4.9976252555201786,6.821646341899999,1024,128x128,14,3.665749090547913,5.538366334949999,4096,128x128,10,2.5d,"{'from': 'Chiplet_5', 'to': 'Chiplet_3', 'connection_type': '2.5d_rdl', 'loc': '2.5d_chiplet'},{'from': 'Chiplet_5', 'to': 'Chiplet_6', 'connection_type': '2.5d_rdl', 'loc': '2.5d_chiplet'},{'from': 'Chiplet_5', 'to': 'Chiplet_4', 'connection_type': '2.5d_rdl', 'loc': '2.5d_chiplet'},{'from': 'Chiplet_5', 'to': 'Chiplet_2', 'connection_type': '2.5d_rdl', 'loc': '2.5d_chiplet'},{'from': 'Chiplet_2', 'to': 'Chiplet_5', 'connection_type': '2.5d_rdl', 'loc': '2.5d_chiplet'},{'from': 'Chiplet_2', 'to': 'Chiplet_3', 'connection_type': '2.5d_rdl', 'loc': '2.5d_chiplet'},{'from': 'Chiplet_3', 'to': 'Chiplet_5', 'connection_type': '2.5d_rdl', 'loc': '2.5d_chiplet'},{'from': 'Chiplet_3', 'to': 'Chiplet_2', 'connection_type': '2.5d_rdl', 'loc': '2.5d_chiplet'},{'from': 'Chiplet_6', 'to': 'Chiplet_5', 'connection_type': '2.5d_rdl', 'loc': '2.5d_chiplet'},{'from': 'Chiplet_6', 'to': 'Chiplet_1', 'connection_type': '2.5d_rdl', 'loc': '2.5d_chiplet'},{'from': 'Chiplet_6', 'to': 'Chiplet_4', 'connection_type': '2.5d_rdl', 'loc': '2.5d_chiplet'},{'from': 'Chiplet_4', 'to': 'Chiplet_5', 'connection_type': '2.5d_rdl', 'loc': '2.5d_chiplet'},{'from': 'Chiplet_4', 'to': 'Chiplet_1', 'connection_type': '2.5d_rdl', 'loc': '2.5d_chiplet'},{'from': 'Chiplet_4', 'to': 'Chiplet_6', 'connection_type': '2.5d_rdl', 'loc': '2.5d_chiplet'},{'from': 'Chiplet_1', 'to': 'Chiplet_6', 'connection_type': '2.5d_rdl', 'loc': '2.5d_chiplet'},{'from': 'Chiplet_1', 'to': 'Chiplet_4', 'connection_type': '2.5d_rdl', 'loc': '2.5d_chiplet'}",1,1,1,1,2,2,ddr4,ucie_std,na,1,0,is,1,0,0
317,18.470846058444323,2456916.99,155556.5552567626,1744062218.727251,96537.33562413268,79499.2333233668,317,0.784712696,2.51875,512,96x96,7,3.3193280905479132,5.538366334949999,3072,128x128,10,1.51595254,4.475,1024,128x128,7,2.6264880905479133,5.538366334949999,1024,128x128,10,2.972908090547913,5.538366334949999,2048,128x128,10,1.3653681800824635,3.1172648505374996,512,96x96,10,2.5d,"{'from': 'Chiplet_2', 'to': 'Chiplet_5', 'connection_type': '2.5d_emib', 'loc': '2.5d_chiplet'},{'from': 'Chiplet_2', 'to': 'Chiplet_6', 'connection_type': '2.5d_emib', 'loc': '2.5d_chiplet'},{'from': 'Chiplet_2', 'to': 'Chiplet_3', 'connection_type': '2.5d_emib', 'loc': '2.5d_chiplet'},{'from': 'Chiplet_3', 'to': 'Chiplet_6', 'connection_type': '2.5d_emib', 'loc': '2.5d_chiplet'},{'from': 'Chiplet_3', 'to': 'Chiplet_2', 'connection_type': '2.5d_emib', 'loc': '2.5d_chiplet'},{'from': 'Chiplet_6', 'to': 'Chiplet_3', 'connection_type': '2.5d_emib', 'loc': '2.5d_chiplet'},{'from': 'Chiplet_6', 'to': 'Chiplet_2', 'connection_type': '2.5d_emib', 'loc': '2.5d_chiplet'},{'from': 'Chiplet_5', 'to': 'Chiplet_1', 'connection_type': '2.5d_emib', 'loc': '2.5d_chiplet'},{'from': 'Chiplet_5', 'to': 'Chiplet_2', 'connection_type': '2.5d_emib', 'loc': '2.5d_chiplet'},{'from': 'Chiplet_5', 'to': 'Chiplet_4', 'connection_type': '2.5d_emib', 'loc': '2.5d_chiplet'},{'from': 'Chiplet_4', 'to': 'Chiplet_5', 'connection_type': '2.5d_emib', 'loc': '2.5d_chiplet'},{'from': 'Chiplet_4', 'to': 'Chiplet_1', 'connection_type': '2.5d_emib', 'loc': '2.5d_chiplet'},{'from': 'Chiplet_1', 'to': 'Chiplet_5', 'connection_type': '2.5d_emib', 'loc': '2.5d_chiplet'},{'from': 'Chiplet_1', 'to': 'Chiplet_4', 'connection_type': '2.5d_emib', 'loc': '2.5d_chiplet'}",1,4,2,3,4,2,hbm3,aib,na,1,0,is,0,0,0
318,23.735777327639433,3615305.24,148288.29507480955,1905764659.6337953,217137.77344226727,146489.35996658017,318,3.665749090547913,5.538366334949999,4096,128x128,10,2.927572174079395,3.8395579270749995,1024,96x96,14,1.249405813087535,1.7054115854749998,256,64x64,14,2.927572174079395,3.8395579270749995,1024,96x96,14,1.304342696,2.51875,2048,96x96,7,5.5109919519999995,10.4826,8192,192x192,7,2.5d_3d,"{'from': 'Chiplet_6', 'to': 'Chiplet_2', 'connection_type': '3d_tsv', 'loc': 'stack0_base'},{'from': 'Chiplet_2', 'to': 'na', 'connection_type': '3d_tsv', 'loc': 'stack0_top'},{'from': 'Chiplet_6', 'to': 'Chiplet_5', 'connection_type': '2.5d_emib', 'loc': '2.5d_chiplet'},{'from': 'Chiplet_6', 'to': 'Chiplet_1', 'connection_type': '2.5d_emib', 'loc': '2.5d_chiplet'},{'from': 'Chiplet_6', 'to': 'Chiplet_4', 'connection_type': '2.5d_emib', 'loc': '2.5d_chiplet'},{'from': 'Chiplet_5', 'to': 'Chiplet_6', 'connection_type': '2.5d_emib', 'loc': '2.5d_chiplet'},{'from': 'Chiplet_5', 'to': 'Chiplet_4', 'connection_type': '2.5d_emib', 'loc': '2.5d_chiplet'},{'from': 'Chiplet_1', 'to': 'Chiplet_3', 'connection_type': '2.5d_emib', 'loc': '2.5d_chiplet'},{'from': 'Chiplet_1', 'to': 'Chiplet_6', 'connection_type': '2.5d_emib', 'loc': '2.5d_chiplet'},{'from': 'Chiplet_1', 'to': 'Chiplet_4', 'connection_type': '2.5d_emib', 'loc': '2.5d_chiplet'},{'from': 'Chiplet_4', 'to': 'Chiplet_5', 'connection_type': '2.5d_emib', 'loc': '2.5d_chiplet'},{'from': 'Chiplet_4', 'to': 'Chiplet_1', 'connection_type': '2.5d_emib', 'loc': '2.5d_chiplet'},{'from': 'Chiplet_4', 'to': 'Chiplet_6', 'connection_type': '2.5d_emib', 'loc': '2.5d_chiplet'},{'from': 'Chiplet_4', 'to': 'Chiplet_3', 'connection_type': '2.5d_emib', 'loc': '2.5d_chiplet'},{'from': 'Chiplet_3', 'to': 'Chiplet_1', 'connection_type': '2.5d_emib', 'loc': '2.5d_chiplet'},{'from': 'Chiplet_3', 'to': 'Chiplet_4', 'connection_type': '2.5d_emib', 'loc': '2.5d_chiplet'}",3,3,1,3,1,5,hbm3,ucie_adv,ucie_3d,0,0,os,1,0,0
319,12.79949267317679,3411369.52,133299.2539497971,1693431683.3461857,93892.33739233739,85222.88779773176,319,1.51595254,4.475,1024,128x128,7,1.131132696,2.51875,1536,96x96,7,1.578984604787535,1.7054115854749998,768,64x64,14,12.799492673176792,15.979573171754398,4096,192x192,14,2.972908090547913,5.538366334949999,2048,128x128,10,0.552198,1.11875,768,64x64,7,3d,"{'from': 'Chiplet_4', 'to': 'Chiplet_5', 'connection_type': '3d_u_bump', 'loc': 'stack0_base'},{'from': 'Chiplet_5', 'to': 'Chiplet_3', 'connection_type': '3d_u_bump', 'loc': 'stack0_middle1'},{'from': 'Chiplet_3', 'to': 'Chiplet_1', 'connection_type': '3d_u_bump', 'loc': 'stack0_middle2'},{'from': 'Chiplet_1', 'to': 'Chiplet_2', 'connection_type': '3d_u_bump', 'loc': 'stack0_middle3'},{'from': 'Chiplet_2', 'to': 'Chiplet_6', 'connection_type': '3d_u_bump', 'loc': 'stack0_middle4'},{'from': 'Chiplet_6', 'to': 'na', 'connection_type': '3d_u_bump', 'loc': 'stack0_top'}",1,1,1,10,2,1,hbm3,na,ucie_3d,1,0,is,0,0,0
320,29.910106523971788,2682158.45,67095.36061240055,10277138730.907154,84458.66013071896,230573.0172403891,320,6.315940422320179,6.821646341899999,3072,128x128,14,3.665749090547913,5.538366334949999,4096,128x128,10,2.20879254,4.475,3072,128x128,7,1.578984604787535,1.7054115854749998,768,64x64,14,0.829831759447044,1.3845915837374998,768,64x64,10,4.9976252555201786,6.821646341899999,1024,128x128,14,2.5d,"{'from': 'Chiplet_1', 'to': 'Chiplet_3', 'connection_type': '2.5d_rdl', 'loc': '2.5d_chiplet'},{'from': 'Chiplet_1', 'to': 'Chiplet_6', 'connection_type': '2.5d_rdl', 'loc': '2.5d_chiplet'},{'from': 'Chiplet_1', 'to': 'Chiplet_2', 'connection_type': '2.5d_rdl', 'loc': '2.5d_chiplet'},{'from': 'Chiplet_1', 'to': 'Chiplet_4', 'connection_type': '2.5d_rdl', 'loc': '2.5d_chiplet'},{'from': 'Chiplet_3', 'to': 'Chiplet_1', 'connection_type': '2.5d_rdl', 'loc': '2.5d_chiplet'},{'from': 'Chiplet_3', 'to': 'Chiplet_4', 'connection_type': '2.5d_rdl', 'loc': '2.5d_chiplet'},{'from': 'Chiplet_4', 'to': 'Chiplet_3', 'connection_type': '2.5d_rdl', 'loc': '2.5d_chiplet'},{'from': 'Chiplet_4', 'to': 'Chiplet_1', 'connection_type': '2.5d_rdl', 'loc': '2.5d_chiplet'},{'from': 'Chiplet_6', 'to': 'Chiplet_5', 'connection_type': '2.5d_rdl', 'loc': '2.5d_chiplet'},{'from': 'Chiplet_6', 'to': 'Chiplet_1', 'connection_type': '2.5d_rdl', 'loc': '2.5d_chiplet'},{'from': 'Chiplet_6', 'to': 'Chiplet_2', 'connection_type': '2.5d_rdl', 'loc': '2.5d_chiplet'},{'from': 'Chiplet_2', 'to': 'Chiplet_5', 'connection_type': '2.5d_rdl', 'loc': '2.5d_chiplet'},{'from': 'Chiplet_2', 'to': 'Chiplet_1', 'connection_type': '2.5d_rdl', 'loc': '2.5d_chiplet'},{'from': 'Chiplet_2', 'to': 'Chiplet_6', 'connection_type': '2.5d_rdl', 'loc': '2.5d_chiplet'},{'from': 'Chiplet_5', 'to': 'Chiplet_6', 'connection_type': '2.5d_rdl', 'loc': '2.5d_chiplet'},{'from': 'Chiplet_5', 'to': 'Chiplet_2', 'connection_type': '2.5d_rdl', 'loc': '2.5d_chiplet'}",2,1,1,1,1,2,ddr4,ucie_std,na,1,0,os,0,0,0
321,33.7892982667775,3129024.74,81803.47192540084,6492048254.947239,107858.98251192369,190497.4884041598,321,3.3193280905479132,5.538366334949999,3072,128x128,10,12.799492673176792,15.979573171754398,4096,192x192,14,3.5867297574793953,3.8395579270749995,2048,96x96,14,2.597993382379395,3.8395579270749995,512,96x96,14,0.552198,1.11875,768,64x64,7,2.6264880905479133,5.538366334949999,1024,128x128,10,2.5d,"{'from': 'Chiplet_2', 'to': 'Chiplet_3', 'connection_type': '2.5d_rdl', 'loc': '2.5d_chiplet'},{'from': 'Chiplet_2', 'to': 'Chiplet_1', 'connection_type': '2.5d_rdl', 'loc': '2.5d_chiplet'},{'from': 'Chiplet_3', 'to': 'Chiplet_1', 'connection_type': '2.5d_rdl', 'loc': '2.5d_chiplet'},{'from': 'Chiplet_3', 'to': 'Chiplet_2', 'connection_type': '2.5d_rdl', 'loc': '2.5d_chiplet'},{'from': 'Chiplet_3', 'to': 'Chiplet_4', 'connection_type': '2.5d_rdl', 'loc': '2.5d_chiplet'},{'from': 'Chiplet_4', 'to': 'Chiplet_3', 'connection_type': '2.5d_rdl', 'loc': '2.5d_chiplet'},{'from': 'Chiplet_4', 'to': 'Chiplet_6', 'connection_type': '2.5d_rdl', 'loc': '2.5d_chiplet'},{'from': 'Chiplet_1', 'to': 'Chiplet_5', 'connection_type': '2.5d_rdl', 'loc': '2.5d_chiplet'},{'from': 'Chiplet_1', 'to': 'Chiplet_6', 'connection_type': '2.5d_rdl', 'loc': '2.5d_chiplet'},{'from': 'Chiplet_1', 'to': 'Chiplet_2', 'connection_type': '2.5d_rdl', 'loc': '2.5d_chiplet'},{'from': 'Chiplet_1', 'to': 'Chiplet_3', 'connection_type': '2.5d_rdl', 'loc': '2.5d_chiplet'},{'from': 'Chiplet_6', 'to': 'Chiplet_5', 'connection_type': '2.5d_rdl', 'loc': '2.5d_chiplet'},{'from': 'Chiplet_6', 'to': 'Chiplet_1', 'connection_type': '2.5d_rdl', 'loc': '2.5d_chiplet'},{'from': 'Chiplet_6', 'to': 'Chiplet_4', 'connection_type': '2.5d_rdl', 'loc': '2.5d_chiplet'},{'from': 'Chiplet_5', 'to': 'Chiplet_1', 'connection_type': '2.5d_rdl', 'loc': '2.5d_chiplet'},{'from': 'Chiplet_5', 'to': 'Chiplet_6', 'connection_type': '2.5d_rdl', 'loc': '2.5d_chiplet'}",1,3,1,1,1,1,ddr4,ucie_std,na,1,0,is,0,0,0
322,49.92461161063619,5480065.68,217578.0958745725,7092996947.607323,48948.17170111288,179725.0127764846,322,12.799492673176792,15.979573171754398,4096,192x192,14,1.8849981800824636,3.1172648505374996,2048,96x96,10,4.1253109519999995,10.4826,4096,192x192,7,8.112421457366196,12.973514847541198,8192,192x192,10,1.4141952089375351,1.7054115854749998,512,64x64,14,5.5109919519999995,10.4826,8192,192x192,7,2.5d,"{'from': 'Chiplet_1', 'to': 'Chiplet_3', 'connection_type': '2.5d_emib', 'loc': '2.5d_chiplet'},{'from': 'Chiplet_1', 'to': 'Chiplet_6', 'connection_type': '2.5d_emib', 'loc': '2.5d_chiplet'},{'from': 'Chiplet_1', 'to': 'Chiplet_4', 'connection_type': '2.5d_emib', 'loc': '2.5d_chiplet'},{'from': 'Chiplet_3', 'to': 'Chiplet_1', 'connection_type': '2.5d_emib', 'loc': '2.5d_chiplet'},{'from': 'Chiplet_3', 'to': 'Chiplet_6', 'connection_type': '2.5d_emib', 'loc': '2.5d_chiplet'},{'from': 'Chiplet_4', 'to': 'Chiplet_1', 'connection_type': '2.5d_emib', 'loc': '2.5d_chiplet'},{'from': 'Chiplet_4', 'to': 'Chiplet_6', 'connection_type': '2.5d_emib', 'loc': '2.5d_chiplet'},{'from': 'Chiplet_4', 'to': 'Chiplet_2', 'connection_type': '2.5d_emib', 'loc': '2.5d_chiplet'},{'from': 'Chiplet_6', 'to': 'Chiplet_5', 'connection_type': '2.5d_emib', 'loc': '2.5d_chiplet'},{'from': 'Chiplet_6', 'to': 'Chiplet_1', 'connection_type': '2.5d_emib', 'loc': '2.5d_chiplet'},{'from': 'Chiplet_6', 'to': 'Chiplet_2', 'connection_type': '2.5d_emib', 'loc': '2.5d_chiplet'},{'from': 'Chiplet_6', 'to': 'Chiplet_4', 'connection_type': '2.5d_emib', 'loc': '2.5d_chiplet'},{'from': 'Chiplet_6', 'to': 'Chiplet_3', 'connection_type': '2.5d_emib', 'loc': '2.5d_chiplet'},{'from': 'Chiplet_2', 'to': 'Chiplet_5', 'connection_type': '2.5d_emib', 'loc': '2.5d_chiplet'},{'from': 'Chiplet_2', 'to': 'Chiplet_6', 'connection_type': '2.5d_emib', 'loc': '2.5d_chiplet'},{'from': 'Chiplet_2', 'to': 'Chiplet_4', 'connection_type': '2.5d_emib', 'loc': '2.5d_chiplet'},{'from': 'Chiplet_5', 'to': 'Chiplet_6', 'connection_type': '2.5d_emib', 'loc': '2.5d_chiplet'},{'from': 'Chiplet_5', 'to': 'Chiplet_2', 'connection_type': '2.5d_emib', 'loc': '2.5d_chiplet'}",3,1,1,1,1,1,ddr4,aib,na,0,0,os,0,0,0
323,12.243296551747731,2552979.54,62153.23070440771,2201528764.2337346,47805.0,61481.19954179948,323,0.957922696,2.51875,1024,96x96,7,1.249405813087535,1.7054115854749998,256,64x64,14,0.957922696,2.51875,1024,96x96,7,0.638803,1.11875,1024,64x64,7,4.818150952,10.4826,6144,192x192,7,2.6264880905479133,5.538366334949999,1024,128x128,10,2.5d_3d,"{'from': 'Chiplet_5', 'to': 'Chiplet_3', 'connection_type': '3d_u_bump', 'loc': 'stack0_base'},{'from': 'Chiplet_3', 'to': 'Chiplet_1', 'connection_type': '3d_u_bump', 'loc': 'stack0_middle1'},{'from': 'Chiplet_1', 'to': 'Chiplet_4', 'connection_type': '3d_u_bump', 'loc': 'stack0_middle2'},{'from': 'Chiplet_4', 'to': 'na', 'connection_type': '3d_u_bump', 'loc': 'stack0_top'},{'from': 'Chiplet_5', 'to': 'Chiplet_6', 'connection_type': '2.5d_rdl', 'loc': '2.5d_chiplet'},{'from': 'Chiplet_5', 'to': 'Chiplet_2', 'connection_type': '2.5d_rdl', 'loc': '2.5d_chiplet'},{'from': 'Chiplet_6', 'to': 'Chiplet_5', 'connection_type': '2.5d_rdl', 'loc': '2.5d_chiplet'},{'from': 'Chiplet_6', 'to': 'Chiplet_2', 'connection_type': '2.5d_rdl', 'loc': '2.5d_chiplet'},{'from': 'Chiplet_2', 'to': 'Chiplet_5', 'connection_type': '2.5d_rdl', 'loc': '2.5d_chiplet'},{'from': 'Chiplet_2', 'to': 'Chiplet_6', 'connection_type': '2.5d_rdl', 'loc': '2.5d_chiplet'}",1,2,1,1,7,4,hbm2,ucie_std,ucie_3d,0,0,os,0,0,0
324,59.80002730429268,5722428.81,137809.78876628107,6887085900.226515,97483.23529411765,239314.87953902263,324,4.1253109519999995,10.4826,4096,192x192,7,11.481175603606792,15.979573171754398,2048,192x192,14,1.7117881800824635,3.1172648505374996,1536,96x96,10,4.1253109519999995,10.4826,4096,192x192,7,5.656782838920179,6.821646341899999,2048,128x128,14,14.117807839976791,15.979573171754398,6144,192x192,14,2.5d,"{'from': 'Chiplet_6', 'to': 'Chiplet_5', 'connection_type': '2.5d_rdl', 'loc': '2.5d_chiplet'},{'from': 'Chiplet_6', 'to': 'Chiplet_1', 'connection_type': '2.5d_rdl', 'loc': '2.5d_chiplet'},{'from': 'Chiplet_6', 'to': 'Chiplet_2', 'connection_type': '2.5d_rdl', 'loc': '2.5d_chiplet'},{'from': 'Chiplet_6', 'to': 'Chiplet_3', 'connection_type': '2.5d_rdl', 'loc': '2.5d_chiplet'},{'from': 'Chiplet_1', 'to': 'Chiplet_3', 'connection_type': '2.5d_rdl', 'loc': '2.5d_chiplet'},{'from': 'Chiplet_1', 'to': 'Chiplet_6', 'connection_type': '2.5d_rdl', 'loc': '2.5d_chiplet'},{'from': 'Chiplet_3', 'to': 'Chiplet_1', 'connection_type': '2.5d_rdl', 'loc': '2.5d_chiplet'},{'from': 'Chiplet_3', 'to': 'Chiplet_6', 'connection_type': '2.5d_rdl', 'loc': '2.5d_chiplet'},{'from': 'Chiplet_2', 'to': 'Chiplet_5', 'connection_type': '2.5d_rdl', 'loc': '2.5d_chiplet'},{'from': 'Chiplet_2', 'to': 'Chiplet_6', 'connection_type': '2.5d_rdl', 'loc': '2.5d_chiplet'},{'from': 'Chiplet_2', 'to': 'Chiplet_4', 'connection_type': '2.5d_rdl', 'loc': '2.5d_chiplet'},{'from': 'Chiplet_5', 'to': 'Chiplet_6', 'connection_type': '2.5d_rdl', 'loc': '2.5d_chiplet'},{'from': 'Chiplet_5', 'to': 'Chiplet_4', 'connection_type': '2.5d_rdl', 'loc': '2.5d_chiplet'},{'from': 'Chiplet_5', 'to': 'Chiplet_2', 'connection_type': '2.5d_rdl', 'loc': '2.5d_chiplet'},{'from': 'Chiplet_4', 'to': 'Chiplet_5', 'connection_type': '2.5d_rdl', 'loc': '2.5d_chiplet'},{'from': 'Chiplet_4', 'to': 'Chiplet_2', 'connection_type': '2.5d_rdl', 'loc': '2.5d_chiplet'}",1,2,1,1,1,2,ddr4,ucie_std,na,0,0,is,0,0,0
325,15.231654572850815,2284218.65,155380.6150359625,1653059054.2880068,73036.66666666667,67064.46313508862,325,6.033899457366197,12.973514847541198,2048,192x192,10,0.784712696,2.51875,512,96x96,7,1.578984604787535,1.7054115854749998,768,64x64,14,1.3653681800824635,3.1172648505374996,512,96x96,10,0.957922696,2.51875,1024,96x96,7,1.51595254,4.475,1024,128x128,7,2.5d,"{'from': 'Chiplet_1', 'to': 'Chiplet_3', 'connection_type': '2.5d_emib', 'loc': '2.5d_chiplet'},{'from': 'Chiplet_1', 'to': 'Chiplet_6', 'connection_type': '2.5d_emib', 'loc': '2.5d_chiplet'},{'from': 'Chiplet_3', 'to': 'Chiplet_5', 'connection_type': '2.5d_emib', 'loc': '2.5d_chiplet'},{'from': 'Chiplet_3', 'to': 'Chiplet_1', 'connection_type': '2.5d_emib', 'loc': '2.5d_chiplet'},{'from': 'Chiplet_3', 'to': 'Chiplet_2', 'connection_type': '2.5d_emib', 'loc': '2.5d_chiplet'},{'from': 'Chiplet_3', 'to': 'Chiplet_6', 'connection_type': '2.5d_emib', 'loc': '2.5d_chiplet'},{'from': 'Chiplet_5', 'to': 'Chiplet_3', 'connection_type': '2.5d_emib', 'loc': '2.5d_chiplet'},{'from': 'Chiplet_5', 'to': 'Chiplet_2', 'connection_type': '2.5d_emib', 'loc': '2.5d_chiplet'},{'from': 'Chiplet_2', 'to': 'Chiplet_5', 'connection_type': '2.5d_emib', 'loc': '2.5d_chiplet'},{'from': 'Chiplet_2', 'to': 'Chiplet_3', 'connection_type': '2.5d_emib', 'loc': '2.5d_chiplet'},{'from': 'Chiplet_2', 'to': 'Chiplet_4', 'connection_type': '2.5d_emib', 'loc': '2.5d_chiplet'},{'from': 'Chiplet_6', 'to': 'Chiplet_3', 'connection_type': '2.5d_emib', 'loc': '2.5d_chiplet'},{'from': 'Chiplet_6', 'to': 'Chiplet_1', 'connection_type': '2.5d_emib', 'loc': '2.5d_chiplet'},{'from': 'Chiplet_6', 'to': 'Chiplet_4', 'connection_type': '2.5d_emib', 'loc': '2.5d_chiplet'},{'from': 'Chiplet_4', 'to': 'Chiplet_6', 'connection_type': '2.5d_emib', 'loc': '2.5d_chiplet'},{'from': 'Chiplet_4', 'to': 'Chiplet_2', 'connection_type': '2.5d_emib', 'loc': '2.5d_chiplet'}",8,1,2,2,1,2,hbm2,bow,na,1,0,ws,0,0,0
326,24.031763518112424,5807250.11,123402.06457099481,2361786357.065022,57278.0,106514.39712614875,326,4.1253109519999995,10.4826,4096,192x192,7,0.784712696,2.51875,512,96x96,7,8.112421457366196,12.973514847541198,8192,192x192,10,7.419580457366196,12.973514847541198,6144,192x192,10,3.432469952,10.4826,2048,192x192,7,4.818150952,10.4826,6144,192x192,7,2.5d_3d,"{'from': 'Chiplet_4', 'to': 'Chiplet_6', 'connection_type': '3d_tsv', 'loc': 'stack0_base'},{'from': 'Chiplet_6', 'to': 'Chiplet_1', 'connection_type': '3d_tsv', 'loc': 'stack0_middle1'},{'from': 'Chiplet_1', 'to': 'Chiplet_2', 'connection_type': '3d_tsv', 'loc': 'stack0_middle2'},{'from': 'Chiplet_2', 'to': 'na', 'connection_type': '3d_tsv', 'loc': 'stack0_top'},{'from': 'Chiplet_3', 'to': 'Chiplet_5', 'connection_type': '2.5d_rdl', 'loc': '2.5d_chiplet'},{'from': 'Chiplet_3', 'to': 'Chiplet_4', 'connection_type': '2.5d_rdl', 'loc': '2.5d_chiplet'},{'from': 'Chiplet_4', 'to': 'Chiplet_5', 'connection_type': '2.5d_rdl', 'loc': '2.5d_chiplet'},{'from': 'Chiplet_4', 'to': 'Chiplet_3', 'connection_type': '2.5d_rdl', 'loc': '2.5d_chiplet'},{'from': 'Chiplet_5', 'to': 'Chiplet_3', 'connection_type': '2.5d_rdl', 'loc': '2.5d_chiplet'},{'from': 'Chiplet_5', 'to': 'Chiplet_4', 'connection_type': '2.5d_rdl', 'loc': '2.5d_chiplet'}",2,1,4,4,2,3,hbm2,ucie_std,ucie_3d,1,0,ws,0,0,0
327,11.651773065676654,1358196.28,137045.4343986474,2000971325.939073,148502.89323553382,70152.96643572576,327,0.784712696,2.51875,512,96x96,7,3.5867297574793953,3.8395579270749995,2048,96x96,14,0.829831759447044,1.3845915837374998,768,64x64,10,1.743774000637535,1.7054115854749998,1024,64x64,14,0.829831759447044,1.3845915837374998,768,64x64,10,0.829831759447044,1.3845915837374998,768,64x64,10,2.5d,"{'from': 'Chiplet_2', 'to': 'Chiplet_3', 'connection_type': '2.5d_emib', 'loc': '2.5d_chiplet'},{'from': 'Chiplet_2', 'to': 'Chiplet_1', 'connection_type': '2.5d_emib', 'loc': '2.5d_chiplet'},{'from': 'Chiplet_2', 'to': 'Chiplet_4', 'connection_type': '2.5d_emib', 'loc': '2.5d_chiplet'},{'from': 'Chiplet_1', 'to': 'Chiplet_3', 'connection_type': '2.5d_emib', 'loc': '2.5d_chiplet'},{'from': 'Chiplet_1', 'to': 'Chiplet_6', 'connection_type': '2.5d_emib', 'loc': '2.5d_chiplet'},{'from': 'Chiplet_1', 'to': 'Chiplet_2', 'connection_type': '2.5d_emib', 'loc': '2.5d_chiplet'},{'from': 'Chiplet_4', 'to': 'Chiplet_5', 'connection_type': '2.5d_emib', 'loc': '2.5d_chiplet'},{'from': 'Chiplet_4', 'to': 'Chiplet_3', 'connection_type': '2.5d_emib', 'loc': '2.5d_chiplet'},{'from': 'Chiplet_4', 'to': 'Chiplet_2', 'connection_type': '2.5d_emib', 'loc': '2.5d_chiplet'},{'from': 'Chiplet_3', 'to': 'Chiplet_5', 'connection_type': '2.5d_emib', 'loc': '2.5d_chiplet'},{'from': 'Chiplet_3', 'to': 'Chiplet_1', 'connection_type': '2.5d_emib', 'loc': '2.5d_chiplet'},{'from': 'Chiplet_3', 'to': 'Chiplet_2', 'connection_type': '2.5d_emib', 'loc': '2.5d_chiplet'},{'from': 'Chiplet_3', 'to': 'Chiplet_4', 'connection_type': '2.5d_emib', 'loc': '2.5d_chiplet'},{'from': 'Chiplet_3', 'to': 'Chiplet_6', 'connection_type': '2.5d_emib', 'loc': '2.5d_chiplet'},{'from': 'Chiplet_6', 'to': 'Chiplet_5', 'connection_type': '2.5d_emib', 'loc': '2.5d_chiplet'},{'from': 'Chiplet_6', 'to': 'Chiplet_1', 'connection_type': '2.5d_emib', 'loc': '2.5d_chiplet'},{'from': 'Chiplet_6', 'to': 'Chiplet_3', 'connection_type': '2.5d_emib', 'loc': '2.5d_chiplet'},{'from': 'Chiplet_5', 'to': 'Chiplet_3', 'connection_type': '2.5d_emib', 'loc': '2.5d_chiplet'},{'from': 'Chiplet_5', 'to': 'Chiplet_6', 'connection_type': '2.5d_emib', 'loc': '2.5d_chiplet'},{'from': 'Chiplet_5', 'to': 'Chiplet_4', 'connection_type': '2.5d_emib', 'loc': '2.5d_chiplet'}",1,7,2,3,2,1,hbm3,ucie_adv,na,0,0,os,0,0,0
328,44.70613395791973,4655323.43,200706.78671131888,5245204336.758417,97364.6251018745,182994.75459913776,328,3.3193280905479132,5.538366334949999,3072,128x128,10,14.117807839976791,15.979573171754398,6144,192x192,14,7.419580457366196,12.973514847541198,6144,192x192,10,2.927572174079395,3.8395579270749995,1024,96x96,14,3.665749090547913,5.538366334949999,4096,128x128,10,1.86237254,4.475,2048,128x128,7,2.5d,"{'from': 'Chiplet_2', 'to': 'Chiplet_5', 'connection_type': '2.5d_emib', 'loc': '2.5d_chiplet'},{'from': 'Chiplet_2', 'to': 'Chiplet_3', 'connection_type': '2.5d_emib', 'loc': '2.5d_chiplet'},{'from': 'Chiplet_2', 'to': 'Chiplet_4', 'connection_type': '2.5d_emib', 'loc': '2.5d_chiplet'},{'from': 'Chiplet_4', 'to': 'Chiplet_5', 'connection_type': '2.5d_emib', 'loc': '2.5d_chiplet'},{'from': 'Chiplet_4', 'to': 'Chiplet_2', 'connection_type': '2.5d_emib', 'loc': '2.5d_chiplet'},{'from': 'Chiplet_3', 'to': 'Chiplet_5', 'connection_type': '2.5d_emib', 'loc': '2.5d_chiplet'},{'from': 'Chiplet_3', 'to': 'Chiplet_1', 'connection_type': '2.5d_emib', 'loc': '2.5d_chiplet'},{'from': 'Chiplet_3', 'to': 'Chiplet_2', 'connection_type': '2.5d_emib', 'loc': '2.5d_chiplet'},{'from': 'Chiplet_5', 'to': 'Chiplet_1', 'connection_type': '2.5d_emib', 'loc': '2.5d_chiplet'},{'from': 'Chiplet_5', 'to': 'Chiplet_2', 'connection_type': '2.5d_emib', 'loc': '2.5d_chiplet'},{'from': 'Chiplet_5', 'to': 'Chiplet_4', 'connection_type': '2.5d_emib', 'loc': '2.5d_chiplet'},{'from': 'Chiplet_5', 'to': 'Chiplet_6', 'connection_type': '2.5d_emib', 'loc': '2.5d_chiplet'},{'from': 'Chiplet_5', 'to': 'Chiplet_3', 'connection_type': '2.5d_emib', 'loc': '2.5d_chiplet'},{'from': 'Chiplet_1', 'to': 'Chiplet_5', 'connection_type': '2.5d_emib', 'loc': '2.5d_chiplet'},{'from': 'Chiplet_1', 'to': 'Chiplet_6', 'connection_type': '2.5d_emib', 'loc': '2.5d_chiplet'},{'from': 'Chiplet_1', 'to': 'Chiplet_3', 'connection_type': '2.5d_emib', 'loc': '2.5d_chiplet'},{'from': 'Chiplet_6', 'to': 'Chiplet_5', 'connection_type': '2.5d_emib', 'loc': '2.5d_chiplet'},{'from': 'Chiplet_6', 'to': 'Chiplet_1', 'connection_type': '2.5d_emib', 'loc': '2.5d_chiplet'}",1,3,1,1,1,1,ddr5,ucie_adv,na,0,0,is,0,0,0
329,27.486110678277768,3379912.36,89445.09220478954,4749591715.695176,53534.9414561141,123055.1606688976,329,5.656782838920179,6.821646341899999,2048,128x128,14,2.55521354,4.475,4096,128x128,7,5.5109919519999995,10.4826,8192,192x192,7,2.6264880905479133,5.538366334949999,1024,128x128,10,1.86237254,4.475,2048,128x128,7,1.51595254,4.475,1024,128x128,7,2.5d,"{'from': 'Chiplet_1', 'to': 'Chiplet_3', 'connection_type': '2.5d_rdl', 'loc': '2.5d_chiplet'},{'from': 'Chiplet_1', 'to': 'Chiplet_6', 'connection_type': '2.5d_rdl', 'loc': '2.5d_chiplet'},{'from': 'Chiplet_1', 'to': 'Chiplet_2', 'connection_type': '2.5d_rdl', 'loc': '2.5d_chiplet'},{'from': 'Chiplet_2', 'to': 'Chiplet_1', 'connection_type': '2.5d_rdl', 'loc': '2.5d_chiplet'},{'from': 'Chiplet_2', 'to': 'Chiplet_6', 'connection_type': '2.5d_rdl', 'loc': '2.5d_chiplet'},{'from': 'Chiplet_6', 'to': 'Chiplet_1', 'connection_type': '2.5d_rdl', 'loc': '2.5d_chiplet'},{'from': 'Chiplet_6', 'to': 'Chiplet_2', 'connection_type': '2.5d_rdl', 'loc': '2.5d_chiplet'},{'from': 'Chiplet_3', 'to': 'Chiplet_5', 'connection_type': '2.5d_rdl', 'loc': '2.5d_chiplet'},{'from': 'Chiplet_3', 'to': 'Chiplet_1', 'connection_type': '2.5d_rdl', 'loc': '2.5d_chiplet'},{'from': 'Chiplet_3', 'to': 'Chiplet_4', 'connection_type': '2.5d_rdl', 'loc': '2.5d_chiplet'},{'from': 'Chiplet_4', 'to': 'Chiplet_5', 'connection_type': '2.5d_rdl', 'loc': '2.5d_chiplet'},{'from': 'Chiplet_4', 'to': 'Chiplet_3', 'connection_type': '2.5d_rdl', 'loc': '2.5d_chiplet'},{'from': 'Chiplet_5', 'to': 'Chiplet_3', 'connection_type': '2.5d_rdl', 'loc': '2.5d_chiplet'},{'from': 'Chiplet_5', 'to': 'Chiplet_4', 'connection_type': '2.5d_rdl', 'loc': '2.5d_chiplet'}",2,1,2,1,1,1,ddr5,ucie_std,na,1,0,ws,0,0,0
330,7.514482990319543,1463248.07,37503.52359730286,2007127337.0336237,306977.608537633,115168.15958932898,330,1.7117881800824635,3.1172648505374996,1536,96x96,10,1.743774000637535,1.7054115854749998,1024,64x64,14,0.784712696,2.51875,512,96x96,7,1.743774000637535,1.7054115854749998,1024,64x64,14,1.8849981800824636,3.1172648505374996,2048,96x96,10,1.578984604787535,1.7054115854749998,768,64x64,14,2.5d_3d,"{'from': 'Chiplet_4', 'to': 'Chiplet_2', 'connection_type': '3d_hyb_bond', 'loc': 'stack0_base'},{'from': 'Chiplet_2', 'to': 'Chiplet_1', 'connection_type': '3d_hyb_bond', 'loc': 'stack0_middle1'},{'from': 'Chiplet_1', 'to': 'na', 'connection_type': '3d_hyb_bond', 'loc': 'stack0_top'},{'from': 'Chiplet_5', 'to': 'Chiplet_3', 'connection_type': '2.5d_rdl', 'loc': '2.5d_chiplet'},{'from': 'Chiplet_5', 'to': 'Chiplet_4', 'connection_type': '2.5d_rdl', 'loc': '2.5d_chiplet'},{'from': 'Chiplet_3', 'to': 'Chiplet_5', 'connection_type': '2.5d_rdl', 'loc': '2.5d_chiplet'},{'from': 'Chiplet_3', 'to': 'Chiplet_6', 'connection_type': '2.5d_rdl', 'loc': '2.5d_chiplet'},{'from': 'Chiplet_4', 'to': 'Chiplet_5', 'connection_type': '2.5d_rdl', 'loc': '2.5d_chiplet'},{'from': 'Chiplet_4', 'to': 'Chiplet_6', 'connection_type': '2.5d_rdl', 'loc': '2.5d_chiplet'},{'from': 'Chiplet_6', 'to': 'Chiplet_3', 'connection_type': '2.5d_rdl', 'loc': '2.5d_chiplet'},{'from': 'Chiplet_6', 'to': 'Chiplet_4', 'connection_type': '2.5d_rdl', 'loc': '2.5d_chiplet'}",3,3,1,3,3,3,hbm3,ucie_std,ucie_3d,0,0,is,0,0,0
331,27.851997353200925,2355077.85,59273.51009761553,10175713329.244858,203260.3267973856,271156.213677597,331,6.315940422320179,6.821646341899999,3072,128x128,14,3.5867297574793953,3.8395579270749995,2048,96x96,14,1.304342696,2.51875,2048,96x96,7,1.8849981800824636,3.1172648505374996,2048,96x96,10,1.51595254,4.475,1024,128x128,7,1.743774000637535,1.7054115854749998,1024,64x64,14,2.5d,"{'from': 'Chiplet_1', 'to': 'Chiplet_5', 'connection_type': '2.5d_rdl', 'loc': '2.5d_chiplet'},{'from': 'Chiplet_1', 'to': 'Chiplet_2', 'connection_type': '2.5d_rdl', 'loc': '2.5d_chiplet'},{'from': 'Chiplet_5', 'to': 'Chiplet_1', 'connection_type': '2.5d_rdl', 'loc': '2.5d_chiplet'},{'from': 'Chiplet_5', 'to': 'Chiplet_2', 'connection_type': '2.5d_rdl', 'loc': '2.5d_chiplet'},{'from': 'Chiplet_2', 'to': 'Chiplet_5', 'connection_type': '2.5d_rdl', 'loc': '2.5d_chiplet'},{'from': 'Chiplet_2', 'to': 'Chiplet_1', 'connection_type': '2.5d_rdl', 'loc': '2.5d_chiplet'},{'from': 'Chiplet_2', 'to': 'Chiplet_6', 'connection_type': '2.5d_rdl', 'loc': '2.5d_chiplet'},{'from': 'Chiplet_2', 'to': 'Chiplet_4', 'connection_type': '2.5d_rdl', 'loc': '2.5d_chiplet'},{'from': 'Chiplet_2', 'to': 'Chiplet_3', 'connection_type': '2.5d_rdl', 'loc': '2.5d_chiplet'},{'from': 'Chiplet_3', 'to': 'Chiplet_6', 'connection_type': '2.5d_rdl', 'loc': '2.5d_chiplet'},{'from': 'Chiplet_3', 'to': 'Chiplet_2', 'connection_type': '2.5d_rdl', 'loc': '2.5d_chiplet'},{'from': 'Chiplet_4', 'to': 'Chiplet_6', 'connection_type': '2.5d_rdl', 'loc': '2.5d_chiplet'},{'from': 'Chiplet_4', 'to': 'Chiplet_2', 'connection_type': '2.5d_rdl', 'loc': '2.5d_chiplet'},{'from': 'Chiplet_6', 'to': 'Chiplet_3', 'connection_type': '2.5d_rdl', 'loc': '2.5d_chiplet'},{'from': 'Chiplet_6', 'to': 'Chiplet_2', 'connection_type': '2.5d_rdl', 'loc': '2.5d_chiplet'},{'from': 'Chiplet_6', 'to': 'Chiplet_4', 'connection_type': '2.5d_rdl', 'loc': '2.5d_chiplet'}",3,1,1,1,1,1,ddr4,ucie_std,na,0,0,ws,0,0,0
332,12.663171814081942,2786129.81,79203.59459018696,4262373845.2183065,400377.4693878849,323124.7178235347,332,0.957922696,2.51875,1024,96x96,7,3.665749090547913,5.538366334949999,4096,128x128,10,4.1253109519999995,10.4826,4096,192x192,7,0.46559300000000003,1.11875,512,64x64,7,4.1253109519999995,10.4826,4096,192x192,7,1.3653681800824635,3.1172648505374996,512,96x96,10,2.5d_3d,"{'from': 'Chiplet_3', 'to': 'Chiplet_2', 'connection_type': '3d_u_bump', 'loc': 'stack0_base'},{'from': 'Chiplet_2', 'to': 'Chiplet_1', 'connection_type': '3d_u_bump', 'loc': 'stack0_middle1'},{'from': 'Chiplet_1', 'to': 'Chiplet_4', 'connection_type': '3d_u_bump', 'loc': 'stack0_middle2'},{'from': 'Chiplet_4', 'to': 'na', 'connection_type': '3d_u_bump', 'loc': 'stack0_top'},{'from': 'Chiplet_3', 'to': 'Chiplet_5', 'connection_type': '2.5d_rdl', 'loc': '2.5d_chiplet'},{'from': 'Chiplet_3', 'to': 'Chiplet_6', 'connection_type': '2.5d_rdl', 'loc': '2.5d_chiplet'},{'from': 'Chiplet_6', 'to': 'Chiplet_5', 'connection_type': '2.5d_rdl', 'loc': '2.5d_chiplet'},{'from': 'Chiplet_6', 'to': 'Chiplet_3', 'connection_type': '2.5d_rdl', 'loc': '2.5d_chiplet'},{'from': 'Chiplet_5', 'to': 'Chiplet_3', 'connection_type': '2.5d_rdl', 'loc': '2.5d_chiplet'},{'from': 'Chiplet_5', 'to': 'Chiplet_6', 'connection_type': '2.5d_rdl', 'loc': '2.5d_chiplet'}",1,1,2,1,2,1,ddr4,ucie_std,ucie_3d,1,0,ws,1,0,0
333,32.29039578533052,5218795.8,136423.71889633054,2339110005.5550537,64422.01465201465,88913.53573246028,333,1.131132696,2.51875,1536,96x96,7,0.378988,1.11875,256,64x64,7,14.117807839976791,15.979573171754398,6144,192x192,14,3.3193280905479132,5.538366334949999,3072,128x128,10,1.8849981800824636,3.1172648505374996,2048,96x96,10,5.5109919519999995,10.4826,8192,192x192,7,2.5d_3d,"{'from': 'Chiplet_6', 'to': 'Chiplet_5', 'connection_type': '3d_hyb_bond', 'loc': 'stack0_base'},{'from': 'Chiplet_5', 'to': 'Chiplet_1', 'connection_type': '3d_hyb_bond', 'loc': 'stack0_middle1'},{'from': 'Chiplet_1', 'to': 'Chiplet_2', 'connection_type': '3d_hyb_bond', 'loc': 'stack0_middle2'},{'from': 'Chiplet_2', 'to': 'na', 'connection_type': '3d_hyb_bond', 'loc': 'stack0_top'},{'from': 'Chiplet_3', 'to': 'Chiplet_6', 'connection_type': '2.5d_emib', 'loc': '2.5d_chiplet'},{'from': 'Chiplet_3', 'to': 'Chiplet_4', 'connection_type': '2.5d_emib', 'loc': '2.5d_chiplet'},{'from': 'Chiplet_6', 'to': 'Chiplet_3', 'connection_type': '2.5d_emib', 'loc': '2.5d_chiplet'},{'from': 'Chiplet_6', 'to': 'Chiplet_4', 'connection_type': '2.5d_emib', 'loc': '2.5d_chiplet'},{'from': 'Chiplet_4', 'to': 'Chiplet_3', 'connection_type': '2.5d_emib', 'loc': '2.5d_chiplet'},{'from': 'Chiplet_4', 'to': 'Chiplet_6', 'connection_type': '2.5d_emib', 'loc': '2.5d_chiplet'}",1,1,8,2,1,3,hbm3,ucie_adv,ucie_3d,0,0,ws,0,0,0
334,23.230654719513822,2976767.39,175410.77834658234,6526835632.565666,58037.05882352941,158761.0771801825,334,4.1253109519999995,10.4826,4096,192x192,7,2.972908090547913,5.538366334949999,2048,128x128,10,0.46559300000000003,1.11875,512,64x64,7,4.1253109519999995,10.4826,4096,192x192,7,2.6264880905479133,5.538366334949999,1024,128x128,10,1.3653681800824635,3.1172648505374996,512,96x96,10,2.5d,"{'from': 'Chiplet_1', 'to': 'Chiplet_3', 'connection_type': '2.5d_emib', 'loc': '2.5d_chiplet'},{'from': 'Chiplet_1', 'to': 'Chiplet_2', 'connection_type': '2.5d_emib', 'loc': '2.5d_chiplet'},{'from': 'Chiplet_1', 'to': 'Chiplet_4', 'connection_type': '2.5d_emib', 'loc': '2.5d_chiplet'},{'from': 'Chiplet_2', 'to': 'Chiplet_3', 'connection_type': '2.5d_emib', 'loc': '2.5d_chiplet'},{'from': 'Chiplet_2', 'to': 'Chiplet_1', 'connection_type': '2.5d_emib', 'loc': '2.5d_chiplet'},{'from': 'Chiplet_3', 'to': 'Chiplet_1', 'connection_type': '2.5d_emib', 'loc': '2.5d_chiplet'},{'from': 'Chiplet_3', 'to': 'Chiplet_2', 'connection_type': '2.5d_emib', 'loc': '2.5d_chiplet'},{'from': 'Chiplet_4', 'to': 'Chiplet_5', 'connection_type': '2.5d_emib', 'loc': '2.5d_chiplet'},{'from': 'Chiplet_4', 'to': 'Chiplet_1', 'connection_type': '2.5d_emib', 'loc': '2.5d_chiplet'},{'from': 'Chiplet_4', 'to': 'Chiplet_6', 'connection_type': '2.5d_emib', 'loc': '2.5d_chiplet'},{'from': 'Chiplet_5', 'to': 'Chiplet_6', 'connection_type': '2.5d_emib', 'loc': '2.5d_chiplet'},{'from': 'Chiplet_5', 'to': 'Chiplet_4', 'connection_type': '2.5d_emib', 'loc': '2.5d_chiplet'},{'from': 'Chiplet_6', 'to': 'Chiplet_5', 'connection_type': '2.5d_emib', 'loc': '2.5d_chiplet'},{'from': 'Chiplet_6', 'to': 'Chiplet_4', 'connection_type': '2.5d_emib', 'loc': '2.5d_chiplet'}",2,1,1,2,1,1,ddr4,ucie_adv,na,0,0,ws,0,0,0
335,48.47027583734915,5188948.75,102315.7180549857,2166049674.9892793,111368.9255189255,129717.56259642755,335,5.5109919519999995,10.4826,8192,192x192,7,0.743226759447044,1.3845915837374998,512,64x64,10,8.112421457366196,12.973514847541198,8192,192x192,10,0.743226759447044,1.3845915837374998,512,64x64,10,1.4141952089375351,1.7054115854749998,512,64x64,14,11.481175603606792,15.979573171754398,2048,192x192,14,2.5d,"{'from': 'Chiplet_6', 'to': 'Chiplet_5', 'connection_type': '2.5d_rdl', 'loc': '2.5d_chiplet'},{'from': 'Chiplet_6', 'to': 'Chiplet_3', 'connection_type': '2.5d_rdl', 'loc': '2.5d_chiplet'},{'from': 'Chiplet_6', 'to': 'Chiplet_1', 'connection_type': '2.5d_rdl', 'loc': '2.5d_chiplet'},{'from': 'Chiplet_6', 'to': 'Chiplet_2', 'connection_type': '2.5d_rdl', 'loc': '2.5d_chiplet'},{'from': 'Chiplet_5', 'to': 'Chiplet_6', 'connection_type': '2.5d_rdl', 'loc': '2.5d_chiplet'},{'from': 'Chiplet_5', 'to': 'Chiplet_2', 'connection_type': '2.5d_rdl', 'loc': '2.5d_chiplet'},{'from': 'Chiplet_2', 'to': 'Chiplet_5', 'connection_type': '2.5d_rdl', 'loc': '2.5d_chiplet'},{'from': 'Chiplet_2', 'to': 'Chiplet_6', 'connection_type': '2.5d_rdl', 'loc': '2.5d_chiplet'},{'from': 'Chiplet_3', 'to': 'Chiplet_1', 'connection_type': '2.5d_rdl', 'loc': '2.5d_chiplet'},{'from': 'Chiplet_3', 'to': 'Chiplet_6', 'connection_type': '2.5d_rdl', 'loc': '2.5d_chiplet'},{'from': 'Chiplet_3', 'to': 'Chiplet_4', 'connection_type': '2.5d_rdl', 'loc': '2.5d_chiplet'},{'from': 'Chiplet_1', 'to': 'Chiplet_3', 'connection_type': '2.5d_rdl', 'loc': '2.5d_chiplet'},{'from': 'Chiplet_1', 'to': 'Chiplet_6', 'connection_type': '2.5d_rdl', 'loc': '2.5d_chiplet'},{'from': 'Chiplet_1', 'to': 'Chiplet_4', 'connection_type': '2.5d_rdl', 'loc': '2.5d_chiplet'},{'from': 'Chiplet_4', 'to': 'Chiplet_3', 'connection_type': '2.5d_rdl', 'loc': '2.5d_chiplet'},{'from': 'Chiplet_4', 'to': 'Chiplet_1', 'connection_type': '2.5d_rdl', 'loc': '2.5d_chiplet'}",3,1,4,1,1,6,hbm3,ucie_std,na,0,0,is,0,0,0
336,56.9711566495393,6323744.62,138911.57777492882,4952519566.09459,857978.7652037751,979304.8811148091,336,8.112421457366196,12.973514847541198,8192,192x192,10,2.55521354,4.475,4096,128x128,7,0.829831759447044,1.3845915837374998,768,64x64,10,12.799492673176792,15.979573171754398,4096,192x192,14,2.972908090547913,5.538366334949999,2048,128x128,10,15.436124909546791,15.979573171754398,8192,192x192,14,2.5d_3d,"{'from': 'Chiplet_1', 'to': 'Chiplet_3', 'connection_type': '3d_u_bump', 'loc': 'stack0_base'},{'from': 'Chiplet_3', 'to': 'na', 'connection_type': '3d_u_bump', 'loc': 'stack0_top'},{'from': 'Chiplet_6', 'to': 'Chiplet_5', 'connection_type': '2.5d_rdl', 'loc': '2.5d_chiplet'},{'from': 'Chiplet_6', 'to': 'Chiplet_1', 'connection_type': '2.5d_rdl', 'loc': '2.5d_chiplet'},{'from': 'Chiplet_6', 'to': 'Chiplet_2', 'connection_type': '2.5d_rdl', 'loc': '2.5d_chiplet'},{'from': 'Chiplet_6', 'to': 'Chiplet_4', 'connection_type': '2.5d_rdl', 'loc': '2.5d_chiplet'},{'from': 'Chiplet_5', 'to': 'Chiplet_6', 'connection_type': '2.5d_rdl', 'loc': '2.5d_chiplet'},{'from': 'Chiplet_5', 'to': 'Chiplet_2', 'connection_type': '2.5d_rdl', 'loc': '2.5d_chiplet'},{'from': 'Chiplet_2', 'to': 'Chiplet_5', 'connection_type': '2.5d_rdl', 'loc': '2.5d_chiplet'},{'from': 'Chiplet_2', 'to': 'Chiplet_6', 'connection_type': '2.5d_rdl', 'loc': '2.5d_chiplet'},{'from': 'Chiplet_4', 'to': 'Chiplet_1', 'connection_type': '2.5d_rdl', 'loc': '2.5d_chiplet'},{'from': 'Chiplet_4', 'to': 'Chiplet_6', 'connection_type': '2.5d_rdl', 'loc': '2.5d_chiplet'},{'from': 'Chiplet_1', 'to': 'Chiplet_6', 'connection_type': '2.5d_rdl', 'loc': '2.5d_chiplet'},{'from': 'Chiplet_1', 'to': 'Chiplet_4', 'connection_type': '2.5d_rdl', 'loc': '2.5d_chiplet'}",1,1,1,2,1,2,ddr4,ucie_std,ucie_3d,1,0,is,1,0,0
337,15.951346896591772,1922637.39,145667.39623033552,1724757663.8180027,626921.8422201409,246582.14853720192,337,3.665749090547913,5.538366334949999,4096,128x128,10,1.4141952089375351,1.7054115854749998,512,64x64,14,2.597993382379395,3.8395579270749995,512,96x96,14,0.743226759447044,1.3845915837374998,512,64x64,10,1.4141952089375351,1.7054115854749998,512,64x64,14,1.51595254,4.475,1024,128x128,7,2.5d,"{'from': 'Chiplet_1', 'to': 'Chiplet_3', 'connection_type': '2.5d_emib', 'loc': '2.5d_chiplet'},{'from': 'Chiplet_1', 'to': 'Chiplet_6', 'connection_type': '2.5d_emib', 'loc': '2.5d_chiplet'},{'from': 'Chiplet_1', 'to': 'Chiplet_2', 'connection_type': '2.5d_emib', 'loc': '2.5d_chiplet'},{'from': 'Chiplet_1', 'to': 'Chiplet_4', 'connection_type': '2.5d_emib', 'loc': '2.5d_chiplet'},{'from': 'Chiplet_2', 'to': 'Chiplet_1', 'connection_type': '2.5d_emib', 'loc': '2.5d_chiplet'},{'from': 'Chiplet_2', 'to': 'Chiplet_4', 'connection_type': '2.5d_emib', 'loc': '2.5d_chiplet'},{'from': 'Chiplet_4', 'to': 'Chiplet_1', 'connection_type': '2.5d_emib', 'loc': '2.5d_chiplet'},{'from': 'Chiplet_4', 'to': 'Chiplet_2', 'connection_type': '2.5d_emib', 'loc': '2.5d_chiplet'},{'from': 'Chiplet_3', 'to': 'Chiplet_5', 'connection_type': '2.5d_emib', 'loc': '2.5d_chiplet'},{'from': 'Chiplet_3', 'to': 'Chiplet_1', 'connection_type': '2.5d_emib', 'loc': '2.5d_chiplet'},{'from': 'Chiplet_3', 'to': 'Chiplet_6', 'connection_type': '2.5d_emib', 'loc': '2.5d_chiplet'},{'from': 'Chiplet_6', 'to': 'Chiplet_5', 'connection_type': '2.5d_emib', 'loc': '2.5d_chiplet'},{'from': 'Chiplet_6', 'to': 'Chiplet_1', 'connection_type': '2.5d_emib', 'loc': '2.5d_chiplet'},{'from': 'Chiplet_6', 'to': 'Chiplet_3', 'connection_type': '2.5d_emib', 'loc': '2.5d_chiplet'},{'from': 'Chiplet_5', 'to': 'Chiplet_3', 'connection_type': '2.5d_emib', 'loc': '2.5d_chiplet'},{'from': 'Chiplet_5', 'to': 'Chiplet_6', 'connection_type': '2.5d_emib', 'loc': '2.5d_chiplet'}",5,2,4,1,2,2,hbm2,ucie_adv,na,1,0,ws,1,0,0
338,28.032271254949574,2982231.71,173512.64006018432,4323888042.764596,519071.3687270034,375403.5602646001,338,2.55521354,4.475,4096,128x128,7,0.46559300000000003,1.11875,512,64x64,7,14.117807839976791,15.979573171754398,6144,192x192,14,0.829831759447044,1.3845915837374998,768,64x64,10,0.784712696,2.51875,512,96x96,7,2.6264880905479133,5.538366334949999,1024,128x128,10,2.5d,"{'from': 'Chiplet_3', 'to': 'Chiplet_1', 'connection_type': '2.5d_emib', 'loc': '2.5d_chiplet'},{'from': 'Chiplet_3', 'to': 'Chiplet_6', 'connection_type': '2.5d_emib', 'loc': '2.5d_chiplet'},{'from': 'Chiplet_6', 'to': 'Chiplet_5', 'connection_type': '2.5d_emib', 'loc': '2.5d_chiplet'},{'from': 'Chiplet_6', 'to': 'Chiplet_3', 'connection_type': '2.5d_emib', 'loc': '2.5d_chiplet'},{'from': 'Chiplet_6', 'to': 'Chiplet_1', 'connection_type': '2.5d_emib', 'loc': '2.5d_chiplet'},{'from': 'Chiplet_5', 'to': 'Chiplet_6', 'connection_type': '2.5d_emib', 'loc': '2.5d_chiplet'},{'from': 'Chiplet_5', 'to': 'Chiplet_4', 'connection_type': '2.5d_emib', 'loc': '2.5d_chiplet'},{'from': 'Chiplet_1', 'to': 'Chiplet_3', 'connection_type': '2.5d_emib', 'loc': '2.5d_chiplet'},{'from': 'Chiplet_1', 'to': 'Chiplet_6', 'connection_type': '2.5d_emib', 'loc': '2.5d_chiplet'},{'from': 'Chiplet_1', 'to': 'Chiplet_2', 'connection_type': '2.5d_emib', 'loc': '2.5d_chiplet'},{'from': 'Chiplet_1', 'to': 'Chiplet_4', 'connection_type': '2.5d_emib', 'loc': '2.5d_chiplet'},{'from': 'Chiplet_4', 'to': 'Chiplet_5', 'connection_type': '2.5d_emib', 'loc': '2.5d_chiplet'},{'from': 'Chiplet_4', 'to': 'Chiplet_1', 'connection_type': '2.5d_emib', 'loc': '2.5d_chiplet'},{'from': 'Chiplet_4', 'to': 'Chiplet_2', 'connection_type': '2.5d_emib', 'loc': '2.5d_chiplet'},{'from': 'Chiplet_2', 'to': 'Chiplet_1', 'connection_type': '2.5d_emib', 'loc': '2.5d_chiplet'},{'from': 'Chiplet_2', 'to': 'Chiplet_4', 'connection_type': '2.5d_emib', 'loc': '2.5d_chiplet'}",1,1,3,1,1,1,ddr4,ucie_adv,na,1,0,is,1,0,0
339,33.0074221106264,3488838.14,179626.2948480417,4478201367.238935,345962.342750067,323129.20101786574,339,8.112421457366196,12.973514847541198,8192,192x192,10,2.6264880905479133,5.538366334949999,1024,128x128,10,3.3193280905479132,5.538366334949999,3072,128x128,10,1.86237254,4.475,2048,128x128,7,5.656782838920179,6.821646341899999,2048,128x128,14,0.784712696,2.51875,512,96x96,7,2.5d,"{'from': 'Chiplet_1', 'to': 'Chiplet_5', 'connection_type': '2.5d_emib', 'loc': '2.5d_chiplet'},{'from': 'Chiplet_1', 'to': 'Chiplet_6', 'connection_type': '2.5d_emib', 'loc': '2.5d_chiplet'},{'from': 'Chiplet_1', 'to': 'Chiplet_2', 'connection_type': '2.5d_emib', 'loc': '2.5d_chiplet'},{'from': 'Chiplet_1', 'to': 'Chiplet_3', 'connection_type': '2.5d_emib', 'loc': '2.5d_chiplet'},{'from': 'Chiplet_2', 'to': 'Chiplet_1', 'connection_type': '2.5d_emib', 'loc': '2.5d_chiplet'},{'from': 'Chiplet_2', 'to': 'Chiplet_6', 'connection_type': '2.5d_emib', 'loc': '2.5d_chiplet'},{'from': 'Chiplet_6', 'to': 'Chiplet_1', 'connection_type': '2.5d_emib', 'loc': '2.5d_chiplet'},{'from': 'Chiplet_6', 'to': 'Chiplet_2', 'connection_type': '2.5d_emib', 'loc': '2.5d_chiplet'},{'from': 'Chiplet_5', 'to': 'Chiplet_3', 'connection_type': '2.5d_emib', 'loc': '2.5d_chiplet'},{'from': 'Chiplet_5', 'to': 'Chiplet_1', 'connection_type': '2.5d_emib', 'loc': '2.5d_chiplet'},{'from': 'Chiplet_5', 'to': 'Chiplet_4', 'connection_type': '2.5d_emib', 'loc': '2.5d_chiplet'},{'from': 'Chiplet_3', 'to': 'Chiplet_5', 'connection_type': '2.5d_emib', 'loc': '2.5d_chiplet'},{'from': 'Chiplet_3', 'to': 'Chiplet_1', 'connection_type': '2.5d_emib', 'loc': '2.5d_chiplet'},{'from': 'Chiplet_3', 'to': 'Chiplet_4', 'connection_type': '2.5d_emib', 'loc': '2.5d_chiplet'},{'from': 'Chiplet_4', 'to': 'Chiplet_5', 'connection_type': '2.5d_emib', 'loc': '2.5d_chiplet'},{'from': 'Chiplet_4', 'to': 'Chiplet_3', 'connection_type': '2.5d_emib', 'loc': '2.5d_chiplet'}",2,1,1,1,2,1,ddr4,bow,na,0,0,is,1,0,0
340,25.633558654724176,2687061.04,70890.47219619798,6830340908.053018,132937.091503268,185795.33537850928,340,6.975099908490179,6.821646341899999,4096,128x128,14,1.304342696,2.51875,2048,96x96,7,1.249405813087535,1.7054115854749998,256,64x64,14,1.578984604787535,1.7054115854749998,768,64x64,14,5.5109919519999995,10.4826,8192,192x192,7,0.829831759447044,1.3845915837374998,768,64x64,10,2.5d,"{'from': 'Chiplet_1', 'to': 'Chiplet_5', 'connection_type': '2.5d_rdl', 'loc': '2.5d_chiplet'},{'from': 'Chiplet_1', 'to': 'Chiplet_6', 'connection_type': '2.5d_rdl', 'loc': '2.5d_chiplet'},{'from': 'Chiplet_1', 'to': 'Chiplet_2', 'connection_type': '2.5d_rdl', 'loc': '2.5d_chiplet'},{'from': 'Chiplet_1', 'to': 'Chiplet_4', 'connection_type': '2.5d_rdl', 'loc': '2.5d_chiplet'},{'from': 'Chiplet_2', 'to': 'Chiplet_1', 'connection_type': '2.5d_rdl', 'loc': '2.5d_chiplet'},{'from': 'Chiplet_2', 'to': 'Chiplet_6', 'connection_type': '2.5d_rdl', 'loc': '2.5d_chiplet'},{'from': 'Chiplet_6', 'to': 'Chiplet_1', 'connection_type': '2.5d_rdl', 'loc': '2.5d_chiplet'},{'from': 'Chiplet_6', 'to': 'Chiplet_2', 'connection_type': '2.5d_rdl', 'loc': '2.5d_chiplet'},{'from': 'Chiplet_5', 'to': 'Chiplet_3', 'connection_type': '2.5d_rdl', 'loc': '2.5d_chiplet'},{'from': 'Chiplet_5', 'to': 'Chiplet_1', 'connection_type': '2.5d_rdl', 'loc': '2.5d_chiplet'},{'from': 'Chiplet_5', 'to': 'Chiplet_4', 'connection_type': '2.5d_rdl', 'loc': '2.5d_chiplet'},{'from': 'Chiplet_4', 'to': 'Chiplet_5', 'connection_type': '2.5d_rdl', 'loc': '2.5d_chiplet'},{'from': 'Chiplet_4', 'to': 'Chiplet_3', 'connection_type': '2.5d_rdl', 'loc': '2.5d_chiplet'},{'from': 'Chiplet_4', 'to': 'Chiplet_1', 'connection_type': '2.5d_rdl', 'loc': '2.5d_chiplet'},{'from': 'Chiplet_3', 'to': 'Chiplet_5', 'connection_type': '2.5d_rdl', 'loc': '2.5d_chiplet'},{'from': 'Chiplet_3', 'to': 'Chiplet_4', 'connection_type': '2.5d_rdl', 'loc': '2.5d_chiplet'}",2,1,1,1,2,1,ddr4,ucie_std,na,1,0,ws,0,0,0
341,11.87265790375829,2126108.85,89297.06148251692,1387678087.4377189,214161.81401187967,108516.06794284833,341,0.638803,1.11875,1024,64x64,7,0.916436759447044,1.3845915837374998,1024,64x64,10,0.743226759447044,1.3845915837374998,512,64x64,10,1.304342696,2.51875,2048,96x96,7,1.249405813087535,1.7054115854749998,256,64x64,14,6.033899457366197,12.973514847541198,2048,192x192,10,2.5d_3d,"{'from': 'Chiplet_6', 'to': 'Chiplet_4', 'connection_type': '3d_u_bump', 'loc': 'stack0_base'},{'from': 'Chiplet_4', 'to': 'Chiplet_2', 'connection_type': '3d_u_bump', 'loc': 'stack0_middle1'},{'from': 'Chiplet_2', 'to': 'Chiplet_3', 'connection_type': '3d_u_bump', 'loc': 'stack0_middle2'},{'from': 'Chiplet_3', 'to': 'na', 'connection_type': '3d_u_bump', 'loc': 'stack0_top'},{'from': 'Chiplet_6', 'to': 'Chiplet_5', 'connection_type': '2.5d_emib', 'loc': '2.5d_chiplet'},{'from': 'Chiplet_6', 'to': 'Chiplet_1', 'connection_type': '2.5d_emib', 'loc': '2.5d_chiplet'},{'from': 'Chiplet_5', 'to': 'Chiplet_1', 'connection_type': '2.5d_emib', 'loc': '2.5d_chiplet'},{'from': 'Chiplet_5', 'to': 'Chiplet_6', 'connection_type': '2.5d_emib', 'loc': '2.5d_chiplet'},{'from': 'Chiplet_1', 'to': 'Chiplet_5', 'connection_type': '2.5d_emib', 'loc': '2.5d_chiplet'},{'from': 'Chiplet_1', 'to': 'Chiplet_6', 'connection_type': '2.5d_emib', 'loc': '2.5d_chiplet'}",1,1,1,2,2,9,hbm2,bow,ucie_3d,1,0,ws,1,0,0
342,33.108370793964944,3674923.93,85005.64583291434,6730074473.634296,108645.09803921569,204810.29413477422,342,1.578984604787535,1.7054115854749998,768,64x64,14,6.033899457366197,12.973514847541198,2048,192x192,10,14.117807839976791,15.979573171754398,6144,192x192,14,4.9976252555201786,6.821646341899999,1024,128x128,14,0.743226759447044,1.3845915837374998,512,64x64,10,1.4141952089375351,1.7054115854749998,512,64x64,14,2.5d_3d,"{'from': 'Chiplet_3', 'to': 'Chiplet_4', 'connection_type': '3d_tsv', 'loc': 'stack0_base'},{'from': 'Chiplet_4', 'to': 'Chiplet_1', 'connection_type': '3d_tsv', 'loc': 'stack0_middle1'},{'from': 'Chiplet_1', 'to': 'na', 'connection_type': '3d_tsv', 'loc': 'stack0_top'},{'from': 'Chiplet_3', 'to': 'Chiplet_6', 'connection_type': '2.5d_rdl', 'loc': '2.5d_chiplet'},{'from': 'Chiplet_3', 'to': 'Chiplet_2', 'connection_type': '2.5d_rdl', 'loc': '2.5d_chiplet'},{'from': 'Chiplet_2', 'to': 'Chiplet_5', 'connection_type': '2.5d_rdl', 'loc': '2.5d_chiplet'},{'from': 'Chiplet_2', 'to': 'Chiplet_3', 'connection_type': '2.5d_rdl', 'loc': '2.5d_chiplet'},{'from': 'Chiplet_2', 'to': 'Chiplet_6', 'connection_type': '2.5d_rdl', 'loc': '2.5d_chiplet'},{'from': 'Chiplet_6', 'to': 'Chiplet_5', 'connection_type': '2.5d_rdl', 'loc': '2.5d_chiplet'},{'from': 'Chiplet_6', 'to': 'Chiplet_3', 'connection_type': '2.5d_rdl', 'loc': '2.5d_chiplet'},{'from': 'Chiplet_6', 'to': 'Chiplet_2', 'connection_type': '2.5d_rdl', 'loc': '2.5d_chiplet'},{'from': 'Chiplet_5', 'to': 'Chiplet_6', 'connection_type': '2.5d_rdl', 'loc': '2.5d_chiplet'},{'from': 'Chiplet_5', 'to': 'Chiplet_2', 'connection_type': '2.5d_rdl', 'loc': '2.5d_chiplet'}",1,1,3,1,1,1,ddr4,ucie_std,ucie_3d,1,0,ws,0,0,0
343,27.32793858415516,4139374.59,93251.64555807019,1692347073.9206595,877233.3699732199,753501.772829868,343,6.726740457366197,12.973514847541198,4096,192x192,10,0.829831759447044,1.3845915837374998,768,64x64,10,0.957922696,2.51875,1024,96x96,7,6.726740457366197,12.973514847541198,4096,192x192,10,1.51595254,4.475,1024,128x128,7,4.818150952,10.4826,6144,192x192,7,2.5d,"{'from': 'Chiplet_1', 'to': 'Chiplet_6', 'connection_type': '2.5d_rdl', 'loc': '2.5d_chiplet'},{'from': 'Chiplet_1', 'to': 'Chiplet_4', 'connection_type': '2.5d_rdl', 'loc': '2.5d_chiplet'},{'from': 'Chiplet_6', 'to': 'Chiplet_5', 'connection_type': '2.5d_rdl', 'loc': '2.5d_chiplet'},{'from': 'Chiplet_6', 'to': 'Chiplet_1', 'connection_type': '2.5d_rdl', 'loc': '2.5d_chiplet'},{'from': 'Chiplet_4', 'to': 'Chiplet_5', 'connection_type': '2.5d_rdl', 'loc': '2.5d_chiplet'},{'from': 'Chiplet_4', 'to': 'Chiplet_1', 'connection_type': '2.5d_rdl', 'loc': '2.5d_chiplet'},{'from': 'Chiplet_4', 'to': 'Chiplet_3', 'connection_type': '2.5d_rdl', 'loc': '2.5d_chiplet'},{'from': 'Chiplet_5', 'to': 'Chiplet_3', 'connection_type': '2.5d_rdl', 'loc': '2.5d_chiplet'},{'from': 'Chiplet_5', 'to': 'Chiplet_6', 'connection_type': '2.5d_rdl', 'loc': '2.5d_chiplet'},{'from': 'Chiplet_5', 'to': 'Chiplet_2', 'connection_type': '2.5d_rdl', 'loc': '2.5d_chiplet'},{'from': 'Chiplet_5', 'to': 'Chiplet_4', 'connection_type': '2.5d_rdl', 'loc': '2.5d_chiplet'},{'from': 'Chiplet_3', 'to': 'Chiplet_5', 'connection_type': '2.5d_rdl', 'loc': '2.5d_chiplet'},{'from': 'Chiplet_3', 'to': 'Chiplet_2', 'connection_type': '2.5d_rdl', 'loc': '2.5d_chiplet'},{'from': 'Chiplet_3', 'to': 'Chiplet_4', 'connection_type': '2.5d_rdl', 'loc': '2.5d_chiplet'},{'from': 'Chiplet_2', 'to': 'Chiplet_5', 'connection_type': '2.5d_rdl', 'loc': '2.5d_chiplet'},{'from': 'Chiplet_2', 'to': 'Chiplet_3', 'connection_type': '2.5d_rdl', 'loc': '2.5d_chiplet'}",5,1,1,5,1,3,hbm3,ucie_std,na,1,0,os,1,0,0
344,31.559796997746368,3283604.77,176921.1962083756,4236341781.070921,748259.8903545812,581516.440624843,344,1.8849981800824636,3.1172648505374996,2048,96x96,10,5.656782838920179,6.821646341899999,2048,128x128,14,2.972908090547913,5.538366334949999,2048,128x128,10,6.315940422320179,6.821646341899999,3072,128x128,14,3.432469952,10.4826,2048,192x192,7,3.5867297574793953,3.8395579270749995,2048,96x96,14,2.5d,"{'from': 'Chiplet_4', 'to': 'Chiplet_5', 'connection_type': '2.5d_emib', 'loc': '2.5d_chiplet'},{'from': 'Chiplet_4', 'to': 'Chiplet_1', 'connection_type': '2.5d_emib', 'loc': '2.5d_chiplet'},{'from': 'Chiplet_4', 'to': 'Chiplet_2', 'connection_type': '2.5d_emib', 'loc': '2.5d_chiplet'},{'from': 'Chiplet_5', 'to': 'Chiplet_1', 'connection_type': '2.5d_emib', 'loc': '2.5d_chiplet'},{'from': 'Chiplet_5', 'to': 'Chiplet_4', 'connection_type': '2.5d_emib', 'loc': '2.5d_chiplet'},{'from': 'Chiplet_1', 'to': 'Chiplet_5', 'connection_type': '2.5d_emib', 'loc': '2.5d_chiplet'},{'from': 'Chiplet_1', 'to': 'Chiplet_4', 'connection_type': '2.5d_emib', 'loc': '2.5d_chiplet'},{'from': 'Chiplet_2', 'to': 'Chiplet_3', 'connection_type': '2.5d_emib', 'loc': '2.5d_chiplet'},{'from': 'Chiplet_2', 'to': 'Chiplet_6', 'connection_type': '2.5d_emib', 'loc': '2.5d_chiplet'},{'from': 'Chiplet_2', 'to': 'Chiplet_4', 'connection_type': '2.5d_emib', 'loc': '2.5d_chiplet'},{'from': 'Chiplet_6', 'to': 'Chiplet_3', 'connection_type': '2.5d_emib', 'loc': '2.5d_chiplet'},{'from': 'Chiplet_6', 'to': 'Chiplet_2', 'connection_type': '2.5d_emib', 'loc': '2.5d_chiplet'},{'from': 'Chiplet_3', 'to': 'Chiplet_6', 'connection_type': '2.5d_emib', 'loc': '2.5d_chiplet'},{'from': 'Chiplet_3', 'to': 'Chiplet_2', 'connection_type': '2.5d_emib', 'loc': '2.5d_chiplet'}",1,2,1,2,1,1,ddr4,aib,na,1,0,ws,1,0,0
345,12.190044331943355,2824920.39,105078.0161826495,2165750760.9908204,46532.43243243243,63103.024713699095,345,3.665749090547913,5.538366334949999,4096,128x128,10,0.957922696,2.51875,1024,96x96,7,3.2571509657793953,3.8395579270749995,1536,96x96,14,1.7117881800824635,3.1172648505374996,1536,96x96,10,1.578984604787535,1.7054115854749998,768,64x64,14,4.1253109519999995,10.4826,4096,192x192,7,2.5d_3d,"{'from': 'Chiplet_1', 'to': 'Chiplet_4', 'connection_type': '3d_u_bump', 'loc': 'stack0_base'},{'from': 'Chiplet_4', 'to': 'Chiplet_5', 'connection_type': '3d_u_bump', 'loc': 'stack0_middle1'},{'from': 'Chiplet_5', 'to': 'Chiplet_2', 'connection_type': '3d_u_bump', 'loc': 'stack0_middle2'},{'from': 'Chiplet_2', 'to': 'na', 'connection_type': '3d_u_bump', 'loc': 'stack0_top'},{'from': 'Chiplet_6', 'to': 'Chiplet_3', 'connection_type': '2.5d_emib', 'loc': '2.5d_chiplet'},{'from': 'Chiplet_6', 'to': 'Chiplet_1', 'connection_type': '2.5d_emib', 'loc': '2.5d_chiplet'},{'from': 'Chiplet_1', 'to': 'Chiplet_3', 'connection_type': '2.5d_emib', 'loc': '2.5d_chiplet'},{'from': 'Chiplet_1', 'to': 'Chiplet_6', 'connection_type': '2.5d_emib', 'loc': '2.5d_chiplet'},{'from': 'Chiplet_3', 'to': 'Chiplet_1', 'connection_type': '2.5d_emib', 'loc': '2.5d_chiplet'},{'from': 'Chiplet_3', 'to': 'Chiplet_6', 'connection_type': '2.5d_emib', 'loc': '2.5d_chiplet'}",4,1,3,2,2,4,hbm2,ucie_adv,ucie_3d,0,0,os,0,0,0
346,24.028852966369545,3224400.33,147886.46314783968,3164539882.4609675,377948.3972321228,309712.61194329883,346,6.726740457366197,12.973514847541198,4096,192x192,10,1.304342696,2.51875,2048,96x96,7,6.033899457366197,12.973514847541198,2048,192x192,10,0.957922696,2.51875,1024,96x96,7,0.916436759447044,1.3845915837374998,1024,64x64,10,3.2571509657793953,3.8395579270749995,1536,96x96,14,2.5d_3d,"{'from': 'Chiplet_6', 'to': 'Chiplet_2', 'connection_type': '3d_u_bump', 'loc': 'stack0_base'},{'from': 'Chiplet_2', 'to': 'na', 'connection_type': '3d_u_bump', 'loc': 'stack0_top'},{'from': 'Chiplet_1', 'to': 'Chiplet_5', 'connection_type': '2.5d_emib', 'loc': '2.5d_chiplet'},{'from': 'Chiplet_1', 'to': 'Chiplet_3', 'connection_type': '2.5d_emib', 'loc': '2.5d_chiplet'},{'from': 'Chiplet_1', 'to': 'Chiplet_4', 'connection_type': '2.5d_emib', 'loc': '2.5d_chiplet'},{'from': 'Chiplet_4', 'to': 'Chiplet_5', 'connection_type': '2.5d_emib', 'loc': '2.5d_chiplet'},{'from': 'Chiplet_4', 'to': 'Chiplet_1', 'connection_type': '2.5d_emib', 'loc': '2.5d_chiplet'},{'from': 'Chiplet_5', 'to': 'Chiplet_1', 'connection_type': '2.5d_emib', 'loc': '2.5d_chiplet'},{'from': 'Chiplet_5', 'to': 'Chiplet_6', 'connection_type': '2.5d_emib', 'loc': '2.5d_chiplet'},{'from': 'Chiplet_5', 'to': 'Chiplet_4', 'connection_type': '2.5d_emib', 'loc': '2.5d_chiplet'},{'from': 'Chiplet_3', 'to': 'Chiplet_1', 'connection_type': '2.5d_emib', 'loc': '2.5d_chiplet'},{'from': 'Chiplet_3', 'to': 'Chiplet_6', 'connection_type': '2.5d_emib', 'loc': '2.5d_chiplet'},{'from': 'Chiplet_6', 'to': 'Chiplet_5', 'connection_type': '2.5d_emib', 'loc': '2.5d_chiplet'},{'from': 'Chiplet_6', 'to': 'Chiplet_3', 'connection_type': '2.5d_emib', 'loc': '2.5d_chiplet'}",2,1,2,1,1,1,ddr5,bow,ucie_3d,0,0,is,1,0,0
347,31.731725133684197,3414987.22,180541.76347866718,6933925421.896698,81535.62091503269,177896.44961602896,347,0.378988,1.11875,256,64x64,7,6.975099908490179,6.821646341899999,4096,128x128,14,2.20879254,4.475,3072,128x128,7,0.916436759447044,1.3845915837374998,1024,64x64,10,7.419580457366196,12.973514847541198,6144,192x192,10,6.975099908490179,6.821646341899999,4096,128x128,14,2.5d,"{'from': 'Chiplet_5', 'to': 'Chiplet_3', 'connection_type': '2.5d_emib', 'loc': '2.5d_chiplet'},{'from': 'Chiplet_5', 'to': 'Chiplet_2', 'connection_type': '2.5d_emib', 'loc': '2.5d_chiplet'},{'from': 'Chiplet_5', 'to': 'Chiplet_4', 'connection_type': '2.5d_emib', 'loc': '2.5d_chiplet'},{'from': 'Chiplet_3', 'to': 'Chiplet_5', 'connection_type': '2.5d_emib', 'loc': '2.5d_chiplet'},{'from': 'Chiplet_3', 'to': 'Chiplet_1', 'connection_type': '2.5d_emib', 'loc': '2.5d_chiplet'},{'from': 'Chiplet_3', 'to': 'Chiplet_4', 'connection_type': '2.5d_emib', 'loc': '2.5d_chiplet'},{'from': 'Chiplet_4', 'to': 'Chiplet_5', 'connection_type': '2.5d_emib', 'loc': '2.5d_chiplet'},{'from': 'Chiplet_4', 'to': 'Chiplet_3', 'connection_type': '2.5d_emib', 'loc': '2.5d_chiplet'},{'from': 'Chiplet_4', 'to': 'Chiplet_1', 'connection_type': '2.5d_emib', 'loc': '2.5d_chiplet'},{'from': 'Chiplet_4', 'to': 'Chiplet_6', 'connection_type': '2.5d_emib', 'loc': '2.5d_chiplet'},{'from': 'Chiplet_1', 'to': 'Chiplet_3', 'connection_type': '2.5d_emib', 'loc': '2.5d_chiplet'},{'from': 'Chiplet_1', 'to': 'Chiplet_4', 'connection_type': '2.5d_emib', 'loc': '2.5d_chiplet'},{'from': 'Chiplet_2', 'to': 'Chiplet_5', 'connection_type': '2.5d_emib', 'loc': '2.5d_chiplet'},{'from': 'Chiplet_2', 'to': 'Chiplet_6', 'connection_type': '2.5d_emib', 'loc': '2.5d_chiplet'},{'from': 'Chiplet_6', 'to': 'Chiplet_2', 'connection_type': '2.5d_emib', 'loc': '2.5d_chiplet'},{'from': 'Chiplet_6', 'to': 'Chiplet_4', 'connection_type': '2.5d_emib', 'loc': '2.5d_chiplet'}",1,2,1,1,2,1,ddr4,ucie_adv,na,0,0,os,0,0,0
348,30.137347575600327,3949934.37,96602.41770097874,3367470197.2690268,392893.04360475764,356894.159652936,348,4.818150952,10.4826,6144,192x192,7,11.481175603606792,15.979573171754398,2048,192x192,14,0.656621759447044,1.3845915837374998,256,64x64,10,1.86237254,4.475,2048,128x128,7,6.315940422320179,6.821646341899999,3072,128x128,14,1.743774000637535,1.7054115854749998,1024,64x64,14,2.5d_3d,"{'from': 'Chiplet_1', 'to': 'Chiplet_4', 'connection_type': '3d_u_bump', 'loc': 'stack0_base'},{'from': 'Chiplet_4', 'to': 'Chiplet_3', 'connection_type': '3d_u_bump', 'loc': 'stack0_middle1'},{'from': 'Chiplet_3', 'to': 'na', 'connection_type': '3d_u_bump', 'loc': 'stack0_top'},{'from': 'Chiplet_2', 'to': 'Chiplet_5', 'connection_type': '2.5d_rdl', 'loc': '2.5d_chiplet'},{'from': 'Chiplet_2', 'to': 'Chiplet_1', 'connection_type': '2.5d_rdl', 'loc': '2.5d_chiplet'},{'from': 'Chiplet_5', 'to': 'Chiplet_1', 'connection_type': '2.5d_rdl', 'loc': '2.5d_chiplet'},{'from': 'Chiplet_5', 'to': 'Chiplet_2', 'connection_type': '2.5d_rdl', 'loc': '2.5d_chiplet'},{'from': 'Chiplet_5', 'to': 'Chiplet_6', 'connection_type': '2.5d_rdl', 'loc': '2.5d_chiplet'},{'from': 'Chiplet_1', 'to': 'Chiplet_5', 'connection_type': '2.5d_rdl', 'loc': '2.5d_chiplet'},{'from': 'Chiplet_1', 'to': 'Chiplet_6', 'connection_type': '2.5d_rdl', 'loc': '2.5d_chiplet'},{'from': 'Chiplet_1', 'to': 'Chiplet_2', 'connection_type': '2.5d_rdl', 'loc': '2.5d_chiplet'},{'from': 'Chiplet_6', 'to': 'Chiplet_5', 'connection_type': '2.5d_rdl', 'loc': '2.5d_chiplet'},{'from': 'Chiplet_6', 'to': 'Chiplet_1', 'connection_type': '2.5d_rdl', 'loc': '2.5d_chiplet'}",1,3,1,1,1,1,ddr5,ucie_std,ucie_3d,1,0,ws,1,0,0
349,72.12228160676526,6738446.34,125906.00406359586,2777900853.342185,111368.9255189255,149560.0771736317,349,6.315940422320179,6.821646341899999,3072,128x128,14,15.436124909546791,15.979573171754398,8192,192x192,14,15.436124909546791,15.979573171754398,8192,192x192,14,6.315940422320179,6.821646341899999,3072,128x128,14,0.916436759447044,1.3845915837374998,1024,64x64,10,0.552198,1.11875,768,64x64,7,2.5d,"{'from': 'Chiplet_2', 'to': 'Chiplet_5', 'connection_type': '2.5d_rdl', 'loc': '2.5d_chiplet'},{'from': 'Chiplet_2', 'to': 'Chiplet_3', 'connection_type': '2.5d_rdl', 'loc': '2.5d_chiplet'},{'from': 'Chiplet_2', 'to': 'Chiplet_1', 'connection_type': '2.5d_rdl', 'loc': '2.5d_chiplet'},{'from': 'Chiplet_1', 'to': 'Chiplet_5', 'connection_type': '2.5d_rdl', 'loc': '2.5d_chiplet'},{'from': 'Chiplet_1', 'to': 'Chiplet_2', 'connection_type': '2.5d_rdl', 'loc': '2.5d_chiplet'},{'from': 'Chiplet_5', 'to': 'Chiplet_1', 'connection_type': '2.5d_rdl', 'loc': '2.5d_chiplet'},{'from': 'Chiplet_5', 'to': 'Chiplet_2', 'connection_type': '2.5d_rdl', 'loc': '2.5d_chiplet'},{'from': 'Chiplet_3', 'to': 'Chiplet_6', 'connection_type': '2.5d_rdl', 'loc': '2.5d_chiplet'},{'from': 'Chiplet_3', 'to': 'Chiplet_2', 'connection_type': '2.5d_rdl', 'loc': '2.5d_chiplet'},{'from': 'Chiplet_3', 'to': 'Chiplet_4', 'connection_type': '2.5d_rdl', 'loc': '2.5d_chiplet'},{'from': 'Chiplet_4', 'to': 'Chiplet_3', 'connection_type': '2.5d_rdl', 'loc': '2.5d_chiplet'},{'from': 'Chiplet_4', 'to': 'Chiplet_6', 'connection_type': '2.5d_rdl', 'loc': '2.5d_chiplet'},{'from': 'Chiplet_6', 'to': 'Chiplet_3', 'connection_type': '2.5d_rdl', 'loc': '2.5d_chiplet'},{'from': 'Chiplet_6', 'to': 'Chiplet_4', 'connection_type': '2.5d_rdl', 'loc': '2.5d_chiplet'}",2,5,5,2,1,1,hbm3,ucie_std,na,0,0,is,0,0,0
350,36.06145796071274,4597734.68,188188.78909993882,1936766804.6134381,55812.64231264231,79501.09012379868,350,1.7117881800824635,3.1172648505374996,1536,96x96,10,3.665749090547913,5.538366334949999,4096,128x128,10,4.1253109519999995,10.4826,4096,192x192,7,6.975099908490179,6.821646341899999,4096,128x128,14,6.726740457366197,12.973514847541198,4096,192x192,10,2.597993382379395,3.8395579270749995,512,96x96,14,2.5d,"{'from': 'Chiplet_4', 'to': 'Chiplet_5', 'connection_type': '2.5d_emib', 'loc': '2.5d_chiplet'},{'from': 'Chiplet_4', 'to': 'Chiplet_6', 'connection_type': '2.5d_emib', 'loc': '2.5d_chiplet'},{'from': 'Chiplet_4', 'to': 'Chiplet_2', 'connection_type': '2.5d_emib', 'loc': '2.5d_chiplet'},{'from': 'Chiplet_2', 'to': 'Chiplet_6', 'connection_type': '2.5d_emib', 'loc': '2.5d_chiplet'},{'from': 'Chiplet_2', 'to': 'Chiplet_4', 'connection_type': '2.5d_emib', 'loc': '2.5d_chiplet'},{'from': 'Chiplet_6', 'to': 'Chiplet_2', 'connection_type': '2.5d_emib', 'loc': '2.5d_chiplet'},{'from': 'Chiplet_6', 'to': 'Chiplet_4', 'connection_type': '2.5d_emib', 'loc': '2.5d_chiplet'},{'from': 'Chiplet_5', 'to': 'Chiplet_3', 'connection_type': '2.5d_emib', 'loc': '2.5d_chiplet'},{'from': 'Chiplet_5', 'to': 'Chiplet_1', 'connection_type': '2.5d_emib', 'loc': '2.5d_chiplet'},{'from': 'Chiplet_5', 'to': 'Chiplet_4', 'connection_type': '2.5d_emib', 'loc': '2.5d_chiplet'},{'from': 'Chiplet_3', 'to': 'Chiplet_5', 'connection_type': '2.5d_emib', 'loc': '2.5d_chiplet'},{'from': 'Chiplet_3', 'to': 'Chiplet_1', 'connection_type': '2.5d_emib', 'loc': '2.5d_chiplet'},{'from': 'Chiplet_1', 'to': 'Chiplet_5', 'connection_type': '2.5d_emib', 'loc': '2.5d_chiplet'},{'from': 'Chiplet_1', 'to': 'Chiplet_3', 'connection_type': '2.5d_emib', 'loc': '2.5d_chiplet'}",1,2,3,4,4,2,hbm3,bow,na,0,0,ws,0,0,0
351,27.607419909906916,3001287.45,173660.1053747892,6668207228.611725,98100.29411764706,182765.14706826067,351,1.7117881800824635,3.1172648505374996,1536,96x96,10,2.55521354,4.475,4096,128x128,7,12.799492673176792,15.979573171754398,4096,192x192,14,1.249405813087535,1.7054115854749998,256,64x64,14,0.957922696,2.51875,1024,96x96,7,2.6264880905479133,5.538366334949999,1024,128x128,10,2.5d,"{'from': 'Chiplet_3', 'to': 'Chiplet_6', 'connection_type': '2.5d_emib', 'loc': '2.5d_chiplet'},{'from': 'Chiplet_3', 'to': 'Chiplet_2', 'connection_type': '2.5d_emib', 'loc': '2.5d_chiplet'},{'from': 'Chiplet_6', 'to': 'Chiplet_5', 'connection_type': '2.5d_emib', 'loc': '2.5d_chiplet'},{'from': 'Chiplet_6', 'to': 'Chiplet_3', 'connection_type': '2.5d_emib', 'loc': '2.5d_chiplet'},{'from': 'Chiplet_6', 'to': 'Chiplet_2', 'connection_type': '2.5d_emib', 'loc': '2.5d_chiplet'},{'from': 'Chiplet_6', 'to': 'Chiplet_4', 'connection_type': '2.5d_emib', 'loc': '2.5d_chiplet'},{'from': 'Chiplet_4', 'to': 'Chiplet_5', 'connection_type': '2.5d_emib', 'loc': '2.5d_chiplet'},{'from': 'Chiplet_4', 'to': 'Chiplet_6', 'connection_type': '2.5d_emib', 'loc': '2.5d_chiplet'},{'from': 'Chiplet_5', 'to': 'Chiplet_1', 'connection_type': '2.5d_emib', 'loc': '2.5d_chiplet'},{'from': 'Chiplet_5', 'to': 'Chiplet_6', 'connection_type': '2.5d_emib', 'loc': '2.5d_chiplet'},{'from': 'Chiplet_5', 'to': 'Chiplet_4', 'connection_type': '2.5d_emib', 'loc': '2.5d_chiplet'},{'from': 'Chiplet_2', 'to': 'Chiplet_3', 'connection_type': '2.5d_emib', 'loc': '2.5d_chiplet'},{'from': 'Chiplet_2', 'to': 'Chiplet_1', 'connection_type': '2.5d_emib', 'loc': '2.5d_chiplet'},{'from': 'Chiplet_2', 'to': 'Chiplet_6', 'connection_type': '2.5d_emib', 'loc': '2.5d_chiplet'},{'from': 'Chiplet_1', 'to': 'Chiplet_5', 'connection_type': '2.5d_emib', 'loc': '2.5d_chiplet'},{'from': 'Chiplet_1', 'to': 'Chiplet_2', 'connection_type': '2.5d_emib', 'loc': '2.5d_chiplet'}",1,1,3,1,1,1,ddr4,aib,na,0,0,os,0,0,0
352,24.615764754253167,5420629.07,150548.38504183915,2614116867.35232,814382.195120818,763253.2870786632,352,4.818150952,10.4826,6144,192x192,7,15.436124909546791,15.979573171754398,8192,192x192,14,14.117807839976791,15.979573171754398,6144,192x192,14,0.784712696,2.51875,512,96x96,7,1.4141952089375351,1.7054115854749998,512,64x64,14,0.638803,1.11875,1024,64x64,7,2.5d_3d,"{'from': 'Chiplet_2', 'to': 'Chiplet_3', 'connection_type': '3d_hyb_bond', 'loc': 'stack0_base'},{'from': 'Chiplet_3', 'to': 'Chiplet_5', 'connection_type': '3d_hyb_bond', 'loc': 'stack0_middle1'},{'from': 'Chiplet_5', 'to': 'Chiplet_4', 'connection_type': '3d_hyb_bond', 'loc': 'stack0_middle2'},{'from': 'Chiplet_4', 'to': 'Chiplet_6', 'connection_type': '3d_hyb_bond', 'loc': 'stack0_middle3'},{'from': 'Chiplet_6', 'to': 'na', 'connection_type': '3d_hyb_bond', 'loc': 'stack0_top'},{'from': 'Chiplet_2', 'to': 'Chiplet_1', 'connection_type': '2.5d_rdl', 'loc': '2.5d_chiplet'},{'from': 'Chiplet_1', 'to': 'Chiplet_2', 'connection_type': '2.5d_rdl', 'loc': '2.5d_chiplet'}",2,6,5,1,1,1,hbm2,ucie_std,ucie_3d,0,0,ws,1,0,0
353,19.788862783228208,2136933.92,49964.21386799561,1850314046.444023,147588.67535287733,90477.37233183636,353,1.249405813087535,1.7054115854749998,256,64x64,14,5.656782838920179,6.821646341899999,2048,128x128,14,0.784712696,2.51875,512,96x96,7,1.743774000637535,1.7054115854749998,1024,64x64,14,3.3193280905479132,5.538366334949999,3072,128x128,10,0.784712696,2.51875,512,96x96,7,2.5d,"{'from': 'Chiplet_2', 'to': 'Chiplet_5', 'connection_type': '2.5d_rdl', 'loc': '2.5d_chiplet'},{'from': 'Chiplet_2', 'to': 'Chiplet_4', 'connection_type': '2.5d_rdl', 'loc': '2.5d_chiplet'},{'from': 'Chiplet_2', 'to': 'Chiplet_3', 'connection_type': '2.5d_rdl', 'loc': '2.5d_chiplet'},{'from': 'Chiplet_3', 'to': 'Chiplet_2', 'connection_type': '2.5d_rdl', 'loc': '2.5d_chiplet'},{'from': 'Chiplet_3', 'to': 'Chiplet_4', 'connection_type': '2.5d_rdl', 'loc': '2.5d_chiplet'},{'from': 'Chiplet_5', 'to': 'Chiplet_1', 'connection_type': '2.5d_rdl', 'loc': '2.5d_chiplet'},{'from': 'Chiplet_5', 'to': 'Chiplet_2', 'connection_type': '2.5d_rdl', 'loc': '2.5d_chiplet'},{'from': 'Chiplet_5', 'to': 'Chiplet_4', 'connection_type': '2.5d_rdl', 'loc': '2.5d_chiplet'},{'from': 'Chiplet_4', 'to': 'Chiplet_5', 'connection_type': '2.5d_rdl', 'loc': '2.5d_chiplet'},{'from': 'Chiplet_4', 'to': 'Chiplet_1', 'connection_type': '2.5d_rdl', 'loc': '2.5d_chiplet'},{'from': 'Chiplet_4', 'to': 'Chiplet_2', 'connection_type': '2.5d_rdl', 'loc': '2.5d_chiplet'},{'from': 'Chiplet_4', 'to': 'Chiplet_6', 'connection_type': '2.5d_rdl', 'loc': '2.5d_chiplet'},{'from': 'Chiplet_4', 'to': 'Chiplet_3', 'connection_type': '2.5d_rdl', 'loc': '2.5d_chiplet'},{'from': 'Chiplet_1', 'to': 'Chiplet_5', 'connection_type': '2.5d_rdl', 'loc': '2.5d_chiplet'},{'from': 'Chiplet_1', 'to': 'Chiplet_6', 'connection_type': '2.5d_rdl', 'loc': '2.5d_chiplet'},{'from': 'Chiplet_1', 'to': 'Chiplet_4', 'connection_type': '2.5d_rdl', 'loc': '2.5d_chiplet'},{'from': 'Chiplet_6', 'to': 'Chiplet_1', 'connection_type': '2.5d_rdl', 'loc': '2.5d_chiplet'},{'from': 'Chiplet_6', 'to': 'Chiplet_4', 'connection_type': '2.5d_rdl', 'loc': '2.5d_chiplet'}",1,7,1,2,4,1,hbm3,ucie_std,na,1,0,ws,0,0,0
354,6.975099908490179,3782587.97,171851.56682834777,4996331132.232761,50746.42779587406,128487.75026181764,354,1.5385781800824634,3.1172648505374996,1024,96x96,10,5.5109919519999995,10.4826,8192,192x192,7,1.86237254,4.475,2048,128x128,7,2.927572174079395,3.8395579270749995,1024,96x96,14,4.1253109519999995,10.4826,4096,192x192,7,6.975099908490179,6.821646341899999,4096,128x128,14,3d,"{'from': 'Chiplet_6', 'to': 'Chiplet_2', 'connection_type': '3d_u_bump', 'loc': 'stack0_base'},{'from': 'Chiplet_2', 'to': 'Chiplet_5', 'connection_type': '3d_u_bump', 'loc': 'stack0_middle1'},{'from': 'Chiplet_5', 'to': 'Chiplet_4', 'connection_type': '3d_u_bump', 'loc': 'stack0_middle2'},{'from': 'Chiplet_4', 'to': 'Chiplet_3', 'connection_type': '3d_u_bump', 'loc': 'stack0_middle3'},{'from': 'Chiplet_3', 'to': 'Chiplet_1', 'connection_type': '3d_u_bump', 'loc': 'stack0_middle4'},{'from': 'Chiplet_1', 'to': 'na', 'connection_type': '3d_u_bump', 'loc': 'stack0_top'}",1,2,1,1,1,2,ddr5,na,ucie_3d,1,0,os,0,0,0
355,26.313669865069723,3203468.83,70145.22387363239,2000124135.675172,1143287.1490913883,622261.1788805168,355,1.743774000637535,1.7054115854749998,1024,64x64,14,1.86237254,4.475,2048,128x128,7,2.55521354,4.475,4096,128x128,7,1.8849981800824636,3.1172648505374996,2048,96x96,10,7.419580457366196,12.973514847541198,6144,192x192,10,0.552198,1.11875,768,64x64,7,2.5d,"{'from': 'Chiplet_5', 'to': 'Chiplet_3', 'connection_type': '2.5d_rdl', 'loc': '2.5d_chiplet'},{'from': 'Chiplet_5', 'to': 'Chiplet_6', 'connection_type': '2.5d_rdl', 'loc': '2.5d_chiplet'},{'from': 'Chiplet_6', 'to': 'Chiplet_5', 'connection_type': '2.5d_rdl', 'loc': '2.5d_chiplet'},{'from': 'Chiplet_6', 'to': 'Chiplet_3', 'connection_type': '2.5d_rdl', 'loc': '2.5d_chiplet'},{'from': 'Chiplet_6', 'to': 'Chiplet_4', 'connection_type': '2.5d_rdl', 'loc': '2.5d_chiplet'},{'from': 'Chiplet_3', 'to': 'Chiplet_5', 'connection_type': '2.5d_rdl', 'loc': '2.5d_chiplet'},{'from': 'Chiplet_3', 'to': 'Chiplet_1', 'connection_type': '2.5d_rdl', 'loc': '2.5d_chiplet'},{'from': 'Chiplet_3', 'to': 'Chiplet_6', 'connection_type': '2.5d_rdl', 'loc': '2.5d_chiplet'},{'from': 'Chiplet_3', 'to': 'Chiplet_4', 'connection_type': '2.5d_rdl', 'loc': '2.5d_chiplet'},{'from': 'Chiplet_3', 'to': 'Chiplet_2', 'connection_type': '2.5d_rdl', 'loc': '2.5d_chiplet'},{'from': 'Chiplet_1', 'to': 'Chiplet_3', 'connection_type': '2.5d_rdl', 'loc': '2.5d_chiplet'},{'from': 'Chiplet_1', 'to': 'Chiplet_2', 'connection_type': '2.5d_rdl', 'loc': '2.5d_chiplet'},{'from': 'Chiplet_4', 'to': 'Chiplet_3', 'connection_type': '2.5d_rdl', 'loc': '2.5d_chiplet'},{'from': 'Chiplet_4', 'to': 'Chiplet_6', 'connection_type': '2.5d_rdl', 'loc': '2.5d_chiplet'},{'from': 'Chiplet_4', 'to': 'Chiplet_2', 'connection_type': '2.5d_rdl', 'loc': '2.5d_chiplet'},{'from': 'Chiplet_2', 'to': 'Chiplet_3', 'connection_type': '2.5d_rdl', 'loc': '2.5d_chiplet'},{'from': 'Chiplet_2', 'to': 'Chiplet_1', 'connection_type': '2.5d_rdl', 'loc': '2.5d_chiplet'},{'from': 'Chiplet_2', 'to': 'Chiplet_4', 'connection_type': '2.5d_rdl', 'loc': '2.5d_chiplet'}",2,2,2,2,7,1,hbm2,ucie_std,na,0,0,is,1,0,0
356,37.67663553272138,3762364.95,183445.807183783,6571696897.427929,61504.1070482247,168189.96051478467,356,0.46559300000000003,1.11875,512,64x64,7,1.8849981800824636,3.1172648505374996,2048,96x96,10,14.117807839976791,15.979573171754398,6144,192x192,14,2.6264880905479133,5.538366334949999,1024,128x128,10,6.726740457366197,12.973514847541198,4096,192x192,10,1.3653681800824635,3.1172648505374996,512,96x96,10,2.5d,"{'from': 'Chiplet_3', 'to': 'Chiplet_5', 'connection_type': '2.5d_emib', 'loc': '2.5d_chiplet'},{'from': 'Chiplet_3', 'to': 'Chiplet_1', 'connection_type': '2.5d_emib', 'loc': '2.5d_chiplet'},{'from': 'Chiplet_3', 'to': 'Chiplet_4', 'connection_type': '2.5d_emib', 'loc': '2.5d_chiplet'},{'from': 'Chiplet_5', 'to': 'Chiplet_3', 'connection_type': '2.5d_emib', 'loc': '2.5d_chiplet'},{'from': 'Chiplet_5', 'to': 'Chiplet_2', 'connection_type': '2.5d_emib', 'loc': '2.5d_chiplet'},{'from': 'Chiplet_5', 'to': 'Chiplet_4', 'connection_type': '2.5d_emib', 'loc': '2.5d_chiplet'},{'from': 'Chiplet_4', 'to': 'Chiplet_5', 'connection_type': '2.5d_emib', 'loc': '2.5d_chiplet'},{'from': 'Chiplet_4', 'to': 'Chiplet_1', 'connection_type': '2.5d_emib', 'loc': '2.5d_chiplet'},{'from': 'Chiplet_4', 'to': 'Chiplet_6', 'connection_type': '2.5d_emib', 'loc': '2.5d_chiplet'},{'from': 'Chiplet_4', 'to': 'Chiplet_2', 'connection_type': '2.5d_emib', 'loc': '2.5d_chiplet'},{'from': 'Chiplet_4', 'to': 'Chiplet_3', 'connection_type': '2.5d_emib', 'loc': '2.5d_chiplet'},{'from': 'Chiplet_1', 'to': 'Chiplet_3', 'connection_type': '2.5d_emib', 'loc': '2.5d_chiplet'},{'from': 'Chiplet_1', 'to': 'Chiplet_4', 'connection_type': '2.5d_emib', 'loc': '2.5d_chiplet'},{'from': 'Chiplet_2', 'to': 'Chiplet_5', 'connection_type': '2.5d_emib', 'loc': '2.5d_chiplet'},{'from': 'Chiplet_2', 'to': 'Chiplet_6', 'connection_type': '2.5d_emib', 'loc': '2.5d_chiplet'},{'from': 'Chiplet_2', 'to': 'Chiplet_4', 'connection_type': '2.5d_emib', 'loc': '2.5d_chiplet'},{'from': 'Chiplet_6', 'to': 'Chiplet_2', 'connection_type': '2.5d_emib', 'loc': '2.5d_chiplet'},{'from': 'Chiplet_6', 'to': 'Chiplet_4', 'connection_type': '2.5d_emib', 'loc': '2.5d_chiplet'}",1,1,3,1,1,1,ddr4,ucie_adv,na,1,0,os,0,0,0
357,17.636723064023375,2995187.75,119815.61975344073,6753133215.23062,79540.77901430841,173066.40816942524,357,7.419580457366196,12.973514847541198,6144,192x192,10,0.638803,1.11875,1024,64x64,7,0.378988,1.11875,256,64x64,7,3.2571509657793953,3.8395579270749995,1536,96x96,14,0.916436759447044,1.3845915837374998,1024,64x64,10,6.726740457366197,12.973514847541198,4096,192x192,10,2.5d_3d,"{'from': 'Chiplet_1', 'to': 'Chiplet_6', 'connection_type': '3d_hyb_bond', 'loc': 'stack0_base'},{'from': 'Chiplet_6', 'to': 'Chiplet_2', 'connection_type': '3d_hyb_bond', 'loc': 'stack0_middle1'},{'from': 'Chiplet_2', 'to': 'Chiplet_3', 'connection_type': '3d_hyb_bond', 'loc': 'stack0_middle2'},{'from': 'Chiplet_3', 'to': 'na', 'connection_type': '3d_hyb_bond', 'loc': 'stack0_top'},{'from': 'Chiplet_1', 'to': 'Chiplet_5', 'connection_type': '2.5d_emib', 'loc': '2.5d_chiplet'},{'from': 'Chiplet_1', 'to': 'Chiplet_4', 'connection_type': '2.5d_emib', 'loc': '2.5d_chiplet'},{'from': 'Chiplet_4', 'to': 'Chiplet_5', 'connection_type': '2.5d_emib', 'loc': '2.5d_chiplet'},{'from': 'Chiplet_4', 'to': 'Chiplet_1', 'connection_type': '2.5d_emib', 'loc': '2.5d_chiplet'},{'from': 'Chiplet_5', 'to': 'Chiplet_1', 'connection_type': '2.5d_emib', 'loc': '2.5d_chiplet'},{'from': 'Chiplet_5', 'to': 'Chiplet_4', 'connection_type': '2.5d_emib', 'loc': '2.5d_chiplet'}",2,1,1,1,1,2,ddr4,aib,ucie_3d,0,0,os,0,0,0
358,45.24791949394289,4069111.77,97994.36801157567,3591861075.4191246,565816.5387981989,505243.5664327555,358,8.112421457366196,12.973514847541198,8192,192x192,10,14.117807839976791,15.979573171754398,6144,192x192,14,3.5867297574793953,3.8395579270749995,2048,96x96,14,0.743226759447044,1.3845915837374998,512,64x64,10,2.6264880905479133,5.538366334949999,1024,128x128,10,0.784712696,2.51875,512,96x96,7,2.5d,"{'from': 'Chiplet_2', 'to': 'Chiplet_3', 'connection_type': '2.5d_rdl', 'loc': '2.5d_chiplet'},{'from': 'Chiplet_2', 'to': 'Chiplet_1', 'connection_type': '2.5d_rdl', 'loc': '2.5d_chiplet'},{'from': 'Chiplet_2', 'to': 'Chiplet_6', 'connection_type': '2.5d_rdl', 'loc': '2.5d_chiplet'},{'from': 'Chiplet_6', 'to': 'Chiplet_3', 'connection_type': '2.5d_rdl', 'loc': '2.5d_chiplet'},{'from': 'Chiplet_6', 'to': 'Chiplet_2', 'connection_type': '2.5d_rdl', 'loc': '2.5d_chiplet'},{'from': 'Chiplet_1', 'to': 'Chiplet_5', 'connection_type': '2.5d_rdl', 'loc': '2.5d_chiplet'},{'from': 'Chiplet_1', 'to': 'Chiplet_3', 'connection_type': '2.5d_rdl', 'loc': '2.5d_chiplet'},{'from': 'Chiplet_1', 'to': 'Chiplet_2', 'connection_type': '2.5d_rdl', 'loc': '2.5d_chiplet'},{'from': 'Chiplet_3', 'to': 'Chiplet_5', 'connection_type': '2.5d_rdl', 'loc': '2.5d_chiplet'},{'from': 'Chiplet_3', 'to': 'Chiplet_1', 'connection_type': '2.5d_rdl', 'loc': '2.5d_chiplet'},{'from': 'Chiplet_3', 'to': 'Chiplet_6', 'connection_type': '2.5d_rdl', 'loc': '2.5d_chiplet'},{'from': 'Chiplet_3', 'to': 'Chiplet_2', 'connection_type': '2.5d_rdl', 'loc': '2.5d_chiplet'},{'from': 'Chiplet_3', 'to': 'Chiplet_4', 'connection_type': '2.5d_rdl', 'loc': '2.5d_chiplet'},{'from': 'Chiplet_5', 'to': 'Chiplet_3', 'connection_type': '2.5d_rdl', 'loc': '2.5d_chiplet'},{'from': 'Chiplet_5', 'to': 'Chiplet_1', 'connection_type': '2.5d_rdl', 'loc': '2.5d_chiplet'},{'from': 'Chiplet_5', 'to': 'Chiplet_4', 'connection_type': '2.5d_rdl', 'loc': '2.5d_chiplet'},{'from': 'Chiplet_4', 'to': 'Chiplet_5', 'connection_type': '2.5d_rdl', 'loc': '2.5d_chiplet'},{'from': 'Chiplet_4', 'to': 'Chiplet_3', 'connection_type': '2.5d_rdl', 'loc': '2.5d_chiplet'}",1,3,1,1,1,1,ddr5,ucie_std,na,1,0,os,1,0,0
359,33.769768680927356,5574497.53,116475.55618492555,2129881422.9927912,1021959.246971339,1027364.218358647,359,4.818150952,10.4826,6144,192x192,7,0.957922696,2.51875,1024,96x96,7,14.117807839976791,15.979573171754398,6144,192x192,14,6.315940422320179,6.821646341899999,3072,128x128,14,6.033899457366197,12.973514847541198,2048,192x192,10,3.2571509657793953,3.8395579270749995,1536,96x96,14,2.5d_3d,"{'from': 'Chiplet_5', 'to': 'Chiplet_6', 'connection_type': '3d_tsv', 'loc': 'stack0_base'},{'from': 'Chiplet_6', 'to': 'Chiplet_2', 'connection_type': '3d_tsv', 'loc': 'stack0_middle1'},{'from': 'Chiplet_2', 'to': 'na', 'connection_type': '3d_tsv', 'loc': 'stack0_top'},{'from': 'Chiplet_3', 'to': 'Chiplet_5', 'connection_type': '2.5d_rdl', 'loc': '2.5d_chiplet'},{'from': 'Chiplet_3', 'to': 'Chiplet_4', 'connection_type': '2.5d_rdl', 'loc': '2.5d_chiplet'},{'from': 'Chiplet_4', 'to': 'Chiplet_5', 'connection_type': '2.5d_rdl', 'loc': '2.5d_chiplet'},{'from': 'Chiplet_4', 'to': 'Chiplet_3', 'connection_type': '2.5d_rdl', 'loc': '2.5d_chiplet'},{'from': 'Chiplet_4', 'to': 'Chiplet_1', 'connection_type': '2.5d_rdl', 'loc': '2.5d_chiplet'},{'from': 'Chiplet_5', 'to': 'Chiplet_3', 'connection_type': '2.5d_rdl', 'loc': '2.5d_chiplet'},{'from': 'Chiplet_5', 'to': 'Chiplet_1', 'connection_type': '2.5d_rdl', 'loc': '2.5d_chiplet'},{'from': 'Chiplet_5', 'to': 'Chiplet_4', 'connection_type': '2.5d_rdl', 'loc': '2.5d_chiplet'},{'from': 'Chiplet_1', 'to': 'Chiplet_5', 'connection_type': '2.5d_rdl', 'loc': '2.5d_chiplet'},{'from': 'Chiplet_1', 'to': 'Chiplet_4', 'connection_type': '2.5d_rdl', 'loc': '2.5d_chiplet'}",2,1,6,3,3,1,hbm2,ucie_std,ucie_3d,0,0,is,1,0,0
360,26.52900485128621,3894175.02,181519.0853440416,1562027514.7144663,499066.6502698157,388764.6431652727,360,2.20879254,4.475,3072,128x128,7,1.5385781800824634,3.1172648505374996,1024,96x96,10,4.818150952,10.4826,6144,192x192,7,0.743226759447044,1.3845915837374998,512,64x64,10,4.9976252555201786,6.821646341899999,1024,128x128,14,6.033899457366197,12.973514847541198,2048,192x192,10,2.5d,"{'from': 'Chiplet_6', 'to': 'Chiplet_5', 'connection_type': '2.5d_emib', 'loc': '2.5d_chiplet'},{'from': 'Chiplet_6', 'to': 'Chiplet_1', 'connection_type': '2.5d_emib', 'loc': '2.5d_chiplet'},{'from': 'Chiplet_6', 'to': 'Chiplet_2', 'connection_type': '2.5d_emib', 'loc': '2.5d_chiplet'},{'from': 'Chiplet_6', 'to': 'Chiplet_3', 'connection_type': '2.5d_emib', 'loc': '2.5d_chiplet'},{'from': 'Chiplet_1', 'to': 'Chiplet_6', 'connection_type': '2.5d_emib', 'loc': '2.5d_chiplet'},{'from': 'Chiplet_1', 'to': 'Chiplet_2', 'connection_type': '2.5d_emib', 'loc': '2.5d_chiplet'},{'from': 'Chiplet_1', 'to': 'Chiplet_4', 'connection_type': '2.5d_emib', 'loc': '2.5d_chiplet'},{'from': 'Chiplet_2', 'to': 'Chiplet_1', 'connection_type': '2.5d_emib', 'loc': '2.5d_chiplet'},{'from': 'Chiplet_2', 'to': 'Chiplet_6', 'connection_type': '2.5d_emib', 'loc': '2.5d_chiplet'},{'from': 'Chiplet_2', 'to': 'Chiplet_4', 'connection_type': '2.5d_emib', 'loc': '2.5d_chiplet'},{'from': 'Chiplet_4', 'to': 'Chiplet_1', 'connection_type': '2.5d_emib', 'loc': '2.5d_chiplet'},{'from': 'Chiplet_4', 'to': 'Chiplet_2', 'connection_type': '2.5d_emib', 'loc': '2.5d_chiplet'},{'from': 'Chiplet_5', 'to': 'Chiplet_3', 'connection_type': '2.5d_emib', 'loc': '2.5d_chiplet'},{'from': 'Chiplet_5', 'to': 'Chiplet_6', 'connection_type': '2.5d_emib', 'loc': '2.5d_chiplet'},{'from': 'Chiplet_3', 'to': 'Chiplet_5', 'connection_type': '2.5d_emib', 'loc': '2.5d_chiplet'},{'from': 'Chiplet_3', 'to': 'Chiplet_6', 'connection_type': '2.5d_emib', 'loc': '2.5d_chiplet'}",2,1,4,1,4,4,hbm3,ucie_adv,na,0,0,os,1,0,0
361,27.110837956291217,2854335.01,155510.14927829994,1536200150.71145,428893.1591596998,234277.29417727358,361,1.7117881800824635,3.1172648505374996,1536,96x96,10,1.5385781800824634,3.1172648505374996,1024,96x96,10,1.578984604787535,1.7054115854749998,768,64x64,14,3.2571509657793953,3.8395579270749995,1536,96x96,14,0.829831759447044,1.3845915837374998,768,64x64,10,6.726740457366197,12.973514847541198,4096,192x192,10,2.5d,"{'from': 'Chiplet_6', 'to': 'Chiplet_5', 'connection_type': '2.5d_emib', 'loc': '2.5d_chiplet'},{'from': 'Chiplet_6', 'to': 'Chiplet_4', 'connection_type': '2.5d_emib', 'loc': '2.5d_chiplet'},{'from': 'Chiplet_5', 'to': 'Chiplet_6', 'connection_type': '2.5d_emib', 'loc': '2.5d_chiplet'},{'from': 'Chiplet_5', 'to': 'Chiplet_4', 'connection_type': '2.5d_emib', 'loc': '2.5d_chiplet'},{'from': 'Chiplet_4', 'to': 'Chiplet_5', 'connection_type': '2.5d_emib', 'loc': '2.5d_chiplet'},{'from': 'Chiplet_4', 'to': 'Chiplet_1', 'connection_type': '2.5d_emib', 'loc': '2.5d_chiplet'},{'from': 'Chiplet_4', 'to': 'Chiplet_6', 'connection_type': '2.5d_emib', 'loc': '2.5d_chiplet'},{'from': 'Chiplet_4', 'to': 'Chiplet_2', 'connection_type': '2.5d_emib', 'loc': '2.5d_chiplet'},{'from': 'Chiplet_4', 'to': 'Chiplet_3', 'connection_type': '2.5d_emib', 'loc': '2.5d_chiplet'},{'from': 'Chiplet_2', 'to': 'Chiplet_3', 'connection_type': '2.5d_emib', 'loc': '2.5d_chiplet'},{'from': 'Chiplet_2', 'to': 'Chiplet_4', 'connection_type': '2.5d_emib', 'loc': '2.5d_chiplet'},{'from': 'Chiplet_1', 'to': 'Chiplet_3', 'connection_type': '2.5d_emib', 'loc': '2.5d_chiplet'},{'from': 'Chiplet_1', 'to': 'Chiplet_4', 'connection_type': '2.5d_emib', 'loc': '2.5d_chiplet'},{'from': 'Chiplet_3', 'to': 'Chiplet_1', 'connection_type': '2.5d_emib', 'loc': '2.5d_chiplet'},{'from': 'Chiplet_3', 'to': 'Chiplet_2', 'connection_type': '2.5d_emib', 'loc': '2.5d_chiplet'},{'from': 'Chiplet_3', 'to': 'Chiplet_4', 'connection_type': '2.5d_emib', 'loc': '2.5d_chiplet'}",2,1,2,3,1,7,hbm3,ucie_adv,na,0,0,ws,1,0,0
362,56.055662641544274,4280926.07,180742.99186053177,3752019890.0472074,435398.59979010135,353592.79625063995,362,14.117807839976791,15.979573171754398,6144,192x192,14,1.8849981800824636,3.1172648505374996,2048,96x96,10,4.9976252555201786,6.821646341899999,1024,128x128,14,6.315940422320179,6.821646341899999,3072,128x128,14,1.743774000637535,1.7054115854749998,1024,64x64,14,0.638803,1.11875,1024,64x64,7,2.5d,"{'from': 'Chiplet_1', 'to': 'Chiplet_6', 'connection_type': '2.5d_emib', 'loc': '2.5d_chiplet'},{'from': 'Chiplet_1', 'to': 'Chiplet_4', 'connection_type': '2.5d_emib', 'loc': '2.5d_chiplet'},{'from': 'Chiplet_6', 'to': 'Chiplet_1', 'connection_type': '2.5d_emib', 'loc': '2.5d_chiplet'},{'from': 'Chiplet_6', 'to': 'Chiplet_4', 'connection_type': '2.5d_emib', 'loc': '2.5d_chiplet'},{'from': 'Chiplet_4', 'to': 'Chiplet_5', 'connection_type': '2.5d_emib', 'loc': '2.5d_chiplet'},{'from': 'Chiplet_4', 'to': 'Chiplet_1', 'connection_type': '2.5d_emib', 'loc': '2.5d_chiplet'},{'from': 'Chiplet_4', 'to': 'Chiplet_6', 'connection_type': '2.5d_emib', 'loc': '2.5d_chiplet'},{'from': 'Chiplet_4', 'to': 'Chiplet_2', 'connection_type': '2.5d_emib', 'loc': '2.5d_chiplet'},{'from': 'Chiplet_4', 'to': 'Chiplet_3', 'connection_type': '2.5d_emib', 'loc': '2.5d_chiplet'},{'from': 'Chiplet_5', 'to': 'Chiplet_2', 'connection_type': '2.5d_emib', 'loc': '2.5d_chiplet'},{'from': 'Chiplet_5', 'to': 'Chiplet_4', 'connection_type': '2.5d_emib', 'loc': '2.5d_chiplet'},{'from': 'Chiplet_3', 'to': 'Chiplet_2', 'connection_type': '2.5d_emib', 'loc': '2.5d_chiplet'},{'from': 'Chiplet_3', 'to': 'Chiplet_4', 'connection_type': '2.5d_emib', 'loc': '2.5d_chiplet'},{'from': 'Chiplet_2', 'to': 'Chiplet_5', 'connection_type': '2.5d_emib', 'loc': '2.5d_chiplet'},{'from': 'Chiplet_2', 'to': 'Chiplet_3', 'connection_type': '2.5d_emib', 'loc': '2.5d_chiplet'},{'from': 'Chiplet_2', 'to': 'Chiplet_4', 'connection_type': '2.5d_emib', 'loc': '2.5d_chiplet'}",3,1,1,1,1,1,ddr5,aib,na,0,0,os,1,0,0
363,22.55825098801266,2217839.39,155246.2677655505,3964795900.036991,367806.8552758424,250670.6491395834,363,1.578984604787535,1.7054115854749998,768,64x64,14,0.46559300000000003,1.11875,512,64x64,7,6.033899457366197,12.973514847541198,2048,192x192,10,0.46559300000000003,1.11875,512,64x64,7,3.3193280905479132,5.538366334949999,3072,128x128,10,2.597993382379395,3.8395579270749995,512,96x96,14,2.5d,"{'from': 'Chiplet_3', 'to': 'Chiplet_5', 'connection_type': '2.5d_emib', 'loc': '2.5d_chiplet'},{'from': 'Chiplet_3', 'to': 'Chiplet_6', 'connection_type': '2.5d_emib', 'loc': '2.5d_chiplet'},{'from': 'Chiplet_3', 'to': 'Chiplet_2', 'connection_type': '2.5d_emib', 'loc': '2.5d_chiplet'},{'from': 'Chiplet_3', 'to': 'Chiplet_4', 'connection_type': '2.5d_emib', 'loc': '2.5d_chiplet'},{'from': 'Chiplet_2', 'to': 'Chiplet_3', 'connection_type': '2.5d_emib', 'loc': '2.5d_chiplet'},{'from': 'Chiplet_2', 'to': 'Chiplet_4', 'connection_type': '2.5d_emib', 'loc': '2.5d_chiplet'},{'from': 'Chiplet_4', 'to': 'Chiplet_3', 'connection_type': '2.5d_emib', 'loc': '2.5d_chiplet'},{'from': 'Chiplet_4', 'to': 'Chiplet_2', 'connection_type': '2.5d_emib', 'loc': '2.5d_chiplet'},{'from': 'Chiplet_5', 'to': 'Chiplet_3', 'connection_type': '2.5d_emib', 'loc': '2.5d_chiplet'},{'from': 'Chiplet_5', 'to': 'Chiplet_1', 'connection_type': '2.5d_emib', 'loc': '2.5d_chiplet'},{'from': 'Chiplet_5', 'to': 'Chiplet_6', 'connection_type': '2.5d_emib', 'loc': '2.5d_chiplet'},{'from': 'Chiplet_6', 'to': 'Chiplet_5', 'connection_type': '2.5d_emib', 'loc': '2.5d_chiplet'},{'from': 'Chiplet_6', 'to': 'Chiplet_3', 'connection_type': '2.5d_emib', 'loc': '2.5d_chiplet'},{'from': 'Chiplet_6', 'to': 'Chiplet_1', 'connection_type': '2.5d_emib', 'loc': '2.5d_chiplet'},{'from': 'Chiplet_1', 'to': 'Chiplet_5', 'connection_type': '2.5d_emib', 'loc': '2.5d_chiplet'},{'from': 'Chiplet_1', 'to': 'Chiplet_6', 'connection_type': '2.5d_emib', 'loc': '2.5d_chiplet'}",1,1,3,1,1,1,ddr4,bow,na,1,0,ws,1,0,0
364,29.34179248878364,3244270.45,69176.66906711993,1579075935.6576276,57494.169381107495,63225.347647542774,364,6.315940422320179,6.821646341899999,3072,128x128,14,2.20879254,4.475,3072,128x128,7,1.3653681800824635,3.1172648505374996,512,96x96,10,0.46559300000000003,1.11875,512,64x64,7,6.033899457366197,12.973514847541198,2048,192x192,10,2.597993382379395,3.8395579270749995,512,96x96,14,2.5d,"{'from': 'Chiplet_1', 'to': 'Chiplet_5', 'connection_type': '2.5d_rdl', 'loc': '2.5d_chiplet'},{'from': 'Chiplet_1', 'to': 'Chiplet_2', 'connection_type': '2.5d_rdl', 'loc': '2.5d_chiplet'},{'from': 'Chiplet_1', 'to': 'Chiplet_3', 'connection_type': '2.5d_rdl', 'loc': '2.5d_chiplet'},{'from': 'Chiplet_2', 'to': 'Chiplet_3', 'connection_type': '2.5d_rdl', 'loc': '2.5d_chiplet'},{'from': 'Chiplet_2', 'to': 'Chiplet_1', 'connection_type': '2.5d_rdl', 'loc': '2.5d_chiplet'},{'from': 'Chiplet_3', 'to': 'Chiplet_1', 'connection_type': '2.5d_rdl', 'loc': '2.5d_chiplet'},{'from': 'Chiplet_3', 'to': 'Chiplet_2', 'connection_type': '2.5d_rdl', 'loc': '2.5d_chiplet'},{'from': 'Chiplet_5', 'to': 'Chiplet_1', 'connection_type': '2.5d_rdl', 'loc': '2.5d_chiplet'},{'from': 'Chiplet_5', 'to': 'Chiplet_6', 'connection_type': '2.5d_rdl', 'loc': '2.5d_chiplet'},{'from': 'Chiplet_5', 'to': 'Chiplet_4', 'connection_type': '2.5d_rdl', 'loc': '2.5d_chiplet'},{'from': 'Chiplet_6', 'to': 'Chiplet_5', 'connection_type': '2.5d_rdl', 'loc': '2.5d_chiplet'},{'from': 'Chiplet_6', 'to': 'Chiplet_4', 'connection_type': '2.5d_rdl', 'loc': '2.5d_chiplet'},{'from': 'Chiplet_4', 'to': 'Chiplet_5', 'connection_type': '2.5d_rdl', 'loc': '2.5d_chiplet'},{'from': 'Chiplet_4', 'to': 'Chiplet_6', 'connection_type': '2.5d_rdl', 'loc': '2.5d_chiplet'}",5,2,1,1,5,2,hbm3,ucie_std,na,1,0,os,0,0,0
365,6.97685911825135,1610892.39,86128.14199592033,6151083717.248559,261048.17170111288,218723.30320805375,365,0.784712696,2.51875,512,96x96,7,1.8849981800824636,3.1172648505374996,2048,96x96,10,0.656621759447044,1.3845915837374998,256,64x64,10,0.916436759447044,1.3845915837374998,1024,64x64,10,1.8849981800824636,3.1172648505374996,2048,96x96,10,3.432469952,10.4826,2048,192x192,7,2.5d_3d,"{'from': 'Chiplet_6', 'to': 'Chiplet_2', 'connection_type': '3d_tsv', 'loc': 'stack0_base'},{'from': 'Chiplet_2', 'to': 'Chiplet_5', 'connection_type': '3d_tsv', 'loc': 'stack0_middle1'},{'from': 'Chiplet_5', 'to': 'Chiplet_4', 'connection_type': '3d_tsv', 'loc': 'stack0_middle2'},{'from': 'Chiplet_4', 'to': 'na', 'connection_type': '3d_tsv', 'loc': 'stack0_top'},{'from': 'Chiplet_6', 'to': 'Chiplet_3', 'connection_type': '2.5d_emib', 'loc': '2.5d_chiplet'},{'from': 'Chiplet_6', 'to': 'Chiplet_1', 'connection_type': '2.5d_emib', 'loc': '2.5d_chiplet'},{'from': 'Chiplet_1', 'to': 'Chiplet_3', 'connection_type': '2.5d_emib', 'loc': '2.5d_chiplet'},{'from': 'Chiplet_1', 'to': 'Chiplet_6', 'connection_type': '2.5d_emib', 'loc': '2.5d_chiplet'},{'from': 'Chiplet_3', 'to': 'Chiplet_1', 'connection_type': '2.5d_emib', 'loc': '2.5d_chiplet'},{'from': 'Chiplet_3', 'to': 'Chiplet_6', 'connection_type': '2.5d_emib', 'loc': '2.5d_chiplet'}",1,1,1,1,1,3,ddr4,bow,ucie_3d,1,0,is,0,0,0
366,25.256004432812126,3014801.56,76907.5481224077,4335325711.67405,1099439.9038759582,730360.1367211574,366,2.972908090547913,5.538366334949999,2048,128x128,10,0.916436759447044,1.3845915837374998,1024,64x64,10,14.117807839976791,15.979573171754398,6144,192x192,14,1.7117881800824635,3.1172648505374996,1536,96x96,10,1.51595254,4.475,1024,128x128,7,1.578984604787535,1.7054115854749998,768,64x64,14,2.5d_3d,"{'from': 'Chiplet_3', 'to': 'Chiplet_6', 'connection_type': '3d_tsv', 'loc': 'stack0_base'},{'from': 'Chiplet_6', 'to': 'na', 'connection_type': '3d_tsv', 'loc': 'stack0_top'},{'from': 'Chiplet_3', 'to': 'Chiplet_1', 'connection_type': '2.5d_rdl', 'loc': '2.5d_chiplet'},{'from': 'Chiplet_3', 'to': 'Chiplet_4', 'connection_type': '2.5d_rdl', 'loc': '2.5d_chiplet'},{'from': 'Chiplet_1', 'to': 'Chiplet_5', 'connection_type': '2.5d_rdl', 'loc': '2.5d_chiplet'},{'from': 'Chiplet_1', 'to': 'Chiplet_3', 'connection_type': '2.5d_rdl', 'loc': '2.5d_chiplet'},{'from': 'Chiplet_1', 'to': 'Chiplet_2', 'connection_type': '2.5d_rdl', 'loc': '2.5d_chiplet'},{'from': 'Chiplet_1', 'to': 'Chiplet_4', 'connection_type': '2.5d_rdl', 'loc': '2.5d_chiplet'},{'from': 'Chiplet_2', 'to': 'Chiplet_5', 'connection_type': '2.5d_rdl', 'loc': '2.5d_chiplet'},{'from': 'Chiplet_2', 'to': 'Chiplet_1', 'connection_type': '2.5d_rdl', 'loc': '2.5d_chiplet'},{'from': 'Chiplet_4', 'to': 'Chiplet_5', 'connection_type': '2.5d_rdl', 'loc': '2.5d_chiplet'},{'from': 'Chiplet_4', 'to': 'Chiplet_3', 'connection_type': '2.5d_rdl', 'loc': '2.5d_chiplet'},{'from': 'Chiplet_4', 'to': 'Chiplet_1', 'connection_type': '2.5d_rdl', 'loc': '2.5d_chiplet'},{'from': 'Chiplet_5', 'to': 'Chiplet_1', 'connection_type': '2.5d_rdl', 'loc': '2.5d_chiplet'},{'from': 'Chiplet_5', 'to': 'Chiplet_2', 'connection_type': '2.5d_rdl', 'loc': '2.5d_chiplet'},{'from': 'Chiplet_5', 'to': 'Chiplet_4', 'connection_type': '2.5d_rdl', 'loc': '2.5d_chiplet'}",1,1,3,1,1,1,ddr4,ucie_std,ucie_3d,1,0,is,1,0,0
367,21.934140994581465,4387249.26,131588.77270747602,1755481010.692421,34712.45916245916,60495.82368704122,367,0.656621759447044,1.3845915837374998,256,64x64,10,6.726740457366197,12.973514847541198,4096,192x192,10,7.419580457366196,12.973514847541198,6144,192x192,10,1.131132696,2.51875,1536,96x96,7,6.033899457366197,12.973514847541198,2048,192x192,10,0.829831759447044,1.3845915837374998,768,64x64,10,2.5d_3d,"{'from': 'Chiplet_3', 'to': 'Chiplet_5', 'connection_type': '3d_hyb_bond', 'loc': 'stack0_base'},{'from': 'Chiplet_5', 'to': 'Chiplet_4', 'connection_type': '3d_hyb_bond', 'loc': 'stack0_middle1'},{'from': 'Chiplet_4', 'to': 'Chiplet_1', 'connection_type': '3d_hyb_bond', 'loc': 'stack0_middle2'},{'from': 'Chiplet_1', 'to': 'na', 'connection_type': '3d_hyb_bond', 'loc': 'stack0_top'},{'from': 'Chiplet_3', 'to': 'Chiplet_6', 'connection_type': '2.5d_emib', 'loc': '2.5d_chiplet'},{'from': 'Chiplet_3', 'to': 'Chiplet_2', 'connection_type': '2.5d_emib', 'loc': '2.5d_chiplet'},{'from': 'Chiplet_2', 'to': 'Chiplet_3', 'connection_type': '2.5d_emib', 'loc': '2.5d_chiplet'},{'from': 'Chiplet_2', 'to': 'Chiplet_6', 'connection_type': '2.5d_emib', 'loc': '2.5d_chiplet'},{'from': 'Chiplet_6', 'to': 'Chiplet_3', 'connection_type': '2.5d_emib', 'loc': '2.5d_chiplet'},{'from': 'Chiplet_6', 'to': 'Chiplet_2', 'connection_type': '2.5d_emib', 'loc': '2.5d_chiplet'}",1,4,5,1,4,1,hbm3,aib,ucie_3d,1,0,os,0,0,0
368,23.13185339301099,2444066.39,64996.851041386886,4080226777.239312,664910.4383146918,417728.20493524865,368,1.304342696,2.51875,2048,96x96,7,1.3653681800824635,3.1172648505374996,512,96x96,10,2.55521354,4.475,4096,128x128,7,3.5867297574793953,3.8395579270749995,2048,96x96,14,0.46559300000000003,1.11875,512,64x64,7,6.033899457366197,12.973514847541198,2048,192x192,10,2.5d,"{'from': 'Chiplet_6', 'to': 'Chiplet_5', 'connection_type': '2.5d_rdl', 'loc': '2.5d_chiplet'},{'from': 'Chiplet_6', 'to': 'Chiplet_3', 'connection_type': '2.5d_rdl', 'loc': '2.5d_chiplet'},{'from': 'Chiplet_6', 'to': 'Chiplet_2', 'connection_type': '2.5d_rdl', 'loc': '2.5d_chiplet'},{'from': 'Chiplet_6', 'to': 'Chiplet_4', 'connection_type': '2.5d_rdl', 'loc': '2.5d_chiplet'},{'from': 'Chiplet_2', 'to': 'Chiplet_5', 'connection_type': '2.5d_rdl', 'loc': '2.5d_chiplet'},{'from': 'Chiplet_2', 'to': 'Chiplet_6', 'connection_type': '2.5d_rdl', 'loc': '2.5d_chiplet'},{'from': 'Chiplet_5', 'to': 'Chiplet_6', 'connection_type': '2.5d_rdl', 'loc': '2.5d_chiplet'},{'from': 'Chiplet_5', 'to': 'Chiplet_2', 'connection_type': '2.5d_rdl', 'loc': '2.5d_chiplet'},{'from': 'Chiplet_4', 'to': 'Chiplet_3', 'connection_type': '2.5d_rdl', 'loc': '2.5d_chiplet'},{'from': 'Chiplet_4', 'to': 'Chiplet_1', 'connection_type': '2.5d_rdl', 'loc': '2.5d_chiplet'},{'from': 'Chiplet_4', 'to': 'Chiplet_6', 'connection_type': '2.5d_rdl', 'loc': '2.5d_chiplet'},{'from': 'Chiplet_3', 'to': 'Chiplet_1', 'connection_type': '2.5d_rdl', 'loc': '2.5d_chiplet'},{'from': 'Chiplet_3', 'to': 'Chiplet_6', 'connection_type': '2.5d_rdl', 'loc': '2.5d_chiplet'},{'from': 'Chiplet_3', 'to': 'Chiplet_4', 'connection_type': '2.5d_rdl', 'loc': '2.5d_chiplet'},{'from': 'Chiplet_1', 'to': 'Chiplet_3', 'connection_type': '2.5d_rdl', 'loc': '2.5d_chiplet'},{'from': 'Chiplet_1', 'to': 'Chiplet_4', 'connection_type': '2.5d_rdl', 'loc': '2.5d_chiplet'}",1,1,1,1,1,3,ddr4,ucie_std,na,1,0,os,1,0,0
369,26.810932676118934,2311430.25,56838.346426856806,3134050460.1909685,1347944.5792363393,683722.7117197824,369,6.726740457366197,12.973514847541198,4096,192x192,10,0.378988,1.11875,256,64x64,7,0.957922696,2.51875,1024,96x96,7,3.2571509657793953,3.8395579270749995,1536,96x96,14,1.578984604787535,1.7054115854749998,768,64x64,14,1.8849981800824636,3.1172648505374996,2048,96x96,10,2.5d,"{'from': 'Chiplet_1', 'to': 'Chiplet_2', 'connection_type': '2.5d_rdl', 'loc': '2.5d_chiplet'},{'from': 'Chiplet_1', 'to': 'Chiplet_4', 'connection_type': '2.5d_rdl', 'loc': '2.5d_chiplet'},{'from': 'Chiplet_2', 'to': 'Chiplet_1', 'connection_type': '2.5d_rdl', 'loc': '2.5d_chiplet'},{'from': 'Chiplet_2', 'to': 'Chiplet_4', 'connection_type': '2.5d_rdl', 'loc': '2.5d_chiplet'},{'from': 'Chiplet_4', 'to': 'Chiplet_5', 'connection_type': '2.5d_rdl', 'loc': '2.5d_chiplet'},{'from': 'Chiplet_4', 'to': 'Chiplet_1', 'connection_type': '2.5d_rdl', 'loc': '2.5d_chiplet'},{'from': 'Chiplet_4', 'to': 'Chiplet_2', 'connection_type': '2.5d_rdl', 'loc': '2.5d_chiplet'},{'from': 'Chiplet_4', 'to': 'Chiplet_6', 'connection_type': '2.5d_rdl', 'loc': '2.5d_chiplet'},{'from': 'Chiplet_4', 'to': 'Chiplet_3', 'connection_type': '2.5d_rdl', 'loc': '2.5d_chiplet'},{'from': 'Chiplet_3', 'to': 'Chiplet_5', 'connection_type': '2.5d_rdl', 'loc': '2.5d_chiplet'},{'from': 'Chiplet_3', 'to': 'Chiplet_4', 'connection_type': '2.5d_rdl', 'loc': '2.5d_chiplet'},{'from': 'Chiplet_6', 'to': 'Chiplet_5', 'connection_type': '2.5d_rdl', 'loc': '2.5d_chiplet'},{'from': 'Chiplet_6', 'to': 'Chiplet_4', 'connection_type': '2.5d_rdl', 'loc': '2.5d_chiplet'},{'from': 'Chiplet_5', 'to': 'Chiplet_3', 'connection_type': '2.5d_rdl', 'loc': '2.5d_chiplet'},{'from': 'Chiplet_5', 'to': 'Chiplet_6', 'connection_type': '2.5d_rdl', 'loc': '2.5d_chiplet'},{'from': 'Chiplet_5', 'to': 'Chiplet_4', 'connection_type': '2.5d_rdl', 'loc': '2.5d_chiplet'}",3,1,1,1,1,1,ddr5,ucie_std,na,1,0,is,1,0,0
370,15.775893335352242,1652484.75,47406.305147421386,4258385648.32584,677644.5588904504,330797.6541902299,370,0.743226759447044,1.3845915837374998,512,64x64,10,0.46559300000000003,1.11875,512,64x64,7,1.743774000637535,1.7054115854749998,1024,64x64,14,1.743774000637535,1.7054115854749998,1024,64x64,14,6.726740457366197,12.973514847541198,4096,192x192,10,0.656621759447044,1.3845915837374998,256,64x64,10,2.5d,"{'from': 'Chiplet_5', 'to': 'Chiplet_3', 'connection_type': '2.5d_rdl', 'loc': '2.5d_chiplet'},{'from': 'Chiplet_5', 'to': 'Chiplet_4', 'connection_type': '2.5d_rdl', 'loc': '2.5d_chiplet'},{'from': 'Chiplet_3', 'to': 'Chiplet_5', 'connection_type': '2.5d_rdl', 'loc': '2.5d_chiplet'},{'from': 'Chiplet_3', 'to': 'Chiplet_1', 'connection_type': '2.5d_rdl', 'loc': '2.5d_chiplet'},{'from': 'Chiplet_3', 'to': 'Chiplet_4', 'connection_type': '2.5d_rdl', 'loc': '2.5d_chiplet'},{'from': 'Chiplet_1', 'to': 'Chiplet_3', 'connection_type': '2.5d_rdl', 'loc': '2.5d_chiplet'},{'from': 'Chiplet_1', 'to': 'Chiplet_6', 'connection_type': '2.5d_rdl', 'loc': '2.5d_chiplet'},{'from': 'Chiplet_4', 'to': 'Chiplet_5', 'connection_type': '2.5d_rdl', 'loc': '2.5d_chiplet'},{'from': 'Chiplet_4', 'to': 'Chiplet_6', 'connection_type': '2.5d_rdl', 'loc': '2.5d_chiplet'},{'from': 'Chiplet_4', 'to': 'Chiplet_2', 'connection_type': '2.5d_rdl', 'loc': '2.5d_chiplet'},{'from': 'Chiplet_4', 'to': 'Chiplet_3', 'connection_type': '2.5d_rdl', 'loc': '2.5d_chiplet'},{'from': 'Chiplet_6', 'to': 'Chiplet_1', 'connection_type': '2.5d_rdl', 'loc': '2.5d_chiplet'},{'from': 'Chiplet_6', 'to': 'Chiplet_2', 'connection_type': '2.5d_rdl', 'loc': '2.5d_chiplet'},{'from': 'Chiplet_6', 'to': 'Chiplet_4', 'connection_type': '2.5d_rdl', 'loc': '2.5d_chiplet'},{'from': 'Chiplet_2', 'to': 'Chiplet_6', 'connection_type': '2.5d_rdl', 'loc': '2.5d_chiplet'},{'from': 'Chiplet_2', 'to': 'Chiplet_4', 'connection_type': '2.5d_rdl', 'loc': '2.5d_chiplet'}",1,1,1,1,3,1,ddr4,ucie_std,na,0,0,os,1,0,0
371,29.037090566536758,3498264.65,93754.69776105706,5178964642.045379,98433.03474484256,158190.3376541522,371,5.5109919519999995,10.4826,8192,192x192,7,2.55521354,4.475,4096,128x128,7,1.249405813087535,1.7054115854749998,256,64x64,14,2.20879254,4.475,3072,128x128,7,5.656782838920179,6.821646341899999,2048,128x128,14,6.315940422320179,6.821646341899999,3072,128x128,14,2.5d,"{'from': 'Chiplet_6', 'to': 'Chiplet_5', 'connection_type': '2.5d_rdl', 'loc': '2.5d_chiplet'},{'from': 'Chiplet_6', 'to': 'Chiplet_2', 'connection_type': '2.5d_rdl', 'loc': '2.5d_chiplet'},{'from': 'Chiplet_6', 'to': 'Chiplet_4', 'connection_type': '2.5d_rdl', 'loc': '2.5d_chiplet'},{'from': 'Chiplet_2', 'to': 'Chiplet_3', 'connection_type': '2.5d_rdl', 'loc': '2.5d_chiplet'},{'from': 'Chiplet_2', 'to': 'Chiplet_6', 'connection_type': '2.5d_rdl', 'loc': '2.5d_chiplet'},{'from': 'Chiplet_2', 'to': 'Chiplet_4', 'connection_type': '2.5d_rdl', 'loc': '2.5d_chiplet'},{'from': 'Chiplet_4', 'to': 'Chiplet_3', 'connection_type': '2.5d_rdl', 'loc': '2.5d_chiplet'},{'from': 'Chiplet_4', 'to': 'Chiplet_1', 'connection_type': '2.5d_rdl', 'loc': '2.5d_chiplet'},{'from': 'Chiplet_4', 'to': 'Chiplet_2', 'connection_type': '2.5d_rdl', 'loc': '2.5d_chiplet'},{'from': 'Chiplet_4', 'to': 'Chiplet_6', 'connection_type': '2.5d_rdl', 'loc': '2.5d_chiplet'},{'from': 'Chiplet_3', 'to': 'Chiplet_2', 'connection_type': '2.5d_rdl', 'loc': '2.5d_chiplet'},{'from': 'Chiplet_3', 'to': 'Chiplet_4', 'connection_type': '2.5d_rdl', 'loc': '2.5d_chiplet'},{'from': 'Chiplet_5', 'to': 'Chiplet_1', 'connection_type': '2.5d_rdl', 'loc': '2.5d_chiplet'},{'from': 'Chiplet_5', 'to': 'Chiplet_6', 'connection_type': '2.5d_rdl', 'loc': '2.5d_chiplet'},{'from': 'Chiplet_1', 'to': 'Chiplet_5', 'connection_type': '2.5d_rdl', 'loc': '2.5d_chiplet'},{'from': 'Chiplet_1', 'to': 'Chiplet_4', 'connection_type': '2.5d_rdl', 'loc': '2.5d_chiplet'}",1,1,1,1,2,2,ddr5,ucie_std,na,0,0,is,0,0,0
372,44.10399707347767,5762596.05,111695.45523607977,2174618872.9528794,431572.95741789916,429761.79358498595,372,5.656782838920179,6.821646341899999,2048,128x128,14,3.3193280905479132,5.538366334949999,3072,128x128,10,1.7117881800824635,3.1172648505374996,1536,96x96,10,15.436124909546791,15.979573171754398,8192,192x192,14,1.249405813087535,1.7054115854749998,256,64x64,14,12.799492673176792,15.979573171754398,4096,192x192,14,2.5d_3d,"{'from': 'Chiplet_6', 'to': 'Chiplet_1', 'connection_type': '3d_tsv', 'loc': 'stack0_base'},{'from': 'Chiplet_1', 'to': 'Chiplet_3', 'connection_type': '3d_tsv', 'loc': 'stack0_middle1'},{'from': 'Chiplet_3', 'to': 'Chiplet_5', 'connection_type': '3d_tsv', 'loc': 'stack0_middle2'},{'from': 'Chiplet_5', 'to': 'na', 'connection_type': '3d_tsv', 'loc': 'stack0_top'},{'from': 'Chiplet_4', 'to': 'Chiplet_6', 'connection_type': '2.5d_rdl', 'loc': '2.5d_chiplet'},{'from': 'Chiplet_4', 'to': 'Chiplet_2', 'connection_type': '2.5d_rdl', 'loc': '2.5d_chiplet'},{'from': 'Chiplet_6', 'to': 'Chiplet_2', 'connection_type': '2.5d_rdl', 'loc': '2.5d_chiplet'},{'from': 'Chiplet_6', 'to': 'Chiplet_4', 'connection_type': '2.5d_rdl', 'loc': '2.5d_chiplet'},{'from': 'Chiplet_2', 'to': 'Chiplet_6', 'connection_type': '2.5d_rdl', 'loc': '2.5d_chiplet'},{'from': 'Chiplet_2', 'to': 'Chiplet_4', 'connection_type': '2.5d_rdl', 'loc': '2.5d_chiplet'}",2,1,1,6,1,5,hbm2,ucie_std,ucie_3d,1,0,os,1,0,0
373,49.54290607998825,4801802.91,202132.94067733994,4724885980.752377,45475.044824775876,133434.6646426699,373,3.432469952,10.4826,2048,192x192,7,3.2571509657793953,3.8395579270749995,1536,96x96,14,11.481175603606792,15.979573171754398,2048,192x192,14,3.2571509657793953,3.8395579270749995,1536,96x96,14,11.481175603606792,15.979573171754398,2048,192x192,14,3.3193280905479132,5.538366334949999,3072,128x128,10,2.5d,"{'from': 'Chiplet_3', 'to': 'Chiplet_5', 'connection_type': '2.5d_emib', 'loc': '2.5d_chiplet'},{'from': 'Chiplet_3', 'to': 'Chiplet_1', 'connection_type': '2.5d_emib', 'loc': '2.5d_chiplet'},{'from': 'Chiplet_3', 'to': 'Chiplet_4', 'connection_type': '2.5d_emib', 'loc': '2.5d_chiplet'},{'from': 'Chiplet_1', 'to': 'Chiplet_3', 'connection_type': '2.5d_emib', 'loc': '2.5d_chiplet'},{'from': 'Chiplet_1', 'to': 'Chiplet_4', 'connection_type': '2.5d_emib', 'loc': '2.5d_chiplet'},{'from': 'Chiplet_4', 'to': 'Chiplet_3', 'connection_type': '2.5d_emib', 'loc': '2.5d_chiplet'},{'from': 'Chiplet_4', 'to': 'Chiplet_1', 'connection_type': '2.5d_emib', 'loc': '2.5d_chiplet'},{'from': 'Chiplet_5', 'to': 'Chiplet_3', 'connection_type': '2.5d_emib', 'loc': '2.5d_chiplet'},{'from': 'Chiplet_5', 'to': 'Chiplet_6', 'connection_type': '2.5d_emib', 'loc': '2.5d_chiplet'},{'from': 'Chiplet_5', 'to': 'Chiplet_2', 'connection_type': '2.5d_emib', 'loc': '2.5d_chiplet'},{'from': 'Chiplet_6', 'to': 'Chiplet_5', 'connection_type': '2.5d_emib', 'loc': '2.5d_chiplet'},{'from': 'Chiplet_6', 'to': 'Chiplet_2', 'connection_type': '2.5d_emib', 'loc': '2.5d_chiplet'},{'from': 'Chiplet_2', 'to': 'Chiplet_5', 'connection_type': '2.5d_emib', 'loc': '2.5d_chiplet'},{'from': 'Chiplet_2', 'to': 'Chiplet_6', 'connection_type': '2.5d_emib', 'loc': '2.5d_chiplet'}",1,1,2,1,2,1,ddr5,ucie_adv,na,1,0,os,0,0,0
374,30.703803193509994,2662381.78,160237.98139536893,10237840297.09137,188741.7320261438,278905.23155645665,374,2.597993382379395,3.8395579270749995,512,96x96,14,3.665749090547913,5.538366334949999,4096,128x128,10,0.656621759447044,1.3845915837374998,256,64x64,10,1.4141952089375351,1.7054115854749998,512,64x64,14,4.9976252555201786,6.821646341899999,1024,128x128,14,6.975099908490179,6.821646341899999,4096,128x128,14,2.5d,"{'from': 'Chiplet_6', 'to': 'Chiplet_5', 'connection_type': '2.5d_emib', 'loc': '2.5d_chiplet'},{'from': 'Chiplet_6', 'to': 'Chiplet_1', 'connection_type': '2.5d_emib', 'loc': '2.5d_chiplet'},{'from': 'Chiplet_6', 'to': 'Chiplet_2', 'connection_type': '2.5d_emib', 'loc': '2.5d_chiplet'},{'from': 'Chiplet_6', 'to': 'Chiplet_3', 'connection_type': '2.5d_emib', 'loc': '2.5d_chiplet'},{'from': 'Chiplet_1', 'to': 'Chiplet_3', 'connection_type': '2.5d_emib', 'loc': '2.5d_chiplet'},{'from': 'Chiplet_1', 'to': 'Chiplet_6', 'connection_type': '2.5d_emib', 'loc': '2.5d_chiplet'},{'from': 'Chiplet_3', 'to': 'Chiplet_1', 'connection_type': '2.5d_emib', 'loc': '2.5d_chiplet'},{'from': 'Chiplet_3', 'to': 'Chiplet_6', 'connection_type': '2.5d_emib', 'loc': '2.5d_chiplet'},{'from': 'Chiplet_5', 'to': 'Chiplet_6', 'connection_type': '2.5d_emib', 'loc': '2.5d_chiplet'},{'from': 'Chiplet_5', 'to': 'Chiplet_2', 'connection_type': '2.5d_emib', 'loc': '2.5d_chiplet'},{'from': 'Chiplet_5', 'to': 'Chiplet_4', 'connection_type': '2.5d_emib', 'loc': '2.5d_chiplet'},{'from': 'Chiplet_2', 'to': 'Chiplet_5', 'connection_type': '2.5d_emib', 'loc': '2.5d_chiplet'},{'from': 'Chiplet_2', 'to': 'Chiplet_6', 'connection_type': '2.5d_emib', 'loc': '2.5d_chiplet'},{'from': 'Chiplet_2', 'to': 'Chiplet_4', 'connection_type': '2.5d_emib', 'loc': '2.5d_chiplet'},{'from': 'Chiplet_4', 'to': 'Chiplet_5', 'connection_type': '2.5d_emib', 'loc': '2.5d_chiplet'},{'from': 'Chiplet_4', 'to': 'Chiplet_2', 'connection_type': '2.5d_emib', 'loc': '2.5d_chiplet'}",1,1,1,1,2,2,ddr4,aib,na,0,0,is,0,0,0
375,34.13372664136736,4711052.1,94408.57364623937,2242893594.753396,116916.66666666666,134201.9316765559,375,2.6264880905479133,5.538366334949999,1024,128x128,10,2.972908090547913,5.538366334949999,2048,128x128,10,12.799492673176792,15.979573171754398,4096,192x192,14,3.5867297574793953,3.8395579270749995,2048,96x96,14,2.972908090547913,5.538366334949999,2048,128x128,10,5.656782838920179,6.821646341899999,2048,128x128,14,2.5d_3d,"{'from': 'Chiplet_2', 'to': 'Chiplet_5', 'connection_type': '3d_u_bump', 'loc': 'stack0_base'},{'from': 'Chiplet_5', 'to': 'na', 'connection_type': '3d_u_bump', 'loc': 'stack0_top'},{'from': 'Chiplet_3', 'to': 'Chiplet_6', 'connection_type': '2.5d_rdl', 'loc': '2.5d_chiplet'},{'from': 'Chiplet_3', 'to': 'Chiplet_4', 'connection_type': '2.5d_rdl', 'loc': '2.5d_chiplet'},{'from': 'Chiplet_6', 'to': 'Chiplet_3', 'connection_type': '2.5d_rdl', 'loc': '2.5d_chiplet'},{'from': 'Chiplet_6', 'to': 'Chiplet_1', 'connection_type': '2.5d_rdl', 'loc': '2.5d_chiplet'},{'from': 'Chiplet_6', 'to': 'Chiplet_2', 'connection_type': '2.5d_rdl', 'loc': '2.5d_chiplet'},{'from': 'Chiplet_6', 'to': 'Chiplet_4', 'connection_type': '2.5d_rdl', 'loc': '2.5d_chiplet'},{'from': 'Chiplet_1', 'to': 'Chiplet_6', 'connection_type': '2.5d_rdl', 'loc': '2.5d_chiplet'},{'from': 'Chiplet_1', 'to': 'Chiplet_2', 'connection_type': '2.5d_rdl', 'loc': '2.5d_chiplet'},{'from': 'Chiplet_4', 'to': 'Chiplet_3', 'connection_type': '2.5d_rdl', 'loc': '2.5d_chiplet'},{'from': 'Chiplet_4', 'to': 'Chiplet_6', 'connection_type': '2.5d_rdl', 'loc': '2.5d_chiplet'},{'from': 'Chiplet_4', 'to': 'Chiplet_2', 'connection_type': '2.5d_rdl', 'loc': '2.5d_chiplet'},{'from': 'Chiplet_2', 'to': 'Chiplet_1', 'connection_type': '2.5d_rdl', 'loc': '2.5d_chiplet'},{'from': 'Chiplet_2', 'to': 'Chiplet_6', 'connection_type': '2.5d_rdl', 'loc': '2.5d_chiplet'},{'from': 'Chiplet_2', 'to': 'Chiplet_4', 'connection_type': '2.5d_rdl', 'loc': '2.5d_chiplet'}",1,2,7,2,1,3,hbm2,ucie_std,ucie_3d,0,0,is,0,0,0
376,29.53658733776328,4058550.63,79997.03502766803,1642663263.6020653,85917.0,94676.8510090555,376,0.784712696,2.51875,512,96x96,7,1.7117881800824635,3.1172648505374996,1536,96x96,10,11.481175603606792,15.979573171754398,2048,192x192,14,1.8849981800824636,3.1172648505374996,2048,96x96,10,6.726740457366197,12.973514847541198,4096,192x192,10,1.7117881800824635,3.1172648505374996,1536,96x96,10,2.5d_3d,"{'from': 'Chiplet_5', 'to': 'Chiplet_6', 'connection_type': '3d_tsv', 'loc': 'stack0_base'},{'from': 'Chiplet_6', 'to': 'Chiplet_2', 'connection_type': '3d_tsv', 'loc': 'stack0_middle1'},{'from': 'Chiplet_2', 'to': 'Chiplet_1', 'connection_type': '3d_tsv', 'loc': 'stack0_middle2'},{'from': 'Chiplet_1', 'to': 'na', 'connection_type': '3d_tsv', 'loc': 'stack0_top'},{'from': 'Chiplet_3', 'to': 'Chiplet_5', 'connection_type': '2.5d_rdl', 'loc': '2.5d_chiplet'},{'from': 'Chiplet_3', 'to': 'Chiplet_4', 'connection_type': '2.5d_rdl', 'loc': '2.5d_chiplet'},{'from': 'Chiplet_5', 'to': 'Chiplet_3', 'connection_type': '2.5d_rdl', 'loc': '2.5d_chiplet'},{'from': 'Chiplet_5', 'to': 'Chiplet_4', 'connection_type': '2.5d_rdl', 'loc': '2.5d_chiplet'},{'from': 'Chiplet_4', 'to': 'Chiplet_5', 'connection_type': '2.5d_rdl', 'loc': '2.5d_chiplet'},{'from': 'Chiplet_4', 'to': 'Chiplet_3', 'connection_type': '2.5d_rdl', 'loc': '2.5d_chiplet'}",1,1,8,1,4,1,hbm3,ucie_std,ucie_3d,1,0,ws,0,0,0
377,23.890815897523762,2774459.73,73259.10163832513,6477572509.8912525,70762.05882352941,161141.89473180808,377,2.597993382379395,3.8395579270749995,512,96x96,14,0.784712696,2.51875,512,96x96,7,4.818150952,10.4826,6144,192x192,7,0.552198,1.11875,768,64x64,7,4.1253109519999995,10.4826,4096,192x192,7,2.597993382379395,3.8395579270749995,512,96x96,14,2.5d,"{'from': 'Chiplet_3', 'to': 'Chiplet_5', 'connection_type': '2.5d_rdl', 'loc': '2.5d_chiplet'},{'from': 'Chiplet_3', 'to': 'Chiplet_1', 'connection_type': '2.5d_rdl', 'loc': '2.5d_chiplet'},{'from': 'Chiplet_3', 'to': 'Chiplet_6', 'connection_type': '2.5d_rdl', 'loc': '2.5d_chiplet'},{'from': 'Chiplet_3', 'to': 'Chiplet_4', 'connection_type': '2.5d_rdl', 'loc': '2.5d_chiplet'},{'from': 'Chiplet_6', 'to': 'Chiplet_3', 'connection_type': '2.5d_rdl', 'loc': '2.5d_chiplet'},{'from': 'Chiplet_6', 'to': 'Chiplet_4', 'connection_type': '2.5d_rdl', 'loc': '2.5d_chiplet'},{'from': 'Chiplet_4', 'to': 'Chiplet_3', 'connection_type': '2.5d_rdl', 'loc': '2.5d_chiplet'},{'from': 'Chiplet_4', 'to': 'Chiplet_6', 'connection_type': '2.5d_rdl', 'loc': '2.5d_chiplet'},{'from': 'Chiplet_5', 'to': 'Chiplet_3', 'connection_type': '2.5d_rdl', 'loc': '2.5d_chiplet'},{'from': 'Chiplet_5', 'to': 'Chiplet_1', 'connection_type': '2.5d_rdl', 'loc': '2.5d_chiplet'},{'from': 'Chiplet_5', 'to': 'Chiplet_2', 'connection_type': '2.5d_rdl', 'loc': '2.5d_chiplet'},{'from': 'Chiplet_1', 'to': 'Chiplet_5', 'connection_type': '2.5d_rdl', 'loc': '2.5d_chiplet'},{'from': 'Chiplet_1', 'to': 'Chiplet_3', 'connection_type': '2.5d_rdl', 'loc': '2.5d_chiplet'},{'from': 'Chiplet_1', 'to': 'Chiplet_2', 'connection_type': '2.5d_rdl', 'loc': '2.5d_chiplet'},{'from': 'Chiplet_2', 'to': 'Chiplet_5', 'connection_type': '2.5d_rdl', 'loc': '2.5d_chiplet'},{'from': 'Chiplet_2', 'to': 'Chiplet_1', 'connection_type': '2.5d_rdl', 'loc': '2.5d_chiplet'}",1,1,2,1,2,1,ddr4,ucie_std,na,1,0,ws,0,0,0
378,16.502001085020606,2337796.58,57195.34847023566,4300523659.85569,402908.5613672851,252745.2184719015,378,4.1253109519999995,10.4826,4096,192x192,7,0.743226759447044,1.3845915837374998,512,64x64,10,3.5867297574793953,3.8395579270749995,2048,96x96,14,0.916436759447044,1.3845915837374998,1024,64x64,10,0.957922696,2.51875,1024,96x96,7,3.5867297574793953,3.8395579270749995,2048,96x96,14,2.5d_3d,"{'from': 'Chiplet_5', 'to': 'Chiplet_2', 'connection_type': '3d_hyb_bond', 'loc': 'stack0_base'},{'from': 'Chiplet_2', 'to': 'na', 'connection_type': '3d_hyb_bond', 'loc': 'stack0_top'},{'from': 'Chiplet_1', 'to': 'Chiplet_5', 'connection_type': '2.5d_rdl', 'loc': '2.5d_chiplet'},{'from': 'Chiplet_1', 'to': 'Chiplet_3', 'connection_type': '2.5d_rdl', 'loc': '2.5d_chiplet'},{'from': 'Chiplet_1', 'to': 'Chiplet_4', 'connection_type': '2.5d_rdl', 'loc': '2.5d_chiplet'},{'from': 'Chiplet_5', 'to': 'Chiplet_1', 'connection_type': '2.5d_rdl', 'loc': '2.5d_chiplet'},{'from': 'Chiplet_5', 'to': 'Chiplet_4', 'connection_type': '2.5d_rdl', 'loc': '2.5d_chiplet'},{'from': 'Chiplet_4', 'to': 'Chiplet_5', 'connection_type': '2.5d_rdl', 'loc': '2.5d_chiplet'},{'from': 'Chiplet_4', 'to': 'Chiplet_1', 'connection_type': '2.5d_rdl', 'loc': '2.5d_chiplet'},{'from': 'Chiplet_4', 'to': 'Chiplet_6', 'connection_type': '2.5d_rdl', 'loc': '2.5d_chiplet'},{'from': 'Chiplet_3', 'to': 'Chiplet_1', 'connection_type': '2.5d_rdl', 'loc': '2.5d_chiplet'},{'from': 'Chiplet_3', 'to': 'Chiplet_6', 'connection_type': '2.5d_rdl', 'loc': '2.5d_chiplet'},{'from': 'Chiplet_6', 'to': 'Chiplet_3', 'connection_type': '2.5d_rdl', 'loc': '2.5d_chiplet'},{'from': 'Chiplet_6', 'to': 'Chiplet_4', 'connection_type': '2.5d_rdl', 'loc': '2.5d_chiplet'}",2,1,2,1,1,1,ddr4,ucie_std,ucie_3d,0,0,ws,1,0,0
379,44.98002205573398,5459077.21,125884.70458423528,4945718101.3404875,39790.66422167889,135280.61222282547,379,4.9976252555201786,6.821646341899999,1024,128x128,14,4.818150952,10.4826,6144,192x192,7,6.726740457366197,12.973514847541198,4096,192x192,10,3.432469952,10.4826,2048,192x192,7,12.799492673176792,15.979573171754398,4096,192x192,14,2.597993382379395,3.8395579270749995,512,96x96,14,2.5d_3d,"{'from': 'Chiplet_4', 'to': 'Chiplet_6', 'connection_type': '3d_tsv', 'loc': 'stack0_base'},{'from': 'Chiplet_6', 'to': 'na', 'connection_type': '3d_tsv', 'loc': 'stack0_top'},{'from': 'Chiplet_5', 'to': 'Chiplet_3', 'connection_type': '2.5d_rdl', 'loc': '2.5d_chiplet'},{'from': 'Chiplet_5', 'to': 'Chiplet_1', 'connection_type': '2.5d_rdl', 'loc': '2.5d_chiplet'},{'from': 'Chiplet_5', 'to': 'Chiplet_4', 'connection_type': '2.5d_rdl', 'loc': '2.5d_chiplet'},{'from': 'Chiplet_4', 'to': 'Chiplet_5', 'connection_type': '2.5d_rdl', 'loc': '2.5d_chiplet'},{'from': 'Chiplet_4', 'to': 'Chiplet_1', 'connection_type': '2.5d_rdl', 'loc': '2.5d_chiplet'},{'from': 'Chiplet_3', 'to': 'Chiplet_5', 'connection_type': '2.5d_rdl', 'loc': '2.5d_chiplet'},{'from': 'Chiplet_3', 'to': 'Chiplet_1', 'connection_type': '2.5d_rdl', 'loc': '2.5d_chiplet'},{'from': 'Chiplet_3', 'to': 'Chiplet_2', 'connection_type': '2.5d_rdl', 'loc': '2.5d_chiplet'},{'from': 'Chiplet_1', 'to': 'Chiplet_5', 'connection_type': '2.5d_rdl', 'loc': '2.5d_chiplet'},{'from': 'Chiplet_1', 'to': 'Chiplet_2', 'connection_type': '2.5d_rdl', 'loc': '2.5d_chiplet'},{'from': 'Chiplet_1', 'to': 'Chiplet_4', 'connection_type': '2.5d_rdl', 'loc': '2.5d_chiplet'},{'from': 'Chiplet_1', 'to': 'Chiplet_3', 'connection_type': '2.5d_rdl', 'loc': '2.5d_chiplet'},{'from': 'Chiplet_2', 'to': 'Chiplet_3', 'connection_type': '2.5d_rdl', 'loc': '2.5d_chiplet'},{'from': 'Chiplet_2', 'to': 'Chiplet_1', 'connection_type': '2.5d_rdl', 'loc': '2.5d_chiplet'}",1,1,1,1,3,1,ddr5,ucie_std,ucie_3d,0,0,os,0,0,0
380,36.10192742533276,3329197.03,84095.76832911164,4112089529.273469,567350.6101591362,522597.9188537405,380,6.033899457366197,12.973514847541198,2048,192x192,10,2.597993382379395,3.8395579270749995,512,96x96,14,11.481175603606792,15.979573171754398,2048,192x192,14,2.927572174079395,3.8395579270749995,1024,96x96,14,1.5385781800824634,3.1172648505374996,1024,96x96,10,1.7117881800824635,3.1172648505374996,1536,96x96,10,2.5d,"{'from': 'Chiplet_3', 'to': 'Chiplet_1', 'connection_type': '2.5d_rdl', 'loc': '2.5d_chiplet'},{'from': 'Chiplet_3', 'to': 'Chiplet_6', 'connection_type': '2.5d_rdl', 'loc': '2.5d_chiplet'},{'from': 'Chiplet_3', 'to': 'Chiplet_4', 'connection_type': '2.5d_rdl', 'loc': '2.5d_chiplet'},{'from': 'Chiplet_6', 'to': 'Chiplet_3', 'connection_type': '2.5d_rdl', 'loc': '2.5d_chiplet'},{'from': 'Chiplet_6', 'to': 'Chiplet_4', 'connection_type': '2.5d_rdl', 'loc': '2.5d_chiplet'},{'from': 'Chiplet_1', 'to': 'Chiplet_3', 'connection_type': '2.5d_rdl', 'loc': '2.5d_chiplet'},{'from': 'Chiplet_1', 'to': 'Chiplet_2', 'connection_type': '2.5d_rdl', 'loc': '2.5d_chiplet'},{'from': 'Chiplet_1', 'to': 'Chiplet_4', 'connection_type': '2.5d_rdl', 'loc': '2.5d_chiplet'},{'from': 'Chiplet_4', 'to': 'Chiplet_5', 'connection_type': '2.5d_rdl', 'loc': '2.5d_chiplet'},{'from': 'Chiplet_4', 'to': 'Chiplet_1', 'connection_type': '2.5d_rdl', 'loc': '2.5d_chiplet'},{'from': 'Chiplet_4', 'to': 'Chiplet_6', 'connection_type': '2.5d_rdl', 'loc': '2.5d_chiplet'},{'from': 'Chiplet_4', 'to': 'Chiplet_2', 'connection_type': '2.5d_rdl', 'loc': '2.5d_chiplet'},{'from': 'Chiplet_4', 'to': 'Chiplet_3', 'connection_type': '2.5d_rdl', 'loc': '2.5d_chiplet'},{'from': 'Chiplet_2', 'to': 'Chiplet_5', 'connection_type': '2.5d_rdl', 'loc': '2.5d_chiplet'},{'from': 'Chiplet_2', 'to': 'Chiplet_1', 'connection_type': '2.5d_rdl', 'loc': '2.5d_chiplet'},{'from': 'Chiplet_2', 'to': 'Chiplet_4', 'connection_type': '2.5d_rdl', 'loc': '2.5d_chiplet'},{'from': 'Chiplet_5', 'to': 'Chiplet_2', 'connection_type': '2.5d_rdl', 'loc': '2.5d_chiplet'},{'from': 'Chiplet_5', 'to': 'Chiplet_4', 'connection_type': '2.5d_rdl', 'loc': '2.5d_chiplet'}",1,1,3,1,1,1,ddr4,ucie_std,na,0,0,is,1,0,0
381,26.257640492695238,2596674.7,67577.6591058743,4428140472.932361,2069016.300884586,1115832.8735456779,381,2.597993382379395,3.8395579270749995,512,96x96,14,1.86237254,4.475,2048,128x128,7,1.86237254,4.475,2048,128x128,7,1.7117881800824635,3.1172648505374996,1536,96x96,10,5.656782838920179,6.821646341899999,2048,128x128,14,2.55521354,4.475,4096,128x128,7,2.5d,"{'from': 'Chiplet_5', 'to': 'Chiplet_3', 'connection_type': '2.5d_rdl', 'loc': '2.5d_chiplet'},{'from': 'Chiplet_5', 'to': 'Chiplet_1', 'connection_type': '2.5d_rdl', 'loc': '2.5d_chiplet'},{'from': 'Chiplet_3', 'to': 'Chiplet_5', 'connection_type': '2.5d_rdl', 'loc': '2.5d_chiplet'},{'from': 'Chiplet_3', 'to': 'Chiplet_1', 'connection_type': '2.5d_rdl', 'loc': '2.5d_chiplet'},{'from': 'Chiplet_3', 'to': 'Chiplet_6', 'connection_type': '2.5d_rdl', 'loc': '2.5d_chiplet'},{'from': 'Chiplet_1', 'to': 'Chiplet_5', 'connection_type': '2.5d_rdl', 'loc': '2.5d_chiplet'},{'from': 'Chiplet_1', 'to': 'Chiplet_6', 'connection_type': '2.5d_rdl', 'loc': '2.5d_chiplet'},{'from': 'Chiplet_1', 'to': 'Chiplet_4', 'connection_type': '2.5d_rdl', 'loc': '2.5d_chiplet'},{'from': 'Chiplet_1', 'to': 'Chiplet_3', 'connection_type': '2.5d_rdl', 'loc': '2.5d_chiplet'},{'from': 'Chiplet_4', 'to': 'Chiplet_1', 'connection_type': '2.5d_rdl', 'loc': '2.5d_chiplet'},{'from': 'Chiplet_4', 'to': 'Chiplet_2', 'connection_type': '2.5d_rdl', 'loc': '2.5d_chiplet'},{'from': 'Chiplet_6', 'to': 'Chiplet_3', 'connection_type': '2.5d_rdl', 'loc': '2.5d_chiplet'},{'from': 'Chiplet_6', 'to': 'Chiplet_1', 'connection_type': '2.5d_rdl', 'loc': '2.5d_chiplet'},{'from': 'Chiplet_6', 'to': 'Chiplet_2', 'connection_type': '2.5d_rdl', 'loc': '2.5d_chiplet'},{'from': 'Chiplet_2', 'to': 'Chiplet_6', 'connection_type': '2.5d_rdl', 'loc': '2.5d_chiplet'},{'from': 'Chiplet_2', 'to': 'Chiplet_4', 'connection_type': '2.5d_rdl', 'loc': '2.5d_chiplet'}",1,1,1,1,3,1,ddr5,ucie_std,na,0,0,is,1,0,0
382,36.5317453957679,4618666.13,189858.9996800263,2120441140.7902691,271194.8694177554,253733.87503396135,382,4.1253109519999995,10.4826,4096,192x192,7,1.4141952089375351,1.7054115854749998,512,64x64,14,2.597993382379395,3.8395579270749995,512,96x96,14,2.972908090547913,5.538366334949999,2048,128x128,10,14.117807839976791,15.979573171754398,6144,192x192,14,3.3193280905479132,5.538366334949999,3072,128x128,10,2.5d,"{'from': 'Chiplet_5', 'to': 'Chiplet_1', 'connection_type': '2.5d_emib', 'loc': '2.5d_chiplet'},{'from': 'Chiplet_5', 'to': 'Chiplet_6', 'connection_type': '2.5d_emib', 'loc': '2.5d_chiplet'},{'from': 'Chiplet_1', 'to': 'Chiplet_5', 'connection_type': '2.5d_emib', 'loc': '2.5d_chiplet'},{'from': 'Chiplet_1', 'to': 'Chiplet_6', 'connection_type': '2.5d_emib', 'loc': '2.5d_chiplet'},{'from': 'Chiplet_1', 'to': 'Chiplet_4', 'connection_type': '2.5d_emib', 'loc': '2.5d_chiplet'},{'from': 'Chiplet_1', 'to': 'Chiplet_3', 'connection_type': '2.5d_emib', 'loc': '2.5d_chiplet'},{'from': 'Chiplet_3', 'to': 'Chiplet_1', 'connection_type': '2.5d_emib', 'loc': '2.5d_chiplet'},{'from': 'Chiplet_3', 'to': 'Chiplet_4', 'connection_type': '2.5d_emib', 'loc': '2.5d_chiplet'},{'from': 'Chiplet_6', 'to': 'Chiplet_5', 'connection_type': '2.5d_emib', 'loc': '2.5d_chiplet'},{'from': 'Chiplet_6', 'to': 'Chiplet_1', 'connection_type': '2.5d_emib', 'loc': '2.5d_chiplet'},{'from': 'Chiplet_6', 'to': 'Chiplet_2', 'connection_type': '2.5d_emib', 'loc': '2.5d_chiplet'},{'from': 'Chiplet_6', 'to': 'Chiplet_4', 'connection_type': '2.5d_emib', 'loc': '2.5d_chiplet'},{'from': 'Chiplet_4', 'to': 'Chiplet_3', 'connection_type': '2.5d_emib', 'loc': '2.5d_chiplet'},{'from': 'Chiplet_4', 'to': 'Chiplet_1', 'connection_type': '2.5d_emib', 'loc': '2.5d_chiplet'},{'from': 'Chiplet_4', 'to': 'Chiplet_6', 'connection_type': '2.5d_emib', 'loc': '2.5d_chiplet'},{'from': 'Chiplet_4', 'to': 'Chiplet_2', 'connection_type': '2.5d_emib', 'loc': '2.5d_chiplet'},{'from': 'Chiplet_2', 'to': 'Chiplet_6', 'connection_type': '2.5d_emib', 'loc': '2.5d_chiplet'},{'from': 'Chiplet_2', 'to': 'Chiplet_4', 'connection_type': '2.5d_emib', 'loc': '2.5d_chiplet'}",2,1,1,2,8,2,hbm2,aib,na,0,0,os,1,0,0
383,28.980231843091566,3627375.89,77959.39857661088,2048224842.5795515,711720.1592727649,504548.3088994244,383,6.726740457366197,12.973514847541198,4096,192x192,10,3.665749090547913,5.538366334949999,4096,128x128,10,7.419580457366196,12.973514847541198,6144,192x192,10,0.916436759447044,1.3845915837374998,1024,64x64,10,0.638803,1.11875,1024,64x64,7,1.578984604787535,1.7054115854749998,768,64x64,14,2.5d,"{'from': 'Chiplet_3', 'to': 'Chiplet_1', 'connection_type': '2.5d_rdl', 'loc': '2.5d_chiplet'},{'from': 'Chiplet_3', 'to': 'Chiplet_6', 'connection_type': '2.5d_rdl', 'loc': '2.5d_chiplet'},{'from': 'Chiplet_3', 'to': 'Chiplet_4', 'connection_type': '2.5d_rdl', 'loc': '2.5d_chiplet'},{'from': 'Chiplet_6', 'to': 'Chiplet_5', 'connection_type': '2.5d_rdl', 'loc': '2.5d_chiplet'},{'from': 'Chiplet_6', 'to': 'Chiplet_4', 'connection_type': '2.5d_rdl', 'loc': '2.5d_chiplet'},{'from': 'Chiplet_6', 'to': 'Chiplet_3', 'connection_type': '2.5d_rdl', 'loc': '2.5d_chiplet'},{'from': 'Chiplet_4', 'to': 'Chiplet_5', 'connection_type': '2.5d_rdl', 'loc': '2.5d_chiplet'},{'from': 'Chiplet_4', 'to': 'Chiplet_3', 'connection_type': '2.5d_rdl', 'loc': '2.5d_chiplet'},{'from': 'Chiplet_4', 'to': 'Chiplet_6', 'connection_type': '2.5d_rdl', 'loc': '2.5d_chiplet'},{'from': 'Chiplet_4', 'to': 'Chiplet_2', 'connection_type': '2.5d_rdl', 'loc': '2.5d_chiplet'},{'from': 'Chiplet_5', 'to': 'Chiplet_6', 'connection_type': '2.5d_rdl', 'loc': '2.5d_chiplet'},{'from': 'Chiplet_5', 'to': 'Chiplet_4', 'connection_type': '2.5d_rdl', 'loc': '2.5d_chiplet'},{'from': 'Chiplet_1', 'to': 'Chiplet_3', 'connection_type': '2.5d_rdl', 'loc': '2.5d_chiplet'},{'from': 'Chiplet_1', 'to': 'Chiplet_2', 'connection_type': '2.5d_rdl', 'loc': '2.5d_chiplet'},{'from': 'Chiplet_2', 'to': 'Chiplet_1', 'connection_type': '2.5d_rdl', 'loc': '2.5d_chiplet'},{'from': 'Chiplet_2', 'to': 'Chiplet_4', 'connection_type': '2.5d_rdl', 'loc': '2.5d_chiplet'}",5,3,5,1,1,1,hbm2,ucie_std,na,0,0,is,1,0,0
384,24.44866929639688,3675233.6,83954.20368307385,2192811789.0527573,43873.14180929095,64646.525914645055,384,3.2571509657793953,3.8395579270749995,1536,96x96,14,5.5109919519999995,10.4826,8192,192x192,7,1.743774000637535,1.7054115854749998,1024,64x64,14,5.5109919519999995,10.4826,8192,192x192,7,0.957922696,2.51875,1024,96x96,7,0.46559300000000003,1.11875,512,64x64,7,2.5d,"{'from': 'Chiplet_2', 'to': 'Chiplet_1', 'connection_type': '2.5d_rdl', 'loc': '2.5d_chiplet'},{'from': 'Chiplet_2', 'to': 'Chiplet_4', 'connection_type': '2.5d_rdl', 'loc': '2.5d_chiplet'},{'from': 'Chiplet_1', 'to': 'Chiplet_3', 'connection_type': '2.5d_rdl', 'loc': '2.5d_chiplet'},{'from': 'Chiplet_1', 'to': 'Chiplet_2', 'connection_type': '2.5d_rdl', 'loc': '2.5d_chiplet'},{'from': 'Chiplet_4', 'to': 'Chiplet_5', 'connection_type': '2.5d_rdl', 'loc': '2.5d_chiplet'},{'from': 'Chiplet_4', 'to': 'Chiplet_3', 'connection_type': '2.5d_rdl', 'loc': '2.5d_chiplet'},{'from': 'Chiplet_4', 'to': 'Chiplet_2', 'connection_type': '2.5d_rdl', 'loc': '2.5d_chiplet'},{'from': 'Chiplet_3', 'to': 'Chiplet_5', 'connection_type': '2.5d_rdl', 'loc': '2.5d_chiplet'},{'from': 'Chiplet_3', 'to': 'Chiplet_1', 'connection_type': '2.5d_rdl', 'loc': '2.5d_chiplet'},{'from': 'Chiplet_3', 'to': 'Chiplet_6', 'connection_type': '2.5d_rdl', 'loc': '2.5d_chiplet'},{'from': 'Chiplet_3', 'to': 'Chiplet_4', 'connection_type': '2.5d_rdl', 'loc': '2.5d_chiplet'},{'from': 'Chiplet_5', 'to': 'Chiplet_3', 'connection_type': '2.5d_rdl', 'loc': '2.5d_chiplet'},{'from': 'Chiplet_5', 'to': 'Chiplet_6', 'connection_type': '2.5d_rdl', 'loc': '2.5d_chiplet'},{'from': 'Chiplet_5', 'to': 'Chiplet_4', 'connection_type': '2.5d_rdl', 'loc': '2.5d_chiplet'},{'from': 'Chiplet_6', 'to': 'Chiplet_5', 'connection_type': '2.5d_rdl', 'loc': '2.5d_chiplet'},{'from': 'Chiplet_6', 'to': 'Chiplet_3', 'connection_type': '2.5d_rdl', 'loc': '2.5d_chiplet'}",3,5,1,5,1,1,hbm3,ucie_std,na,1,0,os,0,0,0
385,36.052881089336815,3620020.31,94546.80537308706,6886605874.736599,99433.78378378379,199438.93563522786,385,0.743226759447044,1.3845915837374998,512,64x64,10,14.117807839976791,15.979573171754398,6144,192x192,14,3.2571509657793953,3.8395579270749995,1536,96x96,14,1.7117881800824635,3.1172648505374996,1536,96x96,10,0.784712696,2.51875,512,96x96,7,8.112421457366196,12.973514847541198,8192,192x192,10,2.5d,"{'from': 'Chiplet_2', 'to': 'Chiplet_3', 'connection_type': '2.5d_rdl', 'loc': '2.5d_chiplet'},{'from': 'Chiplet_2', 'to': 'Chiplet_6', 'connection_type': '2.5d_rdl', 'loc': '2.5d_chiplet'},{'from': 'Chiplet_6', 'to': 'Chiplet_3', 'connection_type': '2.5d_rdl', 'loc': '2.5d_chiplet'},{'from': 'Chiplet_6', 'to': 'Chiplet_2', 'connection_type': '2.5d_rdl', 'loc': '2.5d_chiplet'},{'from': 'Chiplet_6', 'to': 'Chiplet_4', 'connection_type': '2.5d_rdl', 'loc': '2.5d_chiplet'},{'from': 'Chiplet_3', 'to': 'Chiplet_5', 'connection_type': '2.5d_rdl', 'loc': '2.5d_chiplet'},{'from': 'Chiplet_3', 'to': 'Chiplet_6', 'connection_type': '2.5d_rdl', 'loc': '2.5d_chiplet'},{'from': 'Chiplet_3', 'to': 'Chiplet_2', 'connection_type': '2.5d_rdl', 'loc': '2.5d_chiplet'},{'from': 'Chiplet_3', 'to': 'Chiplet_4', 'connection_type': '2.5d_rdl', 'loc': '2.5d_chiplet'},{'from': 'Chiplet_4', 'to': 'Chiplet_5', 'connection_type': '2.5d_rdl', 'loc': '2.5d_chiplet'},{'from': 'Chiplet_4', 'to': 'Chiplet_3', 'connection_type': '2.5d_rdl', 'loc': '2.5d_chiplet'},{'from': 'Chiplet_4', 'to': 'Chiplet_1', 'connection_type': '2.5d_rdl', 'loc': '2.5d_chiplet'},{'from': 'Chiplet_4', 'to': 'Chiplet_6', 'connection_type': '2.5d_rdl', 'loc': '2.5d_chiplet'},{'from': 'Chiplet_5', 'to': 'Chiplet_3', 'connection_type': '2.5d_rdl', 'loc': '2.5d_chiplet'},{'from': 'Chiplet_5', 'to': 'Chiplet_1', 'connection_type': '2.5d_rdl', 'loc': '2.5d_chiplet'},{'from': 'Chiplet_5', 'to': 'Chiplet_4', 'connection_type': '2.5d_rdl', 'loc': '2.5d_chiplet'},{'from': 'Chiplet_1', 'to': 'Chiplet_5', 'connection_type': '2.5d_rdl', 'loc': '2.5d_chiplet'},{'from': 'Chiplet_1', 'to': 'Chiplet_4', 'connection_type': '2.5d_rdl', 'loc': '2.5d_chiplet'}",1,3,1,1,1,1,ddr4,ucie_std,na,1,0,is,0,0,0
386,23.175513964018876,3164298.14,132291.5972132332,3398552924.4051833,362115.6202982316,289408.23113992723,386,2.597993382379395,3.8395579270749995,512,96x96,14,5.656782838920179,6.821646341899999,2048,128x128,14,0.378988,1.11875,256,64x64,7,8.112421457366196,12.973514847541198,8192,192x192,10,6.315940422320179,6.821646341899999,3072,128x128,14,0.957922696,2.51875,1024,96x96,7,2.5d_3d,"{'from': 'Chiplet_5', 'to': 'Chiplet_2', 'connection_type': '3d_tsv', 'loc': 'stack0_base'},{'from': 'Chiplet_2', 'to': 'Chiplet_6', 'connection_type': '3d_tsv', 'loc': 'stack0_middle1'},{'from': 'Chiplet_6', 'to': 'na', 'connection_type': '3d_tsv', 'loc': 'stack0_top'},{'from': 'Chiplet_4', 'to': 'Chiplet_5', 'connection_type': '2.5d_emib', 'loc': '2.5d_chiplet'},{'from': 'Chiplet_4', 'to': 'Chiplet_1', 'connection_type': '2.5d_emib', 'loc': '2.5d_chiplet'},{'from': 'Chiplet_4', 'to': 'Chiplet_3', 'connection_type': '2.5d_emib', 'loc': '2.5d_chiplet'},{'from': 'Chiplet_3', 'to': 'Chiplet_1', 'connection_type': '2.5d_emib', 'loc': '2.5d_chiplet'},{'from': 'Chiplet_3', 'to': 'Chiplet_4', 'connection_type': '2.5d_emib', 'loc': '2.5d_chiplet'},{'from': 'Chiplet_5', 'to': 'Chiplet_1', 'connection_type': '2.5d_emib', 'loc': '2.5d_chiplet'},{'from': 'Chiplet_5', 'to': 'Chiplet_4', 'connection_type': '2.5d_emib', 'loc': '2.5d_chiplet'},{'from': 'Chiplet_1', 'to': 'Chiplet_5', 'connection_type': '2.5d_emib', 'loc': '2.5d_chiplet'},{'from': 'Chiplet_1', 'to': 'Chiplet_3', 'connection_type': '2.5d_emib', 'loc': '2.5d_chiplet'},{'from': 'Chiplet_1', 'to': 'Chiplet_4', 'connection_type': '2.5d_emib', 'loc': '2.5d_chiplet'}",1,1,1,2,2,1,ddr5,aib,ucie_3d,1,0,os,1,0,0
387,14.870956370986443,2063338.93,45990.62571603772,1670078071.3229856,1262574.961122919,494453.86669484735,387,3.2571509657793953,3.8395579270749995,1536,96x96,14,4.9976252555201786,6.821646341899999,1024,128x128,14,1.3653681800824635,3.1172648505374996,512,96x96,10,1.5385781800824634,3.1172648505374996,1024,96x96,10,1.743774000637535,1.7054115854749998,1024,64x64,14,0.916436759447044,1.3845915837374998,1024,64x64,10,2.5d_3d,"{'from': 'Chiplet_4', 'to': 'Chiplet_3', 'connection_type': '3d_u_bump', 'loc': 'stack0_base'},{'from': 'Chiplet_3', 'to': 'Chiplet_6', 'connection_type': '3d_u_bump', 'loc': 'stack0_middle1'},{'from': 'Chiplet_6', 'to': 'na', 'connection_type': '3d_u_bump', 'loc': 'stack0_top'},{'from': 'Chiplet_2', 'to': 'Chiplet_5', 'connection_type': '2.5d_rdl', 'loc': '2.5d_chiplet'},{'from': 'Chiplet_2', 'to': 'Chiplet_1', 'connection_type': '2.5d_rdl', 'loc': '2.5d_chiplet'},{'from': 'Chiplet_2', 'to': 'Chiplet_4', 'connection_type': '2.5d_rdl', 'loc': '2.5d_chiplet'},{'from': 'Chiplet_4', 'to': 'Chiplet_5', 'connection_type': '2.5d_rdl', 'loc': '2.5d_chiplet'},{'from': 'Chiplet_4', 'to': 'Chiplet_2', 'connection_type': '2.5d_rdl', 'loc': '2.5d_chiplet'},{'from': 'Chiplet_1', 'to': 'Chiplet_5', 'connection_type': '2.5d_rdl', 'loc': '2.5d_chiplet'},{'from': 'Chiplet_1', 'to': 'Chiplet_2', 'connection_type': '2.5d_rdl', 'loc': '2.5d_chiplet'},{'from': 'Chiplet_5', 'to': 'Chiplet_1', 'connection_type': '2.5d_rdl', 'loc': '2.5d_chiplet'},{'from': 'Chiplet_5', 'to': 'Chiplet_2', 'connection_type': '2.5d_rdl', 'loc': '2.5d_chiplet'},{'from': 'Chiplet_5', 'to': 'Chiplet_4', 'connection_type': '2.5d_rdl', 'loc': '2.5d_chiplet'}",4,6,1,2,2,1,hbm2,ucie_std,ucie_3d,1,0,ws,1,0,0
388,10.064974155166391,1395528.49,139316.50038198248,1897558943.523096,104109.71056631203,63022.68503591587,388,0.46559300000000003,1.11875,512,64x64,7,1.249405813087535,1.7054115854749998,256,64x64,14,1.131132696,2.51875,1536,96x96,7,1.8849981800824636,3.1172648505374996,2048,96x96,10,1.3653681800824635,3.1172648505374996,512,96x96,10,1.5385781800824634,3.1172648505374996,1024,96x96,10,2.5d,"{'from': 'Chiplet_4', 'to': 'Chiplet_1', 'connection_type': '2.5d_emib', 'loc': '2.5d_chiplet'},{'from': 'Chiplet_4', 'to': 'Chiplet_6', 'connection_type': '2.5d_emib', 'loc': '2.5d_chiplet'},{'from': 'Chiplet_4', 'to': 'Chiplet_2', 'connection_type': '2.5d_emib', 'loc': '2.5d_chiplet'},{'from': 'Chiplet_2', 'to': 'Chiplet_1', 'connection_type': '2.5d_emib', 'loc': '2.5d_chiplet'},{'from': 'Chiplet_2', 'to': 'Chiplet_4', 'connection_type': '2.5d_emib', 'loc': '2.5d_chiplet'},{'from': 'Chiplet_1', 'to': 'Chiplet_2', 'connection_type': '2.5d_emib', 'loc': '2.5d_chiplet'},{'from': 'Chiplet_1', 'to': 'Chiplet_4', 'connection_type': '2.5d_emib', 'loc': '2.5d_chiplet'},{'from': 'Chiplet_6', 'to': 'Chiplet_5', 'connection_type': '2.5d_emib', 'loc': '2.5d_chiplet'},{'from': 'Chiplet_6', 'to': 'Chiplet_4', 'connection_type': '2.5d_emib', 'loc': '2.5d_chiplet'},{'from': 'Chiplet_6', 'to': 'Chiplet_3', 'connection_type': '2.5d_emib', 'loc': '2.5d_chiplet'},{'from': 'Chiplet_5', 'to': 'Chiplet_3', 'connection_type': '2.5d_emib', 'loc': '2.5d_chiplet'},{'from': 'Chiplet_5', 'to': 'Chiplet_6', 'connection_type': '2.5d_emib', 'loc': '2.5d_chiplet'},{'from': 'Chiplet_3', 'to': 'Chiplet_5', 'connection_type': '2.5d_emib', 'loc': '2.5d_chiplet'},{'from': 'Chiplet_3', 'to': 'Chiplet_6', 'connection_type': '2.5d_emib', 'loc': '2.5d_chiplet'}",1,3,2,4,3,3,hbm3,ucie_adv,na,0,0,os,0,0,0
389,37.395450809265654,4773742.47,157312.7039386286,2172263814.2676783,284997.19148543593,228294.84445864504,389,0.829831759447044,1.3845915837374998,768,64x64,10,0.743226759447044,1.3845915837374998,512,64x64,10,15.436124909546791,15.979573171754398,8192,192x192,14,0.378988,1.11875,256,64x64,7,7.419580457366196,12.973514847541198,6144,192x192,10,1.7117881800824635,3.1172648505374996,1536,96x96,10,2.5d_3d,"{'from': 'Chiplet_6', 'to': 'Chiplet_2', 'connection_type': '3d_u_bump', 'loc': 'stack0_base'},{'from': 'Chiplet_2', 'to': 'na', 'connection_type': '3d_u_bump', 'loc': 'stack0_top'},{'from': 'Chiplet_3', 'to': 'Chiplet_5', 'connection_type': '2.5d_emib', 'loc': '2.5d_chiplet'},{'from': 'Chiplet_3', 'to': 'Chiplet_6', 'connection_type': '2.5d_emib', 'loc': '2.5d_chiplet'},{'from': 'Chiplet_5', 'to': 'Chiplet_3', 'connection_type': '2.5d_emib', 'loc': '2.5d_chiplet'},{'from': 'Chiplet_5', 'to': 'Chiplet_1', 'connection_type': '2.5d_emib', 'loc': '2.5d_chiplet'},{'from': 'Chiplet_5', 'to': 'Chiplet_6', 'connection_type': '2.5d_emib', 'loc': '2.5d_chiplet'},{'from': 'Chiplet_6', 'to': 'Chiplet_5', 'connection_type': '2.5d_emib', 'loc': '2.5d_chiplet'},{'from': 'Chiplet_6', 'to': 'Chiplet_3', 'connection_type': '2.5d_emib', 'loc': '2.5d_chiplet'},{'from': 'Chiplet_6', 'to': 'Chiplet_1', 'connection_type': '2.5d_emib', 'loc': '2.5d_chiplet'},{'from': 'Chiplet_6', 'to': 'Chiplet_4', 'connection_type': '2.5d_emib', 'loc': '2.5d_chiplet'},{'from': 'Chiplet_1', 'to': 'Chiplet_5', 'connection_type': '2.5d_emib', 'loc': '2.5d_chiplet'},{'from': 'Chiplet_1', 'to': 'Chiplet_6', 'connection_type': '2.5d_emib', 'loc': '2.5d_chiplet'},{'from': 'Chiplet_1', 'to': 'Chiplet_4', 'connection_type': '2.5d_emib', 'loc': '2.5d_chiplet'},{'from': 'Chiplet_4', 'to': 'Chiplet_1', 'connection_type': '2.5d_emib', 'loc': '2.5d_chiplet'},{'from': 'Chiplet_4', 'to': 'Chiplet_6', 'connection_type': '2.5d_emib', 'loc': '2.5d_chiplet'}",1,1,8,1,4,1,hbm3,bow,ucie_3d,0,0,ws,1,0,0
390,48.77238009617237,5535210.87,96893.91874672487,2326870456.0531244,80058.33333333333,100068.13787382592,390,14.117807839976791,15.979573171754398,6144,192x192,14,1.7117881800824635,3.1172648505374996,1536,96x96,10,5.656782838920179,6.821646341899999,2048,128x128,14,6.975099908490179,6.821646341899999,4096,128x128,14,1.51595254,4.475,1024,128x128,7,1.4141952089375351,1.7054115854749998,512,64x64,14,2.5d_3d,"{'from': 'Chiplet_2', 'to': 'Chiplet_5', 'connection_type': '3d_hyb_bond', 'loc': 'stack0_base'},{'from': 'Chiplet_5', 'to': 'na', 'connection_type': '3d_hyb_bond', 'loc': 'stack0_top'},{'from': 'Chiplet_1', 'to': 'Chiplet_3', 'connection_type': '2.5d_rdl', 'loc': '2.5d_chiplet'},{'from': 'Chiplet_1', 'to': 'Chiplet_6', 'connection_type': '2.5d_rdl', 'loc': '2.5d_chiplet'},{'from': 'Chiplet_1', 'to': 'Chiplet_4', 'connection_type': '2.5d_rdl', 'loc': '2.5d_chiplet'},{'from': 'Chiplet_6', 'to': 'Chiplet_3', 'connection_type': '2.5d_rdl', 'loc': '2.5d_chiplet'},{'from': 'Chiplet_6', 'to': 'Chiplet_1', 'connection_type': '2.5d_rdl', 'loc': '2.5d_chiplet'},{'from': 'Chiplet_4', 'to': 'Chiplet_3', 'connection_type': '2.5d_rdl', 'loc': '2.5d_chiplet'},{'from': 'Chiplet_4', 'to': 'Chiplet_1', 'connection_type': '2.5d_rdl', 'loc': '2.5d_chiplet'},{'from': 'Chiplet_4', 'to': 'Chiplet_2', 'connection_type': '2.5d_rdl', 'loc': '2.5d_chiplet'},{'from': 'Chiplet_3', 'to': 'Chiplet_1', 'connection_type': '2.5d_rdl', 'loc': '2.5d_chiplet'},{'from': 'Chiplet_3', 'to': 'Chiplet_6', 'connection_type': '2.5d_rdl', 'loc': '2.5d_chiplet'},{'from': 'Chiplet_3', 'to': 'Chiplet_2', 'connection_type': '2.5d_rdl', 'loc': '2.5d_chiplet'},{'from': 'Chiplet_3', 'to': 'Chiplet_4', 'connection_type': '2.5d_rdl', 'loc': '2.5d_chiplet'},{'from': 'Chiplet_2', 'to': 'Chiplet_3', 'connection_type': '2.5d_rdl', 'loc': '2.5d_chiplet'},{'from': 'Chiplet_2', 'to': 'Chiplet_4', 'connection_type': '2.5d_rdl', 'loc': '2.5d_chiplet'}",7,1,3,3,1,1,hbm2,ucie_std,ucie_3d,1,0,ws,0,0,0
391,33.53486042670966,4034307.77,99517.5218785321,6921886037.598269,83007.94117647057,188657.6618068808,391,0.784712696,2.51875,512,96x96,7,4.9976252555201786,6.821646341899999,1024,128x128,14,3.665749090547913,5.538366334949999,4096,128x128,10,14.117807839976791,15.979573171754398,6144,192x192,14,1.131132696,2.51875,1536,96x96,7,6.315940422320179,6.821646341899999,3072,128x128,14,2.5d_3d,"{'from': 'Chiplet_2', 'to': 'Chiplet_3', 'connection_type': '3d_u_bump', 'loc': 'stack0_base'},{'from': 'Chiplet_3', 'to': 'Chiplet_1', 'connection_type': '3d_u_bump', 'loc': 'stack0_middle1'},{'from': 'Chiplet_1', 'to': 'na', 'connection_type': '3d_u_bump', 'loc': 'stack0_top'},{'from': 'Chiplet_4', 'to': 'Chiplet_6', 'connection_type': '2.5d_rdl', 'loc': '2.5d_chiplet'},{'from': 'Chiplet_4', 'to': 'Chiplet_2', 'connection_type': '2.5d_rdl', 'loc': '2.5d_chiplet'},{'from': 'Chiplet_6', 'to': 'Chiplet_5', 'connection_type': '2.5d_rdl', 'loc': '2.5d_chiplet'},{'from': 'Chiplet_6', 'to': 'Chiplet_2', 'connection_type': '2.5d_rdl', 'loc': '2.5d_chiplet'},{'from': 'Chiplet_6', 'to': 'Chiplet_4', 'connection_type': '2.5d_rdl', 'loc': '2.5d_chiplet'},{'from': 'Chiplet_2', 'to': 'Chiplet_5', 'connection_type': '2.5d_rdl', 'loc': '2.5d_chiplet'},{'from': 'Chiplet_2', 'to': 'Chiplet_6', 'connection_type': '2.5d_rdl', 'loc': '2.5d_chiplet'},{'from': 'Chiplet_2', 'to': 'Chiplet_4', 'connection_type': '2.5d_rdl', 'loc': '2.5d_chiplet'},{'from': 'Chiplet_5', 'to': 'Chiplet_6', 'connection_type': '2.5d_rdl', 'loc': '2.5d_chiplet'},{'from': 'Chiplet_5', 'to': 'Chiplet_2', 'connection_type': '2.5d_rdl', 'loc': '2.5d_chiplet'}",1,1,1,3,1,1,ddr4,ucie_std,ucie_3d,0,0,os,0,0,0
392,16.25686337731396,2326478.9,56791.506717268065,1901102057.4839714,473988.30373829603,230526.4931715858,392,0.743226759447044,1.3845915837374998,512,64x64,10,2.927572174079395,3.8395579270749995,1024,96x96,14,4.818150952,10.4826,6144,192x192,7,1.131132696,2.51875,1536,96x96,7,0.957922696,2.51875,1024,96x96,7,1.249405813087535,1.7054115854749998,256,64x64,14,2.5d,"{'from': 'Chiplet_3', 'to': 'Chiplet_5', 'connection_type': '2.5d_rdl', 'loc': '2.5d_chiplet'},{'from': 'Chiplet_3', 'to': 'Chiplet_6', 'connection_type': '2.5d_rdl', 'loc': '2.5d_chiplet'},{'from': 'Chiplet_3', 'to': 'Chiplet_2', 'connection_type': '2.5d_rdl', 'loc': '2.5d_chiplet'},{'from': 'Chiplet_5', 'to': 'Chiplet_3', 'connection_type': '2.5d_rdl', 'loc': '2.5d_chiplet'},{'from': 'Chiplet_5', 'to': 'Chiplet_6', 'connection_type': '2.5d_rdl', 'loc': '2.5d_chiplet'},{'from': 'Chiplet_2', 'to': 'Chiplet_3', 'connection_type': '2.5d_rdl', 'loc': '2.5d_chiplet'},{'from': 'Chiplet_2', 'to': 'Chiplet_6', 'connection_type': '2.5d_rdl', 'loc': '2.5d_chiplet'},{'from': 'Chiplet_2', 'to': 'Chiplet_4', 'connection_type': '2.5d_rdl', 'loc': '2.5d_chiplet'},{'from': 'Chiplet_6', 'to': 'Chiplet_5', 'connection_type': '2.5d_rdl', 'loc': '2.5d_chiplet'},{'from': 'Chiplet_6', 'to': 'Chiplet_1', 'connection_type': '2.5d_rdl', 'loc': '2.5d_chiplet'},{'from': 'Chiplet_6', 'to': 'Chiplet_2', 'connection_type': '2.5d_rdl', 'loc': '2.5d_chiplet'},{'from': 'Chiplet_6', 'to': 'Chiplet_4', 'connection_type': '2.5d_rdl', 'loc': '2.5d_chiplet'},{'from': 'Chiplet_6', 'to': 'Chiplet_3', 'connection_type': '2.5d_rdl', 'loc': '2.5d_chiplet'},{'from': 'Chiplet_4', 'to': 'Chiplet_1', 'connection_type': '2.5d_rdl', 'loc': '2.5d_chiplet'},{'from': 'Chiplet_4', 'to': 'Chiplet_6', 'connection_type': '2.5d_rdl', 'loc': '2.5d_chiplet'},{'from': 'Chiplet_4', 'to': 'Chiplet_2', 'connection_type': '2.5d_rdl', 'loc': '2.5d_chiplet'},{'from': 'Chiplet_1', 'to': 'Chiplet_6', 'connection_type': '2.5d_rdl', 'loc': '2.5d_chiplet'},{'from': 'Chiplet_1', 'to': 'Chiplet_4', 'connection_type': '2.5d_rdl', 'loc': '2.5d_chiplet'}",1,4,6,2,1,2,hbm2,ucie_std,na,0,0,os,1,0,0
393,23.071867230763857,3686415.16,84801.26123021846,1896478432.5238857,43810.65552104672,62383.951451941946,393,2.55521354,4.475,4096,128x128,7,1.7117881800824635,3.1172648505374996,1536,96x96,10,4.1253109519999995,10.4826,4096,192x192,7,4.818150952,10.4826,6144,192x192,7,1.86237254,4.475,2048,128x128,7,0.552198,1.11875,768,64x64,7,2.5d,"{'from': 'Chiplet_4', 'to': 'Chiplet_5', 'connection_type': '2.5d_rdl', 'loc': '2.5d_chiplet'},{'from': 'Chiplet_4', 'to': 'Chiplet_3', 'connection_type': '2.5d_rdl', 'loc': '2.5d_chiplet'},{'from': 'Chiplet_4', 'to': 'Chiplet_1', 'connection_type': '2.5d_rdl', 'loc': '2.5d_chiplet'},{'from': 'Chiplet_4', 'to': 'Chiplet_2', 'connection_type': '2.5d_rdl', 'loc': '2.5d_chiplet'},{'from': 'Chiplet_5', 'to': 'Chiplet_2', 'connection_type': '2.5d_rdl', 'loc': '2.5d_chiplet'},{'from': 'Chiplet_5', 'to': 'Chiplet_4', 'connection_type': '2.5d_rdl', 'loc': '2.5d_chiplet'},{'from': 'Chiplet_2', 'to': 'Chiplet_5', 'connection_type': '2.5d_rdl', 'loc': '2.5d_chiplet'},{'from': 'Chiplet_2', 'to': 'Chiplet_4', 'connection_type': '2.5d_rdl', 'loc': '2.5d_chiplet'},{'from': 'Chiplet_3', 'to': 'Chiplet_1', 'connection_type': '2.5d_rdl', 'loc': '2.5d_chiplet'},{'from': 'Chiplet_3', 'to': 'Chiplet_6', 'connection_type': '2.5d_rdl', 'loc': '2.5d_chiplet'},{'from': 'Chiplet_3', 'to': 'Chiplet_4', 'connection_type': '2.5d_rdl', 'loc': '2.5d_chiplet'},{'from': 'Chiplet_1', 'to': 'Chiplet_3', 'connection_type': '2.5d_rdl', 'loc': '2.5d_chiplet'},{'from': 'Chiplet_1', 'to': 'Chiplet_6', 'connection_type': '2.5d_rdl', 'loc': '2.5d_chiplet'},{'from': 'Chiplet_1', 'to': 'Chiplet_4', 'connection_type': '2.5d_rdl', 'loc': '2.5d_chiplet'},{'from': 'Chiplet_6', 'to': 'Chiplet_3', 'connection_type': '2.5d_rdl', 'loc': '2.5d_chiplet'},{'from': 'Chiplet_6', 'to': 'Chiplet_1', 'connection_type': '2.5d_rdl', 'loc': '2.5d_chiplet'}",2,2,4,5,2,1,hbm3,ucie_std,na,1,0,ws,0,0,0
394,24.07928833268539,3312268.91,74171.73736998561,2192790646.862899,77804.05405405405,85415.60476097852,394,0.784712696,2.51875,512,96x96,7,0.46559300000000003,1.11875,512,64x64,7,0.656621759447044,1.3845915837374998,256,64x64,10,3.432469952,10.4826,2048,192x192,7,5.5109919519999995,10.4826,8192,192x192,7,3.3193280905479132,5.538366334949999,3072,128x128,10,2.5d,"{'from': 'Chiplet_5', 'to': 'Chiplet_3', 'connection_type': '2.5d_rdl', 'loc': '2.5d_chiplet'},{'from': 'Chiplet_5', 'to': 'Chiplet_1', 'connection_type': '2.5d_rdl', 'loc': '2.5d_chiplet'},{'from': 'Chiplet_5', 'to': 'Chiplet_6', 'connection_type': '2.5d_rdl', 'loc': '2.5d_chiplet'},{'from': 'Chiplet_5', 'to': 'Chiplet_4', 'connection_type': '2.5d_rdl', 'loc': '2.5d_chiplet'},{'from': 'Chiplet_1', 'to': 'Chiplet_5', 'connection_type': '2.5d_rdl', 'loc': '2.5d_chiplet'},{'from': 'Chiplet_1', 'to': 'Chiplet_3', 'connection_type': '2.5d_rdl', 'loc': '2.5d_chiplet'},{'from': 'Chiplet_3', 'to': 'Chiplet_5', 'connection_type': '2.5d_rdl', 'loc': '2.5d_chiplet'},{'from': 'Chiplet_3', 'to': 'Chiplet_1', 'connection_type': '2.5d_rdl', 'loc': '2.5d_chiplet'},{'from': 'Chiplet_4', 'to': 'Chiplet_5', 'connection_type': '2.5d_rdl', 'loc': '2.5d_chiplet'},{'from': 'Chiplet_4', 'to': 'Chiplet_6', 'connection_type': '2.5d_rdl', 'loc': '2.5d_chiplet'},{'from': 'Chiplet_4', 'to': 'Chiplet_2', 'connection_type': '2.5d_rdl', 'loc': '2.5d_chiplet'},{'from': 'Chiplet_6', 'to': 'Chiplet_5', 'connection_type': '2.5d_rdl', 'loc': '2.5d_chiplet'},{'from': 'Chiplet_6', 'to': 'Chiplet_2', 'connection_type': '2.5d_rdl', 'loc': '2.5d_chiplet'},{'from': 'Chiplet_6', 'to': 'Chiplet_4', 'connection_type': '2.5d_rdl', 'loc': '2.5d_chiplet'},{'from': 'Chiplet_2', 'to': 'Chiplet_6', 'connection_type': '2.5d_rdl', 'loc': '2.5d_chiplet'},{'from': 'Chiplet_2', 'to': 'Chiplet_4', 'connection_type': '2.5d_rdl', 'loc': '2.5d_chiplet'}",1,1,1,4,6,3,hbm2,ucie_std,na,1,0,is,0,0,0
395,15.939233544764345,2298609.37,57555.13735251841,1425266126.5941997,1316228.9591196475,591130.4652186631,395,6.726740457366197,12.973514847541198,4096,192x192,10,1.131132696,2.51875,1536,96x96,7,0.46559300000000003,1.11875,512,64x64,7,1.304342696,2.51875,2048,96x96,7,1.131132696,2.51875,1536,96x96,7,1.743774000637535,1.7054115854749998,1024,64x64,14,2.5d,"{'from': 'Chiplet_1', 'to': 'Chiplet_6', 'connection_type': '2.5d_rdl', 'loc': '2.5d_chiplet'},{'from': 'Chiplet_1', 'to': 'Chiplet_4', 'connection_type': '2.5d_rdl', 'loc': '2.5d_chiplet'},{'from': 'Chiplet_6', 'to': 'Chiplet_5', 'connection_type': '2.5d_rdl', 'loc': '2.5d_chiplet'},{'from': 'Chiplet_6', 'to': 'Chiplet_1', 'connection_type': '2.5d_rdl', 'loc': '2.5d_chiplet'},{'from': 'Chiplet_6', 'to': 'Chiplet_2', 'connection_type': '2.5d_rdl', 'loc': '2.5d_chiplet'},{'from': 'Chiplet_6', 'to': 'Chiplet_4', 'connection_type': '2.5d_rdl', 'loc': '2.5d_chiplet'},{'from': 'Chiplet_5', 'to': 'Chiplet_6', 'connection_type': '2.5d_rdl', 'loc': '2.5d_chiplet'},{'from': 'Chiplet_5', 'to': 'Chiplet_2', 'connection_type': '2.5d_rdl', 'loc': '2.5d_chiplet'},{'from': 'Chiplet_4', 'to': 'Chiplet_3', 'connection_type': '2.5d_rdl', 'loc': '2.5d_chiplet'},{'from': 'Chiplet_4', 'to': 'Chiplet_1', 'connection_type': '2.5d_rdl', 'loc': '2.5d_chiplet'},{'from': 'Chiplet_4', 'to': 'Chiplet_2', 'connection_type': '2.5d_rdl', 'loc': '2.5d_chiplet'},{'from': 'Chiplet_4', 'to': 'Chiplet_6', 'connection_type': '2.5d_rdl', 'loc': '2.5d_chiplet'},{'from': 'Chiplet_2', 'to': 'Chiplet_5', 'connection_type': '2.5d_rdl', 'loc': '2.5d_chiplet'},{'from': 'Chiplet_2', 'to': 'Chiplet_6', 'connection_type': '2.5d_rdl', 'loc': '2.5d_chiplet'},{'from': 'Chiplet_2', 'to': 'Chiplet_4', 'connection_type': '2.5d_rdl', 'loc': '2.5d_chiplet'},{'from': 'Chiplet_2', 'to': 'Chiplet_3', 'connection_type': '2.5d_rdl', 'loc': '2.5d_chiplet'},{'from': 'Chiplet_3', 'to': 'Chiplet_2', 'connection_type': '2.5d_rdl', 'loc': '2.5d_chiplet'},{'from': 'Chiplet_3', 'to': 'Chiplet_4', 'connection_type': '2.5d_rdl', 'loc': '2.5d_chiplet'}",9,1,1,2,1,2,hbm3,ucie_std,na,1,0,ws,1,0,0
396,30.14528045556936,4189672.69,184239.8016318128,2335753625.7898,60310.810810810806,89593.53098695533,396,6.726740457366197,12.973514847541198,4096,192x192,10,6.315940422320179,6.821646341899999,3072,128x128,14,1.86237254,4.475,2048,128x128,7,1.3653681800824635,3.1172648505374996,512,96x96,10,1.578984604787535,1.7054115854749998,768,64x64,14,7.419580457366196,12.973514847541198,6144,192x192,10,2.5d,"{'from': 'Chiplet_6', 'to': 'Chiplet_5', 'connection_type': '2.5d_emib', 'loc': '2.5d_chiplet'},{'from': 'Chiplet_6', 'to': 'Chiplet_3', 'connection_type': '2.5d_emib', 'loc': '2.5d_chiplet'},{'from': 'Chiplet_6', 'to': 'Chiplet_1', 'connection_type': '2.5d_emib', 'loc': '2.5d_chiplet'},{'from': 'Chiplet_3', 'to': 'Chiplet_5', 'connection_type': '2.5d_emib', 'loc': '2.5d_chiplet'},{'from': 'Chiplet_3', 'to': 'Chiplet_6', 'connection_type': '2.5d_emib', 'loc': '2.5d_chiplet'},{'from': 'Chiplet_3', 'to': 'Chiplet_4', 'connection_type': '2.5d_emib', 'loc': '2.5d_chiplet'},{'from': 'Chiplet_5', 'to': 'Chiplet_3', 'connection_type': '2.5d_emib', 'loc': '2.5d_chiplet'},{'from': 'Chiplet_5', 'to': 'Chiplet_6', 'connection_type': '2.5d_emib', 'loc': '2.5d_chiplet'},{'from': 'Chiplet_5', 'to': 'Chiplet_2', 'connection_type': '2.5d_emib', 'loc': '2.5d_chiplet'},{'from': 'Chiplet_5', 'to': 'Chiplet_4', 'connection_type': '2.5d_emib', 'loc': '2.5d_chiplet'},{'from': 'Chiplet_4', 'to': 'Chiplet_5', 'connection_type': '2.5d_emib', 'loc': '2.5d_chiplet'},{'from': 'Chiplet_4', 'to': 'Chiplet_3', 'connection_type': '2.5d_emib', 'loc': '2.5d_chiplet'},{'from': 'Chiplet_1', 'to': 'Chiplet_6', 'connection_type': '2.5d_emib', 'loc': '2.5d_chiplet'},{'from': 'Chiplet_1', 'to': 'Chiplet_2', 'connection_type': '2.5d_emib', 'loc': '2.5d_chiplet'},{'from': 'Chiplet_2', 'to': 'Chiplet_5', 'connection_type': '2.5d_emib', 'loc': '2.5d_chiplet'},{'from': 'Chiplet_2', 'to': 'Chiplet_1', 'connection_type': '2.5d_emib', 'loc': '2.5d_chiplet'}",4,4,1,1,1,5,hbm2,ucie_adv,na,0,0,ws,0,0,0
397,45.78627664294649,5090265.14,173368.91074614698,6922434899.129092,96728.43137254904,208763.3653056359,397,1.131132696,2.51875,1536,96x96,7,0.656621759447044,1.3845915837374998,256,64x64,10,6.315940422320179,6.821646341899999,3072,128x128,14,15.436124909546791,15.979573171754398,8192,192x192,14,11.481175603606792,15.979573171754398,2048,192x192,14,1.3653681800824635,3.1172648505374996,512,96x96,10,2.5d_3d,"{'from': 'Chiplet_5', 'to': 'Chiplet_6', 'connection_type': '3d_hyb_bond', 'loc': 'stack0_base'},{'from': 'Chiplet_6', 'to': 'na', 'connection_type': '3d_hyb_bond', 'loc': 'stack0_top'},{'from': 'Chiplet_4', 'to': 'Chiplet_5', 'connection_type': '2.5d_emib', 'loc': '2.5d_chiplet'},{'from': 'Chiplet_4', 'to': 'Chiplet_1', 'connection_type': '2.5d_emib', 'loc': '2.5d_chiplet'},{'from': 'Chiplet_4', 'to': 'Chiplet_2', 'connection_type': '2.5d_emib', 'loc': '2.5d_chiplet'},{'from': 'Chiplet_4', 'to': 'Chiplet_3', 'connection_type': '2.5d_emib', 'loc': '2.5d_chiplet'},{'from': 'Chiplet_1', 'to': 'Chiplet_2', 'connection_type': '2.5d_emib', 'loc': '2.5d_chiplet'},{'from': 'Chiplet_1', 'to': 'Chiplet_4', 'connection_type': '2.5d_emib', 'loc': '2.5d_chiplet'},{'from': 'Chiplet_2', 'to': 'Chiplet_1', 'connection_type': '2.5d_emib', 'loc': '2.5d_chiplet'},{'from': 'Chiplet_2', 'to': 'Chiplet_4', 'connection_type': '2.5d_emib', 'loc': '2.5d_chiplet'},{'from': 'Chiplet_5', 'to': 'Chiplet_3', 'connection_type': '2.5d_emib', 'loc': '2.5d_chiplet'},{'from': 'Chiplet_5', 'to': 'Chiplet_4', 'connection_type': '2.5d_emib', 'loc': '2.5d_chiplet'},{'from': 'Chiplet_3', 'to': 'Chiplet_5', 'connection_type': '2.5d_emib', 'loc': '2.5d_chiplet'},{'from': 'Chiplet_3', 'to': 'Chiplet_4', 'connection_type': '2.5d_emib', 'loc': '2.5d_chiplet'}",1,1,1,2,2,1,ddr4,ucie_adv,ucie_3d,0,0,ws,0,0,0
398,25.778086118923422,3111171.7,73423.79334743955,2042503737.7242832,59310.810810810806,73191.42578090206,398,0.656621759447044,1.3845915837374998,256,64x64,10,0.552198,1.11875,768,64x64,7,12.799492673176792,15.979573171754398,4096,192x192,14,2.6264880905479133,5.538366334949999,1024,128x128,10,1.8849981800824636,3.1172648505374996,2048,96x96,10,2.972908090547913,5.538366334949999,2048,128x128,10,2.5d,"{'from': 'Chiplet_3', 'to': 'Chiplet_6', 'connection_type': '2.5d_rdl', 'loc': '2.5d_chiplet'},{'from': 'Chiplet_3', 'to': 'Chiplet_4', 'connection_type': '2.5d_rdl', 'loc': '2.5d_chiplet'},{'from': 'Chiplet_6', 'to': 'Chiplet_3', 'connection_type': '2.5d_rdl', 'loc': '2.5d_chiplet'},{'from': 'Chiplet_6', 'to': 'Chiplet_1', 'connection_type': '2.5d_rdl', 'loc': '2.5d_chiplet'},{'from': 'Chiplet_6', 'to': 'Chiplet_2', 'connection_type': '2.5d_rdl', 'loc': '2.5d_chiplet'},{'from': 'Chiplet_6', 'to': 'Chiplet_4', 'connection_type': '2.5d_rdl', 'loc': '2.5d_chiplet'},{'from': 'Chiplet_1', 'to': 'Chiplet_6', 'connection_type': '2.5d_rdl', 'loc': '2.5d_chiplet'},{'from': 'Chiplet_1', 'to': 'Chiplet_2', 'connection_type': '2.5d_rdl', 'loc': '2.5d_chiplet'},{'from': 'Chiplet_2', 'to': 'Chiplet_5', 'connection_type': '2.5d_rdl', 'loc': '2.5d_chiplet'},{'from': 'Chiplet_2', 'to': 'Chiplet_1', 'connection_type': '2.5d_rdl', 'loc': '2.5d_chiplet'},{'from': 'Chiplet_2', 'to': 'Chiplet_6', 'connection_type': '2.5d_rdl', 'loc': '2.5d_chiplet'},{'from': 'Chiplet_4', 'to': 'Chiplet_5', 'connection_type': '2.5d_rdl', 'loc': '2.5d_chiplet'},{'from': 'Chiplet_4', 'to': 'Chiplet_3', 'connection_type': '2.5d_rdl', 'loc': '2.5d_chiplet'},{'from': 'Chiplet_4', 'to': 'Chiplet_6', 'connection_type': '2.5d_rdl', 'loc': '2.5d_chiplet'},{'from': 'Chiplet_5', 'to': 'Chiplet_2', 'connection_type': '2.5d_rdl', 'loc': '2.5d_chiplet'},{'from': 'Chiplet_5', 'to': 'Chiplet_4', 'connection_type': '2.5d_rdl', 'loc': '2.5d_chiplet'}",1,1,9,2,1,2,hbm2,ucie_std,na,1,0,os,0,0,0
399,14.603672953758107,2048229.92,127515.9199163008,4179521286.3842983,705504.7861323089,353976.4336669509,399,0.46559300000000003,1.11875,512,64x64,7,2.972908090547913,5.538366334949999,2048,128x128,10,0.552198,1.11875,768,64x64,7,1.304342696,2.51875,2048,96x96,7,2.6264880905479133,5.538366334949999,1024,128x128,10,2.972908090547913,5.538366334949999,2048,128x128,10,2.5d_3d,"{'from': 'Chiplet_3', 'to': 'Chiplet_1', 'connection_type': '3d_hyb_bond', 'loc': 'stack0_base'},{'from': 'Chiplet_1', 'to': 'na', 'connection_type': '3d_hyb_bond', 'loc': 'stack0_top'},{'from': 'Chiplet_2', 'to': 'Chiplet_5', 'connection_type': '2.5d_emib', 'loc': '2.5d_chiplet'},{'from': 'Chiplet_2', 'to': 'Chiplet_6', 'connection_type': '2.5d_emib', 'loc': '2.5d_chiplet'},{'from': 'Chiplet_5', 'to': 'Chiplet_2', 'connection_type': '2.5d_emib', 'loc': '2.5d_chiplet'},{'from': 'Chiplet_5', 'to': 'Chiplet_4', 'connection_type': '2.5d_emib', 'loc': '2.5d_chiplet'},{'from': 'Chiplet_6', 'to': 'Chiplet_3', 'connection_type': '2.5d_emib', 'loc': '2.5d_chiplet'},{'from': 'Chiplet_6', 'to': 'Chiplet_2', 'connection_type': '2.5d_emib', 'loc': '2.5d_chiplet'},{'from': 'Chiplet_6', 'to': 'Chiplet_4', 'connection_type': '2.5d_emib', 'loc': '2.5d_chiplet'},{'from': 'Chiplet_4', 'to': 'Chiplet_5', 'connection_type': '2.5d_emib', 'loc': '2.5d_chiplet'},{'from': 'Chiplet_4', 'to': 'Chiplet_6', 'connection_type': '2.5d_emib', 'loc': '2.5d_chiplet'},{'from': 'Chiplet_4', 'to': 'Chiplet_3', 'connection_type': '2.5d_emib', 'loc': '2.5d_chiplet'},{'from': 'Chiplet_3', 'to': 'Chiplet_6', 'connection_type': '2.5d_emib', 'loc': '2.5d_chiplet'},{'from': 'Chiplet_3', 'to': 'Chiplet_4', 'connection_type': '2.5d_emib', 'loc': '2.5d_chiplet'}",1,2,1,1,1,2,ddr5,bow,ucie_3d,0,0,is,1,0,0
400,30.050339813746003,2502975.75,155013.6686056388,6391936061.035255,83066.07843137255,156433.90941347647,400,3.5867297574793953,3.8395579270749995,2048,96x96,14,2.597993382379395,3.8395579270749995,512,96x96,14,0.829831759447044,1.3845915837374998,768,64x64,10,1.249405813087535,1.7054115854749998,256,64x64,14,6.726740457366197,12.973514847541198,4096,192x192,10,1.743774000637535,1.7054115854749998,1024,64x64,14,2.5d,"{'from': 'Chiplet_5', 'to': 'Chiplet_1', 'connection_type': '2.5d_emib', 'loc': '2.5d_chiplet'},{'from': 'Chiplet_5', 'to': 'Chiplet_4', 'connection_type': '2.5d_emib', 'loc': '2.5d_chiplet'},{'from': 'Chiplet_4', 'to': 'Chiplet_5', 'connection_type': '2.5d_emib', 'loc': '2.5d_chiplet'},{'from': 'Chiplet_4', 'to': 'Chiplet_1', 'connection_type': '2.5d_emib', 'loc': '2.5d_chiplet'},{'from': 'Chiplet_1', 'to': 'Chiplet_5', 'connection_type': '2.5d_emib', 'loc': '2.5d_chiplet'},{'from': 'Chiplet_1', 'to': 'Chiplet_6', 'connection_type': '2.5d_emib', 'loc': '2.5d_chiplet'},{'from': 'Chiplet_1', 'to': 'Chiplet_2', 'connection_type': '2.5d_emib', 'loc': '2.5d_chiplet'},{'from': 'Chiplet_1', 'to': 'Chiplet_4', 'connection_type': '2.5d_emib', 'loc': '2.5d_chiplet'},{'from': 'Chiplet_1', 'to': 'Chiplet_3', 'connection_type': '2.5d_emib', 'loc': '2.5d_chiplet'},{'from': 'Chiplet_3', 'to': 'Chiplet_1', 'connection_type': '2.5d_emib', 'loc': '2.5d_chiplet'},{'from': 'Chiplet_3', 'to': 'Chiplet_6', 'connection_type': '2.5d_emib', 'loc': '2.5d_chiplet'},{'from': 'Chiplet_2', 'to': 'Chiplet_1', 'connection_type': '2.5d_emib', 'loc': '2.5d_chiplet'},{'from': 'Chiplet_2', 'to': 'Chiplet_6', 'connection_type': '2.5d_emib', 'loc': '2.5d_chiplet'},{'from': 'Chiplet_6', 'to': 'Chiplet_3', 'connection_type': '2.5d_emib', 'loc': '2.5d_chiplet'},{'from': 'Chiplet_6', 'to': 'Chiplet_1', 'connection_type': '2.5d_emib', 'loc': '2.5d_chiplet'},{'from': 'Chiplet_6', 'to': 'Chiplet_2', 'connection_type': '2.5d_emib', 'loc': '2.5d_chiplet'}",1,1,1,1,3,1,ddr4,bow,na,1,0,os,0,0,0
401,19.64617561746375,3158134.25,67857.7056051034,2025701614.3511415,87824.90909090909,80980.67804357097,401,4.818150952,10.4826,6144,192x192,7,1.743774000637535,1.7054115854749998,1024,64x64,14,1.8849981800824636,3.1172648505374996,2048,96x96,10,3.5867297574793953,3.8395579270749995,2048,96x96,14,0.552198,1.11875,768,64x64,7,5.656782838920179,6.821646341899999,2048,128x128,14,2.5d_3d,"{'from': 'Chiplet_6', 'to': 'Chiplet_2', 'connection_type': '3d_tsv', 'loc': 'stack0_base'},{'from': 'Chiplet_2', 'to': 'Chiplet_5', 'connection_type': '3d_tsv', 'loc': 'stack0_middle1'},{'from': 'Chiplet_5', 'to': 'na', 'connection_type': '3d_tsv', 'loc': 'stack0_top'},{'from': 'Chiplet_6', 'to': 'Chiplet_3', 'connection_type': '2.5d_rdl', 'loc': '2.5d_chiplet'},{'from': 'Chiplet_6', 'to': 'Chiplet_1', 'connection_type': '2.5d_rdl', 'loc': '2.5d_chiplet'},{'from': 'Chiplet_6', 'to': 'Chiplet_4', 'connection_type': '2.5d_rdl', 'loc': '2.5d_chiplet'},{'from': 'Chiplet_3', 'to': 'Chiplet_6', 'connection_type': '2.5d_rdl', 'loc': '2.5d_chiplet'},{'from': 'Chiplet_3', 'to': 'Chiplet_4', 'connection_type': '2.5d_rdl', 'loc': '2.5d_chiplet'},{'from': 'Chiplet_1', 'to': 'Chiplet_6', 'connection_type': '2.5d_rdl', 'loc': '2.5d_chiplet'},{'from': 'Chiplet_1', 'to': 'Chiplet_4', 'connection_type': '2.5d_rdl', 'loc': '2.5d_chiplet'},{'from': 'Chiplet_4', 'to': 'Chiplet_3', 'connection_type': '2.5d_rdl', 'loc': '2.5d_chiplet'},{'from': 'Chiplet_4', 'to': 'Chiplet_1', 'connection_type': '2.5d_rdl', 'loc': '2.5d_chiplet'},{'from': 'Chiplet_4', 'to': 'Chiplet_6', 'connection_type': '2.5d_rdl', 'loc': '2.5d_chiplet'}",4,1,2,3,1,5,hbm3,ucie_std,ucie_3d,0,0,ws,0,0,0
402,28.51146409758046,3016945.49,63883.32408173498,1437375615.064396,85847.71986970684,76889.92099205784,402,1.7117881800824635,3.1172648505374996,1536,96x96,10,3.2571509657793953,3.8395579270749995,1536,96x96,14,0.916436759447044,1.3845915837374998,1024,64x64,10,6.033899457366197,12.973514847541198,2048,192x192,10,2.597993382379395,3.8395579270749995,512,96x96,14,4.9976252555201786,6.821646341899999,1024,128x128,14,2.5d,"{'from': 'Chiplet_4', 'to': 'Chiplet_5', 'connection_type': '2.5d_rdl', 'loc': '2.5d_chiplet'},{'from': 'Chiplet_4', 'to': 'Chiplet_6', 'connection_type': '2.5d_rdl', 'loc': '2.5d_chiplet'},{'from': 'Chiplet_4', 'to': 'Chiplet_2', 'connection_type': '2.5d_rdl', 'loc': '2.5d_chiplet'},{'from': 'Chiplet_4', 'to': 'Chiplet_3', 'connection_type': '2.5d_rdl', 'loc': '2.5d_chiplet'},{'from': 'Chiplet_5', 'to': 'Chiplet_3', 'connection_type': '2.5d_rdl', 'loc': '2.5d_chiplet'},{'from': 'Chiplet_5', 'to': 'Chiplet_4', 'connection_type': '2.5d_rdl', 'loc': '2.5d_chiplet'},{'from': 'Chiplet_3', 'to': 'Chiplet_5', 'connection_type': '2.5d_rdl', 'loc': '2.5d_chiplet'},{'from': 'Chiplet_3', 'to': 'Chiplet_4', 'connection_type': '2.5d_rdl', 'loc': '2.5d_chiplet'},{'from': 'Chiplet_6', 'to': 'Chiplet_1', 'connection_type': '2.5d_rdl', 'loc': '2.5d_chiplet'},{'from': 'Chiplet_6', 'to': 'Chiplet_2', 'connection_type': '2.5d_rdl', 'loc': '2.5d_chiplet'},{'from': 'Chiplet_6', 'to': 'Chiplet_4', 'connection_type': '2.5d_rdl', 'loc': '2.5d_chiplet'},{'from': 'Chiplet_2', 'to': 'Chiplet_1', 'connection_type': '2.5d_rdl', 'loc': '2.5d_chiplet'},{'from': 'Chiplet_2', 'to': 'Chiplet_6', 'connection_type': '2.5d_rdl', 'loc': '2.5d_chiplet'},{'from': 'Chiplet_2', 'to': 'Chiplet_4', 'connection_type': '2.5d_rdl', 'loc': '2.5d_chiplet'},{'from': 'Chiplet_1', 'to': 'Chiplet_6', 'connection_type': '2.5d_rdl', 'loc': '2.5d_chiplet'},{'from': 'Chiplet_1', 'to': 'Chiplet_2', 'connection_type': '2.5d_rdl', 'loc': '2.5d_chiplet'}",1,3,1,5,2,4,hbm3,ucie_std,na,1,0,ws,0,0,0
403,23.065550242390895,2161481.23,145503.84434246348,1476986036.6152081,1124540.3549398745,376353.31496099813,403,1.743774000637535,1.7054115854749998,1024,64x64,14,1.743774000637535,1.7054115854749998,1024,64x64,14,5.656782838920179,6.821646341899999,2048,128x128,14,1.578984604787535,1.7054115854749998,768,64x64,14,2.597993382379395,3.8395579270749995,512,96x96,14,0.638803,1.11875,1024,64x64,7,2.5d,"{'from': 'Chiplet_3', 'to': 'Chiplet_5', 'connection_type': '2.5d_emib', 'loc': '2.5d_chiplet'},{'from': 'Chiplet_3', 'to': 'Chiplet_4', 'connection_type': '2.5d_emib', 'loc': '2.5d_chiplet'},{'from': 'Chiplet_4', 'to': 'Chiplet_5', 'connection_type': '2.5d_emib', 'loc': '2.5d_chiplet'},{'from': 'Chiplet_4', 'to': 'Chiplet_1', 'connection_type': '2.5d_emib', 'loc': '2.5d_chiplet'},{'from': 'Chiplet_4', 'to': 'Chiplet_3', 'connection_type': '2.5d_emib', 'loc': '2.5d_chiplet'},{'from': 'Chiplet_5', 'to': 'Chiplet_1', 'connection_type': '2.5d_emib', 'loc': '2.5d_chiplet'},{'from': 'Chiplet_5', 'to': 'Chiplet_6', 'connection_type': '2.5d_emib', 'loc': '2.5d_chiplet'},{'from': 'Chiplet_5', 'to': 'Chiplet_4', 'connection_type': '2.5d_emib', 'loc': '2.5d_chiplet'},{'from': 'Chiplet_5', 'to': 'Chiplet_2', 'connection_type': '2.5d_emib', 'loc': '2.5d_chiplet'},{'from': 'Chiplet_5', 'to': 'Chiplet_3', 'connection_type': '2.5d_emib', 'loc': '2.5d_chiplet'},{'from': 'Chiplet_6', 'to': 'Chiplet_5', 'connection_type': '2.5d_emib', 'loc': '2.5d_chiplet'},{'from': 'Chiplet_6', 'to': 'Chiplet_2', 'connection_type': '2.5d_emib', 'loc': '2.5d_chiplet'},{'from': 'Chiplet_1', 'to': 'Chiplet_5', 'connection_type': '2.5d_emib', 'loc': '2.5d_chiplet'},{'from': 'Chiplet_1', 'to': 'Chiplet_2', 'connection_type': '2.5d_emib', 'loc': '2.5d_chiplet'},{'from': 'Chiplet_1', 'to': 'Chiplet_4', 'connection_type': '2.5d_emib', 'loc': '2.5d_chiplet'},{'from': 'Chiplet_2', 'to': 'Chiplet_5', 'connection_type': '2.5d_emib', 'loc': '2.5d_chiplet'},{'from': 'Chiplet_2', 'to': 'Chiplet_1', 'connection_type': '2.5d_emib', 'loc': '2.5d_chiplet'},{'from': 'Chiplet_2', 'to': 'Chiplet_6', 'connection_type': '2.5d_emib', 'loc': '2.5d_chiplet'}",2,2,6,2,3,1,hbm3,ucie_adv,na,0,0,os,1,0,0
404,56.22707315915375,5170079.59,122492.86447472921,6756631652.007347,77382.74509803922,202473.84525993315,404,0.784712696,2.51875,512,96x96,7,12.799492673176792,15.979573171754398,4096,192x192,14,2.55521354,4.475,4096,128x128,7,4.1253109519999995,10.4826,4096,192x192,7,12.799492673176792,15.979573171754398,4096,192x192,14,2.6264880905479133,5.538366334949999,1024,128x128,10,2.5d,"{'from': 'Chiplet_2', 'to': 'Chiplet_5', 'connection_type': '2.5d_rdl', 'loc': '2.5d_chiplet'},{'from': 'Chiplet_2', 'to': 'Chiplet_1', 'connection_type': '2.5d_rdl', 'loc': '2.5d_chiplet'},{'from': 'Chiplet_2', 'to': 'Chiplet_4', 'connection_type': '2.5d_rdl', 'loc': '2.5d_chiplet'},{'from': 'Chiplet_4', 'to': 'Chiplet_1', 'connection_type': '2.5d_rdl', 'loc': '2.5d_chiplet'},{'from': 'Chiplet_4', 'to': 'Chiplet_2', 'connection_type': '2.5d_rdl', 'loc': '2.5d_chiplet'},{'from': 'Chiplet_1', 'to': 'Chiplet_2', 'connection_type': '2.5d_rdl', 'loc': '2.5d_chiplet'},{'from': 'Chiplet_1', 'to': 'Chiplet_4', 'connection_type': '2.5d_rdl', 'loc': '2.5d_chiplet'},{'from': 'Chiplet_5', 'to': 'Chiplet_3', 'connection_type': '2.5d_rdl', 'loc': '2.5d_chiplet'},{'from': 'Chiplet_5', 'to': 'Chiplet_6', 'connection_type': '2.5d_rdl', 'loc': '2.5d_chiplet'},{'from': 'Chiplet_5', 'to': 'Chiplet_2', 'connection_type': '2.5d_rdl', 'loc': '2.5d_chiplet'},{'from': 'Chiplet_6', 'to': 'Chiplet_5', 'connection_type': '2.5d_rdl', 'loc': '2.5d_chiplet'},{'from': 'Chiplet_6', 'to': 'Chiplet_3', 'connection_type': '2.5d_rdl', 'loc': '2.5d_chiplet'},{'from': 'Chiplet_3', 'to': 'Chiplet_5', 'connection_type': '2.5d_rdl', 'loc': '2.5d_chiplet'},{'from': 'Chiplet_3', 'to': 'Chiplet_6', 'connection_type': '2.5d_rdl', 'loc': '2.5d_chiplet'}",1,2,1,1,2,1,ddr4,ucie_std,na,1,0,ws,0,0,0
405,12.996528795763572,1705604.21,152264.03234766467,5812919074.075469,1722525.4413470621,716139.9255649779,405,0.638803,1.11875,1024,64x64,7,1.51595254,4.475,1024,128x128,7,2.20879254,4.475,3072,128x128,7,1.131132696,2.51875,1536,96x96,7,0.552198,1.11875,768,64x64,7,2.6264880905479133,5.538366334949999,1024,128x128,10,2.5d,"{'from': 'Chiplet_6', 'to': 'Chiplet_5', 'connection_type': '2.5d_emib', 'loc': '2.5d_chiplet'},{'from': 'Chiplet_6', 'to': 'Chiplet_3', 'connection_type': '2.5d_emib', 'loc': '2.5d_chiplet'},{'from': 'Chiplet_6', 'to': 'Chiplet_4', 'connection_type': '2.5d_emib', 'loc': '2.5d_chiplet'},{'from': 'Chiplet_4', 'to': 'Chiplet_5', 'connection_type': '2.5d_emib', 'loc': '2.5d_chiplet'},{'from': 'Chiplet_4', 'to': 'Chiplet_6', 'connection_type': '2.5d_emib', 'loc': '2.5d_chiplet'},{'from': 'Chiplet_5', 'to': 'Chiplet_6', 'connection_type': '2.5d_emib', 'loc': '2.5d_chiplet'},{'from': 'Chiplet_5', 'to': 'Chiplet_4', 'connection_type': '2.5d_emib', 'loc': '2.5d_chiplet'},{'from': 'Chiplet_3', 'to': 'Chiplet_1', 'connection_type': '2.5d_emib', 'loc': '2.5d_chiplet'},{'from': 'Chiplet_3', 'to': 'Chiplet_6', 'connection_type': '2.5d_emib', 'loc': '2.5d_chiplet'},{'from': 'Chiplet_3', 'to': 'Chiplet_2', 'connection_type': '2.5d_emib', 'loc': '2.5d_chiplet'},{'from': 'Chiplet_2', 'to': 'Chiplet_3', 'connection_type': '2.5d_emib', 'loc': '2.5d_chiplet'},{'from': 'Chiplet_2', 'to': 'Chiplet_1', 'connection_type': '2.5d_emib', 'loc': '2.5d_chiplet'},{'from': 'Chiplet_1', 'to': 'Chiplet_3', 'connection_type': '2.5d_emib', 'loc': '2.5d_chiplet'},{'from': 'Chiplet_1', 'to': 'Chiplet_2', 'connection_type': '2.5d_emib', 'loc': '2.5d_chiplet'}",1,1,2,1,1,2,ddr4,bow,na,0,0,os,1,0,0
406,22.61289239339613,3858598.33,80536.92657030524,2518039949.9534564,446735.36363636365,319195.97478804464,406,3.2571509657793953,3.8395579270749995,1536,96x96,14,8.112421457366196,12.973514847541198,8192,192x192,10,1.3653681800824635,3.1172648505374996,512,96x96,10,0.378988,1.11875,256,64x64,7,5.5109919519999995,10.4826,8192,192x192,7,1.4141952089375351,1.7054115854749998,512,64x64,14,2.5d_3d,"{'from': 'Chiplet_6', 'to': 'Chiplet_3', 'connection_type': '3d_tsv', 'loc': 'stack0_base'},{'from': 'Chiplet_3', 'to': 'Chiplet_4', 'connection_type': '3d_tsv', 'loc': 'stack0_middle1'},{'from': 'Chiplet_4', 'to': 'na', 'connection_type': '3d_tsv', 'loc': 'stack0_top'},{'from': 'Chiplet_2', 'to': 'Chiplet_5', 'connection_type': '2.5d_rdl', 'loc': '2.5d_chiplet'},{'from': 'Chiplet_2', 'to': 'Chiplet_1', 'connection_type': '2.5d_rdl', 'loc': '2.5d_chiplet'},{'from': 'Chiplet_2', 'to': 'Chiplet_6', 'connection_type': '2.5d_rdl', 'loc': '2.5d_chiplet'},{'from': 'Chiplet_6', 'to': 'Chiplet_1', 'connection_type': '2.5d_rdl', 'loc': '2.5d_chiplet'},{'from': 'Chiplet_6', 'to': 'Chiplet_2', 'connection_type': '2.5d_rdl', 'loc': '2.5d_chiplet'},{'from': 'Chiplet_5', 'to': 'Chiplet_1', 'connection_type': '2.5d_rdl', 'loc': '2.5d_chiplet'},{'from': 'Chiplet_5', 'to': 'Chiplet_2', 'connection_type': '2.5d_rdl', 'loc': '2.5d_chiplet'},{'from': 'Chiplet_1', 'to': 'Chiplet_5', 'connection_type': '2.5d_rdl', 'loc': '2.5d_chiplet'},{'from': 'Chiplet_1', 'to': 'Chiplet_6', 'connection_type': '2.5d_rdl', 'loc': '2.5d_chiplet'},{'from': 'Chiplet_1', 'to': 'Chiplet_2', 'connection_type': '2.5d_rdl', 'loc': '2.5d_chiplet'}",3,6,1,1,4,1,hbm2,ucie_std,ucie_3d,1,0,is,0,0,0
407,31.2877531707971,3841780.3,147350.75525031256,2377856528.3773746,111575.0,111097.34726250939,407,1.578984604787535,1.7054115854749998,768,64x64,14,2.597993382379395,3.8395579270749995,512,96x96,14,1.7117881800824635,3.1172648505374996,1536,96x96,10,12.799492673176792,15.979573171754398,4096,192x192,14,6.315940422320179,6.821646341899999,3072,128x128,14,0.743226759447044,1.3845915837374998,512,64x64,10,2.5d_3d,"{'from': 'Chiplet_4', 'to': 'Chiplet_6', 'connection_type': '3d_tsv', 'loc': 'stack0_base'},{'from': 'Chiplet_6', 'to': 'na', 'connection_type': '3d_tsv', 'loc': 'stack0_top'},{'from': 'Chiplet_4', 'to': 'Chiplet_5', 'connection_type': '2.5d_emib', 'loc': '2.5d_chiplet'},{'from': 'Chiplet_4', 'to': 'Chiplet_2', 'connection_type': '2.5d_emib', 'loc': '2.5d_chiplet'},{'from': 'Chiplet_5', 'to': 'Chiplet_3', 'connection_type': '2.5d_emib', 'loc': '2.5d_chiplet'},{'from': 'Chiplet_5', 'to': 'Chiplet_2', 'connection_type': '2.5d_emib', 'loc': '2.5d_chiplet'},{'from': 'Chiplet_5', 'to': 'Chiplet_4', 'connection_type': '2.5d_emib', 'loc': '2.5d_chiplet'},{'from': 'Chiplet_2', 'to': 'Chiplet_5', 'connection_type': '2.5d_emib', 'loc': '2.5d_chiplet'},{'from': 'Chiplet_2', 'to': 'Chiplet_3', 'connection_type': '2.5d_emib', 'loc': '2.5d_chiplet'},{'from': 'Chiplet_2', 'to': 'Chiplet_1', 'connection_type': '2.5d_emib', 'loc': '2.5d_chiplet'},{'from': 'Chiplet_2', 'to': 'Chiplet_4', 'connection_type': '2.5d_emib', 'loc': '2.5d_chiplet'},{'from': 'Chiplet_3', 'to': 'Chiplet_5', 'connection_type': '2.5d_emib', 'loc': '2.5d_chiplet'},{'from': 'Chiplet_3', 'to': 'Chiplet_1', 'connection_type': '2.5d_emib', 'loc': '2.5d_chiplet'},{'from': 'Chiplet_3', 'to': 'Chiplet_2', 'connection_type': '2.5d_emib', 'loc': '2.5d_chiplet'},{'from': 'Chiplet_1', 'to': 'Chiplet_3', 'connection_type': '2.5d_emib', 'loc': '2.5d_chiplet'},{'from': 'Chiplet_1', 'to': 'Chiplet_2', 'connection_type': '2.5d_emib', 'loc': '2.5d_chiplet'}",1,1,1,8,4,1,hbm2,ucie_adv,ucie_3d,0,0,ws,0,0,0
408,7.41421284424792,1411785.13,75494.55854622174,1363474114.763084,1259545.865052853,388100.00979141245,408,1.131132696,2.51875,1536,96x96,7,1.4141952089375351,1.7054115854749998,512,64x64,14,1.3653681800824635,3.1172648505374996,512,96x96,10,1.5385781800824634,3.1172648505374996,1024,96x96,10,0.656621759447044,1.3845915837374998,256,64x64,10,2.927572174079395,3.8395579270749995,1024,96x96,14,2.5d_3d,"{'from': 'Chiplet_6', 'to': 'Chiplet_3', 'connection_type': '3d_tsv', 'loc': 'stack0_base'},{'from': 'Chiplet_3', 'to': 'Chiplet_1', 'connection_type': '3d_tsv', 'loc': 'stack0_middle1'},{'from': 'Chiplet_1', 'to': 'Chiplet_5', 'connection_type': '3d_tsv', 'loc': 'stack0_middle2'},{'from': 'Chiplet_5', 'to': 'na', 'connection_type': '3d_tsv', 'loc': 'stack0_top'},{'from': 'Chiplet_6', 'to': 'Chiplet_2', 'connection_type': '2.5d_emib', 'loc': '2.5d_chiplet'},{'from': 'Chiplet_6', 'to': 'Chiplet_4', 'connection_type': '2.5d_emib', 'loc': '2.5d_chiplet'},{'from': 'Chiplet_4', 'to': 'Chiplet_6', 'connection_type': '2.5d_emib', 'loc': '2.5d_chiplet'},{'from': 'Chiplet_4', 'to': 'Chiplet_2', 'connection_type': '2.5d_emib', 'loc': '2.5d_chiplet'},{'from': 'Chiplet_2', 'to': 'Chiplet_6', 'connection_type': '2.5d_emib', 'loc': '2.5d_chiplet'},{'from': 'Chiplet_2', 'to': 'Chiplet_4', 'connection_type': '2.5d_emib', 'loc': '2.5d_chiplet'}",2,3,2,3,1,5,hbm3,aib,ucie_3d,0,0,os,1,0,0
409,33.727470656486,3136279.09,81887.44183944614,3258501515.319478,680189.9946114853,500154.643392179,409,1.5385781800824634,3.1172648505374996,1024,96x96,10,1.86237254,4.475,2048,128x128,7,11.481175603606792,15.979573171754398,2048,192x192,14,1.8849981800824636,3.1172648505374996,2048,96x96,10,6.975099908490179,6.821646341899999,4096,128x128,14,1.4141952089375351,1.7054115854749998,512,64x64,14,2.5d,"{'from': 'Chiplet_3', 'to': 'Chiplet_5', 'connection_type': '2.5d_rdl', 'loc': '2.5d_chiplet'},{'from': 'Chiplet_3', 'to': 'Chiplet_6', 'connection_type': '2.5d_rdl', 'loc': '2.5d_chiplet'},{'from': 'Chiplet_3', 'to': 'Chiplet_4', 'connection_type': '2.5d_rdl', 'loc': '2.5d_chiplet'},{'from': 'Chiplet_6', 'to': 'Chiplet_3', 'connection_type': '2.5d_rdl', 'loc': '2.5d_chiplet'},{'from': 'Chiplet_6', 'to': 'Chiplet_4', 'connection_type': '2.5d_rdl', 'loc': '2.5d_chiplet'},{'from': 'Chiplet_5', 'to': 'Chiplet_3', 'connection_type': '2.5d_rdl', 'loc': '2.5d_chiplet'},{'from': 'Chiplet_5', 'to': 'Chiplet_2', 'connection_type': '2.5d_rdl', 'loc': '2.5d_chiplet'},{'from': 'Chiplet_5', 'to': 'Chiplet_4', 'connection_type': '2.5d_rdl', 'loc': '2.5d_chiplet'},{'from': 'Chiplet_4', 'to': 'Chiplet_5', 'connection_type': '2.5d_rdl', 'loc': '2.5d_chiplet'},{'from': 'Chiplet_4', 'to': 'Chiplet_1', 'connection_type': '2.5d_rdl', 'loc': '2.5d_chiplet'},{'from': 'Chiplet_4', 'to': 'Chiplet_6', 'connection_type': '2.5d_rdl', 'loc': '2.5d_chiplet'},{'from': 'Chiplet_4', 'to': 'Chiplet_2', 'connection_type': '2.5d_rdl', 'loc': '2.5d_chiplet'},{'from': 'Chiplet_4', 'to': 'Chiplet_3', 'connection_type': '2.5d_rdl', 'loc': '2.5d_chiplet'},{'from': 'Chiplet_2', 'to': 'Chiplet_5', 'connection_type': '2.5d_rdl', 'loc': '2.5d_chiplet'},{'from': 'Chiplet_2', 'to': 'Chiplet_1', 'connection_type': '2.5d_rdl', 'loc': '2.5d_chiplet'},{'from': 'Chiplet_2', 'to': 'Chiplet_4', 'connection_type': '2.5d_rdl', 'loc': '2.5d_chiplet'},{'from': 'Chiplet_1', 'to': 'Chiplet_2', 'connection_type': '2.5d_rdl', 'loc': '2.5d_chiplet'},{'from': 'Chiplet_1', 'to': 'Chiplet_4', 'connection_type': '2.5d_rdl', 'loc': '2.5d_chiplet'}",1,1,3,1,1,1,ddr5,ucie_std,na,1,0,ws,1,0,0
410,22.36155263862072,3076095.23,73422.89067786119,6419402967.827259,98351.83006535948,179702.25204848225,410,6.726740457366197,12.973514847541198,4096,192x192,10,5.656782838920179,6.821646341899999,2048,128x128,14,1.3653681800824635,3.1172648505374996,512,96x96,10,1.5385781800824634,3.1172648505374996,1024,96x96,10,3.665749090547913,5.538366334949999,4096,128x128,10,0.957922696,2.51875,1024,96x96,7,2.5d_3d,"{'from': 'Chiplet_5', 'to': 'Chiplet_3', 'connection_type': '3d_hyb_bond', 'loc': 'stack0_base'},{'from': 'Chiplet_3', 'to': 'Chiplet_6', 'connection_type': '3d_hyb_bond', 'loc': 'stack0_middle1'},{'from': 'Chiplet_6', 'to': 'na', 'connection_type': '3d_hyb_bond', 'loc': 'stack0_top'},{'from': 'Chiplet_1', 'to': 'Chiplet_5', 'connection_type': '2.5d_rdl', 'loc': '2.5d_chiplet'},{'from': 'Chiplet_1', 'to': 'Chiplet_2', 'connection_type': '2.5d_rdl', 'loc': '2.5d_chiplet'},{'from': 'Chiplet_1', 'to': 'Chiplet_4', 'connection_type': '2.5d_rdl', 'loc': '2.5d_chiplet'},{'from': 'Chiplet_4', 'to': 'Chiplet_5', 'connection_type': '2.5d_rdl', 'loc': '2.5d_chiplet'},{'from': 'Chiplet_4', 'to': 'Chiplet_1', 'connection_type': '2.5d_rdl', 'loc': '2.5d_chiplet'},{'from': 'Chiplet_2', 'to': 'Chiplet_5', 'connection_type': '2.5d_rdl', 'loc': '2.5d_chiplet'},{'from': 'Chiplet_2', 'to': 'Chiplet_1', 'connection_type': '2.5d_rdl', 'loc': '2.5d_chiplet'},{'from': 'Chiplet_5', 'to': 'Chiplet_1', 'connection_type': '2.5d_rdl', 'loc': '2.5d_chiplet'},{'from': 'Chiplet_5', 'to': 'Chiplet_2', 'connection_type': '2.5d_rdl', 'loc': '2.5d_chiplet'},{'from': 'Chiplet_5', 'to': 'Chiplet_4', 'connection_type': '2.5d_rdl', 'loc': '2.5d_chiplet'}",2,2,1,1,1,1,ddr4,ucie_std,ucie_3d,1,0,ws,0,0,0
411,16.01141680745856,2948267.12,65704.56650075961,2159399397.2477493,113407.36363636363,94258.1101948879,411,0.378988,1.11875,256,64x64,7,3.2571509657793953,3.8395579270749995,1536,96x96,14,5.5109919519999995,10.4826,8192,192x192,7,0.743226759447044,1.3845915837374998,512,64x64,10,1.131132696,2.51875,1536,96x96,7,4.9976252555201786,6.821646341899999,1024,128x128,14,2.5d_3d,"{'from': 'Chiplet_3', 'to': 'Chiplet_2', 'connection_type': '3d_tsv', 'loc': 'stack0_base'},{'from': 'Chiplet_2', 'to': 'Chiplet_1', 'connection_type': '3d_tsv', 'loc': 'stack0_middle1'},{'from': 'Chiplet_1', 'to': 'na', 'connection_type': '3d_tsv', 'loc': 'stack0_top'},{'from': 'Chiplet_3', 'to': 'Chiplet_6', 'connection_type': '2.5d_rdl', 'loc': '2.5d_chiplet'},{'from': 'Chiplet_3', 'to': 'Chiplet_4', 'connection_type': '2.5d_rdl', 'loc': '2.5d_chiplet'},{'from': 'Chiplet_4', 'to': 'Chiplet_5', 'connection_type': '2.5d_rdl', 'loc': '2.5d_chiplet'},{'from': 'Chiplet_4', 'to': 'Chiplet_3', 'connection_type': '2.5d_rdl', 'loc': '2.5d_chiplet'},{'from': 'Chiplet_6', 'to': 'Chiplet_5', 'connection_type': '2.5d_rdl', 'loc': '2.5d_chiplet'},{'from': 'Chiplet_6', 'to': 'Chiplet_3', 'connection_type': '2.5d_rdl', 'loc': '2.5d_chiplet'},{'from': 'Chiplet_5', 'to': 'Chiplet_6', 'connection_type': '2.5d_rdl', 'loc': '2.5d_chiplet'},{'from': 'Chiplet_5', 'to': 'Chiplet_4', 'connection_type': '2.5d_rdl', 'loc': '2.5d_chiplet'}",1,3,5,1,1,5,hbm2,ucie_std,ucie_3d,1,0,os,0,0,0
412,17.437360125890113,2778278.36,54645.264137113154,1722320343.096291,511545.3562960092,258814.46752087277,412,4.1253109519999995,10.4826,4096,192x192,7,1.5385781800824634,3.1172648505374996,1024,96x96,10,0.916436759447044,1.3845915837374998,1024,64x64,10,0.957922696,2.51875,1024,96x96,7,3.3193280905479132,5.538366334949999,3072,128x128,10,0.378988,1.11875,256,64x64,7,2.5d_3d,"{'from': 'Chiplet_3', 'to': 'Chiplet_6', 'connection_type': '3d_hyb_bond', 'loc': 'stack0_base'},{'from': 'Chiplet_6', 'to': 'na', 'connection_type': '3d_hyb_bond', 'loc': 'stack0_top'},{'from': 'Chiplet_1', 'to': 'Chiplet_5', 'connection_type': '2.5d_rdl', 'loc': '2.5d_chiplet'},{'from': 'Chiplet_1', 'to': 'Chiplet_2', 'connection_type': '2.5d_rdl', 'loc': '2.5d_chiplet'},{'from': 'Chiplet_1', 'to': 'Chiplet_4', 'connection_type': '2.5d_rdl', 'loc': '2.5d_chiplet'},{'from': 'Chiplet_4', 'to': 'Chiplet_1', 'connection_type': '2.5d_rdl', 'loc': '2.5d_chiplet'},{'from': 'Chiplet_4', 'to': 'Chiplet_2', 'connection_type': '2.5d_rdl', 'loc': '2.5d_chiplet'},{'from': 'Chiplet_5', 'to': 'Chiplet_3', 'connection_type': '2.5d_rdl', 'loc': '2.5d_chiplet'},{'from': 'Chiplet_5', 'to': 'Chiplet_1', 'connection_type': '2.5d_rdl', 'loc': '2.5d_chiplet'},{'from': 'Chiplet_5', 'to': 'Chiplet_2', 'connection_type': '2.5d_rdl', 'loc': '2.5d_chiplet'},{'from': 'Chiplet_2', 'to': 'Chiplet_5', 'connection_type': '2.5d_rdl', 'loc': '2.5d_chiplet'},{'from': 'Chiplet_2', 'to': 'Chiplet_3', 'connection_type': '2.5d_rdl', 'loc': '2.5d_chiplet'},{'from': 'Chiplet_2', 'to': 'Chiplet_1', 'connection_type': '2.5d_rdl', 'loc': '2.5d_chiplet'},{'from': 'Chiplet_2', 'to': 'Chiplet_4', 'connection_type': '2.5d_rdl', 'loc': '2.5d_chiplet'},{'from': 'Chiplet_3', 'to': 'Chiplet_5', 'connection_type': '2.5d_rdl', 'loc': '2.5d_chiplet'},{'from': 'Chiplet_3', 'to': 'Chiplet_2', 'connection_type': '2.5d_rdl', 'loc': '2.5d_chiplet'}",6,2,1,1,5,1,hbm2,ucie_std,ucie_3d,0,0,ws,1,0,0
413,37.395450809265654,5139816.55,165554.48220976422,1922647000.23577,366482.6744314688,303762.90137892345,413,7.419580457366196,12.973514847541198,6144,192x192,10,0.784712696,2.51875,512,96x96,7,1.86237254,4.475,2048,128x128,7,1.131132696,2.51875,1536,96x96,7,15.436124909546791,15.979573171754398,8192,192x192,14,0.656621759447044,1.3845915837374998,256,64x64,10,2.5d_3d,"{'from': 'Chiplet_3', 'to': 'Chiplet_4', 'connection_type': '3d_u_bump', 'loc': 'stack0_base'},{'from': 'Chiplet_4', 'to': 'na', 'connection_type': '3d_u_bump', 'loc': 'stack0_top'},{'from': 'Chiplet_5', 'to': 'Chiplet_3', 'connection_type': '2.5d_emib', 'loc': '2.5d_chiplet'},{'from': 'Chiplet_5', 'to': 'Chiplet_1', 'connection_type': '2.5d_emib', 'loc': '2.5d_chiplet'},{'from': 'Chiplet_1', 'to': 'Chiplet_5', 'connection_type': '2.5d_emib', 'loc': '2.5d_chiplet'},{'from': 'Chiplet_1', 'to': 'Chiplet_2', 'connection_type': '2.5d_emib', 'loc': '2.5d_chiplet'},{'from': 'Chiplet_1', 'to': 'Chiplet_3', 'connection_type': '2.5d_emib', 'loc': '2.5d_chiplet'},{'from': 'Chiplet_3', 'to': 'Chiplet_5', 'connection_type': '2.5d_emib', 'loc': '2.5d_chiplet'},{'from': 'Chiplet_3', 'to': 'Chiplet_6', 'connection_type': '2.5d_emib', 'loc': '2.5d_chiplet'},{'from': 'Chiplet_3', 'to': 'Chiplet_1', 'connection_type': '2.5d_emib', 'loc': '2.5d_chiplet'},{'from': 'Chiplet_3', 'to': 'Chiplet_2', 'connection_type': '2.5d_emib', 'loc': '2.5d_chiplet'},{'from': 'Chiplet_2', 'to': 'Chiplet_3', 'connection_type': '2.5d_emib', 'loc': '2.5d_chiplet'},{'from': 'Chiplet_2', 'to': 'Chiplet_1', 'connection_type': '2.5d_emib', 'loc': '2.5d_chiplet'},{'from': 'Chiplet_2', 'to': 'Chiplet_6', 'connection_type': '2.5d_emib', 'loc': '2.5d_chiplet'},{'from': 'Chiplet_6', 'to': 'Chiplet_3', 'connection_type': '2.5d_emib', 'loc': '2.5d_chiplet'},{'from': 'Chiplet_6', 'to': 'Chiplet_2', 'connection_type': '2.5d_emib', 'loc': '2.5d_chiplet'}",4,1,1,1,8,1,hbm3,ucie_adv,ucie_3d,1,0,ws,1,0,0
414,30.02952871546518,5066356.43,150605.91663184232,1900200650.8566446,265525.95995854546,262661.14306676446,414,7.419580457366196,12.973514847541198,6144,192x192,10,3.2571509657793953,3.8395579270749995,1536,96x96,14,8.112421457366196,12.973514847541198,8192,192x192,10,1.304342696,2.51875,2048,96x96,7,6.033899457366197,12.973514847541198,2048,192x192,10,0.656621759447044,1.3845915837374998,256,64x64,10,2.5d_3d,"{'from': 'Chiplet_5', 'to': 'Chiplet_2', 'connection_type': '3d_u_bump', 'loc': 'stack0_base'},{'from': 'Chiplet_2', 'to': 'Chiplet_6', 'connection_type': '3d_u_bump', 'loc': 'stack0_middle1'},{'from': 'Chiplet_6', 'to': 'na', 'connection_type': '3d_u_bump', 'loc': 'stack0_top'},{'from': 'Chiplet_3', 'to': 'Chiplet_1', 'connection_type': '2.5d_emib', 'loc': '2.5d_chiplet'},{'from': 'Chiplet_3', 'to': 'Chiplet_4', 'connection_type': '2.5d_emib', 'loc': '2.5d_chiplet'},{'from': 'Chiplet_4', 'to': 'Chiplet_5', 'connection_type': '2.5d_emib', 'loc': '2.5d_chiplet'},{'from': 'Chiplet_4', 'to': 'Chiplet_3', 'connection_type': '2.5d_emib', 'loc': '2.5d_chiplet'},{'from': 'Chiplet_1', 'to': 'Chiplet_5', 'connection_type': '2.5d_emib', 'loc': '2.5d_chiplet'},{'from': 'Chiplet_1', 'to': 'Chiplet_3', 'connection_type': '2.5d_emib', 'loc': '2.5d_chiplet'},{'from': 'Chiplet_5', 'to': 'Chiplet_1', 'connection_type': '2.5d_emib', 'loc': '2.5d_chiplet'},{'from': 'Chiplet_5', 'to': 'Chiplet_4', 'connection_type': '2.5d_emib', 'loc': '2.5d_chiplet'}",4,2,5,1,3,1,hbm2,bow,ucie_3d,1,0,os,1,0,0
415,27.00504248568274,3798738.34,110425.60214128812,2399532419.4894495,104136.66666666667,106025.5586973932,415,12.799492673176792,15.979573171754398,4096,192x192,14,0.829831759447044,1.3845915837374998,768,64x64,10,1.86237254,4.475,2048,128x128,7,3.665749090547913,5.538366334949999,4096,128x128,10,0.552198,1.11875,768,64x64,7,3.5867297574793953,3.8395579270749995,2048,96x96,14,2.5d_3d,"{'from': 'Chiplet_6', 'to': 'Chiplet_3', 'connection_type': '3d_tsv', 'loc': 'stack0_base'},{'from': 'Chiplet_3', 'to': 'Chiplet_2', 'connection_type': '3d_tsv', 'loc': 'stack0_middle1'},{'from': 'Chiplet_2', 'to': 'Chiplet_5', 'connection_type': '3d_tsv', 'loc': 'stack0_middle2'},{'from': 'Chiplet_5', 'to': 'na', 'connection_type': '3d_tsv', 'loc': 'stack0_top'},{'from': 'Chiplet_1', 'to': 'Chiplet_6', 'connection_type': '2.5d_emib', 'loc': '2.5d_chiplet'},{'from': 'Chiplet_1', 'to': 'Chiplet_4', 'connection_type': '2.5d_emib', 'loc': '2.5d_chiplet'},{'from': 'Chiplet_4', 'to': 'Chiplet_1', 'connection_type': '2.5d_emib', 'loc': '2.5d_chiplet'},{'from': 'Chiplet_4', 'to': 'Chiplet_6', 'connection_type': '2.5d_emib', 'loc': '2.5d_chiplet'},{'from': 'Chiplet_6', 'to': 'Chiplet_1', 'connection_type': '2.5d_emib', 'loc': '2.5d_chiplet'},{'from': 'Chiplet_6', 'to': 'Chiplet_4', 'connection_type': '2.5d_emib', 'loc': '2.5d_chiplet'}",9,1,1,2,1,2,hbm2,ucie_adv,ucie_3d,0,0,ws,0,0,0
416,36.052881089336815,4536586.79,102400.15219310747,3947106460.6231995,681951.2481740313,578398.4539300589,416,3.5867297574793953,3.8395579270749995,2048,96x96,14,14.117807839976791,15.979573171754398,6144,192x192,14,0.916436759447044,1.3845915837374998,1024,64x64,10,8.112421457366196,12.973514847541198,8192,192x192,10,1.578984604787535,1.7054115854749998,768,64x64,14,2.55521354,4.475,4096,128x128,7,2.5d_3d,"{'from': 'Chiplet_4', 'to': 'Chiplet_5', 'connection_type': '3d_hyb_bond', 'loc': 'stack0_base'},{'from': 'Chiplet_5', 'to': 'Chiplet_3', 'connection_type': '3d_hyb_bond', 'loc': 'stack0_middle1'},{'from': 'Chiplet_3', 'to': 'na', 'connection_type': '3d_hyb_bond', 'loc': 'stack0_top'},{'from': 'Chiplet_2', 'to': 'Chiplet_1', 'connection_type': '2.5d_rdl', 'loc': '2.5d_chiplet'},{'from': 'Chiplet_2', 'to': 'Chiplet_4', 'connection_type': '2.5d_rdl', 'loc': '2.5d_chiplet'},{'from': 'Chiplet_4', 'to': 'Chiplet_1', 'connection_type': '2.5d_rdl', 'loc': '2.5d_chiplet'},{'from': 'Chiplet_4', 'to': 'Chiplet_2', 'connection_type': '2.5d_rdl', 'loc': '2.5d_chiplet'},{'from': 'Chiplet_4', 'to': 'Chiplet_6', 'connection_type': '2.5d_rdl', 'loc': '2.5d_chiplet'},{'from': 'Chiplet_1', 'to': 'Chiplet_6', 'connection_type': '2.5d_rdl', 'loc': '2.5d_chiplet'},{'from': 'Chiplet_1', 'to': 'Chiplet_2', 'connection_type': '2.5d_rdl', 'loc': '2.5d_chiplet'},{'from': 'Chiplet_1', 'to': 'Chiplet_4', 'connection_type': '2.5d_rdl', 'loc': '2.5d_chiplet'},{'from': 'Chiplet_6', 'to': 'Chiplet_1', 'connection_type': '2.5d_rdl', 'loc': '2.5d_chiplet'},{'from': 'Chiplet_6', 'to': 'Chiplet_4', 'connection_type': '2.5d_rdl', 'loc': '2.5d_chiplet'}",1,3,1,1,1,1,ddr5,ucie_std,ucie_3d,0,0,is,1,0,0
417,40.414542079979654,4349042.57,162220.21823001548,6791523483.554319,116524.41176470587,208935.35691038193,417,4.9976252555201786,6.821646341899999,1024,128x128,14,11.481175603606792,15.979573171754398,2048,192x192,14,1.8849981800824636,3.1172648505374996,2048,96x96,10,1.249405813087535,1.7054115854749998,256,64x64,14,0.46559300000000003,1.11875,512,64x64,7,5.5109919519999995,10.4826,8192,192x192,7,2.5d_3d,"{'from': 'Chiplet_3', 'to': 'Chiplet_4', 'connection_type': '3d_u_bump', 'loc': 'stack0_base'},{'from': 'Chiplet_4', 'to': 'na', 'connection_type': '3d_u_bump', 'loc': 'stack0_top'},{'from': 'Chiplet_2', 'to': 'Chiplet_5', 'connection_type': '2.5d_emib', 'loc': '2.5d_chiplet'},{'from': 'Chiplet_2', 'to': 'Chiplet_1', 'connection_type': '2.5d_emib', 'loc': '2.5d_chiplet'},{'from': 'Chiplet_2', 'to': 'Chiplet_6', 'connection_type': '2.5d_emib', 'loc': '2.5d_chiplet'},{'from': 'Chiplet_5', 'to': 'Chiplet_1', 'connection_type': '2.5d_emib', 'loc': '2.5d_chiplet'},{'from': 'Chiplet_5', 'to': 'Chiplet_2', 'connection_type': '2.5d_emib', 'loc': '2.5d_chiplet'},{'from': 'Chiplet_6', 'to': 'Chiplet_3', 'connection_type': '2.5d_emib', 'loc': '2.5d_chiplet'},{'from': 'Chiplet_6', 'to': 'Chiplet_1', 'connection_type': '2.5d_emib', 'loc': '2.5d_chiplet'},{'from': 'Chiplet_6', 'to': 'Chiplet_2', 'connection_type': '2.5d_emib', 'loc': '2.5d_chiplet'},{'from': 'Chiplet_1', 'to': 'Chiplet_5', 'connection_type': '2.5d_emib', 'loc': '2.5d_chiplet'},{'from': 'Chiplet_1', 'to': 'Chiplet_6', 'connection_type': '2.5d_emib', 'loc': '2.5d_chiplet'},{'from': 'Chiplet_1', 'to': 'Chiplet_2', 'connection_type': '2.5d_emib', 'loc': '2.5d_chiplet'},{'from': 'Chiplet_1', 'to': 'Chiplet_3', 'connection_type': '2.5d_emib', 'loc': '2.5d_chiplet'},{'from': 'Chiplet_3', 'to': 'Chiplet_1', 'connection_type': '2.5d_emib', 'loc': '2.5d_chiplet'},{'from': 'Chiplet_3', 'to': 'Chiplet_6', 'connection_type': '2.5d_emib', 'loc': '2.5d_chiplet'}",1,3,1,1,1,1,ddr4,aib,ucie_3d,0,0,is,0,0,0
418,36.37162593685587,4250293.14,94895.65613449737,2008706646.6036782,708777.2848843266,551640.9283226745,418,15.436124909546791,15.979573171754398,8192,192x192,14,0.916436759447044,1.3845915837374998,1024,64x64,10,0.552198,1.11875,768,64x64,7,0.957922696,2.51875,1024,96x96,7,2.972908090547913,5.538366334949999,2048,128x128,10,6.726740457366197,12.973514847541198,4096,192x192,10,2.5d,"{'from': 'Chiplet_1', 'to': 'Chiplet_5', 'connection_type': '2.5d_rdl', 'loc': '2.5d_chiplet'},{'from': 'Chiplet_1', 'to': 'Chiplet_6', 'connection_type': '2.5d_rdl', 'loc': '2.5d_chiplet'},{'from': 'Chiplet_6', 'to': 'Chiplet_5', 'connection_type': '2.5d_rdl', 'loc': '2.5d_chiplet'},{'from': 'Chiplet_6', 'to': 'Chiplet_1', 'connection_type': '2.5d_rdl', 'loc': '2.5d_chiplet'},{'from': 'Chiplet_6', 'to': 'Chiplet_4', 'connection_type': '2.5d_rdl', 'loc': '2.5d_chiplet'},{'from': 'Chiplet_5', 'to': 'Chiplet_1', 'connection_type': '2.5d_rdl', 'loc': '2.5d_chiplet'},{'from': 'Chiplet_5', 'to': 'Chiplet_2', 'connection_type': '2.5d_rdl', 'loc': '2.5d_chiplet'},{'from': 'Chiplet_5', 'to': 'Chiplet_4', 'connection_type': '2.5d_rdl', 'loc': '2.5d_chiplet'},{'from': 'Chiplet_5', 'to': 'Chiplet_6', 'connection_type': '2.5d_rdl', 'loc': '2.5d_chiplet'},{'from': 'Chiplet_4', 'to': 'Chiplet_5', 'connection_type': '2.5d_rdl', 'loc': '2.5d_chiplet'},{'from': 'Chiplet_4', 'to': 'Chiplet_6', 'connection_type': '2.5d_rdl', 'loc': '2.5d_chiplet'},{'from': 'Chiplet_4', 'to': 'Chiplet_2', 'connection_type': '2.5d_rdl', 'loc': '2.5d_chiplet'},{'from': 'Chiplet_4', 'to': 'Chiplet_3', 'connection_type': '2.5d_rdl', 'loc': '2.5d_chiplet'},{'from': 'Chiplet_2', 'to': 'Chiplet_5', 'connection_type': '2.5d_rdl', 'loc': '2.5d_chiplet'},{'from': 'Chiplet_2', 'to': 'Chiplet_4', 'connection_type': '2.5d_rdl', 'loc': '2.5d_chiplet'},{'from': 'Chiplet_2', 'to': 'Chiplet_3', 'connection_type': '2.5d_rdl', 'loc': '2.5d_chiplet'},{'from': 'Chiplet_3', 'to': 'Chiplet_2', 'connection_type': '2.5d_rdl', 'loc': '2.5d_chiplet'},{'from': 'Chiplet_3', 'to': 'Chiplet_4', 'connection_type': '2.5d_rdl', 'loc': '2.5d_chiplet'}",9,1,1,1,1,3,hbm3,ucie_std,na,0,0,os,1,0,0
419,20.16567825575403,2529123.16,156288.95742067843,2104721899.998433,98673.46797346798,80342.6773566817,419,8.112421457366196,12.973514847541198,8192,192x192,10,0.378988,1.11875,256,64x64,7,1.131132696,2.51875,1536,96x96,7,2.597993382379395,3.8395579270749995,512,96x96,14,0.829831759447044,1.3845915837374998,768,64x64,10,0.46559300000000003,1.11875,512,64x64,7,2.5d,"{'from': 'Chiplet_1', 'to': 'Chiplet_3', 'connection_type': '2.5d_emib', 'loc': '2.5d_chiplet'},{'from': 'Chiplet_1', 'to': 'Chiplet_2', 'connection_type': '2.5d_emib', 'loc': '2.5d_chiplet'},{'from': 'Chiplet_1', 'to': 'Chiplet_4', 'connection_type': '2.5d_emib', 'loc': '2.5d_chiplet'},{'from': 'Chiplet_4', 'to': 'Chiplet_5', 'connection_type': '2.5d_emib', 'loc': '2.5d_chiplet'},{'from': 'Chiplet_4', 'to': 'Chiplet_3', 'connection_type': '2.5d_emib', 'loc': '2.5d_chiplet'},{'from': 'Chiplet_4', 'to': 'Chiplet_1', 'connection_type': '2.5d_emib', 'loc': '2.5d_chiplet'},{'from': 'Chiplet_3', 'to': 'Chiplet_5', 'connection_type': '2.5d_emib', 'loc': '2.5d_chiplet'},{'from': 'Chiplet_3', 'to': 'Chiplet_1', 'connection_type': '2.5d_emib', 'loc': '2.5d_chiplet'},{'from': 'Chiplet_3', 'to': 'Chiplet_6', 'connection_type': '2.5d_emib', 'loc': '2.5d_chiplet'},{'from': 'Chiplet_3', 'to': 'Chiplet_4', 'connection_type': '2.5d_emib', 'loc': '2.5d_chiplet'},{'from': 'Chiplet_3', 'to': 'Chiplet_2', 'connection_type': '2.5d_emib', 'loc': '2.5d_chiplet'},{'from': 'Chiplet_2', 'to': 'Chiplet_3', 'connection_type': '2.5d_emib', 'loc': '2.5d_chiplet'},{'from': 'Chiplet_2', 'to': 'Chiplet_1', 'connection_type': '2.5d_emib', 'loc': '2.5d_chiplet'},{'from': 'Chiplet_5', 'to': 'Chiplet_3', 'connection_type': '2.5d_emib', 'loc': '2.5d_chiplet'},{'from': 'Chiplet_5', 'to': 'Chiplet_6', 'connection_type': '2.5d_emib', 'loc': '2.5d_chiplet'},{'from': 'Chiplet_5', 'to': 'Chiplet_4', 'connection_type': '2.5d_emib', 'loc': '2.5d_chiplet'},{'from': 'Chiplet_6', 'to': 'Chiplet_5', 'connection_type': '2.5d_emib', 'loc': '2.5d_chiplet'},{'from': 'Chiplet_6', 'to': 'Chiplet_3', 'connection_type': '2.5d_emib', 'loc': '2.5d_chiplet'}",9,1,1,3,1,1,hbm3,aib,na,0,0,ws,0,0,0
420,35.535184198596944,3281189.8,85579.34325974755,3630396673.4544234,642639.5933180683,481255.23418896797,420,0.957922696,2.51875,1024,96x96,7,14.117807839976791,15.979573171754398,6144,192x192,14,1.8849981800824636,3.1172648505374996,2048,96x96,10,0.552198,1.11875,768,64x64,7,3.3193280905479132,5.538366334949999,3072,128x128,10,4.9976252555201786,6.821646341899999,1024,128x128,14,2.5d,"{'from': 'Chiplet_2', 'to': 'Chiplet_5', 'connection_type': '2.5d_rdl', 'loc': '2.5d_chiplet'},{'from': 'Chiplet_2', 'to': 'Chiplet_6', 'connection_type': '2.5d_rdl', 'loc': '2.5d_chiplet'},{'from': 'Chiplet_6', 'to': 'Chiplet_5', 'connection_type': '2.5d_rdl', 'loc': '2.5d_chiplet'},{'from': 'Chiplet_6', 'to': 'Chiplet_1', 'connection_type': '2.5d_rdl', 'loc': '2.5d_chiplet'},{'from': 'Chiplet_6', 'to': 'Chiplet_2', 'connection_type': '2.5d_rdl', 'loc': '2.5d_chiplet'},{'from': 'Chiplet_6', 'to': 'Chiplet_3', 'connection_type': '2.5d_rdl', 'loc': '2.5d_chiplet'},{'from': 'Chiplet_1', 'to': 'Chiplet_3', 'connection_type': '2.5d_rdl', 'loc': '2.5d_chiplet'},{'from': 'Chiplet_1', 'to': 'Chiplet_6', 'connection_type': '2.5d_rdl', 'loc': '2.5d_chiplet'},{'from': 'Chiplet_5', 'to': 'Chiplet_3', 'connection_type': '2.5d_rdl', 'loc': '2.5d_chiplet'},{'from': 'Chiplet_5', 'to': 'Chiplet_6', 'connection_type': '2.5d_rdl', 'loc': '2.5d_chiplet'},{'from': 'Chiplet_5', 'to': 'Chiplet_2', 'connection_type': '2.5d_rdl', 'loc': '2.5d_chiplet'},{'from': 'Chiplet_5', 'to': 'Chiplet_4', 'connection_type': '2.5d_rdl', 'loc': '2.5d_chiplet'},{'from': 'Chiplet_3', 'to': 'Chiplet_5', 'connection_type': '2.5d_rdl', 'loc': '2.5d_chiplet'},{'from': 'Chiplet_3', 'to': 'Chiplet_1', 'connection_type': '2.5d_rdl', 'loc': '2.5d_chiplet'},{'from': 'Chiplet_3', 'to': 'Chiplet_6', 'connection_type': '2.5d_rdl', 'loc': '2.5d_chiplet'},{'from': 'Chiplet_3', 'to': 'Chiplet_4', 'connection_type': '2.5d_rdl', 'loc': '2.5d_chiplet'},{'from': 'Chiplet_4', 'to': 'Chiplet_5', 'connection_type': '2.5d_rdl', 'loc': '2.5d_chiplet'},{'from': 'Chiplet_4', 'to': 'Chiplet_3', 'connection_type': '2.5d_rdl', 'loc': '2.5d_chiplet'}",1,3,1,1,1,1,ddr5,ucie_std,na,0,0,os,1,0,0
421,34.103870712770174,4534660.86,95992.25766271821,1800889390.2663698,1536106.748287256,1392356.85554269,421,4.1253109519999995,10.4826,4096,192x192,7,6.033899457366197,12.973514847541198,2048,192x192,10,2.6264880905479133,5.538366334949999,1024,128x128,10,2.55521354,4.475,4096,128x128,7,1.249405813087535,1.7054115854749998,256,64x64,14,6.726740457366197,12.973514847541198,4096,192x192,10,2.5d,"{'from': 'Chiplet_6', 'to': 'Chiplet_3', 'connection_type': '2.5d_rdl', 'loc': '2.5d_chiplet'},{'from': 'Chiplet_6', 'to': 'Chiplet_2', 'connection_type': '2.5d_rdl', 'loc': '2.5d_chiplet'},{'from': 'Chiplet_6', 'to': 'Chiplet_4', 'connection_type': '2.5d_rdl', 'loc': '2.5d_chiplet'},{'from': 'Chiplet_3', 'to': 'Chiplet_6', 'connection_type': '2.5d_rdl', 'loc': '2.5d_chiplet'},{'from': 'Chiplet_3', 'to': 'Chiplet_4', 'connection_type': '2.5d_rdl', 'loc': '2.5d_chiplet'},{'from': 'Chiplet_4', 'to': 'Chiplet_3', 'connection_type': '2.5d_rdl', 'loc': '2.5d_chiplet'},{'from': 'Chiplet_4', 'to': 'Chiplet_6', 'connection_type': '2.5d_rdl', 'loc': '2.5d_chiplet'},{'from': 'Chiplet_2', 'to': 'Chiplet_5', 'connection_type': '2.5d_rdl', 'loc': '2.5d_chiplet'},{'from': 'Chiplet_2', 'to': 'Chiplet_1', 'connection_type': '2.5d_rdl', 'loc': '2.5d_chiplet'},{'from': 'Chiplet_2', 'to': 'Chiplet_6', 'connection_type': '2.5d_rdl', 'loc': '2.5d_chiplet'},{'from': 'Chiplet_1', 'to': 'Chiplet_5', 'connection_type': '2.5d_rdl', 'loc': '2.5d_chiplet'},{'from': 'Chiplet_1', 'to': 'Chiplet_2', 'connection_type': '2.5d_rdl', 'loc': '2.5d_chiplet'},{'from': 'Chiplet_5', 'to': 'Chiplet_1', 'connection_type': '2.5d_rdl', 'loc': '2.5d_chiplet'},{'from': 'Chiplet_5', 'to': 'Chiplet_2', 'connection_type': '2.5d_rdl', 'loc': '2.5d_chiplet'}",3,4,2,2,1,4,hbm2,ucie_std,na,1,0,os,1,0,0
422,32.202826802671126,4459501.68,117647.25574218796,4847959848.941075,78746.42779587406,160895.01188688836,422,1.7117881800824635,3.1172648505374996,1536,96x96,10,6.975099908490179,6.821646341899999,4096,128x128,14,12.799492673176792,15.979573171754398,4096,192x192,14,3.5867297574793953,3.8395579270749995,2048,96x96,14,4.9976252555201786,6.821646341899999,1024,128x128,14,6.033899457366197,12.973514847541198,2048,192x192,10,2.5d_3d,"{'from': 'Chiplet_2', 'to': 'Chiplet_6', 'connection_type': '3d_hyb_bond', 'loc': 'stack0_base'},{'from': 'Chiplet_6', 'to': 'Chiplet_4', 'connection_type': '3d_hyb_bond', 'loc': 'stack0_middle1'},{'from': 'Chiplet_4', 'to': 'Chiplet_1', 'connection_type': '3d_hyb_bond', 'loc': 'stack0_middle2'},{'from': 'Chiplet_1', 'to': 'na', 'connection_type': '3d_hyb_bond', 'loc': 'stack0_top'},{'from': 'Chiplet_3', 'to': 'Chiplet_5', 'connection_type': '2.5d_rdl', 'loc': '2.5d_chiplet'},{'from': 'Chiplet_3', 'to': 'Chiplet_2', 'connection_type': '2.5d_rdl', 'loc': '2.5d_chiplet'},{'from': 'Chiplet_2', 'to': 'Chiplet_5', 'connection_type': '2.5d_rdl', 'loc': '2.5d_chiplet'},{'from': 'Chiplet_2', 'to': 'Chiplet_3', 'connection_type': '2.5d_rdl', 'loc': '2.5d_chiplet'},{'from': 'Chiplet_5', 'to': 'Chiplet_3', 'connection_type': '2.5d_rdl', 'loc': '2.5d_chiplet'},{'from': 'Chiplet_5', 'to': 'Chiplet_2', 'connection_type': '2.5d_rdl', 'loc': '2.5d_chiplet'}",1,1,3,1,1,1,ddr5,ucie_std,ucie_3d,1,0,is,0,0,0
423,21.995722406541187,2817328.41,161021.76331679037,1454578053.3201,394705.9695786982,220239.499473266,423,1.7117881800824635,3.1172648505374996,1536,96x96,10,1.131132696,2.51875,1536,96x96,7,1.131132696,2.51875,1536,96x96,7,1.743774000637535,1.7054115854749998,1024,64x64,14,6.726740457366197,12.973514847541198,4096,192x192,10,3.5867297574793953,3.8395579270749995,2048,96x96,14,2.5d,"{'from': 'Chiplet_5', 'to': 'Chiplet_6', 'connection_type': '2.5d_emib', 'loc': '2.5d_chiplet'},{'from': 'Chiplet_5', 'to': 'Chiplet_4', 'connection_type': '2.5d_emib', 'loc': '2.5d_chiplet'},{'from': 'Chiplet_5', 'to': 'Chiplet_2', 'connection_type': '2.5d_emib', 'loc': '2.5d_chiplet'},{'from': 'Chiplet_2', 'to': 'Chiplet_5', 'connection_type': '2.5d_emib', 'loc': '2.5d_chiplet'},{'from': 'Chiplet_2', 'to': 'Chiplet_4', 'connection_type': '2.5d_emib', 'loc': '2.5d_chiplet'},{'from': 'Chiplet_6', 'to': 'Chiplet_5', 'connection_type': '2.5d_emib', 'loc': '2.5d_chiplet'},{'from': 'Chiplet_6', 'to': 'Chiplet_1', 'connection_type': '2.5d_emib', 'loc': '2.5d_chiplet'},{'from': 'Chiplet_6', 'to': 'Chiplet_4', 'connection_type': '2.5d_emib', 'loc': '2.5d_chiplet'},{'from': 'Chiplet_4', 'to': 'Chiplet_5', 'connection_type': '2.5d_emib', 'loc': '2.5d_chiplet'},{'from': 'Chiplet_4', 'to': 'Chiplet_1', 'connection_type': '2.5d_emib', 'loc': '2.5d_chiplet'},{'from': 'Chiplet_4', 'to': 'Chiplet_6', 'connection_type': '2.5d_emib', 'loc': '2.5d_chiplet'},{'from': 'Chiplet_4', 'to': 'Chiplet_2', 'connection_type': '2.5d_emib', 'loc': '2.5d_chiplet'},{'from': 'Chiplet_4', 'to': 'Chiplet_3', 'connection_type': '2.5d_emib', 'loc': '2.5d_chiplet'},{'from': 'Chiplet_1', 'to': 'Chiplet_3', 'connection_type': '2.5d_emib', 'loc': '2.5d_chiplet'},{'from': 'Chiplet_1', 'to': 'Chiplet_6', 'connection_type': '2.5d_emib', 'loc': '2.5d_chiplet'},{'from': 'Chiplet_1', 'to': 'Chiplet_4', 'connection_type': '2.5d_emib', 'loc': '2.5d_chiplet'},{'from': 'Chiplet_3', 'to': 'Chiplet_1', 'connection_type': '2.5d_emib', 'loc': '2.5d_chiplet'},{'from': 'Chiplet_3', 'to': 'Chiplet_4', 'connection_type': '2.5d_emib', 'loc': '2.5d_chiplet'}",2,1,1,2,7,3,hbm3,bow,na,1,0,os,1,0,0
424,15.402912396052576,1606537.67,145936.31525651272,4373841877.411608,868780.8585067325,337791.48102960613,424,3.5867297574793953,3.8395579270749995,2048,96x96,14,1.7117881800824635,3.1172648505374996,1536,96x96,10,0.46559300000000003,1.11875,512,64x64,7,3.665749090547913,5.538366334949999,4096,128x128,10,0.552198,1.11875,768,64x64,7,0.916436759447044,1.3845915837374998,1024,64x64,10,2.5d,"{'from': 'Chiplet_4', 'to': 'Chiplet_5', 'connection_type': '2.5d_emib', 'loc': '2.5d_chiplet'},{'from': 'Chiplet_4', 'to': 'Chiplet_1', 'connection_type': '2.5d_emib', 'loc': '2.5d_chiplet'},{'from': 'Chiplet_4', 'to': 'Chiplet_6', 'connection_type': '2.5d_emib', 'loc': '2.5d_chiplet'},{'from': 'Chiplet_6', 'to': 'Chiplet_5', 'connection_type': '2.5d_emib', 'loc': '2.5d_chiplet'},{'from': 'Chiplet_6', 'to': 'Chiplet_4', 'connection_type': '2.5d_emib', 'loc': '2.5d_chiplet'},{'from': 'Chiplet_6', 'to': 'Chiplet_3', 'connection_type': '2.5d_emib', 'loc': '2.5d_chiplet'},{'from': 'Chiplet_5', 'to': 'Chiplet_3', 'connection_type': '2.5d_emib', 'loc': '2.5d_chiplet'},{'from': 'Chiplet_5', 'to': 'Chiplet_6', 'connection_type': '2.5d_emib', 'loc': '2.5d_chiplet'},{'from': 'Chiplet_5', 'to': 'Chiplet_2', 'connection_type': '2.5d_emib', 'loc': '2.5d_chiplet'},{'from': 'Chiplet_5', 'to': 'Chiplet_4', 'connection_type': '2.5d_emib', 'loc': '2.5d_chiplet'},{'from': 'Chiplet_3', 'to': 'Chiplet_5', 'connection_type': '2.5d_emib', 'loc': '2.5d_chiplet'},{'from': 'Chiplet_3', 'to': 'Chiplet_6', 'connection_type': '2.5d_emib', 'loc': '2.5d_chiplet'},{'from': 'Chiplet_1', 'to': 'Chiplet_2', 'connection_type': '2.5d_emib', 'loc': '2.5d_chiplet'},{'from': 'Chiplet_1', 'to': 'Chiplet_4', 'connection_type': '2.5d_emib', 'loc': '2.5d_chiplet'},{'from': 'Chiplet_2', 'to': 'Chiplet_5', 'connection_type': '2.5d_emib', 'loc': '2.5d_chiplet'},{'from': 'Chiplet_2', 'to': 'Chiplet_1', 'connection_type': '2.5d_emib', 'loc': '2.5d_chiplet'}",2,1,1,2,1,1,ddr5,bow,na,1,0,ws,1,0,0
425,21.541741124783666,4650358.5,98831.30654801696,1931860782.0750947,523398.97942691104,399040.41614836315,425,0.656621759447044,1.3845915837374998,256,64x64,10,5.5109919519999995,10.4826,8192,192x192,7,3.2571509657793953,3.8395579270749995,1536,96x96,14,5.5109919519999995,10.4826,8192,192x192,7,4.1253109519999995,10.4826,4096,192x192,7,0.46559300000000003,1.11875,512,64x64,7,2.5d_3d,"{'from': 'Chiplet_5', 'to': 'Chiplet_3', 'connection_type': '3d_u_bump', 'loc': 'stack0_base'},{'from': 'Chiplet_3', 'to': 'Chiplet_6', 'connection_type': '3d_u_bump', 'loc': 'stack0_middle1'},{'from': 'Chiplet_6', 'to': 'na', 'connection_type': '3d_u_bump', 'loc': 'stack0_top'},{'from': 'Chiplet_2', 'to': 'Chiplet_5', 'connection_type': '2.5d_rdl', 'loc': '2.5d_chiplet'},{'from': 'Chiplet_2', 'to': 'Chiplet_4', 'connection_type': '2.5d_rdl', 'loc': '2.5d_chiplet'},{'from': 'Chiplet_5', 'to': 'Chiplet_1', 'connection_type': '2.5d_rdl', 'loc': '2.5d_chiplet'},{'from': 'Chiplet_5', 'to': 'Chiplet_2', 'connection_type': '2.5d_rdl', 'loc': '2.5d_chiplet'},{'from': 'Chiplet_4', 'to': 'Chiplet_1', 'connection_type': '2.5d_rdl', 'loc': '2.5d_chiplet'},{'from': 'Chiplet_4', 'to': 'Chiplet_2', 'connection_type': '2.5d_rdl', 'loc': '2.5d_chiplet'},{'from': 'Chiplet_1', 'to': 'Chiplet_5', 'connection_type': '2.5d_rdl', 'loc': '2.5d_chiplet'},{'from': 'Chiplet_1', 'to': 'Chiplet_4', 'connection_type': '2.5d_rdl', 'loc': '2.5d_chiplet'}",1,4,3,4,3,1,hbm3,ucie_std,ucie_3d,1,0,os,1,0,0
426,15.654606706427531,4028055.12,136569.18047589634,2229496821.5740366,33006.66666666667,64332.26094444991,426,2.20879254,4.475,3072,128x128,7,4.1253109519999995,10.4826,4096,192x192,7,1.86237254,4.475,2048,128x128,7,1.578984604787535,1.7054115854749998,768,64x64,14,4.1253109519999995,10.4826,4096,192x192,7,5.656782838920179,6.821646341899999,2048,128x128,14,2.5d_3d,"{'from': 'Chiplet_6', 'to': 'Chiplet_2', 'connection_type': '3d_u_bump', 'loc': 'stack0_base'},{'from': 'Chiplet_2', 'to': 'Chiplet_1', 'connection_type': '3d_u_bump', 'loc': 'stack0_middle1'},{'from': 'Chiplet_1', 'to': 'Chiplet_3', 'connection_type': '3d_u_bump', 'loc': 'stack0_middle2'},{'from': 'Chiplet_3', 'to': 'na', 'connection_type': '3d_u_bump', 'loc': 'stack0_top'},{'from': 'Chiplet_6', 'to': 'Chiplet_5', 'connection_type': '2.5d_emib', 'loc': '2.5d_chiplet'},{'from': 'Chiplet_6', 'to': 'Chiplet_4', 'connection_type': '2.5d_emib', 'loc': '2.5d_chiplet'},{'from': 'Chiplet_5', 'to': 'Chiplet_6', 'connection_type': '2.5d_emib', 'loc': '2.5d_chiplet'},{'from': 'Chiplet_5', 'to': 'Chiplet_4', 'connection_type': '2.5d_emib', 'loc': '2.5d_chiplet'},{'from': 'Chiplet_4', 'to': 'Chiplet_5', 'connection_type': '2.5d_emib', 'loc': '2.5d_chiplet'},{'from': 'Chiplet_4', 'to': 'Chiplet_6', 'connection_type': '2.5d_emib', 'loc': '2.5d_chiplet'}",2,3,2,1,3,5,hbm2,bow,ucie_3d,0,0,os,0,0,0
427,34.324533100625644,3235147.36,77849.31644728605,4755660086.750948,64176.637150598035,130582.46265405089,427,8.112421457366196,12.973514847541198,8192,192x192,10,3.5867297574793953,3.8395579270749995,2048,96x96,14,1.7117881800824635,3.1172648505374996,1536,96x96,10,6.033899457366197,12.973514847541198,2048,192x192,10,0.957922696,2.51875,1024,96x96,7,0.378988,1.11875,256,64x64,7,2.5d,"{'from': 'Chiplet_1', 'to': 'Chiplet_3', 'connection_type': '2.5d_rdl', 'loc': '2.5d_chiplet'},{'from': 'Chiplet_1', 'to': 'Chiplet_6', 'connection_type': '2.5d_rdl', 'loc': '2.5d_chiplet'},{'from': 'Chiplet_1', 'to': 'Chiplet_2', 'connection_type': '2.5d_rdl', 'loc': '2.5d_chiplet'},{'from': 'Chiplet_1', 'to': 'Chiplet_4', 'connection_type': '2.5d_rdl', 'loc': '2.5d_chiplet'},{'from': 'Chiplet_3', 'to': 'Chiplet_1', 'connection_type': '2.5d_rdl', 'loc': '2.5d_chiplet'},{'from': 'Chiplet_3', 'to': 'Chiplet_6', 'connection_type': '2.5d_rdl', 'loc': '2.5d_chiplet'},{'from': 'Chiplet_6', 'to': 'Chiplet_3', 'connection_type': '2.5d_rdl', 'loc': '2.5d_chiplet'},{'from': 'Chiplet_6', 'to': 'Chiplet_1', 'connection_type': '2.5d_rdl', 'loc': '2.5d_chiplet'},{'from': 'Chiplet_4', 'to': 'Chiplet_5', 'connection_type': '2.5d_rdl', 'loc': '2.5d_chiplet'},{'from': 'Chiplet_4', 'to': 'Chiplet_1', 'connection_type': '2.5d_rdl', 'loc': '2.5d_chiplet'},{'from': 'Chiplet_4', 'to': 'Chiplet_2', 'connection_type': '2.5d_rdl', 'loc': '2.5d_chiplet'},{'from': 'Chiplet_2', 'to': 'Chiplet_5', 'connection_type': '2.5d_rdl', 'loc': '2.5d_chiplet'},{'from': 'Chiplet_2', 'to': 'Chiplet_1', 'connection_type': '2.5d_rdl', 'loc': '2.5d_chiplet'},{'from': 'Chiplet_2', 'to': 'Chiplet_4', 'connection_type': '2.5d_rdl', 'loc': '2.5d_chiplet'},{'from': 'Chiplet_5', 'to': 'Chiplet_2', 'connection_type': '2.5d_rdl', 'loc': '2.5d_chiplet'},{'from': 'Chiplet_5', 'to': 'Chiplet_4', 'connection_type': '2.5d_rdl', 'loc': '2.5d_chiplet'}",2,1,1,2,1,1,ddr5,ucie_std,na,1,0,ws,0,0,0
428,53.22826497506816,5413320.4,214812.46773133212,7028612409.710485,111409.41176470589,240264.8500238334,428,4.818150952,10.4826,6144,192x192,7,14.117807839976791,15.979573171754398,6144,192x192,14,6.315940422320179,6.821646341899999,3072,128x128,14,6.315940422320179,6.821646341899999,3072,128x128,14,0.378988,1.11875,256,64x64,7,6.726740457366197,12.973514847541198,4096,192x192,10,2.5d,"{'from': 'Chiplet_2', 'to': 'Chiplet_5', 'connection_type': '2.5d_emib', 'loc': '2.5d_chiplet'},{'from': 'Chiplet_2', 'to': 'Chiplet_3', 'connection_type': '2.5d_emib', 'loc': '2.5d_chiplet'},{'from': 'Chiplet_2', 'to': 'Chiplet_1', 'connection_type': '2.5d_emib', 'loc': '2.5d_chiplet'},{'from': 'Chiplet_2', 'to': 'Chiplet_6', 'connection_type': '2.5d_emib', 'loc': '2.5d_chiplet'},{'from': 'Chiplet_1', 'to': 'Chiplet_5', 'connection_type': '2.5d_emib', 'loc': '2.5d_chiplet'},{'from': 'Chiplet_1', 'to': 'Chiplet_2', 'connection_type': '2.5d_emib', 'loc': '2.5d_chiplet'},{'from': 'Chiplet_5', 'to': 'Chiplet_1', 'connection_type': '2.5d_emib', 'loc': '2.5d_chiplet'},{'from': 'Chiplet_5', 'to': 'Chiplet_2', 'connection_type': '2.5d_emib', 'loc': '2.5d_chiplet'},{'from': 'Chiplet_6', 'to': 'Chiplet_3', 'connection_type': '2.5d_emib', 'loc': '2.5d_chiplet'},{'from': 'Chiplet_6', 'to': 'Chiplet_2', 'connection_type': '2.5d_emib', 'loc': '2.5d_chiplet'},{'from': 'Chiplet_6', 'to': 'Chiplet_4', 'connection_type': '2.5d_emib', 'loc': '2.5d_chiplet'},{'from': 'Chiplet_3', 'to': 'Chiplet_6', 'connection_type': '2.5d_emib', 'loc': '2.5d_chiplet'},{'from': 'Chiplet_3', 'to': 'Chiplet_2', 'connection_type': '2.5d_emib', 'loc': '2.5d_chiplet'},{'from': 'Chiplet_3', 'to': 'Chiplet_4', 'connection_type': '2.5d_emib', 'loc': '2.5d_chiplet'},{'from': 'Chiplet_4', 'to': 'Chiplet_3', 'connection_type': '2.5d_emib', 'loc': '2.5d_chiplet'},{'from': 'Chiplet_4', 'to': 'Chiplet_6', 'connection_type': '2.5d_emib', 'loc': '2.5d_chiplet'}",1,3,1,1,1,1,ddr4,ucie_adv,na,0,0,is,0,0,0
429,15.379163067471694,1946310.59,46982.93768519834,1957299274.8512557,202406.61369193153,99393.13586928432,429,2.55521354,4.475,4096,128x128,7,1.5385781800824634,3.1172648505374996,1024,96x96,10,0.829831759447044,1.3845915837374998,768,64x64,10,3.2571509657793953,3.8395579270749995,1536,96x96,14,1.743774000637535,1.7054115854749998,1024,64x64,14,1.131132696,2.51875,1536,96x96,7,2.5d,"{'from': 'Chiplet_4', 'to': 'Chiplet_5', 'connection_type': '2.5d_rdl', 'loc': '2.5d_chiplet'},{'from': 'Chiplet_4', 'to': 'Chiplet_1', 'connection_type': '2.5d_rdl', 'loc': '2.5d_chiplet'},{'from': 'Chiplet_4', 'to': 'Chiplet_2', 'connection_type': '2.5d_rdl', 'loc': '2.5d_chiplet'},{'from': 'Chiplet_4', 'to': 'Chiplet_3', 'connection_type': '2.5d_rdl', 'loc': '2.5d_chiplet'},{'from': 'Chiplet_2', 'to': 'Chiplet_3', 'connection_type': '2.5d_rdl', 'loc': '2.5d_chiplet'},{'from': 'Chiplet_2', 'to': 'Chiplet_4', 'connection_type': '2.5d_rdl', 'loc': '2.5d_chiplet'},{'from': 'Chiplet_3', 'to': 'Chiplet_2', 'connection_type': '2.5d_rdl', 'loc': '2.5d_chiplet'},{'from': 'Chiplet_3', 'to': 'Chiplet_4', 'connection_type': '2.5d_rdl', 'loc': '2.5d_chiplet'},{'from': 'Chiplet_1', 'to': 'Chiplet_5', 'connection_type': '2.5d_rdl', 'loc': '2.5d_chiplet'},{'from': 'Chiplet_1', 'to': 'Chiplet_6', 'connection_type': '2.5d_rdl', 'loc': '2.5d_chiplet'},{'from': 'Chiplet_1', 'to': 'Chiplet_4', 'connection_type': '2.5d_rdl', 'loc': '2.5d_chiplet'},{'from': 'Chiplet_5', 'to': 'Chiplet_1', 'connection_type': '2.5d_rdl', 'loc': '2.5d_chiplet'},{'from': 'Chiplet_5', 'to': 'Chiplet_6', 'connection_type': '2.5d_rdl', 'loc': '2.5d_chiplet'},{'from': 'Chiplet_5', 'to': 'Chiplet_4', 'connection_type': '2.5d_rdl', 'loc': '2.5d_chiplet'},{'from': 'Chiplet_6', 'to': 'Chiplet_5', 'connection_type': '2.5d_rdl', 'loc': '2.5d_chiplet'},{'from': 'Chiplet_6', 'to': 'Chiplet_1', 'connection_type': '2.5d_rdl', 'loc': '2.5d_chiplet'}",4,2,1,5,2,2,hbm3,ucie_std,na,1,0,is,0,0,0
430,25.73848263294845,2802217.74,66011.48326863871,6727685018.840994,193175.64705882352,213358.91989595175,430,0.656621759447044,1.3845915837374998,256,64x64,10,15.436124909546791,15.979573171754398,8192,192x192,14,0.784712696,2.51875,512,96x96,7,0.378988,1.11875,256,64x64,7,0.378988,1.11875,256,64x64,7,1.5385781800824634,3.1172648505374996,1024,96x96,10,2.5d_3d,"{'from': 'Chiplet_2', 'to': 'Chiplet_1', 'connection_type': '3d_hyb_bond', 'loc': 'stack0_base'},{'from': 'Chiplet_1', 'to': 'na', 'connection_type': '3d_hyb_bond', 'loc': 'stack0_top'},{'from': 'Chiplet_2', 'to': 'Chiplet_3', 'connection_type': '2.5d_rdl', 'loc': '2.5d_chiplet'},{'from': 'Chiplet_2', 'to': 'Chiplet_6', 'connection_type': '2.5d_rdl', 'loc': '2.5d_chiplet'},{'from': 'Chiplet_6', 'to': 'Chiplet_3', 'connection_type': '2.5d_rdl', 'loc': '2.5d_chiplet'},{'from': 'Chiplet_6', 'to': 'Chiplet_2', 'connection_type': '2.5d_rdl', 'loc': '2.5d_chiplet'},{'from': 'Chiplet_6', 'to': 'Chiplet_4', 'connection_type': '2.5d_rdl', 'loc': '2.5d_chiplet'},{'from': 'Chiplet_3', 'to': 'Chiplet_5', 'connection_type': '2.5d_rdl', 'loc': '2.5d_chiplet'},{'from': 'Chiplet_3', 'to': 'Chiplet_6', 'connection_type': '2.5d_rdl', 'loc': '2.5d_chiplet'},{'from': 'Chiplet_3', 'to': 'Chiplet_2', 'connection_type': '2.5d_rdl', 'loc': '2.5d_chiplet'},{'from': 'Chiplet_3', 'to': 'Chiplet_4', 'connection_type': '2.5d_rdl', 'loc': '2.5d_chiplet'},{'from': 'Chiplet_4', 'to': 'Chiplet_5', 'connection_type': '2.5d_rdl', 'loc': '2.5d_chiplet'},{'from': 'Chiplet_4', 'to': 'Chiplet_3', 'connection_type': '2.5d_rdl', 'loc': '2.5d_chiplet'},{'from': 'Chiplet_4', 'to': 'Chiplet_6', 'connection_type': '2.5d_rdl', 'loc': '2.5d_chiplet'},{'from': 'Chiplet_5', 'to': 'Chiplet_3', 'connection_type': '2.5d_rdl', 'loc': '2.5d_chiplet'},{'from': 'Chiplet_5', 'to': 'Chiplet_4', 'connection_type': '2.5d_rdl', 'loc': '2.5d_chiplet'}",1,3,1,1,1,1,ddr4,ucie_std,ucie_3d,1,0,is,0,0,0
431,24.190807151650965,2926936.23,72724.83118050988,4231297427.601759,769946.8251453689,544164.1976256438,431,11.481175603606792,15.979573171754398,2048,192x192,14,2.20879254,4.475,3072,128x128,7,2.927572174079395,3.8395579270749995,1024,96x96,14,3.2571509657793953,3.8395579270749995,1536,96x96,14,1.743774000637535,1.7054115854749998,1024,64x64,14,1.7117881800824635,3.1172648505374996,1536,96x96,10,2.5d_3d,"{'from': 'Chiplet_4', 'to': 'Chiplet_3', 'connection_type': '3d_tsv', 'loc': 'stack0_base'},{'from': 'Chiplet_3', 'to': 'Chiplet_2', 'connection_type': '3d_tsv', 'loc': 'stack0_middle1'},{'from': 'Chiplet_2', 'to': 'na', 'connection_type': '3d_tsv', 'loc': 'stack0_top'},{'from': 'Chiplet_1', 'to': 'Chiplet_5', 'connection_type': '2.5d_rdl', 'loc': '2.5d_chiplet'},{'from': 'Chiplet_1', 'to': 'Chiplet_4', 'connection_type': '2.5d_rdl', 'loc': '2.5d_chiplet'},{'from': 'Chiplet_4', 'to': 'Chiplet_5', 'connection_type': '2.5d_rdl', 'loc': '2.5d_chiplet'},{'from': 'Chiplet_4', 'to': 'Chiplet_1', 'connection_type': '2.5d_rdl', 'loc': '2.5d_chiplet'},{'from': 'Chiplet_4', 'to': 'Chiplet_6', 'connection_type': '2.5d_rdl', 'loc': '2.5d_chiplet'},{'from': 'Chiplet_5', 'to': 'Chiplet_1', 'connection_type': '2.5d_rdl', 'loc': '2.5d_chiplet'},{'from': 'Chiplet_5', 'to': 'Chiplet_6', 'connection_type': '2.5d_rdl', 'loc': '2.5d_chiplet'},{'from': 'Chiplet_5', 'to': 'Chiplet_4', 'connection_type': '2.5d_rdl', 'loc': '2.5d_chiplet'},{'from': 'Chiplet_6', 'to': 'Chiplet_5', 'connection_type': '2.5d_rdl', 'loc': '2.5d_chiplet'},{'from': 'Chiplet_6', 'to': 'Chiplet_4', 'connection_type': '2.5d_rdl', 'loc': '2.5d_chiplet'}",3,1,1,1,1,1,ddr4,ucie_std,ucie_3d,0,0,os,1,0,0
432,26.392948601629005,3146070.47,141985.21542657635,3238755336.746462,363766.05128976953,259404.36170237116,432,0.743226759447044,1.3845915837374998,512,64x64,10,1.3653681800824635,3.1172648505374996,512,96x96,10,1.51595254,4.475,1024,128x128,7,8.112421457366196,12.973514847541198,8192,192x192,10,0.46559300000000003,1.11875,512,64x64,7,5.656782838920179,6.821646341899999,2048,128x128,14,2.5d_3d,"{'from': 'Chiplet_1', 'to': 'Chiplet_5', 'connection_type': '3d_hyb_bond', 'loc': 'stack0_base'},{'from': 'Chiplet_5', 'to': 'na', 'connection_type': '3d_hyb_bond', 'loc': 'stack0_top'},{'from': 'Chiplet_4', 'to': 'Chiplet_3', 'connection_type': '2.5d_emib', 'loc': '2.5d_chiplet'},{'from': 'Chiplet_4', 'to': 'Chiplet_1', 'connection_type': '2.5d_emib', 'loc': '2.5d_chiplet'},{'from': 'Chiplet_4', 'to': 'Chiplet_6', 'connection_type': '2.5d_emib', 'loc': '2.5d_chiplet'},{'from': 'Chiplet_1', 'to': 'Chiplet_3', 'connection_type': '2.5d_emib', 'loc': '2.5d_chiplet'},{'from': 'Chiplet_1', 'to': 'Chiplet_4', 'connection_type': '2.5d_emib', 'loc': '2.5d_chiplet'},{'from': 'Chiplet_6', 'to': 'Chiplet_3', 'connection_type': '2.5d_emib', 'loc': '2.5d_chiplet'},{'from': 'Chiplet_6', 'to': 'Chiplet_2', 'connection_type': '2.5d_emib', 'loc': '2.5d_chiplet'},{'from': 'Chiplet_6', 'to': 'Chiplet_4', 'connection_type': '2.5d_emib', 'loc': '2.5d_chiplet'},{'from': 'Chiplet_3', 'to': 'Chiplet_1', 'connection_type': '2.5d_emib', 'loc': '2.5d_chiplet'},{'from': 'Chiplet_3', 'to': 'Chiplet_2', 'connection_type': '2.5d_emib', 'loc': '2.5d_chiplet'},{'from': 'Chiplet_3', 'to': 'Chiplet_4', 'connection_type': '2.5d_emib', 'loc': '2.5d_chiplet'},{'from': 'Chiplet_3', 'to': 'Chiplet_6', 'connection_type': '2.5d_emib', 'loc': '2.5d_chiplet'},{'from': 'Chiplet_2', 'to': 'Chiplet_3', 'connection_type': '2.5d_emib', 'loc': '2.5d_chiplet'},{'from': 'Chiplet_2', 'to': 'Chiplet_6', 'connection_type': '2.5d_emib', 'loc': '2.5d_chiplet'}",1,1,1,3,1,1,ddr5,bow,ucie_3d,1,0,os,1,0,0
433,27.45990059243629,4345577.7,141806.4469870516,2561835222.1385326,96070.0,105724.96840307083,433,3.2571509657793953,3.8395579270749995,1536,96x96,14,6.975099908490179,6.821646341899999,4096,128x128,14,6.975099908490179,6.821646341899999,4096,128x128,14,5.5109919519999995,10.4826,8192,192x192,7,3.5867297574793953,3.8395579270749995,2048,96x96,14,0.656621759447044,1.3845915837374998,256,64x64,10,2.5d_3d,"{'from': 'Chiplet_5', 'to': 'Chiplet_1', 'connection_type': '3d_tsv', 'loc': 'stack0_base'},{'from': 'Chiplet_1', 'to': 'Chiplet_6', 'connection_type': '3d_tsv', 'loc': 'stack0_middle1'},{'from': 'Chiplet_6', 'to': 'na', 'connection_type': '3d_tsv', 'loc': 'stack0_top'},{'from': 'Chiplet_2', 'to': 'Chiplet_3', 'connection_type': '2.5d_emib', 'loc': '2.5d_chiplet'},{'from': 'Chiplet_2', 'to': 'Chiplet_4', 'connection_type': '2.5d_emib', 'loc': '2.5d_chiplet'},{'from': 'Chiplet_4', 'to': 'Chiplet_5', 'connection_type': '2.5d_emib', 'loc': '2.5d_chiplet'},{'from': 'Chiplet_4', 'to': 'Chiplet_2', 'connection_type': '2.5d_emib', 'loc': '2.5d_chiplet'},{'from': 'Chiplet_3', 'to': 'Chiplet_5', 'connection_type': '2.5d_emib', 'loc': '2.5d_chiplet'},{'from': 'Chiplet_3', 'to': 'Chiplet_2', 'connection_type': '2.5d_emib', 'loc': '2.5d_chiplet'},{'from': 'Chiplet_5', 'to': 'Chiplet_3', 'connection_type': '2.5d_emib', 'loc': '2.5d_chiplet'},{'from': 'Chiplet_5', 'to': 'Chiplet_4', 'connection_type': '2.5d_emib', 'loc': '2.5d_chiplet'}",2,4,4,3,2,1,hbm2,ucie_adv,ucie_3d,1,0,ws,0,0,0
434,32.224521576098006,3912561.59,178311.1370723425,1962754163.3115294,349458.7351835465,270575.4399642119,434,1.3653681800824635,3.1172648505374996,512,96x96,10,1.4141952089375351,1.7054115854749998,512,64x64,14,3.432469952,10.4826,2048,192x192,7,15.436124909546791,15.979573171754398,8192,192x192,14,2.597993382379395,3.8395579270749995,512,96x96,14,0.916436759447044,1.3845915837374998,1024,64x64,10,2.5d,"{'from': 'Chiplet_4', 'to': 'Chiplet_5', 'connection_type': '2.5d_emib', 'loc': '2.5d_chiplet'},{'from': 'Chiplet_4', 'to': 'Chiplet_3', 'connection_type': '2.5d_emib', 'loc': '2.5d_chiplet'},{'from': 'Chiplet_3', 'to': 'Chiplet_5', 'connection_type': '2.5d_emib', 'loc': '2.5d_chiplet'},{'from': 'Chiplet_3', 'to': 'Chiplet_1', 'connection_type': '2.5d_emib', 'loc': '2.5d_chiplet'},{'from': 'Chiplet_3', 'to': 'Chiplet_2', 'connection_type': '2.5d_emib', 'loc': '2.5d_chiplet'},{'from': 'Chiplet_3', 'to': 'Chiplet_4', 'connection_type': '2.5d_emib', 'loc': '2.5d_chiplet'},{'from': 'Chiplet_1', 'to': 'Chiplet_3', 'connection_type': '2.5d_emib', 'loc': '2.5d_chiplet'},{'from': 'Chiplet_1', 'to': 'Chiplet_2', 'connection_type': '2.5d_emib', 'loc': '2.5d_chiplet'},{'from': 'Chiplet_5', 'to': 'Chiplet_3', 'connection_type': '2.5d_emib', 'loc': '2.5d_chiplet'},{'from': 'Chiplet_5', 'to': 'Chiplet_6', 'connection_type': '2.5d_emib', 'loc': '2.5d_chiplet'},{'from': 'Chiplet_5', 'to': 'Chiplet_2', 'connection_type': '2.5d_emib', 'loc': '2.5d_chiplet'},{'from': 'Chiplet_5', 'to': 'Chiplet_4', 'connection_type': '2.5d_emib', 'loc': '2.5d_chiplet'},{'from': 'Chiplet_2', 'to': 'Chiplet_5', 'connection_type': '2.5d_emib', 'loc': '2.5d_chiplet'},{'from': 'Chiplet_2', 'to': 'Chiplet_1', 'connection_type': '2.5d_emib', 'loc': '2.5d_chiplet'},{'from': 'Chiplet_2', 'to': 'Chiplet_6', 'connection_type': '2.5d_emib', 'loc': '2.5d_chiplet'},{'from': 'Chiplet_2', 'to': 'Chiplet_3', 'connection_type': '2.5d_emib', 'loc': '2.5d_chiplet'},{'from': 'Chiplet_6', 'to': 'Chiplet_5', 'connection_type': '2.5d_emib', 'loc': '2.5d_chiplet'},{'from': 'Chiplet_6', 'to': 'Chiplet_2', 'connection_type': '2.5d_emib', 'loc': '2.5d_chiplet'}",1,1,2,10,1,1,hbm3,bow,na,0,0,is,1,0,0
435,25.064624413093558,2880385.48,63675.91967892782,1801940993.9872487,100232.03296703297,82449.20971247039,435,1.8849981800824636,3.1172648505374996,2048,96x96,10,2.927572174079395,3.8395579270749995,1024,96x96,14,0.638803,1.11875,1024,64x64,7,5.656782838920179,6.821646341899999,2048,128x128,14,0.916436759447044,1.3845915837374998,1024,64x64,10,4.1253109519999995,10.4826,4096,192x192,7,2.5d,"{'from': 'Chiplet_4', 'to': 'Chiplet_3', 'connection_type': '2.5d_rdl', 'loc': '2.5d_chiplet'},{'from': 'Chiplet_4', 'to': 'Chiplet_1', 'connection_type': '2.5d_rdl', 'loc': '2.5d_chiplet'},{'from': 'Chiplet_4', 'to': 'Chiplet_6', 'connection_type': '2.5d_rdl', 'loc': '2.5d_chiplet'},{'from': 'Chiplet_4', 'to': 'Chiplet_2', 'connection_type': '2.5d_rdl', 'loc': '2.5d_chiplet'},{'from': 'Chiplet_1', 'to': 'Chiplet_3', 'connection_type': '2.5d_rdl', 'loc': '2.5d_chiplet'},{'from': 'Chiplet_1', 'to': 'Chiplet_4', 'connection_type': '2.5d_rdl', 'loc': '2.5d_chiplet'},{'from': 'Chiplet_3', 'to': 'Chiplet_1', 'connection_type': '2.5d_rdl', 'loc': '2.5d_chiplet'},{'from': 'Chiplet_3', 'to': 'Chiplet_4', 'connection_type': '2.5d_rdl', 'loc': '2.5d_chiplet'},{'from': 'Chiplet_6', 'to': 'Chiplet_5', 'connection_type': '2.5d_rdl', 'loc': '2.5d_chiplet'},{'from': 'Chiplet_6', 'to': 'Chiplet_2', 'connection_type': '2.5d_rdl', 'loc': '2.5d_chiplet'},{'from': 'Chiplet_6', 'to': 'Chiplet_4', 'connection_type': '2.5d_rdl', 'loc': '2.5d_chiplet'},{'from': 'Chiplet_2', 'to': 'Chiplet_5', 'connection_type': '2.5d_rdl', 'loc': '2.5d_chiplet'},{'from': 'Chiplet_2', 'to': 'Chiplet_6', 'connection_type': '2.5d_rdl', 'loc': '2.5d_chiplet'},{'from': 'Chiplet_2', 'to': 'Chiplet_4', 'connection_type': '2.5d_rdl', 'loc': '2.5d_chiplet'},{'from': 'Chiplet_5', 'to': 'Chiplet_6', 'connection_type': '2.5d_rdl', 'loc': '2.5d_chiplet'},{'from': 'Chiplet_5', 'to': 'Chiplet_2', 'connection_type': '2.5d_rdl', 'loc': '2.5d_chiplet'}",2,3,1,5,1,4,hbm3,ucie_std,na,0,0,is,0,0,0
436,24.332696905032872,4187949.94,82475.56821087583,2330128233.0327783,912902.8875681038,556417.2975689943,436,1.7117881800824635,3.1172648505374996,1536,96x96,10,5.5109919519999995,10.4826,8192,192x192,7,5.5109919519999995,10.4826,8192,192x192,7,1.7117881800824635,3.1172648505374996,1536,96x96,10,1.578984604787535,1.7054115854749998,768,64x64,14,1.743774000637535,1.7054115854749998,1024,64x64,14,2.5d_3d,"{'from': 'Chiplet_4', 'to': 'Chiplet_1', 'connection_type': '3d_u_bump', 'loc': 'stack0_base'},{'from': 'Chiplet_1', 'to': 'na', 'connection_type': '3d_u_bump', 'loc': 'stack0_top'},{'from': 'Chiplet_2', 'to': 'Chiplet_3', 'connection_type': '2.5d_rdl', 'loc': '2.5d_chiplet'},{'from': 'Chiplet_2', 'to': 'Chiplet_6', 'connection_type': '2.5d_rdl', 'loc': '2.5d_chiplet'},{'from': 'Chiplet_6', 'to': 'Chiplet_2', 'connection_type': '2.5d_rdl', 'loc': '2.5d_chiplet'},{'from': 'Chiplet_6', 'to': 'Chiplet_4', 'connection_type': '2.5d_rdl', 'loc': '2.5d_chiplet'},{'from': 'Chiplet_3', 'to': 'Chiplet_5', 'connection_type': '2.5d_rdl', 'loc': '2.5d_chiplet'},{'from': 'Chiplet_3', 'to': 'Chiplet_2', 'connection_type': '2.5d_rdl', 'loc': '2.5d_chiplet'},{'from': 'Chiplet_3', 'to': 'Chiplet_4', 'connection_type': '2.5d_rdl', 'loc': '2.5d_chiplet'},{'from': 'Chiplet_4', 'to': 'Chiplet_5', 'connection_type': '2.5d_rdl', 'loc': '2.5d_chiplet'},{'from': 'Chiplet_4', 'to': 'Chiplet_6', 'connection_type': '2.5d_rdl', 'loc': '2.5d_chiplet'},{'from': 'Chiplet_4', 'to': 'Chiplet_3', 'connection_type': '2.5d_rdl', 'loc': '2.5d_chiplet'},{'from': 'Chiplet_5', 'to': 'Chiplet_3', 'connection_type': '2.5d_rdl', 'loc': '2.5d_chiplet'},{'from': 'Chiplet_5', 'to': 'Chiplet_4', 'connection_type': '2.5d_rdl', 'loc': '2.5d_chiplet'}",2,5,5,1,1,2,hbm2,ucie_std,ucie_3d,0,0,os,1,0,0
437,26.565535522281873,3237350.34,179015.4838723527,6697242322.619234,160979.70588235295,220075.0849484672,437,1.3653681800824635,3.1172648505374996,512,96x96,10,5.5109919519999995,10.4826,8192,192x192,7,2.927572174079395,3.8395579270749995,1024,96x96,14,4.818150952,10.4826,6144,192x192,7,1.249405813087535,1.7054115854749998,256,64x64,14,1.5385781800824634,3.1172648505374996,1024,96x96,10,2.5d,"{'from': 'Chiplet_2', 'to': 'Chiplet_3', 'connection_type': '2.5d_emib', 'loc': '2.5d_chiplet'},{'from': 'Chiplet_2', 'to': 'Chiplet_1', 'connection_type': '2.5d_emib', 'loc': '2.5d_chiplet'},{'from': 'Chiplet_2', 'to': 'Chiplet_6', 'connection_type': '2.5d_emib', 'loc': '2.5d_chiplet'},{'from': 'Chiplet_2', 'to': 'Chiplet_4', 'connection_type': '2.5d_emib', 'loc': '2.5d_chiplet'},{'from': 'Chiplet_6', 'to': 'Chiplet_1', 'connection_type': '2.5d_emib', 'loc': '2.5d_chiplet'},{'from': 'Chiplet_6', 'to': 'Chiplet_2', 'connection_type': '2.5d_emib', 'loc': '2.5d_chiplet'},{'from': 'Chiplet_1', 'to': 'Chiplet_6', 'connection_type': '2.5d_emib', 'loc': '2.5d_chiplet'},{'from': 'Chiplet_1', 'to': 'Chiplet_2', 'connection_type': '2.5d_emib', 'loc': '2.5d_chiplet'},{'from': 'Chiplet_4', 'to': 'Chiplet_5', 'connection_type': '2.5d_emib', 'loc': '2.5d_chiplet'},{'from': 'Chiplet_4', 'to': 'Chiplet_3', 'connection_type': '2.5d_emib', 'loc': '2.5d_chiplet'},{'from': 'Chiplet_4', 'to': 'Chiplet_2', 'connection_type': '2.5d_emib', 'loc': '2.5d_chiplet'},{'from': 'Chiplet_3', 'to': 'Chiplet_5', 'connection_type': '2.5d_emib', 'loc': '2.5d_chiplet'},{'from': 'Chiplet_3', 'to': 'Chiplet_2', 'connection_type': '2.5d_emib', 'loc': '2.5d_chiplet'},{'from': 'Chiplet_3', 'to': 'Chiplet_4', 'connection_type': '2.5d_emib', 'loc': '2.5d_chiplet'},{'from': 'Chiplet_5', 'to': 'Chiplet_3', 'connection_type': '2.5d_emib', 'loc': '2.5d_chiplet'},{'from': 'Chiplet_5', 'to': 'Chiplet_4', 'connection_type': '2.5d_emib', 'loc': '2.5d_chiplet'}",1,2,1,2,1,1,ddr4,ucie_adv,na,1,0,is,0,0,0
438,36.18565898795827,4122096.11,83282.5830646605,2157608527.1824903,42426.33897633897,69080.12769058849,438,0.829831759447044,1.3845915837374998,768,64x64,10,1.743774000637535,1.7054115854749998,1024,64x64,14,6.726740457366197,12.973514847541198,4096,192x192,10,8.112421457366196,12.973514847541198,8192,192x192,10,1.8849981800824636,3.1172648505374996,2048,96x96,10,3.665749090547913,5.538366334949999,4096,128x128,10,2.5d,"{'from': 'Chiplet_4', 'to': 'Chiplet_5', 'connection_type': '2.5d_rdl', 'loc': '2.5d_chiplet'},{'from': 'Chiplet_4', 'to': 'Chiplet_3', 'connection_type': '2.5d_rdl', 'loc': '2.5d_chiplet'},{'from': 'Chiplet_4', 'to': 'Chiplet_6', 'connection_type': '2.5d_rdl', 'loc': '2.5d_chiplet'},{'from': 'Chiplet_4', 'to': 'Chiplet_2', 'connection_type': '2.5d_rdl', 'loc': '2.5d_chiplet'},{'from': 'Chiplet_5', 'to': 'Chiplet_2', 'connection_type': '2.5d_rdl', 'loc': '2.5d_chiplet'},{'from': 'Chiplet_5', 'to': 'Chiplet_4', 'connection_type': '2.5d_rdl', 'loc': '2.5d_chiplet'},{'from': 'Chiplet_2', 'to': 'Chiplet_5', 'connection_type': '2.5d_rdl', 'loc': '2.5d_chiplet'},{'from': 'Chiplet_2', 'to': 'Chiplet_4', 'connection_type': '2.5d_rdl', 'loc': '2.5d_chiplet'},{'from': 'Chiplet_3', 'to': 'Chiplet_1', 'connection_type': '2.5d_rdl', 'loc': '2.5d_chiplet'},{'from': 'Chiplet_3', 'to': 'Chiplet_6', 'connection_type': '2.5d_rdl', 'loc': '2.5d_chiplet'},{'from': 'Chiplet_3', 'to': 'Chiplet_4', 'connection_type': '2.5d_rdl', 'loc': '2.5d_chiplet'},{'from': 'Chiplet_6', 'to': 'Chiplet_3', 'connection_type': '2.5d_rdl', 'loc': '2.5d_chiplet'},{'from': 'Chiplet_6', 'to': 'Chiplet_1', 'connection_type': '2.5d_rdl', 'loc': '2.5d_chiplet'},{'from': 'Chiplet_6', 'to': 'Chiplet_4', 'connection_type': '2.5d_rdl', 'loc': '2.5d_chiplet'},{'from': 'Chiplet_1', 'to': 'Chiplet_3', 'connection_type': '2.5d_rdl', 'loc': '2.5d_chiplet'},{'from': 'Chiplet_1', 'to': 'Chiplet_6', 'connection_type': '2.5d_rdl', 'loc': '2.5d_chiplet'}",1,1,5,5,1,3,hbm3,ucie_std,na,0,0,os,0,0,0
439,6.315940422320178,2975825.46,126758.68205880637,1565476408.0216198,146619.51291951293,114050.0032331372,439,6.315940422320179,6.821646341899999,3072,128x128,14,6.033899457366197,12.973514847541198,2048,192x192,10,4.9976252555201786,6.821646341899999,1024,128x128,14,1.304342696,2.51875,2048,96x96,7,0.46559300000000003,1.11875,512,64x64,7,0.656621759447044,1.3845915837374998,256,64x64,10,3d,"{'from': 'Chiplet_1', 'to': 'Chiplet_2', 'connection_type': '3d_u_bump', 'loc': 'stack0_base'},{'from': 'Chiplet_2', 'to': 'Chiplet_3', 'connection_type': '3d_u_bump', 'loc': 'stack0_middle1'},{'from': 'Chiplet_3', 'to': 'Chiplet_4', 'connection_type': '3d_u_bump', 'loc': 'stack0_middle2'},{'from': 'Chiplet_4', 'to': 'Chiplet_6', 'connection_type': '3d_u_bump', 'loc': 'stack0_middle3'},{'from': 'Chiplet_6', 'to': 'Chiplet_5', 'connection_type': '3d_u_bump', 'loc': 'stack0_middle4'},{'from': 'Chiplet_5', 'to': 'na', 'connection_type': '3d_u_bump', 'loc': 'stack0_top'}",5,4,4,1,1,1,hbm3,na,ucie_3d,1,0,is,0,0,0
440,28.635501084886485,3200698.77,175751.61269936254,4363014822.630423,325313.15586877137,292163.8616502144,440,1.304342696,2.51875,2048,96x96,7,8.112421457366196,12.973514847541198,8192,192x192,10,6.033899457366197,12.973514847541198,2048,192x192,10,0.46559300000000003,1.11875,512,64x64,7,1.86237254,4.475,2048,128x128,7,0.916436759447044,1.3845915837374998,1024,64x64,10,2.5d,"{'from': 'Chiplet_2', 'to': 'Chiplet_5', 'connection_type': '2.5d_emib', 'loc': '2.5d_chiplet'},{'from': 'Chiplet_2', 'to': 'Chiplet_3', 'connection_type': '2.5d_emib', 'loc': '2.5d_chiplet'},{'from': 'Chiplet_2', 'to': 'Chiplet_6', 'connection_type': '2.5d_emib', 'loc': '2.5d_chiplet'},{'from': 'Chiplet_2', 'to': 'Chiplet_4', 'connection_type': '2.5d_emib', 'loc': '2.5d_chiplet'},{'from': 'Chiplet_6', 'to': 'Chiplet_2', 'connection_type': '2.5d_emib', 'loc': '2.5d_chiplet'},{'from': 'Chiplet_6', 'to': 'Chiplet_4', 'connection_type': '2.5d_emib', 'loc': '2.5d_chiplet'},{'from': 'Chiplet_4', 'to': 'Chiplet_6', 'connection_type': '2.5d_emib', 'loc': '2.5d_chiplet'},{'from': 'Chiplet_4', 'to': 'Chiplet_2', 'connection_type': '2.5d_emib', 'loc': '2.5d_chiplet'},{'from': 'Chiplet_3', 'to': 'Chiplet_5', 'connection_type': '2.5d_emib', 'loc': '2.5d_chiplet'},{'from': 'Chiplet_3', 'to': 'Chiplet_1', 'connection_type': '2.5d_emib', 'loc': '2.5d_chiplet'},{'from': 'Chiplet_3', 'to': 'Chiplet_2', 'connection_type': '2.5d_emib', 'loc': '2.5d_chiplet'},{'from': 'Chiplet_5', 'to': 'Chiplet_3', 'connection_type': '2.5d_emib', 'loc': '2.5d_chiplet'},{'from': 'Chiplet_5', 'to': 'Chiplet_1', 'connection_type': '2.5d_emib', 'loc': '2.5d_chiplet'},{'from': 'Chiplet_5', 'to': 'Chiplet_2', 'connection_type': '2.5d_emib', 'loc': '2.5d_chiplet'},{'from': 'Chiplet_1', 'to': 'Chiplet_5', 'connection_type': '2.5d_emib', 'loc': '2.5d_chiplet'},{'from': 'Chiplet_1', 'to': 'Chiplet_3', 'connection_type': '2.5d_emib', 'loc': '2.5d_chiplet'}",1,2,2,1,1,1,ddr4,aib,na,0,0,ws,1,0,0
441,6.726740457366197,2846088.42,162491.9543386154,4344671537.582296,92100.45958662781,130562.98040058986,441,6.726740457366197,12.973514847541198,4096,192x192,10,1.249405813087535,1.7054115854749998,256,64x64,14,0.638803,1.11875,1024,64x64,7,1.304342696,2.51875,2048,96x96,7,4.1253109519999995,10.4826,4096,192x192,7,0.46559300000000003,1.11875,512,64x64,7,3d,"{'from': 'Chiplet_1', 'to': 'Chiplet_5', 'connection_type': '3d_hyb_bond', 'loc': 'stack0_base'},{'from': 'Chiplet_5', 'to': 'Chiplet_4', 'connection_type': '3d_hyb_bond', 'loc': 'stack0_middle1'},{'from': 'Chiplet_4', 'to': 'Chiplet_2', 'connection_type': '3d_hyb_bond', 'loc': 'stack0_middle2'},{'from': 'Chiplet_2', 'to': 'Chiplet_3', 'connection_type': '3d_hyb_bond', 'loc': 'stack0_middle3'},{'from': 'Chiplet_3', 'to': 'Chiplet_6', 'connection_type': '3d_hyb_bond', 'loc': 'stack0_middle4'},{'from': 'Chiplet_6', 'to': 'na', 'connection_type': '3d_hyb_bond', 'loc': 'stack0_top'}",3,1,1,1,1,1,ddr4,na,ucie_3d,0,0,os,1,0,0
442,33.35479093597975,3675323.71,76948.61987468536,2079322342.5276322,60958.33333333333,77856.60913827977,442,2.972908090547913,5.538366334949999,2048,128x128,10,3.5867297574793953,3.8395579270749995,2048,96x96,14,1.578984604787535,1.7054115854749998,768,64x64,14,6.726740457366197,12.973514847541198,4096,192x192,10,1.51595254,4.475,1024,128x128,7,6.315940422320179,6.821646341899999,3072,128x128,14,2.5d,"{'from': 'Chiplet_4', 'to': 'Chiplet_3', 'connection_type': '2.5d_rdl', 'loc': '2.5d_chiplet'},{'from': 'Chiplet_4', 'to': 'Chiplet_1', 'connection_type': '2.5d_rdl', 'loc': '2.5d_chiplet'},{'from': 'Chiplet_4', 'to': 'Chiplet_6', 'connection_type': '2.5d_rdl', 'loc': '2.5d_chiplet'},{'from': 'Chiplet_1', 'to': 'Chiplet_3', 'connection_type': '2.5d_rdl', 'loc': '2.5d_chiplet'},{'from': 'Chiplet_1', 'to': 'Chiplet_4', 'connection_type': '2.5d_rdl', 'loc': '2.5d_chiplet'},{'from': 'Chiplet_3', 'to': 'Chiplet_1', 'connection_type': '2.5d_rdl', 'loc': '2.5d_chiplet'},{'from': 'Chiplet_3', 'to': 'Chiplet_4', 'connection_type': '2.5d_rdl', 'loc': '2.5d_chiplet'},{'from': 'Chiplet_6', 'to': 'Chiplet_5', 'connection_type': '2.5d_rdl', 'loc': '2.5d_chiplet'},{'from': 'Chiplet_6', 'to': 'Chiplet_2', 'connection_type': '2.5d_rdl', 'loc': '2.5d_chiplet'},{'from': 'Chiplet_6', 'to': 'Chiplet_4', 'connection_type': '2.5d_rdl', 'loc': '2.5d_chiplet'},{'from': 'Chiplet_2', 'to': 'Chiplet_5', 'connection_type': '2.5d_rdl', 'loc': '2.5d_chiplet'},{'from': 'Chiplet_2', 'to': 'Chiplet_6', 'connection_type': '2.5d_rdl', 'loc': '2.5d_chiplet'},{'from': 'Chiplet_5', 'to': 'Chiplet_6', 'connection_type': '2.5d_rdl', 'loc': '2.5d_chiplet'},{'from': 'Chiplet_5', 'to': 'Chiplet_2', 'connection_type': '2.5d_rdl', 'loc': '2.5d_chiplet'}",2,3,1,5,1,4,hbm2,ucie_std,na,1,0,os,0,0,0
443,22.114751359819426,3753211.9,128879.05483487077,2399687734.389964,75355.40540540541,88581.60185406225,443,0.46559300000000003,1.11875,512,64x64,7,0.378988,1.11875,256,64x64,7,1.304342696,2.51875,2048,96x96,7,7.419580457366196,12.973514847541198,6144,192x192,10,7.419580457366196,12.973514847541198,6144,192x192,10,0.743226759447044,1.3845915837374998,512,64x64,10,2.5d_3d,"{'from': 'Chiplet_3', 'to': 'Chiplet_6', 'connection_type': '3d_hyb_bond', 'loc': 'stack0_base'},{'from': 'Chiplet_6', 'to': 'Chiplet_2', 'connection_type': '3d_hyb_bond', 'loc': 'stack0_middle1'},{'from': 'Chiplet_2', 'to': 'na', 'connection_type': '3d_hyb_bond', 'loc': 'stack0_top'},{'from': 'Chiplet_4', 'to': 'Chiplet_5', 'connection_type': '2.5d_emib', 'loc': '2.5d_chiplet'},{'from': 'Chiplet_4', 'to': 'Chiplet_3', 'connection_type': '2.5d_emib', 'loc': '2.5d_chiplet'},{'from': 'Chiplet_3', 'to': 'Chiplet_1', 'connection_type': '2.5d_emib', 'loc': '2.5d_chiplet'},{'from': 'Chiplet_3', 'to': 'Chiplet_4', 'connection_type': '2.5d_emib', 'loc': '2.5d_chiplet'},{'from': 'Chiplet_5', 'to': 'Chiplet_1', 'connection_type': '2.5d_emib', 'loc': '2.5d_chiplet'},{'from': 'Chiplet_5', 'to': 'Chiplet_4', 'connection_type': '2.5d_emib', 'loc': '2.5d_chiplet'},{'from': 'Chiplet_1', 'to': 'Chiplet_5', 'connection_type': '2.5d_emib', 'loc': '2.5d_chiplet'},{'from': 'Chiplet_1', 'to': 'Chiplet_3', 'connection_type': '2.5d_emib', 'loc': '2.5d_chiplet'}",1,1,1,6,6,1,hbm2,bow,ucie_3d,1,0,ws,0,0,0
444,27.36854684486671,2870109.61,61731.89754545959,1441153699.7222712,777791.9069463742,418766.0736421446,444,1.743774000637535,1.7054115854749998,1024,64x64,14,6.975099908490179,6.821646341899999,4096,128x128,14,1.578984604787535,1.7054115854749998,768,64x64,14,0.378988,1.11875,256,64x64,7,6.033899457366197,12.973514847541198,2048,192x192,10,1.5385781800824634,3.1172648505374996,1024,96x96,10,2.5d,"{'from': 'Chiplet_2', 'to': 'Chiplet_5', 'connection_type': '2.5d_rdl', 'loc': '2.5d_chiplet'},{'from': 'Chiplet_2', 'to': 'Chiplet_1', 'connection_type': '2.5d_rdl', 'loc': '2.5d_chiplet'},{'from': 'Chiplet_2', 'to': 'Chiplet_4', 'connection_type': '2.5d_rdl', 'loc': '2.5d_chiplet'},{'from': 'Chiplet_2', 'to': 'Chiplet_3', 'connection_type': '2.5d_rdl', 'loc': '2.5d_chiplet'},{'from': 'Chiplet_3', 'to': 'Chiplet_2', 'connection_type': '2.5d_rdl', 'loc': '2.5d_chiplet'},{'from': 'Chiplet_3', 'to': 'Chiplet_4', 'connection_type': '2.5d_rdl', 'loc': '2.5d_chiplet'},{'from': 'Chiplet_4', 'to': 'Chiplet_3', 'connection_type': '2.5d_rdl', 'loc': '2.5d_chiplet'},{'from': 'Chiplet_4', 'to': 'Chiplet_2', 'connection_type': '2.5d_rdl', 'loc': '2.5d_chiplet'},{'from': 'Chiplet_5', 'to': 'Chiplet_1', 'connection_type': '2.5d_rdl', 'loc': '2.5d_chiplet'},{'from': 'Chiplet_5', 'to': 'Chiplet_2', 'connection_type': '2.5d_rdl', 'loc': '2.5d_chiplet'},{'from': 'Chiplet_5', 'to': 'Chiplet_6', 'connection_type': '2.5d_rdl', 'loc': '2.5d_chiplet'},{'from': 'Chiplet_1', 'to': 'Chiplet_5', 'connection_type': '2.5d_rdl', 'loc': '2.5d_chiplet'},{'from': 'Chiplet_1', 'to': 'Chiplet_6', 'connection_type': '2.5d_rdl', 'loc': '2.5d_chiplet'},{'from': 'Chiplet_1', 'to': 'Chiplet_2', 'connection_type': '2.5d_rdl', 'loc': '2.5d_chiplet'},{'from': 'Chiplet_6', 'to': 'Chiplet_5', 'connection_type': '2.5d_rdl', 'loc': '2.5d_chiplet'},{'from': 'Chiplet_6', 'to': 'Chiplet_1', 'connection_type': '2.5d_rdl', 'loc': '2.5d_chiplet'}",2,6,1,1,5,1,hbm3,ucie_std,na,1,0,is,1,0,0
445,36.37162593685587,3625054.18,94263.17326405647,4576284298.530575,814354.8252377235,684498.0351937297,445,3.3193280905479132,5.538366334949999,3072,128x128,10,0.829831759447044,1.3845915837374998,768,64x64,10,1.5385781800824634,3.1172648505374996,1024,96x96,10,15.436124909546791,15.979573171754398,8192,192x192,14,0.378988,1.11875,256,64x64,7,6.726740457366197,12.973514847541198,4096,192x192,10,2.5d,"{'from': 'Chiplet_4', 'to': 'Chiplet_1', 'connection_type': '2.5d_rdl', 'loc': '2.5d_chiplet'},{'from': 'Chiplet_4', 'to': 'Chiplet_6', 'connection_type': '2.5d_rdl', 'loc': '2.5d_chiplet'},{'from': 'Chiplet_6', 'to': 'Chiplet_3', 'connection_type': '2.5d_rdl', 'loc': '2.5d_chiplet'},{'from': 'Chiplet_6', 'to': 'Chiplet_1', 'connection_type': '2.5d_rdl', 'loc': '2.5d_chiplet'},{'from': 'Chiplet_6', 'to': 'Chiplet_4', 'connection_type': '2.5d_rdl', 'loc': '2.5d_chiplet'},{'from': 'Chiplet_1', 'to': 'Chiplet_3', 'connection_type': '2.5d_rdl', 'loc': '2.5d_chiplet'},{'from': 'Chiplet_1', 'to': 'Chiplet_6', 'connection_type': '2.5d_rdl', 'loc': '2.5d_chiplet'},{'from': 'Chiplet_1', 'to': 'Chiplet_2', 'connection_type': '2.5d_rdl', 'loc': '2.5d_chiplet'},{'from': 'Chiplet_1', 'to': 'Chiplet_4', 'connection_type': '2.5d_rdl', 'loc': '2.5d_chiplet'},{'from': 'Chiplet_3', 'to': 'Chiplet_5', 'connection_type': '2.5d_rdl', 'loc': '2.5d_chiplet'},{'from': 'Chiplet_3', 'to': 'Chiplet_1', 'connection_type': '2.5d_rdl', 'loc': '2.5d_chiplet'},{'from': 'Chiplet_3', 'to': 'Chiplet_6', 'connection_type': '2.5d_rdl', 'loc': '2.5d_chiplet'},{'from': 'Chiplet_3', 'to': 'Chiplet_2', 'connection_type': '2.5d_rdl', 'loc': '2.5d_chiplet'},{'from': 'Chiplet_2', 'to': 'Chiplet_5', 'connection_type': '2.5d_rdl', 'loc': '2.5d_chiplet'},{'from': 'Chiplet_2', 'to': 'Chiplet_1', 'connection_type': '2.5d_rdl', 'loc': '2.5d_chiplet'},{'from': 'Chiplet_2', 'to': 'Chiplet_3', 'connection_type': '2.5d_rdl', 'loc': '2.5d_chiplet'},{'from': 'Chiplet_5', 'to': 'Chiplet_3', 'connection_type': '2.5d_rdl', 'loc': '2.5d_chiplet'},{'from': 'Chiplet_5', 'to': 'Chiplet_2', 'connection_type': '2.5d_rdl', 'loc': '2.5d_chiplet'}",1,1,1,3,1,1,ddr4,ucie_std,na,1,0,ws,1,0,0
446,45.66519140945883,4189873.47,91568.6154798655,4987152575.664323,93732.5672371638,159021.04271747885,446,1.51595254,4.475,1024,128x128,7,5.656782838920179,6.821646341899999,2048,128x128,14,6.315940422320179,6.821646341899999,3072,128x128,14,0.552198,1.11875,768,64x64,7,2.927572174079395,3.8395579270749995,1024,96x96,14,12.799492673176792,15.979573171754398,4096,192x192,14,2.5d_3d,"{'from': 'Chiplet_5', 'to': 'Chiplet_1', 'connection_type': '3d_tsv', 'loc': 'stack0_base'},{'from': 'Chiplet_1', 'to': 'na', 'connection_type': '3d_tsv', 'loc': 'stack0_top'},{'from': 'Chiplet_6', 'to': 'Chiplet_3', 'connection_type': '2.5d_rdl', 'loc': '2.5d_chiplet'},{'from': 'Chiplet_6', 'to': 'Chiplet_2', 'connection_type': '2.5d_rdl', 'loc': '2.5d_chiplet'},{'from': 'Chiplet_6', 'to': 'Chiplet_4', 'connection_type': '2.5d_rdl', 'loc': '2.5d_chiplet'},{'from': 'Chiplet_4', 'to': 'Chiplet_6', 'connection_type': '2.5d_rdl', 'loc': '2.5d_chiplet'},{'from': 'Chiplet_4', 'to': 'Chiplet_2', 'connection_type': '2.5d_rdl', 'loc': '2.5d_chiplet'},{'from': 'Chiplet_3', 'to': 'Chiplet_5', 'connection_type': '2.5d_rdl', 'loc': '2.5d_chiplet'},{'from': 'Chiplet_3', 'to': 'Chiplet_6', 'connection_type': '2.5d_rdl', 'loc': '2.5d_chiplet'},{'from': 'Chiplet_3', 'to': 'Chiplet_2', 'connection_type': '2.5d_rdl', 'loc': '2.5d_chiplet'},{'from': 'Chiplet_2', 'to': 'Chiplet_5', 'connection_type': '2.5d_rdl', 'loc': '2.5d_chiplet'},{'from': 'Chiplet_2', 'to': 'Chiplet_6', 'connection_type': '2.5d_rdl', 'loc': '2.5d_chiplet'},{'from': 'Chiplet_2', 'to': 'Chiplet_4', 'connection_type': '2.5d_rdl', 'loc': '2.5d_chiplet'},{'from': 'Chiplet_2', 'to': 'Chiplet_3', 'connection_type': '2.5d_rdl', 'loc': '2.5d_chiplet'},{'from': 'Chiplet_5', 'to': 'Chiplet_3', 'connection_type': '2.5d_rdl', 'loc': '2.5d_chiplet'},{'from': 'Chiplet_5', 'to': 'Chiplet_2', 'connection_type': '2.5d_rdl', 'loc': '2.5d_chiplet'}",1,1,1,1,1,3,ddr5,ucie_std,ucie_3d,0,0,ws,0,0,0
447,26.856583002248204,4034597.07,84264.1410630257,1778397842.1313272,263668.5590473258,210817.50756920566,447,0.829831759447044,1.3845915837374998,768,64x64,10,3.5867297574793953,3.8395579270749995,2048,96x96,14,3.3193280905479132,5.538366334949999,3072,128x128,10,12.799492673176792,15.979573171754398,4096,192x192,14,2.6264880905479133,5.538366334949999,1024,128x128,10,2.55521354,4.475,4096,128x128,7,2.5d_3d,"{'from': 'Chiplet_4', 'to': 'Chiplet_5', 'connection_type': '3d_tsv', 'loc': 'stack0_base'},{'from': 'Chiplet_5', 'to': 'Chiplet_6', 'connection_type': '3d_tsv', 'loc': 'stack0_middle1'},{'from': 'Chiplet_6', 'to': 'Chiplet_1', 'connection_type': '3d_tsv', 'loc': 'stack0_middle2'},{'from': 'Chiplet_1', 'to': 'na', 'connection_type': '3d_tsv', 'loc': 'stack0_top'},{'from': 'Chiplet_4', 'to': 'Chiplet_3', 'connection_type': '2.5d_rdl', 'loc': '2.5d_chiplet'},{'from': 'Chiplet_4', 'to': 'Chiplet_2', 'connection_type': '2.5d_rdl', 'loc': '2.5d_chiplet'},{'from': 'Chiplet_2', 'to': 'Chiplet_3', 'connection_type': '2.5d_rdl', 'loc': '2.5d_chiplet'},{'from': 'Chiplet_2', 'to': 'Chiplet_4', 'connection_type': '2.5d_rdl', 'loc': '2.5d_chiplet'},{'from': 'Chiplet_3', 'to': 'Chiplet_2', 'connection_type': '2.5d_rdl', 'loc': '2.5d_chiplet'},{'from': 'Chiplet_3', 'to': 'Chiplet_4', 'connection_type': '2.5d_rdl', 'loc': '2.5d_chiplet'}",1,2,2,8,2,1,hbm3,ucie_std,ucie_3d,0,0,is,1,0,0
448,34.15412049969564,3289366.29,78758.16348427624,3342254418.2272906,1604749.9742260086,1107902.1529690463,448,3.665749090547913,5.538366334949999,4096,128x128,10,6.726740457366197,12.973514847541198,4096,192x192,10,3.2571509657793953,3.8395579270749995,1536,96x96,14,1.86237254,4.475,2048,128x128,7,1.8849981800824636,3.1172648505374996,2048,96x96,10,3.665749090547913,5.538366334949999,4096,128x128,10,2.5d,"{'from': 'Chiplet_2', 'to': 'Chiplet_3', 'connection_type': '2.5d_rdl', 'loc': '2.5d_chiplet'},{'from': 'Chiplet_2', 'to': 'Chiplet_1', 'connection_type': '2.5d_rdl', 'loc': '2.5d_chiplet'},{'from': 'Chiplet_3', 'to': 'Chiplet_1', 'connection_type': '2.5d_rdl', 'loc': '2.5d_chiplet'},{'from': 'Chiplet_3', 'to': 'Chiplet_6', 'connection_type': '2.5d_rdl', 'loc': '2.5d_chiplet'},{'from': 'Chiplet_3', 'to': 'Chiplet_2', 'connection_type': '2.5d_rdl', 'loc': '2.5d_chiplet'},{'from': 'Chiplet_1', 'to': 'Chiplet_5', 'connection_type': '2.5d_rdl', 'loc': '2.5d_chiplet'},{'from': 'Chiplet_1', 'to': 'Chiplet_3', 'connection_type': '2.5d_rdl', 'loc': '2.5d_chiplet'},{'from': 'Chiplet_1', 'to': 'Chiplet_6', 'connection_type': '2.5d_rdl', 'loc': '2.5d_chiplet'},{'from': 'Chiplet_1', 'to': 'Chiplet_2', 'connection_type': '2.5d_rdl', 'loc': '2.5d_chiplet'},{'from': 'Chiplet_5', 'to': 'Chiplet_1', 'connection_type': '2.5d_rdl', 'loc': '2.5d_chiplet'},{'from': 'Chiplet_5', 'to': 'Chiplet_4', 'connection_type': '2.5d_rdl', 'loc': '2.5d_chiplet'},{'from': 'Chiplet_6', 'to': 'Chiplet_3', 'connection_type': '2.5d_rdl', 'loc': '2.5d_chiplet'},{'from': 'Chiplet_6', 'to': 'Chiplet_1', 'connection_type': '2.5d_rdl', 'loc': '2.5d_chiplet'},{'from': 'Chiplet_6', 'to': 'Chiplet_4', 'connection_type': '2.5d_rdl', 'loc': '2.5d_chiplet'},{'from': 'Chiplet_4', 'to': 'Chiplet_5', 'connection_type': '2.5d_rdl', 'loc': '2.5d_chiplet'},{'from': 'Chiplet_4', 'to': 'Chiplet_6', 'connection_type': '2.5d_rdl', 'loc': '2.5d_chiplet'}",1,3,1,1,1,1,ddr5,ucie_std,na,1,0,ws,1,0,0
449,33.393554387682755,3764293.85,101837.19517282392,4372596798.36502,635185.927510314,607263.2667260385,449,2.6264880905479133,5.538366334949999,1024,128x128,10,3.432469952,10.4826,2048,192x192,7,3.665749090547913,5.538366334949999,4096,128x128,10,1.86237254,4.475,2048,128x128,7,1.8849981800824636,3.1172648505374996,2048,96x96,10,14.117807839976791,15.979573171754398,6144,192x192,14,2.5d,"{'from': 'Chiplet_6', 'to': 'Chiplet_3', 'connection_type': '2.5d_rdl', 'loc': '2.5d_chiplet'},{'from': 'Chiplet_6', 'to': 'Chiplet_2', 'connection_type': '2.5d_rdl', 'loc': '2.5d_chiplet'},{'from': 'Chiplet_3', 'to': 'Chiplet_5', 'connection_type': '2.5d_rdl', 'loc': '2.5d_chiplet'},{'from': 'Chiplet_3', 'to': 'Chiplet_6', 'connection_type': '2.5d_rdl', 'loc': '2.5d_chiplet'},{'from': 'Chiplet_3', 'to': 'Chiplet_4', 'connection_type': '2.5d_rdl', 'loc': '2.5d_chiplet'},{'from': 'Chiplet_3', 'to': 'Chiplet_2', 'connection_type': '2.5d_rdl', 'loc': '2.5d_chiplet'},{'from': 'Chiplet_5', 'to': 'Chiplet_3', 'connection_type': '2.5d_rdl', 'loc': '2.5d_chiplet'},{'from': 'Chiplet_5', 'to': 'Chiplet_4', 'connection_type': '2.5d_rdl', 'loc': '2.5d_chiplet'},{'from': 'Chiplet_4', 'to': 'Chiplet_5', 'connection_type': '2.5d_rdl', 'loc': '2.5d_chiplet'},{'from': 'Chiplet_4', 'to': 'Chiplet_3', 'connection_type': '2.5d_rdl', 'loc': '2.5d_chiplet'},{'from': 'Chiplet_4', 'to': 'Chiplet_1', 'connection_type': '2.5d_rdl', 'loc': '2.5d_chiplet'},{'from': 'Chiplet_2', 'to': 'Chiplet_3', 'connection_type': '2.5d_rdl', 'loc': '2.5d_chiplet'},{'from': 'Chiplet_2', 'to': 'Chiplet_1', 'connection_type': '2.5d_rdl', 'loc': '2.5d_chiplet'},{'from': 'Chiplet_2', 'to': 'Chiplet_6', 'connection_type': '2.5d_rdl', 'loc': '2.5d_chiplet'},{'from': 'Chiplet_1', 'to': 'Chiplet_2', 'connection_type': '2.5d_rdl', 'loc': '2.5d_chiplet'},{'from': 'Chiplet_1', 'to': 'Chiplet_4', 'connection_type': '2.5d_rdl', 'loc': '2.5d_chiplet'}",1,1,1,1,1,3,ddr4,ucie_std,na,1,0,ws,1,0,0
450,45.155029412680015,3864871.25,96117.28393394109,4470180672.958666,547237.2814495863,504517.8843690711,450,4.9976252555201786,6.821646341899999,1024,128x128,14,3.2571509657793953,3.8395579270749995,1536,96x96,14,1.578984604787535,1.7054115854749998,768,64x64,14,12.799492673176792,15.979573171754398,4096,192x192,14,6.315940422320179,6.821646341899999,3072,128x128,14,4.9976252555201786,6.821646341899999,1024,128x128,14,2.5d,"{'from': 'Chiplet_4', 'to': 'Chiplet_5', 'connection_type': '2.5d_rdl', 'loc': '2.5d_chiplet'},{'from': 'Chiplet_4', 'to': 'Chiplet_1', 'connection_type': '2.5d_rdl', 'loc': '2.5d_chiplet'},{'from': 'Chiplet_4', 'to': 'Chiplet_2', 'connection_type': '2.5d_rdl', 'loc': '2.5d_chiplet'},{'from': 'Chiplet_4', 'to': 'Chiplet_3', 'connection_type': '2.5d_rdl', 'loc': '2.5d_chiplet'},{'from': 'Chiplet_2', 'to': 'Chiplet_3', 'connection_type': '2.5d_rdl', 'loc': '2.5d_chiplet'},{'from': 'Chiplet_2', 'to': 'Chiplet_4', 'connection_type': '2.5d_rdl', 'loc': '2.5d_chiplet'},{'from': 'Chiplet_3', 'to': 'Chiplet_2', 'connection_type': '2.5d_rdl', 'loc': '2.5d_chiplet'},{'from': 'Chiplet_3', 'to': 'Chiplet_4', 'connection_type': '2.5d_rdl', 'loc': '2.5d_chiplet'},{'from': 'Chiplet_5', 'to': 'Chiplet_1', 'connection_type': '2.5d_rdl', 'loc': '2.5d_chiplet'},{'from': 'Chiplet_5', 'to': 'Chiplet_6', 'connection_type': '2.5d_rdl', 'loc': '2.5d_chiplet'},{'from': 'Chiplet_5', 'to': 'Chiplet_4', 'connection_type': '2.5d_rdl', 'loc': '2.5d_chiplet'},{'from': 'Chiplet_1', 'to': 'Chiplet_5', 'connection_type': '2.5d_rdl', 'loc': '2.5d_chiplet'},{'from': 'Chiplet_1', 'to': 'Chiplet_6', 'connection_type': '2.5d_rdl', 'loc': '2.5d_chiplet'},{'from': 'Chiplet_1', 'to': 'Chiplet_4', 'connection_type': '2.5d_rdl', 'loc': '2.5d_chiplet'},{'from': 'Chiplet_6', 'to': 'Chiplet_5', 'connection_type': '2.5d_rdl', 'loc': '2.5d_chiplet'},{'from': 'Chiplet_6', 'to': 'Chiplet_1', 'connection_type': '2.5d_rdl', 'loc': '2.5d_chiplet'}",1,1,1,3,1,1,ddr4,ucie_std,na,0,0,is,1,0,0
451,31.110075963250342,4238416.02,100185.19455068314,2456176246.9850903,43850.0,77125.07313382186,451,2.55521354,4.475,4096,128x128,7,1.131132696,2.51875,1536,96x96,7,14.117807839976791,15.979573171754398,6144,192x192,14,4.1253109519999995,10.4826,4096,192x192,7,1.51595254,4.475,1024,128x128,7,1.743774000637535,1.7054115854749998,1024,64x64,14,2.5d,"{'from': 'Chiplet_3', 'to': 'Chiplet_1', 'connection_type': '2.5d_rdl', 'loc': '2.5d_chiplet'},{'from': 'Chiplet_3', 'to': 'Chiplet_4', 'connection_type': '2.5d_rdl', 'loc': '2.5d_chiplet'},{'from': 'Chiplet_4', 'to': 'Chiplet_5', 'connection_type': '2.5d_rdl', 'loc': '2.5d_chiplet'},{'from': 'Chiplet_4', 'to': 'Chiplet_3', 'connection_type': '2.5d_rdl', 'loc': '2.5d_chiplet'},{'from': 'Chiplet_4', 'to': 'Chiplet_1', 'connection_type': '2.5d_rdl', 'loc': '2.5d_chiplet'},{'from': 'Chiplet_4', 'to': 'Chiplet_6', 'connection_type': '2.5d_rdl', 'loc': '2.5d_chiplet'},{'from': 'Chiplet_5', 'to': 'Chiplet_6', 'connection_type': '2.5d_rdl', 'loc': '2.5d_chiplet'},{'from': 'Chiplet_5', 'to': 'Chiplet_4', 'connection_type': '2.5d_rdl', 'loc': '2.5d_chiplet'},{'from': 'Chiplet_1', 'to': 'Chiplet_3', 'connection_type': '2.5d_rdl', 'loc': '2.5d_chiplet'},{'from': 'Chiplet_1', 'to': 'Chiplet_6', 'connection_type': '2.5d_rdl', 'loc': '2.5d_chiplet'},{'from': 'Chiplet_1', 'to': 'Chiplet_2', 'connection_type': '2.5d_rdl', 'loc': '2.5d_chiplet'},{'from': 'Chiplet_1', 'to': 'Chiplet_4', 'connection_type': '2.5d_rdl', 'loc': '2.5d_chiplet'},{'from': 'Chiplet_6', 'to': 'Chiplet_5', 'connection_type': '2.5d_rdl', 'loc': '2.5d_chiplet'},{'from': 'Chiplet_6', 'to': 'Chiplet_1', 'connection_type': '2.5d_rdl', 'loc': '2.5d_chiplet'},{'from': 'Chiplet_6', 'to': 'Chiplet_2', 'connection_type': '2.5d_rdl', 'loc': '2.5d_chiplet'},{'from': 'Chiplet_6', 'to': 'Chiplet_4', 'connection_type': '2.5d_rdl', 'loc': '2.5d_chiplet'},{'from': 'Chiplet_2', 'to': 'Chiplet_1', 'connection_type': '2.5d_rdl', 'loc': '2.5d_chiplet'},{'from': 'Chiplet_2', 'to': 'Chiplet_6', 'connection_type': '2.5d_rdl', 'loc': '2.5d_chiplet'}",2,1,9,2,1,1,hbm2,ucie_std,na,0,0,os,0,0,0
452,15.71233853593741,1864017.59,53474.81276046735,6178013099.531049,51768.509803921566,134802.4060424022,452,0.638803,1.11875,1024,64x64,7,3.432469952,10.4826,2048,192x192,7,1.304342696,2.51875,2048,96x96,7,0.784712696,2.51875,512,96x96,7,0.552198,1.11875,768,64x64,7,1.86237254,4.475,2048,128x128,7,2.5d,"{'from': 'Chiplet_2', 'to': 'Chiplet_1', 'connection_type': '2.5d_rdl', 'loc': '2.5d_chiplet'},{'from': 'Chiplet_2', 'to': 'Chiplet_6', 'connection_type': '2.5d_rdl', 'loc': '2.5d_chiplet'},{'from': 'Chiplet_1', 'to': 'Chiplet_6', 'connection_type': '2.5d_rdl', 'loc': '2.5d_chiplet'},{'from': 'Chiplet_1', 'to': 'Chiplet_2', 'connection_type': '2.5d_rdl', 'loc': '2.5d_chiplet'},{'from': 'Chiplet_6', 'to': 'Chiplet_5', 'connection_type': '2.5d_rdl', 'loc': '2.5d_chiplet'},{'from': 'Chiplet_6', 'to': 'Chiplet_1', 'connection_type': '2.5d_rdl', 'loc': '2.5d_chiplet'},{'from': 'Chiplet_6', 'to': 'Chiplet_2', 'connection_type': '2.5d_rdl', 'loc': '2.5d_chiplet'},{'from': 'Chiplet_6', 'to': 'Chiplet_4', 'connection_type': '2.5d_rdl', 'loc': '2.5d_chiplet'},{'from': 'Chiplet_6', 'to': 'Chiplet_3', 'connection_type': '2.5d_rdl', 'loc': '2.5d_chiplet'},{'from': 'Chiplet_5', 'to': 'Chiplet_6', 'connection_type': '2.5d_rdl', 'loc': '2.5d_chiplet'},{'from': 'Chiplet_5', 'to': 'Chiplet_4', 'connection_type': '2.5d_rdl', 'loc': '2.5d_chiplet'},{'from': 'Chiplet_3', 'to': 'Chiplet_6', 'connection_type': '2.5d_rdl', 'loc': '2.5d_chiplet'},{'from': 'Chiplet_3', 'to': 'Chiplet_4', 'connection_type': '2.5d_rdl', 'loc': '2.5d_chiplet'},{'from': 'Chiplet_4', 'to': 'Chiplet_5', 'connection_type': '2.5d_rdl', 'loc': '2.5d_chiplet'},{'from': 'Chiplet_4', 'to': 'Chiplet_3', 'connection_type': '2.5d_rdl', 'loc': '2.5d_chiplet'},{'from': 'Chiplet_4', 'to': 'Chiplet_6', 'connection_type': '2.5d_rdl', 'loc': '2.5d_chiplet'}",1,3,1,1,1,1,ddr4,ucie_std,na,1,0,os,0,0,0
453,53.21075757280078,4941934.64,203436.15720667708,4172505360.353675,416531.7766239456,407871.1725862898,453,1.578984604787535,1.7054115854749998,768,64x64,14,15.436124909546791,15.979573171754398,8192,192x192,14,6.975099908490179,6.821646341899999,4096,128x128,14,0.829831759447044,1.3845915837374998,768,64x64,10,0.916436759447044,1.3845915837374998,1024,64x64,10,15.436124909546791,15.979573171754398,8192,192x192,14,2.5d,"{'from': 'Chiplet_2', 'to': 'Chiplet_3', 'connection_type': '2.5d_emib', 'loc': '2.5d_chiplet'},{'from': 'Chiplet_2', 'to': 'Chiplet_6', 'connection_type': '2.5d_emib', 'loc': '2.5d_chiplet'},{'from': 'Chiplet_3', 'to': 'Chiplet_1', 'connection_type': '2.5d_emib', 'loc': '2.5d_chiplet'},{'from': 'Chiplet_3', 'to': 'Chiplet_2', 'connection_type': '2.5d_emib', 'loc': '2.5d_chiplet'},{'from': 'Chiplet_6', 'to': 'Chiplet_5', 'connection_type': '2.5d_emib', 'loc': '2.5d_chiplet'},{'from': 'Chiplet_6', 'to': 'Chiplet_1', 'connection_type': '2.5d_emib', 'loc': '2.5d_chiplet'},{'from': 'Chiplet_6', 'to': 'Chiplet_2', 'connection_type': '2.5d_emib', 'loc': '2.5d_chiplet'},{'from': 'Chiplet_1', 'to': 'Chiplet_5', 'connection_type': '2.5d_emib', 'loc': '2.5d_chiplet'},{'from': 'Chiplet_1', 'to': 'Chiplet_3', 'connection_type': '2.5d_emib', 'loc': '2.5d_chiplet'},{'from': 'Chiplet_1', 'to': 'Chiplet_6', 'connection_type': '2.5d_emib', 'loc': '2.5d_chiplet'},{'from': 'Chiplet_1', 'to': 'Chiplet_4', 'connection_type': '2.5d_emib', 'loc': '2.5d_chiplet'},{'from': 'Chiplet_5', 'to': 'Chiplet_1', 'connection_type': '2.5d_emib', 'loc': '2.5d_chiplet'},{'from': 'Chiplet_5', 'to': 'Chiplet_6', 'connection_type': '2.5d_emib', 'loc': '2.5d_chiplet'},{'from': 'Chiplet_5', 'to': 'Chiplet_4', 'connection_type': '2.5d_emib', 'loc': '2.5d_chiplet'},{'from': 'Chiplet_4', 'to': 'Chiplet_5', 'connection_type': '2.5d_emib', 'loc': '2.5d_chiplet'},{'from': 'Chiplet_4', 'to': 'Chiplet_1', 'connection_type': '2.5d_emib', 'loc': '2.5d_chiplet'}",1,2,1,1,1,2,ddr5,aib,na,1,0,os,1,0,0
454,34.86153799749514,5242361.58,169380.58191181085,2278805563.861458,39540.54054054054,74254.1909315804,454,11.481175603606792,15.979573171754398,2048,192x192,14,3.2571509657793953,3.8395579270749995,1536,96x96,14,1.3653681800824635,3.1172648505374996,512,96x96,10,3.665749090547913,5.538366334949999,4096,128x128,10,4.818150952,10.4826,6144,192x192,7,3.665749090547913,5.538366334949999,4096,128x128,10,2.5d_3d,"{'from': 'Chiplet_2', 'to': 'Chiplet_3', 'connection_type': '3d_u_bump', 'loc': 'stack0_base'},{'from': 'Chiplet_3', 'to': 'na', 'connection_type': '3d_u_bump', 'loc': 'stack0_top'},{'from': 'Chiplet_1', 'to': 'Chiplet_5', 'connection_type': '2.5d_emib', 'loc': '2.5d_chiplet'},{'from': 'Chiplet_1', 'to': 'Chiplet_2', 'connection_type': '2.5d_emib', 'loc': '2.5d_chiplet'},{'from': 'Chiplet_1', 'to': 'Chiplet_4', 'connection_type': '2.5d_emib', 'loc': '2.5d_chiplet'},{'from': 'Chiplet_2', 'to': 'Chiplet_1', 'connection_type': '2.5d_emib', 'loc': '2.5d_chiplet'},{'from': 'Chiplet_2', 'to': 'Chiplet_4', 'connection_type': '2.5d_emib', 'loc': '2.5d_chiplet'},{'from': 'Chiplet_5', 'to': 'Chiplet_1', 'connection_type': '2.5d_emib', 'loc': '2.5d_chiplet'},{'from': 'Chiplet_5', 'to': 'Chiplet_6', 'connection_type': '2.5d_emib', 'loc': '2.5d_chiplet'},{'from': 'Chiplet_5', 'to': 'Chiplet_4', 'connection_type': '2.5d_emib', 'loc': '2.5d_chiplet'},{'from': 'Chiplet_4', 'to': 'Chiplet_5', 'connection_type': '2.5d_emib', 'loc': '2.5d_chiplet'},{'from': 'Chiplet_4', 'to': 'Chiplet_1', 'connection_type': '2.5d_emib', 'loc': '2.5d_chiplet'},{'from': 'Chiplet_4', 'to': 'Chiplet_2', 'connection_type': '2.5d_emib', 'loc': '2.5d_chiplet'},{'from': 'Chiplet_4', 'to': 'Chiplet_6', 'connection_type': '2.5d_emib', 'loc': '2.5d_chiplet'},{'from': 'Chiplet_6', 'to': 'Chiplet_5', 'connection_type': '2.5d_emib', 'loc': '2.5d_chiplet'},{'from': 'Chiplet_6', 'to': 'Chiplet_4', 'connection_type': '2.5d_emib', 'loc': '2.5d_chiplet'}",6,2,1,2,3,2,hbm2,bow,ucie_3d,1,0,os,0,0,0
455,10.987480152067192,1867685.49,43865.295358489355,1801636575.8211124,73979.96821515892,56987.66109799374,455,2.972908090547913,5.538366334949999,2048,128x128,10,1.578984604787535,1.7054115854749998,768,64x64,14,0.638803,1.11875,1024,64x64,7,2.972908090547913,5.538366334949999,2048,128x128,10,0.552198,1.11875,768,64x64,7,0.957922696,2.51875,1024,96x96,7,2.5d_3d,"{'from': 'Chiplet_6', 'to': 'Chiplet_3', 'connection_type': '3d_u_bump', 'loc': 'stack0_base'},{'from': 'Chiplet_3', 'to': 'Chiplet_5', 'connection_type': '3d_u_bump', 'loc': 'stack0_middle1'},{'from': 'Chiplet_5', 'to': 'na', 'connection_type': '3d_u_bump', 'loc': 'stack0_top'},{'from': 'Chiplet_1', 'to': 'Chiplet_2', 'connection_type': '2.5d_rdl', 'loc': '2.5d_chiplet'},{'from': 'Chiplet_1', 'to': 'Chiplet_4', 'connection_type': '2.5d_rdl', 'loc': '2.5d_chiplet'},{'from': 'Chiplet_2', 'to': 'Chiplet_1', 'connection_type': '2.5d_rdl', 'loc': '2.5d_chiplet'},{'from': 'Chiplet_2', 'to': 'Chiplet_6', 'connection_type': '2.5d_rdl', 'loc': '2.5d_chiplet'},{'from': 'Chiplet_4', 'to': 'Chiplet_1', 'connection_type': '2.5d_rdl', 'loc': '2.5d_chiplet'},{'from': 'Chiplet_4', 'to': 'Chiplet_6', 'connection_type': '2.5d_rdl', 'loc': '2.5d_chiplet'},{'from': 'Chiplet_6', 'to': 'Chiplet_2', 'connection_type': '2.5d_rdl', 'loc': '2.5d_chiplet'},{'from': 'Chiplet_6', 'to': 'Chiplet_4', 'connection_type': '2.5d_rdl', 'loc': '2.5d_chiplet'}",5,2,1,5,1,2,hbm3,ucie_std,ucie_3d,1,0,os,0,0,0
456,14.802738884128742,2250634.01,115514.58614567769,4793700717.824321,73743.315932069,120514.09005701436,456,0.638803,1.11875,1024,64x64,7,1.304342696,2.51875,2048,96x96,7,0.916436759447044,1.3845915837374998,1024,64x64,10,2.20879254,4.475,3072,128x128,7,6.726740457366197,12.973514847541198,4096,192x192,10,0.743226759447044,1.3845915837374998,512,64x64,10,2.5d_3d,"{'from': 'Chiplet_3', 'to': 'Chiplet_6', 'connection_type': '3d_tsv', 'loc': 'stack0_base'},{'from': 'Chiplet_6', 'to': 'Chiplet_1', 'connection_type': '3d_tsv', 'loc': 'stack0_middle1'},{'from': 'Chiplet_1', 'to': 'na', 'connection_type': '3d_tsv', 'loc': 'stack0_top'},{'from': 'Chiplet_5', 'to': 'Chiplet_2', 'connection_type': '2.5d_emib', 'loc': '2.5d_chiplet'},{'from': 'Chiplet_5', 'to': 'Chiplet_4', 'connection_type': '2.5d_emib', 'loc': '2.5d_chiplet'},{'from': 'Chiplet_4', 'to': 'Chiplet_5', 'connection_type': '2.5d_emib', 'loc': '2.5d_chiplet'},{'from': 'Chiplet_4', 'to': 'Chiplet_2', 'connection_type': '2.5d_emib', 'loc': '2.5d_chiplet'},{'from': 'Chiplet_4', 'to': 'Chiplet_3', 'connection_type': '2.5d_emib', 'loc': '2.5d_chiplet'},{'from': 'Chiplet_2', 'to': 'Chiplet_5', 'connection_type': '2.5d_emib', 'loc': '2.5d_chiplet'},{'from': 'Chiplet_2', 'to': 'Chiplet_4', 'connection_type': '2.5d_emib', 'loc': '2.5d_chiplet'},{'from': 'Chiplet_2', 'to': 'Chiplet_3', 'connection_type': '2.5d_emib', 'loc': '2.5d_chiplet'},{'from': 'Chiplet_3', 'to': 'Chiplet_2', 'connection_type': '2.5d_emib', 'loc': '2.5d_chiplet'},{'from': 'Chiplet_3', 'to': 'Chiplet_4', 'connection_type': '2.5d_emib', 'loc': '2.5d_chiplet'}",1,1,1,1,3,1,ddr5,bow,ucie_3d,0,0,os,0,0,0
457,35.58491977878946,3874280.53,103367.55124816013,4604822649.212788,1082187.7145032627,876536.4331722992,457,14.117807839976791,15.979573171754398,6144,192x192,14,4.818150952,10.4826,6144,192x192,7,1.131132696,2.51875,1536,96x96,7,0.957922696,2.51875,1024,96x96,7,2.55521354,4.475,4096,128x128,7,2.927572174079395,3.8395579270749995,1024,96x96,14,2.5d,"{'from': 'Chiplet_1', 'to': 'Chiplet_6', 'connection_type': '2.5d_rdl', 'loc': '2.5d_chiplet'},{'from': 'Chiplet_1', 'to': 'Chiplet_2', 'connection_type': '2.5d_rdl', 'loc': '2.5d_chiplet'},{'from': 'Chiplet_2', 'to': 'Chiplet_5', 'connection_type': '2.5d_rdl', 'loc': '2.5d_chiplet'},{'from': 'Chiplet_2', 'to': 'Chiplet_3', 'connection_type': '2.5d_rdl', 'loc': '2.5d_chiplet'},{'from': 'Chiplet_2', 'to': 'Chiplet_1', 'connection_type': '2.5d_rdl', 'loc': '2.5d_chiplet'},{'from': 'Chiplet_2', 'to': 'Chiplet_6', 'connection_type': '2.5d_rdl', 'loc': '2.5d_chiplet'},{'from': 'Chiplet_3', 'to': 'Chiplet_5', 'connection_type': '2.5d_rdl', 'loc': '2.5d_chiplet'},{'from': 'Chiplet_3', 'to': 'Chiplet_2', 'connection_type': '2.5d_rdl', 'loc': '2.5d_chiplet'},{'from': 'Chiplet_6', 'to': 'Chiplet_5', 'connection_type': '2.5d_rdl', 'loc': '2.5d_chiplet'},{'from': 'Chiplet_6', 'to': 'Chiplet_1', 'connection_type': '2.5d_rdl', 'loc': '2.5d_chiplet'},{'from': 'Chiplet_6', 'to': 'Chiplet_2', 'connection_type': '2.5d_rdl', 'loc': '2.5d_chiplet'},{'from': 'Chiplet_6', 'to': 'Chiplet_4', 'connection_type': '2.5d_rdl', 'loc': '2.5d_chiplet'},{'from': 'Chiplet_5', 'to': 'Chiplet_3', 'connection_type': '2.5d_rdl', 'loc': '2.5d_chiplet'},{'from': 'Chiplet_5', 'to': 'Chiplet_6', 'connection_type': '2.5d_rdl', 'loc': '2.5d_chiplet'},{'from': 'Chiplet_5', 'to': 'Chiplet_2', 'connection_type': '2.5d_rdl', 'loc': '2.5d_chiplet'},{'from': 'Chiplet_5', 'to': 'Chiplet_4', 'connection_type': '2.5d_rdl', 'loc': '2.5d_chiplet'},{'from': 'Chiplet_4', 'to': 'Chiplet_5', 'connection_type': '2.5d_rdl', 'loc': '2.5d_chiplet'},{'from': 'Chiplet_4', 'to': 'Chiplet_6', 'connection_type': '2.5d_rdl', 'loc': '2.5d_chiplet'}",3,1,1,1,1,1,ddr4,ucie_std,na,1,0,ws,1,0,0
458,28.91704331473753,2960478.4,156579.32462022454,1500559740.8619957,83718.96346896347,71134.39725903282,458,3.3193280905479132,5.538366334949999,3072,128x128,10,0.378988,1.11875,256,64x64,7,2.927572174079395,3.8395579270749995,1024,96x96,14,1.5385781800824634,3.1172648505374996,1024,96x96,10,6.033899457366197,12.973514847541198,2048,192x192,10,1.249405813087535,1.7054115854749998,256,64x64,14,2.5d,"{'from': 'Chiplet_5', 'to': 'Chiplet_1', 'connection_type': '2.5d_emib', 'loc': '2.5d_chiplet'},{'from': 'Chiplet_5', 'to': 'Chiplet_4', 'connection_type': '2.5d_emib', 'loc': '2.5d_chiplet'},{'from': 'Chiplet_4', 'to': 'Chiplet_5', 'connection_type': '2.5d_emib', 'loc': '2.5d_chiplet'},{'from': 'Chiplet_4', 'to': 'Chiplet_3', 'connection_type': '2.5d_emib', 'loc': '2.5d_chiplet'},{'from': 'Chiplet_4', 'to': 'Chiplet_1', 'connection_type': '2.5d_emib', 'loc': '2.5d_chiplet'},{'from': 'Chiplet_1', 'to': 'Chiplet_5', 'connection_type': '2.5d_emib', 'loc': '2.5d_chiplet'},{'from': 'Chiplet_1', 'to': 'Chiplet_2', 'connection_type': '2.5d_emib', 'loc': '2.5d_chiplet'},{'from': 'Chiplet_1', 'to': 'Chiplet_4', 'connection_type': '2.5d_emib', 'loc': '2.5d_chiplet'},{'from': 'Chiplet_1', 'to': 'Chiplet_3', 'connection_type': '2.5d_emib', 'loc': '2.5d_chiplet'},{'from': 'Chiplet_2', 'to': 'Chiplet_1', 'connection_type': '2.5d_emib', 'loc': '2.5d_chiplet'},{'from': 'Chiplet_2', 'to': 'Chiplet_6', 'connection_type': '2.5d_emib', 'loc': '2.5d_chiplet'},{'from': 'Chiplet_3', 'to': 'Chiplet_1', 'connection_type': '2.5d_emib', 'loc': '2.5d_chiplet'},{'from': 'Chiplet_3', 'to': 'Chiplet_6', 'connection_type': '2.5d_emib', 'loc': '2.5d_chiplet'},{'from': 'Chiplet_3', 'to': 'Chiplet_4', 'connection_type': '2.5d_emib', 'loc': '2.5d_chiplet'},{'from': 'Chiplet_6', 'to': 'Chiplet_3', 'connection_type': '2.5d_emib', 'loc': '2.5d_chiplet'},{'from': 'Chiplet_6', 'to': 'Chiplet_2', 'connection_type': '2.5d_emib', 'loc': '2.5d_chiplet'}",3,1,3,2,6,1,hbm3,ucie_adv,na,0,0,ws,0,0,0
459,59.099250763815725,6243929.25,122742.49972650433,2678930443.304208,93533.33333333334,134584.6760087979,459,0.916436759447044,1.3845915837374998,1024,64x64,10,1.51595254,4.475,1024,128x128,7,6.315940422320179,6.821646341899999,3072,128x128,14,4.818150952,10.4826,6144,192x192,7,4.1253109519999995,10.4826,4096,192x192,7,15.436124909546791,15.979573171754398,8192,192x192,14,2.5d,"{'from': 'Chiplet_6', 'to': 'Chiplet_3', 'connection_type': '2.5d_rdl', 'loc': '2.5d_chiplet'},{'from': 'Chiplet_6', 'to': 'Chiplet_1', 'connection_type': '2.5d_rdl', 'loc': '2.5d_chiplet'},{'from': 'Chiplet_1', 'to': 'Chiplet_3', 'connection_type': '2.5d_rdl', 'loc': '2.5d_chiplet'},{'from': 'Chiplet_1', 'to': 'Chiplet_6', 'connection_type': '2.5d_rdl', 'loc': '2.5d_chiplet'},{'from': 'Chiplet_3', 'to': 'Chiplet_5', 'connection_type': '2.5d_rdl', 'loc': '2.5d_chiplet'},{'from': 'Chiplet_3', 'to': 'Chiplet_1', 'connection_type': '2.5d_rdl', 'loc': '2.5d_chiplet'},{'from': 'Chiplet_3', 'to': 'Chiplet_6', 'connection_type': '2.5d_rdl', 'loc': '2.5d_chiplet'},{'from': 'Chiplet_3', 'to': 'Chiplet_2', 'connection_type': '2.5d_rdl', 'loc': '2.5d_chiplet'},{'from': 'Chiplet_3', 'to': 'Chiplet_4', 'connection_type': '2.5d_rdl', 'loc': '2.5d_chiplet'},{'from': 'Chiplet_2', 'to': 'Chiplet_5', 'connection_type': '2.5d_rdl', 'loc': '2.5d_chiplet'},{'from': 'Chiplet_2', 'to': 'Chiplet_3', 'connection_type': '2.5d_rdl', 'loc': '2.5d_chiplet'},{'from': 'Chiplet_4', 'to': 'Chiplet_5', 'connection_type': '2.5d_rdl', 'loc': '2.5d_chiplet'},{'from': 'Chiplet_4', 'to': 'Chiplet_3', 'connection_type': '2.5d_rdl', 'loc': '2.5d_chiplet'},{'from': 'Chiplet_5', 'to': 'Chiplet_3', 'connection_type': '2.5d_rdl', 'loc': '2.5d_chiplet'},{'from': 'Chiplet_5', 'to': 'Chiplet_2', 'connection_type': '2.5d_rdl', 'loc': '2.5d_chiplet'},{'from': 'Chiplet_5', 'to': 'Chiplet_4', 'connection_type': '2.5d_rdl', 'loc': '2.5d_chiplet'}",1,1,3,2,2,7,hbm2,ucie_std,na,0,0,is,0,0,0
460,43.41971373042276,3634214.49,88055.04928417795,6881922344.246547,91026.07843137255,184618.13467302377,460,0.378988,1.11875,256,64x64,7,14.117807839976791,15.979573171754398,6144,192x192,14,0.656621759447044,1.3845915837374998,256,64x64,10,2.927572174079395,3.8395579270749995,1024,96x96,14,3.665749090547913,5.538366334949999,4096,128x128,10,6.975099908490179,6.821646341899999,4096,128x128,14,2.5d,"{'from': 'Chiplet_2', 'to': 'Chiplet_5', 'connection_type': '2.5d_rdl', 'loc': '2.5d_chiplet'},{'from': 'Chiplet_2', 'to': 'Chiplet_1', 'connection_type': '2.5d_rdl', 'loc': '2.5d_chiplet'},{'from': 'Chiplet_2', 'to': 'Chiplet_6', 'connection_type': '2.5d_rdl', 'loc': '2.5d_chiplet'},{'from': 'Chiplet_1', 'to': 'Chiplet_5', 'connection_type': '2.5d_rdl', 'loc': '2.5d_chiplet'},{'from': 'Chiplet_1', 'to': 'Chiplet_2', 'connection_type': '2.5d_rdl', 'loc': '2.5d_chiplet'},{'from': 'Chiplet_6', 'to': 'Chiplet_5', 'connection_type': '2.5d_rdl', 'loc': '2.5d_chiplet'},{'from': 'Chiplet_6', 'to': 'Chiplet_2', 'connection_type': '2.5d_rdl', 'loc': '2.5d_chiplet'},{'from': 'Chiplet_6', 'to': 'Chiplet_4', 'connection_type': '2.5d_rdl', 'loc': '2.5d_chiplet'},{'from': 'Chiplet_5', 'to': 'Chiplet_1', 'connection_type': '2.5d_rdl', 'loc': '2.5d_chiplet'},{'from': 'Chiplet_5', 'to': 'Chiplet_2', 'connection_type': '2.5d_rdl', 'loc': '2.5d_chiplet'},{'from': 'Chiplet_5', 'to': 'Chiplet_4', 'connection_type': '2.5d_rdl', 'loc': '2.5d_chiplet'},{'from': 'Chiplet_5', 'to': 'Chiplet_6', 'connection_type': '2.5d_rdl', 'loc': '2.5d_chiplet'},{'from': 'Chiplet_5', 'to': 'Chiplet_3', 'connection_type': '2.5d_rdl', 'loc': '2.5d_chiplet'},{'from': 'Chiplet_4', 'to': 'Chiplet_5', 'connection_type': '2.5d_rdl', 'loc': '2.5d_chiplet'},{'from': 'Chiplet_4', 'to': 'Chiplet_6', 'connection_type': '2.5d_rdl', 'loc': '2.5d_chiplet'},{'from': 'Chiplet_4', 'to': 'Chiplet_3', 'connection_type': '2.5d_rdl', 'loc': '2.5d_chiplet'},{'from': 'Chiplet_3', 'to': 'Chiplet_5', 'connection_type': '2.5d_rdl', 'loc': '2.5d_chiplet'},{'from': 'Chiplet_3', 'to': 'Chiplet_4', 'connection_type': '2.5d_rdl', 'loc': '2.5d_chiplet'}",1,3,1,1,1,1,ddr4,ucie_std,na,1,0,os,0,0,0
461,26.303079612574884,4009397.28,80242.21113543815,2468011740.881994,64912.16216216217,85010.6787056786,461,1.578984604787535,1.7054115854749998,768,64x64,14,3.665749090547913,5.538366334949999,4096,128x128,10,0.46559300000000003,1.11875,512,64x64,7,0.916436759447044,1.3845915837374998,1024,64x64,10,6.726740457366197,12.973514847541198,4096,192x192,10,5.5109919519999995,10.4826,8192,192x192,7,2.5d_3d,"{'from': 'Chiplet_2', 'to': 'Chiplet_4', 'connection_type': '3d_tsv', 'loc': 'stack0_base'},{'from': 'Chiplet_4', 'to': 'na', 'connection_type': '3d_tsv', 'loc': 'stack0_top'},{'from': 'Chiplet_5', 'to': 'Chiplet_3', 'connection_type': '2.5d_rdl', 'loc': '2.5d_chiplet'},{'from': 'Chiplet_5', 'to': 'Chiplet_1', 'connection_type': '2.5d_rdl', 'loc': '2.5d_chiplet'},{'from': 'Chiplet_5', 'to': 'Chiplet_6', 'connection_type': '2.5d_rdl', 'loc': '2.5d_chiplet'},{'from': 'Chiplet_5', 'to': 'Chiplet_2', 'connection_type': '2.5d_rdl', 'loc': '2.5d_chiplet'},{'from': 'Chiplet_1', 'to': 'Chiplet_5', 'connection_type': '2.5d_rdl', 'loc': '2.5d_chiplet'},{'from': 'Chiplet_1', 'to': 'Chiplet_3', 'connection_type': '2.5d_rdl', 'loc': '2.5d_chiplet'},{'from': 'Chiplet_3', 'to': 'Chiplet_5', 'connection_type': '2.5d_rdl', 'loc': '2.5d_chiplet'},{'from': 'Chiplet_3', 'to': 'Chiplet_1', 'connection_type': '2.5d_rdl', 'loc': '2.5d_chiplet'},{'from': 'Chiplet_6', 'to': 'Chiplet_5', 'connection_type': '2.5d_rdl', 'loc': '2.5d_chiplet'},{'from': 'Chiplet_6', 'to': 'Chiplet_2', 'connection_type': '2.5d_rdl', 'loc': '2.5d_chiplet'},{'from': 'Chiplet_2', 'to': 'Chiplet_5', 'connection_type': '2.5d_rdl', 'loc': '2.5d_chiplet'},{'from': 'Chiplet_2', 'to': 'Chiplet_6', 'connection_type': '2.5d_rdl', 'loc': '2.5d_chiplet'}",1,3,1,1,6,4,hbm2,ucie_std,ucie_3d,1,0,ws,0,0,0
462,30.255189120540955,3741029.26,81567.08789488177,1896330794.3588545,900475.9881114303,581658.2709454029,462,3.5867297574793953,3.8395579270749995,2048,96x96,14,5.5109919519999995,10.4826,8192,192x192,7,3.5867297574793953,3.8395579270749995,2048,96x96,14,2.972908090547913,5.538366334949999,2048,128x128,10,5.656782838920179,6.821646341899999,2048,128x128,14,0.784712696,2.51875,512,96x96,7,2.5d,"{'from': 'Chiplet_5', 'to': 'Chiplet_3', 'connection_type': '2.5d_rdl', 'loc': '2.5d_chiplet'},{'from': 'Chiplet_5', 'to': 'Chiplet_6', 'connection_type': '2.5d_rdl', 'loc': '2.5d_chiplet'},{'from': 'Chiplet_5', 'to': 'Chiplet_2', 'connection_type': '2.5d_rdl', 'loc': '2.5d_chiplet'},{'from': 'Chiplet_3', 'to': 'Chiplet_5', 'connection_type': '2.5d_rdl', 'loc': '2.5d_chiplet'},{'from': 'Chiplet_3', 'to': 'Chiplet_6', 'connection_type': '2.5d_rdl', 'loc': '2.5d_chiplet'},{'from': 'Chiplet_6', 'to': 'Chiplet_5', 'connection_type': '2.5d_rdl', 'loc': '2.5d_chiplet'},{'from': 'Chiplet_6', 'to': 'Chiplet_3', 'connection_type': '2.5d_rdl', 'loc': '2.5d_chiplet'},{'from': 'Chiplet_2', 'to': 'Chiplet_5', 'connection_type': '2.5d_rdl', 'loc': '2.5d_chiplet'},{'from': 'Chiplet_2', 'to': 'Chiplet_1', 'connection_type': '2.5d_rdl', 'loc': '2.5d_chiplet'},{'from': 'Chiplet_2', 'to': 'Chiplet_4', 'connection_type': '2.5d_rdl', 'loc': '2.5d_chiplet'},{'from': 'Chiplet_1', 'to': 'Chiplet_2', 'connection_type': '2.5d_rdl', 'loc': '2.5d_chiplet'},{'from': 'Chiplet_1', 'to': 'Chiplet_4', 'connection_type': '2.5d_rdl', 'loc': '2.5d_chiplet'},{'from': 'Chiplet_4', 'to': 'Chiplet_1', 'connection_type': '2.5d_rdl', 'loc': '2.5d_chiplet'},{'from': 'Chiplet_4', 'to': 'Chiplet_2', 'connection_type': '2.5d_rdl', 'loc': '2.5d_chiplet'}",3,4,2,2,4,1,hbm2,ucie_std,na,1,0,ws,1,0,0
463,32.224521576098006,2996018.94,80684.92126789398,3884791561.6193542,516462.35861563624,368420.8724180257,463,0.957922696,2.51875,1024,96x96,7,1.249405813087535,1.7054115854749998,256,64x64,14,2.597993382379395,3.8395579270749995,512,96x96,14,1.4141952089375351,1.7054115854749998,512,64x64,14,15.436124909546791,15.979573171754398,8192,192x192,14,3.3193280905479132,5.538366334949999,3072,128x128,10,2.5d,"{'from': 'Chiplet_5', 'to': 'Chiplet_3', 'connection_type': '2.5d_rdl', 'loc': '2.5d_chiplet'},{'from': 'Chiplet_5', 'to': 'Chiplet_6', 'connection_type': '2.5d_rdl', 'loc': '2.5d_chiplet'},{'from': 'Chiplet_6', 'to': 'Chiplet_5', 'connection_type': '2.5d_rdl', 'loc': '2.5d_chiplet'},{'from': 'Chiplet_6', 'to': 'Chiplet_2', 'connection_type': '2.5d_rdl', 'loc': '2.5d_chiplet'},{'from': 'Chiplet_6', 'to': 'Chiplet_4', 'connection_type': '2.5d_rdl', 'loc': '2.5d_chiplet'},{'from': 'Chiplet_6', 'to': 'Chiplet_3', 'connection_type': '2.5d_rdl', 'loc': '2.5d_chiplet'},{'from': 'Chiplet_2', 'to': 'Chiplet_6', 'connection_type': '2.5d_rdl', 'loc': '2.5d_chiplet'},{'from': 'Chiplet_2', 'to': 'Chiplet_4', 'connection_type': '2.5d_rdl', 'loc': '2.5d_chiplet'},{'from': 'Chiplet_3', 'to': 'Chiplet_5', 'connection_type': '2.5d_rdl', 'loc': '2.5d_chiplet'},{'from': 'Chiplet_3', 'to': 'Chiplet_1', 'connection_type': '2.5d_rdl', 'loc': '2.5d_chiplet'},{'from': 'Chiplet_3', 'to': 'Chiplet_6', 'connection_type': '2.5d_rdl', 'loc': '2.5d_chiplet'},{'from': 'Chiplet_3', 'to': 'Chiplet_4', 'connection_type': '2.5d_rdl', 'loc': '2.5d_chiplet'},{'from': 'Chiplet_4', 'to': 'Chiplet_3', 'connection_type': '2.5d_rdl', 'loc': '2.5d_chiplet'},{'from': 'Chiplet_4', 'to': 'Chiplet_1', 'connection_type': '2.5d_rdl', 'loc': '2.5d_chiplet'},{'from': 'Chiplet_4', 'to': 'Chiplet_6', 'connection_type': '2.5d_rdl', 'loc': '2.5d_chiplet'},{'from': 'Chiplet_4', 'to': 'Chiplet_2', 'connection_type': '2.5d_rdl', 'loc': '2.5d_chiplet'},{'from': 'Chiplet_1', 'to': 'Chiplet_3', 'connection_type': '2.5d_rdl', 'loc': '2.5d_chiplet'},{'from': 'Chiplet_1', 'to': 'Chiplet_4', 'connection_type': '2.5d_rdl', 'loc': '2.5d_chiplet'}",1,1,1,1,3,1,ddr5,ucie_std,na,0,0,os,1,0,0
464,12.966344436150182,1553259.46,147080.01618945945,5744901765.960211,954966.5195257193,429893.82439721207,464,0.46559300000000003,1.11875,512,64x64,7,1.131132696,2.51875,1536,96x96,7,2.6264880905479133,5.538366334949999,1024,128x128,10,1.578984604787535,1.7054115854749998,768,64x64,14,1.86237254,4.475,2048,128x128,7,1.5385781800824634,3.1172648505374996,1024,96x96,10,2.5d,"{'from': 'Chiplet_3', 'to': 'Chiplet_5', 'connection_type': '2.5d_emib', 'loc': '2.5d_chiplet'},{'from': 'Chiplet_3', 'to': 'Chiplet_1', 'connection_type': '2.5d_emib', 'loc': '2.5d_chiplet'},{'from': 'Chiplet_3', 'to': 'Chiplet_6', 'connection_type': '2.5d_emib', 'loc': '2.5d_chiplet'},{'from': 'Chiplet_3', 'to': 'Chiplet_4', 'connection_type': '2.5d_emib', 'loc': '2.5d_chiplet'},{'from': 'Chiplet_6', 'to': 'Chiplet_3', 'connection_type': '2.5d_emib', 'loc': '2.5d_chiplet'},{'from': 'Chiplet_6', 'to': 'Chiplet_1', 'connection_type': '2.5d_emib', 'loc': '2.5d_chiplet'},{'from': 'Chiplet_1', 'to': 'Chiplet_3', 'connection_type': '2.5d_emib', 'loc': '2.5d_chiplet'},{'from': 'Chiplet_1', 'to': 'Chiplet_6', 'connection_type': '2.5d_emib', 'loc': '2.5d_chiplet'},{'from': 'Chiplet_5', 'to': 'Chiplet_3', 'connection_type': '2.5d_emib', 'loc': '2.5d_chiplet'},{'from': 'Chiplet_5', 'to': 'Chiplet_2', 'connection_type': '2.5d_emib', 'loc': '2.5d_chiplet'},{'from': 'Chiplet_5', 'to': 'Chiplet_4', 'connection_type': '2.5d_emib', 'loc': '2.5d_chiplet'},{'from': 'Chiplet_4', 'to': 'Chiplet_5', 'connection_type': '2.5d_emib', 'loc': '2.5d_chiplet'},{'from': 'Chiplet_4', 'to': 'Chiplet_3', 'connection_type': '2.5d_emib', 'loc': '2.5d_chiplet'},{'from': 'Chiplet_4', 'to': 'Chiplet_2', 'connection_type': '2.5d_emib', 'loc': '2.5d_chiplet'},{'from': 'Chiplet_2', 'to': 'Chiplet_5', 'connection_type': '2.5d_emib', 'loc': '2.5d_chiplet'},{'from': 'Chiplet_2', 'to': 'Chiplet_4', 'connection_type': '2.5d_emib', 'loc': '2.5d_chiplet'}",1,1,2,1,2,1,ddr4,bow,na,1,0,ws,1,0,0
465,25.170412903115604,3238016.74,71386.29568081537,6504621552.714781,53095.46899841017,153143.72817499307,465,7.419580457366196,12.973514847541198,6144,192x192,10,1.131132696,2.51875,1536,96x96,7,2.927572174079395,3.8395579270749995,1024,96x96,14,3.432469952,10.4826,2048,192x192,7,0.916436759447044,1.3845915837374998,1024,64x64,10,1.5385781800824634,3.1172648505374996,1024,96x96,10,2.5d_3d,"{'from': 'Chiplet_6', 'to': 'Chiplet_2', 'connection_type': '3d_hyb_bond', 'loc': 'stack0_base'},{'from': 'Chiplet_2', 'to': 'na', 'connection_type': '3d_hyb_bond', 'loc': 'stack0_top'},{'from': 'Chiplet_1', 'to': 'Chiplet_5', 'connection_type': '2.5d_rdl', 'loc': '2.5d_chiplet'},{'from': 'Chiplet_1', 'to': 'Chiplet_3', 'connection_type': '2.5d_rdl', 'loc': '2.5d_chiplet'},{'from': 'Chiplet_1', 'to': 'Chiplet_4', 'connection_type': '2.5d_rdl', 'loc': '2.5d_chiplet'},{'from': 'Chiplet_5', 'to': 'Chiplet_3', 'connection_type': '2.5d_rdl', 'loc': '2.5d_chiplet'},{'from': 'Chiplet_5', 'to': 'Chiplet_1', 'connection_type': '2.5d_rdl', 'loc': '2.5d_chiplet'},{'from': 'Chiplet_4', 'to': 'Chiplet_3', 'connection_type': '2.5d_rdl', 'loc': '2.5d_chiplet'},{'from': 'Chiplet_4', 'to': 'Chiplet_1', 'connection_type': '2.5d_rdl', 'loc': '2.5d_chiplet'},{'from': 'Chiplet_4', 'to': 'Chiplet_6', 'connection_type': '2.5d_rdl', 'loc': '2.5d_chiplet'},{'from': 'Chiplet_3', 'to': 'Chiplet_5', 'connection_type': '2.5d_rdl', 'loc': '2.5d_chiplet'},{'from': 'Chiplet_3', 'to': 'Chiplet_1', 'connection_type': '2.5d_rdl', 'loc': '2.5d_chiplet'},{'from': 'Chiplet_3', 'to': 'Chiplet_6', 'connection_type': '2.5d_rdl', 'loc': '2.5d_chiplet'},{'from': 'Chiplet_3', 'to': 'Chiplet_4', 'connection_type': '2.5d_rdl', 'loc': '2.5d_chiplet'},{'from': 'Chiplet_6', 'to': 'Chiplet_3', 'connection_type': '2.5d_rdl', 'loc': '2.5d_chiplet'},{'from': 'Chiplet_6', 'to': 'Chiplet_4', 'connection_type': '2.5d_rdl', 'loc': '2.5d_chiplet'}",3,1,1,1,1,1,ddr4,ucie_std,ucie_3d,0,0,os,0,0,0
466,25.10713514711729,3313173.47,169247.99944911702,1368508884.8631115,405234.83621346584,268595.97943645285,466,0.916436759447044,1.3845915837374998,1024,64x64,10,3.3193280905479132,5.538366334949999,3072,128x128,10,3.5867297574793953,3.8395579270749995,2048,96x96,14,1.51595254,4.475,1024,128x128,7,2.20879254,4.475,3072,128x128,7,6.033899457366197,12.973514847541198,2048,192x192,10,2.5d,"{'from': 'Chiplet_6', 'to': 'Chiplet_5', 'connection_type': '2.5d_emib', 'loc': '2.5d_chiplet'},{'from': 'Chiplet_6', 'to': 'Chiplet_3', 'connection_type': '2.5d_emib', 'loc': '2.5d_chiplet'},{'from': 'Chiplet_6', 'to': 'Chiplet_1', 'connection_type': '2.5d_emib', 'loc': '2.5d_chiplet'},{'from': 'Chiplet_6', 'to': 'Chiplet_2', 'connection_type': '2.5d_emib', 'loc': '2.5d_chiplet'},{'from': 'Chiplet_5', 'to': 'Chiplet_1', 'connection_type': '2.5d_emib', 'loc': '2.5d_chiplet'},{'from': 'Chiplet_5', 'to': 'Chiplet_6', 'connection_type': '2.5d_emib', 'loc': '2.5d_chiplet'},{'from': 'Chiplet_1', 'to': 'Chiplet_5', 'connection_type': '2.5d_emib', 'loc': '2.5d_chiplet'},{'from': 'Chiplet_1', 'to': 'Chiplet_6', 'connection_type': '2.5d_emib', 'loc': '2.5d_chiplet'},{'from': 'Chiplet_3', 'to': 'Chiplet_6', 'connection_type': '2.5d_emib', 'loc': '2.5d_chiplet'},{'from': 'Chiplet_3', 'to': 'Chiplet_2', 'connection_type': '2.5d_emib', 'loc': '2.5d_chiplet'},{'from': 'Chiplet_3', 'to': 'Chiplet_4', 'connection_type': '2.5d_emib', 'loc': '2.5d_chiplet'},{'from': 'Chiplet_2', 'to': 'Chiplet_3', 'connection_type': '2.5d_emib', 'loc': '2.5d_chiplet'},{'from': 'Chiplet_2', 'to': 'Chiplet_6', 'connection_type': '2.5d_emib', 'loc': '2.5d_chiplet'},{'from': 'Chiplet_2', 'to': 'Chiplet_4', 'connection_type': '2.5d_emib', 'loc': '2.5d_chiplet'},{'from': 'Chiplet_4', 'to': 'Chiplet_3', 'connection_type': '2.5d_emib', 'loc': '2.5d_chiplet'},{'from': 'Chiplet_4', 'to': 'Chiplet_2', 'connection_type': '2.5d_emib', 'loc': '2.5d_chiplet'}",1,3,3,1,2,6,hbm3,bow,na,1,0,ws,1,0,0
467,57.42229202685923,4203325.84,90788.02555700715,6845010844.282619,133026.07843137256,214496.250418292,467,0.829831759447044,1.3845915837374998,768,64x64,10,6.975099908490179,6.821646341899999,4096,128x128,14,6.315940422320179,6.821646341899999,3072,128x128,14,0.829831759447044,1.3845915837374998,768,64x64,10,3.5867297574793953,3.8395579270749995,2048,96x96,14,12.799492673176792,15.979573171754398,4096,192x192,14,2.5d,"{'from': 'Chiplet_6', 'to': 'Chiplet_5', 'connection_type': '2.5d_rdl', 'loc': '2.5d_chiplet'},{'from': 'Chiplet_6', 'to': 'Chiplet_2', 'connection_type': '2.5d_rdl', 'loc': '2.5d_chiplet'},{'from': 'Chiplet_5', 'to': 'Chiplet_3', 'connection_type': '2.5d_rdl', 'loc': '2.5d_chiplet'},{'from': 'Chiplet_5', 'to': 'Chiplet_6', 'connection_type': '2.5d_rdl', 'loc': '2.5d_chiplet'},{'from': 'Chiplet_5', 'to': 'Chiplet_2', 'connection_type': '2.5d_rdl', 'loc': '2.5d_chiplet'},{'from': 'Chiplet_2', 'to': 'Chiplet_5', 'connection_type': '2.5d_rdl', 'loc': '2.5d_chiplet'},{'from': 'Chiplet_2', 'to': 'Chiplet_6', 'connection_type': '2.5d_rdl', 'loc': '2.5d_chiplet'},{'from': 'Chiplet_2', 'to': 'Chiplet_4', 'connection_type': '2.5d_rdl', 'loc': '2.5d_chiplet'},{'from': 'Chiplet_2', 'to': 'Chiplet_3', 'connection_type': '2.5d_rdl', 'loc': '2.5d_chiplet'},{'from': 'Chiplet_4', 'to': 'Chiplet_1', 'connection_type': '2.5d_rdl', 'loc': '2.5d_chiplet'},{'from': 'Chiplet_4', 'to': 'Chiplet_2', 'connection_type': '2.5d_rdl', 'loc': '2.5d_chiplet'},{'from': 'Chiplet_3', 'to': 'Chiplet_5', 'connection_type': '2.5d_rdl', 'loc': '2.5d_chiplet'},{'from': 'Chiplet_3', 'to': 'Chiplet_1', 'connection_type': '2.5d_rdl', 'loc': '2.5d_chiplet'},{'from': 'Chiplet_3', 'to': 'Chiplet_2', 'connection_type': '2.5d_rdl', 'loc': '2.5d_chiplet'},{'from': 'Chiplet_1', 'to': 'Chiplet_3', 'connection_type': '2.5d_rdl', 'loc': '2.5d_chiplet'},{'from': 'Chiplet_1', 'to': 'Chiplet_4', 'connection_type': '2.5d_rdl', 'loc': '2.5d_chiplet'}",1,1,1,1,1,3,ddr4,ucie_std,na,1,0,is,0,0,0
468,8.85298515213788,910135.8,28723.543038176504,12415224494.26576,364283.3333333334,294115.28615908703,468,1.304342696,2.51875,2048,96x96,7,0.46559300000000003,1.11875,512,64x64,7,1.4141952089375351,1.7054115854749998,512,64x64,14,1.4141952089375351,1.7054115854749998,512,64x64,14,0.743226759447044,1.3845915837374998,512,64x64,10,0.829831759447044,1.3845915837374998,768,64x64,10,2.5d,"{'from': 'Chiplet_3', 'to': 'Chiplet_1', 'connection_type': '2.5d_rdl', 'loc': '2.5d_chiplet'},{'from': 'Chiplet_3', 'to': 'Chiplet_2', 'connection_type': '2.5d_rdl', 'loc': '2.5d_chiplet'},{'from': 'Chiplet_3', 'to': 'Chiplet_4', 'connection_type': '2.5d_rdl', 'loc': '2.5d_chiplet'},{'from': 'Chiplet_1', 'to': 'Chiplet_3', 'connection_type': '2.5d_rdl', 'loc': '2.5d_chiplet'},{'from': 'Chiplet_1', 'to': 'Chiplet_2', 'connection_type': '2.5d_rdl', 'loc': '2.5d_chiplet'},{'from': 'Chiplet_2', 'to': 'Chiplet_3', 'connection_type': '2.5d_rdl', 'loc': '2.5d_chiplet'},{'from': 'Chiplet_2', 'to': 'Chiplet_1', 'connection_type': '2.5d_rdl', 'loc': '2.5d_chiplet'},{'from': 'Chiplet_4', 'to': 'Chiplet_5', 'connection_type': '2.5d_rdl', 'loc': '2.5d_chiplet'},{'from': 'Chiplet_4', 'to': 'Chiplet_3', 'connection_type': '2.5d_rdl', 'loc': '2.5d_chiplet'},{'from': 'Chiplet_4', 'to': 'Chiplet_6', 'connection_type': '2.5d_rdl', 'loc': '2.5d_chiplet'},{'from': 'Chiplet_6', 'to': 'Chiplet_5', 'connection_type': '2.5d_rdl', 'loc': '2.5d_chiplet'},{'from': 'Chiplet_6', 'to': 'Chiplet_4', 'connection_type': '2.5d_rdl', 'loc': '2.5d_chiplet'},{'from': 'Chiplet_5', 'to': 'Chiplet_6', 'connection_type': '2.5d_rdl', 'loc': '2.5d_chiplet'},{'from': 'Chiplet_5', 'to': 'Chiplet_4', 'connection_type': '2.5d_rdl', 'loc': '2.5d_chiplet'}",1,1,2,2,1,1,ddr4,ucie_std,na,1,0,ws,0,0,0
469,10.470764610424377,2507747.57,70841.1441367924,4797273104.744049,165521.25307125307,198393.23951227227,469,0.957922696,2.51875,1024,96x96,7,6.033899457366197,12.973514847541198,2048,192x192,10,0.784712696,2.51875,512,96x96,7,7.419580457366196,12.973514847541198,6144,192x192,10,0.656621759447044,1.3845915837374998,256,64x64,10,3.2571509657793953,3.8395579270749995,1536,96x96,14,2.5d_3d,"{'from': 'Chiplet_4', 'to': 'Chiplet_2', 'connection_type': '3d_tsv', 'loc': 'stack0_base'},{'from': 'Chiplet_2', 'to': 'Chiplet_6', 'connection_type': '3d_tsv', 'loc': 'stack0_middle1'},{'from': 'Chiplet_6', 'to': 'Chiplet_3', 'connection_type': '3d_tsv', 'loc': 'stack0_middle2'},{'from': 'Chiplet_3', 'to': 'Chiplet_5', 'connection_type': '3d_tsv', 'loc': 'stack0_middle3'},{'from': 'Chiplet_5', 'to': 'na', 'connection_type': '3d_tsv', 'loc': 'stack0_top'},{'from': 'Chiplet_4', 'to': 'Chiplet_1', 'connection_type': '2.5d_rdl', 'loc': '2.5d_chiplet'},{'from': 'Chiplet_1', 'to': 'Chiplet_4', 'connection_type': '2.5d_rdl', 'loc': '2.5d_chiplet'}",1,2,1,2,1,1,ddr5,ucie_std,ucie_3d,0,0,is,0,0,0
470,17.02500407837328,2443014.16,134249.61919619137,6460772233.334268,86105.74986751458,158389.6907630702,470,6.726740457366197,12.973514847541198,4096,192x192,10,0.638803,1.11875,1024,64x64,7,0.46559300000000003,1.11875,512,64x64,7,1.7117881800824635,3.1172648505374996,1536,96x96,10,3.665749090547913,5.538366334949999,4096,128x128,10,0.46559300000000003,1.11875,512,64x64,7,2.5d_3d,"{'from': 'Chiplet_4', 'to': 'Chiplet_6', 'connection_type': '3d_hyb_bond', 'loc': 'stack0_base'},{'from': 'Chiplet_6', 'to': 'na', 'connection_type': '3d_hyb_bond', 'loc': 'stack0_top'},{'from': 'Chiplet_1', 'to': 'Chiplet_5', 'connection_type': '2.5d_emib', 'loc': '2.5d_chiplet'},{'from': 'Chiplet_1', 'to': 'Chiplet_4', 'connection_type': '2.5d_emib', 'loc': '2.5d_chiplet'},{'from': 'Chiplet_5', 'to': 'Chiplet_1', 'connection_type': '2.5d_emib', 'loc': '2.5d_chiplet'},{'from': 'Chiplet_5', 'to': 'Chiplet_2', 'connection_type': '2.5d_emib', 'loc': '2.5d_chiplet'},{'from': 'Chiplet_5', 'to': 'Chiplet_4', 'connection_type': '2.5d_emib', 'loc': '2.5d_chiplet'},{'from': 'Chiplet_4', 'to': 'Chiplet_5', 'connection_type': '2.5d_emib', 'loc': '2.5d_chiplet'},{'from': 'Chiplet_4', 'to': 'Chiplet_3', 'connection_type': '2.5d_emib', 'loc': '2.5d_chiplet'},{'from': 'Chiplet_4', 'to': 'Chiplet_1', 'connection_type': '2.5d_emib', 'loc': '2.5d_chiplet'},{'from': 'Chiplet_4', 'to': 'Chiplet_2', 'connection_type': '2.5d_emib', 'loc': '2.5d_chiplet'},{'from': 'Chiplet_2', 'to': 'Chiplet_5', 'connection_type': '2.5d_emib', 'loc': '2.5d_chiplet'},{'from': 'Chiplet_2', 'to': 'Chiplet_4', 'connection_type': '2.5d_emib', 'loc': '2.5d_chiplet'},{'from': 'Chiplet_2', 'to': 'Chiplet_3', 'connection_type': '2.5d_emib', 'loc': '2.5d_chiplet'},{'from': 'Chiplet_3', 'to': 'Chiplet_2', 'connection_type': '2.5d_emib', 'loc': '2.5d_chiplet'},{'from': 'Chiplet_3', 'to': 'Chiplet_4', 'connection_type': '2.5d_emib', 'loc': '2.5d_chiplet'}",3,1,1,1,1,1,ddr4,bow,ucie_3d,1,0,os,0,0,0
471,15.27144037558376,1766536.93,48623.85817429353,9993752335.831654,246816.1111111111,270328.1476221144,471,2.927572174079395,3.8395579270749995,1024,96x96,14,6.315940422320179,6.821646341899999,3072,128x128,14,1.3653681800824635,3.1172648505374996,512,96x96,10,0.829831759447044,1.3845915837374998,768,64x64,10,0.829831759447044,1.3845915837374998,768,64x64,10,0.784712696,2.51875,512,96x96,7,2.5d_3d,"{'from': 'Chiplet_1', 'to': 'Chiplet_4', 'connection_type': '3d_u_bump', 'loc': 'stack0_base'},{'from': 'Chiplet_4', 'to': 'Chiplet_5', 'connection_type': '3d_u_bump', 'loc': 'stack0_middle1'},{'from': 'Chiplet_5', 'to': 'Chiplet_6', 'connection_type': '3d_u_bump', 'loc': 'stack0_middle2'},{'from': 'Chiplet_6', 'to': 'na', 'connection_type': '3d_u_bump', 'loc': 'stack0_top'},{'from': 'Chiplet_2', 'to': 'Chiplet_3', 'connection_type': '2.5d_rdl', 'loc': '2.5d_chiplet'},{'from': 'Chiplet_2', 'to': 'Chiplet_1', 'connection_type': '2.5d_rdl', 'loc': '2.5d_chiplet'},{'from': 'Chiplet_1', 'to': 'Chiplet_3', 'connection_type': '2.5d_rdl', 'loc': '2.5d_chiplet'},{'from': 'Chiplet_1', 'to': 'Chiplet_2', 'connection_type': '2.5d_rdl', 'loc': '2.5d_chiplet'},{'from': 'Chiplet_3', 'to': 'Chiplet_1', 'connection_type': '2.5d_rdl', 'loc': '2.5d_chiplet'},{'from': 'Chiplet_3', 'to': 'Chiplet_2', 'connection_type': '2.5d_rdl', 'loc': '2.5d_chiplet'}",1,3,1,1,1,1,ddr4,ucie_std,ucie_3d,1,0,is,0,0,0
472,31.56163374490489,3264359.93,176898.98764289092,4957989422.097975,83940.74572127139,144234.84513464913,472,0.829831759447044,1.3845915837374998,768,64x64,10,1.578984604787535,1.7054115854749998,768,64x64,14,15.436124909546791,15.979573171754398,8192,192x192,14,3.432469952,10.4826,2048,192x192,7,1.4141952089375351,1.7054115854749998,512,64x64,14,1.7117881800824635,3.1172648505374996,1536,96x96,10,2.5d,"{'from': 'Chiplet_3', 'to': 'Chiplet_6', 'connection_type': '2.5d_emib', 'loc': '2.5d_chiplet'},{'from': 'Chiplet_3', 'to': 'Chiplet_4', 'connection_type': '2.5d_emib', 'loc': '2.5d_chiplet'},{'from': 'Chiplet_4', 'to': 'Chiplet_3', 'connection_type': '2.5d_emib', 'loc': '2.5d_chiplet'},{'from': 'Chiplet_4', 'to': 'Chiplet_1', 'connection_type': '2.5d_emib', 'loc': '2.5d_chiplet'},{'from': 'Chiplet_4', 'to': 'Chiplet_6', 'connection_type': '2.5d_emib', 'loc': '2.5d_chiplet'},{'from': 'Chiplet_4', 'to': 'Chiplet_2', 'connection_type': '2.5d_emib', 'loc': '2.5d_chiplet'},{'from': 'Chiplet_1', 'to': 'Chiplet_2', 'connection_type': '2.5d_emib', 'loc': '2.5d_chiplet'},{'from': 'Chiplet_1', 'to': 'Chiplet_4', 'connection_type': '2.5d_emib', 'loc': '2.5d_chiplet'},{'from': 'Chiplet_6', 'to': 'Chiplet_5', 'connection_type': '2.5d_emib', 'loc': '2.5d_chiplet'},{'from': 'Chiplet_6', 'to': 'Chiplet_3', 'connection_type': '2.5d_emib', 'loc': '2.5d_chiplet'},{'from': 'Chiplet_6', 'to': 'Chiplet_2', 'connection_type': '2.5d_emib', 'loc': '2.5d_chiplet'},{'from': 'Chiplet_6', 'to': 'Chiplet_4', 'connection_type': '2.5d_emib', 'loc': '2.5d_chiplet'},{'from': 'Chiplet_2', 'to': 'Chiplet_5', 'connection_type': '2.5d_emib', 'loc': '2.5d_chiplet'},{'from': 'Chiplet_2', 'to': 'Chiplet_1', 'connection_type': '2.5d_emib', 'loc': '2.5d_chiplet'},{'from': 'Chiplet_2', 'to': 'Chiplet_6', 'connection_type': '2.5d_emib', 'loc': '2.5d_chiplet'},{'from': 'Chiplet_2', 'to': 'Chiplet_4', 'connection_type': '2.5d_emib', 'loc': '2.5d_chiplet'},{'from': 'Chiplet_5', 'to': 'Chiplet_6', 'connection_type': '2.5d_emib', 'loc': '2.5d_chiplet'},{'from': 'Chiplet_5', 'to': 'Chiplet_2', 'connection_type': '2.5d_emib', 'loc': '2.5d_chiplet'}",1,1,3,1,1,1,ddr5,bow,na,1,0,ws,0,0,0
473,34.92519996321491,3998791.72,91242.72556810446,2017904255.9091568,576913.2993880226,423596.73902815394,473,4.9976252555201786,6.821646341899999,1024,128x128,14,0.46559300000000003,1.11875,512,64x64,7,1.86237254,4.475,2048,128x128,7,2.972908090547913,5.538366334949999,2048,128x128,10,0.957922696,2.51875,1024,96x96,7,15.436124909546791,15.979573171754398,8192,192x192,14,2.5d,"{'from': 'Chiplet_6', 'to': 'Chiplet_1', 'connection_type': '2.5d_rdl', 'loc': '2.5d_chiplet'},{'from': 'Chiplet_6', 'to': 'Chiplet_4', 'connection_type': '2.5d_rdl', 'loc': '2.5d_chiplet'},{'from': 'Chiplet_1', 'to': 'Chiplet_3', 'connection_type': '2.5d_rdl', 'loc': '2.5d_chiplet'},{'from': 'Chiplet_1', 'to': 'Chiplet_6', 'connection_type': '2.5d_rdl', 'loc': '2.5d_chiplet'},{'from': 'Chiplet_1', 'to': 'Chiplet_2', 'connection_type': '2.5d_rdl', 'loc': '2.5d_chiplet'},{'from': 'Chiplet_1', 'to': 'Chiplet_4', 'connection_type': '2.5d_rdl', 'loc': '2.5d_chiplet'},{'from': 'Chiplet_2', 'to': 'Chiplet_3', 'connection_type': '2.5d_rdl', 'loc': '2.5d_chiplet'},{'from': 'Chiplet_2', 'to': 'Chiplet_1', 'connection_type': '2.5d_rdl', 'loc': '2.5d_chiplet'},{'from': 'Chiplet_4', 'to': 'Chiplet_5', 'connection_type': '2.5d_rdl', 'loc': '2.5d_chiplet'},{'from': 'Chiplet_4', 'to': 'Chiplet_3', 'connection_type': '2.5d_rdl', 'loc': '2.5d_chiplet'},{'from': 'Chiplet_4', 'to': 'Chiplet_1', 'connection_type': '2.5d_rdl', 'loc': '2.5d_chiplet'},{'from': 'Chiplet_4', 'to': 'Chiplet_6', 'connection_type': '2.5d_rdl', 'loc': '2.5d_chiplet'},{'from': 'Chiplet_3', 'to': 'Chiplet_5', 'connection_type': '2.5d_rdl', 'loc': '2.5d_chiplet'},{'from': 'Chiplet_3', 'to': 'Chiplet_1', 'connection_type': '2.5d_rdl', 'loc': '2.5d_chiplet'},{'from': 'Chiplet_3', 'to': 'Chiplet_2', 'connection_type': '2.5d_rdl', 'loc': '2.5d_chiplet'},{'from': 'Chiplet_3', 'to': 'Chiplet_4', 'connection_type': '2.5d_rdl', 'loc': '2.5d_chiplet'},{'from': 'Chiplet_5', 'to': 'Chiplet_3', 'connection_type': '2.5d_rdl', 'loc': '2.5d_chiplet'},{'from': 'Chiplet_5', 'to': 'Chiplet_4', 'connection_type': '2.5d_rdl', 'loc': '2.5d_chiplet'}",3,1,1,1,1,9,hbm3,ucie_std,na,0,0,os,1,0,0
474,21.127186169213548,2948246.61,67354.819068094,1594017762.6237183,668881.4247862647,445023.8438277362,474,4.1253109519999995,10.4826,4096,192x192,7,0.829831759447044,1.3845915837374998,768,64x64,10,0.829831759447044,1.3845915837374998,768,64x64,10,1.51595254,4.475,1024,128x128,7,1.3653681800824635,3.1172648505374996,512,96x96,10,6.033899457366197,12.973514847541198,2048,192x192,10,2.5d,"{'from': 'Chiplet_6', 'to': 'Chiplet_3', 'connection_type': '2.5d_rdl', 'loc': '2.5d_chiplet'},{'from': 'Chiplet_6', 'to': 'Chiplet_1', 'connection_type': '2.5d_rdl', 'loc': '2.5d_chiplet'},{'from': 'Chiplet_6', 'to': 'Chiplet_2', 'connection_type': '2.5d_rdl', 'loc': '2.5d_chiplet'},{'from': 'Chiplet_6', 'to': 'Chiplet_4', 'connection_type': '2.5d_rdl', 'loc': '2.5d_chiplet'},{'from': 'Chiplet_2', 'to': 'Chiplet_3', 'connection_type': '2.5d_rdl', 'loc': '2.5d_chiplet'},{'from': 'Chiplet_2', 'to': 'Chiplet_6', 'connection_type': '2.5d_rdl', 'loc': '2.5d_chiplet'},{'from': 'Chiplet_3', 'to': 'Chiplet_6', 'connection_type': '2.5d_rdl', 'loc': '2.5d_chiplet'},{'from': 'Chiplet_3', 'to': 'Chiplet_2', 'connection_type': '2.5d_rdl', 'loc': '2.5d_chiplet'},{'from': 'Chiplet_1', 'to': 'Chiplet_5', 'connection_type': '2.5d_rdl', 'loc': '2.5d_chiplet'},{'from': 'Chiplet_1', 'to': 'Chiplet_6', 'connection_type': '2.5d_rdl', 'loc': '2.5d_chiplet'},{'from': 'Chiplet_1', 'to': 'Chiplet_4', 'connection_type': '2.5d_rdl', 'loc': '2.5d_chiplet'},{'from': 'Chiplet_4', 'to': 'Chiplet_5', 'connection_type': '2.5d_rdl', 'loc': '2.5d_chiplet'},{'from': 'Chiplet_4', 'to': 'Chiplet_1', 'connection_type': '2.5d_rdl', 'loc': '2.5d_chiplet'},{'from': 'Chiplet_4', 'to': 'Chiplet_6', 'connection_type': '2.5d_rdl', 'loc': '2.5d_chiplet'},{'from': 'Chiplet_5', 'to': 'Chiplet_1', 'connection_type': '2.5d_rdl', 'loc': '2.5d_chiplet'},{'from': 'Chiplet_5', 'to': 'Chiplet_4', 'connection_type': '2.5d_rdl', 'loc': '2.5d_chiplet'}",4,1,1,2,1,7,hbm2,ucie_std,na,0,0,os,1,0,0
475,35.192179220142606,4995728.61,165885.98994692235,1595315363.4369743,696726.8934835586,629719.3251859521,475,0.784712696,2.51875,512,96x96,7,6.033899457366197,12.973514847541198,2048,192x192,10,6.315940422320179,6.821646341899999,3072,128x128,14,6.726740457366197,12.973514847541198,4096,192x192,10,4.1253109519999995,10.4826,4096,192x192,7,0.378988,1.11875,256,64x64,7,2.5d_3d,"{'from': 'Chiplet_1', 'to': 'Chiplet_6', 'connection_type': '3d_tsv', 'loc': 'stack0_base'},{'from': 'Chiplet_6', 'to': 'na', 'connection_type': '3d_tsv', 'loc': 'stack0_top'},{'from': 'Chiplet_4', 'to': 'Chiplet_5', 'connection_type': '2.5d_emib', 'loc': '2.5d_chiplet'},{'from': 'Chiplet_4', 'to': 'Chiplet_3', 'connection_type': '2.5d_emib', 'loc': '2.5d_chiplet'},{'from': 'Chiplet_4', 'to': 'Chiplet_1', 'connection_type': '2.5d_emib', 'loc': '2.5d_chiplet'},{'from': 'Chiplet_5', 'to': 'Chiplet_1', 'connection_type': '2.5d_emib', 'loc': '2.5d_chiplet'},{'from': 'Chiplet_5', 'to': 'Chiplet_4', 'connection_type': '2.5d_emib', 'loc': '2.5d_chiplet'},{'from': 'Chiplet_1', 'to': 'Chiplet_5', 'connection_type': '2.5d_emib', 'loc': '2.5d_chiplet'},{'from': 'Chiplet_1', 'to': 'Chiplet_2', 'connection_type': '2.5d_emib', 'loc': '2.5d_chiplet'},{'from': 'Chiplet_1', 'to': 'Chiplet_4', 'connection_type': '2.5d_emib', 'loc': '2.5d_chiplet'},{'from': 'Chiplet_3', 'to': 'Chiplet_2', 'connection_type': '2.5d_emib', 'loc': '2.5d_chiplet'},{'from': 'Chiplet_3', 'to': 'Chiplet_4', 'connection_type': '2.5d_emib', 'loc': '2.5d_chiplet'},{'from': 'Chiplet_2', 'to': 'Chiplet_3', 'connection_type': '2.5d_emib', 'loc': '2.5d_chiplet'},{'from': 'Chiplet_2', 'to': 'Chiplet_1', 'connection_type': '2.5d_emib', 'loc': '2.5d_chiplet'}",1,4,4,4,2,1,hbm3,ucie_adv,ucie_3d,1,0,os,1,0,0
476,25.92859853937468,2635154.9,164308.02283116154,4562669101.443632,1446410.3637747017,772363.162819181,476,2.927572174079395,3.8395579270749995,1024,96x96,14,0.656621759447044,1.3845915837374998,256,64x64,10,2.55521354,4.475,4096,128x128,7,5.656782838920179,6.821646341899999,2048,128x128,14,3.665749090547913,5.538366334949999,4096,128x128,10,3.5867297574793953,3.8395579270749995,2048,96x96,14,2.5d,"{'from': 'Chiplet_4', 'to': 'Chiplet_5', 'connection_type': '2.5d_emib', 'loc': '2.5d_chiplet'},{'from': 'Chiplet_4', 'to': 'Chiplet_1', 'connection_type': '2.5d_emib', 'loc': '2.5d_chiplet'},{'from': 'Chiplet_4', 'to': 'Chiplet_6', 'connection_type': '2.5d_emib', 'loc': '2.5d_chiplet'},{'from': 'Chiplet_4', 'to': 'Chiplet_2', 'connection_type': '2.5d_emib', 'loc': '2.5d_chiplet'},{'from': 'Chiplet_1', 'to': 'Chiplet_2', 'connection_type': '2.5d_emib', 'loc': '2.5d_chiplet'},{'from': 'Chiplet_1', 'to': 'Chiplet_4', 'connection_type': '2.5d_emib', 'loc': '2.5d_chiplet'},{'from': 'Chiplet_2', 'to': 'Chiplet_1', 'connection_type': '2.5d_emib', 'loc': '2.5d_chiplet'},{'from': 'Chiplet_2', 'to': 'Chiplet_4', 'connection_type': '2.5d_emib', 'loc': '2.5d_chiplet'},{'from': 'Chiplet_5', 'to': 'Chiplet_3', 'connection_type': '2.5d_emib', 'loc': '2.5d_chiplet'},{'from': 'Chiplet_5', 'to': 'Chiplet_6', 'connection_type': '2.5d_emib', 'loc': '2.5d_chiplet'},{'from': 'Chiplet_5', 'to': 'Chiplet_4', 'connection_type': '2.5d_emib', 'loc': '2.5d_chiplet'},{'from': 'Chiplet_6', 'to': 'Chiplet_5', 'connection_type': '2.5d_emib', 'loc': '2.5d_chiplet'},{'from': 'Chiplet_6', 'to': 'Chiplet_3', 'connection_type': '2.5d_emib', 'loc': '2.5d_chiplet'},{'from': 'Chiplet_6', 'to': 'Chiplet_4', 'connection_type': '2.5d_emib', 'loc': '2.5d_chiplet'},{'from': 'Chiplet_3', 'to': 'Chiplet_5', 'connection_type': '2.5d_emib', 'loc': '2.5d_chiplet'},{'from': 'Chiplet_3', 'to': 'Chiplet_6', 'connection_type': '2.5d_emib', 'loc': '2.5d_chiplet'}",1,1,1,2,2,1,ddr5,aib,na,0,0,ws,1,0,0
477,54.814463571431524,4905272.97,112514.51363661897,3636064065.980607,478403.10323307174,518440.37723163003,477,0.552198,1.11875,768,64x64,7,7.419580457366196,12.973514847541198,6144,192x192,10,2.927572174079395,3.8395579270749995,1024,96x96,14,12.799492673176792,15.979573171754398,4096,192x192,14,8.112421457366196,12.973514847541198,8192,192x192,10,1.51595254,4.475,1024,128x128,7,2.5d,"{'from': 'Chiplet_4', 'to': 'Chiplet_5', 'connection_type': '2.5d_rdl', 'loc': '2.5d_chiplet'},{'from': 'Chiplet_4', 'to': 'Chiplet_1', 'connection_type': '2.5d_rdl', 'loc': '2.5d_chiplet'},{'from': 'Chiplet_4', 'to': 'Chiplet_2', 'connection_type': '2.5d_rdl', 'loc': '2.5d_chiplet'},{'from': 'Chiplet_4', 'to': 'Chiplet_3', 'connection_type': '2.5d_rdl', 'loc': '2.5d_chiplet'},{'from': 'Chiplet_3', 'to': 'Chiplet_1', 'connection_type': '2.5d_rdl', 'loc': '2.5d_chiplet'},{'from': 'Chiplet_3', 'to': 'Chiplet_4', 'connection_type': '2.5d_rdl', 'loc': '2.5d_chiplet'},{'from': 'Chiplet_1', 'to': 'Chiplet_3', 'connection_type': '2.5d_rdl', 'loc': '2.5d_chiplet'},{'from': 'Chiplet_1', 'to': 'Chiplet_4', 'connection_type': '2.5d_rdl', 'loc': '2.5d_chiplet'},{'from': 'Chiplet_5', 'to': 'Chiplet_6', 'connection_type': '2.5d_rdl', 'loc': '2.5d_chiplet'},{'from': 'Chiplet_5', 'to': 'Chiplet_2', 'connection_type': '2.5d_rdl', 'loc': '2.5d_chiplet'},{'from': 'Chiplet_5', 'to': 'Chiplet_4', 'connection_type': '2.5d_rdl', 'loc': '2.5d_chiplet'},{'from': 'Chiplet_2', 'to': 'Chiplet_5', 'connection_type': '2.5d_rdl', 'loc': '2.5d_chiplet'},{'from': 'Chiplet_2', 'to': 'Chiplet_6', 'connection_type': '2.5d_rdl', 'loc': '2.5d_chiplet'},{'from': 'Chiplet_2', 'to': 'Chiplet_4', 'connection_type': '2.5d_rdl', 'loc': '2.5d_chiplet'},{'from': 'Chiplet_6', 'to': 'Chiplet_5', 'connection_type': '2.5d_rdl', 'loc': '2.5d_chiplet'},{'from': 'Chiplet_6', 'to': 'Chiplet_2', 'connection_type': '2.5d_rdl', 'loc': '2.5d_chiplet'}",1,1,1,3,1,1,ddr5,ucie_std,na,1,0,ws,1,0,0
478,62.373847770926496,7735660.58,189807.30073826446,1986805776.554951,218177.9526182958,276792.23577436205,478,1.8849981800824636,3.1172648505374996,2048,96x96,10,6.033899457366197,12.973514847541198,2048,192x192,10,11.481175603606792,15.979573171754398,2048,192x192,14,15.436124909546791,15.979573171754398,8192,192x192,14,0.916436759447044,1.3845915837374998,1024,64x64,10,3.432469952,10.4826,2048,192x192,7,2.5d_3d,"{'from': 'Chiplet_6', 'to': 'Chiplet_5', 'connection_type': '3d_hyb_bond', 'loc': 'stack0_base'},{'from': 'Chiplet_5', 'to': 'na', 'connection_type': '3d_hyb_bond', 'loc': 'stack0_top'},{'from': 'Chiplet_4', 'to': 'Chiplet_3', 'connection_type': '2.5d_emib', 'loc': '2.5d_chiplet'},{'from': 'Chiplet_4', 'to': 'Chiplet_6', 'connection_type': '2.5d_emib', 'loc': '2.5d_chiplet'},{'from': 'Chiplet_4', 'to': 'Chiplet_2', 'connection_type': '2.5d_emib', 'loc': '2.5d_chiplet'},{'from': 'Chiplet_6', 'to': 'Chiplet_2', 'connection_type': '2.5d_emib', 'loc': '2.5d_chiplet'},{'from': 'Chiplet_6', 'to': 'Chiplet_4', 'connection_type': '2.5d_emib', 'loc': '2.5d_chiplet'},{'from': 'Chiplet_3', 'to': 'Chiplet_1', 'connection_type': '2.5d_emib', 'loc': '2.5d_chiplet'},{'from': 'Chiplet_3', 'to': 'Chiplet_2', 'connection_type': '2.5d_emib', 'loc': '2.5d_chiplet'},{'from': 'Chiplet_3', 'to': 'Chiplet_4', 'connection_type': '2.5d_emib', 'loc': '2.5d_chiplet'},{'from': 'Chiplet_2', 'to': 'Chiplet_3', 'connection_type': '2.5d_emib', 'loc': '2.5d_chiplet'},{'from': 'Chiplet_2', 'to': 'Chiplet_1', 'connection_type': '2.5d_emib', 'loc': '2.5d_chiplet'},{'from': 'Chiplet_2', 'to': 'Chiplet_6', 'connection_type': '2.5d_emib', 'loc': '2.5d_chiplet'},{'from': 'Chiplet_2', 'to': 'Chiplet_4', 'connection_type': '2.5d_emib', 'loc': '2.5d_chiplet'},{'from': 'Chiplet_1', 'to': 'Chiplet_3', 'connection_type': '2.5d_emib', 'loc': '2.5d_chiplet'},{'from': 'Chiplet_1', 'to': 'Chiplet_2', 'connection_type': '2.5d_emib', 'loc': '2.5d_chiplet'}",1,2,5,6,1,1,hbm2,aib,ucie_3d,1,0,os,1,0,0
479,29.036999819578348,4041341.17,149388.98680068357,2185457445.920303,66596.49572649573,77837.11703251586,479,1.51595254,4.475,1024,128x128,7,14.117807839976791,15.979573171754398,6144,192x192,14,0.957922696,2.51875,1024,96x96,7,0.638803,1.11875,1024,64x64,7,3.665749090547913,5.538366334949999,4096,128x128,10,0.378988,1.11875,256,64x64,7,2.5d_3d,"{'from': 'Chiplet_1', 'to': 'Chiplet_3', 'connection_type': '3d_hyb_bond', 'loc': 'stack0_base'},{'from': 'Chiplet_3', 'to': 'na', 'connection_type': '3d_hyb_bond', 'loc': 'stack0_top'},{'from': 'Chiplet_2', 'to': 'Chiplet_5', 'connection_type': '2.5d_emib', 'loc': '2.5d_chiplet'},{'from': 'Chiplet_2', 'to': 'Chiplet_1', 'connection_type': '2.5d_emib', 'loc': '2.5d_chiplet'},{'from': 'Chiplet_5', 'to': 'Chiplet_1', 'connection_type': '2.5d_emib', 'loc': '2.5d_chiplet'},{'from': 'Chiplet_5', 'to': 'Chiplet_2', 'connection_type': '2.5d_emib', 'loc': '2.5d_chiplet'},{'from': 'Chiplet_5', 'to': 'Chiplet_4', 'connection_type': '2.5d_emib', 'loc': '2.5d_chiplet'},{'from': 'Chiplet_1', 'to': 'Chiplet_5', 'connection_type': '2.5d_emib', 'loc': '2.5d_chiplet'},{'from': 'Chiplet_1', 'to': 'Chiplet_6', 'connection_type': '2.5d_emib', 'loc': '2.5d_chiplet'},{'from': 'Chiplet_1', 'to': 'Chiplet_2', 'connection_type': '2.5d_emib', 'loc': '2.5d_chiplet'},{'from': 'Chiplet_1', 'to': 'Chiplet_4', 'connection_type': '2.5d_emib', 'loc': '2.5d_chiplet'},{'from': 'Chiplet_4', 'to': 'Chiplet_5', 'connection_type': '2.5d_emib', 'loc': '2.5d_chiplet'},{'from': 'Chiplet_4', 'to': 'Chiplet_1', 'connection_type': '2.5d_emib', 'loc': '2.5d_chiplet'},{'from': 'Chiplet_4', 'to': 'Chiplet_6', 'connection_type': '2.5d_emib', 'loc': '2.5d_chiplet'},{'from': 'Chiplet_6', 'to': 'Chiplet_1', 'connection_type': '2.5d_emib', 'loc': '2.5d_chiplet'},{'from': 'Chiplet_6', 'to': 'Chiplet_4', 'connection_type': '2.5d_emib', 'loc': '2.5d_chiplet'}",1,10,1,1,2,1,hbm3,aib,ucie_3d,0,0,os,0,0,0
480,24.794675439576285,3407236.86,116458.86227161154,4090621610.310363,220736.34880593015,248723.90814310644,480,0.829831759447044,1.3845915837374998,768,64x64,10,3.5867297574793953,3.8395579270749995,2048,96x96,14,3.432469952,10.4826,2048,192x192,7,2.6264880905479133,5.538366334949999,1024,128x128,10,11.481175603606792,15.979573171754398,2048,192x192,14,2.6264880905479133,5.538366334949999,1024,128x128,10,2.5d_3d,"{'from': 'Chiplet_5', 'to': 'Chiplet_3', 'connection_type': '3d_tsv', 'loc': 'stack0_base'},{'from': 'Chiplet_3', 'to': 'Chiplet_6', 'connection_type': '3d_tsv', 'loc': 'stack0_middle1'},{'from': 'Chiplet_6', 'to': 'Chiplet_1', 'connection_type': '3d_tsv', 'loc': 'stack0_middle2'},{'from': 'Chiplet_1', 'to': 'na', 'connection_type': '3d_tsv', 'loc': 'stack0_top'},{'from': 'Chiplet_5', 'to': 'Chiplet_2', 'connection_type': '2.5d_emib', 'loc': '2.5d_chiplet'},{'from': 'Chiplet_5', 'to': 'Chiplet_4', 'connection_type': '2.5d_emib', 'loc': '2.5d_chiplet'},{'from': 'Chiplet_2', 'to': 'Chiplet_5', 'connection_type': '2.5d_emib', 'loc': '2.5d_chiplet'},{'from': 'Chiplet_2', 'to': 'Chiplet_4', 'connection_type': '2.5d_emib', 'loc': '2.5d_chiplet'},{'from': 'Chiplet_4', 'to': 'Chiplet_5', 'connection_type': '2.5d_emib', 'loc': '2.5d_chiplet'},{'from': 'Chiplet_4', 'to': 'Chiplet_2', 'connection_type': '2.5d_emib', 'loc': '2.5d_chiplet'}",1,1,1,1,3,1,ddr4,bow,ucie_3d,0,0,ws,1,0,0
481,15.284341052110744,2352375.46,97894.03004911172,3209959720.212786,206199.60249391085,154144.86029781494,481,0.916436759447044,1.3845915837374998,1024,64x64,10,1.7117881800824635,3.1172648505374996,1536,96x96,10,1.5385781800824634,3.1172648505374996,1024,96x96,10,7.419580457366196,12.973514847541198,6144,192x192,10,0.916436759447044,1.3845915837374998,1024,64x64,10,1.8849981800824636,3.1172648505374996,2048,96x96,10,2.5d_3d,"{'from': 'Chiplet_4', 'to': 'Chiplet_3', 'connection_type': '3d_hyb_bond', 'loc': 'stack0_base'},{'from': 'Chiplet_3', 'to': 'Chiplet_5', 'connection_type': '3d_hyb_bond', 'loc': 'stack0_middle1'},{'from': 'Chiplet_5', 'to': 'Chiplet_1', 'connection_type': '3d_hyb_bond', 'loc': 'stack0_middle2'},{'from': 'Chiplet_1', 'to': 'na', 'connection_type': '3d_hyb_bond', 'loc': 'stack0_top'},{'from': 'Chiplet_4', 'to': 'Chiplet_6', 'connection_type': '2.5d_emib', 'loc': '2.5d_chiplet'},{'from': 'Chiplet_4', 'to': 'Chiplet_2', 'connection_type': '2.5d_emib', 'loc': '2.5d_chiplet'},{'from': 'Chiplet_6', 'to': 'Chiplet_2', 'connection_type': '2.5d_emib', 'loc': '2.5d_chiplet'},{'from': 'Chiplet_6', 'to': 'Chiplet_4', 'connection_type': '2.5d_emib', 'loc': '2.5d_chiplet'},{'from': 'Chiplet_2', 'to': 'Chiplet_6', 'connection_type': '2.5d_emib', 'loc': '2.5d_chiplet'},{'from': 'Chiplet_2', 'to': 'Chiplet_4', 'connection_type': '2.5d_emib', 'loc': '2.5d_chiplet'}",1,1,1,3,1,1,ddr5,ucie_adv,ucie_3d,1,0,os,1,0,0
482,68.20374162623617,6458373.59,228983.656978415,4018921569.5333185,646667.9014259707,749616.4624067461,482,4.818150952,10.4826,6144,192x192,7,15.436124909546791,15.979573171754398,8192,192x192,14,2.55521354,4.475,4096,128x128,7,6.975099908490179,6.821646341899999,4096,128x128,14,12.799492673176792,15.979573171754398,4096,192x192,14,1.8849981800824636,3.1172648505374996,2048,96x96,10,2.5d,"{'from': 'Chiplet_2', 'to': 'Chiplet_5', 'connection_type': '2.5d_emib', 'loc': '2.5d_chiplet'},{'from': 'Chiplet_2', 'to': 'Chiplet_1', 'connection_type': '2.5d_emib', 'loc': '2.5d_chiplet'},{'from': 'Chiplet_2', 'to': 'Chiplet_6', 'connection_type': '2.5d_emib', 'loc': '2.5d_chiplet'},{'from': 'Chiplet_2', 'to': 'Chiplet_4', 'connection_type': '2.5d_emib', 'loc': '2.5d_chiplet'},{'from': 'Chiplet_1', 'to': 'Chiplet_6', 'connection_type': '2.5d_emib', 'loc': '2.5d_chiplet'},{'from': 'Chiplet_1', 'to': 'Chiplet_2', 'connection_type': '2.5d_emib', 'loc': '2.5d_chiplet'},{'from': 'Chiplet_6', 'to': 'Chiplet_1', 'connection_type': '2.5d_emib', 'loc': '2.5d_chiplet'},{'from': 'Chiplet_6', 'to': 'Chiplet_2', 'connection_type': '2.5d_emib', 'loc': '2.5d_chiplet'},{'from': 'Chiplet_5', 'to': 'Chiplet_3', 'connection_type': '2.5d_emib', 'loc': '2.5d_chiplet'},{'from': 'Chiplet_5', 'to': 'Chiplet_2', 'connection_type': '2.5d_emib', 'loc': '2.5d_chiplet'},{'from': 'Chiplet_5', 'to': 'Chiplet_4', 'connection_type': '2.5d_emib', 'loc': '2.5d_chiplet'},{'from': 'Chiplet_4', 'to': 'Chiplet_5', 'connection_type': '2.5d_emib', 'loc': '2.5d_chiplet'},{'from': 'Chiplet_4', 'to': 'Chiplet_3', 'connection_type': '2.5d_emib', 'loc': '2.5d_chiplet'},{'from': 'Chiplet_4', 'to': 'Chiplet_2', 'connection_type': '2.5d_emib', 'loc': '2.5d_chiplet'},{'from': 'Chiplet_3', 'to': 'Chiplet_5', 'connection_type': '2.5d_emib', 'loc': '2.5d_chiplet'},{'from': 'Chiplet_3', 'to': 'Chiplet_4', 'connection_type': '2.5d_emib', 'loc': '2.5d_chiplet'}",1,2,1,1,2,1,ddr5,aib,na,0,0,is,1,0,0
483,41.8254828617943,5254282.81,96458.60239356566,2013370877.002441,544195.2370382748,452200.28010087385,483,12.799492673176792,15.979573171754398,4096,192x192,14,2.972908090547913,5.538366334949999,2048,128x128,10,1.304342696,2.51875,2048,96x96,7,8.112421457366196,12.973514847541198,8192,192x192,10,1.8849981800824636,3.1172648505374996,2048,96x96,10,0.916436759447044,1.3845915837374998,1024,64x64,10,2.5d_3d,"{'from': 'Chiplet_4', 'to': 'Chiplet_3', 'connection_type': '3d_u_bump', 'loc': 'stack0_base'},{'from': 'Chiplet_3', 'to': 'na', 'connection_type': '3d_u_bump', 'loc': 'stack0_top'},{'from': 'Chiplet_1', 'to': 'Chiplet_6', 'connection_type': '2.5d_rdl', 'loc': '2.5d_chiplet'},{'from': 'Chiplet_1', 'to': 'Chiplet_2', 'connection_type': '2.5d_rdl', 'loc': '2.5d_chiplet'},{'from': 'Chiplet_1', 'to': 'Chiplet_4', 'connection_type': '2.5d_rdl', 'loc': '2.5d_chiplet'},{'from': 'Chiplet_6', 'to': 'Chiplet_1', 'connection_type': '2.5d_rdl', 'loc': '2.5d_chiplet'},{'from': 'Chiplet_6', 'to': 'Chiplet_2', 'connection_type': '2.5d_rdl', 'loc': '2.5d_chiplet'},{'from': 'Chiplet_4', 'to': 'Chiplet_5', 'connection_type': '2.5d_rdl', 'loc': '2.5d_chiplet'},{'from': 'Chiplet_4', 'to': 'Chiplet_1', 'connection_type': '2.5d_rdl', 'loc': '2.5d_chiplet'},{'from': 'Chiplet_4', 'to': 'Chiplet_2', 'connection_type': '2.5d_rdl', 'loc': '2.5d_chiplet'},{'from': 'Chiplet_2', 'to': 'Chiplet_5', 'connection_type': '2.5d_rdl', 'loc': '2.5d_chiplet'},{'from': 'Chiplet_2', 'to': 'Chiplet_1', 'connection_type': '2.5d_rdl', 'loc': '2.5d_chiplet'},{'from': 'Chiplet_2', 'to': 'Chiplet_6', 'connection_type': '2.5d_rdl', 'loc': '2.5d_chiplet'},{'from': 'Chiplet_2', 'to': 'Chiplet_4', 'connection_type': '2.5d_rdl', 'loc': '2.5d_chiplet'},{'from': 'Chiplet_5', 'to': 'Chiplet_2', 'connection_type': '2.5d_rdl', 'loc': '2.5d_chiplet'},{'from': 'Chiplet_5', 'to': 'Chiplet_4', 'connection_type': '2.5d_rdl', 'loc': '2.5d_chiplet'}",7,2,1,4,1,1,hbm3,ucie_std,ucie_3d,0,0,is,1,0,0
484,19.760082649642545,3001943.81,71709.92524588857,1864437310.655538,60926.061776061775,66706.19882239166,484,1.86237254,4.475,2048,128x128,7,2.20879254,4.475,3072,128x128,7,1.131132696,2.51875,1536,96x96,7,0.656621759447044,1.3845915837374998,256,64x64,10,8.112421457366196,12.973514847541198,8192,192x192,10,1.8849981800824636,3.1172648505374996,2048,96x96,10,2.5d,"{'from': 'Chiplet_5', 'to': 'Chiplet_6', 'connection_type': '2.5d_rdl', 'loc': '2.5d_chiplet'},{'from': 'Chiplet_5', 'to': 'Chiplet_2', 'connection_type': '2.5d_rdl', 'loc': '2.5d_chiplet'},{'from': 'Chiplet_2', 'to': 'Chiplet_5', 'connection_type': '2.5d_rdl', 'loc': '2.5d_chiplet'},{'from': 'Chiplet_2', 'to': 'Chiplet_6', 'connection_type': '2.5d_rdl', 'loc': '2.5d_chiplet'},{'from': 'Chiplet_2', 'to': 'Chiplet_4', 'connection_type': '2.5d_rdl', 'loc': '2.5d_chiplet'},{'from': 'Chiplet_2', 'to': 'Chiplet_3', 'connection_type': '2.5d_rdl', 'loc': '2.5d_chiplet'},{'from': 'Chiplet_3', 'to': 'Chiplet_2', 'connection_type': '2.5d_rdl', 'loc': '2.5d_chiplet'},{'from': 'Chiplet_3', 'to': 'Chiplet_4', 'connection_type': '2.5d_rdl', 'loc': '2.5d_chiplet'},{'from': 'Chiplet_4', 'to': 'Chiplet_3', 'connection_type': '2.5d_rdl', 'loc': '2.5d_chiplet'},{'from': 'Chiplet_4', 'to': 'Chiplet_1', 'connection_type': '2.5d_rdl', 'loc': '2.5d_chiplet'},{'from': 'Chiplet_4', 'to': 'Chiplet_2', 'connection_type': '2.5d_rdl', 'loc': '2.5d_chiplet'},{'from': 'Chiplet_6', 'to': 'Chiplet_5', 'connection_type': '2.5d_rdl', 'loc': '2.5d_chiplet'},{'from': 'Chiplet_6', 'to': 'Chiplet_1', 'connection_type': '2.5d_rdl', 'loc': '2.5d_chiplet'},{'from': 'Chiplet_6', 'to': 'Chiplet_2', 'connection_type': '2.5d_rdl', 'loc': '2.5d_chiplet'},{'from': 'Chiplet_1', 'to': 'Chiplet_6', 'connection_type': '2.5d_rdl', 'loc': '2.5d_chiplet'},{'from': 'Chiplet_1', 'to': 'Chiplet_4', 'connection_type': '2.5d_rdl', 'loc': '2.5d_chiplet'}",2,2,1,1,8,2,hbm3,ucie_std,na,1,0,ws,0,0,0
485,9.824034868862856,1302583.08,143983.1373455468,5758168886.474526,1138259.769350267,392955.13486206695,485,1.304342696,2.51875,2048,96x96,7,0.552198,1.11875,768,64x64,7,1.51595254,4.475,1024,128x128,7,1.743774000637535,1.7054115854749998,1024,64x64,14,1.304342696,2.51875,2048,96x96,7,0.829831759447044,1.3845915837374998,768,64x64,10,2.5d,"{'from': 'Chiplet_4', 'to': 'Chiplet_5', 'connection_type': '2.5d_emib', 'loc': '2.5d_chiplet'},{'from': 'Chiplet_4', 'to': 'Chiplet_3', 'connection_type': '2.5d_emib', 'loc': '2.5d_chiplet'},{'from': 'Chiplet_4', 'to': 'Chiplet_2', 'connection_type': '2.5d_emib', 'loc': '2.5d_chiplet'},{'from': 'Chiplet_5', 'to': 'Chiplet_2', 'connection_type': '2.5d_emib', 'loc': '2.5d_chiplet'},{'from': 'Chiplet_5', 'to': 'Chiplet_4', 'connection_type': '2.5d_emib', 'loc': '2.5d_chiplet'},{'from': 'Chiplet_2', 'to': 'Chiplet_5', 'connection_type': '2.5d_emib', 'loc': '2.5d_chiplet'},{'from': 'Chiplet_2', 'to': 'Chiplet_4', 'connection_type': '2.5d_emib', 'loc': '2.5d_chiplet'},{'from': 'Chiplet_3', 'to': 'Chiplet_1', 'connection_type': '2.5d_emib', 'loc': '2.5d_chiplet'},{'from': 'Chiplet_3', 'to': 'Chiplet_6', 'connection_type': '2.5d_emib', 'loc': '2.5d_chiplet'},{'from': 'Chiplet_3', 'to': 'Chiplet_4', 'connection_type': '2.5d_emib', 'loc': '2.5d_chiplet'},{'from': 'Chiplet_1', 'to': 'Chiplet_3', 'connection_type': '2.5d_emib', 'loc': '2.5d_chiplet'},{'from': 'Chiplet_1', 'to': 'Chiplet_6', 'connection_type': '2.5d_emib', 'loc': '2.5d_chiplet'},{'from': 'Chiplet_6', 'to': 'Chiplet_3', 'connection_type': '2.5d_emib', 'loc': '2.5d_chiplet'},{'from': 'Chiplet_6', 'to': 'Chiplet_1', 'connection_type': '2.5d_emib', 'loc': '2.5d_chiplet'}",1,1,2,2,1,1,ddr4,ucie_adv,na,1,0,is,1,0,0
486,35.11849450474718,3405351.97,177002.56920514238,3801775772.46586,382235.03948874713,318324.44957839727,486,0.784712696,2.51875,512,96x96,7,0.656621759447044,1.3845915837374998,256,64x64,10,7.419580457366196,12.973514847541198,6144,192x192,10,14.117807839976791,15.979573171754398,6144,192x192,14,0.656621759447044,1.3845915837374998,256,64x64,10,0.552198,1.11875,768,64x64,7,2.5d,"{'from': 'Chiplet_4', 'to': 'Chiplet_3', 'connection_type': '2.5d_emib', 'loc': '2.5d_chiplet'},{'from': 'Chiplet_4', 'to': 'Chiplet_1', 'connection_type': '2.5d_emib', 'loc': '2.5d_chiplet'},{'from': 'Chiplet_4', 'to': 'Chiplet_6', 'connection_type': '2.5d_emib', 'loc': '2.5d_chiplet'},{'from': 'Chiplet_3', 'to': 'Chiplet_1', 'connection_type': '2.5d_emib', 'loc': '2.5d_chiplet'},{'from': 'Chiplet_3', 'to': 'Chiplet_2', 'connection_type': '2.5d_emib', 'loc': '2.5d_chiplet'},{'from': 'Chiplet_3', 'to': 'Chiplet_4', 'connection_type': '2.5d_emib', 'loc': '2.5d_chiplet'},{'from': 'Chiplet_1', 'to': 'Chiplet_3', 'connection_type': '2.5d_emib', 'loc': '2.5d_chiplet'},{'from': 'Chiplet_1', 'to': 'Chiplet_6', 'connection_type': '2.5d_emib', 'loc': '2.5d_chiplet'},{'from': 'Chiplet_1', 'to': 'Chiplet_2', 'connection_type': '2.5d_emib', 'loc': '2.5d_chiplet'},{'from': 'Chiplet_1', 'to': 'Chiplet_4', 'connection_type': '2.5d_emib', 'loc': '2.5d_chiplet'},{'from': 'Chiplet_6', 'to': 'Chiplet_5', 'connection_type': '2.5d_emib', 'loc': '2.5d_chiplet'},{'from': 'Chiplet_6', 'to': 'Chiplet_1', 'connection_type': '2.5d_emib', 'loc': '2.5d_chiplet'},{'from': 'Chiplet_6', 'to': 'Chiplet_4', 'connection_type': '2.5d_emib', 'loc': '2.5d_chiplet'},{'from': 'Chiplet_2', 'to': 'Chiplet_5', 'connection_type': '2.5d_emib', 'loc': '2.5d_chiplet'},{'from': 'Chiplet_2', 'to': 'Chiplet_3', 'connection_type': '2.5d_emib', 'loc': '2.5d_chiplet'},{'from': 'Chiplet_2', 'to': 'Chiplet_1', 'connection_type': '2.5d_emib', 'loc': '2.5d_chiplet'},{'from': 'Chiplet_5', 'to': 'Chiplet_6', 'connection_type': '2.5d_emib', 'loc': '2.5d_chiplet'},{'from': 'Chiplet_5', 'to': 'Chiplet_2', 'connection_type': '2.5d_emib', 'loc': '2.5d_chiplet'}",1,1,1,3,1,1,ddr5,ucie_adv,na,0,0,is,1,0,0
487,46.74595235480447,5730512.26,204572.27912431606,2074638893.513494,72239.30303930305,102862.75557440904,487,1.578984604787535,1.7054115854749998,768,64x64,14,11.481175603606792,15.979573171754398,2048,192x192,14,1.3653681800824635,3.1172648505374996,512,96x96,10,5.5109919519999995,10.4826,8192,192x192,7,7.419580457366196,12.973514847541198,6144,192x192,10,2.55521354,4.475,4096,128x128,7,2.5d,"{'from': 'Chiplet_2', 'to': 'Chiplet_5', 'connection_type': '2.5d_emib', 'loc': '2.5d_chiplet'},{'from': 'Chiplet_2', 'to': 'Chiplet_6', 'connection_type': '2.5d_emib', 'loc': '2.5d_chiplet'},{'from': 'Chiplet_2', 'to': 'Chiplet_4', 'connection_type': '2.5d_emib', 'loc': '2.5d_chiplet'},{'from': 'Chiplet_2', 'to': 'Chiplet_3', 'connection_type': '2.5d_emib', 'loc': '2.5d_chiplet'},{'from': 'Chiplet_6', 'to': 'Chiplet_3', 'connection_type': '2.5d_emib', 'loc': '2.5d_chiplet'},{'from': 'Chiplet_6', 'to': 'Chiplet_2', 'connection_type': '2.5d_emib', 'loc': '2.5d_chiplet'},{'from': 'Chiplet_3', 'to': 'Chiplet_6', 'connection_type': '2.5d_emib', 'loc': '2.5d_chiplet'},{'from': 'Chiplet_3', 'to': 'Chiplet_2', 'connection_type': '2.5d_emib', 'loc': '2.5d_chiplet'},{'from': 'Chiplet_5', 'to': 'Chiplet_1', 'connection_type': '2.5d_emib', 'loc': '2.5d_chiplet'},{'from': 'Chiplet_5', 'to': 'Chiplet_2', 'connection_type': '2.5d_emib', 'loc': '2.5d_chiplet'},{'from': 'Chiplet_5', 'to': 'Chiplet_4', 'connection_type': '2.5d_emib', 'loc': '2.5d_chiplet'},{'from': 'Chiplet_4', 'to': 'Chiplet_5', 'connection_type': '2.5d_emib', 'loc': '2.5d_chiplet'},{'from': 'Chiplet_4', 'to': 'Chiplet_1', 'connection_type': '2.5d_emib', 'loc': '2.5d_chiplet'},{'from': 'Chiplet_4', 'to': 'Chiplet_2', 'connection_type': '2.5d_emib', 'loc': '2.5d_chiplet'},{'from': 'Chiplet_1', 'to': 'Chiplet_5', 'connection_type': '2.5d_emib', 'loc': '2.5d_chiplet'},{'from': 'Chiplet_1', 'to': 'Chiplet_4', 'connection_type': '2.5d_emib', 'loc': '2.5d_chiplet'}",1,6,1,3,4,1,hbm3,bow,na,1,0,is,0,0,0
488,30.488867041906204,2873431.22,69798.8473198089,5025360835.9044895,136947.02306218198,162938.3486667503,488,0.378988,1.11875,256,64x64,7,2.55521354,4.475,4096,128x128,7,3.665749090547913,5.538366334949999,4096,128x128,10,0.743226759447044,1.3845915837374998,512,64x64,10,1.131132696,2.51875,1536,96x96,7,7.419580457366196,12.973514847541198,6144,192x192,10,2.5d,"{'from': 'Chiplet_6', 'to': 'Chiplet_3', 'connection_type': '2.5d_rdl', 'loc': '2.5d_chiplet'},{'from': 'Chiplet_6', 'to': 'Chiplet_1', 'connection_type': '2.5d_rdl', 'loc': '2.5d_chiplet'},{'from': 'Chiplet_1', 'to': 'Chiplet_3', 'connection_type': '2.5d_rdl', 'loc': '2.5d_chiplet'},{'from': 'Chiplet_1', 'to': 'Chiplet_6', 'connection_type': '2.5d_rdl', 'loc': '2.5d_chiplet'},{'from': 'Chiplet_3', 'to': 'Chiplet_5', 'connection_type': '2.5d_rdl', 'loc': '2.5d_chiplet'},{'from': 'Chiplet_3', 'to': 'Chiplet_1', 'connection_type': '2.5d_rdl', 'loc': '2.5d_chiplet'},{'from': 'Chiplet_3', 'to': 'Chiplet_6', 'connection_type': '2.5d_rdl', 'loc': '2.5d_chiplet'},{'from': 'Chiplet_3', 'to': 'Chiplet_4', 'connection_type': '2.5d_rdl', 'loc': '2.5d_chiplet'},{'from': 'Chiplet_3', 'to': 'Chiplet_2', 'connection_type': '2.5d_rdl', 'loc': '2.5d_chiplet'},{'from': 'Chiplet_4', 'to': 'Chiplet_5', 'connection_type': '2.5d_rdl', 'loc': '2.5d_chiplet'},{'from': 'Chiplet_4', 'to': 'Chiplet_3', 'connection_type': '2.5d_rdl', 'loc': '2.5d_chiplet'},{'from': 'Chiplet_2', 'to': 'Chiplet_5', 'connection_type': '2.5d_rdl', 'loc': '2.5d_chiplet'},{'from': 'Chiplet_2', 'to': 'Chiplet_3', 'connection_type': '2.5d_rdl', 'loc': '2.5d_chiplet'},{'from': 'Chiplet_5', 'to': 'Chiplet_3', 'connection_type': '2.5d_rdl', 'loc': '2.5d_chiplet'},{'from': 'Chiplet_5', 'to': 'Chiplet_2', 'connection_type': '2.5d_rdl', 'loc': '2.5d_chiplet'},{'from': 'Chiplet_5', 'to': 'Chiplet_4', 'connection_type': '2.5d_rdl', 'loc': '2.5d_chiplet'}",1,1,1,1,1,3,ddr5,ucie_std,na,0,0,is,0,0,0
489,26.218987240441535,3464862.17,74773.57492031662,1952514001.2110026,71353.38827838827,76441.51718345463,489,12.799492673176792,15.979573171754398,4096,192x192,14,0.743226759447044,1.3845915837374998,512,64x64,10,2.597993382379395,3.8395579270749995,512,96x96,14,1.86237254,4.475,2048,128x128,7,3.2571509657793953,3.8395579270749995,1536,96x96,14,0.743226759447044,1.3845915837374998,512,64x64,10,2.5d_3d,"{'from': 'Chiplet_1', 'to': 'Chiplet_4', 'connection_type': '3d_u_bump', 'loc': 'stack0_base'},{'from': 'Chiplet_4', 'to': 'Chiplet_6', 'connection_type': '3d_u_bump', 'loc': 'stack0_middle1'},{'from': 'Chiplet_6', 'to': 'Chiplet_2', 'connection_type': '3d_u_bump', 'loc': 'stack0_middle2'},{'from': 'Chiplet_2', 'to': 'na', 'connection_type': '3d_u_bump', 'loc': 'stack0_top'},{'from': 'Chiplet_1', 'to': 'Chiplet_5', 'connection_type': '2.5d_rdl', 'loc': '2.5d_chiplet'},{'from': 'Chiplet_1', 'to': 'Chiplet_3', 'connection_type': '2.5d_rdl', 'loc': '2.5d_chiplet'},{'from': 'Chiplet_5', 'to': 'Chiplet_3', 'connection_type': '2.5d_rdl', 'loc': '2.5d_chiplet'},{'from': 'Chiplet_5', 'to': 'Chiplet_1', 'connection_type': '2.5d_rdl', 'loc': '2.5d_chiplet'},{'from': 'Chiplet_3', 'to': 'Chiplet_5', 'connection_type': '2.5d_rdl', 'loc': '2.5d_chiplet'},{'from': 'Chiplet_3', 'to': 'Chiplet_1', 'connection_type': '2.5d_rdl', 'loc': '2.5d_chiplet'}",9,1,2,1,2,1,hbm3,ucie_std,ucie_3d,0,0,os,0,0,0
490,22.73232200125272,3312162.85,171597.45483031237,1789212657.2914886,537262.0932969934,348042.7303326928,490,8.112421457366196,12.973514847541198,8192,192x192,10,4.1253109519999995,10.4826,4096,192x192,7,1.3653681800824635,3.1172648505374996,512,96x96,10,0.638803,1.11875,1024,64x64,7,1.578984604787535,1.7054115854749998,768,64x64,14,0.784712696,2.51875,512,96x96,7,2.5d,"{'from': 'Chiplet_1', 'to': 'Chiplet_5', 'connection_type': '2.5d_emib', 'loc': '2.5d_chiplet'},{'from': 'Chiplet_1', 'to': 'Chiplet_2', 'connection_type': '2.5d_emib', 'loc': '2.5d_chiplet'},{'from': 'Chiplet_1', 'to': 'Chiplet_4', 'connection_type': '2.5d_emib', 'loc': '2.5d_chiplet'},{'from': 'Chiplet_2', 'to': 'Chiplet_5', 'connection_type': '2.5d_emib', 'loc': '2.5d_chiplet'},{'from': 'Chiplet_2', 'to': 'Chiplet_1', 'connection_type': '2.5d_emib', 'loc': '2.5d_chiplet'},{'from': 'Chiplet_2', 'to': 'Chiplet_3', 'connection_type': '2.5d_emib', 'loc': '2.5d_chiplet'},{'from': 'Chiplet_5', 'to': 'Chiplet_3', 'connection_type': '2.5d_emib', 'loc': '2.5d_chiplet'},{'from': 'Chiplet_5', 'to': 'Chiplet_1', 'connection_type': '2.5d_emib', 'loc': '2.5d_chiplet'},{'from': 'Chiplet_5', 'to': 'Chiplet_2', 'connection_type': '2.5d_emib', 'loc': '2.5d_chiplet'},{'from': 'Chiplet_5', 'to': 'Chiplet_4', 'connection_type': '2.5d_emib', 'loc': '2.5d_chiplet'},{'from': 'Chiplet_4', 'to': 'Chiplet_5', 'connection_type': '2.5d_emib', 'loc': '2.5d_chiplet'},{'from': 'Chiplet_4', 'to': 'Chiplet_1', 'connection_type': '2.5d_emib', 'loc': '2.5d_chiplet'},{'from': 'Chiplet_4', 'to': 'Chiplet_6', 'connection_type': '2.5d_emib', 'loc': '2.5d_chiplet'},{'from': 'Chiplet_3', 'to': 'Chiplet_5', 'connection_type': '2.5d_emib', 'loc': '2.5d_chiplet'},{'from': 'Chiplet_3', 'to': 'Chiplet_6', 'connection_type': '2.5d_emib', 'loc': '2.5d_chiplet'},{'from': 'Chiplet_3', 'to': 'Chiplet_2', 'connection_type': '2.5d_emib', 'loc': '2.5d_chiplet'},{'from': 'Chiplet_6', 'to': 'Chiplet_3', 'connection_type': '2.5d_emib', 'loc': '2.5d_chiplet'},{'from': 'Chiplet_6', 'to': 'Chiplet_4', 'connection_type': '2.5d_emib', 'loc': '2.5d_chiplet'}",8,4,1,1,1,1,hbm3,bow,na,0,0,is,1,0,0
491,38.37249026777772,6850975.03,172947.0270464316,2428442108.1792774,229674.80599702598,282185.081652116,491,2.20879254,4.475,3072,128x128,7,2.6264880905479133,5.538366334949999,1024,128x128,10,6.315940422320179,6.821646341899999,3072,128x128,14,8.112421457366196,12.973514847541198,8192,192x192,10,15.436124909546791,15.979573171754398,8192,192x192,14,4.818150952,10.4826,6144,192x192,7,2.5d_3d,"{'from': 'Chiplet_4', 'to': 'Chiplet_3', 'connection_type': '3d_u_bump', 'loc': 'stack0_base'},{'from': 'Chiplet_3', 'to': 'Chiplet_2', 'connection_type': '3d_u_bump', 'loc': 'stack0_middle1'},{'from': 'Chiplet_2', 'to': 'Chiplet_1', 'connection_type': '3d_u_bump', 'loc': 'stack0_middle2'},{'from': 'Chiplet_1', 'to': 'na', 'connection_type': '3d_u_bump', 'loc': 'stack0_top'},{'from': 'Chiplet_5', 'to': 'Chiplet_6', 'connection_type': '2.5d_emib', 'loc': '2.5d_chiplet'},{'from': 'Chiplet_5', 'to': 'Chiplet_4', 'connection_type': '2.5d_emib', 'loc': '2.5d_chiplet'},{'from': 'Chiplet_4', 'to': 'Chiplet_5', 'connection_type': '2.5d_emib', 'loc': '2.5d_chiplet'},{'from': 'Chiplet_4', 'to': 'Chiplet_6', 'connection_type': '2.5d_emib', 'loc': '2.5d_chiplet'},{'from': 'Chiplet_6', 'to': 'Chiplet_5', 'connection_type': '2.5d_emib', 'loc': '2.5d_chiplet'},{'from': 'Chiplet_6', 'to': 'Chiplet_4', 'connection_type': '2.5d_emib', 'loc': '2.5d_chiplet'}",1,1,3,3,6,2,hbm2,ucie_adv,ucie_3d,0,0,is,1,0,0
492,24.140486985919587,2533985.93,153300.8744850087,1540377843.479927,808676.8030164784,360779.2424550173,492,1.249405813087535,1.7054115854749998,256,64x64,14,5.656782838920179,6.821646341899999,2048,128x128,14,1.5385781800824634,3.1172648505374996,1024,96x96,10,0.829831759447044,1.3845915837374998,768,64x64,10,1.131132696,2.51875,1536,96x96,7,5.656782838920179,6.821646341899999,2048,128x128,14,2.5d,"{'from': 'Chiplet_2', 'to': 'Chiplet_3', 'connection_type': '2.5d_emib', 'loc': '2.5d_chiplet'},{'from': 'Chiplet_2', 'to': 'Chiplet_6', 'connection_type': '2.5d_emib', 'loc': '2.5d_chiplet'},{'from': 'Chiplet_2', 'to': 'Chiplet_4', 'connection_type': '2.5d_emib', 'loc': '2.5d_chiplet'},{'from': 'Chiplet_3', 'to': 'Chiplet_2', 'connection_type': '2.5d_emib', 'loc': '2.5d_chiplet'},{'from': 'Chiplet_3', 'to': 'Chiplet_4', 'connection_type': '2.5d_emib', 'loc': '2.5d_chiplet'},{'from': 'Chiplet_4', 'to': 'Chiplet_3', 'connection_type': '2.5d_emib', 'loc': '2.5d_chiplet'},{'from': 'Chiplet_4', 'to': 'Chiplet_2', 'connection_type': '2.5d_emib', 'loc': '2.5d_chiplet'},{'from': 'Chiplet_6', 'to': 'Chiplet_5', 'connection_type': '2.5d_emib', 'loc': '2.5d_chiplet'},{'from': 'Chiplet_6', 'to': 'Chiplet_1', 'connection_type': '2.5d_emib', 'loc': '2.5d_chiplet'},{'from': 'Chiplet_6', 'to': 'Chiplet_2', 'connection_type': '2.5d_emib', 'loc': '2.5d_chiplet'},{'from': 'Chiplet_1', 'to': 'Chiplet_5', 'connection_type': '2.5d_emib', 'loc': '2.5d_chiplet'},{'from': 'Chiplet_1', 'to': 'Chiplet_6', 'connection_type': '2.5d_emib', 'loc': '2.5d_chiplet'},{'from': 'Chiplet_5', 'to': 'Chiplet_1', 'connection_type': '2.5d_emib', 'loc': '2.5d_chiplet'},{'from': 'Chiplet_5', 'to': 'Chiplet_6', 'connection_type': '2.5d_emib', 'loc': '2.5d_chiplet'}",1,6,2,1,1,5,hbm3,ucie_adv,na,1,0,ws,1,0,0
493,14.940318605895731,3325043.18,131090.95368609694,2119582940.3894348,93364.86486486487,89269.27745752585,493,4.818150952,10.4826,6144,192x192,7,2.972908090547913,5.538366334949999,2048,128x128,10,3.2571509657793953,3.8395579270749995,1536,96x96,14,0.829831759447044,1.3845915837374998,768,64x64,10,2.972908090547913,5.538366334949999,2048,128x128,10,1.304342696,2.51875,2048,96x96,7,2.5d_3d,"{'from': 'Chiplet_2', 'to': 'Chiplet_5', 'connection_type': '3d_hyb_bond', 'loc': 'stack0_base'},{'from': 'Chiplet_5', 'to': 'Chiplet_6', 'connection_type': '3d_hyb_bond', 'loc': 'stack0_middle1'},{'from': 'Chiplet_6', 'to': 'na', 'connection_type': '3d_hyb_bond', 'loc': 'stack0_top'},{'from': 'Chiplet_1', 'to': 'Chiplet_3', 'connection_type': '2.5d_emib', 'loc': '2.5d_chiplet'},{'from': 'Chiplet_1', 'to': 'Chiplet_2', 'connection_type': '2.5d_emib', 'loc': '2.5d_chiplet'},{'from': 'Chiplet_1', 'to': 'Chiplet_4', 'connection_type': '2.5d_emib', 'loc': '2.5d_chiplet'},{'from': 'Chiplet_4', 'to': 'Chiplet_1', 'connection_type': '2.5d_emib', 'loc': '2.5d_chiplet'},{'from': 'Chiplet_4', 'to': 'Chiplet_2', 'connection_type': '2.5d_emib', 'loc': '2.5d_chiplet'},{'from': 'Chiplet_3', 'to': 'Chiplet_1', 'connection_type': '2.5d_emib', 'loc': '2.5d_chiplet'},{'from': 'Chiplet_3', 'to': 'Chiplet_2', 'connection_type': '2.5d_emib', 'loc': '2.5d_chiplet'},{'from': 'Chiplet_2', 'to': 'Chiplet_3', 'connection_type': '2.5d_emib', 'loc': '2.5d_chiplet'},{'from': 'Chiplet_2', 'to': 'Chiplet_1', 'connection_type': '2.5d_emib', 'loc': '2.5d_chiplet'},{'from': 'Chiplet_2', 'to': 'Chiplet_4', 'connection_type': '2.5d_emib', 'loc': '2.5d_chiplet'}",5,3,3,1,3,1,hbm2,aib,ucie_3d,1,0,is,0,0,0
494,19.017972883417116,3677881.32,126536.55350074384,1756441246.8369143,91634.82084690554,93378.76928560877,494,6.033899457366197,12.973514847541198,2048,192x192,10,5.656782838920179,6.821646341899999,2048,128x128,14,0.378988,1.11875,256,64x64,7,1.743774000637535,1.7054115854749998,1024,64x64,14,6.315940422320179,6.821646341899999,3072,128x128,14,5.656782838920179,6.821646341899999,2048,128x128,14,2.5d_3d,"{'from': 'Chiplet_5', 'to': 'Chiplet_6', 'connection_type': '3d_hyb_bond', 'loc': 'stack0_base'},{'from': 'Chiplet_6', 'to': 'Chiplet_2', 'connection_type': '3d_hyb_bond', 'loc': 'stack0_middle1'},{'from': 'Chiplet_2', 'to': 'Chiplet_3', 'connection_type': '3d_hyb_bond', 'loc': 'stack0_middle2'},{'from': 'Chiplet_3', 'to': 'na', 'connection_type': '3d_hyb_bond', 'loc': 'stack0_top'},{'from': 'Chiplet_5', 'to': 'Chiplet_1', 'connection_type': '2.5d_emib', 'loc': '2.5d_chiplet'},{'from': 'Chiplet_5', 'to': 'Chiplet_4', 'connection_type': '2.5d_emib', 'loc': '2.5d_chiplet'},{'from': 'Chiplet_1', 'to': 'Chiplet_5', 'connection_type': '2.5d_emib', 'loc': '2.5d_chiplet'},{'from': 'Chiplet_1', 'to': 'Chiplet_4', 'connection_type': '2.5d_emib', 'loc': '2.5d_chiplet'},{'from': 'Chiplet_4', 'to': 'Chiplet_5', 'connection_type': '2.5d_emib', 'loc': '2.5d_chiplet'},{'from': 'Chiplet_4', 'to': 'Chiplet_1', 'connection_type': '2.5d_emib', 'loc': '2.5d_chiplet'}",4,3,1,1,4,3,hbm3,ucie_adv,ucie_3d,1,0,ws,0,0,0
495,50.171311513664925,3705267.32,83173.22573715825,4440671090.2249775,858094.6237833576,642529.6302769595,495,4.9976252555201786,6.821646341899999,1024,128x128,14,1.743774000637535,1.7054115854749998,1024,64x64,14,12.799492673176792,15.979573171754398,4096,192x192,14,4.9976252555201786,6.821646341899999,1024,128x128,14,1.8849981800824636,3.1172648505374996,2048,96x96,10,0.638803,1.11875,1024,64x64,7,2.5d,"{'from': 'Chiplet_3', 'to': 'Chiplet_1', 'connection_type': '2.5d_rdl', 'loc': '2.5d_chiplet'},{'from': 'Chiplet_3', 'to': 'Chiplet_6', 'connection_type': '2.5d_rdl', 'loc': '2.5d_chiplet'},{'from': 'Chiplet_6', 'to': 'Chiplet_3', 'connection_type': '2.5d_rdl', 'loc': '2.5d_chiplet'},{'from': 'Chiplet_6', 'to': 'Chiplet_1', 'connection_type': '2.5d_rdl', 'loc': '2.5d_chiplet'},{'from': 'Chiplet_1', 'to': 'Chiplet_5', 'connection_type': '2.5d_rdl', 'loc': '2.5d_chiplet'},{'from': 'Chiplet_1', 'to': 'Chiplet_3', 'connection_type': '2.5d_rdl', 'loc': '2.5d_chiplet'},{'from': 'Chiplet_1', 'to': 'Chiplet_6', 'connection_type': '2.5d_rdl', 'loc': '2.5d_chiplet'},{'from': 'Chiplet_1', 'to': 'Chiplet_4', 'connection_type': '2.5d_rdl', 'loc': '2.5d_chiplet'},{'from': 'Chiplet_5', 'to': 'Chiplet_1', 'connection_type': '2.5d_rdl', 'loc': '2.5d_chiplet'},{'from': 'Chiplet_5', 'to': 'Chiplet_2', 'connection_type': '2.5d_rdl', 'loc': '2.5d_chiplet'},{'from': 'Chiplet_4', 'to': 'Chiplet_1', 'connection_type': '2.5d_rdl', 'loc': '2.5d_chiplet'},{'from': 'Chiplet_4', 'to': 'Chiplet_2', 'connection_type': '2.5d_rdl', 'loc': '2.5d_chiplet'},{'from': 'Chiplet_2', 'to': 'Chiplet_5', 'connection_type': '2.5d_rdl', 'loc': '2.5d_chiplet'},{'from': 'Chiplet_2', 'to': 'Chiplet_4', 'connection_type': '2.5d_rdl', 'loc': '2.5d_chiplet'}",1,1,3,1,1,1,ddr4,ucie_std,na,0,0,is,1,0,0
496,26.65917202282928,3239468.3,71594.95554322333,3288412560.639852,495192.3127479777,344474.40390371665,496,2.6264880905479133,5.538366334949999,1024,128x128,10,1.578984604787535,1.7054115854749998,768,64x64,14,0.46559300000000003,1.11875,512,64x64,7,4.1253109519999995,10.4826,4096,192x192,7,6.975099908490179,6.821646341899999,4096,128x128,14,2.972908090547913,5.538366334949999,2048,128x128,10,2.5d_3d,"{'from': 'Chiplet_5', 'to': 'Chiplet_3', 'connection_type': '3d_hyb_bond', 'loc': 'stack0_base'},{'from': 'Chiplet_3', 'to': 'na', 'connection_type': '3d_hyb_bond', 'loc': 'stack0_top'},{'from': 'Chiplet_5', 'to': 'Chiplet_1', 'connection_type': '2.5d_rdl', 'loc': '2.5d_chiplet'},{'from': 'Chiplet_5', 'to': 'Chiplet_6', 'connection_type': '2.5d_rdl', 'loc': '2.5d_chiplet'},{'from': 'Chiplet_5', 'to': 'Chiplet_4', 'connection_type': '2.5d_rdl', 'loc': '2.5d_chiplet'},{'from': 'Chiplet_1', 'to': 'Chiplet_5', 'connection_type': '2.5d_rdl', 'loc': '2.5d_chiplet'},{'from': 'Chiplet_1', 'to': 'Chiplet_6', 'connection_type': '2.5d_rdl', 'loc': '2.5d_chiplet'},{'from': 'Chiplet_4', 'to': 'Chiplet_5', 'connection_type': '2.5d_rdl', 'loc': '2.5d_chiplet'},{'from': 'Chiplet_4', 'to': 'Chiplet_6', 'connection_type': '2.5d_rdl', 'loc': '2.5d_chiplet'},{'from': 'Chiplet_4', 'to': 'Chiplet_2', 'connection_type': '2.5d_rdl', 'loc': '2.5d_chiplet'},{'from': 'Chiplet_6', 'to': 'Chiplet_5', 'connection_type': '2.5d_rdl', 'loc': '2.5d_chiplet'},{'from': 'Chiplet_6', 'to': 'Chiplet_1', 'connection_type': '2.5d_rdl', 'loc': '2.5d_chiplet'},{'from': 'Chiplet_6', 'to': 'Chiplet_2', 'connection_type': '2.5d_rdl', 'loc': '2.5d_chiplet'},{'from': 'Chiplet_6', 'to': 'Chiplet_4', 'connection_type': '2.5d_rdl', 'loc': '2.5d_chiplet'},{'from': 'Chiplet_2', 'to': 'Chiplet_6', 'connection_type': '2.5d_rdl', 'loc': '2.5d_chiplet'},{'from': 'Chiplet_2', 'to': 'Chiplet_4', 'connection_type': '2.5d_rdl', 'loc': '2.5d_chiplet'}",1,1,1,1,3,1,ddr5,ucie_std,ucie_3d,0,0,os,1,0,0
497,30.323549257451685,5141615.66,145993.2667243366,1850802785.4550478,209281.54412348615,208944.1700548848,497,5.656782838920179,6.821646341899999,2048,128x128,14,2.55521354,4.475,4096,128x128,7,7.419580457366196,12.973514847541198,6144,192x192,10,12.799492673176792,15.979573171754398,4096,192x192,14,0.743226759447044,1.3845915837374998,512,64x64,10,3.5867297574793953,3.8395579270749995,2048,96x96,14,2.5d_3d,"{'from': 'Chiplet_4', 'to': 'Chiplet_3', 'connection_type': '3d_u_bump', 'loc': 'stack0_base'},{'from': 'Chiplet_3', 'to': 'Chiplet_2', 'connection_type': '3d_u_bump', 'loc': 'stack0_middle1'},{'from': 'Chiplet_2', 'to': 'Chiplet_5', 'connection_type': '3d_u_bump', 'loc': 'stack0_middle2'},{'from': 'Chiplet_5', 'to': 'na', 'connection_type': '3d_u_bump', 'loc': 'stack0_top'},{'from': 'Chiplet_4', 'to': 'Chiplet_1', 'connection_type': '2.5d_emib', 'loc': '2.5d_chiplet'},{'from': 'Chiplet_4', 'to': 'Chiplet_6', 'connection_type': '2.5d_emib', 'loc': '2.5d_chiplet'},{'from': 'Chiplet_1', 'to': 'Chiplet_6', 'connection_type': '2.5d_emib', 'loc': '2.5d_chiplet'},{'from': 'Chiplet_1', 'to': 'Chiplet_4', 'connection_type': '2.5d_emib', 'loc': '2.5d_chiplet'},{'from': 'Chiplet_6', 'to': 'Chiplet_1', 'connection_type': '2.5d_emib', 'loc': '2.5d_chiplet'},{'from': 'Chiplet_6', 'to': 'Chiplet_4', 'connection_type': '2.5d_emib', 'loc': '2.5d_chiplet'}",3,1,3,6,1,2,hbm3,bow,ucie_3d,1,0,os,1,0,0
498,45.988440989395265,3719656.14,86760.37602750979,4298290189.681195,944542.3697844994,717024.5997012447,498,0.957922696,2.51875,1024,96x96,7,5.656782838920179,6.821646341899999,2048,128x128,14,3.2571509657793953,3.8395579270749995,1536,96x96,14,11.481175603606792,15.979573171754398,2048,192x192,14,1.8849981800824636,3.1172648505374996,2048,96x96,10,2.55521354,4.475,4096,128x128,7,2.5d,"{'from': 'Chiplet_4', 'to': 'Chiplet_1', 'connection_type': '2.5d_rdl', 'loc': '2.5d_chiplet'},{'from': 'Chiplet_4', 'to': 'Chiplet_2', 'connection_type': '2.5d_rdl', 'loc': '2.5d_chiplet'},{'from': 'Chiplet_1', 'to': 'Chiplet_2', 'connection_type': '2.5d_rdl', 'loc': '2.5d_chiplet'},{'from': 'Chiplet_1', 'to': 'Chiplet_4', 'connection_type': '2.5d_rdl', 'loc': '2.5d_chiplet'},{'from': 'Chiplet_2', 'to': 'Chiplet_5', 'connection_type': '2.5d_rdl', 'loc': '2.5d_chiplet'},{'from': 'Chiplet_2', 'to': 'Chiplet_1', 'connection_type': '2.5d_rdl', 'loc': '2.5d_chiplet'},{'from': 'Chiplet_2', 'to': 'Chiplet_6', 'connection_type': '2.5d_rdl', 'loc': '2.5d_chiplet'},{'from': 'Chiplet_2', 'to': 'Chiplet_4', 'connection_type': '2.5d_rdl', 'loc': '2.5d_chiplet'},{'from': 'Chiplet_2', 'to': 'Chiplet_3', 'connection_type': '2.5d_rdl', 'loc': '2.5d_chiplet'},{'from': 'Chiplet_5', 'to': 'Chiplet_6', 'connection_type': '2.5d_rdl', 'loc': '2.5d_chiplet'},{'from': 'Chiplet_5', 'to': 'Chiplet_2', 'connection_type': '2.5d_rdl', 'loc': '2.5d_chiplet'},{'from': 'Chiplet_3', 'to': 'Chiplet_6', 'connection_type': '2.5d_rdl', 'loc': '2.5d_chiplet'},{'from': 'Chiplet_3', 'to': 'Chiplet_2', 'connection_type': '2.5d_rdl', 'loc': '2.5d_chiplet'},{'from': 'Chiplet_6', 'to': 'Chiplet_5', 'connection_type': '2.5d_rdl', 'loc': '2.5d_chiplet'},{'from': 'Chiplet_6', 'to': 'Chiplet_3', 'connection_type': '2.5d_rdl', 'loc': '2.5d_chiplet'},{'from': 'Chiplet_6', 'to': 'Chiplet_2', 'connection_type': '2.5d_rdl', 'loc': '2.5d_chiplet'}",1,1,1,3,1,1,ddr4,ucie_std,na,0,0,os,1,0,0
499,30.102816045704497,5159371.71,141025.0992482141,2050336547.9872785,361524.7700545821,303482.2042813495,499,2.20879254,4.475,3072,128x128,7,12.799492673176792,15.979573171754398,4096,192x192,14,5.5109919519999995,10.4826,8192,192x192,7,0.829831759447044,1.3845915837374998,768,64x64,10,3.5867297574793953,3.8395579270749995,2048,96x96,14,3.2571509657793953,3.8395579270749995,1536,96x96,14,2.5d_3d,"{'from': 'Chiplet_3', 'to': 'Chiplet_6', 'connection_type': '3d_hyb_bond', 'loc': 'stack0_base'},{'from': 'Chiplet_6', 'to': 'Chiplet_1', 'connection_type': '3d_hyb_bond', 'loc': 'stack0_middle1'},{'from': 'Chiplet_1', 'to': 'Chiplet_4', 'connection_type': '3d_hyb_bond', 'loc': 'stack0_middle2'},{'from': 'Chiplet_4', 'to': 'na', 'connection_type': '3d_hyb_bond', 'loc': 'stack0_top'},{'from': 'Chiplet_2', 'to': 'Chiplet_5', 'connection_type': '2.5d_emib', 'loc': '2.5d_chiplet'},{'from': 'Chiplet_2', 'to': 'Chiplet_3', 'connection_type': '2.5d_emib', 'loc': '2.5d_chiplet'},{'from': 'Chiplet_3', 'to': 'Chiplet_5', 'connection_type': '2.5d_emib', 'loc': '2.5d_chiplet'},{'from': 'Chiplet_3', 'to': 'Chiplet_2', 'connection_type': '2.5d_emib', 'loc': '2.5d_chiplet'},{'from': 'Chiplet_5', 'to': 'Chiplet_3', 'connection_type': '2.5d_emib', 'loc': '2.5d_chiplet'},{'from': 'Chiplet_5', 'to': 'Chiplet_2', 'connection_type': '2.5d_emib', 'loc': '2.5d_chiplet'}",1,7,3,1,2,2,hbm3,bow,ucie_3d,0,0,os,1,0,0
